{
"type": "FeatureCollection",
"name": "21_architecture_1",
"crs": { "type": "name", "properties": { "name": "urn:ogc:def:crs:OGC:1.3:CRS84" } },
"features": [
{ "type": "Feature", "properties": { "NOM": null, "TYPOLOGIE": null, "ID_CDCOMMU": 21, "SECTEUR": null, "ID_CC2007": null, "NUM_SECTEU": 1, "ID_CC2014": null, "NOM_SECTEU": "VALLEE DU CAUDEAU ET SES AFFLUENTS" }, "geometry": { "type": "MultiPolygon", "coordinates": [ [ [ [ 0.637990076778403, 44.85429234230768 ], [ 0.638014814623247, 44.854310715917734 ], [ 0.638051921420985, 44.854338276322643 ], [ 0.637848552445807, 44.854371135398011 ], [ 0.637784794590816, 44.854388148084148 ], [ 0.637505025033182, 44.854437824742362 ], [ 0.637378055725101, 44.854453864879304 ], [ 0.637301655374847, 44.854470682812732 ], [ 0.638368596841736, 44.85473899594102 ], [ 0.639247005167745, 44.854968415420636 ], [ 0.639573249548176, 44.855054397374467 ], [ 0.639623546096785, 44.855064166663176 ], [ 0.639774162829343, 44.855102466801846 ], [ 0.639786532221867, 44.855111653410702 ], [ 0.639987172907204, 44.85516871486179 ], [ 0.640200456440446, 44.855225970101429 ], [ 0.640212825930289, 44.855235156663028 ], [ 0.640437933663452, 44.855319582829274 ], [ 0.640500600161478, 44.85533853825504 ], [ 0.640537981762969, 44.855357105423529 ], [ 0.640550078441967, 44.85537528436037 ], [ 0.640574271823549, 44.855411642230465 ], [ 0.640573998931898, 44.85542063464333 ], [ 0.640586095636338, 44.855438813576704 ], [ 0.640645487753538, 44.855565677879575 ], [ 0.640669681279479, 44.855602035731515 ], [ 0.640791195098034, 44.855765840090527 ], [ 0.640803291947712, 44.855784019002606 ], [ 0.640803019091059, 44.85579301141734 ], [ 0.640851133726504, 44.855874719469284 ], [ 0.6408747818283, 44.855929062111464 ], [ 0.640922623847061, 44.856019762552442 ], [ 0.640946272079627, 44.856074105182472 ], [ 0.640970466020968, 44.856110462975955 ], [ 0.640982017344317, 44.856146626703755 ], [ 0.640981744514627, 44.856155619120265 ], [ 0.640980926025033, 44.856182596369912 ], [ 0.640967737703321, 44.856200387140738 ], [ 0.64094190670779, 44.856217983844594 ], [ 0.64091580285528, 44.856244572959234 ], [ 0.640838036856174, 44.856306355434349 ], [ 0.640837764002559, 44.856315347851066 ], [ 0.640746809381019, 44.856394921018961 ], [ 0.640709427016661, 44.856376353913568 ], [ 0.640584091596209, 44.856338443248383 ], [ 0.64055744171947, 44.856383017112393 ], [ 0.640557168820374, 44.856392009528733 ], [ 0.640588364151318, 44.857031247607701 ], [ 0.640587818356649, 44.857049232445249 ], [ 0.64058727256163, 44.857067217282861 ], [ 0.640586999663989, 44.857076209701802 ], [ 0.640446740682446, 44.857946727438545 ], [ 0.640277369450353, 44.858942750969739 ], [ 0.640073064612894, 44.85983927544553 ], [ 0.640072791619053, 44.859848267873232 ], [ 0.640072245631108, 44.859866252728715 ], [ 0.640863328146879, 44.860058330898909 ], [ 0.640938916491714, 44.860068487754617 ], [ 0.640938097924181, 44.860095465046605 ], [ 0.640937279355859, 44.860122442338884 ], [ 0.640935096503138, 44.860194381786343 ], [ 0.641048342906619, 44.860214113193379 ], [ 0.64122453444981, 44.860243807103728 ], [ 0.641237178026188, 44.860244001136884 ], [ 0.641874092055991, 44.86051467549612 ], [ 0.641899106632281, 44.860524055846938 ], [ 0.641962052150049, 44.860534018047055 ], [ 0.642792989598119, 44.86066371724457 ], [ 0.642778437981365, 44.860726470450786 ], [ 0.642735328077237, 44.860896745191404 ], [ 0.642424724174711, 44.861962580159776 ], [ 0.642279642234067, 44.862158280913604 ], [ 0.642279369583669, 44.862167273355062 ], [ 0.642268736149753, 44.862517978596102 ], [ 0.642582930304799, 44.8625857731097 ], [ 0.642595574415309, 44.862585966987446 ], [ 0.642664624316477, 44.862811941331614 ], [ 0.642676450709166, 44.862839112534459 ], [ 0.642771879991107, 44.863029504784414 ], [ 0.642816732904217, 44.863219121571028 ], [ 0.642816187765692, 44.863237106464247 ], [ 0.642810736361168, 44.863416955403132 ], [ 0.642810191218788, 44.863434940297708 ], [ 0.64333035252407, 44.863802778796867 ], [ 0.643479360533692, 44.863895028712818 ], [ 0.643504104429076, 44.86391340116316 ], [ 0.643690773893428, 44.864015224561903 ], [ 0.643703145900399, 44.864024410764536 ], [ 0.643715517911436, 44.864033596965804 ], [ 0.643803756591057, 44.864043945624566 ], [ 0.643803484176513, 44.86405293807649 ], [ 0.643816128622939, 44.864053131814615 ], [ 0.643841145107518, 44.86406251173856 ], [ 0.643828500658885, 44.864062318003313 ], [ 0.643696062675681, 44.864258214517257 ], [ 0.643604554307678, 44.864355775200316 ], [ 0.643512228230323, 44.864480313169764 ], [ 0.643328392324905, 44.86470241153674 ], [ 0.643275633938382, 44.864773575977694 ], [ 0.643249799709365, 44.864791173282846 ], [ 0.643236610079387, 44.864808964386505 ], [ 0.643236065060381, 44.86482694929321 ], [ 0.64321023079426, 44.864844546589516 ], [ 0.643196768623027, 44.8648713301423 ], [ 0.643158017168451, 44.864897726071256 ], [ 0.643145100008797, 44.864906524711252 ], [ 0.64313245537176, 44.864906330896332 ], [ 0.643081331754781, 44.864923540528956 ], [ 0.643068687114118, 44.864923346706789 ], [ 0.64282707607916, 44.864964626074354 ], [ 0.64264950579103, 44.864979896929732 ], [ 0.642560720610604, 44.864987532250488 ], [ 0.642408439489613, 44.865003190477957 ], [ 0.642218496979704, 44.865009274289953 ], [ 0.642205852322649, 44.86500908036907 ], [ 0.642091505024104, 44.865025319918374 ], [ 0.641685512140691, 44.865064075518838 ], [ 0.641366121740518, 44.86516713493647 ], [ 0.641353204236744, 44.865175933368121 ], [ 0.640857059492775, 44.865267282459172 ], [ 0.640805934845718, 44.865284491042033 ], [ 0.640755083078012, 44.865292707152328 ], [ 0.640130031869966, 44.86546304407932 ], [ 0.640117387117567, 44.865462849919439 ], [ 0.639976929663443, 44.865505676304927 ], [ 0.639849116765003, 44.865548696704693 ], [ 0.639785073708, 44.865574703073356 ], [ 0.639401087245851, 44.865721748064495 ], [ 0.639093787350124, 44.865842980082377 ], [ 0.639081142515424, 44.865842785803977 ], [ 0.638978891044841, 44.865877201311818 ], [ 0.638928038469831, 44.865885416583659 ], [ 0.638813141975949, 44.865919637641426 ], [ 0.638710343714413, 44.865972037795558 ], [ 0.638633381519558, 44.866006841625932 ], [ 0.638581982248515, 44.866033041632207 ], [ 0.638273038982474, 44.866208226066476 ], [ 0.638168873027819, 44.866305587956596 ], [ 0.637740380766736, 44.866667862802267 ], [ 0.637635392769971, 44.866792201549501 ], [ 0.637635119350224, 44.866801193996416 ], [ 0.637490281541521, 44.866987896404446 ], [ 0.637450979026267, 44.8670322752508 ], [ 0.637438060475773, 44.867041073231711 ], [ 0.637360822552789, 44.867084868639083 ], [ 0.637283584508835, 44.867128663993256 ], [ 0.637156312826696, 44.867153696413865 ], [ 0.637041686160245, 44.867178923201394 ], [ 0.637016122379926, 44.86718752662037 ], [ 0.636838269897872, 44.867211780602126 ], [ 0.636800060933043, 44.867220189434796 ], [ 0.636672788826201, 44.867245221299676 ], [ 0.636507033953121, 44.867287654195884 ], [ 0.636481470040853, 44.867296257491596 ], [ 0.636036426583053, 44.867370378429925 ], [ 0.635705462344379, 44.867437257181379 ], [ 0.635348385546792, 44.867530722866441 ], [ 0.635094386170627, 44.867562798226515 ], [ 0.635056176703787, 44.867571206457626 ], [ 0.634928903017625, 44.867596236318363 ], [ 0.634852757848151, 44.867604060210105 ], [ 0.634763419666739, 44.867629674162913 ], [ 0.634533340352171, 44.867707099994874 ], [ 0.634200728462783, 44.867827928908987 ], [ 0.634187809217197, 44.867836726513048 ], [ 0.634148503484822, 44.867881104201118 ], [ 0.634309604593266, 44.867991546360486 ], [ 0.634346170733051, 44.868037093046013 ], [ 0.634358268141945, 44.86805527275321 ], [ 0.634383010881373, 44.868073647276596 ], [ 0.63438246298333, 44.868091632163996 ], [ 0.6344193031913, 44.868128186383252 ], [ 0.634455869509764, 44.868173733034915 ], [ 0.634479790531811, 44.868219084870454 ], [ 0.634488326897092, 44.868354166345725 ], [ 0.634488052963674, 44.868363158790686 ], [ 0.634436649585049, 44.868389356895094 ], [ 0.633224407156436, 44.86914438843943 ], [ 0.632979480460078, 44.869293555697077 ], [ 0.632734278236372, 44.86945171486586 ], [ 0.632553674197327, 44.869565886426599 ], [ 0.632476428962313, 44.869609678467036 ], [ 0.632450589101339, 44.869627273283562 ], [ 0.632268338133311, 44.869795399056891 ], [ 0.632138040634256, 44.869919342623099 ], [ 0.630314665997423, 44.872455255530845 ], [ 0.630301745071445, 44.872464052697467 ], [ 0.630301470444658, 44.872473045147011 ], [ 0.630288549512494, 44.872481842312183 ], [ 0.630183259385228, 44.872615166727883 ], [ 0.630090340458618, 44.872757678809222 ], [ 0.630024087223935, 44.872855619203008 ], [ 0.629918521071423, 44.872997935837653 ], [ 0.629865737793667, 44.873069094120289 ], [ 0.629667524572657, 44.873344929925153 ], [ 0.629574877867737, 44.873478449163791 ], [ 0.629389583130618, 44.8737454874299 ], [ 0.629231228758211, 44.873958961515577 ], [ 0.629020087714249, 44.874243593305771 ], [ 0.628931835677533, 44.87423323280558 ], [ 0.628629689506435, 44.874183579560558 ], [ 0.628390502290795, 44.874143895470958 ], [ 0.628302800440868, 44.874115549567172 ], [ 0.62807708538344, 44.87404908296061 ], [ 0.628051792079719, 44.874048691881299 ], [ 0.627801059355124, 44.873972841178151 ], [ 0.627550327310731, 44.873896989908353 ], [ 0.627048590106392, 44.873754278114987 ], [ 0.626797860062678, 44.873678425144355 ], [ 0.626296126739787, 44.873535709946715 ], [ 0.626045398696773, 44.87345985527525 ], [ 0.625995363299423, 44.873441087295937 ], [ 0.625647023137388, 44.873660611859108 ], [ 0.624510979233898, 44.874398739476682 ], [ 0.624266006281222, 44.87454788775225 ], [ 0.623878609352483, 44.874802788686786 ], [ 0.623853040061984, 44.87481138908899 ], [ 0.623762582568286, 44.874872963998072 ], [ 0.623633357231712, 44.874960928028258 ], [ 0.623362534213219, 44.875127667125852 ], [ 0.622795037728016, 44.875478735967306 ], [ 0.622549779578205, 44.875636872949102 ], [ 0.62213343876039, 44.876422125898593 ], [ 0.621824386568605, 44.876597265111556 ], [ 0.6218241105582, 44.876606257555238 ], [ 0.621798264112391, 44.87662384993245 ], [ 0.621634678483233, 44.876594321144765 ], [ 0.621432599287526, 44.876582188112046 ], [ 0.621141437554771, 44.876586665307549 ], [ 0.621027612744311, 44.876584898263324 ], [ 0.620660291564591, 44.876597188538483 ], [ 0.62004963411443, 44.876704662019684 ], [ 0.619222588988878, 44.876853753163658 ], [ 0.619294602663307, 44.876980826586262 ], [ 0.61910212890966, 44.877067802663355 ], [ 0.619038339473219, 44.877084804697112 ], [ 0.618910484002416, 44.877127801093025 ], [ 0.618463679691655, 44.877255806225826 ], [ 0.618298157910966, 44.877289219558001 ], [ 0.618017149961764, 44.877374817122714 ], [ 0.617991578593664, 44.877383416178525 ], [ 0.617787284029551, 44.877443215976342 ], [ 0.617710569701766, 44.877469012967374 ], [ 0.617684998243441, 44.877477611952642 ], [ 0.617302255652567, 44.877579618716702 ], [ 0.617289608239959, 44.877579421944965 ], [ 0.617200246077622, 44.877605021810204 ], [ 0.617199969318586, 44.877614014246156 ], [ 0.617187045137399, 44.87762280989876 ], [ 0.617032231432641, 44.877719365178166 ], [ 0.617031401072505, 44.877746342486169 ], [ 0.616986538873234, 44.877970562982583 ], [ 0.616954877467478, 44.878176995417476 ], [ 0.616924876670724, 44.878329473232533 ], [ 0.616911675471863, 44.878347261293385 ], [ 0.616880567206602, 44.878535708860852 ], [ 0.616823609741736, 44.878741747663462 ], [ 0.616822779265757, 44.878768724980908 ], [ 0.61679305462226, 44.87891221035656 ], [ 0.616792777791264, 44.878921202796192 ], [ 0.616778745910517, 44.878965968164742 ], [ 0.616719296035247, 44.879252938915222 ], [ 0.616706094552953, 44.879270726958147 ], [ 0.616690678268023, 44.879360454526562 ], [ 0.616660676115773, 44.879512932342074 ], [ 0.616602055651132, 44.879772925764833 ], [ 0.616588023403937, 44.879817691124472 ], [ 0.616516754307, 44.880077487680254 ], [ 0.616501337495772, 44.880167215251184 ], [ 0.616414373603999, 44.880525731803267 ], [ 0.616370060516306, 44.880731967408103 ], [ 0.616355750932158, 44.880785725200745 ], [ 0.616368399066737, 44.880785922079319 ], [ 0.616380770294866, 44.880795111401788 ], [ 0.616367845249501, 44.880803906970002 ], [ 0.616354643289197, 44.880821694982004 ], [ 0.616354366378232, 44.880830687427434 ], [ 0.616341441320492, 44.880839482992663 ], [ 0.616341164407316, 44.880848475438079 ], [ 0.616315314275388, 44.880866066564082 ], [ 0.616315037357879, 44.880875059009504 ], [ 0.616275708275104, 44.880919430578459 ], [ 0.616196772985053, 44.881017166122412 ], [ 0.616131039523915, 44.881097113627987 ], [ 0.616118114369453, 44.881105909168056 ], [ 0.616091710138926, 44.881141485135437 ], [ 0.616204990196121, 44.881161242154924 ], [ 0.616264354312213, 44.881288120872199 ], [ 0.616300083680143, 44.881360651111422 ], [ 0.616311624262549, 44.881396817785443 ], [ 0.616335813140769, 44.881433181341116 ], [ 0.616309685815559, 44.881459764917579 ], [ 0.616256323369981, 44.881548901843537 ], [ 0.616256046439603, 44.881557894291298 ], [ 0.616149597968387, 44.88172717562783 ], [ 0.616149321019959, 44.881736168075946 ], [ 0.616122639558707, 44.881780736508034 ], [ 0.616096511969731, 44.881807320037844 ], [ 0.616096235012368, 44.881816312486123 ], [ 0.616082478807184, 44.881852085369744 ], [ 0.616069830432427, 44.881851888458435 ], [ 0.616042594919727, 44.881914441770412 ], [ 0.615976029250355, 44.882021366559243 ], [ 0.615935868138897, 44.882092715374618 ], [ 0.615910017304188, 44.882110306414759 ], [ 0.615833018705381, 44.882145094601917 ], [ 0.615459564503138, 44.882355201517754 ], [ 0.615228012366204, 44.882477549886374 ], [ 0.615111958798423, 44.882547716339651 ], [ 0.615171044795696, 44.882683588163097 ], [ 0.615170767685144, 44.882692580612208 ], [ 0.615206496531902, 44.882765111245398 ], [ 0.61523013108014, 44.882819459962093 ], [ 0.61534968992953, 44.883046241232442 ], [ 0.615385419234393, 44.883118771817884 ], [ 0.615385142156162, 44.883127764269062 ], [ 0.615551141354345, 44.883490220084802 ], [ 0.615416618748628, 44.88374903143778 ], [ 0.61541634167229, 44.883758023891311 ], [ 0.61540286163306, 44.883784804264515 ], [ 0.615376178599098, 44.883829372553087 ], [ 0.615375901515859, 44.883838365006802 ], [ 0.615362421437887, 44.883865145375943 ], [ 0.615349218434842, 44.88388293328989 ], [ 0.615348941347, 44.883891925743718 ], [ 0.615309332280825, 44.883945289476884 ], [ 0.615256520074974, 44.884016441100755 ], [ 0.615243039896883, 44.884043221457311 ], [ 0.61516382127239, 44.884149948841184 ], [ 0.615071122027087, 44.884283456511064 ], [ 0.615018309198647, 44.884354608030904 ], [ 0.61490363728212, 44.884379812044543 ], [ 0.614878062231273, 44.884388410405201 ], [ 0.614865136118808, 44.884397205810544 ], [ 0.614852487172559, 44.884397008759933 ], [ 0.614826912105979, 44.884405607108818 ], [ 0.614814263157966, 44.88440541005383 ], [ 0.614674015939795, 44.884439212170008 ], [ 0.614661089783484, 44.884448007551711 ], [ 0.614622865705263, 44.88445640877962 ], [ 0.614610216746476, 44.884456211701277 ], [ 0.614609939536931, 44.884465204155376 ], [ 0.614570329359257, 44.884518567636228 ], [ 0.61446331567841, 44.884705832460654 ], [ 0.614450666663754, 44.884705635364071 ], [ 0.61439702091076, 44.884803763963994 ], [ 0.6143967436652, 44.884812756418768 ], [ 0.614370059338596, 44.8848573244831 ], [ 0.6143571330378, 44.884866119830733 ], [ 0.614356855785516, 44.884875112285656 ], [ 0.614317522334786, 44.884919483229638 ], [ 0.614317245075866, 44.884928475684639 ], [ 0.614264430678709, 44.884999626863028 ], [ 0.614251504328396, 44.885008422198837 ], [ 0.614238300701913, 44.885026209988325 ], [ 0.61423802342972, 44.885035202443532 ], [ 0.61421189342374, 44.885061785562939 ], [ 0.614119467685485, 44.885186300028543 ], [ 0.614106541269206, 44.885195095348074 ], [ 0.614040799906928, 44.885275041745579 ], [ 0.614040522601735, 44.885284034201199 ], [ 0.614000079364409, 44.885364374862924 ], [ 0.613987152888176, 44.885373170169139 ], [ 0.613973394458315, 44.885408942841408 ], [ 0.613878194289132, 44.885623381687715 ], [ 0.613851231824662, 44.885676942097895 ], [ 0.613811065375583, 44.885748290246376 ], [ 0.613797584087531, 44.885775070445327 ], [ 0.613743104094078, 44.885900176141611 ], [ 0.613742826737901, 44.885909168598737 ], [ 0.613742549381635, 44.885918161055848 ], [ 0.613729068019799, 44.885944941248255 ], [ 0.613674587707492, 44.886070046919329 ], [ 0.613672923497907, 44.886124001664946 ], [ 0.613670704546798, 44.886195941327536 ], [ 0.613670149808128, 44.886213926243485 ], [ 0.613667930849879, 44.88628586590859 ], [ 0.613665989256726, 44.886348813117188 ], [ 0.613665711885919, 44.886357805575706 ], [ 0.613665434515022, 44.886366798034217 ], [ 0.61367752916475, 44.88638498013789 ], [ 0.61367725179562, 44.88639397259653 ], [ 0.613677696948904, 44.886789837994783 ], [ 0.613677419577791, 44.886798830454858 ], [ 0.613683689549843, 44.887005854231468 ], [ 0.613682857435911, 44.887032831614185 ], [ 0.613681193205637, 44.887086786380465 ], [ 0.613680915833613, 44.88709577884164 ], [ 0.613684134753529, 44.887401719725382 ], [ 0.613683857380415, 44.887410712187638 ], [ 0.613682470513504, 44.887455674499542 ], [ 0.613689572698368, 44.887635720940068 ], [ 0.613689295324965, 44.887644713403212 ], [ 0.613685134713235, 44.887779600353916 ], [ 0.613687521567807, 44.888112518714394 ], [ 0.613682251406684, 44.888283375551325 ], [ 0.613681974028891, 44.888292368016728 ], [ 0.613690463205248, 44.888427452186725 ], [ 0.613684360886495, 44.888625286444679 ], [ 0.613691740604802, 44.888796340500917 ], [ 0.613691463225989, 44.888805332968161 ], [ 0.613683973964287, 44.889048129595942 ], [ 0.613683419201572, 44.88906611453222 ], [ 0.613693018021183, 44.889165228868841 ], [ 0.613688025159625, 44.889327093307863 ], [ 0.613687470395444, 44.889345078246158 ], [ 0.613697346651213, 44.889435200123742 ], [ 0.613734464772616, 44.889462769076786 ], [ 0.614029469759846, 44.889746267562252 ], [ 0.614013491625525, 44.889853980075173 ], [ 0.614012659628333, 44.889880957490668 ], [ 0.614012382295757, 44.889889949962601 ], [ 0.61401071829843, 44.889943904794585 ], [ 0.614021981840037, 44.889989064302583 ], [ 0.614021704508424, 44.8899980567749 ], [ 0.6140456182907, 44.890043413427108 ], [ 0.614068977462771, 44.890106755020554 ], [ 0.614068700138134, 44.890115747493354 ], [ 0.614153369446992, 44.890243022071232 ], [ 0.614176174207875, 44.890324348594454 ], [ 0.614173678428398, 44.890405280860413 ], [ 0.614173123809755, 44.890423265808749 ], [ 0.6141728465003, 44.890432258282942 ], [ 0.614171459951685, 44.890477220654518 ], [ 0.614157700383559, 44.89051299342217 ], [ 0.614102939256813, 44.890647092005914 ], [ 0.614072646661243, 44.890808562279425 ], [ 0.614055836314293, 44.890943252270858 ], [ 0.61405555898339, 44.890952244746643 ], [ 0.614064049466319, 44.891087329029197 ], [ 0.614063772136023, 44.891096321505493 ], [ 0.61408713176861, 44.89115966312125 ], [ 0.614136347069078, 44.891205414049381 ], [ 0.614248537623441, 44.891261143054081 ], [ 0.614260910821239, 44.891270332651217 ], [ 0.614273561320611, 44.891270529769542 ], [ 0.614386029422084, 44.891317266158467 ], [ 0.614398402654908, 44.891326455740405 ], [ 0.614522966981097, 44.891391374049896 ], [ 0.614660182139409, 44.891456489294768 ], [ 0.614685205993143, 44.891465875917746 ], [ 0.614747072608304, 44.891511823649161 ], [ 0.614808939325163, 44.891557771346733 ], [ 0.614833131622457, 44.891594135376209 ], [ 0.614881516311464, 44.891666863420738 ], [ 0.614893335303568, 44.891694037909325 ], [ 0.614905985901053, 44.891694234955288 ], [ 0.614905708703178, 44.891703227435826 ], [ 0.614929069543343, 44.891766568888421 ], [ 0.614940057001116, 44.891820720815943 ], [ 0.614939779808095, 44.891829713297 ], [ 0.614938393841654, 44.891874675702695 ], [ 0.614948826945503, 44.891946812594597 ], [ 0.61493589909644, 44.891955608034976 ], [ 0.614906162597521, 44.892099093655396 ], [ 0.614851124503093, 44.892242185175832 ], [ 0.61483542445093, 44.89234090543053 ], [ 0.614847797984199, 44.892350094965771 ], [ 0.614846689141712, 44.892386064896776 ], [ 0.614845857508911, 44.892413042345304 ], [ 0.614845580297799, 44.89242203482825 ], [ 0.614915386472972, 44.892621051751433 ], [ 0.6149266512848, 44.892666211214468 ], [ 0.61493653012502, 44.89275633309844 ], [ 0.614916672051234, 44.892989940658467 ], [ 0.61488527170291, 44.893187381246186 ], [ 0.614814532088742, 44.893429193111906 ], [ 0.61481425486755, 44.893438185598328 ], [ 0.61470057115715, 44.893841271016299 ], [ 0.614671387544893, 44.893966771704427 ], [ 0.614652636937074, 44.894164409373708 ], [ 0.614662515600263, 44.894254531335349 ], [ 0.614675166776395, 44.894254728407745 ], [ 0.614734541324761, 44.894381608599275 ], [ 0.614747192529907, 44.894381805663429 ], [ 0.614770554309812, 44.894445147215997 ], [ 0.614770277076505, 44.894454139705914 ], [ 0.614779601515953, 44.894562246647837 ], [ 0.614779047050996, 44.894580231628559 ], [ 0.614778769818385, 44.894589224118988 ], [ 0.614789480454135, 44.894652368612128 ], [ 0.614876930453596, 44.894689717950726 ], [ 0.614927258346378, 44.894699498624718 ], [ 0.61504001108478, 44.894737241917767 ], [ 0.615077964945178, 44.894737833001081 ], [ 0.61511591880638, 44.894738424071349 ], [ 0.615267734259212, 44.894740788222158 ], [ 0.615330990701683, 44.894741773223487 ], [ 0.615343641990445, 44.894741970219393 ], [ 0.615520760042471, 44.894744728010345 ], [ 0.61553341133257, 44.894744924984586 ], [ 0.615546062622758, 44.894745121957328 ], [ 0.615761134569603, 44.894748470272852 ], [ 0.615773785861396, 44.894748667219559 ], [ 0.615849693614028, 44.894749848869431 ], [ 0.615862344906445, 44.894750045805999 ], [ 0.615887647491547, 44.894750439674823 ], [ 0.616014160422407, 44.894752408932028 ], [ 0.616039463009648, 44.894752802766106 ], [ 0.616052114303404, 44.894752999680939 ], [ 0.616456955750611, 44.894759300192369 ], [ 0.616469607047307, 44.894759497059475 ], [ 0.616482258344092, 44.894759693925117 ], [ 0.616634073912463, 44.894762056200072 ], [ 0.616646725210407, 44.894762253046864 ], [ 0.617013336015459, 44.894776953471975 ], [ 0.617025987318109, 44.894777150275402 ], [ 0.617443480355559, 44.89478364397695 ], [ 0.617456131661239, 44.894783840731186 ], [ 0.617608224114799, 44.894777209170996 ], [ 0.617620875419602, 44.894777405906389 ], [ 0.617633526724494, 44.894777602640289 ], [ 0.617735290682806, 44.894761191462976 ], [ 0.617811475239537, 44.894753379267826 ], [ 0.617824126539662, 44.894753575979969 ], [ 0.618257037536473, 44.894670338336816 ], [ 0.618333221896466, 44.894662525782557 ], [ 0.618397031606267, 44.894645524031155 ], [ 0.618638788959205, 44.89460429754088 ], [ 0.618651440228502, 44.894604494158386 ], [ 0.618753480166067, 44.894579089545388 ], [ 0.618752373792564, 44.894615059546275 ], [ 0.618749054663505, 44.894722969551829 ], [ 0.618753131547051, 44.895001933692761 ], [ 0.618732735425873, 44.895253527144249 ], [ 0.61873190562585, 44.895280504651836 ], [ 0.618731629025666, 44.895289497154437 ], [ 0.618728863018915, 44.89537942218211 ], [ 0.618725820401209, 44.895478339716078 ], [ 0.618712339121078, 44.89550512061696 ], [ 0.618672725036688, 44.89555848580099 ], [ 0.618659520325083, 44.895576274192777 ], [ 0.618620735999102, 44.895602661848969 ], [ 0.618620459379437, 44.895611654352443 ], [ 0.618581398384346, 44.895647034498801 ], [ 0.618489518159887, 44.895753568131596 ], [ 0.618476036700164, 44.8957803490066 ], [ 0.618475760056342, 44.895789341510337 ], [ 0.618332996487299, 44.895904080964158 ], [ 0.618332719819854, 44.895913073468009 ], [ 0.618280176831446, 44.895975234370262 ], [ 0.618277686741581, 44.896056166906817 ], [ 0.618276303355206, 44.896101129428232 ], [ 0.618274089932376, 44.896173069464105 ], [ 0.6182869427521, 44.896578125522694 ], [ 0.618286666073907, 44.896587118028798 ], [ 0.61829516763768, 44.896722202281985 ], [ 0.618292124179374, 44.896821119856462 ], [ 0.618239303604929, 44.896892273268911 ], [ 0.618239026917517, 44.896901265775973 ], [ 0.618199134697657, 44.896963623327352 ], [ 0.618197197836195, 44.89702657087863 ], [ 0.618205699250577, 44.897161655162051 ], [ 0.618237844322871, 44.897351087834203 ], [ 0.6182603812396, 44.897441406248383 ], [ 0.618259827866031, 44.897459391266572 ], [ 0.618283748279312, 44.897504747133048 ], [ 0.618295846841217, 44.897522928809941 ], [ 0.61838247367155, 44.897587252944895 ], [ 0.61841959951701, 44.897614820410986 ], [ 0.618494127968015, 44.897660962796287 ], [ 0.618568379903604, 44.897716097642899 ], [ 0.618568103265054, 44.897725090153692 ], [ 0.618592853946693, 44.89774346842519 ], [ 0.618629426741753, 44.897789020844591 ], [ 0.618690473739186, 44.897861944014622 ], [ 0.618702572510702, 44.897880125649515 ], [ 0.618702295892928, 44.897889118161203 ], [ 0.618798809760248, 44.89804356371031 ], [ 0.618798533157146, 44.898052556222829 ], [ 0.618823007460251, 44.898079926957728 ], [ 0.618822730860863, 44.898088919470446 ], [ 0.618871679546582, 44.898143660925079 ], [ 0.618895877337323, 44.898180024157931 ], [ 0.618920075159548, 44.898216387385993 ], [ 0.618932450664968, 44.898225576484755 ], [ 0.618931897499876, 44.898243561511755 ], [ 0.61901714333279, 44.898352847736263 ], [ 0.619016866763285, 44.898361840250359 ], [ 0.619101006716492, 44.898507096473494 ], [ 0.619100730159714, 44.898516088988409 ], [ 0.619137303874193, 44.898561641253345 ], [ 0.619149126393153, 44.89858881535946 ], [ 0.619161502018685, 44.898598004433893 ], [ 0.619185423650877, 44.89864336012522 ], [ 0.619185147107007, 44.898652352640795 ], [ 0.619365528421095, 44.898961046377551 ], [ 0.619237346624218, 44.899013036055806 ], [ 0.619134469150159, 44.899065418712532 ], [ 0.618800807549359, 44.899213180402057 ], [ 0.618749368447692, 44.899239371541405 ], [ 0.618697929297818, 44.899265562657057 ], [ 0.618847820989512, 44.899330869509576 ], [ 0.6189726849032, 44.899386790485593 ], [ 0.619072244334914, 44.89944231818744 ], [ 0.619372029891262, 44.899572930684613 ], [ 0.619371753372811, 44.89958192320389 ], [ 0.619808781961331, 44.89977764395578 ], [ 0.619782371259281, 44.899813221068449 ], [ 0.619756236981567, 44.899839805654146 ], [ 0.619743031603337, 44.899857594205379 ], [ 0.619730102678994, 44.899866390233946 ], [ 0.619677281057246, 44.899937544418471 ], [ 0.619802147149067, 44.899993464460827 ], [ 0.619814523179226, 44.90000265344792 ], [ 0.619827175674249, 44.900002849930523 ], [ 0.619876956297038, 44.900030613356442 ], [ 0.619889332347744, 44.900039802335399 ], [ 0.619964418054834, 44.900067958669034 ], [ 0.619977070565185, 44.900068155134484 ], [ 0.620063426755967, 44.900141470385442 ], [ 0.620075802861941, 44.90015065934395 ], [ 0.620088178971992, 44.900159848301058 ], [ 0.620112931204314, 44.900178226211317 ], [ 0.62024879237919, 44.900288297126352 ], [ 0.620384930462675, 44.900389375373656 ], [ 0.620409406525489, 44.900416745725401 ], [ 0.620421782749439, 44.90042593464625 ], [ 0.620434158977463, 44.900435123565742 ], [ 0.620780695016283, 44.900692412764016 ], [ 0.620780418705668, 44.900701405272159 ], [ 0.620792795053795, 44.900710594152592 ], [ 0.620817547762269, 44.900728971909444 ], [ 0.620867053228108, 44.900765727406942 ], [ 0.620866776931044, 44.900774719915574 ], [ 0.621077452185191, 44.900921938030521 ], [ 0.62110192882103, 44.900949308235177 ], [ 0.621435818355732, 44.901206399100175 ], [ 0.621448194923693, 44.901215587909263 ], [ 0.621447918718012, 44.901224580420966 ], [ 0.621621467302953, 44.901344231094797 ], [ 0.621658321029846, 44.901380789970098 ], [ 0.621670697673093, 44.901389978754942 ], [ 0.621707827627283, 44.901417545101474 ], [ 0.621732857111319, 44.901426930145846 ], [ 0.621744957618141, 44.901445111435841 ], [ 0.62178208764567, 44.901472677758079 ], [ 0.621794464329663, 44.901481866529444 ], [ 0.62181921770987, 44.901500244068146 ], [ 0.621967462209414, 44.90161950170156 ], [ 0.622004592462805, 44.901647067951167 ], [ 0.622375620953826, 44.901931722295814 ], [ 0.622597853429909, 44.902115103846732 ], [ 0.62269686922958, 44.902188613269765 ], [ 0.622709246222875, 44.902197801941611 ], [ 0.622758754236798, 44.902234556615369 ], [ 0.622771131250464, 44.90224374528043 ], [ 0.622845393418031, 44.902298877242487 ], [ 0.62288252455682, 44.902326443205332 ], [ 0.622894901611231, 44.902335631856886 ], [ 0.622919379757997, 44.902363001675582 ], [ 0.622931756826581, 44.90237219032317 ], [ 0.622944409869626, 44.902372386449727 ], [ 0.623237637269195, 44.902304956797842 ], [ 0.623250290298076, 44.902305152889362 ], [ 0.623262943327043, 44.902305348979425 ], [ 0.623389749519896, 44.902298317280007 ], [ 0.623415331469922, 44.902289716906182 ], [ 0.623555066504503, 44.902273888567727 ], [ 0.623732760519679, 44.902258648166054 ], [ 0.623770719580313, 44.902259236266339 ], [ 0.623783648435294, 44.902250439775372 ], [ 0.623872495386488, 44.90224281942664 ], [ 0.623885148403514, 44.902243015445471 ], [ 0.623974271132803, 44.902226402493284 ], [ 0.623986924146465, 44.90222659850054 ], [ 0.624508730677463, 44.902135715796213 ], [ 0.624572271360219, 44.902127702988906 ], [ 0.624801127935068, 44.902095259571055 ], [ 0.62489052581127, 44.902069653357543 ], [ 0.624889974500391, 44.90208763840505 ], [ 0.624888044909515, 44.902150586072281 ], [ 0.624873462300427, 44.902213337836734 ], [ 0.624872910982631, 44.902231322885193 ], [ 0.624870981367544, 44.902294270555629 ], [ 0.624855296051958, 44.902392992420133 ], [ 0.62485502038929, 44.902401984944923 ], [ 0.624853917737731, 44.902437955044377 ], [ 0.624853642074619, 44.902446947569324 ], [ 0.624852539421282, 44.902482917669367 ], [ 0.624852263757727, 44.902491910194421 ], [ 0.624851988094082, 44.902500902719581 ], [ 0.624800520930829, 44.902940948754029 ], [ 0.624800245256631, 44.90294994128061 ], [ 0.624767771229497, 44.903183355150119 ], [ 0.624767495548825, 44.903192347677447 ], [ 0.62476584146293, 44.903246302842064 ], [ 0.624778494710545, 44.903246498758968 ], [ 0.624777391992988, 44.903282468869456 ], [ 0.624799941745418, 44.903372785978313 ], [ 0.624870899435966, 44.903535826948662 ], [ 0.624870623770166, 44.903544819477474 ], [ 0.624883277085813, 44.903545015382498 ], [ 0.624959196981559, 44.90354619078218 ], [ 0.624932236413743, 44.903599754162741 ], [ 0.624952856971658, 44.903753018959307 ], [ 0.624972375037843, 44.903942253883031 ], [ 0.624988585439469, 44.904239399194296 ], [ 0.6249756563137, 44.904248195832707 ], [ 0.624975380661255, 44.90425718836434 ], [ 0.624975105008723, 44.904266180895938 ], [ 0.624937144570677, 44.904265593207498 ], [ 0.624924491091507, 44.9042653973085 ], [ 0.624848845891252, 44.904255229352586 ], [ 0.624773200718557, 44.904245061345001 ], [ 0.624760822931607, 44.904235872896223 ], [ 0.624760547244616, 44.904244865427266 ], [ 0.624760271557536, 44.904253857958246 ], [ 0.624745688255339, 44.904316609756812 ], [ 0.624685149112453, 44.904639557203531 ], [ 0.624684873411278, 44.904648549735761 ], [ 0.624669462809164, 44.904738279131251 ], [ 0.624669187104972, 44.904747271663794 ], [ 0.624668084287321, 44.904783241794178 ], [ 0.624653776450389, 44.904837001060521 ], [ 0.624627917812425, 44.90485459426143 ], [ 0.624531622179343, 44.905105013612946 ], [ 0.624518692781071, 44.905113810200703 ], [ 0.624490628093118, 44.905203343640153 ], [ 0.624462839055306, 44.905283884541554 ], [ 0.624449082377601, 44.90531965872362 ], [ 0.624422396210813, 44.905364229481748 ], [ 0.624422120463727, 44.905373222015839 ], [ 0.624316754177259, 44.905506542319984 ], [ 0.62422348961482, 44.905658043580289 ], [ 0.624065300574816, 44.90586252000589 ], [ 0.624026235807489, 44.905897902143273 ], [ 0.624025408366594, 44.905924879748042 ], [ 0.623958001737695, 44.906058787740214 ], [ 0.623890594785386, 44.906192695698053 ], [ 0.623836117298457, 44.906317807111215 ], [ 0.623687268501784, 44.90663038951142 ], [ 0.623661132852379, 44.906656975034302 ], [ 0.623660856976266, 44.906665967570888 ], [ 0.623620411976048, 44.906746312259379 ], [ 0.623607482054007, 44.906755108745813 ], [ 0.62342232398301, 44.907013147454812 ], [ 0.623346951261119, 44.906993985920955 ], [ 0.623271302650534, 44.906983816872561 ], [ 0.62321737490301, 44.907090942943611 ], [ 0.623082554628594, 44.907358758025055 ], [ 0.623082278655801, 44.907367750562571 ], [ 0.623055866395776, 44.907403328487199 ], [ 0.623168098299243, 44.907459048685652 ], [ 0.623492692934086, 44.907608027463141 ], [ 0.623592547332464, 44.907654558631158 ], [ 0.62359227144037, 44.907663551171062 ], [ 0.623904214116892, 44.907812332700694 ], [ 0.62396665801829, 44.907840290393935 ], [ 0.624079167524367, 44.907887017137007 ], [ 0.624078891709519, 44.907896009678993 ], [ 0.624428248465917, 44.908063362817401 ], [ 0.624402112498464, 44.908089948529955 ], [ 0.623761911453761, 44.908736800366178 ], [ 0.623761635583601, 44.908745792910281 ], [ 0.623552266145489, 44.908967469781594 ], [ 0.623395444923889, 44.909126982778282 ], [ 0.623277966394781, 44.909242121113579 ], [ 0.623277690444154, 44.909251113658222 ], [ 0.623264759887866, 44.909259910112695 ], [ 0.623251829327502, 44.909268706565669 ], [ 0.62306859317404, 44.909463797109154 ], [ 0.623055662535529, 44.909472593539817 ], [ 0.622977250617582, 44.909552349727313 ], [ 0.622938182578104, 44.909587731528575 ], [ 0.622807495374343, 44.909720658344838 ], [ 0.622729082753304, 44.909800414363538 ], [ 0.622715875939362, 44.909818203300688 ], [ 0.62270294516316, 44.909826999691212 ], [ 0.622676531497616, 44.909862577558201 ], [ 0.622637739107346, 44.909888966712032 ], [ 0.622637463050374, 44.909897959257215 ], [ 0.622624808302437, 44.909897763093646 ], [ 0.622624256184151, 44.909915748184069 ], [ 0.622611325370914, 44.909924544564234 ], [ 0.622598670617041, 44.909924348397681 ], [ 0.622572256838964, 44.909959926240994 ], [ 0.622571980771091, 44.909968918786269 ], [ 0.622532912183141, 44.910004300449714 ], [ 0.622506774404085, 44.910030885733029 ], [ 0.622493843545659, 44.910039682099786 ], [ 0.622415430028265, 44.910119437905287 ], [ 0.622402499134929, 44.91012823426167 ], [ 0.622389016041065, 44.910155015707417 ], [ 0.622376361235721, 44.910154819515313 ], [ 0.622376085135325, 44.910163812060773 ], [ 0.62233701628678, 44.910199193657519 ], [ 0.622311154434363, 44.910216786350922 ], [ 0.622221190074447, 44.910260375640199 ], [ 0.622208535245806, 44.91026017942891 ], [ 0.622131225574018, 44.910303964856972 ], [ 0.622130949433388, 44.91031295740229 ], [ 0.622105363608193, 44.910321557502883 ], [ 0.621988432232095, 44.910418709426608 ], [ 0.621948810617967, 44.910472075980309 ], [ 0.62190863657299, 44.910543427611955 ], [ 0.621895981681273, 44.910543231364819 ], [ 0.621883050607893, 44.910552027661808 ], [ 0.621857740820829, 44.910551635160232 ], [ 0.621819223756751, 44.910569031487832 ], [ 0.621768051767649, 44.910586231540385 ], [ 0.621729534651744, 44.910603627836949 ], [ 0.621703672420462, 44.910621220390794 ], [ 0.621690741298708, 44.910630016665436 ], [ 0.62165194790899, 44.91065640548063 ], [ 0.621613154482591, 44.910682794282394 ], [ 0.621600223332307, 44.910691590546683 ], [ 0.621522360104149, 44.910753360646552 ], [ 0.621509705166193, 44.910753164355185 ], [ 0.621483566549096, 44.91077974940378 ], [ 0.621470359106471, 44.910797538198487 ], [ 0.621418358026475, 44.910841715726683 ], [ 0.621405703068853, 44.910841519423421 ], [ 0.621340770658527, 44.910894493156519 ], [ 0.62132783941627, 44.910903289389566 ], [ 0.621253843584333, 44.910839163671106 ], [ 0.621254119868879, 44.910830171126257 ], [ 0.621241464914452, 44.910829974804194 ], [ 0.621106405045951, 44.91069292700282 ], [ 0.621056890617698, 44.910656171463309 ], [ 0.621057166933068, 44.910647178919611 ], [ 0.621044512020824, 44.910646982575017 ], [ 0.621007376254656, 44.910619415902175 ], [ 0.620982066443196, 44.910619023200226 ], [ 0.620969687866878, 44.910609834303742 ], [ 0.620919344590876, 44.910600056333664 ], [ 0.6209066896898, 44.910599859973331 ], [ 0.620868724987107, 44.910599270883758 ], [ 0.62086789595036, 44.910626248512962 ], [ 0.620864579795356, 44.910734159032536 ], [ 0.62086645721387, 44.911085064618121 ], [ 0.620912932147126, 44.911220738245731 ], [ 0.620936031529471, 44.911293071327727 ], [ 0.620948133915635, 44.911311252776208 ], [ 0.621018814120857, 44.911483289266982 ], [ 0.621052634623429, 44.911618766508177 ], [ 0.621065289756035, 44.911618962852074 ], [ 0.62106501343716, 44.911627955399148 ], [ 0.621064184480002, 44.911654933040673 ], [ 0.620973387826102, 44.911725498979017 ], [ 0.620960732669664, 44.911725302624617 ], [ 0.620934593335821, 44.911751887552931 ], [ 0.620869935770499, 44.91179586847975 ], [ 0.620830864824789, 44.911831249565246 ], [ 0.620817933285142, 44.911840045741698 ], [ 0.620686682994977, 44.911990955255575 ], [ 0.620581295292879, 44.912124272327034 ], [ 0.620515531377276, 44.912204223243691 ], [ 0.620476459921049, 44.912239604209134 ], [ 0.620424733136147, 44.9122747887454 ], [ 0.620385661572964, 44.912310169679742 ], [ 0.620281931243857, 44.912389531193007 ], [ 0.620164992361386, 44.912486681261072 ], [ 0.620152060564942, 44.912495477361716 ], [ 0.619857946346103, 44.9125898766967 ], [ 0.619781184664877, 44.912615675422934 ], [ 0.619768529310798, 44.912615478931883 ], [ 0.619730010171301, 44.912632874544222 ], [ 0.619691491007794, 44.91265027014331 ], [ 0.619678835646188, 44.91265007364202 ], [ 0.61966618028467, 44.912649877139266 ], [ 0.619640316454861, 44.912667469223337 ], [ 0.619689831734511, 44.912704225426324 ], [ 0.619763828242099, 44.912768352238011 ], [ 0.619776207098606, 44.912777541277357 ], [ 0.619800688295441, 44.912804911899883 ], [ 0.619813067166126, 44.912814100935257 ], [ 0.619825446040887, 44.912823289969253 ], [ 0.619837548397073, 44.912841471550038 ], [ 0.619836995351504, 44.912859456646359 ], [ 0.619849097719295, 44.912877638226128 ], [ 0.619848544677089, 44.912895623322733 ], [ 0.619848268155851, 44.912904615871099 ], [ 0.619847991634525, 44.912913608419494 ], [ 0.619835059689205, 44.912922404484398 ], [ 0.61982185121414, 44.912940193096254 ], [ 0.619795987298864, 44.912957785218701 ], [ 0.619769846833017, 44.912984369883567 ], [ 0.619743706342268, 44.913010954542521 ], [ 0.619704633832026, 44.91304633524561 ], [ 0.619639697242128, 44.913099308022119 ], [ 0.619626488662932, 44.913117096611771 ], [ 0.619613556635556, 44.913125892651429 ], [ 0.619613280075317, 44.91313488519998 ], [ 0.619599518354104, 44.913170658883949 ], [ 0.619599241791382, 44.913179651432571 ], [ 0.619646268500011, 44.913297340603279 ], [ 0.619657817792613, 44.913333507305715 ], [ 0.619657541238476, 44.913342499855077 ], [ 0.619729049668375, 44.913487559654421 ], [ 0.619740875595632, 44.913514733800731 ], [ 0.619740599053978, 44.913523726350959 ], [ 0.61977607691015, 44.913605248784407 ], [ 0.619775800373721, 44.913614241335061 ], [ 0.619797793139753, 44.913722544925406 ], [ 0.619809342618527, 44.913758711618108 ], [ 0.619809066086696, 44.913767704169373 ], [ 0.619845650303497, 44.913813256382369 ], [ 0.619858029405225, 44.913822445416464 ], [ 0.619894890216414, 44.913859005062498 ], [ 0.619944130210052, 44.913904753721532 ], [ 0.619980991132, 44.913941313340125 ], [ 0.620042886934832, 44.913987258423795 ], [ 0.6201298177116, 44.914042588931345 ], [ 0.62014219691098, 44.914051777934525 ], [ 0.620179611007293, 44.914070352382637 ], [ 0.620228851420771, 44.914116100919045 ], [ 0.620241507116732, 44.914116297357808 ], [ 0.620278921289348, 44.914134871772852 ], [ 0.620291300533745, 44.914144060759774 ], [ 0.620303956236266, 44.914144257191332 ], [ 0.620416751819611, 44.914181995227757 ], [ 0.620429407531177, 44.914182191645047 ], [ 0.620442063242831, 44.914182388060858 ], [ 0.620492133242583, 44.914201158818777 ], [ 0.620504512536785, 44.914210347782024 ], [ 0.620516891835063, 44.914219536743985 ], [ 0.620529547555493, 44.914219733149814 ], [ 0.620541650443848, 44.914237914663779 ], [ 0.620541374027634, 44.914246907218626 ], [ 0.620511916259387, 44.914381402733639 ], [ 0.620511363415863, 44.914399387844199 ], [ 0.620511086993967, 44.914408380399522 ], [ 0.620509981305495, 44.914444350621146 ], [ 0.620509152038205, 44.914471328287703 ], [ 0.620508875615596, 44.914480320843317 ], [ 0.620520425711961, 44.914516487472852 ], [ 0.620543249531946, 44.914597813285972 ], [ 0.620555352506752, 44.914615994801174 ], [ 0.620591108657786, 44.914688524452707 ], [ 0.620603211667853, 44.914706705963347 ], [ 0.620651900188063, 44.914770439437028 ], [ 0.620651623786972, 44.914779431993992 ], [ 0.620663450437146, 44.914806606055819 ], [ 0.620674447905656, 44.914860757788588 ], [ 0.620684339809368, 44.914950879751913 ], [ 0.620684063412611, 44.914959872309566 ], [ 0.620683510618828, 44.914977857425121 ], [ 0.620670025528489, 44.915004638710087 ], [ 0.62066974912916, 44.915013631267918 ], [ 0.620643884520275, 44.91503122360217 ], [ 0.620630675803918, 44.915049012324921 ], [ 0.62057839368353, 44.915102182085441 ], [ 0.620578117268953, 44.9151111746434 ], [ 0.620577840854286, 44.915120167201387 ], [ 0.62057756443953, 44.915129159759402 ], [ 0.620602047060864, 44.91515653023059 ], [ 0.620651288778899, 44.915202278599189 ], [ 0.62070053057766, 44.915248026946742 ], [ 0.620810564879544, 44.91537569019026 ], [ 0.620823220863178, 44.915375886562757 ], [ 0.620896945850297, 44.91544900524628 ], [ 0.620933808416297, 44.915485564570474 ], [ 0.62103312208844, 44.915550083321548 ], [ 0.621107676576161, 44.915596224187297 ], [ 0.621206714330153, 44.915669735346889 ], [ 0.621218817753544, 44.915687916797353 ], [ 0.62130547604448, 44.915752238982179 ], [ 0.621305199743834, 44.915761231544302 ], [ 0.621403685480427, 44.915852727657544 ], [ 0.62141606529104, 44.915861916525053 ], [ 0.62155196721491, 44.915971986542409 ], [ 0.621650729974473, 44.916054489879926 ], [ 0.621786909055146, 44.916155567053131 ], [ 0.621885672486884, 44.916238070187276 ], [ 0.621898328669859, 44.916238266437013 ], [ 0.622157756721693, 44.916449216374318 ], [ 0.62218251685993, 44.916467593943914 ], [ 0.622355286012903, 44.916614221915459 ], [ 0.622367666149106, 44.916623410679463 ], [ 0.622478811442121, 44.916715102063243 ], [ 0.622503571804036, 44.916733479563042 ], [ 0.622626269485813, 44.916861337258354 ], [ 0.622712102981581, 44.916952636082172 ], [ 0.62271182690164, 44.91696162865216 ], [ 0.622724483251603, 44.916961824807572 ], [ 0.622832869195401, 44.917143441553648 ], [ 0.622869458093073, 44.917188992829672 ], [ 0.622893390638023, 44.917234347959742 ], [ 0.622917875318595, 44.917261717942239 ], [ 0.623053507586081, 44.917380778751351 ], [ 0.62305323155903, 44.917389771323712 ], [ 0.623213073370318, 44.917545194466754 ], [ 0.623385020641422, 44.917718798617479 ], [ 0.623397677165463, 44.917718994696045 ], [ 0.623433714966182, 44.917782530945416 ], [ 0.623432059158192, 44.917836486394371 ], [ 0.623431783189882, 44.917845478969276 ], [ 0.623378949164125, 44.917916635261257 ], [ 0.623378673186861, 44.917925627836318 ], [ 0.623298593910091, 44.918059339956436 ], [ 0.623298317919173, 44.918068332531782 ], [ 0.623344804579597, 44.918204005513346 ], [ 0.623367082061455, 44.918303316016598 ], [ 0.623391291466039, 44.91833967848266 ], [ 0.623391015488671, 44.918348671059242 ], [ 0.623403396180161, 44.918357859713886 ], [ 0.623463919869077, 44.918448765852233 ], [ 0.623476576558943, 44.918448961921953 ], [ 0.623488129399851, 44.918485128299231 ], [ 0.623487025549383, 44.918521098608686 ], [ 0.623472989017843, 44.918565865427524 ], [ 0.623459504399129, 44.918592647090009 ], [ 0.623458124560099, 44.918637609978433 ], [ 0.623493887060236, 44.918710138809274 ], [ 0.623505164005441, 44.918755297766673 ], [ 0.623477918728718, 44.91881785368048 ], [ 0.623464985987374, 44.918826650189253 ], [ 0.623412427051725, 44.918888813944747 ], [ 0.62343636076688, 44.918934168988052 ], [ 0.623449017566733, 44.918934365061041 ], [ 0.623448465624628, 44.918952350218632 ], [ 0.623496885134491, 44.919025075129085 ], [ 0.623509541955175, 44.919025271195174 ], [ 0.623509265993468, 44.919034263774428 ], [ 0.62354668455072, 44.919052837122933 ], [ 0.623584103132879, 44.919071410458926 ], [ 0.62358382718296, 44.919080403038556 ], [ 0.623710119592704, 44.919091356115068 ], [ 0.623722776429168, 44.9190915521568 ], [ 0.623772024177428, 44.919137299210391 ], [ 0.623784405106605, 44.919146487825358 ], [ 0.623856483514247, 44.919273560134194 ], [ 0.623881521367988, 44.919282944763872 ], [ 0.623931597100731, 44.919301714006345 ], [ 0.62405789007956, 44.919312666687183 ], [ 0.624082927984714, 44.919322051271514 ], [ 0.624120346925847, 44.919340624428322 ], [ 0.624144833132249, 44.919367994162712 ], [ 0.624144557271217, 44.919376986744815 ], [ 0.624203704012694, 44.919512855428515 ], [ 0.624252676682414, 44.919567594859117 ], [ 0.624460397882112, 44.919813726087526 ], [ 0.624460122069724, 44.919822718671995 ], [ 0.624619698980119, 44.919987132522003 ], [ 0.624818902610537, 44.92009817838877 ], [ 0.624818626854513, 44.920107170975164 ], [ 0.625079462505722, 44.920273151462467 ], [ 0.625116882416235, 44.920291724289783 ], [ 0.625203552348904, 44.920356043544153 ], [ 0.625253353801841, 44.920383804785594 ], [ 0.62526573525146, 44.920392993239595 ], [ 0.625328469587379, 44.920411957723026 ], [ 0.625353508199402, 44.920421342024284 ], [ 0.625366441012626, 44.920412545289381 ], [ 0.625417345241971, 44.920404336101932 ], [ 0.625609131766146, 44.920344325524965 ], [ 0.625749462600427, 44.920310509159364 ], [ 0.625966562659488, 44.920250889580331 ], [ 0.62614513988593, 44.92020866747098 ], [ 0.626426351046916, 44.920123048023349 ], [ 0.626489911934582, 44.920115034074144 ], [ 0.626540815727285, 44.920106824370315 ], [ 0.626578786957678, 44.920107411520327 ], [ 0.62667976811979, 44.920117969781288 ], [ 0.626930981820818, 44.920184831695394 ], [ 0.626930706404702, 44.920193824287566 ], [ 0.627168437499534, 44.920287467767501 ], [ 0.627243554121502, 44.920315619404192 ], [ 0.62728097478071, 44.920334191500395 ], [ 0.627380579763965, 44.920389712091854 ], [ 0.62739323690778, 44.920389907713989 ], [ 0.627480184945411, 44.920445232594936 ], [ 0.627529987610455, 44.920472992813345 ], [ 0.62771709215982, 44.920565852691247 ], [ 0.627804591347544, 44.920603192129988 ], [ 0.627854119045408, 44.920639944800449 ], [ 0.627903371546701, 44.920685690045822 ], [ 0.627903096284804, 44.920694682642363 ], [ 0.627915753499619, 44.920694878204763 ], [ 0.628014534025394, 44.920777376024489 ], [ 0.628014258780957, 44.920786368621606 ], [ 0.628064337252658, 44.920805136006344 ], [ 0.628139455023364, 44.920833287041297 ], [ 0.628176876327847, 44.920851858838645 ], [ 0.628340044641672, 44.920899363621778 ], [ 0.628389848139723, 44.920927123458618 ], [ 0.628452308963034, 44.920955078774419 ], [ 0.628563748037432, 44.92103777161271 ], [ 0.628576130177196, 44.921046959699105 ], [ 0.628736548105231, 44.92118438990002 ], [ 0.628748930305977, 44.921193577967628 ], [ 0.628809465777989, 44.921284481289696 ], [ 0.628820472427601, 44.921338632354882 ], [ 0.628830928866829, 44.921410768622849 ], [ 0.62885266716589, 44.921528063356149 ], [ 0.62885101648607, 44.92158201896801 ], [ 0.628873580225592, 44.921672335897746 ], [ 0.62889614403815, 44.921762652826089 ], [ 0.628929989893925, 44.921898128215979 ], [ 0.628941546983131, 44.921934294075001 ], [ 0.628952828988238, 44.921979452537038 ], [ 0.628963560816369, 44.922042596206573 ], [ 0.628960534736248, 44.922141514851837 ], [ 0.62895998453871, 44.922159500060509 ], [ 0.628982548688078, 44.922249816988405 ], [ 0.629016119958146, 44.922394284982886 ], [ 0.629027402116591, 44.922439443445469 ], [ 0.629050791746411, 44.922502782552094 ], [ 0.62910720297119, 44.922728574853295 ], [ 0.62911931049956, 44.922746755491964 ], [ 0.629128942364269, 44.92284586959267 ], [ 0.629128667289208, 44.922854862199827 ], [ 0.629126741761303, 44.92291781045089 ], [ 0.629124816229054, 44.922980758703424 ], [ 0.629111333255974, 44.923007541101647 ], [ 0.629109682782472, 44.923061496748197 ], [ 0.629108857544525, 44.923088474571912 ], [ 0.629155912658715, 44.923206160171048 ], [ 0.629155637586225, 44.92321515277952 ], [ 0.629190310155754, 44.923323650339846 ], [ 0.629212875148602, 44.923413967261901 ], [ 0.629247547952943, 44.923522464812748 ], [ 0.629293228463277, 44.923685113425073 ], [ 0.629350466997885, 44.923883927872943 ], [ 0.629349916908836, 44.923901913095605 ], [ 0.629404680536862, 44.924181661042198 ], [ 0.629404130462349, 44.924199646267262 ], [ 0.629446786639396, 44.924461213605447 ], [ 0.629446236575697, 44.924479198832607 ], [ 0.629470727649075, 44.924506567446009 ], [ 0.629544751046559, 44.924570688027053 ], [ 0.629556309087684, 44.924606853859821 ], [ 0.629555484042798, 44.924633831702991 ], [ 0.629555209027658, 44.924642824317473 ], [ 0.629541725859546, 44.924669606785073 ], [ 0.629477885194522, 44.924686615112464 ], [ 0.629401386361241, 44.9247034280111 ], [ 0.629375520013946, 44.924721022451216 ], [ 0.629362861880791, 44.924720827054813 ], [ 0.62933672046242, 44.924747414100267 ], [ 0.629310579019137, 44.924774001139824 ], [ 0.62931030396384, 44.924782993754107 ], [ 0.629310028908453, 44.924791986368469 ], [ 0.629309203741762, 44.92481896421166 ], [ 0.629308653630192, 44.924836949440611 ], [ 0.629356535786329, 44.924927657190345 ], [ 0.629368643873068, 44.92494583781756 ], [ 0.629367818732439, 44.92497281566277 ], [ 0.629366718543692, 44.925008786123534 ], [ 0.629353510246309, 44.925026575956501 ], [ 0.629314710471917, 44.925052967600784 ], [ 0.629301777205631, 44.925061764812575 ], [ 0.629135569970895, 44.92511318012491 ], [ 0.629097320216058, 44.925121586463568 ], [ 0.628879929425556, 44.925190204900602 ], [ 0.628866996058917, 44.925199002061916 ], [ 0.628739037917697, 44.925242010521302 ], [ 0.628687579447935, 44.925268206478094 ], [ 0.628507887204547, 44.925346403218953 ], [ 0.628456703725816, 44.925363606455008 ], [ 0.628302602658558, 44.925433201249476 ], [ 0.628187301845645, 44.925476404591763 ], [ 0.628021918148961, 44.925500840395806 ], [ 0.627831217686981, 44.9255248848105 ], [ 0.627729125267302, 44.925550298021903 ], [ 0.627601440778264, 44.925584312557064 ], [ 0.627613548435653, 44.925602493380609 ], [ 0.627724995548223, 44.925685187217823 ], [ 0.627724720232907, 44.925694179831105 ], [ 0.628095387281304, 44.925996803012922 ], [ 0.628448171821619, 44.926056233332652 ], [ 0.628536505667312, 44.926066594428725 ], [ 0.628366716952609, 44.926234912624956 ], [ 0.628366441737997, 44.926243905241805 ], [ 0.628275080120588, 44.926332462793702 ], [ 0.628249212663016, 44.926350056980667 ], [ 0.628209860964983, 44.926394433483885 ], [ 0.628144641664517, 44.926456404136943 ], [ 0.628105565066289, 44.926491787987558 ], [ 0.628066488418502, 44.926527171824823 ], [ 0.628040345536205, 44.926553758581306 ], [ 0.628027686991978, 44.926553563031646 ], [ 0.628027411721158, 44.926562555648744 ], [ 0.627988610251547, 44.926588946842152 ], [ 0.627988334974254, 44.926597939459285 ], [ 0.627962742584749, 44.926606540963739 ], [ 0.627949808745233, 44.926615338022266 ], [ 0.627898623930496, 44.926632541007471 ], [ 0.627885690074846, 44.926641338058587 ], [ 0.627873031511293, 44.92664114249127 ], [ 0.627872756215116, 44.926650135108247 ], [ 0.627796254206342, 44.926666946907183 ], [ 0.627783595637293, 44.926666751329577 ], [ 0.627745069296925, 44.926684149821618 ], [ 0.627732410724155, 44.926683954238172 ], [ 0.627719476830382, 44.926692751270011 ], [ 0.62775249687014, 44.926855205128561 ], [ 0.627752221553483, 44.926864197745999 ], [ 0.627751670919899, 44.926882182980876 ], [ 0.627749743699563, 44.926945131303988 ], [ 0.627747265838454, 44.927026064864492 ], [ 0.627745613927054, 44.927080020572802 ], [ 0.627757997272884, 44.927089208773026 ], [ 0.627858440691628, 44.927117751233041 ], [ 0.627933291567584, 44.927154895101495 ], [ 0.627945950247895, 44.927155090662083 ], [ 0.627958608928296, 44.927155286221229 ], [ 0.627971267608785, 44.927155481778925 ], [ 0.627970992325902, 44.927164474397927 ], [ 0.627996309691225, 44.927164865509013 ], [ 0.628046393881374, 44.927183632952378 ], [ 0.628334791465914, 44.927278056384147 ], [ 0.628347450175574, 44.927278251898848 ], [ 0.628360108885323, 44.927278447412093 ], [ 0.62837276759516, 44.927278642923866 ], [ 0.628461103361993, 44.927289004086525 ], [ 0.628536780446473, 44.927299169687124 ], [ 0.62854943916163, 44.927299365178733 ], [ 0.628562097876878, 44.927299560668814 ], [ 0.628587415307636, 44.927299951644777 ], [ 0.628713452138846, 44.927319891680341 ], [ 0.628789404463041, 44.92732106448684 ], [ 0.628814446757378, 44.927330448032592 ], [ 0.628827105480603, 44.927330643492361 ], [ 0.628865081650814, 44.927331229863135 ], [ 0.628890123962439, 44.927340613391728 ], [ 0.628978459923442, 44.927350974141746 ], [ 0.6289911186519, 44.92735116958282 ], [ 0.629306486617573, 44.927392025631512 ], [ 0.629508476378353, 44.927413137162098 ], [ 0.629508201341934, 44.927422129785981 ], [ 0.629546177581566, 44.927422715923008 ], [ 0.629571495075099, 44.927423106673849 ], [ 0.629634513794362, 44.927433076149747 ], [ 0.629735508792001, 44.927443631661944 ], [ 0.62979852756375, 44.927453601044547 ], [ 0.629811186318361, 44.927453796391816 ], [ 0.629899522629565, 44.927464156407183 ], [ 0.630000517733591, 44.927474711677661 ], [ 0.630063536587788, 44.927484680909522 ], [ 0.630177190525328, 44.927495431335828 ], [ 0.630328545907047, 44.927515760140309 ], [ 0.630341204677616, 44.927515955426948 ], [ 0.630404223639262, 44.92752592446503 ], [ 0.630454583847893, 44.927535698195015 ], [ 0.630517877726446, 44.927536674541642 ], [ 0.630543195278488, 44.927537065070162 ], [ 0.630594105245664, 44.927528853482642 ], [ 0.630632356425161, 44.927520446619823 ], [ 0.630657948822298, 44.92751184449488 ], [ 0.63067060759313, 44.927512039743839 ], [ 0.630721517518725, 44.92750382809777 ], [ 0.630746835057289, 44.927504218579656 ], [ 0.631141455139804, 44.927438329281301 ], [ 0.631166772651588, 44.927438719667052 ], [ 0.631179431407613, 44.927438914857774 ], [ 0.631319501963679, 44.927414083974021 ], [ 0.631484889886824, 44.927389643226 ], [ 0.631777414420429, 44.92734916826025 ], [ 0.631803006562485, 44.9273405658708 ], [ 0.63182832403454, 44.927340956105134 ], [ 0.631955460683477, 44.92732492192993 ], [ 0.632057279800064, 44.927308497432556 ], [ 0.63246428110783, 44.927251791137607 ], [ 0.632540782511898, 44.927234976106746 ], [ 0.632566099941205, 44.927235366172219 ], [ 0.632871281588367, 44.927195083346042 ], [ 0.63299841760524, 44.927179047972814 ], [ 0.63301107630876, 44.927179242953898 ], [ 0.633405417012359, 44.927122338217139 ], [ 0.633443667489611, 44.927113930383157 ], [ 0.633469259266895, 44.927105327608807 ], [ 0.633634645333245, 44.927080883648742 ], [ 0.633647304016719, 44.927081078557038 ], [ 0.633698213111032, 44.927072865541987 ], [ 0.633876531988408, 44.927039623487872 ], [ 0.633965691347423, 44.927023002353188 ], [ 0.634004215982043, 44.927005601691441 ], [ 0.633991831626276, 44.92699641418988 ], [ 0.63418445442656, 44.92690941070348 ], [ 0.634184728706833, 44.926900418069103 ], [ 0.634197387351289, 44.926900612914388 ], [ 0.634273887751618, 44.926883796686695 ], [ 0.634274162017353, 44.926874804052183 ], [ 0.63428682065631, 44.926874998887222 ], [ 0.63437597963007, 44.926858377422647 ], [ 0.634388638265657, 44.92685857224604 ], [ 0.634489907353535, 44.926860130781115 ], [ 0.634704555791516, 44.926881427631557 ], [ 0.63471721443348, 44.92688162241739 ], [ 0.634918930231427, 44.926911716702143 ], [ 0.635045242589621, 44.926922656886561 ], [ 0.635108261721527, 44.926932623243168 ], [ 0.635221641393014, 44.926952361122098 ], [ 0.63525961737286, 44.926952945297806 ], [ 0.635272001927721, 44.926962132657479 ], [ 0.635335295239869, 44.926963106247584 ], [ 0.635385929891179, 44.926963885093571 ], [ 0.635449223207302, 44.926964858618497 ], [ 0.635474540534372, 44.926965248018313 ], [ 0.635487199198038, 44.926965442716053 ], [ 0.635613785839564, 44.926967389613829 ], [ 0.635626444504203, 44.926967584295596 ], [ 0.635639377215059, 44.926958786337657 ], [ 0.635652035877837, 44.92695898101649 ], [ 0.635778896534068, 44.926951935086997 ], [ 0.63580448787702, 44.926943331772634 ], [ 0.635817146536866, 44.926943526432659 ], [ 0.635829805196801, 44.926943721091199 ], [ 0.636008396377937, 44.926901482962876 ], [ 0.636033713680153, 44.926901872234701 ], [ 0.636186439373835, 44.926877229825607 ], [ 0.636199371975458, 44.926868431802376 ], [ 0.63621203061969, 44.926868626417196 ], [ 0.636288530369005, 44.92685180879613 ], [ 0.636339164932624, 44.926852587205801 ], [ 0.636352097504455, 44.926843789164785 ], [ 0.636364756143629, 44.926843983762076 ], [ 0.636390347346743, 44.926835380312497 ], [ 0.636403005984144, 44.926835574905425 ], [ 0.63642832325921, 44.926835964086948 ], [ 0.636440981896875, 44.926836158675535 ], [ 0.636542524901319, 44.926828722691859 ], [ 0.63655518353774, 44.926828917267351 ], [ 0.63656784217425, 44.926829111841428 ], [ 0.636606091973966, 44.926820702914604 ], [ 0.63661875060879, 44.92682089748282 ], [ 0.636720293561773, 44.926813461335996 ], [ 0.636732952195351, 44.926813655891188 ], [ 0.636770928096618, 44.926814239547994 ], [ 0.636885129649805, 44.926806997799275 ], [ 0.636897788282493, 44.926807192335559 ], [ 0.636910446915268, 44.926807386870422 ], [ 0.637150413351085, 44.926829068041286 ], [ 0.637163071989706, 44.926829262547258 ], [ 0.637213432753282, 44.926839033198625 ], [ 0.637226091394381, 44.9268392276974 ], [ 0.637238750035569, 44.926839422194718 ], [ 0.637781155787494, 44.926910732714518 ], [ 0.637793814446839, 44.926910927148356 ], [ 0.63780619940962, 44.926920114224536 ], [ 0.637882151380303, 44.926921280788576 ], [ 0.637894810042391, 44.926921475210861 ], [ 0.637971035686921, 44.926913649069867 ], [ 0.638211823885999, 44.926908350007281 ], [ 0.638224482546303, 44.92690854439185 ], [ 0.638237141206695, 44.926908738774976 ], [ 0.63827539080943, 44.926900329270559 ], [ 0.638288049468136, 44.926900523647888 ], [ 0.63846554428964, 44.926894252132222 ], [ 0.638630380414147, 44.92688778599517 ], [ 0.638643039071245, 44.92688798033182 ], [ 0.638655697728431, 44.926888174667042 ], [ 0.638706332358056, 44.926888951993405 ], [ 0.638731923220752, 44.926880348001795 ], [ 0.638744581876516, 44.926880542326828 ], [ 0.638782557844337, 44.926881125293285 ], [ 0.638884100618537, 44.926873687160217 ], [ 0.638972984712306, 44.926866054636548 ], [ 0.638998302019116, 44.92686644322999 ], [ 0.639163137999739, 44.926859976299184 ], [ 0.639175796652384, 44.926860170574862 ], [ 0.639416584506265, 44.926854868890189 ], [ 0.639568761752836, 44.926848207106872 ], [ 0.639657645712366, 44.926840574033115 ], [ 0.639695621662523, 44.92684115668613 ], [ 0.639746256263969, 44.926841933536508 ], [ 0.63977157356522, 44.926842321953018 ], [ 0.639784232215979, 44.926842516159141 ], [ 0.639796890866824, 44.926842710363736 ], [ 0.639822208168781, 44.926843098768693 ], [ 0.639847798838386, 44.926834494518985 ], [ 0.639924024090167, 44.926826667032408 ], [ 0.639962000033642, 44.926827249593948 ], [ 0.639974658681644, 44.926827443778215 ], [ 0.640127109108967, 44.926811788577815 ], [ 0.640165085044437, 44.926812371069659 ], [ 0.640254242166918, 44.926795744867057 ], [ 0.640482644263623, 44.926781254060089 ], [ 0.640507961542468, 44.926781642308093 ], [ 0.64054621071584, 44.926773232018746 ], [ 0.640685728968193, 44.92676637458014 ], [ 0.640698387604902, 44.926766568681629 ], [ 0.640787271279862, 44.926758934700366 ], [ 0.64118078162582, 44.926728980204537 ], [ 0.641219030661685, 44.926720569682686 ], [ 0.641333231445736, 44.926713323342319 ], [ 0.641485408077433, 44.926706658922662 ], [ 0.641523383955532, 44.926707240948211 ], [ 0.641548701208037, 44.926707628958013 ], [ 0.641649970221583, 44.926709180939277 ], [ 0.64223008329672, 44.926790044270824 ], [ 0.64239409980706, 44.926810550490821 ], [ 0.642583433753831, 44.926831444240996 ], [ 0.642583160827419, 44.926840436896939 ], [ 0.642646454128847, 44.926841406304497 ], [ 0.642659112789397, 44.926841600181653 ], [ 0.642697361679633, 44.926833189148233 ], [ 0.642710020338495, 44.926833383019599 ], [ 0.642760654974825, 44.926834158490472 ], [ 0.642824494047289, 44.926817142483415 ], [ 0.642837152702953, 44.926817336340221 ], [ 0.643041055468357, 44.926775474566966 ], [ 0.64305371411532, 44.92677566839896 ], [ 0.643231480825386, 44.926760396580178 ], [ 0.64329477404729, 44.92676136561677 ], [ 0.643306341453843, 44.926797530050209 ], [ 0.64334486301976, 44.926780126135348 ], [ 0.643434564720951, 44.926745512054097 ], [ 0.643561969445016, 44.926720471884302 ], [ 0.64360021811613, 44.926712060539003 ], [ 0.643625808143056, 44.926703455415335 ], [ 0.643727895430702, 44.926678027520254 ], [ 0.643842913969653, 44.926643800614343 ], [ 0.643868503927849, 44.926635195434734 ], [ 0.644034429426794, 44.926592750611995 ], [ 0.644187423407, 44.926559104499262 ], [ 0.644225399212844, 44.926559685597297 ], [ 0.644238330473307, 44.926550886634494 ], [ 0.64425098907348, 44.926551080329446 ], [ 0.64427630627409, 44.926551467715051 ], [ 0.64431455472168, 44.926543056123116 ], [ 0.64433987191909, 44.926543443494168 ], [ 0.644504706326169, 44.926536968604793 ], [ 0.644530023522138, 44.926537355932361 ], [ 0.644555340718458, 44.926537743254094 ], [ 0.644707516486388, 44.926531074402426 ], [ 0.644732833681091, 44.926531461683545 ], [ 0.644745764854997, 44.926522662661419 ], [ 0.644758423450529, 44.926522856298327 ], [ 0.644771082046149, 44.926523049933792 ], [ 0.644809057833535, 44.926523630831483 ], [ 0.644897668007178, 44.92652498620869 ], [ 0.644935643797199, 44.926525567062939 ], [ 0.644961233532659, 44.926516961630838 ], [ 0.64499920931788, 44.926517542463223 ], [ 0.645189633265524, 44.926502461106594 ], [ 0.645214950450591, 44.926502848277387 ], [ 0.645291174496291, 44.926495017093174 ], [ 0.645418032879686, 44.926487960110883 ], [ 0.645456281111634, 44.926479548124298 ], [ 0.645507187918491, 44.926471329675749 ], [ 0.645545163678342, 44.926471910320721 ], [ 0.645621660070374, 44.926455086246563 ], [ 0.645877283295321, 44.926378022737609 ], [ 0.646094113090593, 44.926327356186384 ], [ 0.646119702556495, 44.926318750486821 ], [ 0.646132361110536, 44.926318943966457 ], [ 0.646196198565336, 44.92630192601608 ], [ 0.646221788003832, 44.926293320292935 ], [ 0.64659133645034, 44.926217996297261 ], [ 0.646731669335615, 44.926184153242005 ], [ 0.646744327861244, 44.926184346651617 ], [ 0.64675698638696, 44.926184540059779 ], [ 0.646782575685139, 44.926175934207208 ], [ 0.646846412778031, 44.92615891588229 ], [ 0.647115235843201, 44.92606405758719 ], [ 0.647127894342913, 44.926064250952891 ], [ 0.647166414210661, 44.926046845711028 ], [ 0.647179072706648, 44.926047039070873 ], [ 0.647243453874063, 44.926012035187412 ], [ 0.647269315185265, 44.925994436557573 ], [ 0.647462730228721, 44.925880431975095 ], [ 0.647501249865135, 44.925863026617755 ], [ 0.647513908320582, 44.925863219939224 ], [ 0.647526838901089, 44.925854420593907 ], [ 0.647552427929152, 44.925845814564127 ], [ 0.647578289065871, 44.925828215863085 ], [ 0.647757411956887, 44.925767973448181 ], [ 0.647770070391659, 44.92576816674034 ], [ 0.647808589854711, 44.92575076127661 ], [ 0.648115928607621, 44.925638495085522 ], [ 0.648128587014263, 44.925638688336626 ], [ 0.648141245420993, 44.925638881586273 ], [ 0.648205353499563, 44.925612869813868 ], [ 0.648230398291561, 44.925622248960465 ], [ 0.648730752038165, 44.925827816047658 ], [ 0.648743410489885, 44.925828009228454 ], [ 0.64879322853549, 44.925855759942955 ], [ 0.648805886993765, 44.92585595311661 ], [ 0.648818273535316, 44.925865138957562 ], [ 0.648830931995804, 44.925865332128346 ], [ 0.648868635469053, 44.925874904300926 ], [ 0.648893680490146, 44.925884283298508 ], [ 0.648918997420418, 44.925884669621432 ], [ 0.648931383986962, 44.925893855449822 ], [ 0.648969359389411, 44.925894434919073 ], [ 0.649158964551376, 44.925906324739557 ], [ 0.649209598435949, 44.925907097258197 ], [ 0.649272618949791, 44.925917055543934 ], [ 0.64928527742363, 44.92591724866277 ], [ 0.649335911319864, 44.925918021123628 ], [ 0.649348569794142, 44.925918214235203 ], [ 0.649373886742961, 44.925918600454061 ], [ 0.649399203692129, 44.925918986667099 ], [ 0.649437179116539, 44.925919565975789 ], [ 0.649500199685078, 44.925929524132009 ], [ 0.650005451948094, 44.925973217402642 ], [ 0.650081131170234, 44.925983368263324 ], [ 0.650106448153683, 44.925983754314522 ], [ 0.650435025656581, 44.926006757800259 ], [ 0.650485388001065, 44.926016522408524 ], [ 0.650561339005981, 44.9260176802674 ], [ 0.650611701382428, 44.92602744481826 ], [ 0.650624359885943, 44.926027637783925 ], [ 0.650687652404831, 44.926028602590492 ], [ 0.650788648839485, 44.926039138880014 ], [ 0.650851669784245, 44.926049096267178 ], [ 0.650889645312278, 44.926049675077472 ], [ 0.650927620841098, 44.926050253874628 ], [ 0.651546802011014, 44.926095676423742 ], [ 0.651610094623025, 44.926096640702674 ], [ 0.651799429597051, 44.926117518676804 ], [ 0.651824746653249, 44.926117904334895 ], [ 0.651862722238203, 44.926118482811226 ], [ 0.651888039295277, 44.926118868454871 ], [ 0.652001694651363, 44.926129596457422 ], [ 0.652077103055705, 44.926148738631738 ], [ 0.652089490200742, 44.926157924107947 ], [ 0.652102148738966, 44.926158116904531 ], [ 0.652177557216309, 44.926177259010672 ], [ 0.652215261474384, 44.926186830044543 ], [ 0.65231517306415, 44.926233335656541 ], [ 0.652352877383719, 44.926242906643772 ], [ 0.652415898837737, 44.926252863141094 ], [ 0.652453603187777, 44.926262434094092 ], [ 0.652466261750968, 44.926262626849066 ], [ 0.652478920314245, 44.926262819602591 ], [ 0.652478648985347, 44.926271812282145 ], [ 0.652516624681822, 44.926272390534166 ], [ 0.652718347871995, 44.926302452365469 ], [ 0.652857320913747, 44.926313564938155 ], [ 0.652882638066204, 44.92631395035432 ], [ 0.65290795521901, 44.926314335764665 ], [ 0.652958589525672, 44.926315106568019 ], [ 0.653021611169311, 44.926325062720728 ], [ 0.653046928328119, 44.926325448099334 ], [ 0.653059586907655, 44.926325640786395 ], [ 0.653097562646783, 44.926326218839073 ], [ 0.653198560075116, 44.926336752930673 ], [ 0.65321121865774, 44.926336945600461 ], [ 0.653287170155315, 44.926338101588648 ], [ 0.653476506576092, 44.926358976695802 ], [ 0.653489165164717, 44.926359169333764 ], [ 0.65355218695279, 44.926369125184571 ], [ 0.653640797092944, 44.926370473559381 ], [ 0.653918472840525, 44.926401688897762 ], [ 0.653956448640308, 44.926402266655671 ], [ 0.654019741641694, 44.926403229556549 ], [ 0.654057446368426, 44.926412799963799 ], [ 0.654070104971267, 44.926412992535312 ], [ 0.654120739383502, 44.926413762806916 ], [ 0.654146056590143, 44.926414147934018 ], [ 0.654209349608279, 44.926415110726431 ], [ 0.654285301232925, 44.926416266029541 ], [ 0.654310618441839, 44.926416651118991 ], [ 0.654373911465652, 44.926417613817264 ], [ 0.654525543731928, 44.926428916830815 ], [ 0.654563519556527, 44.926429494380365 ], [ 0.654626541615709, 44.926439449619657 ], [ 0.65481614983457, 44.926451329750016 ], [ 0.654993099516708, 44.926463017091045 ], [ 0.654966427637323, 44.926507595591374 ], [ 0.65497800255561, 44.926543758806467 ], [ 0.654977731628094, 44.926552751493439 ], [ 0.654950517829211, 44.926615315365737 ], [ 0.654893922512538, 44.926812384594946 ], [ 0.654794473306374, 44.927170744744373 ], [ 0.654780188754744, 44.927224508387745 ], [ 0.654779104903406, 44.927260479143136 ], [ 0.654693396954031, 44.927583060990933 ], [ 0.654680467103126, 44.927591861180218 ], [ 0.654679925141919, 44.927609846559868 ], [ 0.654679654161185, 44.927618839249739 ], [ 0.654678570237375, 44.927654810009521 ], [ 0.654650000635386, 44.927762337285159 ], [ 0.654592590104517, 44.92798638451815 ], [ 0.65456456217033, 44.928075926402563 ], [ 0.654534908105617, 44.92821942443183 ], [ 0.654534637098551, 44.928228417123442 ], [ 0.65446402451881, 44.928470257194881 ], [ 0.654450552382382, 44.928497042744702 ], [ 0.654449739316086, 44.928524020821826 ], [ 0.654435454085834, 44.928577784448017 ], [ 0.654435183060998, 44.928586777140616 ], [ 0.654434912036073, 44.928595769833215 ], [ 0.654407425602406, 44.92866732631245 ], [ 0.654407154572617, 44.928676319005319 ], [ 0.654334643574632, 44.928981107891069 ], [ 0.654320900207406, 44.929016886123975 ], [ 0.654320629161974, 44.929025878817775 ], [ 0.654320087070845, 44.929043864205475 ], [ 0.654331662096344, 44.92908002752344 ], [ 0.654342966094531, 44.929125183534872 ], [ 0.654355354273341, 44.929134368768629 ], [ 0.654354270111014, 44.929170339545969 ], [ 0.654365574145791, 44.929215495556669 ], [ 0.654400299462551, 44.92932398550149 ], [ 0.654445515984946, 44.929504609534241 ], [ 0.654559642617576, 44.929920198800751 ], [ 0.654616164565009, 44.930145978811943 ], [ 0.654628011012582, 44.930173149415928 ], [ 0.654650077953029, 44.930281446814291 ], [ 0.654662195442539, 44.930299624717037 ], [ 0.654718176211911, 44.930543390109207 ], [ 0.654855729493595, 44.931022313142925 ], [ 0.654901219829057, 44.931193944406395 ], [ 0.654900406941351, 44.931220922514754 ], [ 0.65498008347376, 44.931519029036075 ], [ 0.655060031797423, 44.931808142829347 ], [ 0.655059760857554, 44.931817135534615 ], [ 0.655093947273387, 44.931943610783371 ], [ 0.655105794335293, 44.931970781355361 ], [ 0.655105523402009, 44.931979774061318 ], [ 0.655117370477231, 44.932006944632469 ], [ 0.655117099545637, 44.932015937338583 ], [ 0.655141877445882, 44.932034307652948 ], [ 0.655163675195042, 44.93215159773392 ], [ 0.655173625871841, 44.932241717249255 ], [ 0.655172813100578, 44.932268695370489 ], [ 0.655172542176648, 44.93227768807764 ], [ 0.655156360193887, 44.932394400826027 ], [ 0.655142887442285, 44.932421186499916 ], [ 0.655142616512792, 44.932430179207486 ], [ 0.655128872814071, 44.932465957587723 ], [ 0.655115129097723, 44.932501735966753 ], [ 0.655088183490157, 44.932555307305194 ], [ 0.655048577818863, 44.932608686178462 ], [ 0.655035375911592, 44.932626479133276 ], [ 0.655022444945845, 44.93263527937863 ], [ 0.654983381067804, 44.932670672813792 ], [ 0.654970179125074, 44.932688465761203 ], [ 0.654957248134678, 44.932697265999117 ], [ 0.654879662106641, 44.93275006739546 ], [ 0.654841140017363, 44.932767475365601 ], [ 0.654828208988303, 44.932776275588687 ], [ 0.654802346917944, 44.932793876030402 ], [ 0.654725573605304, 44.932819699196081 ], [ 0.654699982485298, 44.932828306906202 ], [ 0.654674391357397, 44.932836914610412 ], [ 0.654610549011783, 44.932853937491288 ], [ 0.654597617926313, 44.932862737687657 ], [ 0.654546706627212, 44.932870960335407 ], [ 0.654457544057136, 44.932887598089508 ], [ 0.654444612939733, 44.932896398268049 ], [ 0.654317470063134, 44.932912458314142 ], [ 0.654304809984833, 44.932912265769296 ], [ 0.654279489828492, 44.93291188067527 ], [ 0.654216189439172, 44.932910917914818 ], [ 0.654190869284055, 44.932910532800513 ], [ 0.654178209206628, 44.932910340241179 ], [ 0.654063997408008, 44.932917599848523 ], [ 0.654026017172492, 44.932917022122624 ], [ 0.654000697015919, 44.932916636964777 ], [ 0.653861436161014, 44.932914518493099 ], [ 0.653836116006713, 44.932914133297615 ], [ 0.653798406924458, 44.932904562787726 ], [ 0.653672077350066, 44.932893643974808 ], [ 0.653621437063376, 44.932892873491369 ], [ 0.653520427687428, 44.932882339750023 ], [ 0.653356389240192, 44.932861849959579 ], [ 0.653293360153256, 44.932851893966834 ], [ 0.653255379970451, 44.932851315976485 ], [ 0.653242719909691, 44.93285112331013 ], [ 0.653066292866902, 44.932821447718233 ], [ 0.653028312707176, 44.93282086964998 ], [ 0.652965555007356, 44.932801920767261 ], [ 0.652927846150276, 44.932792349961289 ], [ 0.652915457394287, 44.932783164554344 ], [ 0.652903068642379, 44.932773979146134 ], [ 0.652816347493233, 44.932709681250486 ], [ 0.652803958773957, 44.932700495831426 ], [ 0.652766792640604, 44.932672939566089 ], [ 0.652680343132811, 44.932599648864525 ], [ 0.6526178571372, 44.932571707084747 ], [ 0.652605468481237, 44.932562521643987 ], [ 0.6525184766509, 44.932507216221914 ], [ 0.652468379452738, 44.932488459809015 ], [ 0.652430942259625, 44.932469896134194 ], [ 0.652405893687801, 44.932460517910933 ], [ 0.652393505091424, 44.932451332446867 ], [ 0.6523808451244, 44.932451139682009 ], [ 0.652330205257178, 44.932450368608109 ], [ 0.65231754529059, 44.932450175835996 ], [ 0.65225424545897, 44.932449211953809 ], [ 0.652127917217806, 44.93243829138089 ], [ 0.652039568907318, 44.932427949084158 ], [ 0.651964152029281, 44.932408806831624 ], [ 0.651813046962564, 44.932379514871741 ], [ 0.651636893665671, 44.932340844309088 ], [ 0.651624233726332, 44.932340651457736 ], [ 0.651562020055752, 44.932303716386997 ], [ 0.65153697170459, 44.932294337967789 ], [ 0.651512194875812, 44.932275966845204 ], [ 0.651487418063351, 44.932257595717225 ], [ 0.651475029663239, 44.932248410151189 ], [ 0.651450252875251, 44.932230039015074 ], [ 0.651425204575952, 44.932220660570849 ], [ 0.651388310976667, 44.932184111151173 ], [ 0.651301320942819, 44.932128804781584 ], [ 0.651227262517591, 44.932064698546888 ], [ 0.651202485892765, 44.932046327356694 ], [ 0.65116559255465, 44.932009777865389 ], [ 0.651116582563117, 44.931955050061582 ], [ 0.651054912830315, 44.931900129320887 ], [ 0.650992971623409, 44.931854201242025 ], [ 0.650993243218918, 44.931845208547074 ], [ 0.650955806948214, 44.931826644378432 ], [ 0.650918642309729, 44.931799087502746 ], [ 0.650881477707953, 44.931771530614839 ], [ 0.650819265163654, 44.931734595135431 ], [ 0.650806876989662, 44.931725409496607 ], [ 0.650781829025052, 44.931716030908817 ], [ 0.650706685181742, 44.931687895111658 ], [ 0.650694025393775, 44.931687702154008 ], [ 0.650694297036655, 44.931678709460428 ], [ 0.650681637250815, 44.931678516501357 ], [ 0.650668977465061, 44.931678323540851 ], [ 0.65059356207051, 44.931659180360768 ], [ 0.650555854392641, 44.93164960875157 ], [ 0.650304560772539, 44.931582800131949 ], [ 0.650292172716987, 44.931573614436168 ], [ 0.650216757593249, 44.931554471000226 ], [ 0.650204369558442, 44.931545285294696 ], [ 0.650141885983604, 44.931517342129851 ], [ 0.650129226236287, 44.931517149107655 ], [ 0.650029307007014, 44.931470641421591 ], [ 0.649941504143981, 44.931442312072917 ], [ 0.649853429593037, 44.931422975345413 ], [ 0.649841041647242, 44.931413789599723 ], [ 0.649778286612577, 44.931394838921626 ], [ 0.649765626894314, 44.931394645857836 ], [ 0.64975296717614, 44.93139445279256 ], [ 0.649715531620539, 44.931375888208073 ], [ 0.649665708187497, 44.93134813784603 ], [ 0.649590837221425, 44.931311008606201 ], [ 0.649466414950931, 44.93123713617674 ], [ 0.649428979596223, 44.931218571496615 ], [ 0.649328789624881, 44.931181055872706 ], [ 0.649304014017538, 44.931162684264436 ], [ 0.649216212007382, 44.931134354344216 ], [ 0.649203824230573, 44.931125168528325 ], [ 0.649191164575486, 44.931124975398866 ], [ 0.649103090785511, 44.931105638077078 ], [ 0.649090703033701, 44.931096452248632 ], [ 0.649078043385521, 44.931096259106234 ], [ 0.649065383737429, 44.931096065962436 ], [ 0.649040336348076, 44.931086686983086 ], [ 0.648951718829388, 44.931085334915629 ], [ 0.648926399539123, 44.931084948597594 ], [ 0.648913739894121, 44.931084755436409 ], [ 0.648799803093059, 44.931083016920539 ], [ 0.648698525942519, 44.931081471474606 ], [ 0.648622568083298, 44.931080312329343 ], [ 0.648432401444592, 44.931086406923725 ], [ 0.648302268681235, 44.931201379593666 ], [ 0.648250541867247, 44.931236577397193 ], [ 0.648212018754812, 44.93125398304857 ], [ 0.648185611212761, 44.931289567303956 ], [ 0.648159475686681, 44.931316158867695 ], [ 0.648119864266564, 44.931369535230957 ], [ 0.648067048921849, 44.931440703694875 ], [ 0.648053845064617, 44.931458495807213 ], [ 0.648040097059696, 44.931494273290205 ], [ 0.648027165253087, 44.931503072713554 ], [ 0.648012873071418, 44.931556835566155 ], [ 0.64799803670807, 44.93162858379084 ], [ 0.647997764630869, 44.931637576477272 ], [ 0.647969452196752, 44.93173610949281 ], [ 0.647953527389076, 44.931843828464444 ], [ 0.647926847313136, 44.931888405352986 ], [ 0.647913915397315, 44.931897204764347 ], [ 0.64787484752693, 44.93193259567667 ], [ 0.647861915592666, 44.931941395082085 ], [ 0.647810459923909, 44.93196760000184 ], [ 0.647758459971714, 44.932011790272043 ], [ 0.647732868147537, 44.932020396367598 ], [ 0.64756556857629, 44.932107810249001 ], [ 0.647527044648637, 44.932125215667 ], [ 0.647526772493102, 44.932134208353922 ], [ 0.6474497245531, 44.932169019149924 ], [ 0.647423860436805, 44.93218661786134 ], [ 0.647410928372541, 44.932195417214771 ], [ 0.647359200074689, 44.93223061461385 ], [ 0.647293450835119, 44.932310582076767 ], [ 0.64729317864103, 44.932319574763739 ], [ 0.647267042207136, 44.932346166126457 ], [ 0.64718836054443, 44.932434932866116 ], [ 0.647149019619191, 44.932479316216039 ], [ 0.647122610819228, 44.9325149002334 ], [ 0.646979267543748, 44.932647663412624 ], [ 0.646953130806554, 44.932674254704288 ], [ 0.646939926302181, 44.932692046691542 ], [ 0.646860971365229, 44.932789805897016 ], [ 0.646848311340553, 44.932789612499072 ], [ 0.646795220752594, 44.932869773079872 ], [ 0.646715720729855, 44.932985517563807 ], [ 0.646689311413942, 44.933021101484222 ], [ 0.646688766823994, 44.933039086859942 ], [ 0.646635403465368, 44.93312824005946 ], [ 0.646608449413443, 44.933181809338855 ], [ 0.646593610811939, 44.93325355741792 ], [ 0.646564478128122, 44.933379068198462 ], [ 0.646564205811324, 44.933388060887211 ], [ 0.646557942500739, 44.933594892736579 ], [ 0.646555219307738, 44.933684819632553 ], [ 0.646565428671674, 44.933765947273486 ], [ 0.646565156353139, 44.933774939963577 ], [ 0.646598507770737, 44.933928395988445 ], [ 0.646598235456743, 44.933937388679134 ], [ 0.646681139133982, 44.93412758915332 ], [ 0.646704826002726, 44.934181932137157 ], [ 0.646753289041731, 44.934254647323939 ], [ 0.64675301675109, 44.934263640016191 ], [ 0.64677779289543, 44.934282012217814 ], [ 0.646814957142534, 44.934309570510138 ], [ 0.646851849151238, 44.934346121483017 ], [ 0.646876353093452, 44.934373486356094 ], [ 0.646950409583929, 44.934437595557775 ], [ 0.646987029512032, 44.934483139181019 ], [ 0.647036037673458, 44.934537868865164 ], [ 0.647048153606578, 44.934556047630025 ], [ 0.647096889655052, 44.934619769983108 ], [ 0.647108733390608, 44.934646941436341 ], [ 0.647145353585356, 44.934692485011048 ], [ 0.647144536896339, 44.934719463095348 ], [ 0.647191912085245, 44.934828148886282 ], [ 0.647137731123804, 44.934944280475229 ], [ 0.647098388388834, 44.934988663848216 ], [ 0.647059317836339, 44.935024054512233 ], [ 0.646994109386753, 44.935086036487817 ], [ 0.646955038699921, 44.935121427116229 ], [ 0.646916240232256, 44.935147825035614 ], [ 0.64685130375852, 44.93520081423388 ], [ 0.646683176348221, 44.93531520496672 ], [ 0.646644377617168, 44.935341602792505 ], [ 0.646566780044917, 44.935394398403936 ], [ 0.64654064182434, 44.935420989624873 ], [ 0.646514775913715, 44.935438588144208 ], [ 0.646450111065757, 44.935482584416533 ], [ 0.646424245098019, 44.935500182915028 ], [ 0.646398106759948, 44.935526774103273 ], [ 0.646332896988208, 44.935588755700103 ], [ 0.646319963963281, 44.935597554936713 ], [ 0.646319691596237, 44.935606547632439 ], [ 0.646241003828124, 44.935695313804047 ], [ 0.646227798381626, 44.935713105726087 ], [ 0.646201387463363, 44.93574868956582 ], [ 0.64618845438062, 44.935757488787559 ], [ 0.646135087622343, 44.935846641835539 ], [ 0.646122154506434, 44.935855441049846 ], [ 0.64612188210625, 44.93586443374592 ], [ 0.64609301940329, 44.935980951828839 ], [ 0.646092474592211, 44.935998937221719 ], [ 0.646064156579771, 44.936097469909264 ], [ 0.646035566051539, 44.936204995290211 ], [ 0.646035293635689, 44.936213987987259 ], [ 0.6460201810719, 44.93629472876848 ], [ 0.646019091396299, 44.936330699557871 ], [ 0.646006158149885, 44.936339498760148 ], [ 0.645988866114847, 44.936492181123377 ], [ 0.645988593690067, 44.936501173821284 ], [ 0.645988048840242, 44.936519159217234 ], [ 0.645972391269574, 44.936617885397737 ], [ 0.64596803241023, 44.936761768574065 ], [ 0.64595264716842, 44.936851502061749 ], [ 0.645947743372251, 44.937013370649119 ], [ 0.645933720211466, 44.937058140643714 ], [ 0.64584427593061, 44.937083764176194 ], [ 0.645779881108522, 44.937118767382835 ], [ 0.645766947641688, 44.937127566559617 ], [ 0.645741625631336, 44.937127179509787 ], [ 0.64570364261647, 44.937126598924202 ], [ 0.645690981611688, 44.937126405392796 ], [ 0.645640610077412, 44.937116638553469 ], [ 0.645514272562634, 44.937105710403195 ], [ 0.645362613104508, 44.93709439497222 ], [ 0.645349134515835, 44.937121179496827 ], [ 0.645335655914219, 44.937147964020042 ], [ 0.645321632228419, 44.9371927339389 ], [ 0.645321087156824, 44.9372107193361 ], [ 0.645308153596311, 44.937219518459493 ], [ 0.645266627441942, 44.937335842808331 ], [ 0.645252603653517, 44.937380612721611 ], [ 0.645239124942878, 44.937407397235589 ], [ 0.645238579842587, 44.937425382633805 ], [ 0.645170913510424, 44.937568297883196 ], [ 0.645170095824511, 44.9375952759817 ], [ 0.64520753404077, 44.937613842150149 ], [ 0.645220195154493, 44.937614035736978 ], [ 0.64521992260033, 44.937623028436754 ], [ 0.645270021971988, 44.937641788169685 ], [ 0.645295071670453, 44.937651168027699 ], [ 0.64550867571796, 44.937708414841495 ], [ 0.645596486191622, 44.937736747781315 ], [ 0.645609147334586, 44.937736941323699 ], [ 0.645608874842517, 44.937745934024868 ], [ 0.645621535987611, 44.937746127565859 ], [ 0.645621263497495, 44.937755120267077 ], [ 0.645633652156551, 44.937764306507965 ], [ 0.645646040819687, 44.937773492747468 ], [ 0.645683479313933, 44.937792058756337 ], [ 0.645695867991436, 44.937801244990382 ], [ 0.645732761575878, 44.937837796386205 ], [ 0.645745150271652, 44.937846982614921 ], [ 0.645966785314642, 44.938057298015906 ], [ 0.645979174097696, 44.938066484219227 ], [ 0.645978901663662, 44.938075476922457 ], [ 0.645991562884828, 44.938075670421206 ], [ 0.646016340471332, 44.938094042821113 ], [ 0.646016068043155, 44.93810303552457 ], [ 0.64601579561489, 44.938112028228076 ], [ 0.646065350852473, 44.93814877301218 ], [ 0.646077739672069, 44.938157959204794 ], [ 0.646188149627401, 44.938276605695592 ], [ 0.646200810894939, 44.938276799170438 ], [ 0.64650835507046, 44.938578394864109 ], [ 0.646619039107589, 44.938688048238546 ], [ 0.646690650125815, 44.938833092090007 ], [ 0.646845990142403, 44.939141358498311 ], [ 0.646870496187946, 44.939168723424267 ], [ 0.646870223892204, 44.939177716133578 ], [ 0.647096634437043, 44.939649011388695 ], [ 0.647108206980301, 44.939685175606485 ], [ 0.647120868570712, 44.939685368976406 ], [ 0.647240134036198, 44.939930105832417 ], [ 0.647323593261936, 44.940102320840523 ], [ 0.647323321034674, 44.940111313554205 ], [ 0.647335982722548, 44.940111506899669 ], [ 0.64734837218724, 44.940120692957365 ], [ 0.647648170148473, 44.940260223501127 ], [ 0.647723051832163, 44.940297354190363 ], [ 0.647735713563648, 44.940297547490097 ], [ 0.647885749385357, 44.940362815985189 ], [ 0.648023123795987, 44.9404278910133 ], [ 0.648210329378662, 44.94052071701504 ], [ 0.648347704556746, 44.940585791644736 ], [ 0.648385145837432, 44.940604356761568 ], [ 0.648397807640892, 44.940604549985636 ], [ 0.648535183244108, 44.940669624384995 ], [ 0.648572352614671, 44.940697182158026 ], [ 0.648584470386103, 44.940715360798691 ], [ 0.6485841983591, 44.94072435351768 ], [ 0.648596860190484, 44.940724546719032 ], [ 0.648596588165433, 44.940733539438121 ], [ 0.648596316140294, 44.940742532157259 ], [ 0.648596044115068, 44.940751524876404 ], [ 0.64860870595266, 44.94075171807637 ], [ 0.648608433929387, 44.940760710795573 ], [ 0.648657177180542, 44.940824432617404 ], [ 0.648669839034895, 44.940824625810386 ], [ 0.648767325900532, 44.94095206938335 ], [ 0.64876705390185, 44.940961062103653 ], [ 0.648815797509245, 44.941024783860712 ], [ 0.648938064973279, 44.941170599084316 ], [ 0.649071635287094, 44.941361570940387 ], [ 0.649108533437925, 44.941398121263738 ], [ 0.649120923480238, 44.941407307127967 ], [ 0.649120651536336, 44.941416299850722 ], [ 0.649133041584682, 44.941425485713701 ], [ 0.649132769642645, 44.941434478436562 ], [ 0.649242376805234, 44.941580100207744 ], [ 0.649340138209033, 44.941698550590573 ], [ 0.649352256448176, 44.941716729154379 ], [ 0.649389155017778, 44.941753279389388 ], [ 0.649426325532225, 44.941780836887794 ], [ 0.64943898760632, 44.941781029993038 ], [ 0.64948882024444, 44.941808780574547 ], [ 0.64950121044058, 44.941817966397778 ], [ 0.649589301281165, 44.941837303494836 ], [ 0.649601963368641, 44.941837496581414 ], [ 0.649601691500186, 44.941846489306897 ], [ 0.64976548314555, 44.941875977479135 ], [ 0.649815859699408, 44.941885742462425 ], [ 0.649828521798663, 44.941885935523089 ], [ 0.649954599172409, 44.9419058515034 ], [ 0.649967261276708, 44.941906044548261 ], [ 0.650069101701157, 44.941889603400824 ], [ 0.650082035593442, 44.941880803705658 ], [ 0.650094697692497, 44.941880996735911 ], [ 0.650133227556157, 44.941863590363958 ], [ 0.650145889651482, 44.941863783388364 ], [ 0.650273869410733, 44.941820749916225 ], [ 0.650286531496822, 44.94182094292448 ], [ 0.650376253075971, 44.941786323032375 ], [ 0.650414782786391, 44.941768916562914 ], [ 0.650555424186062, 44.941726075758559 ], [ 0.650568086251635, 44.941726268734584 ], [ 0.650734323224115, 44.941674820923545 ], [ 0.650746985278672, 44.941675013879085 ], [ 0.650988107620305, 44.941660694302321 ], [ 0.651051417882332, 44.941661658920353 ], [ 0.651356393509573, 44.941630317665499 ], [ 0.65161072063281, 44.941598204157962 ], [ 0.651674302367869, 44.94159017568974 ], [ 0.651686964406466, 44.941590368537753 ], [ 0.651724950522782, 44.941590947072989 ], [ 0.65183890887646, 44.941592682600515 ], [ 0.651914881116186, 44.941593839553718 ], [ 0.65223143214896, 44.941598659630579 ], [ 0.65229474236208, 44.941599623537329 ], [ 0.652509725704522, 44.941611893281433 ], [ 0.652522116354359, 44.941621078766097 ], [ 0.652610207931135, 44.941640413457684 ], [ 0.652736014380692, 44.941669319000496 ], [ 0.652786391267881, 44.941679082631012 ], [ 0.652799053330502, 44.941679275351774 ], [ 0.652798781978197, 44.941688268084974 ], [ 0.652811444042945, 44.941688460804315 ], [ 0.652849158893483, 44.941698031687068 ], [ 0.653061429635929, 44.941800227696234 ], [ 0.653061158325329, 44.941809220430571 ], [ 0.653073820418439, 44.941809413119891 ], [ 0.653111264093151, 44.941827976648206 ], [ 0.653185880226528, 44.941874096402174 ], [ 0.653198542334792, 44.941874289077269 ], [ 0.653323264541239, 44.941939164895913 ], [ 0.653373370513903, 44.941957920996003 ], [ 0.653560590133472, 44.942050738011716 ], [ 0.653598034132146, 44.942069301377288 ], [ 0.653610696286144, 44.942069494005267 ], [ 0.653635749375114, 44.942078871993623 ], [ 0.653835903202691, 44.942162888435142 ], [ 0.653898400551662, 44.942190829637838 ], [ 0.653910791558744, 44.942200014969323 ], [ 0.653998342207911, 44.942237334037138 ], [ 0.654048448675364, 44.942256089834075 ], [ 0.654085892974219, 44.942274653036257 ], [ 0.654148390573616, 44.942302594099182 ], [ 0.654160781646686, 44.942311779403099 ], [ 0.654223279325188, 44.942339720424222 ], [ 0.654260452618372, 44.942367276307174 ], [ 0.654347461551597, 44.942422580580462 ], [ 0.654384634961338, 44.9424501364227 ], [ 0.654507462268146, 44.942577960104607 ], [ 0.654519582382182, 44.942596138110098 ], [ 0.654568605060946, 44.942650864637955 ], [ 0.654568333989173, 44.94265985737902 ], [ 0.654579912000759, 44.942696020860851 ], [ 0.654614917190593, 44.942795518560416 ], [ 0.654627037386911, 44.942813696555703 ], [ 0.654651548862572, 44.942841059800742 ], [ 0.6546763314177, 44.942859430298618 ], [ 0.654738829967985, 44.942887371035049 ], [ 0.654801599616333, 44.942906318993991 ], [ 0.654964584094097, 44.94296277771587 ], [ 0.655065070009041, 44.942991295680635 ], [ 0.655253379765262, 44.943048138898803 ], [ 0.655266042147155, 44.943048331337671 ], [ 0.65526577118588, 44.94305732408187 ], [ 0.655541905403089, 44.943142492076802 ], [ 0.655567230211787, 44.943142876887102 ], [ 0.655667716759236, 44.943171394307114 ], [ 0.655755811874406, 44.943190726508931 ], [ 0.655843907050636, 44.943210058640794 ], [ 0.655869231892091, 44.943210443382021 ], [ 0.65600824768396, 44.943221552101811 ], [ 0.656046234955802, 44.943222129155096 ], [ 0.65612248032586, 44.943214290475559 ], [ 0.656173400832574, 44.943206067077611 ], [ 0.656186063253489, 44.943206259411248 ], [ 0.656236983743499, 44.943198035984082 ], [ 0.656275241800965, 44.943189620211513 ], [ 0.656338824678483, 44.943181589059513 ], [ 0.656363878725525, 44.943190966434997 ], [ 0.65647729895862, 44.943210682685063 ], [ 0.656627894328045, 44.943257953917559 ], [ 0.656740773341437, 44.943295655395353 ], [ 0.656978652913626, 44.943389235749883 ], [ 0.657003707161484, 44.943398612981376 ], [ 0.657280386998691, 44.943465791152704 ], [ 0.657657826347796, 44.94355249150135 ], [ 0.657984887294238, 44.943629429315969 ], [ 0.658098308991742, 44.943649143909191 ], [ 0.658236514864714, 44.943687228093957 ], [ 0.658274231997317, 44.943696797136894 ], [ 0.658387383472762, 44.943725504188784 ], [ 0.658537981850607, 44.943772772833704 ], [ 0.658676188330047, 44.943810856471657 ], [ 0.658713905621662, 44.943820425365274 ], [ 0.658726568190785, 44.943820617408434 ], [ 0.658764015096512, 44.943839179040822 ], [ 0.658776677670065, 44.943839371078212 ], [ 0.65901348153052, 44.943968918108034 ], [ 0.659250556814841, 44.944089471880446 ], [ 0.659549865320709, 44.944246955947193 ], [ 0.659574920386018, 44.944256332600283 ], [ 0.65959997545975, 44.944265709247766 ], [ 0.659599705191233, 44.944274702007228 ], [ 0.659624760277381, 44.944284078649176 ], [ 0.659636882429661, 44.944302256107527 ], [ 0.659674329961614, 44.944320817435766 ], [ 0.659711507267637, 44.944348371511531 ], [ 0.659835702117621, 44.944431225582136 ], [ 0.659897664570218, 44.944477148946703 ], [ 0.659910057072981, 44.944486333615572 ], [ 0.659922719797382, 44.944486525522031 ], [ 0.660097836433774, 44.944561154153163 ], [ 0.660247357853935, 44.944644391537864 ], [ 0.660309591038346, 44.944681321913386 ], [ 0.660434597926967, 44.944737197034762 ], [ 0.660484168547215, 44.944773935465669 ], [ 0.660521616677742, 44.944792496510992 ], [ 0.660534009353295, 44.944801681111258 ], [ 0.660683532069021, 44.944884917915253 ], [ 0.660592191233542, 44.944973502791171 ], [ 0.660765419703669, 44.945111079735348 ], [ 0.660814720797127, 44.945156810789264 ], [ 0.660827383676841, 44.945157002592396 ], [ 0.661052075062017, 44.945268367997663 ], [ 0.661051805022735, 44.945277360764287 ], [ 0.661076860803327, 44.945286737081567 ], [ 0.661089253680103, 44.945295921621508 ], [ 0.661113769416386, 44.945323283464262 ], [ 0.661163341004763, 44.945360021599846 ], [ 0.66117573391206, 44.945369206130351 ], [ 0.661212642644464, 44.9454057524813 ], [ 0.661225035570038, 44.945414937006468 ], [ 0.661237428499694, 44.94542412153028 ], [ 0.661324989110466, 44.945461434855133 ], [ 0.661462661728143, 44.945517500578745 ], [ 0.661475324691965, 44.945517692307803 ], [ 0.661475054719711, 44.945526685076366 ], [ 0.661512773651599, 44.945536253023604 ], [ 0.661575548581429, 44.945555197163586 ], [ 0.661613267549835, 44.945564765076753 ], [ 0.661638323553897, 44.945574141268104 ], [ 0.661688435587291, 44.945592893633979 ], [ 0.661688165649028, 44.945601886403317 ], [ 0.661700828632782, 44.945602078106596 ], [ 0.661788389832871, 44.945639391067786 ], [ 0.661813445899888, 44.945648767219815 ], [ 0.661813175981508, 44.945657759989686 ], [ 0.661875951150099, 44.945676703960324 ], [ 0.661901007248596, 44.945686080092699 ], [ 0.662013624852844, 44.945732769003989 ], [ 0.662026287867428, 44.945732960670043 ], [ 0.662063197397769, 44.945769506742963 ], [ 0.662088253569425, 44.945778882833309 ], [ 0.662188208481551, 44.945825379909849 ], [ 0.66230109644822, 44.945863075759938 ], [ 0.662426917442217, 44.945891970343553 ], [ 0.662426647621561, 44.945900963115839 ], [ 0.662439310675747, 44.945901154734685 ], [ 0.662564322431295, 44.945957027480056 ], [ 0.662740796071593, 44.945986688111965 ], [ 0.662753459146318, 44.945986879694942 ], [ 0.66276612222113, 44.945987071276406 ], [ 0.66277878529603, 44.945987262856505 ], [ 0.662791718133279, 44.945978461661589 ], [ 0.662804381206311, 44.945978653238683 ], [ 0.662829977108692, 44.945970043615006 ], [ 0.663072463495924, 44.945910733830672 ], [ 0.663085126554546, 44.945910925375635 ], [ 0.663276420863136, 44.945868834504353 ], [ 0.663289353594411, 44.945860033251577 ], [ 0.663302016642268, 44.945860224771742 ], [ 0.663314949367507, 44.945851423516039 ], [ 0.663340275459574, 44.945851806549022 ], [ 0.663557165085523, 44.945801105445824 ], [ 0.663570097756798, 44.945792304160499 ], [ 0.663582760790244, 44.945792495648497 ], [ 0.663595423823776, 44.945792687135075 ], [ 0.66360781722764, 44.94580187139514 ], [ 0.663620480263388, 44.94580206287884 ], [ 0.663720706106065, 44.945839565797606 ], [ 0.663720436494241, 44.945848558572976 ], [ 0.663733099540973, 44.945848750043801 ], [ 0.663757886423031, 44.945867118532242 ], [ 0.663770279870183, 44.945876302774401 ], [ 0.663919540715192, 44.94596852802222 ], [ 0.663931934211489, 44.945977712246695 ], [ 0.663944597288268, 44.945977903693354 ], [ 0.663956721216328, 44.945996080691536 ], [ 0.664056408516474, 44.946051568862906 ], [ 0.664056138957745, 44.946060561639896 ], [ 0.664068802053758, 44.946060753072352 ], [ 0.664143432908124, 44.946106865523312 ], [ 0.664242851062822, 44.946171346306954 ], [ 0.664255514184625, 44.946171537718072 ], [ 0.664267907781345, 44.946180721905691 ], [ 0.66429296450829, 44.946190097498814 ], [ 0.664429833409142, 44.946273137885527 ], [ 0.664454620709213, 44.946291506221172 ], [ 0.664479677517306, 44.946300881772444 ], [ 0.664492071179671, 44.946310065935513 ], [ 0.664517128002395, 44.946319441478387 ], [ 0.664529521675051, 44.946328625637271 ], [ 0.664541915351788, 44.946337809794819 ], [ 0.664554578512406, 44.946338001171775 ], [ 0.664566972195352, 44.946347185326566 ], [ 0.66467986282553, 44.946384878759858 ], [ 0.664692525997308, 44.946385070121011 ], [ 0.664717313433621, 44.94640343839874 ], [ 0.664717043979738, 44.946412431178608 ], [ 0.66472943770597, 44.946421615315451 ], [ 0.664689561956845, 44.946483990699889 ], [ 0.664701686237662, 44.946502167620217 ], [ 0.664714079981303, 44.946511351759149 ], [ 0.664827509916685, 44.946531059483817 ], [ 0.66497866015106, 44.946560333863218 ], [ 0.665054370027906, 44.946570474585073 ], [ 0.665067033243102, 44.946570665903458 ], [ 0.665092359673755, 44.946571048535866 ], [ 0.665105022889211, 44.946571239849916 ], [ 0.665117686104755, 44.946571431162518 ], [ 0.665180732803833, 44.946581380485391 ], [ 0.665205789864182, 44.946590755873537 ], [ 0.665243510155486, 44.946600322554247 ], [ 0.665306287549777, 44.946619264587667 ], [ 0.665318950776912, 44.946619455877219 ], [ 0.665381728218354, 44.946638397868043 ], [ 0.665432111806091, 44.946648155765629 ], [ 0.665444775040218, 44.946648347040828 ], [ 0.665519946469915, 44.946676473009909 ], [ 0.665532609710771, 44.946676664275067 ], [ 0.66558272404378, 44.94669541488723 ], [ 0.665720942573822, 44.946733489779149 ], [ 0.665846498029034, 44.946771373271318 ], [ 0.665884218552363, 44.946780939734488 ], [ 0.66597232290826, 44.946800263837332 ], [ 0.665984986178771, 44.946800455050742 ], [ 0.66612320524367, 44.946838529442196 ], [ 0.666135599296096, 44.946847713423359 ], [ 0.666135330068721, 44.946856706208365 ], [ 0.66612212832583, 44.946874500582176 ], [ 0.666043725419972, 44.946954288438853 ], [ 0.666017052574001, 44.94699886994956 ], [ 0.665988764173691, 44.947097408166876 ], [ 0.665958321612676, 44.947267888667227 ], [ 0.665900667158974, 44.947500936233958 ], [ 0.665900397890568, 44.947509929020612 ], [ 0.665913061321943, 44.947510120242427 ], [ 0.666013561025423, 44.947538628325837 ], [ 0.665999551324225, 44.947583401050792 ], [ 0.665999012818412, 44.947601386625131 ], [ 0.665997666552366, 44.947646350561556 ], [ 0.665996320284148, 44.947691314498634 ], [ 0.66599120444512, 44.947862177466533 ], [ 0.66598797337274, 44.947970090925438 ], [ 0.665987704116145, 44.947979083713889 ], [ 0.666007646124072, 44.948159321912641 ], [ 0.666014655386761, 44.948348361701008 ], [ 0.666014386132639, 44.948357354490803 ], [ 0.66602570349509, 44.948402509649334 ], [ 0.666025434242489, 44.948411502439335 ], [ 0.666036482373788, 44.948465650387874 ], [ 0.666023549471847, 44.948474451970149 ], [ 0.665924940960531, 44.948805846723793 ], [ 0.665897728583491, 44.94886841381868 ], [ 0.665897190032437, 44.948886399401189 ], [ 0.66589692075678, 44.948895392192483 ], [ 0.665826600565671, 44.949128248638118 ], [ 0.665770559428518, 44.949307339542884 ], [ 0.665727451116835, 44.949477628881773 ], [ 0.665727181810955, 44.949486621674652 ], [ 0.665739576386586, 44.949495805709716 ], [ 0.665889927294086, 44.949552057263361 ], [ 0.665889658014043, 44.949561050056914 ], [ 0.665807480887194, 44.949766736940276 ], [ 0.665712639164494, 44.949972232534101 ], [ 0.665712369853839, 44.949981225328621 ], [ 0.665725033845639, 44.949981416572584 ], [ 0.665712100543094, 44.949990218123169 ], [ 0.665762217913566, 44.95000896867986 ], [ 0.665761948610726, 44.950017961474629 ], [ 0.665748476695335, 44.95004474861922 ], [ 0.665735543381804, 44.950053550172761 ], [ 0.665655788851488, 44.95017830182217 ], [ 0.665642855492363, 44.950187103365295 ], [ 0.665549628481895, 44.950338642077099 ], [ 0.665348350190911, 44.950290617703878 ], [ 0.665260240537911, 44.950271293074806 ], [ 0.665259971152871, 44.950280285869162 ], [ 0.665217129923154, 44.950441582274998 ], [ 0.665131985536478, 44.950746189474323 ], [ 0.665059773873244, 44.951041995166342 ], [ 0.664962502287806, 44.951328425387558 ], [ 0.664962232849653, 44.951337418184757 ], [ 0.664948760231484, 44.951364205244786 ], [ 0.664907264509029, 44.951480537606542 ], [ 0.664906995061236, 44.951489530404103 ], [ 0.66489433072982, 44.95148933906615 ], [ 0.664824003082519, 44.95172219509638 ], [ 0.664686310380945, 44.95208898629145 ], [ 0.664685501921606, 44.952115964688652 ], [ 0.664616789604992, 44.952294863841978 ], [ 0.664603047088773, 44.952330643668915 ], [ 0.664602777587821, 44.952339636468558 ], [ 0.664602508086783, 44.952348629268236 ], [ 0.664558854840242, 44.952536903942843 ], [ 0.664545381738596, 44.952563690965512 ], [ 0.66454511222722, 44.95257268376578 ], [ 0.664544842715756, 44.952581676566112 ], [ 0.664530022026435, 44.952653427589759 ], [ 0.664517357432035, 44.952653236208405 ], [ 0.664447026743237, 44.952886092098616 ], [ 0.66436403076759, 44.953118756565075 ], [ 0.66435082697733, 44.953136550767923 ], [ 0.66438828200944, 44.953155110568822 ], [ 0.664388012469874, 44.953164103370703 ], [ 0.664450257902219, 44.95320103154603 ], [ 0.664449988372424, 44.953210024348252 ], [ 0.664611395701058, 44.953320425928432 ], [ 0.664623790944928, 44.953329610102237 ], [ 0.664661246197519, 44.953348169812308 ], [ 0.664673641455765, 44.953357353980564 ], [ 0.664761755780745, 44.953376679102682 ], [ 0.664774420540255, 44.953376870456275 ], [ 0.664875199695277, 44.953396386840375 ], [ 0.664900259765971, 44.95340576232411 ], [ 0.664912924532559, 44.953405953661857 ], [ 0.664925319845089, 44.953415137802203 ], [ 0.664949841032073, 44.953442498883177 ], [ 0.664962236358804, 44.953451683019537 ], [ 0.665022326981065, 44.953560553314375 ], [ 0.665034722345969, 44.953569737443068 ], [ 0.665083495557577, 44.953633452359959 ], [ 0.665120412319434, 44.953669997527719 ], [ 0.665145203134274, 44.953688365762595 ], [ 0.665157867965875, 44.953688557072368 ], [ 0.665157598547816, 44.953697549878036 ], [ 0.665182658801299, 44.953706925299031 ], [ 0.665220383901365, 44.95371649201703 ], [ 0.665233048739612, 44.953716683318177 ], [ 0.665397152885555, 44.953737155714357 ], [ 0.665851202162452, 44.953806990569838 ], [ 0.665876531884458, 44.953807373026429 ], [ 0.665901861606813, 44.9538077554772 ], [ 0.665990246353402, 44.953818086817577 ], [ 0.666053301399784, 44.953828035677049 ], [ 0.666065966266215, 44.953828226882955 ], [ 0.666331390022357, 44.953850227490619 ], [ 0.666432709004184, 44.953851756842802 ], [ 0.66649576416756, 44.9538617054504 ], [ 0.666546423670458, 44.953862470062916 ], [ 0.666597352361505, 44.953854241842265 ], [ 0.666673341608296, 44.953855388682562 ], [ 0.666711336232862, 44.953855962083132 ], [ 0.666774660608876, 44.953856917721794 ], [ 0.667116881379838, 44.953853084733261 ], [ 0.667129546255604, 44.953853275817501 ], [ 0.667155145104173, 44.953844665170323 ], [ 0.667167809978157, 44.953844856250164 ], [ 0.667193677907432, 44.95382725278278 ], [ 0.667245144635028, 44.953801038641672 ], [ 0.667258078579341, 44.953792236899844 ], [ 0.66728367738005, 44.953783626223078 ], [ 0.667321941031551, 44.953775206602657 ], [ 0.667334605890336, 44.953775397663414 ], [ 0.667347539814585, 44.953766595911155 ], [ 0.667360473734751, 44.953757794157461 ], [ 0.667399006413891, 44.953740381698978 ], [ 0.667411940319857, 44.953731579939358 ], [ 0.667438077170024, 44.953704983604084 ], [ 0.667451011061614, 44.953696181839959 ], [ 0.667464213995262, 44.953678387262883 ], [ 0.667489812711893, 44.953669776538746 ], [ 0.667490081753777, 44.953660783727258 ], [ 0.667502746587154, 44.953660974768717 ], [ 0.667528614325431, 44.953643371224196 ], [ 0.667541279154987, 44.953643562261234 ], [ 0.667579273644175, 44.95364413536376 ], [ 0.667591938474077, 44.953644326395029 ], [ 0.667604603304067, 44.953644517424848 ], [ 0.667604334280726, 44.953653510236592 ], [ 0.667616999112843, 44.953653701265004 ], [ 0.667654455579104, 44.953672259965387 ], [ 0.667666851402255, 44.953681443800072 ], [ 0.667704038896204, 44.953708995296026 ], [ 0.667753891278333, 44.953736737792539 ], [ 0.667778951985844, 44.95374611262622 ], [ 0.667804281693417, 44.95374649464167 ], [ 0.667816677557738, 44.953755678459913 ], [ 0.667829342413784, 44.953755869464011 ], [ 0.667867605963869, 44.953747449654955 ], [ 0.667931737149646, 44.953721426193354 ], [ 0.667944401998306, 44.953721617184321 ], [ 0.668008264160089, 44.953704586491398 ], [ 0.668020929005188, 44.953704777473575 ], [ 0.668046258695647, 44.953705159433625 ], [ 0.668109313981095, 44.953715107121688 ], [ 0.668121978828929, 44.953715298092341 ], [ 0.668147039588678, 44.953724672842661 ], [ 0.668172369289036, 44.953725054773884 ], [ 0.668172100356852, 44.953734047587368 ], [ 0.668234348930691, 44.953770973645057 ], [ 0.668247013791639, 44.953771164601434 ], [ 0.668283932717495, 44.953807708717662 ], [ 0.668296597586953, 44.953807899668369 ], [ 0.668308993545989, 44.953817083431701 ], [ 0.668321120600461, 44.953835260007857 ], [ 0.668333785476304, 44.953835450954301 ], [ 0.668346181447585, 44.953844634713626 ], [ 0.668358846325644, 44.953844825657185 ], [ 0.668371511203789, 44.953845016599345 ], [ 0.668384444980545, 44.953836214725605 ], [ 0.66839737875322, 44.953827412850416 ], [ 0.668410312521812, 44.95381861097372 ], [ 0.668449113803096, 44.953792205334729 ], [ 0.6684617786696, 44.953792396266536 ], [ 0.66847471241991, 44.953783594382401 ], [ 0.668512707014082, 44.953784167164649 ], [ 0.668525371878979, 44.953784358089123 ], [ 0.668563366474192, 44.953784930853963 ], [ 0.668575762472048, 44.953794114587417 ], [ 0.668651213967039, 44.953813245699351 ], [ 0.668663609985654, 44.953822429423049 ], [ 0.668712925255305, 44.953868157119672 ], [ 0.66872559013996, 44.953868348021288 ], [ 0.668763047119257, 44.953886906348401 ], [ 0.668788108063869, 44.953896280954346 ], [ 0.668838767629586, 44.953897044517767 ], [ 0.668927153061648, 44.953907373513971 ], [ 0.669041943491871, 44.953882112907095 ], [ 0.669092871832675, 44.953873883537987 ], [ 0.669105536719931, 44.953874074396147 ], [ 0.669118201607274, 44.953874265252878 ], [ 0.66914353138222, 44.953874646961893 ], [ 0.669156196269822, 44.953874837814269 ], [ 0.669206318288791, 44.953893586842469 ], [ 0.669218983180909, 44.953893777687661 ], [ 0.669244312965406, 44.953894159373668 ], [ 0.669295241287351, 44.953885929911387 ], [ 0.669295510039173, 44.953876937094556 ], [ 0.669320839816547, 44.953877318763055 ], [ 0.669333773450978, 44.953868516778172 ], [ 0.66934643833784, 44.953868707608756 ], [ 0.669397097886154, 44.953869470916615 ], [ 0.669434823819015, 44.95387903619951 ], [ 0.669497879548699, 44.953888983097535 ], [ 0.669535874225172, 44.95388955552869 ], [ 0.669548270406416, 44.953898739153701 ], [ 0.66957360019542, 44.953899120764355 ], [ 0.669586265090052, 44.953899311567504 ], [ 0.669598661281761, 44.953908495186901 ], [ 0.669611326178609, 44.953908685987201 ], [ 0.669623991075542, 44.953908876786052 ], [ 0.669623722376528, 44.953917869603863 ], [ 0.669636118578529, 44.953927053219154 ], [ 0.66966010491481, 44.953972398899886 ], [ 0.669659567527729, 44.953990384536112 ], [ 0.669671963751751, 44.95399956814768 ], [ 0.669684359979854, 44.954008751757868 ], [ 0.669709152448308, 44.954027118974203 ], [ 0.669721817372469, 44.954027309761884 ], [ 0.669721548688659, 44.95403630258032 ], [ 0.66972128000476, 44.954045295398828 ], [ 0.669720473952547, 44.954072273854479 ], [ 0.66970780901818, 44.954072083066606 ], [ 0.669707271645523, 44.954090068703813 ], [ 0.66969460670716, 44.954089877914406 ], [ 0.66969433801866, 44.954098870733056 ], [ 0.669667933366916, 44.954134460424342 ], [ 0.66965499972355, 44.954143262449094 ], [ 0.669654731028406, 44.954152255267765 ], [ 0.669628326326114, 44.954187844950276 ], [ 0.669627788926709, 44.954205830587853 ], [ 0.669652850159975, 44.954215204999365 ], [ 0.669741504928549, 44.954216540528101 ], [ 0.669792433471511, 44.95420831083625 ], [ 0.669805098437101, 44.954208501614474 ], [ 0.669830159701371, 44.95421787598584 ], [ 0.669855489637242, 44.954218257532176 ], [ 0.66988081957346, 44.954218639072693 ], [ 0.669893215884645, 44.954227822660329 ], [ 0.669930942144987, 44.954237387775628 ], [ 0.669943607117656, 44.954237578537992 ], [ 0.66995627209041, 44.954237769298913 ], [ 0.669969205708146, 44.954228967238599 ], [ 0.669981870679032, 44.954229157996608 ], [ 0.669982139321799, 44.9542201651768 ], [ 0.669982407964478, 44.95421117235707 ], [ 0.669995878852765, 44.954184384654376 ], [ 0.67000881245187, 44.954175582589613 ], [ 0.669997222053359, 44.95413942055638 ], [ 0.669999639808968, 44.954058485181882 ], [ 0.670012842015236, 44.954040690297802 ], [ 0.670013110652099, 44.954031697478605 ], [ 0.670026044213077, 44.954022895412287 ], [ 0.670038709137364, 44.95402308616373 ], [ 0.670051374061737, 44.954023276913674 ], [ 0.670064038986197, 44.954023467662225 ], [ 0.670089368835376, 44.954023849154908 ], [ 0.670114698684903, 44.954024230641807 ], [ 0.670152156231105, 44.954042788500445 ], [ 0.670164552547883, 44.95405197205708 ], [ 0.670202010129305, 44.954070529899042 ], [ 0.670252401274216, 44.95408028563552 ], [ 0.670265066212309, 44.95408047636105 ], [ 0.670290127496363, 44.954089850627881 ], [ 0.670302792436756, 44.954090041349076 ], [ 0.670328122317804, 44.954090422787203 ], [ 0.670340787258459, 44.954090613504079 ], [ 0.670365848559794, 44.954099987753786 ], [ 0.670378513502749, 44.954100178466369 ], [ 0.67039144702194, 44.95409137635707 ], [ 0.670416776904202, 44.954091757774925 ], [ 0.670429710415401, 44.954082955661185 ], [ 0.670468242360949, 44.95406554213158 ], [ 0.670493572232003, 44.954065923531815 ], [ 0.670506237167659, 44.954066114229782 ], [ 0.670518902103401, 44.954066304926251 ], [ 0.670531567039232, 44.954066495621277 ], [ 0.670556628361796, 44.95407586982779 ], [ 0.670569293299928, 44.95407606051851 ], [ 0.670569024752527, 44.954085053339277 ], [ 0.670606213949213, 44.95411260386571 ], [ 0.670618341816604, 44.95413078019287 ], [ 0.670630738229701, 44.954139963697692 ], [ 0.670655262534251, 44.954167323524523 ], [ 0.670667390429525, 44.954185499846723 ], [ 0.670667121897415, 44.954194492668137 ], [ 0.670679249802463, 44.954212668989214 ], [ 0.670691646243789, 44.954221852487478 ], [ 0.67071643913869, 44.954240219479992 ], [ 0.670728835592265, 44.95424940297427 ], [ 0.670778689961988, 44.95427714411565 ], [ 0.670803751420743, 44.954286518267004 ], [ 0.67082881288792, 44.95429589241273 ], [ 0.670904265834544, 44.954315021993679 ], [ 0.670903997340003, 44.954324014816109 ], [ 0.670941186861495, 44.954351565232699 ], [ 0.671002364041732, 44.954424461035671 ], [ 0.671051950232642, 44.954461194879237 ], [ 0.671101268025258, 44.954506921524683 ], [ 0.67112632964148, 44.954516295603959 ], [ 0.671200977645173, 44.954562403455903 ], [ 0.671238435914263, 44.95458096095124 ], [ 0.671250832529524, 44.954590144388334 ], [ 0.671338951080865, 44.954609464286904 ], [ 0.671376677847304, 44.954619028911289 ], [ 0.67149012662589, 44.954638729882454 ], [ 0.671540786902957, 44.954639492210021 ], [ 0.671591178796105, 44.954649247339724 ], [ 0.671666364108936, 44.954677369229692 ], [ 0.671765269522684, 44.954759829134318 ], [ 0.671777666264447, 44.954769012513118 ], [ 0.671864443571109, 44.954833296126743 ], [ 0.671876840345534, 44.954842479494729 ], [ 0.671965227838466, 44.954852806070328 ], [ 0.67216921122454, 44.954810890235606 ], [ 0.672232805060842, 44.954802849925713 ], [ 0.672309063986146, 44.954795000071101 ], [ 0.67234705930867, 44.954795571538014 ], [ 0.672435446814329, 44.954805897737963 ], [ 0.672473442145575, 44.954806469161475 ], [ 0.672586891692853, 44.95482616901058 ], [ 0.672637015720024, 44.954844916493606 ], [ 0.672649680839902, 44.954845106946479 ], [ 0.672674474656674, 44.954863473505476 ], [ 0.672761789539848, 44.954909770760871 ], [ 0.672786583422285, 44.954928137295241 ], [ 0.672908675856532, 44.955082919696011 ], [ 0.672945598705148, 44.955119462278496 ], [ 0.672957995721201, 44.955128645526543 ], [ 0.673057976451088, 44.955175132969636 ], [ 0.673083038696449, 44.955184506608752 ], [ 0.673133431351783, 44.955194261038891 ], [ 0.673158493618422, 44.955203634661011 ], [ 0.673221283384518, 44.955222572275837 ], [ 0.673221015259207, 44.955231565107276 ], [ 0.673258742769218, 44.955241129092983 ], [ 0.673296202178846, 44.955259685897573 ], [ 0.673308867395163, 44.955259876275193 ], [ 0.67332126450224, 44.955269059483115 ], [ 0.673371925376886, 44.955269820973285 ], [ 0.673397792008797, 44.955252216045722 ], [ 0.673423658624378, 44.955234611112246 ], [ 0.673436323835437, 44.955234801475214 ], [ 0.673436591926045, 44.955225808643227 ], [ 0.673461922344339, 44.955226189364815 ], [ 0.673499649892025, 44.955235753268468 ], [ 0.673524444162366, 44.955254119640117 ], [ 0.673547361938531, 44.955335435833845 ], [ 0.673547093865256, 44.955344428666479 ], [ 0.673546825791895, 44.955353421499126 ], [ 0.673571083990918, 44.955389773526726 ], [ 0.673608275540547, 44.955417323059812 ], [ 0.673734123945679, 44.95544620491404 ], [ 0.673771583651217, 44.955464761559419 ], [ 0.673834373919476, 44.955483698828786 ], [ 0.673847039188501, 44.955483889144837 ], [ 0.673972619861969, 44.955521763562807 ], [ 0.674035410262663, 44.955540700718636 ], [ 0.674160991191975, 44.955578574923905 ], [ 0.67428657229185, 44.955616448987413 ], [ 0.674324300244946, 44.955626012611688 ], [ 0.674324032295549, 44.955635005447277 ], [ 0.674362028210978, 44.955635576223195 ], [ 0.674438555906134, 44.955618732064082 ], [ 0.674451221207886, 44.955618922311082 ], [ 0.674464154436493, 44.955610119720703 ], [ 0.674516691064356, 44.9555479308369 ], [ 0.674529624266169, 44.955539128239081 ], [ 0.674542825377554, 44.955521332804018 ], [ 0.674583232381695, 44.955440967983108 ], [ 0.674597237165849, 44.955396194035664 ], [ 0.674662706574998, 44.955325202480701 ], [ 0.674662974468296, 44.955316209645311 ], [ 0.674675907593285, 44.955307407031157 ], [ 0.674701773831015, 44.955289801798315 ], [ 0.674714706943756, 44.955280999179664 ], [ 0.674765635724803, 44.955272767196639 ], [ 0.674778568823515, 44.955263964570605 ], [ 0.674803631397972, 44.955273337820664 ], [ 0.674828426114434, 44.955291703900834 ], [ 0.674853220847228, 44.95531006997561 ], [ 0.674852685121955, 44.955328055647364 ], [ 0.674864011054623, 44.955373210026991 ], [ 0.67487560486509, 44.955409371569907 ], [ 0.674900399665732, 44.955427737634949 ], [ 0.674912797072177, 44.955436920665427 ], [ 0.674924926631062, 44.955455096531097 ], [ 0.674937591897313, 44.955455286722419 ], [ 0.674962386738779, 44.955473652773925 ], [ 0.674975052009372, 44.955473842960899 ], [ 0.67506370890594, 44.955475174229342 ], [ 0.675114369991596, 44.955475934922291 ], [ 0.675177964161595, 44.955467892918655 ], [ 0.675228893044931, 44.95545966072202 ], [ 0.675241558313256, 44.955459850878491 ], [ 0.675343683815539, 44.955434393565689 ], [ 0.675407010131292, 44.955435344268032 ], [ 0.675470604212812, 44.955427302096318 ], [ 0.675533930522676, 44.955428252726037 ], [ 0.675571926309631, 44.955428823086493 ], [ 0.675623122838081, 44.955411597870444 ], [ 0.675635788096834, 44.955411787981824 ], [ 0.675648721090446, 44.955402985253592 ], [ 0.675661654079975, 44.955394182523811 ], [ 0.675662189545002, 44.95537619684751 ], [ 0.675662725009684, 44.955358211171315 ], [ 0.675662992741895, 44.955349218333254 ], [ 0.675663528206059, 44.955331232657223 ], [ 0.675651398433405, 44.955313056873202 ], [ 0.675664063669877, 44.955313246981298 ], [ 0.67566459913335, 44.955295261305537 ], [ 0.675664866864957, 44.955286268467681 ], [ 0.675677799824872, 44.955277465736394 ], [ 0.67570339800723, 44.955268853107256 ], [ 0.675728996181682, 44.955260240472221 ], [ 0.675754058914196, 44.955269613507262 ], [ 0.675766724141153, 44.95526980360362 ], [ 0.675779389368197, 44.95526999369855 ], [ 0.675792054595326, 44.955270183792024 ], [ 0.675804719822543, 44.955270373884041 ], [ 0.675855380732271, 44.955271134237655 ], [ 0.675868045959919, 44.955271324322432 ], [ 0.675893644110079, 44.955262711649311 ], [ 0.675906577028423, 44.955253908891365 ], [ 0.675919509942685, 44.955245106131898 ], [ 0.675932442852862, 44.955236303370981 ], [ 0.675945643444966, 44.95521850777024 ], [ 0.675958576344852, 44.955209705006325 ], [ 0.675984709811915, 44.955183106635786 ], [ 0.676010575578853, 44.955165501097589 ], [ 0.676023240783043, 44.955165691164574 ], [ 0.676086566805282, 44.955166641477867 ], [ 0.676150160482425, 44.955158598916213 ], [ 0.676175758537281, 44.955149986178149 ], [ 0.676188691384957, 44.955141183387568 ], [ 0.676214289425871, 44.955132570640579 ], [ 0.676227222263427, 44.955123767845528 ], [ 0.676304819203032, 44.955070951044057 ], [ 0.676356818033243, 44.955026746974617 ], [ 0.676369483207103, 44.955026937001961 ], [ 0.676369750823763, 44.955017944163238 ], [ 0.67639561639256, 44.955000338536017 ], [ 0.676408281560554, 44.95500052855887 ], [ 0.676408013950189, 44.955009521397699 ], [ 0.676530384204317, 44.955155306977083 ], [ 0.676591837153098, 44.955219206879249 ], [ 0.676925413306848, 44.95508026097221 ], [ 0.677130731266696, 44.954993371787985 ], [ 0.677181926913978, 44.954976145853145 ], [ 0.677194592079159, 44.954976335786093 ], [ 0.67738697663893, 44.954898249036837 ], [ 0.677540562986524, 44.954846570807362 ], [ 0.677617623468048, 44.954811738771781 ], [ 0.677617890882426, 44.954802745930607 ], [ 0.677644023367454, 44.9547761471716 ], [ 0.67765802552747, 44.954731372846076 ], [ 0.677671492854735, 44.954704584201451 ], [ 0.677685762377436, 44.954650817032729 ], [ 0.677728570780457, 44.954489515522091 ], [ 0.677770576773544, 44.954355192524439 ], [ 0.677784578726276, 44.954310418189813 ], [ 0.677823108532477, 44.954293002096925 ], [ 0.677913100441395, 44.954249366881648 ], [ 0.678041621875145, 44.954188315425469 ], [ 0.678080151516728, 44.954170899243742 ], [ 0.678093083836791, 44.954162096233496 ], [ 0.678144813076227, 44.954126884177576 ], [ 0.678222674126235, 44.954065073208874 ], [ 0.678248538668215, 44.954047467154169 ], [ 0.678261203626141, 44.954047656964839 ], [ 0.678299733101984, 44.954030240707475 ], [ 0.678312398056171, 44.954030430512312 ], [ 0.678400785453497, 44.954040751945925 ], [ 0.678413450410414, 44.954040941739194 ], [ 0.678577827602289, 44.954052401760613 ], [ 0.678691545009262, 44.954063102506787 ], [ 0.678704209972245, 44.954063292266781 ], [ 0.678742739320553, 44.954045875855059 ], [ 0.678845395060878, 44.954002429639154 ], [ 0.678922720761101, 44.953958603863036 ], [ 0.679025109017417, 44.953924150323203 ], [ 0.679089235199763, 44.953898120391898 ], [ 0.679230152300377, 44.953846250118303 ], [ 0.679306676070019, 44.953829402602004 ], [ 0.679447592794788, 44.953777532052655 ], [ 0.679485854605405, 44.953769108226119 ], [ 0.679575844368123, 44.953725471665997 ], [ 0.679614640298001, 44.953699062110111 ], [ 0.679691697898719, 44.953664228643433 ], [ 0.679807284119321, 44.953611978343524 ], [ 0.67981994898366, 44.953612167975741 ], [ 0.679871142532512, 44.953594940804443 ], [ 0.679948199829175, 44.953560107160328 ], [ 0.680050586720456, 44.953525652675985 ], [ 0.68015350748365, 44.953473212411005 ], [ 0.680256428053305, 44.953420772051196 ], [ 0.680448802960497, 44.953342680018672 ], [ 0.680564120873405, 44.953299421776997 ], [ 0.680628779462265, 44.953255405271889 ], [ 0.680667307651485, 44.953237988194644 ], [ 0.680667574566592, 44.953228995351019 ], [ 0.68068023934689, 44.953229184884712 ], [ 0.680886612160045, 44.95310631741134 ], [ 0.680899543790306, 44.953097514076177 ], [ 0.681001929244691, 44.953063058716751 ], [ 0.681078718252463, 44.953037217135289 ], [ 0.681091382990612, 44.953037406621895 ], [ 0.681104047728846, 44.953037596107016 ], [ 0.681142308781672, 44.953029171709673 ], [ 0.681282421333262, 44.953004277369217 ], [ 0.681320682336288, 44.95299585291027 ], [ 0.681486390955257, 44.952962344383728 ], [ 0.681499055677788, 44.952962533823694 ], [ 0.68157557754957, 44.952945684742957 ], [ 0.681626503185393, 44.952937449608136 ], [ 0.681677695556935, 44.952920221604778 ], [ 0.681766882026749, 44.952903561810047 ], [ 0.681779546736886, 44.952903751217882 ], [ 0.681817807595864, 44.952895326587303 ], [ 0.681932590103448, 44.952870052616269 ], [ 0.6819835156175, 44.952861817317334 ], [ 0.681996180318894, 44.952862006700393 ], [ 0.682047105816211, 44.952853771372212 ], [ 0.682199348885583, 44.952847050939539 ], [ 0.682212013584357, 44.952847240297885 ], [ 0.682224678283217, 44.952847429654781 ], [ 0.682250007681195, 44.952847808364211 ], [ 0.682275337079517, 44.952848187067893 ], [ 0.682300933128069, 44.952839572919274 ], [ 0.68231359782549, 44.952839762266002 ], [ 0.682580889514815, 44.952798773977008 ], [ 0.682618883582394, 44.952799341916716 ], [ 0.682631548271759, 44.952799531227015 ], [ 0.682860845491987, 44.952757974326978 ], [ 0.68301362127084, 44.95273326707926 ], [ 0.683038950622329, 44.952733645608127 ], [ 0.683178795077273, 44.952717741716661 ], [ 0.68319145975001, 44.952717930962876 ], [ 0.683216789095742, 44.952718309451072 ], [ 0.683292777134999, 44.952719444880778 ], [ 0.683381429851376, 44.952720769482788 ], [ 0.683495411921478, 44.952722472438253 ], [ 0.683533405946392, 44.952723040063972 ], [ 0.683546070621534, 44.952723229269708 ], [ 0.683735774341042, 44.952735060030719 ], [ 0.683900415169014, 44.952737519290615 ], [ 0.683988801551333, 44.952747836256407 ], [ 0.684077454329369, 44.952749160301082 ], [ 0.684166107111612, 44.952750484274738 ], [ 0.684178771795133, 44.952750673408012 ], [ 0.68450778730322, 44.952764583216933 ], [ 0.684761081077169, 44.952768364825822 ], [ 0.684786410456453, 44.952768742954831 ], [ 0.684799075146223, 44.952768932017165 ], [ 0.684925455822307, 44.952779815413685 ], [ 0.685165818811709, 44.952792399901512 ], [ 0.685380852509635, 44.952804605880331 ], [ 0.685659209819688, 44.952817756275721 ], [ 0.685722533339839, 44.952818701073625 ], [ 0.686025954168116, 44.952841221311168 ], [ 0.686253652956429, 44.952853614515462 ], [ 0.686304045808536, 44.952863362941343 ], [ 0.686342039957991, 44.95286392960314 ], [ 0.686367369391391, 44.95286430737044 ], [ 0.686620131837117, 44.952886070439583 ], [ 0.686670790728137, 44.952886825841098 ], [ 0.686784773237948, 44.952888525409847 ], [ 0.686809836762434, 44.952897895933852 ], [ 0.686873160393062, 44.952898840073637 ], [ 0.686911154572467, 44.952899406540133 ], [ 0.686923819299108, 44.952899595359398 ], [ 0.687075264264781, 44.952919846795098 ], [ 0.68708792899662, 44.952920035595561 ], [ 0.687138322054554, 44.952929783642027 ], [ 0.687213778745376, 44.952948902098427 ], [ 0.687251507110188, 44.952958461307375 ], [ 0.68726417185139, 44.95295865008773 ], [ 0.687301634387266, 44.952977202139124 ], [ 0.687376825366047, 44.953005313344448 ], [ 0.687451484779995, 44.953051410219345 ], [ 0.687463883724579, 44.953060591837044 ], [ 0.687476548489691, 44.953060780593148 ], [ 0.687613468762548, 44.953143792561228 ], [ 0.687650931538968, 44.953162344495851 ], [ 0.687675729547206, 44.953180707686123 ], [ 0.687750389442977, 44.953226804362835 ], [ 0.687787852320699, 44.953245356251799 ], [ 0.68780025136377, 44.953254537832564 ], [ 0.687825315223341, 44.953263908128214 ], [ 0.687825049462161, 44.9532729009901 ], [ 0.687887576282298, 44.953300823135848 ], [ 0.687987034706745, 44.953365282793925 ], [ 0.687999699542814, 44.953365471490237 ], [ 0.688049295985905, 44.95340219771218 ], [ 0.688098892494311, 44.953438923912486 ], [ 0.688111557347481, 44.953439112595966 ], [ 0.688322343273057, 44.953595198681406 ], [ 0.68833474248189, 44.953604380203636 ], [ 0.688347141694805, 44.953613561724538 ], [ 0.688359540911805, 44.953622743244111 ], [ 0.688371940132885, 44.953631924762284 ], [ 0.688384339358047, 44.953641106279122 ], [ 0.688422068391725, 44.95365066509212 ], [ 0.688484861591023, 44.953669594040242 ], [ 0.688585383926687, 44.953698081710492 ], [ 0.688585118285989, 44.953707074575739 ], [ 0.688597783201694, 44.953707263203668 ], [ 0.688660576524349, 44.953726192052635 ], [ 0.688747902895308, 44.953772476686495 ], [ 0.688798031406801, 44.953791216847286 ], [ 0.688823095675178, 44.953800586919186 ], [ 0.688835760612924, 44.95380077551993 ], [ 0.689061870556657, 44.95386712015376 ], [ 0.689086934903472, 44.953876490166252 ], [ 0.689111999258709, 44.953885860173138 ], [ 0.689275581599408, 44.953924282911018 ], [ 0.689413834212466, 44.953962328342939 ], [ 0.689501958061296, 44.953981633781744 ], [ 0.68969087093249, 44.95402043295249 ], [ 0.689804059513888, 44.95404910802224 ], [ 0.68990511406671, 44.954059608759955 ], [ 0.68995550864665, 44.954069355529214 ], [ 0.689980838651947, 44.954069732470266 ], [ 0.690081893275423, 44.954080233046689 ], [ 0.690271072254886, 44.95411003835882 ], [ 0.690346531616321, 44.954129154690186 ], [ 0.690359196633826, 44.954129343116684 ], [ 0.690371861651418, 44.954129531541739 ], [ 0.690484254794326, 44.954185184531681 ], [ 0.690634112667117, 44.95425938834277 ], [ 0.690659177454353, 44.954268758000993 ], [ 0.69068397694497, 44.954287120526118 ], [ 0.690783705649443, 44.954342584826307 ], [ 0.690908499443704, 44.954407418640322 ], [ 0.690933564343563, 44.954416788237033 ], [ 0.690983694168545, 44.954435527413558 ], [ 0.690996359257776, 44.954435715767204 ], [ 0.691009024347092, 44.954435904119478 ], [ 0.691047019615554, 44.954436469167511 ], [ 0.691097679974702, 44.954437222544612 ], [ 0.691110345064702, 44.954437410885276 ], [ 0.691135940477886, 44.954428794688077 ], [ 0.691161270654404, 44.954429171359152 ], [ 0.691173935742791, 44.954429359692547 ], [ 0.691326712416518, 44.954404640956234 ], [ 0.691415898377213, 44.954387973377436 ], [ 0.691632530510172, 44.954346209976364 ], [ 0.691874492443562, 44.95430482265958 ], [ 0.691887422617244, 44.954296018035713 ], [ 0.691925417799309, 44.954296582782113 ], [ 0.692218569624675, 44.954237961937231 ], [ 0.692307755052303, 44.954221293640479 ], [ 0.692333085142495, 44.954221670043324 ], [ 0.692384010354565, 44.954213429955075 ], [ 0.692383745323903, 44.954222422831606 ], [ 0.692396410369468, 44.954222611025102 ], [ 0.692409075415119, 44.954222799217085 ], [ 0.692471870611653, 44.954241725909121 ], [ 0.692509600752143, 44.954251283331857 ], [ 0.692534930857316, 44.954251659688538 ], [ 0.692849702510688, 44.954319313803829 ], [ 0.692874767697058, 44.95432868296087 ], [ 0.693000888551006, 44.954348550025799 ], [ 0.693139409666478, 44.954377597934652 ], [ 0.693177140013275, 44.954387155130533 ], [ 0.693491913210369, 44.954454807424284 ], [ 0.693617769736432, 44.954483666667898 ], [ 0.693630699676373, 44.954474861839657 ], [ 0.69364336478347, 44.954475049890483 ], [ 0.693656294717372, 44.954466245059251 ], [ 0.693669224647191, 44.954457440226548 ], [ 0.693669754296122, 44.954439454465344 ], [ 0.693709868137255, 44.95436807555582 ], [ 0.693722798035859, 44.954359270717127 ], [ 0.693789301099232, 44.954252296339213 ], [ 0.693855539114469, 44.954154314805429 ], [ 0.693868998522233, 44.954127524190298 ], [ 0.693869263312962, 44.954118531310314 ], [ 0.69388219312855, 44.954109726453787 ], [ 0.693882457917067, 44.954100733573782 ], [ 0.693895387726445, 44.954091928715791 ], [ 0.693975084682955, 44.953967156497676 ], [ 0.693975349455816, 44.953958163617969 ], [ 0.693988543988128, 44.953940365869848 ], [ 0.69402733324224, 44.953913951255601 ], [ 0.694053987004108, 44.953869362866442 ], [ 0.694357193347552, 44.953469006966237 ], [ 0.694422900039138, 44.953389010877736 ], [ 0.694541912707635, 44.953219837765488 ], [ 0.6945809658701, 44.95318443008528 ], [ 0.694581230541554, 44.953175437206667 ], [ 0.694607089506588, 44.953157827331502 ], [ 0.694619754317907, 44.953158015270319 ], [ 0.694658542728972, 44.953131600442035 ], [ 0.694684401649272, 44.953113990549056 ], [ 0.694723189999103, 44.95308757569844 ], [ 0.694749313522388, 44.953060972912041 ], [ 0.694802089764207, 44.952989781564291 ], [ 0.694815548436274, 44.952962990845251 ], [ 0.694829007095412, 44.952936200124789 ], [ 0.69484246574162, 44.952909409402977 ], [ 0.694843788880692, 44.952864445011599 ], [ 0.694856982877138, 44.952846647166879 ], [ 0.69487308771495, 44.95272992766278 ], [ 0.694887340149648, 44.952676158304506 ], [ 0.694902915641458, 44.952577424558129 ], [ 0.694917432622538, 44.952514662321754 ], [ 0.694921666436679, 44.952370776290259 ], [ 0.694926429451471, 44.952208904513967 ], [ 0.694926694062592, 44.952199911637763 ], [ 0.69493039860934, 44.952074011374378 ], [ 0.694943856998794, 44.952047220648694 ], [ 0.694945444642783, 44.95199326339506 ], [ 0.694975536578968, 44.951831767437618 ], [ 0.694989524086437, 44.951786990958922 ], [ 0.694989788685383, 44.95177799808399 ], [ 0.695005628340889, 44.951670271481639 ], [ 0.695020144970269, 44.951607509252945 ], [ 0.695022261713141, 44.951535566258691 ], [ 0.695024378450551, 44.951463623266349 ], [ 0.69502490763405, 44.951445637518553 ], [ 0.695025701408659, 44.951418658897083 ], [ 0.695025966000025, 44.951409666023359 ], [ 0.695042334657391, 44.951283953683777 ], [ 0.695042599245435, 44.951274960810458 ], [ 0.695044980533995, 44.951194024951668 ], [ 0.695058703240968, 44.95115824134772 ], [ 0.695073484259525, 44.951086486251249 ], [ 0.695074013423608, 44.951068500505741 ], [ 0.695100400411474, 44.951032904783162 ], [ 0.69513945168815, 44.950997496933539 ], [ 0.695152645148616, 44.950979699065655 ], [ 0.695165309467198, 44.950979886941489 ], [ 0.695204360665549, 44.950944479069619 ], [ 0.69524341181432, 44.950909071184391 ], [ 0.695320720339855, 44.950865233991777 ], [ 0.695359242289603, 44.950847811811734 ], [ 0.695372171111775, 44.950839006791242 ], [ 0.695410693027336, 44.950821584593491 ], [ 0.695423357310888, 44.950821772439781 ], [ 0.695410957553797, 44.950812591720762 ], [ 0.69541122208017, 44.950803598848076 ], [ 0.695388803350874, 44.95070430155446 ], [ 0.695365062037242, 44.950649968619864 ], [ 0.695365326570244, 44.950640975747874 ], [ 0.695365591103161, 44.950631982875869 ], [ 0.695356365809588, 44.950514887690346 ], [ 0.69535742394413, 44.950478916204354 ], [ 0.695357688477553, 44.950469923332946 ], [ 0.695358482077308, 44.950442944718873 ], [ 0.695360598339566, 44.950371001749303 ], [ 0.695362185532678, 44.950317044523374 ], [ 0.695350844032717, 44.950271892316245 ], [ 0.695351637632964, 44.950244913704232 ], [ 0.695368005214473, 44.950119201370846 ], [ 0.695368534274408, 44.950101215630355 ], [ 0.695375676550112, 44.94985840814627 ], [ 0.695377792768006, 44.949786465192176 ], [ 0.695378321821627, 44.949768479453937 ], [ 0.695378586348309, 44.949759486584874 ], [ 0.695379115401418, 44.94974150084682 ], [ 0.695666981064456, 44.949430882782529 ], [ 0.695667245542997, 44.949421889913872 ], [ 0.695706295331922, 44.949386481884567 ], [ 0.695798116531515, 44.949279882114958 ], [ 0.695929251288558, 44.949128881300084 ], [ 0.696020807218388, 44.949031274223408 ], [ 0.696033735515068, 44.949022469131208 ], [ 0.696112098423328, 44.948942659942396 ], [ 0.696112362827788, 44.948933667074321 ], [ 0.696125291087392, 44.948924861971705 ], [ 0.696190989890149, 44.948844864964322 ], [ 0.696321858191386, 44.948702856574947 ], [ 0.696322122560892, 44.948693863707085 ], [ 0.696636097985953, 44.948356640117559 ], [ 0.696662218381192, 44.948330036924553 ], [ 0.696662482694056, 44.94832104405716 ], [ 0.696923949502107, 44.94804601893523 ], [ 0.696924213771426, 44.948037026068086 ], [ 0.697002574021143, 44.94795721627645 ], [ 0.697002838277366, 44.947948223409405 ], [ 0.69702869405455, 44.947930613000707 ], [ 0.697028958306437, 44.947921620133734 ], [ 0.697068270425984, 44.947877218775652 ], [ 0.69708093404662, 44.947877406431516 ], [ 0.697303613416777, 44.947628796081638 ], [ 0.697303877622909, 44.947619803214963 ], [ 0.697761629655835, 44.947131761681007 ], [ 0.697761893785771, 44.947122768814886 ], [ 0.697853971445091, 44.947007174559097 ], [ 0.697867163095597, 44.946989376392963 ], [ 0.697880090627563, 44.946980571091295 ], [ 0.698091683940854, 44.946677814480353 ], [ 0.698104611365172, 44.946669009153418 ], [ 0.698104875437621, 44.946660016287979 ], [ 0.698105139509984, 44.946651023422618 ], [ 0.698197479736157, 44.946526436035469 ], [ 0.698355776307068, 44.946312857491186 ], [ 0.69836896763326, 44.946295059269694 ], [ 0.698487953198333, 44.946125882345861 ], [ 0.698501144438134, 44.946108084109767 ], [ 0.698514335669516, 44.946090285872259 ], [ 0.698514599673169, 44.946081293007779 ], [ 0.698514863676738, 44.946072300143321 ], [ 0.698567364505676, 44.946010100043182 ], [ 0.6985676285004, 44.946001107178837 ], [ 0.69859374687142, 44.945974503552115 ], [ 0.698620393189375, 44.945929914190984 ], [ 0.698633584340573, 44.945912115940359 ], [ 0.698646511501896, 44.945903310552495 ], [ 0.698685820911453, 44.945858908651566 ], [ 0.698686084886363, 44.945849915787413 ], [ 0.698698748052198, 44.94585010325774 ], [ 0.698699275997684, 44.94583211752952 ], [ 0.698711939159522, 44.945832304998291 ], [ 0.698738321348917, 44.945796708475036 ], [ 0.698829338991973, 44.945717084917376 ], [ 0.698829602943076, 44.945708092053366 ], [ 0.698855193158338, 44.945699474095584 ], [ 0.698946474407712, 44.945610857580526 ], [ 0.698971536704956, 44.945620225324028 ], [ 0.699121382857454, 44.945694417395941 ], [ 0.699277298629483, 44.9455617733732 ], [ 0.699290225608001, 44.945552967911176 ], [ 0.699342461216216, 44.945499760318881 ], [ 0.699381242065552, 44.945473343906038 ], [ 0.699745305297381, 44.945154847159046 ], [ 0.699745569098156, 44.945145854294658 ], [ 0.699810466888468, 44.945092833837975 ], [ 0.699823393674149, 44.945084028315044 ], [ 0.699862701569567, 44.945039626008722 ], [ 0.699888818872748, 44.94501302208522 ], [ 0.699889610203394, 44.944986043492484 ], [ 0.69990280072642, 44.944968245096426 ], [ 0.699956881561794, 44.944852087177814 ], [ 0.699997771699354, 44.944753727680911 ], [ 0.700011225827233, 44.944726936466409 ], [ 0.700066097191053, 44.9445838001458 ], [ 0.700066624681279, 44.94456581442153 ], [ 0.700161593943273, 44.944351297260702 ], [ 0.700202483204719, 44.944252937842457 ], [ 0.70021514595514, 44.94425312519207 ], [ 0.700215409674718, 44.944244132330695 ], [ 0.70021567339421, 44.944235139469349 ], [ 0.700229391009601, 44.944199355372184 ], [ 0.700242844892667, 44.944172564134988 ], [ 0.700243108607401, 44.944163571273783 ], [ 0.700259463306481, 44.944037858564712 ], [ 0.7002597270179, 44.94402886570392 ], [ 0.700262627837904, 44.943929944237333 ], [ 0.700262891548304, 44.94392095137691 ], [ 0.700263155258619, 44.943911958516502 ], [ 0.700279509838815, 44.943786245816348 ], [ 0.700279773545814, 44.943777252956366 ], [ 0.700300874702453, 44.943489668792687 ], [ 0.700301138404609, 44.943480675933635 ], [ 0.700305885028887, 44.943318804476363 ], [ 0.700306148729429, 44.943309811617922 ], [ 0.700319602361231, 44.943283020380228 ], [ 0.700306939830543, 44.943282833042765 ], [ 0.700309049429775, 44.9432108901769 ], [ 0.700310631625629, 44.943156933028817 ], [ 0.700314850799615, 44.943013047305826 ], [ 0.700315114497267, 44.943004054448373 ], [ 0.700315378194834, 44.942995061590956 ], [ 0.700315641892316, 44.942986068733575 ], [ 0.700316169287023, 44.942968083018997 ], [ 0.700304820420713, 44.942491086950433 ], [ 0.700305084117514, 44.942482094094778 ], [ 0.700296640938453, 44.942338021070299 ], [ 0.700301651174429, 44.942167156828653 ], [ 0.700291362174261, 44.942086033800003 ], [ 0.700291625871316, 44.942077040945797 ], [ 0.700294262837188, 44.941987112405243 ], [ 0.700295581316937, 44.9419421481361 ], [ 0.700279486305677, 44.941627023593902 ], [ 0.70028265066165, 44.941519109364322 ], [ 0.700284232835048, 44.941465152251141 ], [ 0.700280536377665, 44.941159207956915 ], [ 0.700269983898185, 44.941087077808241 ], [ 0.700269715571339, 44.940664226513512 ], [ 0.700270242958899, 44.940646240814935 ], [ 0.700258635808791, 44.940610082075615 ], [ 0.700259426894591, 44.940583103528368 ], [ 0.700653264553459, 44.940543946217211 ], [ 0.700729499637132, 44.940536077129025 ], [ 0.700754823455215, 44.940536451704631 ], [ 0.700856909526948, 44.940510971398211 ], [ 0.700958468341368, 44.940503476698758 ], [ 0.70099724477643, 44.940477059929734 ], [ 0.701010170246628, 44.940468254337119 ], [ 0.701061608521447, 44.940442024802245 ], [ 0.701138634066716, 44.940407176880889 ], [ 0.701177146803284, 44.940389752900238 ], [ 0.701305610259997, 44.940328675251777 ], [ 0.701305873785342, 44.940319682401004 ], [ 0.701318535647189, 44.940319869623544 ], [ 0.701524287329841, 44.9402149507739 ], [ 0.701536949168663, 44.940215137971428 ], [ 0.701626899408274, 44.940171484057977 ], [ 0.701703924227302, 44.940136635746278 ], [ 0.701909411083446, 44.940040709037696 ], [ 0.701935261529885, 44.940023097640449 ], [ 0.70201202254167, 44.939997241967205 ], [ 0.702063459911665, 44.939971011970712 ], [ 0.702076121696962, 44.939971199106502 ], [ 0.702101708663252, 44.93996258052222 ], [ 0.702292688883426, 44.939929415933513 ], [ 0.702305350660055, 44.939929603043076 ], [ 0.702330937571885, 44.939920984405859 ], [ 0.702687310405821, 44.939863272834003 ], [ 0.702699972168769, 44.939863459898397 ], [ 0.702738220750512, 44.939855028230113 ], [ 0.702827116359068, 44.939847344756686 ], [ 0.702916275206739, 44.939830668358738 ], [ 0.702966922232528, 44.939831416502763 ], [ 0.702979847242497, 44.939822610681922 ], [ 0.703157375040769, 44.939816236129161 ], [ 0.703258932282259, 44.939808739319453 ], [ 0.703271594034753, 44.939808926318399 ], [ 0.703348090939259, 44.939792062573723 ], [ 0.703462309858804, 44.939784752566169 ], [ 0.703526144928483, 44.939767701721351 ], [ 0.703666213545351, 44.939742779729869 ], [ 0.703729785372756, 44.939734721622372 ], [ 0.703755371975317, 44.93972610265628 ], [ 0.703844530352006, 44.939709425510905 ], [ 0.704035245587972, 44.939685250771795 ], [ 0.70409908036885, 44.93966819959693 ], [ 0.704124403815793, 44.939668573401114 ], [ 0.704149727263074, 44.939668947199486 ], [ 0.704174787650666, 44.939678313847786 ], [ 0.704187449376642, 44.939678500741913 ], [ 0.704237833231477, 44.939688241159942 ], [ 0.704300615794818, 44.939707161292347 ], [ 0.704338337960034, 44.939716714783557 ], [ 0.704350736663361, 44.939725894515284 ], [ 0.704426181049183, 44.939745001450802 ], [ 0.704451241517308, 44.939754368036823 ], [ 0.704576806979974, 44.939792208025189 ], [ 0.704614529249935, 44.939801761422622 ], [ 0.704765155493179, 44.939848967741852 ], [ 0.704790216064861, 44.939858334251532 ], [ 0.704953767325075, 44.939896734281028 ], [ 0.705029212148219, 44.939915840806997 ], [ 0.705066934579158, 44.939925394050753 ], [ 0.705079596364169, 44.939925580842861 ], [ 0.705142379479776, 44.939944500499848 ], [ 0.70518036484882, 44.939945060846028 ], [ 0.705205688428607, 44.939945434402922 ], [ 0.705332043457725, 44.939956294959934 ], [ 0.705344705250631, 44.939956481721744 ], [ 0.705357367043623, 44.939956668482111 ], [ 0.705509045719694, 44.939967902353523 ], [ 0.705610340091124, 44.939969396245488 ], [ 0.705623001887934, 44.939969582975444 ], [ 0.705786816848928, 44.939998988915598 ], [ 0.705912909330731, 44.940018841670636 ], [ 0.705912646549035, 44.940027834531818 ], [ 0.706013678274556, 44.940038320915981 ], [ 0.706089386405269, 44.940048433859054 ], [ 0.706102048221611, 44.94004862053422 ], [ 0.706228666389682, 44.940050487206385 ], [ 0.706279050936463, 44.940060226696922 ], [ 0.706329698215573, 44.940060973302181 ], [ 0.706367683675795, 44.940061533240893 ], [ 0.70638034549604, 44.94006171988427 ], [ 0.706443654598526, 44.940062653079245 ], [ 0.706531499298944, 44.940090938080203 ], [ 0.706632005922558, 44.940119409626341 ], [ 0.706669466105093, 44.940137955188241 ], [ 0.706731987348101, 44.940165866808954 ], [ 0.706744649193229, 44.94016605341065 ], [ 0.70674438654484, 44.940175046274398 ], [ 0.706794246013146, 44.940202771258654 ], [ 0.706806645228321, 44.940211950717284 ], [ 0.706831181036195, 44.940239302494653 ], [ 0.706868641365365, 44.940257847990075 ], [ 0.706905839096529, 44.9402853863375 ], [ 0.70695569874359, 44.940313111250269 ], [ 0.707030357005445, 44.940359195010558 ], [ 0.707080216780281, 44.940386919868132 ], [ 0.707117939880593, 44.940396472414925 ], [ 0.707117677291259, 44.940405465280392 ], [ 0.707180199058022, 44.940433376651072 ], [ 0.70724272088731, 44.9404612879868 ], [ 0.707392826041837, 44.940526476476386 ], [ 0.707618115685904, 44.940619762398867 ], [ 0.707718361322224, 44.94065722583268 ], [ 0.707918590536677, 44.940741145298368 ], [ 0.70798111307992, 44.940769056220681 ], [ 0.708018836592663, 44.940778608462068 ], [ 0.708106945649894, 44.940797899352305 ], [ 0.708194792350244, 44.940826183042219 ], [ 0.708358348788362, 44.940864578057678 ], [ 0.708421134071424, 44.940883495862685 ], [ 0.708534042742745, 44.940921144970694 ], [ 0.70863428953507, 44.940958607579908 ], [ 0.708822646109796, 44.941015360421375 ], [ 0.708860369933011, 44.941024912376967 ], [ 0.708860107621443, 44.941033905248929 ], [ 0.709098588384049, 44.941109388792306 ], [ 0.70928694593966, 44.941166140847464 ], [ 0.709437579816041, 44.941213340836619 ], [ 0.709462641784303, 44.941222706293985 ], [ 0.709538352146265, 44.94123281688357 ], [ 0.709713786280282, 44.941298374807666 ], [ 0.709977069320665, 44.941392214737995 ], [ 0.709989731454822, 44.941392400968695 ], [ 0.710026931481871, 44.941419938280418 ], [ 0.710089717955128, 44.941438855143588 ], [ 0.710202104680323, 44.941494488312266 ], [ 0.710226904809483, 44.941512846474666 ], [ 0.71023956697184, 44.941513032676781 ], [ 0.710351953995743, 44.941568665695094 ], [ 0.710389416386828, 44.941587210009459 ], [ 0.710539528244082, 44.94165239426335 ], [ 0.710564328554377, 44.941670752351314 ], [ 0.710702040644215, 44.941726757343538 ], [ 0.71092707868098, 44.941829029458461 ], [ 0.710939740917397, 44.94182921558054 ], [ 0.711101992411032, 44.941912570959268 ], [ 0.711114654666985, 44.94191275706136 ], [ 0.711239443704294, 44.941977568169428 ], [ 0.711339694209665, 44.942015028345452 ], [ 0.711589797308054, 44.942126664155879 ], [ 0.711789775769012, 44.942219569554432 ], [ 0.711939890962264, 44.942284751926735 ], [ 0.712265447148174, 44.942415488008557 ], [ 0.712278109522095, 44.942415673977649 ], [ 0.712465951243696, 44.942490406426074 ], [ 0.712478351899775, 44.942499585258155 ], [ 0.712665932466192, 44.942583310256147 ], [ 0.712678594879518, 44.942583496179438 ], [ 0.712878838461327, 44.942667406741471 ], [ 0.712916302429366, 44.942685950209267 ], [ 0.712928703202947, 44.942695128991659 ], [ 0.713091483460073, 44.94276049570869 ], [ 0.713379319253807, 44.942881678019667 ], [ 0.713429446019657, 44.942900407157204 ], [ 0.713679818809219, 44.943003045397276 ], [ 0.713692481321142, 44.943003231204706 ], [ 0.713704882292853, 44.943012409901328 ], [ 0.714005644752454, 44.943124783510108 ], [ 0.714018045802669, 44.943133962172105 ], [ 0.714030708345419, 44.943134147940874 ], [ 0.714243879952398, 44.943209248928291 ], [ 0.714256542512981, 44.943209434671203 ], [ 0.714268943623262, 44.943218613305469 ], [ 0.714368936956323, 44.943265063650898 ], [ 0.714368675521747, 44.943274056544098 ], [ 0.714381338097447, 44.943274242272771 ], [ 0.714468930455815, 44.943311513906906 ], [ 0.714468669037133, 44.943320506800553 ], [ 0.714481070206974, 44.943329685411449 ], [ 0.714555738716678, 44.943375764154311 ], [ 0.714567878510073, 44.943393935649787 ], [ 0.714604559335117, 44.943439457234597 ], [ 0.714616960553734, 44.943448635830713 ], [ 0.71462936177643, 44.943457814425471 ], [ 0.714653902844449, 44.943485164505553 ], [ 0.714716431829254, 44.943513071655964 ], [ 0.714728833082624, 44.943522250239809 ], [ 0.714741495715828, 44.943522435927299 ], [ 0.714791362146441, 44.943550157348291 ], [ 0.714828827342373, 44.943568700175703 ], [ 0.714903757808918, 44.943605785792833 ], [ 0.714916159113692, 44.94361496435608 ], [ 0.714991089700371, 44.943652049914832 ], [ 0.71509108441091, 44.943698499616339 ], [ 0.715090823090655, 44.943707492512829 ], [ 0.715153352542985, 44.943735399419033 ], [ 0.715228283448944, 44.943772484819092 ], [ 0.715290813042814, 44.943800391648416 ], [ 0.715315877154774, 44.94380975579088 ], [ 0.715328278572638, 44.943818934308709 ], [ 0.715440675311471, 44.943874562214368 ], [ 0.715503205125891, 44.943902468924904 ], [ 0.71551560659516, 44.943911647422134 ], [ 0.715591060460081, 44.943930746782691 ], [ 0.715666253147921, 44.943958838990767 ], [ 0.71567891588329, 44.943959024571114 ], [ 0.715741707128186, 44.943977938249056 ], [ 0.71579235808851, 44.943978680527209 ], [ 0.715807632889566, 44.943888937102933 ], [ 0.71580789409518, 44.943879944204092 ], [ 0.715799149482011, 44.943744865159701 ], [ 0.715789882496746, 44.943627771917384 ], [ 0.715782444005962, 44.943447728397629 ], [ 0.715789496581779, 44.943204920181202 ], [ 0.715803465162148, 44.943160141264947 ], [ 0.715803726365022, 44.943151148368564 ], [ 0.715831402255646, 44.94307058342946 ], [ 0.715873307727795, 44.942936246668566 ], [ 0.715886231420396, 44.942927439329175 ], [ 0.715969780510338, 44.942667758666033 ], [ 0.71598374881164, 44.942622979735958 ], [ 0.716013513509974, 44.9424704716102 ], [ 0.716046150804245, 44.942219041651676 ], [ 0.716050590502035, 44.942066162461742 ], [ 0.71604419601102, 44.941850147495245 ], [ 0.716017961536721, 44.941444910747947 ], [ 0.716011828403425, 44.941219902940261 ], [ 0.716028669039386, 44.941076202239081 ], [ 0.716057649335646, 44.940950672858293 ], [ 0.716057910487225, 44.940941679968851 ], [ 0.716084801474955, 44.940888093700515 ], [ 0.716085062621864, 44.940879100811173 ], [ 0.716112214695621, 44.940816521648316 ], [ 0.716112475837779, 44.940807528759137 ], [ 0.716178919525407, 44.940700541718151 ], [ 0.716179180656275, 44.940691548829243 ], [ 0.716244840718748, 44.940611540418999 ], [ 0.716258024932188, 44.94059374015481 ], [ 0.716258286049812, 44.940584747266044 ], [ 0.716323684766592, 44.94051373170057 ], [ 0.716336868931788, 44.940495931427627 ], [ 0.716362976136821, 44.940469323765882 ], [ 0.716389083316962, 44.940442716098282 ], [ 0.716401745257086, 44.940442901595112 ], [ 0.716453959530804, 44.940389686236173 ], [ 0.716505912628437, 44.940345463742112 ], [ 0.716518835621374, 44.940336656337017 ], [ 0.716609818576743, 44.940257018682857 ], [ 0.716635925539923, 44.940230410958968 ], [ 0.716688922530499, 44.940150216828428 ], [ 0.716701845449357, 44.940141409402599 ], [ 0.716728474393859, 44.94009681588161 ], [ 0.716768026181542, 44.94004341492159 ], [ 0.716927276600582, 44.939793839399719 ], [ 0.716927537606642, 44.939784846512019 ], [ 0.717020085023888, 44.939651251212396 ], [ 0.717020346014327, 44.939642258324959 ], [ 0.717060158184431, 44.939579864382203 ], [ 0.717126337621786, 44.939481869706945 ], [ 0.717126598594316, 44.939472876819856 ], [ 0.717220188845037, 44.939303309821653 ], [ 0.717220449801612, 44.939294316934927 ], [ 0.717234155301302, 44.939258530789672 ], [ 0.717300334052221, 44.939160536021859 ], [ 0.717314822289457, 44.939097771209525 ], [ 0.717341711182255, 44.939044184671843 ], [ 0.717355938409522, 44.938990412742783 ], [ 0.71745239724109, 44.938721923840227 ], [ 0.717452658157538, 44.938712930954935 ], [ 0.717535150044479, 44.938489221053935 ], [ 0.717535932750304, 44.938462242399837 ], [ 0.717578091555072, 44.938318912338978 ], [ 0.717578352449384, 44.938309919454703 ], [ 0.717605501599326, 44.938247339984514 ], [ 0.717618945707824, 44.938220546689507 ], [ 0.717619206595094, 44.938211553805438 ], [ 0.717658495314186, 44.938167145447835 ], [ 0.717710967133054, 44.938104936655762 ], [ 0.717737072564833, 44.938078328692825 ], [ 0.717737333432408, 44.938069335809004 ], [ 0.71780377074648, 44.937962347899393 ], [ 0.717816692982928, 44.937953540350229 ], [ 0.717856763905938, 44.937882153276085 ], [ 0.717937687945627, 44.937712400440503 ], [ 0.717989115725848, 44.937686163058537 ], [ 0.718014699187332, 44.937677540800216 ], [ 0.718181382685185, 44.937608006652709 ], [ 0.718194304780024, 44.937599199060529 ], [ 0.718283976998778, 44.937564524523864 ], [ 0.718296899067365, 44.937555716919817 ], [ 0.718361248584717, 44.937520671760765 ], [ 0.718554296651985, 44.937415536061728 ], [ 0.718567218643431, 44.937406728426559 ], [ 0.718592801887552, 44.937398106035367 ], [ 0.71869643833361, 44.93731865199338 ], [ 0.718709099572771, 44.937318837225526 ], [ 0.718735204161149, 44.937292229034512 ], [ 0.718826178992416, 44.937212589644794 ], [ 0.718839100893982, 44.937203781978504 ], [ 0.718891049136935, 44.937159558414933 ], [ 0.718942997297576, 44.937115334827659 ], [ 0.718943257966375, 44.937106341944201 ], [ 0.718995206036132, 44.937062118333252 ], [ 0.719060857793281, 44.936982108356915 ], [ 0.719086962056519, 44.936955500086093 ], [ 0.719113587575848, 44.936910906042833 ], [ 0.719113848216208, 44.936901913159616 ], [ 0.719140734324277, 44.93684832622769 ], [ 0.719153395458236, 44.936848511408861 ], [ 0.719153656091893, 44.93683951852578 ], [ 0.71915521989207, 44.936785561227758 ], [ 0.719155480525138, 44.936776568344811 ], [ 0.719156262423842, 44.936749589696333 ], [ 0.719156523056575, 44.936740596813536 ], [ 0.719158347483353, 44.936677646634919 ], [ 0.719160693168879, 44.936596710693138 ], [ 0.719150638421666, 44.936506596691814 ], [ 0.71915089905417, 44.936497603809869 ], [ 0.719145535732906, 44.93624561794735 ], [ 0.719145796365013, 44.936236625066336 ], [ 0.71914657826083, 44.936209646423407 ], [ 0.719135741706699, 44.936146511076032 ], [ 0.719116935664711, 44.935921318702398 ], [ 0.71911719629991, 44.935912325822535 ], [ 0.719131421018698, 44.935858553727563 ], [ 0.719131681651271, 44.935849560847885 ], [ 0.719158306607374, 44.935804966812263 ], [ 0.719014977332145, 44.935505979554819 ], [ 0.719015237981829, 44.935496986676689 ], [ 0.718836534758122, 44.935107514861194 ], [ 0.718788498649927, 44.935016845223096 ], [ 0.718595573637601, 44.934681145117381 ], [ 0.718342998663287, 44.934218618159882 ], [ 0.718065889399502, 44.933728741495166 ], [ 0.71790886767814, 44.933465539219455 ], [ 0.717909128496475, 44.933456546351003 ], [ 0.717838382928219, 44.933275577033349 ], [ 0.717817235605768, 44.933131320492592 ], [ 0.717833808325942, 44.932996612820716 ], [ 0.717834069154178, 44.932987619954076 ], [ 0.717888883280653, 44.932844475400103 ], [ 0.717889144099305, 44.932835482533768 ], [ 0.71797032152958, 44.932656737129967 ], [ 0.718020440654592, 44.932675464110019 ], [ 0.718033100838446, 44.932675649418485 ], [ 0.71803284004373, 44.93268464228457 ], [ 0.718082698427953, 44.932712362102855 ], [ 0.718095358620382, 44.932712547404186 ], [ 0.718095097835522, 44.932721540270535 ], [ 0.718107758030073, 44.932721725570488 ], [ 0.718132296082692, 44.93274907476556 ], [ 0.71814469550657, 44.932758252927854 ], [ 0.718193771704153, 44.932812951297272 ], [ 0.718205910384804, 44.932831122319946 ], [ 0.718254986706424, 44.932885820663856 ], [ 0.718267386180845, 44.932894998812884 ], [ 0.718291924387827, 44.932922347974504 ], [ 0.718304323876433, 44.932931526119511 ], [ 0.718329122865879, 44.932949882405573 ], [ 0.718328862117567, 44.932958875273336 ], [ 0.718353921871632, 44.932968238686179 ], [ 0.718378199412622, 44.933004580697471 ], [ 0.718415137253222, 44.933041107968741 ], [ 0.718451292954599, 44.933104613833827 ], [ 0.718476092069259, 44.933122970088213 ], [ 0.718488491632704, 44.933132148213346 ], [ 0.718525951065046, 44.933150689711802 ], [ 0.718551010938272, 44.933160053080833 ], [ 0.718563671233783, 44.933160238328647 ], [ 0.718576070819905, 44.933169416444152 ], [ 0.718601130709944, 44.933178779801842 ], [ 0.718613791009868, 44.933178965043986 ], [ 0.718626190608388, 44.933188143153956 ], [ 0.718638590210987, 44.933197321262568 ], [ 0.71863832951137, 44.933206314131944 ], [ 0.718650468422255, 44.933224485108731 ], [ 0.718663128732707, 44.933224670345204 ], [ 0.718662607341041, 44.933242656084296 ], [ 0.718675006961733, 44.933251834188994 ], [ 0.718674224879467, 44.933278812798051 ], [ 0.71867396418521, 44.933287805667781 ], [ 0.718685321047751, 44.933332955250918 ], [ 0.718685060355029, 44.933341948120876 ], [ 0.718695113780777, 44.933432062054948 ], [ 0.71869485308917, 44.933441054925268 ], [ 0.718693810321899, 44.933477026406848 ], [ 0.718703863786096, 44.933567140344778 ], [ 0.718713135213603, 44.933684232898422 ], [ 0.718711571073047, 44.933738190126228 ], [ 0.718723710123422, 44.93375636109878 ], [ 0.718735588495055, 44.933783524941681 ], [ 0.718760648687521, 44.933792888265657 ], [ 0.71881024774809, 44.933829600640557 ], [ 0.718822647523424, 44.933838778730909 ], [ 0.718859846873894, 44.933866312993821 ], [ 0.718971705794897, 44.933939922836622 ], [ 0.718996766097172, 44.933949286107797 ], [ 0.719021826407857, 44.933958649373288 ], [ 0.719084346905629, 44.933986553949012 ], [ 0.719084086274134, 44.933995546822189 ], [ 0.719146867465904, 44.934014458489735 ], [ 0.719309369095997, 44.934088808706697 ], [ 0.719334429521747, 44.934098171901979 ], [ 0.719421489633524, 44.934153425227407 ], [ 0.719446550107085, 44.934162788397607 ], [ 0.719508028789158, 44.934226664235666 ], [ 0.719507768224791, 44.934235657110719 ], [ 0.719544968177643, 44.934263191147878 ], [ 0.719605925984852, 44.934345052685138 ], [ 0.719605665435704, 44.934354045560838 ], [ 0.719777702990657, 44.934536494742503 ], [ 0.71982652183685, 44.934600185304021 ], [ 0.719838921950433, 44.934609363283386 ], [ 0.719888001435393, 44.934664060942218 ], [ 0.719986681673388, 44.934755470442148 ], [ 0.71998642118366, 44.934764463320199 ], [ 0.720035761431579, 44.934810168038737 ], [ 0.720072701551479, 44.934846694783381 ], [ 0.720109381249202, 44.934892214395006 ], [ 0.720145540076852, 44.934955719753425 ], [ 0.720169819648533, 44.934992061400514 ], [ 0.720193838794239, 44.935037395922272 ], [ 0.720205457697923, 44.935073552500938 ], [ 0.7202049367859, 44.935091538260274 ], [ 0.72020233222075, 44.935181467058896 ], [ 0.720202071763773, 44.935190459938894 ], [ 0.720213951159922, 44.935217623638671 ], [ 0.720262771099493, 44.935281314024941 ], [ 0.720275431881766, 44.935281499077448 ], [ 0.720299711679698, 44.935317840700691 ], [ 0.720336131435869, 44.935372353126546 ], [ 0.720397352041218, 44.935445221382807 ], [ 0.720397091614427, 44.935454214264219 ], [ 0.720446172389077, 44.935508911693994 ], [ 0.720483113239895, 44.935545438311841 ], [ 0.720495774082802, 44.935545623339202 ], [ 0.720495513671397, 44.935554616221175 ], [ 0.720569655946278, 44.935618676531099 ], [ 0.720582056408277, 44.93562785443099 ], [ 0.720606857344509, 44.935646210226743 ], [ 0.720705800874195, 44.935728626238671 ], [ 0.720755142563283, 44.935774330654198 ], [ 0.720817145239418, 44.935820220039183 ], [ 0.720891288236153, 44.935884280140563 ], [ 0.720952770467254, 44.935948155220288 ], [ 0.721000550559766, 44.936047816838894 ], [ 0.721012690857462, 44.936065987577095 ], [ 0.721024831163062, 44.936084158314138 ], [ 0.721048851473025, 44.936129492669963 ], [ 0.721061512450273, 44.936129677632721 ], [ 0.721085532809612, 44.936175011981405 ], [ 0.721098193797305, 44.936175196939935 ], [ 0.721122474519573, 44.936211538395668 ], [ 0.721183957375642, 44.936275413355311 ], [ 0.721208498497452, 44.936302761907328 ], [ 0.7213932083557, 44.936485393664917 ], [ 0.721392427541803, 44.936512372327257 ], [ 0.721391386455431, 44.936548343877497 ], [ 0.721389824823358, 44.936602301203713 ], [ 0.721389304278664, 44.936620286979355 ], [ 0.721451048153028, 44.936675168912977 ], [ 0.721487730176145, 44.936720688100991 ], [ 0.721549214010934, 44.936784562870756 ], [ 0.721548953763455, 44.936793555759586 ], [ 0.721634979335181, 44.936884778960952 ], [ 0.72168432280696, 44.93693048298352 ], [ 0.721746067314476, 44.936985364759401 ], [ 0.721758208058743, 44.937003535422683 ], [ 0.721770869236584, 44.937003720304418 ], [ 0.72184553530175, 44.937049794016524 ], [ 0.721858196490371, 44.937049978888339 ], [ 0.721870597482175, 44.937059156649198 ], [ 0.721907800482056, 44.937086689923667 ], [ 0.721945263703804, 44.937105230295067 ], [ 0.722044211795599, 44.937187645159085 ], [ 0.722043951625984, 44.93719663805053 ], [ 0.722068753739913, 44.937214993530382 ], [ 0.722068493574125, 44.937223986421969 ], [ 0.722180623602548, 44.937288600230609 ], [ 0.722180363454439, 44.937297593122686 ], [ 0.722279832499331, 44.937362021997799 ], [ 0.72229223362978, 44.937371199712615 ], [ 0.722404104100141, 44.937444806191685 ], [ 0.722416505269413, 44.937453983892887 ], [ 0.722429166551602, 44.937454168699432 ], [ 0.722503313568484, 44.93751822776332 ], [ 0.722515714770376, 44.93752740545365 ], [ 0.722565319618725, 44.937564116201528 ], [ 0.722565059531306, 44.937573109095517 ], [ 0.722577460755544, 44.937582286779154 ], [ 0.72265004766812, 44.937700303114362 ], [ 0.722662709006952, 44.937700487894254 ], [ 0.722735296253459, 44.937818504179063 ], [ 0.722735036192238, 44.937827497074338 ], [ 0.72285696912634, 44.93799121683697 ], [ 0.722869110450988, 44.938009387385662 ], [ 0.722929817192794, 44.938100240111218 ], [ 0.722929557161597, 44.93810923300795 ], [ 0.722941958564868, 44.93811841065272 ], [ 0.722941698535544, 44.938127403549565 ], [ 0.722990524132207, 44.938191092806711 ], [ 0.723015066981315, 44.938218440979206 ], [ 0.723112458609862, 44.938354812311545 ], [ 0.723112198606904, 44.938363805209598 ], [ 0.723124600096759, 44.938372982834856 ], [ 0.723159204634808, 44.938490444687005 ], [ 0.723158684642606, 44.938508430484269 ], [ 0.723170046194645, 44.938553579700006 ], [ 0.723204910929773, 44.938662048646862 ], [ 0.723204650940278, 44.938671041546129 ], [ 0.723216272550467, 44.938707197860516 ], [ 0.723214712621959, 44.9387611552579 ], [ 0.7232234743994, 44.938896233472214 ], [ 0.723105879804329, 44.939020471576974 ], [ 0.723027569790161, 44.939100299280319 ], [ 0.722988544712354, 44.939135716661902 ], [ 0.723024449543332, 44.939208214086776 ], [ 0.72304769276899, 44.939280526767348 ], [ 0.723047432751285, 44.939289519668407 ], [ 0.723059834436156, 44.939298697304302 ], [ 0.723072236125105, 44.93930787493877 ], [ 0.723121582915625, 44.939353578364809 ], [ 0.723134244631024, 44.939353763091134 ], [ 0.723221056710587, 44.939418006447454 ], [ 0.723220796720169, 44.939426999349394 ], [ 0.723370917750289, 44.939492166150593 ], [ 0.723433446619905, 44.939520068333415 ], [ 0.723446108374101, 44.939520253024064 ], [ 0.723458770128381, 44.93952043771332 ], [ 0.723471431882745, 44.939520622401083 ], [ 0.72353422077501, 44.939539531624369 ], [ 0.723609931401637, 44.939549632580814 ], [ 0.723622593163123, 44.939549817251297 ], [ 0.723622333236782, 44.939558810154701 ], [ 0.723634995000392, 44.93955899482377 ], [ 0.723647396841739, 44.939568172394836 ], [ 0.723647136919308, 44.93957716529831 ], [ 0.723807581561802, 44.93972345231299 ], [ 0.723819983468062, 44.939732629865311 ], [ 0.723806541971913, 44.939759423930823 ], [ 0.723869591133889, 44.939769340061225 ], [ 0.723943742879133, 44.939833398219491 ], [ 0.723956404706091, 44.939833582851875 ], [ 0.723980948750595, 44.93986093082799 ], [ 0.724030556636305, 44.939897640953667 ], [ 0.72405536060363, 44.939915996008352 ], [ 0.724105488287969, 44.939934720289735 ], [ 0.724168797541194, 44.939935643344612 ], [ 0.724181459392089, 44.939935827951238 ], [ 0.724346063461363, 44.939938227705611 ], [ 0.724409112921147, 44.939948143529499 ], [ 0.724434696427603, 44.939939519779642 ], [ 0.72458793752799, 44.939896770063562 ], [ 0.724792604948915, 44.939827779570059 ], [ 0.724879679399677, 44.939883028731181 ], [ 0.724892081517662, 44.939892206164096 ], [ 0.72496701373432, 44.939929284917135 ], [ 0.724979415876942, 44.939938462340443 ], [ 0.725016882032882, 44.939957001694019 ], [ 0.725029543891426, 44.9399571862036 ], [ 0.725167525944431, 44.940004180256771 ], [ 0.725418686242713, 44.940079813104759 ], [ 0.725556928543814, 44.94011781376522 ], [ 0.725569330825315, 44.940126991123165 ], [ 0.725581992724246, 44.940127175569579 ], [ 0.725581733110892, 44.940136168479754 ], [ 0.725594395011946, 44.94013635292476 ], [ 0.725693613460369, 44.940209771717349 ], [ 0.72576802746797, 44.940264835754853 ], [ 0.725991010822843, 44.94043902048687 ], [ 0.726003413247079, 44.940448197797387 ], [ 0.726053022984811, 44.940484907025883 ], [ 0.726089970797667, 44.940521431845717 ], [ 0.726101854193616, 44.940548594971091 ], [ 0.726114516189945, 44.940548779356718 ], [ 0.72617678809504, 44.94058567291539 ], [ 0.72617652857538, 44.940594665828549 ], [ 0.726201333558102, 44.940613020407817 ], [ 0.726238541062772, 44.940640552266522 ], [ 0.72626360559225, 44.940649913918648 ], [ 0.726338020748909, 44.940704977582847 ], [ 0.726412695534808, 44.940751048283943 ], [ 0.726449903235736, 44.940778580073172 ], [ 0.726474967862642, 44.940787941677968 ], [ 0.726549642872565, 44.940834012288256 ], [ 0.726562304935117, 44.940834196622689 ], [ 0.726574707541088, 44.940843373870692 ], [ 0.72659977221802, 44.940852735447436 ], [ 0.726599512765265, 44.94086172836257 ], [ 0.726611915383471, 44.940870905606495 ], [ 0.726624577454599, 44.940871089933815 ], [ 0.726674447417634, 44.940898805974797 ], [ 0.726686850056399, 44.940907983210465 ], [ 0.726699252699242, 44.940917160444805 ], [ 0.726774187492281, 44.940954237990368 ], [ 0.726911135865849, 44.941037201554437 ], [ 0.726936200686241, 44.941046563055785 ], [ 0.726935941286788, 44.941055555972369 ], [ 0.726998733079283, 44.941074463242948 ], [ 0.727011395197865, 44.941074647526037 ], [ 0.727212173620885, 44.941140546281126 ], [ 0.727224576401774, 44.941149723457407 ], [ 0.727299771197463, 44.941177807733069 ], [ 0.72737496606882, 44.941205891957942 ], [ 0.727500291022565, 44.941252698886657 ], [ 0.727512953183234, 44.941252883112426 ], [ 0.727550161761375, 44.941280414537523 ], [ 0.727562564628911, 44.941289591676558 ], [ 0.727611916847996, 44.941335293138266 ], [ 0.72762431973788, 44.94134447027055 ], [ 0.727686334248476, 44.941390355911658 ], [ 0.727710880804979, 44.941417703078365 ], [ 0.727723024455033, 44.941435873119723 ], [ 0.727747052508107, 44.941481206118858 ], [ 0.727759455452632, 44.941490383236562 ], [ 0.728021214367561, 44.941638137788203 ], [ 0.728033876617387, 44.94163832195445 ], [ 0.728197449076846, 44.941676687670856 ], [ 0.728222514400133, 44.941686048883497 ], [ 0.728235176661493, 44.941686233026743 ], [ 0.728247838922935, 44.941686417168512 ], [ 0.728386087129116, 44.941724414322039 ], [ 0.72847394556063, 44.941752681931384 ], [ 0.728486348684989, 44.941761858968675 ], [ 0.728523558082535, 44.941789390072422 ], [ 0.728560508375492, 44.941825914087183 ], [ 0.728584537276644, 44.941871246911766 ], [ 0.728584278138926, 44.941880239835228 ], [ 0.728583759863241, 44.94189822568228 ], [ 0.728583500725272, 44.941907218605841 ], [ 0.72858324158722, 44.941916211529403 ], [ 0.728582723310867, 44.941934197376668 ], [ 0.728582464172565, 44.941943190300314 ], [ 0.72870727355741, 44.942007981724892 ], [ 0.728719676776861, 44.942017158737009 ], [ 0.728819161780183, 44.942081581860187 ], [ 0.728831565034385, 44.942090758860026 ], [ 0.729045788826185, 44.942129859616294 ], [ 0.729121503963598, 44.942139956814984 ], [ 0.72926027194831, 44.942159967032559 ], [ 0.729323324790613, 44.942169880067318 ], [ 0.729335728147327, 44.942179057011039 ], [ 0.729587939790784, 44.942218708763207 ], [ 0.729663655146793, 44.942228805591483 ], [ 0.729688462002394, 44.942247159401759 ], [ 0.729701124395878, 44.942247343377389 ], [ 0.729725672316385, 44.942274690106977 ], [ 0.729763141616869, 44.942293227872263 ], [ 0.72991301906769, 44.942367378807894 ], [ 0.730425707333131, 44.942599742819866 ], [ 0.73043836980903, 44.94259992671121 ], [ 0.730525713001109, 44.942646178563955 ], [ 0.730689290126844, 44.942684540615154 ], [ 0.730839946194018, 44.942731711513233 ], [ 0.731077428964631, 44.94284311949346 ], [ 0.73121464708752, 44.942917084865663 ], [ 0.731227309638012, 44.942917268666811 ], [ 0.731502523028519, 44.943038220072587 ], [ 0.73151518560744, 44.943038403840838 ], [ 0.731539993431685, 44.943056757242374 ], [ 0.731539734764636, 44.943065750177112 ], [ 0.731552397349925, 44.943065933941106 ], [ 0.731602013063672, 44.943102640722465 ], [ 0.731614158346993, 44.943120810349519 ], [ 0.731663774150136, 44.943157517104076 ], [ 0.731713131378791, 44.943203216772524 ], [ 0.731712872738959, 44.943212209708165 ], [ 0.731725535358045, 44.943212393452427 ], [ 0.731725276720168, 44.943221386388139 ], [ 0.731850092611288, 44.943286174304063 ], [ 0.731862755247605, 44.943286358032594 ], [ 0.731875159269933, 44.943295534696034 ], [ 0.731887563296342, 44.943304711358081 ], [ 0.732049591770619, 44.943397029030159 ], [ 0.73206199584826, 44.943406205673064 ], [ 0.732236429034551, 44.943507699717422 ], [ 0.732248833167506, 44.943516876339814 ], [ 0.73228604559084, 44.943544406198846 ], [ 0.73229844974011, 44.943553582815852 ], [ 0.732360987622127, 44.943581480003246 ], [ 0.732373391791955, 44.943590656611981 ], [ 0.73239820014385, 44.943609009825323 ], [ 0.732422749984637, 44.943636355972103 ], [ 0.732447558373074, 44.943654709174687 ], [ 0.732596667546348, 44.943755835336958 ], [ 0.732621476045078, 44.943774188501536 ], [ 0.732633880300561, 44.94378336508175 ], [ 0.732646284560122, 44.943792541660656 ], [ 0.732671351579701, 44.943801901874309 ], [ 0.732696418607688, 44.943811262082335 ], [ 0.733083537292932, 44.944005805764803 ], [ 0.733108604481616, 44.944015165880323 ], [ 0.733333692792438, 44.944117392551455 ], [ 0.733346355622214, 44.944117576110422 ], [ 0.733446366439543, 44.944164009245462 ], [ 0.733521310073472, 44.944201082273921 ], [ 0.733533972922853, 44.944201265811451 ], [ 0.733546377423273, 44.944210442291038 ], [ 0.733797309692772, 44.944295049207931 ], [ 0.733822377131058, 44.944304409162953 ], [ 0.733998624265347, 44.944342949854828 ], [ 0.734048759260873, 44.944361669668446 ], [ 0.734099152550838, 44.944371396514079 ], [ 0.734137141220848, 44.944371946924086 ], [ 0.734149804111018, 44.944372130391194 ], [ 0.734162467001272, 44.94437231385686 ], [ 0.734188051028476, 44.944363687838134 ], [ 0.73420071391694, 44.944363871299423 ], [ 0.734251623707796, 44.944355612184303 ], [ 0.73427694948156, 44.944355979090851 ], [ 0.734289870598535, 44.944347169596121 ], [ 0.734429936960776, 44.944322208623909 ], [ 0.734481104878671, 44.944304956457252 ], [ 0.7345320145743, 44.944296697213211 ], [ 0.734557598509733, 44.944288071109256 ], [ 0.734595845307907, 44.944279628415536 ], [ 0.734608766356873, 44.944270818883751 ], [ 0.73462142922565, 44.944271002296887 ], [ 0.734609540891075, 44.944243840044827 ], [ 0.734597136208439, 44.944234663684114 ], [ 0.734622720105373, 44.944226037565315 ], [ 0.734660966851189, 44.944217594849228 ], [ 0.73473746030811, 44.944200709377355 ], [ 0.735438304115242, 44.944057914022537 ], [ 0.735463887801157, 44.944049287709724 ], [ 0.735476550622485, 44.944049471024989 ], [ 0.735578369238004, 44.944032951598821 ], [ 0.735591032056001, 44.944033134900948 ], [ 0.73560395289083, 44.944024325253679 ], [ 0.735616615706954, 44.944024508552872 ], [ 0.735807331910658, 44.944000279021843 ], [ 0.735921813146464, 44.943983942555846 ], [ 0.735934475954469, 44.943984125818695 ], [ 0.736086429657038, 44.943986324859623 ], [ 0.736099092466127, 44.943986508103613 ], [ 0.736111755275298, 44.943986691346154 ], [ 0.736162406512813, 44.943987424301859 ], [ 0.736175069322399, 44.943987607537153 ], [ 0.736238641285861, 44.943979530742574 ], [ 0.736251046181667, 44.943988706918539 ], [ 0.736263708991835, 44.943988890143721 ], [ 0.736289034612424, 44.943989256589681 ], [ 0.736301697422841, 44.943989439810487 ], [ 0.736314360233342, 44.94398962302985 ], [ 0.736352090769338, 44.943999165628924 ], [ 0.736503786657686, 44.944010357046601 ], [ 0.736528854421968, 44.944019716387807 ], [ 0.736604831331911, 44.9440208155264 ], [ 0.736756269498699, 44.944040999548612 ], [ 0.736882382117728, 44.944060817059423 ], [ 0.736920370603781, 44.9440613665139 ], [ 0.736945696261564, 44.944061732809629 ], [ 0.736996089785549, 44.94407145833523 ], [ 0.737021415448409, 44.944071824613665 ], [ 0.737046741111601, 44.944072190886288 ], [ 0.737186032265101, 44.944074205282178 ], [ 0.737198695097736, 44.944074388400352 ], [ 0.737249346429107, 44.944075120858685 ], [ 0.737262009262158, 44.944075303969626 ], [ 0.737388637597232, 44.944077134999525 ], [ 0.737413963265244, 44.94407750118819 ], [ 0.737439288933588, 44.944077867370957 ], [ 0.737464614602265, 44.94407823354797 ], [ 0.737502860816908, 44.944069789849856 ], [ 0.737515523649581, 44.944069972931828 ], [ 0.737528186482336, 44.94407015601228 ], [ 0.737591758344008, 44.944062078440155 ], [ 0.737617341699005, 44.94405345162928 ], [ 0.73770649686231, 44.944036747174536 ], [ 0.737744485340092, 44.944037296346124 ], [ 0.737820977617026, 44.944020408743427 ], [ 0.737846560917495, 44.944011781879674 ], [ 0.737859481391372, 44.944002971968906 ], [ 0.737948894040288, 44.943977274365793 ], [ 0.737974734935683, 44.94395965451902 ], [ 0.738167768322961, 44.943854484340342 ], [ 0.738193351493777, 44.94384585739688 ], [ 0.738219192251159, 44.943828237493861 ], [ 0.738283536489373, 44.943793180664024 ], [ 0.738399561966407, 44.943722883914106 ], [ 0.738412224723318, 44.943723066893391 ], [ 0.738412482286122, 44.943714073939631 ], [ 0.738437807796115, 44.94371443989376 ], [ 0.738463648415484, 44.943696819934424 ], [ 0.738489231468302, 44.943688192922998 ], [ 0.738578643323022, 44.943662494813651 ], [ 0.73870630082551, 44.943628352519276 ], [ 0.738731883809441, 44.943619725451939 ], [ 0.738744546544038, 44.943619908393181 ], [ 0.738782792250994, 44.94361146425387 ], [ 0.73885928363019, 44.94359457593567 ], [ 0.738884609088894, 44.943594941787545 ], [ 0.738922597277569, 44.943595490554408 ], [ 0.738947922737102, 44.943595856391831 ], [ 0.738973248196966, 44.943596222223377 ], [ 0.738985910927021, 44.943596405137001 ], [ 0.739036561848078, 44.943597136776951 ], [ 0.73904922457855, 44.94359731968332 ], [ 0.739061887309104, 44.943597502588233 ], [ 0.73909961804975, 44.94360704424934 ], [ 0.739238650687334, 44.943618049015797 ], [ 0.739276381472088, 44.943627590616757 ], [ 0.739326775010195, 44.943637315079513 ], [ 0.739364763232057, 44.943637863694711 ], [ 0.739541526849602, 44.943658409638978 ], [ 0.739591920461731, 44.943668133981177 ], [ 0.739642571455823, 44.943668865343824 ], [ 0.739655234204553, 44.943669048180887 ], [ 0.739705885200304, 44.9436697795146 ], [ 0.739718547949449, 44.943669962344437 ], [ 0.73974387344799, 44.943670327999676 ], [ 0.739946477448251, 44.943673253033175 ], [ 0.740098173171397, 44.943684439522634 ], [ 0.740199475203768, 44.943685901761462 ], [ 0.740249868955349, 44.943695625804253 ], [ 0.740628980078408, 44.943728087078618 ], [ 0.740704699478522, 44.943738176361521 ], [ 0.740755093365319, 44.943747900174522 ], [ 0.74084347558795, 44.943758172072343 ], [ 0.740906532292273, 44.943768078516186 ], [ 0.741057714191818, 44.943797249611293 ], [ 0.741171164999874, 44.943816879557176 ], [ 0.74119623345987, 44.943826237841009 ], [ 0.741259290303698, 44.943836144084202 ], [ 0.741435541093843, 44.943874672928281 ], [ 0.741511260838612, 44.943884761660129 ], [ 0.74154924925035, 44.943885309525662 ], [ 0.741561912054429, 44.943885492144624 ], [ 0.741574317804471, 44.943894667724138 ], [ 0.741662957450195, 44.943895946006286 ], [ 0.742283178143947, 44.94391388495734 ], [ 0.742308503769954, 44.943914250025855 ], [ 0.742384480649965, 44.943915345196594 ], [ 0.742397143463591, 44.943915527720023 ], [ 0.74278583784082, 44.944056079706399 ], [ 0.742798243829981, 44.944065255149496 ], [ 0.742860787532731, 44.944093146412889 ], [ 0.743223901747382, 44.94424232489591 ], [ 0.743274039746281, 44.944261040531693 ], [ 0.743336583906181, 44.944288931528583 ], [ 0.743474078577918, 44.944353888785734 ], [ 0.743624749953969, 44.944401042319434 ], [ 0.743674888229853, 44.944419757774959 ], [ 0.743725026539362, 44.94443847320791 ], [ 0.743887847935392, 44.944503794694107 ], [ 0.744201085522452, 44.944625261666836 ], [ 0.744226154853527, 44.944634619267802 ], [ 0.744263887178041, 44.944644159173102 ], [ 0.744388207594769, 44.944726918937434 ], [ 0.744387694385378, 44.944744904880935 ], [ 0.744399844188114, 44.944763073118985 ], [ 0.744584657922116, 44.944945666814725 ], [ 0.744658840316647, 44.945009711236942 ], [ 0.744683653338792, 44.945028061709209 ], [ 0.744833044883957, 44.945120178480487 ], [ 0.744957623719959, 44.945193944646952 ], [ 0.745007763155048, 44.945212659505046 ], [ 0.745107785635022, 44.945259082128793 ], [ 0.745120192273289, 44.945268257316229 ], [ 0.745245797696366, 44.945306051260772 ], [ 0.74554740525834, 44.945391360362642 ], [ 0.745735557915391, 44.945457043479649 ], [ 0.745848244623865, 44.94550364757955 ], [ 0.745860907809156, 44.945503829707022 ], [ 0.745935605128308, 44.94554988733222 ], [ 0.746122989789064, 44.945642548730874 ], [ 0.746335188959683, 44.945753559923567 ], [ 0.746422550258712, 44.945799799296772 ], [ 0.746547645236321, 44.945855577733816 ], [ 0.746560308503743, 44.945855759781281 ], [ 0.746685659984329, 44.945902545082667 ], [ 0.746773534258698, 44.945930798218946 ], [ 0.746937132175215, 44.945969136315895 ], [ 0.746987529162028, 44.94597885730132 ], [ 0.747000192458854, 44.9459790392985 ], [ 0.74720229290539, 44.945999937022272 ], [ 0.747404649627806, 44.946011841393847 ], [ 0.747569016509943, 44.946023199607893 ], [ 0.747594343127594, 44.946023563467755 ], [ 0.747607262528444, 44.946014752411635 ], [ 0.747759478285139, 44.946007942447302 ], [ 0.74794942788295, 44.946010670928345 ], [ 0.748063653668864, 44.94600331487554 ], [ 0.748126970199112, 44.946004224231388 ], [ 0.748152296811789, 44.946004587963614 ], [ 0.748228020660002, 44.946014672110898 ], [ 0.748253347278078, 44.946015035820004 ], [ 0.748278673896484, 44.946015399523311 ], [ 0.748430377654608, 44.946026574607302 ], [ 0.748493438268085, 44.946036476739565 ], [ 0.748569162221199, 44.946046560653627 ], [ 0.74863222288188, 44.946056462706899 ], [ 0.748745425036999, 44.94608507789664 ], [ 0.748883698088667, 44.946123049523152 ], [ 0.748921432215471, 44.946132587847117 ], [ 0.748946758891573, 44.946132951397594 ], [ 0.748959422229747, 44.946133133170697 ], [ 0.749048065599282, 44.946134405541542 ], [ 0.749060473079858, 44.946143580290865 ], [ 0.749098463102976, 44.946144125566654 ], [ 0.749161779809822, 44.94614503433074 ], [ 0.749212433176785, 44.946145761315918 ], [ 0.749263086545066, 44.94614648827794 ], [ 0.74927600571093, 44.946137677026385 ], [ 0.749301332391651, 44.946138040495747 ], [ 0.749339322413352, 44.946138585688892 ], [ 0.749364649094899, 44.946138949143752 ], [ 0.749377568242983, 44.946130137880381 ], [ 0.749530295663346, 44.946105339503283 ], [ 0.749607298747533, 44.946070457763284 ], [ 0.749607042977635, 44.946079450752272 ], [ 0.74963236963409, 44.946079814145797 ], [ 0.749695174765184, 44.946098708582817 ], [ 0.749732909014211, 44.946108246630111 ], [ 0.749616767763244, 44.946628386532645 ], [ 0.749616511992313, 44.946637379523501 ], [ 0.749530299870885, 44.946996008965776 ], [ 0.749516357391308, 44.947040792217543 ], [ 0.749516101602308, 44.947049785209558 ], [ 0.749445621452258, 44.947300680431816 ], [ 0.749427585954065, 44.947489351567256 ], [ 0.749413899076551, 44.947525141820854 ], [ 0.749019534696136, 44.947582458732256 ], [ 0.749044094428191, 44.947609801239231 ], [ 0.749119308904268, 44.94763787077013 ], [ 0.749144636264741, 44.947638234275999 ], [ 0.749169963625543, 44.947638597776063 ], [ 0.749182627306069, 44.947638779523949 ], [ 0.74942323725172, 44.947642232458044 ], [ 0.749689430358557, 44.947637055255882 ], [ 0.749841394546403, 44.947639235421441 ], [ 0.749854058229259, 44.947639417092489 ], [ 0.750056932870789, 44.947633330636748 ], [ 0.750196489061818, 44.947626335671558 ], [ 0.750209152742903, 44.947626517301948 ], [ 0.750247143786654, 44.947627062184502 ], [ 0.750424179688588, 44.947638597793492 ], [ 0.750651614806578, 44.947659852443969 ], [ 0.750702269567759, 44.947660578748632 ], [ 0.750803067925121, 44.947680017282991 ], [ 0.750966673736832, 44.947718349454327 ], [ 0.751105463418492, 44.947738332336456 ], [ 0.751168781966595, 44.947739239954096 ], [ 0.751269836138214, 44.947749685065737 ], [ 0.751408626006345, 44.94776966756806 ], [ 0.751421289723896, 44.947769849059767 ], [ 0.751585662600682, 44.947781201320289 ], [ 0.751762699268192, 44.947792734789466 ], [ 0.751775362992129, 44.947792916240715 ], [ 0.751863753647822, 44.947803179359148 ], [ 0.752027871324949, 44.947823523963535 ], [ 0.752040279670871, 44.94783269838522 ], [ 0.752052943404778, 44.947832879804743 ], [ 0.752141078805098, 44.947852135702824 ], [ 0.752241878009535, 44.94787157292884 ], [ 0.752405230043503, 44.947918895979086 ], [ 0.752518693219901, 44.947938514331376 ], [ 0.752544020738929, 44.947938877059499 ], [ 0.752556684498566, 44.947939058421383 ], [ 0.752670658339006, 44.947940690613144 ], [ 0.752797295947314, 44.947942504021967 ], [ 0.752898350791735, 44.947952947647913 ], [ 0.752911014555717, 44.94795312896926 ], [ 0.7530242227515, 44.947981739807162 ], [ 0.753087286389056, 44.947991639331285 ], [ 0.753112358722001, 44.948000994933295 ], [ 0.75312502249758, 44.948001176230171 ], [ 0.753212648137837, 44.94803841728482 ], [ 0.753225311922232, 44.948038598570221 ], [ 0.753225056726292, 44.948047591574593 ], [ 0.753324835941274, 44.948102999834383 ], [ 0.753461841316542, 44.948185930800889 ], [ 0.75348665864505, 44.948204279324358 ], [ 0.753746221125181, 44.948432910520815 ], [ 0.753820673769615, 44.948487955889199 ], [ 0.753820418667551, 44.948496948896548 ], [ 0.753944251671641, 44.948597684077257 ], [ 0.754006295877743, 44.94864355511303 ], [ 0.754105821876762, 44.948707955690978 ], [ 0.754143048541414, 44.948735478263409 ], [ 0.754367429363596, 44.948864641401805 ], [ 0.754442138200517, 44.948910693351806 ], [ 0.754603965273776, 44.949011971242015 ], [ 0.754828348274288, 44.949141133460905 ], [ 0.754977767572321, 44.949233236699769 ], [ 0.754990431633564, 44.949233417783496 ], [ 0.755464020801898, 44.949510088320437 ], [ 0.75547668492754, 44.949510269348572 ], [ 0.755501758343259, 44.949519624415387 ], [ 0.75586443209266, 44.9496867478071 ], [ 0.75617747010443, 44.949817174174044 ], [ 0.756465690488044, 44.949929251799858 ], [ 0.756478354712051, 44.949929432713489 ], [ 0.756515838035921, 44.949947961483169 ], [ 0.756802532002179, 44.95011399635392 ], [ 0.7569023184633, 44.950169401436661 ], [ 0.756927392414118, 44.950178756183178 ], [ 0.756977540340971, 44.950197465659308 ], [ 0.757015024010592, 44.950215994262109 ], [ 0.757027433708257, 44.950225168133855 ], [ 0.757252336310344, 44.950336339462091 ], [ 0.757489649633569, 44.950456684159427 ], [ 0.757514723811908, 44.950466038774096 ], [ 0.757551953330365, 44.950493560220146 ], [ 0.757564617685947, 44.950493741009616 ], [ 0.757577027535714, 44.950502914820838 ], [ 0.757626921473648, 44.95053061702869 ], [ 0.758075460290246, 44.950797921952727 ], [ 0.758100280297085, 44.950816269461569 ], [ 0.758112690306623, 44.950825443213944 ], [ 0.758261101943959, 44.950953514189464 ], [ 0.75845890039777, 44.951127272866664 ], [ 0.758483466314337, 44.951154613319581 ], [ 0.758495622101171, 44.951172780057952 ], [ 0.758693167732365, 44.951355531360171 ], [ 0.758804096984046, 44.951465073590789 ], [ 0.758878304361399, 44.951529108655571 ], [ 0.758952766198266, 44.951584150642084 ], [ 0.759114100682026, 44.951703408111889 ], [ 0.759213638032004, 44.951767804178644 ], [ 0.759226048436151, 44.951776977809757 ], [ 0.759325586046523, 44.951841373777832 ], [ 0.759437534356199, 44.951914943266033 ], [ 0.759500095170753, 44.95194282521976 ], [ 0.759650038037727, 44.9520169361925 ], [ 0.759699680187344, 44.952053630516858 ], [ 0.759761478804958, 44.952108491425669 ], [ 0.759786299948965, 44.952126838566286 ], [ 0.759835688136396, 44.952172525865464 ], [ 0.759872665794091, 44.952209039584517 ], [ 0.759996263835114, 44.952318761182582 ], [ 0.759996009710699, 44.952327754217748 ], [ 0.760008420367976, 44.952336927763227 ], [ 0.760020831029332, 44.952346101307391 ], [ 0.760081867953662, 44.952427941150489 ], [ 0.760118591836342, 44.95247344782701 ], [ 0.760142905057011, 44.952509780962522 ], [ 0.760180645426272, 44.952519315474866 ], [ 0.760231050634517, 44.952529030459267 ], [ 0.760256380286939, 44.952529391424598 ], [ 0.760268791031855, 44.952538564941634 ], [ 0.760281455860312, 44.952538745420739 ], [ 0.76029412068885, 44.952538925898381 ], [ 0.760345542211104, 44.952512668684271 ], [ 0.760345796280034, 44.952503675647634 ], [ 0.760396455563674, 44.952504397519974 ], [ 0.760421785205986, 44.952504758447475 ], [ 0.760497774134886, 44.952505841195133 ], [ 0.760647719839483, 44.952579950834 ], [ 0.760847055424316, 44.952699747129977 ], [ 0.760884796042347, 44.952709281403088 ], [ 0.760897206930569, 44.952718454850384 ], [ 0.760922028719252, 44.952736801740933 ], [ 0.760934693594809, 44.952736982145353 ], [ 0.761171771129827, 44.952866312108291 ], [ 0.76119659307454, 44.952884658938387 ], [ 0.761209257984538, 44.952884839311409 ], [ 0.761321972611591, 44.952931427804998 ], [ 0.761359459559908, 44.952949954957774 ], [ 0.761460017290829, 44.95297837687491 ], [ 0.761485093267692, 44.952987730600157 ], [ 0.761497504316514, 44.95299690398128 ], [ 0.76162389981947, 44.953007700343441 ], [ 0.761674559577179, 44.953008421631338 ], [ 0.761686970661747, 44.953017594991252 ], [ 0.761851361082304, 44.953028932040269 ], [ 0.761902020862226, 44.953029653224043 ], [ 0.761927350752677, 44.953030013807265 ], [ 0.761940015698026, 44.953030194096705 ], [ 0.761952680643457, 44.95303037438466 ], [ 0.762066411361991, 44.953040989953784 ], [ 0.762154812221908, 44.953051244880818 ], [ 0.76216747717281, 44.953051425144224 ], [ 0.76224346687994, 44.953052506694213 ], [ 0.762332121541981, 44.95305376843659 ], [ 0.762357451446159, 44.953054128921401 ], [ 0.7623957000441, 44.953045676594293 ], [ 0.762408364994517, 44.953045856830123 ], [ 0.762510192045951, 44.953029312577407 ], [ 0.762522856993024, 44.953029492800134 ], [ 0.762548186887414, 44.953029853241333 ], [ 0.76273892216273, 44.953005577232602 ], [ 0.762840749042672, 44.95298903267593 ], [ 0.762853667648636, 44.952980219816546 ], [ 0.763146482939796, 44.9529304053994 ], [ 0.763439297708204, 44.952880590208224 ], [ 0.763477292457413, 44.952881130553081 ], [ 0.763770106671982, 44.952831314487355 ], [ 0.763871932928244, 44.952814768982726 ], [ 0.763884597831025, 44.952814949049611 ], [ 0.76397350563849, 44.952807216430877 ], [ 0.76399883544136, 44.952807576539954 ], [ 0.764049495048078, 44.952808296740699 ], [ 0.764087489753974, 44.952808836876066 ], [ 0.764100154656104, 44.952809016918273 ], [ 0.764125230999371, 44.952818370045172 ], [ 0.764150307351041, 44.952827723166344 ], [ 0.764186527911019, 44.952891214596669 ], [ 0.764210843962127, 44.95292754684619 ], [ 0.764223255445616, 44.952936719921709 ], [ 0.764332424692593, 44.953109208021573 ], [ 0.764405120092819, 44.953227197717744 ], [ 0.764429183018315, 44.953272522973101 ], [ 0.764454006214597, 44.953290869076412 ], [ 0.764502385642053, 44.953372526514066 ], [ 0.764587746803039, 44.953490696097369 ], [ 0.764599905085844, 44.953508862182957 ], [ 0.764624221675202, 44.953545194350475 ], [ 0.764648031535229, 44.953599512614502 ], [ 0.764660443240027, 44.953608685643481 ], [ 0.764709076616226, 44.953681349949996 ], [ 0.7647817735581, 44.953799339425203 ], [ 0.764806090392433, 44.953835671556917 ], [ 0.764805837036212, 44.953844664608809 ], [ 0.764842059002039, 44.953908155849724 ], [ 0.76485421745858, 44.953926321910352 ], [ 0.764915769878012, 44.953990173037283 ], [ 0.764953005397339, 44.954017692034412 ], [ 0.764952752063967, 44.954026685087257 ], [ 0.76502722322454, 44.954081723045192 ], [ 0.76510194784188, 44.954127767900701 ], [ 0.76517667258253, 44.954173812706685 ], [ 0.765263809388439, 44.954229030426674 ], [ 0.765426684556087, 44.954294320500431 ], [ 0.765489251030267, 44.954322199097867 ], [ 0.765539658791009, 44.95433191167313 ], [ 0.765653139622337, 44.95435151661983 ], [ 0.765703547438084, 44.954361229120593 ], [ 0.76581753477793, 44.954362847787394 ], [ 0.765906191602382, 44.954364106669367 ], [ 0.766045762636273, 44.954357091712311 ], [ 0.766312239341334, 44.954342881482347 ], [ 0.766426479758721, 44.954335506464872 ], [ 0.766540720145913, 44.954328131329532 ], [ 0.766756788621552, 44.954304207909786 ], [ 0.766959938655538, 44.954289097413074 ], [ 0.766985269150288, 44.954289456839412 ], [ 0.76718841906871, 44.954274345923409 ], [ 0.767429564603199, 44.954259773623747 ], [ 0.767493143740061, 44.954251678850291 ], [ 0.767746954335056, 44.954237285512065 ], [ 0.767759619573165, 44.954237465135918 ], [ 0.768140588037047, 44.954206880932666 ], [ 0.768165918502079, 44.954207240088806 ], [ 0.768178583734718, 44.954207419664712 ], [ 0.768318154091034, 44.954200401842407 ], [ 0.768520797806047, 44.954203274604147 ], [ 0.768787020430002, 44.954198051478336 ], [ 0.768863011826538, 44.954199128485577 ], [ 0.76887567705958, 44.954199307981717 ], [ 0.769065655564977, 44.954202000249857 ], [ 0.769230050972887, 44.954213326348878 ], [ 0.769344038112817, 44.954214941384031 ], [ 0.769369368589254, 44.954215300264792 ], [ 0.769647751273872, 44.954228240635317 ], [ 0.769773898584456, 44.954248020763892 ], [ 0.769799229078671, 44.954248379546272 ], [ 0.769811894325901, 44.954248558935276 ], [ 0.769887633271829, 44.954258628304473 ], [ 0.770051271474729, 44.954296932380991 ], [ 0.77006368422278, 44.954306104807202 ], [ 0.770126000525463, 44.954342973851588 ], [ 0.770213394979947, 44.954389194615757 ], [ 0.77023796809105, 44.954416532497966 ], [ 0.770274954041692, 44.954453042778113 ], [ 0.770336765712293, 44.954507897840465 ], [ 0.770336513244299, 44.95451689090784 ], [ 0.770336260776224, 44.954525883975251 ], [ 0.770409475629521, 44.954625883664832 ], [ 0.770409223172711, 44.95463487673279 ], [ 0.770421131144819, 44.954662035256227 ], [ 0.770433039128518, 44.954689193778684 ], [ 0.77051765754136, 44.954834338063016 ], [ 0.770530070485607, 44.954843510438877 ], [ 0.770529818047245, 44.954852503507873 ], [ 0.770553886648078, 44.954897827463192 ], [ 0.770613427257091, 44.955033620006404 ], [ 0.770613174831302, 44.955042613076202 ], [ 0.770624830565599, 44.955078764651951 ], [ 0.770636233892556, 44.955123909297129 ], [ 0.770659293020994, 44.955205205515732 ], [ 0.770694512874646, 44.955304667161997 ], [ 0.770872839280568, 44.955271204760621 ], [ 0.770987585728482, 44.955245838891905 ], [ 0.771064083302473, 44.955228928246719 ], [ 0.771255831680439, 44.955168665259251 ], [ 0.771306998153222, 44.955151395997063 ], [ 0.771332581377738, 44.955142761357187 ], [ 0.771345499141151, 44.955133947499057 ], [ 0.771384000105002, 44.955116498987771 ], [ 0.771396917854214, 44.955107685123721 ], [ 0.771628175333076, 44.9549940006779 ], [ 0.771653758435739, 44.954985365964212 ], [ 0.771692259200695, 44.954967917346508 ], [ 0.771962016088818, 44.954836783578031 ], [ 0.771987851271076, 44.954819155715207 ], [ 0.772026351816897, 44.954801706982259 ], [ 0.772295854963512, 44.95467956547931 ], [ 0.772334355316721, 44.954662116640037 ], [ 0.772449856231895, 44.95460977004236 ], [ 0.772744436066665, 44.954496978697421 ], [ 0.772770018768751, 44.954488343727071 ], [ 0.772808266772278, 44.954479887797071 ], [ 0.772821184149173, 44.954471073768687 ], [ 0.772974680100428, 44.95441926375215 ], [ 0.773012928025597, 44.95441080775155 ], [ 0.773115258462247, 44.954376267587463 ], [ 0.773153254323207, 44.954376804612068 ], [ 0.773191502192215, 44.954368348549906 ], [ 0.773204419482762, 44.954359534477106 ], [ 0.773230002050665, 44.954350899400808 ], [ 0.773268249890289, 44.954342443312193 ], [ 0.773280915170009, 44.954342622304353 ], [ 0.773293832440478, 44.954333808221172 ], [ 0.773319414982753, 44.954325173124218 ], [ 0.773382993339612, 44.954317074967122 ], [ 0.773383245315758, 44.954308081893167 ], [ 0.773395910588047, 44.954308260872118 ], [ 0.773446823643882, 44.954299983699414 ], [ 0.773535984443097, 44.954283250322305 ], [ 0.773561566924724, 44.954274615169574 ], [ 0.773587149398433, 44.954265980010938 ], [ 0.773663392910757, 44.954258060648492 ], [ 0.773663644841447, 44.954249067574054 ], [ 0.773727223061648, 44.954240969219377 ], [ 0.773778387919036, 44.954223698819789 ], [ 0.773918461390413, 44.954198687786544 ], [ 0.773969374268775, 44.954190410373691 ], [ 0.773982039516238, 44.954190589285574 ], [ 0.77404561762361, 44.954182490748131 ], [ 0.774159856690123, 44.954175107749002 ], [ 0.774172773782994, 44.954166293563731 ], [ 0.774185439025638, 44.954166472452293 ], [ 0.774452164549559, 44.954143249550292 ], [ 0.774502825503278, 44.954143964968168 ], [ 0.774515490741912, 44.954144143819029 ], [ 0.774553486458298, 44.954144680362795 ], [ 0.774566151697255, 44.954144859207865 ], [ 0.774641639587548, 44.954163918400596 ], [ 0.774717379289948, 44.954173984465278 ], [ 0.774767788522591, 44.954183692838598 ], [ 0.774780453771088, 44.954183871659147 ], [ 0.774856445263786, 44.954184944551919 ], [ 0.774869362248912, 44.954176130285191 ], [ 0.77493294021104, 44.954168031238041 ], [ 0.774945605456513, 44.954168210039704 ], [ 0.774971187667277, 44.954159574561352 ], [ 0.775073013025228, 44.954143018743864 ], [ 0.775085929966441, 44.954134204452032 ], [ 0.775187755244059, 44.954117648529092 ], [ 0.775328079479292, 44.954083642634885 ], [ 0.775353409934548, 44.954084000146246 ], [ 0.775366075162298, 44.954084178899734 ], [ 0.775404574144745, 44.954066728995571 ], [ 0.775417491015932, 44.954057914665199 ], [ 0.77545573832327, 44.954049457821313 ], [ 0.775710552342866, 44.953999073910403 ], [ 0.775748799565466, 44.953990616965399 ], [ 0.775940538629323, 44.953930345884672 ], [ 0.776017284448862, 44.953904438743905 ], [ 0.776017535998622, 44.95389544566504 ], [ 0.776183944097449, 44.953834816805113 ], [ 0.776337686674143, 44.953774009055401 ], [ 0.776350603330192, 44.953765194616985 ], [ 0.77655576050148, 44.953678121877012 ], [ 0.776568425640965, 44.953678300492896 ], [ 0.776619589103166, 44.953661028782712 ], [ 0.776670501090335, 44.953652750128583 ], [ 0.776721161627199, 44.953653464530703 ], [ 0.776860226697423, 44.953664422097177 ], [ 0.776961296401898, 44.953674843784967 ], [ 0.777138357001707, 44.953686336706184 ], [ 0.777453980337114, 44.953726772327798 ], [ 0.777542385109386, 44.953737014970876 ], [ 0.777681199268103, 44.953756964588507 ], [ 0.777694115708, 44.953748149993281 ], [ 0.777681701829937, 44.9537389784239 ], [ 0.777619883791413, 44.953684127474709 ], [ 0.777533238219966, 44.953610933322523 ], [ 0.777434179085227, 44.953528567508286 ], [ 0.777409351516311, 44.953510224311557 ], [ 0.777409602839963, 44.953501231230689 ], [ 0.777396937737973, 44.953501052711133 ], [ 0.777322957828288, 44.953428036919291 ], [ 0.777273805559345, 44.953373364311709 ], [ 0.77722465338671, 44.953318691683492 ], [ 0.777087097354744, 44.953253776100901 ], [ 0.777012112633355, 44.953216732424764 ], [ 0.776811986250873, 44.953123944428292 ], [ 0.776524462906939, 44.952984940382812 ], [ 0.776374243545304, 44.952919845302922 ], [ 0.776161705864699, 44.952817884428647 ], [ 0.776124465619085, 44.952790369211485 ], [ 0.776087225410198, 44.952762853982044 ], [ 0.776025410020126, 44.95270800216435 ], [ 0.77582704812508, 44.952552260886243 ], [ 0.775777394928764, 44.95251557378112 ], [ 0.775541794757161, 44.952332316662748 ], [ 0.775355345395879, 44.952203732510611 ], [ 0.775206639535611, 44.952084677440155 ], [ 0.775020695177127, 44.951938106596771 ], [ 0.774809674118827, 44.951782184751863 ], [ 0.774673383465777, 44.951672300869085 ], [ 0.774474525449807, 44.951534543368211 ], [ 0.77440004837173, 44.951479511815229 ], [ 0.774362558082379, 44.951460989087117 ], [ 0.774301501274517, 44.95137915713628 ], [ 0.774314669510613, 44.951361349877025 ], [ 0.774302760348016, 44.951334191805337 ], [ 0.774208746607834, 44.951071961870618 ], [ 0.774115237435826, 44.950791745754813 ], [ 0.774103076647723, 44.950773580731365 ], [ 0.774054433574473, 44.950700920625572 ], [ 0.773639461071334, 44.950137267309145 ], [ 0.773541673505732, 44.950009932826696 ], [ 0.773541925436853, 44.950000939766895 ], [ 0.773477092312227, 44.950054003304217 ], [ 0.773441870813016, 44.949954542738482 ], [ 0.773430718221333, 44.949900405410105 ], [ 0.773406145534742, 44.949873068283367 ], [ 0.773393985177613, 44.949854903188601 ], [ 0.773320015338327, 44.949781884828496 ], [ 0.773245793715121, 44.94971785947925 ], [ 0.773233633444001, 44.949699694368007 ], [ 0.773147251804102, 44.949617503842767 ], [ 0.77313483959206, 44.949608331778904 ], [ 0.773060870418631, 44.949535313252895 ], [ 0.773036298073946, 44.949507976048054 ], [ 0.773023885904497, 44.949498803972112 ], [ 0.772999817626087, 44.94945348064612 ], [ 0.772987657492635, 44.949435315509739 ], [ 0.772793852577165, 44.949117693998367 ], [ 0.772597781167474, 44.948881009669691 ], [ 0.77238904743703, 44.948644145924504 ], [ 0.772376635566067, 44.948634973779193 ], [ 0.77230317292303, 44.948543968670947 ], [ 0.772290761088458, 44.948534796516363 ], [ 0.77216891227467, 44.948362137436042 ], [ 0.772156500502601, 44.948352965267091 ], [ 0.772047064214789, 44.948189478233381 ], [ 0.772034652501141, 44.948180306051398 ], [ 0.771924964726144, 44.9480258119575 ], [ 0.77191255306896, 44.948016639762436 ], [ 0.771765631163681, 44.94783462892903 ], [ 0.771765883371155, 44.947825635880811 ], [ 0.771655440363586, 44.947698120684578 ], [ 0.77164302882357, 44.947688948460488 ], [ 0.771581475657326, 44.947625101225555 ], [ 0.771569064145704, 44.94761592899345 ], [ 0.771520427123494, 44.947543267864624 ], [ 0.771520679369162, 44.947534274817997 ], [ 0.77145862200279, 44.947488413611495 ], [ 0.771371741861207, 44.947424207865367 ], [ 0.771284861919518, 44.947360002052726 ], [ 0.771272198230758, 44.947359822833768 ], [ 0.771247627719986, 44.947332485255515 ], [ 0.771234964037588, 44.947332306032322 ], [ 0.771097429726921, 44.94726738316767 ], [ 0.771084766059779, 44.947267203927275 ], [ 0.77072004348207, 44.947172074889508 ], [ 0.770493612353837, 44.947114889307038 ], [ 0.769723403835563, 44.947023011413137 ], [ 0.769319178835079, 44.946981297814908 ], [ 0.768876963681838, 44.946939044267005 ], [ 0.768877216350716, 44.946930051228748 ], [ 0.768725253354499, 44.946927897201007 ], [ 0.768245553900681, 44.946867116517112 ], [ 0.768044200849814, 44.946819278097912 ], [ 0.76795580877876, 44.946809027904443 ], [ 0.767880080290686, 44.946798957248902 ], [ 0.767615662976041, 44.946741226960178 ], [ 0.767565261709653, 44.946731515362451 ], [ 0.767426468641345, 44.946711553126185 ], [ 0.767325413327743, 44.94670112276961 ], [ 0.767123302813856, 44.946680261779797 ], [ 0.767047574650719, 44.946670190555345 ], [ 0.766845211357715, 44.946658322091011 ], [ 0.766769483274531, 44.946648250676397 ], [ 0.766402747570619, 44.94662505169785 ], [ 0.766352346620203, 44.946615339548451 ], [ 0.766011444559304, 44.946574512773758 ], [ 0.765910642903479, 44.946555088096169 ], [ 0.765796924670338, 44.946544476511292 ], [ 0.765721196930799, 44.946534404380103 ], [ 0.765683459662094, 44.946524871780461 ], [ 0.765670796180845, 44.946524691920793 ], [ 0.765620395448431, 44.946514979438597 ], [ 0.765582658210077, 44.946505446804693 ], [ 0.765444119633112, 44.946476489056273 ], [ 0.765293677469616, 44.946420372148033 ], [ 0.765043954337745, 44.946290871408507 ], [ 0.765019387348279, 44.946263532461167 ], [ 0.764908709541162, 44.946145003647281 ], [ 0.764860335783998, 44.94606334661335 ], [ 0.764812975445993, 44.945945717460063 ], [ 0.764801325383422, 44.945909565400605 ], [ 0.764707618756677, 44.945638334946864 ], [ 0.764636452675517, 44.945466387653852 ], [ 0.764528564248193, 44.945248935249268 ], [ 0.764492348258491, 44.94518544411693 ], [ 0.764480951931404, 44.945140299012735 ], [ 0.764476396602199, 44.944852342339864 ], [ 0.764481210589084, 44.94468147495305 ], [ 0.764434612344399, 44.944536866641741 ], [ 0.764293552086242, 44.944148006727197 ], [ 0.764247208174686, 44.943994405349507 ], [ 0.764234798675726, 44.943985232308933 ], [ 0.764173258068501, 44.943921381052213 ], [ 0.764135269411667, 44.943920840952202 ], [ 0.763933170157881, 44.943899974166548 ], [ 0.763908351309247, 44.943881628014374 ], [ 0.763895688433427, 44.94388144795218 ], [ 0.763883279017351, 44.94387227487266 ], [ 0.763870616143734, 44.943872094807602 ], [ 0.763833134458767, 44.943853568572308 ], [ 0.763807808720425, 44.943853208429296 ], [ 0.763630021560544, 44.943868673296507 ], [ 0.763630528561198, 44.943850687266035 ], [ 0.763630782061403, 44.94384169425085 ], [ 0.763631289061565, 44.943823708220535 ], [ 0.763633570558255, 44.943742771085667 ], [ 0.763612807918421, 44.943580536635722 ], [ 0.763614328928185, 44.943526578550774 ], [ 0.763546211046413, 44.943246714538688 ], [ 0.763387187467411, 44.942596696134672 ], [ 0.763307169976478, 44.942289672926123 ], [ 0.763294761011008, 44.942280499786477 ], [ 0.763228928261032, 44.941919698641627 ], [ 0.763150941149831, 44.941540731348091 ], [ 0.763140814494003, 44.941450621139644 ], [ 0.763030927951027, 44.940855281278679 ], [ 0.76303143511734, 44.940837295271621 ], [ 0.763019533689961, 44.940810136099479 ], [ 0.763020040859535, 44.940792150092747 ], [ 0.763020548028784, 44.940774164086129 ], [ 0.763022323118577, 44.940711213063977 ], [ 0.763023844620924, 44.940657255046133 ], [ 0.763014986253024, 44.940522179844116 ], [ 0.763017014924753, 44.940450235825878 ], [ 0.76301904359125, 44.940378291809601 ], [ 0.763078566973775, 44.940064257394603 ], [ 0.763124159934452, 44.939795007835741 ], [ 0.763138343247441, 44.939741229984548 ], [ 0.763194062022435, 44.939562090570369 ], [ 0.763288780139772, 44.939347519544526 ], [ 0.763382483453816, 44.939168920449006 ], [ 0.763421736432477, 44.939124495810766 ], [ 0.763500495701676, 44.939026653496157 ], [ 0.763526579733435, 44.939000034711903 ], [ 0.763708406864742, 44.938840682051797 ], [ 0.763992793621415, 44.93863780456244 ], [ 0.764225011466507, 44.938488164262417 ], [ 0.764726414991043, 44.938225394123833 ], [ 0.765113100257738, 44.93798798149151 ], [ 0.765268330503938, 44.937873231468217 ], [ 0.765422547376467, 44.937794453227021 ], [ 0.765511937386567, 44.937768733402336 ], [ 0.76557600433687, 44.937742653770002 ], [ 0.765690970300083, 44.937708300537707 ], [ 0.767299720290005, 44.937254321786355 ], [ 0.767312634550548, 44.937245508456051 ], [ 0.767518503634916, 44.937131473974496 ], [ 0.767789953726506, 44.936937400196996 ], [ 0.767802867836329, 44.936928586810453 ], [ 0.768007723698009, 44.936850523436213 ], [ 0.768135600356575, 44.936807354262001 ], [ 0.76832779404041, 44.936729110721309 ], [ 0.768559234304853, 44.936606440426907 ], [ 0.768713443033344, 44.936527657631977 ], [ 0.768829667709596, 44.936448336140529 ], [ 0.768920064451656, 44.936386641564333 ], [ 0.769010966192441, 44.936306960910777 ], [ 0.769114528830032, 44.936227459649594 ], [ 0.769204924899588, 44.93616576484537 ], [ 0.769230752311333, 44.936148137745136 ], [ 0.769436865959662, 44.936025106734938 ], [ 0.769900492119913, 44.935752782078339 ], [ 0.770106855251985, 44.935620756834503 ], [ 0.770480081548734, 44.935410125310739 ], [ 0.770531734851393, 44.935374870518224 ], [ 0.77090697620963, 44.935092293555883 ], [ 0.770945463488045, 44.935074845319974 ], [ 0.770958376668792, 44.935066031570777 ], [ 0.771100421387879, 44.934969080231966 ], [ 0.771139160771092, 44.934942638926643 ], [ 0.771152073890674, 44.934933825155241 ], [ 0.771176891141728, 44.934952169619457 ], [ 0.771189804257558, 44.934943355843643 ], [ 0.771215882714715, 44.934916735284631 ], [ 0.771294117936958, 44.934836873572237 ], [ 0.771333109355004, 44.934801439197535 ], [ 0.771346022411303, 44.934792625403936 ], [ 0.771383500505696, 44.934811149028526 ], [ 0.771658760902027, 44.934932000218971 ], [ 0.771696239193764, 44.934950523738785 ], [ 0.771983153398591, 44.935107525316141 ], [ 0.772294886982743, 44.935282870376156 ], [ 0.772394914356905, 44.935329268164942 ], [ 0.772445054127163, 44.935347970522102 ], [ 0.772484297206777, 44.935303542727446 ], [ 0.77256404328788, 44.935169722063172 ], [ 0.772943808245127, 44.934725264103932 ], [ 0.772957224942025, 44.934698464109786 ], [ 0.772957980810205, 44.93467148509103 ], [ 0.772958484721917, 44.934653499078621 ], [ 0.772983806345515, 44.934653857123571 ], [ 0.773072180093188, 44.934664103241715 ], [ 0.773148144981567, 44.93466517728114 ], [ 0.773262092319616, 44.934666788242474 ], [ 0.773515812382078, 44.93465238172147 ], [ 0.773693315612942, 44.934645894013769 ], [ 0.773743958862985, 44.934646609761579 ], [ 0.773922217450372, 44.934613142662805 ], [ 0.773972860673638, 44.934613858305838 ], [ 0.774199999927571, 44.934644057439613 ], [ 0.774679097472624, 44.934722797987867 ], [ 0.774780384138814, 44.93472422855811 ], [ 0.774937850167075, 44.934528528002446 ], [ 0.775080641445812, 44.934404592538435 ], [ 0.775080893058556, 44.934395599528074 ], [ 0.77513354893311, 44.934324370557931 ], [ 0.775146712880755, 44.934306563311736 ], [ 0.775146964482412, 44.934297570301588 ], [ 0.775213538855123, 44.934181555019222 ], [ 0.775239866623625, 44.934145940508287 ], [ 0.775493248816065, 44.933690693246426 ], [ 0.775572985380272, 44.933556870489589 ], [ 0.775938546125326, 44.93316618182034 ], [ 0.776041841618485, 44.933095667168686 ], [ 0.776196532942294, 44.9329988880218 ], [ 0.776235268544527, 44.932972444949733 ], [ 0.776248180403784, 44.93296363058942 ], [ 0.776391216165419, 44.932830700495686 ], [ 0.776482101452041, 44.932751013801912 ], [ 0.776521088120186, 44.932715577624187 ], [ 0.776722397565065, 44.932763400335617 ], [ 0.77676088142022, 44.932745950090215 ], [ 0.77688949584852, 44.932675791831272 ], [ 0.77697887237863, 44.932650062785029 ], [ 0.777017104782634, 44.932641605460006 ], [ 0.777463232380298, 44.932539938023488 ], [ 0.777475892727148, 44.932540116530838 ], [ 0.777795917762702, 44.932418676599596 ], [ 0.777923776699708, 44.932375496175375 ], [ 0.777923525554029, 44.932384489185594 ], [ 0.777935181291731, 44.932420639681411 ], [ 0.777972659979954, 44.932439161057886 ], [ 0.77798532030558, 44.9324393395069 ], [ 0.778035961608897, 44.932440053288417 ], [ 0.778162815980283, 44.932432844629915 ], [ 0.778213457279977, 44.932433558330196 ], [ 0.778289670318908, 44.932425635825965 ], [ 0.778568950582056, 44.932402581535897 ], [ 0.778733032707634, 44.932422886397433 ], [ 0.778745693032001, 44.932423064759405 ], [ 0.778783422998209, 44.932432592849167 ], [ 0.778846975629843, 44.932424491603307 ], [ 0.779063706940904, 44.932373565260889 ], [ 0.779076367255142, 44.93237374358511 ], [ 0.779330577232991, 44.932341337710163 ], [ 0.779343237540772, 44.932341516003774 ], [ 0.779444770906415, 44.932333949286914 ], [ 0.779863564394653, 44.932303859721841 ], [ 0.779901545297851, 44.932304394415347 ], [ 0.779927116722991, 44.932295757855762 ], [ 0.780028649926274, 44.932288190603138 ], [ 0.780052967313235, 44.932324519089221 ], [ 0.78010360853882, 44.932325231924366 ], [ 0.780256033762775, 44.932309384259696 ], [ 0.780433027277862, 44.93232087177195 ], [ 0.78045809715412, 44.932330221121475 ], [ 0.780509239847948, 44.932312947738957 ], [ 0.780560382510127, 44.932295674332856 ], [ 0.780560883951069, 44.932277688300537 ], [ 0.780575800710238, 44.93219692930932 ], [ 0.780589965281309, 44.93214314936553 ], [ 0.780619046471378, 44.932008610429705 ], [ 0.7806726958317, 44.931901406822242 ], [ 0.780699520434594, 44.931847805010356 ], [ 0.78072559291092, 44.931821182237705 ], [ 0.780803810190695, 44.931741313884444 ], [ 0.780920509041952, 44.931643993792015 ], [ 0.78104961698098, 44.931555844692824 ], [ 0.781165312538658, 44.931494496406707 ], [ 0.781293667950114, 44.931433326071158 ], [ 0.781382789877154, 44.931416586492112 ], [ 0.781408360666485, 44.931407949592689 ], [ 0.781421020769229, 44.931408127648403 ], [ 0.781446340974961, 44.931408483755405 ], [ 0.781612425602729, 44.931356840216473 ], [ 0.781689137758309, 44.93133092934189 ], [ 0.781791170003847, 44.931305374442417 ], [ 0.781854971423309, 44.93128827845554 ], [ 0.782072446996022, 44.931210367190374 ], [ 0.782136248220774, 44.931193271041813 ], [ 0.782303082874019, 44.931114647421786 ], [ 0.782470167464604, 44.931027030535908 ], [ 0.782675982653229, 44.930912968091363 ], [ 0.782753194427256, 44.930869070450051 ], [ 0.782881045980836, 44.930825884318146 ], [ 0.782919526575273, 44.930808431941585 ], [ 0.783061539688218, 44.930711465385741 ], [ 0.783281263803272, 44.930552614612481 ], [ 0.78337138476775, 44.930499901369814 ], [ 0.783755935652785, 44.93033436833705 ], [ 0.783858215311318, 44.9302998185224 ], [ 0.783972904533285, 44.930274439394275 ], [ 0.784075183947756, 44.930239889379642 ], [ 0.784152143558161, 44.930204983789366 ], [ 0.784216443241386, 44.930169900411826 ], [ 0.784242263139188, 44.930152269843447 ], [ 0.784268333134241, 44.930125646251589 ], [ 0.78429565364941, 44.930054057566785 ], [ 0.784295903758164, 44.930045064549454 ], [ 0.784298154733328, 44.929964127394832 ], [ 0.784299155164639, 44.929928155326941 ], [ 0.784213538189591, 44.929818995015943 ], [ 0.784115261823089, 44.929709656897899 ], [ 0.784104603201114, 44.929637535026195 ], [ 0.784091943491325, 44.929637357277969 ], [ 0.784093444328319, 44.929583399185958 ], [ 0.784083536180221, 44.9294842982709 ], [ 0.784084286601085, 44.929457319226387 ], [ 0.784088789111041, 44.929295444965057 ], [ 0.784103449834134, 44.929223678600351 ], [ 0.784130019725034, 44.929179069022489 ], [ 0.784156089319163, 44.929152445466727 ], [ 0.784170249668928, 44.929098665124435 ], [ 0.78418415986918, 44.929053877794992 ], [ 0.784198070047114, 44.929009090464596 ], [ 0.784213731022474, 44.928901352040121 ], [ 0.784253960645689, 44.928820948119942 ], [ 0.784319759266289, 44.928731906623007 ], [ 0.784501243532404, 44.928581513377416 ], [ 0.784590860054424, 44.92854678520353 ], [ 0.784833890039409, 44.928460230950357 ], [ 0.784961984461343, 44.928408049435944 ], [ 0.78509007864383, 44.928355867774108 ], [ 0.78523058204748, 44.928312856597508 ], [ 0.785332857090079, 44.928278305443285 ], [ 0.785435631840206, 44.928225768167302 ], [ 0.785487269051277, 44.928190506480099 ], [ 0.785526246818878, 44.92815506718545 ], [ 0.785565224536997, 44.928119627877464 ], [ 0.78557863358773, 44.928092826415728 ], [ 0.785698314973035, 44.927887585251817 ], [ 0.785817995478408, 44.927682343973935 ], [ 0.785858471758958, 44.927592946493206 ], [ 0.785901196458643, 44.927422611890627 ], [ 0.785901945973448, 44.927395632854449 ], [ 0.785955830586016, 44.927279433853315 ], [ 0.786022124311427, 44.927172405370726 ], [ 0.786360004138352, 44.92686226518569 ], [ 0.786464523529649, 44.926746775903226 ], [ 0.786490590874836, 44.92672015182071 ], [ 0.786568543033835, 44.926649272548829 ], [ 0.786607269318073, 44.926622825903948 ], [ 0.786633086820518, 44.92660519479999 ], [ 0.786711038638113, 44.926534315430587 ], [ 0.786723697652633, 44.926534492878481 ], [ 0.786788740566651, 44.926472429018979 ], [ 0.786898501473903, 44.926168086128143 ], [ 0.786911909415914, 44.926141284524171 ], [ 0.786926066347419, 44.926087503888908 ], [ 0.786969036297677, 44.925908175959925 ], [ 0.787197217545325, 44.925443555397891 ], [ 0.787237190766596, 44.925372143503147 ], [ 0.787250847966586, 44.92533634885789 ], [ 0.78725134718975, 44.925318362841779 ], [ 0.787264754758326, 44.92529156120348 ], [ 0.787277413492839, 44.925291738587745 ], [ 0.787277163885613, 44.925300731595776 ], [ 0.787289323411631, 44.92531889499481 ], [ 0.787289573016978, 44.925309901986715 ], [ 0.787407495049748, 44.92516761023721 ], [ 0.78751225867024, 44.92504312702895 ], [ 0.78790574184349, 44.924553831647167 ], [ 0.788128671002797, 44.924278062516095 ], [ 0.788753236271254, 44.923675046098325 ], [ 0.78876639336427, 44.923657237300084 ], [ 0.789013826389624, 44.92386762042409 ], [ 0.789025986168493, 44.923885783622417 ], [ 0.789112351371696, 44.923967960937773 ], [ 0.789137418950685, 44.923977308289288 ], [ 0.789149578793648, 44.923995471474882 ], [ 0.789372196301557, 44.924187513468347 ], [ 0.789606975420202, 44.924397718167398 ], [ 0.789643954150263, 44.924434221553547 ], [ 0.789767549203427, 44.924543908740475 ], [ 0.789817186716633, 44.924580589168684 ], [ 0.790088948444762, 44.924827296200739 ], [ 0.790534198087159, 44.925211376106198 ], [ 0.790595997287663, 44.925266219236583 ], [ 0.790670206300699, 44.92533023234585 ], [ 0.790942971518987, 44.925540965288249 ], [ 0.791066820572492, 44.925641658055753 ], [ 0.791215738796291, 44.925751697576594 ], [ 0.791364159704127, 44.92587972294141 ], [ 0.79142620940145, 44.925925572603269 ], [ 0.791587290175074, 44.926053774586215 ], [ 0.791922610648807, 44.926292368677046 ], [ 0.791935020763558, 44.926301538551066 ], [ 0.792220703344345, 44.926503452255268 ], [ 0.792258182798921, 44.926521968751373 ], [ 0.792506387991439, 44.92670536523886 ], [ 0.79256868830578, 44.926742221250358 ], [ 0.792730769002289, 44.926834449508412 ], [ 0.792805231271283, 44.92688946820077 ], [ 0.79286753198833, 44.92692632404691 ], [ 0.793253748539321, 44.927156628128508 ], [ 0.793614898412934, 44.927377584539286 ], [ 0.793963391866318, 44.927598363173544 ], [ 0.794274407069393, 44.92780062492001 ], [ 0.794597835458241, 44.928012055391328 ], [ 0.794610246394629, 44.928021224971879 ], [ 0.794871373794553, 44.928195799777988 ], [ 0.794908606873258, 44.928223308425657 ], [ 0.79510668719302, 44.92838800708104 ], [ 0.795354661717487, 44.928580390359663 ], [ 0.795541078242368, 44.928708939645212 ], [ 0.795665190888033, 44.928800634358197 ], [ 0.795777140871819, 44.928874166443386 ], [ 0.795790048697622, 44.928865349814082 ], [ 0.795970013163523, 44.928768895969675 ], [ 0.792305127757188, 44.918416791326784 ], [ 0.783476367328556, 44.901694640924589 ], [ 0.776509735359116, 44.890530921638202 ], [ 0.771158189735069, 44.883240122533742 ], [ 0.766912266386018, 44.879428386642473 ], [ 0.763049076432313, 44.876872434654956 ], [ 0.758374538019911, 44.874385724299025 ], [ 0.747718546453748, 44.869590829455142 ], [ 0.722886946776812, 44.860297395749363 ], [ 0.714983722505993, 44.858031488857272 ], [ 0.705265570385838, 44.855567281696807 ], [ 0.685467932627012, 44.852250296083206 ], [ 0.67520390072794, 44.851205738103609 ], [ 0.664275627671885, 44.851238745960742 ], [ 0.655217413957949, 44.851748982983175 ], [ 0.645067882030956, 44.852790564655749 ], [ 0.637990076778403, 44.85429234230768 ] ] ] ] } },
{ "type": "Feature", "properties": { "NOM": null, "TYPOLOGIE": null, "ID_CDCOMMU": 21, "SECTEUR": null, "ID_CC2007": null, "NUM_SECTEU": 3, "ID_CC2014": null, "NOM_SECTEU": "VALLEE DE LA DORDOGNE BERGERACOISE" }, "geometry": { "type": "MultiPolygon", "coordinates": [ [ [ [ 0.608885668585837, 44.827318894825403 ], [ 0.608808741004377, 44.827353677326755 ], [ 0.608527413466361, 44.827457233426173 ], [ 0.608514499505115, 44.827466027882778 ], [ 0.608463399449391, 44.827483221230892 ], [ 0.608437849409755, 44.827491817896124 ], [ 0.608271912933752, 44.827543199961113 ], [ 0.608080426007675, 44.82760317836096 ], [ 0.607940039067662, 44.827645963346754 ], [ 0.607863388461138, 44.827671752963496 ], [ 0.607723001183183, 44.82771453767473 ], [ 0.607697450924212, 44.827723134169574 ], [ 0.607684258729931, 44.827740920760945 ], [ 0.607696616806527, 44.827750110861977 ], [ 0.607696338767121, 44.827759103092809 ], [ 0.60774632718506, 44.827777879021497 ], [ 0.60775868528001, 44.827787069115764 ], [ 0.607783679507735, 44.827796457068928 ], [ 0.608461157966099, 44.828373847900913 ], [ 0.60847379422767, 44.828374045682224 ], [ 0.60908949393496, 44.828905482687368 ], [ 0.609249877794157, 44.82903394414636 ], [ 0.609307226336004, 44.829223769626104 ], [ 0.609352216549056, 44.829404405170379 ], [ 0.609374433986053, 44.829503715182078 ], [ 0.609374156207523, 44.829512707423561 ], [ 0.609419424641079, 44.829684350719617 ], [ 0.609265285745515, 44.829762908724632 ], [ 0.60914988965196, 44.829815082907409 ], [ 0.609047129944042, 44.829867454686543 ], [ 0.609034493343239, 44.829867256970751 ], [ 0.609021578905538, 44.829876051495553 ], [ 0.608779816215207, 44.829926248042462 ], [ 0.608677889635134, 44.829951642755418 ], [ 0.60863970188111, 44.829960041718444 ], [ 0.608575962962557, 44.829977037374675 ], [ 0.608575685053377, 44.829986029615924 ], [ 0.608665940169426, 44.830338309167061 ], [ 0.60866566227291, 44.830347301409901 ], [ 0.608665384376304, 44.830356293652756 ], [ 0.60869884824593, 44.830500762814481 ], [ 0.608721620736349, 44.830582088514873 ], [ 0.608721064958699, 44.830600073002685 ], [ 0.60875564065414, 44.830708573183955 ], [ 0.608755362770197, 44.830717565428408 ], [ 0.60876522073798, 44.830807685622588 ], [ 0.608777857550188, 44.830807883369175 ], [ 0.608853956293915, 44.830800077573222 ], [ 0.608879229915613, 44.830800473044583 ], [ 0.60890478139806, 44.830791876265103 ], [ 0.608986848579019, 44.831000082 ], [ 0.608986570730781, 44.831009074246069 ], [ 0.609035451122586, 44.831063818600384 ], [ 0.609263748226379, 44.831040400520095 ], [ 0.609276385092899, 44.831040598209626 ], [ 0.609327210353582, 44.831032396706263 ], [ 0.609352484083544, 44.831032792069358 ], [ 0.609365398736189, 44.831023997501653 ], [ 0.609390672462629, 44.831024392855994 ], [ 0.609395809195737, 44.831267381217053 ], [ 0.609509263697545, 44.83127815248325 ], [ 0.609502875064441, 44.831484974204862 ], [ 0.609471212355496, 44.831691400613579 ], [ 0.609470934581655, 44.831700392863411 ], [ 0.609470101259597, 44.831727369613134 ], [ 0.609451908695787, 44.831907016950744 ], [ 0.60943871607282, 44.831924803782499 ], [ 0.609404830585149, 44.832203168221703 ], [ 0.609402330498493, 44.83228409848703 ], [ 0.609386637657103, 44.832382815583877 ], [ 0.609357474180115, 44.83250831176133 ], [ 0.609356918587678, 44.832526296266515 ], [ 0.609218465004339, 44.832506137198777 ], [ 0.609180553412821, 44.832505544105921 ], [ 0.608814074736248, 44.832499810204013 ], [ 0.608460233326695, 44.832494272869084 ], [ 0.608283312648181, 44.832491503776552 ], [ 0.608194574332587, 44.832499111373664 ], [ 0.607916278100336, 44.832503751395635 ], [ 0.607436064862594, 44.832496232263189 ], [ 0.607447589639525, 44.832532399153379 ], [ 0.60745661151444, 44.832649496277213 ], [ 0.607456055309699, 44.832667480774077 ], [ 0.607644471331191, 44.83352510861873 ], [ 0.607665575079212, 44.833660388153085 ], [ 0.607665297005438, 44.833669380405738 ], [ 0.607674597592103, 44.833777485313171 ], [ 0.607681117491193, 44.833975512761583 ], [ 0.607680561345419, 44.833993497269354 ], [ 0.607691252374411, 44.834056640918561 ], [ 0.607688471654219, 44.834146563462028 ], [ 0.607703736258563, 44.834470680385856 ], [ 0.607703458186895, 44.834479672641621 ], [ 0.60770691947634, 44.83477661496908 ], [ 0.607713161533569, 44.834983634754366 ], [ 0.607712883460864, 44.834992627012021 ], [ 0.60774301082032, 44.835245003839574 ], [ 0.607755092496545, 44.835263186220672 ], [ 0.607773416517052, 44.835488388425269 ], [ 0.607810065000508, 44.83593879288761 ], [ 0.60782950170279, 44.836128026096411 ], [ 0.607833797944278, 44.836397991830808 ], [ 0.607831295397914, 44.836478922200747 ], [ 0.607826846408725, 44.836622798420407 ], [ 0.60781337409256, 44.836649577356972 ], [ 0.607786707490933, 44.836694142961967 ], [ 0.60779878949424, 44.836712325348969 ], [ 0.607847395646035, 44.836776062620537 ], [ 0.607859755744854, 44.836785252736831 ], [ 0.607921000202958, 44.836849187828122 ], [ 0.60806904397035, 44.836968461304771 ], [ 0.608081404148072, 44.83697765139695 ], [ 0.608105846496134, 44.837005023843354 ], [ 0.608165145403222, 44.83713190466991 ], [ 0.608236248846695, 44.837285960081807 ], [ 0.608235692846429, 44.837303944616764 ], [ 0.608306518713135, 44.837466992262243 ], [ 0.608330405413175, 44.837512349201162 ], [ 0.608413870181565, 44.837675594588028 ], [ 0.60849677951511, 44.837856824462847 ], [ 0.608508306081699, 44.837892991321375 ], [ 0.608555524306941, 44.838001689664893 ], [ 0.608567050941342, 44.838037856519449 ], [ 0.608591493990095, 44.838065228870057 ], [ 0.608591216043223, 44.838074221141255 ], [ 0.608602742715634, 44.838110387993112 ], [ 0.608625518163215, 44.838191713966467 ], [ 0.608625240221183, 44.83820070623824 ], [ 0.608624406394551, 44.838227683053702 ], [ 0.60871411925129, 44.838597948299736 ], [ 0.608758559239573, 44.838796569327755 ], [ 0.608758281315916, 44.838805561602037 ], [ 0.608802443708256, 44.83901317490426 ], [ 0.608813136962326, 44.839076318574101 ], [ 0.608836191021792, 44.839148652260256 ], [ 0.608879520253125, 44.83938324239039 ], [ 0.608901740813234, 44.8394825529031 ], [ 0.608901185005034, 44.839500537457525 ], [ 0.608956875714011, 44.839744317600172 ], [ 0.608956319920932, 44.839762302156807 ], [ 0.608988678598341, 44.839942740902003 ], [ 0.608988122813513, 44.839960725460287 ], [ 0.609021871148108, 44.840096202811687 ], [ 0.60894603768451, 44.840095016477527 ], [ 0.60887020422413, 44.840093830091298 ], [ 0.608466315110407, 44.840069517262293 ], [ 0.608572838285252, 44.8403050964912 ], [ 0.608572004401981, 44.840332073329535 ], [ 0.608584643364584, 44.840332271098319 ], [ 0.608595614582683, 44.84038642254351 ], [ 0.608607975601932, 44.840395612589376 ], [ 0.608654362286173, 44.840531287842047 ], [ 0.60881978108538, 44.84049788947776 ], [ 0.609023394558637, 44.840456091745374 ], [ 0.609125062244764, 44.840439688879371 ], [ 0.609214090885848, 44.840423088224668 ], [ 0.609239646711179, 44.840414491332382 ], [ 0.609273118078842, 44.840558960913874 ], [ 0.609315338857935, 44.84082952013933 ], [ 0.609327700093286, 44.84083871010629 ], [ 0.60932742225095, 44.840847702389496 ], [ 0.609402559970075, 44.841280715779462 ], [ 0.609402282137574, 44.841289708064487 ], [ 0.60946728216797, 44.841641593234776 ], [ 0.609477976674645, 44.841704736907722 ], [ 0.609509226884417, 44.841921144792813 ], [ 0.609530616123439, 44.842047432145542 ], [ 0.609573672701159, 44.842291014568737 ], [ 0.609638397171342, 44.84265189207202 ], [ 0.609712706345248, 44.843111882445328 ], [ 0.60971159517771, 44.843147851615662 ], [ 0.609723401409921, 44.843175026132215 ], [ 0.609786183394437, 44.843598849737916 ], [ 0.609785905612078, 44.843607842032405 ], [ 0.609849521878566, 44.844004688788552 ], [ 0.609859383949664, 44.844094809374411 ], [ 0.609859106176605, 44.844103801670933 ], [ 0.60988133035022, 44.844203112176878 ], [ 0.609902443534233, 44.844338391872071 ], [ 0.609985508508063, 44.84492447218539 ], [ 0.610050516429279, 44.845276357531851 ], [ 0.610088714425899, 44.84526795802514 ], [ 0.610241506297687, 44.845234359866595 ], [ 0.610254146373648, 44.845234557444421 ], [ 0.610508891631742, 44.8451755625819 ], [ 0.610750718666665, 44.84512536191653 ], [ 0.611399801979862, 44.84499155670882 ], [ 0.611603429879557, 44.844949754139975 ], [ 0.611743579963367, 44.844915956485615 ], [ 0.611756219972697, 44.84491615389156 ], [ 0.611765807804612, 44.845015266644175 ], [ 0.611799565914163, 44.845150743423424 ], [ 0.612142789513867, 44.845093126562674 ], [ 0.61215515215565, 44.84510231622879 ], [ 0.6122394715955, 44.845238582304958 ], [ 0.612420197116629, 44.845529296232428 ], [ 0.612443535863723, 44.84559263704562 ], [ 0.612573147974368, 44.845900546064762 ], [ 0.612596764391813, 44.845954894545066 ], [ 0.612609127298588, 44.845964084163541 ], [ 0.612632466440951, 44.846027424947934 ], [ 0.612739018502078, 44.846263000722857 ], [ 0.612950184290936, 44.846797098228549 ], [ 0.612949907001245, 44.84680609054255 ], [ 0.612973524166934, 44.846860438962125 ], [ 0.612996864095781, 44.846923779692411 ], [ 0.613582874261185, 44.848426365977055 ], [ 0.613594683487741, 44.848453540137378 ], [ 0.613618024784484, 44.848516880777026 ], [ 0.613843788523709, 44.848988227984066 ], [ 0.614226341812282, 44.848886234426772 ], [ 0.614773779340313, 44.848768816801559 ], [ 0.614837537785965, 44.848751817432039 ], [ 0.61532149148806, 44.848642404143781 ], [ 0.615639728044217, 44.848575390008101 ], [ 0.615868370673233, 44.848542965760601 ], [ 0.616402330348652, 44.848452320130797 ], [ 0.617431215839602, 44.848306400202112 ], [ 0.617545536118395, 44.848290186285851 ], [ 0.618116583585936, 44.848227099596244 ], [ 0.618167146706033, 44.848227886294957 ], [ 0.61853649335777, 44.848143665840801 ], [ 0.618995153085636, 44.848033843230532 ], [ 0.619211427113011, 44.847992223162422 ], [ 0.619630781046381, 44.847926769924044 ], [ 0.62019001014152, 44.847836499021639 ], [ 0.620329610051901, 44.847820675106291 ], [ 0.620761326034765, 44.847764406341589 ], [ 0.621002051058566, 44.847750152530715 ], [ 0.621382099382349, 44.847729065288867 ], [ 0.621458219383412, 44.847721250748364 ], [ 0.621470860060744, 44.847721447042879 ], [ 0.62237193351683, 44.847618479833926 ], [ 0.622600292590035, 44.847595034010645 ], [ 0.622714609916897, 44.847578814751685 ], [ 0.622777813165572, 44.847579795491143 ], [ 0.623132302712998, 44.847567302280396 ], [ 0.623170224658527, 44.84756789058504 ], [ 0.623739880614908, 44.847549736563167 ], [ 0.624081729112099, 44.847537044271533 ], [ 0.624968502001271, 44.847487813962374 ], [ 0.625324366996858, 44.847430351990127 ], [ 0.626201523272926, 44.847282000125759 ], [ 0.626963534628149, 44.847176842127652 ], [ 0.627077849835394, 44.847160618357606 ], [ 0.627243002239253, 44.847136184664492 ], [ 0.627408704433358, 44.847093766023796 ], [ 0.62751092869001, 44.847059361490395 ], [ 0.627867887920399, 44.846965921936174 ], [ 0.628212205449249, 44.846872285710745 ], [ 0.628403736739155, 44.846812271921905 ], [ 0.628569437093805, 44.846769851546512 ], [ 0.62873568670132, 44.846709446218739 ], [ 0.629375400697768, 44.846467431646012 ], [ 0.629989553873196, 44.846234015113112 ], [ 0.630168715232247, 44.846164810608201 ], [ 0.630593806101935, 44.84591047639973 ], [ 0.630787252470472, 44.845787512029268 ], [ 0.631573395316971, 44.845304838717311 ], [ 0.632028741833588, 44.845716713850067 ], [ 0.632151579876581, 44.845835565280154 ], [ 0.632164220165272, 44.845835760351221 ], [ 0.632188403971959, 44.845872119919406 ], [ 0.632213410377304, 44.845881502409433 ], [ 0.632213136188317, 44.845890494767197 ], [ 0.632225776489634, 44.845890689831194 ], [ 0.632238416791038, 44.845890884893805 ], [ 0.632300795774537, 44.845918837259219 ], [ 0.632313436082563, 44.845919032313247 ], [ 0.632313161909467, 44.845928024671373 ], [ 0.632337894191514, 44.845946399491659 ], [ 0.632350260338629, 44.845955586899734 ], [ 0.632362626489807, 44.845964774306452 ], [ 0.632362352324395, 44.845973766664905 ], [ 0.632362078158895, 44.845982759023407 ], [ 0.632385987995828, 44.846028110909039 ], [ 0.632397531688563, 44.846064275388514 ], [ 0.63239670920743, 44.846091252465222 ], [ 0.632396435046877, 44.8461002448242 ], [ 0.632396160886233, 44.846109237183228 ], [ 0.632407704602282, 44.84614540166281 ], [ 0.632419796647738, 44.846163581423077 ], [ 0.632432437011474, 44.846163776463492 ], [ 0.632432162856308, 44.84617276882279 ], [ 0.632456895285631, 44.846191143618192 ], [ 0.632469261506385, 44.846200331013861 ], [ 0.632468987356957, 44.846209323373429 ], [ 0.632493719814535, 44.846227698160845 ], [ 0.632493445668904, 44.846236690520577 ], [ 0.632505811905727, 44.846245877912281 ], [ 0.63253054439156, 44.846264252691739 ], [ 0.632542636502619, 44.84628243243943 ], [ 0.632592101547036, 44.846319181976966 ], [ 0.632616834093613, 44.846337556737595 ], [ 0.632629200372995, 44.846346744115934 ], [ 0.632654481184782, 44.846347134147344 ], [ 0.632679761996922, 44.846347524172991 ], [ 0.632692402403124, 44.84634771918364 ], [ 0.632705042809414, 44.846347914192833 ], [ 0.632755330331326, 44.846357686576027 ], [ 0.632716312663797, 44.846393071004407 ], [ 0.632703398134571, 44.846401868357347 ], [ 0.632677020829805, 44.846437447780474 ], [ 0.6327273084273, 44.846447220176714 ], [ 0.632764955611174, 44.846456797549209 ], [ 0.632790236473639, 44.846457187549596 ], [ 0.632840250017591, 44.846475952255823 ], [ 0.632852890453369, 44.846476147248104 ], [ 0.63287817132519, 44.846476537228355 ], [ 0.632877897240133, 44.846485529589906 ], [ 0.632915818554619, 44.846486114549556 ], [ 0.632928458992956, 44.846486309533176 ], [ 0.63296610623757, 44.846495886837275 ], [ 0.63297874667829, 44.846496081815154 ], [ 0.633054315267665, 44.846506244014215 ], [ 0.633092236598035, 44.846506828913306 ], [ 0.633129883884492, 44.846516406161633 ], [ 0.63314252433042, 44.846516601120783 ], [ 0.633155164776437, 44.846516796078483 ], [ 0.633269202816913, 44.846509558270206 ], [ 0.633307124151778, 44.846510143095557 ], [ 0.633319764596908, 44.846510338034406 ], [ 0.633395881271514, 44.846502515274416 ], [ 0.633535474116244, 44.846486674684442 ], [ 0.633611590728493, 44.846478851775906 ], [ 0.633624231167616, 44.846479046679931 ], [ 0.633623957202462, 44.846488039043365 ], [ 0.63366215248551, 44.84647963138341 ], [ 0.633661878526447, 44.846488623746879 ], [ 0.633673149181477, 44.846533780463183 ], [ 0.633684419854701, 44.84657893717916 ], [ 0.63369541659174, 44.846633086258912 ], [ 0.633694046818526, 44.846678048079795 ], [ 0.633705043584362, 44.846732197160733 ], [ 0.633724845574226, 44.846912434243485 ], [ 0.633734746617002, 44.847002552788439 ], [ 0.633746291382652, 44.847038717140961 ], [ 0.633794114242034, 44.84712942034681 ], [ 0.633806754828781, 44.847129615229974 ], [ 0.633806480889778, 44.847138607596186 ], [ 0.633818025729875, 44.847174771943209 ], [ 0.633804837253909, 44.847192561794081 ], [ 0.633804289374582, 44.847210546526981 ], [ 0.633803741494901, 44.847228531260015 ], [ 0.633777638444451, 44.84725511859115 ], [ 0.633763628096923, 44.847299885537787 ], [ 0.633750439574165, 44.847317675383046 ], [ 0.633736977091838, 44.847344457593728 ], [ 0.633684222874556, 44.847415616954919 ], [ 0.633683948914456, 44.847424609321898 ], [ 0.633657571751076, 44.847460188993871 ], [ 0.633631194554146, 44.847495768660089 ], [ 0.633630646616026, 44.847513753394324 ], [ 0.633629824708187, 44.847540730496014 ], [ 0.633628728829835, 44.847576699965302 ], [ 0.633628454860026, 44.847585692332721 ], [ 0.633653188306882, 44.847604066870559 ], [ 0.633677099883346, 44.847649418506187 ], [ 0.633688918705835, 44.847676590506339 ], [ 0.63373674201745, 44.84776729376037 ], [ 0.633748834845335, 44.847785473386963 ], [ 0.633748560893809, 44.847794465755378 ], [ 0.633760927681079, 44.847803653012299 ], [ 0.633760653731408, 44.847812645380898 ], [ 0.633771924732889, 44.847857802111328 ], [ 0.633805189959614, 44.848011257039452 ], [ 0.633816734978949, 44.848047421399393 ], [ 0.63382362301755, 44.848236456048703 ], [ 0.633823349075836, 44.848245448419007 ], [ 0.633822566762481, 44.848686269484332 ], [ 0.633830550674161, 44.848839334692101 ], [ 0.633822606275342, 44.849100113508143 ], [ 0.633819866810296, 44.849190037244099 ], [ 0.633828398679112, 44.849325117734786 ], [ 0.633824015528073, 44.849468995727214 ], [ 0.633829260079879, 44.849711984738782 ], [ 0.633828986131844, 44.849720977114465 ], [ 0.633814427306555, 44.849783728864466 ], [ 0.633800142401937, 44.849837488237959 ], [ 0.633799868448605, 44.84984648061404 ], [ 0.633755643755966, 44.850052720614542 ], [ 0.633774625206102, 44.850259935063576 ], [ 0.633774351246599, 44.850268927441128 ], [ 0.633760066179567, 44.850322686820135 ], [ 0.633691654151189, 44.850492567543043 ], [ 0.633691380177209, 44.850501559921241 ], [ 0.633636705042578, 44.850635666002226 ], [ 0.633633143250036, 44.850752566926637 ], [ 0.6336806951233, 44.850852262696883 ], [ 0.633751612300791, 44.851015294891646 ], [ 0.633857714891048, 44.851268835499802 ], [ 0.633987458014489, 44.851576720054744 ], [ 0.634034463370471, 44.851694400472191 ], [ 0.634164482358991, 44.851993292487208 ], [ 0.634258494713558, 44.852228653196299 ], [ 0.634330510841982, 44.852355715563689 ], [ 0.634330236961569, 44.852364707950208 ], [ 0.634453916075698, 44.852456579974486 ], [ 0.634466284009456, 44.85246576716947 ], [ 0.634751842863924, 44.852641102726544 ], [ 0.635124254113128, 44.852871755055553 ], [ 0.635211104889563, 44.85292707248648 ], [ 0.635235841217889, 44.852945446708951 ], [ 0.635485668681087, 44.853048257108242 ], [ 0.635623361537293, 44.853095360576752 ], [ 0.635948221302136, 44.853226315136872 ], [ 0.636073273003121, 44.85327322340968 ], [ 0.636398134854106, 44.853404176655857 ], [ 0.636460524294215, 44.853432126754626 ], [ 0.636872788422717, 44.853600410215464 ], [ 0.636985199664621, 44.853647122930383 ], [ 0.636997294819269, 44.853665302244053 ], [ 0.637009936894077, 44.853665496760769 ], [ 0.637704772691513, 44.854108022606859 ], [ 0.637791627939171, 44.854163338035761 ], [ 0.637990076778403, 44.85429234230768 ], [ 0.645067882030956, 44.852790564655749 ], [ 0.655217413957949, 44.851748982983175 ], [ 0.664275627671885, 44.851238745960742 ], [ 0.67520390072794, 44.851205738103609 ], [ 0.68421957317254, 44.852123670720331 ], [ 0.679901849674271, 44.841623086676869 ], [ 0.676075085002558, 44.835079172396512 ], [ 0.673173459783501, 44.831463913833467 ], [ 0.670400842803031, 44.829047050673836 ], [ 0.667609139962217, 44.827277571116333 ], [ 0.66489531080577, 44.825869056018107 ], [ 0.661167270716941, 44.824562040053131 ], [ 0.657352791536044, 44.823613439227884 ], [ 0.653527886286213, 44.823015407632568 ], [ 0.648684929660095, 44.822644586390076 ], [ 0.644009945473257, 44.822573010837672 ], [ 0.637553500037409, 44.822887673367667 ], [ 0.630845941873596, 44.823557940440388 ], [ 0.62068120189727, 44.82524471234322 ], [ 0.608885668585837, 44.827318894825403 ] ] ] ] } },
{ "type": "Feature", "properties": { "NOM": null, "TYPOLOGIE": null, "ID_CDCOMMU": 21, "SECTEUR": null, "ID_CC2007": null, "NUM_SECTEU": 6, "ID_CC2014": null, "NOM_SECTEU": "VALLES SECONDAIRES DU DROPT" }, "geometry": { "type": "MultiPolygon", "coordinates": [ [ [ [ 0.710515063840103, 44.676901680016243 ], [ 0.710404851413997, 44.677223899140273 ], [ 0.710210332748123, 44.677409937014438 ], [ 0.710006602534819, 44.677478893869775 ], [ 0.709639297868183, 44.677536438063136 ], [ 0.709008119138419, 44.677563094103192 ], [ 0.708492192466149, 44.677528480327922 ], [ 0.707728655463498, 44.677337274188694 ], [ 0.707043876358318, 44.677039279219606 ], [ 0.706461804658198, 44.677111626011317 ], [ 0.706221047820558, 44.677153040542564 ], [ 0.704418422210033, 44.678007921303696 ], [ 0.704035362589731, 44.678173162519805 ], [ 0.703805368563903, 44.678277701738928 ], [ 0.703289700570942, 44.678234071707479 ], [ 0.702812366036581, 44.678173016454267 ], [ 0.702838620081079, 44.678137422917011 ], [ 0.70283966850908, 44.678101455432802 ], [ 0.702853843928034, 44.678047691178733 ], [ 0.702607293373644, 44.677855122217423 ], [ 0.701986859664385, 44.677513071409379 ], [ 0.701452017316279, 44.676830449201091 ], [ 0.70106816984405, 44.677022655597618 ], [ 0.700340899936993, 44.677317707582802 ], [ 0.698788407136161, 44.67780738591491 ], [ 0.698321581779151, 44.677818432980615 ], [ 0.697919609980329, 44.677767472835889 ], [ 0.696388163234035, 44.677105971807968 ], [ 0.696213306789256, 44.677049392414887 ], [ 0.696151083720738, 44.677021478121858 ], [ 0.696138218035384, 44.677030282218894 ], [ 0.696099884135865, 44.677047702651379 ], [ 0.695700782332817, 44.677329620647591 ], [ 0.69607306962907, 44.677533074839751 ], [ 0.695942042421368, 44.677702042343434 ], [ 0.695811014425093, 44.677871009704816 ], [ 0.69565399039418, 44.678066576868048 ], [ 0.695614339320338, 44.67812895640656 ], [ 0.695522697401737, 44.678244535769423 ], [ 0.695390350373945, 44.678458461945283 ], [ 0.695311573627206, 44.678565237134293 ], [ 0.695583834310191, 44.678740214695125 ], [ 0.695732173331041, 44.678841378813331 ], [ 0.695506602520077, 44.67922483584438 ], [ 0.695519205523447, 44.679225023669417 ], [ 0.69560584692915, 44.679280289551372 ], [ 0.695386066252535, 44.679465925512638 ], [ 0.695269478842319, 44.679572137196352 ], [ 0.695075165511792, 44.679749156407013 ], [ 0.694931790353884, 44.679908943149627 ], [ 0.694788414379945, 44.680068729717753 ], [ 0.694775547782686, 44.680077533668467 ], [ 0.694514526695367, 44.680379498410581 ], [ 0.694563622520962, 44.680425209456708 ], [ 0.694576225790611, 44.680425397389534 ], [ 0.694575962350013, 44.680434389249889 ], [ 0.694445187328841, 44.680594363342415 ], [ 0.694235893045537, 44.680852119964996 ], [ 0.694197028939786, 44.680887523490256 ], [ 0.694132167483247, 44.680949526623799 ], [ 0.694131903969076, 44.680958518485212 ], [ 0.694066778833674, 44.681029513444045 ], [ 0.694001126461931, 44.681118492090292 ], [ 0.693935210335223, 44.681216462563199 ], [ 0.693829638628193, 44.681376811992159 ], [ 0.693776588975097, 44.681465978535932 ], [ 0.693736933414781, 44.681528357497996 ], [ 0.693632414945577, 44.681652739307516 ], [ 0.693644491296585, 44.681670911073283 ], [ 0.693946666161619, 44.682116212968957 ], [ 0.693946402612262, 44.682125204834762 ], [ 0.694018862055006, 44.682234235227916 ], [ 0.694031202192572, 44.682243415089467 ], [ 0.694055091881908, 44.682288750408603 ], [ 0.694067432037379, 44.682297930266351 ], [ 0.694284812583665, 44.682625021104684 ], [ 0.694357009842101, 44.682743043168578 ], [ 0.694441811220041, 44.682861253139436 ], [ 0.69445415156457, 44.682870432956129 ], [ 0.694647382564614, 44.683161179781983 ], [ 0.694647119122571, 44.683170171653643 ], [ 0.694659459568565, 44.683179351448558 ], [ 0.694985014849623, 44.683687969750402 ], [ 0.694997355464672, 44.683697149509548 ], [ 0.695106050838686, 44.683860694159868 ], [ 0.695105787466819, 44.683869686035486 ], [ 0.695129942084069, 44.683906029278347 ], [ 0.695142282770743, 44.683915209022132 ], [ 0.695178251412385, 44.683978715749959 ], [ 0.695396171592627, 44.684287820882766 ], [ 0.695456032477626, 44.684396662595745 ], [ 0.695480187548312, 44.684433005770245 ], [ 0.695492001782596, 44.684460169234619 ], [ 0.695491738469728, 44.684469161113533 ], [ 0.695559464492138, 44.684740044440922 ], [ 0.695559201188762, 44.684749036321165 ], [ 0.695581513377713, 44.6848483226428 ], [ 0.695602772456084, 44.68498357648928 ], [ 0.695615113456916, 44.684992756184386 ], [ 0.695649766871934, 44.685101222197261 ], [ 0.695649503581325, 44.685110214079167 ], [ 0.695756097395937, 44.685345693252316 ], [ 0.695768175228642, 44.685363864814946 ], [ 0.695874506765654, 44.685608335784266 ], [ 0.695886584693184, 44.685626507336011 ], [ 0.696003942315419, 44.685925117304514 ], [ 0.696016283588807, 44.685934296958472 ], [ 0.696028361632348, 44.685952468497291 ], [ 0.696063542895696, 44.686042950653146 ], [ 0.696098461048895, 44.686142424688605 ], [ 0.696097934601549, 44.68616040846306 ], [ 0.696110275942026, 44.686169588107376 ], [ 0.696286447928841, 44.686613006834371 ], [ 0.696309814914303, 44.686676325531941 ], [ 0.69638096891388, 44.686830314042602 ], [ 0.696486779565138, 44.687092768363897 ], [ 0.696486516399244, 44.687101760255864 ], [ 0.696534303916512, 44.68719243002031 ], [ 0.696534040757762, 44.687201421912818 ], [ 0.696557671422673, 44.687255748681608 ], [ 0.696616485138552, 44.687400557480672 ], [ 0.696627511112442, 44.687454696540186 ], [ 0.696887190003194, 44.688061282534143 ], [ 0.697052347462035, 44.688450561350827 ], [ 0.697052084380358, 44.688459553249658 ], [ 0.697074663762713, 44.68854984753446 ], [ 0.697099347817651, 44.688568206622058 ], [ 0.697111689851175, 44.688577386163878 ], [ 0.697136636999145, 44.68858675334387 ], [ 0.697123242675987, 44.688613541402994 ], [ 0.697222483748795, 44.689100792754132 ], [ 0.697310436436526, 44.68954289698452 ], [ 0.697297041968169, 44.689569685076464 ], [ 0.697284436636524, 44.689569497455317 ], [ 0.697257910703724, 44.689614081728244 ], [ 0.697152595766798, 44.689765443052174 ], [ 0.697073806505089, 44.689872220057623 ], [ 0.696994753845638, 44.689987988916926 ], [ 0.696994490747531, 44.689996980821867 ], [ 0.696955095841302, 44.690050369280257 ], [ 0.696942490402868, 44.690050181619981 ], [ 0.696810647210726, 44.690246126851719 ], [ 0.696784120581935, 44.690290711024701 ], [ 0.69636416325615, 44.690851194625317 ], [ 0.69636390005299, 44.690860186532326 ], [ 0.695918196231623, 44.691438276944268 ], [ 0.695892194894076, 44.691464877110278 ], [ 0.695902957687558, 44.691528008250621 ], [ 0.695951801121169, 44.691582710811879 ], [ 0.69596388035908, 44.691600882403598 ], [ 0.695988302125373, 44.691628233674138 ], [ 0.696012723915461, 44.69165558493961 ], [ 0.696171071273129, 44.691846855906938 ], [ 0.696219915245419, 44.691901558356932 ], [ 0.696292654942573, 44.692001595816741 ], [ 0.696304997599027, 44.692010775462805 ], [ 0.696341235955533, 44.692065290128411 ], [ 0.696499848776153, 44.692247568744719 ], [ 0.696512191520569, 44.692256748368507 ], [ 0.696621171050517, 44.692411300232628 ], [ 0.696694438439224, 44.692493353620833 ], [ 0.696816024951537, 44.692648092996706 ], [ 0.696926058566778, 44.692766676922076 ], [ 0.696925795444637, 44.692775668838202 ], [ 0.697168971637981, 44.693085146993617 ], [ 0.697436573764888, 44.693421975624879 ], [ 0.697449179962123, 44.693422163228426 ], [ 0.697801873458074, 44.693868207266874 ], [ 0.697923991937209, 44.694004961666415 ], [ 0.697923728969115, 44.694013953589817 ], [ 0.698020898289793, 44.6941413408668 ], [ 0.698154835491483, 44.694305258337785 ], [ 0.698300854090917, 44.694487347016043 ], [ 0.698434792935668, 44.694651264171377 ], [ 0.698459217232976, 44.694678614930439 ], [ 0.698531964519299, 44.694778651032998 ], [ 0.698544571024865, 44.694778838511155 ], [ 0.698678248425174, 44.694951747319962 ], [ 0.698714228138864, 44.695015253204275 ], [ 0.698799320064884, 44.695124468531994 ], [ 0.698811926649007, 44.695124655979598 ], [ 0.698848432275787, 44.695170177964478 ], [ 0.698872331356959, 44.695215512498926 ], [ 0.698884937961774, 44.695215699938167 ], [ 0.698884412322015, 44.695233683799259 ], [ 0.698896756112963, 44.695242863167721 ], [ 0.698909099907948, 44.695252042534847 ], [ 0.698896493294891, 44.695251855098434 ], [ 0.698883623861745, 44.695260659591192 ], [ 0.698932999072971, 44.695297377057813 ], [ 0.698945605696372, 44.695297564490041 ], [ 0.698958212319858, 44.69529775192089 ], [ 0.698958475128259, 44.6952887599899 ], [ 0.699007324811754, 44.695343461285894 ], [ 0.699105550035494, 44.695434879953005 ], [ 0.69910528724997, 44.695443871884919 ], [ 0.699142318881944, 44.695471409914532 ], [ 0.699215593950039, 44.695553461735138 ], [ 0.699215331181587, 44.695562453667868 ], [ 0.699312768867346, 44.695680847958123 ], [ 0.699337456790038, 44.695699206601276 ], [ 0.699349800757439, 44.695708385920788 ], [ 0.699362407474539, 44.695708573305353 ], [ 0.699399439407276, 44.695736111251669 ], [ 0.699435945908154, 44.695781633053969 ], [ 0.699448027177498, 44.695799804296939 ], [ 0.699460371185103, 44.695808983604493 ], [ 0.699533384439679, 44.695900027160384 ], [ 0.699617953888516, 44.69602722576834 ], [ 0.699630297973918, 44.696036405057782 ], [ 0.699642642063359, 44.696045584345825 ], [ 0.699909747824582, 44.696400391277734 ], [ 0.699922092039764, 44.69640957053597 ], [ 0.700104366948142, 44.6966461705223 ], [ 0.700104104316637, 44.696655162461639 ], [ 0.700177382420067, 44.696737213652 ], [ 0.700213890244819, 44.696782735200223 ], [ 0.700432150693745, 44.697082840082814 ], [ 0.700444495158577, 44.697092019279872 ], [ 0.700614955118556, 44.697301455386878 ], [ 0.700627562212121, 44.697301642621206 ], [ 0.700639906757001, 44.697310821797451 ], [ 0.700652513852751, 44.697311009028894 ], [ 0.700664595858869, 44.697329180145886 ], [ 0.700664333313884, 44.697338172089438 ], [ 0.700676152786454, 44.697365335149044 ], [ 0.700688234811911, 44.697383506263954 ], [ 0.700712136348531, 44.69742884043427 ], [ 0.700724218399297, 44.697447011545776 ], [ 0.700858171535555, 44.697610925914539 ], [ 0.700882335817786, 44.697647268107609 ], [ 0.700894155460879, 44.697674431147888 ], [ 0.700991600464571, 44.697792824026202 ], [ 0.701137375032256, 44.697983901116324 ], [ 0.701161802124259, 44.698011251307243 ], [ 0.701234558628567, 44.698111285745938 ], [ 0.701258985823325, 44.698138635917012 ], [ 0.701405024629761, 44.698320720736561 ], [ 0.701659807645069, 44.698666344599076 ], [ 0.701927201278963, 44.699012155017698 ], [ 0.702061423990888, 44.699167076096501 ], [ 0.702401583012178, 44.699612919368505 ], [ 0.702426011428682, 44.69964026930132 ], [ 0.70244991532905, 44.699685603144566 ], [ 0.702462260695979, 44.699694782127786 ], [ 0.702436783149823, 44.699703400033158 ], [ 0.702259489311401, 44.699727757376429 ], [ 0.702145495882686, 44.699744057800572 ], [ 0.702119493618992, 44.699770659547184 ], [ 0.70210662364065, 44.699779464439644 ], [ 0.70209375365827, 44.699788269330654 ], [ 0.702081146001485, 44.699788082262984 ], [ 0.702080883671854, 44.699797074220193 ], [ 0.702068013681403, 44.69980587910829 ], [ 0.702067489017686, 44.699823863022786 ], [ 0.702040962007447, 44.699868448666571 ], [ 0.702040699671006, 44.699877440624022 ], [ 0.702027567317204, 44.699895237465149 ], [ 0.702027304978494, 44.69990422942265 ], [ 0.702014697295891, 44.699904042347335 ], [ 0.702014434955077, 44.699913034304856 ], [ 0.701988432551033, 44.699939636022336 ], [ 0.701975562513407, 44.699948440900094 ], [ 0.70195008477745, 44.699957058693606 ], [ 0.701911474622437, 44.699983473309182 ], [ 0.701898604583491, 44.699992278166341 ], [ 0.701885734569882, 44.700001083005539 ], [ 0.701873126864943, 44.700000895914584 ], [ 0.70184764913859, 44.700009513656923 ], [ 0.701834779113064, 44.700018318490194 ], [ 0.701771215912699, 44.700035366848752 ], [ 0.701758608200458, 44.700035179744638 ], [ 0.701720522727033, 44.700043610352083 ], [ 0.70166982952651, 44.700051853832193 ], [ 0.701774904455467, 44.700341279543082 ], [ 0.702052049510319, 44.701217987038341 ], [ 0.702212300837744, 44.701778105912837 ], [ 0.702212038570968, 44.701787097849589 ], [ 0.702280081787982, 44.702048986334319 ], [ 0.702292427698081, 44.702058165317837 ], [ 0.702375702274918, 44.702230321430747 ], [ 0.702388048240413, 44.702239500404424 ], [ 0.702497850993022, 44.702367070806432 ], [ 0.702509934786509, 44.70238524170707 ], [ 0.702522543027923, 44.70238542872643 ], [ 0.702633395181759, 44.702477031240882 ], [ 0.702645741243443, 44.702486210186862 ], [ 0.702670695575749, 44.702495576134019 ], [ 0.702967788862903, 44.702688894543883 ], [ 0.703091774933269, 44.702762699693785 ], [ 0.703104121132435, 44.702771878589914 ], [ 0.703648668102687, 44.703130788964032 ], [ 0.703833864087929, 44.703268471357191 ], [ 0.703981759537444, 44.703387609003016 ], [ 0.703981497545994, 44.703396600951038 ], [ 0.703994106018969, 44.703396787802568 ], [ 0.704005666541506, 44.703432942445289 ], [ 0.704029835568244, 44.703469283934893 ], [ 0.704064779273038, 44.703568755904833 ], [ 0.704100247048958, 44.703650243969562 ], [ 0.704099985075224, 44.703659235918963 ], [ 0.704112593607457, 44.703659422757063 ], [ 0.704112331635653, 44.703668414706513 ], [ 0.704123630319781, 44.703713561291174 ], [ 0.704135976895992, 44.703722740076351 ], [ 0.704253156079281, 44.704030334675409 ], [ 0.704252894128217, 44.704039326626756 ], [ 0.704276801627734, 44.704084660024371 ], [ 0.704370336543999, 44.704337929194871 ], [ 0.704382421365659, 44.704356099908246 ], [ 0.704452835090532, 44.704537059794006 ], [ 0.704475695290609, 44.704618360975914 ], [ 0.704488304039064, 44.704618547771531 ], [ 0.704593401998628, 44.704907971432959 ], [ 0.704640694536144, 44.705016622026768 ], [ 0.704746055901621, 44.705297053639782 ], [ 0.704792825318741, 44.705423688104808 ], [ 0.704805434248756, 44.705423874864593 ], [ 0.704910535344495, 44.705713298334196 ], [ 0.704957043631005, 44.705848924714942 ], [ 0.705039284635574, 44.706057046979666 ], [ 0.705063455457491, 44.706093388288835 ], [ 0.704885357174554, 44.706144725697825 ], [ 0.704796569785313, 44.706161402333201 ], [ 0.704808131391741, 44.70619755693869 ], [ 0.704828635954524, 44.70635978576825 ], [ 0.704828374084597, 44.706368777730496 ], [ 0.704852806770433, 44.706396127128549 ], [ 0.704876715755036, 44.706441460446833 ], [ 0.704888801192164, 44.706459631122982 ], [ 0.704912972089843, 44.706495972471878 ], [ 0.704887491887457, 44.706504590937364 ], [ 0.704874620851722, 44.706513396149376 ], [ 0.704874097125057, 44.706531380075397 ], [ 0.704886706303628, 44.706531566826392 ], [ 0.704886444442186, 44.706540558789492 ], [ 0.704873573398056, 44.706549364001518 ], [ 0.70488513513371, 44.706585518605387 ], [ 0.704872264079091, 44.70659432381742 ], [ 0.704846783825917, 44.706602942273811 ], [ 0.70485755995568, 44.706666072771846 ], [ 0.704857298088949, 44.706675064735379 ], [ 0.704856774355241, 44.706693048662586 ], [ 0.704856512488259, 44.706702040626226 ], [ 0.704830770312706, 44.706719651042917 ], [ 0.70435558495247, 44.707009474832077 ], [ 0.704137035401819, 44.70715017024343 ], [ 0.703597223510138, 44.707493008391225 ], [ 0.703430418363998, 44.70758949018655 ], [ 0.70305766719828, 44.70782685197176 ], [ 0.703057405038425, 44.707835843935122 ], [ 0.702697784620125, 44.708055407554426 ], [ 0.702556457573161, 44.70814327008172 ], [ 0.702543585797591, 44.708152075026561 ], [ 0.702427739636114, 44.708231319463593 ], [ 0.702222839281898, 44.708336230314558 ], [ 0.702197620133479, 44.708335856199724 ], [ 0.702146132606063, 44.708371075804848 ], [ 0.701941493558821, 44.708466994173925 ], [ 0.701800951388755, 44.708527879854806 ], [ 0.701788079406914, 44.708536684712506 ], [ 0.701468377896893, 44.708684869974221 ], [ 0.70145550582707, 44.708693674793579 ], [ 0.70118729113959, 44.70880663995915 ], [ 0.701161809319715, 44.708815257569064 ], [ 0.700842104576582, 44.708963441026491 ], [ 0.700829494866324, 44.708963253811497 ], [ 0.700816622632794, 44.708972058556967 ], [ 0.700701034891924, 44.709042309238093 ], [ 0.700688162620195, 44.709051113968812 ], [ 0.700675552890795, 44.709050926736182 ], [ 0.700468808224108, 44.709218778089252 ], [ 0.700287807149936, 44.709369019699267 ], [ 0.700003825204905, 44.709589698281505 ], [ 0.699965207693479, 44.709616112231956 ], [ 0.699952072521521, 44.70963390884183 ], [ 0.699629470317542, 44.70988100044341 ], [ 0.699603462350184, 44.709907601623513 ], [ 0.699448465017193, 44.71003124073107 ], [ 0.699363085843594, 44.709931017499017 ], [ 0.699363348603747, 44.709922025536926 ], [ 0.699314222804735, 44.709876316184946 ], [ 0.699301875675057, 44.709867136834077 ], [ 0.699289265777741, 44.709866949443565 ], [ 0.699276393106734, 44.709875754013325 ], [ 0.699097752106763, 44.709945066065643 ], [ 0.699034439724048, 44.709953120943361 ], [ 0.699021566993327, 44.709961925483718 ], [ 0.698996347158079, 44.709961550637125 ], [ 0.698945907488592, 44.709960800926602 ], [ 0.69893303474223, 44.709969605456678 ], [ 0.69881928262595, 44.709976910471482 ], [ 0.698806672705594, 44.709976723025761 ], [ 0.698781452865135, 44.70997634813002 ], [ 0.698768842945031, 44.709976160679979 ], [ 0.698540812829294, 44.710008754174382 ], [ 0.698502983049814, 44.710008191737366 ], [ 0.69849037312349, 44.710008004255442 ], [ 0.698414976479688, 44.709997887373532 ], [ 0.698377146708791, 44.709997324893266 ], [ 0.698302013030106, 44.70997821597404 ], [ 0.698289666043495, 44.709969036509321 ], [ 0.698214532432432, 44.709949927530658 ], [ 0.698114442017271, 44.709921451493273 ], [ 0.698101832111723, 44.709921263966912 ], [ 0.698089222206259, 44.709921076439109 ], [ 0.69808948517036, 44.709912084479974 ], [ 0.698064265363722, 44.709911709420133 ], [ 0.698002267760678, 44.709874803909905 ], [ 0.697890093690463, 44.709828156213241 ], [ 0.697827833288752, 44.709800242564398 ], [ 0.697728269379004, 44.709753782262197 ], [ 0.697715659512401, 44.709753594691655 ], [ 0.697653399280079, 44.709725680945112 ], [ 0.697615832739233, 44.709716126246235 ], [ 0.69760322288146, 44.709715938662811 ], [ 0.697603485922424, 44.709706946705666 ], [ 0.69747791349157, 44.70968708687893 ], [ 0.69746530364078, 44.709686899279745 ], [ 0.697314511612063, 44.709666664064315 ], [ 0.697301901766405, 44.709666476446458 ], [ 0.697176066423636, 44.709655608232367 ], [ 0.697163456580924, 44.709655420598637 ], [ 0.696924395884234, 44.709633871373306 ], [ 0.696634896046142, 44.709611570861462 ], [ 0.696521407570054, 44.709609881548886 ], [ 0.696378224418518, 44.709760679896831 ], [ 0.696352478208306, 44.709778288354443 ], [ 0.696222167337811, 44.709920282282788 ], [ 0.696282584299335, 44.710011140526809 ], [ 0.69631988756273, 44.710029687636847 ], [ 0.696344844166701, 44.710039055051389 ], [ 0.696357454092829, 44.710039242778763 ], [ 0.696369800779, 44.710048422460339 ], [ 0.696419977260712, 44.710058165305519 ], [ 0.696457280600731, 44.710076712369428 ], [ 0.696469890535691, 44.710076900083898 ], [ 0.696494320745027, 44.710104251377011 ], [ 0.6965184877615, 44.710140594621343 ], [ 0.696530834496282, 44.710149774285291 ], [ 0.696555527977956, 44.710168133609152 ], [ 0.696569190768641, 44.710132353486195 ], [ 0.696592831435803, 44.710186680627999 ], [ 0.69663039811738, 44.710196235677543 ], [ 0.696680837967411, 44.710196986447649 ], [ 0.69671840467086, 44.710206541467173 ], [ 0.69673101463585, 44.710206729151771 ], [ 0.696882071063496, 44.710217973212231 ], [ 0.69690729099979, 44.710218348542583 ], [ 0.697019991306973, 44.710247013331568 ], [ 0.69704494812433, 44.710256380588405 ], [ 0.697070168078961, 44.710256755881495 ], [ 0.69719495231252, 44.710303592052988 ], [ 0.697219909184213, 44.710312959270439 ], [ 0.697244866064231, 44.710322326482256 ], [ 0.697332346753561, 44.710350615699916 ], [ 0.697344956752958, 44.710350803314277 ], [ 0.697382523672326, 44.710360358108034 ], [ 0.697544875381382, 44.710416748666496 ], [ 0.697557222344682, 44.710425928216466 ], [ 0.697619746347446, 44.710444850065556 ], [ 0.697669397332539, 44.710472576263918 ], [ 0.697681744328471, 44.71048175580016 ], [ 0.697706701360559, 44.710491122908081 ], [ 0.697794182545542, 44.710519411761091 ], [ 0.697831486645893, 44.710537958363389 ], [ 0.697881400818314, 44.710556692506181 ], [ 0.697893747867402, 44.710565872019011 ], [ 0.697918441977686, 44.71058423104062 ], [ 0.697967567259795, 44.71062994102941 ], [ 0.697979914339076, 44.710639120532875 ], [ 0.698004608509745, 44.710657479535755 ], [ 0.698016692621887, 44.710675650997189 ], [ 0.698041123845181, 44.710703001954293 ], [ 0.698053733926083, 44.710703189487589 ], [ 0.698053207978935, 44.710721173412068 ], [ 0.698052682031451, 44.710739157336711 ], [ 0.698052156083629, 44.710757141261453 ], [ 0.69803902003842, 44.710774937652872 ], [ 0.698025883984883, 44.710792734042826 ], [ 0.697987790697912, 44.710801163391508 ], [ 0.697949434408814, 44.710818584689498 ], [ 0.697949171418039, 44.710827576651972 ], [ 0.697923688206252, 44.710836193522447 ], [ 0.697910815098916, 44.710844997936711 ], [ 0.697910289104664, 44.710862981861695 ], [ 0.697909763110075, 44.710880965786792 ], [ 0.697921847239618, 44.710899137260441 ], [ 0.697933931376981, 44.710917308732867 ], [ 0.697958362665108, 44.710944659711224 ], [ 0.697970446824084, 44.710962831180034 ], [ 0.698031656672292, 44.711026712615769 ], [ 0.698044266825862, 44.711026900150131 ], [ 0.6981065286953, 44.711054813691398 ], [ 0.698118875890723, 44.711063993181007 ], [ 0.69815644341894, 44.711073547713738 ], [ 0.698168790626642, 44.711082727197798 ], [ 0.698218968344763, 44.711092469227985 ], [ 0.698256272966139, 44.711111015691031 ], [ 0.698281230373755, 44.711120382671325 ], [ 0.698331408145036, 44.711130124650424 ], [ 0.698368975753661, 44.711139679111007 ], [ 0.698406543375073, 44.711149233558764 ], [ 0.698481415749069, 44.711177334381141 ], [ 0.698494025937967, 44.711177521864023 ], [ 0.698506373223722, 44.71118670131068 ], [ 0.69854341510521, 44.711214239642494 ], [ 0.698555762407113, 44.711223419083758 ], [ 0.698678972771957, 44.711324205388372 ], [ 0.698728625057654, 44.711351931119907 ], [ 0.698753582651152, 44.711361297994145 ], [ 0.698815845244004, 44.711389211138595 ], [ 0.698890455299994, 44.711426303652694 ], [ 0.698915150114572, 44.711444662457787 ], [ 0.698940107780401, 44.711454029290131 ], [ 0.699076980871233, 44.711519034719565 ], [ 0.699101675787581, 44.711537393483574 ], [ 0.699126633525744, 44.711546760274068 ], [ 0.699163938748744, 44.7115653064334 ], [ 0.699188896509701, 44.711574673209924 ], [ 0.699213591487111, 44.711593031949221 ], [ 0.699263244274513, 44.711620757443029 ], [ 0.699288202076682, 44.711630124197292 ], [ 0.699313159887181, 44.711639490945892 ], [ 0.699387507839805, 44.711685575096453 ], [ 0.699412202930928, 44.711703933792165 ], [ 0.699437160794918, 44.711713300513004 ], [ 0.699474203480301, 44.711740838538148 ], [ 0.699499161371038, 44.711750205245117 ], [ 0.699524382013027, 44.711750579976595 ], [ 0.699549602655351, 44.711750954702275 ], [ 0.69956221297664, 44.71175114206298 ], [ 0.699587696352218, 44.71174252481007 ], [ 0.699613179719975, 44.711733907551292 ], [ 0.699664146432022, 44.711716673016248 ], [ 0.699677019464276, 44.711707868393781 ], [ 0.699689892492492, 44.711699063769878 ], [ 0.69974059644143, 44.711690821169704 ], [ 0.699753469455769, 44.711682016538447 ], [ 0.699766079762255, 44.711682203875824 ], [ 0.69980417337998, 44.711673773909062 ], [ 0.699816783684785, 44.711673961240628 ], [ 0.699829393989673, 44.711674148570758 ], [ 0.699842004294647, 44.711674335899438 ], [ 0.699867224904844, 44.711674710552451 ], [ 0.699879572524424, 44.711683889847201 ], [ 0.699891920148039, 44.711693069140551 ], [ 0.69990347972985, 44.711729224344239 ], [ 0.699902166318433, 44.711774184197729 ], [ 0.699899014122449, 44.71188208784973 ], [ 0.699898751438903, 44.71189107982098 ], [ 0.699910311065877, 44.711927235027105 ], [ 0.699910048383929, 44.711936226998553 ], [ 0.699922658748031, 44.711936414318011 ], [ 0.699959439144503, 44.711972944154248 ], [ 0.699971786844739, 44.711982123439853 ], [ 0.700009617985155, 44.71198268537654 ], [ 0.700022228369591, 44.71198287268686 ], [ 0.70003483875411, 44.71198305999576 ], [ 0.700135721833292, 44.711984558414919 ], [ 0.700148332218569, 44.711984745710801 ], [ 0.700160942603928, 44.711984933005262 ], [ 0.700224257164156, 44.711976877483522 ], [ 0.70023660491785, 44.711986056741701 ], [ 0.700249215303798, 44.711986244026058 ], [ 0.70029913160802, 44.712004977094423 ], [ 0.700311479380102, 44.712014156344409 ], [ 0.7003240897726, 44.712014343620204 ], [ 0.700397913897524, 44.712078411056744 ], [ 0.700410261701849, 44.712087590296044 ], [ 0.700521129536554, 44.712179195363234 ], [ 0.700596004398047, 44.712207294775816 ], [ 0.700633573140765, 44.712216848476011 ], [ 0.700633310572911, 44.7122258404505 ], [ 0.700645921013938, 44.712226027689603 ], [ 0.700734194103481, 44.71222733832294 ], [ 0.70074680454518, 44.712227525550489 ], [ 0.700810119294578, 44.712219469691718 ], [ 0.70082299227231, 44.712210664935647 ], [ 0.700950146727384, 44.712176569143828 ], [ 0.701013723897113, 44.712159521193001 ], [ 0.701026334324538, 44.712159708388569 ], [ 0.701026596829253, 44.712150716413298 ], [ 0.701090698935279, 44.712115684467847 ], [ 0.701116444751364, 44.712098074889219 ], [ 0.701154538477565, 44.712089644460846 ], [ 0.701205505078558, 44.712072409218905 ], [ 0.701533900574166, 44.712059291310219 ], [ 0.70154651098085, 44.7120594784462 ], [ 0.70155912138762, 44.712059665580746 ], [ 0.701685225459929, 44.712061536846889 ], [ 0.701697835867621, 44.712061723965569 ], [ 0.701710446275398, 44.71206191108282 ], [ 0.701723056683258, 44.712062098198601 ], [ 0.701773235930638, 44.712071838624269 ], [ 0.701798194370357, 44.712081204817082 ], [ 0.701823152818388, 44.712090571004339 ], [ 0.701847848901587, 44.712108929163179 ], [ 0.701883843586365, 44.712172434301742 ], [ 0.701883581218593, 44.712181426279386 ], [ 0.701908014997413, 44.712208776403408 ], [ 0.701932448799993, 44.712236126522427 ], [ 0.701932186439695, 44.712245118500469 ], [ 0.701944796889368, 44.712245305591011 ], [ 0.702055929875097, 44.712327917147817 ], [ 0.702154977350806, 44.712392357572547 ], [ 0.702241939178968, 44.712438626895924 ], [ 0.702428998344424, 44.712513368414847 ], [ 0.702603709732837, 44.712578930624652 ], [ 0.702678848409501, 44.712598036649155 ], [ 0.702691458940781, 44.712598223654425 ], [ 0.70279234319404, 44.712599719644814 ], [ 0.702804953726076, 44.712599906637095 ], [ 0.702855920283704, 44.712582670628031 ], [ 0.702868530812127, 44.712582857613029 ], [ 0.70294498058446, 44.712557003546635 ], [ 0.70302169247401, 44.712522157445271 ], [ 0.703034565174818, 44.712513352429212 ], [ 0.703085007229228, 44.712514100278732 ], [ 0.70309761774304, 44.712514287237504 ], [ 0.703159097320607, 44.712569173905059 ], [ 0.703171707847013, 44.712569360855404 ], [ 0.703171445683276, 44.712578352838051 ], [ 0.703257884334808, 44.712642605331844 ], [ 0.703257622184505, 44.712651597315116 ], [ 0.703293618808255, 44.712715102012382 ], [ 0.703305967224914, 44.712724280931042 ], [ 0.70331752922216, 44.712760435799723 ], [ 0.703303870078603, 44.7127962168015 ], [ 0.703303345791186, 44.712814200769458 ], [ 0.703288900186746, 44.712876957722813 ], [ 0.70328863804031, 44.712885949707086 ], [ 0.70328837589379, 44.712894941691388 ], [ 0.703288113747186, 44.712903933675676 ], [ 0.703300724349075, 44.712904120611412 ], [ 0.703375601564172, 44.712932218149518 ], [ 0.703388212172692, 44.712932405075236 ], [ 0.703387950041874, 44.712941397059957 ], [ 0.703450478854078, 44.712960315637183 ], [ 0.703462827350168, 44.712969494539472 ], [ 0.703487786469557, 44.712978860354738 ], [ 0.703500134975809, 44.712988039252913 ], [ 0.703536394196321, 44.713042551895882 ], [ 0.703536132088679, 44.71305154388147 ], [ 0.703548742724487, 44.713051730788905 ], [ 0.703560829152905, 44.713069901666302 ], [ 0.703573177691063, 44.713079080556753 ], [ 0.703598136877456, 44.713088446347648 ], [ 0.703610747521742, 44.713088633248006 ], [ 0.703623358166113, 44.71308882014695 ], [ 0.703661452187556, 44.713080388848979 ], [ 0.703674324915973, 44.713071583756069 ], [ 0.703700594523522, 44.713035989593777 ], [ 0.703727650328304, 44.712973419468121 ], [ 0.70375339571142, 44.712955809266028 ], [ 0.703753657783883, 44.71294681728024 ], [ 0.703792013755866, 44.712929393951804 ], [ 0.703817759098678, 44.712911783734917 ], [ 0.703830369704088, 44.712911970610065 ], [ 0.70384298030958, 44.7129121574838 ], [ 0.703880550074586, 44.712921710082249 ], [ 0.703893160682429, 44.712921896950256 ], [ 0.703905771290357, 44.712922083816785 ], [ 0.703942816988441, 44.71294962036643 ], [ 0.70395464148184, 44.712976783186406 ], [ 0.703991163170439, 44.713022303693705 ], [ 0.704027684918152, 44.713067824189984 ], [ 0.704039509477384, 44.713094987002407 ], [ 0.704075507267682, 44.713158491459133 ], [ 0.704087593889216, 44.713176662280013 ], [ 0.704099942536777, 44.713185841112093 ], [ 0.704124901858259, 44.71319520678437 ], [ 0.704137250515978, 44.7132043856124 ], [ 0.704213176549838, 44.7131965146353 ], [ 0.704225787220399, 44.713196701465364 ], [ 0.704352155908527, 44.71318957769833 ], [ 0.704364766577994, 44.713189764512528 ], [ 0.704427819926587, 44.713190698561682 ], [ 0.704440430596556, 44.713190885367204 ], [ 0.704452779304819, 44.713200064159921 ], [ 0.704465128017112, 44.713209242951287 ], [ 0.704513737049685, 44.71327293407051 ], [ 0.704513475097217, 44.713281926059651 ], [ 0.704538172581588, 44.713300283628207 ], [ 0.70455052132982, 44.713309462410486 ], [ 0.704575742723913, 44.713309835992114 ], [ 0.704588353421087, 44.713310022780753 ], [ 0.704651930769229, 44.713292972723174 ], [ 0.704664541462873, 44.713293159503095 ], [ 0.704829789997904, 44.713250627561138 ], [ 0.704918850455544, 44.713224958877589 ], [ 0.704931461134827, 44.713225145626964 ], [ 0.70505861539267, 44.71319104507991 ], [ 0.705071226064813, 44.713191231813248 ], [ 0.705134803132306, 44.713174181477541 ], [ 0.705172896984992, 44.713165749656625 ], [ 0.705185507651843, 44.713165936376882 ], [ 0.705223601491343, 44.713157504538465 ], [ 0.705236212156513, 44.71315769125291 ], [ 0.705324748637292, 44.713150006222911 ], [ 0.7054004126215, 44.71315112641858 ], [ 0.705413023285828, 44.713151313112803 ], [ 0.705463204143902, 44.713161051866457 ], [ 0.705513385019353, 44.713170790597353 ], [ 0.705525995688464, 44.713170977278708 ], [ 0.705538606357659, 44.71317116395857 ], [ 0.705652102384184, 44.71317284401249 ], [ 0.705828913513972, 44.713166465205241 ], [ 0.705980241549765, 44.713168704852635 ], [ 0.706157314318484, 44.713153333525874 ], [ 0.706220367655995, 44.713154266549651 ], [ 0.70633438699042, 44.713137961914562 ], [ 0.706435533953141, 44.713130462579478 ], [ 0.706461016919941, 44.713121843735877 ], [ 0.706587646776887, 44.713105725411715 ], [ 0.706612868093149, 44.713106098527064 ], [ 0.706613129709172, 44.713097106533013 ], [ 0.706689316855484, 44.713080241855714 ], [ 0.706714538160992, 44.713080614947813 ], [ 0.706727410411507, 44.7130718094974 ], [ 0.706765503956109, 44.71306337712587 ], [ 0.706790986841952, 44.71305475820612 ], [ 0.706803597489289, 44.713054944741174 ], [ 0.706828557202867, 44.713064309801531 ], [ 0.706853516924755, 44.713073674856261 ], [ 0.706853255347272, 44.713082666850852 ], [ 0.706902390114606, 44.713128372928395 ], [ 0.706914739210907, 44.713137551445762 ], [ 0.706914477642914, 44.713146543440786 ], [ 0.70697674631112, 44.713174452017221 ], [ 0.706989095429672, 44.713183630526522 ], [ 0.707001444552255, 44.713192809034474 ], [ 0.707125982139203, 44.713248626055901 ], [ 0.707138592831117, 44.713248812552798 ], [ 0.707138331298395, 44.713257804548867 ], [ 0.707175640327075, 44.713276348023371 ], [ 0.707187989500456, 44.713285526510894 ], [ 0.707224514006291, 44.71333104595854 ], [ 0.707236601682217, 44.713349216437557 ], [ 0.707273910803933, 44.713367759879773 ], [ 0.707286260013419, 44.713376938356703 ], [ 0.707298870734632, 44.713377124835311 ], [ 0.707323830673644, 44.713386489785272 ], [ 0.707336441397123, 44.713386676259589 ], [ 0.707349052120687, 44.71338686273247 ], [ 0.707475682319803, 44.713370743386861 ], [ 0.707488293040256, 44.713370929843784 ], [ 0.707500903760792, 44.713371116299257 ], [ 0.707653278217663, 44.713337385661184 ], [ 0.707665888931226, 44.713337572097778 ], [ 0.707678499644871, 44.713337758532937 ], [ 0.707792780357005, 44.7133124603901 ], [ 0.707805652491778, 44.713303654812677 ], [ 0.707945154479936, 44.713278729348815 ], [ 0.707970637282582, 44.713270110155364 ], [ 0.708008992168693, 44.713252685354945 ], [ 0.7080092535622, 44.713243693356539 ], [ 0.708022125647345, 44.713234887754012 ], [ 0.7080862246317, 44.713199851717455 ], [ 0.708098835315862, 44.713200038104453 ], [ 0.708176328988493, 44.713138212406612 ], [ 0.708188939659136, 44.713138398783244 ], [ 0.708317659806942, 44.713050342484628 ], [ 0.708330270458351, 44.713050528845045 ], [ 0.708330531799557, 44.713041536846632 ], [ 0.708458728863504, 44.712971464382456 ], [ 0.70857353108422, 44.71292818143543 ], [ 0.708573792385967, 44.712919189436832 ], [ 0.70858640300882, 44.71291937576791 ], [ 0.708701727587075, 44.71285810869113 ], [ 0.708714599475569, 44.712849303008866 ], [ 0.708893237992856, 44.712779975294524 ], [ 0.708906109833487, 44.712771169590098 ], [ 0.708918720424254, 44.712771355883092 ], [ 0.708982034615098, 44.712763295327292 ], [ 0.70899464520435, 44.71276348161156 ], [ 0.709196675845168, 44.712757469964508 ], [ 0.709209286433826, 44.712757656224198 ], [ 0.709221897022568, 44.712757842482524 ], [ 0.709372962920771, 44.712769069469616 ], [ 0.709385573512613, 44.712769255709198 ], [ 0.70946123706542, 44.712770373116328 ], [ 0.709486458250356, 44.712770745573849 ], [ 0.709511679435627, 44.712771118025572 ], [ 0.709589170964317, 44.712709291342144 ], [ 0.709602303816083, 44.712691493556065 ], [ 0.709653790629396, 44.712656270398668 ], [ 0.709718149055353, 44.712612241418711 ], [ 0.709743892397526, 44.712594629816401 ], [ 0.709782246273673, 44.712577204402265 ], [ 0.709832427375992, 44.712586941164851 ], [ 0.709958010747294, 44.712606786971101 ], [ 0.710095943712473, 44.712635810794325 ], [ 0.710095682655384, 44.712644802795843 ], [ 0.710171085009803, 44.71265491171701 ], [ 0.710296668652355, 44.712674757138522 ], [ 0.710309018202947, 44.71268393527464 ], [ 0.7103216287788, 44.712684121407122 ], [ 0.710510787426628, 44.712686913220679 ], [ 0.710523398003818, 44.712687099330068 ], [ 0.710548619158448, 44.712687471544498 ], [ 0.710623760678519, 44.712706572159426 ], [ 0.710661331457692, 44.712716122447816 ], [ 0.710686291663206, 44.712725486634085 ], [ 0.71072334055122, 44.712753020908544 ], [ 0.710773000074515, 44.712780741251777 ], [ 0.710785088778513, 44.712798911339156 ], [ 0.710796916544497, 44.712826073429497 ], [ 0.710809266209941, 44.712835251510413 ], [ 0.710906237177172, 44.712971620143826 ], [ 0.711027386319821, 44.71314432883004 ], [ 0.711088091620739, 44.713226187125507 ], [ 0.711124358348743, 44.713280697292454 ], [ 0.711148536206464, 44.713317037397893 ], [ 0.711148275314491, 44.713326029404982 ], [ 0.711209241870099, 44.713398895633638 ], [ 0.711318042951307, 44.713562425997345 ], [ 0.711366399190474, 44.713635106128706 ], [ 0.711426844665173, 44.713725956266778 ], [ 0.71146337288747, 44.713771474325888 ], [ 0.711475722869242, 44.713780652336645 ], [ 0.711536168676937, 44.71387150242127 ], [ 0.711548779523112, 44.713871688413953 ], [ 0.711560868712197, 44.713889858426001 ], [ 0.711597397149401, 44.713935376444468 ], [ 0.711610008010099, 44.713935562430159 ], [ 0.711609747189031, 44.713944554440943 ], [ 0.711569827981229, 44.71401593256612 ], [ 0.711555391291735, 44.714078690653295 ], [ 0.711529387002868, 44.714105294701348 ], [ 0.711515993593852, 44.714132084740051 ], [ 0.711502339332802, 44.714167866788848 ], [ 0.711437980523487, 44.714211896840354 ], [ 0.711412236971547, 44.714229508850622 ], [ 0.711297434279223, 44.714272794778324 ], [ 0.711271690655401, 44.714290406756135 ], [ 0.711259079716261, 44.714290220731563 ], [ 0.711245947015456, 44.714308018728019 ], [ 0.711233336072453, 44.714307832700463 ], [ 0.711220203359389, 44.714325630694006 ], [ 0.711207331525311, 44.714334436674719 ], [ 0.711219681588914, 44.714343614716618 ], [ 0.711219159818105, 44.71436159873938 ], [ 0.711239946731374, 44.714514834996848 ], [ 0.711239424965455, 44.714532819021059 ], [ 0.711239164082369, 44.7145418110333 ], [ 0.711238381432614, 44.714568787070021 ], [ 0.711250470671256, 44.714586957121902 ], [ 0.711385017977496, 44.714732875534644 ], [ 0.711593928275044, 44.714924869815874 ], [ 0.711593667446815, 44.714933861830588 ], [ 0.711605756878702, 44.714952031846821 ], [ 0.711948697300045, 44.715307927531427 ], [ 0.712058808006103, 44.715426497225529 ], [ 0.712071158448446, 44.71543567517719 ], [ 0.712168658437238, 44.715554058835515 ], [ 0.712205709914167, 44.715581592651404 ], [ 0.712229889459654, 44.715617932560221 ], [ 0.712229368000033, 44.715635916598579 ], [ 0.712241718516195, 44.715645094532142 ], [ 0.712372360309125, 44.715925892121035 ], [ 0.712526922727685, 44.716252021469778 ], [ 0.712550320724116, 44.716315337388124 ], [ 0.712562410762005, 44.716333507311766 ], [ 0.712609467628191, 44.716451147111719 ], [ 0.712633908477549, 44.716478494923514 ], [ 0.712657828019821, 44.716523826778065 ], [ 0.712657306688634, 44.71654181082598 ], [ 0.712669396809768, 44.716559980739859 ], [ 0.712669136145899, 44.716568972763966 ], [ 0.712836052942245, 44.716904279669507 ], [ 0.712847882562069, 44.716931441593026 ], [ 0.712859712193319, 44.716958603515621 ], [ 0.713001929273577, 44.717275554487181 ], [ 0.713014540887871, 44.717275740313944 ], [ 0.713073950525997, 44.717402557822005 ], [ 0.713121009356596, 44.71752019746333 ], [ 0.713133360432039, 44.717529375305745 ], [ 0.713180680080138, 44.717638022899003 ], [ 0.713180419493014, 44.717647014928758 ], [ 0.713264011053504, 44.717810172090374 ], [ 0.713334730763164, 44.71798213544389 ], [ 0.713394662979557, 44.718090968757735 ], [ 0.713394402424547, 44.718099960789871 ], [ 0.713418062717915, 44.718154284547076 ], [ 0.713430413981084, 44.718163462359179 ], [ 0.713489825494671, 44.718290279696788 ], [ 0.713489564953951, 44.718299271729983 ], [ 0.713501655721758, 44.718317441568068 ], [ 0.713514007034401, 44.718326619371567 ], [ 0.713526358351072, 44.718335797173708 ], [ 0.71353897020485, 44.718335982940992 ], [ 0.713538709671777, 44.718344974974478 ], [ 0.713588114994902, 44.718381686164342 ], [ 0.713725282485686, 44.718437681653533 ], [ 0.713737633861226, 44.718446859432603 ], [ 0.7137870394037, 44.718483570535398 ], [ 0.713799390799397, 44.71849274830776 ], [ 0.713809918765759, 44.718564870323846 ], [ 0.713809658274944, 44.718573862359001 ], [ 0.71380731385387, 44.718654790676972 ], [ 0.713807053362222, 44.718663782712454 ], [ 0.713841763313532, 44.71877224434423 ], [ 0.713841502826849, 44.718781236380295 ], [ 0.713853854296805, 44.718790414147882 ], [ 0.713888043456865, 44.718916859844775 ], [ 0.713887782976911, 44.718925851881544 ], [ 0.713946414913558, 44.719079645131679 ], [ 0.713970336620031, 44.719124976758067 ], [ 0.713994518829132, 44.719161316342174 ], [ 0.714031834034605, 44.71917985755659 ], [ 0.714082282214016, 44.719180600387539 ], [ 0.714094894259076, 44.719180786091677 ], [ 0.714145342440152, 44.719181528893778 ], [ 0.714157694047604, 44.719190706629213 ], [ 0.714170045659087, 44.719199884363334 ], [ 0.714182397274601, 44.719209062096127 ], [ 0.714253642398599, 44.719363040897093 ], [ 0.714265994063586, 44.719372218621288 ], [ 0.714314359107732, 44.719444897664275 ], [ 0.714326450388301, 44.719463067422126 ], [ 0.714411870768872, 44.71956327957205 ], [ 0.71442422250366, 44.71957245727944 ], [ 0.714545657047398, 44.719736170612862 ], [ 0.71455800884199, 44.719745348306077 ], [ 0.714630036771224, 44.719872350776534 ], [ 0.714642648973223, 44.719872536418315 ], [ 0.714666571578146, 44.719917867911292 ], [ 0.714715197961841, 44.719981554754831 ], [ 0.714727810188611, 44.71998174038697 ], [ 0.71482506331528, 44.720109114004693 ], [ 0.714897612962686, 44.720218132233875 ], [ 0.714909964920565, 44.720227309889964 ], [ 0.714944677963881, 44.720335771255748 ], [ 0.714957029955275, 44.720344948907112 ], [ 0.714956509323889, 44.720362932997723 ], [ 0.714977829264622, 44.72049818489122 ], [ 0.71499044160812, 44.72049837049358 ], [ 0.714990181297099, 44.720507362539593 ], [ 0.715022812217203, 44.720687760267779 ], [ 0.715022551910481, 44.720696752314645 ], [ 0.715043351528457, 44.720849988310924 ], [ 0.71504309122427, 44.72085898035845 ], [ 0.715086512896427, 44.721102508031038 ], [ 0.715146191538784, 44.721220332605512 ], [ 0.715158543757347, 44.721229510238324 ], [ 0.715328352109383, 44.721465901563462 ], [ 0.715328091847912, 44.721474893614236 ], [ 0.715340183892451, 44.721493063278707 ], [ 0.715388552148737, 44.721565741925033 ], [ 0.715400644232343, 44.721583911583714 ], [ 0.715412996572287, 44.721593089189753 ], [ 0.715511034737535, 44.72169348614586 ], [ 0.71552364735086, 44.721693671687838 ], [ 0.71554809189571, 44.721721018924327 ], [ 0.715671095601884, 44.721830778871741 ], [ 0.715793839598996, 44.721949530742094 ], [ 0.715793579409715, 44.721958522796015 ], [ 0.715805931896066, 44.721967700359798 ], [ 0.715989398564277, 44.722168308042214 ], [ 0.716001751128662, 44.722177485585092 ], [ 0.716112404110078, 44.722278067522566 ], [ 0.716173646932748, 44.722341939270102 ], [ 0.71618599956534, 44.722351116793128 ], [ 0.716222537241949, 44.722396633467831 ], [ 0.716222277119145, 44.722405625524708 ], [ 0.716306144688104, 44.722559788697211 ], [ 0.716484413420833, 44.722940236793995 ], [ 0.716496506154045, 44.722958406344794 ], [ 0.716580635367942, 44.723103577288867 ], [ 0.716628226428021, 44.723203231631842 ], [ 0.716735762009456, 44.723411717736688 ], [ 0.716747854925262, 44.723429887264061 ], [ 0.716795446557806, 44.723529541550363 ], [ 0.716807799552737, 44.723538719009277 ], [ 0.716807019448969, 44.723565695198261 ], [ 0.716818072288785, 44.723619832972055 ], [ 0.716804159062085, 44.723664607893845 ], [ 0.716790765889183, 44.72369139868772 ], [ 0.716790245813227, 44.723709382814803 ], [ 0.716751106383127, 44.723753786933933 ], [ 0.716725100078327, 44.723780392318176 ], [ 0.716674127623715, 44.723797634814254 ], [ 0.716661514534715, 44.723797449402817 ], [ 0.716636028293837, 44.723806070639121 ], [ 0.716623155137845, 44.72381487728687 ], [ 0.716558789297408, 44.72385891050336 ], [ 0.716533563092764, 44.723858539652582 ], [ 0.716520689908714, 44.723867346288507 ], [ 0.716508076804583, 44.723867160859484 ], [ 0.716469717312612, 44.723884588690495 ], [ 0.71644423100284, 44.723893209882696 ], [ 0.716431357796865, 44.723902016508241 ], [ 0.716392217949311, 44.72394642050299 ], [ 0.716378824513039, 44.723973211249621 ], [ 0.716378564407931, 44.723982203313149 ], [ 0.716351777492576, 44.724035784802574 ], [ 0.716351517382853, 44.724044776866293 ], [ 0.716350997163156, 44.724062760993831 ], [ 0.716337083454979, 44.724107535864597 ], [ 0.716348656170404, 44.724143689569537 ], [ 0.716419913477462, 44.724297667330966 ], [ 0.716444359590068, 44.724325014403298 ], [ 0.716468545633975, 44.724361353535919 ], [ 0.716481158848816, 44.72436153896971 ], [ 0.716616263252884, 44.724489467569811 ], [ 0.716740575349941, 44.724554266141318 ], [ 0.716777895039326, 44.724572806479181 ], [ 0.716901687457788, 44.724655589006744 ], [ 0.716914300740055, 44.724655774391159 ], [ 0.717001033665819, 44.724711024449618 ], [ 0.717373713665566, 44.72491441054364 ], [ 0.717373453715187, 44.724923402613577 ], [ 0.717721429479569, 44.725108432749401 ], [ 0.717907771762077, 44.725210124756302 ], [ 0.718143529136263, 44.725348525733224 ], [ 0.718180330168406, 44.725385049752454 ], [ 0.718192683796947, 44.725394227064925 ], [ 0.718242098351436, 44.725430936301493 ], [ 0.718289174711854, 44.725548574189062 ], [ 0.718288914904929, 44.725557566263952 ], [ 0.718408814892934, 44.725775228276838 ], [ 0.71842064907058, 44.725802389717927 ], [ 0.718420389283505, 44.725811381794152 ], [ 0.718468245675403, 44.725902043396346 ], [ 0.718540809859307, 44.726011059535715 ], [ 0.718661231290299, 44.72621073716499 ], [ 0.718673325430155, 44.726228906505995 ], [ 0.718817416811768, 44.726482906827201 ], [ 0.718817157084994, 44.72649189890717 ], [ 0.718889722706463, 44.72660091484812 ], [ 0.718926265332832, 44.7266464307219 ], [ 0.718926005622707, 44.726655422802857 ], [ 0.718949674859518, 44.726709745595926 ], [ 0.719094288090833, 44.726945761449521 ], [ 0.719118217293438, 44.726991092131158 ], [ 0.719130831106877, 44.726991277263195 ], [ 0.719214973155032, 44.727136446480763 ], [ 0.719227587001394, 44.72713663160178 ], [ 0.719311989168166, 44.727272808671316 ], [ 0.719323564447655, 44.727308962119508 ], [ 0.71934749398964, 44.727354292759294 ], [ 0.719347234343604, 44.727363284844181 ], [ 0.719623335506188, 44.727853114595369 ], [ 0.719635949514658, 44.727853299670087 ], [ 0.719695904447179, 44.727962130077692 ], [ 0.719720613335311, 44.727980484385718 ], [ 0.719843898447996, 44.728081247934611 ], [ 0.71985599337229, 44.728099417162426 ], [ 0.719952233941215, 44.728262755123168 ], [ 0.719999316250008, 44.728380392439213 ], [ 0.720047955991381, 44.728444077194766 ], [ 0.720047436913184, 44.728462061376945 ], [ 0.72006005105965, 44.728462246403438 ], [ 0.72014367865887, 44.728625399199004 ], [ 0.720203116366191, 44.728752213556405 ], [ 0.720227047231405, 44.728797544036759 ], [ 0.720226528207222, 44.728815528222633 ], [ 0.720226268695006, 44.728824520315655 ], [ 0.72024968059221, 44.728887834979126 ], [ 0.720273611552678, 44.728933165452283 ], [ 0.7203582784415, 44.72906034974482 ], [ 0.720431109846422, 44.729160372712336 ], [ 0.720442945713325, 44.729187533980252 ], [ 0.720503682040542, 44.729269387732167 ], [ 0.720515517965446, 44.729296548993709 ], [ 0.720551025808762, 44.729378032772772 ], [ 0.720561564472804, 44.729450154512136 ], [ 0.720523202428529, 44.729467583791575 ], [ 0.720445959308123, 44.729520426503427 ], [ 0.720764172687274, 44.729426137539107 ], [ 0.725102412298495, 44.726458043762172 ], [ 0.727055664944476, 44.724795364429824 ], [ 0.728376087709456, 44.72319538646574 ], [ 0.729200187298615, 44.721300288929385 ], [ 0.729662634351433, 44.718815184471069 ], [ 0.729694159821665, 44.716836560266472 ], [ 0.72951800094236, 44.714621017458896 ], [ 0.729117413572311, 44.712753039154677 ], [ 0.727439146184389, 44.7079337744523 ], [ 0.721563696654089, 44.695136740704207 ], [ 0.710515063840103, 44.676901680016243 ] ] ] ] } },
{ "type": "Feature", "properties": { "NOM": null, "TYPOLOGIE": null, "ID_CDCOMMU": 21, "SECTEUR": null, "ID_CC2007": null, "NUM_SECTEU": 4, "ID_CC2014": null, "NOM_SECTEU": "VALLEE DE LA COUZE" }, "geometry": { "type": "MultiPolygon", "coordinates": [ [ [ [ 0.825954166734516, 44.795616206372436 ], [ 0.826726258064081, 44.794628227910529 ], [ 0.830487850502995, 44.791468108192831 ], [ 0.835936656810135, 44.787557192433425 ], [ 0.849011757122322, 44.779934917536345 ], [ 0.856116833528488, 44.776342247299013 ], [ 0.863915823663536, 44.772740414599696 ], [ 0.868787946130609, 44.770916267339665 ], [ 0.875923448144569, 44.768483220592074 ], [ 0.884142750231084, 44.766108984371449 ], [ 0.918426676578582, 44.757118944774462 ], [ 0.92514549230237, 44.755532016920554 ], [ 0.928665859910467, 44.755109277664147 ], [ 0.931822861687385, 44.755077601329035 ], [ 0.931736322476213, 44.755004533440733 ], [ 0.931736548252882, 44.754995540729894 ], [ 0.931711758300549, 44.754977233524365 ], [ 0.931699363330452, 44.754968079919564 ], [ 0.931699589112899, 44.754959087208974 ], [ 0.931674799188743, 44.754940779995437 ], [ 0.931662630020961, 44.754922633676259 ], [ 0.931576768662624, 44.754822587537646 ], [ 0.931540035547754, 44.754777141256412 ], [ 0.931527640649903, 44.754767987633123 ], [ 0.931491359240288, 44.754704555918181 ], [ 0.931454400451411, 44.754668102319812 ], [ 0.931393329513604, 44.754586363309649 ], [ 0.931393555343579, 44.754577370601183 ], [ 0.931394007003316, 44.75455938518428 ], [ 0.931394684492377, 44.754532407059216 ], [ 0.931725079225908, 44.754446663653468 ], [ 0.931737925633446, 44.754437831835872 ], [ 0.931814100946769, 44.754420811734434 ], [ 0.932080714179331, 44.754361240966126 ], [ 0.93213164806178, 44.754343898940796 ], [ 0.932296618752257, 44.754310018970095 ], [ 0.932690113727118, 44.754225076795429 ], [ 0.932804375812927, 44.754199545639409 ], [ 0.933108623093537, 44.75414944740006 ], [ 0.933133864234469, 44.754149768864146 ], [ 0.93327291604167, 44.75414254410272 ], [ 0.93331077774993, 44.754143026240286 ], [ 0.933601276342458, 44.754137729485365 ], [ 0.933626517480943, 44.754138050836694 ], [ 0.933639138050293, 44.75413821151021 ], [ 0.933802754574617, 44.754158285558155 ], [ 0.933827995723507, 44.754158606863392 ], [ 0.933928509478313, 44.754177877451028 ], [ 0.933941130057492, 44.754178038089989 ], [ 0.934079505637831, 44.754197790448444 ], [ 0.93412976258492, 44.754207425639244 ], [ 0.934267687568775, 44.754245163187619 ], [ 0.934280308164064, 44.754245323787792 ], [ 0.93435558102993, 44.75426427278525 ], [ 0.934368201629771, 44.754264433375369 ], [ 0.934430853946656, 44.754283221731512 ], [ 0.934443474550979, 44.754283382313034 ], [ 0.934619036460997, 44.754330593873192 ], [ 0.934694084255905, 44.754358535354747 ], [ 0.934819164080245, 44.75440510437798 ], [ 0.934931398206474, 44.75446050545154 ], [ 0.935106285378479, 44.754534694386969 ], [ 0.93528094780636, 44.75461787576431 ], [ 0.935293343283583, 44.754627028965388 ], [ 0.935543055002227, 44.754738150958751 ], [ 0.935643120086272, 44.754775405424908 ], [ 0.93566836152343, 44.754775726309198 ], [ 0.935680757098763, 44.754784879467351 ], [ 0.935731239982328, 44.754785521212931 ], [ 0.935756256293256, 44.754794834795469 ], [ 0.935945116947318, 44.754815226530376 ], [ 0.935970358404128, 44.754815547345579 ], [ 0.93598297913264, 44.754815707750986 ], [ 0.936248014448087, 44.754819075931479 ], [ 0.936387067513459, 44.754811847242571 ], [ 0.936412308971278, 44.754812167956629 ], [ 0.937070161421217, 44.7547575554471 ], [ 0.937082782139829, 44.754757715726711 ], [ 0.937095402858509, 44.754757876004859 ], [ 0.937702321536025, 44.754720604046526 ], [ 0.937714942248126, 44.754720764253797 ], [ 0.937740183672549, 44.754721084663977 ], [ 0.938031359139197, 44.754688798074831 ], [ 0.938043979845084, 44.754688958244401 ], [ 0.93823396464297, 44.754664382445938 ], [ 0.938246585343942, 44.75466454259238 ], [ 0.938259206044985, 44.754664702737365 ], [ 0.938500796904669, 44.754595803429886 ], [ 0.938513417590971, 44.754595963545761 ], [ 0.938717145828046, 44.754526583414403 ], [ 0.938729991152847, 44.754517750782 ], [ 0.938742611822242, 44.754517910871655 ], [ 0.938985549128848, 44.754395054167553 ], [ 0.93899839438126, 44.754386221504433 ], [ 0.93930510730657, 44.754237186213985 ], [ 0.939317727914475, 44.754237346237822 ], [ 0.939394574292148, 44.754193342731902 ], [ 0.939407194890441, 44.754193502745466 ], [ 0.939420040030296, 44.754184670033972 ], [ 0.939585230364176, 44.754141786440471 ], [ 0.939598075464147, 44.754132953708385 ], [ 0.939648782310296, 44.754124600936976 ], [ 0.939851834015714, 44.754082196894366 ], [ 0.939864454590305, 44.754082356855619 ], [ 0.940016799272471, 44.754048305380316 ], [ 0.940029644283071, 44.754039472598329 ], [ 0.940131057662707, 44.754022766636034 ], [ 0.940207678693955, 44.753987755291881 ], [ 0.940385937162111, 44.75392704497451 ], [ 0.94039878208681, 44.753918212149998 ], [ 0.940437092459418, 44.753900706392272 ], [ 0.940590558063068, 44.753821690504935 ], [ 0.940603402931415, 44.753812857656968 ], [ 0.941000021844701, 44.753601987716294 ], [ 0.941012642314513, 44.753602147546104 ], [ 0.941242950239463, 44.753479126087377 ], [ 0.941255570682322, 44.753479285889384 ], [ 0.941550100633323, 44.753312099162635 ], [ 0.941562721039476, 44.75331225892949 ], [ 0.941780182029415, 44.753198069321307 ], [ 0.941793026567602, 44.753189236337143 ], [ 0.942049020020811, 44.753048547244802 ], [ 0.942113242288411, 44.753004382155567 ], [ 0.942202929202843, 44.752951543693761 ], [ 0.942369906284363, 44.752836714157404 ], [ 0.94262701678824, 44.752651060125196 ], [ 0.942627240809342, 44.752642067400956 ], [ 0.942729994915815, 44.752571402714089 ], [ 0.942807060325759, 44.752518404137504 ], [ 0.942819680556908, 44.752518563760418 ], [ 0.942973139022407, 44.752439544604044 ], [ 0.94316468157912, 44.752352011267249 ], [ 0.943164905512823, 44.752343018543037 ], [ 0.943228454324039, 44.752325830989882 ], [ 0.943342483838077, 44.75230928166124 ], [ 0.943353984507605, 44.75235440484564 ], [ 0.94340267412651, 44.752426984877317 ], [ 0.943415070444891, 44.75243613715719 ], [ 0.943524174847931, 44.752617427598715 ], [ 0.943536571228228, 44.752626579865691 ], [ 0.943536347352981, 44.752635572591771 ], [ 0.943548743739274, 44.752644724857404 ], [ 0.943548519865908, 44.752653717583613 ], [ 0.943597433862215, 44.752717304812464 ], [ 0.943596986130441, 44.752735290265598 ], [ 0.94360983027654, 44.75272645707156 ], [ 0.943825494197012, 44.752684205269212 ], [ 0.943838114468368, 44.752684364775625 ], [ 0.943863578834307, 44.752675691057192 ], [ 0.943926903995593, 44.752667495826095 ], [ 0.94397783267682, 44.752650148342511 ], [ 0.944345610330502, 44.752582831115561 ], [ 0.94470076686555, 44.752515353257834 ], [ 0.944712939729077, 44.752533498120322 ], [ 0.944762749654637, 44.752561113916087 ], [ 0.944775369900963, 44.752561273315266 ], [ 0.94477514622459, 44.752570266043627 ], [ 0.945135990230739, 44.752781720773051 ], [ 0.945160783594013, 44.752800024944783 ], [ 0.945521630532155, 44.753011478434424 ], [ 0.945546424122841, 44.753029782521359 ], [ 0.94574522047748, 44.753158229555872 ], [ 0.945832445617094, 44.75320430819842 ], [ 0.945857239394449, 44.753222612217023 ], [ 0.94588225668957, 44.753231923496941 ], [ 0.94588203318799, 44.75324091623024 ], [ 0.945907050495389, 44.753250227504616 ], [ 0.945919670900022, 44.753250386772947 ], [ 0.945932291304727, 44.753250546039844 ], [ 0.945957308624765, 44.753259857302837 ], [ 0.945969705544074, 44.753269009299004 ], [ 0.945994946362219, 44.753269327819943 ], [ 0.945994722878558, 44.753278320553619 ], [ 0.945994499394825, 44.753287313287316 ], [ 0.946007119808052, 44.753287472545658 ], [ 0.946019516741589, 44.753296624536368 ], [ 0.946019293261759, 44.7533056172702 ], [ 0.946044534096661, 44.753305935779771 ], [ 0.946044310620804, 44.753314928513667 ], [ 0.94606977493185, 44.753306254283544 ], [ 0.946094792299559, 44.753315565515635 ], [ 0.946132206635771, 44.753334028720261 ], [ 0.946144827059899, 44.753334187962814 ], [ 0.946182241425002, 44.753352651150593 ], [ 0.946219432366699, 44.753380107060366 ], [ 0.946257070229105, 44.753389577488591 ], [ 0.946281864226934, 44.753407881413303 ], [ 0.946344519577241, 44.753426662996176 ], [ 0.946493954290595, 44.753509508139871 ], [ 0.946580957200798, 44.753564578933627 ], [ 0.946605974768596, 44.753573890050852 ], [ 0.946792601684289, 44.753684190566105 ], [ 0.94681739598712, 44.75370249437286 ], [ 0.946942037745615, 44.753767035112347 ], [ 0.946966832133833, 44.75378533888621 ], [ 0.946992519841485, 44.753767671703656 ], [ 0.947108114325652, 44.753688169309868 ], [ 0.94715948954676, 44.753652834874622 ], [ 0.94719779762792, 44.753635326770343 ], [ 0.947197574335656, 44.753644319507906 ], [ 0.947222592041384, 44.753653630485623 ], [ 0.947334390372956, 44.753727004399117 ], [ 0.947446188997034, 44.753800378201724 ], [ 0.947632595095072, 44.753919670046379 ], [ 0.947645215655237, 44.753919829117372 ], [ 0.947943645644811, 44.754103501199985 ], [ 0.948055668973223, 44.754167881655967 ], [ 0.948080463902068, 44.754186185182803 ], [ 0.948093084523474, 44.754186344202594 ], [ 0.948256036984464, 44.754233375038453 ], [ 0.94828127824958, 44.754233693036447 ], [ 0.948293898882246, 44.754233852033266 ], [ 0.948293675763339, 44.754242844775419 ], [ 0.948494490494315, 44.754290352242158 ], [ 0.948595009522833, 44.754309609467278 ], [ 0.948645046000066, 44.754328230788779 ], [ 0.948745565148162, 44.75434748787707 ], [ 0.948820843037087, 44.754366427005138 ], [ 0.94924793895729, 44.754452764692054 ], [ 0.949272957363997, 44.754462075208124 ], [ 0.949285578050865, 44.754462234091513 ], [ 0.949348235584805, 44.754481013977312 ], [ 0.949624553371759, 44.75453846536476 ], [ 0.949712229630595, 44.754566555475598 ], [ 0.949724850342219, 44.754566714308744 ], [ 0.949975927486569, 44.754623847150597 ], [ 0.950051429000581, 44.754633792694158 ], [ 0.950063826891612, 44.754642944235819 ], [ 0.95007667045608, 44.754634110281309 ], [ 0.950089291183937, 44.754634269072781 ], [ 0.950102134742408, 44.754625435115372 ], [ 0.95008995968142, 44.754607290830656 ], [ 0.949991222391242, 44.754516092989896 ], [ 0.949991445239062, 44.754507100243117 ], [ 0.949991890934487, 44.754489114749767 ], [ 0.949968209504777, 44.754425847917751 ], [ 0.949968655207006, 44.75440786242509 ], [ 0.949956034530436, 44.754407703619869 ], [ 0.949910677612598, 44.75420023523192 ], [ 0.949886996396464, 44.754136968390462 ], [ 0.949874821511103, 44.754118824085914 ], [ 0.949875490105598, 44.754091845851157 ], [ 0.949827236409827, 44.754001283133164 ], [ 0.949827682153888, 44.753983297644403 ], [ 0.949815507321071, 44.753965153334534 ], [ 0.949706157070904, 44.753792861748309 ], [ 0.949512253663935, 44.75346658148905 ], [ 0.949499856122925, 44.753457429890112 ], [ 0.949487904434575, 44.753430292806726 ], [ 0.94942680856535, 44.753348563820929 ], [ 0.949365935817316, 44.753257842063668 ], [ 0.949353538346317, 44.753248690449098 ], [ 0.949060683069931, 44.752840203780615 ], [ 0.949010870780451, 44.752812589921845 ], [ 0.948986076155194, 44.75279428661517 ], [ 0.948911246348631, 44.752757362137814 ], [ 0.948716012881374, 44.752485037046597 ], [ 0.94870406177946, 44.752457899889883 ], [ 0.948619066036372, 44.752321896177357 ], [ 0.94854579859674, 44.7522220223142 ], [ 0.94833772554551, 44.751958530383646 ], [ 0.947933982143455, 44.751440697205162 ], [ 0.947921585307731, 44.751431545437029 ], [ 0.947921808475105, 44.751422552706607 ], [ 0.947909411645375, 44.751413400937167 ], [ 0.947909634814629, 44.751404408206852 ], [ 0.947677220736497, 44.751104626126562 ], [ 0.947664824016941, 44.751095474330931 ], [ 0.947628526734337, 44.751032048022488 ], [ 0.947615906823975, 44.751031888949981 ], [ 0.947591559878384, 44.750995599887958 ], [ 0.947579832858188, 44.750959469899279 ], [ 0.947544651888249, 44.750851079929213 ], [ 0.947532255246359, 44.750841928119748 ], [ 0.947532478473806, 44.750832935392367 ], [ 0.94753270170118, 44.750823942665072 ], [ 0.947521197983824, 44.750778819945779 ], [ 0.947500869387478, 44.750580661788625 ], [ 0.947501092618915, 44.750571669062388 ], [ 0.947491374840967, 44.750454604537666 ], [ 0.947482996503807, 44.75028358366707 ], [ 0.947483219736926, 44.750274590942034 ], [ 0.94749985762405, 44.750112880984389 ], [ 0.947513370237746, 44.750077069172562 ], [ 0.947529115082165, 44.749951330119373 ], [ 0.947558149152607, 44.74979877198119 ], [ 0.947558372371748, 44.749789779257924 ], [ 0.947573224169745, 44.749700011105546 ], [ 0.947573447386075, 44.749691018382592 ], [ 0.947573670602335, 44.749682025659688 ], [ 0.947587406278992, 44.749637221122718 ], [ 0.9475880759202, 44.749610242954653 ], [ 0.947588299133793, 44.749601250232026 ], [ 0.947588522347315, 44.749592257509448 ], [ 0.947588745560765, 44.749583264786907 ], [ 0.947588968774143, 44.749574272064372 ], [ 0.947590084839961, 44.74952930845231 ], [ 0.947567524294917, 44.749421077632519 ], [ 0.947555351183414, 44.749402933109607 ], [ 0.947381015517784, 44.748798034493788 ], [ 0.947381238761341, 44.748789041774771 ], [ 0.947288097568762, 44.748473023793544 ], [ 0.947276148012421, 44.748445886529893 ], [ 0.947277041047851, 44.748409915660403 ], [ 0.94727726430653, 44.748400922943105 ], [ 0.947265761291548, 44.748355800244966 ], [ 0.947266654332203, 44.748319829376975 ], [ 0.947255821127117, 44.748247728529314 ], [ 0.947213158386739, 44.747932347004543 ], [ 0.947202771862107, 44.747842260733918 ], [ 0.947171612488365, 44.747572001937314 ], [ 0.947162119190939, 44.747445944823546 ], [ 0.947164351920354, 44.747356017692468 ], [ 0.947152179387396, 44.747337873141504 ], [ 0.947169263899861, 44.747158178016278 ], [ 0.947173952575242, 44.746969331068364 ], [ 0.947174845652687, 44.746933360222904 ], [ 0.947175068921871, 44.746924367511618 ], [ 0.947197065062953, 44.746546832790521 ], [ 0.947197288327034, 44.746537840080698 ], [ 0.947200860542593, 44.746393956728454 ], [ 0.947201307068249, 44.746375971310037 ], [ 0.947201530330969, 44.746366978600904 ], [ 0.947201753593619, 44.746357985891798 ], [ 0.947331843205899, 44.745693957518363 ], [ 0.947332066444977, 44.745684964811645 ], [ 0.947363331177239, 44.745442479948551 ], [ 0.947363554410269, 44.745433487242749 ], [ 0.947393033047823, 44.745262944037783 ], [ 0.94739370273027, 44.745235965922355 ], [ 0.947393925957608, 44.745226973217292 ], [ 0.947408330361378, 44.745155190674978 ], [ 0.947422734728283, 44.745083408133027 ], [ 0.947481467885023, 44.744751314451548 ], [ 0.947509160155543, 44.744652712888914 ], [ 0.947509383362052, 44.744643720185884 ], [ 0.947522671448023, 44.744616901160938 ], [ 0.947522894652223, 44.744607908458008 ], [ 0.947523117856351, 44.74459891575512 ], [ 0.947523341060409, 44.744589923052331 ], [ 0.947603962030985, 44.744393038067635 ], [ 0.947604185221262, 44.744384045365429 ], [ 0.947644495487477, 44.744285602857623 ], [ 0.947738849781585, 44.744043913363491 ], [ 0.947752583945756, 44.743999108915837 ], [ 0.947752807110642, 44.743990116214903 ], [ 0.947766318087989, 44.74395430446733 ], [ 0.947792893674945, 44.743900666370195 ], [ 0.947846267845475, 44.743784397460111 ], [ 0.947992655206085, 44.743480395078393 ], [ 0.94799287833042, 44.743471402378965 ], [ 0.948044912985061, 44.74340908958866 ], [ 0.948045136100734, 44.743400096889403 ], [ 0.948058200522556, 44.743382270513486 ], [ 0.948096724416943, 44.743355769474569 ], [ 0.948109565706984, 44.74334693579199 ], [ 0.948135248274933, 44.743329268422514 ], [ 0.948173549001859, 44.743311760056372 ], [ 0.948328090088395, 44.743187770265784 ], [ 0.948366613721719, 44.743161269134788 ], [ 0.948379454924738, 44.743152435421507 ], [ 0.94839207306471, 44.74315259440575 ], [ 0.948443214777846, 44.7431262522312 ], [ 0.948621429819282, 44.743065528882319 ], [ 0.948672348331688, 44.743048179301432 ], [ 0.94868496644904, 44.743048338252152 ], [ 0.948773962264744, 44.743022472768786 ], [ 0.948799644474911, 44.74300480524699 ], [ 0.948837721786011, 44.742996289351751 ], [ 0.948863403964112, 44.742978621815325 ], [ 0.948876245047095, 44.742969788044896 ], [ 0.948888863147394, 44.742969946972252 ], [ 0.948978527637333, 44.742917103227285 ], [ 0.949209443006067, 44.74276708759794 ], [ 0.949337629719237, 44.742687742132027 ], [ 0.949388993461879, 44.742652406825052 ], [ 0.949389216359087, 44.742643414126022 ], [ 0.949401834387428, 44.742643572994666 ], [ 0.949402057282542, 44.742634580295643 ], [ 0.949427739117324, 44.742616912630446 ], [ 0.949479548503247, 44.742563591884732 ], [ 0.94949238939421, 44.742554758044164 ], [ 0.949647594045208, 44.742403788349371 ], [ 0.949746532298103, 44.742485993312066 ], [ 0.949878059877369, 44.742271756748963 ], [ 0.949917473393104, 44.742209284292983 ], [ 0.949969727541454, 44.742137977930014 ], [ 0.949996300161227, 44.74208433934384 ], [ 0.950048776881941, 44.742004040249483 ], [ 0.950127825844967, 44.741870102520096 ], [ 0.950140443701469, 44.741870261304094 ], [ 0.950191137893741, 44.741861903728164 ], [ 0.950135845723886, 44.741546365432939 ], [ 0.950113729030094, 44.741420150119318 ], [ 0.950101556831152, 44.741402005941033 ], [ 0.95009339466726, 44.741221993248175 ], [ 0.950094731337841, 44.741168037079589 ], [ 0.950095622450133, 44.741132066301226 ], [ 0.95013525769422, 44.74106060110406 ], [ 0.95016160687855, 44.741015955197362 ], [ 0.950187733258416, 44.740980301979292 ], [ 0.950213859605071, 44.740944648755601 ], [ 0.950305747042877, 44.740801877040866 ], [ 0.950357553918097, 44.740748555924483 ], [ 0.950370616987651, 44.740730729295002 ], [ 0.950383680048903, 44.740712902664129 ], [ 0.95039629764586, 44.740713061418731 ], [ 0.950763989341833, 44.740645723121702 ], [ 0.950776606924758, 44.740645881832798 ], [ 0.950789224507752, 44.740646040542472 ], [ 0.950776829591561, 44.740636889138806 ], [ 0.950777052258296, 44.740627896444856 ], [ 0.950764880016712, 44.740609752346053 ], [ 0.950522327662514, 44.740210899351233 ], [ 0.950410997542851, 44.740119543724461 ], [ 0.950385762615899, 44.740119226217303 ], [ 0.950360750420641, 44.740109916013282 ], [ 0.950099348122506, 44.739962698736036 ], [ 0.950061718619375, 44.739953229676388 ], [ 0.949897246488348, 44.739969150636334 ], [ 0.949884629060115, 44.739968991824718 ], [ 0.949809592949686, 44.739941060856772 ], [ 0.949809815768696, 44.739932068167533 ], [ 0.949797421170014, 44.739922916656724 ], [ 0.949785026575376, 44.739913765144571 ], [ 0.949785249398215, 44.739904772455546 ], [ 0.949785917866308, 44.739877794388541 ], [ 0.949786140688864, 44.739868801699615 ], [ 0.949762020010159, 44.739823520605675 ], [ 0.949762242836328, 44.739814527917041 ], [ 0.949751630893762, 44.739733434893793 ], [ 0.949739904836523, 44.739697305312696 ], [ 0.949728178794386, 44.739661175730973 ], [ 0.949716007101768, 44.739643031524217 ], [ 0.949716229934596, 44.73963403883635 ], [ 0.949716675600038, 44.739616053460693 ], [ 0.949692555086065, 44.739570772356686 ], [ 0.949681051938903, 44.739525650084545 ], [ 0.949609804961054, 44.739344843308416 ], [ 0.949455363793799, 44.738956092746712 ], [ 0.949336547206955, 44.738657745496184 ], [ 0.949194503957474, 44.73827814624299 ], [ 0.949182778563172, 44.738242016625868 ], [ 0.949171721927159, 44.73817890896499 ], [ 0.949162671555407, 44.738034867179806 ], [ 0.949162894470536, 44.738025874499407 ], [ 0.949176937979652, 44.737459335706241 ], [ 0.949183402356751, 44.737198548054529 ], [ 0.94917234592566, 44.737135440422648 ], [ 0.949161958253804, 44.737045354761811 ], [ 0.949129012113948, 44.736847039198807 ], [ 0.949116841225606, 44.736828894948523 ], [ 0.94909450576292, 44.736711672367626 ], [ 0.949083895372325, 44.73663057939094 ], [ 0.949084118294502, 44.736621586716275 ], [ 0.949049166336039, 44.736504205232677 ], [ 0.94903788726393, 44.736450090280556 ], [ 0.948991210644646, 44.736296579184717 ], [ 0.948978816982624, 44.736287427596729 ], [ 0.948966423324646, 44.736278276007369 ], [ 0.94892924237497, 44.736250821231295 ], [ 0.948854434670263, 44.736213896987564 ], [ 0.948817030854832, 44.736195434846898 ], [ 0.948767456434021, 44.736158828410261 ], [ 0.948730052683927, 44.736140366240534 ], [ 0.948568490390597, 44.736039380460539 ], [ 0.948555873849886, 44.7360392214974 ], [ 0.948481512705567, 44.735984311662065 ], [ 0.948208187244076, 44.73580995319054 ], [ 0.948195793817271, 44.735800801516582 ], [ 0.948158613561119, 44.735773346486546 ], [ 0.947885513241027, 44.735589994563256 ], [ 0.947786143623781, 44.735525773518368 ], [ 0.947773527200784, 44.735525614465729 ], [ 0.947549779054502, 44.735387861268592 ], [ 0.947475642932947, 44.735323958104757 ], [ 0.947239056764955, 44.735195037867236 ], [ 0.947114232690607, 44.735139490661517 ], [ 0.947089223258209, 44.735130179736515 ], [ 0.947014641506402, 44.735084261599006 ], [ 0.946915050518267, 44.73502903244799 ], [ 0.946890041168159, 44.735019721478253 ], [ 0.946702582955548, 44.734945392694407 ], [ 0.946540134461245, 44.734880374648512 ], [ 0.946289819255833, 44.734796256515793 ], [ 0.946264810113246, 44.734786945405297 ], [ 0.946252417229409, 44.734777793517125 ], [ 0.946152604151132, 44.734731556346574 ], [ 0.946028005587798, 44.734667015262154 ], [ 0.946002996546268, 44.734657704092847 ], [ 0.945965594706593, 44.734639240998071 ], [ 0.945779479651651, 44.734510954698052 ], [ 0.945655775859338, 44.734410442562897 ], [ 0.945593812393106, 44.734364682774213 ], [ 0.945556410883414, 44.734346219543113 ], [ 0.945358575652795, 44.734181802610983 ], [ 0.945098778953237, 44.733971625277398 ], [ 0.944962908669968, 44.733852967718427 ], [ 0.944740068521938, 44.733679238306372 ], [ 0.944443323226743, 44.73343261065682 ], [ 0.944369193226783, 44.733368705460911 ], [ 0.944356800965402, 44.733359553365602 ], [ 0.94412224358223, 44.733149692694091 ], [ 0.943801390929591, 44.73285778118349 ], [ 0.9436903101145, 44.732757426424982 ], [ 0.943641189634171, 44.732702832444545 ], [ 0.943383196771134, 44.732420710033352 ], [ 0.943383420590234, 44.732411717387109 ], [ 0.943370804879959, 44.732411557831135 ], [ 0.943222997878498, 44.732265760717176 ], [ 0.943025624571365, 44.732083354464194 ], [ 0.942840420333337, 44.731919092777076 ], [ 0.942778685828302, 44.731864338814916 ], [ 0.9426302099959, 44.731745518869133 ], [ 0.942618042315697, 44.731727373943087 ], [ 0.942519133477482, 44.731645162980918 ], [ 0.942346099703447, 44.731499045430851 ], [ 0.942333932168568, 44.731480900475482 ], [ 0.942259583154381, 44.731425986557596 ], [ 0.942049152432837, 44.731261404219836 ], [ 0.941876121066134, 44.731115285957515 ], [ 0.94172787320587, 44.730987472199288 ], [ 0.941690699304063, 44.730960015048261 ], [ 0.941505950908835, 44.730777765930242 ], [ 0.941493783802051, 44.73075962088803 ], [ 0.94140771776049, 44.730668576099795 ], [ 0.941345986029374, 44.730613821366383 ], [ 0.941333819009868, 44.73059567630785 ], [ 0.941297093852599, 44.730550233759651 ], [ 0.941284926862692, 44.730532088696243 ], [ 0.941235810670835, 44.730477493698849 ], [ 0.941125860020267, 44.730332173296205 ], [ 0.941126308365265, 44.730314188029574 ], [ 0.941028749330144, 44.730178019985914 ], [ 0.941028973517625, 44.730169027353426 ], [ 0.940992473079598, 44.730114592080092 ], [ 0.940955972712391, 44.73006015679605 ], [ 0.940858190318462, 44.729932981248304 ], [ 0.94071196603174, 44.729724232517469 ], [ 0.940662851104492, 44.729669637284587 ], [ 0.940625230096809, 44.729660165049957 ], [ 0.940625902846837, 44.729633187161227 ], [ 0.940626127096703, 44.729624194531709 ], [ 0.940626351346497, 44.729615201902277 ], [ 0.940627472594388, 44.72957023875545 ], [ 0.940640984646963, 44.729534428108018 ], [ 0.940680399499492, 44.729471959303623 ], [ 0.940680623739979, 44.72946296667466 ], [ 0.940706975000551, 44.729418323255352 ], [ 0.940746613927504, 44.729346861801922 ], [ 0.940799764633733, 44.729239589674165 ], [ 0.940813052278537, 44.729212771639006 ], [ 0.940813276496728, 44.729203779010781 ], [ 0.940867099567287, 44.729069528974115 ], [ 0.940933985697501, 44.728917453500166 ], [ 0.940947945787837, 44.728863657571047 ], [ 0.940975193316952, 44.728783043591797 ], [ 0.941015952372075, 44.728666618928891 ], [ 0.941016176555567, 44.7286576263024 ], [ 0.941016400738987, 44.728648633675967 ], [ 0.941056262904854, 44.728568179509097 ], [ 0.941056487081492, 44.728559186882933 ], [ 0.941096124956414, 44.728487725330695 ], [ 0.941135538567011, 44.728425256392228 ], [ 0.941135762730373, 44.728416263766462 ], [ 0.941162337296175, 44.728362627633189 ], [ 0.941162785613738, 44.728344642382105 ], [ 0.94116300977241, 44.728335649756573 ], [ 0.941163233931011, 44.72832665713112 ], [ 0.941164354722943, 44.728281694004323 ], [ 0.941164578881112, 44.728272701379069 ], [ 0.941151964107717, 44.728272541569744 ], [ 0.941152188267836, 44.728263548944561 ], [ 0.941141815113985, 44.728173462884108 ], [ 0.941129872852862, 44.72814632519804 ], [ 0.941130097016017, 44.728137332573404 ], [ 0.941130545342112, 44.728119347324217 ], [ 0.941131217830717, 44.728092369450685 ], [ 0.941170182812013, 44.728047885759132 ], [ 0.941170406968315, 44.728038893134816 ], [ 0.941183245843446, 44.728030060317657 ], [ 0.941196084714534, 44.728021227499021 ], [ 0.94124744015847, 44.727985896209944 ], [ 0.941260279009348, 44.727977063384017 ], [ 0.941324249071926, 44.727941891856709 ], [ 0.941374931993675, 44.727933538381926 ], [ 0.941387546691495, 44.727933698165678 ], [ 0.941463234879923, 44.727934656837938 ], [ 0.941475849578245, 44.727934816611587 ], [ 0.941526308372256, 44.727935455691807 ], [ 0.941588709599926, 44.727963232384077 ], [ 0.941601324305032, 44.727963392143359 ], [ 0.941626329632557, 44.727972704282621 ], [ 0.941751132331548, 44.728028257519945 ], [ 0.941788976492319, 44.728028736737812 ], [ 0.94181442998621, 44.728020063583564 ], [ 0.941865336950385, 44.728002717257574 ], [ 0.941916467919576, 44.727976378282534 ], [ 0.941993276295357, 44.727932373463261 ], [ 0.942018953733778, 44.7279147076366 ], [ 0.942031792446924, 44.72790587472106 ], [ 0.942096433966345, 44.72784372487056 ], [ 0.942121887328791, 44.727835051646039 ], [ 0.942134726007511, 44.727826218718825 ], [ 0.942250273934102, 44.727746722308225 ], [ 0.942327081733755, 44.727702717260769 ], [ 0.942339920349898, 44.727693884310149 ], [ 0.942378436174072, 44.727667385449593 ], [ 0.942493535543488, 44.727605874039618 ], [ 0.942519212675013, 44.727588208098915 ], [ 0.942531827298459, 44.727588367751736 ], [ 0.94254488979037, 44.727570542152399 ], [ 0.942622144960967, 44.727508551652498 ], [ 0.9426347595668, 44.727508711293495 ], [ 0.942634983486238, 44.72749971866827 ], [ 0.942840623226774, 44.727349398096941 ], [ 0.942853013913589, 44.727358550338025 ], [ 0.942962963210554, 44.727503868827228 ], [ 0.942962739343659, 44.727512861453171 ], [ 0.943218693084922, 44.727875917881285 ], [ 0.943352530949935, 44.728075510931845 ], [ 0.943757992451306, 44.728008675018877 ], [ 0.943910040265308, 44.727983611167595 ], [ 0.944036858521517, 44.727958228149845 ], [ 0.944049473232465, 44.727958387629037 ], [ 0.944062087943486, 44.727958547106809 ], [ 0.944252203265686, 44.727924968578762 ], [ 0.944670277297925, 44.727858288769447 ], [ 0.944720959646027, 44.72784993375673 ], [ 0.944733797919027, 44.727841100526703 ], [ 0.944759027292297, 44.727841419324179 ], [ 0.945139256081419, 44.727774259540375 ], [ 0.945177100099811, 44.727774737595183 ], [ 0.945240620471093, 44.727757549061039 ], [ 0.945240843973914, 44.727748556429461 ], [ 0.945192843920933, 44.727649000105181 ], [ 0.945096844325928, 44.727449887407175 ], [ 0.945072732769456, 44.72740460553733 ], [ 0.945024956844562, 44.727296056525773 ], [ 0.944964790109004, 44.727178355497031 ], [ 0.944965013653721, 44.727169362868267 ], [ 0.94495284621081, 44.727151218236635 ], [ 0.944953069757335, 44.727142225608013 ], [ 0.944749354554326, 44.726707869914947 ], [ 0.944737634439632, 44.726671740010623 ], [ 0.944775924857061, 44.726654232950281 ], [ 0.944826606101939, 44.726645877893176 ], [ 0.945043286521296, 44.726558661038283 ], [ 0.945119866987224, 44.726523646693799 ], [ 0.945086047221854, 44.726361301350494 ], [ 0.945073432866986, 44.72636114199009 ], [ 0.945062159667545, 44.726307026874643 ], [ 0.945062383193187, 44.726298034249226 ], [ 0.945050439435165, 44.726270897009989 ], [ 0.945038495688695, 44.726243759769794 ], [ 0.945026775484766, 44.726207629903591 ], [ 0.945014608230413, 44.72618948528649 ], [ 0.945014831763206, 44.726180492661619 ], [ 0.945002664518598, 44.726162348043417 ], [ 0.944991167891075, 44.726117225550126 ], [ 0.944991391427336, 44.726108232925547 ], [ 0.944884345798379, 44.725846012442538 ], [ 0.944884569350677, 44.725837019819267 ], [ 0.944837018683798, 44.725719478179094 ], [ 0.944824628035315, 44.725710326167643 ], [ 0.944777971874836, 44.725556814020344 ], [ 0.944765581271899, 44.72554766200291 ], [ 0.944741917947639, 44.725484394855755 ], [ 0.944742141521322, 44.725475402234224 ], [ 0.944730198093253, 44.725448264970268 ], [ 0.944653078444765, 44.72499751811705 ], [ 0.944476481792255, 44.72499528624877 ], [ 0.944413411562622, 44.724994489084473 ], [ 0.944350341334781, 44.724993691884016 ], [ 0.944339069107337, 44.72493957672765 ], [ 0.944339963651177, 44.724903606253726 ], [ 0.944328244176878, 44.72486747633485 ], [ 0.944330704185594, 44.724768557536315 ], [ 0.944331375095556, 44.724741579682885 ], [ 0.944331598732068, 44.724732587065169 ], [ 0.944344883621789, 44.724705768657174 ], [ 0.944345107255992, 44.724696776039551 ], [ 0.944345330890123, 44.724687783421949 ], [ 0.944371900622525, 44.724634146602483 ], [ 0.944411531502943, 44.724562683980757 ], [ 0.944477284596696, 44.724455569740407 ], [ 0.944477508208685, 44.724446577123501 ], [ 0.944490345741385, 44.724437743934985 ], [ 0.94449056935121, 44.724428751318143 ], [ 0.944671635837067, 44.724251130825706 ], [ 0.944711489638682, 44.724170675491933 ], [ 0.944711713212004, 44.724161682875689 ], [ 0.944765522120156, 44.724027431232088 ], [ 0.944872468526315, 44.723785905734864 ], [ 0.944912545248881, 44.723696457730114 ], [ 0.944926053152656, 44.723660646649662 ], [ 0.944953068908483, 44.723589024485371 ], [ 0.944941349313977, 44.723552894652684 ], [ 0.944792125744028, 44.722957310201693 ], [ 0.944792349299594, 44.722948317590109 ], [ 0.944769804835628, 44.722840087465933 ], [ 0.944770251952904, 44.722822102243832 ], [ 0.944712326221935, 44.722614475208005 ], [ 0.944701277691878, 44.722551367535921 ], [ 0.944666343663727, 44.722433985396457 ], [ 0.944666567237362, 44.722424992787225 ], [ 0.944468776639047, 44.722260575134946 ], [ 0.944460411721258, 44.722089556156398 ], [ 0.944430306670764, 44.721270591300019 ], [ 0.944421047587103, 44.721135542807737 ], [ 0.94439626845399, 44.721117238727679 ], [ 0.944308870739044, 44.721080152213865 ], [ 0.944084294046147, 44.720978363290101 ], [ 0.943772321182349, 44.72083948697864 ], [ 0.943522520252863, 44.720737377900335 ], [ 0.943522744003019, 44.72072838530022 ], [ 0.943272944022171, 44.720626275661672 ], [ 0.943198160866297, 44.720589347841447 ], [ 0.942661396878634, 44.720357669851907 ], [ 0.942623781775951, 44.72034819833965 ], [ 0.942399211068511, 44.720246406017722 ], [ 0.9421496392451, 44.720135301261273 ], [ 0.942137026298005, 44.720135141565656 ], [ 0.941987238894986, 44.720070276945094 ], [ 0.941949848098201, 44.720051812609888 ], [ 0.941899844402512, 44.720033188539439 ], [ 0.941637661618163, 44.719921922910792 ], [ 0.941612883928731, 44.719903618215284 ], [ 0.941600271035233, 44.719903458458319 ], [ 0.941550491650519, 44.719875841637986 ], [ 0.941438096073156, 44.719829440747617 ], [ 0.941425483196828, 44.71982928097065 ], [ 0.941400705617502, 44.71981097622826 ], [ 0.94138809274543, 44.71981081644698 ], [ 0.941263308679631, 44.719755263005347 ], [ 0.941264429220126, 44.719710300048213 ], [ 0.941242565193403, 44.719575091587686 ], [ 0.941232417612379, 44.71947601329245 ], [ 0.941234434618484, 44.719395079980735 ], [ 0.941234658729913, 44.719386087390752 ], [ 0.941202871546913, 44.719142808071162 ], [ 0.94119137941235, 44.719097685323185 ], [ 0.94119182764656, 44.719079700145755 ], [ 0.941192275880483, 44.719061714968511 ], [ 0.941180335533802, 44.719034577397871 ], [ 0.94118100788956, 44.719007599632633 ], [ 0.941156678997345, 44.718971309665655 ], [ 0.94114518693504, 44.718926186916306 ], [ 0.941148100539579, 44.718809283275704 ], [ 0.941148997030843, 44.718773312925983 ], [ 0.941149445276042, 44.71875532775131 ], [ 0.941149669398536, 44.718746335164049 ], [ 0.941164074991887, 44.718674554275275 ], [ 0.941164747351147, 44.718647576514442 ], [ 0.941217887125223, 44.718540304690912 ], [ 0.941207067438726, 44.718468204197627 ], [ 0.941195127211159, 44.71844106663584 ], [ 0.941195351325076, 44.718432074049744 ], [ 0.941183411110861, 44.71840493648714 ], [ 0.941162444261843, 44.718233757747903 ], [ 0.941164461324188, 44.718152824482196 ], [ 0.941152521184319, 44.718125686919642 ], [ 0.941152969423214, 44.7181077017501 ], [ 0.941153193542555, 44.71809870916541 ], [ 0.941143494627145, 44.717981645758591 ], [ 0.941131106289297, 44.717972493364059 ], [ 0.941121631565157, 44.717846437378206 ], [ 0.941121855688475, 44.71783744479464 ], [ 0.941123200426871, 44.717783489293872 ], [ 0.941201340135857, 44.717685529723518 ], [ 0.930365088488174, 44.701059110214267 ], [ 0.926800767582811, 44.696848654705207 ], [ 0.92371072472061, 44.693354804890099 ], [ 0.920870571538251, 44.690466774450336 ], [ 0.918099059760487, 44.687867407831227 ], [ 0.909271254123128, 44.688400962691524 ], [ 0.892860291475744, 44.690570774003398 ], [ 0.878106236969633, 44.693470803258649 ], [ 0.862997792856275, 44.697317661351626 ], [ 0.841784289231391, 44.704408140420696 ], [ 0.825603888692603, 44.710376342039751 ], [ 0.804643473405157, 44.719847148921779 ], [ 0.779349445959562, 44.729243991649824 ], [ 0.765167730921678, 44.734997924986466 ], [ 0.75332412599097, 44.74054080465114 ], [ 0.740721250935212, 44.749166066218365 ], [ 0.726271687205938, 44.763475480148465 ], [ 0.714114818170626, 44.77948121483201 ], [ 0.704280328682568, 44.795763092513724 ], [ 0.697579185472119, 44.803688389031734 ], [ 0.692323355228138, 44.811823828099804 ], [ 0.69072743291918, 44.814948755595154 ], [ 0.689946087341422, 44.817447080273681 ], [ 0.689713710709252, 44.820187499173755 ], [ 0.690161382307711, 44.822155381732493 ], [ 0.691015011968194, 44.824075337093653 ], [ 0.692367057690633, 44.825813786616365 ], [ 0.693936691868368, 44.827033667749333 ], [ 0.696504944720013, 44.828259368239117 ], [ 0.700221418559534, 44.829565006526636 ], [ 0.703943012972931, 44.830267851923892 ], [ 0.706127639086145, 44.830354120335357 ], [ 0.708273770819184, 44.830025945810682 ], [ 0.710606124037182, 44.828944781187445 ], [ 0.714080406162761, 44.826845784036024 ], [ 0.720219009216693, 44.822653612405716 ], [ 0.731119188206233, 44.815912585822829 ], [ 0.741976236171028, 44.810591314950557 ], [ 0.755817192252522, 44.806031500387455 ], [ 0.765579225213993, 44.80355305832925 ], [ 0.779015913337705, 44.801125707475833 ], [ 0.798154808073705, 44.798056723809047 ], [ 0.819280159688057, 44.795731506851844 ], [ 0.825639156625374, 44.795584903808013 ], [ 0.825954166734516, 44.795616206372436 ] ] ] ] } },
{ "type": "Feature", "properties": { "NOM": null, "TYPOLOGIE": null, "ID_CDCOMMU": 21, "SECTEUR": null, "ID_CC2007": null, "NUM_SECTEU": 2, "ID_CC2014": null, "NOM_SECTEU": "VALLEE DE LA DORDOGNE ET SES CINGLES" }, "geometry": { "type": "MultiPolygon", "coordinates": [ [ [ [ 0.675810996784992, 44.774592986549386 ], [ 0.675797571890725, 44.774619772958111 ], [ 0.675770988909695, 44.774664353609595 ], [ 0.675770455217662, 44.774682337933719 ], [ 0.675757030282646, 44.7747091243386 ], [ 0.675743872185426, 44.774726918579901 ], [ 0.675743605334807, 44.774735910742095 ], [ 0.675730447227043, 44.774753704982039 ], [ 0.675703864129183, 44.774798285619994 ], [ 0.675598331940444, 44.774949631628004 ], [ 0.675584639981953, 44.774985410177877 ], [ 0.675584373104576, 44.774994402340752 ], [ 0.675583572471928, 44.775021378829479 ], [ 0.675569880486507, 44.775057157378605 ], [ 0.675569613606422, 44.775066149541686 ], [ 0.675579035539044, 44.775174245604724 ], [ 0.675578768659868, 44.775183237768296 ], [ 0.675586589358928, 44.775345286820667 ], [ 0.675585521843301, 44.775381255477789 ], [ 0.675585254964181, 44.775390247642157 ], [ 0.675582853048241, 44.775471177122981 ], [ 0.675582586168265, 44.775480169287725 ], [ 0.675581518647501, 44.775516137946902 ], [ 0.675566759008391, 44.77558788516356 ], [ 0.675566492125279, 44.775596877328695 ], [ 0.675565424591973, 44.775632845989492 ], [ 0.675533236279972, 44.775866262085252 ], [ 0.675531634939815, 44.775920215082408 ], [ 0.6755171420235, 44.77598297013833 ], [ 0.675516074451192, 44.776018938804668 ], [ 0.675515540664526, 44.776036923138008 ], [ 0.675526297117033, 44.776100058415253 ], [ 0.675525763332872, 44.776118042749253 ], [ 0.675544340528551, 44.776343227152182 ], [ 0.675543806747861, 44.776361211488151 ], [ 0.675543272966827, 44.776379195824305 ], [ 0.675553495737663, 44.776460315444773 ], [ 0.67556478608977, 44.776505466392365 ], [ 0.675588701270265, 44.776550807441865 ], [ 0.675600258551426, 44.776586966218503 ], [ 0.675636531747252, 44.776641489527918 ], [ 0.675661247663203, 44.776659854055943 ], [ 0.675846884392665, 44.776788595673793 ], [ 0.676082221131817, 44.776945073691891 ], [ 0.676106937327484, 44.776963438122387 ], [ 0.67613192033843, 44.776972810375682 ], [ 0.676392241774114, 44.777138659992502 ], [ 0.676454299509057, 44.777175578715237 ], [ 0.676479015928136, 44.777193943064098 ], [ 0.676565790253223, 44.777249226068683 ], [ 0.6766154899685, 44.777276962538053 ], [ 0.67669017298918, 44.777314071113544 ], [ 0.676814556012757, 44.777378916019806 ], [ 0.676839272639405, 44.777397280289478 ], [ 0.676926580982045, 44.777434578664405 ], [ 0.67706358957499, 44.777499613240828 ], [ 0.677100931369458, 44.777518167384819 ], [ 0.677100664723131, 44.777527159560982 ], [ 0.677138273188633, 44.777536721516299 ], [ 0.677200598485676, 44.777564647648809 ], [ 0.677237940368769, 44.777583201746886 ], [ 0.677287374095568, 44.777619930094126 ], [ 0.677349166345113, 44.77766584049786 ], [ 0.677361791412368, 44.777666030397235 ], [ 0.677568953553766, 44.777921039457787 ], [ 0.677581045536763, 44.777939213689706 ], [ 0.677617588098487, 44.777984744199088 ], [ 0.677666222753691, 44.778048448920615 ], [ 0.677726683041993, 44.778139320019697 ], [ 0.677739308217111, 44.778139509875878 ], [ 0.677762692765619, 44.778202834845217 ], [ 0.677772652536717, 44.778292946502354 ], [ 0.677772385994403, 44.77830193868305 ], [ 0.677771852909518, 44.778319923044535 ], [ 0.677782345798673, 44.778392050343101 ], [ 0.677775149155426, 44.778634839244717 ], [ 0.677806894632745, 44.778842228989248 ], [ 0.677766886265954, 44.778913596902953 ], [ 0.677740302815069, 44.778958178110891 ], [ 0.67771425243194, 44.778984774946835 ], [ 0.6776487265174, 44.779064755286129 ], [ 0.677556083546997, 44.779207301124799 ], [ 0.677542924965224, 44.779225095615097 ], [ 0.677530299546391, 44.77922490573647 ], [ 0.677516607776626, 44.7792606845913 ], [ 0.677477931714246, 44.779287091493401 ], [ 0.677477665119951, 44.779296083677181 ], [ 0.677451881053913, 44.779313688271245 ], [ 0.67745134785663, 44.779331672639003 ], [ 0.677451081257861, 44.779340664822946 ], [ 0.677425297162982, 44.779358269411091 ], [ 0.677412405109473, 44.779367071702985 ], [ 0.677410538871406, 44.779430016991519 ], [ 0.677396846975163, 44.779465795834696 ], [ 0.677395247325007, 44.779519748941127 ], [ 0.677393914280859, 44.77956470986409 ], [ 0.677406273168662, 44.779573891943038 ], [ 0.677418098850007, 44.779601058390291 ], [ 0.677453575962779, 44.779682557726275 ], [ 0.677453309362698, 44.779691549911583 ], [ 0.677453042762532, 44.779700542096897 ], [ 0.677501678718724, 44.779764246937063 ], [ 0.677599484117859, 44.779873672185289 ], [ 0.677611576531747, 44.779891846428804 ], [ 0.67766047940208, 44.779946559017326 ], [ 0.677709382367831, 44.780001271585391 ], [ 0.67773436699981, 44.780010643487316 ], [ 0.677746726041623, 44.78001982552982 ], [ 0.677833239447625, 44.780084099789377 ], [ 0.677882942301937, 44.780111835720071 ], [ 0.677932645205409, 44.780139571628688 ], [ 0.677932378679969, 44.780148563816837 ], [ 0.677944737784594, 44.780157745837627 ], [ 0.677957363414831, 44.780157935668853 ], [ 0.67798208164044, 44.780176299703598 ], [ 0.678007066395965, 44.780185671544437 ], [ 0.678031784650074, 44.780204035568261 ], [ 0.678093846856243, 44.780240953415273 ], [ 0.678106206007665, 44.780250135418342 ], [ 0.678118831659248, 44.780250325231044 ], [ 0.678145681913285, 44.780196751718357 ], [ 0.678158840531791, 44.780178957148834 ], [ 0.678171466167529, 44.780179146955483 ], [ 0.678185157743753, 44.780143368005469 ], [ 0.67821120844173, 44.780116771045051 ], [ 0.678211741402811, 44.7800987866677 ], [ 0.678225166455591, 44.780071999902482 ], [ 0.678238325019606, 44.780054205324426 ], [ 0.678251217101442, 44.780045402933474 ], [ 0.678277001252975, 44.780027798147167 ], [ 0.678289893322671, 44.780018995751789 ], [ 0.678302785388319, 44.780010193354933 ], [ 0.678341195101832, 44.77999277834413 ], [ 0.678366446290801, 44.779993157914319 ], [ 0.678366712745905, 44.779984165725772 ], [ 0.678391963931169, 44.779984545290112 ], [ 0.6784427327456, 44.779976312212796 ], [ 0.678480609519091, 44.779976881531063 ], [ 0.678493235110426, 44.779977071300927 ], [ 0.678543737476618, 44.779977830365958 ], [ 0.678543471049927, 44.77998682255496 ], [ 0.678568722237582, 44.779987202078885 ], [ 0.678581347831539, 44.77998739183866 ], [ 0.67859397342558, 44.779987581597013 ], [ 0.678656568579853, 44.780006514745658 ], [ 0.678681553372451, 44.780015886433134 ], [ 0.678731522982697, 44.780034629791146 ], [ 0.67879358546202, 44.780071547241839 ], [ 0.678806211075724, 44.780071736975913 ], [ 0.678818570306486, 44.780080918898484 ], [ 0.678831195922385, 44.780081108629695 ], [ 0.678856180777396, 44.780090480277892 ], [ 0.678906150512467, 44.780109223557403 ], [ 0.678968479548633, 44.780137148720399 ], [ 0.67900582372945, 44.78015570223959 ], [ 0.679018183011394, 44.780164884140142 ], [ 0.679154934369948, 44.780238908382749 ], [ 0.679142308717428, 44.780238718688558 ], [ 0.679103632746041, 44.780265126171393 ], [ 0.679091007087794, 44.780264936471355 ], [ 0.679039705410193, 44.780291154230554 ], [ 0.679013921377001, 44.780308759197005 ], [ 0.678911584191079, 44.780352202430038 ], [ 0.678847656666844, 44.780378230379057 ], [ 0.678834764602111, 44.780387032840927 ], [ 0.678770570610175, 44.78042205293702 ], [ 0.678693750837952, 44.780456883250842 ], [ 0.678680858730981, 44.780465685695063 ], [ 0.678578521000707, 44.780509128622398 ], [ 0.678488808832807, 44.780552761226083 ], [ 0.678475916671631, 44.780561563646728 ], [ 0.678463024506407, 44.780570366065909 ], [ 0.678437240163819, 44.780587970899845 ], [ 0.678373045693651, 44.780622990767924 ], [ 0.678359887038926, 44.780640785366387 ], [ 0.678347261298624, 44.780640595581275 ], [ 0.678243857078413, 44.780720006966874 ], [ 0.678192288101852, 44.780755216528831 ], [ 0.67812756029281, 44.780808220639337 ], [ 0.67807599116212, 44.780843430148344 ], [ 0.678062832361417, 44.780861224713149 ], [ 0.678049940062471, 44.780870027085236 ], [ 0.678010730108397, 44.780914418575243 ], [ 0.677997571270331, 44.780932213132814 ], [ 0.677971253569146, 44.78096780224363 ], [ 0.677958627756538, 44.780967612414067 ], [ 0.677919151130248, 44.781020996065038 ], [ 0.677906258772022, 44.78102979842096 ], [ 0.677879940967096, 44.781065387511539 ], [ 0.677879674428803, 44.781074379703128 ], [ 0.677840730741871, 44.781109778945009 ], [ 0.677827571804025, 44.781127573483793 ], [ 0.677801253903282, 44.781163162557107 ], [ 0.677788628047267, 44.781162972708067 ], [ 0.677736525253824, 44.781216166447834 ], [ 0.677710740386262, 44.781233771117137 ], [ 0.677684688932067, 44.781260367972422 ], [ 0.677658637453166, 44.781286964821795 ], [ 0.677606801004583, 44.781331166311119 ], [ 0.677593641940565, 44.781348960823763 ], [ 0.677580749455852, 44.781357763142978 ], [ 0.677554964474287, 44.78137536777696 ], [ 0.677554697882413, 44.781384359968996 ], [ 0.677516286971586, 44.781401774716969 ], [ 0.67749050194955, 44.781419379336249 ], [ 0.677438665246057, 44.781463580749232 ], [ 0.677426039323635, 44.781463390858733 ], [ 0.677399987627755, 44.781489987649493 ], [ 0.677335524849646, 44.781533999120491 ], [ 0.677322898911721, 44.781533809218168 ], [ 0.677258436022743, 44.781577820645019 ], [ 0.677245810075213, 44.781577630733906 ], [ 0.67721975824079, 44.781604227483456 ], [ 0.677181347075366, 44.78162164211659 ], [ 0.677181080422413, 44.781630634308691 ], [ 0.677168454463256, 44.781630444388703 ], [ 0.677091365373232, 44.781674265798479 ], [ 0.676988224153259, 44.781744683851812 ], [ 0.676911134765372, 44.781788505137982 ], [ 0.676898242072489, 44.781797307379172 ], [ 0.676872456674583, 44.78181491185719 ], [ 0.676821152541955, 44.781841128603496 ], [ 0.676795633815583, 44.781849740871813 ], [ 0.676769848361358, 44.781867345326283 ], [ 0.6767572223503, 44.781867155359258 ], [ 0.67670591811601, 44.78189337205265 ], [ 0.676654880572492, 44.781910596530501 ], [ 0.676642254552087, 44.781910406550331 ], [ 0.676604109744546, 44.781918828793053 ], [ 0.676578590949489, 44.781927441011476 ], [ 0.676578324198435, 44.781936433203342 ], [ 0.676539912606295, 44.78195384761586 ], [ 0.676500967462966, 44.78198924639883 ], [ 0.676500700699171, 44.781998238590702 ], [ 0.676474915084086, 44.782015842977472 ], [ 0.676461755500264, 44.782033637360563 ], [ 0.676435969856677, 44.782051241738486 ], [ 0.676397291360942, 44.782077648294333 ], [ 0.676358346041618, 44.782113047028908 ], [ 0.67634545318736, 44.782121849206888 ], [ 0.676332560329056, 44.782130651383319 ], [ 0.676280988855369, 44.782165860074436 ], [ 0.676242043401372, 44.782201258769405 ], [ 0.676228883700151, 44.782219053126177 ], [ 0.676216257611744, 44.782218863097292 ], [ 0.67617731208008, 44.782254261770241 ], [ 0.676177045263128, 44.782263253962405 ], [ 0.67617677844609, 44.782272246154584 ], [ 0.676163351888185, 44.782299032696386 ], [ 0.676150458960564, 44.782307834852276 ], [ 0.676163085068782, 44.782308024888714 ], [ 0.676162818249293, 44.782317017080999 ], [ 0.676162551429717, 44.782326009273369 ], [ 0.676148591208177, 44.782370780199088 ], [ 0.676135698261745, 44.782379582353506 ], [ 0.676109378699774, 44.78241517104307 ], [ 0.676083592770144, 44.782432775341633 ], [ 0.676070432964319, 44.782450569681316 ], [ 0.67603122033826, 44.782494960499136 ], [ 0.675888596593798, 44.782618760549866 ], [ 0.675849650577595, 44.782654159113441 ], [ 0.675745705331196, 44.782751552616133 ], [ 0.675667812884792, 44.782822349633385 ], [ 0.675641492818099, 44.782857938218292 ], [ 0.675628599680076, 44.782866740315399 ], [ 0.675524920580651, 44.782955141425745 ], [ 0.675484372512138, 44.783044493026857 ], [ 0.675471746240411, 44.783044302912828 ], [ 0.675303333342993, 44.783185706392821 ], [ 0.675097841579323, 44.783299562577341 ], [ 0.675421588100878, 44.783457373494961 ], [ 0.67547155968802, 44.783476118355686 ], [ 0.675471292752087, 44.783485110550821 ], [ 0.675495744697946, 44.783512467363508 ], [ 0.675508371075161, 44.783512657474809 ], [ 0.675508104144955, 44.783521649670227 ], [ 0.67550757028429, 44.783539634061128 ], [ 0.675507303353828, 44.783548626256625 ], [ 0.675507036423281, 44.783557618452186 ], [ 0.675481516714018, 44.783566230423375 ], [ 0.675455730058018, 44.783583834584149 ], [ 0.675430477271978, 44.783583454348069 ], [ 0.675417850879087, 44.783583264227893 ], [ 0.675417583934031, 44.783592256423333 ], [ 0.675392064195269, 44.783600868373995 ], [ 0.675379170847289, 44.783609670444804 ], [ 0.675366544448669, 44.783609480318717 ], [ 0.675353651094703, 44.783618282386612 ], [ 0.675340490779064, 44.783636076648513 ], [ 0.675314704046677, 44.783653680776943 ], [ 0.675301810674413, 44.783662482838928 ], [ 0.675275489981139, 44.783698071349605 ], [ 0.675236275853517, 44.783742461909135 ], [ 0.675223115471492, 44.783760256158004 ], [ 0.675209955081116, 44.783778050405431 ], [ 0.675196794682387, 44.783795844651394 ], [ 0.67515784741203, 44.783831242989095 ], [ 0.675144953974323, 44.7838400450335 ], [ 0.675106006640546, 44.783875443353601 ], [ 0.675093380183013, 44.783875253196278 ], [ 0.675041806326945, 44.783910461335523 ], [ 0.675041539320032, 44.783919453531354 ], [ 0.675028912852809, 44.783919263366691 ], [ 0.675016019374625, 44.783928065396317 ], [ 0.674990232406117, 44.783945669451228 ], [ 0.674951818944589, 44.783963083326746 ], [ 0.674913405459206, 44.783980497189027 ], [ 0.674862365465641, 44.783997720854302 ], [ 0.674849738981403, 44.78399753066909 ], [ 0.674811592485008, 44.784005952300475 ], [ 0.674811325440726, 44.784014944496136 ], [ 0.674798698952782, 44.784014754305105 ], [ 0.674786072464925, 44.784014564112617 ], [ 0.674747658892809, 44.784031977917635 ], [ 0.674735032401247, 44.784031787719329 ], [ 0.674722405909771, 44.784031597519551 ], [ 0.674696885864323, 44.784040209311172 ], [ 0.674684259371079, 44.784040019107053 ], [ 0.674671632877921, 44.784039828901463 ], [ 0.67465900638485, 44.784039638694459 ], [ 0.674634020471834, 44.784030266080748 ], [ 0.674621393981041, 44.784030075869445 ], [ 0.674608767490337, 44.784029885656665 ], [ 0.674571155101637, 44.784020322814555 ], [ 0.674533275636877, 44.784019752154656 ], [ 0.674520382057796, 44.784028554126891 ], [ 0.674507755567775, 44.784028363902543 ], [ 0.674482502587993, 44.784027983449576 ], [ 0.674469876098228, 44.784027793220901 ], [ 0.67443279794469, 44.78400024594194 ], [ 0.674420171461341, 44.784000055707587 ], [ 0.674407812087033, 44.783990873277162 ], [ 0.674344679682117, 44.783989922076692 ], [ 0.674281547279345, 44.78398897084012 ], [ 0.674268653667831, 44.783997772782769 ], [ 0.674229705671375, 44.784033170796356 ], [ 0.674177062542708, 44.7841043473125 ], [ 0.674164168888267, 44.784113149243396 ], [ 0.674150473777377, 44.784148927756611 ], [ 0.674124419280409, 44.784175523805771 ], [ 0.67409729611989, 44.7842380886282 ], [ 0.674057813515601, 44.784291470974885 ], [ 0.674017262143247, 44.784380822089247 ], [ 0.67401699496981, 44.784389814284495 ], [ 0.673950655913039, 44.784496769204004 ], [ 0.67388324781943, 44.784639692871949 ], [ 0.673869819599158, 44.784666479162468 ], [ 0.673736071133117, 44.784916357601602 ], [ 0.673722375552933, 44.784952136074104 ], [ 0.673682090398649, 44.785032494893841 ], [ 0.6736020542314, 44.785175228102915 ], [ 0.673588892994571, 44.785193022168137 ], [ 0.673575197252915, 44.785228800626648 ], [ 0.673507787322428, 44.785371724110576 ], [ 0.67348119742411, 44.78541630441795 ], [ 0.673480930159776, 44.785425296615891 ], [ 0.673440644319584, 44.785505655363963 ], [ 0.673413787028645, 44.785559227856062 ], [ 0.673400892919885, 44.785568029703427 ], [ 0.673386395125533, 44.785630784739816 ], [ 0.673373233713352, 44.785648578782784 ], [ 0.6733729664306, 44.78565757098135 ], [ 0.673359003152513, 44.785702341618915 ], [ 0.673357934010835, 44.785738310414111 ], [ 0.67333969408097, 44.785926956239535 ], [ 0.673338357632821, 44.785971917237589 ], [ 0.673322523200651, 44.786079633276522 ], [ 0.673321186735095, 44.786124594277339 ], [ 0.673320384854733, 44.786151570878197 ], [ 0.673305352226827, 44.78623231032082 ], [ 0.673300540878125, 44.78639416993736 ], [ 0.673300273580161, 44.786403162138619 ], [ 0.673299204387446, 44.786439130943911 ], [ 0.673281498636204, 44.786609792411909 ], [ 0.673280964032026, 44.786627776815983 ], [ 0.673277756399752, 44.786735683243236 ], [ 0.673277489096505, 44.786744675445746 ], [ 0.673277221793173, 44.786753667648263 ], [ 0.673276954489754, 44.786762659850822 ], [ 0.67327668718625, 44.786771652053439 ], [ 0.67326299085983, 44.786807430497447 ], [ 0.673262723553873, 44.786816422700198 ], [ 0.67324929451593, 44.786843208940326 ], [ 0.673236400086112, 44.786852010773444 ], [ 0.673236132775677, 44.786861002976295 ], [ 0.673223238339701, 44.786869804807942 ], [ 0.673196647504803, 44.786914385075583 ], [ 0.673184020369482, 44.786914194699825 ], [ 0.673183485731137, 44.786932179105769 ], [ 0.673170858591854, 44.786931988728576 ], [ 0.673170323949119, 44.786949973134597 ], [ 0.673157162158749, 44.786967767161947 ], [ 0.673144000360024, 44.786985561187862 ], [ 0.673104514913735, 44.78703894325713 ], [ 0.673104247581261, 44.787047935460372 ], [ 0.67309108574693, 44.787065729480574 ], [ 0.673065029392268, 44.787092325313459 ], [ 0.67301318395638, 44.78713652475821 ], [ 0.673012916608795, 44.787145516961608 ], [ 0.673000022072358, 44.787154318768287 ], [ 0.672986860179984, 44.78717211277695 ], [ 0.672973698279256, 44.78718990678415 ], [ 0.672973430925085, 44.787198898987661 ], [ 0.672973163570829, 44.787207891191244 ], [ 0.672984721361779, 44.78724405040569 ], [ 0.672984454009117, 44.787253042609429 ], [ 0.67298418665637, 44.787262034813239 ], [ 0.672996813869338, 44.787262225211755 ], [ 0.673009173733607, 44.787271407812753 ], [ 0.673008906384736, 44.787280400016677 ], [ 0.673021533601924, 44.787280590412415 ], [ 0.673021266254991, 44.787289582616388 ], [ 0.673033893474288, 44.787289773010727 ], [ 0.673046253350701, 44.78729895560766 ], [ 0.67307097311567, 44.787317320797477 ], [ 0.67307070577649, 44.787326313001721 ], [ 0.673070438437225, 44.787335305206007 ], [ 0.673082530992244, 44.787353480003389 ], [ 0.673082263654745, 44.787362472207761 ], [ 0.67308065962795, 44.787416425434792 ], [ 0.673053266392505, 44.78748798229293 ], [ 0.673052999049672, 44.787496974497756 ], [ 0.673025071044189, 44.787586515761674 ], [ 0.673024803696365, 44.787595507966792 ], [ 0.673011374358191, 44.787622294186995 ], [ 0.673011107008, 44.787631286392269 ], [ 0.672985050352606, 44.787657882212713 ], [ 0.672984782998023, 44.787666874418072 ], [ 0.672972155693976, 44.78766668401812 ], [ 0.672945296920409, 44.787720256446036 ], [ 0.672918972826901, 44.787755844457507 ], [ 0.672905810767617, 44.787773638461132 ], [ 0.672893183439795, 44.787773448052164 ], [ 0.672854499328777, 44.787799853433071 ], [ 0.672854231952583, 44.787808845638651 ], [ 0.672841604617009, 44.787808655223749 ], [ 0.672815815181327, 44.787826258800706 ], [ 0.672777665774896, 44.787834679744059 ], [ 0.672765038433765, 44.787834489320446 ], [ 0.672764771043059, 44.78784348152594 ], [ 0.672752143699989, 44.787843291100849 ], [ 0.672739516357007, 44.787843100674294 ], [ 0.672726621617245, 44.787851902451706 ], [ 0.67270109952666, 44.787860513796751 ], [ 0.67267584483337, 44.787860132930533 ], [ 0.672662950079698, 44.787868934700597 ], [ 0.672650055321977, 44.787877736469206 ], [ 0.672637160560209, 44.787886538236322 ], [ 0.672636893148748, 44.787895530441702 ], [ 0.672624265794392, 44.787895340001938 ], [ 0.672623730967165, 44.787913324412756 ], [ 0.672623463553423, 44.787922316618214 ], [ 0.672610033945268, 44.787949102793419 ], [ 0.672597139160807, 44.78795790455613 ], [ 0.672584244372297, 44.787966706317377 ], [ 0.672571349579739, 44.787975508077153 ], [ 0.672545827409053, 44.787984119386785 ], [ 0.672545559982481, 44.7879931115923 ], [ 0.672532932606462, 44.787992921142141 ], [ 0.67252003779982, 44.788001722895991 ], [ 0.672506875556231, 44.788019516853979 ], [ 0.67250634069017, 44.788037501265165 ], [ 0.672518165782475, 44.788064668335537 ], [ 0.672530258315778, 44.788082843199035 ], [ 0.672542350856918, 44.78810101806139 ], [ 0.672554978257313, 44.788101208510483 ], [ 0.672554710831648, 44.788110200716503 ], [ 0.672567070810426, 44.788119383370251 ], [ 0.672579430793251, 44.788128566022657 ], [ 0.672579163371379, 44.788137558228819 ], [ 0.672641498180198, 44.788165487057981 ], [ 0.672641230768101, 44.78817447926442 ], [ 0.672653858185372, 44.788174669702215 ], [ 0.672653323364971, 44.788192654115278 ], [ 0.672665415969681, 44.788210828964949 ], [ 0.672665148561204, 44.788219821171673 ], [ 0.672676706362099, 44.788255980433867 ], [ 0.672687996772697, 44.788301131902514 ], [ 0.672700089412037, 44.788319306749187 ], [ 0.672711914657635, 44.788346473801973 ], [ 0.67273503038685, 44.788418792319845 ], [ 0.672747390463176, 44.788427974954573 ], [ 0.672747123066809, 44.788436967162262 ], [ 0.672782866371839, 44.788509476098525 ], [ 0.672782598980772, 44.788518468306634 ], [ 0.672794959086858, 44.788527650936416 ], [ 0.67284359740704, 44.788591358067436 ], [ 0.672891701089207, 44.788673049596575 ], [ 0.672916154038788, 44.788700407040579 ], [ 0.672928246838182, 44.788718581865282 ], [ 0.672927979469431, 44.788727574074528 ], [ 0.672940339645416, 44.788736756688806 ], [ 0.672952699825448, 44.788745939301727 ], [ 0.672977420197657, 44.788764304523475 ], [ 0.673027395697058, 44.7887830505314 ], [ 0.673077371229873, 44.788801796516807 ], [ 0.673089731446682, 44.788810979114636 ], [ 0.67310209166754, 44.788820161711087 ], [ 0.673114719231778, 44.788820352096131 ], [ 0.673127079458792, 44.788829534689839 ], [ 0.673139439689856, 44.788838717282196 ], [ 0.673151799924968, 44.788847899873169 ], [ 0.673175985747965, 44.78888424947192 ], [ 0.673188345999097, 44.788893432059012 ], [ 0.673200438928342, 44.788911606855308 ], [ 0.673248810723708, 44.788984306028652 ], [ 0.673260636375388, 44.789011473030136 ], [ 0.673285089652543, 44.789038830396159 ], [ 0.673284555026348, 44.789056814818814 ], [ 0.673284287713122, 44.789065807030148 ], [ 0.673308206406384, 44.789111148814762 ], [ 0.673320032113589, 44.7891383158113 ], [ 0.673331323219851, 44.789183467230707 ], [ 0.673342881648943, 44.789219626437671 ], [ 0.67334207973474, 44.789246603074126 ], [ 0.673350430539422, 44.789390668831913 ], [ 0.673235177365148, 44.789442908832875 ], [ 0.67319675959267, 44.78946032214008 ], [ 0.673170969508842, 44.78947792581269 ], [ 0.67315834179633, 44.789477735434083 ], [ 0.673107296259911, 44.789494958330387 ], [ 0.673043622972297, 44.78951199081154 ], [ 0.672967054556282, 44.789537825067995 ], [ 0.672916276281027, 44.789546055663983 ], [ 0.672839707759825, 44.789571889832551 ], [ 0.672814184903747, 44.789580501210366 ], [ 0.672801289776167, 44.78958930300314 ], [ 0.672776034303576, 44.789588922159957 ], [ 0.672763139168071, 44.789597723948347 ], [ 0.672737348884919, 44.789615327520714 ], [ 0.672724186331517, 44.789633121516921 ], [ 0.672736279269835, 44.789651296369755 ], [ 0.67273601186585, 44.789660288582098 ], [ 0.672747837411641, 44.789687455646359 ], [ 0.672760197769709, 44.789696638284447 ], [ 0.672808569671496, 44.789769337674848 ], [ 0.672820662666541, 44.789787512519482 ], [ 0.672845383454687, 44.789805877778754 ], [ 0.67284511606746, 44.78981486999195 ], [ 0.67284458129275, 44.789832854418435 ], [ 0.672857209084171, 44.789833044832925 ], [ 0.672856674313165, 44.789851029259587 ], [ 0.672856139541817, 44.789869013686449 ], [ 0.672855337384153, 44.78989599032689 ], [ 0.672854267839398, 44.789931959181324 ], [ 0.67284057047149, 44.78996773762136 ], [ 0.67284030308272, 44.789976729835146 ], [ 0.672827140477154, 44.789994523846339 ], [ 0.672826605694965, 44.790012508274138 ], [ 0.672826338303741, 44.790021500488031 ], [ 0.672838966137583, 44.790021690904624 ], [ 0.672838698748297, 44.790030683118616 ], [ 0.672837896579928, 44.790057659760841 ], [ 0.672849722258883, 44.790084826818664 ], [ 0.672874175803638, 44.790112184288077 ], [ 0.672873908419568, 44.790121176502488 ], [ 0.672886268893886, 44.790130359128142 ], [ 0.672898629372253, 44.790139541752389 ], [ 0.672910989854668, 44.790148724375314 ], [ 0.672948606070997, 44.790158287806356 ], [ 0.672961233936058, 44.79015847820893 ], [ 0.672973861801206, 44.79015866861009 ], [ 0.673024373262654, 44.790159430200127 ], [ 0.673049628993891, 44.790159810986538 ], [ 0.673099873109333, 44.790169564757079 ], [ 0.673125128845648, 44.790169945526181 ], [ 0.673150117242254, 44.790179318504805 ], [ 0.673162745112735, 44.790179508884307 ], [ 0.673175105647213, 44.79018869147778 ], [ 0.673187733519891, 44.790188881854455 ], [ 0.673187466185739, 44.790197874069911 ], [ 0.673200094060528, 44.790198064445129 ], [ 0.673199826728313, 44.790207056660655 ], [ 0.673199559396014, 44.790216048876211 ], [ 0.673211919944576, 44.790225231465698 ], [ 0.67319849006596, 44.790252017738766 ], [ 0.673158735032013, 44.790314392118276 ], [ 0.673145572448232, 44.790332186169984 ], [ 0.673145305106635, 44.790341178385859 ], [ 0.673132677199804, 44.790340988004345 ], [ 0.67311897990962, 44.790376766485117 ], [ 0.673118712563546, 44.790385758701113 ], [ 0.673092654679188, 44.790412354578628 ], [ 0.673092387328723, 44.790421346794737 ], [ 0.673092119978173, 44.790430339010811 ], [ 0.673091585276812, 44.790448323443137 ], [ 0.673103945858893, 44.790457506045605 ], [ 0.673103411161067, 44.790475490478215 ], [ 0.67311603909809, 44.790475680863082 ], [ 0.673115771751073, 44.790484673079455 ], [ 0.673128132345127, 44.790493855679351 ], [ 0.67314076028637, 44.790494046061376 ], [ 0.673166016169113, 44.790494426821084 ], [ 0.673178644110612, 44.790494617198789 ], [ 0.673330179415304, 44.790496901618475 ], [ 0.673355435300619, 44.790497282334833 ], [ 0.673368063243406, 44.790497472690859 ], [ 0.673380691186277, 44.790497663045436 ], [ 0.673393051826579, 44.790506845615724 ], [ 0.673405412470929, 44.790516028184612 ], [ 0.673405145170126, 44.790525020401823 ], [ 0.673417238521511, 44.790543195186721 ], [ 0.673426391606995, 44.790660284364179 ], [ 0.673424253219576, 44.790732222107629 ], [ 0.673435277433485, 44.790786365764966 ], [ 0.673434475541317, 44.790813342420009 ], [ 0.673295300070574, 44.790820240725985 ], [ 0.673282672055345, 44.790820050361624 ], [ 0.673244788010171, 44.790819479259923 ], [ 0.673231892665251, 44.790828281107771 ], [ 0.673231625335131, 44.790837273325749 ], [ 0.673218462651737, 44.790855067390162 ], [ 0.673204765290708, 44.790890845889393 ], [ 0.673191602586213, 44.79090863995102 ], [ 0.673191335249249, 44.79091763216919 ], [ 0.673203695951119, 44.790926814762265 ], [ 0.67321445265671, 44.790989950664674 ], [ 0.673249930865125, 44.791071451745957 ], [ 0.673261756957516, 44.791098618771123 ], [ 0.673261489630896, 44.791107610990174 ], [ 0.673260954977399, 44.791125595428468 ], [ 0.673273583061367, 44.791125785795323 ], [ 0.673273315736513, 44.791134778014566 ], [ 0.673260687650521, 44.791134587647697 ], [ 0.673260420323559, 44.791143579866926 ], [ 0.67321986272495, 44.791232930950819 ], [ 0.673180374359863, 44.791286313144603 ], [ 0.673140351225194, 44.791357679764978 ], [ 0.673140083877868, 44.79136667198479 ], [ 0.673127188390668, 44.79137547382247 ], [ 0.673139014487708, 44.791402640864277 ], [ 0.673138212444189, 44.79142961752428 ], [ 0.673237366338229, 44.791494086073584 ], [ 0.673448303006912, 44.791623213256706 ], [ 0.673473292105189, 44.791632586167609 ], [ 0.673473024809946, 44.791641578389239 ], [ 0.673609796837601, 44.791715609854698 ], [ 0.673646879688672, 44.791743157498217 ], [ 0.673708951779581, 44.791780077987667 ], [ 0.673771023952233, 44.791816998442734 ], [ 0.673770756703856, 44.791825990665785 ], [ 0.673795478701908, 44.791844355727562 ], [ 0.673820200716154, 44.791862720783932 ], [ 0.673869110327238, 44.791917435327726 ], [ 0.673881471360504, 44.791926617848588 ], [ 0.673918020033773, 44.791972149851055 ], [ 0.673942207701086, 44.79200849932915 ], [ 0.673941940479252, 44.792017491553295 ], [ 0.673989247056819, 44.792126159394172 ], [ 0.67402499431979, 44.792198668039667 ], [ 0.674037355440583, 44.792207850544152 ], [ 0.674037088233057, 44.792216842769299 ], [ 0.674062077694316, 44.792226215549093 ], [ 0.674086532764473, 44.792253572774001 ], [ 0.674123883399501, 44.792272128037773 ], [ 0.674148605709916, 44.792290493023806 ], [ 0.674223039916688, 44.79233659572342 ], [ 0.674297474245864, 44.792382698373657 ], [ 0.67429720707922, 44.79239169060007 ], [ 0.67430983545185, 44.792391880848328 ], [ 0.674384269925782, 44.79243798344104 ], [ 0.674396631158171, 44.792447165906204 ], [ 0.674396364007122, 44.792456158133078 ], [ 0.674408725245498, 44.792465340596948 ], [ 0.674408458096302, 44.79247433282395 ], [ 0.674408190947019, 44.792483325050945 ], [ 0.674407923797652, 44.79249231727804 ], [ 0.674394761099027, 44.792510111495147 ], [ 0.674393959643821, 44.792537088176658 ], [ 0.674380262621963, 44.79257286684706 ], [ 0.674379995467691, 44.79258185907436 ], [ 0.674367099895649, 44.792590661061496 ], [ 0.674366832739181, 44.792599653288868 ], [ 0.674366031269259, 44.792626629971181 ], [ 0.674352334207706, 44.792662408639501 ], [ 0.674364962641496, 44.792662598881407 ], [ 0.674364161169774, 44.792689575564445 ], [ 0.674363894012363, 44.792698567792172 ], [ 0.674376255298862, 44.792707750260583 ], [ 0.674388349435791, 44.792725924955541 ], [ 0.674400710732325, 44.792735107421294 ], [ 0.674400443580558, 44.792744099649283 ], [ 0.67441307203291, 44.792744289885739 ], [ 0.674438061792092, 44.792753662582328 ], [ 0.674450690246724, 44.792753852814485 ], [ 0.674475680016455, 44.792763225502597 ], [ 0.674513832521176, 44.792754803953379 ], [ 0.674526460976324, 44.792754994176811 ], [ 0.674539089431557, 44.792755184398828 ], [ 0.67461539439955, 44.792738341243435 ], [ 0.674679070873535, 44.792721307830881 ], [ 0.674691699321699, 44.792721498035455 ], [ 0.674691966426648, 44.792712505806847 ], [ 0.674729851765582, 44.792713076411715 ], [ 0.674768004198005, 44.792704654774816 ], [ 0.674818785061914, 44.792696423314794 ], [ 0.674856937469647, 44.792688001647257 ], [ 0.674869565910914, 44.792688191831445 ], [ 0.67490771830542, 44.7926797701464 ], [ 0.6749324410523, 44.792698134959821 ], [ 0.674956362627804, 44.792743476455676 ], [ 0.6749689910819, 44.792743666628496 ], [ 0.675029729895647, 44.79282554753776 ], [ 0.675054452746766, 44.792843912324948 ], [ 0.675066547132894, 44.792862086946514 ], [ 0.675078641526863, 44.792880261566935 ], [ 0.675115191793905, 44.792925793190612 ], [ 0.675139380648701, 44.792962142420457 ], [ 0.675150941022707, 44.792998301495047 ], [ 0.675163569534858, 44.792998491645619 ], [ 0.675163035473413, 44.793016476107219 ], [ 0.67517379478611, 44.793079611873345 ], [ 0.675185088178784, 44.793124763177332 ], [ 0.675197182667837, 44.793142937786754 ], [ 0.675208476092098, 44.79318808908959 ], [ 0.67522030357986, 44.793215255928594 ], [ 0.675232398099846, 44.793233430534805 ], [ 0.675231864058239, 44.793251414998551 ], [ 0.675244492627672, 44.793251605139815 ], [ 0.675244225608764, 44.793260597371784 ], [ 0.675243691570693, 44.793278581835757 ], [ 0.67523026193136, 44.79330536839052 ], [ 0.675229994909915, 44.793314360622624 ], [ 0.67522785873526, 44.79338629848079 ], [ 0.675226256600672, 44.793440251875765 ], [ 0.67525853506896, 44.793629659191161 ], [ 0.67528112223054, 44.793719961802445 ], [ 0.675290279726868, 44.793837050980642 ], [ 0.675312867023119, 44.793927353593261 ], [ 0.675311798977957, 44.793963322532171 ], [ 0.675323626679309, 44.793990489368888 ], [ 0.675335988407805, 44.793999671734632 ], [ 0.675372806615602, 44.794036211058966 ], [ 0.675397530112911, 44.794054575778418 ], [ 0.675422253626415, 44.794072940492484 ], [ 0.675459338927037, 44.794100487553422 ], [ 0.675496424264101, 44.794128034602231 ], [ 0.67550878605122, 44.794137216949132 ], [ 0.675520880863586, 44.794155391530666 ], [ 0.675532975683794, 44.794173566111027 ], [ 0.675545070511841, 44.794191740690209 ], [ 0.675557165347729, 44.794209915268176 ], [ 0.675556631400989, 44.794227899740839 ], [ 0.675568726248425, 44.794246074317812 ], [ 0.675567658361326, 44.794282043263948 ], [ 0.675567391389338, 44.794291035500592 ], [ 0.675578151401921, 44.794354171260956 ], [ 0.675588644469509, 44.794426299259122 ], [ 0.6755883775002, 44.794435291496356 ], [ 0.675598870596123, 44.794507419495993 ], [ 0.675598603628068, 44.794516411733547 ], [ 0.675583038096013, 44.794615136247714 ], [ 0.675582771124905, 44.794624128485651 ], [ 0.675568006457037, 44.794695876287406 ], [ 0.675591662428539, 44.794750209921602 ], [ 0.67559139545817, 44.79475920216003 ], [ 0.675590327575838, 44.794795171114217 ], [ 0.675575829846017, 44.794857926683349 ], [ 0.675548169181072, 44.794938476625319 ], [ 0.675547902202831, 44.794947468864414 ], [ 0.675545499394806, 44.795028399017511 ], [ 0.675532336461824, 44.795046193389467 ], [ 0.67553046759097, 44.79510913906627 ], [ 0.675517304634264, 44.795126933437032 ], [ 0.675517037650174, 44.795135925676739 ], [ 0.675503607696545, 44.795162712285908 ], [ 0.675451489725397, 44.795215905269508 ], [ 0.675438059721294, 44.79524269187165 ], [ 0.675399104651677, 44.795278090469715 ], [ 0.675034809459982, 44.795632456056431 ], [ 0.675045569130256, 44.795695591904604 ], [ 0.6750453020678, 44.795704584145355 ], [ 0.675045035005259, 44.795713576386142 ], [ 0.675044767942632, 44.795722568626985 ], [ 0.67503133762285, 44.795749355185492 ], [ 0.675031070557855, 44.795758347426464 ], [ 0.675004209875231, 44.795811920539627 ], [ 0.674889479218635, 44.795846177932631 ], [ 0.674864220913465, 44.795845797567495 ], [ 0.674787644686542, 44.795871633159635 ], [ 0.674660284610093, 44.795905700121878 ], [ 0.674507131734102, 44.795957370971927 ], [ 0.674354512925305, 44.795991057130195 ], [ 0.674354245750609, 44.796000049370448 ], [ 0.674341616565137, 44.795999859127363 ], [ 0.674328987379752, 44.795999668882864 ], [ 0.674253746650941, 44.795980542905326 ], [ 0.674241117470205, 44.79598035265073 ], [ 0.674149239509696, 44.796095919947454 ], [ 0.67414843788508, 44.796122896668116 ], [ 0.674096050518689, 44.79618508127475 ], [ 0.674095516084453, 44.796203065755542 ], [ 0.674082886854131, 44.796202875482884 ], [ 0.674082619634859, 44.796211867723301 ], [ 0.674082352415502, 44.796220859963732 ], [ 0.674081817976529, 44.796238844444808 ], [ 0.674068921516555, 44.796247646411061 ], [ 0.674124051333865, 44.796518365004083 ], [ 0.674123784119691, 44.796527357245836 ], [ 0.674167621154672, 44.796752924366103 ], [ 0.674167353946368, 44.796761916608816 ], [ 0.67417757844253, 44.796843037058025 ], [ 0.674177311235393, 44.796852029301093 ], [ 0.674188871790956, 44.796888188535725 ], [ 0.674244270015163, 44.797149914897005 ], [ 0.674268727321821, 44.797177272137425 ], [ 0.674281089580177, 44.797186454633433 ], [ 0.674293451842582, 44.797195637128091 ], [ 0.67437785037711, 44.797331852514716 ], [ 0.674389945512014, 44.797350027244548 ], [ 0.67438967833652, 44.797359019490024 ], [ 0.674450421304158, 44.797440900875742 ], [ 0.674450154137932, 44.797449893121737 ], [ 0.674462783650399, 44.797450083352352 ], [ 0.674486439712876, 44.797504417286476 ], [ 0.674510897292343, 44.7975317744772 ], [ 0.674522725358398, 44.797558941440499 ], [ 0.674535087742509, 44.797568123909485 ], [ 0.674534553435914, 44.797586108402832 ], [ 0.674546915827952, 44.797595290870561 ], [ 0.674558476775141, 44.797631450077652 ], [ 0.674570572033231, 44.797649624789905 ], [ 0.674618686003465, 44.797731315874515 ], [ 0.67461841886284, 44.797740308122009 ], [ 0.674654704789377, 44.797794832237962 ], [ 0.674654437654229, 44.797803824485761 ], [ 0.674677826919992, 44.797867150634858 ], [ 0.674677559788206, 44.797876142882984 ], [ 0.674688853747375, 44.797921294328894 ], [ 0.674676224127993, 44.797921104124178 ], [ 0.674675689863306, 44.797939088620886 ], [ 0.674675422730835, 44.797948080869276 ], [ 0.674675155598278, 44.797957073117693 ], [ 0.674611206033599, 44.797983098816694 ], [ 0.674585679620529, 44.797991710636317 ], [ 0.674483573889829, 44.798026157856157 ], [ 0.674470677081796, 44.798034959876162 ], [ 0.674432253805458, 44.798052373679099 ], [ 0.674406727333358, 44.798060985457639 ], [ 0.674216748180759, 44.798076116245994 ], [ 0.674191488875532, 44.798075735726989 ], [ 0.67402676892562, 44.798091246707514 ], [ 0.674001509614865, 44.798090866145081 ], [ 0.673798900593649, 44.798105805931201 ], [ 0.673647077406005, 44.798112514403556 ], [ 0.673621818088249, 44.798112133754223 ], [ 0.673343163574686, 44.798134922967897 ], [ 0.673317904248897, 44.798134542249031 ], [ 0.673241858910261, 44.798142392303475 ], [ 0.673127924553229, 44.798149671164211 ], [ 0.673102665222257, 44.798149290396132 ], [ 0.672976101166526, 44.798156378713976 ], [ 0.672950574423412, 44.798164990156266 ], [ 0.672925315086743, 44.798164609347602 ], [ 0.672900055750416, 44.798164228533096 ], [ 0.672874796414434, 44.798163847712836 ], [ 0.672874528992047, 44.798172839957864 ], [ 0.672862166746571, 44.798163657300528 ], [ 0.672710878187535, 44.798152379995599 ], [ 0.672622737998989, 44.798142054703554 ], [ 0.672458819887366, 44.798130586612075 ], [ 0.67232042866574, 44.798110506986738 ], [ 0.672307799011777, 44.798110316510979 ], [ 0.6722320210898, 44.798109173626301 ], [ 0.672143345978672, 44.798116832438147 ], [ 0.671852328768121, 44.798130435149766 ], [ 0.671839431523015, 44.798139236862923 ], [ 0.671598932766802, 44.798153601015358 ], [ 0.671586303105583, 44.798153410457061 ], [ 0.671408952542765, 44.798168726972627 ], [ 0.671371063551082, 44.798168155228282 ], [ 0.67135843388736, 44.798167964643923 ], [ 0.671054251126435, 44.798199359149422 ], [ 0.670927686698756, 44.79820644511905 ], [ 0.670775862895161, 44.798213149643118 ], [ 0.670725344208339, 44.798212387024698 ], [ 0.670459585505218, 44.798226367377765 ], [ 0.6702572428933, 44.798232308425469 ], [ 0.670143575826921, 44.798230591967496 ], [ 0.670118316479782, 44.798230210516529 ], [ 0.669979390076662, 44.798228112432696 ], [ 0.669966760404167, 44.798227921689083 ], [ 0.669941233166275, 44.798236532436036 ], [ 0.669953594949402, 44.798245715420961 ], [ 0.66996595673658, 44.798254898404508 ], [ 0.669787801656201, 44.798297189032482 ], [ 0.669711487672396, 44.798314028894147 ], [ 0.669711219741932, 44.798323021132262 ], [ 0.669494907182143, 44.798373731200165 ], [ 0.669456750099892, 44.798382151036677 ], [ 0.669290955947079, 44.798433623905318 ], [ 0.669265428511735, 44.798442234496775 ], [ 0.669239901068551, 44.798450845082399 ], [ 0.669137791217401, 44.798485287366077 ], [ 0.669061208746708, 44.798511119017284 ], [ 0.668831192838285, 44.798597605891018 ], [ 0.668805665257666, 44.798606216376811 ], [ 0.668792767424821, 44.798615017736061 ], [ 0.668780137669206, 44.798614826856749 ], [ 0.668716452709531, 44.798631856912422 ], [ 0.668716184617952, 44.798640849149443 ], [ 0.668690656999982, 44.798649459608832 ], [ 0.668537491127491, 44.798701122241923 ], [ 0.668486435773932, 44.798718343072643 ], [ 0.668460908085392, 44.798726953479218 ], [ 0.668448278305692, 44.798726762561948 ], [ 0.668259636116256, 44.798696921920701 ], [ 0.668108883422803, 44.798667653834372 ], [ 0.668083623892606, 44.798667271917815 ], [ 0.66804600279719, 44.798657706796583 ], [ 0.668008381714611, 44.798648141662589 ], [ 0.667958130886747, 44.798638385542461 ], [ 0.667869990809634, 44.798628056453467 ], [ 0.667844999530193, 44.798618682247351 ], [ 0.667832369776982, 44.798618491259617 ], [ 0.667807378508094, 44.798609117044968 ], [ 0.667732136502409, 44.798589986601868 ], [ 0.667581652645082, 44.798551725562277 ], [ 0.667469058177959, 44.798514037414584 ], [ 0.667318574704028, 44.798475776017369 ], [ 0.667293583584664, 44.798466401686909 ], [ 0.667280953867637, 44.798466210636114 ], [ 0.667268592473659, 44.798457027350878 ], [ 0.66721861027672, 44.798438278661877 ], [ 0.66689453195818, 44.798289434940649 ], [ 0.666655373394026, 44.798258827167814 ], [ 0.666365696450002, 44.798227454263532 ], [ 0.666365964916593, 44.798218462033603 ], [ 0.666353335258582, 44.798218270876617 ], [ 0.666327807470149, 44.798226880788157 ], [ 0.665881741265834, 44.798355072716738 ], [ 0.66585621334269, 44.798363682519785 ], [ 0.66581778716566, 44.798381093327926 ], [ 0.665779629526216, 44.798389511893632 ], [ 0.665766731268194, 44.798398312898748 ], [ 0.665754370137215, 44.798389129444097 ], [ 0.665703851360245, 44.798388364527653 ], [ 0.665665962278422, 44.798387790825153 ], [ 0.665615712091554, 44.798378033639516 ], [ 0.66540154459345, 44.798356797858986 ], [ 0.665363924163981, 44.798347231824671 ], [ 0.665326303747349, 44.798337665777623 ], [ 0.665213442574483, 44.798308967559656 ], [ 0.665175822209204, 44.798299401461421 ], [ 0.665138201856762, 44.798289835350438 ], [ 0.665063229866138, 44.798261710863024 ], [ 0.665025340876465, 44.798261136940631 ], [ 0.664975090914608, 44.798251379463807 ], [ 0.664874053631566, 44.798249848894528 ], [ 0.664583033968274, 44.798263432444351 ], [ 0.664532246559685, 44.798271659217669 ], [ 0.664506987232295, 44.798271276482645 ], [ 0.664494357568728, 44.798271085113008 ], [ 0.664468829470776, 44.798279694594967 ], [ 0.664290670165548, 44.798321976353641 ], [ 0.664265142013145, 44.798330585788705 ], [ 0.664074352707572, 44.798372675802028 ], [ 0.664036194812081, 44.798381093765208 ], [ 0.663946980441109, 44.798406730444739 ], [ 0.663933544176186, 44.798433515685737 ], [ 0.663920645618248, 44.798442316475438 ], [ 0.663725822304706, 44.798619289269404 ], [ 0.663596029050138, 44.798734273540205 ], [ 0.663595760136802, 44.798743265765502 ], [ 0.663557601917228, 44.798751683564753 ], [ 0.663519174760454, 44.798769093576048 ], [ 0.663506276060265, 44.798777894318633 ], [ 0.66349364628599, 44.798777702834492 ], [ 0.663455219091522, 44.79879511282374 ], [ 0.663340206319785, 44.798838350486932 ], [ 0.663186766021613, 44.798898997927793 ], [ 0.663161237436954, 44.798907607109889 ], [ 0.662995166940186, 44.798968062762782 ], [ 0.66291858098008, 44.798993890159323 ], [ 0.662892783283659, 44.79901149150448 ], [ 0.662803567386705, 44.799037127267439 ], [ 0.662675923776313, 44.79908017267887 ], [ 0.662663024872184, 44.799088973324167 ], [ 0.662637496120598, 44.799097582385905 ], [ 0.662548279969916, 44.799123217943617 ], [ 0.662446433883383, 44.799148661825548 ], [ 0.662420905071357, 44.799157270837448 ], [ 0.662268001163136, 44.799199932561599 ], [ 0.662217212566515, 44.799208158273579 ], [ 0.6621916836922, 44.799216767232693 ], [ 0.662051409325115, 44.799259620291117 ], [ 0.661936932882094, 44.799284872054159 ], [ 0.661745869368348, 44.799335950285943 ], [ 0.661529814944718, 44.799377652549182 ], [ 0.661516915792238, 44.799386453061743 ], [ 0.661491386729204, 44.799395061859649 ], [ 0.661478756822785, 44.799394870144972 ], [ 0.661300322434019, 44.799446139323003 ], [ 0.661071368006578, 44.79949664117752 ], [ 0.660982150504763, 44.799522275474409 ], [ 0.660956351957269, 44.799539876371277 ], [ 0.660943722020057, 44.799539684595445 ], [ 0.660918192799232, 44.799548293261438 ], [ 0.660675799503363, 44.799625579184656 ], [ 0.660675260731286, 44.79964356362823 ], [ 0.660611572141434, 44.799660589017144 ], [ 0.660548152919577, 44.799668622147792 ], [ 0.660547883512901, 44.799677614369443 ], [ 0.660292589715965, 44.799763699855319 ], [ 0.660063094113665, 44.799832184069651 ], [ 0.659986236124761, 44.799867001663578 ], [ 0.659973606117175, 44.799866809776752 ], [ 0.659884118010147, 44.799901435411854 ], [ 0.659871487995153, 44.799901243513347 ], [ 0.65947456592041, 44.800075138659345 ], [ 0.659397976809752, 44.800100963719629 ], [ 0.65929585788564, 44.80013539705115 ], [ 0.659257428445887, 44.800152805652601 ], [ 0.659244798376485, 44.800152613681703 ], [ 0.659180839128842, 44.80017863056316 ], [ 0.659167939417699, 44.800187430836068 ], [ 0.659129509902463, 44.80020483939338 ], [ 0.658924192516417, 44.80030967447874 ], [ 0.658911292734748, 44.800318474722189 ], [ 0.658654914570348, 44.800440525766902 ], [ 0.658654644850473, 44.800449518019271 ], [ 0.65862884513391, 44.800467118442789 ], [ 0.65859203363995, 44.800430573301057 ], [ 0.658233803653356, 44.80057806371439 ], [ 0.658195913168163, 44.800577487445985 ], [ 0.658120132200117, 44.800576334870122 ], [ 0.658044351235191, 44.80057518224222 ], [ 0.657817008359135, 44.800571724046506 ], [ 0.657690976648727, 44.800560810373838 ], [ 0.657665716336688, 44.800560426072096 ], [ 0.657514154471737, 44.800558120140472 ], [ 0.657059738928351, 44.800542208848093 ], [ 0.657047108778652, 44.800542016625798 ], [ 0.657009218330073, 44.800541439950052 ], [ 0.656996588180721, 44.800541247721895 ], [ 0.656983958031453, 44.800541055492317 ], [ 0.656971327882275, 44.800540863261304 ], [ 0.656958697733181, 44.800540671028841 ], [ 0.656605053593806, 44.800535287933101 ], [ 0.656415871484125, 44.80052341141846 ], [ 0.656097350605691, 44.801031354022967 ], [ 0.6560839099422, 44.801058138435884 ], [ 0.656035009753201, 44.801003415601429 ], [ 0.656022649648274, 44.800994231013675 ], [ 0.655888039593592, 44.800848239222695 ], [ 0.65571202717883, 44.80081856936112 ], [ 0.65458233862604, 44.800567451353679 ], [ 0.654311697200855, 44.800743253283635 ], [ 0.654311426781997, 44.800752245526731 ], [ 0.65429852617339, 44.800761045233052 ], [ 0.653833560568468, 44.801095818165372 ], [ 0.653795128771297, 44.801113224873063 ], [ 0.653782498504012, 44.801113032277186 ], [ 0.653769597729149, 44.801121831923091 ], [ 0.653655113731768, 44.801147075210999 ], [ 0.653642483457327, 44.801146882599099 ], [ 0.653553530453636, 44.801163518761129 ], [ 0.653540900175837, 44.801163326137633 ], [ 0.653527999351416, 44.8011721257555 ], [ 0.653451676556793, 44.801188954460649 ], [ 0.653439046273606, 44.801188761825486 ], [ 0.653350093142937, 44.8012053978239 ], [ 0.653121394937414, 44.801246891171068 ], [ 0.653070603136888, 44.801255112712667 ], [ 0.653045071918668, 44.801263719595703 ], [ 0.652956389190933, 44.801271363035411 ], [ 0.652905056049347, 44.801297568984729 ], [ 0.652579916521808, 44.801184651485514 ], [ 0.652292669064097, 44.801072311341208 ], [ 0.652255049056408, 44.801062740794272 ], [ 0.651955172651683, 44.800950207005123 ], [ 0.651680016164312, 44.800856042557676 ], [ 0.651480099935743, 44.800781019086273 ], [ 0.651467740627105, 44.800771833989153 ], [ 0.651079998148552, 44.80063996329887 ], [ 0.651080269085838, 44.80063097106396 ], [ 0.651067638936685, 44.800630778157498 ], [ 0.651055008787619, 44.8006305852496 ], [ 0.650779855384849, 44.800536418570253 ], [ 0.650767496245076, 44.800527233395634 ], [ 0.650742235995812, 44.800526847509722 ], [ 0.650630190932516, 44.800471157551634 ], [ 0.650531047215197, 44.800406668217612 ], [ 0.650456621818064, 44.80036054921792 ], [ 0.650392387203305, 44.800395553243582 ], [ 0.650379757109627, 44.800395360258413 ], [ 0.650239199657908, 44.800447190718785 ], [ 0.650136803382629, 44.800490607816933 ], [ 0.650111000969788, 44.800508206250811 ], [ 0.650098370851669, 44.800508013233483 ], [ 0.649956457269765, 44.800604804498285 ], [ 0.649775839274091, 44.800727993122791 ], [ 0.649763209107549, 44.800727800067122 ], [ 0.649466748971034, 44.800921188485667 ], [ 0.649428044732146, 44.80094758590436 ], [ 0.649427773527978, 44.800956578136486 ], [ 0.649324833250024, 44.801017978955983 ], [ 0.649195547290189, 44.801114962370065 ], [ 0.649027013713901, 44.80125632738303 ], [ 0.648962777177722, 44.801291330590651 ], [ 0.648694013881403, 44.801404173178142 ], [ 0.648617417981107, 44.801429990775439 ], [ 0.648617146644412, 44.801438983007415 ], [ 0.648566082663353, 44.801456194709559 ], [ 0.648540550661052, 44.801464800551791 ], [ 0.648464225968603, 44.801481625811483 ], [ 0.648426063605176, 44.801490038421584 ], [ 0.648413161901646, 44.801498837443219 ], [ 0.648324206785261, 44.801515469394722 ], [ 0.648298946107008, 44.801515082949699 ], [ 0.648286315768012, 44.801514889725041 ], [ 0.648209990930886, 44.801531714809343 ], [ 0.648172099903825, 44.801531135100433 ], [ 0.648159469561645, 44.801530941861266 ], [ 0.648159198150914, 44.801539934092538 ], [ 0.648057883973361, 44.801547380357817 ], [ 0.647994732246986, 44.80154641408209 ], [ 0.647994460809722, 44.801555406313042 ], [ 0.647855255537414, 44.801562272609544 ], [ 0.64775394127902, 44.801569718595964 ], [ 0.647703419881787, 44.801568945439158 ], [ 0.647690518046509, 44.801577744376644 ], [ 0.647601834090661, 44.801585383516418 ], [ 0.647589203738214, 44.801585190212002 ], [ 0.647538410818604, 44.801593409209801 ], [ 0.647462357172734, 44.8016012415478 ], [ 0.647449455292132, 44.801610040457284 ], [ 0.647411292688716, 44.801618452717108 ], [ 0.647386031970304, 44.801618066063178 ], [ 0.647385760434933, 44.801627058292944 ], [ 0.647194404064624, 44.801687103809819 ], [ 0.647181773690637, 44.801686910458798 ], [ 0.647143610994608, 44.801695322626379 ], [ 0.64706701398113, 44.801721139151468 ], [ 0.647054112010771, 44.801729938015214 ], [ 0.647028579651252, 44.801738543508868 ], [ 0.646888015725547, 44.801790369733702 ], [ 0.646875385329325, 44.801790176347588 ], [ 0.646721919081781, 44.801850801203933 ], [ 0.64672164743862, 44.801859793432968 ], [ 0.646478952817039, 44.801946040774503 ], [ 0.646325485713031, 44.802006665083972 ], [ 0.646287050956655, 44.802024069185435 ], [ 0.646274420509789, 44.802023875730555 ], [ 0.64627414879392, 44.802032867959184 ], [ 0.646107779025288, 44.802102290740912 ], [ 0.646095148561396, 44.802102097265518 ], [ 0.64592877836511, 44.802171519779677 ], [ 0.645864538842067, 44.802206521198826 ], [ 0.645851908355503, 44.80220632769565 ], [ 0.645736603161884, 44.80225853947028 ], [ 0.645659732913332, 44.802293347253823 ], [ 0.645633928262537, 44.802310944655325 ], [ 0.645569688395203, 44.802345945905081 ], [ 0.645531253170989, 44.802363349746066 ], [ 0.645402773107374, 44.802433352090866 ], [ 0.645389870711361, 44.802442150762865 ], [ 0.645377240173283, 44.802441957205346 ], [ 0.645210324298792, 44.802529363103901 ], [ 0.645171616941481, 44.802555759049099 ], [ 0.645055766565082, 44.802625954577067 ], [ 0.645043135986696, 44.802625760981329 ], [ 0.645030233489826, 44.802634559612038 ], [ 0.644927285304371, 44.802695956376667 ], [ 0.644888305756613, 44.80273134445244 ], [ 0.644772182700833, 44.80281053191645 ], [ 0.64475955208179, 44.802810338288268 ], [ 0.644707941721579, 44.802845532672478 ], [ 0.644656059316579, 44.80288971926106 ], [ 0.644501227626609, 44.802995302201403 ], [ 0.644449344919684, 44.803039488695752 ], [ 0.644449072905763, 44.803048480923771 ], [ 0.644371656719086, 44.803101272279029 ], [ 0.644346123321927, 44.803109877157567 ], [ 0.644268706953287, 44.80316266844202 ], [ 0.644242901464632, 44.803180265525057 ], [ 0.644230270764011, 44.803180071836294 ], [ 0.644229998714221, 44.803189064064377 ], [ 0.644140223476899, 44.803232669342137 ], [ 0.644088884410955, 44.803258871215284 ], [ 0.644075981618227, 44.80326766973689 ], [ 0.643999108951799, 44.803302476379621 ], [ 0.643973575405625, 44.803311081172808 ], [ 0.643960672582744, 44.803319879681112 ], [ 0.64387116903422, 44.803354492514543 ], [ 0.643858266185241, 44.803363291011081 ], [ 0.643730325997845, 44.803415306984185 ], [ 0.643717695245972, 44.803415113236802 ], [ 0.643474717082621, 44.803510346261803 ], [ 0.643474444909878, 44.803519338489231 ], [ 0.64344891118417, 44.803527943161875 ], [ 0.643308339452617, 44.803579764870257 ], [ 0.643295436463275, 44.803588563301858 ], [ 0.643077990686668, 44.803675190823363 ], [ 0.643065087639136, 44.803683989228411 ], [ 0.642988213772654, 44.803718795173694 ], [ 0.642975310700965, 44.803727593568475 ], [ 0.642962679881257, 44.803727399734683 ], [ 0.64284736886079, 44.803779608526824 ], [ 0.642834738029792, 44.803779414678402 ], [ 0.642719426782892, 44.803831623338105 ], [ 0.642617290799152, 44.803866041299862 ], [ 0.642463269576705, 44.803944644746132 ], [ 0.642450638709805, 44.803944450853784 ], [ 0.642322423526508, 44.804005457435643 ], [ 0.642284258520067, 44.804013867932369 ], [ 0.642272989478952, 44.803968712887709 ], [ 0.642273261846845, 44.80395972066146 ], [ 0.642203741347523, 44.803751735964653 ], [ 0.642204013725483, 44.80374274373937 ], [ 0.642169662248976, 44.803625263044637 ], [ 0.642158938147223, 44.803562123546584 ], [ 0.642136128079652, 44.803480805672486 ], [ 0.642127310763955, 44.803354720608887 ], [ 0.642116586761779, 44.803291581113875 ], [ 0.642118221098774, 44.803237627774422 ], [ 0.642118493487969, 44.803228635551307 ], [ 0.642122034539514, 44.803111736653626 ], [ 0.642154105466975, 44.802887318953942 ], [ 0.642090679939384, 44.802895341522678 ], [ 0.642078049310491, 44.802895147587691 ], [ 0.642027254393617, 44.802903364054984 ], [ 0.641836977647263, 44.802927431433496 ], [ 0.641811716376844, 44.80292704350407 ], [ 0.641799085741765, 44.802926849537187 ], [ 0.641786455106774, 44.802926655568839 ], [ 0.641545383139752, 44.802958938778445 ], [ 0.641481957443811, 44.802966960997793 ], [ 0.641431162374312, 44.802975177191115 ], [ 0.641317214059304, 44.802982423265426 ], [ 0.641291680246934, 44.802991027437244 ], [ 0.641253788304066, 44.802990445353764 ], [ 0.641215623828992, 44.802998855477284 ], [ 0.641076141581611, 44.803014705451311 ], [ 0.640987454447563, 44.803022339283189 ], [ 0.640974551221974, 44.803031137441586 ], [ 0.640961920566315, 44.803030943378928 ], [ 0.640949289910743, 44.803030749314814 ], [ 0.640733750947712, 44.803054426660907 ], [ 0.640708489627643, 44.80305403847904 ], [ 0.640682955689068, 44.803062642510334 ], [ 0.640670325027313, 44.803062448414281 ], [ 0.640657694365645, 44.803062254316842 ], [ 0.640645063704065, 44.803062060217904 ], [ 0.640467416490634, 44.803086319336849 ], [ 0.64042925183209, 44.803094729188963 ], [ 0.640403990495948, 44.803094340937349 ], [ 0.640378729160158, 44.803093952680022 ], [ 0.640365825822409, 44.803102750767557 ], [ 0.640289769123261, 44.803110578170241 ], [ 0.639947377345217, 44.803150296942931 ], [ 0.639922115987347, 44.803149908581084 ], [ 0.639858689842502, 44.803157929868611 ], [ 0.63984605916211, 44.803157735678276 ], [ 0.639579723707981, 44.803189626214397 ], [ 0.639566820222628, 44.803198424208951 ], [ 0.639554189534113, 44.803198229985192 ], [ 0.639275223026418, 44.803229925562242 ], [ 0.639173631747761, 44.803246355897123 ], [ 0.639097574686876, 44.803254182479009 ], [ 0.639034148305786, 44.803262203293222 ], [ 0.63902151760473, 44.803262009008556 ], [ 0.639021244717977, 44.803271001224296 ], [ 0.638869130465386, 44.803286654126005 ], [ 0.638640958927028, 44.803310133085823 ], [ 0.638502294086641, 44.803299003165442 ], [ 0.638263129684956, 44.803268333711479 ], [ 0.638250771995722, 44.803259147124713 ], [ 0.638225510600518, 44.803258758374668 ], [ 0.638212879903046, 44.803258563997467 ], [ 0.638175260833766, 44.803248988643567 ], [ 0.638037415371334, 44.803210881498828 ], [ 0.638012153999387, 44.803210492699954 ], [ 0.637849047389305, 44.803171996515964 ], [ 0.637710109951633, 44.803169857813636 ], [ 0.63768484860047, 44.803169468939863 ], [ 0.63758407631644, 44.803158921175111 ], [ 0.637571445643721, 44.803158726724568 ], [ 0.637546184298543, 44.803158337819092 ], [ 0.637483304070381, 44.803148373318479 ], [ 0.637470673400391, 44.803148178856375 ], [ 0.637319924845638, 44.803118868565029 ], [ 0.637307567344154, 44.803109681873202 ], [ 0.637219425896823, 44.803099328256607 ], [ 0.637081581453433, 44.803061219920529 ], [ 0.636943737197692, 44.803023111412848 ], [ 0.636792989255539, 44.802993800403343 ], [ 0.636730382599545, 44.802974843265218 ], [ 0.636517301656536, 44.802917582497706 ], [ 0.636467325789277, 44.802898819782094 ], [ 0.636454695179114, 44.802898625203774 ], [ 0.636304494470494, 44.802851329112556 ], [ 0.636305861074788, 44.802806368074911 ], [ 0.63614357685478, 44.802740892755246 ], [ 0.636130946281368, 44.802740698139878 ], [ 0.636080970701469, 44.802721935250702 ], [ 0.635856081006429, 44.802637501971148 ], [ 0.635793748468043, 44.802609552098843 ], [ 0.635781117925478, 44.802609357443437 ], [ 0.635643822519016, 44.802553262908795 ], [ 0.635631191989669, 44.802553068236271 ], [ 0.635169059002548, 44.802375012471998 ], [ 0.635118537053139, 44.802374233555881 ], [ 0.635054837579466, 44.802391244283832 ], [ 0.634745687304218, 44.802584398580578 ], [ 0.634681440317101, 44.802619393500549 ], [ 0.634630097387383, 44.802645590969391 ], [ 0.634579028006941, 44.802662796211962 ], [ 0.634578754409619, 44.802671788414671 ], [ 0.634451080800478, 44.802714801418198 ], [ 0.634450807182354, 44.802723793620785 ], [ 0.63434866813723, 44.802758203917776 ], [ 0.634169650842379, 44.802827413913725 ], [ 0.634054333476923, 44.802879613503762 ], [ 0.634041702879485, 44.802879418649319 ], [ 0.633633417555273, 44.803008065567461 ], [ 0.633620786930324, 44.803007870664885 ], [ 0.633620513177416, 44.803016862866571 ], [ 0.6334167804438, 44.803067697436454 ], [ 0.633315187740623, 44.80308412237963 ], [ 0.633302557099624, 44.803083927440639 ], [ 0.633175976869807, 44.803090970172342 ], [ 0.633150441756967, 44.803099572461996 ], [ 0.633137537282131, 44.803108369705058 ], [ 0.633074657894825, 44.803098402693372 ], [ 0.633049396608147, 44.80309801275893 ], [ 0.633036765964939, 44.80309781778957 ], [ 0.632732261074448, 44.803138099090596 ], [ 0.632516718224529, 44.803161760396385 ], [ 0.632098536641491, 44.803200284625838 ], [ 0.631857731949355, 44.803223554488078 ], [ 0.631489798054335, 44.803271849019936 ], [ 0.631477167377347, 44.803271653872123 ], [ 0.63102054386225, 44.80332757296361 ], [ 0.631007913174327, 44.80332737776213 ], [ 0.630995282486492, 44.80332718255918 ], [ 0.630995008310345, 44.803336174755685 ], [ 0.63036100542782, 44.803407342520387 ], [ 0.630348374724201, 44.803407147243455 ], [ 0.630348100443765, 44.803416139438703 ], [ 0.630056496929062, 44.803447616447514 ], [ 0.629752262368761, 44.803478897341492 ], [ 0.629625406402664, 44.803494928197935 ], [ 0.629346707240168, 44.803517606498993 ], [ 0.629067733365178, 44.803549276289445 ], [ 0.62889035410697, 44.803564524593511 ], [ 0.628826925912611, 44.803572539545108 ], [ 0.62862455959664, 44.803578404323822 ], [ 0.628574036652576, 44.803577622412639 ], [ 0.62856140591678, 44.803577426931248 ], [ 0.628182209254837, 44.803580554007702 ], [ 0.628169578519749, 44.803580358481433 ], [ 0.627488892658242, 44.803524836974894 ], [ 0.627289548869541, 44.803431785232149 ], [ 0.627276918171132, 44.803431589603797 ], [ 0.626953192081755, 44.803273635584588 ], [ 0.626766205863112, 44.80318977075769 ], [ 0.626766480717716, 44.803180778572035 ], [ 0.626491905442765, 44.803068566880654 ], [ 0.626479549729176, 44.803059378976556 ], [ 0.626404590797353, 44.803031228075938 ], [ 0.626392235106332, 44.803022040162162 ], [ 0.626229961855907, 44.80295655026093 ], [ 0.626192619984931, 44.802937978641104 ], [ 0.625954288822475, 44.802880305975002 ], [ 0.62594110828186, 44.80289809455892 ], [ 0.625815902576184, 44.802860167938867 ], [ 0.625715683129455, 44.802831624977358 ], [ 0.625665435929605, 44.802821849553368 ], [ 0.625652805374473, 44.802821653739208 ], [ 0.625615463784909, 44.802803081925113 ], [ 0.625602558194549, 44.802811878286612 ], [ 0.625577572133001, 44.802802494461147 ], [ 0.625565216628173, 44.802793306455648 ], [ 0.625539955531575, 44.80279291480295 ], [ 0.62551469443533, 44.80279252314444 ], [ 0.62550206388734, 44.802792327313036 ], [ 0.625489433339438, 44.80279213148016 ], [ 0.625476527731802, 44.802800927826944 ], [ 0.62543781088456, 44.802827316858362 ], [ 0.625437535818301, 44.802836309039414 ], [ 0.625384812990295, 44.802907463118729 ], [ 0.625371632262355, 44.802925251634967 ], [ 0.625318909266841, 44.802996405685505 ], [ 0.625279366932264, 44.803049771208329 ], [ 0.625253280431122, 44.803076356034744 ], [ 0.625253005334, 44.803085348216321 ], [ 0.625214013081169, 44.803120729354184 ], [ 0.625187926515934, 44.803147314166004 ], [ 0.625174745668975, 44.803165102660586 ], [ 0.625136028427662, 44.80319149159029 ], [ 0.625123397790994, 44.803191295715564 ], [ 0.625110492033841, 44.803200092021058 ], [ 0.625007245830624, 44.803270462411795 ], [ 0.624994064897267, 44.803288250885757 ], [ 0.624955347485637, 44.803314639753552 ], [ 0.624929260707232, 44.803341224506426 ], [ 0.6249026235944, 44.80338579361716 ], [ 0.624889992914715, 44.80338559771571 ], [ 0.624875986439158, 44.803430362722317 ], [ 0.624875711279701, 44.803439354904349 ], [ 0.624874610640987, 44.803475323632654 ], [ 0.624861429617261, 44.803493112092312 ], [ 0.624861154455158, 44.803502104274493 ], [ 0.624835342711105, 44.80351969682507 ], [ 0.624835067544681, 44.803528689007301 ], [ 0.624822436832996, 44.803528493098113 ], [ 0.624796625064613, 44.803546085639823 ], [ 0.624770538103004, 44.803572670357852 ], [ 0.624756806664611, 44.803608443170489 ], [ 0.624756531485136, 44.803617435352898 ], [ 0.624756256305575, 44.803626427535299 ], [ 0.624755430766357, 44.803653404082723 ], [ 0.624754605226343, 44.803680380630468 ], [ 0.624754330046163, 44.803689372813096 ], [ 0.624715612244149, 44.803715761601381 ], [ 0.624715337057531, 44.803724753784088 ], [ 0.624663988451358, 44.803750946631737 ], [ 0.624650807295823, 44.803768735068346 ], [ 0.624649706506146, 44.803804703799457 ], [ 0.624649431308506, 44.803813695982306 ], [ 0.624649156110778, 44.803822688165191 ], [ 0.624647229724201, 44.803885633446399 ], [ 0.624646679327242, 44.80390361781275 ], [ 0.624646404128629, 44.803912609995955 ], [ 0.624646128929927, 44.803921602179237 ], [ 0.624606034889746, 44.803992951849025 ], [ 0.624592578451039, 44.804019732463992 ], [ 0.624592303243166, 44.804028724647537 ], [ 0.624565940747374, 44.804064301506408 ], [ 0.624565665535003, 44.804073293690031 ], [ 0.624526121721883, 44.804126658967611 ], [ 0.624500034361316, 44.804153243628342 ], [ 0.624473396520459, 44.804197812650898 ], [ 0.624447309101702, 44.804224397299997 ], [ 0.62444703386949, 44.804233389483954 ], [ 0.624446208172328, 44.804260366035983 ], [ 0.624432751592896, 44.804287146634579 ], [ 0.624431925888058, 44.804314123187112 ], [ 0.624430274475995, 44.804368076293102 ], [ 0.624429173532849, 44.804404045031113 ], [ 0.624351736597351, 44.804456822382534 ], [ 0.624338830427242, 44.804465618602613 ], [ 0.624313018074855, 44.804483211038338 ], [ 0.624312742819801, 44.804492203222978 ], [ 0.624300111892579, 44.804492007254019 ], [ 0.624299010863374, 44.804527975992599 ], [ 0.624298735605852, 44.804536968177338 ], [ 0.624297084058862, 44.804590921286419 ], [ 0.624309439752276, 44.804600109440706 ], [ 0.624332499636005, 44.804672438856713 ], [ 0.624331949130208, 44.804690423227456 ], [ 0.624330572864169, 44.804735384154903 ], [ 0.624330022357134, 44.804753368526136 ], [ 0.624316840859487, 44.804771156930443 ], [ 0.624316565603633, 44.804780149116105 ], [ 0.624303108837254, 44.804806929704796 ], [ 0.624290202578797, 44.804815725920513 ], [ 0.62430200780378, 44.804842898448165 ], [ 0.62430173254519, 44.804851890634112 ], [ 0.624301182027745, 44.804869875006069 ], [ 0.62431326252648, 44.804888055347 ], [ 0.624337423547481, 44.804924416025422 ], [ 0.624350054572389, 44.804924611990103 ], [ 0.62441100776669, 44.804997529284833 ], [ 0.624422537848556, 44.805033693988513 ], [ 0.624422262608386, 44.805042686175476 ], [ 0.624421712127781, 44.805060670549437 ], [ 0.624408530586913, 44.805078458967003 ], [ 0.62436981166128, 44.805104847649737 ], [ 0.624369536412292, 44.805113839836821 ], [ 0.62435663009352, 44.805122636061441 ], [ 0.624343173263987, 44.805149416658864 ], [ 0.62430307795842, 44.805220766255736 ], [ 0.624289896342167, 44.805238554660356 ], [ 0.624276439452849, 44.805265335250965 ], [ 0.624238270877697, 44.80527373951471 ], [ 0.624237995606751, 44.8052827317021 ], [ 0.624212458121129, 44.805291331932985 ], [ 0.62417428951865, 44.805299736174682 ], [ 0.624136396192146, 44.805299148215951 ], [ 0.624136120904712, 44.805308140403213 ], [ 0.624097676985622, 44.805325536805761 ], [ 0.624084219983452, 44.805352317373945 ], [ 0.624071313564878, 44.805361113566157 ], [ 0.624044399505339, 44.805414674695562 ], [ 0.624044124202563, 44.80542366688303 ], [ 0.624031493066134, 44.805423470883312 ], [ 0.624005404866432, 44.805450055441895 ], [ 0.623992498412944, 44.805458851625239 ], [ 0.623966410178239, 44.805485436175012 ], [ 0.623966134862588, 44.805494428362522 ], [ 0.6239532283927, 44.805503224541461 ], [ 0.623952953074844, 44.805512216728985 ], [ 0.623952127120744, 44.805539193291878 ], [ 0.623964207650549, 44.80555737367613 ], [ 0.62396393233419, 44.805566365863946 ], [ 0.623963657017743, 44.805575358051748 ], [ 0.623988644046265, 44.805584742253139 ], [ 0.624013906391677, 44.805585134260888 ], [ 0.624013631083163, 44.805594126448909 ], [ 0.62402626225803, 44.805594322450645 ], [ 0.624038893432986, 44.805594518450931 ], [ 0.624051524608029, 44.805594714449782 ], [ 0.62405124930551, 44.805603706637925 ], [ 0.624063605182091, 44.805612894823575 ], [ 0.624050148094552, 44.805639675390871 ], [ 0.62402405980296, 44.805666259956276 ], [ 0.623998246798106, 44.805683852327462 ], [ 0.623972158461286, 44.805710436881121 ], [ 0.623946070099688, 44.805737021428882 ], [ 0.623919155739618, 44.805790582536318 ], [ 0.623906249194077, 44.80579937871088 ], [ 0.623905698540271, 44.805817363088025 ], [ 0.623904321904208, 44.805862324031516 ], [ 0.623891140010203, 44.805880112393396 ], [ 0.623852144950259, 44.805915493092641 ], [ 0.623775531426158, 44.805941293507161 ], [ 0.6237499935691, 44.805949893633581 ], [ 0.62369919319234, 44.805958101680162 ], [ 0.623686561936545, 44.805957905641002 ], [ 0.623635761543217, 44.805966113658393 ], [ 0.623610774403635, 44.80595672937573 ], [ 0.623572880638374, 44.805956141223554 ], [ 0.623560249383466, 44.805955945169927 ], [ 0.623560524766578, 44.805946952981657 ], [ 0.623497919289736, 44.805927988315943 ], [ 0.623447669698182, 44.80591821187064 ], [ 0.623384513469497, 44.80591723151656 ], [ 0.623371882224025, 44.805917035441375 ], [ 0.623320806400183, 44.805934235501475 ], [ 0.623257374723954, 44.805942247262273 ], [ 0.62319366758756, 44.805959251174052 ], [ 0.623129684960058, 44.805985247236542 ], [ 0.623065702273137, 44.806011243262205 ], [ 0.623027257538641, 44.806028639297473 ], [ 0.623001719526798, 44.806037239251182 ], [ 0.622975906029656, 44.806054831386199 ], [ 0.622962999275001, 44.80606362745155 ], [ 0.622872651878859, 44.806125199867409 ], [ 0.622860020588259, 44.806125003733726 ], [ 0.622834207006126, 44.806142595836292 ], [ 0.622821300208975, 44.8061513918854 ], [ 0.622808668912647, 44.806151195745805 ], [ 0.622795762109501, 44.806159991791937 ], [ 0.622655164657273, 44.806211787266385 ], [ 0.6226425333479, 44.806211591107797 ], [ 0.622552736453619, 44.80625517889144 ], [ 0.622539829586291, 44.806263974908056 ], [ 0.622526922714908, 44.806272770923236 ], [ 0.622424218732893, 44.806325154617355 ], [ 0.622411311829243, 44.806333950619212 ], [ 0.622385773583517, 44.806342550431644 ], [ 0.622360235329945, 44.806351150238157 ], [ 0.622347328410249, 44.806359946232654 ], [ 0.622347052830245, 44.806368938419517 ], [ 0.622270162399514, 44.806403729981703 ], [ 0.622055153811886, 44.806409386526354 ], [ 0.622029615477041, 44.806417986256683 ], [ 0.621953551712672, 44.806425801040035 ], [ 0.621928289002365, 44.806425408560827 ], [ 0.621890119283854, 44.806433812017197 ], [ 0.621864580912518, 44.806442411709455 ], [ 0.621839318195338, 44.806442019209868 ], [ 0.621737440295222, 44.806467425710949 ], [ 0.621724533250872, 44.806476221633105 ], [ 0.621609748166158, 44.806510423937503 ], [ 0.621597116793072, 44.806510227659302 ], [ 0.621545764173297, 44.806536419088516 ], [ 0.621520225702261, 44.806545018701534 ], [ 0.621443334515884, 44.806579809690703 ], [ 0.621379350366456, 44.80660580474607 ], [ 0.621289551856439, 44.806649391510014 ], [ 0.621199753206597, 44.806692978201781 ], [ 0.621148400233298, 44.806719169448314 ], [ 0.621109678636331, 44.806745557006629 ], [ 0.621019603896877, 44.806798135739207 ], [ 0.620968526546548, 44.806815334717911 ], [ 0.620968250742841, 44.806824326903111 ], [ 0.620955619301184, 44.80682413055149 ], [ 0.620917724976742, 44.806823541488029 ], [ 0.620844694566105, 44.806732441474558 ], [ 0.620832338970738, 44.806723252924293 ], [ 0.620819983379425, 44.806714064372663 ], [ 0.620645074545549, 44.80664836979394 ], [ 0.620645350400295, 44.806639377610182 ], [ 0.620620363461503, 44.806629992647977 ], [ 0.620520139915526, 44.806601444926223 ], [ 0.620332048601952, 44.806553537817663 ], [ 0.620243628955501, 44.806552162816558 ], [ 0.620129946559303, 44.806550394853957 ], [ 0.62006678967563, 44.806549412601889 ], [ 0.620054158299161, 44.806549216147189 ], [ 0.620015988214947, 44.806557618956127 ], [ 0.619914385248901, 44.806574031594572 ], [ 0.619812506235057, 44.806599436321171 ], [ 0.619761428695193, 44.806616634740067 ], [ 0.619646642123354, 44.806650835006025 ], [ 0.619506040525151, 44.806702626482085 ], [ 0.619455238843248, 44.806710832578915 ], [ 0.619442331384228, 44.8067196282353 ], [ 0.619403885037463, 44.806737023014463 ], [ 0.619391253620992, 44.806736826483856 ], [ 0.619301729424251, 44.806771419452836 ], [ 0.619058971284516, 44.806857606707574 ], [ 0.618956815239369, 44.806892002828661 ], [ 0.618944183789502, 44.806891806246909 ], [ 0.618905737169723, 44.806909200853973 ], [ 0.61879094947532, 44.806943400234793 ], [ 0.61873987130783, 44.806960598183743 ], [ 0.618701424577331, 44.806977992720213 ], [ 0.618637714878707, 44.806994994011234 ], [ 0.618433954067856, 44.807045801024387 ], [ 0.618421046371159, 44.807054596562644 ], [ 0.618420770157104, 44.807063588742537 ], [ 0.61842049394296, 44.807072580922437 ], [ 0.618390811462332, 44.807216062516716 ], [ 0.618390535242624, 44.807225054697142 ], [ 0.61838998280294, 44.807243039058051 ], [ 0.618389706582966, 44.807252031238512 ], [ 0.618375693942516, 44.807296795494757 ], [ 0.618375417719981, 44.807305787675439 ], [ 0.618347116139344, 44.80740430836638 ], [ 0.618346839911688, 44.80741330054736 ], [ 0.618290236441516, 44.807610341920274 ], [ 0.618246540472599, 44.807798587761326 ], [ 0.618217409663397, 44.807924084987427 ], [ 0.618216857161198, 44.807942069352727 ], [ 0.618189660004025, 44.808004621297691 ], [ 0.61818883123603, 44.808031597846437 ], [ 0.618175647015243, 44.808049385542759 ], [ 0.618174541981183, 44.808085354275001 ], [ 0.618173989463622, 44.80810333864131 ], [ 0.618159976437598, 44.808148102886229 ], [ 0.618146792180204, 44.808165890579978 ], [ 0.61810475292269, 44.8083001833051 ], [ 0.61810420038059, 44.808318167672716 ], [ 0.6180772791906, 44.808371727415889 ], [ 0.618064371132155, 44.808380522917425 ], [ 0.617996515311559, 44.808532406613281 ], [ 0.617996239022021, 44.808541398797679 ], [ 0.617995962732394, 44.808550390982091 ], [ 0.617982502036226, 44.80857717084379 ], [ 0.617981949452116, 44.808595155212856 ], [ 0.617980844282831, 44.808631123951422 ], [ 0.617980567990289, 44.808640116136154 ], [ 0.617980291697657, 44.808649108320907 ], [ 0.618003068782525, 44.808730431368382 ], [ 0.617990436921206, 44.80873023467754 ], [ 0.617887724186231, 44.808782614208191 ], [ 0.617618585958655, 44.808904373703811 ], [ 0.617426343650766, 44.808991344374441 ], [ 0.617323629908949, 44.809043723386345 ], [ 0.617259641030615, 44.809069716082426 ], [ 0.617234100745577, 44.80907831471368 ], [ 0.617157203416255, 44.809113102756591 ], [ 0.617144295042318, 44.809121898153414 ], [ 0.617028948838993, 44.809174080105123 ], [ 0.616683185443226, 44.809321633060243 ], [ 0.616259968654955, 44.809521956734343 ], [ 0.616247336621165, 44.80952175984401 ], [ 0.616234428010054, 44.80953055513605 ], [ 0.616221519394886, 44.809539350426604 ], [ 0.616195425568528, 44.809565933187116 ], [ 0.616182793525043, 44.809565736289407 ], [ 0.616182516939073, 44.80957472847323 ], [ 0.616143514433967, 44.809610106506668 ], [ 0.616130882380698, 44.809609909603033 ], [ 0.61607897115443, 44.809654082893026 ], [ 0.616078694551349, 44.809663075076948 ], [ 0.616014151159824, 44.809707051426486 ], [ 0.615884234167527, 44.809821980566817 ], [ 0.615908391843048, 44.809858343165729 ], [ 0.615958090407355, 44.809886107426671 ], [ 0.61595781378371, 44.80989509961114 ], [ 0.615982524778378, 44.809913477825773 ], [ 0.615968786169151, 44.809949249642358 ], [ 0.615942968658198, 44.809966840163021 ], [ 0.61591742776164, 44.809975438493112 ], [ 0.615866622583805, 44.809983642951018 ], [ 0.615816094038011, 44.809982855201049 ], [ 0.615752656700697, 44.809990862665487 ], [ 0.615740024562887, 44.809990665717116 ], [ 0.615726839102643, 44.810008453135943 ], [ 0.615712546979081, 44.810062209291168 ], [ 0.615710333664938, 44.810134146768384 ], [ 0.615710057000271, 44.810143138953201 ], [ 0.615709780335512, 44.810152131138025 ], [ 0.615708950340709, 44.810179107692726 ], [ 0.615669393772063, 44.810232469938093 ], [ 0.615669117100334, 44.810241462123109 ], [ 0.615654824861854, 44.810295218276138 ], [ 0.615654548187474, 44.810304210461439 ], [ 0.615654271513005, 44.810313202646711 ], [ 0.61564136262622, 44.810321997872414 ], [ 0.615627070340528, 44.810375754023674 ], [ 0.615626793661291, 44.810384746209181 ], [ 0.615626516981965, 44.810393738394701 ], [ 0.615609734522716, 44.810528424218468 ], [ 0.615609457839941, 44.810537416404529 ], [ 0.615608904474121, 44.810555400776742 ], [ 0.615608627791079, 44.810564392962867 ], [ 0.615606691007288, 44.81062733826672 ], [ 0.615606414323534, 44.81063633045315 ], [ 0.615606137639691, 44.810645322639559 ], [ 0.615618769924752, 44.810645519603263 ], [ 0.615618493242848, 44.81065451178975 ], [ 0.615616833149557, 44.810708464909432 ], [ 0.615565750571693, 44.810725661418395 ], [ 0.615553118268735, 44.810725464448616 ], [ 0.615502035655787, 44.81074266092827 ], [ 0.61543859741255, 44.810750668215015 ], [ 0.615425688391003, 44.810759463417121 ], [ 0.615400423770906, 44.810759069444117 ], [ 0.615362250117805, 44.810767470660103 ], [ 0.615349617806127, 44.810767273667096 ], [ 0.615298811826458, 44.810775477866677 ], [ 0.615285902777229, 44.810784273052576 ], [ 0.615248005831898, 44.810783682042917 ], [ 0.615235096772795, 44.810792477222904 ], [ 0.615171658434925, 44.810800484356498 ], [ 0.615133761479826, 44.810799893307667 ], [ 0.61513403824031, 44.810790901121827 ], [ 0.615121405924149, 44.810790704102644 ], [ 0.615083508976202, 44.810790113036546 ], [ 0.615070876660396, 44.810789916011636 ], [ 0.615058244344681, 44.810789718985269 ], [ 0.615008268643971, 44.81077094649438 ], [ 0.614995636332756, 44.810770749460836 ], [ 0.61498300402163, 44.810770552425886 ], [ 0.61492011926203, 44.810760575044107 ], [ 0.614907486953464, 44.810760378000502 ], [ 0.614844602218753, 44.810750400575735 ], [ 0.614831969912751, 44.81075020352349 ], [ 0.614819337606837, 44.810750006469803 ], [ 0.614794072995276, 44.810749612358102 ], [ 0.61478144068963, 44.810749415300016 ], [ 0.614693291383617, 44.81073904366874 ], [ 0.614640824296698, 44.810801200673652 ], [ 0.614614729131577, 44.810827783074998 ], [ 0.614563092432178, 44.810862963490699 ], [ 0.614536997201356, 44.810889545874403 ], [ 0.614524088006137, 44.810898340971669 ], [ 0.614497162150092, 44.810951899901049 ], [ 0.614483976068536, 44.810969687178797 ], [ 0.614470789978602, 44.810987474455104 ], [ 0.614470513110608, 44.81099646664007 ], [ 0.614444140901188, 44.811032041188454 ], [ 0.614443033410677, 44.811068009928917 ], [ 0.614441925918742, 44.811103978669912 ], [ 0.614428462908402, 44.811130758127582 ], [ 0.614428186032901, 44.811139750312961 ], [ 0.61442790915731, 44.811148742498411 ], [ 0.614415276762887, 44.811148545398481 ], [ 0.61439001197431, 44.81114815119426 ], [ 0.614377379580153, 44.811147954089975 ], [ 0.614351837904262, 44.811156552062393 ], [ 0.614339205508343, 44.811156354953752 ], [ 0.614300754528939, 44.811173747989585 ], [ 0.614274659028675, 44.811200330314797 ], [ 0.614262026623151, 44.811200133197367 ], [ 0.61424911731311, 44.811208928263667 ], [ 0.614223021771926, 44.81123551057707 ], [ 0.614170553697544, 44.811297667371697 ], [ 0.614131825644661, 44.811324052535234 ], [ 0.614131548720555, 44.811333044720648 ], [ 0.614118639359363, 44.811341839772226 ], [ 0.614105729994117, 44.811350634822297 ], [ 0.614067278808727, 44.811368027778258 ], [ 0.614054369429372, 44.811376822822446 ], [ 0.614003285761676, 44.811394018613662 ], [ 0.614003008816575, 44.811403010799026 ], [ 0.613990376366272, 44.811402813650425 ], [ 0.613938184832636, 44.811455978153596 ], [ 0.613831585680217, 44.811634244574904 ], [ 0.613712076313238, 44.811821305912574 ], [ 0.613579933562096, 44.812008169940206 ], [ 0.613567300976723, 44.812007972743253 ], [ 0.613553560310108, 44.812043744291216 ], [ 0.613474440353022, 44.812150467309678 ], [ 0.613355205744358, 44.812328536114521 ], [ 0.613342573087482, 44.812328338891859 ], [ 0.613342018975682, 44.812346323266354 ], [ 0.613329386314839, 44.812346126042186 ], [ 0.613222506452549, 44.812533384130688 ], [ 0.613222229376392, 44.812542376318376 ], [ 0.613209596671728, 44.812542179080502 ], [ 0.613129366987818, 44.812684870626896 ], [ 0.613089806189548, 44.812738232005167 ], [ 0.613089529091059, 44.81274722419333 ], [ 0.613034564372169, 44.812890310185026 ], [ 0.613021100258953, 44.812917089491386 ], [ 0.613020823148542, 44.812926081680047 ], [ 0.612912555502873, 44.81315830046173 ], [ 0.612911724115482, 44.813185277029675 ], [ 0.612898814135494, 44.813194071945553 ], [ 0.612830384178426, 44.813363937157469 ], [ 0.612816919853613, 44.813390716444246 ], [ 0.612816642708057, 44.813399708634172 ], [ 0.612801792627479, 44.813471448870146 ], [ 0.612801515479094, 44.813480441060307 ], [ 0.612800684033406, 44.813507417631072 ], [ 0.612783339537259, 44.813660087584189 ], [ 0.612770706581908, 44.813659890296073 ], [ 0.612770152273197, 44.813677874677751 ], [ 0.612769875118706, 44.813686866868622 ], [ 0.612753361956757, 44.813812560254235 ], [ 0.612781283406466, 44.814136871032623 ], [ 0.612776848916177, 44.814280746118605 ], [ 0.612775740290043, 44.814316714891383 ], [ 0.612775463133287, 44.814325707084677 ], [ 0.612782275969054, 44.814514740439506 ], [ 0.612781998812367, 44.814523732633546 ], [ 0.612777009976767, 44.81468559213193 ], [ 0.612785762966598, 44.814811680148132 ], [ 0.612773129751349, 44.814811482860293 ], [ 0.612782159910879, 44.814928578687834 ], [ 0.612780774116209, 44.814973539666127 ], [ 0.612778279680193, 44.8150544694291 ], [ 0.612777448199918, 44.815081446017381 ], [ 0.612783983974224, 44.815279471628394 ], [ 0.61280426179191, 44.815441725750738 ], [ 0.61280232168581, 44.815504671134391 ], [ 0.612802044527439, 44.815513663332197 ], [ 0.612818719447281, 44.815792816049928 ], [ 0.612817333660572, 44.815837777044834 ], [ 0.612817056502963, 44.815846769243947 ], [ 0.612826641234756, 44.815945880719177 ], [ 0.612826364078107, 44.815954872918695 ], [ 0.61280818741245, 44.816134519631937 ], [ 0.612806801608818, 44.81617948063311 ], [ 0.612806524447826, 44.816188472833446 ], [ 0.612805970125571, 44.816206457234202 ], [ 0.612792505105329, 44.816233236549948 ], [ 0.612792227941772, 44.816242228750461 ], [ 0.612766129362221, 44.816268810776265 ], [ 0.6127268428592, 44.816313179904263 ], [ 0.612700467036693, 44.816348754116113 ], [ 0.612687556293899, 44.816357549019173 ], [ 0.612674645547048, 44.81636634392072 ], [ 0.612635358903059, 44.81641071301803 ], [ 0.61255706263089, 44.816490458972368 ], [ 0.61254415183288, 44.816499253859178 ], [ 0.612518053015683, 44.816525835829303 ], [ 0.612414211951532, 44.81661417924893 ], [ 0.612152666972176, 44.816897982794544 ], [ 0.612139756016632, 44.816906777635666 ], [ 0.6120620129137, 44.816968538852528 ], [ 0.612086725751864, 44.816986917992587 ], [ 0.612559322031209, 44.817237206386849 ], [ 0.612646372407008, 44.817283548562685 ], [ 0.612745502357453, 44.817348072372226 ], [ 0.612795483171452, 44.817366845937116 ], [ 0.613417198405941, 44.817700427881483 ], [ 0.613653363487417, 44.817830065620839 ], [ 0.613765129481071, 44.817894785716184 ], [ 0.613914243538638, 44.817978081600067 ], [ 0.613913966546645, 44.81798707380986 ], [ 0.613926600482635, 44.817987270967201 ], [ 0.614050724086803, 44.81806118014358 ], [ 0.614161660142574, 44.818152876475629 ], [ 0.614238848692993, 44.818109098172485 ], [ 0.615019010176172, 44.81863407011955 ], [ 0.615118145253421, 44.818698591833744 ], [ 0.615142859858891, 44.818716970302503 ], [ 0.615155217167711, 44.818726159534869 ], [ 0.615328219917225, 44.818854808646435 ], [ 0.615501223461995, 44.818983457493538 ], [ 0.615538295753625, 44.819011025069251 ], [ 0.615674227802024, 44.819112106076247 ], [ 0.615810160341378, 44.819213186920052 ], [ 0.615909297356285, 44.819277707938902 ], [ 0.615909020678367, 44.819286700158443 ], [ 0.615995800350589, 44.81934203195123 ], [ 0.616044954065735, 44.81938778072027 ], [ 0.616131457386046, 44.819452104629178 ], [ 0.616131180742957, 44.819461096849921 ], [ 0.616192968960319, 44.819507042458959 ], [ 0.616192692326841, 44.819516034680035 ], [ 0.616254480655339, 44.81956198025572 ], [ 0.616266838333212, 44.819571169366782 ], [ 0.616340707875366, 44.81963529622687 ], [ 0.616414577586781, 44.819699423039168 ], [ 0.616426935321281, 44.819708612132885 ], [ 0.616648268987718, 44.819909984482841 ], [ 0.616721862863246, 44.819983103320659 ], [ 0.616807814806852, 44.820065411163945 ], [ 0.616930840751855, 44.820175286064114 ], [ 0.616930564233615, 44.820184278289503 ], [ 0.617041232714187, 44.820284964032503 ], [ 0.617127462078528, 44.820358279410655 ], [ 0.617176341131195, 44.820413019921538 ], [ 0.617188975626252, 44.820413216705681 ], [ 0.617237854787053, 44.820467957190587 ], [ 0.617250489294726, 44.820468153967681 ], [ 0.617250212826393, 44.820477146194939 ], [ 0.617274928917245, 44.820495524199657 ], [ 0.617311726625231, 44.820532083424226 ], [ 0.61734852438129, 44.820568642637106 ], [ 0.617459194373682, 44.820669327976802 ], [ 0.617458917937884, 44.820678320205353 ], [ 0.617495992316291, 44.820705887142566 ], [ 0.617545148455333, 44.820751635268962 ], [ 0.617581946508195, 44.820788194407292 ], [ 0.617606662845323, 44.820806572340054 ], [ 0.617619297430728, 44.820806769074935 ], [ 0.617644013788322, 44.820825146999475 ], [ 0.617643737381447, 44.820834139229078 ], [ 0.61765609556827, 44.820843328189397 ], [ 0.617680535552947, 44.820870698335725 ], [ 0.617717610167928, 44.820898265200668 ], [ 0.617729691987565, 44.820916446383045 ], [ 0.61767777153662, 44.820960620635518 ], [ 0.617484105743199, 44.821092553008953 ], [ 0.617289886105384, 44.821242469510636 ], [ 0.617042361501745, 44.821481520796027 ], [ 0.617016262497673, 44.82150810388427 ], [ 0.616729448375238, 44.821791525236485 ], [ 0.616729171816653, 44.821800517467402 ], [ 0.616637962439569, 44.821889061888562 ], [ 0.616585487060008, 44.821951220108339 ], [ 0.616585210477507, 44.821960212339476 ], [ 0.616572575635364, 44.821960015486233 ], [ 0.616506635474336, 44.822048953509977 ], [ 0.616414595507843, 44.8221644744511 ], [ 0.616204414619178, 44.822422099026824 ], [ 0.616164573217381, 44.822484453956015 ], [ 0.616059343503555, 44.822617762186063 ], [ 0.616045878497485, 44.822644541969716 ], [ 0.616019501800854, 44.822680117068032 ], [ 0.61583597081641, 44.822893173663203 ], [ 0.615835694108832, 44.822902165896032 ], [ 0.615796405382996, 44.822946536238902 ], [ 0.615717551017184, 44.823044269118284 ], [ 0.615652715172705, 44.823097237739397 ], [ 0.615600237566185, 44.82315939552285 ], [ 0.615548313353854, 44.823203568816353 ], [ 0.615548036598525, 44.823212561049615 ], [ 0.61540517537372, 44.823336285543633 ], [ 0.615392263444073, 44.823345080788769 ], [ 0.615327426943276, 44.823398049225759 ], [ 0.615108199965142, 44.823538575808257 ], [ 0.615095287942158, 44.823547371019458 ], [ 0.614914796053668, 44.823661511587545 ], [ 0.614734303429, 44.823775651866313 ], [ 0.614502438206176, 44.823915980204212 ], [ 0.614321666963468, 44.82403911205494 ], [ 0.614296119395984, 44.824047710062331 ], [ 0.614089522620095, 44.824188431775873 ], [ 0.613895837199167, 44.824320358038982 ], [ 0.613870289437886, 44.824328955948928 ], [ 0.613844187599374, 44.824355538319736 ], [ 0.613740334101362, 44.824443883277148 ], [ 0.613636203206415, 44.824541220373796 ], [ 0.613428494536815, 44.824717909817117 ], [ 0.613415304872267, 44.824735697070118 ], [ 0.613324639710214, 44.824806254397316 ], [ 0.613298814514707, 44.82482384441073 ], [ 0.613285624783979, 44.824841631649015 ], [ 0.613039730165144, 44.825026720921571 ], [ 0.612910048691647, 44.825132655072665 ], [ 0.612896858764587, 44.825150442266832 ], [ 0.612832017810653, 44.82520340927973 ], [ 0.612676232684112, 44.825335925300706 ], [ 0.612624304144661, 44.82538009726057 ], [ 0.612585288375708, 44.825415474273491 ], [ 0.612468795295983, 44.82550362076428 ], [ 0.612261356664747, 44.825671315850201 ], [ 0.612235253435993, 44.825697897855903 ], [ 0.612170411221652, 44.82575086449274 ], [ 0.612093210513775, 44.82579464149245 ], [ 0.611951721793389, 44.825873400481569 ], [ 0.611913259960829, 44.825890792795661 ], [ 0.611900346893086, 44.825899587642176 ], [ 0.611810787413576, 44.825934174823587 ], [ 0.611554744055916, 44.826038133364108 ], [ 0.611516281986782, 44.826055525541193 ], [ 0.611503646237949, 44.826055328108005 ], [ 0.61119650373256, 44.826176480544689 ], [ 0.611055290277243, 44.826246246164587 ], [ 0.61100419211582, 44.826263440678957 ], [ 0.610914076469863, 44.826316011606082 ], [ 0.610708295464043, 44.826429750429782 ], [ 0.610669832862732, 44.826447142315033 ], [ 0.610348107289303, 44.826631040520368 ], [ 0.610309644437724, 44.826648432281722 ], [ 0.609975002936068, 44.826841124078783 ], [ 0.609834063972788, 44.826901895924074 ], [ 0.609795600775318, 44.826919287508524 ], [ 0.609718396598107, 44.826963062870455 ], [ 0.609667297371478, 44.826980256771691 ], [ 0.609577457049102, 44.82702383439149 ], [ 0.609257113500699, 44.827162768297676 ], [ 0.609218649944651, 44.827180159683138 ], [ 0.608988145935882, 44.827275515485184 ], [ 0.60893704619962, 44.827292709050951 ], [ 0.608885668585837, 44.827318894825403 ], [ 0.62068120189727, 44.82524471234322 ], [ 0.630845941873596, 44.823557940440388 ], [ 0.637553500037409, 44.822887673367667 ], [ 0.644009945473257, 44.822573010837672 ], [ 0.648684929660095, 44.822644586390076 ], [ 0.653527886286213, 44.823015407632568 ], [ 0.657352791536044, 44.823613439227884 ], [ 0.661167270716941, 44.824562040053131 ], [ 0.66489531080577, 44.825869056018107 ], [ 0.667609139962217, 44.827277571116333 ], [ 0.670400842803031, 44.829047050673836 ], [ 0.673173459783501, 44.831463913833467 ], [ 0.676075085002558, 44.835079172396512 ], [ 0.679901849674271, 44.841623086676869 ], [ 0.68421957317254, 44.852123670720331 ], [ 0.685467932627012, 44.852250296083206 ], [ 0.705265570385838, 44.855567281696807 ], [ 0.714983722505993, 44.858031488857272 ], [ 0.722886946776812, 44.860297395749363 ], [ 0.747718546453748, 44.869590829455142 ], [ 0.758374538019911, 44.874385724299025 ], [ 0.763049076432313, 44.876872434654956 ], [ 0.766912266386018, 44.879428386642473 ], [ 0.771158189735069, 44.883240122533742 ], [ 0.776509735359116, 44.890530921638202 ], [ 0.783476367328556, 44.901694640924589 ], [ 0.792305127757188, 44.918416791326784 ], [ 0.795970013163523, 44.928768895969675 ], [ 0.797215599498994, 44.928147492951943 ], [ 0.798011886274302, 44.927744737533502 ], [ 0.798024545599066, 44.927744913688649 ], [ 0.798062771454733, 44.927736449103591 ], [ 0.799041255412502, 44.927615112705027 ], [ 0.799193662397543, 44.927599238969556 ], [ 0.799434932003433, 44.927575603966552 ], [ 0.799511383043665, 44.927558673809266 ], [ 0.799524289975623, 44.927549856748165 ], [ 0.79969505111928, 44.92732731828535 ], [ 0.799733771655453, 44.927300867035477 ], [ 0.799746678492691, 44.927292049949223 ], [ 0.799759337720284, 44.927292225905788 ], [ 0.799837521424693, 44.927212344215519 ], [ 0.79987624181363, 44.927185892916818 ], [ 0.799889396185938, 44.927168082770081 ], [ 0.800385790620514, 44.92661719973848 ], [ 0.800501702035966, 44.926546838582631 ], [ 0.80063051964996, 44.926467660153058 ], [ 0.800643426137127, 44.926458842997633 ], [ 0.800668991644406, 44.926450201725373 ], [ 0.80068165066868, 44.926450377608546 ], [ 0.800707216166148, 44.92644173632744 ], [ 0.80085986671313, 44.92641686764712 ], [ 0.800923409214096, 44.926408753895728 ], [ 0.800936068229759, 44.926408929749769 ], [ 0.80102492873886, 44.926401167643775 ], [ 0.801126448235984, 44.926393581298655 ], [ 0.801443912899587, 44.926362004455719 ], [ 0.801697587625416, 44.926347533979602 ], [ 0.801736059202619, 44.926330075181184 ], [ 0.802579214925948, 44.926062887853121 ], [ 0.803090266866634, 44.925899045404513 ], [ 0.803141149547391, 44.925890754772524 ], [ 0.803154055503697, 44.925881937325578 ], [ 0.8035231396577, 44.92581508471536 ], [ 0.803561116324941, 44.925815611380152 ], [ 0.803701104999102, 44.925790563228666 ], [ 0.803739081651314, 44.925791089832387 ], [ 0.804132247778659, 44.925769551493545 ], [ 0.80415756553989, 44.925769902465476 ], [ 0.804398084287501, 44.925773236409775 ], [ 0.804790262887559, 44.92578766793136 ], [ 0.804878875096578, 44.925788895780776 ], [ 0.804916851758781, 44.92578942198022 ], [ 0.805030781749695, 44.925791000500361 ], [ 0.805043440637974, 44.925791175884243 ], [ 0.805105994872923, 44.925819031936562 ], [ 0.805577580615618, 44.925708610174716 ], [ 0.80581982552589, 44.92564898966188 ], [ 0.805985623659125, 44.925606303099919 ], [ 0.806750330624195, 44.925427962865761 ], [ 0.806775894711494, 44.925419320184098 ], [ 0.80709532192733, 44.925315782693815 ], [ 0.807389184062977, 44.925220887112815 ], [ 0.807414501595435, 44.925221237339088 ], [ 0.807283139394789, 44.924931533285971 ], [ 0.80722329536065, 44.924804754886821 ], [ 0.807163451598796, 44.924677976461815 ], [ 0.807104840148306, 44.924506232751078 ], [ 0.807069328473366, 44.92441577678747 ], [ 0.807035049004105, 44.924280355560605 ], [ 0.807012442538282, 44.924181081690243 ], [ 0.806978902629325, 44.924018681308453 ], [ 0.806981366883183, 44.923928750810873 ], [ 0.806970186972616, 44.92387461735246 ], [ 0.806970679825562, 44.923856631253756 ], [ 0.806985556096485, 44.923775868971994 ], [ 0.807053530121419, 44.92360587682515 ], [ 0.807106874151424, 44.923507653888443 ], [ 0.807133176498294, 44.923472031984332 ], [ 0.807224495297999, 44.923374334418853 ], [ 0.807290250756859, 44.923285279581876 ], [ 0.807316552881559, 44.923249657636966 ], [ 0.807341869518029, 44.923250007878494 ], [ 0.80740540746416, 44.923241890408747 ], [ 0.807443382414528, 44.923242415738358 ], [ 0.807507166674282, 44.92322530516185 ], [ 0.80774989132073, 44.92314769436797 ], [ 0.807813675377963, 44.923130583615091 ], [ 0.807902529701422, 44.923122815987654 ], [ 0.807991630258472, 44.923106055239636 ], [ 0.808029605121806, 44.923106580367893 ], [ 0.808285725426212, 44.923002164293095 ], [ 0.808324438833998, 44.922975710171492 ], [ 0.80852918652883, 44.922897572645745 ], [ 0.808606120615185, 44.922862650320148 ], [ 0.80861902500553, 44.922853832244094 ], [ 0.809066984860119, 44.922680094401436 ], [ 0.809745248473611, 44.922419571674183 ], [ 0.810282545677223, 44.922220073650514 ], [ 0.810473646359788, 44.92217772996495 ], [ 0.810779652651879, 44.922100986329674 ], [ 0.810906724904019, 44.922084747407752 ], [ 0.811084920838056, 44.92205122100826 ], [ 0.811122895011738, 44.922051745073702 ], [ 0.811275528884859, 44.922026862044767 ], [ 0.811326406812277, 44.922018567655044 ], [ 0.811389451363631, 44.922028434005703 ], [ 0.811427916922748, 44.922010971859066 ], [ 0.81155793691575, 44.921886815547033 ], [ 0.811766360728249, 44.921673776255339 ], [ 0.81179241359277, 44.921647146317369 ], [ 0.81213109856581, 44.921300956587444 ], [ 0.812209256038964, 44.921221066508345 ], [ 0.812222159479072, 44.921212248016509 ], [ 0.81240428043592, 44.921034830657717 ], [ 0.81249534047951, 44.92094612186991 ], [ 0.812508243810691, 44.920937303345461 ], [ 0.812647970711786, 44.92092123695371 ], [ 0.812673531817155, 44.920912592920729 ], [ 0.812686189621333, 44.920912767428526 ], [ 0.812877038534712, 44.920879412658039 ], [ 0.812965888563141, 44.920871640965522 ], [ 0.813118518381329, 44.920846755400341 ], [ 0.813423777608781, 44.920796983638432 ], [ 0.813614625684215, 44.92076362759596 ], [ 0.813665502110256, 44.920755332132714 ], [ 0.813830789063903, 44.920730619979416 ], [ 0.813894323192382, 44.92072249878629 ], [ 0.814174265537665, 44.920672376213787 ], [ 0.814212484044591, 44.920663906161693 ], [ 0.814225141797102, 44.920664080493331 ], [ 0.814238044789268, 44.920655261767656 ], [ 0.814340042465766, 44.920629677188579 ], [ 0.814442040048616, 44.920604092515624 ], [ 0.814518722069748, 44.92057815915711 ], [ 0.814582255924174, 44.920570037569043 ], [ 0.814722226467493, 44.920544975501549 ], [ 0.814747787078559, 44.920536330989968 ], [ 0.814913072902779, 44.92051161722037 ], [ 0.815027482609719, 44.920495199316584 ], [ 0.815116576822739, 44.920478432839673 ], [ 0.8152180836113, 44.920470833566512 ], [ 0.815230741323107, 44.920471007783014 ], [ 0.81530693266186, 44.920463059993885 ], [ 0.815332248082577, 44.920463408405119 ], [ 0.815370221214247, 44.920463931011071 ], [ 0.815446167479725, 44.920464976183951 ], [ 0.815534526430222, 44.920475188544692 ], [ 0.815648445857141, 44.920476756115285 ], [ 0.815673516279099, 44.920486097507037 ], [ 0.815812506182389, 44.920497006294859 ], [ 0.815951006215144, 44.92052590102714 ], [ 0.815976321668433, 44.920526249291022 ], [ 0.81607733854258, 44.920536635348483 ], [ 0.816153284920393, 44.920537680036048 ], [ 0.816165942650307, 44.920537854145564 ], [ 0.816494798780915, 44.920551373545834 ], [ 0.816558087452155, 44.920552243883648 ], [ 0.816583402921204, 44.92055259200864 ], [ 0.816735295742138, 44.920554680636869 ], [ 0.816887433386042, 44.920547775994763 ], [ 0.816912748855119, 44.920548124044423 ], [ 0.816976527123538, 44.920531008019033 ], [ 0.817230660782334, 44.920498515800396 ], [ 0.817268633955719, 44.92049903775478 ], [ 0.81752301200705, 44.920457551802009 ], [ 0.817586545286138, 44.92044942848824 ], [ 0.817713367110987, 44.920442174814738 ], [ 0.81772602482408, 44.920442348745709 ], [ 0.817814873479376, 44.920434573158488 ], [ 0.817840188902823, 44.920434920995817 ], [ 0.817916135175059, 44.920435964472979 ], [ 0.81797942373743, 44.920436833997492 ], [ 0.818169289436388, 44.920439442353768 ], [ 0.818257893435317, 44.920440659475226 ], [ 0.818346742013715, 44.92043288346072 ], [ 0.818448492837895, 44.92041628815808 ], [ 0.818715527334108, 44.920374973309883 ], [ 0.818778815839687, 44.920375842376956 ], [ 0.818867664242069, 44.920368065944089 ], [ 0.819058263129723, 44.920343693576406 ], [ 0.819096480668913, 44.920335221836886 ], [ 0.819480854947554, 44.920169566114325 ], [ 0.819519072303101, 44.920161094229208 ], [ 0.8195319743411, 44.920152274886618 ], [ 0.819583093702926, 44.920134983635386 ], [ 0.819595995724748, 44.920126164285506 ], [ 0.819800961484972, 44.920039012887187 ], [ 0.819941661296599, 44.919986965015681 ], [ 0.824422742965085, 44.918168110481609 ], [ 0.825651952647961, 44.917663129206808 ], [ 0.825677510241892, 44.917654482175976 ], [ 0.82563978231461, 44.917644970037969 ], [ 0.825501527827652, 44.917607094398114 ], [ 0.825451386288099, 44.917588416083454 ], [ 0.825438729199107, 44.917588243037315 ], [ 0.825287574466663, 44.917559187155625 ], [ 0.825060477444336, 44.917529092553274 ], [ 0.825047820370031, 44.917528919462427 ], [ 0.82497236491328, 44.917509894745415 ], [ 0.824568800075155, 44.917450396379955 ], [ 0.824455373737407, 44.917430851865689 ], [ 0.824354604524616, 44.917411480406919 ], [ 0.824152822683903, 44.917381730283019 ], [ 0.824089781130073, 44.917371871227161 ], [ 0.824014326212971, 44.91735284585851 ], [ 0.82397659877374, 44.91734333315496 ], [ 0.823964185400573, 44.91733416687245 ], [ 0.823926701644096, 44.917315661084331 ], [ 0.823876804563998, 44.917287988991532 ], [ 0.823839564542965, 44.917260490107033 ], [ 0.82382690753345, 44.917260316876593 ], [ 0.823802080877416, 44.917241984277297 ], [ 0.823702530719561, 44.917177646892505 ], [ 0.823553084053323, 44.917085637183746 ], [ 0.82357888542465, 44.917067997573966 ], [ 0.824179133759487, 44.916410479083034 ], [ 0.824283555102382, 44.916294954715461 ], [ 0.824283798701813, 44.91628596165063 ], [ 0.824583916270431, 44.915957200970354 ], [ 0.82460996033838, 44.915930568062386 ], [ 0.82462334767751, 44.915903762009698 ], [ 0.824636247922291, 44.915894942084222 ], [ 0.824636491463065, 44.915885949019916 ], [ 0.824649391701644, 44.915877129092948 ], [ 0.825017414112554, 44.915378364749301 ], [ 0.825030314173373, 44.915369544779416 ], [ 0.825083131707105, 44.915289299568357 ], [ 0.825201666294258, 44.915119989088431 ], [ 0.82529391345988, 44.914986304620427 ], [ 0.825480110260207, 44.914655984037836 ], [ 0.825493010080615, 44.914647164016195 ], [ 0.825493496874702, 44.914629177892181 ], [ 0.825519539887474, 44.91460254478249 ], [ 0.825533169860499, 44.914566745570724 ], [ 0.825599129053192, 44.914468687047517 ], [ 0.825612272188479, 44.914450873950905 ], [ 0.825732750239949, 44.914209618465115 ], [ 0.825968593570246, 44.913915961430213 ], [ 0.826008022205661, 44.913862522014881 ], [ 0.82613945044434, 44.913684390536183 ], [ 0.826152106649013, 44.913684563500816 ], [ 0.826152349935547, 44.91367557044056 ], [ 0.82616549270701, 44.913657757283254 ], [ 0.826178392187934, 44.913648937184654 ], [ 0.826191291664774, 44.913640117084633 ], [ 0.826321015984871, 44.913524936822235 ], [ 0.826359714249345, 44.913498476468881 ], [ 0.826372613662672, 44.913489656348098 ], [ 0.82654127855414, 44.91333902240337 ], [ 0.826554177901831, 44.913330202261925 ], [ 0.826760323723433, 44.913198072857327 ], [ 0.826773223003844, 44.9131892526907 ], [ 0.827082561375629, 44.912986561308401 ], [ 0.827095217424777, 44.912986734164875 ], [ 0.827237108163833, 44.912889711827845 ], [ 0.827250007297434, 44.912880891606513 ], [ 0.827456149807808, 44.912748760924124 ], [ 0.827778139202768, 44.912546240438814 ], [ 0.827791281188368, 44.912528427095189 ], [ 0.827817079108884, 44.912510786523853 ], [ 0.827829978063018, 44.912501966235979 ], [ 0.828063616373231, 44.912289242440629 ], [ 0.828180191906786, 44.912191873423566 ], [ 0.82818043485959, 44.912182880363666 ], [ 0.828219374255969, 44.912147426311449 ], [ 0.828232030118111, 44.912147599037588 ], [ 0.82832329338052, 44.912049884420703 ], [ 0.828388273013467, 44.911987796558577 ], [ 0.828427455053268, 44.91194334937591 ], [ 0.828440353779502, 44.911934529018495 ], [ 0.828440596689207, 44.911925535958858 ], [ 0.828595381060166, 44.911819691554697 ], [ 0.82859562394436, 44.911810698495117 ], [ 0.828853839388979, 44.911625297622031 ], [ 0.828854082230626, 44.911616304562479 ], [ 0.828879879392628, 44.911598663748563 ], [ 0.828905676538301, 44.911581022928786 ], [ 0.829127136787961, 44.911350138187082 ], [ 0.82917897346431, 44.911305863369947 ], [ 0.829400916990743, 44.911056991985163 ], [ 0.829110748716626, 44.910081426652617 ], [ 0.829110991510094, 44.910072433597819 ], [ 0.82902895953558, 44.909828412731748 ], [ 0.829017032620102, 44.909801260936625 ], [ 0.828982708818919, 44.909665847226691 ], [ 0.828935972733649, 44.909521267817624 ], [ 0.828925260033551, 44.909449150754746 ], [ 0.828889965368984, 44.909349709241937 ], [ 0.828856613477435, 44.909178323312581 ], [ 0.828789910309575, 44.908835551458694 ], [ 0.828756073344157, 44.908682151632235 ], [ 0.828757530410532, 44.908628193338402 ], [ 0.828758987474084, 44.908574235045677 ], [ 0.828747546649281, 44.908529097138086 ], [ 0.828747789494581, 44.90852010408959 ], [ 0.828766974025625, 44.907809653355891 ], [ 0.828770130926905, 44.907692743759924 ], [ 0.828770373764917, 44.907683750714313 ], [ 0.828728253930708, 44.907368303480204 ], [ 0.828707315615399, 44.907206083350047 ], [ 0.828635003892458, 44.906602340778655 ], [ 0.828635732457399, 44.906575361654241 ], [ 0.828624049286067, 44.90653921681087 ], [ 0.828603354444599, 44.90636800367345 ], [ 0.828403480851846, 44.904862885219508 ], [ 0.828403723736675, 44.904853892184676 ], [ 0.828444358018189, 44.904755486905678 ], [ 0.828457497954246, 44.904737673534363 ], [ 0.828579399829501, 44.904442457616803 ], [ 0.828592782501041, 44.904415651197731 ], [ 0.828593025353379, 44.904406658163964 ], [ 0.828619790653296, 44.904353045321891 ], [ 0.828633416129381, 44.904317245865293 ], [ 0.828647770116737, 44.904254467307354 ], [ 0.828648012959502, 44.904245474274035 ], [ 0.828677692181613, 44.904083945026038 ], [ 0.828720025228129, 44.903922588447621 ], [ 0.828862375681463, 44.903807578272541 ], [ 0.82891396275688, 44.9037722967335 ], [ 0.829056555200603, 44.903648293282437 ], [ 0.829082834151136, 44.903612666407199 ], [ 0.829293307280851, 44.903318658165446 ], [ 0.829306932071604, 44.903282858639493 ], [ 0.829321527763768, 44.903211086986992 ], [ 0.829348291789067, 44.90315747399206 ], [ 0.829374570321791, 44.903121847053832 ], [ 0.829440509216258, 44.903023786652049 ], [ 0.829505719782907, 44.902952705306724 ], [ 0.8295059624816, 44.902943712275913 ], [ 0.829518858954903, 44.902934891820927 ], [ 0.829755362614958, 44.902614248829387 ], [ 0.829794536976699, 44.902569801315387 ], [ 0.829807918614401, 44.9025429947676 ], [ 0.829808161262561, 44.902534001737521 ], [ 0.829800117916906, 44.902362961629905 ], [ 0.829804485580349, 44.902201087104913 ], [ 0.829979172506632, 44.90182562282736 ], [ 0.829979415124044, 44.901816629799356 ], [ 0.830074297436158, 44.901584018695708 ], [ 0.830086950906029, 44.901584191206055 ], [ 0.830101059956407, 44.901530405550893 ], [ 0.830000317522441, 44.901511039386939 ], [ 0.82996259978243, 44.901501528795109 ], [ 0.83003411568134, 44.901196628497097 ], [ 0.830145288842878, 44.900829294528357 ], [ 0.830208555337631, 44.900830157023641 ], [ 0.830716341223654, 44.90030629474996 ], [ 0.83083215964921, 44.900235902429152 ], [ 0.830845055286309, 44.900227081827879 ], [ 0.831077176056327, 44.900068310751585 ], [ 0.831154549352534, 44.900015386953079 ], [ 0.831309295991627, 44.899909539312581 ], [ 0.831347740157172, 44.899892070390251 ], [ 0.831347982600704, 44.899883077379016 ], [ 0.831399079819002, 44.899865780802777 ], [ 0.831463557359415, 44.899821677521174 ], [ 0.831476210432711, 44.899821849871756 ], [ 0.831489348347147, 44.899804036198191 ], [ 0.831502001416538, 44.899804208545824 ], [ 0.831528034798283, 44.899777574202709 ], [ 0.83167109676004, 44.899635581716502 ], [ 0.831761849368712, 44.899555850873256 ], [ 0.831878392425083, 44.899458478546592 ], [ 0.832227776863759, 44.899175353862461 ], [ 0.832279600037031, 44.89913107785226 ], [ 0.832292737533919, 44.899113264088065 ], [ 0.83229297982235, 44.899104271077427 ], [ 0.832306117308694, 44.899086457311839 ], [ 0.83230635959486, 44.89907746430125 ], [ 0.832306601880946, 44.899068471290754 ], [ 0.83232022392213, 44.899032671502916 ], [ 0.832360847664481, 44.898934265142344 ], [ 0.832361089941199, 44.898925272132239 ], [ 0.832414608652966, 44.898818044994002 ], [ 0.832441367932005, 44.898764431416915 ], [ 0.83244161019506, 44.898755438407207 ], [ 0.83246861167679, 44.898692831815268 ], [ 0.832548162290853, 44.898558970064066 ], [ 0.832561784053725, 44.898523170253561 ], [ 0.832574679077708, 44.898514349469153 ], [ 0.832628439219441, 44.898398129235893 ], [ 0.832667850836447, 44.898344687829862 ], [ 0.832813570458712, 44.898103770855506 ], [ 0.832826465346486, 44.898094950043173 ], [ 0.832879255805667, 44.898014701738468 ], [ 0.832892392849991, 44.897996887910772 ], [ 0.832919151279381, 44.897943274235146 ], [ 0.83293180393282, 44.897943446418971 ], [ 0.832932288294261, 44.897925460403201 ], [ 0.832932530474866, 44.897916467395348 ], [ 0.832948573614151, 44.897790737470629 ], [ 0.83296219493426, 44.897754937621485 ], [ 0.832975816236957, 44.89771913777119 ], [ 0.832976300582326, 44.89770115175682 ], [ 0.833030543436977, 44.897566945351386 ], [ 0.833043438166995, 44.897558124515641 ], [ 0.833043680328164, 44.897549131508818 ], [ 0.83307140702462, 44.897459545779611 ], [ 0.833098407177672, 44.897396939065537 ], [ 0.833112754753929, 44.897334160184762 ], [ 0.83311348120091, 44.897307181166369 ], [ 0.833102281594685, 44.897253050967592 ], [ 0.833103250195827, 44.897217078944344 ], [ 0.833103492345918, 44.897208085938644 ], [ 0.833103734495932, 44.897199092932915 ], [ 0.833080851060828, 44.897108818548624 ], [ 0.833033147130817, 44.897000213812959 ], [ 0.833020979014934, 44.89698205563127 ], [ 0.832961349411381, 44.896846299683745 ], [ 0.832949665698422, 44.89681015548728 ], [ 0.832925813964651, 44.896755853099556 ], [ 0.832913645936648, 44.896737694907856 ], [ 0.83288930990431, 44.896701378520724 ], [ 0.832766177008583, 44.896573754528568 ], [ 0.832753766868511, 44.896564589323219 ], [ 0.8327413567325, 44.896555424116492 ], [ 0.832728704393184, 44.896555251911067 ], [ 0.832728946600549, 44.896546258908479 ], [ 0.832716536472661, 44.89653709369906 ], [ 0.832666411567384, 44.896518418852409 ], [ 0.832641591348469, 44.896500088418357 ], [ 0.832628939021961, 44.896499916201492 ], [ 0.832542068398449, 44.896435759629661 ], [ 0.832529658325621, 44.896426594399685 ], [ 0.832480018074921, 44.896389933466175 ], [ 0.832467608022397, 44.896380768229413 ], [ 0.832206997857585, 44.896188297943077 ], [ 0.832219650112407, 44.896188470208223 ], [ 0.83223254465278, 44.896179649471719 ], [ 0.832270985970383, 44.896162180253619 ], [ 0.83228388049662, 44.896153359511267 ], [ 0.832399446533636, 44.896091958763883 ], [ 0.832412098767287, 44.896092131007009 ], [ 0.832565863429584, 44.896022253807715 ], [ 0.832578515648002, 44.896022426031806 ], [ 0.832616956749803, 44.896004956694419 ], [ 0.832629851185366, 44.895996135912249 ], [ 0.832719385501943, 44.895961369396886 ], [ 0.832719627708234, 44.895952376396473 ], [ 0.832809161899142, 44.895917609809018 ], [ 0.832847602857076, 44.895900140392214 ], [ 0.832975577767227, 44.895847904240867 ], [ 0.833116446749444, 44.89578684710424 ], [ 0.833180676110979, 44.89575173589175 ], [ 0.833206222556725, 44.895743087196912 ], [ 0.833309376702874, 44.895672520355518 ], [ 0.833360953678479, 44.895637236899439 ], [ 0.833361195780363, 44.895628243898713 ], [ 0.833451213229438, 44.895575490794606 ], [ 0.833554366758295, 44.895504923729241 ], [ 0.833605943425257, 44.895469640161153 ], [ 0.833876477843146, 44.895293394042746 ], [ 0.83388912990096, 44.895293566116798 ], [ 0.833938286086503, 44.895348212403867 ], [ 0.83396262221105, 44.895384528540866 ], [ 0.833987442367959, 44.895402858670316 ], [ 0.833999852452505, 44.895412023733023 ], [ 0.834025156622563, 44.895412367851392 ], [ 0.834037808707706, 44.895412539908449 ], [ 0.834038292692114, 44.895394553905668 ], [ 0.834076974893585, 44.895368091063624 ], [ 0.834090352919851, 44.895341284110629 ], [ 0.834129277037113, 44.89530582824969 ], [ 0.834155065105983, 44.895288186335883 ], [ 0.834257007437788, 44.895262583628316 ], [ 0.834384011833648, 44.895246317864803 ], [ 0.834396905816299, 44.89523749687914 ], [ 0.834435345812302, 44.895220026914906 ], [ 0.834447997855262, 44.895220198924989 ], [ 0.834473785784327, 44.895202556937434 ], [ 0.834512951477418, 44.895158107941739 ], [ 0.834551875199892, 44.89512265193455 ], [ 0.834603692786549, 44.895078374904877 ], [ 0.834680088632054, 44.895061420824717 ], [ 0.834692740639941, 44.895061592806762 ], [ 0.834807334316095, 44.895036161574652 ], [ 0.834833122047256, 44.895018519504561 ], [ 0.83483336391011, 44.895009526502719 ], [ 0.83484625776749, 44.895000705465478 ], [ 0.834846499628156, 44.8949917124637 ], [ 0.834847708930325, 44.89494674745535 ], [ 0.83484819265065, 44.894928761452256 ], [ 0.834848434510695, 44.894919768450727 ], [ 0.8348615702029, 44.894901954410535 ], [ 0.834874947742348, 44.894875147367472 ], [ 0.834965688077806, 44.894795414042264 ], [ 0.834978581865063, 44.894786592990314 ], [ 0.834991475648257, 44.894777771936887 ], [ 0.835004611261672, 44.894759957880638 ], [ 0.835068838262147, 44.894724845585309 ], [ 0.835094867587148, 44.894698210455033 ], [ 0.835158852651182, 44.894672091109378 ], [ 0.835210185739908, 44.894645799805595 ], [ 0.835236214960965, 44.894619164642869 ], [ 0.835250317635789, 44.894565378553906 ], [ 0.835263453117079, 44.894547564468439 ], [ 0.835289240479642, 44.894529922295291 ], [ 0.835314786042589, 44.894521273117327 ], [ 0.835365393594386, 44.894521960746232 ], [ 0.835378287255751, 44.894513139648573 ], [ 0.835530109895165, 44.894515202378592 ], [ 0.835542761782287, 44.894515374263378 ], [ 0.83561891484122, 44.89450741253976 ], [ 0.835682657718768, 44.894490285894541 ], [ 0.83572085508298, 44.894481808490248 ], [ 0.835733506963146, 44.89448198035317 ], [ 0.835797249776715, 44.894464853642042 ], [ 0.835811351873973, 44.894411067484725 ], [ 0.835836897302097, 44.894402418186559 ], [ 0.835837139001136, 44.894393425184703 ], [ 0.83588774644384, 44.894394112574481 ], [ 0.835976309471561, 44.894395315450879 ], [ 0.835988961332974, 44.894395487284605 ], [ 0.836001613194465, 44.894395659116832 ], [ 0.83610282808919, 44.894397033722669 ], [ 0.836191632768257, 44.894389243424207 ], [ 0.8362295883506, 44.894389758847012 ], [ 0.836255133704425, 44.894381109452276 ], [ 0.836267785563485, 44.894381281254098 ], [ 0.836268027193254, 44.894372288251375 ], [ 0.83630646601193, 44.89435481764248 ], [ 0.836332011337951, 44.894346168230093 ], [ 0.836344421572002, 44.894355333025892 ], [ 0.836357073425515, 44.894355504817426 ], [ 0.836369483665736, 44.894364669610454 ], [ 0.836382135521434, 44.894364841399145 ], [ 0.836394545767823, 44.894374006189373 ], [ 0.836406956018274, 44.89438317097823 ], [ 0.836419124667228, 44.894401328768865 ], [ 0.836431776531358, 44.894401500551901 ], [ 0.836444186793993, 44.89441066533665 ], [ 0.836456838660308, 44.89441083711683 ], [ 0.836482383988657, 44.894402187669534 ], [ 0.836508170900384, 44.894384545213079 ], [ 0.836597941810408, 44.894340782575576 ], [ 0.836700605981512, 44.894288198614881 ], [ 0.836738803053857, 44.894279720859572 ], [ 0.836764348278872, 44.894271071347518 ], [ 0.836852186524343, 44.89429925253279 ], [ 0.836864596833109, 44.894308417270011 ], [ 0.836914721160357, 44.894327090197365 ], [ 0.836927373009239, 44.894327261923713 ], [ 0.83694026637981, 44.894318440644561 ], [ 0.83695315974632, 44.894309619363945 ], [ 0.836940990944175, 44.894291461632747 ], [ 0.836941232465473, 44.894282468628887 ], [ 0.836929063673093, 44.894264310896524 ], [ 0.83690424305807, 44.894245981435496 ], [ 0.836904726112, 44.894227995428224 ], [ 0.836917860988028, 44.894210181148509 ], [ 0.83691810251269, 44.89420118814494 ], [ 0.8369309958557, 44.894192366867337 ], [ 0.836995704021776, 44.894139267453625 ], [ 0.837008597338313, 44.894130446167189 ], [ 0.837021732158432, 44.894112631875821 ], [ 0.837021973665997, 44.894103638872345 ], [ 0.8370482432768, 44.894068010285331 ], [ 0.837087164636995, 44.894032553400571 ], [ 0.837099816419881, 44.894032725107117 ], [ 0.83713873772291, 44.8939972682047 ], [ 0.837138979211193, 44.893988275201444 ], [ 0.837139462187527, 44.893970289194947 ], [ 0.837127534888632, 44.893943138483593 ], [ 0.837078859819739, 44.893870507638702 ], [ 0.837079584311555, 44.893843528630697 ], [ 0.83707982580867, 44.893834535628066 ], [ 0.83708006730571, 44.893825542625493 ], [ 0.837092719041818, 44.893825714332863 ], [ 0.837105853763727, 44.8938079000336 ], [ 0.837287324367503, 44.893648429715419 ], [ 0.837533259359161, 44.893444852397529 ], [ 0.837546152431207, 44.893436031050754 ], [ 0.83762399359374, 44.893365116934952 ], [ 0.837650021071923, 44.893338481217214 ], [ 0.837676048525354, 44.893311845493649 ], [ 0.837676289924417, 44.893302852491601 ], [ 0.837702558743497, 44.89326722376024 ], [ 0.837716900101883, 44.893204444383208 ], [ 0.837798844162976, 44.892980649129434 ], [ 0.8377990855409, 44.892971656128296 ], [ 0.837894645874573, 44.8927120604477 ], [ 0.837962971670533, 44.892524065498627 ], [ 0.837963213020138, 44.892515072498739 ], [ 0.837976105810471, 44.892506251105054 ], [ 0.837989481287287, 44.892479443710208 ], [ 0.838041776384849, 44.892417179115526 ], [ 0.838055151808972, 44.892390371713681 ], [ 0.838068044556123, 44.892381550309679 ], [ 0.838094071366154, 44.892354914497659 ], [ 0.838094312693983, 44.892345921498077 ], [ 0.838022748372343, 44.89218301793678 ], [ 0.838010338344965, 44.892173853337276 ], [ 0.83798696636761, 44.89210156614277 ], [ 0.83796262906031, 44.892065250938217 ], [ 0.837950701768051, 44.892038100335967 ], [ 0.837913954540377, 44.891992620514678 ], [ 0.837901544572978, 44.891983455903599 ], [ 0.83788937596873, 44.891965298293371 ], [ 0.837852387473809, 44.891928811450526 ], [ 0.837839977530622, 44.891919646832783 ], [ 0.83782780896019, 44.891901489216288 ], [ 0.837828533065819, 44.89187451022422 ], [ 0.837842391194583, 44.891829716859448 ], [ 0.837855766573847, 44.891802909487886 ], [ 0.837869141940309, 44.891776102115038 ], [ 0.837882034575375, 44.891767280734868 ], [ 0.837907819833325, 44.891749637970058 ], [ 0.837946256340918, 44.891732166808808 ], [ 0.838086868228886, 44.891680096433952 ], [ 0.838099760807569, 44.891671275028699 ], [ 0.838163982326566, 44.891636160977498 ], [ 0.838176874882993, 44.891627339563414 ], [ 0.838177357505714, 44.891609353569052 ], [ 0.838179046682798, 44.891546402589903 ], [ 0.838179287993501, 44.891537409592999 ], [ 0.838195076221877, 44.891420672217102 ], [ 0.838195317529463, 44.891411679220631 ], [ 0.8381970066804, 44.891348728246093 ], [ 0.838197247987368, 44.891339735249829 ], [ 0.838197971907804, 44.891312756261314 ], [ 0.838224722066328, 44.891259141441701 ], [ 0.838238338426255, 44.891223341033957 ], [ 0.838264364617182, 44.891196705193913 ], [ 0.838277498350048, 44.891178890773737 ], [ 0.838303524501704, 44.891152254924982 ], [ 0.838316416924784, 44.891143433496239 ], [ 0.838316658211697, 44.891134440500522 ], [ 0.838316899498531, 44.891125447504763 ], [ 0.838317140785287, 44.891116454509053 ], [ 0.838304730946028, 44.891107289946405 ], [ 0.838292079820167, 44.891107118378002 ], [ 0.838254609036476, 44.891088617673091 ], [ 0.8381794262348, 44.891060609220787 ], [ 0.838167016430444, 44.891051444642905 ], [ 0.838154606630147, 44.891042280063651 ], [ 0.838154847942599, 44.891033287068595 ], [ 0.838155089254974, 44.891024294073567 ], [ 0.838167981671978, 44.891015472662616 ], [ 0.83816822298217, 44.891006479667645 ], [ 0.838194007799781, 44.890988836841295 ], [ 0.838206900202497, 44.890980015425917 ], [ 0.838207141506286, 44.890971022430961 ], [ 0.838220033902834, 44.890962201014148 ], [ 0.83822027520444, 44.890953208019198 ], [ 0.838220516505965, 44.890944215024319 ], [ 0.838208589327396, 44.89091706446191 ], [ 0.838196179550069, 44.890907899887786 ], [ 0.83819666216039, 44.890889913898484 ], [ 0.838171842625724, 44.890871584746449 ], [ 0.838159674175385, 44.890853427173944 ], [ 0.838147505732935, 44.890835269600238 ], [ 0.83813509598372, 44.890826105019599 ], [ 0.838122686238563, 44.890816940437588 ], [ 0.838085457027462, 44.890789446683378 ], [ 0.838047986524502, 44.89077094591083 ], [ 0.83802292575881, 44.890761609720059 ], [ 0.837973045592836, 44.890733944328041 ], [ 0.837960635894609, 44.890724779728139 ], [ 0.837960877236833, 44.890715786734646 ], [ 0.837948467544619, 44.890706622133479 ], [ 0.837923889520376, 44.890679299933808 ], [ 0.837924372216155, 44.89066131394727 ], [ 0.837911962541979, 44.890652149342237 ], [ 0.837912445241352, 44.890634163355983 ], [ 0.837912927940415, 44.890616177369843 ], [ 0.837926302996162, 44.89058937000253 ], [ 0.837926785690388, 44.890571384016638 ], [ 0.837927027037387, 44.890562391023785 ], [ 0.837953535754431, 44.890517769278304 ], [ 0.837979561752961, 44.890491133512647 ], [ 0.837992454074901, 44.890482312124028 ], [ 0.838018238706599, 44.890464669342329 ], [ 0.838031372346105, 44.890446854956515 ], [ 0.838095833823453, 44.890402747969119 ], [ 0.838121618385967, 44.890385105163844 ], [ 0.838134510661135, 44.890376283758997 ], [ 0.838224032578987, 44.890341512861951 ], [ 0.838236924827995, 44.890332691445273 ], [ 0.838262468021788, 44.890324041600351 ], [ 0.838339821394486, 44.890271113051888 ], [ 0.838352472331693, 44.890271284614741 ], [ 0.838352713609059, 44.890262291621951 ], [ 0.83836560581957, 44.890253470190615 ], [ 0.838378980572091, 44.890226662772335 ], [ 0.83839235531181, 44.890199855352698 ], [ 0.83846067637328, 44.890011860281483 ], [ 0.838515863640989, 44.889841679622442 ], [ 0.838516104890273, 44.889832686630804 ], [ 0.838503936554012, 44.889814529103674 ], [ 0.838491526972605, 44.889805364566705 ], [ 0.838478876140194, 44.889805193019818 ], [ 0.838366466290826, 44.88974969108618 ], [ 0.838341164651991, 44.889749347962308 ], [ 0.838316345575372, 44.889731018850995 ], [ 0.838303936043154, 44.889721854293299 ], [ 0.838279116990899, 44.889703525173857 ], [ 0.838279358277593, 44.889694532183277 ], [ 0.838266948759508, 44.889685367621567 ], [ 0.83826719004808, 44.889676374631065 ], [ 0.838255021826453, 44.889658217077667 ], [ 0.838255504407112, 44.889640231096955 ], [ 0.838255986987461, 44.88962224511635 ], [ 0.838256710857404, 44.889595266145655 ], [ 0.838257193436976, 44.889577280165412 ], [ 0.838285872989079, 44.889451721449177 ], [ 0.838299247588328, 44.889424914048995 ], [ 0.838299730152779, 44.889406928069732 ], [ 0.838300695280745, 44.889370956111605 ], [ 0.838301419125907, 44.889343977143298 ], [ 0.838301660407474, 44.889334984153926 ], [ 0.838301901688962, 44.889325991164604 ], [ 0.838289492248827, 44.88931682660678 ], [ 0.838264673380741, 44.889298497487019 ], [ 0.838252263952787, 44.889289332925102 ], [ 0.838252505242009, 44.88928033993605 ], [ 0.838240095820068, 44.889271175372855 ], [ 0.838227927695236, 44.889253017819357 ], [ 0.838215518283369, 44.889243853253504 ], [ 0.838215759578294, 44.889234860264715 ], [ 0.838203350172439, 44.88922569569749 ], [ 0.838216483462601, 44.889207881298418 ], [ 0.838216724757215, 44.889198888309728 ], [ 0.838242508727546, 44.889181245484544 ], [ 0.83825540070662, 44.889172424069749 ], [ 0.838268051395451, 44.889172595642151 ], [ 0.838280702084359, 44.889172767213118 ], [ 0.838306003462407, 44.889173110350711 ], [ 0.838331304840766, 44.889173453482535 ], [ 0.838407208977703, 44.889174482843195 ], [ 0.838419859667463, 44.889174654398261 ], [ 0.838457811737209, 44.889175169054703 ], [ 0.838470703680982, 44.889166347614839 ], [ 0.8384833543691, 44.889166519162622 ], [ 0.838496487556347, 44.889148704730616 ], [ 0.838522512660666, 44.889122068851485 ], [ 0.838522995150821, 44.889104082873367 ], [ 0.8385363695536, 44.889077275448187 ], [ 0.838524925108347, 44.889032138962193 ], [ 0.83852516635269, 44.889023145973468 ], [ 0.83851372192752, 44.888978009487353 ], [ 0.838501553777677, 44.888959851966085 ], [ 0.838501795025458, 44.888950858977623 ], [ 0.838490109384462, 44.888914715478663 ], [ 0.838490350633887, 44.888905722490342 ], [ 0.838490833132505, 44.888887736513951 ], [ 0.838491074381697, 44.888878743525773 ], [ 0.838503966252017, 44.888869922083046 ], [ 0.838516858118272, 44.888861100638835 ], [ 0.838555051215296, 44.88885262227371 ], [ 0.838567943069529, 44.888843800823558 ], [ 0.838593485533325, 44.888835150907141 ], [ 0.838606377377483, 44.888826329452627 ], [ 0.838619269217581, 44.888817507996649 ], [ 0.838619751674049, 44.888799522020214 ], [ 0.838608065988515, 44.888763378535877 ], [ 0.838608307218352, 44.88875438554787 ], [ 0.838608548448113, 44.888745392559954 ], [ 0.838584453429328, 44.88870008455266 ], [ 0.838561564633883, 44.888609811603821 ], [ 0.838561805870524, 44.888600818616482 ], [ 0.83856252957998, 44.888573839654683 ], [ 0.838563012052566, 44.88855585368028 ], [ 0.838576145071318, 44.888538039243095 ], [ 0.838576386305308, 44.888529046255996 ], [ 0.838576868773057, 44.888511060281871 ], [ 0.838590243008475, 44.888484252856415 ], [ 0.838590484239971, 44.888475259869466 ], [ 0.838577833707628, 44.888475088334019 ], [ 0.838578074941076, 44.888466095347106 ], [ 0.838565906881565, 44.888447937836624 ], [ 0.838566148116811, 44.888438944849845 ], [ 0.83854108830798, 44.888429608785252 ], [ 0.838528920268382, 44.888411451270919 ], [ 0.838516269750636, 44.88841127972843 ], [ 0.838504101723064, 44.888393122211532 ], [ 0.838479283193984, 44.888374793146681 ], [ 0.838479765691581, 44.888356807174112 ], [ 0.838468321439112, 44.88831167069516 ], [ 0.838468562689436, 44.888302677709085 ], [ 0.838481936926932, 44.888275870298891 ], [ 0.838482178174917, 44.88826687731293 ], [ 0.838507961632676, 44.888249234432287 ], [ 0.838520853355466, 44.888240412989781 ], [ 0.838546395551419, 44.88823176308621 ], [ 0.838571937739484, 44.888223113176799 ], [ 0.838597238690412, 44.888223456247566 ], [ 0.838622539641649, 44.888223799312527 ], [ 0.838660249849909, 44.88823330688539 ], [ 0.838672900327907, 44.888233478411358 ], [ 0.838723502240671, 44.888234164500922 ], [ 0.838735911511982, 44.888243329006066 ], [ 0.838761212473045, 44.888243672039302 ], [ 0.838798922718218, 44.88825317956492 ], [ 0.838811332006079, 44.88826234406168 ], [ 0.838861933946612, 44.888263030087913 ], [ 0.8388869937344, 44.888272366079164 ], [ 0.838887234917345, 44.888263373092308 ], [ 0.838899885402826, 44.888263544592327 ], [ 0.838900126583664, 44.888254551605492 ], [ 0.838900367764426, 44.88824555861865 ], [ 0.838838803692301, 44.888181750198463 ], [ 0.838826635610041, 44.888163592718691 ], [ 0.838802058273194, 44.888136270741697 ], [ 0.838802299469186, 44.888127277755501 ], [ 0.838815432311373, 44.888109463292885 ], [ 0.838815673505106, 44.888100470306817 ], [ 0.838816155892337, 44.888082484334667 ], [ 0.83884242153854, 44.888046855405378 ], [ 0.838855313162092, 44.888038033924516 ], [ 0.838855554349115, 44.888029040938569 ], [ 0.838999773551173, 44.887842074694667 ], [ 0.839052304351177, 44.887770816749835 ], [ 0.839052545505425, 44.887761823764393 ], [ 0.839091461215708, 44.887726366261468 ], [ 0.839105076163051, 44.88769056579671 ], [ 0.839117967663254, 44.887681744286446 ], [ 0.839173632906134, 44.887493577485714 ], [ 0.839243635896261, 44.887242631242962 ], [ 0.83925676839072, 44.88722481673409 ], [ 0.83929737138581, 44.887126408280075 ], [ 0.839310503835934, 44.887108593765689 ], [ 0.839375201564407, 44.887055493106296 ], [ 0.839492187542982, 44.886940127263223 ], [ 0.83950483773151, 44.886940298693922 ], [ 0.839791336989858, 44.886638308360766 ], [ 0.839869406883004, 44.886558399869841 ], [ 0.83982145775137, 44.88645879149616 ], [ 0.839701706189912, 44.886205273997582 ], [ 0.839653757658681, 44.886105665565175 ], [ 0.839641348710721, 44.886096501170798 ], [ 0.839641589763203, 44.886087508190002 ], [ 0.839641830815608, 44.886078515209242 ], [ 0.839642312920186, 44.886060529247835 ], [ 0.839643036076472, 44.886033550305974 ], [ 0.839634242946507, 44.885889491206342 ], [ 0.839634725051893, 44.885871505246314 ], [ 0.839635207156971, 44.885853519286407 ], [ 0.839622557213442, 44.885853347870757 ], [ 0.839623039322269, 44.885835361911028 ], [ 0.839604730104492, 44.885574222675217 ], [ 0.839592321282262, 44.885565058277258 ], [ 0.839592562340328, 44.885556065298481 ], [ 0.839579912464096, 44.885555893877942 ], [ 0.839567503649986, 44.885546729477298 ], [ 0.83956870895906, 44.885501764584284 ], [ 0.839557023349145, 44.885465621247306 ], [ 0.839557505475674, 44.885447635290625 ], [ 0.839557987601892, 44.885429649334043 ], [ 0.839533170040831, 44.885411320527403 ], [ 0.839521002335241, 44.885393163143952 ], [ 0.839508834637537, 44.885375005759343 ], [ 0.839471608362468, 44.885347512531318 ], [ 0.839458958533694, 44.885347341097024 ], [ 0.839447031946462, 44.885320190728223 ], [ 0.839447273026796, 44.885311197750625 ], [ 0.839436310780667, 44.885248075471409 ], [ 0.839439203756475, 44.885140159745688 ], [ 0.83943944483729, 44.885131166768765 ], [ 0.839453541088273, 44.885077380344185 ], [ 0.839466914084479, 44.885050572848868 ], [ 0.839520888075109, 44.884925356901491 ], [ 0.839521129141887, 44.884916363925115 ], [ 0.839547874979948, 44.884862748920241 ], [ 0.839512336500702, 44.884772304879554 ], [ 0.839500651079302, 44.884736161547082 ], [ 0.839501133217648, 44.884718175595864 ], [ 0.839489447814765, 44.884682032262937 ], [ 0.83947896778867, 44.88460092405338 ], [ 0.839479932076647, 44.884564952153092 ], [ 0.8394682467194, 44.884528808820164 ], [ 0.839469452086226, 44.88448384394637 ], [ 0.839469693159361, 44.884474850971714 ], [ 0.83945728460272, 44.884465686562663 ], [ 0.839457525677728, 44.884456693588042 ], [ 0.839458007827512, 44.884438707638992 ], [ 0.839458489976987, 44.88442072169002 ], [ 0.839446563587237, 44.884393571331216 ], [ 0.839434637209044, 44.884366420971396 ], [ 0.839421987601907, 44.884366249532953 ], [ 0.839384762039735, 44.884338756286759 ], [ 0.839372112438996, 44.884338584842581 ], [ 0.839372353527129, 44.884329591868649 ], [ 0.839347536514096, 44.88431126302838 ], [ 0.839334886919678, 44.884311091579939 ], [ 0.839322960613167, 44.884283941208928 ], [ 0.839298384736208, 44.884256619384423 ], [ 0.839298625835822, 44.884247626410883 ], [ 0.839286699560391, 44.884220476036724 ], [ 0.839287181762984, 44.884202490090075 ], [ 0.839300313530956, 44.884184675597417 ], [ 0.839314650773856, 44.88412189623763 ], [ 0.839315132966626, 44.88410391029155 ], [ 0.839355251418419, 44.884023487882772 ], [ 0.83938199698896, 44.88396987293693 ], [ 0.83939561083773, 44.883934072489403 ], [ 0.839408501427797, 44.883925250958285 ], [ 0.839447414247831, 44.883889793383489 ], [ 0.83948584488295, 44.883872321740498 ], [ 0.83949849437876, 44.883872493171651 ], [ 0.8394987354446, 44.883863500199091 ], [ 0.839512108129426, 44.883836692711178 ], [ 0.839512349192924, 44.883827699738724 ], [ 0.839500181838013, 44.883809542364418 ], [ 0.839475847151849, 44.883773227612181 ], [ 0.839476088220896, 44.883764234640054 ], [ 0.839451753570029, 44.883727919883235 ], [ 0.83942717787416, 44.883700598093334 ], [ 0.839427660027178, 44.883682612149784 ], [ 0.839428383256123, 44.883655633234689 ], [ 0.839441514851018, 44.883637818729042 ], [ 0.839467054806468, 44.883629168628303 ], [ 0.839492353688254, 44.883629511493318 ], [ 0.839505003129262, 44.883629682923662 ], [ 0.839568250335467, 44.883630540053638 ], [ 0.839618848101824, 44.883631225731634 ], [ 0.839631497543607, 44.883631397147504 ], [ 0.839669686906784, 44.883622918414332 ], [ 0.839682577382103, 44.883614096852313 ], [ 0.839708358320563, 44.883596453723854 ], [ 0.839721730841343, 44.883569646213381 ], [ 0.839748716868687, 44.883507038216578 ], [ 0.8397616073049, 44.883498216645741 ], [ 0.839787388165148, 44.883480573499668 ], [ 0.839838708827503, 44.883454280161629 ], [ 0.83985184024473, 44.883436465608661 ], [ 0.839877862051179, 44.883409829470189 ], [ 0.839878103054131, 44.883400836498438 ], [ 0.839891957448148, 44.883356043026211 ], [ 0.83991870218644, 44.883302427964622 ], [ 0.83993159254881, 44.883293606374657 ], [ 0.839944723898844, 44.883275791811791 ], [ 0.839957373261374, 44.883275963190329 ], [ 0.839970263611565, 44.883267141595951 ], [ 0.839995321349431, 44.883276477317288 ], [ 0.840020620075186, 44.88327682006139 ], [ 0.840083384952066, 44.883295662839792 ], [ 0.840121092091162, 44.883305169895415 ], [ 0.840183857033594, 44.883324012616988 ], [ 0.840209155781971, 44.883324355317946 ], [ 0.840221564208819, 44.883333519638477 ], [ 0.840234213585231, 44.883333690985346 ], [ 0.840246862961719, 44.883333862330772 ], [ 0.840259753279652, 44.883325040702424 ], [ 0.84027312547181, 44.883298233128102 ], [ 0.840273607349788, 44.883280247183706 ], [ 0.840274089227454, 44.883262261239402 ], [ 0.840287702334225, 44.883226460692008 ], [ 0.840287943270604, 44.883217467719994 ], [ 0.840314687563794, 44.88316385256546 ], [ 0.840328059691195, 44.883137044986192 ], [ 0.84032854155015, 44.883119059042706 ], [ 0.84031589222191, 44.883118887706651 ], [ 0.840303483827166, 44.883109723397503 ], [ 0.840291075436483, 44.883100559086955 ], [ 0.840266017728018, 44.883091223433325 ], [ 0.840228310708323, 44.883081716427938 ], [ 0.840203253018742, 44.883072380760154 ], [ 0.840191085603948, 44.883054223467333 ], [ 0.84017891819704, 44.883036066173297 ], [ 0.840166509843046, 44.883026901849057 ], [ 0.840166991752915, 44.883008915907062 ], [ 0.840167473662473, 44.882990929965203 ], [ 0.840167714617137, 44.882981936994312 ], [ 0.840181568676014, 44.882937143493187 ], [ 0.840181809628183, 44.882928150522453 ], [ 0.840194940812998, 44.882910335932408 ], [ 0.840195904612164, 44.882874364049954 ], [ 0.84020903577989, 44.882856549458637 ], [ 0.840222648829649, 44.882820748924985 ], [ 0.84024987487697, 44.882749147854135 ], [ 0.840250115817367, 44.882740154883891 ], [ 0.840277341790419, 44.882668553808571 ], [ 0.84027758272606, 44.88265956083859 ], [ 0.840293123147782, 44.882551816541337 ], [ 0.840293605012916, 44.882533830602149 ], [ 0.840320348974345, 44.882480215460731 ], [ 0.840320589902274, 44.882471222491304 ], [ 0.840346851961108, 44.882435593283247 ], [ 0.840347092884588, 44.882426600313948 ], [ 0.840360223899295, 44.882408785707845 ], [ 0.840399616893312, 44.882355341880775 ], [ 0.840412747874615, 44.882337527268902 ], [ 0.840412988787099, 44.882328534299795 ], [ 0.840413229699504, 44.882319541330681 ], [ 0.840413711524083, 44.882301555392665 ], [ 0.840390822395142, 44.882211283051006 ], [ 0.840368656095961, 44.882094031803206 ], [ 0.840323119151666, 44.881904494147157 ], [ 0.840256139453048, 44.88157072634111 ], [ 0.840256380387369, 44.881561733375065 ], [ 0.840245177027427, 44.88150760423563 ], [ 0.840199400035079, 44.881327059537959 ], [ 0.840186751111814, 44.881326888187274 ], [ 0.840187233000556, 44.881308902257345 ], [ 0.840174825027713, 44.881299737940395 ], [ 0.840137360181394, 44.881281237946055 ], [ 0.840112303312212, 44.881271902264402 ], [ 0.839912812610802, 44.881161244752626 ], [ 0.839825475426349, 44.881115080220447 ], [ 0.839800659688912, 44.881096751505389 ], [ 0.839788251826283, 44.881087587145814 ], [ 0.839763677124448, 44.881060265459482 ], [ 0.839751269275948, 44.881051101095892 ], [ 0.839751510289071, 44.881042108132839 ], [ 0.839739343461578, 44.881023950804988 ], [ 0.839739825491339, 44.881005964879165 ], [ 0.839729586806431, 44.880915863848948 ], [ 0.83971862510216, 44.880852741707749 ], [ 0.839720071206047, 44.880798783934551 ], [ 0.839707904441582, 44.880780626605038 ], [ 0.839684052981568, 44.880726326018724 ], [ 0.839659960541601, 44.880681018390007 ], [ 0.839648516906137, 44.880635882170438 ], [ 0.839636350200236, 44.880617724834217 ], [ 0.839636832259563, 44.880599738911741 ], [ 0.83963707328911, 44.880590745950556 ], [ 0.839637555347973, 44.880572760028265 ], [ 0.839651891288682, 44.88050998071445 ], [ 0.83965309642163, 44.880465015910197 ], [ 0.839654060526593, 44.880429044067455 ], [ 0.839654301552641, 44.880420051106817 ], [ 0.839654542578612, 44.88041105814623 ], [ 0.839654783604506, 44.880402065185656 ], [ 0.839642375919579, 44.880392900812296 ], [ 0.83963020926843, 44.880374743477148 ], [ 0.839605152889151, 44.880365407683975 ], [ 0.839505650603956, 44.880301085575191 ], [ 0.839468186646368, 44.880282585361563 ], [ 0.839468427701619, 44.880273592401892 ], [ 0.839456020075624, 44.88026442800804 ], [ 0.839443853512766, 44.880246270653288 ], [ 0.839431686957795, 44.880228113297377 ], [ 0.83941976147346, 44.880200962980936 ], [ 0.839407594936134, 44.880182805622674 ], [ 0.839408077065151, 44.880164819704312 ], [ 0.839408318129544, 44.880155826745153 ], [ 0.839396874804065, 44.880110690509021 ], [ 0.839499992372087, 44.880040118323585 ], [ 0.839538661393122, 44.880013653729776 ], [ 0.839551551058685, 44.880004832195539 ], [ 0.839706467744219, 44.879889980711148 ], [ 0.839719357354907, 44.879881159157783 ], [ 0.83974513656411, 44.879863516046647 ], [ 0.839758267169511, 44.879845701530087 ], [ 0.839758749183056, 44.879827715612528 ], [ 0.839772120780211, 44.879800908135955 ], [ 0.839772602788924, 44.879782922218695 ], [ 0.839787420379472, 44.879702156990298 ], [ 0.839788143383783, 44.879675178115406 ], [ 0.839802719924799, 44.87960340584641 ], [ 0.839802960923431, 44.879594412888373 ], [ 0.839819224394185, 44.879459689916153 ], [ 0.839835005802138, 44.87934295286297 ], [ 0.839860302750825, 44.879343295642968 ], [ 0.839961972492663, 44.879326680790214 ], [ 0.840165311795445, 44.879293450804468 ], [ 0.840279870737775, 44.879268014054887 ], [ 0.84041948558475, 44.879251912796875 ], [ 0.84043213404029, 44.879252084120736 ], [ 0.840457671843643, 44.879243433805854 ], [ 0.840584638127817, 44.879227161018527 ], [ 0.840648362103537, 44.87921003161172 ], [ 0.84081351442205, 44.879185279491807 ], [ 0.840940721285247, 44.879160013337149 ], [ 0.84089844120044, 44.879321372800362 ], [ 0.840898200378812, 44.87933036575977 ], [ 0.840883866136398, 44.879393145206016 ], [ 0.840934460092237, 44.879393830280186 ], [ 0.84102275871598, 44.879404022064236 ], [ 0.841186948338776, 44.879415241224436 ], [ 0.841313433289843, 44.879416953519716 ], [ 0.84145232601184, 44.87942782983837 ], [ 0.841717463113511, 44.879449410776957 ], [ 0.841957544052356, 44.879461655823235 ], [ 0.842048971257521, 44.879354938280841 ], [ 0.842449633039475, 44.879513294335197 ], [ 0.842462281560228, 44.879513465426761 ], [ 0.842562266952184, 44.879559798926536 ], [ 0.84262478797434, 44.879587633197886 ], [ 0.842737422181872, 44.879634137612207 ], [ 0.842862705136134, 44.879680812958441 ], [ 0.843000396383923, 44.879736652159039 ], [ 0.843075566400411, 44.879764657206067 ], [ 0.843253848746431, 44.879722086523607 ], [ 0.843355758598063, 44.879696475581106 ], [ 0.843457668356532, 44.879670864544927 ], [ 0.843737859620168, 44.879602681953912 ], [ 0.843878195340647, 44.879559597425931 ], [ 0.844234757237119, 44.879474453191968 ], [ 0.84437485199025, 44.879440361002814 ], [ 0.844425686287342, 44.879432051511699 ], [ 0.844578429319454, 44.879398129930514 ], [ 0.844756949559756, 44.879346563862292 ], [ 0.844769598049913, 44.879346734689832 ], [ 0.844846209556681, 44.879320780720427 ], [ 0.844871506525976, 44.879321122353659 ], [ 0.845100860293182, 44.879261246012625 ], [ 0.845151694320095, 44.879252936188273 ], [ 0.845189879863505, 44.879244455562485 ], [ 0.845253602450892, 44.879227323500757 ], [ 0.845291547845385, 44.879227835808585 ], [ 0.84532973335052, 44.879219355134609 ], [ 0.845342381813705, 44.879219525896644 ], [ 0.845482475255464, 44.879185432307004 ], [ 0.845495123711461, 44.879185603051575 ], [ 0.845507772167532, 44.879185773794696 ], [ 0.845545957611273, 44.879177293046133 ], [ 0.845711347717803, 44.879143540640108 ], [ 0.845723996165038, 44.879143711358445 ], [ 0.845736644612351, 44.879143882075347 ], [ 0.845851200719318, 44.87911843955348 ], [ 0.845863849161315, 44.879118610255823 ], [ 0.845940219837899, 44.879101648500033 ], [ 0.846028998906025, 44.879093850344852 ], [ 0.846041887338081, 44.879085028056927 ], [ 0.846130906346433, 44.879068236850124 ], [ 0.846156203209539, 44.879068578189354 ], [ 0.846169571564611, 44.879041769946632 ], [ 0.846182699934759, 44.87902395467254 ], [ 0.846234013513729, 44.878997658411393 ], [ 0.846246901891379, 44.878988836099957 ], [ 0.846375305563172, 44.878918598844287 ], [ 0.846580558842535, 44.878813413305103 ], [ 0.846657888465856, 44.878760479175597 ], [ 0.846670776722203, 44.878751656815574 ], [ 0.846709201580513, 44.878734182696569 ], [ 0.846992022451184, 44.878567069215606 ], [ 0.847107775916901, 44.878496660547476 ], [ 0.847120903861013, 44.878478845165816 ], [ 0.847146680094275, 44.87846120033818 ], [ 0.847340001326253, 44.87832886394326 ], [ 0.847404201761033, 44.878293744708024 ], [ 0.847417329563349, 44.878275929292542 ], [ 0.847442865843284, 44.878267277367193 ], [ 0.847763866537173, 44.878091680528492 ], [ 0.84790515414336, 44.878012619033967 ], [ 0.847918042031293, 44.87800379653104 ], [ 0.848213503769641, 44.877836850438321 ], [ 0.84821374341074, 44.877827857468191 ], [ 0.848226391568594, 44.877828027900051 ], [ 0.848739983757899, 44.877547068924237 ], [ 0.848752631853971, 44.877547239295907 ], [ 0.849009665497713, 44.877397765924961 ], [ 0.849189372698406, 44.877301227888168 ], [ 0.849202020740349, 44.877301398208417 ], [ 0.849253331324762, 44.877275100563409 ], [ 0.849304641861011, 44.877248802894812 ], [ 0.849394854218982, 44.877187044219859 ], [ 0.849446164608172, 44.877160746486489 ], [ 0.849472178938963, 44.877134108155325 ], [ 0.84951060181433, 44.877116633073605 ], [ 0.849966408621287, 44.877104776423316 ], [ 0.850105536625076, 44.877106648887995 ], [ 0.850156128628759, 44.877107329740831 ], [ 0.850269721333543, 44.87711785454713 ], [ 0.850572316408804, 44.877157910757369 ], [ 0.851089449977361, 44.877218844056706 ], [ 0.851127154894099, 44.877228347335176 ], [ 0.851139802925479, 44.87722851743365 ], [ 0.851190155890982, 44.877238190787736 ], [ 0.851417103137782, 44.877268231134892 ], [ 0.851719460769222, 44.877317277182911 ], [ 0.851920873454907, 44.877355969407091 ], [ 0.851920634410819, 44.877364962383623 ], [ 0.852159752623074, 44.877413157169009 ], [ 0.852926985522309, 44.877585396950749 ], [ 0.852926746638723, 44.87759438993033 ], [ 0.853128161154224, 44.877633079959288 ], [ 0.853442692790632, 44.877700277131964 ], [ 0.85359375420386, 44.877729293984288 ], [ 0.853606402355805, 44.877729463800577 ], [ 0.853845284836621, 44.877786647929149 ], [ 0.8540593488525, 44.877825506052204 ], [ 0.854059110149634, 44.877834499035075 ], [ 0.854271981152108, 44.877918321662918 ], [ 0.854297038880454, 44.877927654122757 ], [ 0.854322335278241, 44.87792799359309 ], [ 0.854360279875496, 44.877928502787704 ], [ 0.854461465471548, 44.877929860576394 ], [ 0.854474113671401, 44.877930030293442 ], [ 0.854613005260407, 44.877940890070214 ], [ 0.854719678623775, 44.877735408986737 ], [ 0.854707269065563, 44.877726246313777 ], [ 0.854656915054289, 44.877716574559791 ], [ 0.854709177850406, 44.877654302443126 ], [ 0.85482682836151, 44.877511941849988 ], [ 0.855153526189237, 44.877120492024204 ], [ 0.85523203793358, 44.877022587018963 ], [ 0.855310549403552, 44.876924681961761 ], [ 0.855323435875177, 44.876915858599155 ], [ 0.855467094575961, 44.876746857655576 ], [ 0.85549334432006, 44.876711224929466 ], [ 0.855519594030771, 44.876675592197664 ], [ 0.855519832494291, 44.876666599215703 ], [ 0.855624115647397, 44.876551047176555 ], [ 0.856108058404034, 44.875954791041288 ], [ 0.856160317944145, 44.875892518281823 ], [ 0.856238826208709, 44.875794612608935 ], [ 0.856251235589572, 44.875803775102867 ], [ 0.856515408037827, 44.875861292439502 ], [ 0.856616113384831, 44.875880634216841 ], [ 0.856628522846439, 44.875889796668709 ], [ 0.856704171052961, 44.875899806442305 ], [ 0.856892696087542, 44.875947313105776 ], [ 0.857102206445865, 44.875680234481536 ], [ 0.85711509234916, 44.875671410914357 ], [ 0.85745991429493, 44.87555008281025 ], [ 0.857472800111966, 44.875541259201825 ], [ 0.85748544778176, 44.875541428574124 ], [ 0.857498333592785, 44.87553260496275 ], [ 0.858111848891604, 44.875297922516154 ], [ 0.858137144125281, 44.875298261113024 ], [ 0.858149791742235, 44.875298430409266 ], [ 0.858162439359266, 44.875298599704074 ], [ 0.858187972622997, 44.875289945306541 ], [ 0.858213267853533, 44.875290283885931 ], [ 0.858225677445564, 44.87529944615639 ], [ 0.858238325063052, 44.875299615442522 ], [ 0.858326858387615, 44.875300800404872 ], [ 0.858327572408746, 44.875273821455544 ], [ 0.858327810415637, 44.875264828472517 ], [ 0.858341410044303, 44.875229025814953 ], [ 0.858341886053186, 44.875211039849148 ], [ 0.858343314077999, 44.875157081952523 ], [ 0.858356913670608, 44.875121279294596 ], [ 0.858370989244157, 44.875067490670617 ], [ 0.858371227243204, 44.875058497688237 ], [ 0.858373131232818, 44.874986553830162 ], [ 0.858373369231176, 44.874977560848031 ], [ 0.858388634731033, 44.874878807315703 ], [ 0.858405566123272, 44.874717102915795 ], [ 0.858406518090845, 44.874681130991114 ], [ 0.85840723206572, 44.874654152047924 ], [ 0.858407470057194, 44.874645159066908 ], [ 0.858410087958349, 44.874546236278007 ], [ 0.858410325948905, 44.874537243297389 ], [ 0.8583998204328, 44.874456137207169 ], [ 0.858390504912151, 44.874330066219073 ], [ 0.858379523475102, 44.874266946092717 ], [ 0.858370208031567, 44.874140875112424 ], [ 0.85834872129845, 44.873996648908623 ], [ 0.858349197294511, 44.873978662951622 ], [ 0.858350387283328, 44.873933698059673 ], [ 0.858351101275703, 44.873906719124953 ], [ 0.858351339273009, 44.873897726146737 ], [ 0.858353719241857, 44.873807796366549 ], [ 0.858344403932697, 44.873681725407167 ], [ 0.85835297179182, 44.873357978241742 ], [ 0.858354637752926, 44.873295027408787 ], [ 0.858380170074014, 44.873286372973602 ], [ 0.858430758728827, 44.873287050037916 ], [ 0.858747413711359, 44.87327329521171 ], [ 0.858785355196829, 44.873273802886096 ], [ 0.858798002358803, 44.873273972107974 ], [ 0.85883594384519, 44.873274479764937 ], [ 0.859051421378918, 44.873259370286988 ], [ 0.859089362857714, 44.873259877856995 ], [ 0.859139951497177, 44.873260554596733 ], [ 0.859241128779771, 44.873261908006739 ], [ 0.859494309818791, 44.873256298148199 ], [ 0.859506956978956, 44.873256467288968 ], [ 0.859531775689323, 44.873274791523151 ], [ 0.859543947247333, 44.873292946616765 ], [ 0.859555881011772, 44.873320094687863 ], [ 0.859581175361351, 44.873320432953925 ], [ 0.859593822536254, 44.873320602084753 ], [ 0.859644411236634, 44.873321278593636 ], [ 0.859682352762721, 44.873321785960101 ], [ 0.859694524379726, 44.8733399410375 ], [ 0.859694286600357, 44.873348934016597 ], [ 0.85969404882091, 44.873357926995766 ], [ 0.859706458227124, 44.873367089092881 ], [ 0.859705982671908, 44.873385075051402 ], [ 0.85975419373235, 44.873475681304527 ], [ 0.859789757717715, 44.873566118432947 ], [ 0.859789282187547, 44.873584104393231 ], [ 0.85980192942259, 44.87358427350032 ], [ 0.859801691659421, 44.873593266480526 ], [ 0.859801453896175, 44.873602259460789 ], [ 0.859801216132852, 44.873611252441066 ], [ 0.859837731311688, 44.873665717636698 ], [ 0.859837255796072, 44.873683703597933 ], [ 0.859849427541878, 44.873701858660908 ], [ 0.859862312557619, 44.873693034780317 ], [ 0.85987495981747, 44.873693203879043 ], [ 0.860014555139814, 44.873677077907246 ], [ 0.860103799083624, 44.873651282502443 ], [ 0.860256041483615, 44.873635325296988 ], [ 0.86028157366609, 44.87362667042143 ], [ 0.860293270174397, 44.873662811398127 ], [ 0.860305679746106, 44.873671973429161 ], [ 0.860317376279416, 44.873708114403975 ], [ 0.860329072827817, 44.873744255378057 ], [ 0.860367014646505, 44.873744762509631 ], [ 0.860392546861704, 44.873736107608096 ], [ 0.860506372305001, 44.873737628898397 ], [ 0.860544314120806, 44.873738135969134 ], [ 0.860633082657424, 44.873730326100969 ], [ 0.860671024469432, 44.873730833128157 ], [ 0.860683671740255, 44.873731002134349 ], [ 0.860709203900275, 44.873722347159664 ], [ 0.860734498438396, 44.873722685161873 ], [ 0.860772440246148, 44.873723192154259 ], [ 0.860785087515552, 44.873723361148848 ], [ 0.860861208727299, 44.873715382102937 ], [ 0.860873855995206, 44.873715551087365 ], [ 0.860886503263192, 44.873715720070308 ], [ 0.861063802584172, 44.87370909269665 ], [ 0.861076449851273, 44.873709261657851 ], [ 0.861177865533665, 44.873701620312048 ], [ 0.861190512799424, 44.873701789260231 ], [ 0.861203160065258, 44.873701958206979 ], [ 0.861215807331167, 44.873702127152278 ], [ 0.861532463975551, 44.873688364345618 ], [ 0.861545111239385, 44.873688533253215 ], [ 0.861557758503297, 44.87368870215937 ], [ 0.861570405767285, 44.873688871064083 ], [ 0.861621232295598, 44.873680553683961 ], [ 0.861633879557938, 44.87368072258144 ], [ 0.861646526820356, 44.873680891477427 ], [ 0.861722410396455, 44.873681904823151 ], [ 0.861735057659406, 44.87368207370902 ], [ 0.861836473202781, 44.873674431758992 ], [ 0.861849120464389, 44.873674600631844 ], [ 0.861861767726072, 44.873674769503218 ], [ 0.861887062249668, 44.873675107241667 ], [ 0.861912356773568, 44.873675444974275 ], [ 0.862140244890659, 44.873669491321927 ], [ 0.862152892152067, 44.873669660160033 ], [ 0.863078514817617, 44.873592051555804 ], [ 0.863114795937698, 44.873655508656412 ], [ 0.863147518738369, 44.873853860569675 ], [ 0.863204350377302, 44.874097514872545 ], [ 0.863204113158008, 44.874106507862031 ], [ 0.863238734255118, 44.87423291586363 ], [ 0.863342598483655, 44.874612139841858 ], [ 0.863493971077996, 44.875108947441596 ], [ 0.863632935810483, 44.875596593269549 ], [ 0.863758306595388, 44.876120042356071 ], [ 0.863793641588145, 44.876219471290838 ], [ 0.863840438937939, 44.876364033857655 ], [ 0.863852612563044, 44.876382188499441 ], [ 0.864372767279302, 44.877288738998054 ], [ 0.864578778272546, 44.877633338882163 ], [ 0.864931594579401, 44.878168813921292 ], [ 0.86494424286481, 44.878168982440442 ], [ 0.865054049463273, 44.878323380188746 ], [ 0.865335011259754, 44.878704961855945 ], [ 0.865677324609336, 44.87915932915984 ], [ 0.865689499436958, 44.879177483619671 ], [ 0.865825080808331, 44.879314231501006 ], [ 0.866010309987513, 44.87948762487995 ], [ 0.866084544048248, 44.879551586338849 ], [ 0.866406069116875, 44.879834747448513 ], [ 0.866405832387178, 44.879843740465439 ], [ 0.866653361890216, 44.880053946613593 ], [ 0.866703010023565, 44.880090591967765 ], [ 0.866888954448225, 44.880237004871525 ], [ 0.86712502177918, 44.880402076599921 ], [ 0.86727420481817, 44.880503018955963 ], [ 0.867348914829927, 44.880548993549276 ], [ 0.867536518326738, 44.880632454237592 ], [ 0.867936551797467, 44.880817697070384 ], [ 0.868436833764582, 44.881040255569779 ], [ 0.868499369289932, 44.881068075224448 ], [ 0.868512018240575, 44.881068243335633 ], [ 0.868574553834497, 44.881096062948075 ], [ 0.868962654023505, 44.88125415491875 ], [ 0.868975303017549, 44.881254322976936 ], [ 0.869012777365625, 44.881272813198201 ], [ 0.869250981836333, 44.881356943202903 ], [ 0.869388939753191, 44.881403756545254 ], [ 0.869401352526774, 44.881412917583717 ], [ 0.869539546940671, 44.88145073770999 ], [ 0.869551959749289, 44.881459898731713 ], [ 0.869577257833888, 44.881460234711902 ], [ 0.869715452483238, 44.881498054619058 ], [ 0.869803051078642, 44.881535202514364 ], [ 0.86982811301118, 44.881544531467505 ], [ 0.870279937571427, 44.881685472562239 ], [ 0.870317648748145, 44.881694969312498 ], [ 0.870330297845772, 44.881695137215729 ], [ 0.870355359937646, 44.881704466049896 ], [ 0.870531030890168, 44.881760774698478 ], [ 0.870556093044825, 44.881770103487426 ], [ 0.870581155207829, 44.881779432270754 ], [ 0.870694289119237, 44.881807922175852 ], [ 0.871033691543815, 44.881893391198552 ], [ 0.871787922861416, 44.882083318640404 ], [ 0.87182563456153, 44.882092814877822 ], [ 0.871875759607369, 44.882111471865635 ], [ 0.871951418937314, 44.882121471230896 ], [ 0.872064554236185, 44.882149959737788 ], [ 0.872102266028044, 44.882159455881094 ], [ 0.872228286499996, 44.882179118882341 ], [ 0.872253584925393, 44.88217945425022 ], [ 0.872631646900894, 44.882238442306551 ], [ 0.872656945355493, 44.882238777582145 ], [ 0.872871275125584, 44.882268606309339 ], [ 0.872896337897069, 44.882277934569721 ], [ 0.872972233320025, 44.882278940197381 ], [ 0.873338118726789, 44.882319772159434 ], [ 0.873363417222341, 44.88232010727333 ], [ 0.874006880320046, 44.882391602018835 ], [ 0.874031943335629, 44.882400930022243 ], [ 0.874587098641023, 44.882462255961862 ], [ 0.875369001348567, 44.882562563400633 ], [ 0.875394299965896, 44.882562898049862 ], [ 0.876113194038994, 44.882653370549363 ], [ 0.876188854856947, 44.882663367017003 ], [ 0.87621415352469, 44.882663701478641 ], [ 0.87649196864444, 44.882685366272277 ], [ 0.876504617984146, 44.8826855334692 ], [ 0.876681708747969, 44.882687874073369 ], [ 0.876694358088808, 44.882688041248528 ], [ 0.876884098210459, 44.882690548702286 ], [ 0.876896747552506, 44.882690715854309 ], [ 0.877504855900507, 44.882662765244568 ], [ 0.877707715166669, 44.882647452263846 ], [ 0.877720364501444, 44.882647619321617 ], [ 0.878519151122422, 44.882586196619485 ], [ 0.878531800445787, 44.882586363584402 ], [ 0.878848737786632, 44.882563558076434 ], [ 0.879267338745183, 44.882524100638548 ], [ 0.879280222731292, 44.882515274463657 ], [ 0.879508614229548, 44.882491298879181 ], [ 0.88001622837785, 44.8824350204289 ], [ 0.880206436842177, 44.882419536069364 ], [ 0.880599268278089, 44.882397726153563 ], [ 0.881461060234285, 44.882346108876909 ], [ 0.881473709512207, 44.882346275505171 ], [ 0.882132877363429, 44.882300979823903 ], [ 0.882259604259502, 44.882293652213143 ], [ 0.882272253527955, 44.882293818750057 ], [ 0.882816874460372, 44.882273999285317 ], [ 0.88342450731413, 44.882264002239602 ], [ 0.883728089700224, 44.882267995527187 ], [ 0.884550292213218, 44.882278806494739 ], [ 0.884588240029174, 44.882279305314867 ], [ 0.885208288174079, 44.882278457800119 ], [ 0.885360079464443, 44.882280452098954 ], [ 0.886018542623414, 44.882262112449119 ], [ 0.886347890810718, 44.882248444619329 ], [ 0.886373422886389, 44.882239783687758 ], [ 0.886550979664921, 44.882224122345583 ], [ 0.886690588557168, 44.882207962632883 ], [ 0.887058584316749, 44.882167811564713 ], [ 0.887071233571042, 44.882167977552541 ], [ 0.887743977300975, 44.882086842126363 ], [ 0.887756859851098, 44.882078014964968 ], [ 0.887909117264313, 44.882062019622261 ], [ 0.887959947475852, 44.882053690104392 ], [ 0.888112904529161, 44.882010715268088 ], [ 0.888354872269482, 44.881950914994903 ], [ 0.888648135783857, 44.881864798216071 ], [ 0.888661018140472, 44.88185597095007 ], [ 0.888954280687318, 44.881769853362186 ], [ 0.888979812141973, 44.881761191830272 ], [ 0.889094587042312, 44.881726711400056 ], [ 0.889146582210784, 44.88167341597633 ], [ 0.889159464444862, 44.881664588652903 ], [ 0.889211226417313, 44.881620286272259 ], [ 0.889211692570548, 44.88160230012781 ], [ 0.889302100999357, 44.881531515709419 ], [ 0.889523660736459, 44.881282526920792 ], [ 0.889719221514082, 44.881060185561303 ], [ 0.889719454506866, 44.881051192489991 ], [ 0.88975856646967, 44.881006724178995 ], [ 0.889851302957566, 44.880846008619976 ], [ 0.89007751621089, 44.880417157395755 ], [ 0.890103978588907, 44.880372523329974 ], [ 0.890531795177941, 44.87948750923595 ], [ 0.890598763997766, 44.879344448095246 ], [ 0.89062638965336, 44.879254848589177 ], [ 0.890655179394159, 44.879120283747163 ], [ 0.890781355745956, 44.878645141392369 ], [ 0.890781588558216, 44.878636148327395 ], [ 0.890824190070207, 44.878456783713908 ], [ 0.89088246602575, 44.87816067482116 ], [ 0.890882931613712, 44.878142688694368 ], [ 0.890901399744172, 44.87791802766921 ], [ 0.890901865324038, 44.877900041544066 ], [ 0.890935774951914, 44.877567629343588 ], [ 0.890954475460024, 44.877333975300267 ], [ 0.890955173796871, 44.87730699611852 ], [ 0.890980391803997, 44.876821536436026 ], [ 0.890981090121974, 44.876794557259608 ], [ 0.890984581701781, 44.876659661381879 ], [ 0.890985280015724, 44.87663268220718 ], [ 0.890987142182951, 44.876560737742736 ], [ 0.890975425272843, 44.876524599972157 ], [ 0.890950516771984, 44.876020492165047 ], [ 0.890951447868335, 44.875984519941646 ], [ 0.890939731101735, 44.875948382175615 ], [ 0.890872146857447, 44.875137848471688 ], [ 0.890855697360305, 44.874795781392429 ], [ 0.890856861281198, 44.874750816136192 ], [ 0.890847705471974, 44.874615754818734 ], [ 0.890848403826337, 44.874588775666879 ], [ 0.890869354144441, 44.873779401244292 ], [ 0.890857405112136, 44.873752256548997 ], [ 0.890857637891852, 44.873743263501403 ], [ 0.890815661534735, 44.873409858543916 ], [ 0.89081635988949, 44.873382879405263 ], [ 0.890816825458953, 44.873364893312967 ], [ 0.890696096920861, 44.87265262157127 ], [ 0.890683915409839, 44.87263446991264 ], [ 0.890632087597867, 44.872192982958317 ], [ 0.890556596513864, 44.871688213608046 ], [ 0.89053758892343, 44.871445070376161 ], [ 0.890481572448599, 44.871165458233158 ], [ 0.890481805277882, 44.871156465195696 ], [ 0.890401427302862, 44.870840549704539 ], [ 0.890252389187305, 44.870244856424272 ], [ 0.890086748734356, 44.869801878980894 ], [ 0.889991632420245, 44.869566734998585 ], [ 0.889907765786959, 44.86938571479719 ], [ 0.889907998700927, 44.869376721767345 ], [ 0.889665554083578, 44.868968721966532 ], [ 0.889544449583604, 44.868760225378438 ], [ 0.889435293213587, 44.868578873468877 ], [ 0.889435526200019, 44.868569880442934 ], [ 0.889325671543438, 44.868415507514982 ], [ 0.889313258392021, 44.868406348761354 ], [ 0.88930084524466, 44.868397190006377 ], [ 0.889031252774965, 44.868060801700288 ], [ 0.889019072801302, 44.86804264989177 ], [ 0.888872447585478, 44.867842814139102 ], [ 0.88877617425049, 44.867652634403214 ], [ 0.888776407338841, 44.867643641381989 ], [ 0.888717140097598, 44.867489931057683 ], [ 0.888683398106178, 44.867327559296605 ], [ 0.888659038710807, 44.867291255612422 ], [ 0.888511717359253, 44.867118398498839 ], [ 0.888499770889131, 44.867091253621304 ], [ 0.888156413495273, 44.866672931246264 ], [ 0.888144234106602, 44.866654779351492 ], [ 0.88809505024435, 44.866600157792249 ], [ 0.888082870891371, 44.866582005891246 ], [ 0.887984270299536, 44.866481755715888 ], [ 0.887885903286424, 44.866372512441984 ], [ 0.887886136512308, 44.866363519427296 ], [ 0.887803214427026, 44.866146525807196 ], [ 0.887791268507247, 44.866119380863736 ], [ 0.887779089357144, 44.866101228932791 ], [ 0.887732472077623, 44.865947684080012 ], [ 0.887709046907547, 44.86587540815605 ], [ 0.887675542065815, 44.865704043181061 ], [ 0.887676008579455, 44.865686057157411 ], [ 0.887616979692047, 44.865523353353396 ], [ 0.887617446222977, 44.865505367331316 ], [ 0.887570363337338, 44.865369808467946 ], [ 0.887571063154141, 44.865342829436884 ], [ 0.887541058196559, 44.865036569315862 ], [ 0.887542224574099, 44.8649916042705 ], [ 0.88751361963394, 44.864631386138591 ], [ 0.887533496463436, 44.864352768850615 ], [ 0.887534896106455, 44.864298810811178 ], [ 0.887563918855112, 44.864155254572545 ], [ 0.887564385391677, 44.864137268560569 ], [ 0.88759317471815, 44.864002705328957 ], [ 0.887594107769659, 44.863966733307123 ], [ 0.887622663679577, 44.863841163081965 ], [ 0.887649586692071, 44.863778543888877 ], [ 0.887663398051798, 44.863733744783332 ], [ 0.887758677547375, 44.863474109042087 ], [ 0.887772255512973, 44.863438302932273 ], [ 0.887799411392118, 44.863366690709185 ], [ 0.887812989305666, 44.863330884595854 ], [ 0.887895622476636, 44.863071082877333 ], [ 0.887909200257099, 44.863035276756428 ], [ 0.8881018522901, 44.862435067930434 ], [ 0.888102085464941, 44.862426074929473 ], [ 0.888115429784721, 44.862399261793321 ], [ 0.888170439079103, 44.862229058232181 ], [ 0.888171371730567, 44.862193086231066 ], [ 0.888185182282502, 44.862148287088786 ], [ 0.888198526496387, 44.862121473945585 ], [ 0.888256333042684, 44.861843354370116 ], [ 0.888257265632596, 44.861807382373854 ], [ 0.888272008599936, 44.861726611232477 ], [ 0.888272708033479, 44.86169963223643 ], [ 0.888302193824463, 44.861538089957342 ], [ 0.888315537837083, 44.861511276806581 ], [ 0.888331446311837, 44.861385540678526 ], [ 0.888332145712511, 44.861358561685734 ], [ 0.888374975055713, 44.861170206258649 ], [ 0.888388318945924, 44.861143393103042 ], [ 0.888431614167528, 44.860937051677887 ], [ 0.888432080398841, 44.860919065685515 ], [ 0.888502528946183, 44.86064111194419 ], [ 0.888515872649401, 44.86061429877882 ], [ 0.888573909156815, 44.860327186211435 ], [ 0.888587019662998, 44.860309366035118 ], [ 0.888587718927216, 44.860282387052401 ], [ 0.888601528675541, 44.860237587892485 ], [ 0.888614406068566, 44.86022876070755 ], [ 0.888615105318594, 44.860201781725571 ], [ 0.888682522130322, 44.860040736860583 ], [ 0.88868298827366, 44.860022750873647 ], [ 0.888737294325468, 44.859879526171326 ], [ 0.888737760449887, 44.859861540185292 ], [ 0.888777557571428, 44.859790093618045 ], [ 0.888778023682183, 44.859772107632523 ], [ 0.888818752882777, 44.85966468908331 ], [ 0.888831863156146, 44.859646868882663 ], [ 0.888899977781214, 44.859458844945571 ], [ 0.888980503021067, 44.859279979739206 ], [ 0.888993613153022, 44.859262159522096 ], [ 0.889114399947979, 44.858993861614152 ], [ 0.889114632946035, 44.858984868623537 ], [ 0.889221609697217, 44.858761369824954 ], [ 0.889221842677106, 44.858752376834964 ], [ 0.889436259471015, 44.858287393010826 ], [ 0.889436492414492, 44.858278400022066 ], [ 0.889529658076209, 44.858099700213636 ], [ 0.889569452937346, 44.858028253411696 ], [ 0.889768192833542, 44.857680012204867 ], [ 0.889781302340829, 44.857662191905774 ], [ 0.889781535226349, 44.857653198918541 ], [ 0.889913328409749, 44.857448016888974 ], [ 0.889913561273195, 44.85743902390228 ], [ 0.88995312231914, 44.857376569967535 ], [ 0.889965765987264, 44.857376735621763 ], [ 0.890071804928009, 44.857189208087696 ], [ 0.890228883118554, 44.856984356999696 ], [ 0.890229115929442, 44.856975364014005 ], [ 0.890281319860999, 44.856913075595955 ], [ 0.890797146154187, 44.857018787547069 ], [ 0.890809789744101, 44.857018953104706 ], [ 0.891496032827368, 44.856892996243005 ], [ 0.891508908996149, 44.856884168732549 ], [ 0.891547072280342, 44.856875672168563 ], [ 0.891547304879285, 44.856866679180449 ], [ 0.891907138056256, 44.856646487131691 ], [ 0.892148062248903, 44.856622651099777 ], [ 0.892375877807129, 44.856616635143673 ], [ 0.892439327781941, 44.856608469024835 ], [ 0.892451971284147, 44.856608634394561 ], [ 0.892680019168867, 44.856593624822409 ], [ 0.892806918959291, 44.856577292199262 ], [ 0.893048539542134, 44.856526475235825 ], [ 0.893111989316888, 44.856518308731069 ], [ 0.893239121136887, 44.856492982621965 ], [ 0.893404183261766, 44.856468152153369 ], [ 0.893619586849334, 44.856452975382233 ], [ 0.893657749519994, 44.856444478090715 ], [ 0.893721199113171, 44.856436311236394 ], [ 0.893936834706226, 44.856412140855937 ], [ 0.894445358842934, 44.856310831751536 ], [ 0.895233892428295, 44.856141207831968 ], [ 0.895272054641966, 44.856132709983967 ], [ 0.895348843006332, 44.856097728261659 ], [ 0.895361486401913, 44.856097893298404 ], [ 0.895922897543128, 44.855907307609115 ], [ 0.896076009009967, 44.855855329201276 ], [ 0.896178083163436, 44.855820676812137 ], [ 0.896650753919321, 44.855637925805638 ], [ 0.89666339721502, 44.855638090693347 ], [ 0.89680479097572, 44.855549974416618 ], [ 0.896830541020038, 44.855532318166382 ], [ 0.896843416036115, 44.855523490039076 ], [ 0.896882041060007, 44.85549700564831 ], [ 0.896894684324601, 44.855497170509544 ], [ 0.896933077577108, 44.855479679095609 ], [ 0.897061363856732, 44.855409383627602 ], [ 0.897215631323876, 44.855312438679682 ], [ 0.897228274547822, 44.855312603502746 ], [ 0.897241149450787, 44.855303775329816 ], [ 0.897253792672855, 44.855303940149973 ], [ 0.897279310789999, 44.855295276791388 ], [ 0.897292185680948, 44.855286448612617 ], [ 0.897444599244166, 44.855261447304343 ], [ 0.897469885670474, 44.855261776896619 ], [ 0.897482760523714, 44.855252948695764 ], [ 0.897559083048092, 44.855235951439134 ], [ 0.89769954796747, 44.85518380601021 ], [ 0.89771242276663, 44.855174977782831 ], [ 0.89773794075418, 44.855166314318751 ], [ 0.897750583946701, 44.85516647908203 ], [ 0.897763227139298, 44.855166643843909 ], [ 0.897763458733843, 44.855157650848788 ], [ 0.897776101924485, 44.855157815609175 ], [ 0.89782713785639, 44.855140488645837 ], [ 0.898228710118332, 44.855262668978121 ], [ 0.89826617673707, 44.85528114908837 ], [ 0.898755327960719, 44.855440452393054 ], [ 0.898767971218067, 44.855440617039982 ], [ 0.898893478138077, 44.855478235423831 ], [ 0.898905889991808, 44.855487393053622 ], [ 0.898918533260184, 44.855487557683297 ], [ 0.898930945120073, 44.855496715310323 ], [ 0.898968643529403, 44.85550620218531 ], [ 0.899170241792413, 44.855535814970118 ], [ 0.899234152273892, 44.85550965895434 ], [ 0.899298294045337, 44.855474509902415 ], [ 0.899389572932445, 44.855367745971883 ], [ 0.899428196645975, 44.855341260692626 ], [ 0.899518087188763, 44.855288454655508 ], [ 0.899531193036943, 44.855270633216605 ], [ 0.899543836258265, 44.855270797774736 ], [ 0.899569585311544, 44.855253140888088 ], [ 0.899595103047637, 44.855244476994805 ], [ 0.899595334348603, 44.855235483995571 ], [ 0.899607977562185, 44.855235648546319 ], [ 0.899620852072676, 44.855226820096405 ], [ 0.899633495284379, 44.855226984644268 ], [ 0.899748903126873, 44.85516551451402 ], [ 0.899902240270643, 44.855104537820353 ], [ 0.89994063231569, 44.85508704536408 ], [ 0.900004541962116, 44.855060888930012 ], [ 0.900017185168052, 44.855061053453113 ], [ 0.900029828374063, 44.855061217974779 ], [ 0.900093275626114, 44.855053047562023 ], [ 0.900131205239624, 44.855053541096488 ], [ 0.900143848444275, 44.85505370560508 ], [ 0.900156260438254, 44.855062863111648 ], [ 0.900219014071688, 44.855081671625037 ], [ 0.900293948585204, 44.855118630593999 ], [ 0.900418993773375, 44.855174233430255 ], [ 0.900431405838983, 44.855183390906333 ], [ 0.900868603869894, 44.85539598568328 ], [ 0.900868372771968, 44.855404978685371 ], [ 0.900893428250244, 44.855414300534576 ], [ 0.901430390483547, 44.855682166456681 ], [ 0.901542794692788, 44.855737603671294 ], [ 0.901605318565506, 44.855765404406696 ], [ 0.901642786723845, 44.855783883432032 ], [ 0.901655199124337, 44.855793040772724 ], [ 0.901667842500237, 44.85579320510692 ], [ 0.90173036649698, 44.855821005772071 ], [ 0.901743009879407, 44.855821170097684 ], [ 0.901792890555734, 44.855848806402186 ], [ 0.901918169790898, 44.855895414550993 ], [ 0.901930813190659, 44.855895578855105 ], [ 0.90210597358336, 44.855969823012714 ], [ 0.902118617000451, 44.855969987295303 ], [ 0.902281365313945, 44.856035073887412 ], [ 0.902294008746267, 44.856035238149978 ], [ 0.902319064743285, 44.856044559678018 ], [ 0.902431701407985, 44.856091002988244 ], [ 0.902444344853363, 44.856091167233579 ], [ 0.902456757452822, 44.856100324485261 ], [ 0.902469400900376, 44.856100488727748 ], [ 0.902620198997514, 44.856138431557355 ], [ 0.90278433314579, 44.85614955936208 ], [ 0.902796976605406, 44.856149723567057 ], [ 0.902809620065098, 44.856149887770584 ], [ 0.902822032737225, 44.85615904498146 ], [ 0.903643396600719, 44.856187701036674 ], [ 0.903858104991701, 44.856199483664547 ], [ 0.903883391939821, 44.856199811827366 ], [ 0.903946609311412, 44.85620063220901 ], [ 0.904022239564447, 44.856210609630637 ], [ 0.904034883041461, 44.856210773693967 ], [ 0.90407281347294, 44.856211265875302 ], [ 0.904110743905087, 44.856211758043585 ], [ 0.9041486743379, 44.856212250198908 ], [ 0.904389822573475, 44.856179394831827 ], [ 0.904453270455542, 44.856171221911637 ], [ 0.904554879232246, 44.856154547958766 ], [ 0.90465625745516, 44.856146866925016 ], [ 0.904897405112012, 44.856114010451421 ], [ 0.905075104805977, 44.856089326765407 ], [ 0.905303378134678, 44.856065298475407 ], [ 0.906191412881316, 44.855959859959519 ], [ 0.906216699735002, 44.855960187588401 ], [ 0.90643209841879, 44.855944986169568 ], [ 0.906457385267177, 44.855945313743362 ], [ 0.906495545737814, 44.855936812077815 ], [ 0.906520832582885, 44.855937139637071 ], [ 0.906507285712657, 44.855478168337825 ], [ 0.908742396319451, 44.855615050915546 ], [ 0.909184913840622, 44.855620773369878 ], [ 0.911620496024375, 44.855832157286393 ], [ 0.91211267203508, 44.855874492884254 ], [ 0.912137958884813, 44.855874819158096 ], [ 0.913211504670974, 44.855933645591307 ], [ 0.913236562437696, 44.855942964642509 ], [ 0.914563666604633, 44.855978058757529 ], [ 0.914601596970807, 44.855978547324803 ], [ 0.915196068262496, 44.855977206812781 ], [ 0.915917202799193, 44.855968497171574 ], [ 0.916094897178339, 44.855943795768937 ], [ 0.916145928285782, 44.855926460419113 ], [ 0.91647648673557, 44.855858745248497 ], [ 0.91652728905977, 44.855850402758151 ], [ 0.916833016841926, 44.855764375184812 ], [ 0.916858303669432, 44.855764700378444 ], [ 0.916884047557802, 44.855747039495533 ], [ 0.917228846776111, 44.855616533426833 ], [ 0.918099556954098, 44.85519591793139 ], [ 0.918277562773413, 44.855656999455945 ], [ 0.918277334467073, 44.855665992493748 ], [ 0.91827710616066, 44.855674985531621 ], [ 0.918285411761156, 44.855846015689941 ], [ 0.918306817493419, 44.855999222211508 ], [ 0.918306589190378, 44.85600821525064 ], [ 0.918306360887265, 44.856017208289806 ], [ 0.918304077852086, 44.856107138683207 ], [ 0.918315579837176, 44.856152266310488 ], [ 0.918315351534917, 44.856161259350174 ], [ 0.918339953654992, 44.856188563324054 ], [ 0.918670511000058, 44.856120841583632 ], [ 0.918950037206655, 44.85607045552549 ], [ 0.919318295401496, 44.856012211953278 ], [ 0.919343810491915, 44.856003543536985 ], [ 0.919420127591498, 44.855986531294242 ], [ 0.919432999185114, 44.85597770055449 ], [ 0.919599873343071, 44.855880886886702 ], [ 0.919625616421109, 44.855863225364637 ], [ 0.91976697499256, 44.855775079929778 ], [ 0.919972234249783, 44.855660766407716 ], [ 0.92082321644074, 44.85551875145552 ], [ 0.921418593913901, 44.855481405301845 ], [ 0.922219224057214, 44.85532973826367 ], [ 0.92262585916204, 44.855253983541431 ], [ 0.922676432424021, 44.855254631271826 ], [ 0.922727005687169, 44.855255278979065 ], [ 0.92279022226775, 44.855256088580546 ], [ 0.922790449848488, 44.855247095535283 ], [ 0.922790905009745, 44.855229109444814 ], [ 0.922804686211723, 44.85518430613498 ], [ 0.922893644442367, 44.855167453414325 ], [ 0.923059144990864, 44.855124592828027 ], [ 0.923300732455186, 44.855073710124955 ], [ 0.923313603227942, 44.855064878936858 ], [ 0.923389917844989, 44.855047863960166 ], [ 0.923720462363303, 44.854980127151087 ], [ 0.924369133101404, 44.854835495791157 ], [ 0.924483604060697, 44.854809972215776 ], [ 0.924636231844283, 44.854775940597968 ], [ 0.924648875057664, 44.854776102302736 ], [ 0.9246870319728, 44.854767594361036 ], [ 0.92482701631319, 44.854733400779978 ], [ 0.924839659517528, 44.854733562462933 ], [ 0.925017800492565, 44.854690860633525 ], [ 0.925132043658495, 44.854674329435731 ], [ 0.925221000380278, 44.85465747484573 ], [ 0.92529481492228, 44.854739382085178 ], [ 0.925435253130008, 44.854687201637837 ], [ 0.925575463944843, 44.854644014061776 ], [ 0.925588107131182, 44.854644175659068 ], [ 0.925639134119844, 44.854626835936465 ], [ 0.926123434852135, 44.854480093501479 ], [ 0.926161818378765, 44.854462592002754 ], [ 0.926569803691802, 44.854332864507619 ], [ 0.926659213352163, 44.854298022663968 ], [ 0.926990657110356, 44.854194303900975 ], [ 0.927092482483397, 44.854168616193959 ], [ 0.927105352451058, 44.854159784567862 ], [ 0.927564359211389, 44.85401271300033 ], [ 0.927679280618667, 44.85396920002438 ], [ 0.927921539167232, 44.853891328097234 ], [ 0.927947051962036, 44.85388265770311 ], [ 0.92795992172943, 44.853873825978596 ], [ 0.928010947283346, 44.853856485166865 ], [ 0.928087939005382, 44.853812487804269 ], [ 0.928100808734474, 44.853803656063604 ], [ 0.92817757360293, 44.853768651689919 ], [ 0.92844670322138, 44.853628149865202 ], [ 0.928548980199574, 44.853584474722005 ], [ 0.928600231949867, 44.853558140589897 ], [ 0.928715604867777, 44.853496640444213 ], [ 0.928728474425486, 44.853487808631662 ], [ 0.92874134397914, 44.853478976817655 ], [ 0.928793728594789, 44.853407677345039 ], [ 0.928924916139451, 44.853220435514089 ], [ 0.92895110822641, 44.853184785740972 ], [ 0.928951334810475, 44.853175792691047 ], [ 0.928977526859777, 44.85314014291238 ], [ 0.92908252128615, 44.852988550691123 ], [ 0.929108713164556, 44.852952900884105 ], [ 0.929318020469487, 44.852676695272123 ], [ 0.929396595118447, 44.852569745680519 ], [ 0.929409690864126, 44.852551920743593 ], [ 0.929423239612956, 44.852516109708361 ], [ 0.929435882330505, 44.852516270865515 ], [ 0.929698021622445, 44.852150778724869 ], [ 0.929710664258401, 44.852150939850603 ], [ 0.92999921721124, 44.85174080406712 ], [ 0.930012086163692, 44.851731972111622 ], [ 0.930038276863971, 44.85169632210301 ], [ 0.930103979861743, 44.851598204010159 ], [ 0.930143265718289, 44.851544728965401 ], [ 0.930195873121287, 44.851464435839716 ], [ 0.930164058003588, 44.851221140393847 ], [ 0.930176926810792, 44.851212308421125 ], [ 0.930202438037695, 44.851203637516484 ], [ 0.930215306834834, 44.851194805539301 ], [ 0.930292293171812, 44.851150806690988 ], [ 0.930318030709474, 44.851133142714772 ], [ 0.930485097979676, 44.851027319771468 ], [ 0.930548988862044, 44.851001145800133 ], [ 0.930689412815545, 44.850948958761357 ], [ 0.930778588237468, 44.850923106681407 ], [ 0.930829610234094, 44.850905764590621 ], [ 0.930868216111841, 44.850879268439193 ], [ 0.93102196053138, 44.850800262837389 ], [ 0.931034829106833, 44.850791430766343 ], [ 0.931137551341072, 44.850729767190806 ], [ 0.931278652668898, 44.850650600274463 ], [ 0.931381374376943, 44.850588936476015 ], [ 0.931574627158441, 44.850447461596211 ], [ 0.931626100763775, 44.8504121330513 ], [ 0.931664705925202, 44.85038563662723 ], [ 0.931805805642602, 44.850306469049563 ], [ 0.931882563409519, 44.850271462155206 ], [ 0.931895431728029, 44.850262629985963 ], [ 0.931908300042483, 44.850253797815263 ], [ 0.931934036659233, 44.850236133469537 ], [ 0.931947357144615, 44.850209315204445 ], [ 0.931960451527989, 44.850191489983004 ], [ 0.931974224164096, 44.85014668562561 ], [ 0.9319749024245, 44.850119706491384 ], [ 0.931975128511156, 44.850110713446725 ], [ 0.931988448947084, 44.850083895178095 ], [ 0.931988675031424, 44.850074902133521 ], [ 0.932001769370271, 44.850057076908158 ], [ 0.932001995452364, 44.850048083863662 ], [ 0.932041278412429, 44.849994608179166 ], [ 0.932054146642392, 44.849985775992486 ], [ 0.932105619521706, 44.849950447231194 ], [ 0.932118487731399, 44.849941615037196 ], [ 0.932131355937037, 44.849932782841741 ], [ 0.932169960529625, 44.849906286246572 ], [ 0.932182602666566, 44.84990644708958 ], [ 0.932195470854033, 44.8498976148868 ], [ 0.932208339037445, 44.849888782682577 ], [ 0.932220981170548, 44.849888943521158 ], [ 0.932233849347952, 44.849880111313958 ], [ 0.932297738106626, 44.849853936344701 ], [ 0.932412421300559, 44.849819411569889 ], [ 0.932514688241494, 44.849775732828526 ], [ 0.932616955023088, 44.849732053993378 ], [ 0.932630501041912, 44.849696242607223 ], [ 0.932643369110576, 44.849687410353106 ], [ 0.932771371703717, 44.849626066864353 ], [ 0.93283525992196, 44.84959989158726 ], [ 0.932873186131466, 44.849600373883582 ], [ 0.932886054139897, 44.849591541601562 ], [ 0.932898696207923, 44.84959170236263 ], [ 0.932911564210346, 44.849582870077668 ], [ 0.932924206276488, 44.849583030835831 ], [ 0.932924432208712, 44.84957403779125 ], [ 0.932963488031123, 44.849529554834184 ], [ 0.932963713956833, 44.849520561789703 ], [ 0.932989449904482, 44.849502897203713 ], [ 0.933002317872225, 44.849494064908512 ], [ 0.933054015613596, 44.849449742668661 ], [ 0.93306665765013, 44.849449903410523 ], [ 0.933079525593549, 44.849441071106526 ], [ 0.933156507274708, 44.849397070296213 ], [ 0.933182243104929, 44.849379405666276 ], [ 0.933233488835038, 44.849353069433128 ], [ 0.933412735584985, 44.849265388954521 ], [ 0.933425377580981, 44.84926554965535 ], [ 0.933489265083094, 44.849239374004263 ], [ 0.933515000736092, 44.849221709298 ], [ 0.933579113972061, 44.849186540551202 ], [ 0.933630133522142, 44.849169197180657 ], [ 0.933642775497072, 44.849169357856596 ], [ 0.933655869098547, 44.849151532442129 ], [ 0.933719756363133, 44.849125356659151 ], [ 0.933732398328435, 44.849125517324815 ], [ 0.933732624129182, 44.849116524280319 ], [ 0.933898775850901, 44.849046668445055 ], [ 0.933924285516807, 44.849037996689454 ], [ 0.934039643293218, 44.848976491105347 ], [ 0.934115946367555, 44.848959468768868 ], [ 0.934128588296589, 44.848959629389256 ], [ 0.934230400892192, 44.848933935165711 ], [ 0.934331987690744, 44.848917233893509 ], [ 0.93433221339448, 44.848908240848623 ], [ 0.934344855312581, 44.848908401444255 ], [ 0.934383232458362, 44.848890897132534 ], [ 0.934498138075124, 44.84884737716326 ], [ 0.934549382700851, 44.848821040325994 ], [ 0.934690023116282, 44.848759855208996 ], [ 0.934728400052625, 44.848742350778551 ], [ 0.934741041934459, 44.848742511328865 ], [ 0.93486858884181, 44.848699151526098 ], [ 0.934881456329067, 44.848690319015141 ], [ 0.934919833158049, 44.848672814518793 ], [ 0.934957984360759, 44.848664303054427 ], [ 0.934970851825938, 44.848655470533231 ], [ 0.934983493688875, 44.84865563105582 ], [ 0.935060021625876, 44.848629615024812 ], [ 0.93511126578864, 44.84860327792957 ], [ 0.935086433248704, 44.848584970821747 ], [ 0.935049635643641, 44.848539524059852 ], [ 0.935062503065742, 44.848530691528445 ], [ 0.93507537048379, 44.848521858995611 ], [ 0.935088237897785, 44.848513026461291 ], [ 0.935385089430378, 44.848273905588627 ], [ 0.935449876974733, 44.848211756637596 ], [ 0.935682163914595, 44.848025790898639 ], [ 0.935721216470616, 44.847981306996381 ], [ 0.936397763055981, 44.847729009842858 ], [ 0.936538173370258, 44.847676815447322 ], [ 0.93676797610387, 44.847589770955054 ], [ 0.936780843037317, 44.84758093822721 ], [ 0.936793484663162, 44.847581098542733 ], [ 0.936806351590602, 44.84757226581192 ], [ 0.936997778123969, 44.847502725988299 ], [ 0.937202071013661, 44.847424353058898 ], [ 0.937214937840765, 44.847415520281125 ], [ 0.937265954654644, 44.847398175245594 ], [ 0.937495755116393, 44.847311129250663 ], [ 0.937508396683449, 44.847311289484388 ], [ 0.937546771748417, 44.847293784086268 ], [ 0.93755941331171, 44.847293944314195 ], [ 0.937636163362084, 44.847258933469611 ], [ 0.937725554864627, 44.847224082781167 ], [ 0.937738421563304, 44.847215249943226 ], [ 0.937776796490724, 44.847197744465959 ], [ 0.937789438033022, 44.847197904667546 ], [ 0.937904562659997, 44.84714538814351 ], [ 0.937904787783586, 44.847136395098076 ], [ 0.937917429312417, 44.847136555285019 ], [ 0.937917654433906, 44.847127562239571 ], [ 0.937968670768391, 44.847110216881852 ], [ 0.937981537402642, 44.847101384016014 ], [ 0.938058512024465, 44.847057379835775 ], [ 0.938135261439373, 44.847022368648226 ], [ 0.938263702070244, 44.846943032778952 ], [ 0.938596880972243, 44.846767335187089 ], [ 0.938673854652542, 44.846723330584609 ], [ 0.938751053198006, 44.846670332883967 ], [ 0.938763919608059, 44.846661499928707 ], [ 0.93863908039693, 44.846596947647598 ], [ 0.938376761457617, 44.846467682533834 ], [ 0.938376986502747, 44.846458689489985 ], [ 0.938314454782267, 44.846430909672485 ], [ 0.938189616602012, 44.84636635688905 ], [ 0.938152142695917, 44.84634789033111 ], [ 0.93787740984687, 44.846209470841075 ], [ 0.937903818086412, 44.846164826010209 ], [ 0.937968825511089, 44.846093682596468 ], [ 0.938099290040738, 44.845933409577761 ], [ 0.93834690053636, 44.845639682096682 ], [ 0.93835954172901, 44.845639842233105 ], [ 0.938359991818075, 44.845621856151553 ], [ 0.938815481807232, 44.845105863652982 ], [ 0.938815706776531, 44.84509687061324 ], [ 0.938828572815343, 44.845088037656353 ], [ 0.939062859968181, 44.844821127708684 ], [ 0.939088816761623, 44.844794468698751 ], [ 0.939166686993856, 44.844714491634129 ], [ 0.939336641927445, 44.844491746102811 ], [ 0.939225750737836, 44.843869626227701 ], [ 0.938921471863361, 44.8439017570728 ], [ 0.938807254712597, 44.843918302441494 ], [ 0.938389433060084, 44.843939997967205 ], [ 0.938225102542014, 44.843937916124197 ], [ 0.937997793094462, 44.843926040134996 ], [ 0.937972511484036, 44.843925719777765 ], [ 0.937833687753905, 44.843914964675974 ], [ 0.937354463312175, 44.843863911023249 ], [ 0.937215865074487, 44.843844162112973 ], [ 0.93687569029366, 44.843794869230095 ], [ 0.936347031511569, 44.843698204820981 ], [ 0.936233940904809, 44.843669782379379 ], [ 0.935995344721908, 44.84360378371521 ], [ 0.935505513345378, 44.84347162438393 ], [ 0.934728107661838, 44.843209868230403 ], [ 0.93457754826029, 44.843162976388292 ], [ 0.933787736392517, 44.842892060053558 ], [ 0.932921637368033, 44.842638159614879 ], [ 0.932858886696311, 44.842619369768542 ], [ 0.93251962705213, 44.842534091417029 ], [ 0.932055094101819, 44.842402238441764 ], [ 0.932550118671404, 44.841823803900027 ], [ 0.932550344632345, 44.841814810884564 ], [ 0.932563210904975, 44.841805978669022 ], [ 0.932589395347148, 44.841770328202848 ], [ 0.932797740086433, 44.84153008934306 ], [ 0.93279796600648, 44.841521096328236 ], [ 0.932940848992371, 44.841369983483879 ], [ 0.932941074888819, 44.841360990469347 ], [ 0.932966355314114, 44.841361311978247 ], [ 0.932966581206436, 44.841352318963729 ], [ 0.933004727725012, 44.841343808201557 ], [ 0.933195460144201, 44.84130125419361 ], [ 0.933640802374617, 44.841189969544303 ], [ 0.933653442550683, 44.841190130219402 ], [ 0.934111423142011, 44.841079004352558 ], [ 0.934505975632071, 44.840976066743139 ], [ 0.934518615762401, 44.84097622731926 ], [ 0.934531481532605, 44.840967394877772 ], [ 0.934544347298756, 44.840958562434807 ], [ 0.934544572936385, 44.840949569418655 ], [ 0.934544798573944, 44.840940576402495 ], [ 0.93454502421143, 44.840931583386414 ], [ 0.934532384091089, 44.84093142281332 ], [ 0.934519969612286, 44.840922269222787 ], [ 0.934507555137535, 44.840913115630883 ], [ 0.934255204197544, 44.840891917777434 ], [ 0.934242564086975, 44.840891757171157 ], [ 0.93369994249214, 44.840848877676699 ], [ 0.933687302392865, 44.840848717006857 ], [ 0.933535847006149, 44.840837795842653 ], [ 0.933270856681694, 44.840816435052382 ], [ 0.933258216590962, 44.840816274333505 ], [ 0.933056201024825, 44.840804709621708 ], [ 0.932993226473981, 44.840794912877399 ], [ 0.932980586388895, 44.840794752126698 ], [ 0.932967946303881, 44.840794591374589 ], [ 0.932968172193664, 44.840785598362153 ], [ 0.93295553211075, 44.840785437608595 ], [ 0.932955758002486, 44.840776444596209 ], [ 0.932968398083375, 44.840776605349717 ], [ 0.933096154111395, 44.840724254729949 ], [ 0.933096379980333, 44.840715261717548 ], [ 0.933504700834746, 44.840567523377395 ], [ 0.933555712565948, 44.840550180106064 ], [ 0.933555938360486, 44.840541187093365 ], [ 0.933568804182503, 44.84053235476555 ], [ 0.933594535814377, 44.840514690105422 ], [ 0.933607627410304, 44.840496864760567 ], [ 0.933620944781732, 44.840470046401727 ], [ 0.933612820469887, 44.840290025478836 ], [ 0.933613272038474, 44.840272039455151 ], [ 0.933601083641822, 44.84025389275191 ], [ 0.933588895253059, 44.840235746047433 ], [ 0.933576481082282, 44.840226592353297 ], [ 0.933551426959003, 44.840217277972421 ], [ 0.93353878700252, 44.840217117285626 ], [ 0.933501092935497, 44.840207642205094 ], [ 0.933501318737413, 44.840198649193745 ], [ 0.933476038833207, 44.840198327807165 ], [ 0.933463398881212, 44.840198167111723 ], [ 0.93345075892929, 44.840198006414838 ], [ 0.933387559170768, 44.840197202908627 ], [ 0.933285987888098, 44.840213903245342 ], [ 0.933222562267379, 44.840222092655722 ], [ 0.933070205179358, 44.840247142898626 ], [ 0.933006779489532, 44.840255332185244 ], [ 0.932918073850928, 44.840263199921267 ], [ 0.93266437081897, 44.840295956500498 ], [ 0.932651730847296, 44.840295795712173 ], [ 0.932639090875696, 44.840295634922406 ], [ 0.932626450904169, 44.840295474131182 ], [ 0.932855777649222, 44.840226424069506 ], [ 0.932893923418706, 44.840217913349868 ], [ 0.933110609577389, 44.840148701999574 ], [ 0.933123475379496, 44.840139869724993 ], [ 0.933136115317374, 44.840140030459395 ], [ 0.933136341177551, 44.840131037448984 ], [ 0.933136567037654, 44.840122044438658 ], [ 0.933365892445327, 44.840052993323567 ], [ 0.933633362780542, 44.839975430760738 ], [ 0.93372274515989, 44.839940583418986 ], [ 0.934105553295036, 44.839801514582724 ], [ 0.934118193159463, 44.83980167520474 ], [ 0.934373247067838, 44.839714957226846 ], [ 0.934449763086528, 44.839688941719302 ], [ 0.934692176148265, 44.839602062425527 ], [ 0.934704815969416, 44.83960222298041 ], [ 0.93473054681663, 44.839584558062846 ], [ 0.93474296103366, 44.839593711624858 ], [ 0.934755600853075, 44.839593872173907 ], [ 0.934781106086325, 44.839585200256145 ], [ 0.934895766750526, 44.83955067305952 ], [ 0.934908406560676, 44.839550833591133 ], [ 0.935023067076226, 44.839516306262965 ], [ 0.935035706878996, 44.839516466779997 ], [ 0.935188737689043, 44.839464434799403 ], [ 0.935201377480594, 44.83946459529745 ], [ 0.935277667259534, 44.839447572231393 ], [ 0.935290532559459, 44.839438739707269 ], [ 0.935315812131633, 44.839439060678707 ], [ 0.9353410917041, 44.83943938164429 ], [ 0.935353956992156, 44.839430549112812 ], [ 0.935391876345535, 44.839431030545995 ], [ 0.935404516130139, 44.8394311910208 ], [ 0.935518499670132, 44.839423642216843 ], [ 0.935531139453435, 44.839423802677196 ], [ 0.935607203615806, 44.839415772396315 ], [ 0.935670402525436, 44.839416574632857 ], [ 0.93568304230758, 44.839416735075837 ], [ 0.935695682089796, 44.839416895517324 ], [ 0.935708321872083, 44.839417055957405 ], [ 0.935720961654443, 44.839417216396029 ], [ 0.935822079915932, 44.839418499853004 ], [ 0.935834719698943, 44.839418660278575 ], [ 0.935923198182049, 44.839419783217394 ], [ 0.93593583796564, 44.839419943631434 ], [ 0.935998811486452, 44.839429738693354 ], [ 0.936062010417429, 44.839430540705798 ], [ 0.936074650203841, 44.839430701103993 ], [ 0.936112344183452, 44.839440175303402 ], [ 0.936112569563511, 44.8394311822898 ], [ 0.936138525264571, 44.839404524032254 ], [ 0.93612656161689, 44.839377384600887 ], [ 0.936126786994415, 44.839368391587456 ], [ 0.93605387841972, 44.839250520042924 ], [ 0.936054103808392, 44.839241527030111 ], [ 0.936042591017088, 44.839196401566113 ], [ 0.936030176675871, 44.839187248151703 ], [ 0.936018663914962, 44.839142122686184 ], [ 0.936019565490065, 44.839106150636987 ], [ 0.936032881377725, 44.839079332003344 ], [ 0.936059513114837, 44.839025694732229 ], [ 0.936111649545679, 44.838963385233335 ], [ 0.936124739979318, 44.83894555960206 ], [ 0.9361249653554, 44.838936566590213 ], [ 0.936125416107348, 44.838918580566656 ], [ 0.936113903324956, 44.838873455116044 ], [ 0.936102165181826, 44.838837322676426 ], [ 0.936115255589053, 44.83881949704719 ], [ 0.936141436378536, 44.838783845784555 ], [ 0.936141661751291, 44.838774852773234 ], [ 0.93616716639769, 44.838766180538705 ], [ 0.936167391766247, 44.838757187527413 ], [ 0.936231491374653, 44.838722017398389 ], [ 0.936295590902657, 44.838686847232729 ], [ 0.936320870141635, 44.838687167974207 ], [ 0.936333509761233, 44.838687328342814 ], [ 0.936371428620462, 44.838687809439826 ], [ 0.936572986637711, 44.838717354106493 ], [ 0.936598265892028, 44.838717674784498 ], [ 0.936610905519296, 44.838717835121329 ], [ 0.936879266013408, 44.838604292701049 ], [ 0.936892130867607, 44.838595459993641 ], [ 0.937045382668659, 44.838534432450992 ], [ 0.937058022255904, 44.8385345927367 ], [ 0.937160039790236, 44.838499902920873 ], [ 0.937160264998499, 44.838490909908671 ], [ 0.937198859338122, 44.83846441168523 ], [ 0.937211498910024, 44.838464571953367 ], [ 0.937276047907949, 44.838411415198848 ], [ 0.937288687468127, 44.838411575458181 ], [ 0.937288912655403, 44.838402582446015 ], [ 0.93731486732116, 44.838375923923834 ], [ 0.93732750687345, 44.838376084178684 ], [ 0.937327732054356, 44.838367091166567 ], [ 0.937366326229634, 44.83834059288607 ], [ 0.937366551404173, 44.838331599874024 ], [ 0.937405145536681, 44.838305101580367 ], [ 0.937418010239412, 44.838296268812876 ], [ 0.937443739632714, 44.838278603273544 ], [ 0.937456604323286, 44.838269770501668 ], [ 0.937610079754949, 44.838199749172759 ], [ 0.937622944401233, 44.838190916381841 ], [ 0.937699907073558, 44.838146912617468 ], [ 0.937712546575329, 44.838147072828271 ], [ 0.937828102892544, 44.838076570563551 ], [ 0.937840967476229, 44.838067737747693 ], [ 0.937905065246956, 44.838032566658448 ], [ 0.937905290333864, 44.83802357364651 ], [ 0.937931019448549, 44.83800590799575 ], [ 0.937943883999814, 44.837997075168211 ], [ 0.937957198703837, 44.837970256315394 ], [ 0.937984278221227, 44.837898632582551 ], [ 0.937984503294894, 44.837889639570932 ], [ 0.938010457392575, 44.837862980891195 ], [ 0.938049050898309, 44.837836482377966 ], [ 0.938061915392114, 44.83782764953731 ], [ 0.938100058739728, 44.837819137029605 ], [ 0.938125562648607, 44.83781046434666 ], [ 0.938138202075763, 44.837810624508762 ], [ 0.93821403864022, 44.837811585451121 ], [ 0.938226678067882, 44.837811745603162 ], [ 0.938264821379668, 44.837803233038635 ], [ 0.938277460805593, 44.837803393184799 ], [ 0.938315829124108, 44.837785887590904 ], [ 0.938328468546269, 44.83778604773125 ], [ 0.938533624117817, 44.837671700623126 ], [ 0.938546488497499, 44.837662867726635 ], [ 0.938623224750322, 44.837627856340973 ], [ 0.938648728491299, 44.83761918353796 ], [ 0.938687096567885, 44.837601677816544 ], [ 0.938712375331363, 44.837601998010882 ], [ 0.938737879046793, 44.837593325187413 ], [ 0.938762932859187, 44.837602638382201 ], [ 0.938775572241323, 44.837602798471373 ], [ 0.938787761736199, 44.837620944583449 ], [ 0.938787536792425, 44.837629937595658 ], [ 0.938799726297074, 44.837648083706604 ], [ 0.93878686196067, 44.837656916632476 ], [ 0.938748268927149, 44.837683415401273 ], [ 0.938722765172354, 44.837692088227485 ], [ 0.938709900813735, 44.837700921144538 ], [ 0.938697036451062, 44.837709754060121 ], [ 0.938684172084338, 44.837718586974283 ], [ 0.938683947123562, 44.837727579986634 ], [ 0.938696586533632, 44.837727740084887 ], [ 0.938696361574807, 44.837736733097302 ], [ 0.938721415444374, 44.837746046301994 ], [ 0.938759333687612, 44.837746526579522 ], [ 0.938772198048907, 44.837737693656528 ], [ 0.938950724258485, 44.837676983669105 ], [ 0.939001956585483, 44.83765064489301 ], [ 0.939052963963134, 44.837633299106187 ], [ 0.939065828252204, 44.837624466149428 ], [ 0.939181156910791, 44.837562955498328 ], [ 0.939283845955598, 44.83750128469886 ], [ 0.939373670578393, 44.837448446799009 ], [ 0.939386309927522, 44.83744860681832 ], [ 0.939501637872922, 44.837387095837414 ], [ 0.939603651808126, 44.837352403783015 ], [ 0.939616291136264, 44.837352563776086 ], [ 0.939807454521026, 44.83729201240633 ], [ 0.939883964712648, 44.837265993163662 ], [ 0.939897053550958, 44.837248167098586 ], [ 0.93990991761873, 44.837239334045044 ], [ 0.939897503079519, 44.837230181072705 ], [ 0.93989772784369, 44.837221188059779 ], [ 0.939897952607789, 44.837212195046931 ], [ 0.939885313310484, 44.837212035086125 ], [ 0.939872898781332, 44.837202882111072 ], [ 0.939835430444247, 44.837184416190375 ], [ 0.939785772408974, 44.837147804260049 ], [ 0.939773357910287, 44.837138651274053 ], [ 0.939773582693999, 44.837129658261702 ], [ 0.93978622197242, 44.837129818235333 ], [ 0.939786446754033, 44.837120825223018 ], [ 0.939850766993416, 44.837076660007455 ], [ 0.939850991764469, 44.837067666995203 ], [ 0.939889359088419, 44.837050160860535 ], [ 0.939889583853174, 44.837041167848319 ], [ 0.939902672637224, 44.837023341784224 ], [ 0.939902897399737, 44.83701434877208 ], [ 0.939903122162178, 44.837005355759977 ], [ 0.939903346924547, 44.836996362747904 ], [ 0.939891157204446, 44.836978216763704 ], [ 0.939879192258294, 44.836951077766386 ], [ 0.939854812861299, 44.836914785792075 ], [ 0.939867901626903, 44.836896959733039 ], [ 0.939970813447826, 44.836826295301428 ], [ 0.939983452658436, 44.836826455252471 ], [ 0.939983677407205, 44.83681746224088 ], [ 0.940010079547093, 44.836772817080913 ], [ 0.940010304291379, 44.836763824069465 ], [ 0.94008771259519, 44.83670183264676 ], [ 0.940152032116748, 44.836657667263729 ], [ 0.940177759897003, 44.83664000110025 ], [ 0.940177984613866, 44.836631008088965 ], [ 0.940255167844789, 44.836578009563489 ], [ 0.940396220693463, 44.836498831485549 ], [ 0.940447675938179, 44.836463499041479 ], [ 0.940460539739228, 44.836454665926802 ], [ 0.940473403536224, 44.836445832810668 ], [ 0.940563674655717, 44.836375007945584 ], [ 0.940589402176623, 44.836357341688384 ], [ 0.940602265930998, 44.836348508557641 ], [ 0.940716916393253, 44.836313975370061 ], [ 0.940729780117595, 44.836305142224631 ], [ 0.940742643837885, 44.836296309077689 ], [ 0.940755507554122, 44.836287475929325 ], [ 0.94076859588701, 44.836269649768376 ], [ 0.940768820507642, 44.836260656757347 ], [ 0.940769045128201, 44.836251663746289 ], [ 0.940769269748686, 44.836242670735295 ], [ 0.940769718989445, 44.836224684713407 ], [ 0.940770392850039, 44.83619770568081 ], [ 0.940770617470095, 44.836188712670022 ], [ 0.940770842090077, 44.836179719659263 ], [ 0.94078370577513, 44.836170886508 ], [ 0.940783930392942, 44.836161893497284 ], [ 0.94082252141749, 44.836135394034855 ], [ 0.940822746028937, 44.836126401024188 ], [ 0.940835385084236, 44.836126560877787 ], [ 0.940848248746928, 44.836117727719255 ], [ 0.940886615109666, 44.83610022124553 ], [ 0.940899254159247, 44.836100381091796 ], [ 0.940937171308423, 44.836100860621947 ], [ 0.940949810358293, 44.836101020462486 ], [ 0.940962449408236, 44.836101180301547 ], [ 0.940975088458248, 44.836101340139152 ], [ 0.940987952093152, 44.836092506964455 ], [ 0.941000591141285, 44.836092666799154 ], [ 0.941026767551998, 44.836057014420788 ], [ 0.94106625667753, 44.835994542831877 ], [ 0.941079120273577, 44.835985709646955 ], [ 0.941091983865571, 44.835976876460613 ], [ 0.941104847453512, 44.83596804327275 ], [ 0.941130125494412, 44.835968362913952 ], [ 0.941155403535601, 44.83596868254935 ], [ 0.941155628092997, 44.835959689538669 ], [ 0.941206184168135, 44.835960328792012 ], [ 0.941269379263678, 44.835961127826231 ], [ 0.941282018283003, 44.835961287628741 ], [ 0.941307520854879, 44.8359526142184 ], [ 0.941384253043743, 44.835917600941372 ], [ 0.941435482620497, 44.835891261057014 ], [ 0.941460985136795, 44.835882587611557 ], [ 0.941512214645522, 44.835856247692057 ], [ 0.941576083096718, 44.835830067517954 ], [ 0.941601585563443, 44.835821394040259 ], [ 0.941665678408133, 44.835786220803833 ], [ 0.941742185683252, 44.835760200291681 ], [ 0.941742410145719, 44.835751207280595 ], [ 0.941831556305185, 44.835725346455341 ], [ 0.941869697650682, 44.835716832654384 ], [ 0.941920702382435, 44.835699485558457 ], [ 0.94193334134465, 44.835699645286432 ], [ 0.94193356577622, 44.835690652275247 ], [ 0.942048662899647, 44.83563813169377 ], [ 0.94212516979504, 44.835612110918113 ], [ 0.942125394195497, 44.835603117906864 ], [ 0.942138033136576, 44.835603277611398 ], [ 0.942150896474061, 44.835594444303247 ], [ 0.942163535413258, 44.835594604004896 ], [ 0.94218903768205, 44.835585930392497 ], [ 0.942201676619436, 44.835586090089805 ], [ 0.942214539942954, 44.835577256774307 ], [ 0.942277958997055, 44.83556906222023 ], [ 0.942316100168492, 44.835560548265754 ], [ 0.942328739100521, 44.835560707948517 ], [ 0.942366880258567, 44.835552193976511 ], [ 0.942367104620025, 44.835543200964985 ], [ 0.942379743548289, 44.835543360641914 ], [ 0.942431196666652, 44.835508027288803 ], [ 0.942431421017619, 44.835499034277312 ], [ 0.942469562118131, 44.83549052027012 ], [ 0.942494839951571, 44.835490839599096 ], [ 0.942507703207065, 44.835482006249812 ], [ 0.942558931858242, 44.835455665849615 ], [ 0.942571570767325, 44.835455825504575 ], [ 0.942571795095573, 44.835446832493034 ], [ 0.94266138901623, 44.835402984978884 ], [ 0.942674027913731, 44.835403144622148 ], [ 0.942686666811306, 44.83540330426397 ], [ 0.942699305708953, 44.835403463904349 ], [ 0.942699081401326, 44.835412456915968 ], [ 0.94271172030107, 44.835412616554912 ], [ 0.942711495995398, 44.835421609566652 ], [ 0.942710823077949, 44.835448588602006 ], [ 0.942710598771988, 44.835457581613873 ], [ 0.942710374465956, 44.835466574625734 ], [ 0.942709477241108, 44.835502546673617 ], [ 0.942709252934717, 44.835511539685626 ], [ 0.942709028628253, 44.835520532697743 ], [ 0.942708804321717, 44.835529525709873 ], [ 0.94272121894329, 44.835538678359853 ], [ 0.942771550360188, 44.835548309909086 ], [ 0.942884852181046, 44.835567732558005 ], [ 0.942884627902517, 44.835576725570604 ], [ 0.942897266839809, 44.835576885188324 ], [ 0.942934959381628, 44.835586357045521 ], [ 0.942947374052691, 44.83559550967027 ], [ 0.942960012994397, 44.835595669280814 ], [ 0.942972427671613, 44.835604821902827 ], [ 0.943009671727573, 44.835632279760581 ], [ 0.943022310677744, 44.835632439363941 ], [ 0.943022086420996, 44.835641432377109 ], [ 0.943034725373266, 44.835641591979076 ], [ 0.943047364325606, 44.835641751579587 ], [ 0.943060227528686, 44.835632918165452 ], [ 0.943072866479145, 44.835633077763063 ], [ 0.943073090727715, 44.835624084749874 ], [ 0.94308595392269, 44.835615251332783 ], [ 0.943086178169088, 44.835606258319636 ], [ 0.943086402415417, 44.83559726530649 ], [ 0.943062021531438, 44.835560974060932 ], [ 0.943062245781457, 44.835551981047992 ], [ 0.943050055353182, 44.83553383542349 ], [ 0.943050279605014, 44.835524842410699 ], [ 0.943063142780819, 44.835516008996656 ], [ 0.94306336703048, 44.835507015983879 ], [ 0.943076230200134, 44.835498182568394 ], [ 0.943088869120272, 44.835498342164151 ], [ 0.943101732283921, 44.835489508745724 ], [ 0.943127010120505, 44.835489827930019 ], [ 0.943139649038905, 44.835489987519985 ], [ 0.943228121469719, 44.835491104609304 ], [ 0.943266038226864, 44.835491583340179 ], [ 0.943278677146054, 44.835491742914272 ], [ 0.943304403406479, 44.835474076031801 ], [ 0.943317042321833, 44.835474235601474 ], [ 0.943342544357486, 44.835465561723339 ], [ 0.943407084091992, 44.835412401456487 ], [ 0.943419722993738, 44.835412561014422 ], [ 0.943419947185807, 44.83540356800134 ], [ 0.943471175336866, 44.835377227179187 ], [ 0.943483814230869, 44.835377386729796 ], [ 0.943535042328014, 44.83535104587834 ], [ 0.9435479053876, 44.835342212408541 ], [ 0.943611548142096, 44.835325024076823 ], [ 0.943637050064347, 44.835316350131308 ], [ 0.943662327825929, 44.835316669193091 ], [ 0.943675190857582, 44.835307835708598 ], [ 0.94372597051637, 44.835299480795697 ], [ 0.943776526025628, 44.835300118872844 ], [ 0.943789389035497, 44.835291285375121 ], [ 0.943802027911037, 44.835291444889329 ], [ 0.943827529788557, 44.835282770899916 ], [ 0.943840168662288, 44.835282930409761 ], [ 0.943840392786412, 44.835273937396366 ], [ 0.943878533519931, 44.835265422903646 ], [ 0.943878757637833, 44.835256429890222 ], [ 0.943891620621579, 44.835247596380789 ], [ 0.943981661394332, 44.835185761773694 ], [ 0.944007611389785, 44.835159101716577 ], [ 0.944033337267984, 44.83514143466698 ], [ 0.944045976110446, 44.835141594153249 ], [ 0.944046200201004, 44.835132601139946 ], [ 0.944097203728162, 44.835115253043881 ], [ 0.944173708959732, 44.835089230855836 ], [ 0.944186571858668, 44.835080397312701 ], [ 0.94432671920988, 44.835037186321735 ], [ 0.944326943255002, 44.83502819330829 ], [ 0.944415863042614, 44.835011323419664 ], [ 0.94442872588554, 44.835002489848641 ], [ 0.944479505155588, 44.834994134590552 ], [ 0.944492143966123, 44.834994294025819 ], [ 0.944542923219304, 44.834985938738619 ], [ 0.944618980071687, 44.834977902270992 ], [ 0.944656896493726, 44.834978380524547 ], [ 0.944682398096664, 44.834969706339066 ], [ 0.944759126833593, 44.834934690733562 ], [ 0.944771765631527, 44.834934850136854 ], [ 0.944835855474709, 44.834899675075341 ], [ 0.945002175180424, 44.834820809963546 ], [ 0.945015037887301, 44.834811976324971 ], [ 0.945027900590127, 44.834803142684976 ], [ 0.945296673085759, 44.834671593990137 ], [ 0.945398902367979, 44.834627903613097 ], [ 0.945399126239534, 44.834618910599069 ], [ 0.945718899420152, 44.83447001217209 ], [ 0.94580848931967, 44.834426162125055 ], [ 0.945923580219006, 44.834373637536565 ], [ 0.946051757097411, 44.834303286057917 ], [ 0.946090120594477, 44.834285777791422 ], [ 0.946102759249953, 44.834285937042424 ], [ 0.946153985120014, 44.834259594989305 ], [ 0.946230711966587, 44.834224578372783 ], [ 0.946345802056799, 44.834172053349114 ], [ 0.946473977944827, 44.834101701386899 ], [ 0.946691518357678, 44.833996491537519 ], [ 0.946896195756942, 44.83390011512013 ], [ 0.94692169652322, 44.833891440421972 ], [ 0.946934335092191, 44.833891599577839 ], [ 0.947139235280567, 44.833786229700785 ], [ 0.947215960864356, 44.833751212407336 ], [ 0.947241685086024, 44.833733544621573 ], [ 0.947330825502302, 44.833707679382648 ], [ 0.947343464031023, 44.833707838491712 ], [ 0.947470743464959, 44.833673457444327 ], [ 0.947471190535915, 44.833655471415298 ], [ 0.947484052586615, 44.833646637493821 ], [ 0.947484276119891, 44.833637644479332 ], [ 0.947510670791744, 44.83359299758888 ], [ 0.947510894320536, 44.83358400457454 ], [ 0.947524203401764, 44.833557184620197 ], [ 0.947524426928243, 44.833548191606006 ], [ 0.947524650454652, 44.833539198591829 ], [ 0.947604057621817, 44.833396264866735 ], [ 0.947604281134849, 44.833387271852985 ], [ 0.947684358382709, 44.833217359039828 ], [ 0.947696996801938, 44.833217518108455 ], [ 0.947724285078313, 44.833136899122557 ], [ 0.947737146970215, 44.83312806517354 ], [ 0.947737370460838, 44.833119072160549 ], [ 0.948043694518894, 44.832493219362568 ], [ 0.948043917957829, 44.832484226351276 ], [ 0.948083843615657, 44.832403766328781 ], [ 0.948123098882237, 44.832350285327252 ], [ 0.948123322307871, 44.832341292316329 ], [ 0.948309640057817, 44.831965811999801 ], [ 0.948536549754009, 44.831482892246918 ], [ 0.948536773109889, 44.831473899238425 ], [ 0.948602866742689, 44.831357784970713 ], [ 0.948709553959059, 44.831134231439961 ], [ 0.94870977728581, 44.831125238432421 ], [ 0.948723085210245, 44.831098418361314 ], [ 0.948749924340893, 44.831035785207881 ], [ 0.948750147660777, 44.831026792200632 ], [ 0.948750594300334, 44.83100880618624 ], [ 0.948764125495053, 44.830972993104417 ], [ 0.948764348812412, 44.830964000097353 ], [ 0.948765465398129, 44.8309190350626 ], [ 0.948765688715057, 44.830910042055741 ], [ 0.948753497450467, 44.830891897095704 ], [ 0.948741529514385, 44.830864759127834 ], [ 0.948717370352724, 44.830819476195472 ], [ 0.94871804032524, 44.830792497176397 ], [ 0.948705402449577, 44.830792338224448 ], [ 0.94864489310181, 44.830683627371606 ], [ 0.948547363912311, 44.830538467563933 ], [ 0.948547587262693, 44.830529474558929 ], [ 0.94847488743631, 44.830402618643852 ], [ 0.948462919739442, 44.830375480651128 ], [ 0.948463366465919, 44.830357494642669 ], [ 0.948426793349549, 44.830303059670911 ], [ 0.948427910192727, 44.830258094651633 ], [ 0.948386070806791, 44.829906731584373 ], [ 0.948386294180521, 44.829897738581998 ], [ 0.948387411048092, 44.829852773570636 ], [ 0.948374773385113, 44.829852614580865 ], [ 0.948355976032201, 44.829591499549487 ], [ 0.948327445260452, 44.829213316548483 ], [ 0.948327892021112, 44.829195330549148 ], [ 0.948328115401336, 44.82918633754953 ], [ 0.948307308046556, 44.829006159570426 ], [ 0.948386930170723, 44.828854232555045 ], [ 0.948172540542344, 44.82883354353411 ], [ 0.948172763946036, 44.82882455053614 ], [ 0.948134851654187, 44.828824073488576 ], [ 0.948122214223714, 44.828823914469858 ], [ 0.948161690353353, 44.828761440537022 ], [ 0.948214250590602, 44.828681139606324 ], [ 0.948240642348807, 44.828636492633969 ], [ 0.948292978972615, 44.828565184667191 ], [ 0.948306509869984, 44.828529371677632 ], [ 0.948320040750074, 44.828493558686951 ], [ 0.94832026412876, 44.828484565689955 ], [ 0.948333794989258, 44.828448752698272 ], [ 0.948401449032551, 44.828269687723086 ], [ 0.94844137117733, 44.82818922771277 ], [ 0.948482186612328, 44.828072795707413 ], [ 0.9485627002879, 44.827884896644164 ], [ 0.948589761392678, 44.827813270618279 ], [ 0.948617269084478, 44.827723658598416 ], [ 0.948630129594388, 44.827714824565831 ], [ 0.948630576246045, 44.82769683857645 ], [ 0.948738149618704, 44.827437313383733 ], [ 0.948793164071472, 44.827258089294801 ], [ 0.948819777992745, 44.827204449217632 ], [ 0.948948158127581, 44.827125101602839 ], [ 0.948975218373539, 44.827053475505416 ], [ 0.948988078673408, 44.827044641433694 ], [ 0.948988301939209, 44.827035648440777 ], [ 0.949014245784134, 44.827008987300083 ], [ 0.949026882808214, 44.827009146216824 ], [ 0.949052603367298, 44.826991478060229 ], [ 0.949155038964433, 44.826938791360924 ], [ 0.949167675973096, 44.826938950261571 ], [ 0.949206256690834, 44.826912447976106 ], [ 0.949218893693707, 44.826912606870913 ], [ 0.949244837372112, 44.826885945677475 ], [ 0.949245060596114, 44.826876952684657 ], [ 0.949257920813009, 44.826868118582162 ], [ 0.949258813699918, 44.826832146611231 ], [ 0.949246399938633, 44.826822994728332 ], [ 0.949247069608925, 44.826796015750659 ], [ 0.949234655857552, 44.826786863866587 ], [ 0.949234879082794, 44.826777870874174 ], [ 0.949223135018584, 44.826741740011855 ], [ 0.949210944511992, 44.826723595133132 ], [ 0.949198754013287, 44.826705450253215 ], [ 0.949149992097339, 44.826632870721241 ], [ 0.949125387944648, 44.826605573939524 ], [ 0.949088593384421, 44.826560132261626 ], [ 0.949088816632179, 44.826551139270279 ], [ 0.949077519208306, 44.826497022413569 ], [ 0.949077742457588, 44.826488029422499 ], [ 0.949077965706798, 44.826479036431465 ], [ 0.949118778575821, 44.826362604274323 ], [ 0.94918709728824, 44.826156560004726 ], [ 0.949200627033655, 44.826120746941839 ], [ 0.949240100059614, 44.826058272694773 ], [ 0.949242332271068, 44.825968342798831 ], [ 0.949243894814826, 44.825905391873619 ], [ 0.949245234135256, 44.825851433939036 ], [ 0.949233043815008, 44.825833289069323 ], [ 0.949197142583424, 44.825751875487086 ], [ 0.949125563670906, 44.825580055307974 ], [ 0.949077695809401, 44.825471503827586 ], [ 0.949078142299668, 44.825453517853113 ], [ 0.949118954422108, 44.825337085745538 ], [ 0.949146236820725, 44.825256466673132 ], [ 0.949147129753593, 44.825220494726992 ], [ 0.94914735298663, 44.825211501740569 ], [ 0.949098369195353, 44.825147915216107 ], [ 0.949086179075511, 44.825129770335359 ], [ 0.949074212207885, 44.825102632467484 ], [ 0.949074435452144, 44.825093639481636 ], [ 0.949051394746059, 44.825003391800962 ], [ 0.94904009767001, 44.82494927497482 ], [ 0.949040320919128, 44.824940281989591 ], [ 0.949028130863187, 44.824922137103961 ], [ 0.949016164067944, 44.824894999232072 ], [ 0.949003974029658, 44.824876854344083 ], [ 0.948979147459761, 44.82485855053406 ], [ 0.948917527642428, 44.824794805016111 ], [ 0.948917750910583, 44.824785812031678 ], [ 0.948818668285657, 44.824703603699874 ], [ 0.948793841852911, 44.824685299849392 ], [ 0.948732222436498, 44.824621554232458 ], [ 0.948719585951163, 44.824621395281852 ], [ 0.948707172767125, 44.824612243346465 ], [ 0.948608760707344, 44.824503055882936 ], [ 0.948596347567577, 44.824493903935505 ], [ 0.948522315474312, 44.824421006257687 ], [ 0.948510349030702, 44.824393868336443 ], [ 0.948523208793999, 44.824385034328841 ], [ 0.948562681352966, 44.824322560368977 ], [ 0.948575764412743, 44.82430473337353 ], [ 0.948575987733739, 44.824295740391598 ], [ 0.948588847464202, 44.824286906376699 ], [ 0.948601483873811, 44.824287065342268 ], [ 0.948614566912976, 44.824269238342509 ], [ 0.948614790227611, 44.824260245360662 ], [ 0.948627426631288, 44.824260404323219 ], [ 0.948640286345548, 44.824251570302522 ], [ 0.948652922747342, 44.824251729262194 ], [ 0.948665559149209, 44.82425188822041 ], [ 0.948728741159617, 44.824252682989894 ], [ 0.94874160085615, 44.824243848957387 ], [ 0.948779286769232, 44.824253318779441 ], [ 0.948829832379993, 44.824253954545846 ], [ 0.948910785942067, 44.824048069565542 ], [ 0.948966912801895, 44.823823880738466 ], [ 0.948980665379274, 44.823779074756466 ], [ 0.948980888633263, 44.823770081775685 ], [ 0.949021699732681, 44.823653649785683 ], [ 0.94902192297959, 44.823644656805286 ], [ 0.949141230071298, 44.823421262493284 ], [ 0.949141453298119, 44.823412269513533 ], [ 0.949247007210561, 44.823233681100106 ], [ 0.949259866591857, 44.82322484701114 ], [ 0.949391361595106, 44.823019597314378 ], [ 0.949403997721494, 44.823019756188209 ], [ 0.949404220904587, 44.823010763209453 ], [ 0.949613093391563, 44.822743515633775 ], [ 0.949613316540035, 44.822734522655651 ], [ 0.949834376781498, 44.822485419495798 ], [ 0.949847012788808, 44.822485578318904 ], [ 0.949988909008014, 44.822370416567765 ], [ 0.950001544989857, 44.822370575373263 ], [ 0.950295072082093, 44.822257318787308 ], [ 0.950333426016184, 44.822239809138885 ], [ 0.950346284998537, 44.822230974927258 ], [ 0.950537831261687, 44.822152419443043 ], [ 0.950614315825421, 44.822126392943744 ], [ 0.950933558078491, 44.821995466185214 ], [ 0.950946193978545, 44.821995624882618 ], [ 0.951303788075509, 44.821847187190215 ], [ 0.951304010949361, 44.821838194212141 ], [ 0.951406212163944, 44.821794498520873 ], [ 0.951418848020066, 44.821794657164183 ], [ 0.951508636059967, 44.821741809757818 ], [ 0.951636777069331, 44.821671452183047 ], [ 0.95164963571613, 44.821662617821879 ], [ 0.95176447215914, 44.82161908041801 ], [ 0.95218524061703, 44.821471432894214 ], [ 0.9521980991316, 44.821462598470006 ], [ 0.952580958020202, 44.821314473782301 ], [ 0.952593593771516, 44.821314632291248 ], [ 0.952773833838968, 44.821181956583857 ], [ 0.952786692194484, 44.821173122092198 ], [ 0.952953627841376, 44.82106726654667 ], [ 0.9531977122996, 44.820908403545126 ], [ 0.953210347961188, 44.820908561983536 ], [ 0.953557073574349, 44.820688014809654 ], [ 0.953916209575773, 44.820476617904333 ], [ 0.954159621507977, 44.820344731750737 ], [ 0.954441383549552, 44.820195334009512 ], [ 0.954454241416288, 44.820186499327626 ], [ 0.95477435290828, 44.820019589672135 ], [ 0.95517071956333, 44.819835642451849 ], [ 0.95547730274796, 44.819704544480821 ], [ 0.955912903696153, 44.819467111286855 ], [ 0.956297071536241, 44.819265015985884 ], [ 0.956297293599342, 44.819256023007746 ], [ 0.956437836166609, 44.819194811002419 ], [ 0.956730889660479, 44.819099523430708 ], [ 0.956731111653379, 44.819090530452435 ], [ 0.956949684401763, 44.818940336203234 ], [ 0.957090891269296, 44.818852144441905 ], [ 0.957461527993092, 44.818685859060849 ], [ 0.957461749867224, 44.818676866082662 ], [ 0.957806892246618, 44.818519256627582 ], [ 0.957807114064726, 44.818510263649337 ], [ 0.958011494077199, 44.818422860268882 ], [ 0.958011715862126, 44.818413867290595 ], [ 0.958139841113052, 44.818343502275468 ], [ 0.958281266348239, 44.818246316037737 ], [ 0.958461704816603, 44.818104638250531 ], [ 0.958474561570977, 44.818095803108768 ], [ 0.958616207288158, 44.817989623475107 ], [ 0.958628842307594, 44.817989781293647 ], [ 0.958770487465058, 44.817883601467059 ], [ 0.9588223573665, 44.817830274795568 ], [ 0.958873783880977, 44.817794934056089 ], [ 0.958887083783631, 44.817768112912496 ], [ 0.958951810057316, 44.81770595099308 ], [ 0.958952031688665, 44.817696958015674 ], [ 0.959018530771553, 44.817562852243078 ], [ 0.959031165695999, 44.817563010015604 ], [ 0.959031608932056, 44.817545024061616 ], [ 0.959084143100194, 44.817464718344844 ], [ 0.95921558865618, 44.817259457467443 ], [ 0.95934614698788, 44.81709016835481 ], [ 0.959450105679115, 44.816974521508754 ], [ 0.959476704531604, 44.816920879100145 ], [ 0.959546524426523, 44.8166518784329 ], [ 0.959628756794575, 44.816392028429952 ], [ 0.959628978312214, 44.816383035456191 ], [ 0.959710766897316, 44.816141171367249 ], [ 0.959718297976531, 44.815835410303734 ], [ 0.959736691466416, 44.81560175073772 ], [ 0.959738684938797, 44.815520813999591 ], [ 0.959752205383138, 44.815484999806976 ], [ 0.959765061333913, 44.815476164524995 ], [ 0.95984330435081, 44.815378187949911 ], [ 0.959856160262763, 44.815369352657719 ], [ 0.959934624435804, 44.815262383052442 ], [ 0.960013088309622, 44.815155413396319 ], [ 0.960026165592834, 44.815137585115345 ], [ 0.960065840277485, 44.81506611432453 ], [ 0.960158045103655, 44.814914337381147 ], [ 0.960171343709394, 44.814887516115618 ], [ 0.96022387375746, 44.814807209947475 ], [ 0.960263326547181, 44.81474473206454 ], [ 0.960303222054635, 44.814664268231859 ], [ 0.960304329067412, 44.814619303389129 ], [ 0.960318291733379, 44.814565503204321 ], [ 0.96031873453309, 44.814547517267819 ], [ 0.960332254372563, 44.814511703019001 ], [ 0.960332918564675, 44.814484724114763 ], [ 0.96034887372017, 44.814349987220211 ], [ 0.960363279059693, 44.814278201101217 ], [ 0.960363500451238, 44.814269208133886 ], [ 0.960364164625451, 44.814242229232256 ], [ 0.960364386016713, 44.814233236265103 ], [ 0.960392311014499, 44.814125635897227 ], [ 0.960405830705329, 44.814089821645751 ], [ 0.960446611051309, 44.813973385918345 ], [ 0.960461016169062, 44.813901599797966 ], [ 0.960461458917775, 44.813883613865855 ], [ 0.960517529450248, 44.813659420145235 ], [ 0.960517750814624, 44.813650427179994 ], [ 0.960558309251537, 44.813542984397728 ], [ 0.960599088883553, 44.813426548640848 ], [ 0.960613272317923, 44.813363755481404 ], [ 0.960614379056528, 44.813318790660077 ], [ 0.960654494387249, 44.813229333785195 ], [ 0.960735831299974, 44.813005455185213 ], [ 0.960750014474832, 44.812942662019353 ], [ 0.960776831492639, 44.812880026426384 ], [ 0.960817831501972, 44.81275459765898 ], [ 0.960830686659254, 44.812745762263418 ], [ 0.960843984429374, 44.812718940941522 ], [ 0.960844205737709, 44.812709947979172 ], [ 0.960857503492875, 44.812683126656054 ], [ 0.960922885602721, 44.81259398483104 ], [ 0.960949038388482, 44.812558328091114 ], [ 0.96097541242753, 44.812513678383674 ], [ 0.961014641487476, 44.812460193254907 ], [ 0.961027939101963, 44.812433371914118 ], [ 0.961041015428181, 44.81241554353371 ], [ 0.961043006905626, 44.81233460688042 ], [ 0.961058074656237, 44.81223584184881 ], [ 0.96105829592835, 44.812226848887867 ], [ 0.961074027430599, 44.812101104976911 ], [ 0.961076682654194, 44.811993189453247 ], [ 0.961091307722873, 44.81191241035075 ], [ 0.961133191355343, 44.811751009680449 ], [ 0.961146488745062, 44.811724188333471 ], [ 0.961174410993974, 44.811616587881694 ], [ 0.96118792958091, 44.811580773572487 ], [ 0.961201669396993, 44.811535966303538 ], [ 0.961215409191127, 44.8114911590337 ], [ 0.961283444135998, 44.811294101545094 ], [ 0.961296962575628, 44.81125828722741 ], [ 0.961365881824356, 44.81102525787967 ], [ 0.961366545478134, 44.81099827900875 ], [ 0.961420618635781, 44.810855021708662 ], [ 0.961460509717489, 44.810774557590562 ], [ 0.961486882510954, 44.810729907794801 ], [ 0.961592373265053, 44.810551308557365 ], [ 0.961592594444879, 44.810542315601722 ], [ 0.961657751722959, 44.810462166378322 ], [ 0.961735763286008, 44.810373181627384 ], [ 0.96174883890713, 44.810355353178807 ], [ 0.961800256726583, 44.810320011190846 ], [ 0.961800477872175, 44.810311018235687 ], [ 0.961851674481259, 44.810284669179552 ], [ 0.961902871042255, 44.810258320100019 ], [ 0.961903092171155, 44.810249327144831 ], [ 0.962069314808874, 44.810170437190898 ], [ 0.962133144425884, 44.810144245429733 ], [ 0.962260803481124, 44.810091861797694 ], [ 0.962350341523081, 44.810047998803945 ], [ 0.962388904398316, 44.810021492108781 ], [ 0.962504371774116, 44.809950964899443 ], [ 0.962607205655197, 44.80988028020932 ], [ 0.96265862249857, 44.80984493782919 ], [ 0.962671476699293, 44.809836102230491 ], [ 0.962786943338352, 44.809765574731465 ], [ 0.962864068251612, 44.809712561029635 ], [ 0.962876701418995, 44.809712718362526 ], [ 0.962954268090886, 44.809641718689413 ], [ 0.962966901242571, 44.809641876011945 ], [ 0.9630954421169, 44.80955351960835 ], [ 0.962970878438292, 44.809480002829098 ], [ 0.962958466279714, 44.809470852552714 ], [ 0.962821048889502, 44.809406171237207 ], [ 0.962808415791299, 44.809406013897885 ], [ 0.962783370579549, 44.809396706261396 ], [ 0.962770958469977, 44.809387555964243 ], [ 0.962682968815288, 44.809368468612092 ], [ 0.962670335725962, 44.80936831125701 ], [ 0.962456678401503, 44.809320671235625 ], [ 0.962444045323574, 44.809320513854622 ], [ 0.962305744653003, 44.809291803711474 ], [ 0.962293111581999, 44.809291646313234 ], [ 0.9622678454402, 44.809291331512426 ], [ 0.962204901163655, 44.80928155153299 ], [ 0.962192268095241, 44.809281394123232 ], [ 0.961977948169135, 44.809260732032627 ], [ 0.961889737856106, 44.809250637000645 ], [ 0.961877104795538, 44.809250479554855 ], [ 0.961864692866119, 44.809241329156229 ], [ 0.961776482603975, 44.809231234033867 ], [ 0.961763849548093, 44.809231076575031 ], [ 0.961688272373575, 44.809221138841046 ], [ 0.961688051214298, 44.809230131791878 ], [ 0.961675418158913, 44.80922997432296 ], [ 0.961662785103599, 44.809229816852607 ], [ 0.96161203171156, 44.809238179907489 ], [ 0.961611810539997, 44.809247172858285 ], [ 0.961522715570807, 44.809273049336532 ], [ 0.96144647478797, 44.809290090289096 ], [ 0.961408354379186, 44.809298610745699 ], [ 0.961382867030723, 44.809307288693006 ], [ 0.961332113526882, 44.809315651619514 ], [ 0.961319259234481, 44.809324487060422 ], [ 0.961242797088838, 44.809350520823401 ], [ 0.961217309691186, 44.809359198732686 ], [ 0.961204676608063, 44.809359041209916 ], [ 0.960975068383078, 44.809446135054564 ], [ 0.960974847108598, 44.80945512800492 ], [ 0.960898605911946, 44.809472168580669 ], [ 0.96083477648324, 44.809498359620676 ], [ 0.960822143369857, 44.809498202054172 ], [ 0.960809288955323, 44.809507037436411 ], [ 0.960733047637851, 44.809524077898288 ], [ 0.960720414518964, 44.809523920320167 ], [ 0.960669660720422, 44.809532282943053 ], [ 0.960669439396651, 44.809541275893132 ], [ 0.960618685574811, 44.809549638492669 ], [ 0.960580343525819, 44.809567151614552 ], [ 0.960465538592029, 44.809610697951221 ], [ 0.960452905454389, 44.809610540342426 ], [ 0.960440050955974, 44.809619375682153 ], [ 0.960337657578041, 44.80967207244732 ], [ 0.960325024426941, 44.809671914823923 ], [ 0.96012001565809, 44.809786300999626 ], [ 0.960107161066983, 44.809795136301283 ], [ 0.959940493898369, 44.809892009189724 ], [ 0.95985051130817, 44.809953856127272 ], [ 0.959837656636232, 44.809962691398212 ], [ 0.959709109694189, 44.810051044027254 ], [ 0.959696254977716, 44.810059879282093 ], [ 0.959500554066253, 44.810309316286428 ], [ 0.959487699257765, 44.810318151518025 ], [ 0.959487477741436, 44.810327144468808 ], [ 0.959435393884058, 44.810389464233133 ], [ 0.959422539046943, 44.810398299457454 ], [ 0.959409684205781, 44.810407134680268 ], [ 0.95939682936057, 44.810415969901662 ], [ 0.959358707875562, 44.810424489655162 ], [ 0.959345853018347, 44.810433324870708 ], [ 0.959333219698626, 44.81043316713383 ], [ 0.959307953059397, 44.810432851655797 ], [ 0.95929531973989, 44.810432693914592 ], [ 0.959206886505327, 44.810431589685791 ], [ 0.959194253186386, 44.81043143193304 ], [ 0.959181619867518, 44.810431274178846 ], [ 0.95906769841685, 44.810438847276387 ], [ 0.959054843510519, 44.810447682458133 ], [ 0.958940922009424, 44.810455255424912 ], [ 0.958890388715771, 44.810454624283487 ], [ 0.95886512206937, 44.810454308704166 ], [ 0.958612455621017, 44.810451152592378 ], [ 0.958511610722905, 44.810440897036415 ], [ 0.958498977403825, 44.810440739204132 ], [ 0.958270690825234, 44.810473869771172 ], [ 0.958232790847974, 44.810473396187227 ], [ 0.958131280776442, 44.810490119130627 ], [ 0.958118647447352, 44.810489961254802 ], [ 0.95804240397704, 44.810506999866782 ], [ 0.957978793796755, 44.810524196319598 ], [ 0.957838496412308, 44.810576417104826 ], [ 0.957749175796027, 44.81061128350305 ], [ 0.957685565407635, 44.810628479787759 ], [ 0.957557900859918, 44.81068085814438 ], [ 0.95749429033402, 44.810698054319467 ], [ 0.957481656959902, 44.810697896370762 ], [ 0.9573799244026, 44.810723611573678 ], [ 0.95735465764357, 44.810723295648671 ], [ 0.957215024827484, 44.810748536801626 ], [ 0.95720216955845, 44.810757371768979 ], [ 0.957062758495773, 44.810773619781713 ], [ 0.957012224936529, 44.810772987780766 ], [ 0.956999369629957, 44.810781822724657 ], [ 0.956872813780044, 44.81078923555387 ], [ 0.95687259184272, 44.810798228501355 ], [ 0.956822058263454, 44.810797596413408 ], [ 0.956771524685328, 44.810796964302305 ], [ 0.956758891290974, 44.810796806270922 ], [ 0.956658046110448, 44.810786549020705 ], [ 0.956645412718759, 44.81078639097634 ], [ 0.956607512544122, 44.810785916834568 ], [ 0.956594657170856, 44.810794751731365 ], [ 0.956543901607828, 44.81080311246307 ], [ 0.956518412823557, 44.810811789293666 ], [ 0.956505779426579, 44.8108116312333 ], [ 0.956416901628822, 44.810828510663818 ], [ 0.956404268228365, 44.810828352591848 ], [ 0.956353512606569, 44.810836713236199 ], [ 0.956264856758262, 44.810844599597864 ], [ 0.956252223354612, 44.810844441508515 ], [ 0.956239589951032, 44.810844283417687 ], [ 0.956087989113623, 44.810842386215313 ], [ 0.956075355710969, 44.810842228105727 ], [ 0.956062722308386, 44.810842069994713 ], [ 0.955886743061881, 44.810803884505575 ], [ 0.955874109668466, 44.810803726372946 ], [ 0.955773486750794, 44.810784475369211 ], [ 0.955760853362067, 44.810784317223622 ], [ 0.955572463268163, 44.810736980142146 ], [ 0.955522374065808, 44.810718361569862 ], [ 0.955497107319616, 44.810718045219765 ], [ 0.955434384790516, 44.81069926843049 ], [ 0.955346839938019, 44.81066218933293 ], [ 0.955334428761402, 44.810653038194509 ], [ 0.955309384233036, 44.810643728857464 ], [ 0.955021261637667, 44.810541167547171 ], [ 0.955008850540926, 44.810532016372584 ], [ 0.954933939551838, 44.810495095181629 ], [ 0.954846395348673, 44.810458015690124 ], [ 0.954821350988342, 44.810448706243072 ], [ 0.954821573253072, 44.810439713300831 ], [ 0.954809162211344, 44.810430562104159 ], [ 0.954796751173666, 44.810421410906123 ], [ 0.954797195710723, 44.810403425022024 ], [ 0.954797417979145, 44.810394432080003 ], [ 0.954837762755143, 44.810295984482465 ], [ 0.95492864040642, 44.810198169852072 ], [ 0.954928862652961, 44.81018917691059 ], [ 0.954968318091555, 44.810126701038627 ], [ 0.954981840281031, 44.81009088750983 ], [ 0.954982062518619, 44.810081894568633 ], [ 0.95500910684116, 44.810010267507934 ], [ 0.955009329074056, 44.810001274567014 ], [ 0.955009773539638, 44.809983288685217 ], [ 0.955011551399109, 44.809911345159435 ], [ 0.955011773631221, 44.809902352218828 ], [ 0.955030629232803, 44.809650708127016 ], [ 0.955030851460825, 44.809641715187382 ], [ 0.955045040170205, 44.809578922839911 ], [ 0.955045262395634, 44.809569929900498 ], [ 0.955058117732232, 44.809561095188634 ], [ 0.95507141750704, 44.809534274596672 ], [ 0.955097794801893, 44.80948962634799 ], [ 0.955110427897224, 44.809489784569536 ], [ 0.955110650111819, 44.809480791630328 ], [ 0.955162737929245, 44.809418473927792 ], [ 0.955175593212642, 44.809409639202848 ], [ 0.95525316921045, 44.809338644944525 ], [ 0.955291734950902, 44.809312140734619 ], [ 0.95529195713573, 44.809303147795745 ], [ 0.955484785260017, 44.809170626548941 ], [ 0.955497640435918, 44.809161791787446 ], [ 0.955741443785726, 44.809011916918635 ], [ 0.955754298884846, 44.809003082127937 ], [ 0.955779786965595, 44.808994405480647 ], [ 0.955895482621482, 44.808914892271773 ], [ 0.955947124885833, 44.808870560091322 ], [ 0.95595975784417, 44.808870718215715 ], [ 0.956332108109191, 44.808632493846162 ], [ 0.95634496302837, 44.808623658988161 ], [ 0.956614471457172, 44.80845611250836 ], [ 0.956794216828888, 44.808341416850631 ], [ 0.956794438769051, 44.808332423912525 ], [ 0.956845635923493, 44.808306077199155 ], [ 0.956961550562454, 44.808217569959787 ], [ 0.956974405287453, 44.808208735030099 ], [ 0.956974627198213, 44.808199742092143 ], [ 0.957065053937162, 44.808119911667838 ], [ 0.95707790862349, 44.808111076726462 ], [ 0.957168335072589, 44.808031246220729 ], [ 0.957181633476023, 44.808004425392433 ], [ 0.957194488117534, 44.807995590437955 ], [ 0.957247237839583, 44.807906292980682 ], [ 0.957260314312017, 44.807888465081618 ], [ 0.957273168914572, 44.807879630118421 ], [ 0.957405707837687, 44.807629407541498 ], [ 0.957405929677023, 44.80762041460487 ], [ 0.957420558890608, 44.807539636134152 ], [ 0.957449373528643, 44.807396065066769 ], [ 0.957449595360057, 44.807387072130943 ], [ 0.957478188019211, 44.807252494000579 ], [ 0.957478409845439, 44.807243501065223 ], [ 0.957570830626055, 44.807082733846045 ], [ 0.957583684995121, 44.807073898849815 ], [ 0.957688515926002, 44.806922282415343 ], [ 0.957701370239776, 44.806913447405989 ], [ 0.957766528862056, 44.806833300599919 ], [ 0.95777938314316, 44.806824465581876 ], [ 0.957792237420216, 44.806815630562362 ], [ 0.958012533417192, 44.806593491534642 ], [ 0.958025165868666, 44.806593649422808 ], [ 0.95802538760462, 44.806584656488909 ], [ 0.958219086747675, 44.806416158892262 ], [ 0.958219308451847, 44.806407165958646 ], [ 0.958400152352688, 44.806247503124425 ], [ 0.958516281942316, 44.80615000139948 ], [ 0.95868427022374, 44.805999173218567 ], [ 0.958723053669785, 44.805963674916292 ], [ 0.958865111486523, 44.805839509651356 ], [ 0.958865333084875, 44.805830516718693 ], [ 0.958891262431627, 44.805803853500414 ], [ 0.958903894707796, 44.805804011288082 ], [ 0.958904116299791, 44.805795018355468 ], [ 0.958981239423769, 44.805742007454839 ], [ 0.958994093263597, 44.805733172299611 ], [ 0.959070994652798, 44.805689154270105 ], [ 0.959083848466386, 44.805680319104638 ], [ 0.959147674369012, 44.805654129120462 ], [ 0.959147895921342, 44.805645136187913 ], [ 0.959160528162501, 44.805645293946228 ], [ 0.95936463768881, 44.805566881487067 ], [ 0.95937726991296, 44.805567039220513 ], [ 0.959861280361439, 44.80541115922243 ], [ 0.960256420279193, 44.805272159590892 ], [ 0.960421745102049, 44.805229244019742 ], [ 0.960434377253158, 44.805229401632296 ], [ 0.960472052368484, 44.805238867394792 ], [ 0.960917054253469, 44.805127474628073 ], [ 0.961133349090487, 44.805067202341569 ], [ 0.961273187214883, 44.805032963367125 ], [ 0.961463995934114, 44.804981368334978 ], [ 0.961705774930516, 44.804912416982191 ], [ 0.96185846551078, 44.804869341800156 ], [ 0.961972817469868, 44.804843779976757 ], [ 0.96208739040268, 44.804809225100229 ], [ 0.962481636510285, 44.804706189282697 ], [ 0.962506900588636, 44.804706504035032 ], [ 0.962519753636097, 44.80469766847358 ], [ 0.962836438420191, 44.804665630609087 ], [ 0.962849291406397, 44.804656795009443 ], [ 0.962963200607331, 44.804649218034633 ], [ 0.963279884864791, 44.804617178899051 ], [ 0.96335589786772, 44.804609129653976 ], [ 0.963381382776976, 44.804600451269565 ], [ 0.963406646812768, 44.804600765815934 ], [ 0.963444322007406, 44.804610230561593 ], [ 0.963596127090235, 44.804603124729915 ], [ 0.963760564152509, 44.804596175921532 ], [ 0.963836577058034, 44.804588126345621 ], [ 0.963849209074398, 44.804588283567469 ], [ 0.963963118001231, 44.804580705561392 ], [ 0.96410251167867, 44.804564448887085 ], [ 0.964216641258536, 44.804547877681628 ], [ 0.964317918046814, 44.804540142129831 ], [ 0.964395917157631, 44.804451155726191 ], [ 0.964422063941037, 44.804415498288137 ], [ 0.964435137320279, 44.804397669567017 ], [ 0.964620149781446, 44.804067130887908 ], [ 0.964699471691215, 44.803924186668226 ], [ 0.96469969234693, 44.803915193731548 ], [ 0.96473957379263, 44.803834728667347 ], [ 0.964752426288829, 44.803825892849503 ], [ 0.964818895069628, 44.803691784376149 ], [ 0.964832630054441, 44.803646976805737 ], [ 0.964872731745444, 44.803557518767086 ], [ 0.964953596582478, 44.803351623851249 ], [ 0.965021167327733, 44.803172550611173 ], [ 0.965048636698181, 44.803082935439001 ], [ 0.96508961999995, 44.802957505608006 ], [ 0.965104236936448, 44.802876726283579 ], [ 0.965105119282927, 44.802840754549791 ], [ 0.965118412662522, 44.802813932826517 ], [ 0.965303636430131, 44.802474400294315 ], [ 0.9654190846122, 44.802403870269444 ], [ 0.965419305146605, 44.802394877337157 ], [ 0.965546722990157, 44.802351483018455 ], [ 0.966156562574152, 44.802215131717247 ], [ 0.966690169778973, 44.802095821572927 ], [ 0.966690390108459, 44.802086828639339 ], [ 0.967186100650867, 44.801967045410521 ], [ 0.967198952334038, 44.801958209315174 ], [ 0.967402817000625, 44.801888775063418 ], [ 0.967415448419307, 44.801888931877329 ], [ 0.967504969342715, 44.801845064862917 ], [ 0.967517600751843, 44.801845221665189 ], [ 0.967620193283869, 44.80178352549094 ], [ 0.967620413463079, 44.801774532556763 ], [ 0.967633044856653, 44.801774689345805 ], [ 0.968055383621385, 44.801555039208779 ], [ 0.968055603729954, 44.80154604627463 ], [ 0.968528684332434, 44.801318028364804 ], [ 0.968528904364222, 44.801309035430606 ], [ 0.968874128807275, 44.801142399666148 ], [ 0.969027683429877, 44.801063342909387 ], [ 0.969066017031763, 44.801045826920813 ], [ 0.969066236976368, 44.80103683398665 ], [ 0.969079088150438, 44.80102799767613 ], [ 0.969117641648365, 44.801001488735842 ], [ 0.969530415775601, 44.800655775352084 ], [ 0.969633663475664, 44.800567098539872 ], [ 0.969659585273467, 44.80054043285557 ], [ 0.969724059904784, 44.800487258019487 ], [ 0.969737350519062, 44.800460435768024 ], [ 0.969750421288077, 44.800442606448442 ], [ 0.969868277648522, 44.800273149575901 ], [ 0.969881568143154, 44.800246327309509 ], [ 0.969894199199049, 44.800246483839899 ], [ 0.969894419007798, 44.800237490907172 ], [ 0.969933850786602, 44.800175009960967 ], [ 0.96998591350363, 44.800112685522343 ], [ 0.970063677691235, 44.800032688219837 ], [ 0.970192625089639, 44.799926337849776 ], [ 0.970283239704467, 44.799837503661529 ], [ 0.970321791895585, 44.799810994224892 ], [ 0.970322011661269, 44.799802001262556 ], [ 0.970437887743672, 44.799713479911503 ], [ 0.970663379497727, 44.799275484528536 ], [ 0.970875358294218, 44.798873304187268 ], [ 0.970928736930412, 44.798757021369546 ], [ 0.97110150215456, 44.798408329187964 ], [ 0.9712474668238, 44.79812227474369 ], [ 0.971273606410552, 44.798086615659848 ], [ 0.971273826016745, 44.798077622702138 ], [ 0.971405401767272, 44.797863355369508 ], [ 0.971445489113301, 44.797773894863404 ], [ 0.971445708690687, 44.797764901906525 ], [ 0.971500402496543, 44.797594661128116 ], [ 0.971527419930012, 44.797523030167426 ], [ 0.9716330739759, 44.797335428790021 ], [ 0.971672282425061, 44.797281940042694 ], [ 0.971698640884324, 44.79723728791533 ], [ 0.971698860418986, 44.797228294959972 ], [ 0.971724779771257, 44.797201628737824 ], [ 0.971724999301586, 44.797192635782544 ], [ 0.971725218831844, 44.797183642827243 ], [ 0.971955857908356, 44.79705156202818 ], [ 0.972019887545201, 44.79701637165892 ], [ 0.972032737358956, 44.797007534989625 ], [ 0.972109836156418, 44.796954514943181 ], [ 0.972135316259704, 44.796945834537794 ], [ 0.972147946577667, 44.796945990810507 ], [ 0.972211975973289, 44.796910800331368 ], [ 0.972263155543351, 44.796884446512699 ], [ 0.972289074468119, 44.796857780161808 ], [ 0.972417791052817, 44.796760420140352 ], [ 0.972443271020168, 44.796751739664579 ], [ 0.972558479262257, 44.79669019506342 ], [ 0.972609439081633, 44.79667283404153 ], [ 0.973156926199405, 44.796499691011491 ], [ 0.972777580906705, 44.796512991576023 ], [ 0.972727060018571, 44.796512366764865 ], [ 0.972676319756583, 44.796520734885235 ], [ 0.972625798862599, 44.796520110027728 ], [ 0.972474675002129, 44.796500249408112 ], [ 0.972323551248768, 44.796480388581777 ], [ 0.972235359201175, 44.796470301829885 ], [ 0.97217220814685, 44.796469520502164 ], [ 0.971970563760936, 44.796449034104675 ], [ 0.971920262435505, 44.796439415971399 ], [ 0.97190763223234, 44.796439259672717 ], [ 0.971718398721685, 44.796427922066378 ], [ 0.971655467260775, 44.796418147490712 ], [ 0.971617576668082, 44.796417678499367 ], [ 0.97155442568167, 44.796416896818272 ], [ 0.971402863321474, 44.796415020636204 ], [ 0.971352122949925, 44.796423388147552 ], [ 0.97127634176317, 44.796422449943577 ], [ 0.971099299376283, 44.796429253549967 ], [ 0.971074038979184, 44.796428940763242 ], [ 0.971023518185832, 44.796428315172506 ], [ 0.970947517345877, 44.79643636969378 ], [ 0.970871296819736, 44.796453417113518 ], [ 0.970795295923867, 44.796461471530108 ], [ 0.970757185626375, 44.796469995194052 ], [ 0.970731925212825, 44.79646968232904 ], [ 0.97064307436551, 44.796486573156777 ], [ 0.970363891281348, 44.796537088736031 ], [ 0.970326000619065, 44.796536619301349 ], [ 0.950926719762714, 44.809014507892115 ], [ 0.934209548306452, 44.819031440158653 ], [ 0.923936986013714, 44.824909600152104 ], [ 0.913947578113507, 44.830007856240506 ], [ 0.903532820016153, 44.835351607280991 ], [ 0.894136234398848, 44.839871111181623 ], [ 0.887055229106443, 44.842809997139568 ], [ 0.88278772155568, 44.844022312738232 ], [ 0.879588216055401, 44.844519890492151 ], [ 0.875829218862776, 44.844650133535133 ], [ 0.869689125124126, 44.84444276911065 ], [ 0.861336672319727, 44.843737724762612 ], [ 0.855431878392477, 44.842768045385164 ], [ 0.849445269333213, 44.841554052114276 ], [ 0.84432610176108, 44.840063587490846 ], [ 0.840018046448843, 44.838511914558119 ], [ 0.835440143780233, 44.836659531223688 ], [ 0.831511218442127, 44.834662873638138 ], [ 0.827104486226045, 44.831175187611855 ], [ 0.824090279227858, 44.828102243822002 ], [ 0.822069057018658, 44.825249758824306 ], [ 0.820416468095737, 44.821862539530514 ], [ 0.819490981797846, 44.819168996264906 ], [ 0.818850790802793, 44.814815105195322 ], [ 0.818792973201964, 44.810892043051162 ], [ 0.819751147847844, 44.806317257057906 ], [ 0.821531358349837, 44.802176577807593 ], [ 0.824239633216603, 44.797814712834416 ], [ 0.825954166734516, 44.795616206372436 ], [ 0.825639156625374, 44.795584903808013 ], [ 0.819280159688057, 44.795731506851844 ], [ 0.798154808073705, 44.798056723809047 ], [ 0.779015913337705, 44.801125707475833 ], [ 0.765579225213993, 44.80355305832925 ], [ 0.755817192252522, 44.806031500387455 ], [ 0.741976236171028, 44.810591314950557 ], [ 0.731119188206233, 44.815912585822829 ], [ 0.720219009216693, 44.822653612405716 ], [ 0.714080406162761, 44.826845784036024 ], [ 0.710606124037182, 44.828944781187445 ], [ 0.708273770819184, 44.830025945810682 ], [ 0.706127639086145, 44.830354120335357 ], [ 0.703943012972931, 44.830267851923892 ], [ 0.700221418559534, 44.829565006526636 ], [ 0.696504944720013, 44.828259368239117 ], [ 0.693936691868368, 44.827033667749333 ], [ 0.692367057690633, 44.825813786616365 ], [ 0.691015011968194, 44.824075337093653 ], [ 0.690161382307711, 44.822155381732493 ], [ 0.689713710709252, 44.820187499173755 ], [ 0.689946087341422, 44.817447080273681 ], [ 0.69072743291918, 44.814948755595154 ], [ 0.692323355228138, 44.811823828099804 ], [ 0.697579185472119, 44.803688389031734 ], [ 0.704280328682568, 44.795763092513724 ], [ 0.714088263362718, 44.779525804735201 ], [ 0.710628424994103, 44.778620221847021 ], [ 0.70256994984249, 44.776890818172141 ], [ 0.695412461515425, 44.775893936288448 ], [ 0.687086881718505, 44.775113032815128 ], [ 0.680166409635145, 44.774658476857752 ], [ 0.675810996784992, 44.774592986549386 ] ] ] ] } },
{ "type": "Feature", "properties": { "NOM": null, "TYPOLOGIE": null, "ID_CDCOMMU": 21, "SECTEUR": null, "ID_CC2007": null, "NUM_SECTEU": 7, "ID_CC2014": null, "NOM_SECTEU": "PLAINE CEREALIERE ISSIGEACOISE" }, "geometry": { "type": "MultiPolygon", "coordinates": [ [ [ [ 0.694970860910168, 44.750905226814091 ], [ 0.694956396196346, 44.750967983731329 ], [ 0.694943777076885, 44.750967795844417 ], [ 0.694916956848458, 44.751021372754963 ], [ 0.694916693183201, 44.751030364869834 ], [ 0.694731323389139, 44.751324474055323 ], [ 0.694453924411676, 44.751743157029885 ], [ 0.694403447243734, 44.751742405243675 ], [ 0.694390827951961, 44.751742217293554 ], [ 0.694391091704836, 44.751733225177055 ], [ 0.694265162584968, 44.751722353480204 ], [ 0.694076664701306, 44.751692557491978 ], [ 0.693925761007678, 44.751672317315787 ], [ 0.693849517683818, 44.751689173495187 ], [ 0.693675222606306, 44.751605612144303 ], [ 0.693349761101919, 44.751510801671209 ], [ 0.693310319843792, 44.751564190133777 ], [ 0.693269294918215, 44.75167153126457 ], [ 0.693005082147215, 44.751640604944278 ], [ 0.692980107597433, 44.751631236609718 ], [ 0.692828940461691, 44.751619987045977 ], [ 0.692803701943847, 44.751619610783926 ], [ 0.692765844167716, 44.751619046380021 ], [ 0.692602057852274, 44.751607608367841 ], [ 0.692538961576023, 44.751606667572062 ], [ 0.692450626792827, 44.751605350397433 ], [ 0.69240014977572, 44.751604597694424 ], [ 0.69219850582443, 44.751592594540625 ], [ 0.692058109315273, 44.751644476897972 ], [ 0.692045225925031, 44.751653280790187 ], [ 0.692019723264984, 44.751661896459446 ], [ 0.69198160132958, 44.751670323897017 ], [ 0.691968982062137, 44.751670135669812 ], [ 0.691956362794779, 44.751669947441151 ], [ 0.691918240844388, 44.75167837485688 ], [ 0.691905621575348, 44.751678186622385 ], [ 0.691867763768733, 44.751677621910254 ], [ 0.691855144500031, 44.751677433669975 ], [ 0.691829641799821, 44.751686049295444 ], [ 0.691741306908315, 44.751684731552722 ], [ 0.691716068368646, 44.751684355041782 ], [ 0.691627469286986, 44.751692029317972 ], [ 0.6916022307448, 44.75169165278102 ], [ 0.6915259866967, 44.751708507354842 ], [ 0.691475245379204, 44.751716746338296 ], [ 0.691361143419963, 44.751733035938507 ], [ 0.691335640618629, 44.751741651449969 ], [ 0.691323021337313, 44.751741463148832 ], [ 0.691272279960213, 44.751749702039078 ], [ 0.691259660677299, 44.751749513730708 ], [ 0.691247041394469, 44.751749325420853 ], [ 0.691234422111724, 44.75174913710957 ], [ 0.691158706417035, 44.751748007211567 ], [ 0.691095610007123, 44.751747065590187 ], [ 0.690994920052821, 44.751736566812298 ], [ 0.69084375303139, 44.751725314527306 ], [ 0.690705469687019, 44.751705258300632 ], [ 0.690692850416003, 44.751705069927425 ], [ 0.690604251161703, 44.751712743381873 ], [ 0.690591631889343, 44.751712554997034 ], [ 0.690587930818264, 44.751838444506035 ], [ 0.690594469798298, 44.75204545138579 ], [ 0.690594205435514, 44.752054443494679 ], [ 0.690572597632548, 44.752359986829909 ], [ 0.690526808127407, 44.752629184974097 ], [ 0.690525486244668, 44.752674145529468 ], [ 0.690482340106534, 44.752853422571818 ], [ 0.690454721549136, 44.752933974779531 ], [ 0.69045392838078, 44.75296095111571 ], [ 0.690399484196438, 44.753095079182728 ], [ 0.690386335811783, 44.753112874999537 ], [ 0.690372129804835, 44.75316663926553 ], [ 0.690358716988845, 44.75319342719235 ], [ 0.690382369785326, 44.753247756691586 ], [ 0.690406551425172, 44.753284101960375 ], [ 0.690477774593702, 44.753438098307981 ], [ 0.690489601095427, 44.753465263048135 ], [ 0.690595247014883, 44.75373672201281 ], [ 0.690618107167873, 44.753818027821261 ], [ 0.690616785330274, 44.75386298840089 ], [ 0.690480276579562, 44.754211797041393 ], [ 0.690467127958838, 44.754229592876548 ], [ 0.690466863565351, 44.754238584993672 ], [ 0.6904118893662, 44.754390697377161 ], [ 0.6903703280084, 44.754516021800967 ], [ 0.690369799187613, 44.754534006036991 ], [ 0.690355328391933, 44.754596762452444 ], [ 0.69034085756388, 44.754659518867726 ], [ 0.690325857866639, 44.754740259520261 ], [ 0.690296651614447, 44.75487476446996 ], [ 0.690333189472696, 44.754920290318132 ], [ 0.690357900630269, 44.754938651384499 ], [ 0.690244247895964, 44.755368765809934 ], [ 0.690202949880919, 44.755485098102859 ], [ 0.690130064509361, 44.755816864444256 ], [ 0.690129800054372, 44.755825856566766 ], [ 0.690117179858498, 44.755825668127748 ], [ 0.690104559662711, 44.75582547968726 ], [ 0.690104295203592, 44.755834471809777 ], [ 0.690028838489767, 44.755824349014134 ], [ 0.689739103057, 44.755802030042481 ], [ 0.689713862678685, 44.75580165307354 ], [ 0.689688622300708, 44.755801276098893 ], [ 0.689512204218258, 44.755789644993527 ], [ 0.689486963847038, 44.75578926797273 ], [ 0.689008720030841, 44.755737142881614 ], [ 0.688845187120477, 44.755716707155933 ], [ 0.688832566953473, 44.755716518569926 ], [ 0.688819946786554, 44.755716329982505 ], [ 0.688517592231715, 44.755693819214137 ], [ 0.688391920093849, 44.755673948678513 ], [ 0.68831619915995, 44.755672816829701 ], [ 0.688303843751551, 44.755663636065528 ], [ 0.688240742986168, 44.755662692811434 ], [ 0.687938653758111, 44.755631188339052 ], [ 0.687775121546347, 44.755610751027668 ], [ 0.687762501406775, 44.755610562319255 ], [ 0.687749881267287, 44.755610373609365 ], [ 0.68772490582801, 44.755601004069206 ], [ 0.687322121095075, 44.755558996039525 ], [ 0.687057893296617, 44.755528055428179 ], [ 0.68704527317806, 44.755527866637699 ], [ 0.686944577196761, 44.755517364147948 ], [ 0.686680614808799, 44.75547743051947 ], [ 0.686554678779968, 44.755466550005195 ], [ 0.686529703604309, 44.755457180194895 ], [ 0.686039110387769, 44.755395861270777 ], [ 0.686001250131843, 44.755395294545302 ], [ 0.685925794749046, 44.755385168944393 ], [ 0.685812479153513, 44.755374476501594 ], [ 0.685799859073693, 44.755374287568628 ], [ 0.685774618914307, 44.755373909698342 ], [ 0.685761998834741, 44.755373720761035 ], [ 0.685711518517328, 44.755372964997406 ], [ 0.685698898438189, 44.755372776052859 ], [ 0.685648418122476, 44.755372020260353 ], [ 0.685535102606362, 44.75536132753264 ], [ 0.685509862454589, 44.755360949601787 ], [ 0.685130729710812, 44.755373264164149 ], [ 0.68509260421912, 44.755381689235954 ], [ 0.68499164358936, 44.755380177072915 ], [ 0.684979023511023, 44.755379988046023 ], [ 0.684953783354603, 44.755379609987919 ], [ 0.684638016095, 44.75538387588248 ], [ 0.684524435396265, 44.755382174224458 ], [ 0.684499195241924, 44.755381796062359 ], [ 0.68441112007387, 44.755371480342021 ], [ 0.684222615165248, 44.755341667470113 ], [ 0.684096679917895, 44.755330784149919 ], [ 0.684008604903924, 44.755320468108344 ], [ 0.683970744719399, 44.755319900685983 ], [ 0.683869784231076, 44.755318387496118 ], [ 0.683756203688222, 44.755316685047049 ], [ 0.683730963568524, 44.755316306709162 ], [ 0.683617117537706, 44.755323596222553 ], [ 0.68357925735503, 44.755323028665828 ], [ 0.683541131664515, 44.755331453201286 ], [ 0.683528246091313, 44.755340256113698 ], [ 0.683451994660102, 44.755357105136447 ], [ 0.683439109067024, 44.75536590803857 ], [ 0.683426488997131, 44.755365718834049 ], [ 0.68338809772129, 44.755383135421994 ], [ 0.683273189302847, 44.755426393001585 ], [ 0.682967385724487, 44.755520764388585 ], [ 0.68273809877527, 44.755589294349235 ], [ 0.682699707132761, 44.755606710699489 ], [ 0.681998690888527, 44.75583009233722 ], [ 0.681794641860456, 44.75589899908141 ], [ 0.681756249713167, 44.755916415105844 ], [ 0.681539845703043, 44.755976139880886 ], [ 0.681501719262515, 44.755984563714215 ], [ 0.681425466347113, 44.756001411341494 ], [ 0.68137471966443, 44.756009645696167 ], [ 0.681044998820006, 44.756058672382366 ], [ 0.681006872249099, 44.756067096045044 ], [ 0.680665328436116, 44.756088955808117 ], [ 0.680589341113088, 44.756096810756752 ], [ 0.680538860214895, 44.756096052625999 ], [ 0.680450252638707, 44.756103717942594 ], [ 0.680425012187271, 44.756103338848277 ], [ 0.680374531285426, 44.756102580642306 ], [ 0.680311430160038, 44.756101632852335 ], [ 0.680147899356236, 44.756081184228975 ], [ 0.680060089960531, 44.756061872931397 ], [ 0.68000987517898, 44.756052122458605 ], [ 0.679658372196827, 44.755983868509858 ], [ 0.679582917167467, 44.755973738567448 ], [ 0.679494841974295, 44.755963418919123 ], [ 0.679456981401634, 44.755962849947544 ], [ 0.679406500639279, 44.755962091298564 ], [ 0.679393880448903, 44.755961901632716 ], [ 0.679231415195799, 44.755905483260058 ], [ 0.679219061222805, 44.755896301476803 ], [ 0.679119164705721, 44.755858815549757 ], [ 0.679106544539548, 44.755858625851047 ], [ 0.679002122111466, 44.755974005469312 ], [ 0.679001589632992, 44.755991989663684 ], [ 0.678897965510299, 44.756080392897331 ], [ 0.678897432997427, 44.756098377092037 ], [ 0.678805629938093, 44.756213946259336 ], [ 0.678792743419251, 44.756222748622342 ], [ 0.678726979341197, 44.756311720904094 ], [ 0.678713826500557, 44.756329515356136 ], [ 0.678582563944213, 44.756498467700098 ], [ 0.678306350657471, 44.756872150563261 ], [ 0.678293197552041, 44.756889944969643 ], [ 0.678266891316149, 44.756925533778087 ], [ 0.6781222064222, 44.757121272122362 ], [ 0.678109319587736, 44.757130074409162 ], [ 0.677964633616572, 44.75732581256463 ], [ 0.677569763904435, 44.757868635120978 ], [ 0.6775303031614, 44.757922018095925 ], [ 0.677517416050145, 44.757930820316723 ], [ 0.677372725948881, 44.758126557765593 ], [ 0.677359572253248, 44.758144352070573 ], [ 0.677308289993644, 44.758170568766964 ], [ 0.677295402790465, 44.758179370962829 ], [ 0.677244120468867, 44.758205587629888 ], [ 0.677231233247576, 44.758214389818377 ], [ 0.677192305019461, 44.75824978847686 ], [ 0.677179417779888, 44.758258590659501 ], [ 0.677102094257535, 44.758311403724441 ], [ 0.677024770589604, 44.758364216736446 ], [ 0.677011883297464, 44.758373018899974 ], [ 0.676973221396776, 44.758399425381725 ], [ 0.676779111524663, 44.758558433897917 ], [ 0.676766490759148, 44.758558243931482 ], [ 0.676649970960901, 44.758655447289826 ], [ 0.676649704331981, 44.758664439391914 ], [ 0.676468480108931, 44.758814645257594 ], [ 0.676455592626046, 44.758823447357926 ], [ 0.676377467623011, 44.758903236236158 ], [ 0.676312763310694, 44.758956238774232 ], [ 0.676300142457271, 44.758956048754449 ], [ 0.67619624189974, 44.759053441670773 ], [ 0.676195975196206, 44.759062433773359 ], [ 0.676039456834461, 44.759231003229658 ], [ 0.675960797187165, 44.759328776033946 ], [ 0.675947909506529, 44.759337578077002 ], [ 0.675935021821847, 44.759346380118593 ], [ 0.675815297749285, 44.759551487874226 ], [ 0.675788721922208, 44.75959606823772 ], [ 0.675788455150778, 44.759605060341471 ], [ 0.675761879276994, 44.759649640699557 ], [ 0.675722415561011, 44.759703023070266 ], [ 0.675642687516308, 44.759836764086018 ], [ 0.675629799669068, 44.759845566093936 ], [ 0.675629532870977, 44.759854558198299 ], [ 0.675587667639045, 44.759988869468216 ], [ 0.67554553539378, 44.760132172835405 ], [ 0.675475492390207, 44.760365017027567 ], [ 0.675462604395383, 44.760373819018021 ], [ 0.675448915907732, 44.760409597325172 ], [ 0.675349626996521, 44.760776942835221 ], [ 0.675306692986503, 44.760947222484297 ], [ 0.675305358710047, 44.760992183024008 ], [ 0.675304558143148, 44.761019159348244 ], [ 0.675387303651565, 44.761209324535983 ], [ 0.675493424730519, 44.761462814676179 ], [ 0.675517066616982, 44.761517147561534 ], [ 0.675516799792869, 44.761526139672114 ], [ 0.675563283258573, 44.761661781765412 ], [ 0.67557563790283, 44.761670963980713 ], [ 0.675599013144706, 44.761734288964796 ], [ 0.675598746332695, 44.76174328107642 ], [ 0.675645496981648, 44.761869931035484 ], [ 0.675703802191385, 44.762032739522589 ], [ 0.67576077379836, 44.762240508559458 ], [ 0.675773128602389, 44.762249690754814 ], [ 0.675784949841142, 44.762276857177092 ], [ 0.675877385995604, 44.762566125443698 ], [ 0.676027596779701, 44.763036186287842 ], [ 0.676039418307405, 44.763063352691894 ], [ 0.676039151559663, 44.76307234480975 ], [ 0.676085637569484, 44.763207986772308 ], [ 0.676085370828462, 44.76321697889081 ], [ 0.676119235228001, 44.76335243080193 ], [ 0.676129189723018, 44.763442542035385 ], [ 0.67612892298786, 44.763451534154882 ], [ 0.676141011385548, 44.763469708433291 ], [ 0.676151499400543, 44.763541835429393 ], [ 0.67616385455512, 44.763551017586039 ], [ 0.676163587825003, 44.763560009705976 ], [ 0.676174876071985, 44.763605160341939 ], [ 0.676198519521276, 44.76365949313081 ], [ 0.676198252796201, 44.763668485251323 ], [ 0.676257361628622, 44.763804317207338 ], [ 0.676340647882581, 44.763976497661588 ], [ 0.67637584685077, 44.764066988925428 ], [ 0.676388468854293, 44.764067178936401 ], [ 0.676388202157724, 44.764076171058932 ], [ 0.676387935461072, 44.76408516318152 ], [ 0.676444378308854, 44.764310916294079 ], [ 0.676456733680749, 44.76432009842086 ], [ 0.676467488946057, 44.764383233289209 ], [ 0.676479844337662, 44.764392415413681 ], [ 0.676491666370165, 44.764419581784992 ], [ 0.676503221734182, 44.764455740279594 ], [ 0.676515577147604, 44.764464922400322 ], [ 0.676575754263704, 44.764564785732482 ], [ 0.676612287297482, 44.76461031631775 ], [ 0.676612020634207, 44.764619308442946 ], [ 0.676697175740077, 44.764728543807472 ], [ 0.676721086815305, 44.764773884384198 ], [ 0.676720820168693, 44.764782876510239 ], [ 0.676780731353701, 44.764891731870435 ], [ 0.676792553637138, 44.764918898215193 ], [ 0.676815664973645, 44.764991215156002 ], [ 0.676825354246813, 44.765090318517146 ], [ 0.676825087615409, 44.765099310644665 ], [ 0.676837709852727, 44.765099500604244 ], [ 0.676835043554213, 44.765189421881665 ], [ 0.676834776923891, 44.765198414009582 ], [ 0.676843666378373, 44.765324493763082 ], [ 0.676870068354446, 44.765711725190179 ], [ 0.676869535099979, 44.765729709450277 ], [ 0.676889180751078, 44.765918924098365 ], [ 0.676888914125966, 44.765927916229302 ], [ 0.676888380875484, 44.765945900491147 ], [ 0.676887314373496, 44.765981869015263 ], [ 0.676873358797947, 44.766026639717211 ], [ 0.676859669830647, 44.766062418286879 ], [ 0.67684704737659, 44.76606222832983 ], [ 0.676846780744042, 44.766071220461178 ], [ 0.676845447580021, 44.766116181118406 ], [ 0.67684518094696, 44.766125173249904 ], [ 0.676857536784051, 44.766134355338764 ], [ 0.676843847780373, 44.766170133908147 ], [ 0.676831225302131, 44.766169943949329 ], [ 0.676830958666536, 44.766178936081033 ], [ 0.676829892123295, 44.766214904608219 ], [ 0.676817269635028, 44.766214714647788 ], [ 0.676817002996982, 44.76622370677967 ], [ 0.676815936443942, 44.766259675307445 ], [ 0.676801447460378, 44.766322430270129 ], [ 0.676823226197054, 44.766439707915751 ], [ 0.676832382459496, 44.766556795604266 ], [ 0.676854427986061, 44.766665081121857 ], [ 0.676874073913746, 44.766854295848781 ], [ 0.676882697087756, 44.766989367823818 ], [ 0.676894253233167, 44.767025526317092 ], [ 0.676893986603605, 44.767034518452284 ], [ 0.676893719973959, 44.76704351058752 ], [ 0.676902076595363, 44.767187574707734 ], [ 0.676911233144443, 44.767304662427264 ], [ 0.676917456827229, 44.767520663658317 ], [ 0.676917190199032, 44.767529655795506 ], [ 0.676923147301398, 44.767754649185143 ], [ 0.676920747642751, 44.767835578428986 ], [ 0.676916748196281, 44.767970460508259 ], [ 0.676915681673973, 44.768006429064016 ], [ 0.676887502902783, 44.768104962691886 ], [ 0.676887236267005, 44.768113954831236 ], [ 0.676886436359162, 44.768140931249462 ], [ 0.676873546799164, 44.768149733434981 ], [ 0.676833544871287, 44.768221100680492 ], [ 0.67680669909651, 44.768274673597197 ], [ 0.676792742886174, 44.768319444333393 ], [ 0.676686425815278, 44.768497767376324 ], [ 0.6765540619103, 44.768702686773821 ], [ 0.67655379521823, 44.768711678914698 ], [ 0.676540372086268, 44.768738465345443 ], [ 0.676409073945411, 44.768907416023929 ], [ 0.676343024487533, 44.769005379521559 ], [ 0.676329601184639, 44.769032165930142 ], [ 0.676329334455018, 44.769041158071744 ], [ 0.676276441322075, 44.769121327267477 ], [ 0.676235904450897, 44.769210678611032 ], [ 0.676235637705408, 44.769219670753117 ], [ 0.676221147308019, 44.769282425720128 ], [ 0.676207457130147, 44.769318204259513 ], [ 0.676206656878206, 44.769345180686933 ], [ 0.6762184798222, 44.769372347145008 ], [ 0.676263104288965, 44.769570934401308 ], [ 0.676320885827133, 44.769751727386222 ], [ 0.676378134285604, 44.76995050464518 ], [ 0.676401513883633, 44.770013829683087 ], [ 0.676424360095732, 44.77009513900957 ], [ 0.676448006522185, 44.770149471895323 ], [ 0.6764595630384, 44.770185630483162 ], [ 0.676471652994443, 44.770203804777282 ], [ 0.676531836189017, 44.770303668377231 ], [ 0.676627756382035, 44.770476039084592 ], [ 0.676687140107797, 44.770602879056177 ], [ 0.676698430193483, 44.770648029774577 ], [ 0.676710787002827, 44.770657211897273 ], [ 0.676710520326584, 44.770666204046123 ], [ 0.676731233865493, 44.770819450525515 ], [ 0.676741190668697, 44.770909561992205 ], [ 0.676794175158658, 44.771252213546703 ], [ 0.676793375161286, 44.771279190000662 ], [ 0.676792841829278, 44.77129717430347 ], [ 0.676812489171406, 44.77148638941734 ], [ 0.676811955843556, 44.771504373721832 ], [ 0.676809822528731, 44.771576310941214 ], [ 0.676807689208432, 44.771648248162748 ], [ 0.67680742254301, 44.771657240315633 ], [ 0.67679266548746, 44.771728987576445 ], [ 0.676765817994681, 44.771782560564723 ], [ 0.676751327528334, 44.771845315670419 ], [ 0.6767376370631, 44.771881094315106 ], [ 0.676725013300044, 44.771880904344158 ], [ 0.676724746620261, 44.771889896497747 ], [ 0.676724479940392, 44.771898888651315 ], [ 0.676697632301165, 44.771952461626945 ], [ 0.676685008522182, 44.771952271651493 ], [ 0.676684475149025, 44.771970255958962 ], [ 0.676644470255856, 44.772041623254381 ], [ 0.676631579761506, 44.772050425426777 ], [ 0.676617889169822, 44.772086204059782 ], [ 0.676578417518348, 44.772139587026203 ], [ 0.676578150813835, 44.772148579180438 ], [ 0.676472092524991, 44.772317910158691 ], [ 0.676471825802583, 44.772326902313317 ], [ 0.676444977717167, 44.772380475237512 ], [ 0.67643235384271, 44.772380285233154 ], [ 0.676405505694043, 44.772433858149 ], [ 0.676391814864561, 44.772469636759908 ], [ 0.676391548128561, 44.772478628914961 ], [ 0.676390481183706, 44.772514597535476 ], [ 0.676390214447278, 44.772523589690714 ], [ 0.676389947710764, 44.772532581845915 ], [ 0.676400437740351, 44.772604709098587 ], [ 0.676399104063195, 44.772649669876849 ], [ 0.676410127594893, 44.772703812820204 ], [ 0.676409860860715, 44.772712804976194 ], [ 0.676421151147875, 44.772757955763701 ], [ 0.676419550750579, 44.77281190870157 ], [ 0.676419284017398, 44.772820900857994 ], [ 0.676418217083815, 44.772856869484052 ], [ 0.676416883414912, 44.772901830267372 ], [ 0.676373409879878, 44.77309009553764 ], [ 0.676373143137975, 44.773099087695044 ], [ 0.676371809427179, 44.773144048482528 ], [ 0.676371542684764, 44.773153040640103 ], [ 0.676315978217036, 44.773323131578898 ], [ 0.676300953339604, 44.773403870984176 ], [ 0.676230896897867, 44.773636716991938 ], [ 0.676217205663388, 44.773672495599811 ], [ 0.676215871813954, 44.773717456396547 ], [ 0.676202980867194, 44.773726258525393 ], [ 0.676150083135412, 44.77380642782375 ], [ 0.676149816354299, 44.773815419983357 ], [ 0.676136925374658, 44.773824222104899 ], [ 0.676122967248792, 44.773868992863825 ], [ 0.6760837606639, 44.773913383534911 ], [ 0.676057711838338, 44.773939979921728 ], [ 0.675965073289369, 44.774082524110412 ], [ 0.675911908060584, 44.774171685467707 ], [ 0.675898483315351, 44.774198471883842 ], [ 0.675885592208231, 44.774207273977467 ], [ 0.675885325382806, 44.774216266138055 ], [ 0.675856874851081, 44.774323791928445 ], [ 0.675840514876955, 44.774449492112581 ], [ 0.675826289522622, 44.77450325500768 ], [ 0.67582602268628, 44.774512247169255 ], [ 0.675811263624126, 44.774583994387527 ], [ 0.675810996784992, 44.774592986549386 ], [ 0.680166409635145, 44.774658476857752 ], [ 0.687086881718505, 44.775113032815128 ], [ 0.695412461515425, 44.775893936288448 ], [ 0.70256994984249, 44.776890818172141 ], [ 0.710628424994103, 44.778620221847021 ], [ 0.714088263362718, 44.779525804735201 ], [ 0.714114818170626, 44.77948121483201 ], [ 0.726271687205938, 44.763475480148465 ], [ 0.740721250935212, 44.749166066218365 ], [ 0.75332412599097, 44.74054080465114 ], [ 0.765167730921678, 44.734997924986466 ], [ 0.779349445959562, 44.729243991649824 ], [ 0.804643473405157, 44.719847148921779 ], [ 0.825603888692603, 44.710376342039751 ], [ 0.841784289231391, 44.704408140420696 ], [ 0.862997792856275, 44.697317661351626 ], [ 0.878106236969633, 44.693470803258649 ], [ 0.892860291475744, 44.690570774003398 ], [ 0.909271254123128, 44.688400962691524 ], [ 0.918099059760487, 44.687867407831227 ], [ 0.917840489537402, 44.687621199896597 ], [ 0.915726897370329, 44.685938785596235 ], [ 0.912776908383138, 44.683930675620992 ], [ 0.908000206511802, 44.681377058372114 ], [ 0.900867607541757, 44.678279786344028 ], [ 0.891189346621563, 44.675175678739123 ], [ 0.881587763222233, 44.672557483734487 ], [ 0.869900174501145, 44.669721771318763 ], [ 0.86581028641238, 44.668974561783259 ], [ 0.862846327303335, 44.668557117090401 ], [ 0.85842973711359, 44.668255028828014 ], [ 0.851608528974975, 44.668316152614544 ], [ 0.851620891783911, 44.668325314802082 ], [ 0.851893112795625, 44.668517890371255 ], [ 0.852202424648268, 44.668737951667211 ], [ 0.852226198084964, 44.668792244788776 ], [ 0.851767077643016, 44.668992948400721 ], [ 0.851754238227381, 44.669001770664032 ], [ 0.851473676171715, 44.669123922333718 ], [ 0.851461074945456, 44.669123752344504 ], [ 0.851448235451775, 44.669132574572423 ], [ 0.850262729487583, 44.669629315479796 ], [ 0.849867317644504, 44.669803885176186 ], [ 0.849854477744592, 44.66981270721999 ], [ 0.849611950271734, 44.669926372468879 ], [ 0.849611473141177, 44.669944356903152 ], [ 0.849471187577002, 44.670005430111225 ], [ 0.849420304712318, 44.670022733660829 ], [ 0.849382261844449, 44.670031215199181 ], [ 0.849318538888798, 44.670057340689667 ], [ 0.849280257363127, 44.670074814409716 ], [ 0.849128085596717, 44.670108740290942 ], [ 0.848861545876212, 44.670177102293451 ], [ 0.848760972942075, 44.670166747727009 ], [ 0.848685364229815, 44.67016572590375 ], [ 0.848647559874717, 44.670165214972641 ], [ 0.848483263516389, 44.670180985218323 ], [ 0.848395769619455, 44.670152816218994 ], [ 0.848307798260259, 44.670142631579843 ], [ 0.848232189588755, 44.670141609445601 ], [ 0.847992762147175, 44.670138372344901 ], [ 0.847074290807374, 44.670071976955704 ], [ 0.847011522661596, 44.670062132264562 ], [ 0.846646559495466, 44.670039202749876 ], [ 0.846520545327285, 44.670037497264268 ], [ 0.846255198288154, 44.670060891901791 ], [ 0.846116343537094, 44.670068007575594 ], [ 0.845865032610152, 44.670037618623283 ], [ 0.845701214228548, 44.67003540030165 ], [ 0.84557520009767, 44.670033693734581 ], [ 0.845499591622823, 44.670032669725167 ], [ 0.845449664439906, 44.670014002610195 ], [ 0.845337208774567, 44.669976497622642 ], [ 0.845199550478983, 44.669938651110598 ], [ 0.845011726146889, 44.669891129321073 ], [ 0.844824380797224, 44.669825622804701 ], [ 0.844774214683177, 44.6698159475905 ], [ 0.844622519623643, 44.669831882829286 ], [ 0.844546432684905, 44.669848842573799 ], [ 0.844406860044688, 44.669882932703338 ], [ 0.84419048177098, 44.669960958764349 ], [ 0.844076350887188, 44.669986397914009 ], [ 0.843708994299624, 44.67005338069918 ], [ 0.84364598724337, 44.670052526294072 ], [ 0.84357013924437, 44.670060493162211 ], [ 0.84348145026138, 44.670077281277052 ], [ 0.843380399370357, 44.670084906204657 ], [ 0.84321610176726, 44.670100668589541 ], [ 0.843077486145738, 44.670098788230135 ], [ 0.84282449915191, 44.670131337748465 ], [ 0.842773374461317, 44.670157630422608 ], [ 0.842722729063625, 44.670165938673058 ], [ 0.84268516443917, 44.670156433495627 ], [ 0.842659961576391, 44.670156091503515 ], [ 0.842571272169972, 44.670172878885026 ], [ 0.842192270138766, 44.670203716801737 ], [ 0.842179908455708, 44.670194553551212 ], [ 0.842181107241986, 44.670149592557792 ], [ 0.842169225090535, 44.670122444909325 ], [ 0.842131420824103, 44.670121931741967 ], [ 0.842106217980198, 44.670121589623243 ], [ 0.842055332739118, 44.670138889764743 ], [ 0.842003967895693, 44.670174174279225 ], [ 0.841938802565804, 44.67025424868239 ], [ 0.841874836084604, 44.670289362057161 ], [ 0.841798507875968, 44.670315312101415 ], [ 0.84169673682129, 44.670349912078287 ], [ 0.841644652027036, 44.670412173022406 ], [ 0.841618489662316, 44.67044779958492 ], [ 0.841428747629479, 44.670472209263743 ], [ 0.841327215957639, 44.67049781670223 ], [ 0.841276330135161, 44.670515116485269 ], [ 0.841199041678087, 44.670577034906614 ], [ 0.841122472836888, 44.67061197668172 ], [ 0.841046383782417, 44.67062893400864 ], [ 0.8408942055355, 44.670662848504833 ], [ 0.840780551697246, 44.670670299844787 ], [ 0.840704222464288, 44.670696249132405 ], [ 0.84057748695232, 44.670721513434287 ], [ 0.8404250681298, 44.670764419479099 ], [ 0.840247926073143, 44.670788998375819 ], [ 0.840135712419376, 44.670742495873725 ], [ 0.839923166840417, 44.670676638427132 ], [ 0.839860879535534, 44.670648805270524 ], [ 0.839811433958332, 44.67061215120934 ], [ 0.839749386929113, 44.670575325796705 ], [ 0.839675218793925, 44.670520344624272 ], [ 0.839612931785549, 44.670492511330274 ], [ 0.839399907359254, 44.67044463727165 ], [ 0.839148838628465, 44.670405240803341 ], [ 0.838996419572674, 44.670448144864302 ], [ 0.838882285343237, 44.670473578628318 ], [ 0.83874318832713, 44.670489677194212 ], [ 0.838428631714143, 44.670467406218357 ], [ 0.838049625417355, 44.67049822987282 ], [ 0.837986137086218, 44.670515356607126 ], [ 0.837832514563518, 44.670603220002839 ], [ 0.837692455011026, 44.670655285997626 ], [ 0.837603522836558, 44.670681061565553 ], [ 0.837502951077931, 44.670670696720414 ], [ 0.837414499838645, 44.670678487758622 ], [ 0.837274920802066, 44.670712568845907 ], [ 0.837122980619159, 44.670737485937984 ], [ 0.837034529221828, 44.67074527667085 ], [ 0.836731851496227, 44.670750149047485 ], [ 0.836605114074051, 44.670775408774013 ], [ 0.836453654779076, 44.670782340569161 ], [ 0.836126014427167, 44.670777875675633 ], [ 0.83593699117095, 44.670775299332298 ], [ 0.835787458069441, 44.670710292734356 ], [ 0.835649563610295, 44.670681426470985 ], [ 0.835449143365419, 44.670633716573825 ], [ 0.835262288437797, 44.670550209430253 ], [ 0.83514983850859, 44.670512694048469 ], [ 0.834961538937601, 44.670483139489548 ], [ 0.834811525866306, 44.670436115942103 ], [ 0.834648188691238, 44.670415896818234 ], [ 0.834509813566728, 44.670405013495071 ], [ 0.834383316931874, 44.67042127848093 ], [ 0.834295106674829, 44.670420074833942 ], [ 0.834106566812767, 44.670399510995594 ], [ 0.833742330063147, 44.670349562193685 ], [ 0.833504108317463, 44.670301332712604 ], [ 0.833403055667993, 44.670308948482436 ], [ 0.83335216757386, 44.670326244596758 ], [ 0.833287472087408, 44.670388329499282 ], [ 0.833184972052488, 44.670449898126769 ], [ 0.833133360137877, 44.670494170669485 ], [ 0.833094590844731, 44.670529623105217 ], [ 0.833068181777076, 44.670574239799834 ], [ 0.833066493239535, 44.670637185035609 ], [ 0.833052926841186, 44.670672981646355 ], [ 0.832976111561732, 44.670716909922362 ], [ 0.832924016750123, 44.670779166725197 ], [ 0.832897848677118, 44.670814791206375 ], [ 0.832782987139092, 44.670867195175894 ], [ 0.832719014229661, 44.67090230322534 ], [ 0.83265479995298, 44.670946403414831 ], [ 0.832602463275874, 44.671017652247663 ], [ 0.832537283549324, 44.671097721079299 ], [ 0.832511356393219, 44.671124353295504 ], [ 0.832384616225945, 44.671149608162494 ], [ 0.832282113809539, 44.671211175964714 ], [ 0.832179369803344, 44.671281735849632 ], [ 0.832114913292854, 44.671334827906833 ], [ 0.832101346118701, 44.671370624409718 ], [ 0.832112982286948, 44.671406765324214 ], [ 0.832111775405742, 44.671451726211274 ], [ 0.832072039273597, 44.6715231470098 ], [ 0.832032785819707, 44.671576583440348 ], [ 0.832007099596711, 44.671594223364551 ], [ 0.83189416692827, 44.671574688996593 ], [ 0.831856120359751, 44.671583164477212 ], [ 0.831805230633058, 44.671600459882384 ], [ 0.831692539466536, 44.671571933130636 ], [ 0.83162928943453, 44.671580064023594 ], [ 0.831616446260824, 44.671588883939229 ], [ 0.831603603083082, 44.671597703853365 ], [ 0.831590035519142, 44.671633500296501 ], [ 0.831601188494137, 44.67168762562283 ], [ 0.831575260621098, 44.671714257623876 ], [ 0.831460878970616, 44.671748675873197 ], [ 0.831372666689438, 44.671747469879435 ], [ 0.831146559723858, 44.671717391899939 ], [ 0.830995338768646, 44.671715324007593 ], [ 0.830906643408501, 44.671732101992056 ], [ 0.830816981654391, 44.671784848606642 ], [ 0.830727561331638, 44.671828602973626 ], [ 0.830525933014783, 44.671825844969504 ], [ 0.830222282172403, 44.671866668142101 ], [ 0.830083420922182, 44.67187376359162 ], [ 0.829983573573303, 44.671836415351727 ], [ 0.829946009989177, 44.671826905825363 ], [ 0.829908204686608, 44.671826388459472 ], [ 0.829895119452621, 44.671844200347792 ], [ 0.829882034210326, 44.671862012234634 ], [ 0.829817333113167, 44.671924095127089 ], [ 0.82974027182886, 44.671977013333425 ], [ 0.829701982897222, 44.671994480243313 ], [ 0.829689381092734, 44.671994307761445 ], [ 0.829663693941745, 44.672011947139957 ], [ 0.82961183603198, 44.672065210226116 ], [ 0.829598992430084, 44.672074029907293 ], [ 0.829519996376089, 44.672198885352117 ], [ 0.829493100081061, 44.672261485561563 ], [ 0.829466687334256, 44.672306101417945 ], [ 0.829416038027539, 44.672314403547119 ], [ 0.829289051946208, 44.672348647028713 ], [ 0.829200113227638, 44.672374415813515 ], [ 0.829148738253808, 44.672409694340793 ], [ 0.828982494790431, 44.672497372870936 ], [ 0.828944447156414, 44.672505847346478 ], [ 0.828894039488824, 44.672505157062176 ], [ 0.828868593754735, 44.672513804084694 ], [ 0.828830787999265, 44.672513286347602 ], [ 0.828536104815855, 44.67268916005478 ], [ 0.828370101548858, 44.672767845493503 ], [ 0.828267591770804, 44.672829409585113 ], [ 0.828190527781355, 44.672882326721648 ], [ 0.82815223774943, 44.672899793097045 ], [ 0.828113705670142, 44.672926251632177 ], [ 0.828101103661256, 44.672926078967947 ], [ 0.827796718876512, 44.672993871972338 ], [ 0.827707778449737, 44.673019639555051 ], [ 0.827669488173818, 44.673037105763044 ], [ 0.827604541167361, 44.673108179551164 ], [ 0.82754080457874, 44.673134292440594 ], [ 0.827477552183857, 44.673142420948793 ], [ 0.8274395038851, 44.67315089490512 ], [ 0.827350563045348, 44.673176662200135 ], [ 0.827337960982569, 44.673176489448423 ], [ 0.827235933656519, 44.673220068241918 ], [ 0.827159110335506, 44.673263992490106 ], [ 0.827043511833201, 44.673343367020799 ], [ 0.826991650205368, 44.673396628895553 ], [ 0.82689980212723, 44.67353030189507 ], [ 0.826821524717477, 44.673628178947446 ], [ 0.826780811347357, 44.67373556657671 ], [ 0.826767240189349, 44.673771362450879 ], [ 0.82680238216225, 44.673870794804316 ], [ 0.826813773199387, 44.673915928485592 ], [ 0.826799959780229, 44.673960716540513 ], [ 0.826722650601382, 44.674022624843367 ], [ 0.826669576741122, 44.674120847451128 ], [ 0.826616502695025, 44.674219070037253 ], [ 0.826513261483385, 44.674307609048327 ], [ 0.826461640755372, 44.674351878518586 ], [ 0.826383119127408, 44.674458747465806 ], [ 0.826318895800076, 44.674502844008288 ], [ 0.826241100681818, 44.674582736335054 ], [ 0.826135677075365, 44.674752204581615 ], [ 0.826095930998011, 44.67482362330454 ], [ 0.826145371325262, 44.674860283578418 ], [ 0.826194811717124, 44.674896943830909 ], [ 0.826231165051668, 44.674951415535126 ], [ 0.826204990782873, 44.674987038477077 ], [ 0.826141736105632, 44.674995166218807 ], [ 0.826103928703275, 44.674994647540672 ], [ 0.826112168811326, 44.675156679612833 ], [ 0.826009167449259, 44.675236226005261 ], [ 0.825943731030358, 44.675325283227281 ], [ 0.825852362091786, 44.675440971100571 ], [ 0.825775049827505, 44.67550287877183 ], [ 0.825732878593321, 44.675664219164176 ], [ 0.825756386934169, 44.675727510283956 ], [ 0.825779895328057, 44.675790801400694 ], [ 0.825751053818642, 44.675925338214924 ], [ 0.825749599326061, 44.67597929129002 ], [ 0.825773835053951, 44.676015605877083 ], [ 0.825998259828629, 44.676108640246852 ], [ 0.826223412369682, 44.676174697621249 ], [ 0.826511579183508, 44.676241618802464 ], [ 0.826699651364702, 44.676280180108805 ], [ 0.827087672670703, 44.676384451099644 ], [ 0.827162562794666, 44.676412464327775 ], [ 0.827375115121382, 44.676478346588901 ], [ 0.827550101617181, 44.676534718071785 ], [ 0.827750294126693, 44.676591434697315 ], [ 0.827775257695427, 44.676600772296894 ], [ 0.82784918012372, 44.676664753812368 ], [ 0.827960669243908, 44.676738245526295 ], [ 0.828048163147363, 44.676766430842335 ], [ 0.828223635263538, 44.676804816889344 ], [ 0.82855034230137, 44.676845274157529 ], [ 0.828675645359928, 44.676873976820332 ], [ 0.82873720820402, 44.676928792958059 ], [ 0.828760720464096, 44.676992083484009 ], [ 0.828745940081949, 44.677072840614663 ], [ 0.828665967276578, 44.677233664476766 ], [ 0.82857218115184, 44.677439276641167 ], [ 0.828466033257125, 44.677635723924126 ], [ 0.8283872688506, 44.677751586651851 ], [ 0.828398177952774, 44.677814704642479 ], [ 0.828420238226834, 44.677931948431798 ], [ 0.828455385735673, 44.678031380462194 ], [ 0.828503378531912, 44.678121992914228 ], [ 0.828610999939553, 44.678339359164838 ], [ 0.828706744764043, 44.678529576142381 ], [ 0.828730257660643, 44.67859286672283 ], [ 0.828792548262696, 44.678620706283731 ], [ 0.828929491037776, 44.678685550075215 ], [ 0.829140602747217, 44.678805382223047 ], [ 0.829150787252946, 44.678895476772773 ], [ 0.829119291455383, 44.679128928887742 ], [ 0.829244841774942, 44.679148638746653 ], [ 0.829331614516928, 44.679203799691606 ], [ 0.829377916792599, 44.679357357235027 ], [ 0.829411857673554, 44.679501750048118 ], [ 0.829345937971256, 44.679608793873243 ], [ 0.829306676262876, 44.679662229507038 ], [ 0.829191551375108, 44.679723622087977 ], [ 0.829050493421214, 44.679811646041394 ], [ 0.82899911154223, 44.679846924599751 ], [ 0.828908225393122, 44.679944630835358 ], [ 0.829016093776138, 44.680153004680072 ], [ 0.82901585186599, 44.680161996885069 ], [ 0.828921820201723, 44.68037660181772 ], [ 0.828921578275499, 44.680385594023406 ], [ 0.828933940038353, 44.680394758804759 ], [ 0.828933698113995, 44.680403751010516 ], [ 0.828946301805247, 44.68040392358472 ], [ 0.828958663576179, 44.680413088363387 ], [ 0.828971267269607, 44.680413260934749 ], [ 0.828996474656696, 44.680413606073131 ], [ 0.829046647525465, 44.680423288538769 ], [ 0.829096820411554, 44.680432970981663 ], [ 0.82913438961439, 44.680442480850544 ], [ 0.829129551750962, 44.680622324987603 ], [ 0.829172226327768, 44.680910765840473 ], [ 0.829420674732407, 44.681049099653848 ], [ 0.829791777998412, 44.681315048721913 ], [ 0.829725373286446, 44.681440077283099 ], [ 0.829747437759976, 44.681557321011958 ], [ 0.829959287320579, 44.681650175142728 ], [ 0.829994439886988, 44.681749606864543 ], [ 0.830013603953371, 44.681974757136175 ], [ 0.830197830103747, 44.682157188080005 ], [ 0.830280015825222, 44.682383200490122 ], [ 0.830386685488369, 44.682636534343295 ], [ 0.83048510221618, 44.682727835771345 ], [ 0.830781804157924, 44.682947786228979 ], [ 0.831039970674213, 44.683194195583056 ], [ 0.831110281697883, 44.683393058486281 ], [ 0.831255736576365, 44.683610939708686 ], [ 0.831473921012719, 44.683937761228506 ], [ 0.831732095125502, 44.684184169092589 ], [ 0.831693073986324, 44.684228613456781 ], [ 0.831654535795168, 44.68425507335045 ], [ 0.831540370144524, 44.684280499580176 ], [ 0.831540128621222, 44.684289491808698 ], [ 0.831527282523554, 44.684298311757026 ], [ 0.831476622693611, 44.684306614850151 ], [ 0.831438567426382, 44.684315090211776 ], [ 0.831450688928594, 44.684333246959049 ], [ 0.831449239700008, 44.684387200330569 ], [ 0.83149410286032, 44.684594710751298 ], [ 0.831490238337894, 44.684738586430363 ], [ 0.831434505717768, 44.684935726347703 ], [ 0.831343615565461, 44.685033434807679 ], [ 0.83120109814837, 44.685175415088707 ], [ 0.831174922265045, 44.685211039373115 ], [ 0.831170090532463, 44.685390884006843 ], [ 0.831230940427874, 44.685472675693006 ], [ 0.831278219361885, 44.685590263971903 ], [ 0.8312741126449, 44.685743131940498 ], [ 0.831259092000269, 44.685832881967876 ], [ 0.831204806988005, 44.685976068453272 ], [ 0.831126278124447, 44.686082941327676 ], [ 0.830972360598664, 44.686179787867083 ], [ 0.830600773715311, 44.686399595089384 ], [ 0.830486361520755, 44.686434012473093 ], [ 0.830435457898166, 44.686451307324248 ], [ 0.830358377238791, 44.686504226260197 ], [ 0.830294868442976, 44.686521348629782 ], [ 0.830206632954831, 44.686520141630091 ], [ 0.830053679728202, 44.686581017960123 ], [ 0.830052712641558, 44.686616986896219 ], [ 0.830051503781505, 44.686661948067133 ], [ 0.829999632695612, 44.68671521165539 ], [ 0.829896373823812, 44.686803754292704 ], [ 0.829883526891864, 44.686812574057129 ], [ 0.829880625288893, 44.686920480873027 ], [ 0.829854447752563, 44.686956104867328 ], [ 0.829765002493018, 44.686999858686853 ], [ 0.829823917600978, 44.687153589092212 ], [ 0.829807443375185, 44.687297292388472 ], [ 0.829766000336215, 44.687431658488357 ], [ 0.829751460474315, 44.687503423897091 ], [ 0.829695718995726, 44.687700563157797 ], [ 0.829641670027956, 44.687834756740287 ], [ 0.829575257262648, 44.687959785559208 ], [ 0.829548595330168, 44.688013393972753 ], [ 0.829520965893455, 44.688102971335603 ], [ 0.829494061973005, 44.688165571978018 ], [ 0.829453343167248, 44.688272961291204 ], [ 0.829452617541759, 44.688299938009102 ], [ 0.829527041029076, 44.688345934307826 ], [ 0.829576737373671, 44.688373601066424 ], [ 0.829600739082666, 44.68841890727812 ], [ 0.829624498982005, 44.68847320572609 ], [ 0.829610684222035, 44.688517994426654 ], [ 0.829568272376717, 44.688688329487768 ], [ 0.829527069602568, 44.688813703336379 ], [ 0.829459446037961, 44.688983693348142 ], [ 0.829420419758964, 44.689028136990061 ], [ 0.829342125118915, 44.689126016476948 ], [ 0.829249773060755, 44.689277676823821 ], [ 0.829170993924442, 44.68939354068479 ], [ 0.829132209063271, 44.689428991988237 ], [ 0.82895113174246, 44.689597428643964 ], [ 0.828780965203601, 44.689828983317099 ], [ 0.828740969814201, 44.689909395708348 ], [ 0.828687884455227, 44.690007619967218 ], [ 0.828453475866606, 44.690283272328884 ], [ 0.828349239740697, 44.690407782615246 ], [ 0.828221001633774, 44.690486986258847 ], [ 0.828182699592964, 44.690504452751696 ], [ 0.828130823178756, 44.690557715538205 ], [ 0.828104884934707, 44.690584346922655 ], [ 0.828077494031737, 44.690664931772595 ], [ 0.828113375213705, 44.690737387770845 ], [ 0.828085257932103, 44.690844949366429 ], [ 0.82803338111043, 44.690898212114121 ], [ 0.827982230557603, 44.690924498099818 ], [ 0.827944170272179, 44.690932972266005 ], [ 0.827905867840596, 44.690950438665105 ], [ 0.827855201466247, 44.69095874009998 ], [ 0.827841142535887, 44.691012520869656 ], [ 0.827840900390506, 44.6910215131158 ], [ 0.827777143555501, 44.691047626299138 ], [ 0.827675326233812, 44.69108221351923 ], [ 0.82762320662259, 44.691144468323984 ], [ 0.8276229644417, 44.691153460570114 ], [ 0.827504423321175, 44.691340743090187 ], [ 0.827464182816016, 44.691430147311884 ], [ 0.827461760736314, 44.69152006978188 ], [ 0.827435579516852, 44.691555693265563 ], [ 0.827370368546246, 44.691635759702258 ], [ 0.827215944799409, 44.691750585673063 ], [ 0.827138127035157, 44.691830479197733 ], [ 0.826968915395071, 44.692026062273492 ], [ 0.826956309098201, 44.692025889464958 ], [ 0.82691776331478, 44.692052347774279 ], [ 0.826866611186545, 44.692078633251434 ], [ 0.826702486851298, 44.692085378722879 ], [ 0.826589030069673, 44.692083823119475 ], [ 0.82650005881561, 44.6921095898659 ], [ 0.826436542494852, 44.692126710034138 ], [ 0.826348298271533, 44.692125499917346 ], [ 0.826273145171939, 44.692106478125197 ], [ 0.826123081551036, 44.692059442142202 ], [ 0.826034595000824, 44.692067224020285 ], [ 0.825958714730853, 44.692075178751402 ], [ 0.825870470598929, 44.692073968252217 ], [ 0.825565494170831, 44.692159739878555 ], [ 0.825158695761818, 44.692280095564549 ], [ 0.82506948094402, 44.692314853399751 ], [ 0.825043297834104, 44.692350476322552 ], [ 0.825030206266672, 44.692368287781846 ], [ 0.824979295575841, 44.692385580139153 ], [ 0.824902929480735, 44.692411518631076 ], [ 0.824787773602898, 44.692472906879757 ], [ 0.824735406844383, 44.692544152589505 ], [ 0.824734921544433, 44.692562137077843 ], [ 0.824746072065391, 44.692616263606901 ], [ 0.824780979619017, 44.692724689725125 ], [ 0.824729583224459, 44.692759966458844 ], [ 0.824615397122802, 44.692785385554153 ], [ 0.824577335065916, 44.692793858559575 ], [ 0.824360112687756, 44.692898822890427 ], [ 0.824283017435242, 44.692951737690137 ], [ 0.824269925486019, 44.692969549062838 ], [ 0.824257318985411, 44.692969375944884 ], [ 0.824155981494098, 44.692985975438056 ], [ 0.824029430928152, 44.693002228551279 ], [ 0.82399112586434, 44.693019693598572 ], [ 0.823889059840169, 44.693063269578637 ], [ 0.823736810350397, 44.693097160518988 ], [ 0.823584317839637, 44.693140043492434 ], [ 0.823392791118378, 44.693227367825052 ], [ 0.823354242828186, 44.69325382489518 ], [ 0.823277146138697, 44.693306738995645 ], [ 0.823188414324571, 44.693323510829295 ], [ 0.822808759280778, 44.693372266397866 ], [ 0.822732633813108, 44.6933892111483 ], [ 0.822694328081187, 44.693406675745997 ], [ 0.8226935991382, 44.693433652472812 ], [ 0.822692870194514, 44.693460629199954 ], [ 0.822666199068637, 44.693514236055947 ], [ 0.822640013872345, 44.693549858421243 ], [ 0.822614557626119, 44.693558504052774 ], [ 0.822513704605317, 44.693557117550505 ], [ 0.822448727302613, 44.693628188878293 ], [ 0.822423027965974, 44.693645826708206 ], [ 0.822271019058883, 44.693670723382816 ], [ 0.822232226878571, 44.693706172305681 ], [ 0.822218647984919, 44.693741967923117 ], [ 0.822166519845165, 44.693804220197975 ], [ 0.822012079473955, 44.693919038942148 ], [ 0.821858367823282, 44.694006880746599 ], [ 0.821756055211451, 44.694059447003383 ], [ 0.821666349157227, 44.694112186582494 ], [ 0.821589249695345, 44.69416509951477 ], [ 0.821524756860769, 44.694218185826912 ], [ 0.821306307216241, 44.694368105388271 ], [ 0.821164956823923, 44.694465111936161 ], [ 0.821024822210459, 44.694517157093678 ], [ 0.820947235054536, 44.694588054068312 ], [ 0.820817760500493, 44.694712210403409 ], [ 0.82062500750936, 44.694844491174955 ], [ 0.820548149389764, 44.694888411148121 ], [ 0.820496991689734, 44.694914693686556 ], [ 0.820381095774029, 44.695003054099999 ], [ 0.820292360410144, 44.695019823604646 ], [ 0.820241689232838, 44.695028121540574 ], [ 0.820164587167707, 44.695081033490787 ], [ 0.820138399650961, 44.695116655280415 ], [ 0.820046499667007, 44.695250323741476 ], [ 0.819891320656993, 44.695392116294592 ], [ 0.819697345791043, 44.695569356688409 ], [ 0.819465791877678, 44.695737083508533 ], [ 0.819426752979935, 44.695781523711204 ], [ 0.819400564667455, 44.695817145334594 ], [ 0.819387226977085, 44.695843948387378 ], [ 0.819423830793256, 44.695889430631965 ], [ 0.819334119618785, 44.695942168341816 ], [ 0.819307687637424, 44.695986782189024 ], [ 0.819279794375589, 44.696085349494126 ], [ 0.819250196199691, 44.6962468625076 ], [ 0.819211400328081, 44.696282310397955 ], [ 0.819121201192419, 44.696353032431219 ], [ 0.8190819180198, 44.696406464767037 ], [ 0.819054998463775, 44.696469063051822 ], [ 0.818999697648883, 44.696648213079129 ], [ 0.818984410850119, 44.696746954058533 ], [ 0.818929109535708, 44.696926104071451 ], [ 0.818914066139602, 44.697015852806047 ], [ 0.818870640937897, 44.697222153284947 ], [ 0.818841771831176, 44.697356689522273 ], [ 0.818800538708717, 44.697482059765917 ], [ 0.818759061771823, 44.697616422249602 ], [ 0.818731897639871, 44.697688012736108 ], [ 0.818718559184966, 44.697714815728446 ], [ 0.818704733438565, 44.697759603217982 ], [ 0.818678543743755, 44.697795224697636 ], [ 0.818639502789456, 44.69783966465701 ], [ 0.818469999701471, 44.698044227329014 ], [ 0.81836597068141, 44.698159736255256 ], [ 0.818261697520084, 44.698284237338321 ], [ 0.818196953075255, 44.698346314029962 ], [ 0.818093166672996, 44.698452830460603 ], [ 0.818016057872289, 44.698505740970568 ], [ 0.817939192691757, 44.69854965917704 ], [ 0.817849963425949, 44.698584411225141 ], [ 0.817838818374321, 44.69853028386774 ], [ 0.817818722395193, 44.698341098908891 ], [ 0.8178223791471, 44.698206215174039 ], [ 0.817816109870123, 44.69797224286097 ], [ 0.817768848725501, 44.697854648197129 ], [ 0.817684008926251, 44.697727539657841 ], [ 0.817585342899415, 44.697645218405924 ], [ 0.817461218300045, 44.697571541518933 ], [ 0.817187511238304, 44.697432831721223 ], [ 0.817075995096768, 44.697359328339928 ], [ 0.817014665132898, 44.697295512904297 ], [ 0.816977818438738, 44.697259022076132 ], [ 0.816942191391164, 44.697177570024792 ], [ 0.816918927929657, 44.697105284168813 ], [ 0.816907540146009, 44.697060148998247 ], [ 0.81693958468521, 44.696808714165577 ], [ 0.81695487510102, 44.696709973477077 ], [ 0.816934294920052, 44.696538773001478 ], [ 0.816875161359738, 44.696394027362111 ], [ 0.816778694344023, 44.696230775302055 ], [ 0.816742336397528, 44.696176299939488 ], [ 0.816681739976995, 44.696085507645293 ], [ 0.816228696063935, 44.695584496202557 ], [ 0.81597175792869, 44.695293089622758 ], [ 0.815946055792288, 44.695310725947543 ], [ 0.81520865427853, 44.695993203373533 ], [ 0.814923969809361, 44.696259138572103 ], [ 0.814652378478075, 44.696507262813476 ], [ 0.814562417530213, 44.696568988871739 ], [ 0.814343940118108, 44.69671889471234 ], [ 0.81421542344775, 44.696807074419475 ], [ 0.814060958529496, 44.696921882106849 ], [ 0.813894130003737, 44.697027523042017 ], [ 0.813663530495832, 44.697159268778975 ], [ 0.8133048994979, 44.697361208231371 ], [ 0.813176868770807, 44.697431402277083 ], [ 0.812793508426838, 44.697615006830709 ], [ 0.812346373849295, 44.697824714351889 ], [ 0.812154324251638, 44.697930003707384 ], [ 0.811846602862393, 44.698114652004655 ], [ 0.811564339552156, 44.698290656371832 ], [ 0.811498608496801, 44.698388698038428 ], [ 0.811445974525754, 44.698468929792647 ], [ 0.811406682558389, 44.69852235941876 ], [ 0.811341930250983, 44.698584432067705 ], [ 0.811225032956418, 44.698708751869674 ], [ 0.811212670051038, 44.698699585022212 ], [ 0.811150610730148, 44.698662742997712 ], [ 0.810927589673827, 44.698515723856232 ], [ 0.810766628489314, 44.698405546545551 ], [ 0.810754020808628, 44.698405371878998 ], [ 0.810754265725705, 44.698396379648287 ], [ 0.81070456978684, 44.698368704276412 ], [ 0.810530511910887, 44.698276336416853 ], [ 0.809944323608457, 44.698034326349813 ], [ 0.809931961061094, 44.698025159362473 ], [ 0.809819472991996, 44.697987617548335 ], [ 0.809693887328293, 44.697967885285188 ], [ 0.809668917259663, 44.697958543479793 ], [ 0.809568056647686, 44.697957145105093 ], [ 0.809467196040742, 44.697955746638065 ], [ 0.809365354887591, 44.697990316979862 ], [ 0.808801937384216, 44.697838572781357 ], [ 0.808673654682942, 44.697917753815027 ], [ 0.808599480859821, 44.697862751022285 ], [ 0.808389567777617, 44.697697917292984 ], [ 0.807497960840253, 44.698018380285852 ], [ 0.807001109283907, 44.698200389259632 ], [ 0.806860952194619, 44.698252416429298 ], [ 0.806478793575753, 44.698391037908777 ], [ 0.806185869528521, 44.698494915556211 ], [ 0.805382983180423, 44.698798603337764 ], [ 0.804135988584031, 44.700121609645009 ], [ 0.803914763729219, 44.700370408686226 ], [ 0.803901663615786, 44.700388217627143 ], [ 0.803851723224303, 44.70036953141593 ], [ 0.803801782866009, 44.700350845182307 ], [ 0.803715494479428, 44.700277679340836 ], [ 0.803641322286408, 44.700222673306349 ], [ 0.803579512236392, 44.700176834907374 ], [ 0.803541934129352, 44.700167316240403 ], [ 0.803516471953694, 44.70017595744573 ], [ 0.803477909565874, 44.700202407534135 ], [ 0.803388176607686, 44.700255132161296 ], [ 0.803208217952596, 44.70037856558789 ], [ 0.80304062049111, 44.700511166471856 ], [ 0.802912323710484, 44.700590340643117 ], [ 0.802861152601259, 44.700616614953766 ], [ 0.802797619469311, 44.700633721468854 ], [ 0.802417404846251, 44.700700391016788 ], [ 0.802227297196678, 44.700733725299081 ], [ 0.80202482744552, 44.70075789139451 ], [ 0.801885891116529, 44.700764951164629 ], [ 0.801519268278977, 44.700795824525869 ], [ 0.801455980935553, 44.700803938076071 ], [ 0.801417909958652, 44.700812403065392 ], [ 0.801379346147449, 44.700838852424788 ], [ 0.801300493445838, 44.700954696446281 ], [ 0.801287392368453, 44.700972505079584 ], [ 0.801249321252063, 44.700980970011123 ], [ 0.801211496563213, 44.700980442737666 ], [ 0.800909638539571, 44.700949247509946 ], [ 0.800645605492048, 44.700918578936907 ], [ 0.800557347996964, 44.700917348128719 ], [ 0.800532131570507, 44.700916996456279 ], [ 0.80049406037802, 44.700925461126552 ], [ 0.800417917958665, 44.700942390427635 ], [ 0.800304197411632, 44.700949799901899 ], [ 0.800215693276987, 44.700957561009417 ], [ 0.800026569967053, 44.700954922738795 ], [ 0.799976137071317, 44.700954219178797 ], [ 0.799950673960491, 44.700962859626728 ], [ 0.79989900776803, 44.701007117072571 ], [ 0.79989876111876, 44.701016109261836 ], [ 0.799873297968035, 44.701024749692074 ], [ 0.799771198617035, 44.701068303543444 ], [ 0.799567246143684, 44.70114641877506 ], [ 0.799516072903497, 44.70117269166596 ], [ 0.799413726279733, 44.701225237377123 ], [ 0.799286656350412, 44.701259446722943 ], [ 0.799235976389239, 44.701267735107074 ], [ 0.79910964658593, 44.701274967683055 ], [ 0.798995678260878, 44.701291368284473 ], [ 0.798818174669074, 44.701324873152601 ], [ 0.798500744962558, 44.701401402339755 ], [ 0.798347963606286, 44.701453242899454 ], [ 0.798284181170038, 44.701479339163875 ], [ 0.79818109205943, 44.701558860296046 ], [ 0.798104701055405, 44.701584780381857 ], [ 0.797914340660576, 44.701627099898595 ], [ 0.797863660166029, 44.701635387652004 ], [ 0.79780037127372, 44.701643499264414 ], [ 0.797725461976702, 44.701615465969077 ], [ 0.797636709317704, 44.701632217416645 ], [ 0.79753460713274, 44.701675769202346 ], [ 0.797483432461793, 44.701702041152856 ], [ 0.797344493061858, 44.701709095549056 ], [ 0.797268595614126, 44.701717030684669 ], [ 0.797141523269619, 44.701751237559947 ], [ 0.796976872654225, 44.701775923472205 ], [ 0.796888613786916, 44.701774689947783 ], [ 0.796636445615938, 44.70177116520285 ], [ 0.79647228912145, 44.701777865992831 ], [ 0.796435205514371, 44.701750360624551 ], [ 0.796398121943554, 44.701722855244206 ], [ 0.796236685177339, 44.701630641670384 ], [ 0.795951885513034, 44.701437750642867 ], [ 0.795827533321395, 44.70137304200928 ], [ 0.795790202988936, 44.701354528610345 ], [ 0.795664861858199, 44.701325788516101 ], [ 0.795564490108475, 44.701306393210302 ], [ 0.795413685246308, 44.701286292259731 ], [ 0.795300952748419, 44.701257728143766 ], [ 0.795176106893525, 44.701211003139079 ], [ 0.795063869512828, 44.701164454426376 ], [ 0.795002312775172, 44.701109619188287 ], [ 0.794978086011537, 44.701073297600665 ], [ 0.794943230573192, 44.700964862151125 ], [ 0.794919993688942, 44.700892571848406 ], [ 0.794908622715437, 44.700847434520234 ], [ 0.794872282841805, 44.700792952113083 ], [ 0.794835200666227, 44.700765446221361 ], [ 0.794736562514969, 44.700683104942954 ], [ 0.794640152044566, 44.700519834013505 ], [ 0.794603565149273, 44.700474343700314 ], [ 0.794529649022036, 44.700410339560023 ], [ 0.794169955761812, 44.700189408563133 ], [ 0.793796914471794, 44.699995276353512 ], [ 0.793746977754453, 44.699976585669042 ], [ 0.793609528163193, 44.699929682217601 ], [ 0.793483696008249, 44.699918923978146 ], [ 0.793383079860633, 44.699908518844779 ], [ 0.793181352196652, 44.699905692685988 ], [ 0.793093096350046, 44.69990445612541 ], [ 0.793030551991073, 44.69988558844215 ], [ 0.792905958967721, 44.699829868588424 ], [ 0.792432309446991, 44.699625325626812 ], [ 0.792370261358949, 44.699588473195007 ], [ 0.792283245442964, 44.699542275045737 ], [ 0.791935927023249, 44.699330505214789 ], [ 0.791712209471658, 44.69921042437462 ], [ 0.791488492876969, 44.699090343088251 ], [ 0.791301360339628, 44.699015752861463 ], [ 0.791251673386337, 44.698988068855826 ], [ 0.791190122887574, 44.698933231406656 ], [ 0.79117825930458, 44.698906077984155 ], [ 0.791154284112636, 44.698860763318692 ], [ 0.791137998906997, 44.698536691020912 ], [ 0.791092777695026, 44.698347147700517 ], [ 0.791022837786992, 44.698139266237405 ], [ 0.790987992068876, 44.698030829407529 ], [ 0.790952154130781, 44.697958361284655 ], [ 0.790903212574897, 44.697903700602801 ], [ 0.790841167392932, 44.697866847343207 ], [ 0.7906419285728, 44.697774094777316 ], [ 0.790531190859786, 44.697673588356487 ], [ 0.790394742298844, 44.697590712254538 ], [ 0.790183890606895, 44.69746181321073 ], [ 0.789998502903061, 44.697324275621149 ], [ 0.789948818088907, 44.697296591052563 ], [ 0.789849448607584, 44.697241221849509 ], [ 0.789649468764068, 44.697175444038024 ], [ 0.789599535951868, 44.697156751485984 ], [ 0.789524885109608, 44.697119720444597 ], [ 0.789487808044921, 44.69709221273424 ], [ 0.789439365323481, 44.697019567085583 ], [ 0.789367198152325, 44.696892614237569 ], [ 0.789355335882002, 44.69686546064591 ], [ 0.789368688178358, 44.69683866121877 ], [ 0.789408744990951, 44.696758262929542 ], [ 0.789435697795061, 44.696695671894176 ], [ 0.789424580516409, 44.696641541805 ], [ 0.789401104368948, 44.696578242470551 ], [ 0.789340551681208, 44.6964874353813 ], [ 0.789279999189316, 44.696396628262804 ], [ 0.789256771660355, 44.696324336737604 ], [ 0.789236276107673, 44.696153131375361 ], [ 0.789201683432844, 44.696035701919058 ], [ 0.789192553405223, 44.695909634497895 ], [ 0.789196030458838, 44.695783744184531 ], [ 0.789184665229768, 44.695738606258843 ], [ 0.789125107282161, 44.69561183043033 ], [ 0.788943205872939, 44.695348400908301 ], [ 0.78867603928525, 44.694975825106958 ], [ 0.788468928448088, 44.694712040562131 ], [ 0.78837155289937, 44.694584732833079 ], [ 0.788284796528063, 44.694529539490588 ], [ 0.788234618014226, 44.694519838504398 ], [ 0.788095695199665, 44.694526881263862 ], [ 0.78800744791921, 44.694525640647008 ], [ 0.787969876208551, 44.694516116775659 ], [ 0.787870762165749, 44.694451753712201 ], [ 0.787833936245513, 44.694415253326426 ], [ 0.787637200675311, 44.694232573945541 ], [ 0.787490147089929, 44.694077579882936 ], [ 0.787281055869737, 44.693885730449097 ], [ 0.787071717386923, 44.693702872788634 ], [ 0.786897712657488, 44.693610468343344 ], [ 0.78684853011126, 44.693564798130502 ], [ 0.78681195416936, 44.693519305269838 ], [ 0.786787984800806, 44.693473989773899 ], [ 0.786775875762213, 44.693455828099047 ], [ 0.786764512949665, 44.693410689975074 ], [ 0.786754642599368, 44.693311598957195 ], [ 0.786742782348821, 44.693284445131383 ], [ 0.786684227521073, 44.693121699544619 ], [ 0.78664640821732, 44.693121167377754 ], [ 0.786621195348549, 44.693120812592625 ], [ 0.786329837289531, 44.692711908144531 ], [ 0.78623296770015, 44.692566614364402 ], [ 0.786113872129751, 44.69231305988739 ], [ 0.786007881537851, 44.692041698493256 ], [ 0.785997017340586, 44.691978576037229 ], [ 0.785866064591114, 44.691697867476847 ], [ 0.785795405655088, 44.691516959782156 ], [ 0.785629623902038, 44.691127812881312 ], [ 0.785594792948735, 44.691019374713058 ], [ 0.785586916417237, 44.690848346613116 ], [ 0.785552334641285, 44.690730916310059 ], [ 0.785444109310179, 44.690540483786343 ], [ 0.78536059842867, 44.690368390517392 ], [ 0.785120682657058, 44.689924225027454 ], [ 0.785108823911967, 44.689897071069787 ], [ 0.785101446996365, 44.689708058764438 ], [ 0.785090584269386, 44.689644936288083 ], [ 0.785090833259977, 44.689635944158326 ], [ 0.785103687895685, 44.689627129595401 ], [ 0.785715976781884, 44.689374879314158 ], [ 0.785728582372473, 44.689375056809304 ], [ 0.785934253502454, 44.689234022448424 ], [ 0.785946859062116, 44.689234199918616 ], [ 0.78596021117055, 44.689207400996651 ], [ 0.785935497770053, 44.689189061797791 ], [ 0.785886817600338, 44.689125406994854 ], [ 0.785888559624216, 44.68906246208816 ], [ 0.785902160577616, 44.689026671046022 ], [ 0.786007732663755, 44.688857240340667 ], [ 0.786060642883655, 44.688768028890216 ], [ 0.786088590891025, 44.688669470386209 ], [ 0.786133871769213, 44.688400238902709 ], [ 0.78617691292345, 44.688211936571292 ], [ 0.786192503948514, 44.688104208495432 ], [ 0.786248149944014, 44.687916083600904 ], [ 0.786263740750286, 44.687808355529093 ], [ 0.786291439133847, 44.687718789140071 ], [ 0.786343850268424, 44.687647561846539 ], [ 0.786370553339195, 44.687593963941843 ], [ 0.786421969184774, 44.687558705112579 ], [ 0.786575718847911, 44.68747091273282 ], [ 0.786728473156965, 44.687419088640276 ], [ 0.786779391197334, 44.687401813895882 ], [ 0.78684366045347, 44.687357740120085 ], [ 0.786869616823236, 44.687331118474688 ], [ 0.786909421743122, 44.687259713559165 ], [ 0.786910913874648, 44.687205760811985 ], [ 0.786899552218072, 44.687160622831527 ], [ 0.786840505923339, 44.687015862035672 ], [ 0.786780465101989, 44.686907069709342 ], [ 0.786911986616887, 44.686711016666337 ], [ 0.786925337664879, 44.686684217656406 ], [ 0.786965639409326, 44.686594828496702 ], [ 0.787062080032411, 44.686299329907605 ], [ 0.787144422928375, 44.686057606663312 ], [ 0.787238872652679, 44.685834044942879 ], [ 0.787346920821687, 44.685574691995804 ], [ 0.787375113588942, 44.685467141183707 ], [ 0.787138110390644, 44.685373850962556 ], [ 0.787063476833229, 44.685336818478689 ], [ 0.786715271103569, 44.685161002190505 ], [ 0.786329004960701, 44.684993644668161 ], [ 0.7861172146733, 44.684900707121713 ], [ 0.786017124438808, 44.684872311152887 ], [ 0.785929141209628, 44.684862076788569 ], [ 0.78589157631617, 44.684852552261042 ], [ 0.785841158012518, 44.684851842354064 ], [ 0.785465012050961, 44.684774580428126 ], [ 0.785063907020076, 44.684687969978668 ], [ 0.784624989679269, 44.684600825224777 ], [ 0.784249345277279, 44.684505574947288 ], [ 0.784174216549783, 44.684486524738816 ], [ 0.783912263029379, 44.684383880185919 ], [ 0.783787713442438, 44.684328150483196 ], [ 0.783576179079194, 44.684226215986477 ], [ 0.783501300174707, 44.684198173218718 ], [ 0.783351542590065, 44.684142087532038 ], [ 0.783126657493634, 44.684066950725949 ], [ 0.782963797642805, 44.684028670929834 ], [ 0.782675392994464, 44.683970628350032 ], [ 0.782575306157811, 44.683942229271757 ], [ 0.782375132788167, 44.683885430844065 ], [ 0.782150000590176, 44.683819284156002 ], [ 0.781899909764448, 44.683743789055747 ], [ 0.781524275716635, 44.683648529540449 ], [ 0.781173352300591, 44.683571608969736 ], [ 0.780910160369384, 44.683513917810913 ], [ 0.780847388713811, 44.683504035482983 ], [ 0.780708741886626, 44.683502076842004 ], [ 0.780372422488481, 44.683353395048343 ], [ 0.780297046887255, 44.68334333430267 ], [ 0.780183858661947, 44.68333273913349 ], [ 0.780120587820048, 44.683340840576179 ], [ 0.780107983601561, 44.683340662442056 ], [ 0.779766420657289, 44.683380812729077 ], [ 0.779728358157165, 44.683389270291499 ], [ 0.779522193137774, 44.683548276884508 ], [ 0.779457172898652, 44.68361932258378 ], [ 0.779379798078966, 44.683681197938 ], [ 0.779327631701348, 44.683743429690793 ], [ 0.779131819316015, 44.683983542626777 ], [ 0.779079652382793, 44.684045774269833 ], [ 0.778899441807217, 44.684178159963814 ], [ 0.778501704770159, 44.684424411352317 ], [ 0.778027336785499, 44.684705559480008 ], [ 0.777873581331201, 44.684793339810902 ], [ 0.777822662916832, 44.684810610418367 ], [ 0.777670908115347, 44.68482645373404 ], [ 0.777088846915613, 44.684899173961178 ], [ 0.777000114477327, 44.684915908739519 ], [ 0.776822148854801, 44.68496736226156 ], [ 0.776592763247807, 44.685054069716259 ], [ 0.776209617686051, 44.685228554715607 ], [ 0.776031149505051, 44.685297991143756 ], [ 0.775903349965167, 44.685359149673765 ], [ 0.775699922119946, 44.685419236242467 ], [ 0.775331881353427, 44.685503975955818 ], [ 0.774938379465093, 44.685597349077256 ], [ 0.774760409794411, 44.685648799278425 ], [ 0.774607899910227, 44.685691614638706 ], [ 0.774493454677, 44.685725974042455 ], [ 0.774353549124823, 44.685768967828999 ], [ 0.774188935288158, 44.685793619641757 ], [ 0.773631316660373, 44.685893655495015 ], [ 0.773580646760883, 44.685901932061299 ], [ 0.773568041988412, 44.685901753177866 ], [ 0.773215861017703, 44.685869767602711 ], [ 0.773027040470184, 44.685858091490054 ], [ 0.77285082475891, 44.685846594020866 ], [ 0.77282561524354, 44.685846236085638 ], [ 0.772585622911637, 44.685860819578643 ], [ 0.772105637873951, 44.685889984996003 ], [ 0.7719911907057, 44.685924341800515 ], [ 0.771736333037117, 44.68601967311313 ], [ 0.771520293535609, 44.686079572877027 ], [ 0.770857306131116, 44.686340019160902 ], [ 0.770524050960978, 44.686533185376092 ], [ 0.770127266018666, 44.686743438384418 ], [ 0.769883749375006, 44.68688390511673 ], [ 0.769576703528868, 44.687041458789786 ], [ 0.769015039441404, 44.687285344591807 ], [ 0.768850167236485, 44.687318980513552 ], [ 0.768786638678516, 44.687336067531291 ], [ 0.768442275235862, 44.687475095605095 ], [ 0.768148834034644, 44.687596856482543 ], [ 0.768046482688987, 44.687649372868371 ], [ 0.767659516266999, 44.687958709459934 ], [ 0.76759548305409, 44.687993779952009 ], [ 0.767225398434842, 44.688150429271722 ], [ 0.766893379522358, 44.688298624230875 ], [ 0.766816740146725, 44.688333514624816 ], [ 0.766676822222217, 44.688376498694105 ], [ 0.766369759218668, 44.688534043509222 ], [ 0.766203621713431, 44.688612635871969 ], [ 0.76613933482505, 44.68865669760352 ], [ 0.766036223556272, 44.688736188375366 ], [ 0.765907397074473, 44.688833303688305 ], [ 0.765663860814048, 44.688973761195513 ], [ 0.765446290671679, 44.689087601570236 ], [ 0.765165440037114, 44.689209534381199 ], [ 0.764591634112556, 44.689435233803678 ], [ 0.764272710870604, 44.689565616685513 ], [ 0.763787389421596, 44.689783579476256 ], [ 0.763240550852658, 44.689946687369911 ], [ 0.763075162341568, 44.68999829882415 ], [ 0.763063061721887, 44.689980134586193 ], [ 0.762989195515289, 44.689916109508296 ], [ 0.762892643686733, 44.689761803428361 ], [ 0.762809225415682, 44.689139909517081 ], [ 0.762481255715998, 44.688694434439526 ], [ 0.762443717505284, 44.68823511836316 ], [ 0.762440964073747, 44.68788424763077 ], [ 0.76230460714133, 44.687351553864708 ], [ 0.762267829170866, 44.686865261829318 ], [ 0.762392136091461, 44.686480224777235 ], [ 0.762368189432355, 44.68643490415198 ], [ 0.762356595041755, 44.686398755749202 ], [ 0.762533087474042, 44.685951494870274 ], [ 0.762761258426954, 44.685459994006727 ], [ 0.762759260785356, 44.685082147557075 ], [ 0.762728518545539, 44.684829829675195 ], [ 0.762598961614716, 44.684504134334198 ], [ 0.762479257064515, 44.683827748958649 ], [ 0.762320958970043, 44.68362758180637 ], [ 0.762175013552645, 44.683436586680315 ], [ 0.762053266804351, 44.683281919964188 ], [ 0.761969333064569, 44.683127793761514 ], [ 0.762025055263168, 44.68293968165586 ], [ 0.762118083898934, 44.682770094209033 ], [ 0.762185651356091, 44.682609138372165 ], [ 0.76235531311138, 44.68240466366138 ], [ 0.762488172217635, 44.682163680093645 ], [ 0.762708752017335, 44.681941941381758 ], [ 0.762775054143118, 44.681825945445752 ], [ 0.762830014794445, 44.681664809160338 ], [ 0.762848678969639, 44.681449180297918 ], [ 0.762879441673532, 44.681251715637629 ], [ 0.762897348005048, 44.68106306292264 ], [ 0.762814425337745, 44.680872969369489 ], [ 0.762791995857339, 44.680773696731116 ], [ 0.762731503231733, 44.68068287577124 ], [ 0.762722435112595, 44.68055680713983 ], [ 0.76297854574025, 44.680416536719207 ], [ 0.763031737064975, 44.680318344683158 ], [ 0.762960913502565, 44.680146415462403 ], [ 0.762900168778717, 44.680064586656435 ], [ 0.762914539696084, 44.680001822516537 ], [ 0.762904461279309, 44.679911722074301 ], [ 0.762945301375658, 44.679804357966397 ], [ 0.763049158047687, 44.679697894290449 ], [ 0.763166375016984, 44.679564634493602 ], [ 0.7629695192145, 44.679390904553522 ], [ 0.762797113565338, 44.679244510599602 ], [ 0.76273763266894, 44.679117721587097 ], [ 0.763336294548259, 44.678901384860289 ], [ 0.763026769808954, 44.678699058466322 ], [ 0.75967894370323, 44.678039466552704 ], [ 0.759683197448539, 44.678336383638097 ], [ 0.759664269143743, 44.678561003660512 ], [ 0.759617857241905, 44.678866190941982 ], [ 0.759571191806043, 44.679180370268064 ], [ 0.759498813183649, 44.679512172686941 ], [ 0.759428711205496, 44.679763046885441 ], [ 0.759319786089819, 44.6800493476402 ], [ 0.759211872233351, 44.680299680218127 ], [ 0.759143539720909, 44.680487610132616 ], [ 0.758997307278886, 44.680755385000346 ], [ 0.758823081446358, 44.681121710881364 ], [ 0.758649612904014, 44.681461060455881 ], [ 0.75592822402316, 44.68138605153019 ], [ 0.75483068702031, 44.681406275834064 ], [ 0.754261489327675, 44.681470064359722 ], [ 0.750327993540534, 44.681899243844626 ], [ 0.749240501337684, 44.682009514081649 ], [ 0.74911395370053, 44.682025681368636 ], [ 0.748974802163332, 44.682041666815053 ], [ 0.746037956007509, 44.682449074563358 ], [ 0.744842028251211, 44.681937033002143 ], [ 0.744481116611566, 44.681769893598677 ], [ 0.741767790166243, 44.680525211622701 ], [ 0.740174526506966, 44.679800463101792 ], [ 0.73998803875716, 44.679707802668062 ], [ 0.737998446909536, 44.6787343919788 ], [ 0.736151941204366, 44.678050886551205 ], [ 0.735459809917307, 44.678004842684494 ], [ 0.735434604162672, 44.678004476201011 ], [ 0.735422258175821, 44.677995301001495 ], [ 0.735409655300725, 44.677995117756168 ], [ 0.735359757601773, 44.677976400849772 ], [ 0.735284911115698, 44.677948325448128 ], [ 0.73508480696443, 44.677891441372665 ], [ 0.734683828855262, 44.677804647996126 ], [ 0.733798799808412, 44.677449933910751 ], [ 0.733072728607463, 44.677268445550872 ], [ 0.73073354367391, 44.676622651546722 ], [ 0.729199161110847, 44.676051527766575 ], [ 0.727703300305892, 44.676335536518735 ], [ 0.72564619318537, 44.676845204506897 ], [ 0.723616583116561, 44.677274276032833 ], [ 0.722033737552736, 44.677511956045301 ], [ 0.716887805537344, 44.678012114801206 ], [ 0.716069142515987, 44.67798207922425 ], [ 0.715062999288099, 44.677895302705693 ], [ 0.714238503473625, 44.677631278519819 ], [ 0.714217722840127, 44.677478044905044 ], [ 0.714146791993938, 44.677315076698356 ], [ 0.714074299735811, 44.677206059838959 ], [ 0.714078724894661, 44.677053197598546 ], [ 0.714108875742722, 44.676882722945088 ], [ 0.714189957044499, 44.676695007210029 ], [ 0.714256613430384, 44.676570049027994 ], [ 0.714235572865361, 44.676425807385435 ], [ 0.713973784845516, 44.676322997222556 ], [ 0.713784748413091, 44.676320211597037 ], [ 0.713634560762442, 44.676282015295335 ], [ 0.713783601235225, 44.675924382647459 ], [ 0.713746575269488, 44.675896849811679 ], [ 0.713672263084701, 44.675850775994142 ], [ 0.713266124107517, 44.675943742619594 ], [ 0.712976009788917, 44.675948461225111 ], [ 0.712507638794684, 44.6760135203129 ], [ 0.712187889130782, 44.676170727205047 ], [ 0.711896991605518, 44.676202418630169 ], [ 0.710964675362279, 44.676179663602248 ], [ 0.710721056639033, 44.676319998694709 ], [ 0.710515063840103, 44.676901680016243 ], [ 0.721563696654089, 44.695136740704207 ], [ 0.727439146184389, 44.7079337744523 ], [ 0.729117413572311, 44.712753039154677 ], [ 0.72951800094236, 44.714621017458896 ], [ 0.729694159821665, 44.716836560266472 ], [ 0.729662634351433, 44.718815184471069 ], [ 0.729200187298615, 44.721300288929385 ], [ 0.728376087709456, 44.72319538646574 ], [ 0.727055664944476, 44.724795364429824 ], [ 0.725102412298495, 44.726458043762172 ], [ 0.720764172687274, 44.729426137539107 ], [ 0.720445959308123, 44.729520426503427 ], [ 0.720433085440608, 44.729529233616901 ], [ 0.72038107094838, 44.72958244624877 ], [ 0.72031592294379, 44.729653458053917 ], [ 0.720224767364277, 44.729751076100314 ], [ 0.720094470405007, 44.729893099498327 ], [ 0.719989661341465, 44.730026500725032 ], [ 0.719925810158997, 44.730052551824997 ], [ 0.719900321583465, 44.730061173835296 ], [ 0.719874833000115, 44.730069795839697 ], [ 0.719798626789682, 44.730086669720734 ], [ 0.719773138179183, 44.730095291701666 ], [ 0.719760523667314, 44.730095106641521 ], [ 0.7196719624798, 44.730102803276665 ], [ 0.719633859327495, 44.730111240153704 ], [ 0.719557652988581, 44.73012811386829 ], [ 0.719430469224976, 44.730162231339719 ], [ 0.71936661762931, 44.73018828211665 ], [ 0.71923813523004, 44.730267359848234 ], [ 0.719237875553059, 44.730276351944383 ], [ 0.719237615875994, 44.730285344040503 ], [ 0.71921108836386, 44.730329934277044 ], [ 0.719184560809654, 44.730374524507965 ], [ 0.719158033213374, 44.730419114733273 ], [ 0.719132024964653, 44.730445720759903 ], [ 0.719119150679488, 44.73045452772277 ], [ 0.719067653498505, 44.730489755559375 ], [ 0.719029030570421, 44.730516176421311 ], [ 0.718913940759294, 44.730568462637926 ], [ 0.718901326144103, 44.730568277479243 ], [ 0.718875837177703, 44.730576899253919 ], [ 0.718697154428884, 44.730646243608177 ], [ 0.718696894663639, 44.730655235704326 ], [ 0.718620427528699, 44.730681100869482 ], [ 0.718607553109513, 44.730689907773268 ], [ 0.718492982147467, 44.730724209360602 ], [ 0.718480367498723, 44.730724024153659 ], [ 0.718417294256245, 44.730723098097421 ], [ 0.718392064959837, 44.730722727664862 ], [ 0.718379450311758, 44.730722542446365 ], [ 0.718101408353413, 44.7307364514649 ], [ 0.717999191767976, 44.730779929884456 ], [ 0.71798631722886, 44.730788736715837 ], [ 0.717743519653387, 44.730893121568378 ], [ 0.71742373308463, 44.731041354415495 ], [ 0.717410858395524, 44.731050161180391 ], [ 0.717206162852176, 44.731146108746863 ], [ 0.717193288105009, 44.731154915486691 ], [ 0.716716399452974, 44.731498748009571 ], [ 0.716664899810292, 44.731533974735441 ], [ 0.716652024889538, 44.731542781413232 ], [ 0.716626014935283, 44.731569386858631 ], [ 0.716212974344216, 44.731887168050555 ], [ 0.716186964022907, 44.731913773395732 ], [ 0.716186703850367, 44.731922765490232 ], [ 0.716019067235085, 44.732046243570259 ], [ 0.71581306452382, 44.732187149055925 ], [ 0.715812804290219, 44.732196141150503 ], [ 0.715710062781008, 44.732257601656933 ], [ 0.715709802530608, 44.73226659375154 ], [ 0.715696927292507, 44.73227540032002 ], [ 0.715658041295125, 44.73231081211123 ], [ 0.715592884164485, 44.732381821193428 ], [ 0.715436558438578, 44.732550444422394 ], [ 0.715473883005253, 44.732568985276551 ], [ 0.715486237770407, 44.732578162923573 ], [ 0.715473102136167, 44.732595961562225 ], [ 0.71546048707745, 44.732595776008878 ], [ 0.715447351430944, 44.732613574644553 ], [ 0.715291024624246, 44.732782197682333 ], [ 0.715212730702924, 44.73287100516994 ], [ 0.715173843988675, 44.732906416798315 ], [ 0.715198293238062, 44.732933764256956 ], [ 0.714989160785035, 44.733182573407177 ], [ 0.714858842649231, 44.733324590791831 ], [ 0.714845446248348, 44.733351381457446 ], [ 0.7148194346026, 44.73337798649461 ], [ 0.71461029882077, 44.733626794968508 ], [ 0.714597162664262, 44.733644593510007 ], [ 0.714584026499436, 44.733662392050064 ], [ 0.714571411204387, 44.733662206394456 ], [ 0.714559056350362, 44.733653028640354 ], [ 0.714009194119075, 44.733465016399755 ], [ 0.713984224153385, 44.733455652861039 ], [ 0.713322914047746, 44.733194028907057 ], [ 0.713285329133075, 44.733184479412031 ], [ 0.713272974593948, 44.733175301516354 ], [ 0.713022756456072, 44.733099648408341 ], [ 0.712897386935737, 44.733070813733086 ], [ 0.712872417330265, 44.733061449944891 ], [ 0.712634554629269, 44.732994973901235 ], [ 0.71224661505505, 44.732881305947274 ], [ 0.712233999942976, 44.732881120024643 ], [ 0.712146476630226, 44.73285284226359 ], [ 0.711870770401296, 44.732785806775375 ], [ 0.711845018480731, 44.732803419015525 ], [ 0.711757495484562, 44.732775140947268 ], [ 0.711682587656516, 44.732747048797179 ], [ 0.711532511304518, 44.732699856430841 ], [ 0.711519896235517, 44.732699670426648 ], [ 0.711444988626726, 44.732671578116488 ], [ 0.711407404380244, 44.732662027984809 ], [ 0.711232359356301, 44.732605471089876 ], [ 0.711144836976385, 44.732577192538983 ], [ 0.711019730585864, 44.732539363656166 ], [ 0.710932208415789, 44.732511084937698 ], [ 0.710919854408725, 44.732501906782154 ], [ 0.710819717331257, 44.732473441900915 ], [ 0.710782133323422, 44.73246389155743 ], [ 0.710757164339747, 44.732454527293982 ], [ 0.71071984140446, 44.732435984847356 ], [ 0.710707226397349, 44.732435798750309 ], [ 0.710544536698823, 44.732388418950485 ], [ 0.710544797775835, 44.732379426869251 ], [ 0.710494598885962, 44.732369690311323 ], [ 0.710357139518783, 44.732322682478284 ], [ 0.710344524538293, 44.732322496339812 ], [ 0.710119282916942, 44.732256201042134 ], [ 0.709681416201319, 44.732123795291024 ], [ 0.709631478910979, 44.732105066264111 ], [ 0.709618863981716, 44.732104880042741 ], [ 0.709593895351206, 44.732095515518012 ], [ 0.709581280424209, 44.732095329292328 ], [ 0.7095061133475, 44.732076227753318 ], [ 0.709379964127485, 44.7320743653313 ], [ 0.709291659678448, 44.732073061549976 ], [ 0.708875367331014, 44.73206691419999 ], [ 0.708862752412815, 44.732066727892153 ], [ 0.708824907658724, 44.732066168959889 ], [ 0.708585747011205, 44.732044644604592 ], [ 0.708573132098963, 44.732044458263601 ], [ 0.708459075074629, 44.732060765278568 ], [ 0.708256452113345, 44.732084759639363 ], [ 0.708243837193194, 44.732084573260664 ], [ 0.708080627647854, 44.732055173986261 ], [ 0.708068012734925, 44.732054987587489 ], [ 0.707653028344658, 44.732003875257732 ], [ 0.707401253516377, 44.731982161887601 ], [ 0.707313210849987, 44.731971864451069 ], [ 0.707162355387181, 44.731951642376437 ], [ 0.706973655388284, 44.731930860528429 ], [ 0.706948687275617, 44.731921495406453 ], [ 0.706646976991002, 44.731881050055648 ], [ 0.706634362121894, 44.731880863492961 ], [ 0.706292451914249, 44.731920786094499 ], [ 0.706127934959413, 44.731936344274672 ], [ 0.706064598769907, 44.731944403217227 ], [ 0.705925573265583, 44.731951342282144 ], [ 0.705887466798594, 44.731959774409106 ], [ 0.705659089613233, 44.732001374827995 ], [ 0.705557646727461, 44.732017865514258 ], [ 0.70550692526226, 44.732026110822417 ], [ 0.705469080568908, 44.732025550738513 ], [ 0.705253317713127, 44.732067337013113 ], [ 0.705139259679709, 44.732083640592307 ], [ 0.705126644770155, 44.732083453857022 ], [ 0.704623882613869, 44.732013038813967 ], [ 0.704611267721868, 44.732012852019743 ], [ 0.704409429461241, 44.73200986311619 ], [ 0.704384199680172, 44.732009489477278 ], [ 0.704208115399311, 44.731988889717712 ], [ 0.704195762604617, 44.731979710813285 ], [ 0.703833601105733, 44.73184840291583 ], [ 0.703796018702447, 44.731838850196894 ], [ 0.703292473697976, 44.73179540528006 ], [ 0.703279858859227, 44.731795218333616 ], [ 0.70322939950507, 44.731794470533572 ], [ 0.703166587568446, 44.731784543691901 ], [ 0.703190243738313, 44.731838869964967 ], [ 0.703189981487657, 44.731847862024388 ], [ 0.703225990324099, 44.731911367307823 ], [ 0.703225728078822, 44.731920359367599 ], [ 0.703479627697158, 44.732301951644125 ], [ 0.703528252119005, 44.732365643766641 ], [ 0.703781631480611, 44.732765219558488 ], [ 0.703987175143656, 44.733074126722038 ], [ 0.703936190358207, 44.733091363375642 ], [ 0.703655773479475, 44.733186164550411 ], [ 0.703592173335159, 44.733203214139827 ], [ 0.703528310949278, 44.733229255758452 ], [ 0.70340084822371, 44.733272346819554 ], [ 0.703362478253034, 44.733289770142044 ], [ 0.703310968604227, 44.733324990638828 ], [ 0.703233179508162, 44.733395805470963 ], [ 0.703143037268666, 44.733457441221361 ], [ 0.703017147446845, 44.73344657944758 ], [ 0.702879453824068, 44.733840360486234 ], [ 0.702825320183492, 44.733965501430852 ], [ 0.702825057864552, 44.733974493497691 ], [ 0.702737012916704, 44.733964192393785 ], [ 0.702611122038708, 44.733953330151984 ], [ 0.702582480747723, 44.734069852962222 ], [ 0.702582218389459, 44.734078845028812 ], [ 0.702581956031111, 44.734087837095451 ], [ 0.702484990239415, 44.73438326607355 ], [ 0.702483940737635, 44.734419234344017 ], [ 0.702984623362743, 44.734561595810867 ], [ 0.703033012501484, 44.7350660866664 ], [ 0.702965737818579, 44.735209024912386 ], [ 0.702832236726291, 44.735458933014925 ], [ 0.702819358740278, 44.735467738086712 ], [ 0.702726326962923, 44.735628286349929 ], [ 0.702712924232182, 44.735655075556203 ], [ 0.702673240666289, 44.735717459020201 ], [ 0.70266062494962, 44.735717272000969 ], [ 0.702660362596163, 44.735726264074273 ], [ 0.702544197411063, 44.735814501567482 ], [ 0.702440647618856, 44.735902925987077 ], [ 0.702366002680632, 44.735865835397007 ], [ 0.702266388777224, 44.735819378557096 ], [ 0.702136032394627, 44.735961380994596 ], [ 0.702096872862462, 44.73600578011186 ], [ 0.702084257083015, 44.736005593026555 ], [ 0.701889508361811, 44.736191620100335 ], [ 0.701863489271633, 44.736218222099758 ], [ 0.701759937665303, 44.736306645892327 ], [ 0.701896349669337, 44.73638963282518 ], [ 0.701792797798982, 44.736478056654754 ], [ 0.701715002428204, 44.736548870501963 ], [ 0.70162459094579, 44.736619497157811 ], [ 0.701598834059819, 44.736637107025061 ], [ 0.70159857153225, 44.736646099099133 ], [ 0.701585430551359, 44.736663896104616 ], [ 0.701585168021521, 44.736672888178809 ], [ 0.701584380431504, 44.736699864401459 ], [ 0.70158411790133, 44.736708856475751 ], [ 0.70159542119487, 44.736754003990804 ], [ 0.701606199452351, 44.736817135655158 ], [ 0.701567301439354, 44.736852542524169 ], [ 0.701554422936032, 44.736861347452617 ], [ 0.701528665917286, 44.736878957305066 ], [ 0.701589120483825, 44.736969813789159 ], [ 0.701613564892044, 44.73699716429909 ], [ 0.701697939195974, 44.737133355387087 ], [ 0.701710030203069, 44.737151526669912 ], [ 0.701709767690882, 44.737160518746322 ], [ 0.701722383728234, 44.737160705875105 ], [ 0.701734212240705, 44.737187869232073 ], [ 0.701770485355776, 44.737242383066565 ], [ 0.701770222852833, 44.737251375143508 ], [ 0.701807021038501, 44.737287904813385 ], [ 0.701905062273375, 44.737388314568953 ], [ 0.701929244538926, 44.737424657092539 ], [ 0.702002578924576, 44.737506708399565 ], [ 0.702039377428331, 44.73754323799659 ], [ 0.702161602049002, 44.737679990035737 ], [ 0.702198663206129, 44.737707527502977 ], [ 0.702198400769494, 44.737716519582911 ], [ 0.702234937106802, 44.73776204119865 ], [ 0.702247553280883, 44.737762228267691 ], [ 0.702284089687694, 44.737807749868217 ], [ 0.702296705872195, 44.737807936931603 ], [ 0.702369778883984, 44.737898980091089 ], [ 0.702459141905878, 44.737864321111282 ], [ 0.702484636693106, 44.737855703115393 ], [ 0.70259109834728, 44.738100172642575 ], [ 0.702552724830767, 44.738117595713426 ], [ 0.702361381717226, 44.738186726704257 ], [ 0.70234876544751, 44.738186539648048 ], [ 0.702348503032646, 44.738195531730248 ], [ 0.702384777393462, 44.738250045389179 ], [ 0.70254249187367, 44.738468286955673 ], [ 0.702554058674042, 44.738504442325514 ], [ 0.702566675015781, 44.738504629358388 ], [ 0.702318567061254, 44.738788822172047 ], [ 0.702331183466026, 44.738789009232057 ], [ 0.702318304638749, 44.738797814256543 ], [ 0.701937450123223, 44.738873130537826 ], [ 0.702033919542294, 44.739027492760286 ], [ 0.701612325765611, 44.739201159569852 ], [ 0.701586567693029, 44.739218769451881 ], [ 0.701535314049363, 44.739244997114035 ], [ 0.701394694498582, 44.73930588295817 ], [ 0.701330824162628, 44.739331923358584 ], [ 0.701266953767509, 44.739357963722128 ], [ 0.701228578982131, 44.739375386339411 ], [ 0.70113895018573, 44.739419036422674 ], [ 0.700933933758573, 44.73952394610366 ], [ 0.700869800303731, 44.739558978322414 ], [ 0.700857183731036, 44.739558791094836 ], [ 0.700536777931554, 44.739724959514653 ], [ 0.700498139951309, 44.739751373963053 ], [ 0.700485523336677, 44.739751186692907 ], [ 0.700370134638638, 44.739812445778398 ], [ 0.700369871899712, 44.739821437861679 ], [ 0.700357255269783, 44.739821250576817 ], [ 0.700279190710781, 44.739901055586074 ], [ 0.700266048551396, 44.739918852457549 ], [ 0.700188246496246, 44.739989665321637 ], [ 0.700136203165693, 44.740042868590606 ], [ 0.700135940388273, 44.74005186067415 ], [ 0.700084159736638, 44.740096071836057 ], [ 0.700083896950644, 44.740105063919657 ], [ 0.700013717962458, 44.740346913582769 ], [ 0.700013455164025, 44.74035590566713 ], [ 0.699999787212701, 44.740391686679104 ], [ 0.699881505636786, 44.740551858349171 ], [ 0.699789771223481, 44.7406674441619 ], [ 0.699776628728164, 44.740685240998758 ], [ 0.699763223384293, 44.740712029919813 ], [ 0.699710390428517, 44.740792209333321 ], [ 0.699697773581224, 44.740792021990103 ], [ 0.699684368174205, 44.740818810902852 ], [ 0.699566347669489, 44.74096999019509 ], [ 0.699540325264467, 44.740996591732767 ], [ 0.699540062387115, 44.741005583818996 ], [ 0.699487228836151, 44.741085763136169 ], [ 0.699460680558717, 44.741130348829621 ], [ 0.699460154777155, 44.741148333002826 ], [ 0.699446486278416, 44.741184113977646 ], [ 0.699406269378135, 44.741264480634413 ], [ 0.699379458047289, 44.741318058399024 ], [ 0.699351857937457, 44.741398612420362 ], [ 0.699325309404478, 44.741443198087431 ], [ 0.699270108827038, 44.741604306107874 ], [ 0.699269845903542, 44.741613298195873 ], [ 0.699231994812547, 44.741612736010772 ], [ 0.699219377782385, 44.741612548612821 ], [ 0.699194143722311, 44.741612173812641 ], [ 0.699042476408997, 44.741618916977735 ], [ 0.698952316373283, 44.741680549622153 ], [ 0.698849539081508, 44.741741994754399 ], [ 0.698669481013721, 44.741856267575187 ], [ 0.698853740433486, 44.742029929015253 ], [ 0.698763316523238, 44.74210055360561 ], [ 0.698750699384967, 44.742100366154084 ], [ 0.698737819235715, 44.74210917078981 ], [ 0.698621371650304, 44.742206396623054 ], [ 0.698569850850544, 44.742241615098514 ], [ 0.698453665757028, 44.742329848671311 ], [ 0.698440785508504, 44.742338653273301 ], [ 0.698402144738686, 44.742365067070416 ], [ 0.698401881672551, 44.742374059159403 ], [ 0.69833721722142, 44.742427074214334 ], [ 0.698323810774359, 44.742453862981336 ], [ 0.698310667395792, 44.742471659657816 ], [ 0.698359557836878, 44.742526362193082 ], [ 0.69822549265974, 44.742794249842937 ], [ 0.698211296775195, 44.742848014871861 ], [ 0.69813243561078, 44.742954794847712 ], [ 0.69809353115315, 44.742990200634878 ], [ 0.698002052205056, 44.743096792996162 ], [ 0.697807002191067, 44.743291805764315 ], [ 0.697794384788166, 44.743291618203379 ], [ 0.697768360466643, 44.743318219350833 ], [ 0.697839591188636, 44.743472210272117 ], [ 0.698005710014685, 44.743834519647173 ], [ 0.697886626020227, 44.744021665724176 ], [ 0.697886362863719, 44.744030657818492 ], [ 0.697806973079516, 44.744155421807413 ], [ 0.697793829138514, 44.744173218435805 ], [ 0.697768593936534, 44.744172843309521 ], [ 0.697629800331671, 44.744170780011729 ], [ 0.697616656330887, 44.744188576619159 ], [ 0.697563553825679, 44.74427774722362 ], [ 0.6975632906162, 44.744286739318184 ], [ 0.697563027406638, 44.744295731412812 ], [ 0.697509924714815, 44.744384901995659 ], [ 0.697509661496241, 44.744393894090571 ], [ 0.697497043846541, 44.744393706495615 ], [ 0.697496517405098, 44.744411690685411 ], [ 0.69749625418425, 44.744420682780373 ], [ 0.697482583636252, 44.744456463563928 ], [ 0.697482320412961, 44.744465455659039 ], [ 0.697482057189585, 44.744474447754165 ], [ 0.697494674857388, 44.744474635350812 ], [ 0.697568275189113, 44.744547697664281 ], [ 0.697605075426842, 44.744584228803454 ], [ 0.697604022609285, 44.744620197187146 ], [ 0.697603759404685, 44.744629189283188 ], [ 0.697603496199999, 44.744638181379244 ], [ 0.697615587499443, 44.744656353154262 ], [ 0.697627152404504, 44.744692509120704 ], [ 0.69762688920327, 44.74470150121703 ], [ 0.697639243723314, 44.744710680893512 ], [ 0.697674991338991, 44.744783180398485 ], [ 0.697699700434818, 44.744801539739981 ], [ 0.697699174054494, 44.744819523933906 ], [ 0.697711791800613, 44.744819711505684 ], [ 0.697735711371128, 44.744865047130887 ], [ 0.69773544818648, 44.744874039228137 ], [ 0.697748065944977, 44.74487422679578 ], [ 0.697747802762266, 44.744883218893115 ], [ 0.697759894161234, 44.744901390654221 ], [ 0.697771459209767, 44.744937546609329 ], [ 0.697770143312624, 44.74498250709793 ], [ 0.697769880132943, 44.744991499195763 ], [ 0.697769353773327, 44.745009483391527 ], [ 0.69776856423327, 44.74503645968543 ], [ 0.697766195608543, 44.745117388568964 ], [ 0.697778023884828, 44.74514455242835 ], [ 0.697777760705649, 44.745153544526822 ], [ 0.697789852172564, 44.745171716286741 ], [ 0.697788799462413, 44.745207684681418 ], [ 0.697787746750913, 44.745243653076656 ], [ 0.697787483572827, 44.745252645175533 ], [ 0.697787220394656, 44.74526163727446 ], [ 0.697772760285217, 44.74532439440457 ], [ 0.697770391654384, 44.745405323298385 ], [ 0.69775751059275, 44.745414127832767 ], [ 0.697756721041304, 44.745441104131359 ], [ 0.697756457857319, 44.745450096230961 ], [ 0.697743313597049, 44.745467892863509 ], [ 0.697742787224447, 44.745485877062904 ], [ 0.697742524038021, 44.745494869162663 ], [ 0.697741997664914, 44.745512853362229 ], [ 0.697729116574142, 44.745521657893725 ], [ 0.697728590196487, 44.745539642093448 ], [ 0.697728063818495, 44.745557626293291 ], [ 0.697727800629372, 44.745566618393312 ], [ 0.697739892169112, 44.745584790161971 ], [ 0.697751983716683, 44.745602961929443 ], [ 0.697775640471639, 44.745657289661651 ], [ 0.697824006817701, 44.745729976710969 ], [ 0.697836098423794, 44.745748148470341 ], [ 0.697835835251088, 44.745757140571328 ], [ 0.697846084668532, 44.745838257038187 ], [ 0.697845558325391, 44.745856241240951 ], [ 0.697845031981914, 44.745874225443856 ], [ 0.697844242466066, 44.745901201748431 ], [ 0.697815585190017, 44.74601772395657 ], [ 0.69781532201276, 44.746026716058573 ], [ 0.69780191445656, 44.746053504804749 ], [ 0.697787717341636, 44.746107269856275 ], [ 0.697787190977266, 44.746125254060892 ], [ 0.697786927794954, 44.746134246163244 ], [ 0.697797440391622, 44.74620637054533 ], [ 0.697782716866496, 44.746278119805659 ], [ 0.697782190498921, 44.746296104011584 ], [ 0.697766414183804, 44.746403821685966 ], [ 0.697752480135626, 44.74644859463767 ], [ 0.697738546065209, 44.746493367588464 ], [ 0.697724085583921, 44.746556124746057 ], [ 0.697695164524311, 44.746681639060895 ], [ 0.69769411172513, 44.746717607478395 ], [ 0.697693848525124, 44.74672659958285 ], [ 0.697665716925452, 44.746825137584551 ], [ 0.697650466653943, 44.74691487105698 ], [ 0.69765020344602, 44.746923863162124 ], [ 0.697622598096517, 44.747004416950347 ], [ 0.697622334883705, 44.747013409055754 ], [ 0.69756343881466, 44.747300406107236 ], [ 0.697562649143365, 44.747327382426647 ], [ 0.697550030833882, 44.747327194837901 ], [ 0.697549767607927, 44.747336186944409 ], [ 0.697549504381888, 44.747345179050974 ], [ 0.697536622840301, 44.747353983567201 ], [ 0.697536359612073, 44.747362975673781 ], [ 0.697536096383759, 44.747371967780445 ], [ 0.69752347806434, 44.74737178018858 ], [ 0.697523214833919, 44.747380772295216 ], [ 0.697328938052398, 44.747548808267993 ], [ 0.697237713497782, 44.747646408104195 ], [ 0.697224831838125, 44.747655212585229 ], [ 0.697199068506683, 44.747672821542935 ], [ 0.697185923548977, 44.747690618126626 ], [ 0.69706972499711, 44.747778850457465 ], [ 0.697057106587755, 44.747778662812294 ], [ 0.697043961560231, 44.747796459379934 ], [ 0.697018198107182, 44.747814068296506 ], [ 0.696954052727727, 44.747849098455042 ], [ 0.696915144133294, 44.747884503904018 ], [ 0.696902525700698, 44.747884316241155 ], [ 0.696889643933834, 44.747893120684012 ], [ 0.696812089900695, 44.747954939417582 ], [ 0.696786062950757, 44.747981540388572 ], [ 0.696720600424641, 44.748061530951652 ], [ 0.696720337062326, 44.748070523059205 ], [ 0.696654610965445, 44.748159505694204 ], [ 0.69664199247188, 44.748159318001477 ], [ 0.696641729096509, 44.748168310109165 ], [ 0.696628057090595, 44.748204090846002 ], [ 0.696561013746268, 44.748338033971777 ], [ 0.696413253847896, 44.748641700842164 ], [ 0.696412990433605, 44.74865069295118 ], [ 0.696346472893548, 44.748766651753989 ], [ 0.696305455821319, 44.748873993879684 ], [ 0.69623893779433, 44.748989952629138 ], [ 0.696238674350469, 44.748998944739171 ], [ 0.696184247837894, 44.749133075421987 ], [ 0.696157693128593, 44.749177660479816 ], [ 0.696157429670831, 44.749186652590389 ], [ 0.696050946918067, 44.749373984878275 ], [ 0.696050683442278, 44.749382976989338 ], [ 0.69599731004789, 44.74948113915648 ], [ 0.695931317656291, 44.749579113528128 ], [ 0.695878207371374, 44.74966828353427 ], [ 0.695852179183999, 44.749694884305264 ], [ 0.695799595699648, 44.749766070053781 ], [ 0.695773303907441, 44.749801662919481 ], [ 0.695707310747751, 44.749899637171133 ], [ 0.695707047214426, 44.749908629283453 ], [ 0.695692847116825, 44.749962394156967 ], [ 0.695665501003127, 44.750033955451116 ], [ 0.6956378912743, 44.750114508853692 ], [ 0.695624218154059, 44.750150289496908 ], [ 0.695611335666412, 44.750159093799468 ], [ 0.695571633953734, 44.750221475151172 ], [ 0.695559015000096, 44.750221287334639 ], [ 0.695493284542275, 44.750310269362927 ], [ 0.695454109743558, 44.750354666449233 ], [ 0.695440700025919, 44.750381454959864 ], [ 0.695428081036742, 44.750381267128333 ], [ 0.695401525135896, 44.75042585202889 ], [ 0.695361295818217, 44.750506217540213 ], [ 0.695321329983667, 44.750577590925673 ], [ 0.695134153525704, 44.750502836188538 ], [ 0.695064467470992, 44.750726699682154 ], [ 0.695051057478419, 44.750753488149869 ], [ 0.695050793835912, 44.750762480264029 ], [ 0.695038174762352, 44.750762292387918 ], [ 0.694984798284631, 44.750860454125409 ], [ 0.694970860910168, 44.750905226814091 ] ] ] ] } },
{ "type": "Feature", "properties": { "NOM": null, "TYPOLOGIE": null, "ID_CDCOMMU": 21, "SECTEUR": null, "ID_CC2007": null, "NUM_SECTEU": 5, "ID_CC2014": null, "NOM_SECTEU": "PLATEAUX ET FORET DE LA BESSEDE" }, "geometry": { "type": "MultiPolygon", "coordinates": [ [ [ [ 0.970326000619065, 44.796536619301349 ], [ 0.970097777503481, 44.796569774218177 ], [ 0.969911841199472, 44.796423539274585 ], [ 0.969763576506255, 44.79628676661553 ], [ 0.969664294065391, 44.796213570631352 ], [ 0.969639473495693, 44.796195271621706 ], [ 0.969626843353916, 44.796195115062076 ], [ 0.969378858492409, 44.796003131692409 ], [ 0.969366228394658, 44.796002975102965 ], [ 0.969217746218069, 44.795875194681074 ], [ 0.969192925944018, 44.795856895573699 ], [ 0.969005894562014, 44.795755623872239 ], [ 0.968794483798696, 44.795618066776271 ], [ 0.968682573815415, 44.795544713274161 ], [ 0.968682793827378, 44.795535720331287 ], [ 0.968608334028832, 44.795480822640201 ], [ 0.968385615684629, 44.795289150449243 ], [ 0.968187718465182, 44.795115777157761 ], [ 0.968162898863732, 44.795097477824825 ], [ 0.968051430968952, 44.795006137819847 ], [ 0.967976972492367, 44.794951239715402 ], [ 0.967964782885254, 44.794933097087487 ], [ 0.967803456764463, 44.794814151009867 ], [ 0.967716589136888, 44.794750103026772 ], [ 0.967691769851189, 44.794731803590821 ], [ 0.967629721707844, 44.794686054977113 ], [ 0.967592272687, 44.794667598729845 ], [ 0.967542193903284, 44.794648985672112 ], [ 0.967292461177113, 44.794528941236251 ], [ 0.967167705340606, 44.794464422340972 ], [ 0.967120049721714, 44.794346886803766 ], [ 0.967107640263498, 44.794337737020989 ], [ 0.966896239507194, 44.794200176374261 ], [ 0.966759516133989, 44.794108521352236 ], [ 0.966747106787405, 44.794099371529889 ], [ 0.966734477126016, 44.794099214639544 ], [ 0.96654547291208, 44.794078875245468 ], [ 0.966469915337161, 44.794068940810696 ], [ 0.966444656029721, 44.794068626965185 ], [ 0.966054018512307, 44.79402778989347 ], [ 0.965991311172122, 44.794009019167824 ], [ 0.965703916269287, 44.793879507306258 ], [ 0.965666247932151, 44.793870043342615 ], [ 0.965653838816842, 44.793860893398332 ], [ 0.965441340802708, 44.793768294643563 ], [ 0.965428931746642, 44.793759144674389 ], [ 0.965416522694626, 44.793749994703852 ], [ 0.965354036417672, 44.793722230689184 ], [ 0.965167680800592, 44.793593973793008 ], [ 0.965105635977119, 44.793548223783326 ], [ 0.965093006444521, 44.793548066705227 ], [ 0.965093227024579, 44.793539073777318 ], [ 0.9646923917484, 44.793399152614548 ], [ 0.964667574048303, 44.793380852509408 ], [ 0.964580932886926, 44.793307809172695 ], [ 0.964506700738761, 44.793243915842396 ], [ 0.964494291951369, 44.793234765770279 ], [ 0.964494512626253, 44.793225772844757 ], [ 0.964283122477379, 44.793088207260723 ], [ 0.964270493050744, 44.793088050088585 ], [ 0.964108959344837, 44.792978091631511 ], [ 0.964009469397982, 44.792913883590494 ], [ 0.96400969014939, 44.792904890667181 ], [ 0.963835528123651, 44.792794774615331 ], [ 0.963810490188098, 44.792785467244833 ], [ 0.963748005781988, 44.792757702332764 ], [ 0.963685300635054, 44.792738930307657 ], [ 0.963672892093553, 44.792729780145187 ], [ 0.963585149142299, 44.792701700656416 ], [ 0.963572519804711, 44.79270154340449 ], [ 0.963409884350119, 44.792636548549524 ], [ 0.963397255027704, 44.792636391277519 ], [ 0.963098790136425, 44.792443764995269 ], [ 0.963048935735537, 44.79241615699776 ], [ 0.963049156639096, 44.792407164078256 ], [ 0.962874777115924, 44.792306039453578 ], [ 0.962862368802574, 44.792296889201729 ], [ 0.962812072766746, 44.792287266936157 ], [ 0.962799443524709, 44.792287109595868 ], [ 0.96263658920011, 44.792231106531695 ], [ 0.962586514239087, 44.792212491245735 ], [ 0.962536439311327, 44.792193875937258 ], [ 0.962461326982052, 44.792165952932194 ], [ 0.962448918767211, 44.792156802634473 ], [ 0.96243651055642, 44.792147652335345 ], [ 0.962312207650966, 44.792065142186097 ], [ 0.962175496981853, 44.791973481571986 ], [ 0.962088640187932, 44.791909429239624 ], [ 0.962038786759869, 44.791881820792298 ], [ 0.962026378676906, 44.791872670448228 ], [ 0.961989375523668, 44.791836226492499 ], [ 0.961829176479923, 44.791672307271618 ], [ 0.961804581579484, 44.791645013622535 ], [ 0.961754949634568, 44.791608412136235 ], [ 0.96174232054846, 44.791608254675069 ], [ 0.961667872765203, 44.79155335239647 ], [ 0.961655464815506, 44.791544202011927 ], [ 0.96164305686986, 44.791535051626063 ], [ 0.961592982860652, 44.791516435895126 ], [ 0.961567945868521, 44.791507128021166 ], [ 0.961555537945368, 44.791497977625617 ], [ 0.961542908884704, 44.791497820141586 ], [ 0.961417281767209, 44.791469266484235 ], [ 0.961354357670621, 44.791459486058216 ], [ 0.960989885049351, 44.791382974475944 ], [ 0.960738632020637, 44.791325865762737 ], [ 0.960726224272998, 44.791316715274661 ], [ 0.960700966238087, 44.79131640011547 ], [ 0.960613226988245, 44.791288318281929 ], [ 0.960449935118193, 44.791250297836584 ], [ 0.960437306116443, 44.791250140226111 ], [ 0.960424677114764, 44.791249982614183 ], [ 0.960399640435667, 44.791240674476384 ], [ 0.960223941210933, 44.791193503171826 ], [ 0.959759325808931, 44.791079754770578 ], [ 0.959734289316364, 44.791070446482543 ], [ 0.959671587401297, 44.791051672191522 ], [ 0.959284298376963, 44.790875917615665 ], [ 0.959021749718932, 44.790764689830084 ], [ 0.959009342375802, 44.790755539151306 ], [ 0.958959491490791, 44.790727929327311 ], [ 0.958697830548811, 44.790580729161618 ], [ 0.958660387212042, 44.790562269917629 ], [ 0.958635351133117, 44.790552961382474 ], [ 0.958585722224696, 44.790516358488837 ], [ 0.958373691859158, 44.790405760459684 ], [ 0.958348655897751, 44.790396451860111 ], [ 0.9582365483432, 44.790332080837921 ], [ 0.958223919554565, 44.790331922974303 ], [ 0.958174069433182, 44.790304312800735 ], [ 0.958136404770203, 44.790294846282741 ], [ 0.95789778829297, 44.790237889004672 ], [ 0.957835087924379, 44.790219113677345 ], [ 0.957509401538082, 44.790107092764742 ], [ 0.95728363703896, 44.79004129920996 ], [ 0.957258601421371, 44.790031990364689 ], [ 0.95697013774419, 44.789947420482818 ], [ 0.956757003204192, 44.789881783862675 ], [ 0.956744374521181, 44.789881625829835 ], [ 0.956669268175986, 44.789853698912125 ], [ 0.95665663949955, 44.78985354086926 ], [ 0.956331179563375, 44.78973252360224 ], [ 0.955992870387968, 44.789620340157711 ], [ 0.955993092412544, 44.789611347263254 ], [ 0.955855065783988, 44.789573636285304 ], [ 0.955804995449386, 44.789555017944913 ], [ 0.955679819758405, 44.789508471995397 ], [ 0.955654784645157, 44.789499162788566 ], [ 0.955279036806194, 44.789368516901334 ], [ 0.955266408242993, 44.789368358699463 ], [ 0.95526663038312, 44.789359365807471 ], [ 0.955141677736075, 44.789303826359927 ], [ 0.955104236423418, 44.789285365920072 ], [ 0.955029798227381, 44.789230459220676 ], [ 0.955017391875555, 44.789221308099343 ], [ 0.954893106380965, 44.789138789701838 ], [ 0.954855887465448, 44.789111336288805 ], [ 0.954843258961384, 44.789111178038553 ], [ 0.95481866858639, 44.789083882863551 ], [ 0.954681755210225, 44.789001205978444 ], [ 0.954520029834762, 44.788900226576011 ], [ 0.954221393040076, 44.7887165694952 ], [ 0.954072297705369, 44.788615747770649 ], [ 0.954047263257811, 44.788606438202869 ], [ 0.953823287813982, 44.788468694524987 ], [ 0.953761257923201, 44.788422938241951 ], [ 0.953748629577319, 44.788422779866515 ], [ 0.953574946451233, 44.788294662073561 ], [ 0.953562540544035, 44.78828551079242 ], [ 0.953363601698662, 44.788157075876867 ], [ 0.953177292020361, 44.788028799052114 ], [ 0.953164663764928, 44.78802864060993 ], [ 0.952717168018522, 44.787735163534364 ], [ 0.952505604904802, 44.787606568608432 ], [ 0.952393732233911, 44.787533198851627 ], [ 0.95238132668808, 44.78752404744079 ], [ 0.952020677010936, 44.78729462744522 ], [ 0.952008048924169, 44.78729446887079 ], [ 0.951983238068153, 44.787276165962972 ], [ 0.951809117157692, 44.787166031209054 ], [ 0.951796489100494, 44.787165872610395 ], [ 0.951671767489175, 44.787101336412057 ], [ 0.951409474366216, 44.786981097830179 ], [ 0.951309564080368, 44.786934864261703 ], [ 0.951259943159, 44.786898258132368 ], [ 0.950898856437318, 44.786686820281048 ], [ 0.950749549623523, 44.786594987030035 ], [ 0.950637681269946, 44.7865216155258 ], [ 0.950389135512838, 44.786356568925456 ], [ 0.950227425500244, 44.786255583350297 ], [ 0.950190210784116, 44.786228128398598 ], [ 0.95017780588684, 44.786218976745261 ], [ 0.949854387999559, 44.786017004755379 ], [ 0.949530972442831, 44.785815031835661 ], [ 0.949456321256246, 44.785769114327231 ], [ 0.949369488610098, 44.785705052161191 ], [ 0.949356860888932, 44.785704893283587 ], [ 0.949046076600253, 44.785503077848134 ], [ 0.948822349003308, 44.785356331345604 ], [ 0.948809721362249, 44.78535617240545 ], [ 0.948809944522265, 44.785347179542008 ], [ 0.948772731103441, 44.785319724123305 ], [ 0.94847569470298, 44.78507310174826 ], [ 0.948438258411398, 44.785054639081537 ], [ 0.948426077280181, 44.785036494374644 ], [ 0.948265267594934, 44.784899534539186 ], [ 0.948129490439408, 44.784771885377445 ], [ 0.948104458695463, 44.784762574477597 ], [ 0.948042884134737, 44.784698829336001 ], [ 0.947832906398574, 44.784507275613599 ], [ 0.947820502266943, 44.784498123702242 ], [ 0.947808098139362, 44.784488971789543 ], [ 0.947783066575128, 44.784479660817972 ], [ 0.947783289896351, 44.784470667960043 ], [ 0.947695344498191, 44.784451568801884 ], [ 0.947657462196242, 44.784451091590611 ], [ 0.947519900608079, 44.784395384561599 ], [ 0.947520123971183, 44.784386391704516 ], [ 0.947649301614454, 44.784271075373049 ], [ 0.947675003076731, 44.784253407803369 ], [ 0.947714001902432, 44.784208920724289 ], [ 0.947752554016442, 44.784182419345655 ], [ 0.947856476015677, 44.784066784655231 ], [ 0.947856699323477, 44.784057791798723 ], [ 0.947960397586181, 44.783951149872557 ], [ 0.947960620876852, 44.783942157016256 ], [ 0.948142315118122, 44.783746540566845 ], [ 0.948142538378793, 44.783737547710984 ], [ 0.94829830715569, 44.783568591549916 ], [ 0.948298530390629, 44.783559598694424 ], [ 0.94848022221286, 44.78336398171993 ], [ 0.948545366921211, 44.783283840897624 ], [ 0.948558217286865, 44.783275007012818 ], [ 0.948571290838447, 44.783257180271619 ], [ 0.94859239909517, 44.78291561077625 ], [ 0.948592622280329, 44.782906617922627 ], [ 0.948584682106062, 44.782717609038961 ], [ 0.948584905291671, 44.78270861618612 ], [ 0.948560543961698, 44.782672326839879 ], [ 0.948536182663264, 44.782636037488842 ], [ 0.948488576163254, 44.782518494512431 ], [ 0.948451811191634, 44.782473053315407 ], [ 0.948402419299409, 44.782427453120739 ], [ 0.9484026425131, 44.782418460269369 ], [ 0.948377834992219, 44.782400156589844 ], [ 0.94836565445733, 44.782382011896836 ], [ 0.947943929284939, 44.782070848469431 ], [ 0.947881911272091, 44.782025089009529 ], [ 0.947497625208333, 44.781732386753724 ], [ 0.947311797075048, 44.781586114694178 ], [ 0.947200390021675, 44.781494754174567 ], [ 0.947114236823128, 44.781403711817831 ], [ 0.946805719101645, 44.781111962012218 ], [ 0.946681910640946, 44.781011448975093 ], [ 0.946176066745814, 44.780528300683791 ], [ 0.945704309047689, 44.780198506295861 ], [ 0.945518938011265, 44.780034245642035 ], [ 0.9455067589157, 44.780016100652183 ], [ 0.945432342427218, 44.779961187702014 ], [ 0.945432566107506, 44.779952194866262 ], [ 0.94528418099855, 44.77982438315005 ], [ 0.945123170210389, 44.779696411880252 ], [ 0.945098588697451, 44.779669114651306 ], [ 0.94506182834214, 44.779623672381341 ], [ 0.945024844302259, 44.779587222933515 ], [ 0.945000710380988, 44.779541940017289 ], [ 0.944975905243648, 44.779523635596043 ], [ 0.944963726434761, 44.779505490550299 ], [ 0.94483222157099, 44.779206973817296 ], [ 0.944710882574422, 44.779007537510502 ], [ 0.944649765796574, 44.778925804973845 ], [ 0.94444317878703, 44.778599352843223 ], [ 0.944418821923534, 44.778563062647429 ], [ 0.944309440282219, 44.778390763879351 ], [ 0.944297038079035, 44.778381611596274 ], [ 0.944272009824749, 44.778372299853388 ], [ 0.943950673676506, 44.778089375817366 ], [ 0.943727436893015, 44.777924633810812 ], [ 0.943640846901925, 44.777851574532129 ], [ 0.942921987203778, 44.77730274999827 ], [ 0.942872380284037, 44.777266140251669 ], [ 0.942302802042879, 44.776809155335911 ], [ 0.942277998995436, 44.776790850330102 ], [ 0.94227822316902, 44.776781857513029 ], [ 0.942129853641722, 44.776654041732293 ], [ 0.94211745217852, 44.776644889211305 ], [ 0.941709776005094, 44.776279905557168 ], [ 0.941684749118745, 44.776270593236163 ], [ 0.941672347813021, 44.776261440666659 ], [ 0.941672796350168, 44.776243455039086 ], [ 0.941673020618634, 44.776234462225361 ], [ 0.941687888845398, 44.776144693845225 ], [ 0.941763126272317, 44.775659880719125 ], [ 0.941764023278452, 44.775623909472614 ], [ 0.941807057189163, 44.775417554044985 ], [ 0.941795553034033, 44.775372430249725 ], [ 0.94181737232149, 44.775003884782045 ], [ 0.941833136940641, 44.774878145194002 ], [ 0.941834258126346, 44.774833181150271 ], [ 0.94183448236327, 44.774824188341668 ], [ 0.941681342940943, 44.774381464065499 ], [ 0.941540158144279, 44.773965877847154 ], [ 0.941493919398068, 44.773794375469372 ], [ 0.941379108834374, 44.773334144688604 ], [ 0.941299258486816, 44.772991299684065 ], [ 0.94121828748068, 44.772693418667679 ], [ 0.941138214690239, 44.772359566439057 ], [ 0.941046639996769, 44.771980590392886 ], [ 0.940966569246261, 44.771646738142245 ], [ 0.940955066541157, 44.771601614332582 ], [ 0.940955290906159, 44.771592621538218 ], [ 0.940806206219227, 44.770988026402478 ], [ 0.941225278391676, 44.770894380109347 ], [ 0.941301248875114, 44.770886346132272 ], [ 0.941219607942285, 44.770615443760228 ], [ 0.941113392325227, 44.770317243353553 ], [ 0.941020250699302, 44.770001217137292 ], [ 0.940902759407445, 44.769648900053745 ], [ 0.940832624342631, 44.769423121312101 ], [ 0.940833521845873, 44.769387150169486 ], [ 0.940821795333977, 44.769351019175275 ], [ 0.940775338206062, 44.769188509622111 ], [ 0.940776011358346, 44.769161531268175 ], [ 0.94076406054493, 44.769134393055829 ], [ 0.940776908893716, 44.769125560130057 ], [ 0.94077735766097, 44.769107574561197 ], [ 0.940830994746976, 44.768982315001708 ], [ 0.940820838952913, 44.768883234527337 ], [ 0.940821063328561, 44.76887424174376 ], [ 0.940824877703549, 44.768721364427876 ], [ 0.940825999574587, 44.768676400513272 ], [ 0.940826223948579, 44.768667407730462 ], [ 0.940829589549813, 44.768532515992426 ], [ 0.94085528594687, 44.768514850128682 ], [ 0.940868582872358, 44.76848803163017 ], [ 0.940881206692192, 44.768488191476877 ], [ 0.940868807238768, 44.768479038848 ], [ 0.940857080894039, 44.768442907871673 ], [ 0.940857305262111, 44.768433915089709 ], [ 0.940832506391114, 44.768415609825716 ], [ 0.94079553249274, 44.768379159137908 ], [ 0.940770733666126, 44.768360853860507 ], [ 0.940733535456564, 44.768333395934178 ], [ 0.940721360450871, 44.768315250508124 ], [ 0.940696561676736, 44.768296945214566 ], [ 0.940696786069965, 44.768287952433454 ], [ 0.940672211712988, 44.768260654353639 ], [ 0.940659812343989, 44.768251501702238 ], [ 0.940574812173176, 44.768115490862094 ], [ 0.940514162138306, 44.768015770861233 ], [ 0.940465911580297, 44.767925203504632 ], [ 0.9404302848496, 44.767834796028687 ], [ 0.940430509283682, 44.767825803249949 ], [ 0.94040660857218, 44.76777152678077 ], [ 0.94039465823378, 44.767744388544756 ], [ 0.940382707906946, 44.767717250307726 ], [ 0.940383381230458, 44.767690271973287 ], [ 0.940384054553325, 44.767663293639167 ], [ 0.940411770619399, 44.767564692885308 ], [ 0.940441730896078, 44.767376164356847 ], [ 0.94044195532649, 44.76736717157987 ], [ 0.940457047600291, 44.767268410930335 ], [ 0.940457272027815, 44.767259418153749 ], [ 0.940445995061592, 44.767205301600001 ], [ 0.940434269255648, 44.767169170598649 ], [ 0.940421645734032, 44.767169010700997 ], [ 0.940409246647317, 44.767159858025806 ], [ 0.940359201455587, 44.767141232863139 ], [ 0.940346802385205, 44.767132080181057 ], [ 0.94033417887219, 44.767131920273386 ], [ 0.940308931846373, 44.767131600453702 ], [ 0.940170297682527, 44.76712084856694 ], [ 0.940119803643022, 44.767120208846876 ], [ 0.940094556623704, 44.767119888978179 ], [ 0.939993344047982, 44.767127602220732 ], [ 0.939980720536983, 44.767127442272589 ], [ 0.939930451005151, 44.767117809690824 ], [ 0.939855159001495, 44.767098864387911 ], [ 0.939842535497362, 44.767098704424008 ], [ 0.939830136520716, 44.767089551684009 ], [ 0.939804889516852, 44.767089231749033 ], [ 0.939792266015029, 44.767089071779402 ], [ 0.939754395509991, 44.76708859186175 ], [ 0.939741772008456, 44.767088431886343 ], [ 0.939678879053493, 44.767078639213246 ], [ 0.939628609617265, 44.767069006494125 ], [ 0.939615986120497, 44.76706884650428 ], [ 0.939603587187431, 44.767059693738972 ], [ 0.93956594127348, 44.767050220982675 ], [ 0.939553542352701, 44.767041068211768 ], [ 0.939478475162942, 44.767013129878727 ], [ 0.939465851679183, 44.767012969871736 ], [ 0.93946607626464, 44.767003977098177 ], [ 0.939453452782977, 44.767003817089794 ], [ 0.939428430411325, 44.766994504295177 ], [ 0.939340290662425, 44.766984391402602 ], [ 0.939327667185531, 44.766984231379794 ], [ 0.939264999037309, 44.766965445698141 ], [ 0.939252375564894, 44.766965285666735 ], [ 0.939227353243831, 44.766955972826722 ], [ 0.939139213591762, 44.766945859773706 ], [ 0.939126814763713, 44.766936706955299 ], [ 0.939101567832683, 44.766936386859442 ], [ 0.939088944367276, 44.766936226809328 ], [ 0.938988405970115, 44.766916960811983 ], [ 0.938950760255913, 44.766907487846417 ], [ 0.938938136797443, 44.766907327779037 ], [ 0.938925738010734, 44.766898174938191 ], [ 0.938900715773866, 44.766888862024359 ], [ 0.938863070093342, 44.766879389029 ], [ 0.938863294774933, 44.766870396257211 ], [ 0.938825873800646, 44.766851930477451 ], [ 0.938800851600998, 44.766842617541187 ], [ 0.938788452851007, 44.766833464685185 ], [ 0.93878867754438, 44.766824471913729 ], [ 0.93877605410506, 44.766824311827861 ], [ 0.938701661714386, 44.766769394655256 ], [ 0.938689262996773, 44.766760241788404 ], [ 0.938627044750605, 44.766723470204546 ], [ 0.938627269469423, 44.766714477433858 ], [ 0.938590073401582, 44.766687018804873 ], [ 0.938577674720397, 44.766677865925779 ], [ 0.93856527604326, 44.766668713045362 ], [ 0.938503507456549, 44.766613955852954 ], [ 0.938490884065434, 44.766613795734457 ], [ 0.93846631151599, 44.766586497183475 ], [ 0.938342325310547, 44.766494968196845 ], [ 0.938329926712265, 44.766485815290771 ], [ 0.938330151477778, 44.766476822521575 ], [ 0.93831752811803, 44.766476662383255 ], [ 0.938292730941701, 44.766458356564272 ], [ 0.938217665160193, 44.766430417380704 ], [ 0.938192643249645, 44.766421104308243 ], [ 0.938154998002764, 44.766411631073261 ], [ 0.938142374658192, 44.76641147091491 ], [ 0.938129976111007, 44.766402317986675 ], [ 0.938117577567871, 44.766393165057067 ], [ 0.938105179028782, 44.766384012126103 ], [ 0.938055809721853, 44.766338407620673 ], [ 0.938056034530733, 44.766329414852642 ], [ 0.938043636015784, 44.766320261915048 ], [ 0.938018838998031, 44.766301956035747 ], [ 0.938019063812695, 44.766292963267936 ], [ 0.937994491633528, 44.766265664615659 ], [ 0.937981868322273, 44.766265504439012 ], [ 0.937969469833562, 44.76625635149329 ], [ 0.937969694655961, 44.766247358725757 ], [ 0.937957071348896, 44.766247198546253 ], [ 0.93793227439171, 44.766228892648087 ], [ 0.937919875919188, 44.766219739696957 ], [ 0.937907252618484, 44.766219579511748 ], [ 0.937894629317852, 44.766219419325083 ], [ 0.93784413611605, 44.76621877856396 ], [ 0.937793642915402, 44.766218137779745 ], [ 0.93778101961542, 44.766217977580098 ], [ 0.937680033218164, 44.766216695930829 ], [ 0.937667409918832, 44.766216535718144 ], [ 0.937654786619571, 44.766216375504044 ], [ 0.937515705437436, 44.766223605819995 ], [ 0.937477835536398, 44.766223125121279 ], [ 0.937464987332994, 44.766231957651875 ], [ 0.937363775998326, 44.7662396684795 ], [ 0.937300659481051, 44.766238867220821 ], [ 0.937288036177813, 44.766238706964749 ], [ 0.937275412874646, 44.766238546707228 ], [ 0.93723754296558, 44.766238065926018 ], [ 0.937237767905282, 44.766229073160076 ], [ 0.937212521303647, 44.766228752632131 ], [ 0.937200122948639, 44.766219599600156 ], [ 0.937187499650024, 44.766219439332595 ], [ 0.93717510130116, 44.766210286297813 ], [ 0.937149854708341, 44.766209965755529 ], [ 0.937112434739029, 44.766191499400129 ], [ 0.937100036408594, 44.766182346357077 ], [ 0.937087638082206, 44.766173193312639 ], [ 0.937075014794361, 44.766173033032175 ], [ 0.937037594874339, 44.766154566651707 ], [ 0.937037819845772, 44.766145573886519 ], [ 0.9369877766791, 44.766126947203297 ], [ 0.936950581803799, 44.766099488028772 ], [ 0.936913161973831, 44.766081021606681 ], [ 0.936913386964923, 44.766072028842046 ], [ 0.93690076370035, 44.766071868541708 ], [ 0.936888365430915, 44.766062715475336 ], [ 0.936875742168509, 44.766062555172084 ], [ 0.936863118906177, 44.766062394867447 ], [ 0.936825699129763, 44.766043928416018 ], [ 0.9367625828405, 44.766043126849617 ], [ 0.936750184599975, 44.766033973767883 ], [ 0.936724938088966, 44.766033653128353 ], [ 0.936725163110053, 44.76602466036428 ], [ 0.936712539856681, 44.766024500042406 ], [ 0.936687293350153, 44.766024179394272 ], [ 0.936637250408252, 44.766005552553025 ], [ 0.936587207499599, 44.765986925689241 ], [ 0.9365624111047, 44.765968619485385 ], [ 0.936562636151589, 44.765959626721916 ], [ 0.936488922251103, 44.765877729789004 ], [ 0.936489147309413, 44.765868737025983 ], [ 0.936476749152077, 44.765859583914178 ], [ 0.936452177913638, 44.765832284923782 ], [ 0.936427831766975, 44.765795993165632 ], [ 0.936428281902458, 44.765778007640563 ], [ 0.936415883775117, 44.7657688545223 ], [ 0.936391087532577, 44.765750548281666 ], [ 0.936366741460934, 44.765714256511345 ], [ 0.936354343357733, 44.765705103386416 ], [ 0.93635456843693, 44.76569611062439 ], [ 0.936242985707812, 44.765613732439519 ], [ 0.936230587647035, 44.765604579301097 ], [ 0.93616927272884, 44.765531835305453 ], [ 0.936156874698203, 44.765522682159045 ], [ 0.936144251559456, 44.765522521772212 ], [ 0.936131853534962, 44.765513368623061 ], [ 0.936119455514514, 44.765504215472546 ], [ 0.936106832380031, 44.765504055081422 ], [ 0.936081586111282, 44.765503734294839 ], [ 0.936018470440672, 44.765502932303079 ], [ 0.936005847306768, 44.765502771900429 ], [ 0.935967752765069, 44.765511283444198 ], [ 0.935942506493863, 44.765510962625775 ], [ 0.935841521411922, 44.76550967929434 ], [ 0.935828898277006, 44.765509518871433 ], [ 0.935753159469019, 44.765508556303551 ], [ 0.935715290066, 44.765508075000078 ], [ 0.935702666931805, 44.765507914562747 ], [ 0.935627153323208, 44.765497959148426 ], [ 0.935601907059951, 44.765497638252093 ], [ 0.93558928392843, 44.765497477801723 ], [ 0.935564262870707, 44.765488164137125 ], [ 0.935551639741426, 44.765488003682499 ], [ 0.935539241821293, 44.765478850466891 ], [ 0.935526618694182, 44.765478690009395 ], [ 0.935501597655249, 44.765469376330657 ], [ 0.935476576624627, 44.765460062646291 ], [ 0.935414136698904, 44.765432282031178 ], [ 0.935401738813536, 44.765423128800357 ], [ 0.935376943054939, 44.765404822334673 ], [ 0.935364319944957, 44.765404661858597 ], [ 0.935339749447402, 44.765377362625955 ], [ 0.935339974687989, 44.765368369867275 ], [ 0.935327351586319, 44.765368209386963 ], [ 0.935327802071323, 44.765350223869824 ], [ 0.935303456861625, 44.765313931871297 ], [ 0.935254541283018, 44.765250340617911 ], [ 0.935242143463925, 44.765241187369874 ], [ 0.9351808302253, 44.765168442836696 ], [ 0.935181280755693, 44.765150457321688 ], [ 0.935119967695221, 44.765077712757552 ], [ 0.935058654793822, 44.765004968161698 ], [ 0.935058880077991, 44.764995975405057 ], [ 0.935046707633117, 44.764977829379518 ], [ 0.934985169640374, 44.764914077502254 ], [ 0.934972771939592, 44.764904924225306 ], [ 0.934960374242856, 44.764895770947057 ], [ 0.93491055818902, 44.764868150576106 ], [ 0.934898385819889, 44.764850004535241 ], [ 0.934885762836165, 44.764849844004502 ], [ 0.934798979228668, 44.764785770961112 ], [ 0.934774409277498, 44.764758471609973 ], [ 0.93472504411043, 44.764712865647049 ], [ 0.934713097173406, 44.764685726832241 ], [ 0.934676129712034, 44.764649274153953 ], [ 0.934676355056116, 44.764640281399465 ], [ 0.934639387648587, 44.764603828709603 ], [ 0.934627215424577, 44.76458568264092 ], [ 0.934602420289117, 44.764567376007889 ], [ 0.934602645644689, 44.764558383253913 ], [ 0.934590022727458, 44.764558222689345 ], [ 0.934577625169847, 44.764549069369465 ], [ 0.934553055430142, 44.764521769971822 ], [ 0.934540657886623, 44.764512616647941 ], [ 0.934478444854653, 44.764475842761449 ], [ 0.934428629411225, 44.764448222178082 ], [ 0.934341621550878, 44.764393141539216 ], [ 0.934291806248309, 44.764365520895076 ], [ 0.934254388450955, 44.764347053585546 ], [ 0.934216970678244, 44.764328586263474 ], [ 0.934204573232292, 44.764319432902596 ], [ 0.934191950369988, 44.764319272292489 ], [ 0.934117114927411, 44.764282337593933 ], [ 0.93407969724309, 44.764263870225804 ], [ 0.93406707439365, 44.764263709601472 ], [ 0.934017259341286, 44.764236088834984 ], [ 0.933967218881967, 44.764217460797624 ], [ 0.933954596043295, 44.764217300160389 ], [ 0.933705296257821, 44.764088188605498 ], [ 0.933331123175263, 44.763903512979674 ], [ 0.933318725967875, 44.763894359521004 ], [ 0.933293706002552, 44.763885045348175 ], [ 0.933131865990068, 44.763793028469344 ], [ 0.933119468839631, 44.763783874988718 ], [ 0.933019840569938, 44.763728632589654 ], [ 0.933007669059957, 44.763710486349318 ], [ 0.932982874840171, 44.763692179359424 ], [ 0.932970477736347, 44.763683025862484 ], [ 0.932945683540843, 44.763664718864455 ], [ 0.932921114983047, 44.763637419114126 ], [ 0.932908717901411, 44.763628265610443 ], [ 0.932822840991067, 44.763528220061318 ], [ 0.932749587044686, 44.763428335226145 ], [ 0.932737415687332, 44.763410188958353 ], [ 0.932615251209244, 44.763246711704149 ], [ 0.932468745052367, 44.763046941738459 ], [ 0.932443951301884, 44.763028634632811 ], [ 0.932444176997399, 44.763019641889294 ], [ 0.932358301847807, 44.762919596005233 ], [ 0.932333959615031, 44.762883303390282 ], [ 0.932260255933793, 44.762801403743147 ], [ 0.932247859144837, 44.762792250168587 ], [ 0.932235688087886, 44.762774103850504 ], [ 0.932223517038812, 44.762755957531247 ], [ 0.932198723497033, 44.762737650372856 ], [ 0.932173929971442, 44.762719343209007 ], [ 0.93214936220351, 44.762692043298138 ], [ 0.932075207537236, 44.762628129016996 ], [ 0.932050639857322, 44.762600829085194 ], [ 0.932013675500969, 44.762564375548322 ], [ 0.931988882112394, 44.762546068344285 ], [ 0.931939295383807, 44.762509453920018 ], [ 0.931939521158156, 44.762500461179556 ], [ 0.931914727822045, 44.762482153959397 ], [ 0.931902331160061, 44.762473000347306 ], [ 0.931803158009872, 44.762399771401576 ], [ 0.931778590562433, 44.762372471411958 ], [ 0.931729004124643, 44.762335856895973 ], [ 0.931667021168459, 44.762290088720455 ], [ 0.931642453835343, 44.762262788701882 ], [ 0.931592867583419, 44.76222617412644 ], [ 0.931568300314399, 44.762198874092093 ], [ 0.931531110698082, 44.762171413138347 ], [ 0.931506317640772, 44.762153105829043 ], [ 0.931481750445897, 44.762125805776314 ], [ 0.931469128085159, 44.762125644854976 ], [ 0.931444560920415, 44.762098344794289 ], [ 0.931370181978721, 44.762043422793617 ], [ 0.931357785502602, 44.762034269122076 ], [ 0.931271236162423, 44.761961200646475 ], [ 0.93119708346334, 44.76189728579574 ], [ 0.931159894228798, 44.761869824720513 ], [ 0.931122930933282, 44.761833370896937 ], [ 0.931085967685821, 44.761796917061574 ], [ 0.931048778572247, 44.761769455950088 ], [ 0.931024437686162, 44.76173316306452 ], [ 0.930999419066108, 44.761723848380342 ], [ 0.930987248644996, 44.76170570193306 ], [ 0.930974852306035, 44.761696548219923 ], [ 0.930962455971119, 44.761687394505344 ], [ 0.930950059640251, 44.761678240789458 ], [ 0.930912870671928, 44.761650779633634 ], [ 0.930888078046612, 44.761632472189618 ], [ 0.930863285437484, 44.761614164740202 ], [ 0.930838718791728, 44.761586864550765 ], [ 0.930826096554143, 44.761586703555906 ], [ 0.93080152993852, 44.761559403358525 ], [ 0.930814152169893, 44.761559564356133 ], [ 0.930827000350257, 44.761550732617891 ], [ 0.930878167090711, 44.761524398384672 ], [ 0.931171866656835, 44.761393209741314 ], [ 0.931260899659596, 44.761367358193681 ], [ 0.931312066028995, 44.76134102376124 ], [ 0.931324688212683, 44.761341184700441 ], [ 0.931337536262617, 44.761332352903544 ], [ 0.931350158444425, 44.761332513839804 ], [ 0.931388476706229, 44.761315011170552 ], [ 0.931439191268641, 44.761306662148961 ], [ 0.931452039292633, 44.76129783033884 ], [ 0.931490131657484, 44.761289320369208 ], [ 0.931578938521454, 44.761272461300756 ], [ 0.931591560690477, 44.761272622209447 ], [ 0.931629653017036, 44.761264112191753 ], [ 0.931667971144875, 44.761246609425939 ], [ 0.931731533568128, 44.761229428433602 ], [ 0.931744155727904, 44.761229589324785 ], [ 0.931807718108529, 44.761212408288721 ], [ 0.931909146907859, 44.761195709837445 ], [ 0.931960087050598, 44.761178367841488 ], [ 0.931972709199537, 44.761178528706509 ], [ 0.932036271452271, 44.761161347539108 ], [ 0.932188865845688, 44.761118314041269 ], [ 0.932201487981765, 44.761118474880135 ], [ 0.932252202245416, 44.761110125485395 ], [ 0.932391948512683, 44.761075923610029 ], [ 0.932417418458941, 44.761067252503913 ], [ 0.932430040584183, 44.761067413316624 ], [ 0.932531694609497, 44.761041721558051 ], [ 0.932760472235062, 44.760981666575738 ], [ 0.932773094342025, 44.76098182734917 ], [ 0.932824034023336, 44.760964484955799 ], [ 0.932938760994964, 44.760920968116949 ], [ 0.932938986602647, 44.760911975380566 ], [ 0.93295160869444, 44.760912136133527 ], [ 0.93297707847978, 44.760903464898824 ], [ 0.933002773854596, 44.760885800921841 ], [ 0.933028469213225, 44.760868136938988 ], [ 0.933079859881922, 44.760832808955747 ], [ 0.933285196358007, 44.760700489524801 ], [ 0.933311117089829, 44.760673832741325 ], [ 0.933504281459237, 44.760523366728357 ], [ 0.933517354491874, 44.760505541944589 ], [ 0.933517580005107, 44.760496549208661 ], [ 0.933544402567371, 44.760433921429531 ], [ 0.933570774061398, 44.760389279116836 ], [ 0.933583621539538, 44.760380447061827 ], [ 0.933596469013631, 44.760371615005354 ], [ 0.933596920013577, 44.760353629534173 ], [ 0.933622614941239, 44.760335965416907 ], [ 0.93364876083561, 44.760300315822825 ], [ 0.933674455722517, 44.760282651693842 ], [ 0.933687528644951, 44.760264826891749 ], [ 0.933700376076193, 44.760255994823666 ], [ 0.933700601559077, 44.760247002088242 ], [ 0.933713223503388, 44.76024716275402 ], [ 0.933751991235197, 44.760211673801145 ], [ 0.93376483864411, 44.760202841725736 ], [ 0.933777686048977, 44.760194009648814 ], [ 0.933790533449798, 44.760185177570463 ], [ 0.933790758917937, 44.760176184835167 ], [ 0.933803380846573, 44.760176345490649 ], [ 0.933828624704054, 44.760176666797243 ], [ 0.933841246632904, 44.760176827448355 ], [ 0.93386626503482, 44.760186141481753 ], [ 0.933891508897072, 44.760186462773966 ], [ 0.933929374690995, 44.760186944701452 ], [ 0.934017502780882, 44.760197061884163 ], [ 0.934030124714864, 44.760197222513717 ], [ 0.934055143157248, 44.760206536504327 ], [ 0.934055368583044, 44.76019754376842 ], [ 0.934105856320272, 44.760198186260489 ], [ 0.934156569468195, 44.760189835993408 ], [ 0.934169416808393, 44.76018100387094 ], [ 0.934182038739195, 44.760181164483065 ], [ 0.934194886073395, 44.760172332357641 ], [ 0.93420750800232, 44.760172492966888 ], [ 0.93422035533052, 44.760163660838536 ], [ 0.934233202654676, 44.760154828708679 ], [ 0.934259348076465, 44.760119178972559 ], [ 0.934271969993612, 44.760119339574437 ], [ 0.934336882622896, 44.76004820067358 ], [ 0.9344011189792, 44.760004039944164 ], [ 0.934414191605732, 44.759986215058056 ], [ 0.934542663953433, 44.759897893474907 ], [ 0.934555511165946, 44.759889061308499 ], [ 0.93461974716782, 44.759844900454766 ], [ 0.934632594356056, 44.759836068279625 ], [ 0.934658063392793, 44.759827396660683 ], [ 0.934658288720386, 44.759818403924967 ], [ 0.934683757745129, 44.759809732300113 ], [ 0.934696379593847, 44.759809892853355 ], [ 0.934721848608833, 44.75980122121976 ], [ 0.934760164772096, 44.759783717390512 ], [ 0.934785408458332, 44.75978403847806 ], [ 0.934862040697788, 44.759749030762471 ], [ 0.934951519949602, 44.759705190782313 ], [ 0.934964367053583, 44.759696358569023 ], [ 0.93497698887759, 44.759696519090184 ], [ 0.935002683069511, 44.7596788546563 ], [ 0.935079315029616, 44.759643846791299 ], [ 0.935105009165177, 44.759626182333989 ], [ 0.935156397387741, 44.759590853401782 ], [ 0.935194938512177, 44.759564356687292 ], [ 0.9352461013893, 44.759538020449938 ], [ 0.935259173638639, 44.759520195467225 ], [ 0.935336480874262, 44.759458209219098 ], [ 0.935387643588082, 44.759431872917268 ], [ 0.935439256655195, 44.759387551120646 ], [ 0.935567951196792, 44.759290235630374 ], [ 0.935632410884626, 44.759237081462693 ], [ 0.935773951592738, 44.759130933447821 ], [ 0.935812717248921, 44.759095443787352 ], [ 0.935864104539362, 44.759060114533447 ], [ 0.935391912450096, 44.758757257364657 ], [ 0.935341876422653, 44.758738629995918 ], [ 0.93530491247258, 44.758702177622752 ], [ 0.935255101750474, 44.758674557482571 ], [ 0.935230309023412, 44.758656251037976 ], [ 0.935205291077431, 44.758646937320222 ], [ 0.935105895129387, 44.758582704197188 ], [ 0.934981256291161, 44.758518149949829 ], [ 0.934943842167999, 44.758499682921645 ], [ 0.934794636521936, 44.75840782922247 ], [ 0.934782014988477, 44.75840766868064 ], [ 0.934744826312561, 44.758380208855499 ], [ 0.934707412359273, 44.758361741748267 ], [ 0.934694790836435, 44.758361581196482 ], [ 0.934682394631507, 44.758352427913145 ], [ 0.93465737691205, 44.758343114072417 ], [ 0.934657602233786, 44.758334121342493 ], [ 0.934582323803533, 44.758315172516362 ], [ 0.934507496115387, 44.75827823818021 ], [ 0.934457460809063, 44.758259610414392 ], [ 0.934444839309926, 44.758259449833993 ], [ 0.934382407911897, 44.758231668723397 ], [ 0.934332372688668, 44.758213040901218 ], [ 0.934319976575722, 44.758203887577778 ], [ 0.934257319916146, 44.75818509912569 ], [ 0.934207284776012, 44.758166471247215 ], [ 0.934169871142311, 44.758148003959413 ], [ 0.934157475070262, 44.75813885061801 ], [ 0.934094818537785, 44.758120062074198 ], [ 0.93408242248416, 44.75811090872444 ], [ 0.934069801019561, 44.758110748101124 ], [ 0.934057404972079, 44.758101594748652 ], [ 0.934032612889251, 44.758083288039579 ], [ 0.93401999143101, 44.7580831274106 ], [ 0.933982803343402, 44.758055667332577 ], [ 0.933920597839738, 44.758018893235864 ], [ 0.933908201836909, 44.758009739866971 ], [ 0.933821204476143, 44.757954658973418 ], [ 0.933796187077143, 44.75794534493906 ], [ 0.933758773726322, 44.757926877513697 ], [ 0.933746152304069, 44.757926716853397 ], [ 0.933695892090039, 44.757917081471462 ], [ 0.933696117564234, 44.757908088745189 ], [ 0.93363323595996, 44.757898292667377 ], [ 0.933620840030685, 44.75788913926668 ], [ 0.933608218617319, 44.757888978590636 ], [ 0.933557958460808, 44.757879343146037 ], [ 0.933545337049827, 44.757879182462744 ], [ 0.93345698717498, 44.757878057639523 ], [ 0.933431969870637, 44.757868743522877 ], [ 0.93340672705424, 44.757868422126059 ], [ 0.933368862830186, 44.757867940020041 ], [ 0.933330998606783, 44.757867457901028 ], [ 0.933305755791544, 44.75786713648111 ], [ 0.933267666026536, 44.757875647065639 ], [ 0.933254819072434, 44.757884479074391 ], [ 0.933242197661165, 44.75788431835646 ], [ 0.933229350701064, 44.757893150362293 ], [ 0.933204107874844, 44.757892828919083 ], [ 0.933115081283581, 44.757918681997651 ], [ 0.93311530685091, 44.757909689272566 ], [ 0.933115532418167, 44.757900696547537 ], [ 0.933116209119503, 44.75787371837265 ], [ 0.933131537302584, 44.757765966408257 ], [ 0.933131988430665, 44.757747980959273 ], [ 0.933146639865507, 44.757667207170876 ], [ 0.93314709098795, 44.757649221722602 ], [ 0.933147316549064, 44.757640228998504 ], [ 0.933147542110103, 44.757631236274477 ], [ 0.933147767671071, 44.757622243550458 ], [ 0.933182934808118, 44.757226885181595 ], [ 0.932957782391947, 44.757143057394011 ], [ 0.932945386739833, 44.75713390392049 ], [ 0.932782889928607, 44.757068864967103 ], [ 0.932770494321435, 44.757059711474191 ], [ 0.932732856274029, 44.757050236429208 ], [ 0.932720460679142, 44.757041082930762 ], [ 0.932695443870458, 44.75703176865057 ], [ 0.932682822652689, 44.75703160786874 ], [ 0.932269707996765, 44.756891410464114 ], [ 0.932269933695508, 44.756882417744819 ], [ 0.932331477181226, 44.756442417843523 ], [ 0.932331702868257, 44.75643342512582 ], [ 0.932421646734622, 44.755867848881252 ], [ 0.932421872404884, 44.755858856165602 ], [ 0.932426385794907, 44.755679001860202 ], [ 0.932427739806269, 44.7556250455713 ], [ 0.932390554128064, 44.755597584986319 ], [ 0.932193811062004, 44.755388179333082 ], [ 0.932169020786874, 44.755369872227149 ], [ 0.931847877479527, 44.755086915798998 ], [ 0.931822861687385, 44.755077601329035 ], [ 0.928665859910467, 44.755109277664147 ], [ 0.92514549230237, 44.755532016920554 ], [ 0.918426676578582, 44.757118944774462 ], [ 0.884142750231084, 44.766108984371449 ], [ 0.875923448144569, 44.768483220592074 ], [ 0.868787946130609, 44.770916267339665 ], [ 0.863915823663536, 44.772740414599696 ], [ 0.856116833528488, 44.776342247299013 ], [ 0.849011757122322, 44.779934917536345 ], [ 0.835936656810135, 44.787557192433425 ], [ 0.830487850502995, 44.791468108192831 ], [ 0.826726258064081, 44.794628227910529 ], [ 0.824239633216603, 44.797814712834416 ], [ 0.821531358349837, 44.802176577807593 ], [ 0.819751147847844, 44.806317257057906 ], [ 0.818792973201964, 44.810892043051162 ], [ 0.818850790802793, 44.814815105195322 ], [ 0.819490981797846, 44.819168996264906 ], [ 0.820416468095737, 44.821862539530514 ], [ 0.822069057018658, 44.825249758824306 ], [ 0.824090279227858, 44.828102243822002 ], [ 0.827104486226045, 44.831175187611855 ], [ 0.831511218442127, 44.834662873638138 ], [ 0.835440143780233, 44.836659531223688 ], [ 0.840018046448843, 44.838511914558119 ], [ 0.84432610176108, 44.840063587490846 ], [ 0.849445269333213, 44.841554052114276 ], [ 0.855431878392477, 44.842768045385164 ], [ 0.861336672319727, 44.843737724762612 ], [ 0.869689125124126, 44.84444276911065 ], [ 0.875829218862776, 44.844650133535133 ], [ 0.879588216055401, 44.844519890492151 ], [ 0.88278772155568, 44.844022312738232 ], [ 0.887055229106443, 44.842809997139568 ], [ 0.894136234398848, 44.839871111181623 ], [ 0.903532820016153, 44.835351607280991 ], [ 0.913947578113507, 44.830007856240506 ], [ 0.923936986013714, 44.824909600152104 ], [ 0.934209548306452, 44.819031440158653 ], [ 0.950926719762714, 44.809014507892115 ], [ 0.970326000619065, 44.796536619301349 ] ] ] ] } },
{ "type": "Feature", "properties": { "NOM": null, "TYPOLOGIE": null, "ID_CDCOMMU": 21, "SECTEUR": null, "ID_CC2007": null, "NUM_SECTEU": 8, "ID_CC2014": null, "NOM_SECTEU": "PLATEAU FORESTIER DE LA SOURCE DU DROPT" }, "geometry": { "type": "MultiPolygon", "coordinates": [ [ [ [ 0.941201340135857, 44.717685529723518 ], [ 0.941435533554922, 44.717400643287753 ], [ 0.941657112329301, 44.717115596639886 ], [ 0.9419304816064, 44.716777232985955 ], [ 0.942099591241481, 44.716572479856339 ], [ 0.94232093944868, 44.716296424557036 ], [ 0.942333775456566, 44.716287591651188 ], [ 0.942425194754767, 44.71616281321176 ], [ 0.942516165861094, 44.716056019861938 ], [ 0.942542285478431, 44.716020368846678 ], [ 0.942581017078188, 44.715984877471541 ], [ 0.94260668886556, 44.715967211600272 ], [ 0.942633703877799, 44.715895590248934 ], [ 0.942659599476816, 44.715868931787199 ], [ 0.942737286126267, 44.715788956367398 ], [ 0.943010418618476, 44.715459582809437 ], [ 0.943478989871502, 44.714880809768779 ], [ 0.943492049105069, 44.714862984157001 ], [ 0.944285739864793, 44.713892522638929 ], [ 0.94432513967619, 44.713830052961661 ], [ 0.944507290314675, 44.713607470700936 ], [ 0.944793683768211, 44.713251274746462 ], [ 0.944793907284849, 44.713242282173674 ], [ 0.944806742205096, 44.713233448991687 ], [ 0.944936655638793, 44.713082169083492 ], [ 0.945038663985623, 44.713038481175673 ], [ 0.946416319259287, 44.712426203828265 ], [ 0.947041187217226, 44.712155233397034 ], [ 0.947066632701124, 44.712146559089554 ], [ 0.94802339709558, 44.711717853745775 ], [ 0.948138011623166, 44.711674322016243 ], [ 0.948176290748988, 44.711656813888979 ], [ 0.948826809371304, 44.711368166285141 ], [ 0.948852254222445, 44.711359491568345 ], [ 0.948865088073484, 44.711350657920953 ], [ 0.94970676803889, 44.710983455726513 ], [ 0.950918379123133, 44.71044999089046 ], [ 0.951389205140062, 44.710285002526966 ], [ 0.951414649104178, 44.710276327222651 ], [ 0.951377484180488, 44.710248873592171 ], [ 0.951402705684179, 44.710249190865056 ], [ 0.951466426751724, 44.710223006298598 ], [ 0.951555369240985, 44.710197138933523 ], [ 0.951720865638596, 44.710136252816447 ], [ 0.951886139309417, 44.710084359027157 ], [ 0.951949637606812, 44.710067166757831 ], [ 0.952127521564127, 44.710015431179741 ], [ 0.953347923100668, 44.709634972152379 ], [ 0.953411642563523, 44.709608786468209 ], [ 0.953424253177276, 44.709608944872542 ], [ 0.954416093813156, 44.709288570603732 ], [ 0.954492422923425, 44.70926254258795 ], [ 0.954682912515073, 44.709210961183906 ], [ 0.954797294861149, 44.709176415153117 ], [ 0.954822737796015, 44.709167739066139 ], [ 0.954848180723013, 44.709159062973306 ], [ 0.954924509456821, 44.709133034659679 ], [ 0.955255044661484, 44.709029237270755 ], [ 0.955725402518377, 44.70888221563736 ], [ 0.955763455631611, 44.708873697473784 ], [ 0.955776287826634, 44.708864863031181 ], [ 0.955827173103429, 44.708847510401633 ], [ 0.95583978355297, 44.708847668529529 ], [ 0.956996639616127, 44.70848436378818 ], [ 0.957022081897366, 44.708475687196021 ], [ 0.958522056087234, 44.708008720819201 ], [ 0.958573161027326, 44.707982374348305 ], [ 0.959806084852962, 44.707602001953653 ], [ 0.960632375466505, 44.707342470200828 ], [ 0.960683257862016, 44.707325115340524 ], [ 0.960810463713147, 44.707281728087565 ], [ 0.960924396539524, 44.707265160889641 ], [ 0.961291856510893, 44.707197788434407 ], [ 0.961342517729991, 44.70718942585313 ], [ 0.961405789024828, 44.707181220739429 ], [ 0.961557772541064, 44.707156132768795 ], [ 0.961582992712525, 44.707156447711412 ], [ 0.961811078099569, 44.707114319019261 ], [ 0.961988281397216, 44.707089545340295 ], [ 0.962266806461168, 44.707048045388525 ], [ 0.962342908203852, 44.707031004544461 ], [ 0.962710364939902, 44.706963627366179 ], [ 0.962874957324431, 44.706938694921554 ], [ 0.962913008035116, 44.706930174296467 ], [ 0.963001498882398, 44.706922282900003 ], [ 0.963153480984392, 44.70689719273151 ], [ 0.963739274394398, 44.70667061932371 ], [ 0.964910847027932, 44.706217463233294 ], [ 0.9649617270809, 44.706200106406044 ], [ 0.964999997225756, 44.70618259247729 ], [ 0.965127197151259, 44.706139200263053 ], [ 0.965394646636398, 44.706034587258777 ], [ 0.965534896086773, 44.705973366437917 ], [ 0.965674704946463, 44.705930130612451 ], [ 0.9662224287173, 44.705712065674255 ], [ 0.966298747489525, 44.705686029521949 ], [ 0.966578802378294, 44.705581570593786 ], [ 0.966591632118559, 44.705572734904521 ], [ 0.966680780248381, 44.705537862798536 ], [ 0.96696105362151, 44.705424410319466 ], [ 0.967305033934666, 44.70528476346545 ], [ 0.967343302724388, 44.705267248729932 ], [ 0.968260867618007, 44.704882861479369 ], [ 0.969063616794908, 44.704551012714397 ], [ 0.969101664947732, 44.704542489961291 ], [ 0.969203638965886, 44.704498779851185 ], [ 0.969394977034759, 44.70441120277539 ], [ 0.969522389069072, 44.704358812933933 ], [ 0.969636971896068, 44.704315258986696 ], [ 0.969751774028106, 44.704262712333446 ], [ 0.969776992945525, 44.704263025400344 ], [ 0.970055059358407, 44.704239490990389 ], [ 0.970307687245206, 44.704224635528107 ], [ 0.970636191034529, 44.704201725525827 ], [ 0.970977303998944, 44.704178970939921 ], [ 0.971053179933702, 44.704170916691879 ], [ 0.972051298070486, 44.704102333355429 ], [ 0.972101735787155, 44.704102958431001 ], [ 0.972215439741293, 44.704095372174571 ], [ 0.972379581371397, 44.704088410749229 ], [ 0.972518723148373, 44.704072144053086 ], [ 0.972695474095433, 44.704065338374882 ], [ 0.972986147723539, 44.704041952768549 ], [ 0.973023975978057, 44.704042421256489 ], [ 0.973377696420714, 44.70401981540202 ], [ 0.974767356547065, 44.70392906871389 ], [ 0.975740247075443, 44.703860140048931 ], [ 0.975803294000764, 44.703860919279322 ], [ 0.975815903386039, 44.703861075121075 ], [ 0.976270496613609, 44.703839706665455 ], [ 0.976283324430274, 44.703830869854478 ], [ 0.976371590090752, 44.703831960332003 ], [ 0.9763841994711, 44.703832116108728 ], [ 0.976485292918886, 44.703824369671011 ], [ 0.976510511676873, 44.70382468119697 ], [ 0.976561167583983, 44.70381631163194 ], [ 0.976611605093841, 44.703816934643399 ], [ 0.976624214471482, 44.703817090392697 ], [ 0.97666204260482, 44.703817557631851 ], [ 0.97668704299063, 44.703826861717403 ], [ 0.976738135597227, 44.703800506871033 ], [ 0.976814883591873, 44.703756478257638 ], [ 0.976827492956497, 44.703756633983652 ], [ 0.977121437767404, 44.703598348477989 ], [ 0.977376898261093, 44.703466573018488 ], [ 0.977913470479666, 44.703185346350573 ], [ 0.978335028008151, 44.702965665388547 ], [ 0.978450691574337, 44.702877139305109 ], [ 0.978489391400408, 44.702841635517913 ], [ 0.978527873106244, 44.702815124317361 ], [ 0.97878463491248, 44.70262939004531 ], [ 0.97883572544448, 44.702603034240227 ], [ 0.979089869505143, 44.702525210461047 ], [ 0.979395538826527, 44.702403044836437 ], [ 0.979726860654375, 44.702263203960399 ], [ 0.97982904011918, 44.7022104914615 ], [ 0.980058398655054, 44.702114369496719 ], [ 0.980071225481211, 44.702105532251487 ], [ 0.980351672429665, 44.701983053286156 ], [ 0.980683207119386, 44.701834216960826 ], [ 0.980848647261824, 44.701773287327867 ], [ 0.980963433700415, 44.701720729052582 ], [ 0.981167788141219, 44.701615301693018 ], [ 0.9813464888399, 44.70152754874649 ], [ 0.981587798115621, 44.701458556633774 ], [ 0.982006935712043, 44.701337780386787 ], [ 0.982337157473743, 44.701242894728381 ], [ 0.982502594078513, 44.701181962627871 ], [ 0.982795639884111, 44.701059632566746 ], [ 0.982859335874139, 44.701033429955579 ], [ 0.983265641512335, 44.700921486508285 ], [ 0.983443684894728, 44.700860707991012 ], [ 0.983774770313489, 44.70072984763906 ], [ 0.984194983539358, 44.700564100101438 ], [ 0.98440063042998, 44.700404711190941 ], [ 0.984593667555389, 44.700245167072254 ], [ 0.98470931564734, 44.700156634525186 ], [ 0.984862572003919, 44.700077558884516 ], [ 0.984952134119481, 44.700024686879232 ], [ 0.985016912772621, 44.699953519875486 ], [ 0.985080823222247, 44.699918323241363 ], [ 0.985170384488561, 44.699865450836427 ], [ 0.985335596605986, 44.699813506898174 ], [ 0.985628194477944, 44.699709154133124 ], [ 0.985911218135348, 44.699478748954888 ], [ 0.986129896931747, 44.699301525621166 ], [ 0.986297057210568, 44.699168646505967 ], [ 0.986515733573882, 44.698991422431519 ], [ 0.986720716887657, 44.698859006536779 ], [ 0.986898749524955, 44.698798222233386 ], [ 0.987013957075453, 44.698727672223683 ], [ 0.987066339716396, 44.698647356705585 ], [ 0.987119588652875, 44.698531070613448 ], [ 0.987326518050489, 44.698317719884223 ], [ 0.987792536428804, 44.697819694125371 ], [ 0.988104004387658, 44.697454702923224 ], [ 0.988156600713608, 44.697365394297975 ], [ 0.988158981551791, 44.697266475312333 ], [ 0.988125053747243, 44.697104144598981 ], [ 0.988113311630884, 44.697068019629377 ], [ 0.988152433948226, 44.69701452712151 ], [ 0.988382838256586, 44.696873424476827 ], [ 0.989022315401901, 44.696503452198549 ], [ 0.989124691519435, 44.696441738358125 ], [ 0.9893318217984, 44.696219391432948 ], [ 0.989409630375149, 44.696130390845973 ], [ 0.989564165743222, 44.695997352679797 ], [ 0.989602853521084, 44.695961844947576 ], [ 0.989654797471764, 44.69589951356383 ], [ 0.989745212704528, 44.695810667009795 ], [ 0.98978346789309, 44.695793144481009 ], [ 0.989924961561841, 44.695677936848647 ], [ 0.990027767440225, 44.695598236929186 ], [ 0.990182299870168, 44.695465197928314 ], [ 0.990298360776912, 44.695358674067236 ], [ 0.990556560382913, 44.695109963782315 ], [ 0.990582423425666, 44.695083294195946 ], [ 0.990621325961239, 44.695038793490298 ], [ 0.990815189701502, 44.694843267659969 ], [ 0.991008404172741, 44.694674719395508 ], [ 0.991317674459242, 44.69439964591691 ], [ 0.991446770072992, 44.694275289706511 ], [ 0.991616493185618, 44.694034491285315 ], [ 0.991655394170314, 44.693989990235792 ], [ 0.991759273725786, 44.693865325622241 ], [ 0.991940953925607, 44.693651658643667 ], [ 0.992018754785235, 44.693562656318143 ], [ 0.992096986981852, 44.693455668687093 ], [ 0.992109809862226, 44.693446830037402 ], [ 0.992266273284661, 44.693232854606919 ], [ 0.99249902464667, 44.692992824715802 ], [ 0.992706775836867, 44.692743493920133 ], [ 0.992811297760444, 44.692591850510951 ], [ 0.992981009899883, 44.692351050172078 ], [ 0.993045337933651, 44.692297863792618 ], [ 0.993058376032281, 44.69228003241308 ], [ 0.993096843398033, 44.692253516138138 ], [ 0.99312270391094, 44.692226845990156 ], [ 0.99329155122611, 44.692022015705525 ], [ 0.993369778837293, 44.69191502724572 ], [ 0.993383032322947, 44.691888203207611 ], [ 0.993396716950281, 44.691843393922113 ], [ 0.993410401555709, 44.691798584635812 ], [ 0.993425164000263, 44.691708812235483 ], [ 0.993439710828119, 44.691628032459079 ], [ 0.993441004243185, 44.691574076726212 ], [ 0.993469451049841, 44.691439495044598 ], [ 0.993489602312481, 44.691124907132163 ], [ 0.993508028906535, 44.690882260214465 ], [ 0.993555979199146, 44.690460068584564 ], [ 0.993559859019703, 44.690298201471414 ], [ 0.993560936743652, 44.690253238386482 ], [ 0.993548545917147, 44.690244091958505 ], [ 0.993526781976245, 44.690099902468049 ], [ 0.993504802594958, 44.689964705598349 ], [ 0.99342518105279, 44.689603924256843 ], [ 0.993413005958015, 44.689585785202354 ], [ 0.993389086931152, 44.689531521862442 ], [ 0.993365167950657, 44.689477258518707 ], [ 0.993100337318867, 44.688952302366978 ], [ 0.992991195233478, 44.688771065338869 ], [ 0.992658165489744, 44.688461161486245 ], [ 0.991915618911283, 44.687876397341952 ], [ 0.991247642519904, 44.687337515824375 ], [ 0.991024194799743, 44.687190860645416 ], [ 0.990849443080492, 44.687116762305195 ], [ 0.99038670644816, 44.686958184700551 ], [ 0.990198702478571, 44.68691090895274 ], [ 0.990112191886439, 44.686837888781639 ], [ 0.990100018466536, 44.686819749383709 ], [ 0.990088061143651, 44.686792617388541 ], [ 0.990076319923231, 44.686756492796547 ], [ 0.990076968195446, 44.686729515009148 ], [ 0.990090222031137, 44.686702691430149 ], [ 0.990141940768821, 44.686649352674074 ], [ 0.990130415625281, 44.686604235494826 ], [ 0.990130631706813, 44.686595242899493 ], [ 0.990045202165893, 44.686477259711644 ], [ 0.989972594577487, 44.686350438091409 ], [ 0.989973242894978, 44.686323460309573 ], [ 0.989888462457083, 44.686178499234693 ], [ 0.989878450456247, 44.686070433888965 ], [ 0.989855833097249, 44.685962214314273 ], [ 0.989871248063333, 44.685845464852115 ], [ 0.989926640107468, 44.685639252167427 ], [ 0.989954660135023, 44.685522656935987 ], [ 0.989968345950245, 44.685477848205494 ], [ 0.990049379935573, 44.68525395875394 ], [ 0.99010260993819, 44.685137671926327 ], [ 0.990196680184725, 44.684895951429496 ], [ 0.990225131396544, 44.684761370992753 ], [ 0.990254446687618, 44.684590820207184 ], [ 0.990309836079104, 44.684384607447598 ], [ 0.990310484211326, 44.684357629687938 ], [ 0.990311132342924, 44.684330651928533 ], [ 0.990341959413563, 44.684097153054132 ], [ 0.99035521249916, 44.684070329475368 ], [ 0.990368681605469, 44.684034513310039 ], [ 0.990382150694546, 44.683998697143664 ], [ 0.990450575978409, 44.683774653373298 ], [ 0.990586128928988, 44.683380521271332 ], [ 0.990735580522826, 44.682932587717843 ], [ 0.99084160113822, 44.68271799878751 ], [ 0.990938255359691, 44.682368366968404 ], [ 0.991007971966372, 44.682090367546927 ], [ 0.991029861041012, 44.681703840801354 ], [ 0.991018255121802, 44.681137000320398 ], [ 0.991037120965834, 44.680876369768569 ], [ 0.99102905092846, 44.680687371630491 ], [ 0.991073988503372, 44.680391079034813 ], [ 0.991069372908292, 44.680058199810375 ], [ 0.991026729469147, 44.679733850912264 ], [ 0.991058414645196, 44.679464382054611 ], [ 0.991102055702287, 44.679222045013773 ], [ 0.991116386742963, 44.679150258568953 ], [ 0.991121136403925, 44.678952422109141 ], [ 0.991075255021461, 44.678762961866816 ], [ 0.990664945437929, 44.678524069314243 ], [ 0.990453490110493, 44.678404545392048 ], [ 0.990458674043086, 44.678188723904832 ], [ 0.990460186015896, 44.678125775975005 ], [ 0.99047754149818, 44.677928093799032 ], [ 0.990462486071239, 44.677505135170328 ], [ 0.99044332697519, 44.677253035210171 ], [ 0.990486321008543, 44.677037676327863 ], [ 0.990671838691682, 44.676662147076897 ], [ 0.990539249705872, 44.676408659909931 ], [ 0.990419265111155, 44.676155326782492 ], [ 0.990310588667581, 44.675956103047525 ], [ 0.990152796812504, 44.675702307130976 ], [ 0.99001805188341, 44.675538744946216 ], [ 0.989833327859104, 44.675356580578203 ], [ 0.989635353717982, 44.675201239300307 ], [ 0.989411310188992, 44.675081559298455 ], [ 0.989311783632021, 44.675026369698713 ], [ 0.989137072139345, 44.674952269050159 ], [ 0.988812856305528, 44.67480437563767 ], [ 0.988727231267382, 44.674695384604185 ], [ 0.988678982524568, 44.67460484170693 ], [ 0.988679631329209, 44.674577864077108 ], [ 0.988647445941915, 44.674343594856865 ], [ 0.988568310470009, 44.673964827486685 ], [ 0.988650847278889, 44.673677992463752 ], [ 0.988679080241792, 44.673552405653865 ], [ 0.988679512770124, 44.673534420575933 ], [ 0.9886801615621, 44.673507442959306 ], [ 0.988647327982977, 44.673300151467465 ], [ 0.988635590520698, 44.673264026943812 ], [ 0.988588424545895, 44.673128521379773 ], [ 0.988516486428096, 44.672974721960692 ], [ 0.98848278859625, 44.672803400612445 ], [ 0.988483437474522, 44.672776423005985 ], [ 0.988483653767141, 44.672767430470536 ], [ 0.988459746699907, 44.672713166475496 ], [ 0.988389539924187, 44.67248742672799 ], [ 0.988341942571336, 44.672369906173515 ], [ 0.988354977527895, 44.672352075512485 ], [ 0.988394947567834, 44.672262613388064 ], [ 0.988409063995251, 44.67219982005664 ], [ 0.988422098890848, 44.672181989389053 ], [ 0.988552879947333, 44.671985697571415 ], [ 0.988553528782361, 44.671958719974668 ], [ 0.988592416866119, 44.671914220454433 ], [ 0.988645637214292, 44.671797935039159 ], [ 0.988723629200285, 44.671699943395765 ], [ 0.988736880127103, 44.671673120163639 ], [ 0.988828555098178, 44.671530320157743 ], [ 0.989010606425238, 44.671298675126671 ], [ 0.989037107801384, 44.671245028602009 ], [ 0.989065554864257, 44.671110449303491 ], [ 0.989045539463972, 44.67089431995214 ], [ 0.989050511933418, 44.670687491800145 ], [ 0.989051376706962, 44.670651521688754 ], [ 0.989015949050433, 44.670552140903759 ], [ 0.988837299076569, 44.670118184550859 ], [ 0.988558270573823, 44.66966500794102 ], [ 0.988250149648224, 44.669373387259206 ], [ 0.987754090035294, 44.669034486216148 ], [ 0.987642623528472, 44.668952163231125 ], [ 0.987198709124132, 44.668541937553151 ], [ 0.986631386340842, 44.668022254062251 ], [ 0.986308733601696, 44.667811406165498 ], [ 0.986012152476743, 44.667564896655968 ], [ 0.985962614204523, 44.667528307917152 ], [ 0.985876355765345, 44.667446292555404 ], [ 0.985802265374065, 44.667382416842457 ], [ 0.985591729432875, 44.667226914164715 ], [ 0.985467668552638, 44.66714443432479 ], [ 0.985068334554769, 44.666977616968708 ], [ 0.984683339045906, 44.66673901297731 ], [ 0.984462159839139, 44.666502420840018 ], [ 0.984364388841052, 44.666375286975516 ], [ 0.984044791841323, 44.666038537607307 ], [ 0.983900959167714, 44.665730933796361 ], [ 0.983717155507089, 44.665512790001635 ], [ 0.983618736792163, 44.665412633019798 ], [ 0.983544651665881, 44.665348755847567 ], [ 0.983351289176353, 44.665004561609685 ], [ 0.983231795733325, 44.664733236990806 ], [ 0.983202678308722, 44.664373072366423 ], [ 0.983178337690552, 44.663815073048163 ], [ 0.98315291199882, 44.663302036296756 ], [ 0.9831383500381, 44.662861094533575 ], [ 0.983133348824384, 44.662546202614536 ], [ 0.98313356593643, 44.662537210131823 ], [ 0.983120965830086, 44.662537055129171 ], [ 0.983098588146716, 44.662419842849026 ], [ 0.983008209830334, 44.661986963666493 ], [ 0.983008644090197, 44.661968978706341 ], [ 0.982940861288881, 44.661644319330399 ], [ 0.982895238899258, 44.661445864705435 ], [ 0.982817463488508, 44.661013140589034 ], [ 0.982771842050157, 44.660814685970685 ], [ 0.982749465785428, 44.660697473712617 ], [ 0.982739472111727, 44.660589408977764 ], [ 0.982717530346311, 44.66045421177882 ], [ 0.982684074958511, 44.660273897168828 ], [ 0.982693630608384, 44.659878228419416 ], [ 0.982683420015004, 44.659779156190638 ], [ 0.982684940228364, 44.659716208899241 ], [ 0.982658217863416, 44.659257127811379 ], [ 0.982642792142576, 44.658852156670633 ], [ 0.982483345601232, 44.658670291482046 ], [ 0.982434469127526, 44.658606723910232 ], [ 0.982263076489669, 44.65839772594839 ], [ 0.982225930696502, 44.658370283246974 ], [ 0.982213548773534, 44.658361135677183 ], [ 0.982053453217976, 44.658206247295645 ], [ 0.981702416228011, 44.658129963528793 ], [ 0.981389177473232, 44.65805414425585 ], [ 0.981301853377784, 44.658017087970073 ], [ 0.981141978740085, 44.657853205828211 ], [ 0.981020119500486, 44.657680796745204 ], [ 0.980936927698949, 44.657472883477219 ], [ 0.980866552884637, 44.657256132971817 ], [ 0.980838324388059, 44.656859999144856 ], [ 0.980840498969127, 44.656770074600892 ], [ 0.980828117626114, 44.656760926882015 ], [ 0.980842456086117, 44.65668914251448 ], [ 0.981028623303614, 44.656286655662761 ], [ 0.9810683761614, 44.656206189311263 ], [ 0.981056429747543, 44.656179056715963 ], [ 0.981002785860582, 44.655791605097747 ], [ 0.980996275288038, 44.655539661254068 ], [ 0.981010178369016, 44.655485861803569 ], [ 0.981158545109454, 44.65508290921683 ], [ 0.981186133310983, 44.654984302744666 ], [ 0.981174404497778, 44.654948177730191 ], [ 0.981175926275634, 44.654885230600129 ], [ 0.981103597121008, 44.654749412522229 ], [ 0.980981527324601, 44.654585996089288 ], [ 0.980909199027651, 44.654450177902461 ], [ 0.980740434365327, 44.654133268648259 ], [ 0.98066854218661, 44.65397946544693 ], [ 0.980586879594209, 44.653708605181428 ], [ 0.980567120610969, 44.653483483581603 ], [ 0.980574297705881, 44.653186733082194 ], [ 0.980575167651612, 44.653150763327439 ], [ 0.980605148220503, 44.652953240271124 ], [ 0.980664673784765, 44.652576179061057 ], [ 0.980665978601669, 44.652522224443352 ], [ 0.980695523586444, 44.652342686290879 ], [ 0.980700307773907, 44.652144852719218 ], [ 0.980700742698365, 44.652126867849965 ], [ 0.98073006990645, 44.651956322155023 ], [ 0.980786766769648, 44.651696162677318 ], [ 0.980817398136954, 44.651471662400404 ], [ 0.980823269015506, 44.651228866747601 ], [ 0.980918192050187, 44.650951188220503 ], [ 0.980999864486175, 44.650700331690373 ], [ 0.981016157826265, 44.650547615643184 ], [ 0.981031581468208, 44.650430869316757 ], [ 0.981051787818832, 44.650116289594045 ], [ 0.981069385215019, 44.649909619023617 ], [ 0.981071124367796, 44.649837679616354 ], [ 0.981067657687068, 44.649459842530284 ], [ 0.981068092472743, 44.649441857682007 ], [ 0.981057017079162, 44.649378755476128 ], [ 0.981032909787723, 44.649333482877303 ], [ 0.980985782347767, 44.649197975551537 ], [ 0.980806827802529, 44.648781995287784 ], [ 0.980777299385236, 44.648439817517307 ], [ 0.980696296683874, 44.648141980774611 ], [ 0.98063831387825, 44.647934378756815 ], [ 0.980605307578972, 44.647736079728169 ], [ 0.98059510289109, 44.647637007862905 ], [ 0.980600321951271, 44.647421189898658 ], [ 0.980600756871136, 44.647403205069246 ], [ 0.980601409250412, 44.647376227825461 ], [ 0.980605106054438, 44.647223356783584 ], [ 0.980608150466131, 44.647097462992441 ], [ 0.980596858594942, 44.647043353222138 ], [ 0.980585131824037, 44.647007228277893 ], [ 0.980501087591055, 44.646835285357689 ], [ 0.980454615980476, 44.646672800727423 ], [ 0.980407274689638, 44.646546285732285 ], [ 0.980384691579241, 44.646438066178462 ], [ 0.98038534405131, 44.646411088948049 ], [ 0.980339308122925, 44.646230619482452 ], [ 0.980317160271854, 44.646104415113157 ], [ 0.980397323797902, 44.645394791533278 ], [ 0.980398193736204, 44.6453588219102 ], [ 0.980399063673388, 44.645322852287705 ], [ 0.980373436242058, 44.64534052646821 ], [ 0.980309367592995, 44.645384711893954 ], [ 0.980181229991705, 44.645473082636343 ], [ 0.9801173785696, 44.645508275547208 ], [ 0.980091968498831, 44.645516957257897 ], [ 0.980079154692358, 44.645525794313919 ], [ 0.980002706866159, 44.645560831807941 ], [ 0.979862842364988, 44.645613077203031 ], [ 0.979607652370001, 44.645744855492637 ], [ 0.979340517794165, 44.645849500547413 ], [ 0.979315107448263, 44.645858182080211 ], [ 0.979314889788018, 44.645867174485865 ], [ 0.979122679226523, 44.645999728838873 ], [ 0.979006481610643, 44.646115230917744 ], [ 0.978877251624436, 44.646248562205834 ], [ 0.978800584315962, 44.646292591283697 ], [ 0.97863378179074, 44.646416463393244 ], [ 0.978531267739986, 44.646487158472894 ], [ 0.978428535625296, 44.646566845866424 ], [ 0.978390092686276, 44.646593356462397 ], [ 0.978172684372002, 44.646725598111523 ], [ 0.978160087835374, 44.646725442542191 ], [ 0.978147491298818, 44.646725286971353 ], [ 0.977028362100621, 44.64663050375583 ], [ 0.977015547556257, 44.646639340459942 ], [ 0.976713449319988, 44.64662661081622 ], [ 0.976663063279149, 44.646625987862251 ], [ 0.976612677239431, 44.646625364885296 ], [ 0.976187668424127, 44.646485182613688 ], [ 0.97569989775693, 44.64633522707004 ], [ 0.975524420657432, 44.646297075406729 ], [ 0.975512042496831, 44.646287927134395 ], [ 0.975486849635252, 44.646287615385468 ], [ 0.975273583565309, 44.646248995688971 ], [ 0.974772565843963, 44.64612585734838 ], [ 0.97432193577867, 44.64600334078299 ], [ 0.974120830959544, 44.645982859659703 ], [ 0.974095638242889, 44.645982547592453 ], [ 0.974095419744427, 44.645991539988344 ], [ 0.974095201245897, 44.646000532384321 ], [ 0.973786332127139, 44.646266559004182 ], [ 0.972335118763411, 44.646356510095494 ], [ 0.971958757572129, 44.646288875599943 ], [ 0.971834106539514, 44.646233358376577 ], [ 0.971809132589366, 44.646224053393617 ], [ 0.971522698950583, 44.646085572315712 ], [ 0.971422803670143, 44.646048352070139 ], [ 0.971073171233828, 44.645918080501815 ], [ 0.970660996996819, 44.645769040932116 ], [ 0.970661435094385, 44.645751056155738 ], [ 0.970238419847662, 44.645529919487899 ], [ 0.969906211324136, 44.645201968240229 ], [ 0.96954925294454, 44.64485571816796 ], [ 0.969130415358682, 44.644463722096901 ], [ 0.969056374451309, 44.644399835796527 ], [ 0.969018805793594, 44.644390373576258 ], [ 0.968631401425922, 44.644259624499377 ], [ 0.968594052308643, 44.64424116975696 ], [ 0.968409062322851, 44.644076956842483 ], [ 0.968359995136746, 44.644022375829948 ], [ 0.968187821861801, 44.64384932687517 ], [ 0.967584318234177, 44.643796841223818 ], [ 0.96721969743224, 44.643765316881314 ], [ 0.967081582421124, 44.643745607010928 ], [ 0.96696843953571, 44.643735203043342 ], [ 0.966955843702642, 44.643735046192283 ], [ 0.966930652036715, 44.643734732485747 ], [ 0.966716522887736, 44.64373206574782 ], [ 0.966590564574333, 44.643730496883876 ], [ 0.966552557381427, 44.643739018568155 ], [ 0.96648935850789, 44.643747226431856 ], [ 0.966185300427013, 44.643815399260696 ], [ 0.965868865553442, 44.643874421905693 ], [ 0.965439726791716, 44.64390505336273 ], [ 0.965187589545761, 44.643910904938558 ], [ 0.965010807509308, 44.643926690778109 ], [ 0.965547245744648, 44.643114824067155 ], [ 0.965324419774501, 44.642437413180552 ], [ 0.965148082266932, 44.642435214501994 ], [ 0.965022346853617, 44.642424651481299 ], [ 0.964986319826862, 44.642352241353571 ], [ 0.964795350458683, 44.641918094591709 ], [ 0.963667753807571, 44.642173877845238 ], [ 0.963135660614783, 44.64229316602048 ], [ 0.963071802111777, 44.642328348993189 ], [ 0.96295690065869, 44.642389879780453 ], [ 0.962880446406099, 44.642424905333748 ], [ 0.962842219243959, 44.642442418090724 ], [ 0.962676274175067, 44.642530296364306 ], [ 0.962663458305188, 44.642539131381028 ], [ 0.962650862753079, 44.642538974037464 ], [ 0.962435416239982, 44.642590253127366 ], [ 0.962359402125774, 44.642607293604833 ], [ 0.962220189723833, 44.642632539438601 ], [ 0.96219477818484, 44.64264121700689 ], [ 0.961649833284945, 44.642256611199159 ], [ 0.961513487977503, 44.64216495551392 ], [ 0.961228644373703, 44.641963501435107 ], [ 0.961203232984581, 44.641972178771809 ], [ 0.961012537023922, 44.642041754788089 ], [ 0.96093608203095, 44.642076778985498 ], [ 0.960898075099948, 44.642085298711073 ], [ 0.960732789924143, 44.642146196979482 ], [ 0.959864377478692, 44.642621066355659 ], [ 0.95971102279242, 44.64270909782956 ], [ 0.959506843564451, 44.642814482996528 ], [ 0.959391937199661, 44.642876010077281 ], [ 0.959315259196734, 44.642920025516737 ], [ 0.959143564132473, 44.643241699704909 ], [ 0.959130968432327, 44.643241541958609 ], [ 0.958742048425969, 44.643173704631877 ], [ 0.958409698563609, 44.643367433340281 ], [ 0.958396881829499, 44.643376267863822 ], [ 0.958000666429702, 44.643605175601088 ], [ 0.958000445357371, 44.643614167955157 ], [ 0.95789813149262, 44.643675851375633 ], [ 0.957885756789402, 44.643666701132744 ], [ 0.957873382090224, 44.643657550888548 ], [ 0.957451538926062, 44.643391403540299 ], [ 0.957439164358599, 44.643382253248447 ], [ 0.957209565705747, 44.643496310656658 ], [ 0.956890025676634, 44.643681200420502 ], [ 0.956774008312299, 44.643787686556301 ], [ 0.956501971526687, 44.644090107869189 ], [ 0.956372913999324, 44.644214420261129 ], [ 0.956270154541329, 44.644294086893325 ], [ 0.956026625464804, 44.644461937932363 ], [ 0.955886298526127, 44.644532137548367 ], [ 0.955542220593249, 44.644689730187729 ], [ 0.955337361793195, 44.644822084782618 ], [ 0.955209407623695, 44.644901434082342 ], [ 0.955018472694224, 44.644979992166157 ], [ 0.954878586353077, 44.645032205806736 ], [ 0.954598148015292, 44.645163609619615 ], [ 0.954293181087902, 44.645267719066943 ], [ 0.953720810627952, 44.645485402900817 ], [ 0.953338932079087, 44.645642513620253 ], [ 0.953110425145415, 44.645711600833046 ], [ 0.95290755395161, 44.645763019789406 ], [ 0.952172309265374, 44.645942666119097 ], [ 0.951994628971509, 44.645994400482678 ], [ 0.951842585110204, 44.646028467022163 ], [ 0.951804574115989, 44.646036983624271 ], [ 0.951677944750747, 44.646062374753029 ], [ 0.951513526315332, 44.646087289886808 ], [ 0.951247670649861, 44.646137912682306 ], [ 0.950981814503977, 44.646188534837044 ], [ 0.950728554227962, 44.646239315060264 ], [ 0.950576286657784, 44.646282372205626 ], [ 0.950449656181303, 44.646307761924611 ], [ 0.950042570056519, 44.646464543787836 ], [ 0.949851177772041, 44.646561077668963 ], [ 0.949520779086965, 44.646673848695329 ], [ 0.949330497570318, 44.646725419929929 ], [ 0.949051150353323, 44.646811847967477 ], [ 0.948872796770463, 44.646890554363587 ], [ 0.948413534899737, 44.647118633353131 ], [ 0.948222360230002, 44.647206172082633 ], [ 0.948184347886503, 44.647214687439686 ], [ 0.947777471561025, 44.647362468644772 ], [ 0.947764652236549, 44.647371301947089 ], [ 0.947611933802614, 44.647432339714719 ], [ 0.947510269842672, 44.647467036543659 ], [ 0.94735821925848, 44.647501096914063 ], [ 0.947142516840205, 44.647561338545344 ], [ 0.94656017358305, 44.647670918074624 ], [ 0.946281932226349, 44.647712377382881 ], [ 0.946154850591989, 44.647755746875141 ], [ 0.94581250985541, 44.647841370560208 ], [ 0.945660234153341, 44.647884420939221 ], [ 0.945368725005543, 44.647952695696851 ], [ 0.94502749772447, 44.64799335521333 ], [ 0.944534885862251, 44.64804109311595 ], [ 0.944206254183722, 44.648081909505521 ], [ 0.944193657437695, 44.648081750049975 ], [ 0.943929125787687, 44.648078401150329 ], [ 0.943891335554554, 44.64807792268423 ], [ 0.943564490448882, 44.648046798403485 ], [ 0.943413553049103, 44.648035891617333 ], [ 0.94326283916335, 44.648015992281358 ], [ 0.94325024243483, 44.648015832717853 ], [ 0.943200078986763, 44.648006202106728 ], [ 0.942974008431828, 44.647976352587627 ], [ 0.942521868044675, 44.647916652157903 ], [ 0.942359452496229, 44.647860622574981 ], [ 0.9420955929259, 44.647830292249274 ], [ 0.941755929890933, 44.647807995245728 ], [ 0.941566532283339, 44.647823583733398 ], [ 0.941427521304616, 44.647839810997851 ], [ 0.94119921450941, 44.647899881221875 ], [ 0.941122739138322, 44.647934891755391 ], [ 0.940892193272497, 44.648084884732135 ], [ 0.940508022052431, 44.648331874531209 ], [ 0.940162757759123, 44.648534381083266 ], [ 0.940073236091588, 44.648587215657955 ], [ 0.939869670515488, 44.648665587677137 ], [ 0.939462761723088, 44.648813338256517 ], [ 0.939272463683067, 44.648864892160255 ], [ 0.939196209902147, 44.648890909033007 ], [ 0.9390421331732, 44.649005888989592 ], [ 0.938888279973604, 44.649111876398145 ], [ 0.939081268772867, 44.648952415089433 ], [ 0.939158867396322, 44.64887244426582 ], [ 0.939210599688884, 44.648819130354696 ], [ 0.939147166963889, 44.648836314880427 ], [ 0.939109152135261, 44.648844827110842 ], [ 0.939020525536712, 44.648861691484875 ], [ 0.939046391756162, 44.648835034564797 ], [ 0.939072482081962, 44.648799385301267 ], [ 0.939085751361142, 44.648772568329768 ], [ 0.939111393383934, 44.648754903733064 ], [ 0.939163349729091, 44.648692597509687 ], [ 0.939189215802513, 44.648665940558161 ], [ 0.939253992928875, 44.64859480198561 ], [ 0.939422233428941, 44.648417035399177 ], [ 0.939435054307951, 44.648408203063852 ], [ 0.939500503005291, 44.648310087345529 ], [ 0.939539861735147, 44.648247620963481 ], [ 0.939553130659923, 44.648220803942586 ], [ 0.939580116565211, 44.64814918522486 ], [ 0.939606430274484, 44.648104543510399 ], [ 0.939620371253819, 44.648050749476056 ], [ 0.93967479072104, 44.647889527344503 ], [ 0.939688507553033, 44.647844725641875 ], [ 0.939715493104112, 44.647773106903529 ], [ 0.939792865177962, 44.64770212801151 ], [ 0.939908922921154, 44.647595659575956 ], [ 0.940309271129954, 44.64720495451261 ], [ 0.940476832412771, 44.647054163428692 ], [ 0.940747626962665, 44.646805735290158 ], [ 0.940799355835049, 44.646752420684031 ], [ 0.940876948959034, 44.646672448731792 ], [ 0.940877172791796, 44.646663456399359 ], [ 0.940981749006409, 44.646511865389144 ], [ 0.941073280704992, 44.646378099141081 ], [ 0.941073504505066, 44.646369106809495 ], [ 0.94111241253047, 44.646324624584643 ], [ 0.941138276583303, 44.646297967204774 ], [ 0.941177408290778, 44.646244492627261 ], [ 0.941228688687154, 44.646209162495609 ], [ 0.941318876744728, 44.64612935004692 ], [ 0.941434480848611, 44.646040864742993 ], [ 0.941460120880641, 44.646023199621872 ], [ 0.941562904566901, 44.645943546748455 ], [ 0.941640048066598, 44.645881558949689 ], [ 0.941717191395595, 44.645819571098613 ], [ 0.941896893612601, 44.645686922350201 ], [ 0.941960992892928, 44.645642759274672 ], [ 0.942025092072206, 44.645598596162706 ], [ 0.942038135538034, 44.645580771205687 ], [ 0.942141364841259, 44.645483133149021 ], [ 0.94218094225932, 44.64541167357573 ], [ 0.942247500684573, 44.645268594715496 ], [ 0.942247724291753, 44.645259602386204 ], [ 0.942329337968033, 44.645017767550968 ], [ 0.942370927092696, 44.64486537697303 ], [ 0.942426453432343, 44.644659192085832 ], [ 0.942427571311756, 44.644614230450607 ], [ 0.942455893230851, 44.644488657189463 ], [ 0.94251164244535, 44.644273479969939 ], [ 0.942525132565126, 44.6442376703151 ], [ 0.942551218536669, 44.644202020303915 ], [ 0.942694243725823, 44.644023929792446 ], [ 0.942824001688968, 44.643872656471856 ], [ 0.942849863795577, 44.643845998720501 ], [ 0.942875502376938, 44.643828333287964 ], [ 0.943044387492827, 44.643623584592142 ], [ 0.943160877516356, 44.643499128285001 ], [ 0.94319978189158, 44.643454645382285 ], [ 0.943226090512076, 44.643410002900787 ], [ 0.943239356526863, 44.64338318549629 ], [ 0.943280941963093, 44.643230794691036 ], [ 0.943269463485653, 44.643185673516058 ], [ 0.943269686920502, 44.643176681193417 ], [ 0.943197911665801, 44.643022854320606 ], [ 0.943186433297823, 44.642977733141379 ], [ 0.94320260401004, 44.642834015570202 ], [ 0.943205732221957, 44.642708123079061 ], [ 0.943206179108226, 44.642690138438084 ], [ 0.943207296322643, 44.642645176836226 ], [ 0.943223690324857, 44.642492466964626 ], [ 0.943225477838273, 44.642420528408515 ], [ 0.943216233973413, 44.642285484055158 ], [ 0.943204979183192, 44.642231370574812 ], [ 0.943205649507144, 44.642204393619359 ], [ 0.94320609638942, 44.642186408982624 ], [ 0.943206766712296, 44.642159432027746 ], [ 0.943220479317321, 44.642114630005032 ], [ 0.943250138795126, 44.641935102781659 ], [ 0.943250362228086, 44.641926110464297 ], [ 0.943304541878225, 44.641773879316972 ], [ 0.943304765301811, 44.641764887000143 ], [ 0.943356710502187, 44.641702579001844 ], [ 0.943370199462888, 44.641666769286502 ], [ 0.943474312816109, 44.64153316089498 ], [ 0.943500173533485, 44.641506503020111 ], [ 0.943500396924606, 44.641497510704021 ], [ 0.943553011806737, 44.641408225673715 ], [ 0.943619561972662, 44.641265146251897 ], [ 0.943619785343662, 44.641256153936581 ], [ 0.943633050660066, 44.641229336511707 ], [ 0.943737832627841, 44.641068750954631 ], [ 0.94385543245908, 44.64089933249101 ], [ 0.943868697578224, 44.640872515042219 ], [ 0.943896791051768, 44.64075593394373 ], [ 0.943924214449464, 44.640666329784523 ], [ 0.94395074449889, 44.640612694874925 ], [ 0.943977274497526, 44.640559059960268 ], [ 0.943990539477799, 44.640532242501052 ], [ 0.944003581138998, 44.640514417353472 ], [ 0.944081607638471, 44.640416458751332 ], [ 0.944031227549331, 44.640415820865179 ], [ 0.943943062396094, 44.640414704508991 ], [ 0.943615368489402, 44.640419549736585 ], [ 0.943250112887497, 44.640414922992775 ], [ 0.942947162008389, 44.640438069978259 ], [ 0.942644657927569, 44.640443231510453 ], [ 0.942328888041689, 44.640475209470992 ], [ 0.942202490548283, 44.640491597325436 ], [ 0.942052021004413, 44.640462704091448 ], [ 0.941776496072135, 44.640396244167363 ], [ 0.941538756780562, 44.640330262840912 ], [ 0.941175068249529, 44.640262683063291 ], [ 0.940686102478499, 44.640166526671926 ], [ 0.940460288766528, 44.640127679793522 ], [ 0.940159129663759, 44.640078880670572 ], [ 0.939995619457999, 44.640067809319675 ], [ 0.939882489035239, 44.640057377533623 ], [ 0.939606968669483, 44.639990912191941 ], [ 0.939343819803824, 44.639933598475167 ], [ 0.939218543019661, 44.639905021394142 ], [ 0.939067852493833, 44.639885116389706 ], [ 0.938892196431751, 44.639855898757425 ], [ 0.938692247428073, 44.639790391480616 ], [ 0.938492298891915, 44.63972488384259 ], [ 0.938292575042791, 44.639650383545607 ], [ 0.937980619726311, 44.639529479962967 ], [ 0.93754383967721, 44.639362011932533 ], [ 0.937131802886949, 44.639212847299234 ], [ 0.936582349081976, 44.639016956169058 ], [ 0.936132308870738, 44.638876299123332 ], [ 0.935895705678708, 44.638765344207791 ], [ 0.935434422661259, 44.638570570188797 ], [ 0.934987085857427, 44.638322001050881 ], [ 0.934575513141221, 44.638154842351703 ], [ 0.934251429435521, 44.638015783161499 ], [ 0.93405239199614, 44.637914298383691 ], [ 0.933778463640753, 44.637784872550149 ], [ 0.933592022256301, 44.637683547597341 ], [ 0.933343509794309, 44.637545449750156 ], [ 0.933281663139008, 44.637499684853864 ], [ 0.933144700706655, 44.637434971074832 ], [ 0.932934873596968, 44.637261385364198 ], [ 0.932749335875914, 44.637124089903402 ], [ 0.932550979715273, 44.636995625626703 ], [ 0.932451801976007, 44.636931393357195 ], [ 0.932142576739708, 44.636702566098506 ], [ 0.931870235383361, 44.63651018968396 ], [ 0.931598121177361, 44.636308820342705 ], [ 0.931449245463475, 44.63621696678338 ], [ 0.931312513608088, 44.636143258494194 ], [ 0.93103724802347, 44.636067779556136 ], [ 0.930888148476381, 44.635984917515806 ], [ 0.930613335114783, 44.635891452989362 ], [ 0.930225402666056, 44.635787546090931 ], [ 0.930037846710498, 44.63573117653641 ], [ 0.929849840015539, 44.63569279119158 ], [ 0.929661833578156, 44.635654405526374 ], [ 0.929411309147955, 44.63559722929913 ], [ 0.928921727158777, 44.63552799764841 ], [ 0.92850703224164, 44.635486708130095 ], [ 0.928154855574382, 44.635464208039586 ], [ 0.927866551982005, 44.635406544423596 ], [ 0.927402613133034, 44.635319644149682 ], [ 0.927164686320307, 44.635262624194027 ], [ 0.92672751974271, 44.635113098091772 ], [ 0.926440576043318, 44.635001477221607 ], [ 0.926316221357628, 44.63493691650757 ], [ 0.92627889239496, 44.634918447491685 ], [ 0.926180177809436, 44.634836225127536 ], [ 0.92599534318686, 44.634671941681376 ], [ 0.925638723255006, 44.634325550975547 ], [ 0.925503587408193, 44.634188889791631 ], [ 0.925356763773409, 44.634016097849532 ], [ 0.925040195537573, 44.633580267674397 ], [ 0.924761412223646, 44.633144921720081 ], [ 0.924675749058913, 44.633044875267842 ], [ 0.924441004495408, 44.632861958101167 ], [ 0.924280688624618, 44.632724972076019 ], [ 0.924160870660735, 44.632480564207519 ], [ 0.924002821397478, 44.632253655421984 ], [ 0.923905020838086, 44.632135462171547 ], [ 0.923880061133405, 44.632126146378887 ], [ 0.923731435707636, 44.632025290324428 ], [ 0.923632503415014, 44.631952058022286 ], [ 0.923546617534665, 44.631861002982163 ], [ 0.923497378183978, 44.631815394527031 ], [ 0.923390611712633, 44.631553163279442 ], [ 0.92332945956223, 44.631480416220661 ], [ 0.923182196505583, 44.631325606061161 ], [ 0.923034707628768, 44.631179787946792 ], [ 0.922998288808495, 44.631125348927469 ], [ 0.922938270878014, 44.631007640514625 ], [ 0.922805416310538, 44.630781053937497 ], [ 0.922697521621329, 44.630563783283741 ], [ 0.922687649118597, 44.630455714639368 ], [ 0.922667677538462, 44.630248569590655 ], [ 0.922624107713168, 44.629978155138815 ], [ 0.922584618909543, 44.629545880681611 ], [ 0.922524253313848, 44.62894243023581 ], [ 0.922443134951617, 44.628662537849848 ], [ 0.922431902954866, 44.628608422591746 ], [ 0.922162808941274, 44.628290131839456 ], [ 0.921952142904849, 44.628152494802102 ], [ 0.921531267659531, 44.627859235116532 ], [ 0.921333196897988, 44.627721758969344 ], [ 0.921084531885453, 44.627592626302125 ], [ 0.920910285490661, 44.627509426874227 ], [ 0.920773134777451, 44.627453690215241 ], [ 0.920548748201936, 44.627360849460516 ], [ 0.920399460285825, 44.627286965759929 ], [ 0.920126296658268, 44.627130529971112 ], [ 0.919990283180263, 44.627029831308775 ], [ 0.919644523579738, 44.626755522293159 ], [ 0.919557516274632, 44.626709425387247 ], [ 0.919309087057942, 44.62657129656543 ], [ 0.91917239470209, 44.626497573529008 ], [ 0.918910466478418, 44.6263952503135 ], [ 0.918636174755494, 44.626283771899942 ], [ 0.918486437542818, 44.626227870043628 ], [ 0.918162235335112, 44.62609775646149 ], [ 0.91762579558712, 44.625892942148191 ], [ 0.916976717797963, 44.625659685592495 ], [ 0.916578111028433, 44.625483630967906 ], [ 0.916216825996373, 44.625326047271969 ], [ 0.915806088014591, 44.625131842839536 ], [ 0.915694131182709, 44.625076425315854 ], [ 0.915381166562413, 44.625000419464058 ], [ 0.915005245503842, 44.624923598771417 ], [ 0.91477996688258, 44.624866715116042 ], [ 0.914679919180557, 44.624838435948242 ], [ 0.914517370376904, 44.624791358084067 ], [ 0.914293004823283, 44.62469850469099 ], [ 0.91410618612298, 44.624615131727182 ], [ 0.913609146232222, 44.62434784137551 ], [ 0.913297329348318, 44.624226868712441 ], [ 0.91296055949672, 44.624096576938953 ], [ 0.912761153538643, 44.624013038686478 ], [ 0.912624247760544, 44.623948299784864 ], [ 0.912312206900911, 44.623836316531694 ], [ 0.912150119692784, 44.623771250838004 ], [ 0.911838309165831, 44.623650274073761 ], [ 0.911689499462538, 44.623558394335923 ], [ 0.911615780098189, 44.623485477868236 ], [ 0.911368298639699, 44.623311362634027 ], [ 0.911070683061559, 44.623127601719276 ], [ 0.910947286587028, 44.62302705531431 ], [ 0.910848843992779, 44.622935827488931 ], [ 0.910687675411798, 44.622834790986317 ], [ 0.910514145067994, 44.622724598775733 ], [ 0.910339929499086, 44.622641382803096 ], [ 0.910053539652181, 44.622511735530807 ], [ 0.909653604548766, 44.622389609087946 ], [ 0.909478933753364, 44.622324376097062 ], [ 0.909128449240064, 44.62223887011136 ], [ 0.9089535506692, 44.622182628455398 ], [ 0.908853510698134, 44.622154344026491 ], [ 0.908715469502214, 44.622134561135489 ], [ 0.908477159811088, 44.622095485464072 ], [ 0.908389253139213, 44.622085348479466 ], [ 0.908126220280385, 44.622027960619967 ], [ 0.907675242615393, 44.621932149161786 ], [ 0.90754979314166, 44.621912528442721 ], [ 0.907149180336414, 44.621817369410721 ], [ 0.906347270989886, 44.621654023452855 ], [ 0.906121784989541, 44.621606114317601 ], [ 0.906109423613874, 44.621596958350921 ], [ 0.906047158155812, 44.621569162807759 ], [ 0.905934988751717, 44.621522727604138 ], [ 0.905599858001902, 44.621329468392915 ], [ 0.905152791135382, 44.621080780035633 ], [ 0.904966227581165, 44.62098839954745 ], [ 0.904854519252773, 44.620923978954572 ], [ 0.904694285399142, 44.620786965172151 ], [ 0.90454641323835, 44.62065910730476 ], [ 0.9044736252543, 44.620550217560826 ], [ 0.904412968816955, 44.620459476075013 ], [ 0.904266475766768, 44.620277664972463 ], [ 0.904217262280806, 44.620232048141247 ], [ 0.904068933408894, 44.62012217395614 ], [ 0.903686442256853, 44.619811354983526 ], [ 0.903588246835074, 44.619711128659056 ], [ 0.903516151098008, 44.619575261905396 ], [ 0.903432154711957, 44.619412254573774 ], [ 0.903372190412458, 44.619294536142462 ], [ 0.903165050920982, 44.619021981642192 ], [ 0.903006435213283, 44.618822020561069 ], [ 0.902896571967688, 44.618685660951989 ], [ 0.902822410799452, 44.618630723033682 ], [ 0.90283523063105, 44.618621895084658 ], [ 0.902366236294109, 44.618246977463428 ], [ 0.902341516255268, 44.618228664714024 ], [ 0.902142376931902, 44.618136115319054 ], [ 0.901880978821177, 44.618015767713729 ], [ 0.901856029064893, 44.618006446988645 ], [ 0.901432804658455, 44.61781202528428 ], [ 0.901432574613347, 44.617821017413981 ], [ 0.900896505344046, 44.617607130228258 ], [ 0.900697140452728, 44.617523570372185 ], [ 0.900335721158681, 44.617374927259988 ], [ 0.90033526072, 44.617392911511097 ], [ 0.900297721777387, 44.617383425962501 ], [ 0.900235233646381, 44.617364619311374 ], [ 0.90014802663249, 44.617327499390612 ], [ 0.900036100870289, 44.617272066142291 ], [ 0.899687734250981, 44.61710560381821 ], [ 0.899326319127576, 44.616956960573333 ], [ 0.898489957756164, 44.616667181588632 ], [ 0.898117111921941, 44.61647340925056 ], [ 0.89785549871377, 44.616362046593018 ], [ 0.897842678572629, 44.616370874063669 ], [ 0.897768525168481, 44.61631593345421 ], [ 0.897520656205192, 44.616159774087677 ], [ 0.897246686896146, 44.616039253207425 ], [ 0.896745185985718, 44.615951734437061 ], [ 0.896418784175897, 44.615911481421236 ], [ 0.896330889087407, 44.615901335606587 ], [ 0.896154406355227, 44.615908020099425 ], [ 0.896040870683145, 44.615915528591927 ], [ 0.895864387871858, 44.615922212619459 ], [ 0.895421448151733, 44.616006362268784 ], [ 0.895282271254663, 44.616031524346127 ], [ 0.894964531198388, 44.616144297811708 ], [ 0.89478781643673, 44.616159972219791 ], [ 0.89447307966686, 44.616155846857758 ], [ 0.894070447887203, 44.616141572974449 ], [ 0.8940706791054, 44.616132580867955 ], [ 0.893682256016036, 44.616055525899952 ], [ 0.893482906712125, 44.615971954809261 ], [ 0.893470548600015, 44.615962797558637 ], [ 0.893420653549099, 44.615944152750835 ], [ 0.893208484274762, 44.615869408119771 ], [ 0.892758505833045, 44.615737571392231 ], [ 0.892658253752279, 44.615718265317099 ], [ 0.892645432941225, 44.615727092177714 ], [ 0.892169583725731, 44.615621898873464 ], [ 0.891717756968067, 44.615561994708642 ], [ 0.891028124440249, 44.615444993277968 ], [ 0.890701961428913, 44.615395731238685 ], [ 0.890601710665385, 44.615376423296716 ], [ 0.890601942435817, 44.615367431202337 ], [ 0.890527565658243, 44.615321477857172 ], [ 0.890290919538461, 44.615219420390254 ], [ 0.890166418102837, 44.615163812660441 ], [ 0.889993183094001, 44.615044597984479 ], [ 0.889945840627721, 44.614927038611938 ], [ 0.889777012920586, 44.614636973904176 ], [ 0.889618456770948, 44.614436995446582 ], [ 0.88956763662616, 44.614454317264141 ], [ 0.889554583683562, 44.61447213584669 ], [ 0.888355658222535, 44.615059033418646 ], [ 0.887517338375379, 44.615335838745636 ], [ 0.886717707813615, 44.615577167122474 ], [ 0.886248416100714, 44.615705908389955 ], [ 0.88610877085691, 44.615749043021509 ], [ 0.885641104279527, 44.615814837108346 ], [ 0.885059666862962, 44.615897118447783 ], [ 0.884983897887594, 44.615905113849102 ], [ 0.884554229631524, 44.615962409579133 ], [ 0.884529283582357, 44.615953085160747 ], [ 0.882617323128584, 44.615379127723436 ], [ 0.881017796913336, 44.614899222721149 ], [ 0.880917550366338, 44.61487990597287 ], [ 0.880717524180869, 44.614823288069672 ], [ 0.880579510495359, 44.614803471192879 ], [ 0.880366195590535, 44.614773662231457 ], [ 0.880303249999714, 44.61477282898683 ], [ 0.880075712075088, 44.614805797268211 ], [ 0.880012299525395, 44.614822947987271 ], [ 0.879491941480963, 44.614977969809338 ], [ 0.879390293935392, 44.615012604056005 ], [ 0.878817472701068, 44.61524788423479 ], [ 0.878728179807427, 44.615291676757828 ], [ 0.878255132208682, 44.61556425690393 ], [ 0.878062786194546, 44.615696634383113 ], [ 0.878011259983141, 44.61574092705213 ], [ 0.87792126426956, 44.615811695118758 ], [ 0.877615378416067, 44.615951561500083 ], [ 0.877412311245755, 44.616011834385354 ], [ 0.876943930414945, 44.616104567673965 ], [ 0.876931341008464, 44.61610440063545 ], [ 0.876919219530521, 44.61608624947057 ], [ 0.876870031781911, 44.616040620985629 ], [ 0.876794963399194, 44.61602163455894 ], [ 0.876732952437539, 44.615984831020725 ], [ 0.876658352186585, 44.615947860378867 ], [ 0.876545983948097, 44.615910388444391 ], [ 0.876445269056058, 44.615909051733198 ], [ 0.876420324377093, 44.615899725480595 ], [ 0.876395379706412, 44.615890399222366 ], [ 0.876334305378877, 44.61581762722291 ], [ 0.876197227110998, 44.615761836599518 ], [ 0.875924007879027, 44.615614286615312 ], [ 0.875849174519449, 44.615586307491903 ], [ 0.875837053503083, 44.615568156213534 ], [ 0.875800924641816, 44.615504710314347 ], [ 0.875765264154635, 44.615423280292035 ], [ 0.875715843770341, 44.615386643366186 ], [ 0.87571631207802, 44.615368659253456 ], [ 0.875781131415558, 44.61529755867322 ], [ 0.875757357852768, 44.615243271993911 ], [ 0.875770649496343, 44.61521646299849 ], [ 0.875809587799495, 44.615172004227034 ], [ 0.875889103095199, 44.615020142257208 ], [ 0.875993796213996, 44.614868614533769 ], [ 0.876046025512257, 44.614797346665547 ], [ 0.876097318317639, 44.614762046993107 ], [ 0.876199435587791, 44.614709431687224 ], [ 0.876238373199968, 44.614664972772836 ], [ 0.876215067604466, 44.614592702099472 ], [ 0.876191293920589, 44.614538415531747 ], [ 0.876141639954963, 44.614510770867724 ], [ 0.876028806736541, 44.614491282546744 ], [ 0.875978918784626, 44.614472629863556 ], [ 0.87582902099596, 44.614425663732348 ], [ 0.875741366101456, 44.614406509443562 ], [ 0.875678889302379, 44.614387689450659 ], [ 0.875591702857433, 44.614350550939541 ], [ 0.875441337331726, 44.614321568387581 ], [ 0.8754166277219, 44.614303249865813 ], [ 0.875355087974822, 44.614248461487357 ], [ 0.875317555230932, 44.61423896777567 ], [ 0.875254610314465, 44.614238131645145 ], [ 0.875217077594462, 44.614228637899352 ], [ 0.875080238565367, 44.61416385389051 ], [ 0.874942228489938, 44.614144029959476 ], [ 0.874854574337447, 44.614124874968866 ], [ 0.874804687101002, 44.614106221758519 ], [ 0.874717501671103, 44.61406908256248 ], [ 0.874607247418417, 44.61395068026517 ], [ 0.874545005841777, 44.613922867587732 ], [ 0.874345458223845, 44.613848254061061 ], [ 0.874295805776985, 44.613820608577385 ], [ 0.874233564498729, 44.613792795726326 ], [ 0.874171323282119, 44.613764982840614 ], [ 0.874047778689784, 44.613673388785678 ], [ 0.873960594432336, 44.613636249000791 ], [ 0.873898119086871, 44.613617428007743 ], [ 0.873811403917846, 44.613562304018245 ], [ 0.873786695173706, 44.613543985139508 ], [ 0.873674333660835, 44.613506510333991 ], [ 0.873649390509104, 44.613497183468112 ], [ 0.873677147330586, 44.613398605819114 ], [ 0.873654314507116, 44.613308350572801 ], [ 0.873682774637643, 44.613182796805638 ], [ 0.873659003998242, 44.613128509735617 ], [ 0.873659238472009, 44.613119517694159 ], [ 0.873735708685008, 44.613084553970587 ], [ 0.873749235241754, 44.613048753206719 ], [ 0.873813351046618, 44.613004629986918 ], [ 0.873815226632825, 44.612932693657292 ], [ 0.873815929976414, 44.612905717534346 ], [ 0.873867691334446, 44.612852434850538 ], [ 0.873856743753061, 44.612789323177644 ], [ 0.873808733621027, 44.612698733209463 ], [ 0.873761192554411, 44.612590159145704 ], [ 0.873749776230297, 44.612545031548947 ], [ 0.873751886338774, 44.612464103197425 ], [ 0.87369199148948, 44.612346369677333 ], [ 0.87366798672629, 44.612301074669787 ], [ 0.873632565839847, 44.612210652056845 ], [ 0.873571968060711, 44.612119894598116 ], [ 0.87357431289223, 44.612029974230403 ], [ 0.87353818886302, 44.61196652770834 ], [ 0.873526538354872, 44.611930392138731 ], [ 0.873478294992293, 44.611848794102464 ], [ 0.873392990030882, 44.61173971762728 ], [ 0.873307919924564, 44.611621649058293 ], [ 0.873295566059462, 44.61161248957292 ], [ 0.873233562259003, 44.611575684159597 ], [ 0.873209089116579, 44.61154837313768 ], [ 0.87320932365578, 44.611539381104144 ], [ 0.87313613893326, 44.611448455975825 ], [ 0.873099546660859, 44.611402993395089 ], [ 0.873052242625228, 44.611285427066569 ], [ 0.873040123440928, 44.611267275522259 ], [ 0.872964124424059, 44.611284254674146 ], [ 0.872938713214411, 44.61129291172368 ], [ 0.872839414272475, 44.611237619548383 ], [ 0.872840352660369, 44.611201651423464 ], [ 0.872829875751596, 44.611120555640376 ], [ 0.872945046886364, 44.611050126878858 ], [ 0.872957869725435, 44.611041302339039 ], [ 0.872972803734676, 44.610951549522355 ], [ 0.872936915658603, 44.61087911080908 ], [ 0.872924327435336, 44.610878943315861 ], [ 0.872924796599245, 44.610860959255959 ], [ 0.872937853978064, 44.610843142689284 ], [ 0.87295067677101, 44.610834318151049 ], [ 0.873064674371948, 44.610808849420465 ], [ 0.873077497137139, 44.610800024867515 ], [ 0.873090789008329, 44.61077321625303 ], [ 0.873141610902657, 44.610755902080747 ], [ 0.873344898166638, 44.610686645157145 ], [ 0.873445369122306, 44.610696976707167 ], [ 0.873457957306342, 44.610697144140651 ], [ 0.873509716968568, 44.610643861676536 ], [ 0.873560538616709, 44.610626547311107 ], [ 0.873649359193173, 44.610600743130547 ], [ 0.873726998244064, 44.610520819293143 ], [ 0.873765934909463, 44.610476361339593 ], [ 0.873755456799561, 44.610395265669332 ], [ 0.873756160140068, 44.610368289579306 ], [ 0.873769217140632, 44.610350472917098 ], [ 0.873795331116909, 44.610314839588455 ], [ 0.873860381483195, 44.610234748271587 ], [ 0.873862960202928, 44.610135835947681 ], [ 0.873863663488551, 44.610108859860155 ], [ 0.873877423673157, 44.61006406710009 ], [ 0.87387859580241, 44.610019106955697 ], [ 0.873892355953119, 44.609974314195561 ], [ 0.873893293645609, 44.609938346081407 ], [ 0.873893996914191, 44.609911369996155 ], [ 0.873907288185356, 44.609884561292752 ], [ 0.873933401857415, 44.609848927938415 ], [ 0.873959281084454, 44.60982228660648 ], [ 0.874023627442625, 44.609769171293372 ], [ 0.874074916927127, 44.609733872638913 ], [ 0.874228081889598, 44.609654952618875 ], [ 0.874432066834919, 44.609558717624751 ], [ 0.874495943794672, 44.609523586096159 ], [ 0.874586168058455, 44.609443828998522 ], [ 0.874729086490081, 44.609274820707782 ], [ 0.874730257921129, 44.609229860569314 ], [ 0.874719310076561, 44.609166749090384 ], [ 0.874721418661122, 44.609085820846225 ], [ 0.874699757362373, 44.608950605869993 ], [ 0.874677627582479, 44.608833374949995 ], [ 0.874679267630192, 44.60877043077052 ], [ 0.874680204798662, 44.608734462668821 ], [ 0.874669491400307, 44.608662359175199 ], [ 0.874645487423258, 44.608617064462543 ], [ 0.874621249184197, 44.608580761770241 ], [ 0.874441338017365, 44.608236555248567 ], [ 0.874391522662208, 44.607732165440375 ], [ 0.874495034652754, 44.607625599741176 ], [ 0.874509965297527, 44.607535846852684 ], [ 0.874524661583093, 44.607455085985336 ], [ 0.874525130206001, 44.607437101946473 ], [ 0.874551242348235, 44.607401468482834 ], [ 0.874628875693623, 44.607321544115202 ], [ 0.874617928334887, 44.607258432684922 ], [ 0.874606043811086, 44.607231289330194 ], [ 0.874582040496757, 44.60718599463641 ], [ 0.874545215523935, 44.607149524651504 ], [ 0.874508390598934, 44.607113054655102 ], [ 0.874483918781006, 44.607085743978502 ], [ 0.874471565721751, 44.607076584647118 ], [ 0.874448499869788, 44.606995321858292 ], [ 0.874388609391703, 44.606877589036145 ], [ 0.874351550409985, 44.606850111009244 ], [ 0.874142487676597, 44.606658433902311 ], [ 0.874093310439458, 44.60661280440992 ], [ 0.874080957547908, 44.606603645037232 ], [ 0.874056017393972, 44.60659431830247 ], [ 0.873768854576275, 44.606500548470954 ], [ 0.873456752750347, 44.606397451027476 ], [ 0.873331818541618, 44.60635980860922 ], [ 0.873244411597498, 44.606331660430385 ], [ 0.873144417542494, 44.606303344717936 ], [ 0.872919724491569, 44.606228394022352 ], [ 0.872914408800397, 44.605949474236461 ], [ 0.873348936689335, 44.605703391854256 ], [ 0.873439156445486, 44.605623635830113 ], [ 0.873333376852058, 44.60533438463515 ], [ 0.87320453512985, 44.604963870417905 ], [ 0.873132766123461, 44.604818993566717 ], [ 0.872973358753774, 44.604654960319593 ], [ 0.872641725453437, 44.604335717659033 ], [ 0.872422202908617, 44.604062942031653 ], [ 0.872287973073654, 44.603899242952522 ], [ 0.872263503735388, 44.603871931830788 ], [ 0.87239195126689, 44.603774695422459 ], [ 0.872455822925166, 44.603739565160609 ], [ 0.872760716813468, 44.603635681781576 ], [ 0.873271684733247, 44.603354636956382 ], [ 0.873632782005833, 44.603026621002783 ], [ 0.873538654907484, 44.602773505769647 ], [ 0.873514654358625, 44.602728210947099 ], [ 0.873503005781586, 44.602692075539551 ], [ 0.873429128710106, 44.602628127008686 ], [ 0.873132449540347, 44.602417292384239 ], [ 0.873107745919831, 44.602398973464439 ], [ 0.873088436281306, 44.60217383868671 ], [ 0.87306912679755, 44.601948703930248 ], [ 0.873023941541267, 44.601750210219159 ], [ 0.87305872931468, 44.601381873559838 ], [ 0.873058963835482, 44.601372881570164 ], [ 0.872888936280139, 44.600651010319567 ], [ 0.872876584895936, 44.600641850841946 ], [ 0.872854931293432, 44.600506636069341 ], [ 0.872868455382772, 44.600470835621842 ], [ 0.872881275819003, 44.600462011128919 ], [ 0.872858214983351, 44.600380748277516 ], [ 0.872846098214234, 44.600362596813028 ], [ 0.872846567315319, 44.600344612843578 ], [ 0.872745880418444, 44.600343272833641 ], [ 0.872494397804101, 44.60033093042184 ], [ 0.872495101624108, 44.60030395447086 ], [ 0.872485800284513, 44.600177899168287 ], [ 0.872473449070063, 44.600168739647927 ], [ 0.872462270915683, 44.600114620212274 ], [ 0.872425686571187, 44.600069157675371 ], [ 0.872413335390448, 44.600059998148872 ], [ 0.872400984213735, 44.600050838621023 ], [ 0.872375812623362, 44.600050503525615 ], [ 0.87235087566187, 44.60004117644236 ], [ 0.872313587552385, 44.600022689815972 ], [ 0.872125973990139, 44.599975216413924 ], [ 0.872114092076017, 44.599948072913811 ], [ 0.872064218246371, 44.5999294186391 ], [ 0.871914596956581, 44.599873455680076 ], [ 0.871815084264779, 44.599827154955364 ], [ 0.871727453423077, 44.599807997682824 ], [ 0.871527489887794, 44.599751363695155 ], [ 0.871464795981916, 44.599741533474955 ], [ 0.871427273541162, 44.599732038537013 ], [ 0.871228484390981, 44.599630444150058 ], [ 0.871116621789435, 44.599574983145622 ], [ 0.871080743017058, 44.599502544298211 ], [ 0.870993817330762, 44.59945641053325 ], [ 0.871006261566876, 44.598979836194232 ], [ 0.871011192243401, 44.598791004882202 ], [ 0.871013070587626, 44.598719069148721 ], [ 0.870973529373252, 44.59830476790107 ], [ 0.870954932982442, 44.598052657484239 ], [ 0.870821660265353, 44.597852989381707 ], [ 0.87073497218338, 44.597797863481979 ], [ 0.870648284271884, 44.597742737515119 ], [ 0.870474439211194, 44.597650469301783 ], [ 0.870411982723952, 44.597631646526558 ], [ 0.87036211152136, 44.597612991496661 ], [ 0.870262369215744, 44.59757568136952 ], [ 0.870149571964973, 44.597556187268424 ], [ 0.870062180182379, 44.597528036723752 ], [ 0.870037479625388, 44.597509717173125 ], [ 0.870038654345115, 44.597464757376251 ], [ 0.869951497718352, 44.597427614785381 ], [ 0.869926797241772, 44.597409295210689 ], [ 0.86991397708257, 44.597418119338911 ], [ 0.869746844664008, 44.597550816792115 ], [ 0.869746609673049, 44.597559808751249 ], [ 0.869644047784199, 44.597630401574406 ], [ 0.869437983066106, 44.597807554780594 ], [ 0.869387171832715, 44.597824867145476 ], [ 0.869080893177456, 44.597982692603701 ], [ 0.869029846567259, 44.59800899676523 ], [ 0.868774847947054, 44.598131525264058 ], [ 0.868711215697638, 44.598157661317913 ], [ 0.868596536392281, 44.598210101299038 ], [ 0.868532668782013, 44.598245229210818 ], [ 0.868277668000711, 44.59836775657454 ], [ 0.867920806207078, 44.598533898729869 ], [ 0.867387164215357, 44.598238928194625 ], [ 0.867300243527855, 44.598192791531055 ], [ 0.866890812857715, 44.5979624435519 ], [ 0.866666632142439, 44.597869496582597 ], [ 0.866654046853225, 44.59786932837909 ], [ 0.865999847511393, 44.597851587861641 ], [ 0.865861409400436, 44.597849736705207 ], [ 0.8657856620799, 44.597857718863047 ], [ 0.86497737497543, 44.597954847907715 ], [ 0.864080280107616, 44.598077767420158 ], [ 0.863536751172028, 44.598160440148483 ], [ 0.863347262943438, 44.598184887424523 ], [ 0.862075906747941, 44.598176845203277 ], [ 0.861735866197094, 44.59818128097249 ], [ 0.859266773404354, 44.598238094447012 ], [ 0.859040000410445, 44.598244043269162 ], [ 0.858989659009527, 44.598243366956837 ], [ 0.858850983421855, 44.598250498920798 ], [ 0.85873771526359, 44.598248976991144 ], [ 0.858536112872149, 44.598255262991394 ], [ 0.85781851105991, 44.598254612019907 ], [ 0.857830148788193, 44.5982907489932 ], [ 0.857842023435085, 44.598317894025826 ], [ 0.857816852708549, 44.598317555598463 ], [ 0.857627361455268, 44.598341993028626 ], [ 0.857362594780714, 44.598356422616995 ], [ 0.857135347072033, 44.598380351392919 ], [ 0.857033952972326, 44.598405972818618 ], [ 0.85679364539283, 44.598447715462449 ], [ 0.856565922853491, 44.598489626941635 ], [ 0.856426772085805, 44.598514739728735 ], [ 0.856299732298215, 44.598558005605732 ], [ 0.856058474757084, 44.598635714402185 ], [ 0.855905789102727, 44.598696624868772 ], [ 0.855702286797053, 44.598774841185495 ], [ 0.855575008591658, 44.598827098170972 ], [ 0.855320688779599, 44.598922619767315 ], [ 0.855116947493733, 44.599009826950578 ], [ 0.854888034515362, 44.599096694664091 ], [ 0.854735108928427, 44.599166595461412 ], [ 0.85455701184088, 44.599236156876344 ], [ 0.854429731520621, 44.599288412551694 ], [ 0.85419986637102, 44.599411246601214 ], [ 0.853970237743848, 44.599525088241435 ], [ 0.853766254605017, 44.599621284893544 ], [ 0.853549685101591, 44.599717311470769 ], [ 0.853218180129828, 44.599874753584409 ], [ 0.852861501641716, 44.600031855122836 ], [ 0.852606457965941, 44.600154346242 ], [ 0.852492234907303, 44.600188785611898 ], [ 0.852212731687404, 44.600283960377688 ], [ 0.852098508123851, 44.600318399339535 ], [ 0.851794545724343, 44.600386257511133 ], [ 0.851503168413306, 44.600454284780916 ], [ 0.851326014918347, 44.600487873237348 ], [ 0.851110151579384, 44.600556919185642 ], [ 0.850856768203268, 44.600616462754964 ], [ 0.850642332430009, 44.60063155621264 ], [ 0.850591750876861, 44.600639867986324 ], [ 0.850364014627169, 44.600681766643888 ], [ 0.849984532860004, 44.600748599382861 ], [ 0.849820201658264, 44.60077336359727 ], [ 0.849529534803277, 44.600814409859183 ], [ 0.849415785122526, 44.600830862184097 ], [ 0.849164067120052, 44.600827458371569 ], [ 0.848799076070668, 44.600822521820533 ], [ 0.848559944038625, 44.600819286871982 ], [ 0.848131546611936, 44.600831480564885 ], [ 0.847854418340583, 44.600836725029367 ], [ 0.847400848830197, 44.600848575163674 ], [ 0.847299923000901, 44.600856203784296 ], [ 0.847135828969279, 44.600871972065356 ], [ 0.846983843366668, 44.600905894396654 ], [ 0.846743039966203, 44.600965598938345 ], [ 0.846616464485303, 44.600990869803795 ], [ 0.846413895722114, 44.601033101269429 ], [ 0.846388723848089, 44.601032760226985 ], [ 0.846211565471334, 44.601066340443296 ], [ 0.845882419998371, 44.601133841184144 ], [ 0.845730671824758, 44.601158769866139 ], [ 0.845617159246863, 44.601166226343238 ], [ 0.845213213536462, 44.601205725636817 ], [ 0.844961016074043, 44.601220296036011 ], [ 0.844860328279575, 44.601218930501069 ], [ 0.844583915026251, 44.601197190974723 ], [ 0.844382778653602, 44.601185467208246 ], [ 0.844131059367852, 44.601182051875625 ], [ 0.84403013249552, 44.60118967749483 ], [ 0.843828757066544, 44.601186944629333 ], [ 0.843539519166876, 44.601174023577208 ], [ 0.843350729776639, 44.601171460684881 ], [ 0.843224870192721, 44.601169751910042 ], [ 0.843073599382471, 44.601176693101173 ], [ 0.842746125099575, 44.601181241072851 ], [ 0.842595093595587, 44.601179189695706 ], [ 0.842417453639846, 44.601230747616718 ], [ 0.842290636170513, 44.601265005410802 ], [ 0.842037479740259, 44.601315536743009 ], [ 0.841670330243862, 44.601391503712314 ], [ 0.841645876885543, 44.601364185859751 ], [ 0.8415475845615, 44.601272898214084 ], [ 0.841436946183393, 44.601172447490228 ], [ 0.84138803990824, 44.60111781168321 ], [ 0.841301855149027, 44.601044678736997 ], [ 0.841216149846506, 44.600953561916057 ], [ 0.841092926809422, 44.600852939749998 ], [ 0.841006503191892, 44.600788798487955 ], [ 0.840981810765989, 44.600770472401123 ], [ 0.840945011815913, 44.600733991357224 ], [ 0.840933384604081, 44.600697852597698 ], [ 0.840921997069113, 44.60065272193448 ], [ 0.84092319537749, 44.600607762419429 ], [ 0.840899461719157, 44.600553468704923 ], [ 0.840887834573991, 44.600517329943884 ], [ 0.840889751905595, 44.600445394725618 ], [ 0.840751308235565, 44.600443511974142 ], [ 0.840713550872621, 44.600442998466235 ], [ 0.84052356544458, 44.600485390238667 ], [ 0.840371576895701, 44.600519303420413 ], [ 0.840295822314046, 44.60052726803162 ], [ 0.840156659110675, 44.600552360233984 ], [ 0.840118661889987, 44.600560838422346 ], [ 0.84001677636366, 44.600604427961727 ], [ 0.839951928721275, 44.600675506891399 ], [ 0.839824631326434, 44.600727745634593 ], [ 0.839709919554815, 44.600780155518351 ], [ 0.839559369001261, 44.600760116176531 ], [ 0.839447055902464, 44.60072260678632 ], [ 0.839372260556634, 44.600694603163355 ], [ 0.839334742953657, 44.600685097282536 ], [ 0.839184912608613, 44.600638081733621 ], [ 0.839134809250792, 44.600628404437927 ], [ 0.839045268709917, 44.600681156326495 ], [ 0.838905144627062, 44.600742214538727 ], [ 0.83884101540604, 44.600786317118683 ], [ 0.838789471952787, 44.600830591054454 ], [ 0.838725102525596, 44.600883685466627 ], [ 0.838673798914553, 44.6009189674513 ], [ 0.838547459952751, 44.600935237124133 ], [ 0.838396189196435, 44.600942171883027 ], [ 0.838334940276335, 44.600878371398515 ], [ 0.838209561695998, 44.600858673094038 ], [ 0.83813524700331, 44.600812684836015 ], [ 0.838097729530806, 44.60080317853317 ], [ 0.838034560105844, 44.600811313056603 ], [ 0.837883289619934, 44.600818247110595 ], [ 0.837808014604529, 44.600808226216117 ], [ 0.837694501684071, 44.600815674516262 ], [ 0.837530405076105, 44.600831428462342 ], [ 0.837416892071959, 44.600838876475954 ], [ 0.837327349582428, 44.600891626966209 ], [ 0.837212875403197, 44.600935042348148 ], [ 0.837149225167818, 44.600961160152238 ], [ 0.837072508415941, 44.601005090121092 ], [ 0.837034750709232, 44.601004575349513 ], [ 0.836984407101365, 44.601003888967192 ], [ 0.836909612608725, 44.600975883668525 ], [ 0.836784955286711, 44.600929208058957 ], [ 0.836709920655794, 44.600910194519351 ], [ 0.836560332268271, 44.600854183502385 ], [ 0.836360641156402, 44.600788493725382 ], [ 0.836323124000382, 44.600778986818327 ], [ 0.836273501822816, 44.600751324436857 ], [ 0.836211774689702, 44.600705506565518 ], [ 0.836150288082973, 44.600650696770224 ], [ 0.836038458366184, 44.600595200128311 ], [ 0.835888631019899, 44.600548180100397 ], [ 0.835651184438522, 44.600481973873599 ], [ 0.835601081828759, 44.600472294971304 ], [ 0.835488290887232, 44.600452765330012 ], [ 0.835400431017614, 44.600442571022526 ], [ 0.835262228105876, 44.600431689476245 ], [ 0.83508602735655, 44.600429284204317 ], [ 0.834985581831983, 44.600418917750019 ], [ 0.834834793297067, 44.600407863839862 ], [ 0.83467141906277, 44.600396637861387 ], [ 0.834646969541136, 44.600369318476822 ], [ 0.834609934297024, 44.600341827218358 ], [ 0.83457289908916, 44.600314335947886 ], [ 0.834535623234996, 44.60029583655021 ], [ 0.83446179368306, 44.60023186206444 ], [ 0.83438700147597, 44.600203855067342 ], [ 0.834361830046873, 44.600203511274437 ], [ 0.834336658618086, 44.600203167475748 ], [ 0.834234769254316, 44.600246751642025 ], [ 0.834134324213233, 44.600236384412653 ], [ 0.834096807802732, 44.600226876750966 ], [ 0.833997807432645, 44.600162558098312 ], [ 0.833961013416404, 44.60012607474269 ], [ 0.833835878842885, 44.600097379587183 ], [ 0.833823774745197, 44.60007922386437 ], [ 0.833763254374115, 44.599988445232981 ], [ 0.833688703525763, 44.599951445804926 ], [ 0.833626497627647, 44.599923610209238 ], [ 0.83343000566882, 44.600208770651015 ], [ 0.833390803338033, 44.600262205920252 ], [ 0.833286504307646, 44.60039570802715 ], [ 0.833207376349336, 44.600529554105528 ], [ 0.833180518478064, 44.600592153219011 ], [ 0.833165523648537, 44.600681900011729 ], [ 0.833162632800386, 44.600789802608929 ], [ 0.833144987904985, 44.600978460130179 ], [ 0.832967821785597, 44.601012018996862 ], [ 0.832939276826552, 44.601137561253601 ], [ 0.832883632235919, 44.601334694456249 ], [ 0.832869118642219, 44.601406457468109 ], [ 0.832854364054662, 44.601487212365896 ], [ 0.832838404626116, 44.60161292669433 ], [ 0.832821481273517, 44.601774608574104 ], [ 0.832818107779632, 44.601900494991014 ], [ 0.832813288476416, 44.602080332742368 ], [ 0.832808469142337, 44.602260170508856 ], [ 0.83278064611028, 44.602358737129229 ], [ 0.832740959703499, 44.602430155994711 ], [ 0.832649482335622, 44.602554837815305 ], [ 0.832583659099726, 44.602661879995466 ], [ 0.832504285256007, 44.602804717590338 ], [ 0.832437979391466, 44.602929743475954 ], [ 0.832386187886868, 44.602983006328365 ], [ 0.83233415523732, 44.603045261048287 ], [ 0.83226784871018, 44.603170286843941 ], [ 0.832150231977061, 44.603330591572011 ], [ 0.83208513014572, 44.60341065781266 ], [ 0.832019545930706, 44.603508707801275 ], [ 0.831914755380394, 44.603660192574502 ], [ 0.831823274175523, 44.60378487377087 ], [ 0.83177075787854, 44.603865112030292 ], [ 0.831954010234622, 44.604074508378872 ], [ 0.832118358965697, 44.604049770862034 ], [ 0.832307639625615, 44.604034369268547 ], [ 0.832672409089671, 44.604048352490793 ], [ 0.833451813135677, 44.604094987135426 ], [ 0.833464399719304, 44.604095159139447 ], [ 0.833803755874316, 44.604117786501909 ], [ 0.833879275414364, 44.604118818262883 ], [ 0.834384183425066, 44.60407174394048 ], [ 0.834536185200233, 44.604037839009628 ], [ 0.83462501327383, 44.604012066435686 ], [ 0.834789841961339, 44.603969341123303 ], [ 0.834852293464678, 44.603988184166077 ], [ 0.835325771511119, 44.604174551278589 ], [ 0.835271575780685, 44.604317734564674 ], [ 0.835271335198629, 44.604326726468727 ], [ 0.835270854034285, 44.604344710276891 ], [ 0.835270613451996, 44.604353702181008 ], [ 0.835793961730589, 44.604558738310615 ], [ 0.836242033806459, 44.604753749982549 ], [ 0.836254380119679, 44.604762913576302 ], [ 0.836814534819038, 44.605004427598452 ], [ 0.836839468080546, 44.605013762748044 ], [ 0.836682657869553, 44.605227509098121 ], [ 0.836552462545355, 44.605387647075958 ], [ 0.837463137171736, 44.605705898869928 ], [ 0.837488070852408, 44.605715233876786 ], [ 0.838211631433973, 44.605967962808329 ], [ 0.838386409148503, 44.606024314645005 ], [ 0.838648576377836, 44.60610884188408 ], [ 0.838688362701436, 44.606505172065795 ], [ 0.838716147503191, 44.607351098564294 ], [ 0.838751509112251, 44.607441532035494 ], [ 0.838835060088167, 44.607613578421052 ], [ 0.839016671026247, 44.607885906986006 ], [ 0.839040885951048, 44.607922217441747 ], [ 0.839183776436323, 44.608229999387504 ], [ 0.839219619285859, 44.608302448886988 ], [ 0.839365391058218, 44.608502327467107 ], [ 0.839425929656869, 44.608593103435958 ], [ 0.839508044874396, 44.608819101019897 ], [ 0.839519912771599, 44.608846248137894 ], [ 0.83988543486827, 44.608833231764145 ], [ 0.839884955142651, 44.608851215635092 ], [ 0.839907252169152, 44.608959461406243 ], [ 0.839919839862598, 44.608959632675152 ], [ 0.83999883960421, 44.609302525124441 ], [ 0.840032285774131, 44.609464893783645 ], [ 0.840040796291717, 44.609617927999615 ], [ 0.840054219860437, 44.610058875576058 ], [ 0.840192447389005, 44.610069751220152 ], [ 0.84025514729668, 44.610079599332913 ], [ 0.839969693257252, 44.610867294128781 ], [ 0.839927851195358, 44.611019643388481 ], [ 0.839750291349683, 44.611538949615081 ], [ 0.839519975323321, 44.612147489906995 ], [ 0.83950642716634, 44.61218328638482 ], [ 0.839414819869466, 44.612784719089881 ], [ 0.839385803417442, 44.612928247650657 ], [ 0.839371295135813, 44.61300001193176 ], [ 0.839465285378522, 44.613253157230993 ], [ 0.839454247648521, 44.613666787118433 ], [ 0.83945208807363, 44.613747714714449 ], [ 0.839305452457317, 44.614051556540204 ], [ 0.83926576608517, 44.614122978157468 ], [ 0.839113739870217, 44.614156889718238 ], [ 0.839088322145503, 44.614165538943311 ], [ 0.838959553166911, 44.614271728673458 ], [ 0.838266545714737, 44.614757029506535 ], [ 0.838215229142257, 44.614792311475028 ], [ 0.837868600379445, 44.615039456104007 ], [ 0.837591256494407, 44.6155214198115 ], [ 0.837141114775044, 44.616342846832076 ], [ 0.837053950790591, 44.616305677818183 ], [ 0.836916429631481, 44.61626782228015 ], [ 0.836828785144684, 44.616248637008368 ], [ 0.836702891970673, 44.616246920667159 ], [ 0.83666536442995, 44.616237413778165 ], [ 0.836364663646045, 44.616179342123012 ], [ 0.836201483709631, 44.61615912624768 ], [ 0.83596300866943, 44.6161288878451 ], [ 0.835837356332382, 44.616118178558402 ], [ 0.835661587483077, 44.616097790143108 ], [ 0.83557394369033, 44.616078603875373 ], [ 0.835536175863183, 44.616078088557821 ], [ 0.83552382717965, 44.616068924827609 ], [ 0.835512200281592, 44.616032785231788 ], [ 0.835514125028717, 44.615960849595687 ], [ 0.835514606214728, 44.615942865687011 ], [ 0.83545310360621, 44.615888055059742 ], [ 0.835428406353856, 44.615869727581142 ], [ 0.835378771283298, 44.615842064561591 ], [ 0.835241733660708, 44.615786223038683 ], [ 0.835004945436866, 44.615693038903174 ], [ 0.834880257031194, 44.615646360722188 ], [ 0.834830141025795, 44.615636681361842 ], [ 0.834629917910046, 44.615588971742682 ], [ 0.834579801999006, 44.615579292268876 ], [ 0.834555105167427, 44.615560964598174 ], [ 0.834467944108044, 44.615523793557799 ], [ 0.834355364108661, 44.615495270582905 ], [ 0.834080570403223, 44.615410560693078 ], [ 0.833630734570308, 44.615278482639205 ], [ 0.833105848447738, 44.61512738658493 ], [ 0.83301820704255, 44.615108198297065 ], [ 0.832806121379518, 44.61503333748675 ], [ 0.832643910248304, 44.614977148587379 ], [ 0.832443932421435, 44.614920443074972 ], [ 0.832219500359566, 44.614836417075097 ], [ 0.831996515875854, 44.614698438983552 ], [ 0.831872796860785, 44.614615789672193 ], [ 0.831822923471656, 44.614597117012018 ], [ 0.831760461187819, 44.614578272124646 ], [ 0.831635536745899, 44.614540582244366 ], [ 0.831110662887759, 44.614389476759897 ], [ 0.83089882380654, 44.614305620377934 ], [ 0.830848951016679, 44.614286947280704 ], [ 0.830786248061836, 44.614277093779833 ], [ 0.830599587564837, 44.61419358145934 ], [ 0.830463765686061, 44.614092774386741 ], [ 0.830427206238909, 44.614047297654963 ], [ 0.830340774499839, 44.613983147588556 ], [ 0.830267656006644, 44.61389219403803 ], [ 0.830244168463587, 44.613828905762574 ], [ 0.830208816531783, 44.613738469309375 ], [ 0.830122144070868, 44.613683311013276 ], [ 0.829862610684471, 44.613499851868852 ], [ 0.829676920211027, 44.613380370310956 ], [ 0.829590973415426, 44.613298235825795 ], [ 0.829529721023639, 44.613234430053716 ], [ 0.829468227221938, 44.613179616176403 ], [ 0.829418597464608, 44.613151950518471 ], [ 0.82938131478799, 44.613133449242177 ], [ 0.82936945088558, 44.613106300986473 ], [ 0.829320062814108, 44.613069643359502 ], [ 0.829283504959031, 44.613024166274272 ], [ 0.82915955202707, 44.612950505924367 ], [ 0.829134858120274, 44.612932177068203 ], [ 0.829095159605894, 44.613003594945241 ], [ 0.829067566347515, 44.613093169173617 ], [ 0.829028350872747, 44.613146603180574 ], [ 0.828937089442652, 44.6132622905548 ], [ 0.828770779062233, 44.613358958752812 ], [ 0.828642959156497, 44.613429168616548 ], [ 0.828591637752187, 44.613464446061272 ], [ 0.828384901143801, 44.613659507159035 ], [ 0.828254662613758, 44.613819635840812 ], [ 0.828085931672235, 44.614006222288168 ], [ 0.828060512317684, 44.614014868960716 ], [ 0.82802226237904, 44.614032334921795 ], [ 0.827945762430384, 44.614067266804241 ], [ 0.827766133659653, 44.614190736647302 ], [ 0.827612407364324, 44.614287575785603 ], [ 0.827406873748778, 44.614437675469027 ], [ 0.827304469380961, 44.614499237279794 ], [ 0.827150257592492, 44.614614059635919 ], [ 0.827060199615882, 44.614684785882034 ], [ 0.826892913919186, 44.614817418994889 ], [ 0.8268028552924, 44.614888145035451 ], [ 0.826751531399035, 44.614923421639553 ], [ 0.826699481440957, 44.614985674000906 ], [ 0.826596833281633, 44.6150562270915 ], [ 0.826506531867345, 44.615135944822796 ], [ 0.826314065387587, 44.61526823145978 ], [ 0.826160575727266, 44.61535607667679 ], [ 0.826031537467966, 44.615471243189518 ], [ 0.826018464134966, 44.615489054181893 ], [ 0.826005875020664, 44.6154888813181 ], [ 0.825931066712654, 44.615460868324121 ], [ 0.825918719732191, 44.615451703523448 ], [ 0.825881678814979, 44.615424209113371 ], [ 0.825882405213702, 44.615397233333439 ], [ 0.825871026793462, 44.615352100821866 ], [ 0.825821396888419, 44.615324433512527 ], [ 0.825677589412194, 44.615520354060713 ], [ 0.82549504465687, 44.615751723381983 ], [ 0.825260203626946, 44.616054336054269 ], [ 0.824998727784195, 44.616410553875198 ], [ 0.824904787513303, 44.616625149268202 ], [ 0.824876701192956, 44.616732706435513 ], [ 0.82493746753329, 44.616814498759787 ], [ 0.824973297482293, 44.616886953159252 ], [ 0.825020263299197, 44.617013532115045 ], [ 0.82506722932781, 44.617140111058987 ], [ 0.825101848323965, 44.617257525090174 ], [ 0.825137678767692, 44.617329979452634 ], [ 0.82517350930387, 44.617402433806262 ], [ 0.825221202746684, 44.617502036908419 ], [ 0.825269623079916, 44.617574664192183 ], [ 0.825378569287591, 44.617738075513245 ], [ 0.825475895310549, 44.61786534607031 ], [ 0.825852129752103, 44.61839223852165 ], [ 0.825936141775581, 44.618546311651833 ], [ 0.826007806552799, 44.618691219923626 ], [ 0.826102956643533, 44.618899417467183 ], [ 0.826211423654235, 44.619080811965702 ], [ 0.826355240511789, 44.619352644306687 ], [ 0.82645208742799, 44.619497898002066 ], [ 0.826512374955026, 44.619597673470253 ], [ 0.826523754750893, 44.619642806010134 ], [ 0.826546514397499, 44.619733071089506 ], [ 0.826556926073502, 44.619814171417175 ], [ 0.826555473809073, 44.619868123100765 ], [ 0.826541431432118, 44.619921901980064 ], [ 0.826514072752408, 44.620002483893529 ], [ 0.826461291642708, 44.620091712122843 ], [ 0.82636928741076, 44.620234373548456 ], [ 0.82623854368996, 44.620412484183518 ], [ 0.826199804619659, 44.620447933448361 ], [ 0.825993760406356, 44.620616014757111 ], [ 0.825954778897262, 44.620660455887524 ], [ 0.825928629758107, 44.620696077933339 ], [ 0.825877300007369, 44.620731354210655 ], [ 0.825826212357091, 44.620757638515158 ], [ 0.825621861277747, 44.620862775498004 ], [ 0.825328165822072, 44.621011661264255 ], [ 0.825123570606921, 44.621125789278743 ], [ 0.825059649574727, 44.621160892209204 ], [ 0.824956988067272, 44.621231443939799 ], [ 0.824879991767394, 44.621284357675947 ], [ 0.824853599332854, 44.62132897142331 ], [ 0.824761346650999, 44.621480623520931 ], [ 0.824722121221379, 44.621534056178241 ], [ 0.824683622771463, 44.621560512973673 ], [ 0.824606383398874, 44.621622418474523 ], [ 0.824248759004037, 44.621806404032661 ], [ 0.824119944444732, 44.621912576654097 ], [ 0.823965705786301, 44.622027394876469 ], [ 0.823913888632041, 44.622080654153166 ], [ 0.82382381460473, 44.622151377956421 ], [ 0.823630590190921, 44.622310636106853 ], [ 0.823476349438577, 44.62242545365924 ], [ 0.823373198499621, 44.622513987843426 ], [ 0.823321622908169, 44.622558254900291 ], [ 0.8232952286368, 44.622602868295751 ], [ 0.823178030782282, 44.622745180827003 ], [ 0.823047513712735, 44.622914295886979 ], [ 0.823034437700409, 44.622932106580208 ], [ 0.82300804302515, 44.622976719913517 ], [ 0.822851130005111, 44.623190448087072 ], [ 0.822785991890187, 44.623270509480214 ], [ 0.822681139552142, 44.623421986709907 ], [ 0.822602924640206, 44.623519858655953 ], [ 0.822564666529608, 44.623537322775988 ], [ 0.822296130860975, 44.6236865471027 ], [ 0.822053504058858, 44.623809141572046 ], [ 0.821795407171958, 44.623571710757645 ], [ 0.82177095382464, 44.62354438820006 ], [ 0.821491768046552, 44.623621501598187 ], [ 0.82145375239865, 44.623629973381789 ], [ 0.821314037724895, 44.623673025742178 ], [ 0.8210486563452, 44.623705351674722 ], [ 0.821048413402489, 44.623714343623853 ], [ 0.820682061079723, 44.623754273075889 ], [ 0.820492710761584, 44.623769654620062 ], [ 0.82022587000339, 44.623855930255608 ], [ 0.819770893017232, 44.623912625811414 ], [ 0.819581298736966, 44.62393699773309 ], [ 0.819290976348068, 44.623959980265433 ], [ 0.819265551133527, 44.623968624930875 ], [ 0.818797251345223, 44.624052118653765 ], [ 0.818699443097315, 44.623942825717705 ], [ 0.818662643439708, 44.623906336817804 ], [ 0.818576209966736, 44.62384217720696 ], [ 0.818478402514725, 44.623732884087495 ], [ 0.818478159160315, 44.623741876029875 ], [ 0.818324877459755, 44.623820718628892 ], [ 0.818273783463918, 44.623846999448197 ], [ 0.818119284125883, 44.623970801476638 ], [ 0.817977375125407, 44.62409477708318 ], [ 0.817860891046257, 44.624210108177159 ], [ 0.817832787439838, 44.624317663884604 ], [ 0.817805414121174, 44.624398243759643 ], [ 0.817801518670825, 44.624542114859025 ], [ 0.817809483954551, 44.624713135611337 ], [ 0.817831744722596, 44.624821386566197 ], [ 0.817891048832991, 44.624957134764628 ], [ 0.817927605229793, 44.625002615887418 ], [ 0.81798885727419, 44.62506642847196 ], [ 0.818050109457806, 44.625130241024699 ], [ 0.818111118361116, 44.625203045493258 ], [ 0.818122735958133, 44.625239187057943 ], [ 0.818194389112862, 44.625384100843767 ], [ 0.818229242221943, 44.625492525519704 ], [ 0.81831178361545, 44.62570055665843 ], [ 0.818416587989993, 44.626016838659396 ], [ 0.818276378255104, 44.626077871093266 ], [ 0.818161107755387, 44.626148242842689 ], [ 0.817968583868805, 44.626280515413157 ], [ 0.817840234107174, 44.626368696942883 ], [ 0.817647221709897, 44.626518952865503 ], [ 0.81751862737803, 44.626616125979531 ], [ 0.817325126165214, 44.626784365255354 ], [ 0.817170616653224, 44.626908166095525 ], [ 0.81702869813445, 44.627032140624372 ], [ 0.817090682144717, 44.627068977914952 ], [ 0.81730011317439, 44.62724278099985 ], [ 0.817571286734935, 44.627462412688239 ], [ 0.81763302807007, 44.627508241639063 ], [ 0.817855784653394, 44.627655241671086 ], [ 0.818176599585994, 44.62790254300846 ], [ 0.818460128308454, 44.628131338321978 ], [ 0.818645356999296, 44.628268823633967 ], [ 0.818917513995886, 44.628452484287884 ], [ 0.819251903223545, 44.628663988434553 ], [ 0.819611235967103, 44.628884830774027 ], [ 0.819896477549886, 44.629050678746154 ], [ 0.820157022688106, 44.629198194973121 ], [ 0.82049215019543, 44.629382719538349 ], [ 0.820852221415877, 44.629576582009292 ], [ 0.82115054837864, 44.629724616320111 ], [ 0.821511109855961, 44.6299004927276 ], [ 0.821797090761415, 44.630039359951368 ], [ 0.822096151083179, 44.630160415809534 ], [ 0.822482631411219, 44.630309659787656 ], [ 0.822644633952402, 44.630374856148258 ], [ 0.822844414240355, 44.63044057198973 ], [ 0.823006660237894, 44.630496775841088 ], [ 0.823581790314196, 44.630657606091702 ], [ 0.823969005530743, 44.630779868948302 ], [ 0.82440659269489, 44.630902822698758 ], [ 0.824681447625355, 44.630987557534816 ], [ 0.825105960704283, 44.631128319478393 ], [ 0.825268210953068, 44.631184520026011 ], [ 0.82543046152667, 44.631240720336827 ], [ 0.825592227929363, 44.6313149043973 ], [ 0.825791288363136, 44.631407590918791 ], [ 0.826114581345761, 44.631564949757738 ], [ 0.826337618359563, 44.631702941012406 ], [ 0.826535713003966, 44.63183159420138 ], [ 0.826782727435626, 44.632014890198896 ], [ 0.827029743480134, 44.632198185662375 ], [ 0.827412379575072, 44.632491284578172 ], [ 0.827795745369183, 44.632757406199623 ], [ 0.828190740493773, 44.63305966718611 ], [ 0.828301901651257, 44.63314214884074 ], [ 0.828474577861797, 44.633279445430937 ], [ 0.828598333001339, 44.633362099390922 ], [ 0.828771735857684, 44.633472419501807 ], [ 0.828995270405484, 44.63359242151099 ], [ 0.829082455892164, 44.63362959727047 ], [ 0.829244475676595, 44.633694784066222 ], [ 0.829530736664081, 44.633824639535582 ], [ 0.829879723737017, 44.633964348476908 ], [ 0.830266009428525, 44.634122557537303 ], [ 0.830539681624254, 44.634252238030435 ], [ 0.831371609865944, 44.634704391918596 ], [ 0.83171915929727, 44.634898047255184 ], [ 0.832116602802651, 44.635110374299352 ], [ 0.832328039833037, 44.635212213436439 ], [ 0.832490550273449, 44.635259411470138 ], [ 0.832816536407165, 44.63531783870625 ], [ 0.833280570708773, 44.635396141636583 ], [ 0.833656691943858, 44.635464246597628 ], [ 0.834020702290453, 44.635514194250867 ], [ 0.834196772220926, 44.635525593606076 ], [ 0.834498778582145, 44.635538711821525 ], [ 0.834650143038827, 44.635531782566339 ], [ 0.834827176300536, 44.635507212774122 ], [ 0.834839769930826, 44.635507384642771 ], [ 0.835181242359106, 44.635458072335133 ], [ 0.835573329296311, 44.635400454078344 ], [ 0.835901966217269, 44.635359959785958 ], [ 0.835965174824795, 44.635351826461893 ], [ 0.836053570608658, 44.635344036562294 ], [ 0.836167153559995, 44.635336590026462 ], [ 0.836381004167154, 44.635348501028126 ], [ 0.837097877768079, 44.635394253265893 ], [ 0.837613254558241, 44.635437256214217 ], [ 0.838266921884089, 44.63549113511796 ], [ 0.838392618043831, 44.635501841849027 ], [ 0.838707218901271, 44.635515119981306 ], [ 0.838427516441203, 44.635610260765795 ], [ 0.838338640117637, 44.635636036662383 ], [ 0.83805797534894, 44.6357671446913 ], [ 0.83776423490608, 44.635916064565485 ], [ 0.837610226025378, 44.636021910591701 ], [ 0.837467848875, 44.636163896153903 ], [ 0.83726033831458, 44.63638595200716 ], [ 0.83693635526034, 44.63672335948317 ], [ 0.836611887296332, 44.637078750141207 ], [ 0.836417926165391, 44.63726500795935 ], [ 0.836315249483543, 44.637335570777793 ], [ 0.836073316096726, 44.637431220720309 ], [ 0.835869886030722, 44.637500409255068 ], [ 0.835819028435874, 44.637517706330172 ], [ 0.835386978320868, 44.637655738476191 ], [ 0.834827299072506, 44.637854994608858 ], [ 0.834369332937709, 44.638019655160136 ], [ 0.834089369732047, 44.638123777023409 ], [ 0.83398717041876, 44.638176353597281 ], [ 0.833576443254518, 44.638458595305295 ], [ 0.833281953698135, 44.63863447946931 ], [ 0.83333184892728, 44.638653151740016 ], [ 0.833544265530799, 44.638719020572942 ], [ 0.833681598429582, 44.638765872916956 ], [ 0.83383152592633, 44.638812897077557 ], [ 0.834818294012153, 44.639132209135582 ], [ 0.835168049483719, 44.639244925631644 ], [ 0.836646829473794, 44.640011704318859 ], [ 0.836820749660902, 44.640104028074362 ], [ 0.836807914503993, 44.640112848488904 ], [ 0.836680765263785, 44.640156092254635 ], [ 0.836982406867824, 44.640654946700174 ], [ 0.83699476119775, 44.640664110388443 ], [ 0.837106671681374, 44.640719607333061 ], [ 0.837405100719479, 44.64086759863914 ], [ 0.837454758915766, 44.640895261134474 ], [ 0.837454518526586, 44.640904253199253 ], [ 0.837452835800171, 44.640967197653673 ], [ 0.837439760153328, 44.640985010210244 ], [ 0.837439279369318, 44.641002994340475 ], [ 0.837397407976774, 44.641155344722229 ], [ 0.837396686778101, 44.641182320919476 ], [ 0.837408800893946, 44.641200476629876 ], [ 0.837429663624401, 44.641362676976584 ], [ 0.837441056609582, 44.641407808885425 ], [ 0.837450766867892, 44.64151588526461 ], [ 0.837437210303212, 44.641551681959974 ], [ 0.83732048956955, 44.641676026670339 ], [ 0.837216603799356, 44.641791550795972 ], [ 0.837190692398848, 44.641818183795905 ], [ 0.837164780973755, 44.641844816789956 ], [ 0.837018540508698, 44.642130675214659 ], [ 0.836830905560964, 44.642550899598469 ], [ 0.83681734835104, 44.642586696233053 ], [ 0.8368168673539, 44.642604680373466 ], [ 0.836707687462749, 44.642918029625122 ], [ 0.83666773685239, 44.642998443282316 ], [ 0.836653938903738, 44.643043231975277 ], [ 0.836640862519801, 44.64306104445221 ], [ 0.8366569131843, 44.643403086536821 ], [ 0.8366433556576, 44.64343888316332 ], [ 0.836654507903529, 44.643493007270223 ], [ 0.83656931365595, 44.643851660211361 ], [ 0.836428684046845, 44.644398459991365 ], [ 0.836358969666994, 44.644649379669389 ], [ 0.83625531701292, 44.644755910949534 ], [ 0.836240074700428, 44.644854652093549 ], [ 0.836131127832481, 44.645159009001922 ], [ 0.836041994701691, 44.645193775193867 ], [ 0.836028436350334, 44.645229571772255 ], [ 0.836109388361529, 44.645500536306031 ], [ 0.836234950373437, 44.645987997665301 ], [ 0.836195237513866, 44.646059419175025 ], [ 0.836191628309617, 44.646194300424867 ], [ 0.836202540054709, 44.646257416731203 ], [ 0.836237922123695, 44.646347852725107 ], [ 0.836274026112812, 44.646411312457431 ], [ 0.83634719669895, 44.646502263551369 ], [ 0.836433204221858, 44.646584394209427 ], [ 0.836469789727058, 44.646629869713358 ], [ 0.83651873086882, 44.646684508977096 ], [ 0.836554835391952, 44.646747968628759 ], [ 0.836590939996719, 44.646811428270681 ], [ 0.836638678687418, 44.646911027924304 ], [ 0.836662187283151, 44.646974315877308 ], [ 0.836673340249632, 44.647028440073498 ], [ 0.836685455393195, 44.64704659591581 ], [ 0.836760551690918, 44.647065610056345 ], [ 0.836848003760643, 44.647093787881957 ], [ 0.836872234196809, 44.647130099528518 ], [ 0.836934253422152, 44.6471669260863 ], [ 0.836971320700286, 44.647194417258525 ], [ 0.836995310769776, 44.647239720970028 ], [ 0.836991703412181, 44.647374602325257 ], [ 0.836971170798394, 44.647671169704182 ], [ 0.836965879875554, 44.647868995732942 ], [ 0.836945106442501, 44.648174555268199 ], [ 0.83694173940725, 44.648300444585615 ], [ 0.836941017897732, 44.648327420868817 ], [ 0.836920725175339, 44.648614996272357 ], [ 0.836919041619044, 44.648677940942584 ], [ 0.836928992636953, 44.64877702563836 ], [ 0.836925385021144, 44.648911907087154 ], [ 0.836923220443334, 44.648992835960435 ], [ 0.836853262046309, 44.649252748576671 ], [ 0.836853021524956, 44.64926174067481 ], [ 0.836796380843173, 44.649494848634788 ], [ 0.836725940145318, 44.649772745427519 ], [ 0.836641939616563, 44.650086438941841 ], [ 0.836584816088042, 44.650337531081604 ], [ 0.836571256840293, 44.650373327810016 ], [ 0.836554810686208, 44.650517029765616 ], [ 0.836538364447904, 44.650660731728131 ], [ 0.836548074568604, 44.65076880865228 ], [ 0.836534996351142, 44.650786621175627 ], [ 0.836495521063522, 44.650849050840876 ], [ 0.836480758695291, 44.650929808086381 ], [ 0.836505952887088, 44.65093015146541 ], [ 0.836568697793837, 44.650940001992218 ], [ 0.836515422408887, 44.65104722051057 ], [ 0.83624976431491, 44.651556336468794 ], [ 0.836170330652285, 44.651699179834978 ], [ 0.836169849369695, 44.65171716404803 ], [ 0.836049735431483, 44.651967397435534 ], [ 0.835970782027894, 44.652092256466382 ], [ 0.835826434373909, 44.652306177711957 ], [ 0.835748202132938, 44.652404060274485 ], [ 0.835695645953072, 44.652484302134859 ], [ 0.835264760650782, 44.653045135387131 ], [ 0.835016255282569, 44.653383570498484 ], [ 0.834963937981052, 44.653454819929856 ], [ 0.835001490119129, 44.653464327632882 ], [ 0.835440241380087, 44.653551270928133 ], [ 0.835904189404342, 44.65363855600291 ], [ 0.836092192295319, 44.653677100680902 ], [ 0.836167297263916, 44.653696115308534 ], [ 0.836242402283401, 44.653715129885228 ], [ 0.83637977412936, 44.653761979297734 ], [ 0.836479593579321, 44.653799321351443 ], [ 0.836591529744918, 44.653854819229792 ], [ 0.836653556217123, 44.653891646080716 ], [ 0.836788523320579, 44.654028416162404 ], [ 0.836887381370445, 44.654101726325464 ], [ 0.836936569963315, 44.654147373493565 ], [ 0.836960803502002, 44.654183685248121 ], [ 0.836958879297731, 44.654255622200495 ], [ 0.836970515045631, 44.654291762315545 ], [ 0.837044899597462, 44.654337752711697 ], [ 0.837107407905995, 44.654356595077687 ], [ 0.83719487151074, 44.654384772755009 ], [ 0.83726949684652, 44.654421770881726 ], [ 0.837355517855463, 44.654503901158591 ], [ 0.837380232738259, 44.654522228585208 ], [ 0.837480054206046, 44.654559569750766 ], [ 0.837542803341399, 44.654569419750693 ], [ 0.837593195006012, 44.654570106027236 ], [ 0.837707057070547, 44.654553665820302 ], [ 0.837757689122162, 44.654545359899139 ], [ 0.837984451537246, 44.65454844751924 ], [ 0.838198616063298, 44.654551363176139 ], [ 0.838249007719722, 44.654552049152542 ], [ 0.838286561148455, 44.654561555743634 ], [ 0.838324114589911, 44.654571062322013 ], [ 0.838435573537016, 44.654644542603684 ], [ 0.838547513322563, 44.654700038525327 ], [ 0.838670850022262, 44.654800666408242 ], [ 0.8388315006904, 44.654919792693292 ], [ 0.838918725823664, 44.65495696114057 ], [ 0.838956519845605, 44.654957475378737 ], [ 0.838994313868238, 44.654957989603943 ], [ 0.839107936124826, 44.654950540073997 ], [ 0.839209200514516, 44.654933926917856 ], [ 0.83939865084261, 44.654918513223528 ], [ 0.839537949194043, 44.6548934217099 ], [ 0.839588101066646, 44.654903099203118 ], [ 0.839663689050945, 44.654904127206827 ], [ 0.839689125137506, 44.654895477734151 ], [ 0.839828423301903, 44.654870385852774 ], [ 0.839916849292142, 44.654862592863275 ], [ 0.839967481295416, 44.654854285924699 ], [ 0.840055907240982, 44.654846492823481 ], [ 0.840119137193355, 44.654838357099095 ], [ 0.840257715024666, 44.65484024106415 ], [ 0.840370856911889, 44.654850774491024 ], [ 0.840446204870407, 44.654860794088044 ], [ 0.840509434782315, 44.654852658139411 ], [ 0.840572664675891, 44.654844522154427 ], [ 0.840661090522044, 44.654836728566956 ], [ 0.840711482464782, 44.654837413417368 ], [ 0.840861938591408, 44.654866444225888 ], [ 0.840924688663385, 44.65487629230261 ], [ 0.841050908492267, 44.654869011951597 ], [ 0.841088942341262, 44.65486053332527 ], [ 0.84116501000478, 44.654843576033187 ], [ 0.841330222831073, 44.654791848165296 ], [ 0.841444324060116, 44.654766411957603 ], [ 0.841672286435305, 44.654724531321058 ], [ 0.842077099259232, 44.65466706083312 ], [ 0.842367810814144, 44.654635026139367 ], [ 0.842607651036631, 44.65462029098984 ], [ 0.842872687013951, 44.654605897245162 ], [ 0.843352606321733, 44.654567432085855 ], [ 0.843554652205017, 44.654552182144023 ], [ 0.84390835194334, 44.65452099778404 ], [ 0.843997255615007, 44.654495217239059 ], [ 0.844200976628437, 44.654417021140908 ], [ 0.844493600229281, 44.654313043722176 ], [ 0.84491339757773, 44.654165812188289 ], [ 0.84509518864871, 44.654438137175916 ], [ 0.845263905118373, 44.654728275500368 ], [ 0.845324024744271, 44.654837034646228 ], [ 0.845359666102933, 44.654918475979926 ], [ 0.845371785759673, 44.654936630945286 ], [ 0.845370350673333, 44.654990583810324 ], [ 0.845153074290143, 44.655104579966967 ], [ 0.844998308962887, 44.655237413602677 ], [ 0.844920327887713, 44.655326310702385 ], [ 0.844804552181451, 44.655414695530695 ], [ 0.844727766985192, 44.655458631775794 ], [ 0.844548760603289, 44.655555154711955 ], [ 0.844395907326299, 44.655616050362809 ], [ 0.844179105292959, 44.655712060329158 ], [ 0.8440901997772, 44.655737841030366 ], [ 0.843976097772357, 44.655763279989024 ], [ 0.843697740048347, 44.655804481944642 ], [ 0.843571039512776, 44.65582974961395 ], [ 0.843406065196268, 44.655872488723219 ], [ 0.843329757303231, 44.655898439712161 ], [ 0.843202577324677, 44.655941691243193 ], [ 0.842883787975934, 44.656081291927414 ], [ 0.842539800437299, 44.656220549693245 ], [ 0.8424753710265, 44.656273647519157 ], [ 0.842436617458718, 44.6563091030539 ], [ 0.842420903563961, 44.656425829889535 ], [ 0.842430865669315, 44.656524914474396 ], [ 0.842454384823923, 44.656588201501997 ], [ 0.842439869178668, 44.656659967636863 ], [ 0.842436034641668, 44.656803841938341 ], [ 0.842434357025548, 44.656866786948136 ], [ 0.842332850426912, 44.656892395222286 ], [ 0.842319772618499, 44.656910208484355 ], [ 0.842253904073512, 44.657017259062322 ], [ 0.842214910156644, 44.657061706674114 ], [ 0.842149760353634, 44.657141780761307 ], [ 0.842085569233176, 44.657185886232867 ], [ 0.841944108672972, 44.65729191028575 ], [ 0.841918192359248, 44.65731854457659 ], [ 0.841878718465427, 44.657380976364436 ], [ 0.841826166390286, 44.657461221346963 ], [ 0.841836846904608, 44.657533329593797 ], [ 0.841836607146269, 44.657542321739385 ], [ 0.841869847628005, 44.65771368575696 ], [ 0.841916166480582, 44.657867236559007 ], [ 0.841915926733523, 44.657876228706222 ], [ 0.841784665121941, 44.658072345133895 ], [ 0.841718314632064, 44.658197379738695 ], [ 0.841639365075528, 44.658322243204644 ], [ 0.841650285305557, 44.658385359349474 ], [ 0.841674044147854, 44.658439654448976 ], [ 0.841709922280361, 44.658512104942197 ], [ 0.841708963148458, 44.65854807353972 ], [ 0.841720842626688, 44.658575221085833 ], [ 0.841720123282315, 44.658602197534783 ], [ 0.841732242557147, 44.658620352930576 ], [ 0.841731043657644, 44.658665313680132 ], [ 0.841743642505944, 44.658665484775156 ], [ 0.841754562920039, 44.658728600920121 ], [ 0.841800402755013, 44.658900136146393 ], [ 0.841811323278604, 44.658963252292864 ], [ 0.841823442660913, 44.658981407681942 ], [ 0.841847201923082, 44.659035702760235 ], [ 0.841894960341216, 44.659135300753533 ], [ 0.841919199242101, 44.659171611515376 ], [ 0.841918959489954, 44.659180603667963 ], [ 0.841943198425935, 44.659216914425386 ], [ 0.841955317905688, 44.659235069802371 ], [ 0.841967677137972, 44.65924423302517 ], [ 0.84199215587384, 44.659271551619817 ], [ 0.841991676391997, 44.65928953592632 ], [ 0.842003076685368, 44.659334667758955 ], [ 0.842013997521459, 44.659397783898825 ], [ 0.842037757144271, 44.659452078947481 ], [ 0.842049876705401, 44.659470234316224 ], [ 0.842098594753291, 44.659533863625072 ], [ 0.842110234905518, 44.659570003297326 ], [ 0.842108796564934, 44.659623956226419 ], [ 0.842183192395393, 44.659669943296002 ], [ 0.842219551384615, 44.659724409357032 ], [ 0.842293228354802, 44.659797372822851 ], [ 0.842317228108187, 44.659842675666006 ], [ 0.84236642614971, 44.659888320555716 ], [ 0.842391145040307, 44.659906646914308 ], [ 0.84240350449166, 44.659915810091604 ], [ 0.842464582804684, 44.659988602430154 ], [ 0.842489062107144, 44.660015920925332 ], [ 0.842611938267532, 44.660134529009028 ], [ 0.842624537448366, 44.660134700004306 ], [ 0.842934485529528, 44.660327809770607 ], [ 0.842959204799224, 44.660346136006474 ], [ 0.842945886792059, 44.660372941529964 ], [ 0.843741222605878, 44.660797519397448 ], [ 0.843865300362833, 44.660871165314731 ], [ 0.84377447083181, 44.660968883119068 ], [ 0.843760674136621, 44.661013673079481 ], [ 0.843742088057935, 44.661238306350057 ], [ 0.843737298665755, 44.661418149675711 ], [ 0.843730832937606, 44.661660938188582 ], [ 0.843738403568584, 44.661849944586052 ], [ 0.843756418632749, 44.662120051391419 ], [ 0.843768060389086, 44.662156190935981 ], [ 0.84377922322649, 44.662210314819966 ], [ 0.843777546955326, 44.662273260011112 ], [ 0.843750431851026, 44.662344855642857 ], [ 0.843656725882665, 44.662550479462539 ], [ 0.843590853267445, 44.662657531107754 ], [ 0.843486702046411, 44.662782054374695 ], [ 0.843421547416752, 44.662862129412474 ], [ 0.843187803734122, 44.663119825863632 ], [ 0.842993055624941, 44.663333073850673 ], [ 0.84290222059, 44.663430791031345 ], [ 0.842824224807887, 44.663519686942443 ], [ 0.84281066635507, 44.663555484659632 ], [ 0.842769751257818, 44.663671869977655 ], [ 0.842687680904943, 44.663913632759737 ], [ 0.842659844655428, 44.664012204694743 ], [ 0.84261940823451, 44.664110605629695 ], [ 0.842592770095859, 44.664164216680348 ], [ 0.842525455495929, 44.664325220810198 ], [ 0.84248453924585, 44.6644416060604 ], [ 0.842443383134909, 44.6645669834774 ], [ 0.842401268046228, 44.664728329592805 ], [ 0.842393837352431, 44.665007087092029 ], [ 0.842403081833502, 44.665133148611112 ], [ 0.8424018833323, 44.665178109504083 ], [ 0.842401164230656, 44.665205086040316 ], [ 0.842399006921577, 44.665286015650921 ], [ 0.842409449961308, 44.665367116288088 ], [ 0.842408011759759, 44.665421069365628 ], [ 0.842402019223527, 44.665645873869643 ], [ 0.842399622195588, 44.66573579567762 ], [ 0.842396266343561, 44.665861686214896 ], [ 0.842393629592117, 44.665960600213552 ], [ 0.842347677903891, 44.666265821333887 ], [ 0.842347438190086, 44.666274813516942 ], [ 0.842623931491731, 44.666305552391684 ], [ 0.842787259575197, 44.666325759624769 ], [ 0.842850022800111, 44.666335606692698 ], [ 0.843038552210505, 44.666356155497262 ], [ 0.843151717840093, 44.666366686188248 ], [ 0.843541617344047, 44.666398961152154 ], [ 0.843868274833375, 44.666439372660001 ], [ 0.843956479037381, 44.666440568621432 ], [ 0.844296216483521, 44.666463165331692 ], [ 0.844459545627993, 44.666483370089296 ], [ 0.845025376816925, 44.666536015093108 ], [ 0.845553167949298, 44.666597137401418 ], [ 0.846093800002874, 44.666649435593946 ], [ 0.846533388680743, 44.66670935896304 ], [ 0.84686005013164, 44.66674976161427 ], [ 0.847298445800309, 44.666854642923795 ], [ 0.847774645294857, 44.666960033734874 ], [ 0.848313611589251, 44.667075266459776 ], [ 0.848514268789093, 44.667113960662761 ], [ 0.848814777745284, 44.667189985691905 ], [ 0.848952431735889, 44.66722782762595 ], [ 0.849090324549647, 44.66725667718439 ], [ 0.849392266586949, 44.667278747416738 ], [ 0.849568439311899, 44.667290122636018 ], [ 0.849656167880772, 44.667309298449702 ], [ 0.849893913784239, 44.66737547734774 ], [ 0.850031330470391, 44.667422310147387 ], [ 0.850143784154182, 44.667459810292783 ], [ 0.850243160223592, 44.667515124614617 ], [ 0.850442389794878, 44.667607768575643 ], [ 0.850591693205777, 44.667681747418882 ], [ 0.850915264729158, 44.667839036826642 ], [ 0.850977316060279, 44.667875855914538 ], [ 0.851113543295986, 44.667967648443373 ], [ 0.85131158448674, 44.668105251927251 ], [ 0.851608528974975, 44.668316152614544 ], [ 0.85842973711359, 44.668255028828014 ], [ 0.862846327303335, 44.668557117090401 ], [ 0.86581028641238, 44.668974561783259 ], [ 0.869900174501145, 44.669721771318763 ], [ 0.881587763222233, 44.672557483734487 ], [ 0.891189346621563, 44.675175678739123 ], [ 0.900867607541757, 44.678279786344028 ], [ 0.908000206511802, 44.681377058372114 ], [ 0.912776908383138, 44.683930675620992 ], [ 0.915726897370329, 44.685938785596235 ], [ 0.917840489537402, 44.687621199896597 ], [ 0.920870571538251, 44.690466774450336 ], [ 0.92371072472061, 44.693354804890099 ], [ 0.926800767582811, 44.696848654705207 ], [ 0.930365088488174, 44.701059110214267 ], [ 0.941201340135857, 44.717685529723518 ] ] ] ] } }
]
}
