{
"type": "FeatureCollection",
"crs": { "type": "name", "properties": { "name": "urn:ogc:def:crs:OGC:1.3:CRS84" } },
"name": "Site Patrimonial Remarquable",
"color": "#FFFF70",
"active": "true",
"interactive": "true",
"description": "Un site patrimonial remarquable (SPR) est un site dont la conservation, la restauration, la réhabilitation ou la mise en valeur présente un intérêt public.",

"features": [
{ "type": "Feature", "properties": { "LIBELLE": "Site patrimonial remarquable du canal de Lalinde", "ZONE": "Aménagement d'espace public", "COMMUNE": "BANEUIL" }, "geometry": { "type": "MultiPolygon", "coordinates": [ [ [ [ 0.68849, 44.8513 ], [ 0.68844, 44.85131 ], [ 0.68877, 44.85134 ], [ 0.68967, 44.85129 ], [ 0.68964, 44.85102 ], [ 0.69016, 44.85098 ], [ 0.69035, 44.85054 ], [ 0.68996, 44.85043 ], [ 0.68995, 44.85042 ], [ 0.69002, 44.85027 ], [ 0.68999, 44.85027 ], [ 0.68932, 44.85013 ], [ 0.68921, 44.85011 ], [ 0.6892, 44.85013 ], [ 0.68917, 44.85015 ], [ 0.68916, 44.85022 ], [ 0.68908, 44.85037 ], [ 0.68898, 44.85053 ], [ 0.68892, 44.85066 ], [ 0.68884, 44.8508 ], [ 0.68876, 44.85094 ], [ 0.68874, 44.85098 ], [ 0.68872, 44.85103 ], [ 0.6887, 44.85104 ], [ 0.68869, 44.85109 ], [ 0.68866, 44.85116 ], [ 0.68866, 44.85119 ], [ 0.68863, 44.85123 ], [ 0.68862, 44.85124 ], [ 0.6886, 44.85125 ], [ 0.68857, 44.85127 ], [ 0.68856, 44.85129 ], [ 0.68852, 44.8513 ], [ 0.68849, 44.8513 ] ] ] ] } },
{ "type": "Feature", "properties": { "LIBELLE": "Site patrimonial remarquable du canal de Lalinde", "ZONE": "Bâti ancien", "COMMUNE": "BANEUIL" }, "geometry": { "type": "MultiPolygon", "coordinates": [ [ [ [ 0.69097, 44.85228 ], [ 0.69096, 44.85221 ], [ 0.69095, 44.85215 ], [ 0.6894, 44.85234 ], [ 0.68939, 44.85232 ], [ 0.68937, 44.85229 ], [ 0.68935, 44.85225 ], [ 0.6893, 44.85217 ], [ 0.68924, 44.85207 ], [ 0.68921, 44.85202 ], [ 0.68902, 44.85173 ], [ 0.68893, 44.85159 ], [ 0.68889, 44.85153 ], [ 0.68881, 44.85141 ], [ 0.68877, 44.85134 ], [ 0.68844, 44.85131 ], [ 0.68832, 44.85131 ], [ 0.68799, 44.85133 ], [ 0.68778, 44.85133 ], [ 0.68738, 44.85135 ], [ 0.68743, 44.85142 ], [ 0.68753, 44.8518 ], [ 0.68761, 44.85212 ], [ 0.68772, 44.85257 ], [ 0.68773, 44.85265 ], [ 0.68773, 44.85267 ], [ 0.68773, 44.8527 ], [ 0.68773, 44.8527 ], [ 0.68773, 44.85273 ], [ 0.68773, 44.85277 ], [ 0.68774, 44.85281 ], [ 0.68777, 44.85283 ], [ 0.68779, 44.85289 ], [ 0.68781, 44.85292 ], [ 0.68784, 44.85295 ], [ 0.6879, 44.853 ], [ 0.68804, 44.85309 ], [ 0.68806, 44.85309 ], [ 0.6881, 44.85314 ], [ 0.6881, 44.85316 ], [ 0.68812, 44.85315 ], [ 0.68813, 44.85319 ], [ 0.68813, 44.85319 ], [ 0.68817, 44.85323 ], [ 0.68827, 44.85328 ], [ 0.68832, 44.85337 ], [ 0.68837, 44.85347 ], [ 0.68875, 44.85405 ], [ 0.68878, 44.85405 ], [ 0.68884, 44.85397 ], [ 0.68885, 44.85392 ], [ 0.68883, 44.85388 ], [ 0.68884, 44.85382 ], [ 0.68885, 44.85379 ], [ 0.68885, 44.85375 ], [ 0.68982, 44.85357 ], [ 0.68989, 44.85355 ], [ 0.69006, 44.85351 ], [ 0.69014, 44.85349 ], [ 0.69038, 44.85343 ], [ 0.69053, 44.85339 ], [ 0.69051, 44.85333 ], [ 0.69074, 44.85326 ], [ 0.69068, 44.85318 ], [ 0.6906, 44.8531 ], [ 0.69054, 44.85298 ], [ 0.69091, 44.85293 ], [ 0.69084, 44.85271 ], [ 0.69082, 44.85265 ], [ 0.69082, 44.85261 ], [ 0.6909, 44.8526 ], [ 0.69104, 44.85258 ], [ 0.69102, 44.85253 ], [ 0.69097, 44.85228 ] ] ] ] } },
{ "type": "Feature", "properties": { "LIBELLE": "Site patrimonial remarquable du canal de Lalinde", "ZONE": "Dominante naturelle", "COMMUNE": "BANEUIL" }, "geometry": { "type": "MultiPolygon", "coordinates": [ [ [ [ 0.69316, 44.8506 ], [ 0.69313, 44.85061 ], [ 0.69285, 44.85069 ], [ 0.69219, 44.85085 ], [ 0.69184, 44.85094 ], [ 0.69161, 44.851 ], [ 0.69071, 44.85114 ], [ 0.69095, 44.85215 ], [ 0.69096, 44.85221 ], [ 0.69096, 44.85221 ], [ 0.69097, 44.85228 ], [ 0.69102, 44.85253 ], [ 0.69104, 44.85258 ], [ 0.69111, 44.85257 ], [ 0.69119, 44.85256 ], [ 0.69125, 44.85256 ], [ 0.6913, 44.85256 ], [ 0.69135, 44.85256 ], [ 0.69138, 44.85256 ], [ 0.69143, 44.85256 ], [ 0.69145, 44.85256 ], [ 0.6915, 44.85254 ], [ 0.69156, 44.85253 ], [ 0.69173, 44.85249 ], [ 0.69179, 44.85247 ], [ 0.69185, 44.85244 ], [ 0.69186, 44.85244 ], [ 0.69192, 44.85236 ], [ 0.69192, 44.85236 ], [ 0.69192, 44.85235 ], [ 0.69193, 44.85234 ], [ 0.69198, 44.85225 ], [ 0.69205, 44.85216 ], [ 0.69209, 44.85212 ], [ 0.6921, 44.85209 ], [ 0.69211, 44.85206 ], [ 0.69213, 44.85203 ], [ 0.69209, 44.85188 ], [ 0.6921, 44.8518 ], [ 0.6921, 44.85179 ], [ 0.69211, 44.85177 ], [ 0.69211, 44.85176 ], [ 0.69212, 44.85174 ], [ 0.69215, 44.85172 ], [ 0.69217, 44.85171 ], [ 0.69221, 44.85169 ], [ 0.69225, 44.85169 ], [ 0.69235, 44.85166 ], [ 0.69245, 44.85164 ], [ 0.69266, 44.8516 ], [ 0.69279, 44.85159 ], [ 0.69285, 44.85158 ], [ 0.6929, 44.85156 ], [ 0.69296, 44.85154 ], [ 0.69303, 44.85153 ], [ 0.69308, 44.85151 ], [ 0.69317, 44.85148 ], [ 0.69322, 44.85147 ], [ 0.69328, 44.85144 ], [ 0.69335, 44.85141 ], [ 0.6934, 44.8514 ], [ 0.6934, 44.85139 ], [ 0.69316, 44.8506 ] ] ] ] } },
{ "type": "Feature", "properties": { "LIBELLE": "Site patrimonial remarquable du canal de Lalinde", "ZONE": "Espace sensible entre Dordogne et canal", "COMMUNE": "MAUZAC ET GRAND CASTANG" }, "geometry": { "type": "MultiPolygon", "coordinates": [ [ [ [ 0.7998, 44.86229 ], [ 0.79974, 44.86165 ], [ 0.79978, 44.86154 ], [ 0.79976, 44.8616 ], [ 0.79999, 44.86106 ], [ 0.80004, 44.86091 ], [ 0.80012, 44.86072 ], [ 0.80023, 44.86042 ], [ 0.80034, 44.86017 ], [ 0.80039, 44.86005 ], [ 0.80046, 44.85991 ], [ 0.80049, 44.85986 ], [ 0.80068, 44.85963 ], [ 0.80075, 44.85947 ], [ 0.80085, 44.85913 ], [ 0.80093, 44.85886 ], [ 0.80095, 44.85877 ], [ 0.80095, 44.85869 ], [ 0.80095, 44.85856 ], [ 0.80092, 44.85841 ], [ 0.80092, 44.8584 ], [ 0.8009, 44.85831 ], [ 0.80106, 44.85798 ], [ 0.80121, 44.8577 ], [ 0.80123, 44.85759 ], [ 0.8013, 44.8574 ], [ 0.80169, 44.85663 ], [ 0.80178, 44.85641 ], [ 0.80188, 44.85618 ], [ 0.80216, 44.85553 ], [ 0.80218, 44.8555 ], [ 0.8023, 44.85525 ], [ 0.80234, 44.85516 ], [ 0.80241, 44.855 ], [ 0.8025, 44.85478 ], [ 0.8026, 44.85452 ], [ 0.80261, 44.85448 ], [ 0.80266, 44.85435 ], [ 0.80271, 44.8542 ], [ 0.80275, 44.85394 ], [ 0.80276, 44.8539 ], [ 0.80277, 44.85386 ], [ 0.80278, 44.85361 ], [ 0.80279, 44.85359 ], [ 0.80278, 44.85339 ], [ 0.80272, 44.85313 ], [ 0.8026, 44.85286 ], [ 0.80254, 44.85272 ], [ 0.80251, 44.85267 ], [ 0.80222, 44.85217 ], [ 0.80181, 44.85189 ], [ 0.80129, 44.85153 ], [ 0.80117, 44.85145 ], [ 0.80083, 44.85121 ], [ 0.8007, 44.85112 ], [ 0.79965, 44.85042 ], [ 0.79959, 44.85037 ], [ 0.79947, 44.8503 ], [ 0.79883, 44.84987 ], [ 0.79878, 44.84983 ], [ 0.7987, 44.84978 ], [ 0.7986, 44.84972 ], [ 0.79852, 44.84965 ], [ 0.79845, 44.84964 ], [ 0.7983, 44.84959 ], [ 0.79808, 44.84951 ], [ 0.79769, 44.84938 ], [ 0.79755, 44.84934 ], [ 0.79748, 44.8493 ], [ 0.79733, 44.84922 ], [ 0.79724, 44.84917 ], [ 0.79718, 44.84914 ], [ 0.79714, 44.84911 ], [ 0.7971, 44.8491 ], [ 0.7969, 44.84902 ], [ 0.79657, 44.84888 ], [ 0.79628, 44.84876 ], [ 0.79622, 44.84873 ], [ 0.79599, 44.84864 ], [ 0.79595, 44.84862 ], [ 0.79574, 44.84854 ], [ 0.79572, 44.84853 ], [ 0.79542, 44.8484 ], [ 0.7953, 44.84834 ], [ 0.79525, 44.84831 ], [ 0.79517, 44.84826 ], [ 0.79497, 44.84815 ], [ 0.79471, 44.84801 ], [ 0.79446, 44.84788 ], [ 0.79417, 44.84772 ], [ 0.79412, 44.8477 ], [ 0.7939, 44.84758 ], [ 0.79343, 44.84736 ], [ 0.79326, 44.84729 ], [ 0.79291, 44.84712 ], [ 0.7928, 44.84707 ], [ 0.79266, 44.847 ], [ 0.79226, 44.84681 ], [ 0.79151, 44.84643 ], [ 0.79128, 44.84629 ], [ 0.79101, 44.84613 ], [ 0.79074, 44.84597 ], [ 0.7904, 44.8458 ], [ 0.79024, 44.84572 ], [ 0.78992, 44.84621 ], [ 0.78974, 44.84647 ], [ 0.78962, 44.84665 ], [ 0.78958, 44.84671 ], [ 0.78944, 44.84693 ], [ 0.7894, 44.84701 ], [ 0.78937, 44.84705 ], [ 0.78934, 44.84709 ], [ 0.78947, 44.84718 ], [ 0.78951, 44.8472 ], [ 0.78954, 44.84724 ], [ 0.78958, 44.84726 ], [ 0.78967, 44.84732 ], [ 0.79007, 44.84765 ], [ 0.79147, 44.84885 ], [ 0.79188, 44.84919 ], [ 0.79264, 44.84985 ], [ 0.79337, 44.85047 ], [ 0.79353, 44.85062 ], [ 0.79502, 44.85191 ], [ 0.79505, 44.85195 ], [ 0.79519, 44.85206 ], [ 0.79526, 44.85212 ], [ 0.79676, 44.85342 ], [ 0.79684, 44.8535 ], [ 0.79707, 44.85369 ], [ 0.79729, 44.8539 ], [ 0.79752, 44.85413 ], [ 0.79761, 44.85424 ], [ 0.79781, 44.85455 ], [ 0.798, 44.85484 ], [ 0.79802, 44.85488 ], [ 0.79813, 44.85507 ], [ 0.79826, 44.85534 ], [ 0.79831, 44.85547 ], [ 0.79839, 44.85573 ], [ 0.79843, 44.85591 ], [ 0.79843, 44.85594 ], [ 0.79851, 44.85653 ], [ 0.79851, 44.85664 ], [ 0.79853, 44.85664 ], [ 0.79864, 44.85664 ], [ 0.79867, 44.85694 ], [ 0.79878, 44.85789 ], [ 0.79887, 44.85873 ], [ 0.79915, 44.86144 ], [ 0.7992, 44.86193 ], [ 0.79925, 44.86227 ], [ 0.79949, 44.86225 ], [ 0.79956, 44.86225 ], [ 0.79974, 44.86225 ], [ 0.7998, 44.86229 ] ] ], [ [ [ 0.80068, 44.85963 ], [ 0.8009, 44.85927 ], [ 0.80092, 44.85921 ], [ 0.80068, 44.85963 ] ] ] ] } },
{ "type": "Feature", "properties": { "LIBELLE": "Site patrimonial remarquable du canal de Lalinde", "ZONE": "Développement urbain", "COMMUNE": "MAUZAC ET GRAND CASTANG" }, "geometry": { "type": "MultiPolygon", "coordinates": [ [ [ [ 0.78427, 44.85313 ], [ 0.78428, 44.85322 ], [ 0.78414, 44.85335 ], [ 0.78341, 44.85395 ], [ 0.78354, 44.85449 ], [ 0.78363, 44.85486 ], [ 0.78355, 44.85496 ], [ 0.78351, 44.855 ], [ 0.78292, 44.85575 ], [ 0.78322, 44.85587 ], [ 0.78349, 44.85598 ], [ 0.78356, 44.856 ], [ 0.78359, 44.85602 ], [ 0.78403, 44.85619 ], [ 0.7843, 44.8563 ], [ 0.78476, 44.85649 ], [ 0.78483, 44.85653 ], [ 0.7849, 44.85655 ], [ 0.785, 44.85659 ], [ 0.78513, 44.85666 ], [ 0.78525, 44.8567 ], [ 0.78541, 44.85677 ], [ 0.7855, 44.85678 ], [ 0.78555, 44.85671 ], [ 0.78561, 44.85663 ], [ 0.78564, 44.85664 ], [ 0.78576, 44.8565 ], [ 0.78581, 44.85649 ], [ 0.78601, 44.85659 ], [ 0.78624, 44.85671 ], [ 0.78783, 44.85755 ], [ 0.78879, 44.85806 ], [ 0.7894, 44.85842 ], [ 0.78965, 44.85857 ], [ 0.78972, 44.85861 ], [ 0.78987, 44.85871 ], [ 0.79003, 44.8588 ], [ 0.79026, 44.85891 ], [ 0.79074, 44.85909 ], [ 0.79083, 44.85913 ], [ 0.79087, 44.85915 ], [ 0.79099, 44.8592 ], [ 0.79111, 44.85926 ], [ 0.79118, 44.8593 ], [ 0.79129, 44.85938 ], [ 0.7914, 44.85945 ], [ 0.79165, 44.85959 ], [ 0.79172, 44.85964 ], [ 0.79184, 44.8597 ], [ 0.79207, 44.85982 ], [ 0.79214, 44.85985 ], [ 0.79225, 44.85995 ], [ 0.79233, 44.86002 ], [ 0.79238, 44.86005 ], [ 0.79246, 44.8602 ], [ 0.79254, 44.86031 ], [ 0.79261, 44.86041 ], [ 0.79258, 44.86043 ], [ 0.79262, 44.86048 ], [ 0.79271, 44.86057 ], [ 0.79274, 44.86059 ], [ 0.79281, 44.86077 ], [ 0.79299, 44.86069 ], [ 0.79328, 44.86113 ], [ 0.79368, 44.86101 ], [ 0.79389, 44.86141 ], [ 0.79398, 44.86153 ], [ 0.79408, 44.86165 ], [ 0.79415, 44.86173 ], [ 0.79425, 44.86182 ], [ 0.79459, 44.86214 ], [ 0.79471, 44.86221 ], [ 0.79519, 44.86262 ], [ 0.79521, 44.86263 ], [ 0.79524, 44.86263 ], [ 0.79533, 44.86269 ], [ 0.7953, 44.86273 ], [ 0.79536, 44.86277 ], [ 0.7954, 44.86278 ], [ 0.79553, 44.86291 ], [ 0.79572, 44.86305 ], [ 0.79589, 44.86316 ], [ 0.79598, 44.86319 ], [ 0.79602, 44.86316 ], [ 0.79609, 44.86311 ], [ 0.79614, 44.86304 ], [ 0.7962, 44.86307 ], [ 0.79625, 44.86305 ], [ 0.79663, 44.86323 ], [ 0.79678, 44.8633 ], [ 0.79699, 44.86339 ], [ 0.79723, 44.86348 ], [ 0.79739, 44.86355 ], [ 0.79759, 44.86361 ], [ 0.79782, 44.86367 ], [ 0.79783, 44.86323 ], [ 0.79785, 44.86305 ], [ 0.79785, 44.86302 ], [ 0.79785, 44.86299 ], [ 0.79785, 44.86281 ], [ 0.79785, 44.86271 ], [ 0.79786, 44.86259 ], [ 0.79791, 44.86259 ], [ 0.79796, 44.8626 ], [ 0.79824, 44.86261 ], [ 0.79827, 44.86261 ], [ 0.79858, 44.86264 ], [ 0.7988, 44.86265 ], [ 0.79889, 44.86265 ], [ 0.79897, 44.86266 ], [ 0.799, 44.86263 ], [ 0.7991, 44.86242 ], [ 0.79913, 44.86237 ], [ 0.79917, 44.86235 ], [ 0.79913, 44.86228 ], [ 0.79925, 44.86227 ], [ 0.7992, 44.86193 ], [ 0.79915, 44.86144 ], [ 0.79887, 44.85873 ], [ 0.79878, 44.85789 ], [ 0.79867, 44.85694 ], [ 0.79864, 44.85664 ], [ 0.79853, 44.85664 ], [ 0.79851, 44.85664 ], [ 0.79851, 44.85653 ], [ 0.79843, 44.85594 ], [ 0.79843, 44.85591 ], [ 0.79839, 44.85573 ], [ 0.79831, 44.85547 ], [ 0.79826, 44.85534 ], [ 0.79813, 44.85507 ], [ 0.79802, 44.85488 ], [ 0.798, 44.85484 ], [ 0.79781, 44.85455 ], [ 0.79761, 44.85424 ], [ 0.79752, 44.85413 ], [ 0.79729, 44.8539 ], [ 0.79707, 44.85369 ], [ 0.79684, 44.8535 ], [ 0.79676, 44.85342 ], [ 0.79526, 44.85212 ], [ 0.79519, 44.85206 ], [ 0.79505, 44.85195 ], [ 0.79502, 44.85191 ], [ 0.79353, 44.85062 ], [ 0.79337, 44.85047 ], [ 0.79264, 44.84985 ], [ 0.79188, 44.84919 ], [ 0.79147, 44.84885 ], [ 0.79007, 44.84765 ], [ 0.78967, 44.84732 ], [ 0.78958, 44.84726 ], [ 0.78954, 44.84724 ], [ 0.78951, 44.8472 ], [ 0.78947, 44.84718 ], [ 0.78934, 44.84709 ], [ 0.78915, 44.84739 ], [ 0.78846, 44.84843 ], [ 0.78812, 44.84897 ], [ 0.78799, 44.84911 ], [ 0.78758, 44.84955 ], [ 0.7871, 44.85006 ], [ 0.78707, 44.85009 ], [ 0.78702, 44.85013 ], [ 0.78612, 44.85109 ], [ 0.78606, 44.85118 ], [ 0.78586, 44.85138 ], [ 0.78578, 44.85146 ], [ 0.78492, 44.85235 ], [ 0.7849, 44.85239 ], [ 0.78491, 44.85241 ], [ 0.78456, 44.85279 ], [ 0.78427, 44.8531 ], [ 0.78427, 44.85313 ] ] ] ] } },
{ "type": "Feature", "properties": { "LIBELLE": "Site patrimonial remarquable du canal de Lalinde", "ZONE": "Développement artisanal et industriel", "COMMUNE": "BANEUIL" }, "geometry": { "type": "MultiPolygon", "coordinates": [ [ [ [ 0.68779, 44.83657 ], [ 0.68737, 44.83662 ], [ 0.68738, 44.83672 ], [ 0.68771, 44.83912 ], [ 0.68876, 44.83898 ], [ 0.68947, 44.8389 ], [ 0.68995, 44.8388 ], [ 0.69017, 44.83876 ], [ 0.69047, 44.8387 ], [ 0.69051, 44.8387 ], [ 0.69062, 44.83868 ], [ 0.69061, 44.83874 ], [ 0.69062, 44.83879 ], [ 0.6906, 44.83935 ], [ 0.69063, 44.83938 ], [ 0.69107, 44.83935 ], [ 0.69181, 44.83931 ], [ 0.69234, 44.83928 ], [ 0.69257, 44.83925 ], [ 0.69328, 44.83915 ], [ 0.69412, 44.83904 ], [ 0.69424, 44.839 ], [ 0.69441, 44.83897 ], [ 0.69484, 44.83887 ], [ 0.69488, 44.83885 ], [ 0.69467, 44.83825 ], [ 0.69465, 44.83819 ], [ 0.6946, 44.83802 ], [ 0.69468, 44.838 ], [ 0.69482, 44.83798 ], [ 0.69501, 44.83794 ], [ 0.69522, 44.8379 ], [ 0.69523, 44.83793 ], [ 0.69544, 44.83791 ], [ 0.69584, 44.83784 ], [ 0.69587, 44.83783 ], [ 0.69587, 44.83783 ], [ 0.6968, 44.83767 ], [ 0.69687, 44.83767 ], [ 0.69746, 44.83757 ], [ 0.69785, 44.8375 ], [ 0.69844, 44.8374 ], [ 0.69843, 44.83735 ], [ 0.69843, 44.83728 ], [ 0.69879, 44.83726 ], [ 0.69901, 44.83726 ], [ 0.69907, 44.8371 ], [ 0.69909, 44.83709 ], [ 0.69901, 44.83678 ], [ 0.69883, 44.83609 ], [ 0.69866, 44.83546 ], [ 0.69866, 44.83545 ], [ 0.69866, 44.83545 ], [ 0.69866, 44.83544 ], [ 0.69866, 44.83544 ], [ 0.69851, 44.83491 ], [ 0.69851, 44.8349 ], [ 0.69851, 44.8349 ], [ 0.69831, 44.83493 ], [ 0.69817, 44.83495 ], [ 0.69805, 44.83497 ], [ 0.69796, 44.83498 ], [ 0.69779, 44.83501 ], [ 0.69757, 44.83504 ], [ 0.69741, 44.83507 ], [ 0.69723, 44.8351 ], [ 0.69694, 44.83514 ], [ 0.69685, 44.83516 ], [ 0.69674, 44.83517 ], [ 0.69664, 44.83518 ], [ 0.69655, 44.8352 ], [ 0.69643, 44.83521 ], [ 0.69633, 44.83523 ], [ 0.69615, 44.83526 ], [ 0.69611, 44.83531 ], [ 0.69598, 44.83532 ], [ 0.69575, 44.83536 ], [ 0.6955, 44.8354 ], [ 0.69516, 44.83545 ], [ 0.69497, 44.83548 ], [ 0.69484, 44.83552 ], [ 0.69471, 44.83556 ], [ 0.69461, 44.83557 ], [ 0.69428, 44.83562 ], [ 0.69409, 44.83565 ], [ 0.69383, 44.83569 ], [ 0.69348, 44.83574 ], [ 0.69312, 44.83579 ], [ 0.69283, 44.83583 ], [ 0.69242, 44.83588 ], [ 0.6922, 44.83591 ], [ 0.69197, 44.83594 ], [ 0.69173, 44.83598 ], [ 0.69104, 44.83609 ], [ 0.69053, 44.83616 ], [ 0.68872, 44.83642 ], [ 0.68855, 44.83645 ], [ 0.6885, 44.83645 ], [ 0.68827, 44.83649 ], [ 0.68779, 44.83657 ] ] ] ] } },
{ "type": "Feature", "properties": { "LIBELLE": "Site patrimonial remarquable de Capdrot", "ZONE": "Bourg et immeubles", "COMMUNE": "CAPDROT" }, "geometry": { "type": "MultiPolygon", "coordinates": [ [ [ [ 0.92046, 44.68208 ], [ 0.92051, 44.68209 ], [ 0.92057, 44.68207 ], [ 0.92089, 44.68207 ], [ 0.9212, 44.68206 ], [ 0.92137, 44.68204 ], [ 0.92141, 44.68203 ], [ 0.92167, 44.68191 ], [ 0.92198, 44.68183 ], [ 0.92222, 44.68178 ], [ 0.92249, 44.68175 ], [ 0.92258, 44.68175 ], [ 0.92275, 44.68182 ], [ 0.92277, 44.68221 ], [ 0.92287, 44.68223 ], [ 0.92296, 44.68224 ], [ 0.92296, 44.68224 ], [ 0.92306, 44.68222 ], [ 0.9232, 44.68225 ], [ 0.92335, 44.68205 ], [ 0.92339, 44.682 ], [ 0.92346, 44.68191 ], [ 0.92348, 44.68193 ], [ 0.92366, 44.68201 ], [ 0.92394, 44.68213 ], [ 0.92394, 44.68213 ], [ 0.92424, 44.68187 ], [ 0.92414, 44.68181 ], [ 0.92412, 44.6818 ], [ 0.92397, 44.68172 ], [ 0.92382, 44.68164 ], [ 0.92378, 44.68162 ], [ 0.92374, 44.6816 ], [ 0.92366, 44.68154 ], [ 0.92353, 44.68148 ], [ 0.92366, 44.68135 ], [ 0.92366, 44.68132 ], [ 0.92362, 44.68132 ], [ 0.92368, 44.68126 ], [ 0.92351, 44.68122 ], [ 0.92377, 44.68094 ], [ 0.92385, 44.68085 ], [ 0.92393, 44.68079 ], [ 0.9239, 44.68076 ], [ 0.92336, 44.68015 ], [ 0.9233, 44.68008 ], [ 0.92255, 44.68033 ], [ 0.92243, 44.68048 ], [ 0.92212, 44.68084 ], [ 0.92176, 44.68083 ], [ 0.92132, 44.6808 ], [ 0.92114, 44.68079 ], [ 0.92077, 44.6808 ], [ 0.92031, 44.68084 ], [ 0.9198, 44.68087 ], [ 0.91979, 44.68101 ], [ 0.91976, 44.68112 ], [ 0.91976, 44.68118 ], [ 0.9201, 44.6812 ], [ 0.92026, 44.68119 ], [ 0.92034, 44.68118 ], [ 0.92038, 44.68135 ], [ 0.9204, 44.68147 ], [ 0.92043, 44.68149 ], [ 0.92053, 44.68156 ], [ 0.92058, 44.68161 ], [ 0.9206, 44.68169 ], [ 0.9206, 44.68173 ], [ 0.92057, 44.68183 ], [ 0.92046, 44.68208 ] ] ], [ [ [ 0.9186, 44.68064 ], [ 0.91905, 44.68054 ], [ 0.91952, 44.68041 ], [ 0.91975, 44.68034 ], [ 0.92004, 44.68026 ], [ 0.92053, 44.68015 ], [ 0.92079, 44.68015 ], [ 0.9208, 44.6801 ], [ 0.92082, 44.68007 ], [ 0.92108, 44.68006 ], [ 0.92112, 44.68006 ], [ 0.9209, 44.6795 ], [ 0.91935, 44.67919 ], [ 0.91929, 44.6793 ], [ 0.91933, 44.67975 ], [ 0.91932, 44.67986 ], [ 0.91933, 44.67997 ], [ 0.91927, 44.68003 ], [ 0.91901, 44.68015 ], [ 0.91887, 44.68025 ], [ 0.91878, 44.68024 ], [ 0.91877, 44.68024 ], [ 0.91859, 44.68027 ], [ 0.91854, 44.68044 ], [ 0.91854, 44.68051 ], [ 0.9186, 44.68064 ] ] ] ] } },
{ "type": "Feature", "properties": { "LIBELLE": "Site patrimonial remarquable de Lanquais", "ZONE": "Zone d'urbanisation récente", "COMMUNE": "LANQUAIS" }, "geometry": { "type": "MultiPolygon", "coordinates": [ [ [ [ 0.66981, 44.82519 ], [ 0.67011, 44.82517 ], [ 0.6711, 44.82516 ], [ 0.67119, 44.82515 ], [ 0.67125, 44.82516 ], [ 0.67131, 44.82517 ], [ 0.6713, 44.82513 ], [ 0.67131, 44.8251 ], [ 0.67132, 44.82508 ], [ 0.67132, 44.82503 ], [ 0.67133, 44.82499 ], [ 0.67134, 44.82496 ], [ 0.67134, 44.82495 ], [ 0.67136, 44.82492 ], [ 0.67137, 44.82491 ], [ 0.67141, 44.82483 ], [ 0.67141, 44.82481 ], [ 0.67143, 44.82478 ], [ 0.67143, 44.82475 ], [ 0.67144, 44.82469 ], [ 0.67146, 44.82464 ], [ 0.67146, 44.82459 ], [ 0.67146, 44.82455 ], [ 0.67146, 44.82453 ], [ 0.67145, 44.82447 ], [ 0.67145, 44.82444 ], [ 0.67144, 44.82442 ], [ 0.67144, 44.82438 ], [ 0.67141, 44.82433 ], [ 0.6714, 44.8243 ], [ 0.67139, 44.82426 ], [ 0.67138, 44.82425 ], [ 0.67139, 44.82421 ], [ 0.67138, 44.82419 ], [ 0.67139, 44.82416 ], [ 0.67141, 44.82411 ], [ 0.67141, 44.82406 ], [ 0.67142, 44.82402 ], [ 0.67144, 44.82398 ], [ 0.67144, 44.82396 ], [ 0.67144, 44.82393 ], [ 0.67144, 44.82393 ], [ 0.67143, 44.82391 ], [ 0.67143, 44.82387 ], [ 0.6714, 44.82384 ], [ 0.67139, 44.82378 ], [ 0.67135, 44.8238 ], [ 0.67114, 44.82381 ], [ 0.67113, 44.8238 ], [ 0.67111, 44.82379 ], [ 0.67108, 44.82379 ], [ 0.671, 44.8238 ], [ 0.67082, 44.82382 ], [ 0.67072, 44.82384 ], [ 0.67072, 44.82396 ], [ 0.67073, 44.824 ], [ 0.67073, 44.82407 ], [ 0.67057, 44.82418 ], [ 0.67057, 44.82419 ], [ 0.67049, 44.82422 ], [ 0.67048, 44.82419 ], [ 0.67047, 44.82417 ], [ 0.67036, 44.82415 ], [ 0.67024, 44.82415 ], [ 0.67018, 44.82414 ], [ 0.67004, 44.82414 ], [ 0.66983, 44.82412 ], [ 0.66979, 44.82412 ], [ 0.66954, 44.82409 ], [ 0.66947, 44.8241 ], [ 0.66942, 44.8241 ], [ 0.66941, 44.82396 ], [ 0.66941, 44.82385 ], [ 0.66946, 44.82385 ], [ 0.66946, 44.82371 ], [ 0.66947, 44.82365 ], [ 0.66948, 44.82362 ], [ 0.66948, 44.82362 ], [ 0.66948, 44.82362 ], [ 0.66944, 44.82355 ], [ 0.6694, 44.82348 ], [ 0.66942, 44.82342 ], [ 0.66953, 44.82341 ], [ 0.66953, 44.82333 ], [ 0.66955, 44.82324 ], [ 0.66958, 44.8232 ], [ 0.66959, 44.82315 ], [ 0.6696, 44.8231 ], [ 0.66962, 44.82301 ], [ 0.66965, 44.82288 ], [ 0.66967, 44.82272 ], [ 0.66968, 44.82269 ], [ 0.66968, 44.8226 ], [ 0.66944, 44.82259 ], [ 0.66955, 44.82231 ], [ 0.66969, 44.82208 ], [ 0.66979, 44.82199 ], [ 0.66982, 44.82197 ], [ 0.66987, 44.82189 ], [ 0.66994, 44.82177 ], [ 0.67001, 44.82167 ], [ 0.67006, 44.82151 ], [ 0.67053, 44.82159 ], [ 0.67069, 44.8216 ], [ 0.67067, 44.82165 ], [ 0.67066, 44.82171 ], [ 0.67066, 44.82178 ], [ 0.67064, 44.82184 ], [ 0.67064, 44.82186 ], [ 0.67063, 44.82188 ], [ 0.67062, 44.82198 ], [ 0.67061, 44.82201 ], [ 0.67061, 44.82211 ], [ 0.67064, 44.82216 ], [ 0.67082, 44.82215 ], [ 0.67106, 44.82215 ], [ 0.67119, 44.82215 ], [ 0.6712, 44.82215 ], [ 0.6712, 44.82214 ], [ 0.67121, 44.82214 ], [ 0.67123, 44.82214 ], [ 0.67123, 44.82213 ], [ 0.67124, 44.82212 ], [ 0.67125, 44.82211 ], [ 0.67126, 44.82211 ], [ 0.67128, 44.82209 ], [ 0.67128, 44.82207 ], [ 0.67129, 44.82205 ], [ 0.67129, 44.82203 ], [ 0.67129, 44.82202 ], [ 0.67128, 44.822 ], [ 0.67128, 44.82198 ], [ 0.67129, 44.82195 ], [ 0.6713, 44.82193 ], [ 0.67131, 44.82192 ], [ 0.67132, 44.8219 ], [ 0.67132, 44.82188 ], [ 0.67134, 44.82187 ], [ 0.67134, 44.82186 ], [ 0.67135, 44.82184 ], [ 0.67135, 44.8218 ], [ 0.67136, 44.82176 ], [ 0.67138, 44.82171 ], [ 0.67139, 44.82165 ], [ 0.67142, 44.82156 ], [ 0.67143, 44.82154 ], [ 0.67143, 44.82151 ], [ 0.67144, 44.82146 ], [ 0.67145, 44.82142 ], [ 0.67146, 44.82137 ], [ 0.67148, 44.82132 ], [ 0.67149, 44.82126 ], [ 0.67152, 44.82117 ], [ 0.67155, 44.82109 ], [ 0.67155, 44.82108 ], [ 0.67156, 44.821 ], [ 0.67158, 44.82097 ], [ 0.67159, 44.82094 ], [ 0.67159, 44.82092 ], [ 0.67159, 44.82091 ], [ 0.6716, 44.82088 ], [ 0.67091, 44.82083 ], [ 0.6708, 44.82082 ], [ 0.67081, 44.82075 ], [ 0.67083, 44.82068 ], [ 0.67084, 44.82065 ], [ 0.6708, 44.82065 ], [ 0.67074, 44.82065 ], [ 0.6707, 44.82065 ], [ 0.67069, 44.82057 ], [ 0.67058, 44.82057 ], [ 0.67054, 44.82057 ], [ 0.67054, 44.82057 ], [ 0.67054, 44.82055 ], [ 0.67053, 44.82052 ], [ 0.6703, 44.82052 ], [ 0.6703, 44.82052 ], [ 0.67021, 44.8205 ], [ 0.67015, 44.82049 ], [ 0.66991, 44.82046 ], [ 0.66998, 44.82033 ], [ 0.66985, 44.8203 ], [ 0.66975, 44.82028 ], [ 0.66965, 44.82026 ], [ 0.66958, 44.82025 ], [ 0.66953, 44.82024 ], [ 0.66941, 44.82022 ], [ 0.66929, 44.82019 ], [ 0.66919, 44.82017 ], [ 0.66904, 44.82013 ], [ 0.66891, 44.8201 ], [ 0.66881, 44.82007 ], [ 0.66875, 44.82006 ], [ 0.66871, 44.82005 ], [ 0.6687, 44.82004 ], [ 0.66868, 44.82004 ], [ 0.66867, 44.82004 ], [ 0.66866, 44.82005 ], [ 0.66865, 44.82005 ], [ 0.66865, 44.82006 ], [ 0.66863, 44.82008 ], [ 0.66862, 44.82009 ], [ 0.66861, 44.8201 ], [ 0.66859, 44.82012 ], [ 0.66858, 44.82016 ], [ 0.66857, 44.82018 ], [ 0.66855, 44.82021 ], [ 0.66854, 44.82025 ], [ 0.66853, 44.8203 ], [ 0.66852, 44.82032 ], [ 0.66852, 44.82033 ], [ 0.66852, 44.82034 ], [ 0.66847, 44.82047 ], [ 0.66847, 44.82049 ], [ 0.66846, 44.82052 ], [ 0.66846, 44.82053 ], [ 0.66845, 44.82055 ], [ 0.66844, 44.82059 ], [ 0.66843, 44.82064 ], [ 0.66841, 44.82069 ], [ 0.66839, 44.82075 ], [ 0.66837, 44.8208 ], [ 0.66836, 44.82085 ], [ 0.66836, 44.82088 ], [ 0.66834, 44.82091 ], [ 0.66832, 44.82095 ], [ 0.6683, 44.82098 ], [ 0.66828, 44.82103 ], [ 0.66826, 44.82105 ], [ 0.66825, 44.82108 ], [ 0.66822, 44.82112 ], [ 0.66818, 44.82115 ], [ 0.66816, 44.82119 ], [ 0.66812, 44.82122 ], [ 0.66809, 44.82125 ], [ 0.66808, 44.82127 ], [ 0.66804, 44.82131 ], [ 0.66799, 44.82135 ], [ 0.66794, 44.82141 ], [ 0.66791, 44.82143 ], [ 0.6679, 44.82144 ], [ 0.66787, 44.82146 ], [ 0.66785, 44.82148 ], [ 0.66781, 44.82152 ], [ 0.66778, 44.82155 ], [ 0.66775, 44.82157 ], [ 0.66774, 44.82158 ], [ 0.66774, 44.82159 ], [ 0.66773, 44.82161 ], [ 0.66771, 44.82162 ], [ 0.66771, 44.82163 ], [ 0.66763, 44.82175 ], [ 0.66763, 44.82176 ], [ 0.66763, 44.82177 ], [ 0.66763, 44.8218 ], [ 0.66762, 44.82183 ], [ 0.66762, 44.82188 ], [ 0.66762, 44.82192 ], [ 0.6676, 44.82198 ], [ 0.6676, 44.82204 ], [ 0.6676, 44.82214 ], [ 0.6676, 44.82223 ], [ 0.66758, 44.82228 ], [ 0.66758, 44.8223 ], [ 0.66759, 44.82234 ], [ 0.66759, 44.82241 ], [ 0.6676, 44.82244 ], [ 0.66762, 44.82264 ], [ 0.66765, 44.82288 ], [ 0.66766, 44.82303 ], [ 0.66768, 44.82314 ], [ 0.66768, 44.82324 ], [ 0.6677, 44.82337 ], [ 0.66771, 44.82346 ], [ 0.66771, 44.82351 ], [ 0.66772, 44.82353 ], [ 0.66758, 44.82362 ], [ 0.66769, 44.82424 ], [ 0.66765, 44.8243 ], [ 0.66712, 44.82435 ], [ 0.66724, 44.82494 ], [ 0.66805, 44.82488 ], [ 0.66864, 44.82484 ], [ 0.66863, 44.82471 ], [ 0.66948, 44.82463 ], [ 0.66972, 44.82465 ], [ 0.66978, 44.82473 ], [ 0.66978, 44.82474 ], [ 0.66978, 44.82492 ], [ 0.66979, 44.82504 ], [ 0.6698, 44.82512 ], [ 0.66981, 44.82519 ] ] ], [ [ [ 0.66396, 44.81414 ], [ 0.66373, 44.81461 ], [ 0.66367, 44.81472 ], [ 0.66379, 44.8147 ], [ 0.66383, 44.81469 ], [ 0.66394, 44.81466 ], [ 0.66399, 44.81465 ], [ 0.66408, 44.81467 ], [ 0.66418, 44.81468 ], [ 0.66431, 44.8147 ], [ 0.66442, 44.81471 ], [ 0.66453, 44.81473 ], [ 0.66468, 44.81475 ], [ 0.66479, 44.81476 ], [ 0.66487, 44.81478 ], [ 0.665, 44.8148 ], [ 0.66507, 44.81481 ], [ 0.66517, 44.81483 ], [ 0.66528, 44.81485 ], [ 0.66533, 44.81485 ], [ 0.66539, 44.81486 ], [ 0.66554, 44.81489 ], [ 0.66565, 44.81491 ], [ 0.66574, 44.81492 ], [ 0.66583, 44.81494 ], [ 0.66589, 44.81495 ], [ 0.66594, 44.81496 ], [ 0.66594, 44.81502 ], [ 0.66595, 44.81504 ], [ 0.66596, 44.81506 ], [ 0.66598, 44.81509 ], [ 0.66599, 44.81512 ], [ 0.666, 44.81514 ], [ 0.66602, 44.81514 ], [ 0.66604, 44.81515 ], [ 0.66605, 44.81516 ], [ 0.66603, 44.81532 ], [ 0.6663, 44.81533 ], [ 0.6663, 44.81539 ], [ 0.66624, 44.81598 ], [ 0.66624, 44.81606 ], [ 0.6662, 44.81649 ], [ 0.6662, 44.81657 ], [ 0.66629, 44.81658 ], [ 0.66639, 44.81659 ], [ 0.66647, 44.81659 ], [ 0.66655, 44.8166 ], [ 0.66663, 44.81661 ], [ 0.66674, 44.81664 ], [ 0.66684, 44.81667 ], [ 0.66698, 44.81671 ], [ 0.66706, 44.81673 ], [ 0.66713, 44.81676 ], [ 0.66716, 44.81677 ], [ 0.66756, 44.81672 ], [ 0.66775, 44.8167 ], [ 0.66794, 44.81668 ], [ 0.66809, 44.81667 ], [ 0.66823, 44.81665 ], [ 0.66821, 44.81661 ], [ 0.66818, 44.81657 ], [ 0.66815, 44.81651 ], [ 0.66812, 44.81645 ], [ 0.66811, 44.81643 ], [ 0.66811, 44.81639 ], [ 0.66811, 44.81635 ], [ 0.66813, 44.81632 ], [ 0.66815, 44.81629 ], [ 0.66817, 44.81626 ], [ 0.66817, 44.81623 ], [ 0.66828, 44.81623 ], [ 0.66833, 44.81626 ], [ 0.66844, 44.81629 ], [ 0.66861, 44.81633 ], [ 0.66877, 44.81636 ], [ 0.66877, 44.81602 ], [ 0.66856, 44.81516 ], [ 0.6684, 44.81482 ], [ 0.6682, 44.81435 ], [ 0.66803, 44.81394 ], [ 0.66794, 44.8138 ], [ 0.66779, 44.81353 ], [ 0.66706, 44.81377 ], [ 0.66704, 44.81378 ], [ 0.667, 44.8138 ], [ 0.66696, 44.81383 ], [ 0.6669, 44.81384 ], [ 0.66687, 44.81385 ], [ 0.66682, 44.81386 ], [ 0.66673, 44.81389 ], [ 0.66663, 44.8139 ], [ 0.66649, 44.81393 ], [ 0.66641, 44.81394 ], [ 0.6663, 44.81396 ], [ 0.66621, 44.81398 ], [ 0.66615, 44.81399 ], [ 0.66611, 44.81399 ], [ 0.66608, 44.81399 ], [ 0.66606, 44.814 ], [ 0.66605, 44.814 ], [ 0.66602, 44.81401 ], [ 0.66597, 44.81404 ], [ 0.66591, 44.81406 ], [ 0.66585, 44.81408 ], [ 0.66583, 44.8141 ], [ 0.66582, 44.81412 ], [ 0.6658, 44.81415 ], [ 0.66579, 44.81417 ], [ 0.66579, 44.8142 ], [ 0.66582, 44.81434 ], [ 0.66577, 44.81434 ], [ 0.66564, 44.81436 ], [ 0.66557, 44.81435 ], [ 0.66549, 44.81435 ], [ 0.66543, 44.81435 ], [ 0.66538, 44.81435 ], [ 0.66533, 44.81435 ], [ 0.66525, 44.81433 ], [ 0.6652, 44.81432 ], [ 0.66514, 44.8143 ], [ 0.66509, 44.81429 ], [ 0.66505, 44.81428 ], [ 0.665, 44.81427 ], [ 0.66489, 44.81425 ], [ 0.66478, 44.81423 ], [ 0.66462, 44.81422 ], [ 0.66452, 44.81421 ], [ 0.66441, 44.81419 ], [ 0.66426, 44.81416 ], [ 0.66413, 44.81414 ], [ 0.664, 44.81412 ], [ 0.66396, 44.81411 ], [ 0.66396, 44.81414 ] ] ], [ [ [ 0.67849, 44.81636 ], [ 0.67839, 44.81642 ], [ 0.67828, 44.81644 ], [ 0.67822, 44.81644 ], [ 0.67817, 44.81645 ], [ 0.67809, 44.81647 ], [ 0.67803, 44.81648 ], [ 0.67798, 44.81648 ], [ 0.67794, 44.81648 ], [ 0.67789, 44.81647 ], [ 0.67783, 44.81646 ], [ 0.67777, 44.81647 ], [ 0.67771, 44.81649 ], [ 0.67765, 44.81651 ], [ 0.67803, 44.81676 ], [ 0.67869, 44.8168 ], [ 0.67892, 44.81685 ], [ 0.67922, 44.81693 ], [ 0.67942, 44.81697 ], [ 0.67951, 44.81699 ], [ 0.67949, 44.81683 ], [ 0.68004, 44.81681 ], [ 0.68012, 44.81681 ], [ 0.68129, 44.81684 ], [ 0.68131, 44.81671 ], [ 0.68131, 44.81663 ], [ 0.68132, 44.81653 ], [ 0.68135, 44.81653 ], [ 0.6814, 44.81653 ], [ 0.68145, 44.81653 ], [ 0.68153, 44.81654 ], [ 0.68163, 44.81655 ], [ 0.68173, 44.81656 ], [ 0.68197, 44.8166 ], [ 0.68213, 44.81662 ], [ 0.6822, 44.81663 ], [ 0.68225, 44.81664 ], [ 0.68229, 44.81663 ], [ 0.68232, 44.81663 ], [ 0.68237, 44.81661 ], [ 0.68243, 44.81661 ], [ 0.68248, 44.81659 ], [ 0.68253, 44.81656 ], [ 0.68258, 44.81654 ], [ 0.68263, 44.81648 ], [ 0.68268, 44.81644 ], [ 0.68272, 44.81639 ], [ 0.68279, 44.81632 ], [ 0.68284, 44.81628 ], [ 0.68287, 44.81625 ], [ 0.6829, 44.81624 ], [ 0.68283, 44.8162 ], [ 0.6828, 44.81619 ], [ 0.68274, 44.81618 ], [ 0.68272, 44.81617 ], [ 0.68231, 44.81613 ], [ 0.68181, 44.81603 ], [ 0.68186, 44.81592 ], [ 0.68209, 44.81538 ], [ 0.68173, 44.81529 ], [ 0.68168, 44.81539 ], [ 0.68161, 44.81551 ], [ 0.6816, 44.81553 ], [ 0.6816, 44.81556 ], [ 0.68152, 44.81559 ], [ 0.68033, 44.81558 ], [ 0.68031, 44.81557 ], [ 0.67998, 44.81539 ], [ 0.6799, 44.81534 ], [ 0.67951, 44.81519 ], [ 0.67932, 44.81578 ], [ 0.67916, 44.81615 ], [ 0.67911, 44.81616 ], [ 0.67908, 44.81618 ], [ 0.67905, 44.81618 ], [ 0.67904, 44.81618 ], [ 0.67901, 44.81619 ], [ 0.67896, 44.81619 ], [ 0.67888, 44.81622 ], [ 0.67878, 44.81625 ], [ 0.67869, 44.81628 ], [ 0.6786, 44.81631 ], [ 0.67854, 44.81633 ], [ 0.67849, 44.81636 ] ] ], [ [ [ 0.67358, 44.82914 ], [ 0.67366, 44.82916 ], [ 0.6737, 44.82917 ], [ 0.6737, 44.82917 ], [ 0.67377, 44.8292 ], [ 0.67378, 44.8292 ], [ 0.67385, 44.82922 ], [ 0.67386, 44.82922 ], [ 0.6739, 44.82923 ], [ 0.67391, 44.82923 ], [ 0.67395, 44.82923 ], [ 0.67396, 44.82923 ], [ 0.67406, 44.82923 ], [ 0.6744, 44.82922 ], [ 0.6744, 44.82922 ], [ 0.67448, 44.82923 ], [ 0.67453, 44.82923 ], [ 0.67454, 44.82922 ], [ 0.67462, 44.8292 ], [ 0.67471, 44.82917 ], [ 0.67472, 44.82917 ], [ 0.67472, 44.82917 ], [ 0.67513, 44.82915 ], [ 0.67514, 44.82915 ], [ 0.67544, 44.82913 ], [ 0.67566, 44.82913 ], [ 0.67601, 44.82911 ], [ 0.67604, 44.82911 ], [ 0.67643, 44.8291 ], [ 0.67643, 44.82908 ], [ 0.67643, 44.82906 ], [ 0.67643, 44.82898 ], [ 0.67645, 44.82891 ], [ 0.67645, 44.82874 ], [ 0.67644, 44.82867 ], [ 0.67644, 44.82863 ], [ 0.67644, 44.82859 ], [ 0.67645, 44.82855 ], [ 0.67643, 44.82853 ], [ 0.67642, 44.82849 ], [ 0.67642, 44.82845 ], [ 0.67641, 44.82841 ], [ 0.6764, 44.82837 ], [ 0.6764, 44.82834 ], [ 0.6764, 44.8283 ], [ 0.67642, 44.82818 ], [ 0.67642, 44.82809 ], [ 0.67644, 44.82798 ], [ 0.67646, 44.82782 ], [ 0.67647, 44.82773 ], [ 0.67643, 44.82773 ], [ 0.67513, 44.82776 ], [ 0.67446, 44.82785 ], [ 0.67435, 44.8279 ], [ 0.67367, 44.82801 ], [ 0.67359, 44.82804 ], [ 0.67355, 44.8281 ], [ 0.67354, 44.82815 ], [ 0.67351, 44.82819 ], [ 0.6735, 44.82822 ], [ 0.67348, 44.82826 ], [ 0.67347, 44.82829 ], [ 0.67346, 44.82835 ], [ 0.67345, 44.82838 ], [ 0.67344, 44.82842 ], [ 0.67344, 44.82846 ], [ 0.67344, 44.8285 ], [ 0.67345, 44.82854 ], [ 0.67345, 44.82859 ], [ 0.67346, 44.82865 ], [ 0.67347, 44.82873 ], [ 0.67347, 44.82876 ], [ 0.67348, 44.8288 ], [ 0.6735, 44.82885 ], [ 0.67352, 44.8289 ], [ 0.67354, 44.82895 ], [ 0.67355, 44.829 ], [ 0.67356, 44.82904 ], [ 0.67357, 44.82909 ], [ 0.67358, 44.82911 ], [ 0.67358, 44.82914 ] ] ] ] } },
{ "type": "Feature", "properties": { "LIBELLE": "Site patrimonial remarquable de Monpazier", "ZONE": "Bastide de Monpazier", "COMMUNE": "MONPAZIER" }, "geometry": { "type": "MultiPolygon", "coordinates": [ [ [ [ 0.8915, 44.68205 ], [ 0.89159, 44.6821 ], [ 0.89178, 44.68215 ], [ 0.89172, 44.68277 ], [ 0.89259, 44.68281 ], [ 0.89259, 44.68288 ], [ 0.89299, 44.68291 ], [ 0.893, 44.68289 ], [ 0.89308, 44.68289 ], [ 0.89336, 44.68291 ], [ 0.89422, 44.68299 ], [ 0.89432, 44.68298 ], [ 0.89446, 44.68299 ], [ 0.89482, 44.68302 ], [ 0.89549, 44.68308 ], [ 0.8955, 44.68294 ], [ 0.89554, 44.68294 ], [ 0.89577, 44.68294 ], [ 0.89581, 44.68293 ], [ 0.89584, 44.68293 ], [ 0.89595, 44.68291 ], [ 0.89617, 44.68289 ], [ 0.8961, 44.68278 ], [ 0.8961, 44.68276 ], [ 0.89608, 44.68269 ], [ 0.89608, 44.68261 ], [ 0.89609, 44.68257 ], [ 0.89609, 44.6825 ], [ 0.8961, 44.68247 ], [ 0.89608, 44.6824 ], [ 0.89621, 44.68241 ], [ 0.89622, 44.68241 ], [ 0.89622, 44.68239 ], [ 0.89634, 44.68226 ], [ 0.89637, 44.68223 ], [ 0.89641, 44.68216 ], [ 0.8965, 44.68204 ], [ 0.89666, 44.68178 ], [ 0.89683, 44.68149 ], [ 0.8971, 44.68105 ], [ 0.89717, 44.68093 ], [ 0.89695, 44.68077 ], [ 0.89705, 44.68064 ], [ 0.89712, 44.68054 ], [ 0.89713, 44.68052 ], [ 0.89713, 44.68051 ], [ 0.89713, 44.68043 ], [ 0.89713, 44.68036 ], [ 0.89715, 44.68027 ], [ 0.89716, 44.68024 ], [ 0.89716, 44.6802 ], [ 0.89718, 44.68018 ], [ 0.89718, 44.68016 ], [ 0.8972, 44.68012 ], [ 0.89723, 44.68007 ], [ 0.89726, 44.67981 ], [ 0.89729, 44.6796 ], [ 0.89734, 44.6793 ], [ 0.89735, 44.67918 ], [ 0.8974, 44.67894 ], [ 0.89745, 44.67886 ], [ 0.8975, 44.67851 ], [ 0.89751, 44.67826 ], [ 0.89743, 44.67815 ], [ 0.8974, 44.67812 ], [ 0.89733, 44.67804 ], [ 0.89727, 44.67799 ], [ 0.89723, 44.67796 ], [ 0.89725, 44.67791 ], [ 0.89726, 44.67786 ], [ 0.89723, 44.67788 ], [ 0.89717, 44.6779 ], [ 0.89708, 44.67792 ], [ 0.89697, 44.67794 ], [ 0.89669, 44.67796 ], [ 0.89635, 44.67791 ], [ 0.89612, 44.67788 ], [ 0.89592, 44.67783 ], [ 0.89551, 44.67769 ], [ 0.89517, 44.67758 ], [ 0.89505, 44.67754 ], [ 0.89485, 44.67745 ], [ 0.89465, 44.67736 ], [ 0.8944, 44.67721 ], [ 0.89432, 44.67713 ], [ 0.89424, 44.67721 ], [ 0.89404, 44.67742 ], [ 0.89371, 44.67727 ], [ 0.89369, 44.67729 ], [ 0.89355, 44.67717 ], [ 0.89346, 44.6771 ], [ 0.8933, 44.67694 ], [ 0.89318, 44.67683 ], [ 0.89313, 44.67678 ], [ 0.89297, 44.67685 ], [ 0.89297, 44.67688 ], [ 0.89292, 44.67703 ], [ 0.8929, 44.67727 ], [ 0.89287, 44.67742 ], [ 0.89287, 44.6776 ], [ 0.89283, 44.67795 ], [ 0.89282, 44.67806 ], [ 0.89282, 44.6781 ], [ 0.89279, 44.67815 ], [ 0.89279, 44.6782 ], [ 0.89276, 44.6783 ], [ 0.89273, 44.67861 ], [ 0.89272, 44.67873 ], [ 0.89272, 44.67879 ], [ 0.89271, 44.67889 ], [ 0.89271, 44.67893 ], [ 0.8927, 44.67909 ], [ 0.89269, 44.67921 ], [ 0.89268, 44.67936 ], [ 0.89267, 44.67942 ], [ 0.89265, 44.67958 ], [ 0.89264, 44.67969 ], [ 0.89263, 44.67979 ], [ 0.89262, 44.6799 ], [ 0.8926, 44.68002 ], [ 0.89259, 44.68013 ], [ 0.89257, 44.68025 ], [ 0.89256, 44.68036 ], [ 0.89254, 44.68043 ], [ 0.89253, 44.68049 ], [ 0.89248, 44.68086 ], [ 0.89245, 44.68104 ], [ 0.89222, 44.68129 ], [ 0.89196, 44.68159 ], [ 0.8917, 44.68187 ], [ 0.89163, 44.68194 ], [ 0.89157, 44.68199 ], [ 0.89157, 44.68199 ], [ 0.89157, 44.68199 ], [ 0.89157, 44.68199 ], [ 0.89157, 44.68199 ], [ 0.89157, 44.68199 ], [ 0.89157, 44.68199 ], [ 0.89157, 44.68199 ], [ 0.89157, 44.68199 ], [ 0.89157, 44.68199 ], [ 0.89157, 44.68199 ], [ 0.89157, 44.68199 ], [ 0.89157, 44.68199 ], [ 0.89157, 44.68199 ], [ 0.89157, 44.68199 ], [ 0.89157, 44.68199 ], [ 0.89157, 44.68199 ], [ 0.89157, 44.68199 ], [ 0.89157, 44.68199 ], [ 0.89157, 44.68199 ], [ 0.89157, 44.68199 ], [ 0.89157, 44.68199 ], [ 0.89157, 44.68199 ], [ 0.8915, 44.68205 ] ] ] ] } },
{ "type": "Feature", "properties": { "LIBELLE": "Site patrimonial remarquable de Biron", "ZONE": "Patrimoine naturel", "COMMUNE": "BIRON" }, "geometry": { "type": "MultiPolygon", "coordinates": [ [ [ [ 0.89894, 44.62423 ], [ 0.89696, 44.62387 ], [ 0.89688, 44.62382 ], [ 0.89687, 44.62344 ], [ 0.89686, 44.62337 ], [ 0.89671, 44.62315 ], [ 0.89663, 44.62292 ], [ 0.89645, 44.62241 ], [ 0.89641, 44.6221 ], [ 0.89635, 44.62189 ], [ 0.89634, 44.62187 ], [ 0.89625, 44.62161 ], [ 0.89612, 44.62129 ], [ 0.89608, 44.62123 ], [ 0.89606, 44.6212 ], [ 0.89598, 44.62109 ], [ 0.89591, 44.62093 ], [ 0.89574, 44.62057 ], [ 0.89516, 44.62027 ], [ 0.89514, 44.62027 ], [ 0.89461, 44.62002 ], [ 0.8943, 44.6199 ], [ 0.89432, 44.61976 ], [ 0.89414, 44.61967 ], [ 0.89351, 44.61945 ], [ 0.89267, 44.61913 ], [ 0.89247, 44.61904 ], [ 0.89224, 44.61894 ], [ 0.89102, 44.61836 ], [ 0.89057, 44.61807 ], [ 0.89055, 44.61804 ], [ 0.89046, 44.61798 ], [ 0.88979, 44.61736 ], [ 0.88956, 44.61687 ], [ 0.88956, 44.61686 ], [ 0.88878, 44.61731 ], [ 0.88791, 44.61781 ], [ 0.88775, 44.61793 ], [ 0.88786, 44.61802 ], [ 0.88784, 44.61807 ], [ 0.88778, 44.61817 ], [ 0.88764, 44.6184 ], [ 0.88761, 44.61844 ], [ 0.88756, 44.6184 ], [ 0.8874, 44.61828 ], [ 0.887, 44.61794 ], [ 0.88692, 44.61789 ], [ 0.88666, 44.61785 ], [ 0.88618, 44.61794 ], [ 0.88615, 44.61794 ], [ 0.88611, 44.61795 ], [ 0.88557, 44.6182 ], [ 0.88509, 44.61823 ], [ 0.88496, 44.61825 ], [ 0.88492, 44.61826 ], [ 0.88458, 44.6184 ], [ 0.8843, 44.61844 ], [ 0.88402, 44.61864 ], [ 0.88395, 44.61868 ], [ 0.88394, 44.61868 ], [ 0.88392, 44.6187 ], [ 0.88377, 44.61882 ], [ 0.88367, 44.61887 ], [ 0.88369, 44.61878 ], [ 0.88391, 44.61804 ], [ 0.88421, 44.61701 ], [ 0.88444, 44.61653 ], [ 0.88453, 44.61595 ], [ 0.88404, 44.6158 ], [ 0.88339, 44.61561 ], [ 0.88262, 44.61537 ], [ 0.88173, 44.61511 ], [ 0.88106, 44.6149 ], [ 0.88103, 44.61489 ], [ 0.88072, 44.61482 ], [ 0.88072, 44.61482 ], [ 0.88058, 44.61479 ], [ 0.88057, 44.61479 ], [ 0.88037, 44.61476 ], [ 0.8803, 44.61477 ], [ 0.88021, 44.61478 ], [ 0.88008, 44.61481 ], [ 0.88001, 44.61481 ], [ 0.88, 44.61481 ], [ 0.8798, 44.61487 ], [ 0.87948, 44.61497 ], [ 0.87938, 44.615 ], [ 0.87935, 44.61502 ], [ 0.87902, 44.61515 ], [ 0.87882, 44.61525 ], [ 0.87873, 44.61529 ], [ 0.87866, 44.61533 ], [ 0.87826, 44.61556 ], [ 0.87815, 44.61562 ], [ 0.87806, 44.61569 ], [ 0.87801, 44.61573 ], [ 0.878, 44.61574 ], [ 0.87792, 44.6158 ], [ 0.87762, 44.61594 ], [ 0.8774, 44.616 ], [ 0.87734, 44.61601 ], [ 0.87696, 44.61609 ], [ 0.87691, 44.61609 ], [ 0.87674, 44.61619 ], [ 0.87636, 44.61643 ], [ 0.87611, 44.61661 ], [ 0.8757, 44.61687 ], [ 0.87557, 44.61697 ], [ 0.87552, 44.61701 ], [ 0.87529, 44.61722 ], [ 0.87468, 44.61784 ], [ 0.87464, 44.61788 ], [ 0.87458, 44.61794 ], [ 0.87359, 44.61838 ], [ 0.87303, 44.6186 ], [ 0.87293, 44.6187 ], [ 0.87262, 44.61899 ], [ 0.87247, 44.61913 ], [ 0.8722, 44.6194 ], [ 0.87215, 44.61945 ], [ 0.8704, 44.62042 ], [ 0.87015, 44.62014 ], [ 0.86967, 44.62028 ], [ 0.86954, 44.62031 ], [ 0.8694, 44.62036 ], [ 0.86902, 44.62047 ], [ 0.86883, 44.62052 ], [ 0.86898, 44.62079 ], [ 0.8683, 44.62101 ], [ 0.86799, 44.62073 ], [ 0.86733, 44.62098 ], [ 0.8672, 44.62081 ], [ 0.86709, 44.62066 ], [ 0.86582, 44.62119 ], [ 0.86579, 44.62122 ], [ 0.86555, 44.6211 ], [ 0.86453, 44.62222 ], [ 0.86426, 44.62194 ], [ 0.86319, 44.62237 ], [ 0.8628, 44.62183 ], [ 0.8625, 44.62194 ], [ 0.86229, 44.62171 ], [ 0.86151, 44.62206 ], [ 0.86094, 44.62232 ], [ 0.86078, 44.62239 ], [ 0.85962, 44.62304 ], [ 0.85961, 44.62303 ], [ 0.85948, 44.62311 ], [ 0.85908, 44.62321 ], [ 0.85886, 44.62326 ], [ 0.85885, 44.62328 ], [ 0.85882, 44.62334 ], [ 0.85889, 44.62344 ], [ 0.85894, 44.62356 ], [ 0.85924, 44.62408 ], [ 0.8594, 44.62429 ], [ 0.85977, 44.62446 ], [ 0.85972, 44.62448 ], [ 0.85946, 44.62475 ], [ 0.85936, 44.62489 ], [ 0.85927, 44.62505 ], [ 0.85914, 44.62524 ], [ 0.8591, 44.6253 ], [ 0.85904, 44.62537 ], [ 0.85898, 44.62552 ], [ 0.85888, 44.62576 ], [ 0.85877, 44.62601 ], [ 0.85871, 44.62622 ], [ 0.85868, 44.62628 ], [ 0.85865, 44.62637 ], [ 0.85858, 44.62655 ], [ 0.85852, 44.62676 ], [ 0.85852, 44.62677 ], [ 0.85862, 44.62679 ], [ 0.8586, 44.62682 ], [ 0.8586, 44.62695 ], [ 0.85858, 44.62711 ], [ 0.85849, 44.62731 ], [ 0.85848, 44.62732 ], [ 0.85849, 44.62733 ], [ 0.85851, 44.62738 ], [ 0.85855, 44.62742 ], [ 0.85853, 44.6276 ], [ 0.85849, 44.62783 ], [ 0.85837, 44.62802 ], [ 0.85828, 44.62841 ], [ 0.85829, 44.62851 ], [ 0.85831, 44.62867 ], [ 0.85834, 44.62894 ], [ 0.85848, 44.62937 ], [ 0.85856, 44.62967 ], [ 0.85856, 44.62968 ], [ 0.85869, 44.62964 ], [ 0.85875, 44.62969 ], [ 0.85906, 44.62985 ], [ 0.85932, 44.63 ], [ 0.85936, 44.63002 ], [ 0.85959, 44.63014 ], [ 0.85971, 44.6302 ], [ 0.86041, 44.63057 ], [ 0.86049, 44.63061 ], [ 0.86078, 44.63076 ], [ 0.8609, 44.63081 ], [ 0.86114, 44.63092 ], [ 0.86118, 44.63094 ], [ 0.86114, 44.63133 ], [ 0.86113, 44.63136 ], [ 0.86111, 44.63154 ], [ 0.86111, 44.63157 ], [ 0.86106, 44.63209 ], [ 0.86105, 44.63209 ], [ 0.86096, 44.6326 ], [ 0.8609, 44.63295 ], [ 0.86101, 44.63295 ], [ 0.86117, 44.63294 ], [ 0.86136, 44.63293 ], [ 0.86148, 44.633 ], [ 0.86122, 44.63325 ], [ 0.861, 44.63344 ], [ 0.86087, 44.63357 ], [ 0.86084, 44.6336 ], [ 0.8606, 44.63383 ], [ 0.86051, 44.63392 ], [ 0.86023, 44.6342 ], [ 0.86023, 44.6342 ], [ 0.86161, 44.63376 ], [ 0.86198, 44.63363 ], [ 0.86222, 44.63357 ], [ 0.86259, 44.63412 ], [ 0.86262, 44.63415 ], [ 0.86301, 44.63471 ], [ 0.86304, 44.63476 ], [ 0.86276, 44.63505 ], [ 0.86249, 44.63522 ], [ 0.86307, 44.63543 ], [ 0.86386, 44.63559 ], [ 0.86348, 44.63611 ], [ 0.86335, 44.63631 ], [ 0.86372, 44.63641 ], [ 0.86384, 44.63683 ], [ 0.86421, 44.63688 ], [ 0.86428, 44.63684 ], [ 0.86459, 44.63724 ], [ 0.86461, 44.63727 ], [ 0.86433, 44.63744 ], [ 0.86356, 44.63787 ], [ 0.86342, 44.63798 ], [ 0.86304, 44.63826 ], [ 0.86254, 44.63854 ], [ 0.86193, 44.63889 ], [ 0.86148, 44.63907 ], [ 0.8616, 44.63914 ], [ 0.86185, 44.63929 ], [ 0.86211, 44.63946 ], [ 0.86258, 44.63974 ], [ 0.86263, 44.63977 ], [ 0.86277, 44.63986 ], [ 0.86306, 44.63985 ], [ 0.86327, 44.63984 ], [ 0.86349, 44.63983 ], [ 0.86385, 44.63981 ], [ 0.86395, 44.6398 ], [ 0.86426, 44.6398 ], [ 0.86461, 44.63982 ], [ 0.86486, 44.63983 ], [ 0.86499, 44.63985 ], [ 0.86538, 44.63989 ], [ 0.86559, 44.63991 ], [ 0.86613, 44.64003 ], [ 0.86647, 44.64012 ], [ 0.86668, 44.64017 ], [ 0.86679, 44.64019 ], [ 0.86684, 44.6402 ], [ 0.86687, 44.6402 ], [ 0.86702, 44.64022 ], [ 0.86742, 44.64025 ], [ 0.86756, 44.64026 ], [ 0.86799, 44.64027 ], [ 0.8682, 44.64028 ], [ 0.86838, 44.64031 ], [ 0.8685, 44.64038 ], [ 0.86884, 44.64036 ], [ 0.86914, 44.64034 ], [ 0.86937, 44.64033 ], [ 0.86938, 44.64033 ], [ 0.86956, 44.64029 ], [ 0.86965, 44.64029 ], [ 0.8698, 44.64028 ], [ 0.87013, 44.64026 ], [ 0.87024, 44.64025 ], [ 0.87039, 44.64022 ], [ 0.87055, 44.64018 ], [ 0.8706, 44.64015 ], [ 0.8707, 44.6401 ], [ 0.87074, 44.64008 ], [ 0.87107, 44.63999 ], [ 0.87165, 44.63981 ], [ 0.87194, 44.63972 ], [ 0.87203, 44.6397 ], [ 0.87211, 44.63967 ], [ 0.87221, 44.63962 ], [ 0.87234, 44.63955 ], [ 0.87239, 44.63952 ], [ 0.87316, 44.63907 ], [ 0.8732, 44.63906 ], [ 0.87325, 44.63903 ], [ 0.87357, 44.63881 ], [ 0.87357, 44.6388 ], [ 0.87389, 44.6387 ], [ 0.87399, 44.63866 ], [ 0.87418, 44.63857 ], [ 0.87422, 44.63857 ], [ 0.87474, 44.63864 ], [ 0.87493, 44.63866 ], [ 0.87517, 44.63867 ], [ 0.87556, 44.63866 ], [ 0.87585, 44.63866 ], [ 0.87593, 44.63871 ], [ 0.87599, 44.63875 ], [ 0.87624, 44.63878 ], [ 0.87648, 44.63883 ], [ 0.87665, 44.63889 ], [ 0.87694, 44.639 ], [ 0.87701, 44.63903 ], [ 0.87714, 44.63911 ], [ 0.87725, 44.6392 ], [ 0.8774, 44.63933 ], [ 0.87747, 44.63936 ], [ 0.87752, 44.63938 ], [ 0.87781, 44.63954 ], [ 0.87803, 44.63966 ], [ 0.87816, 44.63972 ], [ 0.87841, 44.63982 ], [ 0.87859, 44.63988 ], [ 0.87887, 44.63998 ], [ 0.87913, 44.64006 ], [ 0.87924, 44.64012 ], [ 0.87945, 44.64024 ], [ 0.87955, 44.64028 ], [ 0.87979, 44.64038 ], [ 0.87988, 44.64043 ], [ 0.88024, 44.64053 ], [ 0.88041, 44.64057 ], [ 0.88062, 44.64059 ], [ 0.88102, 44.64063 ], [ 0.88138, 44.64065 ], [ 0.88143, 44.64061 ], [ 0.88137, 44.64051 ], [ 0.88132, 44.64044 ], [ 0.88114, 44.63986 ], [ 0.88095, 44.63932 ], [ 0.88079, 44.63884 ], [ 0.88074, 44.63871 ], [ 0.88069, 44.63857 ], [ 0.88191, 44.6382 ], [ 0.88208, 44.63815 ], [ 0.88213, 44.63822 ], [ 0.88278, 44.63914 ], [ 0.88318, 44.63899 ], [ 0.88337, 44.63892 ], [ 0.88365, 44.63875 ], [ 0.88412, 44.63848 ], [ 0.88457, 44.63823 ], [ 0.88563, 44.63761 ], [ 0.88574, 44.6375 ], [ 0.88655, 44.63658 ], [ 0.88661, 44.63649 ], [ 0.88666, 44.63642 ], [ 0.88701, 44.6366 ], [ 0.88723, 44.63671 ], [ 0.88727, 44.63562 ], [ 0.88735, 44.63557 ], [ 0.88746, 44.63556 ], [ 0.88755, 44.63555 ], [ 0.88781, 44.63555 ], [ 0.88796, 44.63558 ], [ 0.88804, 44.63559 ], [ 0.88819, 44.63561 ], [ 0.88824, 44.6356 ], [ 0.88856, 44.63529 ], [ 0.88869, 44.63517 ], [ 0.88987, 44.63402 ], [ 0.89048, 44.63344 ], [ 0.89068, 44.63323 ], [ 0.89069, 44.63312 ], [ 0.89083, 44.63295 ], [ 0.89127, 44.6325 ], [ 0.89132, 44.63247 ], [ 0.89151, 44.632 ], [ 0.89151, 44.63198 ], [ 0.89161, 44.63196 ], [ 0.8917, 44.63194 ], [ 0.89185, 44.6319 ], [ 0.89215, 44.63191 ], [ 0.89244, 44.63194 ], [ 0.89277, 44.63202 ], [ 0.89288, 44.63199 ], [ 0.89307, 44.63191 ], [ 0.89314, 44.63179 ], [ 0.89323, 44.63181 ], [ 0.89327, 44.63177 ], [ 0.89328, 44.63175 ], [ 0.89334, 44.63168 ], [ 0.89343, 44.63156 ], [ 0.89351, 44.63141 ], [ 0.89373, 44.63095 ], [ 0.89385, 44.63072 ], [ 0.89386, 44.63058 ], [ 0.89389, 44.63048 ], [ 0.89394, 44.63041 ], [ 0.89398, 44.63037 ], [ 0.89399, 44.63034 ], [ 0.89402, 44.63028 ], [ 0.89405, 44.63025 ], [ 0.89408, 44.63016 ], [ 0.89409, 44.63015 ], [ 0.89423, 44.63001 ], [ 0.89424, 44.62999 ], [ 0.89431, 44.62995 ], [ 0.89435, 44.62993 ], [ 0.89463, 44.62977 ], [ 0.89486, 44.62964 ], [ 0.89493, 44.6296 ], [ 0.89519, 44.62954 ], [ 0.89494, 44.62927 ], [ 0.89516, 44.62914 ], [ 0.89534, 44.62905 ], [ 0.8954, 44.62902 ], [ 0.89563, 44.62889 ], [ 0.89526, 44.62849 ], [ 0.89515, 44.62836 ], [ 0.89512, 44.62834 ], [ 0.89516, 44.62826 ], [ 0.89521, 44.62814 ], [ 0.89518, 44.62773 ], [ 0.89517, 44.62771 ], [ 0.89506, 44.62756 ], [ 0.89483, 44.62729 ], [ 0.89482, 44.62726 ], [ 0.89494, 44.6272 ], [ 0.895, 44.62708 ], [ 0.89505, 44.62701 ], [ 0.89514, 44.62693 ], [ 0.89517, 44.62689 ], [ 0.89491, 44.62663 ], [ 0.89495, 44.62661 ], [ 0.89525, 44.62641 ], [ 0.89549, 44.62626 ], [ 0.89574, 44.6261 ], [ 0.89557, 44.62597 ], [ 0.89599, 44.6257 ], [ 0.89609, 44.62565 ], [ 0.8964, 44.62544 ], [ 0.89661, 44.6253 ], [ 0.89663, 44.62529 ], [ 0.89751, 44.62485 ], [ 0.89895, 44.62427 ], [ 0.89894, 44.62423 ] ], [ [ 0.86886, 44.63644 ], [ 0.86883, 44.63642 ], [ 0.86881, 44.63639 ], [ 0.8688, 44.63621 ], [ 0.86882, 44.63588 ], [ 0.86896, 44.63519 ], [ 0.86906, 44.63484 ], [ 0.86912, 44.6347 ], [ 0.86919, 44.63459 ], [ 0.86934, 44.63443 ], [ 0.86942, 44.63431 ], [ 0.8695, 44.63412 ], [ 0.86947, 44.63402 ], [ 0.86786, 44.63304 ], [ 0.8674, 44.63276 ], [ 0.86688, 44.63244 ], [ 0.86679, 44.63239 ], [ 0.86706, 44.63228 ], [ 0.86709, 44.6314 ], [ 0.86727, 44.63093 ], [ 0.86681, 44.63087 ], [ 0.86699, 44.63042 ], [ 0.86642, 44.63024 ], [ 0.86663, 44.62993 ], [ 0.86697, 44.62956 ], [ 0.86683, 44.62953 ], [ 0.86659, 44.62945 ], [ 0.86657, 44.62934 ], [ 0.86643, 44.6292 ], [ 0.86629, 44.62905 ], [ 0.86609, 44.62884 ], [ 0.86613, 44.62882 ], [ 0.86619, 44.62846 ], [ 0.86714, 44.62782 ], [ 0.86718, 44.62784 ], [ 0.86735, 44.62772 ], [ 0.86748, 44.62777 ], [ 0.8677, 44.62813 ], [ 0.86797, 44.62853 ], [ 0.86802, 44.62858 ], [ 0.86805, 44.62857 ], [ 0.86824, 44.62859 ], [ 0.86836, 44.62858 ], [ 0.86862, 44.62856 ], [ 0.86924, 44.62853 ], [ 0.86939, 44.62852 ], [ 0.86994, 44.6286 ], [ 0.87028, 44.62865 ], [ 0.87031, 44.62865 ], [ 0.87077, 44.62874 ], [ 0.87096, 44.62881 ], [ 0.87176, 44.62901 ], [ 0.87178, 44.62902 ], [ 0.87206, 44.62911 ], [ 0.87233, 44.62919 ], [ 0.87253, 44.6293 ], [ 0.87267, 44.62943 ], [ 0.87281, 44.6296 ], [ 0.8731, 44.62959 ], [ 0.87318, 44.62947 ], [ 0.8732, 44.62944 ], [ 0.87317, 44.62938 ], [ 0.87316, 44.6293 ], [ 0.87314, 44.62919 ], [ 0.87314, 44.62918 ], [ 0.87319, 44.62903 ], [ 0.87323, 44.62895 ], [ 0.87329, 44.62888 ], [ 0.87348, 44.62877 ], [ 0.87349, 44.62875 ], [ 0.87352, 44.62872 ], [ 0.87353, 44.62867 ], [ 0.87353, 44.62863 ], [ 0.87351, 44.6286 ], [ 0.87348, 44.62852 ], [ 0.87349, 44.62848 ], [ 0.87347, 44.62842 ], [ 0.87349, 44.62836 ], [ 0.87364, 44.6282 ], [ 0.87364, 44.62819 ], [ 0.8738, 44.62794 ], [ 0.87379, 44.62776 ], [ 0.87392, 44.62758 ], [ 0.87398, 44.62752 ], [ 0.87405, 44.62744 ], [ 0.87424, 44.62726 ], [ 0.87427, 44.62725 ], [ 0.87438, 44.62735 ], [ 0.8746, 44.62759 ], [ 0.87487, 44.62787 ], [ 0.87535, 44.62842 ], [ 0.87538, 44.62846 ], [ 0.87554, 44.62862 ], [ 0.87556, 44.62863 ], [ 0.87565, 44.62873 ], [ 0.876, 44.6291 ], [ 0.87609, 44.6292 ], [ 0.87643, 44.62956 ], [ 0.8765, 44.62965 ], [ 0.87653, 44.62966 ], [ 0.87665, 44.62976 ], [ 0.87666, 44.62977 ], [ 0.87671, 44.62984 ], [ 0.87674, 44.62988 ], [ 0.87687, 44.63011 ], [ 0.87697, 44.63027 ], [ 0.87716, 44.63062 ], [ 0.87725, 44.63079 ], [ 0.87733, 44.63091 ], [ 0.87777, 44.63169 ], [ 0.87807, 44.63222 ], [ 0.87817, 44.6324 ], [ 0.87826, 44.63274 ], [ 0.8783, 44.63274 ], [ 0.8785, 44.63285 ], [ 0.87866, 44.63294 ], [ 0.87878, 44.63302 ], [ 0.87901, 44.6332 ], [ 0.87929, 44.63342 ], [ 0.87951, 44.63354 ], [ 0.87972, 44.63366 ], [ 0.87994, 44.63378 ], [ 0.88008, 44.63387 ], [ 0.88017, 44.63391 ], [ 0.8803, 44.63397 ], [ 0.88058, 44.63409 ], [ 0.88087, 44.63411 ], [ 0.88093, 44.63412 ], [ 0.8811, 44.63415 ], [ 0.8812, 44.63418 ], [ 0.88137, 44.63425 ], [ 0.88145, 44.63429 ], [ 0.88162, 44.6344 ], [ 0.88142, 44.63482 ], [ 0.88101, 44.6348 ], [ 0.88088, 44.63512 ], [ 0.88044, 44.63527 ], [ 0.88003, 44.63538 ], [ 0.87961, 44.6355 ], [ 0.87945, 44.63558 ], [ 0.87943, 44.63596 ], [ 0.8793, 44.63603 ], [ 0.87884, 44.63634 ], [ 0.87853, 44.6365 ], [ 0.87805, 44.63619 ], [ 0.87779, 44.63631 ], [ 0.87757, 44.63618 ], [ 0.87754, 44.63619 ], [ 0.87719, 44.63583 ], [ 0.87709, 44.63581 ], [ 0.87701, 44.63582 ], [ 0.87626, 44.63543 ], [ 0.8759, 44.63523 ], [ 0.87594, 44.63518 ], [ 0.87406, 44.63434 ], [ 0.87315, 44.63463 ], [ 0.87316, 44.63517 ], [ 0.87194, 44.63539 ], [ 0.87189, 44.6354 ], [ 0.87152, 44.63517 ], [ 0.87139, 44.6351 ], [ 0.87109, 44.63531 ], [ 0.87097, 44.63538 ], [ 0.87055, 44.6356 ], [ 0.86928, 44.63628 ], [ 0.86903, 44.63643 ], [ 0.86886, 44.63644 ] ] ] ] } },
{ "type": "Feature", "properties": { "LIBELLE": "Site patrimonial remarquable du canal de Lalinde", "ZONE": "La Guillou : espace sensible", "COMMUNE": "LALINDE" }, "geometry": { "type": "MultiPolygon", "coordinates": [ [ [ [ 0.76103, 44.83958 ], [ 0.76091, 44.8396 ], [ 0.76076, 44.8396 ], [ 0.76056, 44.83963 ], [ 0.7603, 44.83962 ], [ 0.76006, 44.83964 ], [ 0.75982, 44.83962 ], [ 0.75917, 44.83964 ], [ 0.75942, 44.83967 ], [ 0.75972, 44.83972 ], [ 0.76036, 44.83983 ], [ 0.7605, 44.83986 ], [ 0.76123, 44.83999 ], [ 0.76141, 44.84004 ], [ 0.76158, 44.84008 ], [ 0.76178, 44.84016 ], [ 0.76183, 44.84019 ], [ 0.76183, 44.8402 ], [ 0.76192, 44.84022 ], [ 0.76202, 44.84027 ], [ 0.76214, 44.84034 ], [ 0.76238, 44.84028 ], [ 0.76249, 44.84029 ], [ 0.76257, 44.84032 ], [ 0.76267, 44.84036 ], [ 0.76271, 44.84038 ], [ 0.76276, 44.84042 ], [ 0.76278, 44.84046 ], [ 0.76281, 44.84049 ], [ 0.76298, 44.84053 ], [ 0.76302, 44.84053 ], [ 0.76307, 44.84056 ], [ 0.76308, 44.84059 ], [ 0.76308, 44.84067 ], [ 0.76309, 44.84069 ], [ 0.76313, 44.84072 ], [ 0.76318, 44.84075 ], [ 0.76337, 44.84079 ], [ 0.76344, 44.84083 ], [ 0.76349, 44.84086 ], [ 0.76357, 44.84089 ], [ 0.76373, 44.84093 ], [ 0.76382, 44.84095 ], [ 0.76392, 44.84096 ], [ 0.76398, 44.84095 ], [ 0.76402, 44.84098 ], [ 0.76406, 44.84103 ], [ 0.76411, 44.84107 ], [ 0.76416, 44.84109 ], [ 0.76423, 44.84112 ], [ 0.76426, 44.84114 ], [ 0.76432, 44.8412 ], [ 0.76436, 44.84125 ], [ 0.76439, 44.84128 ], [ 0.76443, 44.84132 ], [ 0.7646, 44.8414 ], [ 0.76477, 44.84145 ], [ 0.76479, 44.84147 ], [ 0.76482, 44.84153 ], [ 0.7649, 44.84162 ], [ 0.76496, 44.84165 ], [ 0.765, 44.84168 ], [ 0.76555, 44.8418 ], [ 0.76637, 44.84197 ], [ 0.76637, 44.84195 ], [ 0.76638, 44.84194 ], [ 0.76631, 44.84193 ], [ 0.76631, 44.84193 ], [ 0.76631, 44.84192 ], [ 0.7663, 44.8419 ], [ 0.76614, 44.84178 ], [ 0.76587, 44.84166 ], [ 0.7658, 44.84162 ], [ 0.7657, 44.84157 ], [ 0.76569, 44.84156 ], [ 0.76561, 44.84153 ], [ 0.76556, 44.84148 ], [ 0.76553, 44.84146 ], [ 0.76549, 44.84145 ], [ 0.76546, 44.84144 ], [ 0.7654, 44.84142 ], [ 0.76536, 44.84141 ], [ 0.76524, 44.84134 ], [ 0.76515, 44.84131 ], [ 0.76508, 44.84128 ], [ 0.76499, 44.84123 ], [ 0.76475, 44.84112 ], [ 0.76465, 44.84107 ], [ 0.76446, 44.84097 ], [ 0.76486, 44.83995 ], [ 0.76497, 44.83965 ], [ 0.7652, 44.83963 ], [ 0.76522, 44.83956 ], [ 0.7655, 44.83885 ], [ 0.76526, 44.83884 ], [ 0.76497, 44.83882 ], [ 0.76485, 44.83882 ], [ 0.76473, 44.83883 ], [ 0.76461, 44.83883 ], [ 0.76447, 44.83882 ], [ 0.76425, 44.83881 ], [ 0.7642, 44.83881 ], [ 0.76416, 44.83882 ], [ 0.76403, 44.83882 ], [ 0.76395, 44.83889 ], [ 0.7639, 44.83891 ], [ 0.7637, 44.83894 ], [ 0.76352, 44.83897 ], [ 0.76289, 44.83908 ], [ 0.76171, 44.83937 ], [ 0.76128, 44.8395 ], [ 0.76126, 44.83951 ], [ 0.76103, 44.83958 ] ] ] ] } },
{ "type": "Feature", "properties": { "LIBELLE": "Site patrimonial remarquable du canal de Lalinde", "ZONE": "Développement du coteau", "COMMUNE": "BANEUIL" }, "geometry": { "type": "MultiPolygon", "coordinates": [ [ [ [ 0.69184, 44.84272 ], [ 0.69188, 44.84272 ], [ 0.69196, 44.84263 ], [ 0.69205, 44.84253 ], [ 0.6922, 44.84239 ], [ 0.69229, 44.84233 ], [ 0.69234, 44.84229 ], [ 0.6924, 44.84225 ], [ 0.69249, 44.8422 ], [ 0.69258, 44.84215 ], [ 0.69262, 44.84213 ], [ 0.69272, 44.84208 ], [ 0.69277, 44.84206 ], [ 0.69279, 44.84206 ], [ 0.69286, 44.84203 ], [ 0.69295, 44.842 ], [ 0.69303, 44.84197 ], [ 0.69311, 44.84195 ], [ 0.69317, 44.84192 ], [ 0.69325, 44.84189 ], [ 0.69325, 44.84189 ], [ 0.69335, 44.84185 ], [ 0.69348, 44.84181 ], [ 0.69363, 44.84189 ], [ 0.69364, 44.84192 ], [ 0.69365, 44.84194 ], [ 0.6937, 44.842 ], [ 0.69376, 44.84207 ], [ 0.69381, 44.84214 ], [ 0.69387, 44.8422 ], [ 0.69389, 44.84224 ], [ 0.69393, 44.84226 ], [ 0.69396, 44.84231 ], [ 0.69399, 44.84234 ], [ 0.694, 44.84236 ], [ 0.69403, 44.84236 ], [ 0.69407, 44.84237 ], [ 0.69412, 44.84235 ], [ 0.69417, 44.84233 ], [ 0.69423, 44.8423 ], [ 0.69432, 44.84226 ], [ 0.69443, 44.84222 ], [ 0.6945, 44.84218 ], [ 0.69457, 44.84216 ], [ 0.69464, 44.84212 ], [ 0.69473, 44.84209 ], [ 0.69482, 44.84204 ], [ 0.69498, 44.84198 ], [ 0.695, 44.84197 ], [ 0.695, 44.84197 ], [ 0.69507, 44.84195 ], [ 0.69513, 44.84192 ], [ 0.69519, 44.8419 ], [ 0.69527, 44.84186 ], [ 0.69536, 44.84182 ], [ 0.69537, 44.84182 ], [ 0.69548, 44.84177 ], [ 0.69558, 44.84173 ], [ 0.69567, 44.8417 ], [ 0.69574, 44.84167 ], [ 0.6958, 44.84165 ], [ 0.69586, 44.84163 ], [ 0.6959, 44.84162 ], [ 0.69594, 44.8416 ], [ 0.69596, 44.84159 ], [ 0.69597, 44.84158 ], [ 0.69603, 44.84157 ], [ 0.69608, 44.84154 ], [ 0.69619, 44.8415 ], [ 0.69627, 44.84146 ], [ 0.69633, 44.84142 ], [ 0.69639, 44.84138 ], [ 0.69646, 44.84135 ], [ 0.69653, 44.84131 ], [ 0.69654, 44.8413 ], [ 0.69669, 44.84123 ], [ 0.69685, 44.84117 ], [ 0.69697, 44.84114 ], [ 0.69709, 44.8411 ], [ 0.6972, 44.84107 ], [ 0.69728, 44.84105 ], [ 0.69733, 44.84104 ], [ 0.69738, 44.84103 ], [ 0.69748, 44.841 ], [ 0.69757, 44.84098 ], [ 0.69761, 44.84097 ], [ 0.69764, 44.84097 ], [ 0.69767, 44.84097 ], [ 0.69769, 44.84096 ], [ 0.69781, 44.84096 ], [ 0.69786, 44.84096 ], [ 0.69792, 44.84096 ], [ 0.69798, 44.84096 ], [ 0.69804, 44.84096 ], [ 0.69808, 44.84095 ], [ 0.69814, 44.84095 ], [ 0.69822, 44.84093 ], [ 0.69826, 44.84093 ], [ 0.69833, 44.84089 ], [ 0.69837, 44.84088 ], [ 0.69844, 44.84084 ], [ 0.69848, 44.84081 ], [ 0.69851, 44.84079 ], [ 0.69855, 44.84075 ], [ 0.69862, 44.84064 ], [ 0.69865, 44.84058 ], [ 0.69867, 44.84053 ], [ 0.6987, 44.84046 ], [ 0.69872, 44.8404 ], [ 0.69873, 44.84031 ], [ 0.69872, 44.84019 ], [ 0.69871, 44.84009 ], [ 0.69867, 44.83982 ], [ 0.69866, 44.83976 ], [ 0.69864, 44.8397 ], [ 0.69862, 44.83966 ], [ 0.69862, 44.83964 ], [ 0.69861, 44.83962 ], [ 0.6986, 44.83957 ], [ 0.69854, 44.83945 ], [ 0.69853, 44.83943 ], [ 0.69852, 44.83942 ], [ 0.69846, 44.83931 ], [ 0.69841, 44.83923 ], [ 0.69829, 44.83905 ], [ 0.69826, 44.839 ], [ 0.69824, 44.83895 ], [ 0.69822, 44.83888 ], [ 0.69821, 44.83884 ], [ 0.69821, 44.83878 ], [ 0.69826, 44.83856 ], [ 0.69833, 44.83842 ], [ 0.69836, 44.83836 ], [ 0.69841, 44.83827 ], [ 0.69848, 44.83825 ], [ 0.69848, 44.83825 ], [ 0.69848, 44.83824 ], [ 0.69854, 44.83808 ], [ 0.69891, 44.83754 ], [ 0.69894, 44.83748 ], [ 0.69894, 44.83744 ], [ 0.69894, 44.83744 ], [ 0.699, 44.83727 ], [ 0.69901, 44.83726 ], [ 0.69879, 44.83726 ], [ 0.69843, 44.83728 ], [ 0.69843, 44.83735 ], [ 0.69844, 44.8374 ], [ 0.69785, 44.8375 ], [ 0.69746, 44.83757 ], [ 0.69687, 44.83767 ], [ 0.6968, 44.83767 ], [ 0.69587, 44.83783 ], [ 0.69587, 44.83783 ], [ 0.69584, 44.83784 ], [ 0.69544, 44.83791 ], [ 0.69523, 44.83793 ], [ 0.69522, 44.8379 ], [ 0.69501, 44.83794 ], [ 0.69482, 44.83798 ], [ 0.69468, 44.838 ], [ 0.6946, 44.83802 ], [ 0.69465, 44.83819 ], [ 0.69467, 44.83825 ], [ 0.69488, 44.83885 ], [ 0.69498, 44.83883 ], [ 0.69512, 44.83879 ], [ 0.69538, 44.83873 ], [ 0.69562, 44.83868 ], [ 0.69586, 44.83863 ], [ 0.69597, 44.83862 ], [ 0.696, 44.8391 ], [ 0.696, 44.83913 ], [ 0.69615, 44.83913 ], [ 0.69621, 44.83913 ], [ 0.69635, 44.83912 ], [ 0.69643, 44.83913 ], [ 0.69645, 44.83914 ], [ 0.69654, 44.83914 ], [ 0.69664, 44.83914 ], [ 0.69669, 44.83916 ], [ 0.69674, 44.83921 ], [ 0.69678, 44.83927 ], [ 0.69679, 44.83933 ], [ 0.69698, 44.83948 ], [ 0.69715, 44.83962 ], [ 0.69713, 44.83964 ], [ 0.69705, 44.83968 ], [ 0.69693, 44.83978 ], [ 0.69664, 44.83997 ], [ 0.69656, 44.84003 ], [ 0.69644, 44.84012 ], [ 0.69629, 44.84021 ], [ 0.69615, 44.84032 ], [ 0.69598, 44.84043 ], [ 0.69584, 44.84053 ], [ 0.69578, 44.84056 ], [ 0.69573, 44.84059 ], [ 0.69562, 44.84066 ], [ 0.69549, 44.84075 ], [ 0.69536, 44.84084 ], [ 0.69525, 44.84092 ], [ 0.69513, 44.841 ], [ 0.69504, 44.84107 ], [ 0.69495, 44.84113 ], [ 0.69488, 44.8411 ], [ 0.69441, 44.84079 ], [ 0.69345, 44.84014 ], [ 0.69328, 44.84045 ], [ 0.69231, 44.84036 ], [ 0.69144, 44.8406 ], [ 0.69143, 44.84124 ], [ 0.69035, 44.84141 ], [ 0.69067, 44.84188 ], [ 0.69114, 44.84173 ], [ 0.69134, 44.84193 ], [ 0.69075, 44.84216 ], [ 0.69101, 44.84272 ], [ 0.69128, 44.84271 ], [ 0.69153, 44.84271 ], [ 0.69163, 44.84272 ], [ 0.69184, 44.84272 ] ] ] ] } },
{ "type": "Feature", "properties": { "LIBELLE": "Site patrimonial remarquable de Monpazier", "ZONE": "Extensions urbaines", "COMMUNE": "MONPAZIER" }, "geometry": { "type": "MultiPolygon", "coordinates": [ [ [ [ 0.89645, 44.68766 ], [ 0.89643, 44.6874 ], [ 0.89642, 44.68733 ], [ 0.89638, 44.68676 ], [ 0.89684, 44.68672 ], [ 0.89701, 44.68672 ], [ 0.89702, 44.68638 ], [ 0.89702, 44.68629 ], [ 0.89702, 44.68619 ], [ 0.89689, 44.68593 ], [ 0.89687, 44.68585 ], [ 0.89683, 44.68569 ], [ 0.89681, 44.68564 ], [ 0.89681, 44.68562 ], [ 0.8968, 44.68559 ], [ 0.89676, 44.68547 ], [ 0.89675, 44.6854 ], [ 0.89671, 44.68522 ], [ 0.89668, 44.68512 ], [ 0.89665, 44.68496 ], [ 0.89663, 44.68488 ], [ 0.89663, 44.68488 ], [ 0.89662, 44.68478 ], [ 0.89662, 44.68478 ], [ 0.89659, 44.68468 ], [ 0.89656, 44.68466 ], [ 0.8965, 44.68455 ], [ 0.89639, 44.68425 ], [ 0.89633, 44.68409 ], [ 0.89628, 44.68399 ], [ 0.89617, 44.6838 ], [ 0.89607, 44.68362 ], [ 0.89599, 44.68354 ], [ 0.89595, 44.68351 ], [ 0.89592, 44.68349 ], [ 0.89587, 44.68347 ], [ 0.89584, 44.68346 ], [ 0.89574, 44.68344 ], [ 0.89554, 44.68341 ], [ 0.89552, 44.68341 ], [ 0.8955, 44.68339 ], [ 0.89551, 44.68327 ], [ 0.89551, 44.68319 ], [ 0.89551, 44.68315 ], [ 0.89551, 44.68309 ], [ 0.89544, 44.68309 ], [ 0.89511, 44.68306 ], [ 0.89502, 44.68305 ], [ 0.89492, 44.68305 ], [ 0.89491, 44.68305 ], [ 0.89482, 44.68303 ], [ 0.89445, 44.683 ], [ 0.89446, 44.68299 ], [ 0.89434, 44.68298 ], [ 0.89432, 44.68298 ], [ 0.89422, 44.68299 ], [ 0.8937, 44.68294 ], [ 0.8936, 44.68293 ], [ 0.89308, 44.68289 ], [ 0.89299, 44.6829 ], [ 0.89259, 44.68285 ], [ 0.89229, 44.68284 ], [ 0.89172, 44.68277 ], [ 0.89173, 44.68264 ], [ 0.89174, 44.68249 ], [ 0.89176, 44.68222 ], [ 0.89184, 44.68221 ], [ 0.89184, 44.68219 ], [ 0.89155, 44.68214 ], [ 0.89159, 44.6821 ], [ 0.89166, 44.68203 ], [ 0.89177, 44.6819 ], [ 0.89193, 44.68173 ], [ 0.89222, 44.68129 ], [ 0.89198, 44.68124 ], [ 0.89185, 44.68121 ], [ 0.89128, 44.68201 ], [ 0.89114, 44.68254 ], [ 0.89112, 44.68265 ], [ 0.89111, 44.6828 ], [ 0.89113, 44.68317 ], [ 0.89115, 44.68321 ], [ 0.89115, 44.68346 ], [ 0.89113, 44.68352 ], [ 0.89099, 44.68383 ], [ 0.89098, 44.68386 ], [ 0.89099, 44.68396 ], [ 0.89099, 44.68399 ], [ 0.89098, 44.68412 ], [ 0.89098, 44.68418 ], [ 0.89098, 44.68418 ], [ 0.89098, 44.68418 ], [ 0.89099, 44.68423 ], [ 0.891, 44.68429 ], [ 0.891, 44.68433 ], [ 0.89103, 44.68447 ], [ 0.89106, 44.6846 ], [ 0.89109, 44.68474 ], [ 0.89109, 44.68482 ], [ 0.89109, 44.68488 ], [ 0.89109, 44.68491 ], [ 0.89106, 44.68498 ], [ 0.891, 44.68513 ], [ 0.891, 44.68514 ], [ 0.89099, 44.68525 ], [ 0.89096, 44.68548 ], [ 0.89096, 44.6856 ], [ 0.89096, 44.68564 ], [ 0.89094, 44.6858 ], [ 0.89092, 44.68613 ], [ 0.8912, 44.68601 ], [ 0.89146, 44.68589 ], [ 0.89157, 44.68585 ], [ 0.89194, 44.68571 ], [ 0.89226, 44.68555 ], [ 0.89231, 44.68553 ], [ 0.89232, 44.68552 ], [ 0.89235, 44.6855 ], [ 0.89254, 44.68539 ], [ 0.89259, 44.68536 ], [ 0.89283, 44.68519 ], [ 0.89323, 44.68513 ], [ 0.89332, 44.68513 ], [ 0.89332, 44.68513 ], [ 0.89332, 44.68513 ], [ 0.89339, 44.68512 ], [ 0.89348, 44.68511 ], [ 0.89371, 44.68509 ], [ 0.8939, 44.68506 ], [ 0.89387, 44.68522 ], [ 0.89385, 44.68532 ], [ 0.89385, 44.68537 ], [ 0.89384, 44.68545 ], [ 0.89383, 44.68554 ], [ 0.89383, 44.68559 ], [ 0.89384, 44.68576 ], [ 0.89384, 44.68588 ], [ 0.89385, 44.68596 ], [ 0.89409, 44.68595 ], [ 0.89439, 44.68592 ], [ 0.89447, 44.68591 ], [ 0.89452, 44.68591 ], [ 0.895, 44.68588 ], [ 0.89515, 44.68587 ], [ 0.8952, 44.68587 ], [ 0.89543, 44.68585 ], [ 0.89544, 44.68585 ], [ 0.89549, 44.68585 ], [ 0.8955, 44.68591 ], [ 0.89555, 44.68605 ], [ 0.89556, 44.68608 ], [ 0.89557, 44.6862 ], [ 0.8956, 44.68641 ], [ 0.89571, 44.68651 ], [ 0.89576, 44.68673 ], [ 0.89579, 44.68687 ], [ 0.8958, 44.68695 ], [ 0.8958, 44.68701 ], [ 0.89581, 44.68715 ], [ 0.89582, 44.68725 ], [ 0.89582, 44.68733 ], [ 0.89588, 44.68759 ], [ 0.8959, 44.68763 ], [ 0.89592, 44.68767 ], [ 0.89596, 44.68769 ], [ 0.89615, 44.68769 ], [ 0.89625, 44.68768 ], [ 0.89645, 44.68766 ] ] ] ] } },
{ "type": "Feature", "properties": { "LIBELLE": "Site patrimonial remarquable du canal de Lalinde", "ZONE": "Bourg de Mauzac", "COMMUNE": "MAUZAC ET GRAND CASTANG" }, "geometry": { "type": "MultiPolygon", "coordinates": [ [ [ [ 0.79782, 44.86367 ], [ 0.79759, 44.86361 ], [ 0.79739, 44.86355 ], [ 0.79723, 44.86348 ], [ 0.79699, 44.86339 ], [ 0.79678, 44.8633 ], [ 0.79663, 44.86323 ], [ 0.79625, 44.86305 ], [ 0.7962, 44.86307 ], [ 0.79614, 44.86304 ], [ 0.79609, 44.86311 ], [ 0.79602, 44.86316 ], [ 0.79607, 44.8632 ], [ 0.79603, 44.86326 ], [ 0.796, 44.8633 ], [ 0.79599, 44.86335 ], [ 0.79597, 44.86351 ], [ 0.79593, 44.86421 ], [ 0.79593, 44.86426 ], [ 0.79593, 44.86429 ], [ 0.7959, 44.86444 ], [ 0.79591, 44.86446 ], [ 0.79593, 44.86453 ], [ 0.79594, 44.86456 ], [ 0.79597, 44.86459 ], [ 0.79606, 44.86464 ], [ 0.79618, 44.86471 ], [ 0.79642, 44.86484 ], [ 0.79657, 44.86493 ], [ 0.79674, 44.86507 ], [ 0.7969, 44.86521 ], [ 0.79706, 44.86537 ], [ 0.79713, 44.86546 ], [ 0.79721, 44.86552 ], [ 0.79728, 44.8656 ], [ 0.79747, 44.86573 ], [ 0.79777, 44.86561 ], [ 0.79784, 44.86559 ], [ 0.79802, 44.86549 ], [ 0.79821, 44.86539 ], [ 0.79825, 44.86538 ], [ 0.79834, 44.86534 ], [ 0.7988, 44.8652 ], [ 0.79885, 44.86504 ], [ 0.79887, 44.86502 ], [ 0.79894, 44.86482 ], [ 0.79902, 44.86459 ], [ 0.7991, 44.86432 ], [ 0.79909, 44.86432 ], [ 0.79908, 44.8643 ], [ 0.79912, 44.86422 ], [ 0.79914, 44.86415 ], [ 0.79921, 44.86416 ], [ 0.79922, 44.8641 ], [ 0.79925, 44.86401 ], [ 0.79933, 44.86375 ], [ 0.79941, 44.86351 ], [ 0.79947, 44.86332 ], [ 0.79944, 44.86295 ], [ 0.79945, 44.86278 ], [ 0.79965, 44.86278 ], [ 0.79981, 44.8623 ], [ 0.7998, 44.86229 ], [ 0.79974, 44.86225 ], [ 0.79956, 44.86225 ], [ 0.79949, 44.86225 ], [ 0.79925, 44.86227 ], [ 0.79913, 44.86228 ], [ 0.79917, 44.86235 ], [ 0.79913, 44.86237 ], [ 0.7991, 44.86242 ], [ 0.799, 44.86263 ], [ 0.79897, 44.86266 ], [ 0.79889, 44.86265 ], [ 0.7988, 44.86265 ], [ 0.79858, 44.86264 ], [ 0.79827, 44.86261 ], [ 0.79824, 44.86261 ], [ 0.79796, 44.8626 ], [ 0.79791, 44.86259 ], [ 0.79786, 44.86259 ], [ 0.79785, 44.86271 ], [ 0.79785, 44.86281 ], [ 0.79785, 44.86299 ], [ 0.79785, 44.86302 ], [ 0.79785, 44.86305 ], [ 0.79783, 44.86323 ], [ 0.79782, 44.86367 ] ] ] ] } },
{ "type": "Feature", "properties": { "LIBELLE": "Site patrimonial remarquable du canal de Lalinde", "ZONE": "Terrasse de Dordogne", "COMMUNE": "LALINDE" }, "geometry": { "type": "MultiPolygon", "coordinates": [ [ [ [ 0.7857, 44.84536 ], [ 0.78571, 44.84539 ], [ 0.78587, 44.84542 ], [ 0.78633, 44.84552 ], [ 0.78655, 44.84556 ], [ 0.78674, 44.8456 ], [ 0.78689, 44.84563 ], [ 0.78738, 44.84576 ], [ 0.78762, 44.84583 ], [ 0.78781, 44.84589 ], [ 0.78814, 44.84599 ], [ 0.7883, 44.84605 ], [ 0.78854, 44.84614 ], [ 0.78875, 44.84623 ], [ 0.78916, 44.84638 ], [ 0.78935, 44.84649 ], [ 0.78944, 44.84654 ], [ 0.78956, 44.84661 ], [ 0.78962, 44.84665 ], [ 0.78974, 44.84647 ], [ 0.78992, 44.84621 ], [ 0.79024, 44.84572 ], [ 0.79018, 44.84568 ], [ 0.79006, 44.84561 ], [ 0.78976, 44.84546 ], [ 0.78951, 44.84532 ], [ 0.78944, 44.84528 ], [ 0.78892, 44.84503 ], [ 0.78845, 44.8448 ], [ 0.78837, 44.84476 ], [ 0.78801, 44.8446 ], [ 0.7877, 44.84445 ], [ 0.78763, 44.84442 ], [ 0.78727, 44.84428 ], [ 0.78695, 44.84418 ], [ 0.78686, 44.84415 ], [ 0.78648, 44.84403 ], [ 0.78604, 44.8439 ], [ 0.78591, 44.84386 ], [ 0.78504, 44.84361 ], [ 0.78375, 44.84324 ], [ 0.78358, 44.84319 ], [ 0.78331, 44.84312 ], [ 0.78321, 44.8431 ], [ 0.78293, 44.84303 ], [ 0.78265, 44.84297 ], [ 0.78248, 44.84293 ], [ 0.78233, 44.8429 ], [ 0.78179, 44.84277 ], [ 0.78162, 44.84273 ], [ 0.7813, 44.84268 ], [ 0.78067, 44.84257 ], [ 0.78047, 44.84253 ], [ 0.78042, 44.84252 ], [ 0.77937, 44.84236 ], [ 0.77909, 44.84232 ], [ 0.77863, 44.84222 ], [ 0.7783, 44.84215 ], [ 0.77814, 44.84211 ], [ 0.77803, 44.84208 ], [ 0.77779, 44.84202 ], [ 0.77676, 44.84177 ], [ 0.77622, 44.84166 ], [ 0.77585, 44.84157 ], [ 0.77555, 44.84151 ], [ 0.77543, 44.84148 ], [ 0.77524, 44.84142 ], [ 0.77515, 44.8414 ], [ 0.77501, 44.84136 ], [ 0.77477, 44.8413 ], [ 0.77453, 44.84124 ], [ 0.77431, 44.84118 ], [ 0.77393, 44.84108 ], [ 0.77379, 44.84105 ], [ 0.77288, 44.8408 ], [ 0.77275, 44.84077 ], [ 0.77245, 44.8407 ], [ 0.77217, 44.84062 ], [ 0.77195, 44.84056 ], [ 0.77176, 44.84052 ], [ 0.77145, 44.84044 ], [ 0.77092, 44.84032 ], [ 0.77038, 44.84019 ], [ 0.76976, 44.84006 ], [ 0.76951, 44.84001 ], [ 0.76872, 44.83987 ], [ 0.76848, 44.83983 ], [ 0.76825, 44.83979 ], [ 0.7679, 44.83974 ], [ 0.76784, 44.83972 ], [ 0.76755, 44.83967 ], [ 0.76745, 44.83966 ], [ 0.76738, 44.83964 ], [ 0.76723, 44.83962 ], [ 0.76708, 44.83959 ], [ 0.76703, 44.83958 ], [ 0.76688, 44.83955 ], [ 0.76687, 44.83955 ], [ 0.7667, 44.83955 ], [ 0.76658, 44.83956 ], [ 0.76636, 44.83957 ], [ 0.76625, 44.83957 ], [ 0.76625, 44.83958 ], [ 0.76619, 44.83958 ], [ 0.76593, 44.8396 ], [ 0.76593, 44.83959 ], [ 0.76584, 44.83959 ], [ 0.76564, 44.8396 ], [ 0.76532, 44.83962 ], [ 0.7652, 44.83963 ], [ 0.76497, 44.83965 ], [ 0.76486, 44.83995 ], [ 0.76446, 44.84097 ], [ 0.76465, 44.84107 ], [ 0.76475, 44.84112 ], [ 0.76499, 44.84123 ], [ 0.76508, 44.84128 ], [ 0.76515, 44.84131 ], [ 0.76524, 44.84134 ], [ 0.76536, 44.84141 ], [ 0.7654, 44.84142 ], [ 0.76546, 44.84144 ], [ 0.76549, 44.84145 ], [ 0.76553, 44.84146 ], [ 0.76556, 44.84148 ], [ 0.76561, 44.84153 ], [ 0.76569, 44.84156 ], [ 0.76587, 44.84166 ], [ 0.76614, 44.84178 ], [ 0.7663, 44.8419 ], [ 0.76631, 44.84192 ], [ 0.76631, 44.84193 ], [ 0.76638, 44.84194 ], [ 0.76637, 44.84195 ], [ 0.76637, 44.84197 ], [ 0.7664, 44.84197 ], [ 0.76704, 44.8421 ], [ 0.7694, 44.84258 ], [ 0.77006, 44.84271 ], [ 0.77027, 44.84274 ], [ 0.77055, 44.84278 ], [ 0.77081, 44.84275 ], [ 0.77083, 44.84274 ], [ 0.77083, 44.84273 ], [ 0.7708, 44.84272 ], [ 0.77102, 44.84269 ], [ 0.77142, 44.84264 ], [ 0.77145, 44.84264 ], [ 0.77198, 44.84257 ], [ 0.77235, 44.84258 ], [ 0.77265, 44.84259 ], [ 0.77273, 44.8426 ], [ 0.77275, 44.8426 ], [ 0.77307, 44.84267 ], [ 0.77319, 44.8427 ], [ 0.77361, 44.84278 ], [ 0.77383, 44.84283 ], [ 0.77408, 44.84288 ], [ 0.77432, 44.84294 ], [ 0.77454, 44.84298 ], [ 0.77506, 44.84309 ], [ 0.77516, 44.84312 ], [ 0.77567, 44.84323 ], [ 0.77601, 44.84329 ], [ 0.77652, 44.84341 ], [ 0.77699, 44.8435 ], [ 0.77736, 44.84358 ], [ 0.77753, 44.84362 ], [ 0.77786, 44.84369 ], [ 0.77882, 44.84389 ], [ 0.77919, 44.84397 ], [ 0.77956, 44.84405 ], [ 0.77977, 44.84409 ], [ 0.77984, 44.84412 ], [ 0.78011, 44.84417 ], [ 0.7808, 44.84432 ], [ 0.78141, 44.84445 ], [ 0.78159, 44.84449 ], [ 0.78174, 44.84452 ], [ 0.782, 44.84457 ], [ 0.78233, 44.84464 ], [ 0.78259, 44.8447 ], [ 0.78374, 44.84494 ], [ 0.78396, 44.84499 ], [ 0.78498, 44.8452 ], [ 0.78517, 44.84523 ], [ 0.78563, 44.8453 ], [ 0.7857, 44.84536 ] ] ] ] } },
{ "type": "Feature", "properties": { "LIBELLE": "Site patrimonial remarquable du canal de Lalinde", "ZONE": "Château de Sauveboeuf", "COMMUNE": "LALINDE" }, "geometry": { "type": "MultiPolygon", "coordinates": [ [ [ [ 0.77738, 44.85092 ], [ 0.77734, 44.85083 ], [ 0.77731, 44.85081 ], [ 0.77732, 44.8508 ], [ 0.77732, 44.85077 ], [ 0.77732, 44.85076 ], [ 0.77729, 44.8507 ], [ 0.77728, 44.85068 ], [ 0.77726, 44.85064 ], [ 0.77724, 44.85062 ], [ 0.77725, 44.8506 ], [ 0.7772, 44.85046 ], [ 0.77715, 44.85036 ], [ 0.7771, 44.85024 ], [ 0.77709, 44.85019 ], [ 0.77707, 44.85013 ], [ 0.77706, 44.85009 ], [ 0.77702, 44.85005 ], [ 0.77701, 44.84987 ], [ 0.77702, 44.84977 ], [ 0.777, 44.84975 ], [ 0.777, 44.84972 ], [ 0.77701, 44.84967 ], [ 0.777, 44.84943 ], [ 0.777, 44.84939 ], [ 0.77704, 44.84887 ], [ 0.77696, 44.84889 ], [ 0.77687, 44.84892 ], [ 0.7769, 44.84885 ], [ 0.77694, 44.84876 ], [ 0.77696, 44.84872 ], [ 0.77696, 44.8487 ], [ 0.77696, 44.84868 ], [ 0.77695, 44.84864 ], [ 0.77692, 44.84857 ], [ 0.77692, 44.84855 ], [ 0.7769, 44.84852 ], [ 0.77687, 44.84847 ], [ 0.77686, 44.84842 ], [ 0.77685, 44.84837 ], [ 0.77685, 44.84836 ], [ 0.77684, 44.84833 ], [ 0.77685, 44.84832 ], [ 0.77685, 44.84828 ], [ 0.77685, 44.84828 ], [ 0.77684, 44.84828 ], [ 0.77683, 44.84828 ], [ 0.77683, 44.84828 ], [ 0.77674, 44.84827 ], [ 0.77657, 44.84834 ], [ 0.77636, 44.84836 ], [ 0.77597, 44.8484 ], [ 0.77569, 44.84843 ], [ 0.77536, 44.84847 ], [ 0.77533, 44.84851 ], [ 0.77525, 44.84867 ], [ 0.77524, 44.8487 ], [ 0.77507, 44.84894 ], [ 0.77499, 44.84906 ], [ 0.77492, 44.84918 ], [ 0.77483, 44.84933 ], [ 0.77451, 44.84984 ], [ 0.77428, 44.84989 ], [ 0.77424, 44.84989 ], [ 0.77419, 44.84989 ], [ 0.77417, 44.84991 ], [ 0.77413, 44.84992 ], [ 0.7741, 44.84995 ], [ 0.77401, 44.85016 ], [ 0.77386, 44.8505 ], [ 0.77477, 44.85077 ], [ 0.77619, 44.85126 ], [ 0.77625, 44.85081 ], [ 0.7764, 44.85083 ], [ 0.7769, 44.85088 ], [ 0.77732, 44.85092 ], [ 0.77738, 44.85092 ] ] ] ] } },
{ "type": "Feature", "properties": { "LIBELLE": "Site patrimonial remarquable du canal de Lalinde", "ZONE": "Dominante naturelle", "COMMUNE": "MAUZAC ET GRAND CASTANG" }, "geometry": { "type": "MultiPolygon", "coordinates": [ [ [ [ 0.79602, 44.86316 ], [ 0.79598, 44.86319 ], [ 0.79589, 44.86316 ], [ 0.79572, 44.86305 ], [ 0.79553, 44.86291 ], [ 0.7954, 44.86278 ], [ 0.79536, 44.86277 ], [ 0.7953, 44.86273 ], [ 0.79533, 44.86269 ], [ 0.79524, 44.86263 ], [ 0.79521, 44.86263 ], [ 0.79519, 44.86262 ], [ 0.79471, 44.86221 ], [ 0.79459, 44.86214 ], [ 0.79469, 44.86261 ], [ 0.79474, 44.86282 ], [ 0.79469, 44.86283 ], [ 0.79471, 44.86309 ], [ 0.7947, 44.86319 ], [ 0.79471, 44.86355 ], [ 0.79485, 44.86353 ], [ 0.7951, 44.86383 ], [ 0.79452, 44.86405 ], [ 0.79447, 44.86406 ], [ 0.79402, 44.86453 ], [ 0.79385, 44.86469 ], [ 0.79379, 44.86477 ], [ 0.79413, 44.86506 ], [ 0.79457, 44.86479 ], [ 0.79501, 44.8646 ], [ 0.79521, 44.86451 ], [ 0.79564, 44.86441 ], [ 0.7958, 44.86439 ], [ 0.7959, 44.86444 ], [ 0.79593, 44.86429 ], [ 0.79593, 44.86426 ], [ 0.79593, 44.86421 ], [ 0.79597, 44.86351 ], [ 0.79599, 44.86335 ], [ 0.796, 44.8633 ], [ 0.79603, 44.86326 ], [ 0.79607, 44.8632 ], [ 0.79602, 44.86316 ] ] ] ] } },
{ "type": "Feature", "properties": { "LIBELLE": "Site patrimonial remarquable de Marsalès", "ZONE": "Ensembles, immeubles et sites", "COMMUNE": "MARSALES" }, "geometry": { "type": "MultiPolygon", "coordinates": [ [ [ [ 0.87535, 44.70102 ], [ 0.87587, 44.70105 ], [ 0.87613, 44.70106 ], [ 0.87709, 44.70118 ], [ 0.87805, 44.70011 ], [ 0.87876, 44.70024 ], [ 0.87883, 44.70003 ], [ 0.8789, 44.69978 ], [ 0.8789, 44.69976 ], [ 0.87855, 44.69968 ], [ 0.87859, 44.6996 ], [ 0.87882, 44.69918 ], [ 0.87901, 44.6988 ], [ 0.87904, 44.69876 ], [ 0.87908, 44.69865 ], [ 0.87913, 44.69866 ], [ 0.87923, 44.69867 ], [ 0.87932, 44.69869 ], [ 0.87932, 44.69873 ], [ 0.87959, 44.69879 ], [ 0.87985, 44.69883 ], [ 0.87986, 44.69832 ], [ 0.87988, 44.69798 ], [ 0.87981, 44.69794 ], [ 0.87968, 44.69792 ], [ 0.87964, 44.69785 ], [ 0.87949, 44.69787 ], [ 0.87949, 44.69779 ], [ 0.87949, 44.69761 ], [ 0.87949, 44.69757 ], [ 0.87945, 44.69705 ], [ 0.87947, 44.69694 ], [ 0.87953, 44.69674 ], [ 0.87974, 44.69604 ], [ 0.87965, 44.69607 ], [ 0.87904, 44.69603 ], [ 0.87891, 44.69602 ], [ 0.87882, 44.69651 ], [ 0.87872, 44.69709 ], [ 0.87859, 44.69755 ], [ 0.87776, 44.69745 ], [ 0.8777, 44.69744 ], [ 0.87759, 44.6978 ], [ 0.87589, 44.69753 ], [ 0.87568, 44.69831 ], [ 0.87567, 44.69836 ], [ 0.87559, 44.69899 ], [ 0.87628, 44.69903 ], [ 0.87625, 44.69927 ], [ 0.87535, 44.70102 ] ] ], [ [ [ 0.88316, 44.68228 ], [ 0.88474, 44.68341 ], [ 0.88536, 44.68382 ], [ 0.88606, 44.68441 ], [ 0.88615, 44.68438 ], [ 0.88678, 44.68474 ], [ 0.88692, 44.68482 ], [ 0.88733, 44.68461 ], [ 0.88771, 44.68483 ], [ 0.88816, 44.6846 ], [ 0.8882, 44.68458 ], [ 0.88811, 44.68454 ], [ 0.8879, 44.68442 ], [ 0.88769, 44.6843 ], [ 0.88761, 44.68427 ], [ 0.88722, 44.68405 ], [ 0.88705, 44.68395 ], [ 0.88706, 44.68387 ], [ 0.88766, 44.68234 ], [ 0.8875, 44.68235 ], [ 0.88733, 44.68237 ], [ 0.88716, 44.68239 ], [ 0.88694, 44.68243 ], [ 0.88684, 44.68244 ], [ 0.88675, 44.68245 ], [ 0.88665, 44.68244 ], [ 0.88654, 44.68242 ], [ 0.88649, 44.6824 ], [ 0.88622, 44.68227 ], [ 0.88614, 44.68223 ], [ 0.88605, 44.6822 ], [ 0.88585, 44.6821 ], [ 0.88569, 44.68206 ], [ 0.8856, 44.68203 ], [ 0.8854, 44.68199 ], [ 0.88531, 44.68198 ], [ 0.8851, 44.68196 ], [ 0.88499, 44.68194 ], [ 0.88474, 44.68193 ], [ 0.8846, 44.68192 ], [ 0.8843, 44.68189 ], [ 0.88402, 44.68185 ], [ 0.88398, 44.68185 ], [ 0.88388, 44.68186 ], [ 0.88378, 44.6819 ], [ 0.8837, 44.68194 ], [ 0.88347, 44.68209 ], [ 0.88316, 44.68228 ] ] ] ] } },
{ "type": "Feature", "properties": { "LIBELLE": "Site patrimonial remarquable de Marsalès", "ZONE": "Extension urbaine et hameaux", "COMMUNE": "MARSALES" }, "geometry": { "type": "MultiPolygon", "coordinates": [ [ [ [ 0.88108, 44.69499 ], [ 0.88126, 44.69482 ], [ 0.88182, 44.69427 ], [ 0.88229, 44.69456 ], [ 0.88251, 44.69427 ], [ 0.88288, 44.69388 ], [ 0.88316, 44.69347 ], [ 0.88387, 44.69361 ], [ 0.88434, 44.69372 ], [ 0.88473, 44.69381 ], [ 0.88484, 44.69383 ], [ 0.88503, 44.69403 ], [ 0.88518, 44.69409 ], [ 0.88558, 44.69399 ], [ 0.88582, 44.69393 ], [ 0.88538, 44.6931 ], [ 0.88608, 44.69295 ], [ 0.88643, 44.69286 ], [ 0.88737, 44.69267 ], [ 0.88726, 44.69215 ], [ 0.88724, 44.69204 ], [ 0.88798, 44.692 ], [ 0.88792, 44.69162 ], [ 0.88804, 44.69158 ], [ 0.88801, 44.69126 ], [ 0.88794, 44.69067 ], [ 0.88779, 44.68956 ], [ 0.88775, 44.68922 ], [ 0.88769, 44.68907 ], [ 0.88767, 44.68902 ], [ 0.88762, 44.68896 ], [ 0.88756, 44.6889 ], [ 0.88745, 44.68878 ], [ 0.88682, 44.68807 ], [ 0.88678, 44.6881 ], [ 0.88656, 44.68808 ], [ 0.88567, 44.68721 ], [ 0.88511, 44.68609 ], [ 0.88486, 44.68621 ], [ 0.88452, 44.68637 ], [ 0.88446, 44.68644 ], [ 0.88443, 44.68647 ], [ 0.88402, 44.68666 ], [ 0.88387, 44.6867 ], [ 0.8834, 44.68685 ], [ 0.88272, 44.68705 ], [ 0.88271, 44.68707 ], [ 0.88268, 44.68714 ], [ 0.88137, 44.68768 ], [ 0.88138, 44.6877 ], [ 0.88197, 44.68884 ], [ 0.88139, 44.68901 ], [ 0.88103, 44.68912 ], [ 0.88082, 44.68918 ], [ 0.88027, 44.68926 ], [ 0.87954, 44.68923 ], [ 0.87915, 44.68922 ], [ 0.87923, 44.68947 ], [ 0.87828, 44.68974 ], [ 0.87761, 44.68995 ], [ 0.87694, 44.69017 ], [ 0.87663, 44.69028 ], [ 0.87553, 44.69066 ], [ 0.87569, 44.69094 ], [ 0.87588, 44.69126 ], [ 0.87605, 44.69156 ], [ 0.87615, 44.69174 ], [ 0.87687, 44.69347 ], [ 0.8775, 44.69364 ], [ 0.87765, 44.69346 ], [ 0.8777, 44.69347 ], [ 0.87844, 44.69375 ], [ 0.87894, 44.69393 ], [ 0.87896, 44.69394 ], [ 0.8794, 44.69411 ], [ 0.87961, 44.69419 ], [ 0.88003, 44.69434 ], [ 0.88001, 44.69446 ], [ 0.88001, 44.6945 ], [ 0.87998, 44.69473 ], [ 0.87995, 44.69489 ], [ 0.87995, 44.69493 ], [ 0.88085, 44.69513 ], [ 0.88095, 44.69512 ], [ 0.88108, 44.69499 ] ] ], [ [ [ 0.88951, 44.69189 ], [ 0.89014, 44.69184 ], [ 0.8901, 44.69145 ], [ 0.89015, 44.69145 ], [ 0.89158, 44.69132 ], [ 0.89164, 44.69131 ], [ 0.89177, 44.69129 ], [ 0.89214, 44.69126 ], [ 0.89359, 44.69113 ], [ 0.89407, 44.69108 ], [ 0.89418, 44.69106 ], [ 0.89429, 44.69129 ], [ 0.8944, 44.69154 ], [ 0.89456, 44.6915 ], [ 0.89472, 44.69148 ], [ 0.89487, 44.69144 ], [ 0.89644, 44.69115 ], [ 0.89649, 44.69113 ], [ 0.89734, 44.691 ], [ 0.89648, 44.68893 ], [ 0.89455, 44.68926 ], [ 0.8938, 44.6894 ], [ 0.89343, 44.68946 ], [ 0.89337, 44.68934 ], [ 0.89332, 44.68925 ], [ 0.89323, 44.68905 ], [ 0.89317, 44.68891 ], [ 0.89314, 44.68887 ], [ 0.89312, 44.68879 ], [ 0.89312, 44.68878 ], [ 0.89306, 44.68855 ], [ 0.89303, 44.68839 ], [ 0.89302, 44.68833 ], [ 0.89294, 44.68803 ], [ 0.89292, 44.68793 ], [ 0.8929, 44.68788 ], [ 0.89409, 44.68774 ], [ 0.89393, 44.68718 ], [ 0.89393, 44.68718 ], [ 0.89403, 44.68718 ], [ 0.89427, 44.68714 ], [ 0.89555, 44.68698 ], [ 0.89573, 44.68696 ], [ 0.8958, 44.68695 ], [ 0.89579, 44.68687 ], [ 0.89576, 44.68673 ], [ 0.89571, 44.68651 ], [ 0.8956, 44.68641 ], [ 0.89557, 44.6862 ], [ 0.89556, 44.68608 ], [ 0.89555, 44.68605 ], [ 0.8955, 44.68591 ], [ 0.89549, 44.68585 ], [ 0.89544, 44.68585 ], [ 0.89543, 44.68585 ], [ 0.8952, 44.68587 ], [ 0.89515, 44.68587 ], [ 0.895, 44.68588 ], [ 0.89452, 44.68591 ], [ 0.89447, 44.68591 ], [ 0.89439, 44.68592 ], [ 0.89409, 44.68595 ], [ 0.89385, 44.68596 ], [ 0.89384, 44.68588 ], [ 0.89384, 44.68576 ], [ 0.89383, 44.68559 ], [ 0.89383, 44.68554 ], [ 0.89384, 44.68545 ], [ 0.89385, 44.68537 ], [ 0.89385, 44.68532 ], [ 0.89387, 44.68522 ], [ 0.8939, 44.68506 ], [ 0.89371, 44.68509 ], [ 0.89348, 44.68511 ], [ 0.89339, 44.68512 ], [ 0.89332, 44.68513 ], [ 0.89332, 44.68513 ], [ 0.89332, 44.68513 ], [ 0.89323, 44.68513 ], [ 0.89283, 44.68519 ], [ 0.89259, 44.68536 ], [ 0.89254, 44.68539 ], [ 0.89235, 44.6855 ], [ 0.89232, 44.68552 ], [ 0.89231, 44.68553 ], [ 0.89226, 44.68555 ], [ 0.89194, 44.68571 ], [ 0.89157, 44.68585 ], [ 0.89146, 44.68589 ], [ 0.8912, 44.68601 ], [ 0.89092, 44.68613 ], [ 0.89094, 44.6858 ], [ 0.89096, 44.68564 ], [ 0.89096, 44.6856 ], [ 0.89096, 44.68548 ], [ 0.89099, 44.68525 ], [ 0.891, 44.68514 ], [ 0.891, 44.68513 ], [ 0.89106, 44.68498 ], [ 0.89109, 44.68491 ], [ 0.89109, 44.68488 ], [ 0.89109, 44.68482 ], [ 0.89109, 44.68474 ], [ 0.89106, 44.6846 ], [ 0.89103, 44.68447 ], [ 0.891, 44.68433 ], [ 0.891, 44.68429 ], [ 0.89099, 44.68423 ], [ 0.89098, 44.68418 ], [ 0.89098, 44.68418 ], [ 0.89098, 44.68418 ], [ 0.89098, 44.68412 ], [ 0.89099, 44.68399 ], [ 0.89099, 44.68396 ], [ 0.89098, 44.68386 ], [ 0.89093, 44.68389 ], [ 0.89071, 44.68397 ], [ 0.8902, 44.68419 ], [ 0.88995, 44.68419 ], [ 0.8899, 44.68419 ], [ 0.8897, 44.6842 ], [ 0.88954, 44.68423 ], [ 0.88935, 44.68427 ], [ 0.88864, 44.68446 ], [ 0.88829, 44.68455 ], [ 0.8882, 44.68458 ], [ 0.88816, 44.6846 ], [ 0.88771, 44.68483 ], [ 0.88733, 44.68461 ], [ 0.88692, 44.68482 ], [ 0.88678, 44.68474 ], [ 0.88615, 44.68438 ], [ 0.88606, 44.68441 ], [ 0.88467, 44.68484 ], [ 0.88461, 44.68487 ], [ 0.88463, 44.68489 ], [ 0.88472, 44.68495 ], [ 0.88491, 44.68506 ], [ 0.88528, 44.6853 ], [ 0.8859, 44.68568 ], [ 0.88623, 44.68674 ], [ 0.88624, 44.68716 ], [ 0.88638, 44.68723 ], [ 0.8869, 44.68791 ], [ 0.88697, 44.688 ], [ 0.88805, 44.68749 ], [ 0.88892, 44.68817 ], [ 0.88951, 44.69189 ] ] ], [ [ [ 0.89583, 44.69584 ], [ 0.89584, 44.69588 ], [ 0.89609, 44.69582 ], [ 0.8964, 44.69575 ], [ 0.89689, 44.69566 ], [ 0.89714, 44.69559 ], [ 0.89749, 44.69553 ], [ 0.89754, 44.69554 ], [ 0.89756, 44.69572 ], [ 0.89762, 44.69572 ], [ 0.89776, 44.69571 ], [ 0.89835, 44.69564 ], [ 0.89833, 44.69554 ], [ 0.89787, 44.69384 ], [ 0.89768, 44.69285 ], [ 0.89763, 44.6925 ], [ 0.89752, 44.69195 ], [ 0.89678, 44.69206 ], [ 0.89481, 44.69238 ], [ 0.89485, 44.69246 ], [ 0.89493, 44.69261 ], [ 0.89501, 44.6928 ], [ 0.89505, 44.69288 ], [ 0.89509, 44.69297 ], [ 0.89511, 44.693 ], [ 0.89513, 44.69306 ], [ 0.89523, 44.69326 ], [ 0.89527, 44.69337 ], [ 0.89537, 44.69365 ], [ 0.89541, 44.69385 ], [ 0.89543, 44.69396 ], [ 0.89557, 44.69464 ], [ 0.89561, 44.69484 ], [ 0.89567, 44.6951 ], [ 0.89575, 44.69548 ], [ 0.89578, 44.69565 ], [ 0.89583, 44.69584 ] ] ] ] } },
{ "type": "Feature", "properties": { "LIBELLE": "Site patrimonial remarquable de Lanquais", "ZONE": "Zone bâtie ancienne", "COMMUNE": "LANQUAIS" }, "geometry": { "type": "MultiPolygon", "coordinates": [ [ [ [ 0.67163, 44.82203 ], [ 0.67147, 44.82206 ], [ 0.67135, 44.82207 ], [ 0.67128, 44.82209 ], [ 0.67126, 44.82211 ], [ 0.67125, 44.82211 ], [ 0.67124, 44.82212 ], [ 0.67123, 44.82213 ], [ 0.67123, 44.82214 ], [ 0.67121, 44.82214 ], [ 0.6712, 44.82214 ], [ 0.6712, 44.82215 ], [ 0.67119, 44.82215 ], [ 0.67106, 44.82215 ], [ 0.67082, 44.82215 ], [ 0.67064, 44.82216 ], [ 0.67061, 44.82211 ], [ 0.67061, 44.82201 ], [ 0.67062, 44.82198 ], [ 0.67063, 44.82188 ], [ 0.67064, 44.82186 ], [ 0.67064, 44.82184 ], [ 0.67066, 44.82178 ], [ 0.67066, 44.82171 ], [ 0.67067, 44.82165 ], [ 0.67069, 44.8216 ], [ 0.67053, 44.82159 ], [ 0.67006, 44.82151 ], [ 0.67001, 44.82167 ], [ 0.66994, 44.82177 ], [ 0.66987, 44.82189 ], [ 0.66982, 44.82197 ], [ 0.66979, 44.82199 ], [ 0.66969, 44.82208 ], [ 0.66955, 44.82231 ], [ 0.66944, 44.82259 ], [ 0.66968, 44.8226 ], [ 0.66968, 44.82269 ], [ 0.66967, 44.82272 ], [ 0.66965, 44.82288 ], [ 0.66962, 44.82301 ], [ 0.6696, 44.8231 ], [ 0.66959, 44.82315 ], [ 0.66958, 44.8232 ], [ 0.66955, 44.82324 ], [ 0.66953, 44.82333 ], [ 0.66953, 44.82341 ], [ 0.66942, 44.82342 ], [ 0.6694, 44.82348 ], [ 0.66944, 44.82355 ], [ 0.66948, 44.82362 ], [ 0.66948, 44.82362 ], [ 0.66948, 44.82362 ], [ 0.66947, 44.82365 ], [ 0.66946, 44.82371 ], [ 0.66946, 44.82385 ], [ 0.66941, 44.82385 ], [ 0.66941, 44.82396 ], [ 0.66942, 44.8241 ], [ 0.66947, 44.8241 ], [ 0.66954, 44.82409 ], [ 0.66979, 44.82412 ], [ 0.66983, 44.82412 ], [ 0.67004, 44.82414 ], [ 0.67018, 44.82414 ], [ 0.67024, 44.82415 ], [ 0.67036, 44.82415 ], [ 0.67047, 44.82417 ], [ 0.67048, 44.82419 ], [ 0.67049, 44.82422 ], [ 0.67057, 44.82419 ], [ 0.67057, 44.82418 ], [ 0.67073, 44.82407 ], [ 0.67073, 44.824 ], [ 0.67072, 44.82396 ], [ 0.67072, 44.82384 ], [ 0.67082, 44.82382 ], [ 0.671, 44.8238 ], [ 0.67108, 44.82379 ], [ 0.67111, 44.82379 ], [ 0.67113, 44.8238 ], [ 0.67114, 44.82381 ], [ 0.67135, 44.8238 ], [ 0.67139, 44.82378 ], [ 0.67136, 44.8237 ], [ 0.67133, 44.82365 ], [ 0.67132, 44.82362 ], [ 0.67131, 44.82359 ], [ 0.67131, 44.82355 ], [ 0.67132, 44.82351 ], [ 0.67135, 44.82347 ], [ 0.67137, 44.82341 ], [ 0.67138, 44.82339 ], [ 0.67138, 44.82336 ], [ 0.67139, 44.82333 ], [ 0.67141, 44.8233 ], [ 0.67141, 44.8233 ], [ 0.67141, 44.82327 ], [ 0.67141, 44.82324 ], [ 0.6714, 44.8232 ], [ 0.6714, 44.82318 ], [ 0.67139, 44.82315 ], [ 0.67137, 44.82312 ], [ 0.67136, 44.8231 ], [ 0.67135, 44.82306 ], [ 0.67135, 44.82303 ], [ 0.67135, 44.823 ], [ 0.67135, 44.82296 ], [ 0.67136, 44.8229 ], [ 0.67136, 44.82284 ], [ 0.67137, 44.8228 ], [ 0.67136, 44.82278 ], [ 0.67136, 44.82276 ], [ 0.67136, 44.82274 ], [ 0.67136, 44.82271 ], [ 0.67135, 44.82269 ], [ 0.6714, 44.82269 ], [ 0.67151, 44.8227 ], [ 0.67153, 44.8227 ], [ 0.67154, 44.82262 ], [ 0.67156, 44.82252 ], [ 0.67162, 44.82253 ], [ 0.67164, 44.82241 ], [ 0.67165, 44.82236 ], [ 0.67165, 44.82233 ], [ 0.67168, 44.8221 ], [ 0.67168, 44.82209 ], [ 0.67163, 44.82203 ] ] ], [ [ [ 0.67359, 44.82804 ], [ 0.67367, 44.82801 ], [ 0.67435, 44.8279 ], [ 0.67446, 44.82785 ], [ 0.67513, 44.82776 ], [ 0.67643, 44.82773 ], [ 0.67647, 44.82773 ], [ 0.67647, 44.82769 ], [ 0.67647, 44.82757 ], [ 0.67649, 44.82749 ], [ 0.67649, 44.82741 ], [ 0.67649, 44.82737 ], [ 0.67649, 44.82734 ], [ 0.6765, 44.82731 ], [ 0.67648, 44.82729 ], [ 0.67648, 44.82728 ], [ 0.67646, 44.82726 ], [ 0.67643, 44.82723 ], [ 0.6764, 44.8272 ], [ 0.67637, 44.82718 ], [ 0.67635, 44.82715 ], [ 0.67631, 44.82712 ], [ 0.67627, 44.8271 ], [ 0.67625, 44.82708 ], [ 0.67622, 44.82707 ], [ 0.67608, 44.82695 ], [ 0.67603, 44.82697 ], [ 0.67596, 44.82702 ], [ 0.67584, 44.82709 ], [ 0.67585, 44.82698 ], [ 0.67586, 44.82685 ], [ 0.67586, 44.82684 ], [ 0.67579, 44.82684 ], [ 0.67544, 44.82683 ], [ 0.67542, 44.82693 ], [ 0.67531, 44.82695 ], [ 0.67522, 44.82697 ], [ 0.67505, 44.82699 ], [ 0.67499, 44.827 ], [ 0.67491, 44.82702 ], [ 0.67481, 44.82704 ], [ 0.67402, 44.82725 ], [ 0.67399, 44.82726 ], [ 0.67377, 44.82687 ], [ 0.67351, 44.82636 ], [ 0.67353, 44.82587 ], [ 0.67331, 44.82531 ], [ 0.6729, 44.82542 ], [ 0.67287, 44.82544 ], [ 0.67291, 44.82546 ], [ 0.67292, 44.82549 ], [ 0.67293, 44.8255 ], [ 0.67296, 44.82555 ], [ 0.67299, 44.82559 ], [ 0.67301, 44.82561 ], [ 0.67302, 44.82564 ], [ 0.67304, 44.82567 ], [ 0.67307, 44.8257 ], [ 0.67308, 44.82574 ], [ 0.6731, 44.82578 ], [ 0.67311, 44.82582 ], [ 0.67314, 44.82586 ], [ 0.67315, 44.8259 ], [ 0.67317, 44.82595 ], [ 0.67318, 44.826 ], [ 0.67318, 44.82605 ], [ 0.67318, 44.82608 ], [ 0.67319, 44.82612 ], [ 0.67319, 44.82617 ], [ 0.67319, 44.82622 ], [ 0.6732, 44.82629 ], [ 0.6732, 44.82633 ], [ 0.6732, 44.82635 ], [ 0.67322, 44.82643 ], [ 0.67327, 44.82659 ], [ 0.67329, 44.82666 ], [ 0.6733, 44.82672 ], [ 0.67331, 44.82676 ], [ 0.67332, 44.82682 ], [ 0.67334, 44.82685 ], [ 0.67337, 44.82693 ], [ 0.67338, 44.82697 ], [ 0.67339, 44.82701 ], [ 0.67343, 44.82706 ], [ 0.67346, 44.8271 ], [ 0.67347, 44.82711 ], [ 0.6735, 44.82716 ], [ 0.67353, 44.8272 ], [ 0.67356, 44.82724 ], [ 0.67363, 44.8273 ], [ 0.67364, 44.82731 ], [ 0.67366, 44.82734 ], [ 0.6737, 44.82738 ], [ 0.67374, 44.82742 ], [ 0.67376, 44.82744 ], [ 0.6738, 44.82747 ], [ 0.67381, 44.82749 ], [ 0.67382, 44.8275 ], [ 0.67385, 44.82752 ], [ 0.67388, 44.82753 ], [ 0.67391, 44.82755 ], [ 0.67392, 44.82756 ], [ 0.67395, 44.82757 ], [ 0.67394, 44.82765 ], [ 0.67394, 44.82766 ], [ 0.67393, 44.82767 ], [ 0.67392, 44.82768 ], [ 0.67389, 44.8277 ], [ 0.67383, 44.82773 ], [ 0.67379, 44.82777 ], [ 0.67376, 44.82778 ], [ 0.67374, 44.82781 ], [ 0.67372, 44.82783 ], [ 0.67369, 44.82786 ], [ 0.67367, 44.8279 ], [ 0.67365, 44.82794 ], [ 0.67362, 44.82798 ], [ 0.67359, 44.82804 ] ] ], [ [ [ 0.6429, 44.82832 ], [ 0.6429, 44.82842 ], [ 0.6429, 44.82844 ], [ 0.6429, 44.82847 ], [ 0.64325, 44.82852 ], [ 0.64326, 44.82852 ], [ 0.64331, 44.82853 ], [ 0.64332, 44.82852 ], [ 0.64336, 44.82851 ], [ 0.6434, 44.82851 ], [ 0.64361, 44.82853 ], [ 0.64362, 44.82851 ], [ 0.64364, 44.82851 ], [ 0.64377, 44.82852 ], [ 0.64391, 44.82854 ], [ 0.64393, 44.82842 ], [ 0.64411, 44.82843 ], [ 0.64415, 44.82844 ], [ 0.64432, 44.82846 ], [ 0.64434, 44.8285 ], [ 0.64445, 44.82853 ], [ 0.64469, 44.82859 ], [ 0.64475, 44.82861 ], [ 0.64484, 44.82864 ], [ 0.64489, 44.82856 ], [ 0.64497, 44.82859 ], [ 0.64505, 44.82845 ], [ 0.64507, 44.82839 ], [ 0.64524, 44.82845 ], [ 0.64545, 44.82852 ], [ 0.6455, 44.82853 ], [ 0.64555, 44.82846 ], [ 0.6454, 44.82842 ], [ 0.64525, 44.82834 ], [ 0.64514, 44.82828 ], [ 0.64522, 44.82813 ], [ 0.64496, 44.82803 ], [ 0.64497, 44.82801 ], [ 0.64505, 44.82786 ], [ 0.64506, 44.82784 ], [ 0.64481, 44.82777 ], [ 0.64489, 44.82763 ], [ 0.6452, 44.82715 ], [ 0.64517, 44.82713 ], [ 0.64523, 44.82704 ], [ 0.64524, 44.82702 ], [ 0.64548, 44.82675 ], [ 0.64549, 44.82673 ], [ 0.64552, 44.82668 ], [ 0.64553, 44.82662 ], [ 0.64541, 44.82653 ], [ 0.64537, 44.82648 ], [ 0.64531, 44.82644 ], [ 0.6452, 44.8264 ], [ 0.64514, 44.82644 ], [ 0.64503, 44.82652 ], [ 0.645, 44.82651 ], [ 0.64498, 44.82648 ], [ 0.64495, 44.8265 ], [ 0.64477, 44.82671 ], [ 0.64469, 44.82678 ], [ 0.64467, 44.82681 ], [ 0.64465, 44.82684 ], [ 0.64463, 44.82689 ], [ 0.64459, 44.82695 ], [ 0.64453, 44.82705 ], [ 0.64436, 44.82735 ], [ 0.64426, 44.82732 ], [ 0.6441, 44.82727 ], [ 0.64408, 44.8273 ], [ 0.6441, 44.82744 ], [ 0.64414, 44.82775 ], [ 0.64415, 44.82782 ], [ 0.64416, 44.8279 ], [ 0.64394, 44.82783 ], [ 0.6439, 44.82783 ], [ 0.64388, 44.82782 ], [ 0.64386, 44.82782 ], [ 0.64385, 44.82783 ], [ 0.64384, 44.82784 ], [ 0.64382, 44.82786 ], [ 0.6438, 44.8279 ], [ 0.64376, 44.82794 ], [ 0.64369, 44.82801 ], [ 0.64365, 44.82806 ], [ 0.64362, 44.8281 ], [ 0.64361, 44.82813 ], [ 0.6436, 44.82816 ], [ 0.64362, 44.82822 ], [ 0.64355, 44.82822 ], [ 0.64348, 44.82822 ], [ 0.64332, 44.82823 ], [ 0.64316, 44.82824 ], [ 0.64302, 44.82824 ], [ 0.6429, 44.82825 ], [ 0.6429, 44.82832 ] ] ], [ [ [ 0.67521, 44.81711 ], [ 0.67544, 44.81686 ], [ 0.67551, 44.81679 ], [ 0.67556, 44.81675 ], [ 0.67564, 44.81667 ], [ 0.67548, 44.81653 ], [ 0.67545, 44.81651 ], [ 0.67568, 44.81639 ], [ 0.67571, 44.81642 ], [ 0.67596, 44.8163 ], [ 0.67601, 44.81628 ], [ 0.67601, 44.81627 ], [ 0.67613, 44.81623 ], [ 0.67623, 44.81623 ], [ 0.67618, 44.81615 ], [ 0.67621, 44.81615 ], [ 0.67635, 44.81612 ], [ 0.67647, 44.81611 ], [ 0.67648, 44.81605 ], [ 0.67645, 44.81591 ], [ 0.67643, 44.81591 ], [ 0.67632, 44.81592 ], [ 0.67632, 44.81592 ], [ 0.67623, 44.81593 ], [ 0.6762, 44.81594 ], [ 0.67595, 44.81592 ], [ 0.67556, 44.81588 ], [ 0.67555, 44.81586 ], [ 0.67537, 44.81587 ], [ 0.67538, 44.81592 ], [ 0.6754, 44.81598 ], [ 0.67538, 44.81598 ], [ 0.67521, 44.81601 ], [ 0.67504, 44.81603 ], [ 0.67503, 44.81605 ], [ 0.67504, 44.81616 ], [ 0.67505, 44.81628 ], [ 0.67498, 44.81628 ], [ 0.67497, 44.8164 ], [ 0.67497, 44.81648 ], [ 0.67496, 44.8165 ], [ 0.67496, 44.81652 ], [ 0.67494, 44.81655 ], [ 0.67494, 44.81657 ], [ 0.67494, 44.81659 ], [ 0.6749, 44.81666 ], [ 0.6749, 44.81674 ], [ 0.6749, 44.81675 ], [ 0.6749, 44.81679 ], [ 0.67508, 44.81681 ], [ 0.67498, 44.81701 ], [ 0.67502, 44.81702 ], [ 0.67507, 44.81704 ], [ 0.67513, 44.81707 ], [ 0.67521, 44.81711 ] ] ] ] } },
{ "type": "Feature", "properties": { "LIBELLE": "Site patrimonial remarquable du canal de Lalinde", "ZONE": "Protection paysagère", "COMMUNE": "MAUZAC ET GRAND CASTANG" }, "geometry": { "type": "MultiPolygon", "coordinates": [ [ [ [ 0.79459, 44.86214 ], [ 0.79425, 44.86182 ], [ 0.79415, 44.86173 ], [ 0.79408, 44.86165 ], [ 0.79398, 44.86153 ], [ 0.79389, 44.86141 ], [ 0.79368, 44.86101 ], [ 0.79328, 44.86113 ], [ 0.79338, 44.8613 ], [ 0.79311, 44.86137 ], [ 0.7932, 44.8616 ], [ 0.79331, 44.86192 ], [ 0.79324, 44.862 ], [ 0.79314, 44.8621 ], [ 0.7927, 44.86243 ], [ 0.79224, 44.86277 ], [ 0.79206, 44.86291 ], [ 0.79202, 44.86294 ], [ 0.79171, 44.86315 ], [ 0.79153, 44.86327 ], [ 0.79148, 44.8633 ], [ 0.79146, 44.86333 ], [ 0.79147, 44.86336 ], [ 0.79149, 44.86337 ], [ 0.79154, 44.86339 ], [ 0.79192, 44.86364 ], [ 0.79195, 44.86369 ], [ 0.79145, 44.86434 ], [ 0.79142, 44.86437 ], [ 0.79143, 44.8644 ], [ 0.79205, 44.86435 ], [ 0.79199, 44.86439 ], [ 0.79066, 44.86552 ], [ 0.79104, 44.86573 ], [ 0.79107, 44.86574 ], [ 0.79202, 44.8662 ], [ 0.79203, 44.86621 ], [ 0.79223, 44.8663 ], [ 0.79235, 44.86636 ], [ 0.79244, 44.8664 ], [ 0.79249, 44.86643 ], [ 0.79254, 44.86643 ], [ 0.79282, 44.86639 ], [ 0.79293, 44.86634 ], [ 0.79299, 44.86629 ], [ 0.79317, 44.86591 ], [ 0.79334, 44.8657 ], [ 0.79341, 44.86564 ], [ 0.79349, 44.86558 ], [ 0.79399, 44.86517 ], [ 0.79413, 44.86506 ], [ 0.79379, 44.86477 ], [ 0.79385, 44.86469 ], [ 0.79402, 44.86453 ], [ 0.79447, 44.86406 ], [ 0.79452, 44.86405 ], [ 0.7951, 44.86383 ], [ 0.79485, 44.86353 ], [ 0.79471, 44.86355 ], [ 0.7947, 44.86319 ], [ 0.79471, 44.86309 ], [ 0.79469, 44.86283 ], [ 0.79474, 44.86282 ], [ 0.79469, 44.86261 ], [ 0.79459, 44.86214 ] ] ], [ [ [ 0.80218, 44.8555 ], [ 0.80216, 44.85553 ], [ 0.80188, 44.85618 ], [ 0.80178, 44.85641 ], [ 0.80169, 44.85663 ], [ 0.8013, 44.8574 ], [ 0.80123, 44.85759 ], [ 0.80121, 44.8577 ], [ 0.80106, 44.85798 ], [ 0.8009, 44.85831 ], [ 0.80092, 44.8584 ], [ 0.80092, 44.85841 ], [ 0.80095, 44.85856 ], [ 0.80095, 44.85869 ], [ 0.80095, 44.85877 ], [ 0.80093, 44.85886 ], [ 0.80085, 44.85913 ], [ 0.80075, 44.85947 ], [ 0.80068, 44.85963 ], [ 0.8009, 44.85927 ], [ 0.80092, 44.85921 ], [ 0.80098, 44.85913 ], [ 0.80114, 44.85884 ], [ 0.80119, 44.85876 ], [ 0.80124, 44.85867 ], [ 0.80133, 44.85854 ], [ 0.80136, 44.85853 ], [ 0.8014, 44.85848 ], [ 0.80145, 44.85838 ], [ 0.80149, 44.85827 ], [ 0.80169, 44.85783 ], [ 0.80179, 44.85763 ], [ 0.80202, 44.85718 ], [ 0.80203, 44.85716 ], [ 0.80216, 44.85667 ], [ 0.80221, 44.85646 ], [ 0.8023, 44.85617 ], [ 0.80257, 44.85549 ], [ 0.80261, 44.85541 ], [ 0.80262, 44.85537 ], [ 0.80266, 44.85525 ], [ 0.80295, 44.85486 ], [ 0.80297, 44.85484 ], [ 0.80308, 44.85425 ], [ 0.8031, 44.85423 ], [ 0.8031, 44.85418 ], [ 0.80316, 44.85383 ], [ 0.8032, 44.85353 ], [ 0.80315, 44.85332 ], [ 0.80294, 44.85261 ], [ 0.80291, 44.85259 ], [ 0.80259, 44.8521 ], [ 0.80256, 44.85208 ], [ 0.80162, 44.85134 ], [ 0.80081, 44.85084 ], [ 0.8004, 44.85058 ], [ 0.79988, 44.85025 ], [ 0.79973, 44.85017 ], [ 0.79906, 44.84982 ], [ 0.79883, 44.84971 ], [ 0.79872, 44.84965 ], [ 0.7986, 44.84959 ], [ 0.79856, 44.84957 ], [ 0.79844, 44.84954 ], [ 0.79839, 44.84952 ], [ 0.79831, 44.84948 ], [ 0.79822, 44.84945 ], [ 0.79776, 44.84928 ], [ 0.79741, 44.84915 ], [ 0.79721, 44.84908 ], [ 0.79703, 44.849 ], [ 0.79694, 44.84897 ], [ 0.79664, 44.84881 ], [ 0.79656, 44.84876 ], [ 0.79638, 44.84868 ], [ 0.79608, 44.84856 ], [ 0.79584, 44.84847 ], [ 0.79567, 44.84839 ], [ 0.79563, 44.84838 ], [ 0.79549, 44.84833 ], [ 0.79531, 44.84825 ], [ 0.79524, 44.84821 ], [ 0.79503, 44.84808 ], [ 0.79497, 44.84803 ], [ 0.7948, 44.84794 ], [ 0.79453, 44.8478 ], [ 0.79447, 44.84777 ], [ 0.79441, 44.84773 ], [ 0.7942, 44.84762 ], [ 0.79397, 44.84751 ], [ 0.79364, 44.84734 ], [ 0.79332, 44.84719 ], [ 0.79283, 44.84693 ], [ 0.79135, 44.84621 ], [ 0.79115, 44.84611 ], [ 0.79082, 44.84589 ], [ 0.79047, 44.84568 ], [ 0.79032, 44.8456 ], [ 0.79031, 44.84563 ], [ 0.79029, 44.84564 ], [ 0.79027, 44.84568 ], [ 0.79024, 44.84572 ], [ 0.7904, 44.8458 ], [ 0.79074, 44.84597 ], [ 0.79101, 44.84613 ], [ 0.79128, 44.84629 ], [ 0.79151, 44.84643 ], [ 0.79226, 44.84681 ], [ 0.79266, 44.847 ], [ 0.7928, 44.84707 ], [ 0.79291, 44.84712 ], [ 0.79326, 44.84729 ], [ 0.79343, 44.84736 ], [ 0.7939, 44.84758 ], [ 0.79412, 44.8477 ], [ 0.79417, 44.84772 ], [ 0.79446, 44.84788 ], [ 0.79471, 44.84801 ], [ 0.79497, 44.84815 ], [ 0.79517, 44.84826 ], [ 0.79525, 44.84831 ], [ 0.7953, 44.84834 ], [ 0.79542, 44.8484 ], [ 0.79572, 44.84853 ], [ 0.79574, 44.84854 ], [ 0.79595, 44.84862 ], [ 0.79599, 44.84864 ], [ 0.79622, 44.84873 ], [ 0.79628, 44.84876 ], [ 0.79657, 44.84888 ], [ 0.7969, 44.84902 ], [ 0.7971, 44.8491 ], [ 0.79714, 44.84911 ], [ 0.79718, 44.84914 ], [ 0.79724, 44.84917 ], [ 0.79733, 44.84922 ], [ 0.79748, 44.8493 ], [ 0.79755, 44.84934 ], [ 0.79769, 44.84938 ], [ 0.79808, 44.84951 ], [ 0.7983, 44.84959 ], [ 0.79845, 44.84964 ], [ 0.79852, 44.84965 ], [ 0.7986, 44.84972 ], [ 0.7987, 44.84978 ], [ 0.79878, 44.84983 ], [ 0.79883, 44.84987 ], [ 0.79947, 44.8503 ], [ 0.79959, 44.85037 ], [ 0.79965, 44.85042 ], [ 0.8007, 44.85112 ], [ 0.80083, 44.85121 ], [ 0.80117, 44.85145 ], [ 0.80129, 44.85153 ], [ 0.80181, 44.85189 ], [ 0.80222, 44.85217 ], [ 0.80251, 44.85267 ], [ 0.80254, 44.85272 ], [ 0.8026, 44.85286 ], [ 0.80272, 44.85313 ], [ 0.80278, 44.85339 ], [ 0.80279, 44.85359 ], [ 0.80278, 44.85361 ], [ 0.80277, 44.85386 ], [ 0.80276, 44.8539 ], [ 0.80275, 44.85394 ], [ 0.80271, 44.8542 ], [ 0.80266, 44.85435 ], [ 0.80261, 44.85448 ], [ 0.8026, 44.85452 ], [ 0.8025, 44.85478 ], [ 0.80241, 44.855 ], [ 0.80234, 44.85516 ], [ 0.8023, 44.85525 ], [ 0.80218, 44.8555 ] ] ] ] } },
{ "type": "Feature", "properties": { "LIBELLE": "Site patrimonial remarquable de Capdrot", "ZONE": "Patrimoine boisé et hameaux", "COMMUNE": "CAPDROT" }, "geometry": { "type": "MultiPolygon", "coordinates": [ [ [ [ 0.93178, 44.65436 ], [ 0.93173, 44.65436 ], [ 0.9316, 44.65439 ], [ 0.93159, 44.65439 ], [ 0.93108, 44.65447 ], [ 0.93102, 44.65449 ], [ 0.9308, 44.65459 ], [ 0.93068, 44.65465 ], [ 0.93057, 44.6547 ], [ 0.93037, 44.65479 ], [ 0.93013, 44.65486 ], [ 0.92981, 44.655 ], [ 0.92969, 44.65506 ], [ 0.92963, 44.65511 ], [ 0.9293, 44.65529 ], [ 0.92912, 44.65537 ], [ 0.92895, 44.65545 ], [ 0.92831, 44.6557 ], [ 0.92786, 44.65582 ], [ 0.92768, 44.65587 ], [ 0.92758, 44.65588 ], [ 0.92755, 44.65597 ], [ 0.92743, 44.65597 ], [ 0.92719, 44.656 ], [ 0.9271, 44.65601 ], [ 0.92688, 44.65606 ], [ 0.92665, 44.65611 ], [ 0.92621, 44.65616 ], [ 0.92617, 44.65615 ], [ 0.92611, 44.65617 ], [ 0.9261, 44.65618 ], [ 0.92602, 44.65622 ], [ 0.92534, 44.6564 ], [ 0.92521, 44.65647 ], [ 0.92499, 44.65659 ], [ 0.9247, 44.65672 ], [ 0.92459, 44.65677 ], [ 0.92447, 44.65683 ], [ 0.92439, 44.65686 ], [ 0.92367, 44.65711 ], [ 0.92363, 44.65713 ], [ 0.92311, 44.65729 ], [ 0.92307, 44.65729 ], [ 0.92268, 44.65731 ], [ 0.92156, 44.6573 ], [ 0.921, 44.65728 ], [ 0.92004, 44.6574 ], [ 0.91975, 44.65744 ], [ 0.91957, 44.65748 ], [ 0.91947, 44.65752 ], [ 0.91928, 44.6576 ], [ 0.91905, 44.65766 ], [ 0.91879, 44.65775 ], [ 0.91842, 44.65785 ], [ 0.9182, 44.65793 ], [ 0.91809, 44.65798 ], [ 0.91759, 44.65831 ], [ 0.91755, 44.65834 ], [ 0.91727, 44.6585 ], [ 0.91578, 44.65936 ], [ 0.91545, 44.65938 ], [ 0.91513, 44.65921 ], [ 0.91503, 44.65917 ], [ 0.91455, 44.65885 ], [ 0.91421, 44.65859 ], [ 0.91357, 44.65817 ], [ 0.91338, 44.65807 ], [ 0.91318, 44.65794 ], [ 0.91284, 44.65774 ], [ 0.91274, 44.65764 ], [ 0.91272, 44.65754 ], [ 0.91256, 44.65727 ], [ 0.91244, 44.65704 ], [ 0.91238, 44.65691 ], [ 0.9123, 44.65672 ], [ 0.91227, 44.65667 ], [ 0.91219, 44.65636 ], [ 0.91216, 44.65625 ], [ 0.91179, 44.65542 ], [ 0.91172, 44.65522 ], [ 0.91168, 44.65511 ], [ 0.91162, 44.65469 ], [ 0.91159, 44.65459 ], [ 0.9115, 44.65431 ], [ 0.91145, 44.6542 ], [ 0.91137, 44.65409 ], [ 0.91122, 44.65397 ], [ 0.91108, 44.65402 ], [ 0.9109, 44.65407 ], [ 0.91072, 44.65409 ], [ 0.91053, 44.65411 ], [ 0.91047, 44.65412 ], [ 0.91036, 44.65412 ], [ 0.91035, 44.65412 ], [ 0.91021, 44.65416 ], [ 0.91017, 44.65416 ], [ 0.91005, 44.65417 ], [ 0.90988, 44.65419 ], [ 0.9098, 44.65421 ], [ 0.90976, 44.65422 ], [ 0.90975, 44.65422 ], [ 0.90961, 44.6542 ], [ 0.90951, 44.65419 ], [ 0.90935, 44.65419 ], [ 0.90927, 44.6542 ], [ 0.90915, 44.65423 ], [ 0.90887, 44.65429 ], [ 0.90866, 44.65433 ], [ 0.90866, 44.65433 ], [ 0.9086, 44.65439 ], [ 0.90836, 44.65454 ], [ 0.90832, 44.65456 ], [ 0.90829, 44.65457 ], [ 0.90808, 44.65466 ], [ 0.9079, 44.65473 ], [ 0.90778, 44.65478 ], [ 0.90777, 44.65477 ], [ 0.90752, 44.65483 ], [ 0.90737, 44.65486 ], [ 0.90731, 44.65487 ], [ 0.90714, 44.65487 ], [ 0.90709, 44.65487 ], [ 0.90706, 44.6549 ], [ 0.90696, 44.65497 ], [ 0.90695, 44.65498 ], [ 0.90687, 44.65503 ], [ 0.90683, 44.65506 ], [ 0.90668, 44.65514 ], [ 0.90661, 44.65518 ], [ 0.90655, 44.65524 ], [ 0.90655, 44.65533 ], [ 0.90653, 44.65545 ], [ 0.9065, 44.65556 ], [ 0.90637, 44.65591 ], [ 0.90634, 44.65595 ], [ 0.90633, 44.65599 ], [ 0.9063, 44.65605 ], [ 0.90629, 44.65609 ], [ 0.90621, 44.65622 ], [ 0.90612, 44.65638 ], [ 0.90608, 44.65647 ], [ 0.90594, 44.65673 ], [ 0.90588, 44.65681 ], [ 0.90575, 44.65702 ], [ 0.90571, 44.65706 ], [ 0.90555, 44.65719 ], [ 0.90548, 44.65724 ], [ 0.90524, 44.65732 ], [ 0.90511, 44.6574 ], [ 0.90526, 44.65753 ], [ 0.90537, 44.65763 ], [ 0.90535, 44.65766 ], [ 0.90539, 44.6577 ], [ 0.90538, 44.65773 ], [ 0.90526, 44.65778 ], [ 0.90522, 44.65778 ], [ 0.90519, 44.65778 ], [ 0.90511, 44.65781 ], [ 0.9051, 44.65781 ], [ 0.90494, 44.65785 ], [ 0.90486, 44.65785 ], [ 0.90482, 44.65785 ], [ 0.90481, 44.65786 ], [ 0.90478, 44.65788 ], [ 0.9047, 44.65787 ], [ 0.90467, 44.65792 ], [ 0.9046, 44.6579 ], [ 0.90449, 44.65793 ], [ 0.90439, 44.65796 ], [ 0.90436, 44.65796 ], [ 0.9042, 44.65798 ], [ 0.90398, 44.65795 ], [ 0.90378, 44.65795 ], [ 0.90366, 44.65795 ], [ 0.90352, 44.65797 ], [ 0.90328, 44.65804 ], [ 0.90314, 44.65808 ], [ 0.90296, 44.65816 ], [ 0.90288, 44.65819 ], [ 0.90236, 44.65842 ], [ 0.90232, 44.65845 ], [ 0.90219, 44.6585 ], [ 0.90196, 44.65859 ], [ 0.90185, 44.65863 ], [ 0.90166, 44.65867 ], [ 0.90158, 44.65865 ], [ 0.90157, 44.65865 ], [ 0.90153, 44.65864 ], [ 0.90142, 44.65861 ], [ 0.90118, 44.6586 ], [ 0.90106, 44.6586 ], [ 0.90096, 44.65859 ], [ 0.90084, 44.65859 ], [ 0.9008, 44.6586 ], [ 0.90074, 44.65859 ], [ 0.90014, 44.65858 ], [ 0.90014, 44.65857 ], [ 0.90014, 44.65856 ], [ 0.9001, 44.65856 ], [ 0.90007, 44.65857 ], [ 0.90005, 44.65883 ], [ 0.90002, 44.65911 ], [ 0.89997, 44.65919 ], [ 0.89995, 44.65934 ], [ 0.89991, 44.65996 ], [ 0.89992, 44.66024 ], [ 0.89991, 44.66039 ], [ 0.90002, 44.66068 ], [ 0.90008, 44.6609 ], [ 0.90011, 44.66106 ], [ 0.90015, 44.66114 ], [ 0.90015, 44.66116 ], [ 0.90016, 44.66122 ], [ 0.9002, 44.66142 ], [ 0.90034, 44.66178 ], [ 0.9005, 44.66197 ], [ 0.90063, 44.66209 ], [ 0.90073, 44.6623 ], [ 0.90079, 44.66252 ], [ 0.9008, 44.66268 ], [ 0.90081, 44.66282 ], [ 0.90081, 44.66311 ], [ 0.9008, 44.66335 ], [ 0.90074, 44.66358 ], [ 0.90071, 44.66371 ], [ 0.90057, 44.66418 ], [ 0.90276, 44.66427 ], [ 0.90281, 44.66427 ], [ 0.90322, 44.66427 ], [ 0.90335, 44.66414 ], [ 0.90366, 44.66386 ], [ 0.90427, 44.66391 ], [ 0.90439, 44.66342 ], [ 0.90483, 44.66345 ], [ 0.90485, 44.66345 ], [ 0.90697, 44.66331 ], [ 0.90824, 44.66343 ], [ 0.90854, 44.66379 ], [ 0.90876, 44.66405 ], [ 0.90874, 44.6641 ], [ 0.90831, 44.66441 ], [ 0.90724, 44.66524 ], [ 0.9072, 44.66527 ], [ 0.90722, 44.66536 ], [ 0.90712, 44.66543 ], [ 0.90698, 44.66551 ], [ 0.90685, 44.66558 ], [ 0.90664, 44.66569 ], [ 0.9054, 44.66626 ], [ 0.90522, 44.66636 ], [ 0.90501, 44.66652 ], [ 0.90486, 44.66666 ], [ 0.90474, 44.66677 ], [ 0.90468, 44.66688 ], [ 0.90426, 44.66782 ], [ 0.90359, 44.66927 ], [ 0.90348, 44.66945 ], [ 0.90336, 44.6696 ], [ 0.90325, 44.66973 ], [ 0.90289, 44.67016 ], [ 0.90271, 44.67037 ], [ 0.90268, 44.67039 ], [ 0.90137, 44.67191 ], [ 0.90136, 44.67194 ], [ 0.90133, 44.67196 ], [ 0.90118, 44.67212 ], [ 0.90182, 44.67219 ], [ 0.90231, 44.67224 ], [ 0.9025, 44.67227 ], [ 0.90274, 44.67229 ], [ 0.90319, 44.67235 ], [ 0.90323, 44.67236 ], [ 0.90351, 44.6724 ], [ 0.90379, 44.67243 ], [ 0.90403, 44.67157 ], [ 0.9045, 44.6717 ], [ 0.90518, 44.67181 ], [ 0.90548, 44.67185 ], [ 0.90632, 44.67197 ], [ 0.90637, 44.67198 ], [ 0.90621, 44.67231 ], [ 0.9062, 44.67255 ], [ 0.90619, 44.67268 ], [ 0.90618, 44.67279 ], [ 0.90622, 44.67299 ], [ 0.90628, 44.67318 ], [ 0.90716, 44.67327 ], [ 0.9079, 44.67337 ], [ 0.90849, 44.6735 ], [ 0.90858, 44.67333 ], [ 0.90887, 44.67278 ], [ 0.90949, 44.67244 ], [ 0.90993, 44.67238 ], [ 0.91043, 44.67199 ], [ 0.9103, 44.67183 ], [ 0.91007, 44.67158 ], [ 0.91012, 44.67157 ], [ 0.91138, 44.67134 ], [ 0.91138, 44.67145 ], [ 0.91149, 44.67145 ], [ 0.91161, 44.67145 ], [ 0.91192, 44.67143 ], [ 0.91193, 44.6717 ], [ 0.91189, 44.67189 ], [ 0.91199, 44.6719 ], [ 0.91234, 44.67193 ], [ 0.91272, 44.67198 ], [ 0.91276, 44.67206 ], [ 0.91257, 44.67221 ], [ 0.91247, 44.67229 ], [ 0.91132, 44.67393 ], [ 0.91125, 44.67403 ], [ 0.91095, 44.67448 ], [ 0.91087, 44.67458 ], [ 0.91077, 44.67468 ], [ 0.91074, 44.67487 ], [ 0.9107, 44.67503 ], [ 0.91063, 44.67519 ], [ 0.91049, 44.6755 ], [ 0.91047, 44.67556 ], [ 0.91046, 44.67556 ], [ 0.91014, 44.676 ], [ 0.90999, 44.6762 ], [ 0.90958, 44.67664 ], [ 0.90899, 44.67729 ], [ 0.909, 44.6773 ], [ 0.90873, 44.6775 ], [ 0.90868, 44.67754 ], [ 0.90867, 44.67754 ], [ 0.90861, 44.67758 ], [ 0.90897, 44.67765 ], [ 0.90907, 44.67766 ], [ 0.90947, 44.6777 ], [ 0.90962, 44.67771 ], [ 0.90972, 44.6777 ], [ 0.90982, 44.67769 ], [ 0.91028, 44.67758 ], [ 0.91047, 44.67752 ], [ 0.91061, 44.67746 ], [ 0.91088, 44.67738 ], [ 0.91133, 44.67727 ], [ 0.91192, 44.67716 ], [ 0.91228, 44.6771 ], [ 0.91233, 44.67704 ], [ 0.91236, 44.677 ], [ 0.9124, 44.67677 ], [ 0.91246, 44.67664 ], [ 0.91266, 44.67652 ], [ 0.91274, 44.67646 ], [ 0.91282, 44.67641 ], [ 0.91288, 44.67634 ], [ 0.91297, 44.67622 ], [ 0.91319, 44.67597 ], [ 0.9133, 44.67587 ], [ 0.91336, 44.67582 ], [ 0.91354, 44.67574 ], [ 0.91363, 44.67568 ], [ 0.91372, 44.67561 ], [ 0.91376, 44.67558 ], [ 0.91395, 44.67532 ], [ 0.91402, 44.67522 ], [ 0.91412, 44.67513 ], [ 0.91422, 44.6751 ], [ 0.91471, 44.67501 ], [ 0.91486, 44.67494 ], [ 0.91495, 44.67488 ], [ 0.915, 44.67484 ], [ 0.91517, 44.67465 ], [ 0.91553, 44.67427 ], [ 0.91612, 44.67438 ], [ 0.91631, 44.67444 ], [ 0.9166, 44.67453 ], [ 0.91688, 44.6746 ], [ 0.91712, 44.67468 ], [ 0.9173, 44.67466 ], [ 0.9187, 44.67462 ], [ 0.91874, 44.67454 ], [ 0.91941, 44.67448 ], [ 0.91943, 44.67431 ], [ 0.91947, 44.67396 ], [ 0.91948, 44.67363 ], [ 0.91947, 44.67347 ], [ 0.91948, 44.6733 ], [ 0.9196, 44.67302 ], [ 0.91968, 44.67287 ], [ 0.9198, 44.67264 ], [ 0.91989, 44.67249 ], [ 0.92003, 44.67225 ], [ 0.92016, 44.67204 ], [ 0.92057, 44.67177 ], [ 0.92172, 44.67134 ], [ 0.92193, 44.67128 ], [ 0.92254, 44.67121 ], [ 0.92283, 44.67121 ], [ 0.92302, 44.6712 ], [ 0.92319, 44.67119 ], [ 0.92322, 44.67125 ], [ 0.92392, 44.67135 ], [ 0.92406, 44.67135 ], [ 0.92415, 44.67134 ], [ 0.92438, 44.67129 ], [ 0.92464, 44.67131 ], [ 0.92393, 44.67159 ], [ 0.92384, 44.67161 ], [ 0.92379, 44.67165 ], [ 0.92356, 44.67178 ], [ 0.92347, 44.67183 ], [ 0.92341, 44.67183 ], [ 0.92336, 44.67186 ], [ 0.9229, 44.67205 ], [ 0.92281, 44.67208 ], [ 0.92269, 44.67214 ], [ 0.92249, 44.67224 ], [ 0.92234, 44.67232 ], [ 0.92174, 44.67259 ], [ 0.92152, 44.67274 ], [ 0.92131, 44.6729 ], [ 0.92121, 44.67317 ], [ 0.92119, 44.67329 ], [ 0.92111, 44.67343 ], [ 0.92101, 44.6736 ], [ 0.92098, 44.67366 ], [ 0.92093, 44.67377 ], [ 0.92091, 44.67379 ], [ 0.92087, 44.67396 ], [ 0.92086, 44.674 ], [ 0.92079, 44.6743 ], [ 0.92077, 44.67438 ], [ 0.92077, 44.67445 ], [ 0.92074, 44.6747 ], [ 0.921, 44.67544 ], [ 0.92136, 44.6754 ], [ 0.92161, 44.67534 ], [ 0.92266, 44.6752 ], [ 0.92398, 44.67524 ], [ 0.92464, 44.6753 ], [ 0.92604, 44.67549 ], [ 0.92726, 44.67554 ], [ 0.92776, 44.67559 ], [ 0.93119, 44.67579 ], [ 0.93121, 44.67601 ], [ 0.93121, 44.67608 ], [ 0.9313, 44.67673 ], [ 0.93137, 44.67691 ], [ 0.93155, 44.67697 ], [ 0.93194, 44.67711 ], [ 0.93266, 44.67735 ], [ 0.93409, 44.67752 ], [ 0.93438, 44.67759 ], [ 0.93461, 44.67765 ], [ 0.93485, 44.67775 ], [ 0.93511, 44.67788 ], [ 0.93635, 44.67871 ], [ 0.93651, 44.67877 ], [ 0.93695, 44.67918 ], [ 0.93699, 44.6792 ], [ 0.93709, 44.67929 ], [ 0.93734, 44.67931 ], [ 0.9377, 44.67937 ], [ 0.93792, 44.67939 ], [ 0.94114, 44.67964 ], [ 0.94122, 44.67994 ], [ 0.94122, 44.67997 ], [ 0.9417, 44.68187 ], [ 0.94241, 44.68243 ], [ 0.94258, 44.68244 ], [ 0.94414, 44.68259 ], [ 0.94615, 44.68295 ], [ 0.94643, 44.68298 ], [ 0.94663, 44.68301 ], [ 0.94683, 44.68307 ], [ 0.94709, 44.68313 ], [ 0.94724, 44.68317 ], [ 0.94744, 44.68321 ], [ 0.94779, 44.68333 ], [ 0.94802, 44.68342 ], [ 0.95257, 44.68461 ], [ 0.95263, 44.68463 ], [ 0.95362, 44.68476 ], [ 0.95392, 44.68481 ], [ 0.95439, 44.68487 ], [ 0.95479, 44.68495 ], [ 0.95508, 44.68502 ], [ 0.95508, 44.68501 ], [ 0.95532, 44.68505 ], [ 0.95561, 44.68511 ], [ 0.95571, 44.68514 ], [ 0.95585, 44.68521 ], [ 0.9568, 44.68558 ], [ 0.95755, 44.68606 ], [ 0.9578, 44.68603 ], [ 0.96032, 44.68513 ], [ 0.96106, 44.68485 ], [ 0.96155, 44.68483 ], [ 0.96208, 44.68484 ], [ 0.96224, 44.68486 ], [ 0.96295, 44.68496 ], [ 0.96457, 44.68525 ], [ 0.96499, 44.68533 ], [ 0.96505, 44.68555 ], [ 0.96493, 44.68624 ], [ 0.96489, 44.68648 ], [ 0.96475, 44.68664 ], [ 0.96297, 44.68702 ], [ 0.96189, 44.68705 ], [ 0.96016, 44.6874 ], [ 0.95971, 44.68758 ], [ 0.9601, 44.68813 ], [ 0.96064, 44.6892 ], [ 0.96066, 44.68933 ], [ 0.95865, 44.68938 ], [ 0.95748, 44.68938 ], [ 0.95738, 44.68901 ], [ 0.95649, 44.68903 ], [ 0.95613, 44.68901 ], [ 0.9564, 44.68884 ], [ 0.95628, 44.68861 ], [ 0.95616, 44.68821 ], [ 0.95519, 44.6866 ], [ 0.95401, 44.68625 ], [ 0.95181, 44.68577 ], [ 0.95108, 44.68607 ], [ 0.9488, 44.6859 ], [ 0.94709, 44.68461 ], [ 0.9461, 44.68404 ], [ 0.94239, 44.68397 ], [ 0.94079, 44.68422 ], [ 0.93959, 44.68333 ], [ 0.93774, 44.68338 ], [ 0.93752, 44.68321 ], [ 0.93744, 44.6831 ], [ 0.93477, 44.67964 ], [ 0.93253, 44.67979 ], [ 0.93124, 44.67922 ], [ 0.92912, 44.67751 ], [ 0.92865, 44.67705 ], [ 0.9285, 44.67702 ], [ 0.92825, 44.67695 ], [ 0.92783, 44.6769 ], [ 0.92771, 44.67687 ], [ 0.92734, 44.6768 ], [ 0.92729, 44.6768 ], [ 0.92707, 44.67682 ], [ 0.92701, 44.67683 ], [ 0.92666, 44.67687 ], [ 0.9265, 44.6769 ], [ 0.9262, 44.67696 ], [ 0.92614, 44.67697 ], [ 0.9258, 44.67701 ], [ 0.92558, 44.67703 ], [ 0.92518, 44.67703 ], [ 0.92475, 44.67703 ], [ 0.92461, 44.67707 ], [ 0.92449, 44.67708 ], [ 0.92445, 44.67708 ], [ 0.92439, 44.67709 ], [ 0.92402, 44.67709 ], [ 0.92377, 44.67714 ], [ 0.92368, 44.67714 ], [ 0.92359, 44.67715 ], [ 0.9234, 44.67714 ], [ 0.92315, 44.67712 ], [ 0.92305, 44.67714 ], [ 0.92288, 44.67718 ], [ 0.92277, 44.67722 ], [ 0.92215, 44.67692 ], [ 0.92182, 44.67701 ], [ 0.92161, 44.67706 ], [ 0.92097, 44.6772 ], [ 0.91976, 44.67754 ], [ 0.91958, 44.6776 ], [ 0.91954, 44.6776 ], [ 0.91942, 44.67761 ], [ 0.91929, 44.67765 ], [ 0.9189, 44.67775 ], [ 0.91809, 44.67792 ], [ 0.9169, 44.67798 ], [ 0.91856, 44.68002 ], [ 0.91859, 44.68027 ], [ 0.91877, 44.68024 ], [ 0.91878, 44.68024 ], [ 0.91887, 44.68025 ], [ 0.91901, 44.68015 ], [ 0.91927, 44.68003 ], [ 0.91933, 44.67997 ], [ 0.91932, 44.67986 ], [ 0.91933, 44.67975 ], [ 0.91933, 44.67955 ], [ 0.91929, 44.6793 ], [ 0.91935, 44.67919 ], [ 0.91965, 44.67881 ], [ 0.91976, 44.6785 ], [ 0.91991, 44.67843 ], [ 0.92058, 44.67815 ], [ 0.92092, 44.678 ], [ 0.921, 44.67805 ], [ 0.92122, 44.67799 ], [ 0.92155, 44.67771 ], [ 0.92203, 44.67749 ], [ 0.92223, 44.67774 ], [ 0.92231, 44.67784 ], [ 0.92259, 44.6782 ], [ 0.92278, 44.6781 ], [ 0.923, 44.67801 ], [ 0.92318, 44.67792 ], [ 0.92329, 44.67789 ], [ 0.92362, 44.67786 ], [ 0.92416, 44.67789 ], [ 0.92415, 44.67779 ], [ 0.92419, 44.6778 ], [ 0.92439, 44.67783 ], [ 0.92443, 44.6778 ], [ 0.92452, 44.6779 ], [ 0.92497, 44.67808 ], [ 0.92539, 44.67825 ], [ 0.92582, 44.67837 ], [ 0.92629, 44.67853 ], [ 0.92598, 44.67868 ], [ 0.92622, 44.6788 ], [ 0.92628, 44.67944 ], [ 0.92615, 44.6796 ], [ 0.92597, 44.67971 ], [ 0.92553, 44.68062 ], [ 0.92537, 44.68055 ], [ 0.92511, 44.68086 ], [ 0.92526, 44.68097 ], [ 0.92516, 44.68122 ], [ 0.92503, 44.68159 ], [ 0.92484, 44.68159 ], [ 0.92463, 44.68159 ], [ 0.92454, 44.68191 ], [ 0.92453, 44.68201 ], [ 0.92451, 44.68219 ], [ 0.92451, 44.68223 ], [ 0.92451, 44.68225 ], [ 0.92449, 44.68236 ], [ 0.92445, 44.68248 ], [ 0.92432, 44.68283 ], [ 0.92426, 44.68313 ], [ 0.92423, 44.68357 ], [ 0.92423, 44.68366 ], [ 0.92408, 44.68364 ], [ 0.92425, 44.68402 ], [ 0.92393, 44.68409 ], [ 0.92398, 44.68423 ], [ 0.92403, 44.68437 ], [ 0.92418, 44.68456 ], [ 0.92427, 44.68466 ], [ 0.92431, 44.68471 ], [ 0.92434, 44.68475 ], [ 0.92439, 44.68483 ], [ 0.92444, 44.68492 ], [ 0.92447, 44.68506 ], [ 0.92451, 44.68514 ], [ 0.92453, 44.68527 ], [ 0.92473, 44.68588 ], [ 0.92475, 44.68595 ], [ 0.9248, 44.68606 ], [ 0.92471, 44.68613 ], [ 0.92467, 44.68613 ], [ 0.92456, 44.68613 ], [ 0.92425, 44.68616 ], [ 0.9235, 44.6862 ], [ 0.92305, 44.68623 ], [ 0.92258, 44.68626 ], [ 0.92258, 44.68623 ], [ 0.92258, 44.68622 ], [ 0.92256, 44.68594 ], [ 0.92247, 44.68589 ], [ 0.92127, 44.6861 ], [ 0.9209, 44.68614 ], [ 0.92081, 44.68587 ], [ 0.92079, 44.68577 ], [ 0.92012, 44.68376 ], [ 0.92004, 44.68374 ], [ 0.92005, 44.68354 ], [ 0.9201, 44.68317 ], [ 0.92013, 44.6829 ], [ 0.9198, 44.68284 ], [ 0.91956, 44.6828 ], [ 0.9191, 44.68278 ], [ 0.91878, 44.68283 ], [ 0.91863, 44.68285 ], [ 0.91852, 44.68285 ], [ 0.91835, 44.68285 ], [ 0.91852, 44.68267 ], [ 0.91839, 44.68255 ], [ 0.91825, 44.68242 ], [ 0.91819, 44.68237 ], [ 0.918, 44.68224 ], [ 0.91793, 44.68219 ], [ 0.91774, 44.68211 ], [ 0.91739, 44.68196 ], [ 0.91734, 44.68193 ], [ 0.91652, 44.68297 ], [ 0.91648, 44.68301 ], [ 0.91644, 44.68304 ], [ 0.91642, 44.68306 ], [ 0.9163, 44.68309 ], [ 0.91625, 44.68309 ], [ 0.91615, 44.6831 ], [ 0.91557, 44.68307 ], [ 0.91441, 44.68204 ], [ 0.91452, 44.6819 ], [ 0.91467, 44.68171 ], [ 0.91481, 44.68147 ], [ 0.91483, 44.68143 ], [ 0.91385, 44.68141 ], [ 0.9135, 44.68137 ], [ 0.91306, 44.68124 ], [ 0.91226, 44.6814 ], [ 0.91213, 44.68166 ], [ 0.91201, 44.68167 ], [ 0.91191, 44.68191 ], [ 0.91171, 44.68207 ], [ 0.9116, 44.6822 ], [ 0.91141, 44.68229 ], [ 0.91137, 44.68232 ], [ 0.91126, 44.68241 ], [ 0.91112, 44.68252 ], [ 0.9111, 44.68255 ], [ 0.91097, 44.68267 ], [ 0.91085, 44.68284 ], [ 0.9108, 44.68294 ], [ 0.91077, 44.68295 ], [ 0.91073, 44.68297 ], [ 0.91023, 44.68308 ], [ 0.91011, 44.68312 ], [ 0.90996, 44.68315 ], [ 0.90973, 44.68319 ], [ 0.90947, 44.68326 ], [ 0.9091, 44.68333 ], [ 0.90877, 44.68338 ], [ 0.90746, 44.68292 ], [ 0.90753, 44.68267 ], [ 0.90757, 44.68246 ], [ 0.90755, 44.68229 ], [ 0.9072, 44.68104 ], [ 0.90708, 44.68051 ], [ 0.90701, 44.6801 ], [ 0.9069, 44.67952 ], [ 0.9068, 44.67945 ], [ 0.90676, 44.67946 ], [ 0.90669, 44.67945 ], [ 0.90586, 44.67943 ], [ 0.90585, 44.67948 ], [ 0.90577, 44.67948 ], [ 0.90531, 44.67949 ], [ 0.90478, 44.67951 ], [ 0.90468, 44.68046 ], [ 0.90478, 44.68144 ], [ 0.90484, 44.68177 ], [ 0.90488, 44.68225 ], [ 0.90481, 44.68275 ], [ 0.90474, 44.6831 ], [ 0.90466, 44.68349 ], [ 0.90506, 44.68349 ], [ 0.90522, 44.68348 ], [ 0.90534, 44.6835 ], [ 0.90535, 44.68353 ], [ 0.90534, 44.68369 ], [ 0.90537, 44.68405 ], [ 0.90534, 44.68419 ], [ 0.90535, 44.68431 ], [ 0.90542, 44.68447 ], [ 0.9055, 44.68459 ], [ 0.90551, 44.6851 ], [ 0.90579, 44.68506 ], [ 0.90648, 44.68501 ], [ 0.90657, 44.68519 ], [ 0.90665, 44.68543 ], [ 0.90677, 44.68573 ], [ 0.90656, 44.68577 ], [ 0.90656, 44.68577 ], [ 0.90656, 44.68578 ], [ 0.90656, 44.68578 ], [ 0.90578, 44.68593 ], [ 0.90599, 44.68648 ], [ 0.90646, 44.68749 ], [ 0.90679, 44.68762 ], [ 0.90707, 44.68773 ], [ 0.90711, 44.68778 ], [ 0.90722, 44.68783 ], [ 0.90757, 44.68788 ], [ 0.90759, 44.68789 ], [ 0.90766, 44.68795 ], [ 0.90773, 44.68796 ], [ 0.90821, 44.68811 ], [ 0.90829, 44.68815 ], [ 0.90844, 44.68826 ], [ 0.90863, 44.68846 ], [ 0.90869, 44.68856 ], [ 0.90874, 44.68864 ], [ 0.90883, 44.6889 ], [ 0.90884, 44.68893 ], [ 0.90887, 44.68895 ], [ 0.90899, 44.68902 ], [ 0.90921, 44.68895 ], [ 0.90932, 44.68892 ], [ 0.90957, 44.68889 ], [ 0.90981, 44.68887 ], [ 0.90991, 44.6889 ], [ 0.91014, 44.68894 ], [ 0.91012, 44.68906 ], [ 0.91007, 44.68962 ], [ 0.91006, 44.68979 ], [ 0.90971, 44.68982 ], [ 0.90965, 44.68983 ], [ 0.90942, 44.68987 ], [ 0.90919, 44.69025 ], [ 0.9084, 44.6913 ], [ 0.90822, 44.69158 ], [ 0.90817, 44.69167 ], [ 0.90777, 44.69189 ], [ 0.90774, 44.69211 ], [ 0.90749, 44.69331 ], [ 0.90734, 44.69336 ], [ 0.90697, 44.69326 ], [ 0.90634, 44.69308 ], [ 0.90616, 44.6933 ], [ 0.90534, 44.69432 ], [ 0.90509, 44.69468 ], [ 0.90604, 44.69487 ], [ 0.90818, 44.69473 ], [ 0.9083, 44.69453 ], [ 0.90856, 44.6941 ], [ 0.90862, 44.69397 ], [ 0.90868, 44.69388 ], [ 0.90868, 44.69369 ], [ 0.90955, 44.69334 ], [ 0.91054, 44.69268 ], [ 0.91075, 44.69277 ], [ 0.91091, 44.69287 ], [ 0.91113, 44.69299 ], [ 0.91136, 44.69314 ], [ 0.91157, 44.69331 ], [ 0.91178, 44.69348 ], [ 0.91211, 44.6929 ], [ 0.91241, 44.69229 ], [ 0.91251, 44.69215 ], [ 0.91203, 44.69197 ], [ 0.91207, 44.69184 ], [ 0.91226, 44.69175 ], [ 0.91304, 44.69194 ], [ 0.91314, 44.6919 ], [ 0.91326, 44.69188 ], [ 0.91365, 44.69195 ], [ 0.91367, 44.6918 ], [ 0.91378, 44.69123 ], [ 0.91384, 44.69122 ], [ 0.91501, 44.69045 ], [ 0.91512, 44.69037 ], [ 0.91524, 44.6903 ], [ 0.91558, 44.69013 ], [ 0.91588, 44.69002 ], [ 0.91605, 44.68996 ], [ 0.91632, 44.68994 ], [ 0.91657, 44.68993 ], [ 0.91711, 44.6899 ], [ 0.91719, 44.69007 ], [ 0.9173, 44.69007 ], [ 0.91824, 44.69009 ], [ 0.91906, 44.6901 ], [ 0.91908, 44.69003 ], [ 0.91911, 44.68992 ], [ 0.92049, 44.69015 ], [ 0.92032, 44.69127 ], [ 0.92029, 44.69162 ], [ 0.92475, 44.69332 ], [ 0.92381, 44.69434 ], [ 0.92286, 44.69522 ], [ 0.92265, 44.69546 ], [ 0.92259, 44.69548 ], [ 0.9225, 44.69555 ], [ 0.92238, 44.69559 ], [ 0.92207, 44.69586 ], [ 0.9221, 44.69591 ], [ 0.922, 44.69599 ], [ 0.92197, 44.696 ], [ 0.9219, 44.69604 ], [ 0.92186, 44.69607 ], [ 0.92177, 44.69612 ], [ 0.92171, 44.69612 ], [ 0.92148, 44.69625 ], [ 0.92135, 44.6963 ], [ 0.92115, 44.69636 ], [ 0.9209, 44.69644 ], [ 0.92073, 44.6965 ], [ 0.92029, 44.69667 ], [ 0.9194, 44.69668 ], [ 0.9177, 44.69685 ], [ 0.91791, 44.69646 ], [ 0.91801, 44.69622 ], [ 0.91808, 44.69606 ], [ 0.91815, 44.69594 ], [ 0.91831, 44.69561 ], [ 0.91837, 44.69551 ], [ 0.91841, 44.69545 ], [ 0.91854, 44.69533 ], [ 0.91845, 44.6953 ], [ 0.91799, 44.69503 ], [ 0.91724, 44.69458 ], [ 0.9164, 44.69408 ], [ 0.91587, 44.69377 ], [ 0.91571, 44.69371 ], [ 0.91576, 44.69366 ], [ 0.9154, 44.69353 ], [ 0.91528, 44.69353 ], [ 0.91493, 44.6933 ], [ 0.91431, 44.69394 ], [ 0.91455, 44.69413 ], [ 0.91463, 44.69421 ], [ 0.91488, 44.69446 ], [ 0.91504, 44.6946 ], [ 0.91518, 44.69474 ], [ 0.91483, 44.6948 ], [ 0.91511, 44.69527 ], [ 0.91515, 44.69531 ], [ 0.91519, 44.69537 ], [ 0.9154, 44.69573 ], [ 0.91544, 44.69578 ], [ 0.91555, 44.69585 ], [ 0.91473, 44.6959 ], [ 0.91468, 44.69591 ], [ 0.91452, 44.69593 ], [ 0.91433, 44.69594 ], [ 0.91424, 44.69603 ], [ 0.91399, 44.69616 ], [ 0.91352, 44.69643 ], [ 0.91335, 44.69659 ], [ 0.91322, 44.69666 ], [ 0.91301, 44.69691 ], [ 0.91273, 44.6972 ], [ 0.91225, 44.6969 ], [ 0.91235, 44.69677 ], [ 0.91239, 44.69671 ], [ 0.91183, 44.6965 ], [ 0.91146, 44.69637 ], [ 0.91102, 44.69666 ], [ 0.9109, 44.6966 ], [ 0.91068, 44.69703 ], [ 0.91051, 44.69737 ], [ 0.91033, 44.69733 ], [ 0.91033, 44.69738 ], [ 0.91014, 44.69738 ], [ 0.9098, 44.69729 ], [ 0.90975, 44.69724 ], [ 0.90954, 44.69718 ], [ 0.90943, 44.69718 ], [ 0.9093, 44.69718 ], [ 0.90917, 44.69716 ], [ 0.909, 44.6971 ], [ 0.90884, 44.69725 ], [ 0.90877, 44.69734 ], [ 0.90868, 44.69742 ], [ 0.90854, 44.69746 ], [ 0.90832, 44.69747 ], [ 0.9087, 44.69779 ], [ 0.90885, 44.69792 ], [ 0.9091, 44.69816 ], [ 0.90926, 44.69826 ], [ 0.90947, 44.69842 ], [ 0.90954, 44.6985 ], [ 0.91006, 44.69894 ], [ 0.91056, 44.69937 ], [ 0.91137, 44.69995 ], [ 0.91167, 44.70009 ], [ 0.91175, 44.70014 ], [ 0.91191, 44.70021 ], [ 0.91195, 44.70024 ], [ 0.91203, 44.70027 ], [ 0.91212, 44.70031 ], [ 0.91227, 44.70036 ], [ 0.9125, 44.70045 ], [ 0.91328, 44.70081 ], [ 0.91333, 44.7008 ], [ 0.91335, 44.70078 ], [ 0.9134, 44.70072 ], [ 0.91348, 44.70061 ], [ 0.91355, 44.70049 ], [ 0.91361, 44.70044 ], [ 0.91367, 44.70038 ], [ 0.91377, 44.70028 ], [ 0.91384, 44.70021 ], [ 0.91388, 44.70015 ], [ 0.91395, 44.69999 ], [ 0.91397, 44.69992 ], [ 0.91399, 44.69985 ], [ 0.91399, 44.69981 ], [ 0.91405, 44.69966 ], [ 0.91407, 44.69959 ], [ 0.91411, 44.69942 ], [ 0.91415, 44.6992 ], [ 0.91417, 44.69913 ], [ 0.91421, 44.69893 ], [ 0.91428, 44.69872 ], [ 0.91435, 44.69849 ], [ 0.91436, 44.69842 ], [ 0.91439, 44.69834 ], [ 0.91446, 44.69824 ], [ 0.91461, 44.69801 ], [ 0.91468, 44.69793 ], [ 0.91474, 44.69785 ], [ 0.91494, 44.69768 ], [ 0.91535, 44.69727 ], [ 0.91535, 44.69724 ], [ 0.9157, 44.69743 ], [ 0.91575, 44.69744 ], [ 0.91602, 44.69742 ], [ 0.91662, 44.69733 ], [ 0.91693, 44.69727 ], [ 0.91711, 44.69723 ], [ 0.91722, 44.69719 ], [ 0.91728, 44.69718 ], [ 0.9174, 44.6972 ], [ 0.91805, 44.6989 ], [ 0.9181, 44.69912 ], [ 0.91815, 44.69912 ], [ 0.91819, 44.69912 ], [ 0.91835, 44.6992 ], [ 0.92132, 44.69961 ], [ 0.92241, 44.6998 ], [ 0.9228, 44.69983 ], [ 0.92327, 44.69988 ], [ 0.92412, 44.70001 ], [ 0.92434, 44.70003 ], [ 0.9248, 44.69935 ], [ 0.92501, 44.69883 ], [ 0.92431, 44.69718 ], [ 0.92611, 44.69666 ], [ 0.92786, 44.69625 ], [ 0.92878, 44.69704 ], [ 0.92882, 44.69718 ], [ 0.92893, 44.69725 ], [ 0.92899, 44.69743 ], [ 0.9293, 44.69739 ], [ 0.92961, 44.69739 ], [ 0.93003, 44.69737 ], [ 0.9304, 44.69729 ], [ 0.9306, 44.69721 ], [ 0.93098, 44.6971 ], [ 0.93122, 44.69707 ], [ 0.93128, 44.69708 ], [ 0.93132, 44.69711 ], [ 0.9314, 44.69734 ], [ 0.93149, 44.69753 ], [ 0.93056, 44.69788 ], [ 0.93074, 44.69815 ], [ 0.93071, 44.69821 ], [ 0.93046, 44.69837 ], [ 0.93048, 44.69911 ], [ 0.93074, 44.69907 ], [ 0.93074, 44.69936 ], [ 0.93066, 44.69949 ], [ 0.93048, 44.69981 ], [ 0.93039, 44.70001 ], [ 0.93029, 44.70004 ], [ 0.9306, 44.70063 ], [ 0.93077, 44.70097 ], [ 0.93089, 44.70124 ], [ 0.93109, 44.70119 ], [ 0.93136, 44.70114 ], [ 0.93186, 44.70123 ], [ 0.93213, 44.70128 ], [ 0.93236, 44.70107 ], [ 0.93268, 44.70116 ], [ 0.93237, 44.70143 ], [ 0.93195, 44.70186 ], [ 0.93129, 44.70254 ], [ 0.93123, 44.7026 ], [ 0.93107, 44.70301 ], [ 0.93115, 44.70302 ], [ 0.93176, 44.70312 ], [ 0.93215, 44.70318 ], [ 0.93223, 44.7032 ], [ 0.93299, 44.70335 ], [ 0.93295, 44.70345 ], [ 0.93444, 44.70322 ], [ 0.93446, 44.70333 ], [ 0.93448, 44.70346 ], [ 0.93448, 44.70349 ], [ 0.93462, 44.70433 ], [ 0.93479, 44.7053 ], [ 0.93552, 44.70522 ], [ 0.93559, 44.70542 ], [ 0.93585, 44.70625 ], [ 0.93596, 44.70664 ], [ 0.93575, 44.70674 ], [ 0.93557, 44.70683 ], [ 0.93513, 44.70706 ], [ 0.93476, 44.70725 ], [ 0.9346, 44.70741 ], [ 0.93452, 44.70749 ], [ 0.93394, 44.70806 ], [ 0.93417, 44.70818 ], [ 0.93457, 44.70837 ], [ 0.93474, 44.70856 ], [ 0.93464, 44.70866 ], [ 0.93454, 44.70879 ], [ 0.93448, 44.70907 ], [ 0.93449, 44.7091 ], [ 0.93452, 44.70924 ], [ 0.93448, 44.70931 ], [ 0.93447, 44.70951 ], [ 0.9343, 44.70997 ], [ 0.93413, 44.71056 ], [ 0.93408, 44.7107 ], [ 0.93399, 44.71096 ], [ 0.93392, 44.71118 ], [ 0.93389, 44.71131 ], [ 0.93389, 44.71139 ], [ 0.93387, 44.71149 ], [ 0.93388, 44.71174 ], [ 0.93389, 44.71186 ], [ 0.93402, 44.71227 ], [ 0.93408, 44.71246 ], [ 0.93563, 44.71227 ], [ 0.93561, 44.71215 ], [ 0.93647, 44.71202 ], [ 0.93648, 44.71206 ], [ 0.93663, 44.71231 ], [ 0.93675, 44.7125 ], [ 0.93696, 44.71271 ], [ 0.937, 44.71275 ], [ 0.93681, 44.71287 ], [ 0.9372, 44.71316 ], [ 0.93719, 44.71325 ], [ 0.93683, 44.71343 ], [ 0.93722, 44.71389 ], [ 0.9377, 44.71373 ], [ 0.93784, 44.71368 ], [ 0.93797, 44.71362 ], [ 0.93821, 44.71351 ], [ 0.93837, 44.71343 ], [ 0.93851, 44.71337 ], [ 0.93858, 44.71334 ], [ 0.93865, 44.71332 ], [ 0.9387, 44.71329 ], [ 0.93879, 44.71302 ], [ 0.93916, 44.71307 ], [ 0.93953, 44.71278 ], [ 0.93975, 44.71269 ], [ 0.93973, 44.71263 ], [ 0.93975, 44.71258 ], [ 0.93983, 44.71254 ], [ 0.94001, 44.71251 ], [ 0.94016, 44.71244 ], [ 0.94033, 44.7123 ], [ 0.9404, 44.71222 ], [ 0.94044, 44.71213 ], [ 0.94037, 44.71194 ], [ 0.94039, 44.71186 ], [ 0.94032, 44.71166 ], [ 0.94027, 44.71162 ], [ 0.94002, 44.71145 ], [ 0.9396, 44.71115 ], [ 0.94001, 44.71082 ], [ 0.94002, 44.71078 ], [ 0.94005, 44.71074 ], [ 0.9401, 44.71063 ], [ 0.94026, 44.71042 ], [ 0.94041, 44.71026 ], [ 0.94056, 44.71016 ], [ 0.94058, 44.71013 ], [ 0.93985, 44.70954 ], [ 0.93952, 44.70926 ], [ 0.93948, 44.70924 ], [ 0.93936, 44.70889 ], [ 0.93934, 44.70884 ], [ 0.93997, 44.70872 ], [ 0.94063, 44.70857 ], [ 0.94072, 44.70855 ], [ 0.94085, 44.70851 ], [ 0.94099, 44.70845 ], [ 0.94105, 44.70842 ], [ 0.94117, 44.70836 ], [ 0.94139, 44.70824 ], [ 0.9415, 44.70817 ], [ 0.94163, 44.70811 ], [ 0.94176, 44.70806 ], [ 0.9422, 44.70796 ], [ 0.94282, 44.70781 ], [ 0.94328, 44.70764 ], [ 0.94341, 44.70758 ], [ 0.94402, 44.70738 ], [ 0.94415, 44.70733 ], [ 0.94425, 44.70729 ], [ 0.9444, 44.7072 ], [ 0.94447, 44.70717 ], [ 0.94471, 44.70694 ], [ 0.94475, 44.70691 ], [ 0.94492, 44.70675 ], [ 0.94498, 44.7067 ], [ 0.94512, 44.70662 ], [ 0.94519, 44.70659 ], [ 0.94538, 44.70654 ], [ 0.94695, 44.70615 ], [ 0.94774, 44.70595 ], [ 0.94814, 44.70585 ], [ 0.94866, 44.70572 ], [ 0.94877, 44.70568 ], [ 0.94894, 44.70562 ], [ 0.94907, 44.70558 ], [ 0.94938, 44.70544 ], [ 0.94957, 44.70532 ], [ 0.94962, 44.7053 ], [ 0.94977, 44.70523 ], [ 0.95004, 44.70514 ], [ 0.95026, 44.70509 ], [ 0.95041, 44.70506 ], [ 0.95069, 44.70499 ], [ 0.95087, 44.70493 ], [ 0.95095, 44.70497 ], [ 0.95111, 44.70523 ], [ 0.95201, 44.70628 ], [ 0.95245, 44.7063 ], [ 0.95252, 44.7062 ], [ 0.95261, 44.70613 ], [ 0.95278, 44.70598 ], [ 0.95291, 44.70591 ], [ 0.95306, 44.70585 ], [ 0.95348, 44.70602 ], [ 0.95359, 44.706 ], [ 0.95371, 44.70604 ], [ 0.95384, 44.70608 ], [ 0.95404, 44.7061 ], [ 0.95422, 44.70612 ], [ 0.95434, 44.70615 ], [ 0.95465, 44.70604 ], [ 0.95485, 44.70608 ], [ 0.95502, 44.70615 ], [ 0.95527, 44.70624 ], [ 0.95544, 44.7063 ], [ 0.9554, 44.70589 ], [ 0.95566, 44.70588 ], [ 0.95591, 44.70586 ], [ 0.95609, 44.70583 ], [ 0.95619, 44.70582 ], [ 0.95632, 44.70584 ], [ 0.95662, 44.70585 ], [ 0.9565, 44.70507 ], [ 0.9564, 44.70499 ], [ 0.95646, 44.7045 ], [ 0.95646, 44.70448 ], [ 0.9565, 44.70419 ], [ 0.95645, 44.70417 ], [ 0.95637, 44.70412 ], [ 0.95622, 44.70403 ], [ 0.95615, 44.70398 ], [ 0.95609, 44.70389 ], [ 0.95589, 44.70377 ], [ 0.95585, 44.70375 ], [ 0.95581, 44.70372 ], [ 0.95558, 44.70356 ], [ 0.95545, 44.70349 ], [ 0.95532, 44.70338 ], [ 0.95527, 44.70333 ], [ 0.95523, 44.70325 ], [ 0.95527, 44.70319 ], [ 0.95532, 44.70314 ], [ 0.95543, 44.70298 ], [ 0.95552, 44.70279 ], [ 0.95558, 44.70268 ], [ 0.95573, 44.70219 ], [ 0.95585, 44.70185 ], [ 0.9559, 44.70176 ], [ 0.95597, 44.70171 ], [ 0.95611, 44.70162 ], [ 0.95632, 44.70152 ], [ 0.9564, 44.70149 ], [ 0.95654, 44.70144 ], [ 0.95669, 44.70141 ], [ 0.95697, 44.70139 ], [ 0.9571, 44.70137 ], [ 0.95725, 44.70135 ], [ 0.95736, 44.70133 ], [ 0.95777, 44.70116 ], [ 0.95814, 44.70101 ], [ 0.95827, 44.70098 ], [ 0.95833, 44.70096 ], [ 0.95839, 44.70096 ], [ 0.95851, 44.70097 ], [ 0.95884, 44.70107 ], [ 0.95897, 44.70108 ], [ 0.9591, 44.70106 ], [ 0.95916, 44.70105 ], [ 0.95922, 44.70106 ], [ 0.95925, 44.70107 ], [ 0.95945, 44.70101 ], [ 0.96003, 44.70089 ], [ 0.96014, 44.70085 ], [ 0.96017, 44.70083 ], [ 0.96021, 44.7008 ], [ 0.96023, 44.70076 ], [ 0.96024, 44.70073 ], [ 0.96025, 44.7007 ], [ 0.96022, 44.70053 ], [ 0.9602, 44.70042 ], [ 0.96017, 44.7003 ], [ 0.96018, 44.70017 ], [ 0.96018, 44.70011 ], [ 0.96019, 44.70006 ], [ 0.96021, 44.70002 ], [ 0.96025, 44.69998 ], [ 0.96027, 44.69994 ], [ 0.96027, 44.69993 ], [ 0.96031, 44.6999 ], [ 0.96036, 44.69985 ], [ 0.96044, 44.6998 ], [ 0.96069, 44.69968 ], [ 0.961, 44.69952 ], [ 0.96108, 44.69947 ], [ 0.96117, 44.69937 ], [ 0.96125, 44.69922 ], [ 0.96138, 44.69899 ], [ 0.96147, 44.69887 ], [ 0.96154, 44.6988 ], [ 0.96168, 44.69862 ], [ 0.96182, 44.69845 ], [ 0.96212, 44.69811 ], [ 0.96261, 44.69758 ], [ 0.96263, 44.69755 ], [ 0.96268, 44.6975 ], [ 0.96295, 44.6972 ], [ 0.96298, 44.69717 ], [ 0.96313, 44.69699 ], [ 0.96335, 44.69674 ], [ 0.96344, 44.69666 ], [ 0.96347, 44.69664 ], [ 0.96365, 44.69655 ], [ 0.96372, 44.69653 ], [ 0.96492, 44.69621 ], [ 0.96511, 44.69616 ], [ 0.96594, 44.69608 ], [ 0.9665, 44.69605 ], [ 0.9667, 44.69603 ], [ 0.96755, 44.69595 ], [ 0.96768, 44.69593 ], [ 0.96776, 44.69593 ], [ 0.96782, 44.69592 ], [ 0.96795, 44.69585 ], [ 0.96808, 44.69571 ], [ 0.96829, 44.69546 ], [ 0.96872, 44.69493 ], [ 0.96911, 44.69447 ], [ 0.96955, 44.69393 ], [ 0.96973, 44.69368 ], [ 0.97011, 44.69315 ], [ 0.97019, 44.69302 ], [ 0.97027, 44.6929 ], [ 0.9706, 44.69239 ], [ 0.9707, 44.69223 ], [ 0.97085, 44.69202 ], [ 0.97107, 44.6917 ], [ 0.97108, 44.69165 ], [ 0.97109, 44.6916 ], [ 0.9711, 44.69157 ], [ 0.97108, 44.6915 ], [ 0.97107, 44.69143 ], [ 0.97098, 44.69116 ], [ 0.9709, 44.69092 ], [ 0.97085, 44.69075 ], [ 0.97078, 44.69055 ], [ 0.97074, 44.69044 ], [ 0.97074, 44.69031 ], [ 0.97074, 44.69022 ], [ 0.97074, 44.69018 ], [ 0.97081, 44.68991 ], [ 0.971, 44.68913 ], [ 0.97103, 44.689 ], [ 0.97109, 44.68876 ], [ 0.97108, 44.68867 ], [ 0.97104, 44.68861 ], [ 0.97105, 44.68833 ], [ 0.97105, 44.68814 ], [ 0.97116, 44.68807 ], [ 0.97141, 44.68785 ], [ 0.97145, 44.68777 ], [ 0.97148, 44.68763 ], [ 0.97148, 44.68755 ], [ 0.97147, 44.68752 ], [ 0.97143, 44.68748 ], [ 0.97139, 44.68743 ], [ 0.97131, 44.68726 ], [ 0.97132, 44.68721 ], [ 0.97133, 44.68712 ], [ 0.97132, 44.68708 ], [ 0.97131, 44.68701 ], [ 0.97126, 44.68678 ], [ 0.97129, 44.68667 ], [ 0.9713, 44.68662 ], [ 0.97141, 44.68652 ], [ 0.97149, 44.68644 ], [ 0.9718, 44.68612 ], [ 0.97193, 44.68595 ], [ 0.97195, 44.68587 ], [ 0.97211, 44.68544 ], [ 0.97221, 44.68514 ], [ 0.97223, 44.68503 ], [ 0.97223, 44.68491 ], [ 0.97224, 44.68484 ], [ 0.97227, 44.68478 ], [ 0.9723, 44.68475 ], [ 0.97232, 44.68472 ], [ 0.97255, 44.6845 ], [ 0.97253, 44.68444 ], [ 0.97254, 44.68441 ], [ 0.97264, 44.68439 ], [ 0.97271, 44.68436 ], [ 0.97276, 44.68433 ], [ 0.97282, 44.68427 ], [ 0.97291, 44.68418 ], [ 0.97297, 44.68413 ], [ 0.97302, 44.68405 ], [ 0.97311, 44.68383 ], [ 0.97316, 44.68383 ], [ 0.97364, 44.6841 ], [ 0.97375, 44.68405 ], [ 0.97456, 44.68359 ], [ 0.97505, 44.68343 ], [ 0.97529, 44.6834 ], [ 0.97587, 44.68277 ], [ 0.97611, 44.683 ], [ 0.97744, 44.68254 ], [ 0.97748, 44.68252 ], [ 0.97754, 44.68254 ], [ 0.97761, 44.68253 ], [ 0.97763, 44.68252 ], [ 0.97816, 44.68223 ], [ 0.97818, 44.68221 ], [ 0.97821, 44.68215 ], [ 0.97817, 44.68203 ], [ 0.97816, 44.68193 ], [ 0.97815, 44.68184 ], [ 0.97762, 44.68131 ], [ 0.97742, 44.6814 ], [ 0.97713, 44.68152 ], [ 0.9768, 44.68106 ], [ 0.97658, 44.6812 ], [ 0.97644, 44.68115 ], [ 0.97613, 44.68103 ], [ 0.97585, 44.68099 ], [ 0.97558, 44.68091 ], [ 0.97516, 44.68086 ], [ 0.97513, 44.68102 ], [ 0.97515, 44.68112 ], [ 0.97514, 44.68127 ], [ 0.9746, 44.68124 ], [ 0.97441, 44.68109 ], [ 0.97418, 44.681 ], [ 0.974, 44.68089 ], [ 0.97367, 44.68074 ], [ 0.9736, 44.68098 ], [ 0.97354, 44.68115 ], [ 0.97347, 44.68116 ], [ 0.97344, 44.68122 ], [ 0.9733, 44.68128 ], [ 0.97294, 44.681 ], [ 0.97272, 44.6808 ], [ 0.97262, 44.68072 ], [ 0.97258, 44.68069 ], [ 0.97231, 44.68055 ], [ 0.97214, 44.68043 ], [ 0.9721, 44.6804 ], [ 0.97196, 44.68033 ], [ 0.97187, 44.68028 ], [ 0.97182, 44.68026 ], [ 0.97171, 44.68022 ], [ 0.97156, 44.68021 ], [ 0.97147, 44.6802 ], [ 0.97127, 44.68025 ], [ 0.97122, 44.68025 ], [ 0.97114, 44.68024 ], [ 0.97097, 44.68019 ], [ 0.97087, 44.68016 ], [ 0.97076, 44.68014 ], [ 0.97059, 44.68013 ], [ 0.97043, 44.68008 ], [ 0.9704, 44.68007 ], [ 0.97034, 44.67997 ], [ 0.97026, 44.67988 ], [ 0.97013, 44.67978 ], [ 0.97004, 44.67968 ], [ 0.97, 44.67965 ], [ 0.96989, 44.67947 ], [ 0.96983, 44.67945 ], [ 0.96974, 44.6794 ], [ 0.96953, 44.67931 ], [ 0.9694, 44.67925 ], [ 0.96933, 44.67919 ], [ 0.96932, 44.67916 ], [ 0.96928, 44.67905 ], [ 0.9692, 44.6789 ], [ 0.96918, 44.67877 ], [ 0.96916, 44.67876 ], [ 0.96915, 44.67874 ], [ 0.96913, 44.67873 ], [ 0.96908, 44.67871 ], [ 0.96899, 44.67869 ], [ 0.96875, 44.67857 ], [ 0.96862, 44.6785 ], [ 0.96859, 44.67849 ], [ 0.96848, 44.67841 ], [ 0.96839, 44.67835 ], [ 0.96834, 44.67833 ], [ 0.96827, 44.67829 ], [ 0.96819, 44.67823 ], [ 0.96809, 44.67817 ], [ 0.96801, 44.67813 ], [ 0.96798, 44.67811 ], [ 0.96798, 44.67807 ], [ 0.96798, 44.67805 ], [ 0.96802, 44.67791 ], [ 0.96802, 44.67789 ], [ 0.968, 44.67787 ], [ 0.9679, 44.67782 ], [ 0.96778, 44.67773 ], [ 0.96768, 44.67771 ], [ 0.96765, 44.67769 ], [ 0.96758, 44.67765 ], [ 0.96754, 44.67765 ], [ 0.96736, 44.67763 ], [ 0.96725, 44.67762 ], [ 0.96717, 44.6776 ], [ 0.96711, 44.67758 ], [ 0.96681, 44.6774 ], [ 0.96666, 44.67731 ], [ 0.96658, 44.67728 ], [ 0.9664, 44.67724 ], [ 0.9663, 44.6772 ], [ 0.96609, 44.67707 ], [ 0.96604, 44.67704 ], [ 0.96584, 44.67695 ], [ 0.96574, 44.6769 ], [ 0.9657, 44.67688 ], [ 0.96567, 44.67683 ], [ 0.96559, 44.67674 ], [ 0.96556, 44.67663 ], [ 0.96554, 44.67659 ], [ 0.96549, 44.67652 ], [ 0.96541, 44.67644 ], [ 0.96531, 44.67639 ], [ 0.96528, 44.67637 ], [ 0.96478, 44.67619 ], [ 0.96444, 44.67611 ], [ 0.96422, 44.67607 ], [ 0.96419, 44.67604 ], [ 0.96408, 44.67596 ], [ 0.96375, 44.67569 ], [ 0.96362, 44.67571 ], [ 0.96346, 44.67574 ], [ 0.96337, 44.67575 ], [ 0.96327, 44.67576 ], [ 0.96299, 44.67582 ], [ 0.96261, 44.67591 ], [ 0.96222, 44.676 ], [ 0.96215, 44.67601 ], [ 0.96183, 44.67602 ], [ 0.96177, 44.676 ], [ 0.96157, 44.67596 ], [ 0.96129, 44.67601 ], [ 0.9612, 44.67603 ], [ 0.96104, 44.67605 ], [ 0.96092, 44.6761 ], [ 0.96055, 44.67624 ], [ 0.96013, 44.67637 ], [ 0.95931, 44.67663 ], [ 0.95923, 44.67661 ], [ 0.95921, 44.67646 ], [ 0.95917, 44.67642 ], [ 0.95856, 44.67586 ], [ 0.95782, 44.6752 ], [ 0.9574, 44.67483 ], [ 0.95737, 44.67479 ], [ 0.95687, 44.67434 ], [ 0.95595, 44.67352 ], [ 0.95487, 44.67252 ], [ 0.95478, 44.67245 ], [ 0.9545, 44.67217 ], [ 0.95445, 44.67214 ], [ 0.95397, 44.67169 ], [ 0.95377, 44.67153 ], [ 0.9537, 44.67149 ], [ 0.95363, 44.67147 ], [ 0.9535, 44.67144 ], [ 0.95349, 44.67139 ], [ 0.95352, 44.67133 ], [ 0.95356, 44.6713 ], [ 0.9537, 44.67118 ], [ 0.95382, 44.6711 ], [ 0.95417, 44.6709 ], [ 0.95418, 44.67086 ], [ 0.95415, 44.67081 ], [ 0.95367, 44.67058 ], [ 0.95356, 44.67054 ], [ 0.9532, 44.67053 ], [ 0.95274, 44.67051 ], [ 0.95264, 44.6705 ], [ 0.95221, 44.67046 ], [ 0.95193, 44.67044 ], [ 0.95182, 44.67043 ], [ 0.95188, 44.67014 ], [ 0.95189, 44.67007 ], [ 0.95186, 44.66998 ], [ 0.95182, 44.66987 ], [ 0.95171, 44.66967 ], [ 0.95169, 44.66964 ], [ 0.95162, 44.66968 ], [ 0.95132, 44.66987 ], [ 0.95129, 44.66949 ], [ 0.95111, 44.66944 ], [ 0.95006, 44.66922 ], [ 0.94983, 44.66918 ], [ 0.94974, 44.66924 ], [ 0.94886, 44.66911 ], [ 0.9487, 44.66908 ], [ 0.9485, 44.66901 ], [ 0.94824, 44.66891 ], [ 0.94775, 44.66872 ], [ 0.94747, 44.66861 ], [ 0.9473, 44.66854 ], [ 0.94717, 44.66845 ], [ 0.94692, 44.66827 ], [ 0.94661, 44.66803 ], [ 0.94582, 44.66731 ], [ 0.94559, 44.66711 ], [ 0.94561, 44.667 ], [ 0.94584, 44.66694 ], [ 0.94616, 44.66685 ], [ 0.94657, 44.66672 ], [ 0.94666, 44.66667 ], [ 0.94673, 44.66665 ], [ 0.94779, 44.66632 ], [ 0.94799, 44.66626 ], [ 0.94817, 44.6662 ], [ 0.94881, 44.66609 ], [ 0.94904, 44.66604 ], [ 0.9491, 44.66603 ], [ 0.94891, 44.66566 ], [ 0.94874, 44.6653 ], [ 0.94876, 44.66504 ], [ 0.9488, 44.66475 ], [ 0.94885, 44.66473 ], [ 0.94892, 44.66467 ], [ 0.94914, 44.66426 ], [ 0.94901, 44.66374 ], [ 0.94886, 44.66378 ], [ 0.94869, 44.66384 ], [ 0.94838, 44.66388 ], [ 0.94838, 44.66385 ], [ 0.94833, 44.66359 ], [ 0.9483, 44.66292 ], [ 0.94762, 44.66292 ], [ 0.94714, 44.66299 ], [ 0.94689, 44.663 ], [ 0.94565, 44.6631 ], [ 0.94524, 44.66125 ], [ 0.94429, 44.66137 ], [ 0.944, 44.6614 ], [ 0.94361, 44.66145 ], [ 0.94343, 44.66149 ], [ 0.94334, 44.66153 ], [ 0.94324, 44.66159 ], [ 0.9431, 44.66168 ], [ 0.94302, 44.66172 ], [ 0.943, 44.66175 ], [ 0.94288, 44.66183 ], [ 0.94283, 44.66187 ], [ 0.94257, 44.66216 ], [ 0.94247, 44.66225 ], [ 0.9423, 44.66237 ], [ 0.94184, 44.66271 ], [ 0.94167, 44.66278 ], [ 0.94161, 44.6628 ], [ 0.9415, 44.66283 ], [ 0.94143, 44.66283 ], [ 0.94134, 44.66282 ], [ 0.94126, 44.66281 ], [ 0.94114, 44.66276 ], [ 0.94106, 44.66272 ], [ 0.94091, 44.66263 ], [ 0.94066, 44.66245 ], [ 0.94054, 44.66236 ], [ 0.94028, 44.66219 ], [ 0.9401, 44.66209 ], [ 0.93997, 44.66202 ], [ 0.93983, 44.66195 ], [ 0.93967, 44.66191 ], [ 0.93946, 44.66187 ], [ 0.9393, 44.66187 ], [ 0.93912, 44.66192 ], [ 0.93902, 44.66195 ], [ 0.93896, 44.66198 ], [ 0.93888, 44.66201 ], [ 0.93877, 44.66208 ], [ 0.93873, 44.66211 ], [ 0.93863, 44.66218 ], [ 0.93843, 44.66237 ], [ 0.93838, 44.66241 ], [ 0.93825, 44.66252 ], [ 0.93813, 44.66251 ], [ 0.93808, 44.66234 ], [ 0.938, 44.66204 ], [ 0.93787, 44.66158 ], [ 0.93782, 44.66148 ], [ 0.93775, 44.66125 ], [ 0.93772, 44.66117 ], [ 0.9377, 44.66108 ], [ 0.93761, 44.66075 ], [ 0.93759, 44.66071 ], [ 0.9375, 44.66051 ], [ 0.93749, 44.6604 ], [ 0.93749, 44.66019 ], [ 0.93753, 44.65998 ], [ 0.93754, 44.65963 ], [ 0.93756, 44.65956 ], [ 0.93758, 44.65951 ], [ 0.93761, 44.65946 ], [ 0.9377, 44.65936 ], [ 0.93782, 44.65925 ], [ 0.93801, 44.65907 ], [ 0.93811, 44.65898 ], [ 0.93819, 44.65888 ], [ 0.93827, 44.65878 ], [ 0.93831, 44.65872 ], [ 0.93832, 44.65867 ], [ 0.93834, 44.65859 ], [ 0.93833, 44.65822 ], [ 0.93832, 44.65817 ], [ 0.93829, 44.65813 ], [ 0.93825, 44.65809 ], [ 0.93816, 44.65803 ], [ 0.93789, 44.65785 ], [ 0.93775, 44.65776 ], [ 0.93762, 44.65767 ], [ 0.93748, 44.65755 ], [ 0.93741, 44.65748 ], [ 0.93737, 44.65742 ], [ 0.93732, 44.65735 ], [ 0.93726, 44.6572 ], [ 0.93723, 44.65714 ], [ 0.9371, 44.65697 ], [ 0.93681, 44.65663 ], [ 0.93661, 44.65647 ], [ 0.93656, 44.65642 ], [ 0.93651, 44.65639 ], [ 0.93619, 44.65622 ], [ 0.93599, 44.65614 ], [ 0.9358, 44.65604 ], [ 0.93557, 44.65592 ], [ 0.93547, 44.65588 ], [ 0.93537, 44.65583 ], [ 0.93527, 44.65579 ], [ 0.9349, 44.65561 ], [ 0.93447, 44.65539 ], [ 0.9343, 44.65531 ], [ 0.93416, 44.65525 ], [ 0.93392, 44.65517 ], [ 0.93371, 44.65509 ], [ 0.93354, 44.65503 ], [ 0.93315, 44.65489 ], [ 0.93277, 44.65477 ], [ 0.9326, 44.65473 ], [ 0.93245, 44.65466 ], [ 0.93241, 44.65464 ], [ 0.93226, 44.65456 ], [ 0.93211, 44.65447 ], [ 0.93178, 44.65436 ] ] ] ] } },
{ "type": "Feature", "properties": { "LIBELLE": "Site patrimonial remarquable de Monpazier", "ZONE": "Patrimoine naturel des vallées", "COMMUNE": "MONPAZIER" }, "geometry": { "type": "MultiPolygon", "coordinates": [ [ [ [ 0.89731, 44.67784 ], [ 0.89745, 44.67741 ], [ 0.89753, 44.67715 ], [ 0.89753, 44.67712 ], [ 0.89746, 44.6771 ], [ 0.89746, 44.67712 ], [ 0.89717, 44.67702 ], [ 0.89693, 44.67695 ], [ 0.89689, 44.67695 ], [ 0.89687, 44.67694 ], [ 0.89683, 44.67693 ], [ 0.8968, 44.67692 ], [ 0.89672, 44.67689 ], [ 0.89669, 44.67688 ], [ 0.89664, 44.67685 ], [ 0.89646, 44.67675 ], [ 0.89633, 44.6767 ], [ 0.89633, 44.67669 ], [ 0.89629, 44.67668 ], [ 0.89628, 44.67667 ], [ 0.89627, 44.67665 ], [ 0.89626, 44.67664 ], [ 0.89621, 44.67663 ], [ 0.89616, 44.6766 ], [ 0.89596, 44.67651 ], [ 0.89572, 44.6764 ], [ 0.89568, 44.67638 ], [ 0.89563, 44.67636 ], [ 0.89562, 44.67634 ], [ 0.89561, 44.67633 ], [ 0.8956, 44.6763 ], [ 0.89556, 44.67627 ], [ 0.89552, 44.67626 ], [ 0.89544, 44.67622 ], [ 0.89536, 44.67619 ], [ 0.89535, 44.67618 ], [ 0.89532, 44.67617 ], [ 0.89522, 44.67612 ], [ 0.8951, 44.67605 ], [ 0.89503, 44.67601 ], [ 0.89476, 44.67586 ], [ 0.89457, 44.67575 ], [ 0.8943, 44.67567 ], [ 0.8941, 44.67557 ], [ 0.89399, 44.67552 ], [ 0.89387, 44.67547 ], [ 0.89353, 44.67535 ], [ 0.8933, 44.6753 ], [ 0.8929, 44.67514 ], [ 0.89284, 44.67512 ], [ 0.89253, 44.675 ], [ 0.89249, 44.67498 ], [ 0.89247, 44.67497 ], [ 0.89237, 44.67492 ], [ 0.89232, 44.67488 ], [ 0.89221, 44.67477 ], [ 0.89211, 44.67469 ], [ 0.89202, 44.67462 ], [ 0.89201, 44.67462 ], [ 0.89201, 44.67463 ], [ 0.892, 44.67463 ], [ 0.892, 44.67464 ], [ 0.892, 44.67465 ], [ 0.89207, 44.67482 ], [ 0.89199, 44.67491 ], [ 0.89191, 44.67519 ], [ 0.89184, 44.67536 ], [ 0.89171, 44.6756 ], [ 0.89162, 44.67568 ], [ 0.89157, 44.67573 ], [ 0.89149, 44.67585 ], [ 0.89146, 44.67593 ], [ 0.89126, 44.67644 ], [ 0.89119, 44.67662 ], [ 0.89114, 44.67674 ], [ 0.89111, 44.67684 ], [ 0.89107, 44.67696 ], [ 0.89104, 44.67703 ], [ 0.89102, 44.67704 ], [ 0.89104, 44.67706 ], [ 0.89099, 44.67718 ], [ 0.89097, 44.6772 ], [ 0.89097, 44.67721 ], [ 0.89097, 44.67728 ], [ 0.89092, 44.67741 ], [ 0.89089, 44.67748 ], [ 0.89088, 44.67754 ], [ 0.89084, 44.67811 ], [ 0.89083, 44.6783 ], [ 0.89111, 44.67874 ], [ 0.89117, 44.67885 ], [ 0.89121, 44.67892 ], [ 0.89124, 44.67898 ], [ 0.89121, 44.67961 ], [ 0.89121, 44.67984 ], [ 0.89119, 44.6802 ], [ 0.89116, 44.68024 ], [ 0.89112, 44.68037 ], [ 0.891, 44.68069 ], [ 0.89097, 44.68076 ], [ 0.89093, 44.68088 ], [ 0.89087, 44.68102 ], [ 0.89081, 44.68118 ], [ 0.89077, 44.68131 ], [ 0.89071, 44.68142 ], [ 0.89069, 44.68152 ], [ 0.89064, 44.68163 ], [ 0.89063, 44.68168 ], [ 0.89062, 44.68176 ], [ 0.89058, 44.68179 ], [ 0.89054, 44.6819 ], [ 0.89054, 44.68194 ], [ 0.89052, 44.682 ], [ 0.89052, 44.68201 ], [ 0.89052, 44.68201 ], [ 0.89052, 44.68211 ], [ 0.89051, 44.68228 ], [ 0.8905, 44.68252 ], [ 0.89049, 44.68261 ], [ 0.89048, 44.68262 ], [ 0.89043, 44.68263 ], [ 0.89042, 44.68264 ], [ 0.89042, 44.68267 ], [ 0.89043, 44.68269 ], [ 0.89043, 44.68269 ], [ 0.89044, 44.68272 ], [ 0.89046, 44.68279 ], [ 0.89047, 44.68286 ], [ 0.8905, 44.68295 ], [ 0.8905, 44.68297 ], [ 0.89051, 44.68306 ], [ 0.89052, 44.6831 ], [ 0.89053, 44.68315 ], [ 0.89056, 44.68315 ], [ 0.89055, 44.68316 ], [ 0.89055, 44.68316 ], [ 0.89057, 44.68318 ], [ 0.89064, 44.68326 ], [ 0.89064, 44.68327 ], [ 0.8907, 44.68329 ], [ 0.89071, 44.68368 ], [ 0.8907, 44.68371 ], [ 0.89071, 44.68387 ], [ 0.89071, 44.68397 ], [ 0.89093, 44.68389 ], [ 0.89098, 44.68386 ], [ 0.89099, 44.68383 ], [ 0.89107, 44.68365 ], [ 0.89113, 44.68352 ], [ 0.89115, 44.68346 ], [ 0.89115, 44.68321 ], [ 0.89113, 44.68317 ], [ 0.89111, 44.6828 ], [ 0.89114, 44.68254 ], [ 0.89128, 44.68201 ], [ 0.89185, 44.68121 ], [ 0.89198, 44.68124 ], [ 0.89222, 44.68129 ], [ 0.89245, 44.68104 ], [ 0.89246, 44.68096 ], [ 0.89247, 44.68091 ], [ 0.89248, 44.68088 ], [ 0.89248, 44.68085 ], [ 0.89253, 44.68049 ], [ 0.89254, 44.68043 ], [ 0.89262, 44.6799 ], [ 0.89263, 44.6798 ], [ 0.89267, 44.67948 ], [ 0.89267, 44.67942 ], [ 0.89268, 44.6794 ], [ 0.89269, 44.67923 ], [ 0.89271, 44.67893 ], [ 0.89271, 44.67889 ], [ 0.89272, 44.67879 ], [ 0.89276, 44.6783 ], [ 0.89277, 44.67824 ], [ 0.89279, 44.67815 ], [ 0.89279, 44.67815 ], [ 0.89282, 44.6781 ], [ 0.89283, 44.67799 ], [ 0.89285, 44.6776 ], [ 0.89287, 44.67742 ], [ 0.8929, 44.67727 ], [ 0.89292, 44.67703 ], [ 0.89297, 44.67688 ], [ 0.89297, 44.67685 ], [ 0.89318, 44.67683 ], [ 0.89332, 44.67697 ], [ 0.89341, 44.67705 ], [ 0.89347, 44.6771 ], [ 0.8936, 44.6772 ], [ 0.89369, 44.67728 ], [ 0.89376, 44.67737 ], [ 0.89383, 44.67747 ], [ 0.89387, 44.67745 ], [ 0.89394, 44.67751 ], [ 0.89399, 44.67748 ], [ 0.89403, 44.67744 ], [ 0.89404, 44.67742 ], [ 0.89406, 44.6774 ], [ 0.89424, 44.67721 ], [ 0.89432, 44.67713 ], [ 0.89441, 44.67721 ], [ 0.89466, 44.67736 ], [ 0.89485, 44.67745 ], [ 0.89505, 44.67754 ], [ 0.89516, 44.67758 ], [ 0.89592, 44.67782 ], [ 0.89612, 44.67788 ], [ 0.89634, 44.67791 ], [ 0.89668, 44.67796 ], [ 0.89692, 44.67794 ], [ 0.89702, 44.67793 ], [ 0.89708, 44.67792 ], [ 0.89717, 44.6779 ], [ 0.89723, 44.67787 ], [ 0.89731, 44.67784 ] ] ], [ [ [ 0.89645, 44.68766 ], [ 0.89669, 44.6877 ], [ 0.89677, 44.68764 ], [ 0.89685, 44.6876 ], [ 0.89687, 44.68758 ], [ 0.89698, 44.68748 ], [ 0.89704, 44.68739 ], [ 0.89705, 44.68734 ], [ 0.89704, 44.68732 ], [ 0.89705, 44.68713 ], [ 0.89703, 44.68695 ], [ 0.89702, 44.6868 ], [ 0.89701, 44.68672 ], [ 0.89684, 44.68672 ], [ 0.89638, 44.68676 ], [ 0.89642, 44.68733 ], [ 0.89643, 44.6874 ], [ 0.89645, 44.68766 ] ] ] ] } },
{ "type": "Feature", "properties": { "LIBELLE": "Site patrimonial remarquable de Biron", "ZONE": "Ensembles et immeubles", "COMMUNE": "BIRON" }, "geometry": { "type": "MultiPolygon", "coordinates": [ [ [ [ 0.86706, 44.63228 ], [ 0.86679, 44.63239 ], [ 0.86688, 44.63244 ], [ 0.8674, 44.63276 ], [ 0.86786, 44.63304 ], [ 0.86947, 44.63402 ], [ 0.8695, 44.63412 ], [ 0.86942, 44.63431 ], [ 0.86934, 44.63443 ], [ 0.86919, 44.63459 ], [ 0.86912, 44.6347 ], [ 0.86906, 44.63484 ], [ 0.86896, 44.63519 ], [ 0.86882, 44.63588 ], [ 0.8688, 44.63621 ], [ 0.86881, 44.63639 ], [ 0.86883, 44.63642 ], [ 0.86886, 44.63644 ], [ 0.86903, 44.63643 ], [ 0.86928, 44.63628 ], [ 0.87055, 44.6356 ], [ 0.87097, 44.63538 ], [ 0.87109, 44.63531 ], [ 0.87139, 44.6351 ], [ 0.87152, 44.63517 ], [ 0.87189, 44.6354 ], [ 0.87194, 44.63539 ], [ 0.87316, 44.63517 ], [ 0.87315, 44.63463 ], [ 0.87406, 44.63434 ], [ 0.87594, 44.63518 ], [ 0.8759, 44.63523 ], [ 0.87626, 44.63543 ], [ 0.87701, 44.63582 ], [ 0.87709, 44.63581 ], [ 0.87719, 44.63583 ], [ 0.87754, 44.63619 ], [ 0.87757, 44.63618 ], [ 0.87779, 44.63631 ], [ 0.87805, 44.63619 ], [ 0.87853, 44.6365 ], [ 0.87884, 44.63634 ], [ 0.8793, 44.63603 ], [ 0.87943, 44.63596 ], [ 0.87945, 44.63558 ], [ 0.87961, 44.6355 ], [ 0.88003, 44.63538 ], [ 0.88044, 44.63527 ], [ 0.88088, 44.63512 ], [ 0.88101, 44.6348 ], [ 0.88142, 44.63482 ], [ 0.88162, 44.6344 ], [ 0.88145, 44.63429 ], [ 0.88137, 44.63425 ], [ 0.8812, 44.63418 ], [ 0.8811, 44.63415 ], [ 0.88093, 44.63412 ], [ 0.88087, 44.63411 ], [ 0.88058, 44.63409 ], [ 0.8803, 44.63397 ], [ 0.88017, 44.63391 ], [ 0.88008, 44.63387 ], [ 0.87994, 44.63378 ], [ 0.87972, 44.63366 ], [ 0.87951, 44.63354 ], [ 0.87929, 44.63342 ], [ 0.87901, 44.6332 ], [ 0.87878, 44.63302 ], [ 0.87866, 44.63294 ], [ 0.8785, 44.63285 ], [ 0.8783, 44.63274 ], [ 0.87826, 44.63274 ], [ 0.87817, 44.6324 ], [ 0.87807, 44.63222 ], [ 0.87777, 44.63169 ], [ 0.87733, 44.63091 ], [ 0.87725, 44.63079 ], [ 0.87716, 44.63062 ], [ 0.87697, 44.63027 ], [ 0.87687, 44.63011 ], [ 0.87674, 44.62988 ], [ 0.87671, 44.62984 ], [ 0.87666, 44.62977 ], [ 0.87665, 44.62976 ], [ 0.87653, 44.62966 ], [ 0.8765, 44.62965 ], [ 0.87643, 44.62956 ], [ 0.87609, 44.6292 ], [ 0.876, 44.6291 ], [ 0.87565, 44.62873 ], [ 0.87556, 44.62863 ], [ 0.87554, 44.62862 ], [ 0.87538, 44.62846 ], [ 0.87535, 44.62842 ], [ 0.87487, 44.62787 ], [ 0.8746, 44.62759 ], [ 0.87438, 44.62735 ], [ 0.87427, 44.62725 ], [ 0.87424, 44.62726 ], [ 0.87405, 44.62744 ], [ 0.87398, 44.62752 ], [ 0.87392, 44.62758 ], [ 0.87379, 44.62776 ], [ 0.8738, 44.62794 ], [ 0.87364, 44.62819 ], [ 0.87364, 44.6282 ], [ 0.87349, 44.62836 ], [ 0.87347, 44.62842 ], [ 0.87349, 44.62848 ], [ 0.87348, 44.62852 ], [ 0.87351, 44.6286 ], [ 0.87353, 44.62863 ], [ 0.87353, 44.62867 ], [ 0.87352, 44.62872 ], [ 0.87349, 44.62875 ], [ 0.87348, 44.62877 ], [ 0.87329, 44.62888 ], [ 0.87323, 44.62895 ], [ 0.87319, 44.62903 ], [ 0.87314, 44.62918 ], [ 0.87314, 44.62919 ], [ 0.87316, 44.6293 ], [ 0.87317, 44.62938 ], [ 0.8732, 44.62944 ], [ 0.87318, 44.62947 ], [ 0.8731, 44.62959 ], [ 0.87281, 44.6296 ], [ 0.87267, 44.62943 ], [ 0.87253, 44.6293 ], [ 0.87233, 44.62919 ], [ 0.87206, 44.62911 ], [ 0.87178, 44.62902 ], [ 0.87176, 44.62901 ], [ 0.87096, 44.62881 ], [ 0.87077, 44.62874 ], [ 0.87031, 44.62865 ], [ 0.87028, 44.62865 ], [ 0.86994, 44.6286 ], [ 0.86939, 44.62852 ], [ 0.86924, 44.62853 ], [ 0.86862, 44.62856 ], [ 0.86836, 44.62858 ], [ 0.86824, 44.62859 ], [ 0.86805, 44.62857 ], [ 0.86802, 44.62858 ], [ 0.86797, 44.62853 ], [ 0.8677, 44.62813 ], [ 0.86748, 44.62777 ], [ 0.86735, 44.62772 ], [ 0.86718, 44.62784 ], [ 0.86714, 44.62782 ], [ 0.86619, 44.62846 ], [ 0.86613, 44.62882 ], [ 0.86609, 44.62884 ], [ 0.86629, 44.62905 ], [ 0.86643, 44.6292 ], [ 0.86657, 44.62934 ], [ 0.86659, 44.62945 ], [ 0.86683, 44.62953 ], [ 0.86697, 44.62956 ], [ 0.86663, 44.62993 ], [ 0.86642, 44.63024 ], [ 0.86699, 44.63042 ], [ 0.86681, 44.63087 ], [ 0.86727, 44.63093 ], [ 0.86709, 44.6314 ], [ 0.86706, 44.63228 ] ] ] ] } },
{ "type": "Feature", "properties": { "LIBELLE": "Site patrimonial remarquable de Capdrot", "ZONE": "Espaces agricoles et hameaux", "COMMUNE": "CAPDROT" }, "geometry": { "type": "MultiPolygon", "coordinates": [ [ [ [ 0.91328, 44.70081 ], [ 0.91342, 44.70085 ], [ 0.91349, 44.7009 ], [ 0.91356, 44.70091 ], [ 0.91371, 44.70095 ], [ 0.91386, 44.701 ], [ 0.91396, 44.70103 ], [ 0.91398, 44.70106 ], [ 0.91416, 44.70156 ], [ 0.91425, 44.70186 ], [ 0.91428, 44.7019 ], [ 0.9143, 44.70193 ], [ 0.91434, 44.70195 ], [ 0.91439, 44.70195 ], [ 0.91465, 44.7019 ], [ 0.91477, 44.70188 ], [ 0.91487, 44.70188 ], [ 0.91496, 44.7019 ], [ 0.91503, 44.70194 ], [ 0.91508, 44.70197 ], [ 0.91513, 44.70199 ], [ 0.91528, 44.7021 ], [ 0.91539, 44.70219 ], [ 0.91546, 44.70224 ], [ 0.91558, 44.70234 ], [ 0.91569, 44.70242 ], [ 0.91579, 44.70246 ], [ 0.91593, 44.70249 ], [ 0.9162, 44.70251 ], [ 0.91634, 44.70256 ], [ 0.91638, 44.70254 ], [ 0.91652, 44.70258 ], [ 0.9165, 44.70264 ], [ 0.91677, 44.70269 ], [ 0.91683, 44.70271 ], [ 0.91683, 44.70272 ], [ 0.91767, 44.70288 ], [ 0.91746, 44.70314 ], [ 0.91741, 44.70321 ], [ 0.91756, 44.70371 ], [ 0.9169, 44.70426 ], [ 0.91713, 44.70473 ], [ 0.91733, 44.70487 ], [ 0.91752, 44.70506 ], [ 0.91765, 44.70523 ], [ 0.91803, 44.70596 ], [ 0.91847, 44.70593 ], [ 0.91859, 44.70587 ], [ 0.91884, 44.70575 ], [ 0.91958, 44.70549 ], [ 0.9203, 44.70604 ], [ 0.92062, 44.70656 ], [ 0.92091, 44.70651 ], [ 0.92115, 44.70679 ], [ 0.92131, 44.7069 ], [ 0.92151, 44.70696 ], [ 0.92176, 44.707 ], [ 0.92197, 44.70705 ], [ 0.92208, 44.70701 ], [ 0.9223, 44.7072 ], [ 0.92256, 44.70742 ], [ 0.92281, 44.70765 ], [ 0.92284, 44.70771 ], [ 0.92269, 44.70779 ], [ 0.92251, 44.70786 ], [ 0.92233, 44.70792 ], [ 0.92203, 44.70801 ], [ 0.92265, 44.70872 ], [ 0.92315, 44.70921 ], [ 0.92374, 44.70887 ], [ 0.9238, 44.70889 ], [ 0.92399, 44.70896 ], [ 0.92422, 44.70903 ], [ 0.92429, 44.70905 ], [ 0.92451, 44.70911 ], [ 0.92465, 44.70914 ], [ 0.92469, 44.70915 ], [ 0.92474, 44.70916 ], [ 0.92485, 44.70919 ], [ 0.92536, 44.70932 ], [ 0.92555, 44.70936 ], [ 0.9256, 44.70939 ], [ 0.92576, 44.70946 ], [ 0.9264, 44.7097 ], [ 0.92648, 44.70973 ], [ 0.92654, 44.70974 ], [ 0.92709, 44.70989 ], [ 0.9277, 44.71005 ], [ 0.92783, 44.71009 ], [ 0.92847, 44.71026 ], [ 0.92849, 44.71026 ], [ 0.92851, 44.71026 ], [ 0.92854, 44.71027 ], [ 0.92874, 44.71032 ], [ 0.92951, 44.71052 ], [ 0.92953, 44.71053 ], [ 0.93037, 44.71074 ], [ 0.93079, 44.71087 ], [ 0.93115, 44.71098 ], [ 0.93136, 44.71105 ], [ 0.93235, 44.71138 ], [ 0.93273, 44.7115 ], [ 0.93319, 44.71165 ], [ 0.93322, 44.71163 ], [ 0.93322, 44.71163 ], [ 0.93325, 44.71163 ], [ 0.93328, 44.71164 ], [ 0.93334, 44.71167 ], [ 0.93342, 44.7117 ], [ 0.93351, 44.71177 ], [ 0.93359, 44.71183 ], [ 0.93361, 44.71186 ], [ 0.93389, 44.71186 ], [ 0.93389, 44.71181 ], [ 0.93388, 44.71174 ], [ 0.93387, 44.71149 ], [ 0.93389, 44.71139 ], [ 0.93389, 44.71131 ], [ 0.93392, 44.71118 ], [ 0.93399, 44.71096 ], [ 0.93408, 44.7107 ], [ 0.93413, 44.71056 ], [ 0.9343, 44.70997 ], [ 0.93447, 44.70951 ], [ 0.93448, 44.70931 ], [ 0.93452, 44.70924 ], [ 0.93449, 44.7091 ], [ 0.93448, 44.70907 ], [ 0.93454, 44.70879 ], [ 0.93464, 44.70866 ], [ 0.93474, 44.70856 ], [ 0.93457, 44.70837 ], [ 0.93417, 44.70818 ], [ 0.93394, 44.70806 ], [ 0.9346, 44.70741 ], [ 0.93476, 44.70725 ], [ 0.93513, 44.70706 ], [ 0.93557, 44.70683 ], [ 0.93575, 44.70674 ], [ 0.93596, 44.70664 ], [ 0.93585, 44.70625 ], [ 0.93559, 44.70542 ], [ 0.93552, 44.70522 ], [ 0.93479, 44.7053 ], [ 0.93462, 44.70433 ], [ 0.93448, 44.70349 ], [ 0.93448, 44.70346 ], [ 0.93446, 44.70333 ], [ 0.93444, 44.70322 ], [ 0.93295, 44.70345 ], [ 0.93299, 44.70335 ], [ 0.93223, 44.7032 ], [ 0.93176, 44.70312 ], [ 0.93107, 44.70301 ], [ 0.93123, 44.7026 ], [ 0.93129, 44.70254 ], [ 0.93195, 44.70186 ], [ 0.93237, 44.70143 ], [ 0.93268, 44.70116 ], [ 0.93236, 44.70107 ], [ 0.93213, 44.70128 ], [ 0.93186, 44.70123 ], [ 0.93136, 44.70114 ], [ 0.93109, 44.70119 ], [ 0.93089, 44.70124 ], [ 0.93077, 44.70097 ], [ 0.9306, 44.70063 ], [ 0.93029, 44.70004 ], [ 0.93039, 44.70001 ], [ 0.93048, 44.69981 ], [ 0.93066, 44.69949 ], [ 0.93074, 44.69936 ], [ 0.93074, 44.69907 ], [ 0.93048, 44.69911 ], [ 0.93046, 44.69837 ], [ 0.93071, 44.69821 ], [ 0.93074, 44.69815 ], [ 0.93056, 44.69788 ], [ 0.93149, 44.69753 ], [ 0.9314, 44.69734 ], [ 0.93128, 44.69708 ], [ 0.93098, 44.6971 ], [ 0.9306, 44.69721 ], [ 0.9304, 44.69729 ], [ 0.93003, 44.69737 ], [ 0.92961, 44.69739 ], [ 0.9293, 44.69739 ], [ 0.92899, 44.69743 ], [ 0.92893, 44.69725 ], [ 0.92882, 44.69718 ], [ 0.92878, 44.69704 ], [ 0.92786, 44.69625 ], [ 0.92611, 44.69666 ], [ 0.92431, 44.69718 ], [ 0.92501, 44.69883 ], [ 0.9248, 44.69935 ], [ 0.92434, 44.70003 ], [ 0.92412, 44.70001 ], [ 0.92327, 44.69988 ], [ 0.9228, 44.69983 ], [ 0.92241, 44.6998 ], [ 0.92132, 44.69961 ], [ 0.91835, 44.6992 ], [ 0.91819, 44.69912 ], [ 0.9181, 44.69912 ], [ 0.91805, 44.6989 ], [ 0.9174, 44.6972 ], [ 0.91728, 44.69718 ], [ 0.91722, 44.69719 ], [ 0.91711, 44.69723 ], [ 0.91693, 44.69727 ], [ 0.91662, 44.69733 ], [ 0.91602, 44.69742 ], [ 0.91575, 44.69744 ], [ 0.9157, 44.69743 ], [ 0.91535, 44.69724 ], [ 0.91535, 44.69727 ], [ 0.91494, 44.69768 ], [ 0.91474, 44.69785 ], [ 0.91468, 44.69793 ], [ 0.91461, 44.69801 ], [ 0.91446, 44.69824 ], [ 0.91439, 44.69834 ], [ 0.91436, 44.69842 ], [ 0.91435, 44.69849 ], [ 0.91428, 44.69872 ], [ 0.91421, 44.69893 ], [ 0.91417, 44.69913 ], [ 0.91415, 44.6992 ], [ 0.91411, 44.69942 ], [ 0.91407, 44.69959 ], [ 0.91405, 44.69966 ], [ 0.91399, 44.69981 ], [ 0.91399, 44.69985 ], [ 0.91397, 44.69992 ], [ 0.91395, 44.69999 ], [ 0.91388, 44.70015 ], [ 0.91384, 44.70021 ], [ 0.91377, 44.70028 ], [ 0.91367, 44.70038 ], [ 0.91361, 44.70044 ], [ 0.91355, 44.70049 ], [ 0.91348, 44.70061 ], [ 0.9134, 44.70072 ], [ 0.91335, 44.70078 ], [ 0.91333, 44.7008 ], [ 0.91328, 44.70081 ] ] ], [ [ [ 0.92475, 44.69332 ], [ 0.92029, 44.69162 ], [ 0.92032, 44.69127 ], [ 0.92049, 44.69015 ], [ 0.91911, 44.68992 ], [ 0.91906, 44.6901 ], [ 0.9173, 44.69007 ], [ 0.91719, 44.69007 ], [ 0.91711, 44.6899 ], [ 0.91657, 44.68993 ], [ 0.91632, 44.68994 ], [ 0.91605, 44.68996 ], [ 0.91588, 44.69002 ], [ 0.91558, 44.69013 ], [ 0.91524, 44.6903 ], [ 0.91512, 44.69037 ], [ 0.91501, 44.69045 ], [ 0.91384, 44.69122 ], [ 0.91378, 44.69123 ], [ 0.91367, 44.6918 ], [ 0.91365, 44.69195 ], [ 0.91326, 44.69188 ], [ 0.91314, 44.6919 ], [ 0.91304, 44.69194 ], [ 0.91226, 44.69175 ], [ 0.91207, 44.69184 ], [ 0.91203, 44.69197 ], [ 0.91251, 44.69215 ], [ 0.91357, 44.69249 ], [ 0.91386, 44.69254 ], [ 0.91391, 44.69257 ], [ 0.91493, 44.6933 ], [ 0.91528, 44.69353 ], [ 0.9154, 44.69353 ], [ 0.91576, 44.69366 ], [ 0.91571, 44.69371 ], [ 0.9164, 44.69408 ], [ 0.91724, 44.69458 ], [ 0.91799, 44.69503 ], [ 0.91845, 44.6953 ], [ 0.91854, 44.69533 ], [ 0.91841, 44.69545 ], [ 0.91837, 44.69551 ], [ 0.91831, 44.69561 ], [ 0.91815, 44.69594 ], [ 0.91808, 44.69606 ], [ 0.91801, 44.69622 ], [ 0.91791, 44.69646 ], [ 0.9177, 44.69685 ], [ 0.9194, 44.69668 ], [ 0.92029, 44.69667 ], [ 0.92073, 44.6965 ], [ 0.9209, 44.69644 ], [ 0.92115, 44.69636 ], [ 0.92135, 44.6963 ], [ 0.92148, 44.69625 ], [ 0.92171, 44.69612 ], [ 0.92177, 44.69612 ], [ 0.92186, 44.69607 ], [ 0.9219, 44.69604 ], [ 0.92197, 44.696 ], [ 0.922, 44.69599 ], [ 0.9221, 44.69591 ], [ 0.92207, 44.69586 ], [ 0.92238, 44.69559 ], [ 0.9225, 44.69555 ], [ 0.92259, 44.69548 ], [ 0.92265, 44.69546 ], [ 0.92286, 44.69522 ], [ 0.92381, 44.69434 ], [ 0.92475, 44.69332 ] ] ], [ [ [ 0.89767, 44.68778 ], [ 0.89679, 44.68789 ], [ 0.89698, 44.68829 ], [ 0.897, 44.68831 ], [ 0.89703, 44.68835 ], [ 0.89709, 44.68846 ], [ 0.89725, 44.68871 ], [ 0.89738, 44.68896 ], [ 0.89773, 44.6896 ], [ 0.89783, 44.68984 ], [ 0.89811, 44.69035 ], [ 0.89839, 44.69089 ], [ 0.89847, 44.69106 ], [ 0.89868, 44.69148 ], [ 0.89872, 44.69156 ], [ 0.89881, 44.6917 ], [ 0.89887, 44.69181 ], [ 0.89892, 44.69193 ], [ 0.899, 44.69212 ], [ 0.89911, 44.69236 ], [ 0.89919, 44.6927 ], [ 0.89924, 44.69294 ], [ 0.8993, 44.69324 ], [ 0.89934, 44.69353 ], [ 0.8994, 44.69423 ], [ 0.89946, 44.69463 ], [ 0.89947, 44.69483 ], [ 0.89946, 44.69489 ], [ 0.89945, 44.69516 ], [ 0.89944, 44.69541 ], [ 0.89946, 44.69544 ], [ 0.89986, 44.69541 ], [ 0.90009, 44.6954 ], [ 0.90025, 44.69538 ], [ 0.90039, 44.69538 ], [ 0.90052, 44.69536 ], [ 0.90082, 44.6953 ], [ 0.90099, 44.69525 ], [ 0.90148, 44.69506 ], [ 0.90184, 44.6949 ], [ 0.9021, 44.69479 ], [ 0.90222, 44.69473 ], [ 0.90228, 44.6947 ], [ 0.90252, 44.69455 ], [ 0.90281, 44.69434 ], [ 0.9029, 44.69426 ], [ 0.90293, 44.69421 ], [ 0.90292, 44.69418 ], [ 0.90288, 44.69416 ], [ 0.90275, 44.69409 ], [ 0.90236, 44.69392 ], [ 0.90211, 44.69382 ], [ 0.9016, 44.69344 ], [ 0.90117, 44.69298 ], [ 0.90101, 44.69282 ], [ 0.90095, 44.69272 ], [ 0.90092, 44.69266 ], [ 0.90083, 44.69248 ], [ 0.90072, 44.69222 ], [ 0.90058, 44.6919 ], [ 0.90051, 44.6917 ], [ 0.90045, 44.69155 ], [ 0.90042, 44.69145 ], [ 0.9004, 44.69131 ], [ 0.90037, 44.69119 ], [ 0.90027, 44.69082 ], [ 0.89935, 44.69094 ], [ 0.8982, 44.6889 ], [ 0.89815, 44.68887 ], [ 0.89767, 44.68778 ] ] ], [ [ [ 0.90626, 44.67577 ], [ 0.90818, 44.67618 ], [ 0.90847, 44.67565 ], [ 0.90787, 44.67547 ], [ 0.90833, 44.67488 ], [ 0.90711, 44.67461 ], [ 0.90708, 44.67435 ], [ 0.90727, 44.6738 ], [ 0.90652, 44.67377 ], [ 0.90626, 44.67577 ] ] ], [ [ [ 0.91481, 44.67991 ], [ 0.91572, 44.6799 ], [ 0.91712, 44.68041 ], [ 0.91756, 44.68015 ], [ 0.91633, 44.6795 ], [ 0.91625, 44.6787 ], [ 0.91434, 44.67898 ], [ 0.91481, 44.67991 ] ] ], [ [ [ 0.89496, 44.67276 ], [ 0.89584, 44.67324 ], [ 0.89621, 44.67342 ], [ 0.89628, 44.67337 ], [ 0.89674, 44.67293 ], [ 0.89684, 44.67259 ], [ 0.89668, 44.67212 ], [ 0.8962, 44.67169 ], [ 0.89613, 44.67174 ], [ 0.89522, 44.67253 ], [ 0.89496, 44.67276 ] ] ], [ [ [ 0.90039, 44.6762 ], [ 0.90231, 44.67627 ], [ 0.90231, 44.67596 ], [ 0.90199, 44.67572 ], [ 0.90202, 44.6753 ], [ 0.90043, 44.67528 ], [ 0.90039, 44.6762 ] ] ], [ [ [ 0.89977, 44.66997 ], [ 0.90096, 44.67044 ], [ 0.90162, 44.66968 ], [ 0.90042, 44.6692 ], [ 0.89977, 44.66997 ] ] ], [ [ [ 0.8969, 44.67437 ], [ 0.89847, 44.67503 ], [ 0.89893, 44.67456 ], [ 0.89735, 44.67382 ], [ 0.8969, 44.67437 ] ] ] ] } },
{ "type": "Feature", "properties": { "LIBELLE": "Site patrimonial remarquable de Capdrot", "ZONE": "Extensions urbaines et hameaux", "COMMUNE": "CAPDROT" }, "geometry": { "type": "MultiPolygon", "coordinates": [ [ [ [ 0.89745, 44.67741 ], [ 0.89731, 44.67784 ], [ 0.89728, 44.67794 ], [ 0.89727, 44.67799 ], [ 0.89731, 44.67802 ], [ 0.89732, 44.67803 ], [ 0.89737, 44.67807 ], [ 0.89743, 44.67814 ], [ 0.89743, 44.67814 ], [ 0.89743, 44.67814 ], [ 0.8975, 44.67823 ], [ 0.89751, 44.67825 ], [ 0.89751, 44.67825 ], [ 0.89751, 44.67827 ], [ 0.89749, 44.67836 ], [ 0.8975, 44.67842 ], [ 0.8975, 44.67843 ], [ 0.8975, 44.67847 ], [ 0.89748, 44.67865 ], [ 0.89746, 44.67886 ], [ 0.89745, 44.67886 ], [ 0.8974, 44.67894 ], [ 0.8974, 44.67895 ], [ 0.8974, 44.67898 ], [ 0.89738, 44.67903 ], [ 0.89735, 44.67917 ], [ 0.89735, 44.67923 ], [ 0.89735, 44.67925 ], [ 0.89735, 44.67926 ], [ 0.89733, 44.67939 ], [ 0.89727, 44.67988 ], [ 0.89721, 44.68014 ], [ 0.89717, 44.68019 ], [ 0.89713, 44.68036 ], [ 0.89714, 44.68053 ], [ 0.89705, 44.68065 ], [ 0.8971, 44.68105 ], [ 0.89708, 44.68108 ], [ 0.89708, 44.68109 ], [ 0.89704, 44.68116 ], [ 0.89702, 44.68117 ], [ 0.89697, 44.68126 ], [ 0.89691, 44.68137 ], [ 0.89688, 44.68142 ], [ 0.89683, 44.68151 ], [ 0.89681, 44.68152 ], [ 0.89679, 44.68156 ], [ 0.89673, 44.68166 ], [ 0.89669, 44.68171 ], [ 0.89667, 44.68177 ], [ 0.89662, 44.68184 ], [ 0.89662, 44.68184 ], [ 0.89658, 44.68188 ], [ 0.89651, 44.68199 ], [ 0.89637, 44.68223 ], [ 0.89635, 44.68224 ], [ 0.89635, 44.68225 ], [ 0.89622, 44.68238 ], [ 0.89621, 44.68241 ], [ 0.89613, 44.68244 ], [ 0.89612, 44.68244 ], [ 0.89613, 44.68247 ], [ 0.89613, 44.68248 ], [ 0.89614, 44.6825 ], [ 0.89608, 44.6826 ], [ 0.89608, 44.68262 ], [ 0.89608, 44.68269 ], [ 0.89609, 44.68273 ], [ 0.8961, 44.68275 ], [ 0.8961, 44.68278 ], [ 0.89615, 44.68285 ], [ 0.89616, 44.68286 ], [ 0.89616, 44.68287 ], [ 0.89591, 44.68291 ], [ 0.89588, 44.68291 ], [ 0.89582, 44.68293 ], [ 0.89577, 44.68293 ], [ 0.8956, 44.68293 ], [ 0.8956, 44.68293 ], [ 0.89553, 44.68294 ], [ 0.89551, 44.68309 ], [ 0.89551, 44.68315 ], [ 0.89551, 44.68319 ], [ 0.89551, 44.68327 ], [ 0.8955, 44.68339 ], [ 0.89552, 44.68341 ], [ 0.89554, 44.68341 ], [ 0.89574, 44.68344 ], [ 0.89584, 44.68346 ], [ 0.89587, 44.68347 ], [ 0.89592, 44.68349 ], [ 0.89595, 44.68351 ], [ 0.89599, 44.68354 ], [ 0.89607, 44.68362 ], [ 0.89617, 44.6838 ], [ 0.89628, 44.68399 ], [ 0.89633, 44.68409 ], [ 0.89639, 44.68425 ], [ 0.8965, 44.68455 ], [ 0.89656, 44.68466 ], [ 0.89659, 44.68468 ], [ 0.89662, 44.68478 ], [ 0.89662, 44.68478 ], [ 0.89663, 44.68485 ], [ 0.89663, 44.68488 ], [ 0.89663, 44.68488 ], [ 0.89665, 44.68496 ], [ 0.89668, 44.68512 ], [ 0.89671, 44.68522 ], [ 0.89675, 44.6854 ], [ 0.89676, 44.68547 ], [ 0.8968, 44.68559 ], [ 0.89681, 44.68562 ], [ 0.89681, 44.68564 ], [ 0.89683, 44.68569 ], [ 0.89687, 44.68585 ], [ 0.89689, 44.68593 ], [ 0.89702, 44.68619 ], [ 0.89761, 44.68678 ], [ 0.89771, 44.68689 ], [ 0.89786, 44.68703 ], [ 0.89807, 44.68725 ], [ 0.8981, 44.68726 ], [ 0.8982, 44.68735 ], [ 0.89835, 44.68753 ], [ 0.89838, 44.6876 ], [ 0.8984, 44.6876 ], [ 0.89846, 44.68768 ], [ 0.89767, 44.68778 ], [ 0.89815, 44.68887 ], [ 0.8982, 44.6889 ], [ 0.89935, 44.69094 ], [ 0.90027, 44.69082 ], [ 0.90037, 44.69119 ], [ 0.9004, 44.69131 ], [ 0.90042, 44.69145 ], [ 0.90045, 44.69155 ], [ 0.90051, 44.6917 ], [ 0.90058, 44.6919 ], [ 0.90072, 44.69222 ], [ 0.90083, 44.69248 ], [ 0.90092, 44.69266 ], [ 0.90095, 44.69272 ], [ 0.90101, 44.69282 ], [ 0.90117, 44.69298 ], [ 0.9016, 44.69344 ], [ 0.90211, 44.69382 ], [ 0.90236, 44.69392 ], [ 0.90275, 44.69409 ], [ 0.90288, 44.69416 ], [ 0.90292, 44.69418 ], [ 0.90293, 44.69421 ], [ 0.90352, 44.69433 ], [ 0.90407, 44.69459 ], [ 0.90426, 44.69468 ], [ 0.90518, 44.69514 ], [ 0.9059, 44.6955 ], [ 0.90615, 44.69564 ], [ 0.90636, 44.69578 ], [ 0.90642, 44.69583 ], [ 0.90661, 44.69598 ], [ 0.90674, 44.69611 ], [ 0.90691, 44.6963 ], [ 0.90714, 44.69648 ], [ 0.90726, 44.69658 ], [ 0.90736, 44.69664 ], [ 0.90749, 44.69675 ], [ 0.90783, 44.69702 ], [ 0.90803, 44.6972 ], [ 0.90806, 44.69724 ], [ 0.90814, 44.69732 ], [ 0.9082, 44.69736 ], [ 0.90832, 44.69747 ], [ 0.90854, 44.69746 ], [ 0.90868, 44.69742 ], [ 0.90877, 44.69734 ], [ 0.90884, 44.69725 ], [ 0.909, 44.6971 ], [ 0.90917, 44.69716 ], [ 0.9093, 44.69718 ], [ 0.90954, 44.69718 ], [ 0.90975, 44.69724 ], [ 0.9098, 44.69729 ], [ 0.91014, 44.69738 ], [ 0.91033, 44.69738 ], [ 0.91033, 44.69733 ], [ 0.91051, 44.69737 ], [ 0.91068, 44.69703 ], [ 0.9109, 44.6966 ], [ 0.91102, 44.69666 ], [ 0.91146, 44.69637 ], [ 0.91183, 44.6965 ], [ 0.91239, 44.69671 ], [ 0.91235, 44.69677 ], [ 0.91225, 44.6969 ], [ 0.91273, 44.6972 ], [ 0.91301, 44.69691 ], [ 0.91322, 44.69666 ], [ 0.91335, 44.69659 ], [ 0.91352, 44.69643 ], [ 0.91399, 44.69616 ], [ 0.91424, 44.69603 ], [ 0.91433, 44.69594 ], [ 0.91452, 44.69593 ], [ 0.91473, 44.6959 ], [ 0.91555, 44.69585 ], [ 0.91544, 44.69578 ], [ 0.9154, 44.69573 ], [ 0.91519, 44.69537 ], [ 0.91515, 44.69531 ], [ 0.91511, 44.69527 ], [ 0.91483, 44.6948 ], [ 0.91518, 44.69474 ], [ 0.91504, 44.6946 ], [ 0.91488, 44.69446 ], [ 0.91463, 44.69421 ], [ 0.91455, 44.69413 ], [ 0.91431, 44.69394 ], [ 0.91493, 44.6933 ], [ 0.91391, 44.69257 ], [ 0.91357, 44.69249 ], [ 0.91251, 44.69215 ], [ 0.91241, 44.69229 ], [ 0.91211, 44.6929 ], [ 0.91178, 44.69348 ], [ 0.91157, 44.69331 ], [ 0.91136, 44.69314 ], [ 0.91113, 44.69299 ], [ 0.91091, 44.69287 ], [ 0.91075, 44.69277 ], [ 0.91054, 44.69268 ], [ 0.90955, 44.69334 ], [ 0.90868, 44.69369 ], [ 0.90868, 44.69388 ], [ 0.90856, 44.6941 ], [ 0.9083, 44.69453 ], [ 0.90818, 44.69473 ], [ 0.90604, 44.69487 ], [ 0.90509, 44.69468 ], [ 0.90534, 44.69432 ], [ 0.90616, 44.6933 ], [ 0.90634, 44.69308 ], [ 0.90697, 44.69326 ], [ 0.90734, 44.69336 ], [ 0.90749, 44.69331 ], [ 0.90774, 44.69211 ], [ 0.90777, 44.69189 ], [ 0.90817, 44.69167 ], [ 0.90822, 44.69158 ], [ 0.9084, 44.6913 ], [ 0.90919, 44.69025 ], [ 0.90942, 44.68987 ], [ 0.90965, 44.68983 ], [ 0.90971, 44.68982 ], [ 0.91006, 44.68979 ], [ 0.91007, 44.68962 ], [ 0.91012, 44.68906 ], [ 0.91014, 44.68894 ], [ 0.90991, 44.6889 ], [ 0.90981, 44.68887 ], [ 0.90957, 44.68889 ], [ 0.90932, 44.68892 ], [ 0.90921, 44.68895 ], [ 0.90899, 44.68902 ], [ 0.90887, 44.68895 ], [ 0.90884, 44.68893 ], [ 0.90883, 44.6889 ], [ 0.90874, 44.68864 ], [ 0.90869, 44.68856 ], [ 0.90863, 44.68846 ], [ 0.90844, 44.68826 ], [ 0.90829, 44.68815 ], [ 0.90821, 44.68811 ], [ 0.90773, 44.68796 ], [ 0.90766, 44.68795 ], [ 0.90759, 44.68789 ], [ 0.90757, 44.68788 ], [ 0.90722, 44.68783 ], [ 0.90711, 44.68778 ], [ 0.90707, 44.68773 ], [ 0.90679, 44.68762 ], [ 0.90646, 44.68749 ], [ 0.90599, 44.68648 ], [ 0.90578, 44.68593 ], [ 0.90656, 44.68578 ], [ 0.90656, 44.68578 ], [ 0.90656, 44.68577 ], [ 0.90656, 44.68577 ], [ 0.90677, 44.68573 ], [ 0.90665, 44.68543 ], [ 0.90648, 44.68501 ], [ 0.90579, 44.68506 ], [ 0.90551, 44.6851 ], [ 0.9055, 44.68459 ], [ 0.90542, 44.68447 ], [ 0.90535, 44.68431 ], [ 0.90534, 44.68419 ], [ 0.90537, 44.68405 ], [ 0.90534, 44.68369 ], [ 0.90535, 44.68353 ], [ 0.90534, 44.6835 ], [ 0.90522, 44.68348 ], [ 0.90506, 44.68349 ], [ 0.90466, 44.68349 ], [ 0.90434, 44.68347 ], [ 0.90408, 44.68345 ], [ 0.90319, 44.68349 ], [ 0.90205, 44.6835 ], [ 0.90115, 44.68351 ], [ 0.90092, 44.6836 ], [ 0.90027, 44.68299 ], [ 0.90022, 44.68297 ], [ 0.90008, 44.683 ], [ 0.89991, 44.68303 ], [ 0.89985, 44.68298 ], [ 0.89968, 44.68281 ], [ 0.89962, 44.68275 ], [ 0.89952, 44.6827 ], [ 0.89923, 44.68184 ], [ 0.89924, 44.6816 ], [ 0.89923, 44.68158 ], [ 0.8992, 44.68152 ], [ 0.89912, 44.68152 ], [ 0.89909, 44.68141 ], [ 0.89906, 44.68131 ], [ 0.89909, 44.68117 ], [ 0.89931, 44.68068 ], [ 0.89939, 44.68071 ], [ 0.89963, 44.68078 ], [ 0.89973, 44.68081 ], [ 0.89977, 44.68081 ], [ 0.89986, 44.68081 ], [ 0.89991, 44.68079 ], [ 0.9006, 44.68067 ], [ 0.90093, 44.6806 ], [ 0.90123, 44.68056 ], [ 0.90171, 44.6805 ], [ 0.90187, 44.68048 ], [ 0.90214, 44.68046 ], [ 0.90236, 44.68043 ], [ 0.90248, 44.68042 ], [ 0.90264, 44.68043 ], [ 0.90285, 44.68047 ], [ 0.90289, 44.68047 ], [ 0.90302, 44.68051 ], [ 0.90315, 44.68056 ], [ 0.90353, 44.68066 ], [ 0.90372, 44.68075 ], [ 0.90383, 44.6808 ], [ 0.90384, 44.68078 ], [ 0.90401, 44.68058 ], [ 0.90353, 44.68019 ], [ 0.90343, 44.68006 ], [ 0.90337, 44.67985 ], [ 0.90333, 44.67979 ], [ 0.90328, 44.67972 ], [ 0.90313, 44.67958 ], [ 0.90287, 44.67938 ], [ 0.90265, 44.67919 ], [ 0.90256, 44.67915 ], [ 0.9028, 44.67918 ], [ 0.90299, 44.67918 ], [ 0.90327, 44.67917 ], [ 0.90357, 44.67917 ], [ 0.90381, 44.67917 ], [ 0.90406, 44.67916 ], [ 0.90434, 44.67913 ], [ 0.90464, 44.67909 ], [ 0.90478, 44.67908 ], [ 0.90462, 44.67901 ], [ 0.90457, 44.67899 ], [ 0.90433, 44.67895 ], [ 0.90401, 44.67884 ], [ 0.90384, 44.67882 ], [ 0.9036, 44.67878 ], [ 0.90309, 44.67863 ], [ 0.90284, 44.67857 ], [ 0.90265, 44.67855 ], [ 0.90232, 44.67854 ], [ 0.90223, 44.67855 ], [ 0.90191, 44.67856 ], [ 0.90129, 44.67861 ], [ 0.90095, 44.67863 ], [ 0.90079, 44.67867 ], [ 0.90061, 44.67866 ], [ 0.90043, 44.6787 ], [ 0.90042, 44.6787 ], [ 0.90037, 44.67871 ], [ 0.9003, 44.67871 ], [ 0.90026, 44.67871 ], [ 0.90015, 44.67875 ], [ 0.89968, 44.67889 ], [ 0.89943, 44.67895 ], [ 0.89943, 44.67894 ], [ 0.89944, 44.67892 ], [ 0.89945, 44.67882 ], [ 0.89949, 44.67879 ], [ 0.89983, 44.67862 ], [ 0.89997, 44.67855 ], [ 0.90021, 44.67845 ], [ 0.90044, 44.67837 ], [ 0.90064, 44.67829 ], [ 0.90076, 44.67823 ], [ 0.90071, 44.67821 ], [ 0.90061, 44.67817 ], [ 0.89963, 44.67768 ], [ 0.89951, 44.6776 ], [ 0.89941, 44.67751 ], [ 0.89933, 44.67744 ], [ 0.89926, 44.67742 ], [ 0.89918, 44.67739 ], [ 0.89913, 44.67737 ], [ 0.89893, 44.67722 ], [ 0.89849, 44.67711 ], [ 0.89815, 44.67703 ], [ 0.89813, 44.67703 ], [ 0.89806, 44.677 ], [ 0.89804, 44.67698 ], [ 0.89793, 44.67696 ], [ 0.89779, 44.67692 ], [ 0.89769, 44.67692 ], [ 0.89762, 44.67696 ], [ 0.89754, 44.67708 ], [ 0.89753, 44.67712 ], [ 0.89753, 44.67715 ], [ 0.89745, 44.67741 ] ] ], [ [ [ 0.92424, 44.68187 ], [ 0.92394, 44.68213 ], [ 0.92366, 44.68201 ], [ 0.92348, 44.68193 ], [ 0.92346, 44.68191 ], [ 0.92339, 44.682 ], [ 0.92335, 44.68205 ], [ 0.9232, 44.68225 ], [ 0.92306, 44.68222 ], [ 0.92296, 44.68224 ], [ 0.92296, 44.68224 ], [ 0.92287, 44.68223 ], [ 0.92277, 44.68221 ], [ 0.92277, 44.68221 ], [ 0.92275, 44.68182 ], [ 0.92258, 44.68175 ], [ 0.92249, 44.68175 ], [ 0.92222, 44.68178 ], [ 0.92198, 44.68183 ], [ 0.92167, 44.68191 ], [ 0.92141, 44.68203 ], [ 0.92137, 44.68204 ], [ 0.9212, 44.68206 ], [ 0.92089, 44.68207 ], [ 0.92057, 44.68207 ], [ 0.92051, 44.68209 ], [ 0.92046, 44.68208 ], [ 0.92002, 44.6821 ], [ 0.91985, 44.68238 ], [ 0.91981, 44.6826 ], [ 0.9198, 44.68284 ], [ 0.92013, 44.6829 ], [ 0.9201, 44.68317 ], [ 0.92013, 44.68325 ], [ 0.92005, 44.68354 ], [ 0.92004, 44.68374 ], [ 0.92012, 44.68376 ], [ 0.92079, 44.68577 ], [ 0.92081, 44.68587 ], [ 0.9209, 44.68614 ], [ 0.92127, 44.6861 ], [ 0.92247, 44.68589 ], [ 0.92256, 44.68594 ], [ 0.92258, 44.68622 ], [ 0.92258, 44.68623 ], [ 0.92258, 44.68626 ], [ 0.92305, 44.68623 ], [ 0.9235, 44.6862 ], [ 0.9239, 44.68618 ], [ 0.92425, 44.68616 ], [ 0.92456, 44.68613 ], [ 0.92467, 44.68613 ], [ 0.92471, 44.68613 ], [ 0.9248, 44.68606 ], [ 0.92478, 44.68604 ], [ 0.92475, 44.68595 ], [ 0.92473, 44.68588 ], [ 0.92453, 44.68527 ], [ 0.92451, 44.68514 ], [ 0.92447, 44.68506 ], [ 0.92444, 44.68492 ], [ 0.92439, 44.68483 ], [ 0.92434, 44.68475 ], [ 0.92431, 44.68471 ], [ 0.92427, 44.68466 ], [ 0.92418, 44.68456 ], [ 0.92403, 44.68437 ], [ 0.92398, 44.68423 ], [ 0.92393, 44.68409 ], [ 0.92425, 44.68402 ], [ 0.92408, 44.68364 ], [ 0.92423, 44.68366 ], [ 0.92423, 44.68357 ], [ 0.92426, 44.68313 ], [ 0.92432, 44.68283 ], [ 0.92445, 44.68248 ], [ 0.92449, 44.68236 ], [ 0.92451, 44.68225 ], [ 0.92451, 44.68223 ], [ 0.92451, 44.68219 ], [ 0.92453, 44.68201 ], [ 0.92454, 44.68191 ], [ 0.92463, 44.68159 ], [ 0.92484, 44.68159 ], [ 0.92503, 44.68159 ], [ 0.92516, 44.68122 ], [ 0.92526, 44.68097 ], [ 0.92511, 44.68086 ], [ 0.92537, 44.68055 ], [ 0.92553, 44.68062 ], [ 0.92597, 44.67971 ], [ 0.92615, 44.6796 ], [ 0.92628, 44.67944 ], [ 0.92622, 44.6788 ], [ 0.92598, 44.67868 ], [ 0.92629, 44.67853 ], [ 0.92582, 44.67837 ], [ 0.92539, 44.67825 ], [ 0.92497, 44.67808 ], [ 0.92452, 44.6779 ], [ 0.92443, 44.6778 ], [ 0.92439, 44.67783 ], [ 0.92419, 44.6778 ], [ 0.92415, 44.67779 ], [ 0.92416, 44.67789 ], [ 0.92362, 44.67786 ], [ 0.92329, 44.67789 ], [ 0.92318, 44.67792 ], [ 0.923, 44.67801 ], [ 0.92278, 44.6781 ], [ 0.92259, 44.6782 ], [ 0.92231, 44.67784 ], [ 0.92223, 44.67774 ], [ 0.92203, 44.67749 ], [ 0.92155, 44.67771 ], [ 0.92122, 44.67799 ], [ 0.921, 44.67805 ], [ 0.92092, 44.678 ], [ 0.92058, 44.67815 ], [ 0.91991, 44.67843 ], [ 0.91976, 44.6785 ], [ 0.91965, 44.67881 ], [ 0.91935, 44.67919 ], [ 0.9209, 44.6795 ], [ 0.92112, 44.68006 ], [ 0.9214, 44.68006 ], [ 0.92163, 44.68005 ], [ 0.92236, 44.68004 ], [ 0.92236, 44.68001 ], [ 0.92259, 44.67996 ], [ 0.92276, 44.67991 ], [ 0.92287, 44.67987 ], [ 0.92306, 44.67979 ], [ 0.92331, 44.67964 ], [ 0.92299, 44.67906 ], [ 0.92336, 44.67896 ], [ 0.92347, 44.67892 ], [ 0.92374, 44.67887 ], [ 0.92387, 44.67919 ], [ 0.92523, 44.67913 ], [ 0.92503, 44.67953 ], [ 0.92416, 44.67973 ], [ 0.92329, 44.68005 ], [ 0.9233, 44.68008 ], [ 0.92336, 44.68015 ], [ 0.9239, 44.68076 ], [ 0.92393, 44.68079 ], [ 0.92385, 44.68085 ], [ 0.92377, 44.68094 ], [ 0.92351, 44.68122 ], [ 0.92368, 44.68126 ], [ 0.92362, 44.68132 ], [ 0.92366, 44.68132 ], [ 0.92366, 44.68135 ], [ 0.92353, 44.68148 ], [ 0.92366, 44.68154 ], [ 0.92374, 44.6816 ], [ 0.92378, 44.68162 ], [ 0.92382, 44.68164 ], [ 0.92397, 44.68172 ], [ 0.92412, 44.6818 ], [ 0.92414, 44.68181 ], [ 0.92424, 44.68187 ] ] ], [ [ [ 0.89674, 44.67293 ], [ 0.89692, 44.673 ], [ 0.8973, 44.67318 ], [ 0.89734, 44.67321 ], [ 0.89738, 44.67324 ], [ 0.8974, 44.6733 ], [ 0.89847, 44.6733 ], [ 0.89865, 44.67315 ], [ 0.89895, 44.67292 ], [ 0.89971, 44.67325 ], [ 0.90006, 44.67339 ], [ 0.90016, 44.67343 ], [ 0.90026, 44.67328 ], [ 0.9003, 44.67324 ], [ 0.90059, 44.67284 ], [ 0.90072, 44.67267 ], [ 0.9008, 44.67257 ], [ 0.9011, 44.67222 ], [ 0.90118, 44.67212 ], [ 0.90133, 44.67196 ], [ 0.90136, 44.67194 ], [ 0.90137, 44.67191 ], [ 0.90127, 44.67185 ], [ 0.90082, 44.67165 ], [ 0.90032, 44.67143 ], [ 0.8994, 44.67255 ], [ 0.89868, 44.67228 ], [ 0.89851, 44.67221 ], [ 0.89809, 44.67198 ], [ 0.89776, 44.67183 ], [ 0.89767, 44.67179 ], [ 0.8974, 44.67159 ], [ 0.89685, 44.67123 ], [ 0.89678, 44.67116 ], [ 0.89674, 44.67118 ], [ 0.89645, 44.67142 ], [ 0.89626, 44.67163 ], [ 0.8962, 44.67169 ], [ 0.89668, 44.67212 ], [ 0.89684, 44.67259 ], [ 0.89674, 44.67293 ] ] ], [ [ [ 0.90957, 44.67969 ], [ 0.91, 44.67966 ], [ 0.91064, 44.67953 ], [ 0.91061, 44.67923 ], [ 0.91197, 44.67911 ], [ 0.91198, 44.67874 ], [ 0.91274, 44.67843 ], [ 0.91276, 44.67798 ], [ 0.91058, 44.67862 ], [ 0.91056, 44.67881 ], [ 0.9094, 44.67886 ], [ 0.90949, 44.67929 ], [ 0.90957, 44.67969 ] ] ], [ [ [ 0.90334, 44.67621 ], [ 0.90436, 44.67621 ], [ 0.90452, 44.6758 ], [ 0.90335, 44.67577 ], [ 0.90334, 44.67621 ] ] ] ] } },
{ "type": "Feature", "properties": { "LIBELLE": "Site patrimonial remarquable de Capdrot", "ZONE": "Patrimoine des vallées et hameaux", "COMMUNE": "CAPDROT" }, "geometry": { "type": "MultiPolygon", "coordinates": [ [ [ [ 0.89116, 44.67417 ], [ 0.8914, 44.67422 ], [ 0.89153, 44.67426 ], [ 0.89159, 44.67431 ], [ 0.89165, 44.67435 ], [ 0.89187, 44.67451 ], [ 0.89202, 44.67462 ], [ 0.89211, 44.67469 ], [ 0.89221, 44.67477 ], [ 0.89232, 44.67488 ], [ 0.89237, 44.67492 ], [ 0.89247, 44.67497 ], [ 0.89249, 44.67498 ], [ 0.89253, 44.675 ], [ 0.89284, 44.67512 ], [ 0.8929, 44.67514 ], [ 0.8933, 44.6753 ], [ 0.89353, 44.67535 ], [ 0.89387, 44.67547 ], [ 0.89399, 44.67552 ], [ 0.8941, 44.67557 ], [ 0.8943, 44.67567 ], [ 0.89457, 44.67575 ], [ 0.89476, 44.67586 ], [ 0.89503, 44.67601 ], [ 0.8951, 44.67605 ], [ 0.89522, 44.67612 ], [ 0.89532, 44.67617 ], [ 0.89535, 44.67618 ], [ 0.89536, 44.67619 ], [ 0.89544, 44.67622 ], [ 0.89552, 44.67626 ], [ 0.89556, 44.67627 ], [ 0.8956, 44.6763 ], [ 0.89561, 44.67633 ], [ 0.89562, 44.67634 ], [ 0.89563, 44.67636 ], [ 0.89568, 44.67638 ], [ 0.89572, 44.6764 ], [ 0.89596, 44.67651 ], [ 0.89616, 44.6766 ], [ 0.89621, 44.67663 ], [ 0.89626, 44.67664 ], [ 0.89627, 44.67665 ], [ 0.89628, 44.67667 ], [ 0.89629, 44.67668 ], [ 0.89633, 44.67669 ], [ 0.89633, 44.6767 ], [ 0.89646, 44.67675 ], [ 0.89664, 44.67685 ], [ 0.89669, 44.67688 ], [ 0.89672, 44.67689 ], [ 0.8968, 44.67692 ], [ 0.89683, 44.67693 ], [ 0.89687, 44.67694 ], [ 0.89689, 44.67695 ], [ 0.89693, 44.67695 ], [ 0.89717, 44.67702 ], [ 0.89746, 44.67712 ], [ 0.89746, 44.6771 ], [ 0.89753, 44.67712 ], [ 0.89754, 44.67708 ], [ 0.89762, 44.67696 ], [ 0.89769, 44.67692 ], [ 0.89779, 44.67692 ], [ 0.89793, 44.67696 ], [ 0.89804, 44.67698 ], [ 0.89806, 44.677 ], [ 0.89813, 44.67703 ], [ 0.89815, 44.67703 ], [ 0.89849, 44.67711 ], [ 0.89893, 44.67722 ], [ 0.89913, 44.67737 ], [ 0.89918, 44.67739 ], [ 0.89926, 44.67742 ], [ 0.89933, 44.67744 ], [ 0.89941, 44.67751 ], [ 0.89951, 44.6776 ], [ 0.89963, 44.67768 ], [ 0.90061, 44.67817 ], [ 0.90071, 44.67821 ], [ 0.90076, 44.67823 ], [ 0.90064, 44.67829 ], [ 0.90044, 44.67837 ], [ 0.90021, 44.67845 ], [ 0.89997, 44.67855 ], [ 0.89983, 44.67862 ], [ 0.89949, 44.67879 ], [ 0.89945, 44.67882 ], [ 0.89944, 44.67892 ], [ 0.89943, 44.67894 ], [ 0.89943, 44.67895 ], [ 0.89968, 44.67889 ], [ 0.90015, 44.67875 ], [ 0.90026, 44.67871 ], [ 0.9003, 44.67871 ], [ 0.90037, 44.67871 ], [ 0.90042, 44.6787 ], [ 0.90043, 44.6787 ], [ 0.90061, 44.67866 ], [ 0.90079, 44.67867 ], [ 0.90095, 44.67863 ], [ 0.90129, 44.67861 ], [ 0.90191, 44.67856 ], [ 0.90223, 44.67855 ], [ 0.90232, 44.67854 ], [ 0.90265, 44.67855 ], [ 0.90284, 44.67857 ], [ 0.90309, 44.67863 ], [ 0.9036, 44.67878 ], [ 0.90384, 44.67882 ], [ 0.90401, 44.67884 ], [ 0.90433, 44.67895 ], [ 0.90457, 44.67899 ], [ 0.90462, 44.67901 ], [ 0.90478, 44.67908 ], [ 0.90464, 44.67909 ], [ 0.90434, 44.67913 ], [ 0.90406, 44.67916 ], [ 0.90381, 44.67917 ], [ 0.90357, 44.67917 ], [ 0.90327, 44.67917 ], [ 0.90299, 44.67918 ], [ 0.9028, 44.67918 ], [ 0.90256, 44.67915 ], [ 0.90265, 44.67919 ], [ 0.90287, 44.67938 ], [ 0.90313, 44.67958 ], [ 0.90328, 44.67972 ], [ 0.90333, 44.67979 ], [ 0.90337, 44.67985 ], [ 0.90343, 44.68006 ], [ 0.90353, 44.68019 ], [ 0.90401, 44.68058 ], [ 0.90383, 44.6808 ], [ 0.90372, 44.68075 ], [ 0.90353, 44.68066 ], [ 0.90315, 44.68056 ], [ 0.90302, 44.68051 ], [ 0.90289, 44.68047 ], [ 0.90285, 44.68047 ], [ 0.90264, 44.68043 ], [ 0.90248, 44.68042 ], [ 0.90236, 44.68043 ], [ 0.90214, 44.68046 ], [ 0.90187, 44.68048 ], [ 0.90171, 44.6805 ], [ 0.90123, 44.68056 ], [ 0.90093, 44.6806 ], [ 0.9006, 44.68067 ], [ 0.89991, 44.68079 ], [ 0.89986, 44.68081 ], [ 0.89977, 44.68081 ], [ 0.89973, 44.68081 ], [ 0.89963, 44.68078 ], [ 0.89939, 44.68071 ], [ 0.89931, 44.68068 ], [ 0.89909, 44.68117 ], [ 0.89906, 44.68131 ], [ 0.89909, 44.68141 ], [ 0.89912, 44.68152 ], [ 0.8992, 44.68152 ], [ 0.89923, 44.68158 ], [ 0.89924, 44.6816 ], [ 0.89923, 44.68184 ], [ 0.89952, 44.6827 ], [ 0.89962, 44.68275 ], [ 0.89968, 44.68281 ], [ 0.89985, 44.68298 ], [ 0.89991, 44.68303 ], [ 0.90008, 44.683 ], [ 0.90022, 44.68297 ], [ 0.90027, 44.68299 ], [ 0.90092, 44.6836 ], [ 0.90115, 44.68351 ], [ 0.90205, 44.6835 ], [ 0.90319, 44.68349 ], [ 0.90408, 44.68345 ], [ 0.90434, 44.68347 ], [ 0.90466, 44.68349 ], [ 0.90474, 44.6831 ], [ 0.90481, 44.68275 ], [ 0.90488, 44.68225 ], [ 0.90484, 44.68177 ], [ 0.90478, 44.68144 ], [ 0.90468, 44.68046 ], [ 0.90478, 44.67951 ], [ 0.90531, 44.67949 ], [ 0.90577, 44.67948 ], [ 0.90585, 44.67948 ], [ 0.90586, 44.67943 ], [ 0.90669, 44.67945 ], [ 0.90676, 44.67946 ], [ 0.9068, 44.67945 ], [ 0.9069, 44.67952 ], [ 0.90701, 44.6801 ], [ 0.90708, 44.68051 ], [ 0.9072, 44.68104 ], [ 0.90755, 44.68229 ], [ 0.90757, 44.68246 ], [ 0.90753, 44.68267 ], [ 0.90746, 44.68292 ], [ 0.90877, 44.68338 ], [ 0.9091, 44.68333 ], [ 0.90947, 44.68326 ], [ 0.90973, 44.68319 ], [ 0.90996, 44.68315 ], [ 0.91011, 44.68312 ], [ 0.91023, 44.68308 ], [ 0.91073, 44.68297 ], [ 0.91077, 44.68295 ], [ 0.9108, 44.68294 ], [ 0.91085, 44.68284 ], [ 0.91097, 44.68267 ], [ 0.9111, 44.68255 ], [ 0.91112, 44.68252 ], [ 0.91126, 44.68241 ], [ 0.91137, 44.68232 ], [ 0.91141, 44.68229 ], [ 0.9116, 44.6822 ], [ 0.91171, 44.68207 ], [ 0.91191, 44.68191 ], [ 0.91201, 44.68167 ], [ 0.91213, 44.68166 ], [ 0.91226, 44.6814 ], [ 0.91306, 44.68124 ], [ 0.9135, 44.68137 ], [ 0.91385, 44.68141 ], [ 0.91483, 44.68143 ], [ 0.91481, 44.68147 ], [ 0.91467, 44.68171 ], [ 0.91452, 44.6819 ], [ 0.91441, 44.68204 ], [ 0.91557, 44.68307 ], [ 0.91615, 44.6831 ], [ 0.91625, 44.68309 ], [ 0.9163, 44.68309 ], [ 0.91642, 44.68306 ], [ 0.91644, 44.68304 ], [ 0.91648, 44.68301 ], [ 0.91652, 44.68297 ], [ 0.91734, 44.68193 ], [ 0.91739, 44.68196 ], [ 0.91774, 44.68211 ], [ 0.91793, 44.68219 ], [ 0.918, 44.68224 ], [ 0.91819, 44.68237 ], [ 0.91825, 44.68242 ], [ 0.91839, 44.68255 ], [ 0.91852, 44.68267 ], [ 0.91835, 44.68285 ], [ 0.91852, 44.68285 ], [ 0.91863, 44.68285 ], [ 0.91878, 44.68283 ], [ 0.9191, 44.68278 ], [ 0.91956, 44.6828 ], [ 0.9198, 44.68284 ], [ 0.91981, 44.6826 ], [ 0.91985, 44.68238 ], [ 0.92002, 44.6821 ], [ 0.92046, 44.68208 ], [ 0.92057, 44.68183 ], [ 0.9206, 44.68173 ], [ 0.9206, 44.68169 ], [ 0.92058, 44.68161 ], [ 0.92053, 44.68156 ], [ 0.92043, 44.68149 ], [ 0.9204, 44.68147 ], [ 0.92038, 44.68135 ], [ 0.92034, 44.68118 ], [ 0.92026, 44.68119 ], [ 0.9201, 44.6812 ], [ 0.91976, 44.68118 ], [ 0.91976, 44.68112 ], [ 0.91979, 44.68101 ], [ 0.9198, 44.68087 ], [ 0.92031, 44.68084 ], [ 0.92077, 44.6808 ], [ 0.92114, 44.68079 ], [ 0.92132, 44.6808 ], [ 0.92176, 44.68083 ], [ 0.92212, 44.68084 ], [ 0.92243, 44.68048 ], [ 0.92255, 44.68033 ], [ 0.9233, 44.68008 ], [ 0.92329, 44.68005 ], [ 0.92416, 44.67973 ], [ 0.92503, 44.67953 ], [ 0.92523, 44.67913 ], [ 0.92387, 44.67919 ], [ 0.92374, 44.67887 ], [ 0.92347, 44.67892 ], [ 0.92336, 44.67896 ], [ 0.92299, 44.67906 ], [ 0.92331, 44.67964 ], [ 0.92306, 44.67979 ], [ 0.92287, 44.67987 ], [ 0.92276, 44.67991 ], [ 0.92259, 44.67996 ], [ 0.92236, 44.68001 ], [ 0.92236, 44.68004 ], [ 0.92163, 44.68005 ], [ 0.9214, 44.68006 ], [ 0.92112, 44.68006 ], [ 0.92108, 44.68006 ], [ 0.92082, 44.68007 ], [ 0.9208, 44.6801 ], [ 0.92079, 44.68015 ], [ 0.92053, 44.68015 ], [ 0.92004, 44.68026 ], [ 0.91975, 44.68034 ], [ 0.91952, 44.68041 ], [ 0.91905, 44.68054 ], [ 0.9186, 44.68064 ], [ 0.91854, 44.68051 ], [ 0.91854, 44.68044 ], [ 0.91859, 44.68027 ], [ 0.91856, 44.68002 ], [ 0.9169, 44.67798 ], [ 0.91809, 44.67792 ], [ 0.9189, 44.67775 ], [ 0.91929, 44.67765 ], [ 0.91942, 44.67761 ], [ 0.91954, 44.6776 ], [ 0.91958, 44.6776 ], [ 0.91976, 44.67754 ], [ 0.92097, 44.6772 ], [ 0.92161, 44.67706 ], [ 0.92182, 44.67701 ], [ 0.92215, 44.67692 ], [ 0.92277, 44.67722 ], [ 0.92288, 44.67718 ], [ 0.92305, 44.67714 ], [ 0.92315, 44.67712 ], [ 0.9234, 44.67714 ], [ 0.92359, 44.67715 ], [ 0.92368, 44.67714 ], [ 0.92377, 44.67714 ], [ 0.92402, 44.67709 ], [ 0.92439, 44.67709 ], [ 0.92445, 44.67708 ], [ 0.92449, 44.67708 ], [ 0.92461, 44.67707 ], [ 0.92475, 44.67703 ], [ 0.92518, 44.67703 ], [ 0.92558, 44.67703 ], [ 0.9258, 44.67701 ], [ 0.92614, 44.67697 ], [ 0.9262, 44.67696 ], [ 0.9265, 44.6769 ], [ 0.92666, 44.67687 ], [ 0.92701, 44.67683 ], [ 0.92707, 44.67682 ], [ 0.92729, 44.6768 ], [ 0.92734, 44.6768 ], [ 0.92771, 44.67687 ], [ 0.92783, 44.6769 ], [ 0.92825, 44.67695 ], [ 0.9285, 44.67702 ], [ 0.92865, 44.67705 ], [ 0.92912, 44.67751 ], [ 0.93124, 44.67922 ], [ 0.93253, 44.67979 ], [ 0.93477, 44.67964 ], [ 0.93744, 44.6831 ], [ 0.93752, 44.68321 ], [ 0.93774, 44.68338 ], [ 0.93959, 44.68333 ], [ 0.94079, 44.68422 ], [ 0.94239, 44.68397 ], [ 0.9461, 44.68404 ], [ 0.94709, 44.68461 ], [ 0.9488, 44.6859 ], [ 0.95108, 44.68607 ], [ 0.95181, 44.68577 ], [ 0.95401, 44.68625 ], [ 0.95519, 44.6866 ], [ 0.95616, 44.68821 ], [ 0.95628, 44.68861 ], [ 0.9564, 44.68884 ], [ 0.95613, 44.68901 ], [ 0.95649, 44.68903 ], [ 0.95738, 44.68901 ], [ 0.95748, 44.68938 ], [ 0.95865, 44.68938 ], [ 0.96066, 44.68933 ], [ 0.96064, 44.6892 ], [ 0.9601, 44.68813 ], [ 0.95971, 44.68758 ], [ 0.96016, 44.6874 ], [ 0.96189, 44.68705 ], [ 0.96297, 44.68702 ], [ 0.96475, 44.68664 ], [ 0.96489, 44.68648 ], [ 0.96493, 44.68624 ], [ 0.96505, 44.68555 ], [ 0.96499, 44.68533 ], [ 0.96457, 44.68525 ], [ 0.96295, 44.68496 ], [ 0.96224, 44.68486 ], [ 0.96208, 44.68484 ], [ 0.96155, 44.68483 ], [ 0.96106, 44.68485 ], [ 0.96032, 44.68513 ], [ 0.9578, 44.68603 ], [ 0.95755, 44.68606 ], [ 0.9568, 44.68558 ], [ 0.95585, 44.68521 ], [ 0.95571, 44.68514 ], [ 0.95561, 44.68511 ], [ 0.95532, 44.68505 ], [ 0.95508, 44.68501 ], [ 0.95508, 44.68502 ], [ 0.95479, 44.68495 ], [ 0.95439, 44.68487 ], [ 0.95392, 44.68481 ], [ 0.95362, 44.68476 ], [ 0.95263, 44.68463 ], [ 0.95257, 44.68461 ], [ 0.94802, 44.68342 ], [ 0.94779, 44.68333 ], [ 0.94744, 44.68321 ], [ 0.94724, 44.68317 ], [ 0.94709, 44.68313 ], [ 0.94683, 44.68307 ], [ 0.94663, 44.68301 ], [ 0.94643, 44.68298 ], [ 0.94615, 44.68295 ], [ 0.94414, 44.68259 ], [ 0.94241, 44.68243 ], [ 0.9417, 44.68187 ], [ 0.94122, 44.67997 ], [ 0.94122, 44.67994 ], [ 0.94114, 44.67964 ], [ 0.93792, 44.67939 ], [ 0.9377, 44.67937 ], [ 0.93734, 44.67931 ], [ 0.93709, 44.67929 ], [ 0.93699, 44.6792 ], [ 0.93695, 44.67918 ], [ 0.93651, 44.67877 ], [ 0.93635, 44.67871 ], [ 0.93511, 44.67788 ], [ 0.93485, 44.67775 ], [ 0.93461, 44.67765 ], [ 0.93438, 44.67759 ], [ 0.93409, 44.67752 ], [ 0.93266, 44.67735 ], [ 0.93194, 44.67711 ], [ 0.93155, 44.67697 ], [ 0.93137, 44.67691 ], [ 0.9313, 44.67673 ], [ 0.93121, 44.67608 ], [ 0.93121, 44.67601 ], [ 0.93119, 44.67579 ], [ 0.92776, 44.67559 ], [ 0.92726, 44.67554 ], [ 0.92604, 44.67549 ], [ 0.92464, 44.6753 ], [ 0.92398, 44.67524 ], [ 0.92266, 44.6752 ], [ 0.92161, 44.67534 ], [ 0.92136, 44.6754 ], [ 0.921, 44.67544 ], [ 0.92074, 44.6747 ], [ 0.92077, 44.67445 ], [ 0.92077, 44.67438 ], [ 0.92079, 44.6743 ], [ 0.92086, 44.674 ], [ 0.92087, 44.67396 ], [ 0.92091, 44.67379 ], [ 0.92093, 44.67377 ], [ 0.92098, 44.67366 ], [ 0.92101, 44.6736 ], [ 0.92111, 44.67343 ], [ 0.92119, 44.67329 ], [ 0.92121, 44.67317 ], [ 0.92131, 44.6729 ], [ 0.92152, 44.67274 ], [ 0.92174, 44.67259 ], [ 0.92234, 44.67232 ], [ 0.92249, 44.67224 ], [ 0.92269, 44.67214 ], [ 0.92281, 44.67208 ], [ 0.9229, 44.67205 ], [ 0.92336, 44.67186 ], [ 0.92341, 44.67183 ], [ 0.92347, 44.67183 ], [ 0.92356, 44.67178 ], [ 0.92379, 44.67165 ], [ 0.92384, 44.67161 ], [ 0.92393, 44.67159 ], [ 0.92464, 44.67131 ], [ 0.92438, 44.67129 ], [ 0.92415, 44.67134 ], [ 0.92406, 44.67135 ], [ 0.92392, 44.67135 ], [ 0.92322, 44.67125 ], [ 0.92319, 44.67119 ], [ 0.92302, 44.6712 ], [ 0.92283, 44.67121 ], [ 0.92254, 44.67121 ], [ 0.92193, 44.67128 ], [ 0.92172, 44.67134 ], [ 0.92057, 44.67177 ], [ 0.92016, 44.67204 ], [ 0.92003, 44.67225 ], [ 0.91989, 44.67249 ], [ 0.9198, 44.67264 ], [ 0.91968, 44.67287 ], [ 0.9196, 44.67302 ], [ 0.91948, 44.6733 ], [ 0.91947, 44.67347 ], [ 0.91948, 44.67363 ], [ 0.91947, 44.67396 ], [ 0.91943, 44.67431 ], [ 0.91941, 44.67448 ], [ 0.91874, 44.67454 ], [ 0.9187, 44.67462 ], [ 0.9173, 44.67466 ], [ 0.91712, 44.67468 ], [ 0.91688, 44.6746 ], [ 0.9166, 44.67453 ], [ 0.91631, 44.67444 ], [ 0.91612, 44.67438 ], [ 0.91553, 44.67427 ], [ 0.91517, 44.67465 ], [ 0.915, 44.67484 ], [ 0.91495, 44.67488 ], [ 0.91486, 44.67494 ], [ 0.91471, 44.67501 ], [ 0.91422, 44.6751 ], [ 0.91412, 44.67513 ], [ 0.91402, 44.67522 ], [ 0.91395, 44.67532 ], [ 0.91376, 44.67558 ], [ 0.91372, 44.67561 ], [ 0.91363, 44.67568 ], [ 0.91354, 44.67574 ], [ 0.91336, 44.67582 ], [ 0.9133, 44.67587 ], [ 0.91319, 44.67597 ], [ 0.91297, 44.67622 ], [ 0.91288, 44.67634 ], [ 0.91282, 44.67641 ], [ 0.91274, 44.67646 ], [ 0.91266, 44.67652 ], [ 0.91246, 44.67664 ], [ 0.9124, 44.67677 ], [ 0.91236, 44.677 ], [ 0.91233, 44.67704 ], [ 0.91228, 44.6771 ], [ 0.91192, 44.67716 ], [ 0.91133, 44.67727 ], [ 0.91088, 44.67738 ], [ 0.91061, 44.67746 ], [ 0.91047, 44.67752 ], [ 0.91028, 44.67758 ], [ 0.90982, 44.67769 ], [ 0.90972, 44.6777 ], [ 0.90962, 44.67771 ], [ 0.90947, 44.6777 ], [ 0.90907, 44.67766 ], [ 0.90897, 44.67765 ], [ 0.90861, 44.67758 ], [ 0.90867, 44.67754 ], [ 0.90868, 44.67754 ], [ 0.90873, 44.6775 ], [ 0.909, 44.6773 ], [ 0.90899, 44.67729 ], [ 0.90958, 44.67664 ], [ 0.90999, 44.6762 ], [ 0.91014, 44.676 ], [ 0.91046, 44.67556 ], [ 0.91047, 44.67556 ], [ 0.91049, 44.6755 ], [ 0.91063, 44.67519 ], [ 0.9107, 44.67503 ], [ 0.91074, 44.67487 ], [ 0.91077, 44.67468 ], [ 0.91087, 44.67458 ], [ 0.91095, 44.67448 ], [ 0.91125, 44.67403 ], [ 0.91132, 44.67393 ], [ 0.91247, 44.67229 ], [ 0.91257, 44.67221 ], [ 0.91276, 44.67206 ], [ 0.91272, 44.67198 ], [ 0.91234, 44.67193 ], [ 0.91199, 44.6719 ], [ 0.91189, 44.67189 ], [ 0.91193, 44.6717 ], [ 0.91192, 44.67143 ], [ 0.91161, 44.67145 ], [ 0.91149, 44.67145 ], [ 0.91138, 44.67145 ], [ 0.91138, 44.67134 ], [ 0.91012, 44.67157 ], [ 0.91007, 44.67158 ], [ 0.9103, 44.67183 ], [ 0.91043, 44.67199 ], [ 0.90993, 44.67238 ], [ 0.90949, 44.67244 ], [ 0.90887, 44.67278 ], [ 0.90858, 44.67333 ], [ 0.90849, 44.6735 ], [ 0.9079, 44.67337 ], [ 0.90716, 44.67327 ], [ 0.90628, 44.67318 ], [ 0.90622, 44.67299 ], [ 0.90618, 44.67279 ], [ 0.90619, 44.67268 ], [ 0.9062, 44.67255 ], [ 0.90621, 44.67231 ], [ 0.90637, 44.67198 ], [ 0.90632, 44.67197 ], [ 0.90548, 44.67185 ], [ 0.90518, 44.67181 ], [ 0.9045, 44.6717 ], [ 0.90403, 44.67157 ], [ 0.90379, 44.67243 ], [ 0.90351, 44.6724 ], [ 0.90323, 44.67236 ], [ 0.90319, 44.67235 ], [ 0.90274, 44.67229 ], [ 0.9025, 44.67227 ], [ 0.90231, 44.67224 ], [ 0.90182, 44.67219 ], [ 0.90118, 44.67212 ], [ 0.9011, 44.67222 ], [ 0.9008, 44.67257 ], [ 0.90072, 44.67267 ], [ 0.90059, 44.67284 ], [ 0.9003, 44.67324 ], [ 0.90026, 44.67328 ], [ 0.90016, 44.67343 ], [ 0.90006, 44.67339 ], [ 0.89971, 44.67325 ], [ 0.89895, 44.67292 ], [ 0.89865, 44.67315 ], [ 0.89847, 44.6733 ], [ 0.8974, 44.6733 ], [ 0.89738, 44.67324 ], [ 0.89734, 44.67321 ], [ 0.8973, 44.67318 ], [ 0.89692, 44.673 ], [ 0.89674, 44.67293 ], [ 0.89628, 44.67337 ], [ 0.89621, 44.67342 ], [ 0.89584, 44.67324 ], [ 0.89496, 44.67276 ], [ 0.89522, 44.67253 ], [ 0.89613, 44.67174 ], [ 0.8962, 44.67169 ], [ 0.89626, 44.67163 ], [ 0.89645, 44.67142 ], [ 0.89674, 44.67118 ], [ 0.89678, 44.67116 ], [ 0.89685, 44.67123 ], [ 0.8974, 44.67159 ], [ 0.89767, 44.67179 ], [ 0.89776, 44.67183 ], [ 0.89809, 44.67198 ], [ 0.89851, 44.67221 ], [ 0.89868, 44.67228 ], [ 0.8994, 44.67255 ], [ 0.90032, 44.67143 ], [ 0.90082, 44.67165 ], [ 0.90127, 44.67185 ], [ 0.90137, 44.67191 ], [ 0.90268, 44.67039 ], [ 0.90271, 44.67037 ], [ 0.90289, 44.67016 ], [ 0.90325, 44.66973 ], [ 0.90336, 44.6696 ], [ 0.90348, 44.66945 ], [ 0.90359, 44.66927 ], [ 0.90374, 44.66899 ], [ 0.90426, 44.66782 ], [ 0.90468, 44.66688 ], [ 0.90474, 44.66677 ], [ 0.90486, 44.66666 ], [ 0.90501, 44.66652 ], [ 0.90522, 44.66636 ], [ 0.9054, 44.66626 ], [ 0.90664, 44.66569 ], [ 0.90685, 44.66558 ], [ 0.90698, 44.66551 ], [ 0.90712, 44.66543 ], [ 0.90722, 44.66536 ], [ 0.9072, 44.66527 ], [ 0.90724, 44.66524 ], [ 0.90831, 44.66441 ], [ 0.90874, 44.6641 ], [ 0.90876, 44.66405 ], [ 0.90854, 44.66379 ], [ 0.90824, 44.66343 ], [ 0.90697, 44.66331 ], [ 0.90485, 44.66345 ], [ 0.90483, 44.66345 ], [ 0.90439, 44.66342 ], [ 0.90427, 44.66391 ], [ 0.90366, 44.66386 ], [ 0.90333, 44.66416 ], [ 0.90322, 44.66427 ], [ 0.90281, 44.66427 ], [ 0.90276, 44.66427 ], [ 0.90057, 44.66418 ], [ 0.90037, 44.66456 ], [ 0.90022, 44.66482 ], [ 0.89996, 44.66559 ], [ 0.89993, 44.66568 ], [ 0.89961, 44.66623 ], [ 0.89939, 44.66657 ], [ 0.89903, 44.66719 ], [ 0.89891, 44.66747 ], [ 0.89886, 44.6676 ], [ 0.89882, 44.66776 ], [ 0.89879, 44.66782 ], [ 0.89891, 44.66809 ], [ 0.89894, 44.66821 ], [ 0.89913, 44.66887 ], [ 0.89915, 44.669 ], [ 0.89912, 44.66907 ], [ 0.89908, 44.66915 ], [ 0.89901, 44.66925 ], [ 0.89892, 44.66934 ], [ 0.89886, 44.66939 ], [ 0.89872, 44.66948 ], [ 0.89819, 44.66975 ], [ 0.89786, 44.6699 ], [ 0.89733, 44.67011 ], [ 0.8969, 44.67029 ], [ 0.89651, 44.67059 ], [ 0.8963, 44.67074 ], [ 0.89627, 44.67076 ], [ 0.89622, 44.6708 ], [ 0.89618, 44.67083 ], [ 0.89613, 44.67089 ], [ 0.89608, 44.67093 ], [ 0.89595, 44.67106 ], [ 0.89586, 44.67114 ], [ 0.89562, 44.67135 ], [ 0.89547, 44.67146 ], [ 0.8951, 44.67174 ], [ 0.89465, 44.67201 ], [ 0.89455, 44.67205 ], [ 0.89446, 44.67209 ], [ 0.89401, 44.67223 ], [ 0.89296, 44.67263 ], [ 0.89254, 44.67284 ], [ 0.89209, 44.67311 ], [ 0.89188, 44.67324 ], [ 0.89178, 44.6733 ], [ 0.89144, 44.67362 ], [ 0.89138, 44.67372 ], [ 0.89135, 44.67375 ], [ 0.89133, 44.6738 ], [ 0.89131, 44.6739 ], [ 0.89128, 44.67394 ], [ 0.89122, 44.67403 ], [ 0.89122, 44.67409 ], [ 0.8912, 44.67416 ], [ 0.89106, 44.67414 ], [ 0.89106, 44.67415 ], [ 0.89116, 44.67417 ] ], [ [ 0.90626, 44.67577 ], [ 0.90652, 44.67377 ], [ 0.90727, 44.6738 ], [ 0.90708, 44.67435 ], [ 0.90711, 44.67461 ], [ 0.90833, 44.67488 ], [ 0.90787, 44.67547 ], [ 0.90847, 44.67565 ], [ 0.90818, 44.67618 ], [ 0.90626, 44.67577 ] ], [ [ 0.91481, 44.67991 ], [ 0.91434, 44.67898 ], [ 0.91625, 44.6787 ], [ 0.91633, 44.6795 ], [ 0.91756, 44.68015 ], [ 0.91712, 44.68041 ], [ 0.91572, 44.6799 ], [ 0.91481, 44.67991 ] ], [ [ 0.90957, 44.67969 ], [ 0.90949, 44.67929 ], [ 0.9094, 44.67886 ], [ 0.91056, 44.67881 ], [ 0.91058, 44.67862 ], [ 0.91276, 44.67798 ], [ 0.91274, 44.67843 ], [ 0.91198, 44.67874 ], [ 0.91197, 44.67911 ], [ 0.91061, 44.67923 ], [ 0.91064, 44.67953 ], [ 0.91, 44.67966 ], [ 0.90957, 44.67969 ] ], [ [ 0.90039, 44.6762 ], [ 0.90043, 44.67528 ], [ 0.90202, 44.6753 ], [ 0.90199, 44.67572 ], [ 0.90231, 44.67596 ], [ 0.90231, 44.67627 ], [ 0.90039, 44.6762 ] ], [ [ 0.89977, 44.66997 ], [ 0.90042, 44.6692 ], [ 0.90162, 44.66968 ], [ 0.90096, 44.67044 ], [ 0.89977, 44.66997 ] ], [ [ 0.8969, 44.67437 ], [ 0.89735, 44.67382 ], [ 0.89893, 44.67456 ], [ 0.89847, 44.67503 ], [ 0.8969, 44.67437 ] ], [ [ 0.90334, 44.67621 ], [ 0.90335, 44.67577 ], [ 0.90452, 44.6758 ], [ 0.90436, 44.67621 ], [ 0.90334, 44.67621 ] ] ], [ [ [ 0.92192, 44.71093 ], [ 0.92232, 44.71033 ], [ 0.92277, 44.70973 ], [ 0.92315, 44.70921 ], [ 0.92265, 44.70872 ], [ 0.92203, 44.70801 ], [ 0.92233, 44.70792 ], [ 0.92251, 44.70786 ], [ 0.92269, 44.70779 ], [ 0.92284, 44.70771 ], [ 0.92281, 44.70765 ], [ 0.92256, 44.70742 ], [ 0.9223, 44.7072 ], [ 0.92208, 44.70701 ], [ 0.92197, 44.70705 ], [ 0.92176, 44.707 ], [ 0.92151, 44.70696 ], [ 0.92131, 44.7069 ], [ 0.92115, 44.70679 ], [ 0.92091, 44.70651 ], [ 0.92062, 44.70656 ], [ 0.9203, 44.70604 ], [ 0.91958, 44.70549 ], [ 0.91884, 44.70575 ], [ 0.91859, 44.70587 ], [ 0.91847, 44.70593 ], [ 0.91803, 44.70596 ], [ 0.91765, 44.70523 ], [ 0.91752, 44.70506 ], [ 0.91733, 44.70487 ], [ 0.91713, 44.70473 ], [ 0.9169, 44.70426 ], [ 0.91756, 44.70371 ], [ 0.91741, 44.70321 ], [ 0.91746, 44.70314 ], [ 0.91767, 44.70288 ], [ 0.91683, 44.70272 ], [ 0.91683, 44.70271 ], [ 0.91677, 44.70269 ], [ 0.9165, 44.70264 ], [ 0.91652, 44.70258 ], [ 0.91638, 44.70254 ], [ 0.91634, 44.70256 ], [ 0.9162, 44.70251 ], [ 0.91593, 44.70249 ], [ 0.91579, 44.70246 ], [ 0.91569, 44.70242 ], [ 0.91558, 44.70234 ], [ 0.91546, 44.70224 ], [ 0.91539, 44.70219 ], [ 0.91528, 44.7021 ], [ 0.91513, 44.70199 ], [ 0.91508, 44.70197 ], [ 0.91503, 44.70194 ], [ 0.91496, 44.7019 ], [ 0.91487, 44.70188 ], [ 0.91477, 44.70188 ], [ 0.91465, 44.7019 ], [ 0.91439, 44.70195 ], [ 0.91434, 44.70195 ], [ 0.9143, 44.70193 ], [ 0.91432, 44.70202 ], [ 0.91433, 44.70207 ], [ 0.91437, 44.70218 ], [ 0.91458, 44.70249 ], [ 0.91474, 44.70286 ], [ 0.91479, 44.70298 ], [ 0.9148, 44.70302 ], [ 0.91477, 44.70344 ], [ 0.91474, 44.70354 ], [ 0.91462, 44.70377 ], [ 0.91455, 44.70386 ], [ 0.91462, 44.70418 ], [ 0.91476, 44.70472 ], [ 0.91479, 44.70485 ], [ 0.91487, 44.70526 ], [ 0.91497, 44.7054 ], [ 0.91508, 44.70555 ], [ 0.91521, 44.70572 ], [ 0.91538, 44.70589 ], [ 0.91588, 44.70614 ], [ 0.91615, 44.70636 ], [ 0.91631, 44.70656 ], [ 0.91658, 44.70688 ], [ 0.91674, 44.7071 ], [ 0.91688, 44.70729 ], [ 0.91712, 44.70766 ], [ 0.9172, 44.70778 ], [ 0.91734, 44.70796 ], [ 0.91737, 44.70801 ], [ 0.91746, 44.70807 ], [ 0.91778, 44.70835 ], [ 0.9183, 44.70881 ], [ 0.91841, 44.7089 ], [ 0.91853, 44.70903 ], [ 0.91858, 44.70908 ], [ 0.91883, 44.70934 ], [ 0.91917, 44.70968 ], [ 0.91946, 44.70988 ], [ 0.91984, 44.71013 ], [ 0.92014, 44.71029 ], [ 0.92025, 44.71036 ], [ 0.92098, 44.71059 ], [ 0.92149, 44.71077 ], [ 0.92176, 44.71087 ], [ 0.92192, 44.71093 ] ] ], [ [ [ 0.89679, 44.68789 ], [ 0.89767, 44.68778 ], [ 0.89846, 44.68768 ], [ 0.8984, 44.6876 ], [ 0.89838, 44.6876 ], [ 0.89835, 44.68753 ], [ 0.8982, 44.68735 ], [ 0.8981, 44.68726 ], [ 0.89807, 44.68725 ], [ 0.89786, 44.68703 ], [ 0.89771, 44.68689 ], [ 0.89761, 44.68678 ], [ 0.89702, 44.68619 ], [ 0.89702, 44.68629 ], [ 0.89702, 44.68638 ], [ 0.89701, 44.68672 ], [ 0.89702, 44.6868 ], [ 0.89703, 44.68695 ], [ 0.89705, 44.68713 ], [ 0.89704, 44.68732 ], [ 0.89705, 44.68734 ], [ 0.89704, 44.68739 ], [ 0.89698, 44.68748 ], [ 0.89687, 44.68758 ], [ 0.89685, 44.6876 ], [ 0.89677, 44.68764 ], [ 0.89669, 44.6877 ], [ 0.89672, 44.68778 ], [ 0.89674, 44.6878 ], [ 0.89679, 44.68789 ] ] ] ] } },
{ "type": "Feature", "properties": { "LIBELLE": "Site patrimonial remarquable de Marsalès", "ZONE": "Espaces agricoles et hameaux", "COMMUNE": "MARSALES" }, "geometry": { "type": "MultiPolygon", "coordinates": [ [ [ [ 0.89937, 44.6955 ], [ 0.89938, 44.69559 ], [ 0.89963, 44.6967 ], [ 0.89951, 44.69675 ], [ 0.89938, 44.69678 ], [ 0.89933, 44.69682 ], [ 0.89924, 44.69692 ], [ 0.89913, 44.69694 ], [ 0.89905, 44.69698 ], [ 0.8985, 44.69728 ], [ 0.8988, 44.6976 ], [ 0.89898, 44.69782 ], [ 0.89898, 44.69792 ], [ 0.89924, 44.69814 ], [ 0.89921, 44.69817 ], [ 0.89916, 44.69821 ], [ 0.89908, 44.69825 ], [ 0.89919, 44.69834 ], [ 0.89866, 44.69865 ], [ 0.8986, 44.69869 ], [ 0.89857, 44.69871 ], [ 0.89854, 44.69874 ], [ 0.89827, 44.69889 ], [ 0.89819, 44.69895 ], [ 0.89835, 44.69911 ], [ 0.89896, 44.69949 ], [ 0.899, 44.69951 ], [ 0.89928, 44.69952 ], [ 0.89937, 44.69951 ], [ 0.89944, 44.69954 ], [ 0.89949, 44.69957 ], [ 0.89951, 44.69959 ], [ 0.89955, 44.69963 ], [ 0.89977, 44.69985 ], [ 0.89981, 44.69988 ], [ 0.8999, 44.69982 ], [ 0.9005, 44.70031 ], [ 0.90048, 44.70034 ], [ 0.89954, 44.70103 ], [ 0.89975, 44.70114 ], [ 0.89988, 44.70111 ], [ 0.90005, 44.70114 ], [ 0.90024, 44.70111 ], [ 0.90048, 44.70096 ], [ 0.90081, 44.70071 ], [ 0.90088, 44.70062 ], [ 0.90097, 44.70067 ], [ 0.90109, 44.70055 ], [ 0.90131, 44.70036 ], [ 0.90126, 44.70026 ], [ 0.90104, 44.7001 ], [ 0.90111, 44.69999 ], [ 0.90105, 44.69988 ], [ 0.90108, 44.69984 ], [ 0.90115, 44.6998 ], [ 0.90131, 44.69982 ], [ 0.90154, 44.69972 ], [ 0.90187, 44.69967 ], [ 0.90209, 44.6996 ], [ 0.90191, 44.69942 ], [ 0.90185, 44.69939 ], [ 0.90168, 44.69929 ], [ 0.90155, 44.69927 ], [ 0.90137, 44.69917 ], [ 0.90118, 44.69893 ], [ 0.90129, 44.69886 ], [ 0.90144, 44.69877 ], [ 0.90167, 44.69866 ], [ 0.90182, 44.69861 ], [ 0.90197, 44.69856 ], [ 0.90229, 44.69848 ], [ 0.90238, 44.69846 ], [ 0.90247, 44.69845 ], [ 0.9027, 44.69848 ], [ 0.90419, 44.69881 ], [ 0.90431, 44.69882 ], [ 0.90435, 44.69882 ], [ 0.90429, 44.69884 ], [ 0.90384, 44.69904 ], [ 0.90295, 44.69943 ], [ 0.90309, 44.69953 ], [ 0.90333, 44.69971 ], [ 0.90354, 44.69986 ], [ 0.90426, 44.70034 ], [ 0.90428, 44.70033 ], [ 0.90436, 44.70036 ], [ 0.90446, 44.7005 ], [ 0.90465, 44.70052 ], [ 0.9049, 44.70046 ], [ 0.90525, 44.70035 ], [ 0.90535, 44.70032 ], [ 0.90547, 44.70051 ], [ 0.90608, 44.70097 ], [ 0.90653, 44.7015 ], [ 0.90705, 44.70133 ], [ 0.90814, 44.70098 ], [ 0.90816, 44.70101 ], [ 0.90813, 44.70102 ], [ 0.9083, 44.70142 ], [ 0.90957, 44.70126 ], [ 0.90981, 44.70123 ], [ 0.90982, 44.70133 ], [ 0.90989, 44.70134 ], [ 0.90998, 44.70134 ], [ 0.91003, 44.70156 ], [ 0.91099, 44.70214 ], [ 0.91099, 44.70227 ], [ 0.911, 44.70241 ], [ 0.91123, 44.70241 ], [ 0.91132, 44.70261 ], [ 0.9112, 44.70287 ], [ 0.91121, 44.70301 ], [ 0.91123, 44.70316 ], [ 0.91132, 44.70318 ], [ 0.91216, 44.70311 ], [ 0.91217, 44.70301 ], [ 0.91222, 44.70301 ], [ 0.91234, 44.70301 ], [ 0.91269, 44.70304 ], [ 0.91293, 44.70304 ], [ 0.91331, 44.70303 ], [ 0.91336, 44.70303 ], [ 0.91343, 44.703 ], [ 0.91358, 44.70296 ], [ 0.91393, 44.70293 ], [ 0.91468, 44.70287 ], [ 0.91474, 44.70286 ], [ 0.91458, 44.70249 ], [ 0.91437, 44.70218 ], [ 0.91433, 44.70207 ], [ 0.91432, 44.70202 ], [ 0.9143, 44.70193 ], [ 0.91428, 44.7019 ], [ 0.91425, 44.70186 ], [ 0.91416, 44.70156 ], [ 0.91398, 44.70106 ], [ 0.91396, 44.70103 ], [ 0.91386, 44.701 ], [ 0.91371, 44.70095 ], [ 0.91356, 44.70091 ], [ 0.91349, 44.7009 ], [ 0.91342, 44.70085 ], [ 0.91328, 44.70081 ], [ 0.9125, 44.70045 ], [ 0.91227, 44.70036 ], [ 0.91212, 44.70031 ], [ 0.91203, 44.70027 ], [ 0.91195, 44.70024 ], [ 0.91191, 44.70021 ], [ 0.91175, 44.70014 ], [ 0.91167, 44.70009 ], [ 0.91137, 44.69995 ], [ 0.91056, 44.69937 ], [ 0.91006, 44.69894 ], [ 0.90954, 44.6985 ], [ 0.90947, 44.69842 ], [ 0.90926, 44.69826 ], [ 0.9091, 44.69816 ], [ 0.90885, 44.69792 ], [ 0.9087, 44.69779 ], [ 0.90832, 44.69747 ], [ 0.9082, 44.69736 ], [ 0.90814, 44.69732 ], [ 0.90806, 44.69724 ], [ 0.90803, 44.6972 ], [ 0.90783, 44.69702 ], [ 0.90749, 44.69675 ], [ 0.90736, 44.69664 ], [ 0.90726, 44.69658 ], [ 0.90714, 44.69648 ], [ 0.90691, 44.6963 ], [ 0.90674, 44.69611 ], [ 0.90669, 44.69607 ], [ 0.90661, 44.69598 ], [ 0.90642, 44.69583 ], [ 0.90636, 44.69578 ], [ 0.90615, 44.69564 ], [ 0.9059, 44.6955 ], [ 0.90518, 44.69514 ], [ 0.90426, 44.69468 ], [ 0.90407, 44.69459 ], [ 0.90352, 44.69433 ], [ 0.90293, 44.69421 ], [ 0.9029, 44.69426 ], [ 0.90252, 44.69455 ], [ 0.90228, 44.6947 ], [ 0.90222, 44.69473 ], [ 0.9021, 44.69479 ], [ 0.90184, 44.6949 ], [ 0.90148, 44.69506 ], [ 0.90099, 44.69525 ], [ 0.90082, 44.6953 ], [ 0.90052, 44.69536 ], [ 0.90039, 44.69538 ], [ 0.90025, 44.69538 ], [ 0.90009, 44.6954 ], [ 0.89986, 44.69541 ], [ 0.89946, 44.69544 ], [ 0.89944, 44.69541 ], [ 0.89945, 44.69516 ], [ 0.89946, 44.69489 ], [ 0.89947, 44.69483 ], [ 0.89946, 44.69463 ], [ 0.8994, 44.69423 ], [ 0.89934, 44.69353 ], [ 0.8993, 44.69324 ], [ 0.89924, 44.69294 ], [ 0.89919, 44.6927 ], [ 0.89911, 44.69236 ], [ 0.899, 44.69212 ], [ 0.89892, 44.69193 ], [ 0.89887, 44.69181 ], [ 0.89881, 44.6917 ], [ 0.89872, 44.69156 ], [ 0.89868, 44.69148 ], [ 0.89847, 44.69106 ], [ 0.89839, 44.69089 ], [ 0.89811, 44.69035 ], [ 0.89783, 44.68984 ], [ 0.89773, 44.6896 ], [ 0.89738, 44.68896 ], [ 0.89725, 44.68871 ], [ 0.89709, 44.68846 ], [ 0.89703, 44.68835 ], [ 0.897, 44.68831 ], [ 0.89698, 44.68829 ], [ 0.89679, 44.68789 ], [ 0.89674, 44.6878 ], [ 0.89672, 44.68778 ], [ 0.89669, 44.6877 ], [ 0.89645, 44.68766 ], [ 0.89625, 44.68768 ], [ 0.89615, 44.68769 ], [ 0.89596, 44.68769 ], [ 0.89592, 44.68767 ], [ 0.8959, 44.68763 ], [ 0.89588, 44.68759 ], [ 0.89582, 44.68733 ], [ 0.89582, 44.68725 ], [ 0.89581, 44.68715 ], [ 0.8958, 44.68701 ], [ 0.8958, 44.68695 ], [ 0.89573, 44.68696 ], [ 0.89555, 44.68698 ], [ 0.89427, 44.68714 ], [ 0.89403, 44.68718 ], [ 0.89393, 44.68718 ], [ 0.89409, 44.68774 ], [ 0.8929, 44.68788 ], [ 0.89292, 44.68793 ], [ 0.89294, 44.68803 ], [ 0.89302, 44.68833 ], [ 0.89303, 44.68839 ], [ 0.89306, 44.68855 ], [ 0.89312, 44.68878 ], [ 0.89312, 44.68879 ], [ 0.89314, 44.68887 ], [ 0.89317, 44.68891 ], [ 0.89323, 44.68905 ], [ 0.89332, 44.68925 ], [ 0.89337, 44.68934 ], [ 0.89343, 44.68946 ], [ 0.8938, 44.6894 ], [ 0.89455, 44.68926 ], [ 0.89648, 44.68893 ], [ 0.89734, 44.691 ], [ 0.89649, 44.69113 ], [ 0.89644, 44.69115 ], [ 0.89487, 44.69144 ], [ 0.89472, 44.69148 ], [ 0.89456, 44.6915 ], [ 0.8944, 44.69154 ], [ 0.89429, 44.69129 ], [ 0.89418, 44.69106 ], [ 0.89407, 44.69108 ], [ 0.89359, 44.69113 ], [ 0.89214, 44.69126 ], [ 0.89177, 44.69129 ], [ 0.89164, 44.69131 ], [ 0.89015, 44.69145 ], [ 0.8901, 44.69145 ], [ 0.89014, 44.69184 ], [ 0.89015, 44.69195 ], [ 0.89022, 44.69239 ], [ 0.89023, 44.69247 ], [ 0.89032, 44.69316 ], [ 0.89034, 44.69337 ], [ 0.89039, 44.69363 ], [ 0.89041, 44.69383 ], [ 0.89044, 44.69415 ], [ 0.89045, 44.69452 ], [ 0.89042, 44.69477 ], [ 0.89041, 44.69482 ], [ 0.89039, 44.6949 ], [ 0.89038, 44.69493 ], [ 0.89036, 44.69496 ], [ 0.89039, 44.69499 ], [ 0.89059, 44.69499 ], [ 0.89065, 44.69502 ], [ 0.89068, 44.69508 ], [ 0.89072, 44.69543 ], [ 0.89075, 44.69572 ], [ 0.89078, 44.696 ], [ 0.89083, 44.69649 ], [ 0.89084, 44.69655 ], [ 0.89093, 44.69654 ], [ 0.89161, 44.69647 ], [ 0.89199, 44.69643 ], [ 0.89246, 44.69636 ], [ 0.89256, 44.6974 ], [ 0.89257, 44.69744 ], [ 0.89265, 44.69827 ], [ 0.89266, 44.6984 ], [ 0.89268, 44.69868 ], [ 0.89273, 44.69919 ], [ 0.89275, 44.69936 ], [ 0.89386, 44.69917 ], [ 0.89418, 44.69911 ], [ 0.89437, 44.69907 ], [ 0.89457, 44.69905 ], [ 0.89471, 44.69903 ], [ 0.89542, 44.69889 ], [ 0.89559, 44.69886 ], [ 0.89583, 44.69821 ], [ 0.89584, 44.69818 ], [ 0.89596, 44.69748 ], [ 0.89607, 44.69749 ], [ 0.89604, 44.69731 ], [ 0.89602, 44.69719 ], [ 0.89612, 44.69717 ], [ 0.89651, 44.69719 ], [ 0.89681, 44.69721 ], [ 0.89704, 44.69722 ], [ 0.89733, 44.69723 ], [ 0.89757, 44.69724 ], [ 0.89757, 44.69715 ], [ 0.89756, 44.69705 ], [ 0.89755, 44.69681 ], [ 0.89755, 44.69601 ], [ 0.89754, 44.69576 ], [ 0.89756, 44.69572 ], [ 0.89754, 44.69554 ], [ 0.89749, 44.69553 ], [ 0.89714, 44.69559 ], [ 0.89689, 44.69566 ], [ 0.8964, 44.69575 ], [ 0.89609, 44.69582 ], [ 0.89584, 44.69588 ], [ 0.89583, 44.69584 ], [ 0.89578, 44.69565 ], [ 0.89575, 44.69548 ], [ 0.89567, 44.6951 ], [ 0.89561, 44.69484 ], [ 0.89557, 44.69464 ], [ 0.89543, 44.69396 ], [ 0.89541, 44.69385 ], [ 0.89537, 44.69365 ], [ 0.89527, 44.69337 ], [ 0.89523, 44.69326 ], [ 0.89513, 44.69306 ], [ 0.89511, 44.693 ], [ 0.89509, 44.69297 ], [ 0.89505, 44.69288 ], [ 0.89501, 44.6928 ], [ 0.89493, 44.69261 ], [ 0.89485, 44.69246 ], [ 0.89481, 44.69238 ], [ 0.89678, 44.69206 ], [ 0.89752, 44.69195 ], [ 0.89763, 44.6925 ], [ 0.89768, 44.69285 ], [ 0.89787, 44.69384 ], [ 0.89833, 44.69554 ], [ 0.89835, 44.69564 ], [ 0.89844, 44.69563 ], [ 0.89923, 44.69553 ], [ 0.89933, 44.69549 ], [ 0.89937, 44.6955 ] ] ], [ [ [ 0.87281, 44.70652 ], [ 0.87308, 44.70644 ], [ 0.87329, 44.70638 ], [ 0.87356, 44.70629 ], [ 0.87384, 44.70621 ], [ 0.87375, 44.70593 ], [ 0.87591, 44.70516 ], [ 0.87596, 44.70473 ], [ 0.87595, 44.70459 ], [ 0.87603, 44.70453 ], [ 0.87611, 44.70441 ], [ 0.87613, 44.70431 ], [ 0.8762, 44.70432 ], [ 0.87633, 44.70434 ], [ 0.87655, 44.7043 ], [ 0.87664, 44.70429 ], [ 0.87665, 44.70428 ], [ 0.87668, 44.70428 ], [ 0.87692, 44.70426 ], [ 0.87704, 44.70425 ], [ 0.87757, 44.70407 ], [ 0.87777, 44.70399 ], [ 0.87768, 44.70384 ], [ 0.87761, 44.70375 ], [ 0.87755, 44.70367 ], [ 0.87749, 44.70358 ], [ 0.87753, 44.70348 ], [ 0.87776, 44.7032 ], [ 0.87782, 44.70317 ], [ 0.87784, 44.70316 ], [ 0.87801, 44.70307 ], [ 0.87817, 44.70296 ], [ 0.87823, 44.70295 ], [ 0.87833, 44.70294 ], [ 0.87838, 44.70291 ], [ 0.87874, 44.70341 ], [ 0.87906, 44.70331 ], [ 0.87917, 44.70331 ], [ 0.87947, 44.70321 ], [ 0.87945, 44.7032 ], [ 0.87944, 44.70319 ], [ 0.87965, 44.7031 ], [ 0.87966, 44.7031 ], [ 0.87969, 44.70306 ], [ 0.88007, 44.70268 ], [ 0.88038, 44.70253 ], [ 0.88074, 44.70229 ], [ 0.88106, 44.70211 ], [ 0.88098, 44.70196 ], [ 0.88084, 44.70176 ], [ 0.88081, 44.70169 ], [ 0.88069, 44.70145 ], [ 0.8807, 44.70137 ], [ 0.8807, 44.70131 ], [ 0.88069, 44.70123 ], [ 0.88066, 44.70104 ], [ 0.88064, 44.70071 ], [ 0.88052, 44.70065 ], [ 0.87972, 44.70059 ], [ 0.87873, 44.7005 ], [ 0.87876, 44.70024 ], [ 0.87805, 44.70011 ], [ 0.87709, 44.70118 ], [ 0.87613, 44.70106 ], [ 0.87587, 44.70105 ], [ 0.87535, 44.70102 ], [ 0.87625, 44.69927 ], [ 0.87628, 44.69903 ], [ 0.87559, 44.69899 ], [ 0.87567, 44.69836 ], [ 0.87568, 44.69831 ], [ 0.87589, 44.69753 ], [ 0.87759, 44.6978 ], [ 0.8777, 44.69744 ], [ 0.87776, 44.69745 ], [ 0.87859, 44.69755 ], [ 0.87872, 44.69709 ], [ 0.87882, 44.69651 ], [ 0.87891, 44.69602 ], [ 0.87904, 44.69603 ], [ 0.87965, 44.69607 ], [ 0.87974, 44.69604 ], [ 0.87978, 44.69572 ], [ 0.87985, 44.69534 ], [ 0.87995, 44.69493 ], [ 0.87995, 44.69489 ], [ 0.87998, 44.69473 ], [ 0.88001, 44.6945 ], [ 0.88001, 44.69446 ], [ 0.88003, 44.69434 ], [ 0.87961, 44.69419 ], [ 0.8794, 44.69411 ], [ 0.87896, 44.69394 ], [ 0.87894, 44.69393 ], [ 0.87844, 44.69375 ], [ 0.8777, 44.69347 ], [ 0.87765, 44.69346 ], [ 0.87757, 44.69355 ], [ 0.8775, 44.69364 ], [ 0.87687, 44.69347 ], [ 0.87615, 44.69174 ], [ 0.87605, 44.69156 ], [ 0.87588, 44.69126 ], [ 0.87569, 44.69094 ], [ 0.87553, 44.69066 ], [ 0.87663, 44.69028 ], [ 0.87694, 44.69017 ], [ 0.87761, 44.68995 ], [ 0.87828, 44.68974 ], [ 0.87923, 44.68947 ], [ 0.87915, 44.68922 ], [ 0.87954, 44.68923 ], [ 0.88027, 44.68926 ], [ 0.88082, 44.68918 ], [ 0.88103, 44.68912 ], [ 0.88139, 44.68901 ], [ 0.88197, 44.68884 ], [ 0.88138, 44.6877 ], [ 0.88137, 44.68768 ], [ 0.88268, 44.68714 ], [ 0.88271, 44.68707 ], [ 0.88272, 44.68705 ], [ 0.8834, 44.68685 ], [ 0.88387, 44.6867 ], [ 0.88402, 44.68666 ], [ 0.88443, 44.68647 ], [ 0.88446, 44.68644 ], [ 0.88452, 44.68637 ], [ 0.88486, 44.68621 ], [ 0.88511, 44.68609 ], [ 0.88414, 44.68546 ], [ 0.8841, 44.68544 ], [ 0.88315, 44.68482 ], [ 0.8832, 44.6848 ], [ 0.88308, 44.68465 ], [ 0.88292, 44.68446 ], [ 0.88291, 44.68445 ], [ 0.88288, 44.68439 ], [ 0.88284, 44.68436 ], [ 0.88281, 44.68432 ], [ 0.88276, 44.68428 ], [ 0.88211, 44.68347 ], [ 0.88201, 44.68335 ], [ 0.88222, 44.68325 ], [ 0.88233, 44.68319 ], [ 0.88254, 44.68308 ], [ 0.88255, 44.68306 ], [ 0.88268, 44.68286 ], [ 0.88279, 44.68269 ], [ 0.88283, 44.68259 ], [ 0.88282, 44.68255 ], [ 0.88279, 44.6825 ], [ 0.88274, 44.68252 ], [ 0.88241, 44.68267 ], [ 0.88227, 44.68273 ], [ 0.88215, 44.68277 ], [ 0.88199, 44.68281 ], [ 0.88144, 44.68292 ], [ 0.8812, 44.68297 ], [ 0.88104, 44.683 ], [ 0.8807, 44.68308 ], [ 0.88033, 44.68316 ], [ 0.88013, 44.68322 ], [ 0.87996, 44.68326 ], [ 0.87976, 44.68332 ], [ 0.87964, 44.68336 ], [ 0.87953, 44.68341 ], [ 0.87946, 44.68344 ], [ 0.87941, 44.68346 ], [ 0.87986, 44.68437 ], [ 0.87982, 44.68439 ], [ 0.8799, 44.68457 ], [ 0.87983, 44.68487 ], [ 0.87971, 44.68515 ], [ 0.87965, 44.68533 ], [ 0.87959, 44.68557 ], [ 0.87955, 44.68562 ], [ 0.87979, 44.68694 ], [ 0.8797, 44.68696 ], [ 0.87961, 44.68697 ], [ 0.87906, 44.68703 ], [ 0.87907, 44.68707 ], [ 0.87913, 44.68726 ], [ 0.87902, 44.68729 ], [ 0.87857, 44.6874 ], [ 0.87865, 44.68767 ], [ 0.87873, 44.68796 ], [ 0.87877, 44.688 ], [ 0.87867, 44.6881 ], [ 0.87842, 44.68811 ], [ 0.87827, 44.68808 ], [ 0.87804, 44.68811 ], [ 0.87759, 44.68817 ], [ 0.87742, 44.6882 ], [ 0.87758, 44.68846 ], [ 0.87743, 44.68851 ], [ 0.8772, 44.68857 ], [ 0.8771, 44.68846 ], [ 0.87689, 44.68852 ], [ 0.87682, 44.68833 ], [ 0.87679, 44.68828 ], [ 0.8765, 44.68833 ], [ 0.87642, 44.68812 ], [ 0.87619, 44.68817 ], [ 0.87597, 44.68822 ], [ 0.87569, 44.68831 ], [ 0.8756, 44.68835 ], [ 0.87545, 44.68843 ], [ 0.87521, 44.68842 ], [ 0.87502, 44.68846 ], [ 0.87488, 44.68851 ], [ 0.87433, 44.68872 ], [ 0.87437, 44.6888 ], [ 0.87417, 44.68888 ], [ 0.8739, 44.68899 ], [ 0.8735, 44.68914 ], [ 0.87351, 44.68917 ], [ 0.87316, 44.68929 ], [ 0.87337, 44.68948 ], [ 0.87314, 44.68967 ], [ 0.87313, 44.6898 ], [ 0.87302, 44.68991 ], [ 0.87313, 44.69006 ], [ 0.87327, 44.69024 ], [ 0.87322, 44.69026 ], [ 0.87332, 44.69038 ], [ 0.87338, 44.69049 ], [ 0.87348, 44.69067 ], [ 0.87351, 44.69073 ], [ 0.87354, 44.69077 ], [ 0.87357, 44.69084 ], [ 0.87364, 44.69096 ], [ 0.87373, 44.69109 ], [ 0.87384, 44.69126 ], [ 0.87405, 44.69151 ], [ 0.87409, 44.69157 ], [ 0.87435, 44.69186 ], [ 0.87449, 44.69201 ], [ 0.87468, 44.69223 ], [ 0.87473, 44.69227 ], [ 0.8745, 44.69247 ], [ 0.87433, 44.69277 ], [ 0.87416, 44.69308 ], [ 0.87413, 44.69312 ], [ 0.87388, 44.69356 ], [ 0.87385, 44.69359 ], [ 0.87381, 44.69367 ], [ 0.87373, 44.69377 ], [ 0.87363, 44.69397 ], [ 0.87331, 44.69459 ], [ 0.8733, 44.6946 ], [ 0.87328, 44.69464 ], [ 0.87328, 44.69465 ], [ 0.87326, 44.69473 ], [ 0.87303, 44.6951 ], [ 0.87264, 44.69576 ], [ 0.8727, 44.69579 ], [ 0.87264, 44.69603 ], [ 0.87262, 44.6962 ], [ 0.87262, 44.69629 ], [ 0.87259, 44.69657 ], [ 0.87254, 44.69685 ], [ 0.87253, 44.69697 ], [ 0.87248, 44.69706 ], [ 0.87238, 44.6972 ], [ 0.87234, 44.69734 ], [ 0.87233, 44.6975 ], [ 0.87232, 44.69778 ], [ 0.87229, 44.69805 ], [ 0.87229, 44.6981 ], [ 0.87228, 44.69818 ], [ 0.8723, 44.69838 ], [ 0.8723, 44.6984 ], [ 0.87234, 44.69849 ], [ 0.87231, 44.69864 ], [ 0.87225, 44.69879 ], [ 0.87224, 44.69888 ], [ 0.87228, 44.69917 ], [ 0.8723, 44.69931 ], [ 0.87233, 44.69944 ], [ 0.87227, 44.69959 ], [ 0.87227, 44.69961 ], [ 0.87217, 44.69965 ], [ 0.87204, 44.69968 ], [ 0.87197, 44.69969 ], [ 0.87185, 44.6997 ], [ 0.87166, 44.69976 ], [ 0.87167, 44.7 ], [ 0.87167, 44.7001 ], [ 0.87164, 44.70026 ], [ 0.87163, 44.70053 ], [ 0.87165, 44.70066 ], [ 0.87172, 44.70085 ], [ 0.87175, 44.70102 ], [ 0.87178, 44.70137 ], [ 0.87178, 44.70137 ], [ 0.87177, 44.70137 ], [ 0.87174, 44.70142 ], [ 0.87177, 44.70155 ], [ 0.87176, 44.70159 ], [ 0.87176, 44.70161 ], [ 0.87174, 44.70163 ], [ 0.87173, 44.70178 ], [ 0.87169, 44.70196 ], [ 0.87169, 44.70199 ], [ 0.87168, 44.70199 ], [ 0.87169, 44.70207 ], [ 0.87169, 44.70245 ], [ 0.8717, 44.70255 ], [ 0.87179, 44.70298 ], [ 0.87188, 44.70327 ], [ 0.87188, 44.70328 ], [ 0.872, 44.70366 ], [ 0.87205, 44.7037 ], [ 0.87217, 44.70406 ], [ 0.87226, 44.7044 ], [ 0.87233, 44.70459 ], [ 0.87235, 44.70472 ], [ 0.87239, 44.70485 ], [ 0.87242, 44.70495 ], [ 0.87243, 44.7054 ], [ 0.87246, 44.70552 ], [ 0.87243, 44.70563 ], [ 0.87248, 44.70578 ], [ 0.87251, 44.70589 ], [ 0.87258, 44.70614 ], [ 0.87265, 44.70628 ], [ 0.8727, 44.70637 ], [ 0.87281, 44.70652 ] ] ], [ [ [ 0.91737, 44.70801 ], [ 0.91734, 44.70796 ], [ 0.9172, 44.70778 ], [ 0.91712, 44.70766 ], [ 0.91688, 44.70729 ], [ 0.91674, 44.7071 ], [ 0.91662, 44.70712 ], [ 0.91583, 44.70726 ], [ 0.91555, 44.70733 ], [ 0.91535, 44.70739 ], [ 0.91518, 44.70743 ], [ 0.91514, 44.70744 ], [ 0.91494, 44.70746 ], [ 0.91462, 44.70751 ], [ 0.91445, 44.70751 ], [ 0.91437, 44.70747 ], [ 0.91436, 44.70747 ], [ 0.9141, 44.7074 ], [ 0.91318, 44.70711 ], [ 0.91312, 44.70709 ], [ 0.91307, 44.70707 ], [ 0.91286, 44.70702 ], [ 0.91282, 44.707 ], [ 0.91277, 44.70699 ], [ 0.91178, 44.70731 ], [ 0.91132, 44.70738 ], [ 0.91097, 44.70741 ], [ 0.91032, 44.70757 ], [ 0.91027, 44.70757 ], [ 0.91036, 44.70775 ], [ 0.91053, 44.70815 ], [ 0.91069, 44.70859 ], [ 0.91073, 44.70888 ], [ 0.9108, 44.70927 ], [ 0.91033, 44.70927 ], [ 0.91026, 44.70885 ], [ 0.90987, 44.70886 ], [ 0.90948, 44.70882 ], [ 0.90888, 44.70876 ], [ 0.90876, 44.70931 ], [ 0.90864, 44.7096 ], [ 0.9086, 44.70968 ], [ 0.90879, 44.70976 ], [ 0.90893, 44.70979 ], [ 0.90915, 44.70982 ], [ 0.90951, 44.70983 ], [ 0.90955, 44.71033 ], [ 0.90986, 44.7103 ], [ 0.91018, 44.71025 ], [ 0.91033, 44.71038 ], [ 0.91046, 44.71049 ], [ 0.91069, 44.71064 ], [ 0.91083, 44.7107 ], [ 0.91105, 44.71084 ], [ 0.91129, 44.71085 ], [ 0.91141, 44.71089 ], [ 0.91161, 44.71088 ], [ 0.91182, 44.71102 ], [ 0.91192, 44.71103 ], [ 0.91205, 44.71111 ], [ 0.91219, 44.71113 ], [ 0.91244, 44.71108 ], [ 0.91259, 44.71116 ], [ 0.91286, 44.71109 ], [ 0.91314, 44.71188 ], [ 0.91314, 44.71191 ], [ 0.91297, 44.71237 ], [ 0.91333, 44.71244 ], [ 0.91408, 44.71257 ], [ 0.91471, 44.71262 ], [ 0.9147, 44.7128 ], [ 0.91465, 44.71312 ], [ 0.9147, 44.71309 ], [ 0.91504, 44.71307 ], [ 0.91524, 44.71306 ], [ 0.91566, 44.71306 ], [ 0.91636, 44.71306 ], [ 0.91643, 44.713 ], [ 0.91652, 44.7129 ], [ 0.9168, 44.71271 ], [ 0.91709, 44.71237 ], [ 0.91734, 44.71204 ], [ 0.91722, 44.712 ], [ 0.91731, 44.71186 ], [ 0.91737, 44.71162 ], [ 0.9174, 44.7116 ], [ 0.91746, 44.71104 ], [ 0.91748, 44.71098 ], [ 0.91724, 44.71095 ], [ 0.91721, 44.7104 ], [ 0.91695, 44.71038 ], [ 0.91685, 44.71034 ], [ 0.9169, 44.70961 ], [ 0.91683, 44.70953 ], [ 0.91672, 44.7095 ], [ 0.91671, 44.70934 ], [ 0.91665, 44.70914 ], [ 0.91659, 44.70892 ], [ 0.9166, 44.70886 ], [ 0.91666, 44.70884 ], [ 0.91661, 44.70873 ], [ 0.91679, 44.70868 ], [ 0.9167, 44.7083 ], [ 0.91674, 44.70829 ], [ 0.91728, 44.70808 ], [ 0.91737, 44.70801 ] ] ] ] } },
{ "type": "Feature", "properties": { "LIBELLE": "Site patrimonial remarquable de Marsalès", "ZONE": "Patrimoine boisé et hameaux", "COMMUNE": "MARSALES" }, "geometry": { "type": "MultiPolygon", "coordinates": [ [ [ [ 0.89084, 44.69655 ], [ 0.89083, 44.69649 ], [ 0.89078, 44.696 ], [ 0.89075, 44.69572 ], [ 0.89072, 44.69543 ], [ 0.89068, 44.69508 ], [ 0.89065, 44.69502 ], [ 0.89059, 44.69499 ], [ 0.89039, 44.69499 ], [ 0.89036, 44.69496 ], [ 0.89038, 44.69493 ], [ 0.89039, 44.6949 ], [ 0.89041, 44.69482 ], [ 0.89042, 44.69477 ], [ 0.89045, 44.69452 ], [ 0.89044, 44.69415 ], [ 0.89041, 44.69383 ], [ 0.89039, 44.69363 ], [ 0.89034, 44.69337 ], [ 0.89032, 44.69316 ], [ 0.89023, 44.69247 ], [ 0.89022, 44.69239 ], [ 0.89015, 44.69195 ], [ 0.89014, 44.69184 ], [ 0.88951, 44.69189 ], [ 0.88892, 44.68817 ], [ 0.88805, 44.68749 ], [ 0.88697, 44.688 ], [ 0.8869, 44.68791 ], [ 0.88638, 44.68723 ], [ 0.88624, 44.68716 ], [ 0.88623, 44.68674 ], [ 0.8859, 44.68568 ], [ 0.88528, 44.6853 ], [ 0.88491, 44.68506 ], [ 0.88472, 44.68495 ], [ 0.88463, 44.68489 ], [ 0.88461, 44.68487 ], [ 0.88467, 44.68484 ], [ 0.88606, 44.68441 ], [ 0.88536, 44.68382 ], [ 0.88474, 44.68341 ], [ 0.88316, 44.68228 ], [ 0.88286, 44.68246 ], [ 0.88279, 44.6825 ], [ 0.88282, 44.68255 ], [ 0.88283, 44.68259 ], [ 0.88279, 44.68269 ], [ 0.88268, 44.68286 ], [ 0.88255, 44.68306 ], [ 0.88254, 44.68308 ], [ 0.88233, 44.68319 ], [ 0.88222, 44.68325 ], [ 0.88201, 44.68335 ], [ 0.88211, 44.68347 ], [ 0.88276, 44.68428 ], [ 0.88281, 44.68432 ], [ 0.88284, 44.68436 ], [ 0.88288, 44.68439 ], [ 0.88292, 44.68446 ], [ 0.88308, 44.68465 ], [ 0.8832, 44.6848 ], [ 0.88315, 44.68482 ], [ 0.8841, 44.68544 ], [ 0.88414, 44.68546 ], [ 0.88511, 44.68609 ], [ 0.88567, 44.68721 ], [ 0.88656, 44.68808 ], [ 0.88678, 44.6881 ], [ 0.88682, 44.68807 ], [ 0.88745, 44.68878 ], [ 0.88756, 44.6889 ], [ 0.88762, 44.68896 ], [ 0.88767, 44.68902 ], [ 0.88775, 44.68922 ], [ 0.88779, 44.68956 ], [ 0.88794, 44.69067 ], [ 0.88801, 44.69126 ], [ 0.88804, 44.69158 ], [ 0.88792, 44.69162 ], [ 0.88798, 44.692 ], [ 0.88724, 44.69204 ], [ 0.88726, 44.69215 ], [ 0.88737, 44.69267 ], [ 0.88643, 44.69286 ], [ 0.88608, 44.69295 ], [ 0.88538, 44.6931 ], [ 0.88582, 44.69393 ], [ 0.88558, 44.69399 ], [ 0.88518, 44.69409 ], [ 0.88503, 44.69403 ], [ 0.88484, 44.69383 ], [ 0.88473, 44.69381 ], [ 0.88434, 44.69372 ], [ 0.88387, 44.69361 ], [ 0.88316, 44.69347 ], [ 0.88288, 44.69388 ], [ 0.88251, 44.69427 ], [ 0.88229, 44.69456 ], [ 0.88182, 44.69427 ], [ 0.88126, 44.69482 ], [ 0.88108, 44.69499 ], [ 0.88095, 44.69512 ], [ 0.88085, 44.69513 ], [ 0.87995, 44.69493 ], [ 0.87985, 44.69534 ], [ 0.87978, 44.69572 ], [ 0.87974, 44.69604 ], [ 0.87953, 44.69674 ], [ 0.87947, 44.69694 ], [ 0.87945, 44.69705 ], [ 0.87949, 44.69757 ], [ 0.87949, 44.69761 ], [ 0.87949, 44.69779 ], [ 0.87949, 44.69787 ], [ 0.87964, 44.69785 ], [ 0.87968, 44.69792 ], [ 0.87981, 44.69794 ], [ 0.87988, 44.69798 ], [ 0.87986, 44.69832 ], [ 0.87985, 44.69883 ], [ 0.87959, 44.69879 ], [ 0.87932, 44.69873 ], [ 0.87932, 44.69869 ], [ 0.87923, 44.69867 ], [ 0.87913, 44.69866 ], [ 0.87908, 44.69865 ], [ 0.87904, 44.69876 ], [ 0.87901, 44.6988 ], [ 0.87882, 44.69918 ], [ 0.87859, 44.6996 ], [ 0.87855, 44.69968 ], [ 0.8789, 44.69976 ], [ 0.8789, 44.69978 ], [ 0.87883, 44.70003 ], [ 0.87876, 44.70024 ], [ 0.87873, 44.7005 ], [ 0.87972, 44.70059 ], [ 0.88052, 44.70065 ], [ 0.88064, 44.70071 ], [ 0.88066, 44.70104 ], [ 0.88069, 44.70123 ], [ 0.8807, 44.70131 ], [ 0.8807, 44.70137 ], [ 0.88069, 44.70145 ], [ 0.88081, 44.70169 ], [ 0.88084, 44.70176 ], [ 0.88098, 44.70196 ], [ 0.88106, 44.70211 ], [ 0.88074, 44.70229 ], [ 0.88038, 44.70253 ], [ 0.88007, 44.70268 ], [ 0.87969, 44.70306 ], [ 0.87966, 44.7031 ], [ 0.87965, 44.7031 ], [ 0.87944, 44.70319 ], [ 0.87945, 44.7032 ], [ 0.87947, 44.70321 ], [ 0.87917, 44.70331 ], [ 0.87906, 44.70331 ], [ 0.87874, 44.70341 ], [ 0.87838, 44.70291 ], [ 0.87833, 44.70294 ], [ 0.87823, 44.70295 ], [ 0.87817, 44.70296 ], [ 0.87801, 44.70307 ], [ 0.87784, 44.70316 ], [ 0.87782, 44.70317 ], [ 0.87776, 44.7032 ], [ 0.87753, 44.70348 ], [ 0.87749, 44.70358 ], [ 0.87755, 44.70367 ], [ 0.87761, 44.70375 ], [ 0.87768, 44.70384 ], [ 0.87777, 44.70399 ], [ 0.87757, 44.70407 ], [ 0.87704, 44.70425 ], [ 0.87692, 44.70426 ], [ 0.87668, 44.70428 ], [ 0.87665, 44.70428 ], [ 0.87664, 44.70429 ], [ 0.87655, 44.7043 ], [ 0.87633, 44.70434 ], [ 0.8762, 44.70432 ], [ 0.87613, 44.70431 ], [ 0.87611, 44.70441 ], [ 0.87603, 44.70453 ], [ 0.87595, 44.70459 ], [ 0.87596, 44.70473 ], [ 0.87591, 44.70516 ], [ 0.87375, 44.70593 ], [ 0.87384, 44.70621 ], [ 0.87356, 44.70629 ], [ 0.87329, 44.70638 ], [ 0.87308, 44.70644 ], [ 0.87281, 44.70652 ], [ 0.8727, 44.70637 ], [ 0.87265, 44.70628 ], [ 0.87258, 44.70614 ], [ 0.87251, 44.70589 ], [ 0.87248, 44.70578 ], [ 0.87243, 44.70563 ], [ 0.87246, 44.70552 ], [ 0.87243, 44.7054 ], [ 0.87242, 44.70495 ], [ 0.87239, 44.70485 ], [ 0.87235, 44.70472 ], [ 0.87233, 44.70459 ], [ 0.87226, 44.7044 ], [ 0.87217, 44.70406 ], [ 0.87205, 44.7037 ], [ 0.872, 44.70366 ], [ 0.87196, 44.70366 ], [ 0.87195, 44.70367 ], [ 0.87179, 44.7037 ], [ 0.87176, 44.7037 ], [ 0.87093, 44.70395 ], [ 0.87087, 44.70397 ], [ 0.86901, 44.70424 ], [ 0.86869, 44.70427 ], [ 0.86849, 44.70425 ], [ 0.86843, 44.70425 ], [ 0.86771, 44.70426 ], [ 0.86768, 44.70426 ], [ 0.86764, 44.70447 ], [ 0.8676, 44.70457 ], [ 0.86758, 44.70468 ], [ 0.86756, 44.70477 ], [ 0.86751, 44.70494 ], [ 0.8675, 44.70499 ], [ 0.8675, 44.705 ], [ 0.86746, 44.70508 ], [ 0.8674, 44.70529 ], [ 0.86738, 44.70534 ], [ 0.86731, 44.70541 ], [ 0.86726, 44.70548 ], [ 0.86721, 44.70554 ], [ 0.86701, 44.70593 ], [ 0.86701, 44.70595 ], [ 0.867, 44.70596 ], [ 0.86695, 44.70609 ], [ 0.8669, 44.70618 ], [ 0.8667, 44.70635 ], [ 0.86663, 44.70642 ], [ 0.86655, 44.70645 ], [ 0.86641, 44.70655 ], [ 0.86602, 44.70679 ], [ 0.86581, 44.70686 ], [ 0.86581, 44.70683 ], [ 0.8658, 44.70679 ], [ 0.86575, 44.7068 ], [ 0.86573, 44.70681 ], [ 0.86571, 44.70682 ], [ 0.86552, 44.70685 ], [ 0.86525, 44.70695 ], [ 0.86506, 44.70706 ], [ 0.86473, 44.70728 ], [ 0.86461, 44.7074 ], [ 0.8646, 44.70741 ], [ 0.86465, 44.70741 ], [ 0.86469, 44.70742 ], [ 0.86471, 44.70744 ], [ 0.86471, 44.70745 ], [ 0.86472, 44.70748 ], [ 0.86474, 44.70751 ], [ 0.86475, 44.70754 ], [ 0.86473, 44.70763 ], [ 0.8648, 44.70777 ], [ 0.86485, 44.70786 ], [ 0.86502, 44.70818 ], [ 0.86503, 44.70819 ], [ 0.86505, 44.7082 ], [ 0.86513, 44.70831 ], [ 0.86517, 44.70838 ], [ 0.86524, 44.70849 ], [ 0.86526, 44.70853 ], [ 0.86533, 44.7087 ], [ 0.8654, 44.7088 ], [ 0.86549, 44.709 ], [ 0.8655, 44.70902 ], [ 0.86533, 44.70907 ], [ 0.86529, 44.70908 ], [ 0.8653, 44.70911 ], [ 0.86536, 44.70916 ], [ 0.8654, 44.70923 ], [ 0.86554, 44.70943 ], [ 0.86559, 44.70953 ], [ 0.86559, 44.70954 ], [ 0.86561, 44.70962 ], [ 0.86561, 44.70965 ], [ 0.86562, 44.70969 ], [ 0.86568, 44.70993 ], [ 0.86573, 44.70998 ], [ 0.86585, 44.71026 ], [ 0.86588, 44.71035 ], [ 0.86588, 44.71036 ], [ 0.86592, 44.71044 ], [ 0.86596, 44.71048 ], [ 0.866, 44.71061 ], [ 0.8662, 44.71092 ], [ 0.8662, 44.71101 ], [ 0.86622, 44.71111 ], [ 0.8662, 44.71127 ], [ 0.86619, 44.71137 ], [ 0.86621, 44.71144 ], [ 0.86626, 44.71153 ], [ 0.86628, 44.71157 ], [ 0.86632, 44.71166 ], [ 0.86638, 44.71175 ], [ 0.86645, 44.7118 ], [ 0.86651, 44.71187 ], [ 0.86652, 44.71196 ], [ 0.86656, 44.71203 ], [ 0.86686, 44.71179 ], [ 0.86704, 44.71166 ], [ 0.86736, 44.71146 ], [ 0.8678, 44.71121 ], [ 0.86787, 44.7112 ], [ 0.86799, 44.71123 ], [ 0.86813, 44.71126 ], [ 0.86822, 44.71127 ], [ 0.86828, 44.71129 ], [ 0.86843, 44.71144 ], [ 0.86845, 44.71148 ], [ 0.86848, 44.7115 ], [ 0.86886, 44.71146 ], [ 0.86901, 44.71141 ], [ 0.86916, 44.71139 ], [ 0.86926, 44.71136 ], [ 0.86939, 44.71133 ], [ 0.8695, 44.71133 ], [ 0.86959, 44.7113 ], [ 0.86969, 44.71128 ], [ 0.86987, 44.71122 ], [ 0.87013, 44.71112 ], [ 0.87029, 44.71106 ], [ 0.87031, 44.71102 ], [ 0.8704, 44.71095 ], [ 0.87044, 44.71086 ], [ 0.87054, 44.71065 ], [ 0.87058, 44.71055 ], [ 0.8706, 44.71054 ], [ 0.87061, 44.71054 ], [ 0.87064, 44.71049 ], [ 0.87065, 44.71047 ], [ 0.87079, 44.71033 ], [ 0.87081, 44.71031 ], [ 0.87084, 44.7103 ], [ 0.87134, 44.71015 ], [ 0.87144, 44.71016 ], [ 0.87148, 44.71017 ], [ 0.8716, 44.71022 ], [ 0.87167, 44.71023 ], [ 0.8718, 44.71025 ], [ 0.87182, 44.71023 ], [ 0.87187, 44.71024 ], [ 0.87234, 44.71031 ], [ 0.87243, 44.71032 ], [ 0.87257, 44.71034 ], [ 0.87256, 44.71016 ], [ 0.873, 44.71022 ], [ 0.87305, 44.71023 ], [ 0.87325, 44.71027 ], [ 0.87347, 44.71028 ], [ 0.87349, 44.71029 ], [ 0.87358, 44.7103 ], [ 0.87379, 44.71033 ], [ 0.87392, 44.71033 ], [ 0.874, 44.71034 ], [ 0.87408, 44.71033 ], [ 0.87412, 44.71033 ], [ 0.87429, 44.7103 ], [ 0.8743, 44.7103 ], [ 0.87443, 44.71026 ], [ 0.87444, 44.71026 ], [ 0.87449, 44.71025 ], [ 0.87467, 44.71025 ], [ 0.87498, 44.71022 ], [ 0.875, 44.71022 ], [ 0.87506, 44.71021 ], [ 0.87517, 44.71022 ], [ 0.87521, 44.71023 ], [ 0.87527, 44.71024 ], [ 0.87565, 44.71031 ], [ 0.87569, 44.71031 ], [ 0.876, 44.71035 ], [ 0.87604, 44.71034 ], [ 0.87614, 44.71029 ], [ 0.87615, 44.71029 ], [ 0.87622, 44.71026 ], [ 0.87628, 44.71022 ], [ 0.87637, 44.71017 ], [ 0.87651, 44.71009 ], [ 0.87658, 44.71005 ], [ 0.87674, 44.70999 ], [ 0.87676, 44.70999 ], [ 0.87714, 44.7099 ], [ 0.87717, 44.70989 ], [ 0.87735, 44.70987 ], [ 0.87736, 44.70986 ], [ 0.87743, 44.70986 ], [ 0.87744, 44.70986 ], [ 0.87764, 44.70987 ], [ 0.87777, 44.70988 ], [ 0.87789, 44.70989 ], [ 0.87791, 44.7099 ], [ 0.87799, 44.70992 ], [ 0.87803, 44.70993 ], [ 0.87808, 44.70994 ], [ 0.87811, 44.70994 ], [ 0.87821, 44.70995 ], [ 0.87822, 44.70995 ], [ 0.87835, 44.70995 ], [ 0.87845, 44.70996 ], [ 0.87857, 44.70995 ], [ 0.87857, 44.70994 ], [ 0.87879, 44.70986 ], [ 0.87884, 44.70983 ], [ 0.87902, 44.70974 ], [ 0.87902, 44.70973 ], [ 0.87908, 44.7097 ], [ 0.87919, 44.70967 ], [ 0.87945, 44.70964 ], [ 0.8795, 44.70964 ], [ 0.87959, 44.70962 ], [ 0.8796, 44.70962 ], [ 0.8797, 44.70961 ], [ 0.87979, 44.70961 ], [ 0.87981, 44.70961 ], [ 0.87982, 44.70962 ], [ 0.87991, 44.70957 ], [ 0.88001, 44.70954 ], [ 0.8801, 44.70952 ], [ 0.88021, 44.70952 ], [ 0.88038, 44.7095 ], [ 0.88096, 44.70948 ], [ 0.88108, 44.70948 ], [ 0.88127, 44.70948 ], [ 0.88147, 44.70952 ], [ 0.88182, 44.70959 ], [ 0.88215, 44.70967 ], [ 0.8824, 44.70973 ], [ 0.8825, 44.70973 ], [ 0.8828, 44.70975 ], [ 0.88301, 44.70977 ], [ 0.88311, 44.70977 ], [ 0.88365, 44.70981 ], [ 0.88393, 44.70981 ], [ 0.88401, 44.70982 ], [ 0.88406, 44.70982 ], [ 0.88413, 44.70984 ], [ 0.88434, 44.70992 ], [ 0.88456, 44.71007 ], [ 0.88464, 44.71015 ], [ 0.88467, 44.71018 ], [ 0.88468, 44.7102 ], [ 0.88505, 44.71052 ], [ 0.88507, 44.71053 ], [ 0.88507, 44.71054 ], [ 0.88534, 44.71084 ], [ 0.88534, 44.71085 ], [ 0.88581, 44.71115 ], [ 0.88582, 44.71115 ], [ 0.88592, 44.7112 ], [ 0.88633, 44.71136 ], [ 0.88636, 44.71137 ], [ 0.8868, 44.71146 ], [ 0.88681, 44.71146 ], [ 0.88705, 44.71145 ], [ 0.88705, 44.7114 ], [ 0.88726, 44.71141 ], [ 0.88748, 44.71141 ], [ 0.88773, 44.71142 ], [ 0.88781, 44.71142 ], [ 0.88826, 44.71142 ], [ 0.88827, 44.71137 ], [ 0.88863, 44.71143 ], [ 0.88902, 44.7114 ], [ 0.88906, 44.7114 ], [ 0.88909, 44.71137 ], [ 0.88915, 44.71133 ], [ 0.8892, 44.71129 ], [ 0.88924, 44.71128 ], [ 0.8895, 44.71127 ], [ 0.88954, 44.71127 ], [ 0.88984, 44.71129 ], [ 0.88999, 44.71131 ], [ 0.89008, 44.71132 ], [ 0.89021, 44.71134 ], [ 0.89077, 44.71145 ], [ 0.89086, 44.71147 ], [ 0.89121, 44.71154 ], [ 0.89128, 44.71155 ], [ 0.8913, 44.71155 ], [ 0.8914, 44.71161 ], [ 0.89157, 44.71169 ], [ 0.89158, 44.71169 ], [ 0.89175, 44.71179 ], [ 0.89194, 44.71191 ], [ 0.89225, 44.71195 ], [ 0.89233, 44.71196 ], [ 0.89264, 44.71199 ], [ 0.89288, 44.71199 ], [ 0.89375, 44.71199 ], [ 0.89392, 44.71199 ], [ 0.89392, 44.71216 ], [ 0.89386, 44.71242 ], [ 0.894, 44.71241 ], [ 0.89404, 44.71241 ], [ 0.89432, 44.71241 ], [ 0.89507, 44.71243 ], [ 0.89508, 44.71243 ], [ 0.89522, 44.71245 ], [ 0.8953, 44.71246 ], [ 0.89532, 44.71247 ], [ 0.89541, 44.7125 ], [ 0.89546, 44.71251 ], [ 0.89565, 44.71251 ], [ 0.89568, 44.71251 ], [ 0.89628, 44.71254 ], [ 0.89646, 44.71255 ], [ 0.89671, 44.71256 ], [ 0.89673, 44.71256 ], [ 0.89723, 44.71255 ], [ 0.89743, 44.71254 ], [ 0.89751, 44.7129 ], [ 0.89819, 44.7129 ], [ 0.89948, 44.71288 ], [ 0.89959, 44.71288 ], [ 0.89961, 44.71288 ], [ 0.90013, 44.71289 ], [ 0.90026, 44.7129 ], [ 0.90027, 44.7129 ], [ 0.9003, 44.7129 ], [ 0.9007, 44.71289 ], [ 0.90083, 44.71288 ], [ 0.90096, 44.71289 ], [ 0.90122, 44.71316 ], [ 0.90127, 44.71315 ], [ 0.9014, 44.71311 ], [ 0.9021, 44.71289 ], [ 0.90221, 44.7129 ], [ 0.90224, 44.7129 ], [ 0.9029, 44.713 ], [ 0.90293, 44.713 ], [ 0.90302, 44.713 ], [ 0.90341, 44.713 ], [ 0.90349, 44.71297 ], [ 0.9039, 44.71297 ], [ 0.90415, 44.71296 ], [ 0.90437, 44.71292 ], [ 0.90489, 44.71274 ], [ 0.90501, 44.7127 ], [ 0.90551, 44.71262 ], [ 0.90574, 44.7126 ], [ 0.90593, 44.71257 ], [ 0.90597, 44.71256 ], [ 0.90609, 44.71256 ], [ 0.90637, 44.7125 ], [ 0.90642, 44.71253 ], [ 0.90644, 44.71253 ], [ 0.90736, 44.71239 ], [ 0.90736, 44.71239 ], [ 0.9074, 44.71235 ], [ 0.90787, 44.71228 ], [ 0.90822, 44.71223 ], [ 0.90856, 44.71217 ], [ 0.90861, 44.7122 ], [ 0.9088, 44.71232 ], [ 0.90916, 44.71255 ], [ 0.90987, 44.71303 ], [ 0.90999, 44.7131 ], [ 0.91015, 44.7132 ], [ 0.91067, 44.71352 ], [ 0.91069, 44.71353 ], [ 0.91075, 44.71357 ], [ 0.91096, 44.71371 ], [ 0.91172, 44.7142 ], [ 0.91175, 44.71422 ], [ 0.91185, 44.71429 ], [ 0.91189, 44.71431 ], [ 0.91211, 44.71446 ], [ 0.91215, 44.71446 ], [ 0.91252, 44.71454 ], [ 0.91328, 44.7147 ], [ 0.91329, 44.7147 ], [ 0.91337, 44.71473 ], [ 0.91374, 44.71486 ], [ 0.91474, 44.71522 ], [ 0.91496, 44.7153 ], [ 0.91493, 44.7154 ], [ 0.91497, 44.71544 ], [ 0.91505, 44.71561 ], [ 0.91513, 44.71575 ], [ 0.91518, 44.71583 ], [ 0.91529, 44.71609 ], [ 0.91546, 44.71645 ], [ 0.91549, 44.71653 ], [ 0.9156, 44.71694 ], [ 0.9156, 44.71696 ], [ 0.91564, 44.71717 ], [ 0.91568, 44.71744 ], [ 0.91576, 44.7178 ], [ 0.91576, 44.71782 ], [ 0.91577, 44.71788 ], [ 0.91588, 44.71837 ], [ 0.91646, 44.71821 ], [ 0.91665, 44.71806 ], [ 0.91678, 44.71792 ], [ 0.91701, 44.71772 ], [ 0.91727, 44.7173 ], [ 0.91732, 44.7172 ], [ 0.91736, 44.71715 ], [ 0.91738, 44.71712 ], [ 0.91741, 44.7171 ], [ 0.91742, 44.71708 ], [ 0.91765, 44.7169 ], [ 0.91771, 44.71685 ], [ 0.91773, 44.71684 ], [ 0.91781, 44.71676 ], [ 0.91821, 44.71635 ], [ 0.91824, 44.71631 ], [ 0.91837, 44.71618 ], [ 0.91861, 44.71591 ], [ 0.91891, 44.71557 ], [ 0.91894, 44.71558 ], [ 0.91895, 44.71557 ], [ 0.91914, 44.71511 ], [ 0.91931, 44.71474 ], [ 0.91953, 44.71424 ], [ 0.91949, 44.71423 ], [ 0.91966, 44.7137 ], [ 0.92018, 44.71238 ], [ 0.92024, 44.71223 ], [ 0.92031, 44.71202 ], [ 0.92042, 44.71194 ], [ 0.92069, 44.71175 ], [ 0.92179, 44.71105 ], [ 0.92179, 44.71104 ], [ 0.92188, 44.71096 ], [ 0.92192, 44.71093 ], [ 0.92176, 44.71087 ], [ 0.92149, 44.71077 ], [ 0.92098, 44.71059 ], [ 0.92025, 44.71036 ], [ 0.92014, 44.71029 ], [ 0.91984, 44.71013 ], [ 0.91946, 44.70988 ], [ 0.91917, 44.70968 ], [ 0.91883, 44.70934 ], [ 0.91858, 44.70908 ], [ 0.91853, 44.70903 ], [ 0.91841, 44.7089 ], [ 0.9183, 44.70881 ], [ 0.91778, 44.70835 ], [ 0.91746, 44.70807 ], [ 0.91737, 44.70801 ], [ 0.91728, 44.70808 ], [ 0.91674, 44.70829 ], [ 0.9167, 44.7083 ], [ 0.91679, 44.70868 ], [ 0.91661, 44.70873 ], [ 0.91666, 44.70884 ], [ 0.9166, 44.70886 ], [ 0.91659, 44.70892 ], [ 0.91665, 44.70914 ], [ 0.91671, 44.70934 ], [ 0.91672, 44.7095 ], [ 0.91683, 44.70953 ], [ 0.9169, 44.70961 ], [ 0.91685, 44.71034 ], [ 0.91695, 44.71038 ], [ 0.91721, 44.7104 ], [ 0.91724, 44.71095 ], [ 0.91748, 44.71098 ], [ 0.91746, 44.71104 ], [ 0.9174, 44.7116 ], [ 0.91737, 44.71162 ], [ 0.91731, 44.71186 ], [ 0.91722, 44.712 ], [ 0.91734, 44.71204 ], [ 0.91709, 44.71237 ], [ 0.9168, 44.71271 ], [ 0.91652, 44.7129 ], [ 0.91643, 44.713 ], [ 0.91636, 44.71306 ], [ 0.91566, 44.71306 ], [ 0.91524, 44.71306 ], [ 0.91504, 44.71307 ], [ 0.9147, 44.71309 ], [ 0.91465, 44.71312 ], [ 0.9147, 44.7128 ], [ 0.91471, 44.71262 ], [ 0.91408, 44.71257 ], [ 0.91333, 44.71244 ], [ 0.91297, 44.71237 ], [ 0.91314, 44.71191 ], [ 0.91314, 44.71188 ], [ 0.91286, 44.71109 ], [ 0.91259, 44.71116 ], [ 0.91244, 44.71108 ], [ 0.91219, 44.71113 ], [ 0.91205, 44.71111 ], [ 0.91192, 44.71103 ], [ 0.91182, 44.71102 ], [ 0.91161, 44.71088 ], [ 0.91141, 44.71089 ], [ 0.91129, 44.71085 ], [ 0.91105, 44.71084 ], [ 0.91083, 44.7107 ], [ 0.91069, 44.71064 ], [ 0.91046, 44.71049 ], [ 0.91033, 44.71038 ], [ 0.91018, 44.71025 ], [ 0.90986, 44.7103 ], [ 0.90955, 44.71033 ], [ 0.90951, 44.70983 ], [ 0.90915, 44.70982 ], [ 0.90893, 44.70979 ], [ 0.90879, 44.70976 ], [ 0.9086, 44.70968 ], [ 0.90864, 44.7096 ], [ 0.90876, 44.70931 ], [ 0.90888, 44.70876 ], [ 0.90948, 44.70882 ], [ 0.90987, 44.70886 ], [ 0.91026, 44.70885 ], [ 0.91033, 44.70927 ], [ 0.9108, 44.70927 ], [ 0.91073, 44.70888 ], [ 0.91069, 44.70859 ], [ 0.91053, 44.70815 ], [ 0.91036, 44.70775 ], [ 0.91027, 44.70757 ], [ 0.91032, 44.70757 ], [ 0.91097, 44.70741 ], [ 0.91132, 44.70738 ], [ 0.91178, 44.70731 ], [ 0.91277, 44.70699 ], [ 0.91282, 44.707 ], [ 0.91286, 44.70702 ], [ 0.91307, 44.70707 ], [ 0.9131, 44.70708 ], [ 0.91312, 44.70709 ], [ 0.91318, 44.70711 ], [ 0.91378, 44.7073 ], [ 0.9141, 44.7074 ], [ 0.91436, 44.70747 ], [ 0.91437, 44.70747 ], [ 0.91445, 44.70751 ], [ 0.91462, 44.70751 ], [ 0.91494, 44.70746 ], [ 0.91514, 44.70744 ], [ 0.91518, 44.70743 ], [ 0.91535, 44.70739 ], [ 0.91555, 44.70733 ], [ 0.91583, 44.70726 ], [ 0.91662, 44.70712 ], [ 0.91674, 44.7071 ], [ 0.91658, 44.70688 ], [ 0.91631, 44.70656 ], [ 0.91615, 44.70636 ], [ 0.91588, 44.70614 ], [ 0.91538, 44.70589 ], [ 0.91521, 44.70572 ], [ 0.91508, 44.70555 ], [ 0.91497, 44.7054 ], [ 0.91487, 44.70526 ], [ 0.91479, 44.70485 ], [ 0.91476, 44.70472 ], [ 0.91462, 44.70418 ], [ 0.91455, 44.70386 ], [ 0.91462, 44.70377 ], [ 0.91474, 44.70354 ], [ 0.91477, 44.70344 ], [ 0.9148, 44.70302 ], [ 0.91479, 44.70298 ], [ 0.91474, 44.70286 ], [ 0.91468, 44.70287 ], [ 0.91393, 44.70293 ], [ 0.91358, 44.70296 ], [ 0.91343, 44.703 ], [ 0.91336, 44.70303 ], [ 0.91331, 44.70303 ], [ 0.91293, 44.70304 ], [ 0.91269, 44.70304 ], [ 0.91234, 44.70301 ], [ 0.91222, 44.70301 ], [ 0.91217, 44.70301 ], [ 0.91216, 44.70311 ], [ 0.91132, 44.70318 ], [ 0.91123, 44.70316 ], [ 0.91121, 44.70301 ], [ 0.9112, 44.70287 ], [ 0.91132, 44.70261 ], [ 0.91123, 44.70241 ], [ 0.911, 44.70241 ], [ 0.91099, 44.70227 ], [ 0.91099, 44.70214 ], [ 0.91003, 44.70156 ], [ 0.90998, 44.70134 ], [ 0.90989, 44.70134 ], [ 0.90982, 44.70133 ], [ 0.90981, 44.70123 ], [ 0.90957, 44.70126 ], [ 0.9083, 44.70142 ], [ 0.90813, 44.70102 ], [ 0.90816, 44.70101 ], [ 0.90814, 44.70098 ], [ 0.90705, 44.70133 ], [ 0.90653, 44.7015 ], [ 0.90608, 44.70097 ], [ 0.90547, 44.70051 ], [ 0.90535, 44.70032 ], [ 0.90525, 44.70035 ], [ 0.9049, 44.70046 ], [ 0.90465, 44.70052 ], [ 0.90446, 44.7005 ], [ 0.90436, 44.70036 ], [ 0.90428, 44.70033 ], [ 0.90426, 44.70034 ], [ 0.90354, 44.69986 ], [ 0.90333, 44.69971 ], [ 0.90309, 44.69953 ], [ 0.90295, 44.69943 ], [ 0.90384, 44.69904 ], [ 0.90429, 44.69884 ], [ 0.90435, 44.69882 ], [ 0.90431, 44.69882 ], [ 0.90419, 44.69881 ], [ 0.9027, 44.69848 ], [ 0.90247, 44.69845 ], [ 0.90238, 44.69846 ], [ 0.90229, 44.69848 ], [ 0.90197, 44.69856 ], [ 0.90182, 44.69861 ], [ 0.90167, 44.69866 ], [ 0.90144, 44.69877 ], [ 0.90129, 44.69886 ], [ 0.90118, 44.69893 ], [ 0.90137, 44.69917 ], [ 0.90155, 44.69927 ], [ 0.90168, 44.69929 ], [ 0.90185, 44.69939 ], [ 0.90191, 44.69942 ], [ 0.90209, 44.6996 ], [ 0.90187, 44.69967 ], [ 0.90154, 44.69972 ], [ 0.90131, 44.69982 ], [ 0.90115, 44.6998 ], [ 0.90108, 44.69984 ], [ 0.90105, 44.69988 ], [ 0.90111, 44.69999 ], [ 0.90104, 44.7001 ], [ 0.90126, 44.70026 ], [ 0.90131, 44.70036 ], [ 0.90109, 44.70055 ], [ 0.90097, 44.70067 ], [ 0.90088, 44.70062 ], [ 0.90081, 44.70071 ], [ 0.90048, 44.70096 ], [ 0.90024, 44.70111 ], [ 0.90005, 44.70114 ], [ 0.89988, 44.70111 ], [ 0.89975, 44.70114 ], [ 0.89954, 44.70103 ], [ 0.90048, 44.70034 ], [ 0.9005, 44.70031 ], [ 0.8999, 44.69982 ], [ 0.89981, 44.69988 ], [ 0.89977, 44.69985 ], [ 0.89955, 44.69963 ], [ 0.89951, 44.69959 ], [ 0.89949, 44.69957 ], [ 0.89944, 44.69954 ], [ 0.89937, 44.69951 ], [ 0.89928, 44.69952 ], [ 0.899, 44.69951 ], [ 0.89896, 44.69949 ], [ 0.89835, 44.69911 ], [ 0.89819, 44.69895 ], [ 0.89827, 44.69889 ], [ 0.89854, 44.69874 ], [ 0.89857, 44.69871 ], [ 0.8986, 44.69869 ], [ 0.89866, 44.69865 ], [ 0.89919, 44.69834 ], [ 0.89908, 44.69825 ], [ 0.89916, 44.69821 ], [ 0.89921, 44.69817 ], [ 0.89924, 44.69814 ], [ 0.89898, 44.69792 ], [ 0.89898, 44.69782 ], [ 0.8988, 44.6976 ], [ 0.8985, 44.69728 ], [ 0.89905, 44.69698 ], [ 0.89913, 44.69694 ], [ 0.89924, 44.69692 ], [ 0.89933, 44.69682 ], [ 0.89938, 44.69678 ], [ 0.89951, 44.69675 ], [ 0.89963, 44.6967 ], [ 0.89938, 44.69559 ], [ 0.89937, 44.6955 ], [ 0.89933, 44.69549 ], [ 0.89923, 44.69553 ], [ 0.89844, 44.69563 ], [ 0.89776, 44.69571 ], [ 0.89762, 44.69572 ], [ 0.89756, 44.69572 ], [ 0.89754, 44.69576 ], [ 0.89755, 44.69601 ], [ 0.89755, 44.69681 ], [ 0.89756, 44.69705 ], [ 0.89757, 44.69715 ], [ 0.89757, 44.69724 ], [ 0.89733, 44.69723 ], [ 0.89704, 44.69722 ], [ 0.89681, 44.69721 ], [ 0.89651, 44.69719 ], [ 0.89612, 44.69717 ], [ 0.89602, 44.69719 ], [ 0.89604, 44.69731 ], [ 0.89607, 44.69749 ], [ 0.89596, 44.69748 ], [ 0.89584, 44.69818 ], [ 0.89583, 44.69821 ], [ 0.89559, 44.69886 ], [ 0.89542, 44.69889 ], [ 0.89471, 44.69903 ], [ 0.89457, 44.69905 ], [ 0.89437, 44.69907 ], [ 0.89418, 44.69911 ], [ 0.89386, 44.69917 ], [ 0.89275, 44.69936 ], [ 0.89273, 44.69919 ], [ 0.89268, 44.69868 ], [ 0.89266, 44.6984 ], [ 0.89265, 44.69827 ], [ 0.89257, 44.69744 ], [ 0.89256, 44.6974 ], [ 0.89246, 44.69636 ], [ 0.89199, 44.69643 ], [ 0.89161, 44.69647 ], [ 0.89093, 44.69654 ], [ 0.89084, 44.69655 ] ] ], [ [ [ 0.87309, 44.69012 ], [ 0.87322, 44.69026 ], [ 0.87327, 44.69024 ], [ 0.87313, 44.69006 ], [ 0.87302, 44.68991 ], [ 0.87313, 44.6898 ], [ 0.87314, 44.68967 ], [ 0.87337, 44.68948 ], [ 0.87316, 44.68929 ], [ 0.87351, 44.68917 ], [ 0.8735, 44.68914 ], [ 0.8739, 44.68899 ], [ 0.87417, 44.68888 ], [ 0.87437, 44.6888 ], [ 0.87433, 44.68872 ], [ 0.87488, 44.68851 ], [ 0.87502, 44.68846 ], [ 0.87521, 44.68842 ], [ 0.87545, 44.68843 ], [ 0.8756, 44.68835 ], [ 0.87569, 44.68831 ], [ 0.87597, 44.68822 ], [ 0.87619, 44.68817 ], [ 0.87642, 44.68812 ], [ 0.8765, 44.68833 ], [ 0.87679, 44.68828 ], [ 0.87682, 44.68833 ], [ 0.87689, 44.68852 ], [ 0.8771, 44.68846 ], [ 0.8772, 44.68857 ], [ 0.87743, 44.68851 ], [ 0.87758, 44.68846 ], [ 0.87742, 44.6882 ], [ 0.87759, 44.68817 ], [ 0.87804, 44.68811 ], [ 0.87827, 44.68808 ], [ 0.87842, 44.68811 ], [ 0.87867, 44.6881 ], [ 0.87877, 44.688 ], [ 0.87873, 44.68796 ], [ 0.87865, 44.68767 ], [ 0.87857, 44.6874 ], [ 0.87902, 44.68729 ], [ 0.87913, 44.68726 ], [ 0.87907, 44.68707 ], [ 0.87906, 44.68703 ], [ 0.87961, 44.68697 ], [ 0.8797, 44.68696 ], [ 0.87979, 44.68694 ], [ 0.87955, 44.68562 ], [ 0.87959, 44.68557 ], [ 0.87965, 44.68533 ], [ 0.87971, 44.68515 ], [ 0.87983, 44.68487 ], [ 0.8799, 44.68457 ], [ 0.87982, 44.68439 ], [ 0.87986, 44.68437 ], [ 0.87941, 44.68346 ], [ 0.87929, 44.68349 ], [ 0.87913, 44.68354 ], [ 0.87891, 44.68357 ], [ 0.87869, 44.68359 ], [ 0.87844, 44.68363 ], [ 0.87817, 44.68367 ], [ 0.87765, 44.68379 ], [ 0.87715, 44.68389 ], [ 0.87706, 44.68391 ], [ 0.87693, 44.68393 ], [ 0.87664, 44.68395 ], [ 0.87654, 44.68396 ], [ 0.87622, 44.68397 ], [ 0.87578, 44.68397 ], [ 0.87571, 44.68397 ], [ 0.87509, 44.68396 ], [ 0.87492, 44.68396 ], [ 0.87442, 44.68399 ], [ 0.87412, 44.68401 ], [ 0.87371, 44.68402 ], [ 0.8734, 44.68401 ], [ 0.87327, 44.684 ], [ 0.87289, 44.68393 ], [ 0.87223, 44.68382 ], [ 0.87182, 44.68375 ], [ 0.87144, 44.68369 ], [ 0.87109, 44.68363 ], [ 0.87077, 44.68357 ], [ 0.87066, 44.68354 ], [ 0.87002, 44.68341 ], [ 0.86987, 44.68339 ], [ 0.86983, 44.68339 ], [ 0.86963, 44.68341 ], [ 0.86916, 44.68345 ], [ 0.86896, 44.68346 ], [ 0.86882, 44.68347 ], [ 0.86858, 44.68347 ], [ 0.86797, 44.68342 ], [ 0.86775, 44.6834 ], [ 0.86755, 44.68338 ], [ 0.8673, 44.68332 ], [ 0.86688, 44.68327 ], [ 0.86665, 44.68324 ], [ 0.86651, 44.68321 ], [ 0.86635, 44.68319 ], [ 0.86618, 44.68317 ], [ 0.86616, 44.68322 ], [ 0.86614, 44.6834 ], [ 0.86615, 44.68343 ], [ 0.8661, 44.68378 ], [ 0.86615, 44.68401 ], [ 0.86619, 44.68418 ], [ 0.86629, 44.68448 ], [ 0.86628, 44.68454 ], [ 0.86628, 44.68468 ], [ 0.86632, 44.68494 ], [ 0.86644, 44.68516 ], [ 0.86663, 44.68539 ], [ 0.86679, 44.68557 ], [ 0.86696, 44.68575 ], [ 0.86704, 44.68585 ], [ 0.86725, 44.68609 ], [ 0.86752, 44.68636 ], [ 0.86765, 44.68641 ], [ 0.86777, 44.6865 ], [ 0.86806, 44.68666 ], [ 0.86838, 44.68687 ], [ 0.86862, 44.68702 ], [ 0.8688, 44.68711 ], [ 0.86902, 44.68729 ], [ 0.86924, 44.68742 ], [ 0.86932, 44.68746 ], [ 0.86943, 44.68753 ], [ 0.86957, 44.68757 ], [ 0.86973, 44.68761 ], [ 0.86982, 44.68764 ], [ 0.86992, 44.68769 ], [ 0.87011, 44.68778 ], [ 0.87066, 44.68803 ], [ 0.87115, 44.68828 ], [ 0.8713, 44.68834 ], [ 0.87192, 44.68882 ], [ 0.87206, 44.68891 ], [ 0.87214, 44.68898 ], [ 0.87232, 44.68911 ], [ 0.87238, 44.68918 ], [ 0.87244, 44.68923 ], [ 0.87266, 44.68955 ], [ 0.87282, 44.68978 ], [ 0.87309, 44.69012 ] ] ], [ [ [ 0.88829, 44.68455 ], [ 0.88864, 44.68446 ], [ 0.88935, 44.68427 ], [ 0.88954, 44.68423 ], [ 0.8897, 44.6842 ], [ 0.8899, 44.68419 ], [ 0.88995, 44.68419 ], [ 0.8902, 44.68419 ], [ 0.89071, 44.68397 ], [ 0.89071, 44.68387 ], [ 0.8907, 44.68371 ], [ 0.89071, 44.68368 ], [ 0.8907, 44.68329 ], [ 0.89064, 44.68327 ], [ 0.89057, 44.68318 ], [ 0.89055, 44.68316 ], [ 0.89055, 44.68316 ], [ 0.89056, 44.68315 ], [ 0.89053, 44.68315 ], [ 0.89052, 44.6831 ], [ 0.89051, 44.68306 ], [ 0.8905, 44.68297 ], [ 0.8905, 44.68295 ], [ 0.89047, 44.68286 ], [ 0.89046, 44.68279 ], [ 0.89044, 44.68272 ], [ 0.89043, 44.68269 ], [ 0.89043, 44.68269 ], [ 0.89042, 44.68267 ], [ 0.89042, 44.68264 ], [ 0.89043, 44.68263 ], [ 0.89048, 44.68262 ], [ 0.89049, 44.68261 ], [ 0.8905, 44.68252 ], [ 0.89051, 44.68228 ], [ 0.89052, 44.68211 ], [ 0.89052, 44.68201 ], [ 0.89052, 44.68201 ], [ 0.89052, 44.682 ], [ 0.89054, 44.68194 ], [ 0.89031, 44.6819 ], [ 0.88988, 44.68186 ], [ 0.88953, 44.68182 ], [ 0.88898, 44.68173 ], [ 0.88863, 44.68168 ], [ 0.88851, 44.68166 ], [ 0.88824, 44.68161 ], [ 0.88781, 44.68153 ], [ 0.88752, 44.68147 ], [ 0.88723, 44.6814 ], [ 0.88678, 44.68135 ], [ 0.88638, 44.68129 ], [ 0.8861, 44.68127 ], [ 0.88591, 44.68126 ], [ 0.88541, 44.68123 ], [ 0.88507, 44.68122 ], [ 0.88489, 44.68122 ], [ 0.8847, 44.68122 ], [ 0.88443, 44.68122 ], [ 0.88436, 44.68128 ], [ 0.88405, 44.68165 ], [ 0.884, 44.68171 ], [ 0.88378, 44.68183 ], [ 0.88378, 44.68183 ], [ 0.8837, 44.68194 ], [ 0.88378, 44.6819 ], [ 0.88388, 44.68186 ], [ 0.88398, 44.68185 ], [ 0.88402, 44.68185 ], [ 0.8843, 44.68189 ], [ 0.8846, 44.68192 ], [ 0.88474, 44.68193 ], [ 0.88499, 44.68194 ], [ 0.8851, 44.68196 ], [ 0.88531, 44.68198 ], [ 0.8854, 44.68199 ], [ 0.8856, 44.68203 ], [ 0.88569, 44.68206 ], [ 0.88585, 44.6821 ], [ 0.88605, 44.6822 ], [ 0.88614, 44.68223 ], [ 0.88622, 44.68227 ], [ 0.88649, 44.6824 ], [ 0.88654, 44.68242 ], [ 0.88665, 44.68244 ], [ 0.88675, 44.68245 ], [ 0.88684, 44.68244 ], [ 0.88694, 44.68243 ], [ 0.88716, 44.68239 ], [ 0.88733, 44.68237 ], [ 0.8875, 44.68235 ], [ 0.88766, 44.68234 ], [ 0.88706, 44.68387 ], [ 0.88705, 44.68395 ], [ 0.88722, 44.68405 ], [ 0.88761, 44.68427 ], [ 0.88769, 44.6843 ], [ 0.8879, 44.68442 ], [ 0.88811, 44.68454 ], [ 0.8882, 44.68458 ], [ 0.88829, 44.68455 ] ] ] ] } },
{ "type": "Feature", "properties": { "LIBELLE": "Site patrimonial remarquable de Lanquais", "ZONE": "Zones naturelles strictes", "COMMUNE": "LANQUAIS" }, "geometry": { "type": "MultiPolygon", "coordinates": [ [ [ [ 0.67283, 44.82543 ], [ 0.67282, 44.82542 ], [ 0.67281, 44.82543 ], [ 0.67276, 44.82541 ], [ 0.67272, 44.8254 ], [ 0.67268, 44.82539 ], [ 0.67267, 44.82538 ], [ 0.67265, 44.82538 ], [ 0.67263, 44.82537 ], [ 0.67263, 44.82537 ], [ 0.6726, 44.82535 ], [ 0.67258, 44.82534 ], [ 0.67256, 44.82533 ], [ 0.67255, 44.82532 ], [ 0.67253, 44.82531 ], [ 0.67252, 44.8253 ], [ 0.67251, 44.82529 ], [ 0.6725, 44.82528 ], [ 0.67247, 44.82528 ], [ 0.67246, 44.82527 ], [ 0.67245, 44.82527 ], [ 0.67242, 44.82526 ], [ 0.67241, 44.82526 ], [ 0.6724, 44.82526 ], [ 0.67237, 44.82525 ], [ 0.67228, 44.82522 ], [ 0.67221, 44.82518 ], [ 0.67215, 44.82515 ], [ 0.6721, 44.82513 ], [ 0.67199, 44.82509 ], [ 0.67175, 44.82498 ], [ 0.67164, 44.82493 ], [ 0.67156, 44.8249 ], [ 0.6715, 44.82487 ], [ 0.67147, 44.82486 ], [ 0.67141, 44.82483 ], [ 0.67137, 44.82491 ], [ 0.67136, 44.82492 ], [ 0.67134, 44.82495 ], [ 0.67134, 44.82496 ], [ 0.67133, 44.82499 ], [ 0.67132, 44.82503 ], [ 0.67132, 44.82508 ], [ 0.67131, 44.8251 ], [ 0.6713, 44.82513 ], [ 0.67131, 44.82517 ], [ 0.67125, 44.82516 ], [ 0.67119, 44.82515 ], [ 0.6711, 44.82516 ], [ 0.67011, 44.82517 ], [ 0.66981, 44.82519 ], [ 0.66974, 44.82522 ], [ 0.66974, 44.82529 ], [ 0.66975, 44.82532 ], [ 0.66975, 44.82536 ], [ 0.66976, 44.82543 ], [ 0.66979, 44.82552 ], [ 0.66981, 44.82562 ], [ 0.66981, 44.82565 ], [ 0.66981, 44.82567 ], [ 0.66981, 44.82571 ], [ 0.6698, 44.82574 ], [ 0.6698, 44.8258 ], [ 0.66979, 44.82584 ], [ 0.66977, 44.8259 ], [ 0.66976, 44.82594 ], [ 0.66972, 44.82602 ], [ 0.66971, 44.82605 ], [ 0.66969, 44.82608 ], [ 0.66973, 44.82619 ], [ 0.66979, 44.82652 ], [ 0.66987, 44.82685 ], [ 0.67024, 44.82698 ], [ 0.67029, 44.82735 ], [ 0.67037, 44.82747 ], [ 0.67052, 44.82744 ], [ 0.67054, 44.8275 ], [ 0.67076, 44.82794 ], [ 0.67067, 44.82808 ], [ 0.67064, 44.82809 ], [ 0.67034, 44.82814 ], [ 0.67007, 44.8283 ], [ 0.66998, 44.82837 ], [ 0.66999, 44.82842 ], [ 0.66999, 44.82847 ], [ 0.67, 44.82851 ], [ 0.67001, 44.82859 ], [ 0.67001, 44.82863 ], [ 0.67001, 44.82865 ], [ 0.67002, 44.82872 ], [ 0.67002, 44.82878 ], [ 0.67003, 44.82887 ], [ 0.67004, 44.82896 ], [ 0.67003, 44.82904 ], [ 0.67004, 44.82913 ], [ 0.67006, 44.82919 ], [ 0.67006, 44.82935 ], [ 0.67007, 44.82942 ], [ 0.67008, 44.82948 ], [ 0.6701, 44.82955 ], [ 0.67009, 44.82961 ], [ 0.67009, 44.82966 ], [ 0.67009, 44.82969 ], [ 0.67009, 44.8297 ], [ 0.6701, 44.8297 ], [ 0.67012, 44.8297 ], [ 0.67013, 44.8297 ], [ 0.67014, 44.8297 ], [ 0.67015, 44.8297 ], [ 0.67019, 44.82971 ], [ 0.6702, 44.82971 ], [ 0.67022, 44.82972 ], [ 0.67023, 44.82972 ], [ 0.67024, 44.82972 ], [ 0.67027, 44.82973 ], [ 0.67028, 44.82974 ], [ 0.67032, 44.82976 ], [ 0.67034, 44.82977 ], [ 0.67035, 44.82978 ], [ 0.67038, 44.82979 ], [ 0.67039, 44.8298 ], [ 0.6704, 44.82981 ], [ 0.67042, 44.82983 ], [ 0.67043, 44.82984 ], [ 0.67046, 44.82988 ], [ 0.67049, 44.82992 ], [ 0.67051, 44.82995 ], [ 0.67054, 44.82997 ], [ 0.67055, 44.82999 ], [ 0.67057, 44.83001 ], [ 0.6706, 44.83004 ], [ 0.67062, 44.83007 ], [ 0.67065, 44.83009 ], [ 0.67066, 44.8301 ], [ 0.6707, 44.83013 ], [ 0.67075, 44.83017 ], [ 0.67078, 44.8302 ], [ 0.67082, 44.83022 ], [ 0.67083, 44.83022 ], [ 0.67083, 44.83023 ], [ 0.67086, 44.83024 ], [ 0.67091, 44.83025 ], [ 0.67097, 44.83027 ], [ 0.67103, 44.83029 ], [ 0.67111, 44.83031 ], [ 0.67118, 44.83032 ], [ 0.67123, 44.83034 ], [ 0.67125, 44.83034 ], [ 0.6713, 44.83035 ], [ 0.67135, 44.83037 ], [ 0.67139, 44.83038 ], [ 0.6714, 44.83038 ], [ 0.67141, 44.83038 ], [ 0.67142, 44.83038 ], [ 0.67144, 44.83039 ], [ 0.67145, 44.83039 ], [ 0.67146, 44.83038 ], [ 0.67152, 44.83036 ], [ 0.67158, 44.83035 ], [ 0.6716, 44.83034 ], [ 0.67163, 44.83033 ], [ 0.67166, 44.83033 ], [ 0.67168, 44.83032 ], [ 0.67169, 44.83031 ], [ 0.67177, 44.83028 ], [ 0.67178, 44.83027 ], [ 0.67181, 44.83027 ], [ 0.67184, 44.83027 ], [ 0.67186, 44.83025 ], [ 0.6719, 44.83024 ], [ 0.67188, 44.8302 ], [ 0.67189, 44.83014 ], [ 0.6719, 44.83009 ], [ 0.67194, 44.83 ], [ 0.67197, 44.82994 ], [ 0.67199, 44.82991 ], [ 0.67202, 44.82986 ], [ 0.67206, 44.82982 ], [ 0.6721, 44.82978 ], [ 0.67212, 44.82976 ], [ 0.67214, 44.82975 ], [ 0.67216, 44.82972 ], [ 0.67218, 44.8297 ], [ 0.67219, 44.8297 ], [ 0.67222, 44.82968 ], [ 0.67223, 44.82967 ], [ 0.67228, 44.82964 ], [ 0.67232, 44.82962 ], [ 0.67233, 44.82962 ], [ 0.67234, 44.82961 ], [ 0.67236, 44.8296 ], [ 0.67237, 44.8296 ], [ 0.67242, 44.82958 ], [ 0.67243, 44.82957 ], [ 0.6725, 44.82956 ], [ 0.67254, 44.82954 ], [ 0.67257, 44.82953 ], [ 0.6728, 44.82945 ], [ 0.67285, 44.82944 ], [ 0.67307, 44.82938 ], [ 0.67311, 44.82937 ], [ 0.67336, 44.82931 ], [ 0.67339, 44.8293 ], [ 0.67345, 44.82928 ], [ 0.67348, 44.82926 ], [ 0.67354, 44.82924 ], [ 0.67357, 44.82922 ], [ 0.67359, 44.8292 ], [ 0.67362, 44.82919 ], [ 0.67362, 44.82919 ], [ 0.67365, 44.82917 ], [ 0.67366, 44.82916 ], [ 0.67358, 44.82914 ], [ 0.67358, 44.82911 ], [ 0.67357, 44.82909 ], [ 0.67356, 44.82904 ], [ 0.67355, 44.829 ], [ 0.67354, 44.82895 ], [ 0.67352, 44.8289 ], [ 0.6735, 44.82885 ], [ 0.67348, 44.8288 ], [ 0.67347, 44.82876 ], [ 0.67347, 44.82873 ], [ 0.67346, 44.82865 ], [ 0.67345, 44.82859 ], [ 0.67345, 44.82854 ], [ 0.67344, 44.8285 ], [ 0.67344, 44.82846 ], [ 0.67344, 44.82842 ], [ 0.67345, 44.82838 ], [ 0.67346, 44.82835 ], [ 0.67347, 44.82829 ], [ 0.67348, 44.82826 ], [ 0.6735, 44.82822 ], [ 0.67351, 44.82819 ], [ 0.67354, 44.82815 ], [ 0.67355, 44.8281 ], [ 0.67359, 44.82804 ], [ 0.67362, 44.82798 ], [ 0.67365, 44.82794 ], [ 0.67367, 44.8279 ], [ 0.67369, 44.82786 ], [ 0.67372, 44.82783 ], [ 0.67374, 44.82781 ], [ 0.67376, 44.82778 ], [ 0.67379, 44.82777 ], [ 0.67383, 44.82773 ], [ 0.67389, 44.8277 ], [ 0.67392, 44.82768 ], [ 0.67393, 44.82767 ], [ 0.67394, 44.82766 ], [ 0.67394, 44.82765 ], [ 0.67395, 44.82757 ], [ 0.67392, 44.82756 ], [ 0.67391, 44.82755 ], [ 0.67388, 44.82753 ], [ 0.67385, 44.82752 ], [ 0.67382, 44.8275 ], [ 0.67381, 44.82749 ], [ 0.6738, 44.82747 ], [ 0.67376, 44.82744 ], [ 0.67374, 44.82742 ], [ 0.6737, 44.82738 ], [ 0.67366, 44.82734 ], [ 0.67364, 44.82731 ], [ 0.67363, 44.8273 ], [ 0.67356, 44.82724 ], [ 0.67353, 44.8272 ], [ 0.6735, 44.82716 ], [ 0.67347, 44.82711 ], [ 0.67346, 44.8271 ], [ 0.67343, 44.82706 ], [ 0.67339, 44.82701 ], [ 0.67338, 44.82697 ], [ 0.67337, 44.82693 ], [ 0.67334, 44.82685 ], [ 0.67332, 44.82682 ], [ 0.67331, 44.82676 ], [ 0.6733, 44.82672 ], [ 0.67329, 44.82666 ], [ 0.67327, 44.82659 ], [ 0.67322, 44.82643 ], [ 0.6732, 44.82635 ], [ 0.6732, 44.82633 ], [ 0.6732, 44.82629 ], [ 0.67319, 44.82622 ], [ 0.67319, 44.82617 ], [ 0.67319, 44.82612 ], [ 0.67318, 44.82608 ], [ 0.67318, 44.82605 ], [ 0.67318, 44.826 ], [ 0.67317, 44.82595 ], [ 0.67315, 44.8259 ], [ 0.67314, 44.82586 ], [ 0.67311, 44.82582 ], [ 0.6731, 44.82578 ], [ 0.67308, 44.82574 ], [ 0.67307, 44.8257 ], [ 0.67304, 44.82567 ], [ 0.67302, 44.82564 ], [ 0.67301, 44.82561 ], [ 0.67299, 44.82559 ], [ 0.67296, 44.82555 ], [ 0.67293, 44.8255 ], [ 0.67292, 44.82549 ], [ 0.67291, 44.82546 ], [ 0.67287, 44.82544 ], [ 0.6729, 44.82542 ], [ 0.67331, 44.82531 ], [ 0.67353, 44.82587 ], [ 0.67373, 44.82581 ], [ 0.67396, 44.82574 ], [ 0.67403, 44.82571 ], [ 0.67409, 44.82569 ], [ 0.67412, 44.82568 ], [ 0.67414, 44.82567 ], [ 0.67416, 44.82565 ], [ 0.67417, 44.82563 ], [ 0.67419, 44.8256 ], [ 0.67422, 44.82556 ], [ 0.67425, 44.82551 ], [ 0.67429, 44.82544 ], [ 0.67432, 44.82537 ], [ 0.67434, 44.82531 ], [ 0.67437, 44.82527 ], [ 0.6744, 44.82518 ], [ 0.67441, 44.82513 ], [ 0.67441, 44.8251 ], [ 0.67443, 44.82503 ], [ 0.67443, 44.82497 ], [ 0.67443, 44.82496 ], [ 0.67443, 44.82492 ], [ 0.67443, 44.82488 ], [ 0.67443, 44.82486 ], [ 0.67443, 44.82483 ], [ 0.67445, 44.82481 ], [ 0.67446, 44.82479 ], [ 0.67448, 44.82477 ], [ 0.67455, 44.82473 ], [ 0.6746, 44.82469 ], [ 0.67464, 44.82466 ], [ 0.67467, 44.82465 ], [ 0.67469, 44.82464 ], [ 0.67473, 44.82462 ], [ 0.67476, 44.82461 ], [ 0.67478, 44.8246 ], [ 0.67481, 44.82458 ], [ 0.67485, 44.82455 ], [ 0.67497, 44.82448 ], [ 0.67501, 44.82446 ], [ 0.6751, 44.82439 ], [ 0.67542, 44.82437 ], [ 0.67561, 44.82378 ], [ 0.67608, 44.82389 ], [ 0.67637, 44.82334 ], [ 0.67639, 44.82333 ], [ 0.67641, 44.82331 ], [ 0.67644, 44.8233 ], [ 0.67645, 44.82329 ], [ 0.67655, 44.82318 ], [ 0.67656, 44.82317 ], [ 0.67658, 44.82312 ], [ 0.67662, 44.82303 ], [ 0.67669, 44.8229 ], [ 0.67678, 44.82272 ], [ 0.67693, 44.82242 ], [ 0.67707, 44.82217 ], [ 0.67703, 44.82217 ], [ 0.67696, 44.82196 ], [ 0.67692, 44.82183 ], [ 0.67696, 44.82162 ], [ 0.67712, 44.82146 ], [ 0.67738, 44.82121 ], [ 0.67737, 44.82119 ], [ 0.67736, 44.82118 ], [ 0.6781, 44.82046 ], [ 0.67817, 44.82038 ], [ 0.67813, 44.82034 ], [ 0.67803, 44.82024 ], [ 0.67816, 44.82005 ], [ 0.67835, 44.81989 ], [ 0.67885, 44.81945 ], [ 0.67905, 44.81923 ], [ 0.67915, 44.81915 ], [ 0.67964, 44.81874 ], [ 0.67968, 44.81875 ], [ 0.67971, 44.81874 ], [ 0.67975, 44.81874 ], [ 0.67981, 44.81873 ], [ 0.67988, 44.81873 ], [ 0.67996, 44.81872 ], [ 0.68001, 44.81871 ], [ 0.68006, 44.81871 ], [ 0.68013, 44.81871 ], [ 0.68019, 44.81871 ], [ 0.68024, 44.81871 ], [ 0.68029, 44.81872 ], [ 0.68032, 44.81872 ], [ 0.68035, 44.81872 ], [ 0.68048, 44.81876 ], [ 0.68055, 44.81878 ], [ 0.68068, 44.8188 ], [ 0.68079, 44.81882 ], [ 0.68092, 44.81885 ], [ 0.68099, 44.81886 ], [ 0.68102, 44.81886 ], [ 0.68103, 44.81886 ], [ 0.68104, 44.81886 ], [ 0.68112, 44.81879 ], [ 0.68124, 44.8187 ], [ 0.6815, 44.81881 ], [ 0.68176, 44.81891 ], [ 0.68204, 44.81901 ], [ 0.68215, 44.81906 ], [ 0.68216, 44.81906 ], [ 0.68219, 44.81907 ], [ 0.68221, 44.81907 ], [ 0.68226, 44.81907 ], [ 0.68238, 44.81905 ], [ 0.68262, 44.81903 ], [ 0.68294, 44.819 ], [ 0.68325, 44.81897 ], [ 0.68354, 44.81893 ], [ 0.68375, 44.81891 ], [ 0.68394, 44.81889 ], [ 0.68404, 44.81887 ], [ 0.68422, 44.81882 ], [ 0.68445, 44.81874 ], [ 0.6846, 44.8187 ], [ 0.68468, 44.81865 ], [ 0.68486, 44.81845 ], [ 0.68496, 44.81781 ], [ 0.68506, 44.81697 ], [ 0.68477, 44.81689 ], [ 0.68492, 44.81589 ], [ 0.68502, 44.81549 ], [ 0.68521, 44.81477 ], [ 0.68531, 44.81444 ], [ 0.68538, 44.81419 ], [ 0.68559, 44.81386 ], [ 0.68481, 44.81368 ], [ 0.68473, 44.8136 ], [ 0.68416, 44.81347 ], [ 0.6839, 44.81343 ], [ 0.68312, 44.81326 ], [ 0.68216, 44.81308 ], [ 0.68211, 44.81306 ], [ 0.68201, 44.8131 ], [ 0.68188, 44.81314 ], [ 0.68178, 44.81319 ], [ 0.68169, 44.81322 ], [ 0.68166, 44.81315 ], [ 0.68162, 44.81309 ], [ 0.68157, 44.81298 ], [ 0.68157, 44.81296 ], [ 0.68154, 44.81282 ], [ 0.68153, 44.8128 ], [ 0.68153, 44.8127 ], [ 0.68152, 44.81257 ], [ 0.68152, 44.81245 ], [ 0.68152, 44.81231 ], [ 0.68153, 44.81227 ], [ 0.68154, 44.81221 ], [ 0.68157, 44.81214 ], [ 0.6816, 44.81205 ], [ 0.68164, 44.81194 ], [ 0.68167, 44.81185 ], [ 0.68162, 44.81185 ], [ 0.68105, 44.81188 ], [ 0.68095, 44.81189 ], [ 0.6809, 44.81183 ], [ 0.6808, 44.81184 ], [ 0.6807, 44.81186 ], [ 0.68061, 44.81187 ], [ 0.68045, 44.81191 ], [ 0.68039, 44.81192 ], [ 0.68035, 44.81192 ], [ 0.68033, 44.81165 ], [ 0.68018, 44.81162 ], [ 0.67997, 44.81157 ], [ 0.67982, 44.81153 ], [ 0.67976, 44.81151 ], [ 0.67967, 44.81148 ], [ 0.67963, 44.81146 ], [ 0.67955, 44.81142 ], [ 0.67948, 44.81138 ], [ 0.67937, 44.81132 ], [ 0.67928, 44.81129 ], [ 0.67917, 44.81124 ], [ 0.67908, 44.8112 ], [ 0.67901, 44.81118 ], [ 0.67895, 44.81116 ], [ 0.67877, 44.81112 ], [ 0.67866, 44.81109 ], [ 0.67859, 44.81108 ], [ 0.67856, 44.81107 ], [ 0.67847, 44.81107 ], [ 0.67828, 44.81106 ], [ 0.67815, 44.81105 ], [ 0.67813, 44.81104 ], [ 0.67805, 44.81101 ], [ 0.67794, 44.81097 ], [ 0.67787, 44.81094 ], [ 0.67784, 44.81093 ], [ 0.6778, 44.8109 ], [ 0.67775, 44.81087 ], [ 0.67768, 44.81081 ], [ 0.67752, 44.81076 ], [ 0.67736, 44.81069 ], [ 0.67717, 44.81062 ], [ 0.67711, 44.8106 ], [ 0.67699, 44.81054 ], [ 0.67692, 44.81051 ], [ 0.67682, 44.81045 ], [ 0.67672, 44.81038 ], [ 0.6766, 44.81027 ], [ 0.6765, 44.81016 ], [ 0.67649, 44.81014 ], [ 0.67643, 44.81006 ], [ 0.67642, 44.80999 ], [ 0.67639, 44.80992 ], [ 0.67639, 44.80983 ], [ 0.6764, 44.80979 ], [ 0.67641, 44.8097 ], [ 0.67641, 44.80962 ], [ 0.67642, 44.80958 ], [ 0.67644, 44.80952 ], [ 0.67646, 44.80945 ], [ 0.67647, 44.80944 ], [ 0.6765, 44.80939 ], [ 0.67655, 44.80932 ], [ 0.67659, 44.80927 ], [ 0.67663, 44.80924 ], [ 0.67672, 44.80916 ], [ 0.67681, 44.80907 ], [ 0.67686, 44.80904 ], [ 0.67691, 44.80899 ], [ 0.67702, 44.80895 ], [ 0.67712, 44.80891 ], [ 0.67716, 44.80889 ], [ 0.67719, 44.80887 ], [ 0.67723, 44.80884 ], [ 0.67731, 44.80879 ], [ 0.67739, 44.80874 ], [ 0.67748, 44.80869 ], [ 0.67753, 44.80865 ], [ 0.6775, 44.80863 ], [ 0.67747, 44.8086 ], [ 0.67728, 44.80866 ], [ 0.67716, 44.80869 ], [ 0.67712, 44.80871 ], [ 0.67696, 44.80875 ], [ 0.6768, 44.80879 ], [ 0.67663, 44.80884 ], [ 0.67646, 44.80888 ], [ 0.67645, 44.80889 ], [ 0.67637, 44.80893 ], [ 0.67631, 44.80897 ], [ 0.67626, 44.80898 ], [ 0.67626, 44.80896 ], [ 0.67627, 44.80891 ], [ 0.67628, 44.80887 ], [ 0.67627, 44.80886 ], [ 0.67629, 44.80883 ], [ 0.67626, 44.80879 ], [ 0.67626, 44.80876 ], [ 0.67623, 44.8087 ], [ 0.6762, 44.8086 ], [ 0.67617, 44.80852 ], [ 0.67615, 44.80845 ], [ 0.67613, 44.80842 ], [ 0.67605, 44.80841 ], [ 0.67559, 44.80838 ], [ 0.6755, 44.80838 ], [ 0.67467, 44.80838 ], [ 0.67382, 44.8083 ], [ 0.6738, 44.80831 ], [ 0.67381, 44.80839 ], [ 0.67382, 44.80845 ], [ 0.67382, 44.80848 ], [ 0.6738, 44.80853 ], [ 0.67375, 44.8087 ], [ 0.67371, 44.80885 ], [ 0.67368, 44.80891 ], [ 0.67367, 44.80896 ], [ 0.67365, 44.80903 ], [ 0.67364, 44.80908 ], [ 0.67362, 44.80913 ], [ 0.6736, 44.8092 ], [ 0.67354, 44.80933 ], [ 0.6735, 44.80943 ], [ 0.67347, 44.80951 ], [ 0.67344, 44.8096 ], [ 0.6734, 44.8097 ], [ 0.67337, 44.80982 ], [ 0.67336, 44.80997 ], [ 0.67333, 44.81005 ], [ 0.67333, 44.81009 ], [ 0.67333, 44.81013 ], [ 0.67333, 44.81022 ], [ 0.67333, 44.81032 ], [ 0.67333, 44.81042 ], [ 0.67337, 44.81047 ], [ 0.67344, 44.81056 ], [ 0.67348, 44.81062 ], [ 0.67351, 44.81067 ], [ 0.67176, 44.81064 ], [ 0.67, 44.81063 ], [ 0.66852, 44.81119 ], [ 0.66889, 44.8115 ], [ 0.66809, 44.81201 ], [ 0.66801, 44.81206 ], [ 0.66791, 44.812 ], [ 0.66783, 44.81196 ], [ 0.66771, 44.81192 ], [ 0.6676, 44.81188 ], [ 0.6675, 44.81185 ], [ 0.66743, 44.81183 ], [ 0.66733, 44.81181 ], [ 0.66722, 44.81179 ], [ 0.66706, 44.81175 ], [ 0.66697, 44.81172 ], [ 0.66687, 44.81169 ], [ 0.66677, 44.81166 ], [ 0.66672, 44.81163 ], [ 0.66666, 44.81162 ], [ 0.6666, 44.81158 ], [ 0.6665, 44.81154 ], [ 0.66641, 44.81148 ], [ 0.66633, 44.81142 ], [ 0.66628, 44.8114 ], [ 0.66623, 44.81136 ], [ 0.66616, 44.81131 ], [ 0.66608, 44.81123 ], [ 0.66602, 44.81119 ], [ 0.666, 44.81118 ], [ 0.66597, 44.81114 ], [ 0.66593, 44.81107 ], [ 0.66587, 44.81098 ], [ 0.66581, 44.81089 ], [ 0.66577, 44.81082 ], [ 0.66571, 44.81071 ], [ 0.66564, 44.81059 ], [ 0.66555, 44.81045 ], [ 0.66546, 44.8103 ], [ 0.6654, 44.8102 ], [ 0.66534, 44.81011 ], [ 0.66528, 44.81001 ], [ 0.66523, 44.80993 ], [ 0.66463, 44.81011 ], [ 0.66422, 44.81028 ], [ 0.66421, 44.81031 ], [ 0.66423, 44.81038 ], [ 0.66426, 44.81041 ], [ 0.66429, 44.81047 ], [ 0.66432, 44.81049 ], [ 0.66436, 44.81052 ], [ 0.66425, 44.81053 ], [ 0.66409, 44.81054 ], [ 0.66376, 44.81059 ], [ 0.66368, 44.81062 ], [ 0.66358, 44.81066 ], [ 0.6634, 44.81073 ], [ 0.66317, 44.81081 ], [ 0.66299, 44.81087 ], [ 0.66297, 44.81088 ], [ 0.66294, 44.81089 ], [ 0.6628, 44.81093 ], [ 0.66264, 44.81097 ], [ 0.66242, 44.81102 ], [ 0.66195, 44.81115 ], [ 0.66144, 44.81129 ], [ 0.66122, 44.81135 ], [ 0.66118, 44.81136 ], [ 0.66119, 44.81152 ], [ 0.6612, 44.81172 ], [ 0.6612, 44.81193 ], [ 0.66127, 44.81191 ], [ 0.66128, 44.81208 ], [ 0.66129, 44.81219 ], [ 0.66131, 44.81233 ], [ 0.66133, 44.81246 ], [ 0.66134, 44.81257 ], [ 0.66132, 44.81264 ], [ 0.66132, 44.8127 ], [ 0.66132, 44.81275 ], [ 0.66134, 44.81284 ], [ 0.66136, 44.81296 ], [ 0.66135, 44.81301 ], [ 0.66132, 44.81301 ], [ 0.66129, 44.81302 ], [ 0.66121, 44.81304 ], [ 0.66111, 44.81306 ], [ 0.66094, 44.81311 ], [ 0.66084, 44.81314 ], [ 0.66074, 44.81317 ], [ 0.66058, 44.81321 ], [ 0.66044, 44.81324 ], [ 0.66004, 44.81334 ], [ 0.65999, 44.81335 ], [ 0.6594, 44.81347 ], [ 0.65921, 44.81356 ], [ 0.65922, 44.81372 ], [ 0.65924, 44.81383 ], [ 0.65926, 44.81408 ], [ 0.65929, 44.8143 ], [ 0.65925, 44.8143 ], [ 0.65925, 44.8144 ], [ 0.65921, 44.81467 ], [ 0.6592, 44.81484 ], [ 0.65927, 44.81487 ], [ 0.65938, 44.81489 ], [ 0.65946, 44.8149 ], [ 0.65947, 44.81496 ], [ 0.65947, 44.815 ], [ 0.65947, 44.81504 ], [ 0.65947, 44.81507 ], [ 0.65947, 44.81512 ], [ 0.65949, 44.81519 ], [ 0.6595, 44.81525 ], [ 0.65951, 44.81533 ], [ 0.65951, 44.8154 ], [ 0.65952, 44.81546 ], [ 0.65953, 44.81553 ], [ 0.65959, 44.81578 ], [ 0.6596, 44.81585 ], [ 0.65961, 44.81587 ], [ 0.65962, 44.81592 ], [ 0.65966, 44.81607 ], [ 0.65968, 44.81612 ], [ 0.6597, 44.81625 ], [ 0.65974, 44.81645 ], [ 0.65976, 44.81661 ], [ 0.65978, 44.81675 ], [ 0.65979, 44.81682 ], [ 0.65981, 44.81697 ], [ 0.65984, 44.81708 ], [ 0.65986, 44.81721 ], [ 0.65987, 44.81735 ], [ 0.65988, 44.81744 ], [ 0.65989, 44.81751 ], [ 0.65992, 44.81761 ], [ 0.65999, 44.81781 ], [ 0.66004, 44.81796 ], [ 0.66009, 44.81818 ], [ 0.66015, 44.81841 ], [ 0.66022, 44.81861 ], [ 0.66027, 44.81876 ], [ 0.6603, 44.81887 ], [ 0.66029, 44.81889 ], [ 0.66023, 44.819 ], [ 0.66017, 44.81913 ], [ 0.66011, 44.81923 ], [ 0.66013, 44.81927 ], [ 0.66021, 44.81929 ], [ 0.66031, 44.81932 ], [ 0.66038, 44.81932 ], [ 0.66048, 44.81933 ], [ 0.66057, 44.81933 ], [ 0.66067, 44.81935 ], [ 0.66079, 44.81936 ], [ 0.66089, 44.81936 ], [ 0.66096, 44.81936 ], [ 0.66101, 44.81937 ], [ 0.66107, 44.81938 ], [ 0.66115, 44.8194 ], [ 0.66118, 44.8194 ], [ 0.66108, 44.81977 ], [ 0.6609, 44.82014 ], [ 0.66002, 44.82194 ], [ 0.66004, 44.82195 ], [ 0.66028, 44.82206 ], [ 0.66051, 44.82216 ], [ 0.66063, 44.82221 ], [ 0.66062, 44.8223 ], [ 0.66078, 44.82238 ], [ 0.66098, 44.82247 ], [ 0.66114, 44.82256 ], [ 0.66129, 44.82264 ], [ 0.66144, 44.82272 ], [ 0.66162, 44.82281 ], [ 0.66175, 44.82287 ], [ 0.66184, 44.82292 ], [ 0.66195, 44.82299 ], [ 0.66206, 44.82307 ], [ 0.66217, 44.82314 ], [ 0.66222, 44.82318 ], [ 0.66229, 44.82325 ], [ 0.66232, 44.82316 ], [ 0.66233, 44.82298 ], [ 0.66233, 44.82292 ], [ 0.66237, 44.82194 ], [ 0.66239, 44.8217 ], [ 0.66249, 44.82103 ], [ 0.66253, 44.82074 ], [ 0.66312, 44.82066 ], [ 0.66311, 44.82073 ], [ 0.66311, 44.82079 ], [ 0.66316, 44.8208 ], [ 0.66323, 44.82083 ], [ 0.66339, 44.8208 ], [ 0.66345, 44.82079 ], [ 0.66352, 44.82078 ], [ 0.66358, 44.82077 ], [ 0.66367, 44.82075 ], [ 0.66371, 44.82073 ], [ 0.66377, 44.82072 ], [ 0.66384, 44.8207 ], [ 0.6639, 44.82068 ], [ 0.66403, 44.82064 ], [ 0.66407, 44.82062 ], [ 0.66412, 44.8206 ], [ 0.66416, 44.82059 ], [ 0.66417, 44.82059 ], [ 0.66421, 44.82058 ], [ 0.66408, 44.82045 ], [ 0.66431, 44.81997 ], [ 0.66455, 44.81967 ], [ 0.66457, 44.81948 ], [ 0.6648, 44.81949 ], [ 0.6648, 44.8194 ], [ 0.66478, 44.81923 ], [ 0.66564, 44.819 ], [ 0.66592, 44.81891 ], [ 0.66596, 44.8189 ], [ 0.66594, 44.81889 ], [ 0.66591, 44.81885 ], [ 0.66587, 44.81876 ], [ 0.66583, 44.81867 ], [ 0.6658, 44.81858 ], [ 0.66577, 44.81852 ], [ 0.66575, 44.81846 ], [ 0.66574, 44.81842 ], [ 0.66571, 44.81838 ], [ 0.66566, 44.81832 ], [ 0.66563, 44.81826 ], [ 0.66563, 44.81822 ], [ 0.66563, 44.81817 ], [ 0.66563, 44.81813 ], [ 0.66563, 44.81807 ], [ 0.66564, 44.81803 ], [ 0.66566, 44.81795 ], [ 0.66567, 44.81786 ], [ 0.66569, 44.81776 ], [ 0.66571, 44.81768 ], [ 0.66574, 44.81761 ], [ 0.66574, 44.81756 ], [ 0.66575, 44.81752 ], [ 0.66575, 44.81743 ], [ 0.66574, 44.81737 ], [ 0.66575, 44.81731 ], [ 0.66573, 44.81727 ], [ 0.66571, 44.81722 ], [ 0.66569, 44.81715 ], [ 0.66565, 44.81706 ], [ 0.6656, 44.81697 ], [ 0.66556, 44.81687 ], [ 0.66553, 44.81684 ], [ 0.6655, 44.81679 ], [ 0.66545, 44.81675 ], [ 0.66542, 44.8167 ], [ 0.6654, 44.81666 ], [ 0.6654, 44.81663 ], [ 0.6654, 44.81659 ], [ 0.66541, 44.81656 ], [ 0.66543, 44.81653 ], [ 0.66543, 44.81649 ], [ 0.66534, 44.81645 ], [ 0.66525, 44.81638 ], [ 0.66517, 44.81633 ], [ 0.66514, 44.8163 ], [ 0.66513, 44.81628 ], [ 0.66512, 44.81626 ], [ 0.66511, 44.81624 ], [ 0.66512, 44.81622 ], [ 0.66512, 44.81621 ], [ 0.66514, 44.81616 ], [ 0.66518, 44.81609 ], [ 0.6652, 44.81598 ], [ 0.66523, 44.81592 ], [ 0.66523, 44.81589 ], [ 0.66523, 44.81588 ], [ 0.66523, 44.81587 ], [ 0.66522, 44.81586 ], [ 0.66522, 44.81584 ], [ 0.66517, 44.81582 ], [ 0.66508, 44.81576 ], [ 0.66501, 44.81572 ], [ 0.66492, 44.81568 ], [ 0.66475, 44.8156 ], [ 0.66464, 44.81555 ], [ 0.66457, 44.81552 ], [ 0.66437, 44.81543 ], [ 0.66424, 44.81539 ], [ 0.66411, 44.81532 ], [ 0.66397, 44.81527 ], [ 0.66387, 44.81523 ], [ 0.66372, 44.81518 ], [ 0.66359, 44.81515 ], [ 0.66345, 44.81511 ], [ 0.66336, 44.81509 ], [ 0.66321, 44.81504 ], [ 0.66315, 44.81502 ], [ 0.66311, 44.815 ], [ 0.6631, 44.81499 ], [ 0.66297, 44.81495 ], [ 0.66316, 44.81491 ], [ 0.66321, 44.81489 ], [ 0.66326, 44.81488 ], [ 0.66328, 44.81487 ], [ 0.66338, 44.81483 ], [ 0.66346, 44.8148 ], [ 0.6635, 44.81478 ], [ 0.66356, 44.81476 ], [ 0.66361, 44.81475 ], [ 0.66367, 44.81472 ], [ 0.66373, 44.81461 ], [ 0.66396, 44.81414 ], [ 0.66396, 44.81411 ], [ 0.66391, 44.8141 ], [ 0.66399, 44.81394 ], [ 0.66404, 44.81378 ], [ 0.66404, 44.81375 ], [ 0.66407, 44.81367 ], [ 0.66414, 44.81367 ], [ 0.66435, 44.81367 ], [ 0.66463, 44.81367 ], [ 0.66589, 44.8136 ], [ 0.66649, 44.81353 ], [ 0.66676, 44.8135 ], [ 0.66678, 44.81349 ], [ 0.66779, 44.81312 ], [ 0.66791, 44.81308 ], [ 0.66798, 44.81319 ], [ 0.66816, 44.81346 ], [ 0.66831, 44.81367 ], [ 0.66849, 44.81383 ], [ 0.66868, 44.81401 ], [ 0.66885, 44.81416 ], [ 0.66939, 44.8147 ], [ 0.66974, 44.81504 ], [ 0.66976, 44.81506 ], [ 0.66976, 44.81518 ], [ 0.66999, 44.81519 ], [ 0.67012, 44.81516 ], [ 0.67023, 44.81514 ], [ 0.67079, 44.81514 ], [ 0.67151, 44.81513 ], [ 0.67159, 44.81506 ], [ 0.67145, 44.81491 ], [ 0.67139, 44.81485 ], [ 0.67139, 44.81481 ], [ 0.67141, 44.81478 ], [ 0.67143, 44.81476 ], [ 0.67149, 44.81471 ], [ 0.67155, 44.81465 ], [ 0.67161, 44.81461 ], [ 0.67164, 44.8146 ], [ 0.67168, 44.81456 ], [ 0.67171, 44.81452 ], [ 0.67174, 44.81448 ], [ 0.67177, 44.81444 ], [ 0.67179, 44.81439 ], [ 0.67183, 44.81431 ], [ 0.67185, 44.81421 ], [ 0.67188, 44.81414 ], [ 0.67191, 44.81406 ], [ 0.67195, 44.81402 ], [ 0.672, 44.81397 ], [ 0.67205, 44.81391 ], [ 0.67207, 44.8139 ], [ 0.67218, 44.81387 ], [ 0.67226, 44.81384 ], [ 0.6723, 44.81383 ], [ 0.6724, 44.81381 ], [ 0.67263, 44.81378 ], [ 0.6729, 44.81374 ], [ 0.67307, 44.8137 ], [ 0.67312, 44.81369 ], [ 0.6732, 44.81368 ], [ 0.67336, 44.81364 ], [ 0.67346, 44.81363 ], [ 0.67359, 44.81361 ], [ 0.67365, 44.8136 ], [ 0.67368, 44.8136 ], [ 0.67386, 44.8136 ], [ 0.674, 44.8136 ], [ 0.67406, 44.81362 ], [ 0.67404, 44.81368 ], [ 0.67404, 44.81374 ], [ 0.67461, 44.81389 ], [ 0.67486, 44.81394 ], [ 0.67479, 44.81408 ], [ 0.6748, 44.81411 ], [ 0.67481, 44.81415 ], [ 0.67484, 44.81423 ], [ 0.67486, 44.81429 ], [ 0.67518, 44.81459 ], [ 0.67522, 44.81459 ], [ 0.6752, 44.81485 ], [ 0.67526, 44.81554 ], [ 0.67561, 44.81549 ], [ 0.67617, 44.81541 ], [ 0.6762, 44.81541 ], [ 0.67625, 44.81541 ], [ 0.67651, 44.81541 ], [ 0.67713, 44.81543 ], [ 0.67715, 44.81539 ], [ 0.67713, 44.81535 ], [ 0.6771, 44.8153 ], [ 0.6771, 44.81529 ], [ 0.67711, 44.81528 ], [ 0.67712, 44.81519 ], [ 0.67714, 44.8151 ], [ 0.67715, 44.81506 ], [ 0.67716, 44.81502 ], [ 0.67718, 44.81498 ], [ 0.67719, 44.81494 ], [ 0.67722, 44.8148 ], [ 0.67725, 44.81472 ], [ 0.67726, 44.81468 ], [ 0.67729, 44.81461 ], [ 0.67732, 44.81454 ], [ 0.67826, 44.81474 ], [ 0.67958, 44.81502 ], [ 0.67951, 44.81519 ], [ 0.6799, 44.81534 ], [ 0.67998, 44.81539 ], [ 0.68031, 44.81557 ], [ 0.68033, 44.81558 ], [ 0.68035, 44.81555 ], [ 0.6804, 44.81551 ], [ 0.68044, 44.81548 ], [ 0.68049, 44.81544 ], [ 0.68054, 44.81541 ], [ 0.68058, 44.81539 ], [ 0.68065, 44.81536 ], [ 0.68071, 44.81533 ], [ 0.68076, 44.81531 ], [ 0.6808, 44.81528 ], [ 0.68085, 44.81524 ], [ 0.68087, 44.81522 ], [ 0.6809, 44.8152 ], [ 0.68094, 44.81517 ], [ 0.68098, 44.81512 ], [ 0.68099, 44.8151 ], [ 0.681, 44.81506 ], [ 0.68101, 44.81504 ], [ 0.68102, 44.81496 ], [ 0.68102, 44.81489 ], [ 0.68104, 44.81484 ], [ 0.68102, 44.8148 ], [ 0.68103, 44.81477 ], [ 0.68104, 44.81471 ], [ 0.68104, 44.81467 ], [ 0.68104, 44.81464 ], [ 0.68104, 44.81462 ], [ 0.68104, 44.81459 ], [ 0.68106, 44.81456 ], [ 0.68108, 44.81453 ], [ 0.68111, 44.81451 ], [ 0.68115, 44.81448 ], [ 0.6812, 44.81446 ], [ 0.68126, 44.81443 ], [ 0.68129, 44.81441 ], [ 0.68135, 44.81439 ], [ 0.68143, 44.81435 ], [ 0.68148, 44.81432 ], [ 0.68153, 44.81429 ], [ 0.68157, 44.81425 ], [ 0.6816, 44.81421 ], [ 0.68162, 44.81417 ], [ 0.68166, 44.81419 ], [ 0.68185, 44.81425 ], [ 0.68206, 44.81432 ], [ 0.682, 44.81445 ], [ 0.68199, 44.81449 ], [ 0.68199, 44.81449 ], [ 0.68193, 44.81484 ], [ 0.68197, 44.81485 ], [ 0.68239, 44.81495 ], [ 0.68378, 44.81532 ], [ 0.68387, 44.81534 ], [ 0.68379, 44.81546 ], [ 0.68372, 44.81557 ], [ 0.68365, 44.81567 ], [ 0.68361, 44.81574 ], [ 0.68359, 44.81579 ], [ 0.68355, 44.81582 ], [ 0.6835, 44.81588 ], [ 0.68343, 44.81595 ], [ 0.68335, 44.81602 ], [ 0.68326, 44.81609 ], [ 0.6832, 44.81612 ], [ 0.68313, 44.81616 ], [ 0.68308, 44.81618 ], [ 0.68302, 44.8162 ], [ 0.68295, 44.81622 ], [ 0.6829, 44.81624 ], [ 0.68287, 44.81625 ], [ 0.68284, 44.81628 ], [ 0.68279, 44.81632 ], [ 0.68272, 44.81639 ], [ 0.68268, 44.81644 ], [ 0.68263, 44.81648 ], [ 0.68258, 44.81654 ], [ 0.68253, 44.81656 ], [ 0.68248, 44.81659 ], [ 0.68243, 44.81661 ], [ 0.68237, 44.81661 ], [ 0.68232, 44.81663 ], [ 0.68229, 44.81663 ], [ 0.68225, 44.81664 ], [ 0.6822, 44.81663 ], [ 0.68213, 44.81662 ], [ 0.68197, 44.8166 ], [ 0.68173, 44.81656 ], [ 0.68163, 44.81655 ], [ 0.68153, 44.81654 ], [ 0.68145, 44.81653 ], [ 0.6814, 44.81653 ], [ 0.68135, 44.81653 ], [ 0.68132, 44.81653 ], [ 0.68131, 44.81663 ], [ 0.68131, 44.81671 ], [ 0.68129, 44.81684 ], [ 0.68012, 44.81681 ], [ 0.68004, 44.81681 ], [ 0.67949, 44.81683 ], [ 0.67951, 44.81699 ], [ 0.67942, 44.81697 ], [ 0.67922, 44.81693 ], [ 0.67892, 44.81685 ], [ 0.67869, 44.8168 ], [ 0.67803, 44.81676 ], [ 0.67765, 44.81651 ], [ 0.67771, 44.81649 ], [ 0.67777, 44.81647 ], [ 0.67783, 44.81646 ], [ 0.67789, 44.81647 ], [ 0.67794, 44.81648 ], [ 0.67798, 44.81648 ], [ 0.67803, 44.81648 ], [ 0.67809, 44.81647 ], [ 0.67817, 44.81645 ], [ 0.67822, 44.81644 ], [ 0.67828, 44.81644 ], [ 0.67839, 44.81642 ], [ 0.67823, 44.81642 ], [ 0.67808, 44.81641 ], [ 0.67796, 44.8164 ], [ 0.67786, 44.8164 ], [ 0.67775, 44.8164 ], [ 0.67768, 44.81639 ], [ 0.67762, 44.81638 ], [ 0.67754, 44.81637 ], [ 0.6775, 44.81635 ], [ 0.67744, 44.81633 ], [ 0.67739, 44.81631 ], [ 0.67732, 44.81627 ], [ 0.67723, 44.81623 ], [ 0.67707, 44.81616 ], [ 0.67702, 44.81614 ], [ 0.67697, 44.81613 ], [ 0.6769, 44.81611 ], [ 0.67685, 44.8161 ], [ 0.67682, 44.81609 ], [ 0.67674, 44.8161 ], [ 0.67666, 44.8161 ], [ 0.67658, 44.8161 ], [ 0.67647, 44.81611 ], [ 0.67635, 44.81612 ], [ 0.67621, 44.81615 ], [ 0.67618, 44.81615 ], [ 0.67623, 44.81623 ], [ 0.67613, 44.81623 ], [ 0.67601, 44.81627 ], [ 0.67601, 44.81628 ], [ 0.67596, 44.8163 ], [ 0.67571, 44.81642 ], [ 0.67568, 44.81639 ], [ 0.67545, 44.81651 ], [ 0.67548, 44.81653 ], [ 0.67564, 44.81667 ], [ 0.67556, 44.81675 ], [ 0.67551, 44.81679 ], [ 0.67544, 44.81686 ], [ 0.67521, 44.81711 ], [ 0.67532, 44.81716 ], [ 0.67557, 44.81729 ], [ 0.67568, 44.81736 ], [ 0.67573, 44.81735 ], [ 0.67578, 44.81735 ], [ 0.67574, 44.8175 ], [ 0.67571, 44.81761 ], [ 0.67566, 44.81784 ], [ 0.67565, 44.81787 ], [ 0.67566, 44.81791 ], [ 0.67567, 44.81801 ], [ 0.67568, 44.81804 ], [ 0.67571, 44.81809 ], [ 0.67573, 44.81815 ], [ 0.67585, 44.81841 ], [ 0.67586, 44.81844 ], [ 0.6759, 44.81857 ], [ 0.67593, 44.81871 ], [ 0.67594, 44.81877 ], [ 0.67594, 44.81886 ], [ 0.67594, 44.81889 ], [ 0.67591, 44.81897 ], [ 0.67588, 44.81904 ], [ 0.67585, 44.81911 ], [ 0.6758, 44.81921 ], [ 0.67568, 44.81942 ], [ 0.67564, 44.8195 ], [ 0.67559, 44.81957 ], [ 0.67546, 44.81975 ], [ 0.67539, 44.81982 ], [ 0.67536, 44.81985 ], [ 0.67531, 44.81989 ], [ 0.67525, 44.81993 ], [ 0.67517, 44.81997 ], [ 0.67494, 44.82008 ], [ 0.67471, 44.82021 ], [ 0.67462, 44.82025 ], [ 0.67454, 44.8203 ], [ 0.67435, 44.82046 ], [ 0.67398, 44.82081 ], [ 0.67393, 44.82086 ], [ 0.67379, 44.82107 ], [ 0.67376, 44.82113 ], [ 0.67372, 44.8213 ], [ 0.67372, 44.82131 ], [ 0.6737, 44.82138 ], [ 0.67367, 44.82145 ], [ 0.67366, 44.82154 ], [ 0.67363, 44.82162 ], [ 0.67362, 44.82169 ], [ 0.67359, 44.82177 ], [ 0.67357, 44.82185 ], [ 0.67353, 44.82197 ], [ 0.67352, 44.82203 ], [ 0.6735, 44.82208 ], [ 0.6735, 44.82211 ], [ 0.67347, 44.82219 ], [ 0.67346, 44.82226 ], [ 0.67345, 44.82233 ], [ 0.67343, 44.82236 ], [ 0.67343, 44.82237 ], [ 0.67339, 44.82247 ], [ 0.67339, 44.82248 ], [ 0.6734, 44.82248 ], [ 0.67342, 44.82249 ], [ 0.67341, 44.8225 ], [ 0.67341, 44.82251 ], [ 0.6734, 44.82252 ], [ 0.67339, 44.82256 ], [ 0.67336, 44.82263 ], [ 0.67333, 44.82269 ], [ 0.67332, 44.82271 ], [ 0.67331, 44.82274 ], [ 0.67331, 44.82278 ], [ 0.67329, 44.82282 ], [ 0.67326, 44.82287 ], [ 0.67325, 44.82292 ], [ 0.67325, 44.82295 ], [ 0.67325, 44.82296 ], [ 0.67324, 44.82299 ], [ 0.67323, 44.82304 ], [ 0.67325, 44.82308 ], [ 0.67324, 44.82312 ], [ 0.67327, 44.82322 ], [ 0.67328, 44.82328 ], [ 0.6733, 44.82338 ], [ 0.67331, 44.82343 ], [ 0.67331, 44.82348 ], [ 0.67332, 44.8235 ], [ 0.67332, 44.82353 ], [ 0.67332, 44.82358 ], [ 0.67332, 44.82362 ], [ 0.6733, 44.82368 ], [ 0.6733, 44.82372 ], [ 0.6733, 44.82375 ], [ 0.6733, 44.82376 ], [ 0.67329, 44.82376 ], [ 0.67329, 44.82377 ], [ 0.67329, 44.82378 ], [ 0.67328, 44.82379 ], [ 0.67326, 44.82381 ], [ 0.67325, 44.82383 ], [ 0.67324, 44.82385 ], [ 0.67321, 44.82389 ], [ 0.67316, 44.82396 ], [ 0.67314, 44.82399 ], [ 0.67312, 44.82402 ], [ 0.67305, 44.82413 ], [ 0.67298, 44.82425 ], [ 0.67296, 44.82431 ], [ 0.67292, 44.82438 ], [ 0.67288, 44.82445 ], [ 0.67286, 44.82449 ], [ 0.67285, 44.82452 ], [ 0.67284, 44.82457 ], [ 0.67282, 44.82462 ], [ 0.67281, 44.82467 ], [ 0.67278, 44.82473 ], [ 0.67276, 44.8248 ], [ 0.67275, 44.82492 ], [ 0.67273, 44.82496 ], [ 0.67273, 44.82501 ], [ 0.67274, 44.82505 ], [ 0.67274, 44.8251 ], [ 0.67276, 44.82513 ], [ 0.67277, 44.82519 ], [ 0.67276, 44.82522 ], [ 0.67278, 44.82523 ], [ 0.67279, 44.8253 ], [ 0.67281, 44.82536 ], [ 0.67283, 44.82543 ] ] ], [ [ [ 0.64819, 44.82273 ], [ 0.64806, 44.8227 ], [ 0.64796, 44.82268 ], [ 0.64786, 44.82266 ], [ 0.6478, 44.82264 ], [ 0.6477, 44.82262 ], [ 0.64762, 44.82261 ], [ 0.64754, 44.8226 ], [ 0.64741, 44.82259 ], [ 0.64718, 44.82257 ], [ 0.64707, 44.82256 ], [ 0.64697, 44.82255 ], [ 0.64683, 44.82254 ], [ 0.64669, 44.82253 ], [ 0.64663, 44.82252 ], [ 0.64659, 44.82252 ], [ 0.64653, 44.8225 ], [ 0.64649, 44.82249 ], [ 0.64646, 44.82248 ], [ 0.64645, 44.82248 ], [ 0.64644, 44.82247 ], [ 0.64642, 44.82246 ], [ 0.64637, 44.8224 ], [ 0.64628, 44.82235 ], [ 0.64619, 44.82228 ], [ 0.64612, 44.82222 ], [ 0.64603, 44.82216 ], [ 0.64597, 44.82213 ], [ 0.6459, 44.82208 ], [ 0.64581, 44.82203 ], [ 0.64573, 44.822 ], [ 0.64563, 44.82195 ], [ 0.64538, 44.82185 ], [ 0.64523, 44.82178 ], [ 0.64516, 44.82174 ], [ 0.64511, 44.82171 ], [ 0.64505, 44.82168 ], [ 0.64492, 44.82162 ], [ 0.64485, 44.82159 ], [ 0.64476, 44.82161 ], [ 0.64466, 44.82166 ], [ 0.64452, 44.82171 ], [ 0.64438, 44.82176 ], [ 0.64424, 44.8218 ], [ 0.64415, 44.82184 ], [ 0.64412, 44.82185 ], [ 0.64406, 44.82186 ], [ 0.64396, 44.82188 ], [ 0.64388, 44.82189 ], [ 0.64385, 44.82189 ], [ 0.6438, 44.82189 ], [ 0.64375, 44.82188 ], [ 0.64368, 44.82188 ], [ 0.64358, 44.82186 ], [ 0.6435, 44.82185 ], [ 0.64341, 44.82185 ], [ 0.64339, 44.82185 ], [ 0.64335, 44.82184 ], [ 0.64325, 44.82182 ], [ 0.64317, 44.8218 ], [ 0.64311, 44.82179 ], [ 0.64309, 44.82179 ], [ 0.64305, 44.82178 ], [ 0.64301, 44.82178 ], [ 0.643, 44.82178 ], [ 0.64303, 44.82185 ], [ 0.64308, 44.82196 ], [ 0.64312, 44.82201 ], [ 0.64312, 44.82205 ], [ 0.64311, 44.8221 ], [ 0.64306, 44.82229 ], [ 0.64299, 44.82251 ], [ 0.64295, 44.82267 ], [ 0.6429, 44.82277 ], [ 0.64289, 44.82277 ], [ 0.6429, 44.82282 ], [ 0.64291, 44.82291 ], [ 0.64294, 44.82311 ], [ 0.64297, 44.8232 ], [ 0.64295, 44.82321 ], [ 0.64295, 44.82326 ], [ 0.64294, 44.82333 ], [ 0.64291, 44.82346 ], [ 0.64288, 44.82357 ], [ 0.64288, 44.82358 ], [ 0.64288, 44.82363 ], [ 0.6429, 44.82379 ], [ 0.6429, 44.82385 ], [ 0.64291, 44.82391 ], [ 0.64291, 44.82395 ], [ 0.64291, 44.82396 ], [ 0.64293, 44.824 ], [ 0.64301, 44.82412 ], [ 0.64316, 44.82433 ], [ 0.64318, 44.82438 ], [ 0.64324, 44.82451 ], [ 0.64324, 44.82453 ], [ 0.64327, 44.82461 ], [ 0.64326, 44.82464 ], [ 0.64328, 44.82468 ], [ 0.64328, 44.82483 ], [ 0.64328, 44.82485 ], [ 0.64327, 44.82495 ], [ 0.6432, 44.82523 ], [ 0.64315, 44.82541 ], [ 0.64315, 44.82543 ], [ 0.64313, 44.82547 ], [ 0.64311, 44.82548 ], [ 0.6431, 44.8255 ], [ 0.64297, 44.8256 ], [ 0.64291, 44.82565 ], [ 0.64289, 44.82565 ], [ 0.64275, 44.82574 ], [ 0.64273, 44.82574 ], [ 0.64266, 44.82584 ], [ 0.64266, 44.82585 ], [ 0.64263, 44.82586 ], [ 0.64258, 44.82592 ], [ 0.64253, 44.82595 ], [ 0.6424, 44.82608 ], [ 0.64214, 44.82633 ], [ 0.64214, 44.82634 ], [ 0.64201, 44.82648 ], [ 0.6419, 44.82659 ], [ 0.64188, 44.82664 ], [ 0.64185, 44.82669 ], [ 0.64181, 44.82679 ], [ 0.64181, 44.82679 ], [ 0.64179, 44.82684 ], [ 0.64178, 44.82693 ], [ 0.64178, 44.82695 ], [ 0.64178, 44.82698 ], [ 0.64178, 44.82705 ], [ 0.64178, 44.82705 ], [ 0.64179, 44.82715 ], [ 0.6418, 44.82745 ], [ 0.6418, 44.82746 ], [ 0.6418, 44.82747 ], [ 0.6418, 44.8276 ], [ 0.64178, 44.82768 ], [ 0.64174, 44.82813 ], [ 0.64173, 44.82821 ], [ 0.64172, 44.82821 ], [ 0.6417, 44.82839 ], [ 0.6417, 44.82842 ], [ 0.6417, 44.82845 ], [ 0.64168, 44.82847 ], [ 0.64168, 44.82852 ], [ 0.64169, 44.82855 ], [ 0.64168, 44.82856 ], [ 0.64164, 44.82863 ], [ 0.64163, 44.82865 ], [ 0.6416, 44.82869 ], [ 0.64159, 44.82873 ], [ 0.64148, 44.8289 ], [ 0.6414, 44.82905 ], [ 0.64139, 44.82907 ], [ 0.64139, 44.82909 ], [ 0.64139, 44.8291 ], [ 0.64137, 44.82918 ], [ 0.64137, 44.82919 ], [ 0.64137, 44.82922 ], [ 0.64136, 44.82923 ], [ 0.6413, 44.82932 ], [ 0.64122, 44.82947 ], [ 0.6412, 44.82951 ], [ 0.64118, 44.82952 ], [ 0.64113, 44.82962 ], [ 0.64105, 44.82975 ], [ 0.64105, 44.82976 ], [ 0.64104, 44.8298 ], [ 0.641, 44.82987 ], [ 0.64097, 44.82989 ], [ 0.64093, 44.82996 ], [ 0.64092, 44.82998 ], [ 0.64143, 44.83014 ], [ 0.64148, 44.83015 ], [ 0.64158, 44.83018 ], [ 0.64194, 44.83029 ], [ 0.64209, 44.83007 ], [ 0.6429, 44.82847 ], [ 0.6429, 44.82844 ], [ 0.6429, 44.82842 ], [ 0.6429, 44.82832 ], [ 0.6429, 44.82826 ], [ 0.64318, 44.82758 ], [ 0.64333, 44.82708 ], [ 0.64363, 44.82716 ], [ 0.64363, 44.82715 ], [ 0.64379, 44.82693 ], [ 0.64414, 44.82659 ], [ 0.64463, 44.82619 ], [ 0.64517, 44.82594 ], [ 0.6452, 44.82594 ], [ 0.64572, 44.8262 ], [ 0.64577, 44.82615 ], [ 0.64586, 44.82606 ], [ 0.64594, 44.82597 ], [ 0.646, 44.82588 ], [ 0.64607, 44.82577 ], [ 0.64614, 44.82567 ], [ 0.64621, 44.82558 ], [ 0.64626, 44.8255 ], [ 0.64636, 44.82538 ], [ 0.64642, 44.82532 ], [ 0.64643, 44.82531 ], [ 0.64646, 44.82531 ], [ 0.64649, 44.8253 ], [ 0.64653, 44.82529 ], [ 0.64658, 44.82528 ], [ 0.64663, 44.82529 ], [ 0.6467, 44.8253 ], [ 0.64673, 44.8253 ], [ 0.64683, 44.82533 ], [ 0.64691, 44.82536 ], [ 0.64698, 44.82539 ], [ 0.64725, 44.82504 ], [ 0.64723, 44.82503 ], [ 0.64738, 44.82484 ], [ 0.64743, 44.82478 ], [ 0.64755, 44.82448 ], [ 0.64762, 44.8243 ], [ 0.64775, 44.82404 ], [ 0.64783, 44.82383 ], [ 0.64784, 44.82379 ], [ 0.64803, 44.8233 ], [ 0.64805, 44.82327 ], [ 0.64825, 44.82276 ], [ 0.64826, 44.82276 ], [ 0.64826, 44.82275 ], [ 0.64819, 44.82273 ] ] ], [ [ [ 0.66002, 44.82898 ], [ 0.66019, 44.82892 ], [ 0.66033, 44.82888 ], [ 0.66042, 44.82882 ], [ 0.66102, 44.82858 ], [ 0.6612, 44.82851 ], [ 0.66126, 44.82849 ], [ 0.66207, 44.8279 ], [ 0.66203, 44.82744 ], [ 0.66198, 44.82744 ], [ 0.66189, 44.82744 ], [ 0.66183, 44.82743 ], [ 0.66181, 44.82742 ], [ 0.66159, 44.82727 ], [ 0.66153, 44.82722 ], [ 0.66137, 44.82709 ], [ 0.66126, 44.82699 ], [ 0.66122, 44.82696 ], [ 0.66111, 44.82688 ], [ 0.66096, 44.82678 ], [ 0.66076, 44.82663 ], [ 0.66064, 44.82654 ], [ 0.66049, 44.82645 ], [ 0.66039, 44.82639 ], [ 0.66028, 44.82632 ], [ 0.66023, 44.82629 ], [ 0.66009, 44.82623 ], [ 0.65982, 44.82611 ], [ 0.65978, 44.82612 ], [ 0.65964, 44.82615 ], [ 0.65946, 44.82619 ], [ 0.65931, 44.82623 ], [ 0.6592, 44.82625 ], [ 0.65897, 44.8263 ], [ 0.6587, 44.82636 ], [ 0.65844, 44.82642 ], [ 0.65809, 44.8265 ], [ 0.65845, 44.82704 ], [ 0.65855, 44.82719 ], [ 0.65873, 44.82749 ], [ 0.65878, 44.82758 ], [ 0.65919, 44.82818 ], [ 0.65922, 44.82824 ], [ 0.65951, 44.82812 ], [ 0.65991, 44.82882 ], [ 0.66002, 44.82898 ] ] ] ] } },
{ "type": "Feature", "properties": { "LIBELLE": "Site patrimonial remarquable de Lanquais", "ZONE": "Zone à dominante naturelle", "COMMUNE": "LANQUAIS" }, "geometry": { "type": "MultiPolygon", "coordinates": [ [ [ [ 0.67151, 44.81513 ], [ 0.67079, 44.81514 ], [ 0.67023, 44.81514 ], [ 0.67012, 44.81516 ], [ 0.66999, 44.81519 ], [ 0.66976, 44.81518 ], [ 0.66976, 44.81506 ], [ 0.66974, 44.81504 ], [ 0.66939, 44.8147 ], [ 0.66885, 44.81416 ], [ 0.66868, 44.81401 ], [ 0.66849, 44.81383 ], [ 0.66831, 44.81367 ], [ 0.66816, 44.81346 ], [ 0.66798, 44.81319 ], [ 0.66791, 44.81308 ], [ 0.66779, 44.81312 ], [ 0.66678, 44.81349 ], [ 0.66676, 44.8135 ], [ 0.66649, 44.81353 ], [ 0.66589, 44.8136 ], [ 0.66463, 44.81367 ], [ 0.66435, 44.81367 ], [ 0.66414, 44.81367 ], [ 0.66407, 44.81367 ], [ 0.66404, 44.81375 ], [ 0.66404, 44.81378 ], [ 0.66399, 44.81394 ], [ 0.66391, 44.8141 ], [ 0.66396, 44.81411 ], [ 0.664, 44.81412 ], [ 0.66413, 44.81414 ], [ 0.66426, 44.81416 ], [ 0.66441, 44.81419 ], [ 0.66452, 44.81421 ], [ 0.66462, 44.81422 ], [ 0.66478, 44.81423 ], [ 0.66489, 44.81425 ], [ 0.665, 44.81427 ], [ 0.66505, 44.81428 ], [ 0.66509, 44.81429 ], [ 0.66514, 44.8143 ], [ 0.6652, 44.81432 ], [ 0.66525, 44.81433 ], [ 0.66533, 44.81435 ], [ 0.66538, 44.81435 ], [ 0.66543, 44.81435 ], [ 0.66549, 44.81435 ], [ 0.66557, 44.81435 ], [ 0.66564, 44.81436 ], [ 0.66577, 44.81434 ], [ 0.66582, 44.81434 ], [ 0.66579, 44.8142 ], [ 0.66579, 44.81417 ], [ 0.6658, 44.81415 ], [ 0.66582, 44.81412 ], [ 0.66583, 44.8141 ], [ 0.66585, 44.81408 ], [ 0.66591, 44.81406 ], [ 0.66597, 44.81404 ], [ 0.66602, 44.81401 ], [ 0.66605, 44.814 ], [ 0.66606, 44.814 ], [ 0.66608, 44.81399 ], [ 0.66611, 44.81399 ], [ 0.66615, 44.81399 ], [ 0.66621, 44.81398 ], [ 0.6663, 44.81396 ], [ 0.66641, 44.81394 ], [ 0.66649, 44.81393 ], [ 0.66663, 44.8139 ], [ 0.66673, 44.81389 ], [ 0.66682, 44.81386 ], [ 0.66687, 44.81385 ], [ 0.6669, 44.81384 ], [ 0.66696, 44.81383 ], [ 0.667, 44.8138 ], [ 0.66704, 44.81378 ], [ 0.66706, 44.81377 ], [ 0.66779, 44.81353 ], [ 0.66794, 44.8138 ], [ 0.66803, 44.81394 ], [ 0.6682, 44.81435 ], [ 0.6684, 44.81482 ], [ 0.66856, 44.81516 ], [ 0.66877, 44.81602 ], [ 0.66877, 44.81636 ], [ 0.66861, 44.81633 ], [ 0.66844, 44.81629 ], [ 0.66833, 44.81626 ], [ 0.66828, 44.81623 ], [ 0.66817, 44.81623 ], [ 0.66817, 44.81626 ], [ 0.66815, 44.81629 ], [ 0.66813, 44.81632 ], [ 0.66811, 44.81635 ], [ 0.66811, 44.81639 ], [ 0.66811, 44.81643 ], [ 0.66812, 44.81645 ], [ 0.66815, 44.81651 ], [ 0.66818, 44.81657 ], [ 0.66821, 44.81661 ], [ 0.66823, 44.81665 ], [ 0.66809, 44.81667 ], [ 0.66794, 44.81668 ], [ 0.66775, 44.8167 ], [ 0.66756, 44.81672 ], [ 0.66716, 44.81677 ], [ 0.66713, 44.81676 ], [ 0.66706, 44.81673 ], [ 0.66698, 44.81671 ], [ 0.66684, 44.81667 ], [ 0.66674, 44.81664 ], [ 0.66663, 44.81661 ], [ 0.66655, 44.8166 ], [ 0.66647, 44.81659 ], [ 0.66639, 44.81659 ], [ 0.66629, 44.81658 ], [ 0.6662, 44.81657 ], [ 0.6662, 44.81649 ], [ 0.66624, 44.81606 ], [ 0.66624, 44.81598 ], [ 0.6663, 44.81539 ], [ 0.6663, 44.81533 ], [ 0.66603, 44.81532 ], [ 0.66605, 44.81516 ], [ 0.66604, 44.81515 ], [ 0.66602, 44.81514 ], [ 0.666, 44.81514 ], [ 0.66599, 44.81512 ], [ 0.66598, 44.81509 ], [ 0.66596, 44.81506 ], [ 0.66595, 44.81504 ], [ 0.66594, 44.81502 ], [ 0.66594, 44.81496 ], [ 0.66589, 44.81495 ], [ 0.66583, 44.81494 ], [ 0.66574, 44.81492 ], [ 0.66565, 44.81491 ], [ 0.66554, 44.81489 ], [ 0.66539, 44.81486 ], [ 0.66533, 44.81485 ], [ 0.66528, 44.81485 ], [ 0.66517, 44.81483 ], [ 0.66507, 44.81481 ], [ 0.665, 44.8148 ], [ 0.66487, 44.81478 ], [ 0.66479, 44.81476 ], [ 0.66468, 44.81475 ], [ 0.66453, 44.81473 ], [ 0.66442, 44.81471 ], [ 0.66431, 44.8147 ], [ 0.66418, 44.81468 ], [ 0.66408, 44.81467 ], [ 0.66399, 44.81465 ], [ 0.66394, 44.81466 ], [ 0.66383, 44.81469 ], [ 0.66379, 44.8147 ], [ 0.66367, 44.81472 ], [ 0.66361, 44.81475 ], [ 0.66356, 44.81476 ], [ 0.6635, 44.81478 ], [ 0.66346, 44.8148 ], [ 0.66338, 44.81483 ], [ 0.66328, 44.81487 ], [ 0.66326, 44.81488 ], [ 0.66321, 44.81489 ], [ 0.66316, 44.81491 ], [ 0.66297, 44.81495 ], [ 0.6631, 44.81499 ], [ 0.66311, 44.815 ], [ 0.66315, 44.81502 ], [ 0.66321, 44.81504 ], [ 0.66336, 44.81509 ], [ 0.66345, 44.81511 ], [ 0.66359, 44.81515 ], [ 0.66372, 44.81518 ], [ 0.66387, 44.81523 ], [ 0.66397, 44.81527 ], [ 0.66411, 44.81532 ], [ 0.66424, 44.81539 ], [ 0.66437, 44.81543 ], [ 0.66457, 44.81552 ], [ 0.66464, 44.81555 ], [ 0.66475, 44.8156 ], [ 0.66492, 44.81568 ], [ 0.66501, 44.81572 ], [ 0.66508, 44.81576 ], [ 0.66517, 44.81582 ], [ 0.66522, 44.81584 ], [ 0.66522, 44.81586 ], [ 0.66523, 44.81587 ], [ 0.66523, 44.81588 ], [ 0.66523, 44.81589 ], [ 0.66523, 44.81592 ], [ 0.6652, 44.81598 ], [ 0.66518, 44.81609 ], [ 0.66514, 44.81616 ], [ 0.66512, 44.81621 ], [ 0.66512, 44.81622 ], [ 0.66511, 44.81624 ], [ 0.66512, 44.81626 ], [ 0.66513, 44.81628 ], [ 0.66514, 44.8163 ], [ 0.66517, 44.81633 ], [ 0.66525, 44.81638 ], [ 0.66534, 44.81645 ], [ 0.66543, 44.81649 ], [ 0.66543, 44.81653 ], [ 0.66541, 44.81656 ], [ 0.6654, 44.81659 ], [ 0.6654, 44.81663 ], [ 0.6654, 44.81666 ], [ 0.66542, 44.8167 ], [ 0.66545, 44.81675 ], [ 0.6655, 44.81679 ], [ 0.66553, 44.81684 ], [ 0.66556, 44.81687 ], [ 0.6656, 44.81697 ], [ 0.66565, 44.81706 ], [ 0.66569, 44.81715 ], [ 0.66571, 44.81722 ], [ 0.66573, 44.81727 ], [ 0.66575, 44.81731 ], [ 0.66574, 44.81737 ], [ 0.66575, 44.81743 ], [ 0.66575, 44.81752 ], [ 0.66574, 44.81756 ], [ 0.66574, 44.81761 ], [ 0.66571, 44.81768 ], [ 0.66569, 44.81776 ], [ 0.66567, 44.81786 ], [ 0.66566, 44.81795 ], [ 0.66564, 44.81803 ], [ 0.66563, 44.81807 ], [ 0.66563, 44.81813 ], [ 0.66563, 44.81817 ], [ 0.66563, 44.81822 ], [ 0.66563, 44.81826 ], [ 0.66566, 44.81832 ], [ 0.66571, 44.81838 ], [ 0.66574, 44.81842 ], [ 0.66575, 44.81846 ], [ 0.66577, 44.81852 ], [ 0.6658, 44.81858 ], [ 0.66583, 44.81867 ], [ 0.66587, 44.81876 ], [ 0.66591, 44.81885 ], [ 0.66594, 44.81889 ], [ 0.66596, 44.8189 ], [ 0.66592, 44.81891 ], [ 0.66564, 44.819 ], [ 0.66478, 44.81923 ], [ 0.6648, 44.8194 ], [ 0.6648, 44.81949 ], [ 0.66457, 44.81948 ], [ 0.66455, 44.81967 ], [ 0.66431, 44.81997 ], [ 0.66408, 44.82045 ], [ 0.66421, 44.82058 ], [ 0.66417, 44.82059 ], [ 0.66416, 44.82059 ], [ 0.66412, 44.8206 ], [ 0.66407, 44.82062 ], [ 0.66403, 44.82064 ], [ 0.6639, 44.82068 ], [ 0.66384, 44.8207 ], [ 0.66377, 44.82072 ], [ 0.66371, 44.82073 ], [ 0.66367, 44.82075 ], [ 0.66358, 44.82077 ], [ 0.66352, 44.82078 ], [ 0.66345, 44.82079 ], [ 0.66339, 44.8208 ], [ 0.66323, 44.82083 ], [ 0.66316, 44.8208 ], [ 0.66311, 44.82079 ], [ 0.66311, 44.82073 ], [ 0.66312, 44.82066 ], [ 0.66253, 44.82074 ], [ 0.66249, 44.82103 ], [ 0.66239, 44.8217 ], [ 0.66237, 44.82194 ], [ 0.66233, 44.82292 ], [ 0.66233, 44.82298 ], [ 0.66232, 44.82316 ], [ 0.66229, 44.82325 ], [ 0.66222, 44.82318 ], [ 0.66217, 44.82314 ], [ 0.66206, 44.82307 ], [ 0.66195, 44.82299 ], [ 0.66184, 44.82292 ], [ 0.66175, 44.82287 ], [ 0.66162, 44.82281 ], [ 0.66144, 44.82272 ], [ 0.66129, 44.82264 ], [ 0.66114, 44.82256 ], [ 0.66098, 44.82247 ], [ 0.66078, 44.82238 ], [ 0.66062, 44.8223 ], [ 0.6605, 44.82265 ], [ 0.6604, 44.823 ], [ 0.66035, 44.82299 ], [ 0.66025, 44.8234 ], [ 0.66023, 44.82352 ], [ 0.66018, 44.82365 ], [ 0.66016, 44.82374 ], [ 0.66013, 44.82383 ], [ 0.66001, 44.82408 ], [ 0.6599, 44.82434 ], [ 0.65988, 44.82441 ], [ 0.65966, 44.82506 ], [ 0.65962, 44.82519 ], [ 0.65959, 44.82524 ], [ 0.65957, 44.82543 ], [ 0.65929, 44.82602 ], [ 0.6592, 44.82625 ], [ 0.65931, 44.82623 ], [ 0.65946, 44.82619 ], [ 0.65964, 44.82615 ], [ 0.65978, 44.82612 ], [ 0.65982, 44.82611 ], [ 0.66009, 44.82623 ], [ 0.66023, 44.82629 ], [ 0.66028, 44.82632 ], [ 0.66039, 44.82639 ], [ 0.66049, 44.82645 ], [ 0.66064, 44.82654 ], [ 0.66076, 44.82663 ], [ 0.66096, 44.82678 ], [ 0.66111, 44.82688 ], [ 0.66122, 44.82696 ], [ 0.66126, 44.82699 ], [ 0.66137, 44.82709 ], [ 0.66153, 44.82722 ], [ 0.66159, 44.82727 ], [ 0.66181, 44.82742 ], [ 0.66183, 44.82743 ], [ 0.66189, 44.82744 ], [ 0.66198, 44.82744 ], [ 0.66203, 44.82744 ], [ 0.66207, 44.8279 ], [ 0.66126, 44.82849 ], [ 0.6612, 44.82851 ], [ 0.66102, 44.82858 ], [ 0.66042, 44.82882 ], [ 0.66033, 44.82888 ], [ 0.66019, 44.82892 ], [ 0.66107, 44.83031 ], [ 0.6612, 44.83026 ], [ 0.66131, 44.8302 ], [ 0.66156, 44.83004 ], [ 0.66169, 44.82995 ], [ 0.6618, 44.82988 ], [ 0.66196, 44.82977 ], [ 0.66213, 44.82968 ], [ 0.66233, 44.82955 ], [ 0.66246, 44.82948 ], [ 0.66265, 44.82935 ], [ 0.66293, 44.82919 ], [ 0.66304, 44.82912 ], [ 0.66321, 44.82904 ], [ 0.6635, 44.82892 ], [ 0.66359, 44.82887 ], [ 0.66364, 44.82885 ], [ 0.66378, 44.82881 ], [ 0.66397, 44.82875 ], [ 0.6641, 44.82874 ], [ 0.66417, 44.82872 ], [ 0.66437, 44.8287 ], [ 0.66465, 44.82866 ], [ 0.66484, 44.82865 ], [ 0.66496, 44.82862 ], [ 0.66498, 44.82862 ], [ 0.66499, 44.82861 ], [ 0.66499, 44.82859 ], [ 0.66501, 44.8285 ], [ 0.66502, 44.82843 ], [ 0.66502, 44.82835 ], [ 0.66504, 44.82832 ], [ 0.66505, 44.8282 ], [ 0.66507, 44.82814 ], [ 0.66508, 44.82809 ], [ 0.66508, 44.82806 ], [ 0.66511, 44.82801 ], [ 0.66512, 44.82799 ], [ 0.66515, 44.82795 ], [ 0.6652, 44.82788 ], [ 0.66525, 44.82781 ], [ 0.66529, 44.82777 ], [ 0.66537, 44.8277 ], [ 0.66545, 44.82763 ], [ 0.66554, 44.82755 ], [ 0.66567, 44.82745 ], [ 0.66575, 44.82739 ], [ 0.66584, 44.82733 ], [ 0.6659, 44.8273 ], [ 0.66598, 44.82727 ], [ 0.66607, 44.82723 ], [ 0.66618, 44.82718 ], [ 0.66629, 44.82714 ], [ 0.66635, 44.82711 ], [ 0.66643, 44.82709 ], [ 0.66648, 44.82708 ], [ 0.66653, 44.82706 ], [ 0.66658, 44.82706 ], [ 0.66663, 44.82704 ], [ 0.66677, 44.82701 ], [ 0.66686, 44.82701 ], [ 0.66695, 44.82699 ], [ 0.66702, 44.82698 ], [ 0.66707, 44.82697 ], [ 0.66715, 44.82697 ], [ 0.66721, 44.82697 ], [ 0.66728, 44.82696 ], [ 0.66737, 44.82695 ], [ 0.66744, 44.82693 ], [ 0.66753, 44.82693 ], [ 0.66761, 44.82691 ], [ 0.66767, 44.8269 ], [ 0.66776, 44.82688 ], [ 0.6679, 44.82685 ], [ 0.66804, 44.82683 ], [ 0.66814, 44.8268 ], [ 0.66824, 44.82677 ], [ 0.66832, 44.82676 ], [ 0.66842, 44.82673 ], [ 0.66857, 44.82669 ], [ 0.66864, 44.82667 ], [ 0.66874, 44.82664 ], [ 0.66882, 44.82662 ], [ 0.66888, 44.8266 ], [ 0.66895, 44.82657 ], [ 0.66901, 44.82654 ], [ 0.6691, 44.8265 ], [ 0.66918, 44.82646 ], [ 0.66927, 44.82642 ], [ 0.66933, 44.82639 ], [ 0.66938, 44.82635 ], [ 0.66945, 44.82631 ], [ 0.6695, 44.82627 ], [ 0.66954, 44.82625 ], [ 0.66958, 44.82619 ], [ 0.66963, 44.82615 ], [ 0.66965, 44.82611 ], [ 0.66969, 44.82608 ], [ 0.66971, 44.82605 ], [ 0.66972, 44.82602 ], [ 0.66976, 44.82594 ], [ 0.66977, 44.8259 ], [ 0.66979, 44.82584 ], [ 0.6698, 44.8258 ], [ 0.6698, 44.82574 ], [ 0.66981, 44.82571 ], [ 0.66981, 44.82567 ], [ 0.66981, 44.82565 ], [ 0.66981, 44.82562 ], [ 0.66979, 44.82552 ], [ 0.66976, 44.82543 ], [ 0.66975, 44.82536 ], [ 0.66975, 44.82532 ], [ 0.66974, 44.82529 ], [ 0.66974, 44.82522 ], [ 0.66981, 44.82519 ], [ 0.6698, 44.82512 ], [ 0.66979, 44.82504 ], [ 0.66978, 44.82492 ], [ 0.66978, 44.82474 ], [ 0.66978, 44.82473 ], [ 0.66972, 44.82465 ], [ 0.66948, 44.82463 ], [ 0.66863, 44.82471 ], [ 0.66864, 44.82484 ], [ 0.66805, 44.82488 ], [ 0.66724, 44.82494 ], [ 0.66712, 44.82435 ], [ 0.66765, 44.8243 ], [ 0.66769, 44.82424 ], [ 0.66758, 44.82362 ], [ 0.66772, 44.82353 ], [ 0.66771, 44.82351 ], [ 0.66771, 44.82346 ], [ 0.6677, 44.82337 ], [ 0.66768, 44.82324 ], [ 0.66768, 44.82314 ], [ 0.66766, 44.82303 ], [ 0.66765, 44.82288 ], [ 0.66762, 44.82264 ], [ 0.6676, 44.82244 ], [ 0.66759, 44.82241 ], [ 0.66759, 44.82234 ], [ 0.66758, 44.8223 ], [ 0.66758, 44.82228 ], [ 0.6676, 44.82223 ], [ 0.6676, 44.82214 ], [ 0.6676, 44.82204 ], [ 0.6676, 44.82198 ], [ 0.66762, 44.82192 ], [ 0.66762, 44.82188 ], [ 0.66762, 44.82183 ], [ 0.66763, 44.8218 ], [ 0.66763, 44.82177 ], [ 0.66763, 44.82176 ], [ 0.66763, 44.82175 ], [ 0.66771, 44.82163 ], [ 0.66771, 44.82162 ], [ 0.66773, 44.82161 ], [ 0.66774, 44.82159 ], [ 0.66774, 44.82158 ], [ 0.66775, 44.82157 ], [ 0.66778, 44.82155 ], [ 0.66781, 44.82152 ], [ 0.66785, 44.82148 ], [ 0.66787, 44.82146 ], [ 0.6679, 44.82144 ], [ 0.66791, 44.82143 ], [ 0.66794, 44.82141 ], [ 0.66799, 44.82135 ], [ 0.66804, 44.82131 ], [ 0.66808, 44.82127 ], [ 0.66809, 44.82125 ], [ 0.66812, 44.82122 ], [ 0.66816, 44.82119 ], [ 0.66818, 44.82115 ], [ 0.66822, 44.82112 ], [ 0.66825, 44.82108 ], [ 0.66826, 44.82105 ], [ 0.66828, 44.82103 ], [ 0.6683, 44.82098 ], [ 0.66832, 44.82095 ], [ 0.66834, 44.82091 ], [ 0.66836, 44.82088 ], [ 0.66836, 44.82085 ], [ 0.66837, 44.8208 ], [ 0.66839, 44.82075 ], [ 0.66841, 44.82069 ], [ 0.66843, 44.82064 ], [ 0.66844, 44.82059 ], [ 0.66845, 44.82055 ], [ 0.66846, 44.82053 ], [ 0.66846, 44.82052 ], [ 0.66847, 44.82049 ], [ 0.66847, 44.82047 ], [ 0.66852, 44.82034 ], [ 0.66852, 44.82033 ], [ 0.66852, 44.82032 ], [ 0.66853, 44.8203 ], [ 0.66854, 44.82025 ], [ 0.66855, 44.82021 ], [ 0.66857, 44.82018 ], [ 0.66858, 44.82016 ], [ 0.66859, 44.82012 ], [ 0.66861, 44.8201 ], [ 0.66862, 44.82009 ], [ 0.66863, 44.82008 ], [ 0.66865, 44.82006 ], [ 0.66865, 44.82005 ], [ 0.66866, 44.82005 ], [ 0.66867, 44.82004 ], [ 0.66868, 44.82004 ], [ 0.6687, 44.82004 ], [ 0.66871, 44.82005 ], [ 0.66875, 44.82006 ], [ 0.66881, 44.82007 ], [ 0.66891, 44.8201 ], [ 0.66904, 44.82013 ], [ 0.66919, 44.82017 ], [ 0.66929, 44.82019 ], [ 0.66941, 44.82022 ], [ 0.66953, 44.82024 ], [ 0.66958, 44.82025 ], [ 0.66965, 44.82026 ], [ 0.66975, 44.82028 ], [ 0.66985, 44.8203 ], [ 0.66998, 44.82033 ], [ 0.66991, 44.82046 ], [ 0.67015, 44.82049 ], [ 0.67021, 44.8205 ], [ 0.6703, 44.82052 ], [ 0.67053, 44.82052 ], [ 0.67054, 44.82055 ], [ 0.67054, 44.82057 ], [ 0.67058, 44.82057 ], [ 0.67069, 44.82057 ], [ 0.6707, 44.82065 ], [ 0.67074, 44.82065 ], [ 0.6708, 44.82065 ], [ 0.67084, 44.82065 ], [ 0.67083, 44.82068 ], [ 0.67081, 44.82075 ], [ 0.6708, 44.82082 ], [ 0.67091, 44.82083 ], [ 0.6716, 44.82088 ], [ 0.67159, 44.82091 ], [ 0.67159, 44.82092 ], [ 0.67159, 44.82094 ], [ 0.67158, 44.82097 ], [ 0.67156, 44.821 ], [ 0.67155, 44.82108 ], [ 0.67155, 44.82109 ], [ 0.67152, 44.82117 ], [ 0.67149, 44.82126 ], [ 0.67148, 44.82132 ], [ 0.67146, 44.82137 ], [ 0.67145, 44.82142 ], [ 0.67144, 44.82146 ], [ 0.67143, 44.82151 ], [ 0.67143, 44.82154 ], [ 0.67142, 44.82156 ], [ 0.67139, 44.82165 ], [ 0.67138, 44.82171 ], [ 0.67136, 44.82176 ], [ 0.67135, 44.8218 ], [ 0.67135, 44.82184 ], [ 0.67134, 44.82186 ], [ 0.67134, 44.82187 ], [ 0.67132, 44.82188 ], [ 0.67132, 44.8219 ], [ 0.67131, 44.82192 ], [ 0.6713, 44.82193 ], [ 0.67129, 44.82195 ], [ 0.67128, 44.82198 ], [ 0.67128, 44.822 ], [ 0.67129, 44.82202 ], [ 0.67129, 44.82203 ], [ 0.67129, 44.82205 ], [ 0.67128, 44.82207 ], [ 0.67128, 44.82209 ], [ 0.67135, 44.82207 ], [ 0.67147, 44.82206 ], [ 0.67163, 44.82203 ], [ 0.67168, 44.82209 ], [ 0.67168, 44.8221 ], [ 0.67165, 44.82233 ], [ 0.67165, 44.82236 ], [ 0.67164, 44.82241 ], [ 0.67162, 44.82253 ], [ 0.67156, 44.82252 ], [ 0.67154, 44.82262 ], [ 0.67153, 44.8227 ], [ 0.67151, 44.8227 ], [ 0.6714, 44.82269 ], [ 0.67135, 44.82269 ], [ 0.67136, 44.82271 ], [ 0.67136, 44.82274 ], [ 0.67136, 44.82276 ], [ 0.67136, 44.82278 ], [ 0.67137, 44.8228 ], [ 0.67136, 44.82284 ], [ 0.67136, 44.8229 ], [ 0.67135, 44.82296 ], [ 0.67135, 44.823 ], [ 0.67135, 44.82303 ], [ 0.67135, 44.82306 ], [ 0.67136, 44.8231 ], [ 0.67137, 44.82312 ], [ 0.67139, 44.82315 ], [ 0.6714, 44.82318 ], [ 0.6714, 44.8232 ], [ 0.67141, 44.82324 ], [ 0.67141, 44.82327 ], [ 0.67141, 44.8233 ], [ 0.67141, 44.8233 ], [ 0.67139, 44.82333 ], [ 0.67138, 44.82336 ], [ 0.67138, 44.82339 ], [ 0.67137, 44.82341 ], [ 0.67135, 44.82347 ], [ 0.67132, 44.82351 ], [ 0.67131, 44.82355 ], [ 0.67131, 44.82359 ], [ 0.67132, 44.82362 ], [ 0.67133, 44.82365 ], [ 0.67136, 44.8237 ], [ 0.67139, 44.82378 ], [ 0.6714, 44.82384 ], [ 0.67143, 44.82387 ], [ 0.67143, 44.82391 ], [ 0.67144, 44.82393 ], [ 0.67144, 44.82393 ], [ 0.67144, 44.82396 ], [ 0.67144, 44.82398 ], [ 0.67142, 44.82402 ], [ 0.67141, 44.82406 ], [ 0.67141, 44.82411 ], [ 0.67139, 44.82416 ], [ 0.67138, 44.82419 ], [ 0.67139, 44.82421 ], [ 0.67138, 44.82425 ], [ 0.67139, 44.82426 ], [ 0.6714, 44.8243 ], [ 0.67141, 44.82433 ], [ 0.67144, 44.82438 ], [ 0.67144, 44.82442 ], [ 0.67145, 44.82444 ], [ 0.67145, 44.82447 ], [ 0.67146, 44.82453 ], [ 0.67146, 44.82455 ], [ 0.67146, 44.82459 ], [ 0.67146, 44.82464 ], [ 0.67144, 44.82469 ], [ 0.67143, 44.82475 ], [ 0.67143, 44.82478 ], [ 0.67141, 44.82481 ], [ 0.67141, 44.82483 ], [ 0.67147, 44.82486 ], [ 0.6715, 44.82487 ], [ 0.67156, 44.8249 ], [ 0.67164, 44.82493 ], [ 0.67175, 44.82498 ], [ 0.67199, 44.82509 ], [ 0.6721, 44.82513 ], [ 0.67215, 44.82515 ], [ 0.67221, 44.82518 ], [ 0.67228, 44.82522 ], [ 0.67237, 44.82525 ], [ 0.6724, 44.82526 ], [ 0.67241, 44.82526 ], [ 0.67242, 44.82526 ], [ 0.67245, 44.82527 ], [ 0.67246, 44.82527 ], [ 0.67247, 44.82528 ], [ 0.6725, 44.82528 ], [ 0.67251, 44.82529 ], [ 0.67252, 44.8253 ], [ 0.67253, 44.82531 ], [ 0.67255, 44.82532 ], [ 0.67256, 44.82533 ], [ 0.67258, 44.82534 ], [ 0.6726, 44.82535 ], [ 0.67263, 44.82537 ], [ 0.67263, 44.82537 ], [ 0.67265, 44.82538 ], [ 0.67267, 44.82538 ], [ 0.67268, 44.82539 ], [ 0.67272, 44.8254 ], [ 0.67276, 44.82541 ], [ 0.67281, 44.82543 ], [ 0.67282, 44.82542 ], [ 0.67283, 44.82543 ], [ 0.67282, 44.8254 ], [ 0.67281, 44.82536 ], [ 0.67279, 44.8253 ], [ 0.67278, 44.82523 ], [ 0.67276, 44.82522 ], [ 0.67277, 44.82519 ], [ 0.67276, 44.82513 ], [ 0.67274, 44.8251 ], [ 0.67274, 44.82505 ], [ 0.67273, 44.82501 ], [ 0.67273, 44.82496 ], [ 0.67275, 44.82492 ], [ 0.67276, 44.8248 ], [ 0.67278, 44.82473 ], [ 0.67281, 44.82467 ], [ 0.67282, 44.82462 ], [ 0.67284, 44.82457 ], [ 0.67285, 44.82452 ], [ 0.67286, 44.82449 ], [ 0.67288, 44.82445 ], [ 0.67292, 44.82438 ], [ 0.67296, 44.82431 ], [ 0.67298, 44.82425 ], [ 0.67305, 44.82413 ], [ 0.67312, 44.82402 ], [ 0.67314, 44.82399 ], [ 0.67316, 44.82396 ], [ 0.67321, 44.82389 ], [ 0.67324, 44.82385 ], [ 0.67325, 44.82383 ], [ 0.67326, 44.82381 ], [ 0.67328, 44.82379 ], [ 0.67329, 44.82378 ], [ 0.67329, 44.82377 ], [ 0.67329, 44.82376 ], [ 0.6733, 44.82376 ], [ 0.6733, 44.82375 ], [ 0.6733, 44.82372 ], [ 0.6733, 44.82368 ], [ 0.67332, 44.82362 ], [ 0.67332, 44.82358 ], [ 0.67332, 44.82353 ], [ 0.67332, 44.8235 ], [ 0.67331, 44.82348 ], [ 0.67331, 44.82343 ], [ 0.6733, 44.82338 ], [ 0.67328, 44.82328 ], [ 0.67327, 44.82322 ], [ 0.67324, 44.82312 ], [ 0.67325, 44.82308 ], [ 0.67323, 44.82304 ], [ 0.67324, 44.82299 ], [ 0.67325, 44.82296 ], [ 0.67325, 44.82295 ], [ 0.67325, 44.82292 ], [ 0.67326, 44.82287 ], [ 0.67329, 44.82282 ], [ 0.67331, 44.82278 ], [ 0.67331, 44.82274 ], [ 0.67332, 44.82271 ], [ 0.67333, 44.82269 ], [ 0.67336, 44.82263 ], [ 0.67339, 44.82256 ], [ 0.6734, 44.82252 ], [ 0.67341, 44.82251 ], [ 0.67341, 44.8225 ], [ 0.67342, 44.82249 ], [ 0.6734, 44.82248 ], [ 0.67339, 44.82248 ], [ 0.67339, 44.82247 ], [ 0.67343, 44.82237 ], [ 0.67343, 44.82236 ], [ 0.67345, 44.82233 ], [ 0.67346, 44.82226 ], [ 0.67347, 44.82219 ], [ 0.6735, 44.82211 ], [ 0.6735, 44.82208 ], [ 0.67352, 44.82203 ], [ 0.67353, 44.82197 ], [ 0.67357, 44.82185 ], [ 0.67359, 44.82177 ], [ 0.67362, 44.82169 ], [ 0.67363, 44.82162 ], [ 0.67366, 44.82154 ], [ 0.67367, 44.82145 ], [ 0.6737, 44.82138 ], [ 0.67372, 44.82131 ], [ 0.67372, 44.8213 ], [ 0.67376, 44.82113 ], [ 0.67379, 44.82107 ], [ 0.67393, 44.82086 ], [ 0.67398, 44.82081 ], [ 0.67435, 44.82046 ], [ 0.67454, 44.8203 ], [ 0.67462, 44.82025 ], [ 0.67471, 44.82021 ], [ 0.67494, 44.82008 ], [ 0.67517, 44.81997 ], [ 0.67525, 44.81993 ], [ 0.67531, 44.81989 ], [ 0.67536, 44.81985 ], [ 0.67539, 44.81982 ], [ 0.67546, 44.81975 ], [ 0.67559, 44.81957 ], [ 0.67564, 44.8195 ], [ 0.67568, 44.81942 ], [ 0.6758, 44.81921 ], [ 0.67585, 44.81911 ], [ 0.67588, 44.81904 ], [ 0.67591, 44.81897 ], [ 0.67594, 44.81889 ], [ 0.67594, 44.81886 ], [ 0.67594, 44.81877 ], [ 0.67593, 44.81871 ], [ 0.6759, 44.81857 ], [ 0.67586, 44.81844 ], [ 0.67585, 44.81841 ], [ 0.67573, 44.81815 ], [ 0.67571, 44.81809 ], [ 0.67568, 44.81804 ], [ 0.67567, 44.81801 ], [ 0.67566, 44.81791 ], [ 0.67565, 44.81787 ], [ 0.67566, 44.81784 ], [ 0.67571, 44.81761 ], [ 0.67574, 44.8175 ], [ 0.67578, 44.81735 ], [ 0.67573, 44.81735 ], [ 0.67568, 44.81736 ], [ 0.67557, 44.81729 ], [ 0.67532, 44.81716 ], [ 0.67521, 44.81711 ], [ 0.67513, 44.81707 ], [ 0.67507, 44.81704 ], [ 0.67502, 44.81702 ], [ 0.67498, 44.81701 ], [ 0.67508, 44.81681 ], [ 0.6749, 44.81679 ], [ 0.6749, 44.81675 ], [ 0.6749, 44.81674 ], [ 0.6749, 44.81666 ], [ 0.67494, 44.81659 ], [ 0.67494, 44.81657 ], [ 0.67494, 44.81655 ], [ 0.67496, 44.81652 ], [ 0.67496, 44.8165 ], [ 0.67497, 44.81648 ], [ 0.67497, 44.8164 ], [ 0.67498, 44.81628 ], [ 0.67505, 44.81628 ], [ 0.67504, 44.81616 ], [ 0.67503, 44.81605 ], [ 0.67504, 44.81603 ], [ 0.67521, 44.81601 ], [ 0.67538, 44.81598 ], [ 0.6754, 44.81598 ], [ 0.67538, 44.81592 ], [ 0.67537, 44.81587 ], [ 0.67555, 44.81586 ], [ 0.67556, 44.81588 ], [ 0.67595, 44.81592 ], [ 0.6762, 44.81594 ], [ 0.67623, 44.81593 ], [ 0.67632, 44.81592 ], [ 0.67643, 44.81591 ], [ 0.67645, 44.81591 ], [ 0.67648, 44.81605 ], [ 0.67647, 44.81611 ], [ 0.67658, 44.8161 ], [ 0.67666, 44.8161 ], [ 0.67674, 44.8161 ], [ 0.67682, 44.81609 ], [ 0.67685, 44.8161 ], [ 0.6769, 44.81611 ], [ 0.67697, 44.81613 ], [ 0.67702, 44.81614 ], [ 0.67707, 44.81616 ], [ 0.67723, 44.81623 ], [ 0.67732, 44.81627 ], [ 0.67739, 44.81631 ], [ 0.67744, 44.81633 ], [ 0.6775, 44.81635 ], [ 0.67754, 44.81637 ], [ 0.67762, 44.81638 ], [ 0.67768, 44.81639 ], [ 0.67775, 44.8164 ], [ 0.67786, 44.8164 ], [ 0.67796, 44.8164 ], [ 0.67808, 44.81641 ], [ 0.67823, 44.81642 ], [ 0.67839, 44.81642 ], [ 0.67849, 44.81636 ], [ 0.67854, 44.81633 ], [ 0.6786, 44.81631 ], [ 0.67869, 44.81628 ], [ 0.67878, 44.81625 ], [ 0.67888, 44.81622 ], [ 0.67896, 44.81619 ], [ 0.67901, 44.81619 ], [ 0.67904, 44.81618 ], [ 0.67905, 44.81618 ], [ 0.67908, 44.81618 ], [ 0.67911, 44.81616 ], [ 0.67916, 44.81615 ], [ 0.67932, 44.81578 ], [ 0.67951, 44.81519 ], [ 0.67958, 44.81502 ], [ 0.67826, 44.81474 ], [ 0.67732, 44.81454 ], [ 0.67729, 44.81461 ], [ 0.67726, 44.81468 ], [ 0.67725, 44.81472 ], [ 0.67722, 44.8148 ], [ 0.67719, 44.81494 ], [ 0.67718, 44.81498 ], [ 0.67716, 44.81502 ], [ 0.67715, 44.81506 ], [ 0.67714, 44.8151 ], [ 0.67712, 44.81519 ], [ 0.67711, 44.81528 ], [ 0.6771, 44.81529 ], [ 0.6771, 44.8153 ], [ 0.67713, 44.81535 ], [ 0.67715, 44.81539 ], [ 0.67713, 44.81543 ], [ 0.67651, 44.81541 ], [ 0.67625, 44.81541 ], [ 0.6762, 44.81541 ], [ 0.67617, 44.81541 ], [ 0.67561, 44.81549 ], [ 0.67526, 44.81554 ], [ 0.6752, 44.81485 ], [ 0.67522, 44.81459 ], [ 0.67518, 44.81459 ], [ 0.67486, 44.81429 ], [ 0.67484, 44.81423 ], [ 0.67481, 44.81415 ], [ 0.6748, 44.81411 ], [ 0.67479, 44.81408 ], [ 0.67486, 44.81394 ], [ 0.67461, 44.81389 ], [ 0.67404, 44.81374 ], [ 0.67404, 44.81368 ], [ 0.67406, 44.81362 ], [ 0.674, 44.8136 ], [ 0.67386, 44.8136 ], [ 0.67368, 44.8136 ], [ 0.67365, 44.8136 ], [ 0.67359, 44.81361 ], [ 0.67346, 44.81363 ], [ 0.67336, 44.81364 ], [ 0.6732, 44.81368 ], [ 0.67312, 44.81369 ], [ 0.67307, 44.8137 ], [ 0.6729, 44.81374 ], [ 0.67263, 44.81378 ], [ 0.6724, 44.81381 ], [ 0.6723, 44.81383 ], [ 0.67226, 44.81384 ], [ 0.67218, 44.81387 ], [ 0.67207, 44.8139 ], [ 0.67205, 44.81391 ], [ 0.672, 44.81397 ], [ 0.67195, 44.81402 ], [ 0.67191, 44.81406 ], [ 0.67188, 44.81414 ], [ 0.67185, 44.81421 ], [ 0.67183, 44.81431 ], [ 0.67179, 44.81439 ], [ 0.67177, 44.81444 ], [ 0.67174, 44.81448 ], [ 0.67171, 44.81452 ], [ 0.67168, 44.81456 ], [ 0.67164, 44.8146 ], [ 0.67161, 44.81461 ], [ 0.67155, 44.81465 ], [ 0.67149, 44.81471 ], [ 0.67143, 44.81476 ], [ 0.67141, 44.81478 ], [ 0.67139, 44.81481 ], [ 0.67139, 44.81485 ], [ 0.67145, 44.81491 ], [ 0.67159, 44.81506 ], [ 0.67151, 44.81513 ] ] ], [ [ [ 0.64484, 44.82864 ], [ 0.64475, 44.82861 ], [ 0.64469, 44.82859 ], [ 0.64445, 44.82853 ], [ 0.64434, 44.8285 ], [ 0.64432, 44.82846 ], [ 0.64415, 44.82844 ], [ 0.64411, 44.82843 ], [ 0.64393, 44.82842 ], [ 0.64391, 44.82854 ], [ 0.64377, 44.82852 ], [ 0.64364, 44.82851 ], [ 0.64362, 44.82851 ], [ 0.64361, 44.82853 ], [ 0.6434, 44.82851 ], [ 0.64336, 44.82851 ], [ 0.64332, 44.82852 ], [ 0.64331, 44.82853 ], [ 0.64326, 44.82852 ], [ 0.64325, 44.82852 ], [ 0.6429, 44.82847 ], [ 0.64209, 44.83007 ], [ 0.64194, 44.83029 ], [ 0.64248, 44.83044 ], [ 0.64248, 44.83045 ], [ 0.64325, 44.83067 ], [ 0.6449, 44.83114 ], [ 0.64546, 44.83131 ], [ 0.64602, 44.831 ], [ 0.6463, 44.83093 ], [ 0.64773, 44.83074 ], [ 0.64847, 44.83047 ], [ 0.64876, 44.83029 ], [ 0.64924, 44.83018 ], [ 0.64943, 44.83013 ], [ 0.64948, 44.83011 ], [ 0.64959, 44.83007 ], [ 0.65003, 44.82989 ], [ 0.6501, 44.82986 ], [ 0.65009, 44.8298 ], [ 0.65015, 44.82978 ], [ 0.6502, 44.82977 ], [ 0.65033, 44.82971 ], [ 0.6505, 44.82965 ], [ 0.65066, 44.82958 ], [ 0.65076, 44.82955 ], [ 0.65096, 44.82947 ], [ 0.65117, 44.82938 ], [ 0.6513, 44.82933 ], [ 0.65148, 44.82925 ], [ 0.65166, 44.82918 ], [ 0.65188, 44.82909 ], [ 0.65203, 44.82903 ], [ 0.65179, 44.82863 ], [ 0.65162, 44.82835 ], [ 0.65149, 44.82812 ], [ 0.65145, 44.82807 ], [ 0.65141, 44.82796 ], [ 0.65134, 44.8278 ], [ 0.65129, 44.82767 ], [ 0.65125, 44.82757 ], [ 0.65123, 44.82751 ], [ 0.65121, 44.82742 ], [ 0.65119, 44.82724 ], [ 0.65117, 44.82715 ], [ 0.65117, 44.82707 ], [ 0.65117, 44.82696 ], [ 0.65119, 44.82686 ], [ 0.65119, 44.82684 ], [ 0.65125, 44.82671 ], [ 0.65131, 44.82662 ], [ 0.6516, 44.82654 ], [ 0.65173, 44.82651 ], [ 0.65172, 44.82634 ], [ 0.65172, 44.82629 ], [ 0.65174, 44.82626 ], [ 0.65175, 44.82619 ], [ 0.65199, 44.82538 ], [ 0.65214, 44.82493 ], [ 0.65224, 44.8247 ], [ 0.6525, 44.82411 ], [ 0.65236, 44.82409 ], [ 0.65221, 44.82407 ], [ 0.65211, 44.82406 ], [ 0.65198, 44.82405 ], [ 0.65183, 44.82405 ], [ 0.6517, 44.82404 ], [ 0.65166, 44.82404 ], [ 0.6516, 44.82403 ], [ 0.65149, 44.82403 ], [ 0.65141, 44.82402 ], [ 0.65135, 44.82401 ], [ 0.65124, 44.824 ], [ 0.65112, 44.82398 ], [ 0.65095, 44.82396 ], [ 0.65064, 44.82393 ], [ 0.65061, 44.82391 ], [ 0.65043, 44.82382 ], [ 0.65027, 44.82375 ], [ 0.65022, 44.82372 ], [ 0.65007, 44.82366 ], [ 0.64983, 44.82357 ], [ 0.64975, 44.82353 ], [ 0.64972, 44.82352 ], [ 0.6496, 44.82344 ], [ 0.64948, 44.82338 ], [ 0.64939, 44.82332 ], [ 0.64931, 44.82327 ], [ 0.64924, 44.82322 ], [ 0.64916, 44.82317 ], [ 0.64905, 44.82311 ], [ 0.64896, 44.82305 ], [ 0.64888, 44.82301 ], [ 0.6488, 44.82297 ], [ 0.64876, 44.82295 ], [ 0.64868, 44.82291 ], [ 0.6486, 44.82288 ], [ 0.64851, 44.82284 ], [ 0.64845, 44.82281 ], [ 0.64839, 44.82278 ], [ 0.64833, 44.82277 ], [ 0.64826, 44.82275 ], [ 0.64826, 44.82276 ], [ 0.64825, 44.82276 ], [ 0.64805, 44.82327 ], [ 0.64803, 44.8233 ], [ 0.64784, 44.82379 ], [ 0.64783, 44.82383 ], [ 0.64775, 44.82404 ], [ 0.64762, 44.8243 ], [ 0.64755, 44.82448 ], [ 0.64743, 44.82478 ], [ 0.64738, 44.82484 ], [ 0.64723, 44.82503 ], [ 0.64725, 44.82504 ], [ 0.64698, 44.82539 ], [ 0.64691, 44.82536 ], [ 0.64683, 44.82533 ], [ 0.64673, 44.8253 ], [ 0.6467, 44.8253 ], [ 0.64663, 44.82529 ], [ 0.64658, 44.82528 ], [ 0.64653, 44.82529 ], [ 0.64649, 44.8253 ], [ 0.64646, 44.82531 ], [ 0.64643, 44.82531 ], [ 0.64642, 44.82532 ], [ 0.64636, 44.82538 ], [ 0.64626, 44.8255 ], [ 0.64621, 44.82558 ], [ 0.64614, 44.82567 ], [ 0.64607, 44.82577 ], [ 0.646, 44.82588 ], [ 0.64594, 44.82597 ], [ 0.64586, 44.82606 ], [ 0.64577, 44.82615 ], [ 0.64572, 44.8262 ], [ 0.6452, 44.82594 ], [ 0.64517, 44.82594 ], [ 0.64463, 44.82619 ], [ 0.64414, 44.82659 ], [ 0.64379, 44.82693 ], [ 0.64363, 44.82715 ], [ 0.64363, 44.82716 ], [ 0.64333, 44.82708 ], [ 0.64318, 44.82758 ], [ 0.6429, 44.82825 ], [ 0.64302, 44.82824 ], [ 0.64316, 44.82824 ], [ 0.64348, 44.82822 ], [ 0.64355, 44.82822 ], [ 0.64362, 44.82822 ], [ 0.6436, 44.82816 ], [ 0.64361, 44.82813 ], [ 0.64362, 44.8281 ], [ 0.64365, 44.82806 ], [ 0.64369, 44.82801 ], [ 0.64376, 44.82794 ], [ 0.6438, 44.8279 ], [ 0.64382, 44.82786 ], [ 0.64384, 44.82784 ], [ 0.64385, 44.82783 ], [ 0.64386, 44.82782 ], [ 0.64388, 44.82782 ], [ 0.6439, 44.82783 ], [ 0.64394, 44.82783 ], [ 0.64416, 44.8279 ], [ 0.64415, 44.82782 ], [ 0.64414, 44.82775 ], [ 0.6441, 44.82744 ], [ 0.64408, 44.8273 ], [ 0.6441, 44.82727 ], [ 0.64426, 44.82732 ], [ 0.64436, 44.82735 ], [ 0.64453, 44.82705 ], [ 0.64459, 44.82695 ], [ 0.64463, 44.82689 ], [ 0.64465, 44.82684 ], [ 0.64467, 44.82681 ], [ 0.64469, 44.82678 ], [ 0.64477, 44.82671 ], [ 0.64495, 44.8265 ], [ 0.64498, 44.82648 ], [ 0.645, 44.82651 ], [ 0.64503, 44.82652 ], [ 0.64514, 44.82644 ], [ 0.6452, 44.8264 ], [ 0.64531, 44.82644 ], [ 0.64537, 44.82648 ], [ 0.64541, 44.82653 ], [ 0.64553, 44.82662 ], [ 0.64552, 44.82668 ], [ 0.64549, 44.82673 ], [ 0.64548, 44.82675 ], [ 0.64524, 44.82702 ], [ 0.64523, 44.82704 ], [ 0.64517, 44.82713 ], [ 0.6452, 44.82715 ], [ 0.64489, 44.82763 ], [ 0.64481, 44.82777 ], [ 0.64506, 44.82784 ], [ 0.64505, 44.82786 ], [ 0.64497, 44.82801 ], [ 0.64496, 44.82803 ], [ 0.64522, 44.82813 ], [ 0.64514, 44.82828 ], [ 0.64525, 44.82834 ], [ 0.6454, 44.82842 ], [ 0.64555, 44.82846 ], [ 0.6455, 44.82853 ], [ 0.64545, 44.82852 ], [ 0.64524, 44.82845 ], [ 0.64509, 44.82839 ], [ 0.64505, 44.82845 ], [ 0.64497, 44.82859 ], [ 0.64489, 44.82856 ], [ 0.64484, 44.82864 ] ] ], [ [ [ 0.67608, 44.82695 ], [ 0.67619, 44.82689 ], [ 0.67629, 44.82684 ], [ 0.67635, 44.82682 ], [ 0.67644, 44.82676 ], [ 0.67654, 44.8267 ], [ 0.67659, 44.82668 ], [ 0.67674, 44.82658 ], [ 0.67681, 44.82653 ], [ 0.67686, 44.82651 ], [ 0.6769, 44.82648 ], [ 0.67694, 44.82646 ], [ 0.67696, 44.82646 ], [ 0.67698, 44.82647 ], [ 0.67705, 44.82643 ], [ 0.67712, 44.8264 ], [ 0.67719, 44.82636 ], [ 0.67727, 44.82634 ], [ 0.67739, 44.8263 ], [ 0.67751, 44.82627 ], [ 0.67761, 44.82623 ], [ 0.67768, 44.82621 ], [ 0.67774, 44.8262 ], [ 0.67784, 44.82619 ], [ 0.67792, 44.82617 ], [ 0.67795, 44.82617 ], [ 0.67796, 44.82617 ], [ 0.67808, 44.82617 ], [ 0.67814, 44.82616 ], [ 0.67822, 44.82615 ], [ 0.6783, 44.82614 ], [ 0.67836, 44.82614 ], [ 0.67841, 44.82613 ], [ 0.67845, 44.82612 ], [ 0.67853, 44.8261 ], [ 0.67859, 44.82608 ], [ 0.67867, 44.82604 ], [ 0.67876, 44.82601 ], [ 0.67886, 44.82596 ], [ 0.67895, 44.82593 ], [ 0.67907, 44.82588 ], [ 0.67914, 44.82584 ], [ 0.67922, 44.82581 ], [ 0.67927, 44.82578 ], [ 0.67932, 44.82577 ], [ 0.67926, 44.82566 ], [ 0.67925, 44.82564 ], [ 0.67924, 44.82563 ], [ 0.6792, 44.82559 ], [ 0.67916, 44.82554 ], [ 0.67913, 44.82549 ], [ 0.67909, 44.82544 ], [ 0.67907, 44.82538 ], [ 0.67904, 44.82534 ], [ 0.67903, 44.82532 ], [ 0.679, 44.82516 ], [ 0.67897, 44.82503 ], [ 0.67893, 44.82488 ], [ 0.67889, 44.82473 ], [ 0.67885, 44.8246 ], [ 0.67884, 44.82454 ], [ 0.67881, 44.82442 ], [ 0.67878, 44.82432 ], [ 0.67873, 44.82413 ], [ 0.67869, 44.82402 ], [ 0.67866, 44.8239 ], [ 0.67865, 44.82385 ], [ 0.67862, 44.82375 ], [ 0.6786, 44.82365 ], [ 0.67859, 44.82359 ], [ 0.67858, 44.82355 ], [ 0.67836, 44.82363 ], [ 0.67832, 44.82364 ], [ 0.67821, 44.82368 ], [ 0.67813, 44.82368 ], [ 0.67806, 44.8237 ], [ 0.67803, 44.8237 ], [ 0.67797, 44.8237 ], [ 0.67785, 44.8237 ], [ 0.67774, 44.82369 ], [ 0.67765, 44.82368 ], [ 0.67745, 44.82365 ], [ 0.67741, 44.82363 ], [ 0.67733, 44.82359 ], [ 0.67724, 44.82355 ], [ 0.67719, 44.82352 ], [ 0.67708, 44.82345 ], [ 0.67698, 44.8234 ], [ 0.67689, 44.82337 ], [ 0.67682, 44.82332 ], [ 0.6768, 44.82332 ], [ 0.67678, 44.82331 ], [ 0.67674, 44.8233 ], [ 0.6767, 44.82329 ], [ 0.67667, 44.82328 ], [ 0.6766, 44.82327 ], [ 0.67658, 44.82327 ], [ 0.67653, 44.82327 ], [ 0.67649, 44.82328 ], [ 0.67646, 44.82329 ], [ 0.67645, 44.82329 ], [ 0.67644, 44.8233 ], [ 0.67641, 44.82331 ], [ 0.67639, 44.82333 ], [ 0.67637, 44.82334 ], [ 0.67608, 44.82389 ], [ 0.67561, 44.82378 ], [ 0.67542, 44.82437 ], [ 0.6751, 44.82439 ], [ 0.67501, 44.82446 ], [ 0.67497, 44.82448 ], [ 0.67485, 44.82455 ], [ 0.67481, 44.82458 ], [ 0.67478, 44.8246 ], [ 0.67476, 44.82461 ], [ 0.67473, 44.82462 ], [ 0.67469, 44.82464 ], [ 0.67467, 44.82465 ], [ 0.67464, 44.82466 ], [ 0.6746, 44.82469 ], [ 0.67455, 44.82473 ], [ 0.67448, 44.82477 ], [ 0.67446, 44.82479 ], [ 0.67445, 44.82481 ], [ 0.67443, 44.82483 ], [ 0.67443, 44.82486 ], [ 0.67443, 44.82488 ], [ 0.67443, 44.82492 ], [ 0.67443, 44.82492 ], [ 0.67443, 44.82496 ], [ 0.67443, 44.82497 ], [ 0.67443, 44.82503 ], [ 0.67441, 44.8251 ], [ 0.67441, 44.82513 ], [ 0.6744, 44.82518 ], [ 0.67437, 44.82527 ], [ 0.67434, 44.82531 ], [ 0.67432, 44.82537 ], [ 0.67429, 44.82544 ], [ 0.67425, 44.82551 ], [ 0.67422, 44.82556 ], [ 0.67419, 44.8256 ], [ 0.67417, 44.82563 ], [ 0.67416, 44.82565 ], [ 0.67414, 44.82567 ], [ 0.67412, 44.82568 ], [ 0.67409, 44.82569 ], [ 0.67403, 44.82571 ], [ 0.67396, 44.82574 ], [ 0.67373, 44.82581 ], [ 0.67353, 44.82587 ], [ 0.67353, 44.82587 ], [ 0.67351, 44.82636 ], [ 0.67377, 44.82687 ], [ 0.67399, 44.82726 ], [ 0.67402, 44.82725 ], [ 0.67481, 44.82704 ], [ 0.67491, 44.82702 ], [ 0.67499, 44.827 ], [ 0.67505, 44.82699 ], [ 0.67522, 44.82697 ], [ 0.67531, 44.82695 ], [ 0.67542, 44.82693 ], [ 0.67544, 44.82683 ], [ 0.67579, 44.82684 ], [ 0.67586, 44.82684 ], [ 0.67586, 44.82685 ], [ 0.67585, 44.82698 ], [ 0.67584, 44.82709 ], [ 0.67596, 44.82702 ], [ 0.67603, 44.82697 ], [ 0.67608, 44.82695 ] ] ], [ [ [ 0.6829, 44.81624 ], [ 0.68295, 44.81622 ], [ 0.68302, 44.8162 ], [ 0.68308, 44.81618 ], [ 0.68313, 44.81616 ], [ 0.6832, 44.81612 ], [ 0.68326, 44.81609 ], [ 0.68335, 44.81602 ], [ 0.68343, 44.81595 ], [ 0.6835, 44.81588 ], [ 0.68355, 44.81582 ], [ 0.68359, 44.81579 ], [ 0.68361, 44.81574 ], [ 0.68365, 44.81567 ], [ 0.68372, 44.81557 ], [ 0.68379, 44.81546 ], [ 0.68387, 44.81534 ], [ 0.68378, 44.81532 ], [ 0.68239, 44.81495 ], [ 0.68197, 44.81485 ], [ 0.68193, 44.81484 ], [ 0.68199, 44.81449 ], [ 0.68199, 44.81449 ], [ 0.682, 44.81445 ], [ 0.68206, 44.81432 ], [ 0.68185, 44.81425 ], [ 0.68166, 44.81419 ], [ 0.68162, 44.81417 ], [ 0.6816, 44.81421 ], [ 0.68157, 44.81425 ], [ 0.68153, 44.81429 ], [ 0.68148, 44.81432 ], [ 0.68143, 44.81435 ], [ 0.68135, 44.81439 ], [ 0.68129, 44.81441 ], [ 0.68126, 44.81443 ], [ 0.6812, 44.81446 ], [ 0.68115, 44.81448 ], [ 0.68111, 44.81451 ], [ 0.68108, 44.81453 ], [ 0.68106, 44.81456 ], [ 0.68104, 44.81459 ], [ 0.68104, 44.81462 ], [ 0.68104, 44.81464 ], [ 0.68104, 44.81467 ], [ 0.68104, 44.81471 ], [ 0.68103, 44.81477 ], [ 0.68102, 44.8148 ], [ 0.68104, 44.81484 ], [ 0.68102, 44.81489 ], [ 0.68102, 44.81496 ], [ 0.68101, 44.81504 ], [ 0.681, 44.81506 ], [ 0.68099, 44.8151 ], [ 0.68098, 44.81512 ], [ 0.68094, 44.81517 ], [ 0.6809, 44.8152 ], [ 0.68087, 44.81522 ], [ 0.68085, 44.81524 ], [ 0.6808, 44.81528 ], [ 0.68076, 44.81531 ], [ 0.68071, 44.81533 ], [ 0.68065, 44.81536 ], [ 0.68058, 44.81539 ], [ 0.68054, 44.81541 ], [ 0.68049, 44.81544 ], [ 0.68044, 44.81548 ], [ 0.6804, 44.81551 ], [ 0.68035, 44.81555 ], [ 0.68033, 44.81558 ], [ 0.68152, 44.81559 ], [ 0.6816, 44.81556 ], [ 0.6816, 44.81553 ], [ 0.68161, 44.81551 ], [ 0.68168, 44.81539 ], [ 0.68173, 44.81529 ], [ 0.68209, 44.81538 ], [ 0.68186, 44.81592 ], [ 0.68181, 44.81603 ], [ 0.68231, 44.81613 ], [ 0.68272, 44.81617 ], [ 0.68274, 44.81618 ], [ 0.6828, 44.81619 ], [ 0.68283, 44.8162 ], [ 0.6829, 44.81624 ] ] ] ] } },
{ "type": "Feature", "properties": { "LIBELLE": "Site patrimonial remarquable du canal de Lalinde", "ZONE": "Zones \"vertes\" de protection paysagère", "COMMUNE": "LALINDE" }, "geometry": { "type": "MultiPolygon", "coordinates": [ [ [ [ 0.71712, 44.83714 ], [ 0.71711, 44.83704 ], [ 0.71711, 44.83698 ], [ 0.71677, 44.83695 ], [ 0.71676, 44.83657 ], [ 0.71653, 44.83654 ], [ 0.7158, 44.83648 ], [ 0.71555, 44.83646 ], [ 0.71407, 44.83632 ], [ 0.71366, 44.83627 ], [ 0.71296, 44.83619 ], [ 0.71102, 44.836 ], [ 0.71103, 44.83602 ], [ 0.71101, 44.83607 ], [ 0.71098, 44.83617 ], [ 0.7109, 44.83633 ], [ 0.71087, 44.83635 ], [ 0.71075, 44.83649 ], [ 0.71069, 44.83653 ], [ 0.7106, 44.83658 ], [ 0.71051, 44.83663 ], [ 0.71044, 44.83667 ], [ 0.71039, 44.83673 ], [ 0.71037, 44.83677 ], [ 0.71035, 44.83684 ], [ 0.71034, 44.83688 ], [ 0.71074, 44.8369 ], [ 0.71097, 44.83691 ], [ 0.71109, 44.83692 ], [ 0.71103, 44.83755 ], [ 0.71222, 44.83764 ], [ 0.71223, 44.83804 ], [ 0.71302, 44.83772 ], [ 0.71327, 44.83762 ], [ 0.71344, 44.83758 ], [ 0.71388, 44.83753 ], [ 0.71388, 44.83757 ], [ 0.71388, 44.83772 ], [ 0.71389, 44.83818 ], [ 0.7139, 44.83828 ], [ 0.71414, 44.83829 ], [ 0.71454, 44.8383 ], [ 0.71547, 44.83834 ], [ 0.71557, 44.83836 ], [ 0.71558, 44.83837 ], [ 0.71759, 44.83807 ], [ 0.7178, 44.83825 ], [ 0.71825, 44.83865 ], [ 0.71837, 44.83877 ], [ 0.71851, 44.83893 ], [ 0.71861, 44.83908 ], [ 0.71868, 44.83924 ], [ 0.71872, 44.83936 ], [ 0.71884, 44.83965 ], [ 0.71896, 44.83994 ], [ 0.71901, 44.84005 ], [ 0.71915, 44.84041 ], [ 0.7196, 44.8403 ], [ 0.71979, 44.84025 ], [ 0.7205, 44.84007 ], [ 0.72049, 44.84005 ], [ 0.72031, 44.83959 ], [ 0.72033, 44.83953 ], [ 0.72033, 44.83947 ], [ 0.72034, 44.83866 ], [ 0.71894, 44.83847 ], [ 0.71903, 44.8381 ], [ 0.72041, 44.83831 ], [ 0.72045, 44.83812 ], [ 0.72053, 44.83787 ], [ 0.72079, 44.83792 ], [ 0.721, 44.83794 ], [ 0.72118, 44.838 ], [ 0.7212, 44.838 ], [ 0.72123, 44.838 ], [ 0.72141, 44.838 ], [ 0.72148, 44.83802 ], [ 0.72154, 44.83804 ], [ 0.72158, 44.83805 ], [ 0.72167, 44.83801 ], [ 0.72166, 44.838 ], [ 0.72166, 44.838 ], [ 0.72165, 44.83795 ], [ 0.72169, 44.83795 ], [ 0.72184, 44.83795 ], [ 0.72213, 44.83796 ], [ 0.72206, 44.83818 ], [ 0.72211, 44.83817 ], [ 0.72211, 44.83831 ], [ 0.72211, 44.83874 ], [ 0.72209, 44.83914 ], [ 0.72225, 44.83914 ], [ 0.72246, 44.83913 ], [ 0.72263, 44.83912 ], [ 0.72271, 44.83911 ], [ 0.72301, 44.83906 ], [ 0.7231, 44.83904 ], [ 0.7233, 44.83904 ], [ 0.72345, 44.83903 ], [ 0.72345, 44.83906 ], [ 0.72346, 44.83906 ], [ 0.7236, 44.83907 ], [ 0.7236, 44.83905 ], [ 0.7237, 44.83905 ], [ 0.72373, 44.83905 ], [ 0.72379, 44.83905 ], [ 0.72396, 44.83905 ], [ 0.72399, 44.83908 ], [ 0.72399, 44.83931 ], [ 0.72409, 44.8393 ], [ 0.72523, 44.83915 ], [ 0.72533, 44.83882 ], [ 0.72537, 44.83883 ], [ 0.7255, 44.83887 ], [ 0.7263, 44.83899 ], [ 0.7264, 44.83901 ], [ 0.72645, 44.83905 ], [ 0.72658, 44.83916 ], [ 0.72663, 44.83919 ], [ 0.72672, 44.83924 ], [ 0.72694, 44.83937 ], [ 0.72751, 44.83971 ], [ 0.72824, 44.83997 ], [ 0.72819, 44.84031 ], [ 0.72813, 44.8407 ], [ 0.72806, 44.84092 ], [ 0.72803, 44.84103 ], [ 0.72797, 44.84115 ], [ 0.72793, 44.8412 ], [ 0.72824, 44.84145 ], [ 0.72852, 44.84169 ], [ 0.72874, 44.84187 ], [ 0.72885, 44.84193 ], [ 0.72897, 44.84197 ], [ 0.72933, 44.84207 ], [ 0.72947, 44.84211 ], [ 0.72949, 44.8421 ], [ 0.7295, 44.84222 ], [ 0.72968, 44.84235 ], [ 0.73044, 44.84278 ], [ 0.73031, 44.84291 ], [ 0.73043, 44.84298 ], [ 0.73079, 44.84317 ], [ 0.73103, 44.8431 ], [ 0.73114, 44.84305 ], [ 0.73169, 44.8428 ], [ 0.73219, 44.84257 ], [ 0.73239, 44.84256 ], [ 0.73243, 44.84256 ], [ 0.73247, 44.84257 ], [ 0.73258, 44.84262 ], [ 0.73319, 44.84287 ], [ 0.73332, 44.8429 ], [ 0.73345, 44.84291 ], [ 0.73382, 44.84293 ], [ 0.73386, 44.84259 ], [ 0.73389, 44.84241 ], [ 0.73392, 44.84228 ], [ 0.73395, 44.84228 ], [ 0.7346, 44.84227 ], [ 0.73466, 44.84227 ], [ 0.73494, 44.84226 ], [ 0.73497, 44.84199 ], [ 0.73499, 44.84191 ], [ 0.73501, 44.84174 ], [ 0.73506, 44.84148 ], [ 0.73509, 44.8414 ], [ 0.73469, 44.8413 ], [ 0.73448, 44.84156 ], [ 0.73405, 44.84148 ], [ 0.73411, 44.84133 ], [ 0.73417, 44.84125 ], [ 0.73423, 44.84117 ], [ 0.7343, 44.84108 ], [ 0.73445, 44.84088 ], [ 0.73447, 44.84085 ], [ 0.73448, 44.84079 ], [ 0.73461, 44.84082 ], [ 0.7348, 44.84086 ], [ 0.735, 44.84088 ], [ 0.73509, 44.84088 ], [ 0.73536, 44.84089 ], [ 0.73569, 44.84091 ], [ 0.73585, 44.84092 ], [ 0.73588, 44.84092 ], [ 0.73588, 44.84093 ], [ 0.73587, 44.84108 ], [ 0.73595, 44.84111 ], [ 0.73601, 44.84113 ], [ 0.73601, 44.84117 ], [ 0.73601, 44.84125 ], [ 0.73612, 44.84124 ], [ 0.73627, 44.8412 ], [ 0.73639, 44.84118 ], [ 0.73639, 44.8412 ], [ 0.7364, 44.84123 ], [ 0.73645, 44.84122 ], [ 0.7365, 44.84123 ], [ 0.7365, 44.84119 ], [ 0.73668, 44.84116 ], [ 0.73669, 44.84117 ], [ 0.7365, 44.84087 ], [ 0.73647, 44.84084 ], [ 0.73636, 44.8407 ], [ 0.73634, 44.84067 ], [ 0.73603, 44.84057 ], [ 0.73572, 44.8405 ], [ 0.73574, 44.84031 ], [ 0.7358, 44.84022 ], [ 0.73589, 44.84002 ], [ 0.73592, 44.83996 ], [ 0.73587, 44.83996 ], [ 0.73566, 44.83998 ], [ 0.73565, 44.83998 ], [ 0.73561, 44.83998 ], [ 0.73542, 44.83997 ], [ 0.7354, 44.83996 ], [ 0.735, 44.83984 ], [ 0.73498, 44.84007 ], [ 0.7349, 44.84016 ], [ 0.73487, 44.84019 ], [ 0.73481, 44.84017 ], [ 0.73474, 44.84012 ], [ 0.73459, 44.84007 ], [ 0.73456, 44.84006 ], [ 0.73435, 44.83997 ], [ 0.73426, 44.83993 ], [ 0.73417, 44.83991 ], [ 0.7341, 44.83989 ], [ 0.734, 44.83987 ], [ 0.73395, 44.83986 ], [ 0.73387, 44.83985 ], [ 0.73375, 44.83983 ], [ 0.73373, 44.83983 ], [ 0.73371, 44.83982 ], [ 0.73341, 44.83978 ], [ 0.73315, 44.83974 ], [ 0.73278, 44.83968 ], [ 0.73242, 44.83963 ], [ 0.73217, 44.83959 ], [ 0.73198, 44.83957 ], [ 0.73184, 44.83955 ], [ 0.73182, 44.83955 ], [ 0.73176, 44.83954 ], [ 0.73149, 44.83952 ], [ 0.73116, 44.83948 ], [ 0.73127, 44.83895 ], [ 0.73119, 44.83893 ], [ 0.7311, 44.83892 ], [ 0.73098, 44.83892 ], [ 0.73079, 44.83893 ], [ 0.7307, 44.83894 ], [ 0.73065, 44.83894 ], [ 0.73055, 44.83894 ], [ 0.73027, 44.83893 ], [ 0.72986, 44.83892 ], [ 0.72949, 44.83891 ], [ 0.72909, 44.8389 ], [ 0.7287, 44.83888 ], [ 0.7285, 44.8389 ], [ 0.72838, 44.83901 ], [ 0.72828, 44.83912 ], [ 0.72808, 44.83896 ], [ 0.72791, 44.83882 ], [ 0.72771, 44.83873 ], [ 0.72732, 44.83855 ], [ 0.72725, 44.83854 ], [ 0.72644, 44.83831 ], [ 0.72569, 44.8381 ], [ 0.72527, 44.83803 ], [ 0.72515, 44.83801 ], [ 0.7247, 44.83794 ], [ 0.72444, 44.83791 ], [ 0.72438, 44.8379 ], [ 0.72419, 44.83788 ], [ 0.72362, 44.83784 ], [ 0.72287, 44.83777 ], [ 0.72285, 44.83786 ], [ 0.72237, 44.83785 ], [ 0.72214, 44.83785 ], [ 0.72188, 44.83784 ], [ 0.72188, 44.83783 ], [ 0.7217, 44.8378 ], [ 0.72144, 44.83776 ], [ 0.72125, 44.83772 ], [ 0.72112, 44.83769 ], [ 0.72086, 44.83763 ], [ 0.7204, 44.83754 ], [ 0.72025, 44.83749 ], [ 0.71964, 44.83736 ], [ 0.71869, 44.83717 ], [ 0.71833, 44.83709 ], [ 0.71835, 44.83707 ], [ 0.71802, 44.83706 ], [ 0.71796, 44.83705 ], [ 0.71794, 44.83708 ], [ 0.7178, 44.83706 ], [ 0.71782, 44.83701 ], [ 0.71778, 44.837 ], [ 0.71777, 44.83703 ], [ 0.71759, 44.837 ], [ 0.7175, 44.83703 ], [ 0.7173, 44.83709 ], [ 0.71722, 44.83711 ], [ 0.71712, 44.83714 ] ] ], [ [ [ 0.77253, 44.84428 ], [ 0.77299, 44.84443 ], [ 0.77347, 44.84461 ], [ 0.77383, 44.84476 ], [ 0.77443, 44.84503 ], [ 0.77502, 44.84529 ], [ 0.77513, 44.84535 ], [ 0.77529, 44.84544 ], [ 0.77547, 44.84535 ], [ 0.77546, 44.84517 ], [ 0.77549, 44.84513 ], [ 0.77549, 44.845 ], [ 0.77547, 44.84492 ], [ 0.7754, 44.8447 ], [ 0.77535, 44.8445 ], [ 0.77533, 44.84437 ], [ 0.7754, 44.84426 ], [ 0.77557, 44.84395 ], [ 0.77574, 44.84365 ], [ 0.77688, 44.8439 ], [ 0.77694, 44.84391 ], [ 0.77745, 44.84402 ], [ 0.77826, 44.8442 ], [ 0.77865, 44.84428 ], [ 0.77938, 44.84444 ], [ 0.77953, 44.84448 ], [ 0.77975, 44.84452 ], [ 0.78042, 44.84466 ], [ 0.78061, 44.8447 ], [ 0.78091, 44.84476 ], [ 0.78123, 44.84482 ], [ 0.78136, 44.84485 ], [ 0.78211, 44.84501 ], [ 0.78231, 44.84505 ], [ 0.78236, 44.84506 ], [ 0.78263, 44.84512 ], [ 0.78268, 44.84513 ], [ 0.78292, 44.84518 ], [ 0.78296, 44.84519 ], [ 0.78329, 44.84526 ], [ 0.78354, 44.84531 ], [ 0.78402, 44.84541 ], [ 0.78473, 44.84556 ], [ 0.78487, 44.84564 ], [ 0.78536, 44.84578 ], [ 0.78546, 44.84578 ], [ 0.78569, 44.8458 ], [ 0.78593, 44.84585 ], [ 0.78623, 44.84591 ], [ 0.78648, 44.84597 ], [ 0.78673, 44.84604 ], [ 0.78775, 44.84633 ], [ 0.78831, 44.84653 ], [ 0.78871, 44.84668 ], [ 0.78896, 44.84682 ], [ 0.78907, 44.84689 ], [ 0.78937, 44.84705 ], [ 0.78944, 44.84693 ], [ 0.78958, 44.84671 ], [ 0.78962, 44.84665 ], [ 0.78956, 44.84661 ], [ 0.78944, 44.84654 ], [ 0.78935, 44.84649 ], [ 0.78916, 44.84638 ], [ 0.78875, 44.84623 ], [ 0.78854, 44.84614 ], [ 0.7883, 44.84605 ], [ 0.78814, 44.84599 ], [ 0.78781, 44.84589 ], [ 0.78762, 44.84583 ], [ 0.78738, 44.84576 ], [ 0.78689, 44.84563 ], [ 0.78674, 44.8456 ], [ 0.78655, 44.84556 ], [ 0.78633, 44.84552 ], [ 0.78587, 44.84542 ], [ 0.78571, 44.84539 ], [ 0.7857, 44.84536 ], [ 0.78563, 44.8453 ], [ 0.78517, 44.84523 ], [ 0.78498, 44.8452 ], [ 0.78396, 44.84499 ], [ 0.78374, 44.84494 ], [ 0.78259, 44.8447 ], [ 0.78233, 44.84464 ], [ 0.782, 44.84457 ], [ 0.78174, 44.84452 ], [ 0.78159, 44.84449 ], [ 0.78141, 44.84445 ], [ 0.7808, 44.84432 ], [ 0.78011, 44.84417 ], [ 0.77984, 44.84412 ], [ 0.77977, 44.84409 ], [ 0.77956, 44.84405 ], [ 0.77919, 44.84397 ], [ 0.77882, 44.84389 ], [ 0.77786, 44.84369 ], [ 0.77753, 44.84362 ], [ 0.77736, 44.84358 ], [ 0.77699, 44.8435 ], [ 0.77652, 44.84341 ], [ 0.77601, 44.84329 ], [ 0.77567, 44.84323 ], [ 0.77516, 44.84312 ], [ 0.77506, 44.84309 ], [ 0.77454, 44.84298 ], [ 0.77432, 44.84294 ], [ 0.77408, 44.84288 ], [ 0.77383, 44.84283 ], [ 0.77361, 44.84278 ], [ 0.77319, 44.8427 ], [ 0.77307, 44.84267 ], [ 0.77275, 44.8426 ], [ 0.77265, 44.84259 ], [ 0.77235, 44.84258 ], [ 0.77198, 44.84257 ], [ 0.77145, 44.84264 ], [ 0.77142, 44.84264 ], [ 0.77102, 44.84269 ], [ 0.7708, 44.84272 ], [ 0.77083, 44.84273 ], [ 0.77083, 44.84274 ], [ 0.77081, 44.84275 ], [ 0.77055, 44.84278 ], [ 0.77027, 44.84274 ], [ 0.77006, 44.84271 ], [ 0.7694, 44.84258 ], [ 0.76704, 44.8421 ], [ 0.7664, 44.84197 ], [ 0.76637, 44.84197 ], [ 0.76555, 44.8418 ], [ 0.765, 44.84168 ], [ 0.76496, 44.84165 ], [ 0.7649, 44.84162 ], [ 0.76482, 44.84153 ], [ 0.76479, 44.84147 ], [ 0.76477, 44.84145 ], [ 0.7646, 44.8414 ], [ 0.76443, 44.84132 ], [ 0.76439, 44.84128 ], [ 0.76436, 44.84125 ], [ 0.76432, 44.8412 ], [ 0.76426, 44.84114 ], [ 0.76423, 44.84112 ], [ 0.76416, 44.84109 ], [ 0.76411, 44.84107 ], [ 0.76406, 44.84103 ], [ 0.76402, 44.84098 ], [ 0.76398, 44.84095 ], [ 0.76392, 44.84096 ], [ 0.76382, 44.84095 ], [ 0.76373, 44.84093 ], [ 0.76357, 44.84089 ], [ 0.76349, 44.84086 ], [ 0.76344, 44.84083 ], [ 0.76337, 44.84079 ], [ 0.76318, 44.84075 ], [ 0.76313, 44.84072 ], [ 0.76309, 44.84069 ], [ 0.76308, 44.84067 ], [ 0.76308, 44.84059 ], [ 0.76307, 44.84056 ], [ 0.76302, 44.84053 ], [ 0.76298, 44.84053 ], [ 0.76281, 44.84049 ], [ 0.76278, 44.84046 ], [ 0.76276, 44.84042 ], [ 0.76271, 44.84038 ], [ 0.76267, 44.84036 ], [ 0.76257, 44.84032 ], [ 0.76249, 44.84029 ], [ 0.76238, 44.84028 ], [ 0.76214, 44.84034 ], [ 0.76202, 44.84027 ], [ 0.76192, 44.84022 ], [ 0.76183, 44.8402 ], [ 0.76183, 44.84019 ], [ 0.76178, 44.84016 ], [ 0.76158, 44.84008 ], [ 0.76141, 44.84004 ], [ 0.76123, 44.83999 ], [ 0.7605, 44.83986 ], [ 0.76036, 44.83983 ], [ 0.75972, 44.83972 ], [ 0.75942, 44.83967 ], [ 0.75917, 44.83964 ], [ 0.75795, 44.83941 ], [ 0.75781, 44.83937 ], [ 0.75773, 44.83935 ], [ 0.75693, 44.8392 ], [ 0.75643, 44.83907 ], [ 0.75611, 44.83899 ], [ 0.75581, 44.83889 ], [ 0.75551, 44.83883 ], [ 0.75546, 44.83883 ], [ 0.75507, 44.83875 ], [ 0.75488, 44.8387 ], [ 0.7547, 44.83869 ], [ 0.75457, 44.83868 ], [ 0.75401, 44.83861 ], [ 0.75373, 44.83857 ], [ 0.75334, 44.83849 ], [ 0.75308, 44.83843 ], [ 0.75285, 44.83839 ], [ 0.75243, 44.83833 ], [ 0.75221, 44.83831 ], [ 0.75199, 44.83825 ], [ 0.75185, 44.83822 ], [ 0.75158, 44.83814 ], [ 0.75148, 44.8381 ], [ 0.75133, 44.83805 ], [ 0.75087, 44.83786 ], [ 0.75075, 44.83781 ], [ 0.75039, 44.83771 ], [ 0.75025, 44.83764 ], [ 0.75003, 44.83755 ], [ 0.74976, 44.83748 ], [ 0.74947, 44.83741 ], [ 0.74933, 44.83736 ], [ 0.74923, 44.83733 ], [ 0.74883, 44.83723 ], [ 0.74843, 44.83712 ], [ 0.74803, 44.83699 ], [ 0.748, 44.83705 ], [ 0.74799, 44.83705 ], [ 0.74796, 44.83711 ], [ 0.74795, 44.83714 ], [ 0.74773, 44.83708 ], [ 0.74765, 44.8373 ], [ 0.74755, 44.83762 ], [ 0.74751, 44.83773 ], [ 0.74866, 44.83808 ], [ 0.74849, 44.83842 ], [ 0.74889, 44.83848 ], [ 0.75063, 44.83874 ], [ 0.75112, 44.83881 ], [ 0.75111, 44.83885 ], [ 0.7511, 44.83884 ], [ 0.75109, 44.83888 ], [ 0.75092, 44.83933 ], [ 0.75089, 44.83939 ], [ 0.75085, 44.83949 ], [ 0.75084, 44.83951 ], [ 0.7509, 44.83957 ], [ 0.75118, 44.83957 ], [ 0.75215, 44.83953 ], [ 0.75242, 44.83954 ], [ 0.75324, 44.83956 ], [ 0.75365, 44.83959 ], [ 0.75388, 44.83961 ], [ 0.75421, 44.83965 ], [ 0.75455, 44.8397 ], [ 0.75473, 44.83973 ], [ 0.75483, 44.83974 ], [ 0.75518, 44.83982 ], [ 0.75547, 44.8399 ], [ 0.75568, 44.83997 ], [ 0.75577, 44.84001 ], [ 0.75578, 44.83994 ], [ 0.75592, 44.83991 ], [ 0.75596, 44.83999 ], [ 0.75599, 44.84002 ], [ 0.75608, 44.84011 ], [ 0.7562, 44.8402 ], [ 0.75633, 44.84028 ], [ 0.75648, 44.84033 ], [ 0.7582, 44.84085 ], [ 0.76075, 44.84164 ], [ 0.76177, 44.84194 ], [ 0.76178, 44.84193 ], [ 0.76226, 44.84206 ], [ 0.76226, 44.84208 ], [ 0.76395, 44.84259 ], [ 0.76442, 44.84272 ], [ 0.76488, 44.84287 ], [ 0.76572, 44.84312 ], [ 0.76578, 44.84313 ], [ 0.76593, 44.84316 ], [ 0.76621, 44.84263 ], [ 0.76623, 44.84253 ], [ 0.76618, 44.84247 ], [ 0.76613, 44.84242 ], [ 0.76601, 44.84232 ], [ 0.76603, 44.84226 ], [ 0.76679, 44.84241 ], [ 0.76688, 44.84243 ], [ 0.76702, 44.84259 ], [ 0.76715, 44.84263 ], [ 0.7677, 44.84278 ], [ 0.76799, 44.84288 ], [ 0.76826, 44.84303 ], [ 0.76851, 44.84313 ], [ 0.76869, 44.8432 ], [ 0.7715, 44.84398 ], [ 0.77191, 44.84409 ], [ 0.77234, 44.84421 ], [ 0.77253, 44.84428 ] ] ], [ [ [ 0.75017, 44.84354 ], [ 0.75016, 44.8436 ], [ 0.75016, 44.84368 ], [ 0.75014, 44.84373 ], [ 0.75014, 44.84373 ], [ 0.75018, 44.84388 ], [ 0.75045, 44.84432 ], [ 0.75004, 44.8446 ], [ 0.75028, 44.84488 ], [ 0.75372, 44.84496 ], [ 0.7538, 44.84499 ], [ 0.75393, 44.84515 ], [ 0.75399, 44.84521 ], [ 0.75412, 44.84535 ], [ 0.7543, 44.84547 ], [ 0.7547, 44.84562 ], [ 0.75491, 44.84569 ], [ 0.75507, 44.84559 ], [ 0.75523, 44.84547 ], [ 0.75534, 44.84544 ], [ 0.75532, 44.84539 ], [ 0.75543, 44.84537 ], [ 0.75541, 44.84533 ], [ 0.75548, 44.84532 ], [ 0.75553, 44.84533 ], [ 0.75586, 44.84551 ], [ 0.7586, 44.84569 ], [ 0.75862, 44.84563 ], [ 0.75864, 44.84535 ], [ 0.75911, 44.84537 ], [ 0.75926, 44.84539 ], [ 0.75926, 44.84542 ], [ 0.75929, 44.84557 ], [ 0.75933, 44.84558 ], [ 0.75938, 44.84558 ], [ 0.7594, 44.84561 ], [ 0.75944, 44.84567 ], [ 0.75944, 44.84574 ], [ 0.75941, 44.84588 ], [ 0.75939, 44.84593 ], [ 0.75963, 44.84596 ], [ 0.75986, 44.84599 ], [ 0.76099, 44.84616 ], [ 0.76115, 44.84611 ], [ 0.76131, 44.846 ], [ 0.76138, 44.84596 ], [ 0.76147, 44.84594 ], [ 0.76148, 44.84594 ], [ 0.76149, 44.84594 ], [ 0.76165, 44.846 ], [ 0.76171, 44.846 ], [ 0.7619, 44.84632 ], [ 0.76195, 44.84635 ], [ 0.76197, 44.84637 ], [ 0.76211, 44.84642 ], [ 0.76219, 44.84643 ], [ 0.76269, 44.84655 ], [ 0.76279, 44.84659 ], [ 0.76288, 44.84662 ], [ 0.76293, 44.84664 ], [ 0.76303, 44.84668 ], [ 0.76313, 44.84674 ], [ 0.7632, 44.84679 ], [ 0.76321, 44.84679 ], [ 0.76323, 44.8468 ], [ 0.76323, 44.84681 ], [ 0.76323, 44.84681 ], [ 0.76322, 44.84682 ], [ 0.76351, 44.84712 ], [ 0.76364, 44.84726 ], [ 0.76376, 44.8474 ], [ 0.76399, 44.84765 ], [ 0.76403, 44.84769 ], [ 0.76411, 44.84773 ], [ 0.76446, 44.8479 ], [ 0.76456, 44.84795 ], [ 0.76473, 44.84806 ], [ 0.76484, 44.84815 ], [ 0.76492, 44.84822 ], [ 0.76505, 44.84838 ], [ 0.7651, 44.8484 ], [ 0.76515, 44.84846 ], [ 0.7651, 44.84892 ], [ 0.76511, 44.84908 ], [ 0.76555, 44.84879 ], [ 0.76639, 44.84834 ], [ 0.76645, 44.84827 ], [ 0.76648, 44.8483 ], [ 0.76771, 44.84925 ], [ 0.76763, 44.8493 ], [ 0.76782, 44.84938 ], [ 0.7681, 44.84958 ], [ 0.76854, 44.84987 ], [ 0.76869, 44.84996 ], [ 0.76865, 44.84998 ], [ 0.76864, 44.85 ], [ 0.76893, 44.8502 ], [ 0.76896, 44.85018 ], [ 0.7691, 44.85028 ], [ 0.7692, 44.85034 ], [ 0.76917, 44.85036 ], [ 0.76912, 44.85041 ], [ 0.76919, 44.85048 ], [ 0.76932, 44.85057 ], [ 0.76957, 44.8507 ], [ 0.76968, 44.85077 ], [ 0.76978, 44.85082 ], [ 0.77007, 44.85064 ], [ 0.77018, 44.85058 ], [ 0.77032, 44.85053 ], [ 0.77055, 44.85044 ], [ 0.76953, 44.84986 ], [ 0.76943, 44.84979 ], [ 0.76983, 44.84941 ], [ 0.76953, 44.84919 ], [ 0.76905, 44.84887 ], [ 0.7686, 44.84855 ], [ 0.76786, 44.84801 ], [ 0.76751, 44.84777 ], [ 0.7672, 44.84756 ], [ 0.7671, 44.84749 ], [ 0.76679, 44.84734 ], [ 0.76562, 44.84697 ], [ 0.76489, 44.84659 ], [ 0.76465, 44.84681 ], [ 0.7645, 44.84673 ], [ 0.76377, 44.84625 ], [ 0.76385, 44.84618 ], [ 0.76367, 44.84613 ], [ 0.76366, 44.84613 ], [ 0.76352, 44.84608 ], [ 0.76319, 44.84594 ], [ 0.76315, 44.84592 ], [ 0.76314, 44.84592 ], [ 0.76307, 44.8459 ], [ 0.76285, 44.84583 ], [ 0.7626, 44.84577 ], [ 0.7626, 44.84577 ], [ 0.76228, 44.84565 ], [ 0.76208, 44.84557 ], [ 0.76205, 44.84556 ], [ 0.76173, 44.84541 ], [ 0.76104, 44.84521 ], [ 0.76121, 44.84486 ], [ 0.76056, 44.84446 ], [ 0.76011, 44.84427 ], [ 0.75999, 44.84442 ], [ 0.7571, 44.84354 ], [ 0.7572, 44.84339 ], [ 0.7552, 44.84293 ], [ 0.75356, 44.84325 ], [ 0.75362, 44.84311 ], [ 0.75364, 44.84306 ], [ 0.75375, 44.84296 ], [ 0.75381, 44.8429 ], [ 0.75388, 44.84283 ], [ 0.75413, 44.84258 ], [ 0.75462, 44.84205 ], [ 0.75495, 44.84171 ], [ 0.75466, 44.84165 ], [ 0.75207, 44.84116 ], [ 0.75191, 44.84103 ], [ 0.75123, 44.84065 ], [ 0.75102, 44.84054 ], [ 0.75046, 44.84032 ], [ 0.75037, 44.84028 ], [ 0.75036, 44.84031 ], [ 0.75024, 44.84059 ], [ 0.75004, 44.84116 ], [ 0.74999, 44.84138 ], [ 0.74992, 44.84186 ], [ 0.74989, 44.84217 ], [ 0.7499, 44.8424 ], [ 0.74999, 44.84259 ], [ 0.75, 44.84262 ], [ 0.75004, 44.8427 ], [ 0.75005, 44.84273 ], [ 0.75007, 44.84283 ], [ 0.75007, 44.84296 ], [ 0.75007, 44.84298 ], [ 0.75007, 44.84301 ], [ 0.75007, 44.84309 ], [ 0.75007, 44.84325 ], [ 0.75008, 44.8433 ], [ 0.7501, 44.84334 ], [ 0.75013, 44.84337 ], [ 0.75017, 44.84354 ] ] ], [ [ [ 0.77378, 44.85542 ], [ 0.77374, 44.85551 ], [ 0.7736, 44.85568 ], [ 0.77353, 44.85603 ], [ 0.77347, 44.85631 ], [ 0.7733, 44.85684 ], [ 0.77313, 44.8574 ], [ 0.77313, 44.85747 ], [ 0.77313, 44.85749 ], [ 0.77337, 44.85749 ], [ 0.77357, 44.85748 ], [ 0.7736, 44.85751 ], [ 0.77386, 44.85753 ], [ 0.77388, 44.85757 ], [ 0.77394, 44.85786 ], [ 0.77461, 44.85789 ], [ 0.77475, 44.85789 ], [ 0.77487, 44.8579 ], [ 0.7764, 44.85794 ], [ 0.77664, 44.85774 ], [ 0.77728, 44.85722 ], [ 0.77779, 44.85719 ], [ 0.77816, 44.85722 ], [ 0.77829, 44.85723 ], [ 0.7785, 44.8573 ], [ 0.77906, 44.85748 ], [ 0.77911, 44.8575 ], [ 0.77928, 44.85755 ], [ 0.77934, 44.85757 ], [ 0.77942, 44.85758 ], [ 0.77955, 44.85762 ], [ 0.7805, 44.85762 ], [ 0.78035, 44.85747 ], [ 0.77997, 44.85708 ], [ 0.77996, 44.85707 ], [ 0.77995, 44.85706 ], [ 0.78032, 44.85695 ], [ 0.78047, 44.85693 ], [ 0.78045, 44.85661 ], [ 0.78019, 44.85643 ], [ 0.77975, 44.85615 ], [ 0.78048, 44.85565 ], [ 0.78027, 44.85541 ], [ 0.78003, 44.85513 ], [ 0.77988, 44.85497 ], [ 0.78039, 44.85478 ], [ 0.78034, 44.85468 ], [ 0.78023, 44.85439 ], [ 0.7801, 44.85398 ], [ 0.78004, 44.85387 ], [ 0.7799, 44.85365 ], [ 0.77974, 44.85348 ], [ 0.77963, 44.85341 ], [ 0.77948, 44.85331 ], [ 0.77946, 44.85328 ], [ 0.77944, 44.85325 ], [ 0.77943, 44.85315 ], [ 0.77944, 44.85306 ], [ 0.77948, 44.85291 ], [ 0.77951, 44.85284 ], [ 0.77972, 44.85245 ], [ 0.77976, 44.85239 ], [ 0.77986, 44.85223 ], [ 0.77996, 44.85207 ], [ 0.78011, 44.85183 ], [ 0.78019, 44.85174 ], [ 0.78019, 44.85173 ], [ 0.78019, 44.85166 ], [ 0.78015, 44.85163 ], [ 0.77985, 44.85151 ], [ 0.77952, 44.8514 ], [ 0.77947, 44.85153 ], [ 0.77944, 44.85156 ], [ 0.7794, 44.85166 ], [ 0.77825, 44.85136 ], [ 0.77816, 44.85147 ], [ 0.77808, 44.85159 ], [ 0.7778, 44.85157 ], [ 0.77756, 44.85155 ], [ 0.77755, 44.85155 ], [ 0.77734, 44.85156 ], [ 0.7774, 44.85172 ], [ 0.77741, 44.85178 ], [ 0.77757, 44.85245 ], [ 0.7775, 44.85265 ], [ 0.77732, 44.85294 ], [ 0.77695, 44.85336 ], [ 0.77687, 44.85345 ], [ 0.77677, 44.85361 ], [ 0.77674, 44.85367 ], [ 0.77671, 44.85379 ], [ 0.77674, 44.85387 ], [ 0.77671, 44.85394 ], [ 0.77671, 44.85404 ], [ 0.77671, 44.85407 ], [ 0.77668, 44.85413 ], [ 0.77653, 44.85437 ], [ 0.77651, 44.85439 ], [ 0.77641, 44.85454 ], [ 0.77631, 44.85471 ], [ 0.77629, 44.85475 ], [ 0.77629, 44.8548 ], [ 0.7763, 44.8549 ], [ 0.77633, 44.85496 ], [ 0.77632, 44.85502 ], [ 0.77629, 44.85534 ], [ 0.77627, 44.85551 ], [ 0.77605, 44.85583 ], [ 0.77584, 44.85611 ], [ 0.77575, 44.85624 ], [ 0.77569, 44.85632 ], [ 0.77564, 44.85636 ], [ 0.77563, 44.85638 ], [ 0.77553, 44.85647 ], [ 0.7755, 44.85649 ], [ 0.77537, 44.85659 ], [ 0.77531, 44.85658 ], [ 0.77518, 44.85657 ], [ 0.77516, 44.85646 ], [ 0.77515, 44.85637 ], [ 0.77483, 44.85571 ], [ 0.7748, 44.85567 ], [ 0.77479, 44.85564 ], [ 0.77472, 44.85546 ], [ 0.77472, 44.85537 ], [ 0.77474, 44.85528 ], [ 0.77475, 44.8552 ], [ 0.77497, 44.85466 ], [ 0.77487, 44.85461 ], [ 0.77483, 44.85458 ], [ 0.77481, 44.85456 ], [ 0.77478, 44.85452 ], [ 0.77478, 44.85446 ], [ 0.77476, 44.8544 ], [ 0.77475, 44.85438 ], [ 0.77472, 44.85435 ], [ 0.77469, 44.85434 ], [ 0.77464, 44.85432 ], [ 0.77428, 44.85489 ], [ 0.77422, 44.85493 ], [ 0.77409, 44.85547 ], [ 0.77378, 44.85542 ] ] ], [ [ [ 0.70489, 44.83969 ], [ 0.70494, 44.83978 ], [ 0.70503, 44.83977 ], [ 0.70591, 44.83968 ], [ 0.7061, 44.83962 ], [ 0.70636, 44.83959 ], [ 0.70676, 44.83956 ], [ 0.70686, 44.83955 ], [ 0.70714, 44.83955 ], [ 0.70734, 44.83956 ], [ 0.70767, 44.83954 ], [ 0.70791, 44.83951 ], [ 0.70821, 44.83944 ], [ 0.70843, 44.83938 ], [ 0.70857, 44.83932 ], [ 0.70873, 44.83924 ], [ 0.70895, 44.8391 ], [ 0.70928, 44.83875 ], [ 0.70948, 44.83856 ], [ 0.70954, 44.83848 ], [ 0.70962, 44.83838 ], [ 0.70982, 44.83831 ], [ 0.70992, 44.83826 ], [ 0.70999, 44.83823 ], [ 0.71003, 44.83818 ], [ 0.71004, 44.83811 ], [ 0.70999, 44.83783 ], [ 0.71001, 44.83773 ], [ 0.71005, 44.83765 ], [ 0.7101, 44.83756 ], [ 0.71013, 44.83748 ], [ 0.71016, 44.83732 ], [ 0.71022, 44.83717 ], [ 0.71024, 44.83705 ], [ 0.71029, 44.83681 ], [ 0.7103, 44.83676 ], [ 0.71034, 44.8367 ], [ 0.71028, 44.83671 ], [ 0.71025, 44.83673 ], [ 0.71013, 44.83667 ], [ 0.70998, 44.83665 ], [ 0.70998, 44.83653 ], [ 0.70982, 44.8365 ], [ 0.70978, 44.83653 ], [ 0.70959, 44.83655 ], [ 0.70878, 44.83649 ], [ 0.7074, 44.83663 ], [ 0.70735, 44.83663 ], [ 0.70702, 44.83666 ], [ 0.70652, 44.83671 ], [ 0.70603, 44.83679 ], [ 0.70571, 44.8368 ], [ 0.70562, 44.8368 ], [ 0.70538, 44.8368 ], [ 0.70543, 44.83702 ], [ 0.70445, 44.83708 ], [ 0.70408, 44.83713 ], [ 0.70384, 44.83717 ], [ 0.70381, 44.83712 ], [ 0.7038, 44.837 ], [ 0.70371, 44.83708 ], [ 0.70358, 44.83718 ], [ 0.70336, 44.83733 ], [ 0.70333, 44.83735 ], [ 0.70325, 44.83739 ], [ 0.70325, 44.83742 ], [ 0.70325, 44.83744 ], [ 0.70324, 44.83745 ], [ 0.70307, 44.8376 ], [ 0.70297, 44.83764 ], [ 0.70283, 44.83769 ], [ 0.70289, 44.83789 ], [ 0.7029, 44.83796 ], [ 0.70291, 44.83803 ], [ 0.70292, 44.83805 ], [ 0.70292, 44.83813 ], [ 0.70293, 44.83816 ], [ 0.70295, 44.83815 ], [ 0.70349, 44.83798 ], [ 0.7044, 44.83787 ], [ 0.70449, 44.83807 ], [ 0.70371, 44.83817 ], [ 0.70451, 44.83904 ], [ 0.70465, 44.83927 ], [ 0.70479, 44.83951 ], [ 0.7048, 44.83954 ], [ 0.70489, 44.83969 ] ] ], [ [ [ 0.73733, 44.84168 ], [ 0.73736, 44.84168 ], [ 0.7378, 44.84168 ], [ 0.73788, 44.84169 ], [ 0.73832, 44.8417 ], [ 0.7385, 44.84171 ], [ 0.73851, 44.8417 ], [ 0.73854, 44.84152 ], [ 0.73913, 44.84153 ], [ 0.73934, 44.84154 ], [ 0.73972, 44.84153 ], [ 0.73977, 44.84153 ], [ 0.7398, 44.84154 ], [ 0.73987, 44.84154 ], [ 0.74001, 44.84155 ], [ 0.74007, 44.84156 ], [ 0.74023, 44.84159 ], [ 0.74033, 44.8416 ], [ 0.7404, 44.84161 ], [ 0.74051, 44.84161 ], [ 0.74052, 44.84161 ], [ 0.74079, 44.8416 ], [ 0.7408, 44.8416 ], [ 0.741, 44.84159 ], [ 0.74105, 44.84159 ], [ 0.74109, 44.84157 ], [ 0.74113, 44.84155 ], [ 0.74134, 44.84161 ], [ 0.74136, 44.84161 ], [ 0.74152, 44.84165 ], [ 0.74187, 44.84172 ], [ 0.74191, 44.84172 ], [ 0.74194, 44.84172 ], [ 0.74195, 44.84173 ], [ 0.74195, 44.84173 ], [ 0.74196, 44.84174 ], [ 0.74197, 44.84176 ], [ 0.74198, 44.84177 ], [ 0.74198, 44.84177 ], [ 0.742, 44.84177 ], [ 0.74201, 44.84179 ], [ 0.74203, 44.84183 ], [ 0.74203, 44.84187 ], [ 0.74203, 44.84189 ], [ 0.74276, 44.842 ], [ 0.74286, 44.84205 ], [ 0.74288, 44.842 ], [ 0.74327, 44.84198 ], [ 0.7435, 44.84192 ], [ 0.74372, 44.84182 ], [ 0.74376, 44.84189 ], [ 0.74398, 44.84184 ], [ 0.74459, 44.84169 ], [ 0.74456, 44.84185 ], [ 0.74465, 44.84187 ], [ 0.74466, 44.84187 ], [ 0.7447, 44.84188 ], [ 0.74473, 44.84188 ], [ 0.74476, 44.84188 ], [ 0.74486, 44.84189 ], [ 0.74493, 44.84188 ], [ 0.74497, 44.84187 ], [ 0.745, 44.84187 ], [ 0.74504, 44.84187 ], [ 0.74521, 44.84189 ], [ 0.74532, 44.84191 ], [ 0.74534, 44.84194 ], [ 0.74573, 44.84204 ], [ 0.74578, 44.84206 ], [ 0.74583, 44.84207 ], [ 0.74584, 44.84209 ], [ 0.74609, 44.84222 ], [ 0.74612, 44.84223 ], [ 0.74614, 44.84224 ], [ 0.74603, 44.8424 ], [ 0.74601, 44.84242 ], [ 0.74629, 44.84249 ], [ 0.74636, 44.84251 ], [ 0.74638, 44.84252 ], [ 0.74669, 44.84262 ], [ 0.74684, 44.84267 ], [ 0.74699, 44.84273 ], [ 0.74707, 44.8426 ], [ 0.74708, 44.8426 ], [ 0.7472, 44.84244 ], [ 0.74734, 44.84248 ], [ 0.74737, 44.84253 ], [ 0.74747, 44.84267 ], [ 0.74753, 44.8427 ], [ 0.74727, 44.84302 ], [ 0.74755, 44.84311 ], [ 0.74786, 44.84321 ], [ 0.7479, 44.84322 ], [ 0.74775, 44.8434 ], [ 0.74798, 44.84347 ], [ 0.74787, 44.84367 ], [ 0.74782, 44.84384 ], [ 0.74831, 44.84393 ], [ 0.74901, 44.84408 ], [ 0.74901, 44.84408 ], [ 0.74914, 44.84417 ], [ 0.74915, 44.84416 ], [ 0.74924, 44.84406 ], [ 0.7495, 44.84381 ], [ 0.74955, 44.84373 ], [ 0.74959, 44.84365 ], [ 0.7496, 44.8436 ], [ 0.74955, 44.84339 ], [ 0.74955, 44.84333 ], [ 0.74953, 44.8432 ], [ 0.74952, 44.84313 ], [ 0.74951, 44.84311 ], [ 0.74948, 44.84308 ], [ 0.74942, 44.84299 ], [ 0.7493, 44.84283 ], [ 0.74914, 44.84269 ], [ 0.74894, 44.84253 ], [ 0.74872, 44.84242 ], [ 0.74848, 44.84231 ], [ 0.74816, 44.84232 ], [ 0.74815, 44.84234 ], [ 0.74796, 44.84254 ], [ 0.74768, 44.84242 ], [ 0.74773, 44.84232 ], [ 0.74708, 44.84207 ], [ 0.74711, 44.84203 ], [ 0.74675, 44.84188 ], [ 0.74601, 44.8416 ], [ 0.746, 44.8416 ], [ 0.7454, 44.84141 ], [ 0.74467, 44.8412 ], [ 0.74465, 44.84129 ], [ 0.744, 44.84126 ], [ 0.74344, 44.84122 ], [ 0.74309, 44.84119 ], [ 0.74305, 44.84119 ], [ 0.74302, 44.84132 ], [ 0.74295, 44.84131 ], [ 0.74276, 44.84131 ], [ 0.74272, 44.84127 ], [ 0.74266, 44.84122 ], [ 0.7426, 44.84119 ], [ 0.74256, 44.84117 ], [ 0.74241, 44.8411 ], [ 0.74207, 44.84096 ], [ 0.74168, 44.84087 ], [ 0.74162, 44.84085 ], [ 0.74158, 44.84098 ], [ 0.74077, 44.84077 ], [ 0.74016, 44.8407 ], [ 0.74022, 44.84067 ], [ 0.73943, 44.84061 ], [ 0.73931, 44.84061 ], [ 0.73931, 44.84063 ], [ 0.73905, 44.8406 ], [ 0.73873, 44.84056 ], [ 0.73875, 44.84051 ], [ 0.73809, 44.84045 ], [ 0.73805, 44.84044 ], [ 0.73801, 44.84045 ], [ 0.73791, 44.84048 ], [ 0.73781, 44.84052 ], [ 0.73772, 44.84056 ], [ 0.73764, 44.84061 ], [ 0.7376, 44.84064 ], [ 0.73741, 44.8408 ], [ 0.73728, 44.8409 ], [ 0.73724, 44.84096 ], [ 0.73721, 44.84104 ], [ 0.73733, 44.841 ], [ 0.73752, 44.8412 ], [ 0.7376, 44.84126 ], [ 0.73752, 44.84135 ], [ 0.73743, 44.84145 ], [ 0.73735, 44.84159 ], [ 0.73735, 44.84162 ], [ 0.73733, 44.84168 ] ] ], [ [ [ 0.77787, 44.84188 ], [ 0.77735, 44.84173 ], [ 0.77684, 44.8416 ], [ 0.77631, 44.84148 ], [ 0.77596, 44.8414 ], [ 0.77563, 44.84134 ], [ 0.77532, 44.84129 ], [ 0.77509, 44.84122 ], [ 0.77487, 44.84111 ], [ 0.77463, 44.84101 ], [ 0.7744, 44.84094 ], [ 0.77404, 44.84083 ], [ 0.77392, 44.84078 ], [ 0.77336, 44.84059 ], [ 0.773, 44.84052 ], [ 0.77289, 44.84049 ], [ 0.77257, 44.8404 ], [ 0.77217, 44.84029 ], [ 0.77208, 44.84026 ], [ 0.77191, 44.84019 ], [ 0.7716, 44.84006 ], [ 0.77148, 44.84002 ], [ 0.77096, 44.83991 ], [ 0.77054, 44.83978 ], [ 0.77032, 44.83971 ], [ 0.77005, 44.83957 ], [ 0.76973, 44.83948 ], [ 0.7692, 44.83932 ], [ 0.76904, 44.83927 ], [ 0.76896, 44.83925 ], [ 0.76872, 44.8392 ], [ 0.76865, 44.83919 ], [ 0.76847, 44.83917 ], [ 0.76806, 44.83914 ], [ 0.7678, 44.83912 ], [ 0.7677, 44.83911 ], [ 0.76758, 44.8391 ], [ 0.76748, 44.83909 ], [ 0.7674, 44.83908 ], [ 0.76729, 44.83904 ], [ 0.76716, 44.839 ], [ 0.76696, 44.83897 ], [ 0.76662, 44.83893 ], [ 0.76631, 44.83889 ], [ 0.76598, 44.83887 ], [ 0.7657, 44.83885 ], [ 0.76564, 44.83885 ], [ 0.7655, 44.83885 ], [ 0.76522, 44.83956 ], [ 0.7652, 44.83963 ], [ 0.76532, 44.83962 ], [ 0.76564, 44.8396 ], [ 0.76584, 44.83959 ], [ 0.76593, 44.83959 ], [ 0.76593, 44.8396 ], [ 0.76619, 44.83958 ], [ 0.76625, 44.83958 ], [ 0.76625, 44.83957 ], [ 0.76636, 44.83957 ], [ 0.76658, 44.83956 ], [ 0.7667, 44.83955 ], [ 0.76687, 44.83955 ], [ 0.76688, 44.83955 ], [ 0.76703, 44.83958 ], [ 0.76708, 44.83959 ], [ 0.76723, 44.83962 ], [ 0.76738, 44.83964 ], [ 0.76745, 44.83966 ], [ 0.76755, 44.83967 ], [ 0.76784, 44.83972 ], [ 0.7679, 44.83974 ], [ 0.76825, 44.83979 ], [ 0.76848, 44.83983 ], [ 0.76872, 44.83987 ], [ 0.76951, 44.84001 ], [ 0.76976, 44.84006 ], [ 0.77038, 44.84019 ], [ 0.77092, 44.84032 ], [ 0.77145, 44.84044 ], [ 0.77176, 44.84052 ], [ 0.77195, 44.84056 ], [ 0.77217, 44.84062 ], [ 0.77245, 44.8407 ], [ 0.77275, 44.84077 ], [ 0.77288, 44.8408 ], [ 0.77379, 44.84105 ], [ 0.77393, 44.84108 ], [ 0.77431, 44.84118 ], [ 0.77453, 44.84124 ], [ 0.77477, 44.8413 ], [ 0.77501, 44.84136 ], [ 0.77515, 44.8414 ], [ 0.77524, 44.84142 ], [ 0.77543, 44.84148 ], [ 0.77555, 44.84151 ], [ 0.77585, 44.84157 ], [ 0.77622, 44.84166 ], [ 0.77676, 44.84177 ], [ 0.77779, 44.84202 ], [ 0.77803, 44.84208 ], [ 0.77814, 44.84211 ], [ 0.7783, 44.84215 ], [ 0.77863, 44.84222 ], [ 0.77909, 44.84232 ], [ 0.77937, 44.84236 ], [ 0.78042, 44.84252 ], [ 0.78047, 44.84253 ], [ 0.78067, 44.84257 ], [ 0.7813, 44.84268 ], [ 0.78162, 44.84273 ], [ 0.78179, 44.84277 ], [ 0.78233, 44.8429 ], [ 0.78248, 44.84293 ], [ 0.78265, 44.84297 ], [ 0.78293, 44.84303 ], [ 0.78321, 44.8431 ], [ 0.78331, 44.84312 ], [ 0.78358, 44.84319 ], [ 0.78375, 44.84324 ], [ 0.78504, 44.84361 ], [ 0.78591, 44.84386 ], [ 0.78604, 44.8439 ], [ 0.78648, 44.84403 ], [ 0.78686, 44.84415 ], [ 0.78695, 44.84418 ], [ 0.78727, 44.84428 ], [ 0.78763, 44.84442 ], [ 0.7877, 44.84445 ], [ 0.78801, 44.8446 ], [ 0.78837, 44.84476 ], [ 0.78845, 44.8448 ], [ 0.78892, 44.84503 ], [ 0.78944, 44.84528 ], [ 0.78951, 44.84532 ], [ 0.78976, 44.84546 ], [ 0.79006, 44.84561 ], [ 0.79018, 44.84568 ], [ 0.79024, 44.84572 ], [ 0.79029, 44.84564 ], [ 0.79031, 44.84563 ], [ 0.79023, 44.84558 ], [ 0.79022, 44.84557 ], [ 0.79015, 44.84553 ], [ 0.79003, 44.84545 ], [ 0.78992, 44.84541 ], [ 0.78982, 44.84536 ], [ 0.78969, 44.84527 ], [ 0.78957, 44.84523 ], [ 0.78952, 44.8452 ], [ 0.789, 44.84494 ], [ 0.78851, 44.84471 ], [ 0.78848, 44.84466 ], [ 0.78821, 44.84453 ], [ 0.78814, 44.84449 ], [ 0.78763, 44.84422 ], [ 0.78743, 44.84416 ], [ 0.7873, 44.84417 ], [ 0.78708, 44.84405 ], [ 0.78704, 44.84403 ], [ 0.78648, 44.84382 ], [ 0.78616, 44.84372 ], [ 0.78604, 44.84367 ], [ 0.7854, 44.84343 ], [ 0.78492, 44.84331 ], [ 0.78472, 44.84328 ], [ 0.78408, 44.84319 ], [ 0.78384, 44.84313 ], [ 0.78365, 44.8431 ], [ 0.78342, 44.84304 ], [ 0.78336, 44.84303 ], [ 0.78317, 44.84298 ], [ 0.78303, 44.84295 ], [ 0.78298, 44.84294 ], [ 0.78281, 44.8429 ], [ 0.78271, 44.84287 ], [ 0.78261, 44.84286 ], [ 0.78253, 44.84284 ], [ 0.78243, 44.84282 ], [ 0.78238, 44.8428 ], [ 0.78199, 44.84271 ], [ 0.78184, 44.84268 ], [ 0.78135, 44.84259 ], [ 0.78096, 44.84253 ], [ 0.78095, 44.84254 ], [ 0.78052, 44.84246 ], [ 0.78043, 44.84245 ], [ 0.77966, 44.84231 ], [ 0.7794, 44.84227 ], [ 0.77868, 44.84211 ], [ 0.77837, 44.84202 ], [ 0.77822, 44.84197 ], [ 0.77787, 44.84188 ] ] ], [ [ [ 0.69854, 44.83828 ], [ 0.69884, 44.8386 ], [ 0.69902, 44.8388 ], [ 0.69911, 44.83891 ], [ 0.69927, 44.83915 ], [ 0.69943, 44.83931 ], [ 0.6995, 44.83937 ], [ 0.69976, 44.83957 ], [ 0.70002, 44.83975 ], [ 0.70006, 44.83976 ], [ 0.70012, 44.83977 ], [ 0.70018, 44.83978 ], [ 0.7007, 44.83972 ], [ 0.70163, 44.83959 ], [ 0.70213, 44.83953 ], [ 0.70293, 44.83941 ], [ 0.70316, 44.83938 ], [ 0.70316, 44.83935 ], [ 0.70306, 44.83898 ], [ 0.70283, 44.839 ], [ 0.70277, 44.83879 ], [ 0.7027, 44.8385 ], [ 0.70269, 44.83847 ], [ 0.70263, 44.83848 ], [ 0.70232, 44.83851 ], [ 0.70224, 44.83852 ], [ 0.70223, 44.83844 ], [ 0.7022, 44.83835 ], [ 0.70218, 44.83823 ], [ 0.70191, 44.83825 ], [ 0.70156, 44.83829 ], [ 0.70151, 44.83829 ], [ 0.70131, 44.83832 ], [ 0.70122, 44.83805 ], [ 0.70121, 44.83801 ], [ 0.70121, 44.838 ], [ 0.70129, 44.838 ], [ 0.70128, 44.83795 ], [ 0.70127, 44.83787 ], [ 0.70128, 44.83778 ], [ 0.70131, 44.83774 ], [ 0.70132, 44.83771 ], [ 0.70136, 44.83769 ], [ 0.70141, 44.83767 ], [ 0.70151, 44.83764 ], [ 0.70158, 44.83765 ], [ 0.70163, 44.83765 ], [ 0.70177, 44.83761 ], [ 0.70176, 44.83761 ], [ 0.70153, 44.83758 ], [ 0.7012, 44.83754 ], [ 0.7012, 44.83758 ], [ 0.70114, 44.83758 ], [ 0.70114, 44.83758 ], [ 0.70105, 44.83758 ], [ 0.70096, 44.8376 ], [ 0.70082, 44.83768 ], [ 0.70081, 44.83769 ], [ 0.70077, 44.8377 ], [ 0.70074, 44.8377 ], [ 0.70068, 44.8377 ], [ 0.70068, 44.8377 ], [ 0.70064, 44.8377 ], [ 0.70055, 44.83769 ], [ 0.70051, 44.8377 ], [ 0.70046, 44.83771 ], [ 0.70046, 44.83771 ], [ 0.70036, 44.83772 ], [ 0.7003, 44.83773 ], [ 0.70029, 44.8377 ], [ 0.70029, 44.83767 ], [ 0.70025, 44.83768 ], [ 0.70024, 44.83764 ], [ 0.69991, 44.83771 ], [ 0.69993, 44.83776 ], [ 0.69992, 44.83776 ], [ 0.69989, 44.83776 ], [ 0.69979, 44.83781 ], [ 0.69961, 44.83783 ], [ 0.69961, 44.83783 ], [ 0.69952, 44.83785 ], [ 0.69947, 44.83786 ], [ 0.69937, 44.83789 ], [ 0.69937, 44.83789 ], [ 0.69929, 44.8379 ], [ 0.69928, 44.83786 ], [ 0.69895, 44.83794 ], [ 0.69884, 44.83797 ], [ 0.6987, 44.83801 ], [ 0.69861, 44.83802 ], [ 0.69849, 44.8382 ], [ 0.69849, 44.8382 ], [ 0.69848, 44.83824 ], [ 0.69848, 44.83825 ], [ 0.69848, 44.83825 ], [ 0.69854, 44.83828 ] ] ], [ [ [ 0.77378, 44.85542 ], [ 0.77385, 44.85525 ], [ 0.77384, 44.85528 ], [ 0.77378, 44.85542 ] ] ], [ [ [ 0.76577, 44.8416 ], [ 0.7658, 44.84162 ], [ 0.76587, 44.84166 ], [ 0.76577, 44.8416 ] ] ], [ [ [ 0.76577, 44.8416 ], [ 0.76569, 44.84156 ], [ 0.7657, 44.84157 ], [ 0.76577, 44.8416 ] ] ] ] } },
{ "type": "Feature", "properties": { "LIBELLE": "Site patrimonial remarquable du canal de Lalinde", "ZONE": "Zone intermédiaire à dominante naturelle", "COMMUNE": "LALINDE" }, "geometry": { "type": "MultiPolygon", "coordinates": [ [ [ [ 0.77055, 44.85044 ], [ 0.77067, 44.8504 ], [ 0.7708, 44.85034 ], [ 0.77097, 44.85027 ], [ 0.77111, 44.85018 ], [ 0.77114, 44.85017 ], [ 0.77132, 44.85003 ], [ 0.77142, 44.84992 ], [ 0.77149, 44.84985 ], [ 0.77179, 44.84946 ], [ 0.77192, 44.84932 ], [ 0.77202, 44.84925 ], [ 0.7721, 44.84919 ], [ 0.77214, 44.84914 ], [ 0.77217, 44.84906 ], [ 0.77168, 44.84885 ], [ 0.77119, 44.84867 ], [ 0.77107, 44.84859 ], [ 0.77099, 44.84853 ], [ 0.77183, 44.84796 ], [ 0.77233, 44.84761 ], [ 0.7731, 44.84807 ], [ 0.77344, 44.84782 ], [ 0.77347, 44.84779 ], [ 0.77423, 44.84706 ], [ 0.77469, 44.84663 ], [ 0.7748, 44.84651 ], [ 0.77514, 44.8462 ], [ 0.77428, 44.84572 ], [ 0.77415, 44.84584 ], [ 0.77312, 44.84529 ], [ 0.77335, 44.845 ], [ 0.77341, 44.84491 ], [ 0.77306, 44.84484 ], [ 0.77284, 44.84481 ], [ 0.77264, 44.84479 ], [ 0.77254, 44.84477 ], [ 0.77212, 44.84472 ], [ 0.77172, 44.84467 ], [ 0.77084, 44.84455 ], [ 0.7705, 44.84451 ], [ 0.77043, 44.8445 ], [ 0.77036, 44.84448 ], [ 0.77013, 44.84442 ], [ 0.77003, 44.8444 ], [ 0.76983, 44.84433 ], [ 0.76947, 44.84423 ], [ 0.76929, 44.84418 ], [ 0.76913, 44.84413 ], [ 0.76887, 44.84406 ], [ 0.76864, 44.84399 ], [ 0.76829, 44.84389 ], [ 0.76816, 44.84385 ], [ 0.76801, 44.8438 ], [ 0.76786, 44.84375 ], [ 0.76788, 44.84374 ], [ 0.7675, 44.84364 ], [ 0.76727, 44.84357 ], [ 0.76705, 44.8435 ], [ 0.76682, 44.84343 ], [ 0.7665, 44.84334 ], [ 0.76625, 44.84326 ], [ 0.76617, 44.84324 ], [ 0.76612, 44.84322 ], [ 0.76593, 44.84316 ], [ 0.76578, 44.84313 ], [ 0.76572, 44.84312 ], [ 0.76488, 44.84287 ], [ 0.76442, 44.84272 ], [ 0.76395, 44.84259 ], [ 0.76226, 44.84208 ], [ 0.76226, 44.84206 ], [ 0.76178, 44.84193 ], [ 0.76177, 44.84194 ], [ 0.76075, 44.84164 ], [ 0.7582, 44.84085 ], [ 0.75648, 44.84033 ], [ 0.75633, 44.84028 ], [ 0.7562, 44.8402 ], [ 0.75608, 44.84011 ], [ 0.75599, 44.84002 ], [ 0.75596, 44.83999 ], [ 0.75592, 44.83991 ], [ 0.75578, 44.83994 ], [ 0.75577, 44.84001 ], [ 0.75596, 44.84018 ], [ 0.75608, 44.84027 ], [ 0.75607, 44.8403 ], [ 0.75607, 44.84033 ], [ 0.75606, 44.84036 ], [ 0.75588, 44.8406 ], [ 0.7558, 44.8407 ], [ 0.75547, 44.84115 ], [ 0.75539, 44.84126 ], [ 0.75532, 44.84133 ], [ 0.75525, 44.84141 ], [ 0.7551, 44.84154 ], [ 0.75495, 44.84171 ], [ 0.75462, 44.84205 ], [ 0.75413, 44.84258 ], [ 0.75388, 44.84283 ], [ 0.75381, 44.8429 ], [ 0.75375, 44.84296 ], [ 0.75364, 44.84306 ], [ 0.75362, 44.84311 ], [ 0.75356, 44.84325 ], [ 0.7552, 44.84293 ], [ 0.7572, 44.84339 ], [ 0.7571, 44.84354 ], [ 0.75999, 44.84442 ], [ 0.76011, 44.84427 ], [ 0.76056, 44.84446 ], [ 0.76121, 44.84486 ], [ 0.76104, 44.84521 ], [ 0.76173, 44.84541 ], [ 0.76205, 44.84556 ], [ 0.76208, 44.84557 ], [ 0.76228, 44.84565 ], [ 0.7626, 44.84577 ], [ 0.7626, 44.84577 ], [ 0.76285, 44.84583 ], [ 0.76307, 44.8459 ], [ 0.76314, 44.84592 ], [ 0.76315, 44.84592 ], [ 0.76319, 44.84594 ], [ 0.76352, 44.84608 ], [ 0.76366, 44.84613 ], [ 0.76367, 44.84613 ], [ 0.76385, 44.84618 ], [ 0.76377, 44.84625 ], [ 0.7645, 44.84673 ], [ 0.76465, 44.84681 ], [ 0.76489, 44.84659 ], [ 0.76562, 44.84697 ], [ 0.76679, 44.84734 ], [ 0.7671, 44.84749 ], [ 0.7672, 44.84756 ], [ 0.76751, 44.84777 ], [ 0.76786, 44.84801 ], [ 0.7686, 44.84855 ], [ 0.76905, 44.84887 ], [ 0.76953, 44.84919 ], [ 0.76983, 44.84941 ], [ 0.76943, 44.84979 ], [ 0.76953, 44.84986 ], [ 0.77055, 44.85044 ] ] ], [ [ [ 0.78428, 44.85322 ], [ 0.78383, 44.85298 ], [ 0.78349, 44.85281 ], [ 0.78341, 44.85276 ], [ 0.78337, 44.85274 ], [ 0.78291, 44.85253 ], [ 0.78268, 44.85242 ], [ 0.78256, 44.85237 ], [ 0.78241, 44.85232 ], [ 0.78211, 44.85222 ], [ 0.78184, 44.85215 ], [ 0.78157, 44.85208 ], [ 0.78129, 44.85202 ], [ 0.78123, 44.852 ], [ 0.78076, 44.85191 ], [ 0.78056, 44.85184 ], [ 0.7803, 44.85173 ], [ 0.78019, 44.85166 ], [ 0.78019, 44.85173 ], [ 0.78019, 44.85174 ], [ 0.78011, 44.85183 ], [ 0.77996, 44.85207 ], [ 0.77986, 44.85223 ], [ 0.77976, 44.85239 ], [ 0.77972, 44.85245 ], [ 0.77951, 44.85284 ], [ 0.77948, 44.85291 ], [ 0.77944, 44.85306 ], [ 0.77943, 44.85315 ], [ 0.77944, 44.85325 ], [ 0.77946, 44.85328 ], [ 0.77948, 44.85331 ], [ 0.77963, 44.85341 ], [ 0.77974, 44.85348 ], [ 0.7799, 44.85365 ], [ 0.78004, 44.85387 ], [ 0.7801, 44.85398 ], [ 0.78023, 44.85439 ], [ 0.78034, 44.85468 ], [ 0.78039, 44.85478 ], [ 0.77988, 44.85497 ], [ 0.78003, 44.85513 ], [ 0.78027, 44.85541 ], [ 0.78048, 44.85565 ], [ 0.78075, 44.85546 ], [ 0.78057, 44.8551 ], [ 0.78054, 44.85504 ], [ 0.78059, 44.85499 ], [ 0.7809, 44.85459 ], [ 0.78107, 44.85438 ], [ 0.78139, 44.85398 ], [ 0.78166, 44.85362 ], [ 0.78202, 44.85317 ], [ 0.78223, 44.85325 ], [ 0.78245, 44.85335 ], [ 0.7825, 44.85337 ], [ 0.78268, 44.85345 ], [ 0.78284, 44.85356 ], [ 0.7831, 44.85374 ], [ 0.78313, 44.85375 ], [ 0.78321, 44.85381 ], [ 0.78333, 44.85389 ], [ 0.78341, 44.85395 ], [ 0.78355, 44.85384 ], [ 0.78414, 44.85335 ], [ 0.78428, 44.85322 ] ] ], [ [ [ 0.71109, 44.83692 ], [ 0.71097, 44.83691 ], [ 0.71074, 44.8369 ], [ 0.71034, 44.83688 ], [ 0.71029, 44.83712 ], [ 0.71025, 44.83726 ], [ 0.71021, 44.83735 ], [ 0.71021, 44.83742 ], [ 0.71021, 44.83749 ], [ 0.71019, 44.83752 ], [ 0.71011, 44.83768 ], [ 0.71008, 44.83776 ], [ 0.71007, 44.83783 ], [ 0.71008, 44.83793 ], [ 0.7101, 44.83813 ], [ 0.71016, 44.83829 ], [ 0.71033, 44.8388 ], [ 0.71039, 44.83894 ], [ 0.71045, 44.83904 ], [ 0.71057, 44.83916 ], [ 0.71069, 44.83925 ], [ 0.71079, 44.8393 ], [ 0.71087, 44.83934 ], [ 0.711, 44.8394 ], [ 0.71112, 44.83943 ], [ 0.71132, 44.83948 ], [ 0.71144, 44.83949 ], [ 0.71159, 44.8395 ], [ 0.71168, 44.8395 ], [ 0.71174, 44.83948 ], [ 0.71178, 44.83946 ], [ 0.71182, 44.83943 ], [ 0.71184, 44.8394 ], [ 0.71185, 44.83937 ], [ 0.71183, 44.83907 ], [ 0.71181, 44.83883 ], [ 0.71183, 44.8387 ], [ 0.71183, 44.83859 ], [ 0.71193, 44.83828 ], [ 0.71225, 44.83822 ], [ 0.71231, 44.83823 ], [ 0.71257, 44.83823 ], [ 0.71274, 44.83822 ], [ 0.71295, 44.83823 ], [ 0.71323, 44.83822 ], [ 0.7135, 44.83824 ], [ 0.71355, 44.83825 ], [ 0.7139, 44.83828 ], [ 0.71389, 44.83818 ], [ 0.71388, 44.83772 ], [ 0.71388, 44.83757 ], [ 0.71388, 44.83753 ], [ 0.71344, 44.83758 ], [ 0.71327, 44.83762 ], [ 0.71302, 44.83772 ], [ 0.71223, 44.83804 ], [ 0.71222, 44.83764 ], [ 0.71103, 44.83755 ], [ 0.71109, 44.83692 ] ] ], [ [ [ 0.7038, 44.837 ], [ 0.70381, 44.83712 ], [ 0.70384, 44.83717 ], [ 0.70408, 44.83713 ], [ 0.70445, 44.83708 ], [ 0.70543, 44.83702 ], [ 0.70538, 44.8368 ], [ 0.70562, 44.8368 ], [ 0.70571, 44.8368 ], [ 0.70603, 44.83679 ], [ 0.70652, 44.83671 ], [ 0.70702, 44.83666 ], [ 0.70735, 44.83663 ], [ 0.7074, 44.83663 ], [ 0.70878, 44.83649 ], [ 0.70959, 44.83655 ], [ 0.70978, 44.83653 ], [ 0.70982, 44.8365 ], [ 0.70998, 44.83653 ], [ 0.70998, 44.83665 ], [ 0.71013, 44.83667 ], [ 0.71025, 44.83673 ], [ 0.71029, 44.83671 ], [ 0.71034, 44.8367 ], [ 0.71039, 44.83664 ], [ 0.71046, 44.83659 ], [ 0.71064, 44.8365 ], [ 0.71073, 44.83642 ], [ 0.71077, 44.83635 ], [ 0.71085, 44.83624 ], [ 0.71088, 44.83619 ], [ 0.71088, 44.83614 ], [ 0.71088, 44.8361 ], [ 0.71083, 44.83606 ], [ 0.71079, 44.83604 ], [ 0.71073, 44.83602 ], [ 0.7103, 44.83597 ], [ 0.70999, 44.83593 ], [ 0.70958, 44.83593 ], [ 0.70934, 44.83593 ], [ 0.70916, 44.83594 ], [ 0.70883, 44.83596 ], [ 0.70809, 44.83601 ], [ 0.70793, 44.83603 ], [ 0.70727, 44.83613 ], [ 0.70694, 44.83618 ], [ 0.70645, 44.83626 ], [ 0.70595, 44.83634 ], [ 0.70567, 44.8364 ], [ 0.70551, 44.83644 ], [ 0.70547, 44.83645 ], [ 0.70532, 44.8365 ], [ 0.70469, 44.83669 ], [ 0.70414, 44.83678 ], [ 0.70406, 44.83681 ], [ 0.70398, 44.83685 ], [ 0.70389, 44.83692 ], [ 0.7038, 44.837 ] ] ], [ [ [ 0.72409, 44.8393 ], [ 0.72422, 44.83986 ], [ 0.72444, 44.83987 ], [ 0.72465, 44.83988 ], [ 0.72483, 44.83989 ], [ 0.72503, 44.83992 ], [ 0.72506, 44.83992 ], [ 0.72508, 44.8399 ], [ 0.72519, 44.83974 ], [ 0.72526, 44.83976 ], [ 0.72524, 44.8398 ], [ 0.72638, 44.84 ], [ 0.72686, 44.84008 ], [ 0.72693, 44.8401 ], [ 0.72819, 44.84031 ], [ 0.72824, 44.83997 ], [ 0.72751, 44.83971 ], [ 0.72694, 44.83937 ], [ 0.72672, 44.83924 ], [ 0.72663, 44.83919 ], [ 0.72658, 44.83916 ], [ 0.72645, 44.83905 ], [ 0.7264, 44.83901 ], [ 0.7263, 44.83899 ], [ 0.7255, 44.83887 ], [ 0.72537, 44.83883 ], [ 0.72533, 44.83882 ], [ 0.72523, 44.83915 ], [ 0.72409, 44.8393 ] ] ], [ [ [ 0.72033, 44.83953 ], [ 0.72091, 44.83945 ], [ 0.72096, 44.83944 ], [ 0.72099, 44.83941 ], [ 0.72099, 44.83923 ], [ 0.72106, 44.83921 ], [ 0.72137, 44.83924 ], [ 0.72177, 44.83927 ], [ 0.72175, 44.83913 ], [ 0.72209, 44.83914 ], [ 0.72211, 44.83874 ], [ 0.72211, 44.83831 ], [ 0.72211, 44.83817 ], [ 0.72206, 44.83818 ], [ 0.72213, 44.83796 ], [ 0.72184, 44.83795 ], [ 0.72169, 44.83795 ], [ 0.72165, 44.83795 ], [ 0.72166, 44.838 ], [ 0.72166, 44.838 ], [ 0.72167, 44.83801 ], [ 0.72158, 44.83805 ], [ 0.72154, 44.83804 ], [ 0.72148, 44.83802 ], [ 0.72141, 44.838 ], [ 0.72123, 44.838 ], [ 0.7212, 44.838 ], [ 0.72118, 44.838 ], [ 0.721, 44.83794 ], [ 0.72079, 44.83792 ], [ 0.72053, 44.83787 ], [ 0.72045, 44.83812 ], [ 0.72041, 44.83831 ], [ 0.71903, 44.8381 ], [ 0.71894, 44.83847 ], [ 0.72034, 44.83866 ], [ 0.72033, 44.83947 ], [ 0.72033, 44.83953 ] ] ], [ [ [ 0.76149, 44.84594 ], [ 0.76147, 44.84594 ], [ 0.76138, 44.84596 ], [ 0.76131, 44.846 ], [ 0.76115, 44.84611 ], [ 0.76099, 44.84616 ], [ 0.76042, 44.84686 ], [ 0.76218, 44.84788 ], [ 0.76231, 44.84777 ], [ 0.76279, 44.84736 ], [ 0.76299, 44.84717 ], [ 0.76305, 44.84707 ], [ 0.76307, 44.84703 ], [ 0.76306, 44.84698 ], [ 0.76311, 44.84692 ], [ 0.76317, 44.84683 ], [ 0.7632, 44.84683 ], [ 0.76322, 44.84682 ], [ 0.76323, 44.84681 ], [ 0.76323, 44.84681 ], [ 0.76323, 44.8468 ], [ 0.76321, 44.84679 ], [ 0.7632, 44.84679 ], [ 0.76313, 44.84674 ], [ 0.76303, 44.84668 ], [ 0.76293, 44.84664 ], [ 0.76288, 44.84662 ], [ 0.76279, 44.84659 ], [ 0.76269, 44.84655 ], [ 0.76219, 44.84643 ], [ 0.76211, 44.84642 ], [ 0.76197, 44.84637 ], [ 0.76195, 44.84635 ], [ 0.7619, 44.84632 ], [ 0.76171, 44.846 ], [ 0.76165, 44.846 ], [ 0.76149, 44.84594 ] ] ], [ [ [ 0.73588, 44.84093 ], [ 0.73585, 44.84092 ], [ 0.73569, 44.84091 ], [ 0.73536, 44.84089 ], [ 0.73509, 44.84088 ], [ 0.735, 44.84088 ], [ 0.7348, 44.84086 ], [ 0.73461, 44.84082 ], [ 0.73448, 44.84079 ], [ 0.73447, 44.84085 ], [ 0.73445, 44.84088 ], [ 0.7343, 44.84108 ], [ 0.73423, 44.84117 ], [ 0.73417, 44.84125 ], [ 0.73411, 44.84133 ], [ 0.73405, 44.84148 ], [ 0.73448, 44.84156 ], [ 0.73469, 44.8413 ], [ 0.73509, 44.8414 ], [ 0.73506, 44.84148 ], [ 0.73501, 44.84174 ], [ 0.73499, 44.84191 ], [ 0.73497, 44.84199 ], [ 0.73504, 44.84203 ], [ 0.73576, 44.84202 ], [ 0.73573, 44.84173 ], [ 0.736, 44.84175 ], [ 0.73671, 44.84179 ], [ 0.73677, 44.8418 ], [ 0.73678, 44.84175 ], [ 0.73676, 44.84169 ], [ 0.73678, 44.84155 ], [ 0.73641, 44.84154 ], [ 0.73645, 44.84122 ], [ 0.7364, 44.84123 ], [ 0.73639, 44.8412 ], [ 0.73639, 44.84118 ], [ 0.73627, 44.8412 ], [ 0.73612, 44.84124 ], [ 0.73601, 44.84125 ], [ 0.73601, 44.84117 ], [ 0.73601, 44.84113 ], [ 0.73595, 44.84111 ], [ 0.73587, 44.84108 ], [ 0.73588, 44.84093 ] ] ], [ [ [ 0.76852, 44.84999 ], [ 0.76831, 44.85005 ], [ 0.76818, 44.85007 ], [ 0.76806, 44.85011 ], [ 0.768, 44.85013 ], [ 0.76799, 44.85015 ], [ 0.76818, 44.85042 ], [ 0.76814, 44.85044 ], [ 0.76822, 44.85052 ], [ 0.7682, 44.85054 ], [ 0.76823, 44.85058 ], [ 0.76836, 44.85053 ], [ 0.7684, 44.85061 ], [ 0.76849, 44.85056 ], [ 0.76873, 44.85072 ], [ 0.76851, 44.85091 ], [ 0.76857, 44.85095 ], [ 0.76884, 44.85072 ], [ 0.76891, 44.85077 ], [ 0.76887, 44.85081 ], [ 0.76895, 44.8509 ], [ 0.76898, 44.85093 ], [ 0.7691, 44.85106 ], [ 0.76917, 44.8511 ], [ 0.76968, 44.85077 ], [ 0.76957, 44.8507 ], [ 0.76932, 44.85057 ], [ 0.76919, 44.85048 ], [ 0.76912, 44.85041 ], [ 0.76917, 44.85036 ], [ 0.7692, 44.85034 ], [ 0.7691, 44.85028 ], [ 0.76896, 44.85018 ], [ 0.76893, 44.8502 ], [ 0.76864, 44.85 ], [ 0.76852, 44.84999 ] ] ], [ [ [ 0.70284, 44.83819 ], [ 0.70285, 44.83819 ], [ 0.70293, 44.83816 ], [ 0.70292, 44.83813 ], [ 0.70292, 44.83805 ], [ 0.70291, 44.83803 ], [ 0.7029, 44.83796 ], [ 0.70289, 44.83789 ], [ 0.70283, 44.83769 ], [ 0.70297, 44.83764 ], [ 0.70307, 44.8376 ], [ 0.70324, 44.83745 ], [ 0.70325, 44.83744 ], [ 0.70325, 44.83742 ], [ 0.70325, 44.83739 ], [ 0.70319, 44.83733 ], [ 0.70301, 44.83743 ], [ 0.703, 44.83744 ], [ 0.70292, 44.83748 ], [ 0.70271, 44.83752 ], [ 0.70268, 44.83752 ], [ 0.70263, 44.83753 ], [ 0.70239, 44.83752 ], [ 0.7022, 44.83752 ], [ 0.70214, 44.83753 ], [ 0.70206, 44.83754 ], [ 0.70193, 44.83757 ], [ 0.70182, 44.8376 ], [ 0.70177, 44.83761 ], [ 0.70163, 44.83765 ], [ 0.70158, 44.83765 ], [ 0.70151, 44.83764 ], [ 0.70141, 44.83767 ], [ 0.70136, 44.83769 ], [ 0.70132, 44.83771 ], [ 0.70131, 44.83774 ], [ 0.70128, 44.83778 ], [ 0.70127, 44.83787 ], [ 0.70128, 44.83795 ], [ 0.70129, 44.838 ], [ 0.70121, 44.838 ], [ 0.70121, 44.83801 ], [ 0.70197, 44.83798 ], [ 0.70204, 44.83799 ], [ 0.70215, 44.838 ], [ 0.70225, 44.83802 ], [ 0.70254, 44.83813 ], [ 0.70261, 44.83815 ], [ 0.70267, 44.83818 ], [ 0.70284, 44.83819 ] ] ] ] } },
{ "type": "Feature", "properties": { "LIBELLE": "Site patrimonial remarquable du canal de Lalinde", "ZONE": "Secteur entre canal et coteau", "COMMUNE": "LALINDE" }, "geometry": { "type": "MultiPolygon", "coordinates": [ [ [ [ 0.69909, 44.83709 ], [ 0.69907, 44.8371 ], [ 0.69901, 44.83726 ], [ 0.699, 44.83727 ], [ 0.69939, 44.83724 ], [ 0.7001, 44.83708 ], [ 0.70059, 44.83694 ], [ 0.70082, 44.83688 ], [ 0.70136, 44.83679 ], [ 0.70154, 44.83675 ], [ 0.70154, 44.83678 ], [ 0.70156, 44.83683 ], [ 0.70157, 44.83689 ], [ 0.70243, 44.83674 ], [ 0.70249, 44.83672 ], [ 0.70325, 44.8366 ], [ 0.70348, 44.83654 ], [ 0.70399, 44.83646 ], [ 0.70431, 44.83639 ], [ 0.70466, 44.83633 ], [ 0.70473, 44.83632 ], [ 0.7048, 44.8363 ], [ 0.70489, 44.83627 ], [ 0.70507, 44.83624 ], [ 0.70522, 44.83622 ], [ 0.7054, 44.83619 ], [ 0.70564, 44.83615 ], [ 0.70591, 44.83611 ], [ 0.70592, 44.83611 ], [ 0.70618, 44.83607 ], [ 0.70642, 44.83603 ], [ 0.70663, 44.83598 ], [ 0.70687, 44.83594 ], [ 0.70714, 44.8359 ], [ 0.70719, 44.83589 ], [ 0.70734, 44.83587 ], [ 0.70759, 44.83584 ], [ 0.70784, 44.83579 ], [ 0.70792, 44.83578 ], [ 0.70798, 44.83576 ], [ 0.70806, 44.83575 ], [ 0.7083, 44.83574 ], [ 0.70842, 44.83573 ], [ 0.70855, 44.83572 ], [ 0.70859, 44.83572 ], [ 0.7088, 44.83572 ], [ 0.70906, 44.83572 ], [ 0.70931, 44.83573 ], [ 0.7095, 44.83572 ], [ 0.70956, 44.83572 ], [ 0.70963, 44.83572 ], [ 0.70978, 44.83572 ], [ 0.7099, 44.83574 ], [ 0.71004, 44.83575 ], [ 0.71014, 44.83575 ], [ 0.71029, 44.83576 ], [ 0.71046, 44.83577 ], [ 0.71108, 44.83583 ], [ 0.71157, 44.83588 ], [ 0.71172, 44.8359 ], [ 0.71181, 44.83591 ], [ 0.71303, 44.83603 ], [ 0.71304, 44.83601 ], [ 0.71304, 44.83597 ], [ 0.71268, 44.83588 ], [ 0.71243, 44.83582 ], [ 0.71225, 44.83576 ], [ 0.71198, 44.83569 ], [ 0.71168, 44.83558 ], [ 0.71146, 44.8355 ], [ 0.71135, 44.83545 ], [ 0.71123, 44.8354 ], [ 0.711, 44.8353 ], [ 0.71079, 44.8352 ], [ 0.71065, 44.83513 ], [ 0.71058, 44.83508 ], [ 0.71037, 44.83495 ], [ 0.71022, 44.83486 ], [ 0.71019, 44.83484 ], [ 0.71003, 44.83473 ], [ 0.70983, 44.8346 ], [ 0.7095, 44.83443 ], [ 0.70919, 44.83426 ], [ 0.70905, 44.8342 ], [ 0.70895, 44.83417 ], [ 0.70851, 44.83401 ], [ 0.70841, 44.83398 ], [ 0.70825, 44.83393 ], [ 0.70819, 44.83391 ], [ 0.70795, 44.83386 ], [ 0.70781, 44.83383 ], [ 0.70754, 44.83378 ], [ 0.70703, 44.83373 ], [ 0.70699, 44.83373 ], [ 0.70674, 44.83372 ], [ 0.70665, 44.83372 ], [ 0.70647, 44.83371 ], [ 0.70632, 44.83371 ], [ 0.70609, 44.83373 ], [ 0.70608, 44.83373 ], [ 0.70585, 44.83375 ], [ 0.7057, 44.83377 ], [ 0.70562, 44.83377 ], [ 0.70537, 44.83381 ], [ 0.70512, 44.83384 ], [ 0.70512, 44.83382 ], [ 0.70507, 44.83383 ], [ 0.70499, 44.83384 ], [ 0.70485, 44.83386 ], [ 0.70485, 44.83387 ], [ 0.70466, 44.8339 ], [ 0.70465, 44.83391 ], [ 0.70462, 44.83392 ], [ 0.70438, 44.83401 ], [ 0.70433, 44.83404 ], [ 0.70414, 44.83407 ], [ 0.70411, 44.83408 ], [ 0.70331, 44.8342 ], [ 0.70294, 44.83425 ], [ 0.70282, 44.83424 ], [ 0.70265, 44.83426 ], [ 0.69851, 44.8349 ], [ 0.69851, 44.83491 ], [ 0.69866, 44.83544 ], [ 0.69866, 44.83545 ], [ 0.69909, 44.83709 ] ] ], [ [ [ 0.75046, 44.84032 ], [ 0.75102, 44.84054 ], [ 0.75123, 44.84065 ], [ 0.75191, 44.84103 ], [ 0.75207, 44.84116 ], [ 0.75466, 44.84165 ], [ 0.75495, 44.84171 ], [ 0.7551, 44.84154 ], [ 0.75525, 44.84141 ], [ 0.75532, 44.84133 ], [ 0.75539, 44.84126 ], [ 0.75547, 44.84115 ], [ 0.7558, 44.8407 ], [ 0.75588, 44.8406 ], [ 0.75606, 44.84036 ], [ 0.75607, 44.84033 ], [ 0.75607, 44.8403 ], [ 0.75608, 44.84027 ], [ 0.75596, 44.84018 ], [ 0.75577, 44.84001 ], [ 0.75568, 44.83997 ], [ 0.75547, 44.8399 ], [ 0.75518, 44.83982 ], [ 0.75483, 44.83974 ], [ 0.75473, 44.83973 ], [ 0.75455, 44.8397 ], [ 0.75421, 44.83965 ], [ 0.75388, 44.83961 ], [ 0.75365, 44.83959 ], [ 0.75324, 44.83956 ], [ 0.75242, 44.83954 ], [ 0.75215, 44.83953 ], [ 0.75118, 44.83957 ], [ 0.7509, 44.83957 ], [ 0.75084, 44.83951 ], [ 0.75085, 44.83949 ], [ 0.75057, 44.83949 ], [ 0.75013, 44.83951 ], [ 0.74965, 44.83953 ], [ 0.74964, 44.83951 ], [ 0.74937, 44.83951 ], [ 0.74827, 44.83954 ], [ 0.74826, 44.83951 ], [ 0.74818, 44.83952 ], [ 0.74816, 44.83929 ], [ 0.74819, 44.83929 ], [ 0.74817, 44.83893 ], [ 0.74812, 44.83886 ], [ 0.74813, 44.8388 ], [ 0.74811, 44.83863 ], [ 0.74806, 44.83854 ], [ 0.74804, 44.83836 ], [ 0.74766, 44.83831 ], [ 0.74721, 44.83824 ], [ 0.74688, 44.83819 ], [ 0.74674, 44.83817 ], [ 0.74635, 44.83811 ], [ 0.74625, 44.83809 ], [ 0.74486, 44.83788 ], [ 0.7448, 44.83787 ], [ 0.7447, 44.83786 ], [ 0.74433, 44.83784 ], [ 0.74404, 44.83784 ], [ 0.74402, 44.83784 ], [ 0.74371, 44.83786 ], [ 0.74368, 44.83786 ], [ 0.74368, 44.83786 ], [ 0.74333, 44.83792 ], [ 0.74319, 44.83795 ], [ 0.74318, 44.83796 ], [ 0.74316, 44.83796 ], [ 0.74295, 44.83801 ], [ 0.7429, 44.83803 ], [ 0.74248, 44.83815 ], [ 0.74245, 44.83816 ], [ 0.74199, 44.83834 ], [ 0.74166, 44.83845 ], [ 0.7416, 44.83846 ], [ 0.7414, 44.8385 ], [ 0.74103, 44.83857 ], [ 0.7409, 44.83859 ], [ 0.74086, 44.83859 ], [ 0.74076, 44.83861 ], [ 0.74072, 44.83861 ], [ 0.74062, 44.83861 ], [ 0.74039, 44.83864 ], [ 0.74029, 44.83864 ], [ 0.74023, 44.83864 ], [ 0.74023, 44.83867 ], [ 0.74021, 44.8387 ], [ 0.74025, 44.83886 ], [ 0.74026, 44.83887 ], [ 0.74028, 44.83889 ], [ 0.74034, 44.839 ], [ 0.74031, 44.83915 ], [ 0.7403, 44.83925 ], [ 0.74033, 44.83961 ], [ 0.74031, 44.83975 ], [ 0.73987, 44.83974 ], [ 0.73887, 44.83976 ], [ 0.7381, 44.83975 ], [ 0.7381, 44.8398 ], [ 0.73811, 44.83981 ], [ 0.73811, 44.83982 ], [ 0.73809, 44.83983 ], [ 0.73812, 44.83985 ], [ 0.73817, 44.83987 ], [ 0.73819, 44.83989 ], [ 0.73823, 44.83991 ], [ 0.73829, 44.83993 ], [ 0.73833, 44.83994 ], [ 0.73838, 44.83995 ], [ 0.73842, 44.83995 ], [ 0.7387, 44.83995 ], [ 0.73986, 44.83992 ], [ 0.73994, 44.83992 ], [ 0.7401, 44.83992 ], [ 0.74031, 44.83991 ], [ 0.74065, 44.8399 ], [ 0.74141, 44.83988 ], [ 0.74167, 44.83988 ], [ 0.74172, 44.83988 ], [ 0.74184, 44.83989 ], [ 0.74185, 44.83995 ], [ 0.74184, 44.84005 ], [ 0.74188, 44.84009 ], [ 0.74192, 44.84012 ], [ 0.74196, 44.84014 ], [ 0.74198, 44.84015 ], [ 0.74202, 44.84017 ], [ 0.74208, 44.84018 ], [ 0.74213, 44.84019 ], [ 0.74238, 44.84019 ], [ 0.74252, 44.84019 ], [ 0.74285, 44.84017 ], [ 0.74328, 44.84016 ], [ 0.74374, 44.84015 ], [ 0.74405, 44.84015 ], [ 0.74418, 44.84011 ], [ 0.74426, 44.84009 ], [ 0.74524, 44.8398 ], [ 0.74535, 44.83977 ], [ 0.74542, 44.83977 ], [ 0.74576, 44.83976 ], [ 0.74618, 44.83975 ], [ 0.74661, 44.83972 ], [ 0.74687, 44.83972 ], [ 0.74686, 44.83978 ], [ 0.74676, 44.84013 ], [ 0.74689, 44.84013 ], [ 0.74708, 44.84013 ], [ 0.74741, 44.84011 ], [ 0.74828, 44.84009 ], [ 0.74943, 44.84012 ], [ 0.75037, 44.84028 ], [ 0.75046, 44.84032 ] ] ] ] } },
{ "type": "Feature", "properties": { "LIBELLE": "Site patrimonial remarquable du canal de Lalinde", "ZONE": "Secteur de développement", "COMMUNE": "LALINDE" }, "geometry": { "type": "MultiPolygon", "coordinates": [ [ [ [ 0.70517, 44.83341 ], [ 0.70553, 44.83337 ], [ 0.70591, 44.83333 ], [ 0.70598, 44.83331 ], [ 0.70636, 44.8333 ], [ 0.70641, 44.8333 ], [ 0.70681, 44.83331 ], [ 0.70708, 44.83332 ], [ 0.70718, 44.83333 ], [ 0.70723, 44.83334 ], [ 0.70738, 44.83336 ], [ 0.70764, 44.83339 ], [ 0.70786, 44.83342 ], [ 0.70809, 44.83346 ], [ 0.70829, 44.83351 ], [ 0.70846, 44.83355 ], [ 0.70865, 44.8336 ], [ 0.7088, 44.83364 ], [ 0.70895, 44.8337 ], [ 0.70906, 44.83374 ], [ 0.70926, 44.83382 ], [ 0.70933, 44.83385 ], [ 0.70956, 44.83396 ], [ 0.7097, 44.83402 ], [ 0.70975, 44.83404 ], [ 0.70997, 44.83414 ], [ 0.71021, 44.83438 ], [ 0.71077, 44.83477 ], [ 0.71088, 44.83482 ], [ 0.71096, 44.83487 ], [ 0.71113, 44.83495 ], [ 0.7116, 44.83518 ], [ 0.71175, 44.83524 ], [ 0.71183, 44.83527 ], [ 0.71218, 44.83537 ], [ 0.71228, 44.8354 ], [ 0.71239, 44.83545 ], [ 0.71262, 44.83551 ], [ 0.71288, 44.83556 ], [ 0.71309, 44.8356 ], [ 0.71341, 44.83566 ], [ 0.71356, 44.83567 ], [ 0.7137, 44.83568 ], [ 0.71396, 44.83571 ], [ 0.71505, 44.83583 ], [ 0.71549, 44.83589 ], [ 0.7157, 44.83591 ], [ 0.71586, 44.83593 ], [ 0.71609, 44.83595 ], [ 0.71653, 44.836 ], [ 0.71705, 44.83605 ], [ 0.71754, 44.8361 ], [ 0.71806, 44.83614 ], [ 0.71851, 44.83619 ], [ 0.7186, 44.8362 ], [ 0.71893, 44.83623 ], [ 0.71912, 44.83625 ], [ 0.71918, 44.83625 ], [ 0.71931, 44.83626 ], [ 0.71936, 44.83626 ], [ 0.71955, 44.83627 ], [ 0.71971, 44.83628 ], [ 0.71982, 44.8363 ], [ 0.72006, 44.83632 ], [ 0.72022, 44.83634 ], [ 0.72076, 44.8364 ], [ 0.72144, 44.83645 ], [ 0.72167, 44.83648 ], [ 0.72184, 44.83651 ], [ 0.72214, 44.83655 ], [ 0.72241, 44.83657 ], [ 0.72264, 44.83659 ], [ 0.72269, 44.83659 ], [ 0.72288, 44.83661 ], [ 0.72306, 44.83663 ], [ 0.72338, 44.83666 ], [ 0.72344, 44.83667 ], [ 0.72358, 44.83668 ], [ 0.72427, 44.83677 ], [ 0.7248, 44.83681 ], [ 0.72512, 44.83683 ], [ 0.72554, 44.83687 ], [ 0.72595, 44.83692 ], [ 0.726, 44.83693 ], [ 0.72627, 44.83695 ], [ 0.7269, 44.837 ], [ 0.72726, 44.83704 ], [ 0.72763, 44.83707 ], [ 0.72783, 44.8371 ], [ 0.72791, 44.83711 ], [ 0.72817, 44.83713 ], [ 0.7282, 44.83713 ], [ 0.72825, 44.83714 ], [ 0.72833, 44.83715 ], [ 0.72842, 44.83715 ], [ 0.72845, 44.83716 ], [ 0.7285, 44.83716 ], [ 0.72879, 44.83719 ], [ 0.72913, 44.83722 ], [ 0.72952, 44.83726 ], [ 0.7306, 44.83736 ], [ 0.73092, 44.83739 ], [ 0.73136, 44.83744 ], [ 0.7316, 44.83746 ], [ 0.7319, 44.83749 ], [ 0.73219, 44.83752 ], [ 0.73253, 44.83755 ], [ 0.73305, 44.83759 ], [ 0.73347, 44.83764 ], [ 0.73352, 44.83765 ], [ 0.73352, 44.83766 ], [ 0.73353, 44.83766 ], [ 0.73374, 44.83768 ], [ 0.73379, 44.83768 ], [ 0.73384, 44.83769 ], [ 0.73407, 44.83771 ], [ 0.73413, 44.83771 ], [ 0.73439, 44.83774 ], [ 0.73442, 44.83774 ], [ 0.73465, 44.83776 ], [ 0.73469, 44.83776 ], [ 0.73495, 44.83779 ], [ 0.73538, 44.83784 ], [ 0.73561, 44.83786 ], [ 0.73572, 44.83787 ], [ 0.73594, 44.83789 ], [ 0.73622, 44.83791 ], [ 0.73645, 44.83793 ], [ 0.73647, 44.83781 ], [ 0.73647, 44.8377 ], [ 0.73622, 44.8377 ], [ 0.73621, 44.8377 ], [ 0.73616, 44.83769 ], [ 0.73586, 44.83768 ], [ 0.73578, 44.83755 ], [ 0.73591, 44.83756 ], [ 0.73591, 44.83746 ], [ 0.7359, 44.83729 ], [ 0.73591, 44.83724 ], [ 0.73591, 44.8372 ], [ 0.73587, 44.83707 ], [ 0.73586, 44.83699 ], [ 0.73584, 44.83689 ], [ 0.73583, 44.83681 ], [ 0.73582, 44.83675 ], [ 0.73553, 44.83676 ], [ 0.73554, 44.83665 ], [ 0.73582, 44.83665 ], [ 0.7358, 44.83646 ], [ 0.73579, 44.83635 ], [ 0.73579, 44.83634 ], [ 0.73582, 44.83629 ], [ 0.73581, 44.83619 ], [ 0.73581, 44.83616 ], [ 0.73581, 44.83613 ], [ 0.73581, 44.836 ], [ 0.73582, 44.83597 ], [ 0.73583, 44.83595 ], [ 0.73583, 44.83584 ], [ 0.7358, 44.83572 ], [ 0.73592, 44.83572 ], [ 0.73606, 44.83573 ], [ 0.7361, 44.83573 ], [ 0.7361, 44.83574 ], [ 0.73649, 44.83576 ], [ 0.73649, 44.83554 ], [ 0.73648, 44.83538 ], [ 0.73648, 44.83533 ], [ 0.73647, 44.83513 ], [ 0.73647, 44.8351 ], [ 0.73649, 44.8351 ], [ 0.73649, 44.83506 ], [ 0.73647, 44.83504 ], [ 0.73644, 44.83504 ], [ 0.73637, 44.83503 ], [ 0.73626, 44.83501 ], [ 0.73611, 44.83499 ], [ 0.73595, 44.83497 ], [ 0.73588, 44.83497 ], [ 0.73579, 44.83496 ], [ 0.73568, 44.83495 ], [ 0.73552, 44.83493 ], [ 0.73549, 44.83493 ], [ 0.7354, 44.83492 ], [ 0.73534, 44.83492 ], [ 0.73505, 44.8349 ], [ 0.73487, 44.8349 ], [ 0.73466, 44.83488 ], [ 0.73458, 44.83488 ], [ 0.73449, 44.83489 ], [ 0.73444, 44.83489 ], [ 0.73441, 44.83489 ], [ 0.73424, 44.83488 ], [ 0.73408, 44.83486 ], [ 0.73403, 44.83486 ], [ 0.73396, 44.83486 ], [ 0.73382, 44.83484 ], [ 0.7337, 44.83484 ], [ 0.73367, 44.83484 ], [ 0.73365, 44.83484 ], [ 0.73358, 44.83484 ], [ 0.73342, 44.83485 ], [ 0.73337, 44.83484 ], [ 0.73326, 44.83483 ], [ 0.73322, 44.83483 ], [ 0.73313, 44.83482 ], [ 0.73303, 44.83481 ], [ 0.73295, 44.83481 ], [ 0.73285, 44.83481 ], [ 0.7328, 44.83481 ], [ 0.73264, 44.8348 ], [ 0.73233, 44.83478 ], [ 0.73225, 44.83477 ], [ 0.73213, 44.83474 ], [ 0.7321, 44.83473 ], [ 0.73196, 44.83471 ], [ 0.73195, 44.8347 ], [ 0.73179, 44.83468 ], [ 0.73167, 44.83467 ], [ 0.73162, 44.83467 ], [ 0.73149, 44.83465 ], [ 0.73144, 44.83464 ], [ 0.73115, 44.83463 ], [ 0.73096, 44.83462 ], [ 0.73084, 44.83461 ], [ 0.73077, 44.8346 ], [ 0.73062, 44.83458 ], [ 0.73057, 44.83458 ], [ 0.73038, 44.83456 ], [ 0.73018, 44.83455 ], [ 0.73009, 44.83454 ], [ 0.72998, 44.83454 ], [ 0.72974, 44.83451 ], [ 0.72969, 44.83451 ], [ 0.72965, 44.8345 ], [ 0.72961, 44.83451 ], [ 0.72951, 44.83453 ], [ 0.72947, 44.83454 ], [ 0.72936, 44.83454 ], [ 0.72931, 44.83454 ], [ 0.72912, 44.83451 ], [ 0.72896, 44.83448 ], [ 0.72883, 44.83446 ], [ 0.72878, 44.83445 ], [ 0.72863, 44.83444 ], [ 0.7285, 44.83442 ], [ 0.72844, 44.83442 ], [ 0.72838, 44.83442 ], [ 0.72832, 44.83443 ], [ 0.72827, 44.83443 ], [ 0.72825, 44.83444 ], [ 0.7282, 44.83445 ], [ 0.72813, 44.83446 ], [ 0.72811, 44.83446 ], [ 0.72801, 44.83443 ], [ 0.72796, 44.83442 ], [ 0.72793, 44.8344 ], [ 0.72792, 44.8344 ], [ 0.72777, 44.83438 ], [ 0.72768, 44.83436 ], [ 0.72767, 44.83436 ], [ 0.72751, 44.83433 ], [ 0.72737, 44.83432 ], [ 0.72727, 44.83432 ], [ 0.72723, 44.83432 ], [ 0.72705, 44.8343 ], [ 0.72691, 44.83428 ], [ 0.72684, 44.83427 ], [ 0.7267, 44.83425 ], [ 0.72665, 44.83424 ], [ 0.72638, 44.83424 ], [ 0.72627, 44.83424 ], [ 0.72623, 44.83424 ], [ 0.72618, 44.83424 ], [ 0.72595, 44.83421 ], [ 0.72593, 44.83421 ], [ 0.72588, 44.83422 ], [ 0.72584, 44.83422 ], [ 0.72576, 44.8342 ], [ 0.72573, 44.8342 ], [ 0.72571, 44.8342 ], [ 0.72561, 44.83424 ], [ 0.72555, 44.83424 ], [ 0.72543, 44.83424 ], [ 0.72537, 44.83424 ], [ 0.72528, 44.83422 ], [ 0.72509, 44.83419 ], [ 0.72493, 44.83416 ], [ 0.72491, 44.83415 ], [ 0.72486, 44.83414 ], [ 0.72484, 44.83413 ], [ 0.72481, 44.83412 ], [ 0.72477, 44.83411 ], [ 0.72458, 44.83406 ], [ 0.72449, 44.83404 ], [ 0.72425, 44.83398 ], [ 0.72402, 44.83392 ], [ 0.72378, 44.83385 ], [ 0.72359, 44.83379 ], [ 0.72353, 44.83376 ], [ 0.72338, 44.8337 ], [ 0.72333, 44.83369 ], [ 0.72328, 44.83367 ], [ 0.72323, 44.83366 ], [ 0.72304, 44.8336 ], [ 0.72296, 44.83358 ], [ 0.72287, 44.83357 ], [ 0.72279, 44.83355 ], [ 0.72253, 44.83352 ], [ 0.72251, 44.83351 ], [ 0.72246, 44.8335 ], [ 0.72237, 44.83349 ], [ 0.72228, 44.83349 ], [ 0.72222, 44.83348 ], [ 0.72207, 44.83346 ], [ 0.72203, 44.83345 ], [ 0.72199, 44.83344 ], [ 0.72194, 44.83343 ], [ 0.72184, 44.83341 ], [ 0.72172, 44.83338 ], [ 0.72167, 44.83335 ], [ 0.72163, 44.83334 ], [ 0.7216, 44.83333 ], [ 0.72147, 44.83331 ], [ 0.72139, 44.83329 ], [ 0.72133, 44.83328 ], [ 0.72128, 44.83328 ], [ 0.72125, 44.83328 ], [ 0.72123, 44.83328 ], [ 0.72114, 44.83326 ], [ 0.72104, 44.83323 ], [ 0.7209, 44.8332 ], [ 0.72086, 44.83318 ], [ 0.7208, 44.83314 ], [ 0.7207, 44.83311 ], [ 0.72064, 44.8331 ], [ 0.72034, 44.83305 ], [ 0.72024, 44.83303 ], [ 0.72018, 44.83302 ], [ 0.72015, 44.83301 ], [ 0.72002, 44.83296 ], [ 0.72, 44.83295 ], [ 0.71988, 44.83296 ], [ 0.71983, 44.83295 ], [ 0.71981, 44.83294 ], [ 0.71971, 44.83289 ], [ 0.71967, 44.83288 ], [ 0.71963, 44.83288 ], [ 0.71959, 44.83288 ], [ 0.71956, 44.83286 ], [ 0.71951, 44.83284 ], [ 0.71938, 44.8328 ], [ 0.71936, 44.83279 ], [ 0.71927, 44.83278 ], [ 0.71885, 44.83272 ], [ 0.71868, 44.83268 ], [ 0.71859, 44.83268 ], [ 0.71848, 44.83268 ], [ 0.71841, 44.83267 ], [ 0.71836, 44.83266 ], [ 0.71829, 44.83266 ], [ 0.71806, 44.83263 ], [ 0.71802, 44.83261 ], [ 0.71797, 44.83258 ], [ 0.71793, 44.83258 ], [ 0.71777, 44.83257 ], [ 0.71769, 44.83257 ], [ 0.71761, 44.83257 ], [ 0.71745, 44.83259 ], [ 0.71739, 44.83259 ], [ 0.71718, 44.83255 ], [ 0.71713, 44.83253 ], [ 0.71708, 44.83253 ], [ 0.717, 44.83251 ], [ 0.71696, 44.83249 ], [ 0.71682, 44.83248 ], [ 0.71674, 44.83249 ], [ 0.7166, 44.83248 ], [ 0.71648, 44.83247 ], [ 0.71636, 44.83246 ], [ 0.71618, 44.83245 ], [ 0.71592, 44.83244 ], [ 0.71584, 44.83244 ], [ 0.7158, 44.83244 ], [ 0.71575, 44.83244 ], [ 0.71559, 44.83245 ], [ 0.71547, 44.83246 ], [ 0.71537, 44.83246 ], [ 0.71506, 44.83245 ], [ 0.71503, 44.83245 ], [ 0.71497, 44.83245 ], [ 0.7149, 44.83246 ], [ 0.71483, 44.83246 ], [ 0.71469, 44.83246 ], [ 0.7146, 44.83247 ], [ 0.71459, 44.83247 ], [ 0.71456, 44.83246 ], [ 0.71454, 44.83245 ], [ 0.71444, 44.83245 ], [ 0.71411, 44.8325 ], [ 0.71395, 44.83248 ], [ 0.71369, 44.83253 ], [ 0.71342, 44.83258 ], [ 0.71332, 44.83261 ], [ 0.71317, 44.83265 ], [ 0.71304, 44.83269 ], [ 0.71281, 44.83267 ], [ 0.71243, 44.83269 ], [ 0.7123, 44.83271 ], [ 0.71209, 44.83274 ], [ 0.71199, 44.83273 ], [ 0.71196, 44.83272 ], [ 0.71194, 44.83271 ], [ 0.71166, 44.83267 ], [ 0.71159, 44.83267 ], [ 0.71155, 44.83268 ], [ 0.71141, 44.83271 ], [ 0.71132, 44.83272 ], [ 0.71123, 44.83274 ], [ 0.71105, 44.83276 ], [ 0.71104, 44.83276 ], [ 0.71056, 44.8327 ], [ 0.71046, 44.83269 ], [ 0.71041, 44.8327 ], [ 0.71026, 44.8327 ], [ 0.71013, 44.8327 ], [ 0.71008, 44.8327 ], [ 0.71004, 44.83269 ], [ 0.71, 44.83269 ], [ 0.70984, 44.83265 ], [ 0.7098, 44.83265 ], [ 0.70965, 44.83263 ], [ 0.70953, 44.83261 ], [ 0.70948, 44.8326 ], [ 0.70943, 44.83259 ], [ 0.70935, 44.83258 ], [ 0.70915, 44.83253 ], [ 0.70904, 44.83251 ], [ 0.70896, 44.83249 ], [ 0.70887, 44.83247 ], [ 0.70883, 44.83247 ], [ 0.70872, 44.83245 ], [ 0.7086, 44.83244 ], [ 0.70857, 44.83243 ], [ 0.70852, 44.83242 ], [ 0.70848, 44.8324 ], [ 0.70843, 44.83239 ], [ 0.70836, 44.83236 ], [ 0.70831, 44.83235 ], [ 0.70826, 44.83233 ], [ 0.70816, 44.83232 ], [ 0.70815, 44.83241 ], [ 0.70791, 44.83239 ], [ 0.70765, 44.83236 ], [ 0.70742, 44.83233 ], [ 0.70727, 44.83231 ], [ 0.70721, 44.8323 ], [ 0.70712, 44.83228 ], [ 0.7071, 44.83227 ], [ 0.707, 44.83222 ], [ 0.70693, 44.83219 ], [ 0.7069, 44.83218 ], [ 0.70687, 44.83217 ], [ 0.70685, 44.83217 ], [ 0.70668, 44.83216 ], [ 0.70645, 44.83215 ], [ 0.70637, 44.83214 ], [ 0.70627, 44.83212 ], [ 0.70624, 44.83212 ], [ 0.70622, 44.83212 ], [ 0.70611, 44.83213 ], [ 0.70608, 44.83213 ], [ 0.70601, 44.83212 ], [ 0.7059, 44.83213 ], [ 0.70581, 44.83214 ], [ 0.70572, 44.83215 ], [ 0.70563, 44.83215 ], [ 0.70552, 44.83214 ], [ 0.70544, 44.83214 ], [ 0.7054, 44.83217 ], [ 0.70534, 44.83216 ], [ 0.70524, 44.83215 ], [ 0.70504, 44.83216 ], [ 0.705, 44.83215 ], [ 0.70501, 44.83222 ], [ 0.70503, 44.83229 ], [ 0.70505, 44.83234 ], [ 0.70508, 44.83246 ], [ 0.70503, 44.83247 ], [ 0.70498, 44.83237 ], [ 0.70469, 44.83238 ], [ 0.70474, 44.83268 ], [ 0.70477, 44.8328 ], [ 0.70503, 44.83278 ], [ 0.70517, 44.83341 ] ] ], [ [ [ 0.78383, 44.85298 ], [ 0.78428, 44.85322 ], [ 0.78427, 44.8531 ], [ 0.78456, 44.85279 ], [ 0.78491, 44.85241 ], [ 0.78491, 44.8524 ], [ 0.7849, 44.85239 ], [ 0.78492, 44.85235 ], [ 0.78702, 44.85013 ], [ 0.78707, 44.85009 ], [ 0.7871, 44.85006 ], [ 0.78757, 44.84955 ], [ 0.78799, 44.84911 ], [ 0.78812, 44.84897 ], [ 0.78847, 44.84843 ], [ 0.78915, 44.84739 ], [ 0.78934, 44.84709 ], [ 0.78937, 44.84705 ], [ 0.78907, 44.84689 ], [ 0.78896, 44.84682 ], [ 0.78871, 44.84668 ], [ 0.78831, 44.84653 ], [ 0.78775, 44.84633 ], [ 0.78673, 44.84604 ], [ 0.78648, 44.84597 ], [ 0.78623, 44.84591 ], [ 0.78593, 44.84585 ], [ 0.78569, 44.8458 ], [ 0.78546, 44.84578 ], [ 0.78536, 44.84578 ], [ 0.78487, 44.84564 ], [ 0.78473, 44.84556 ], [ 0.78402, 44.84541 ], [ 0.78354, 44.84531 ], [ 0.78329, 44.84526 ], [ 0.78296, 44.84519 ], [ 0.78292, 44.84518 ], [ 0.78268, 44.84513 ], [ 0.78263, 44.84512 ], [ 0.78236, 44.84506 ], [ 0.78231, 44.84505 ], [ 0.78211, 44.84501 ], [ 0.78136, 44.84485 ], [ 0.78123, 44.84482 ], [ 0.78091, 44.84476 ], [ 0.78061, 44.8447 ], [ 0.78042, 44.84466 ], [ 0.77975, 44.84452 ], [ 0.77953, 44.84448 ], [ 0.77949, 44.84456 ], [ 0.77954, 44.84458 ], [ 0.77952, 44.84459 ], [ 0.7795, 44.84461 ], [ 0.77943, 44.84464 ], [ 0.77938, 44.84465 ], [ 0.77932, 44.84468 ], [ 0.77922, 44.84474 ], [ 0.77913, 44.84478 ], [ 0.77904, 44.84482 ], [ 0.77896, 44.84486 ], [ 0.77887, 44.84485 ], [ 0.77881, 44.84485 ], [ 0.77877, 44.84485 ], [ 0.7784, 44.8451 ], [ 0.77827, 44.84512 ], [ 0.77802, 44.84517 ], [ 0.778, 44.8452 ], [ 0.77792, 44.84534 ], [ 0.77787, 44.84545 ], [ 0.77783, 44.84553 ], [ 0.77772, 44.84573 ], [ 0.77777, 44.84575 ], [ 0.77778, 44.84576 ], [ 0.7779, 44.8458 ], [ 0.778, 44.84584 ], [ 0.77813, 44.8459 ], [ 0.77822, 44.84593 ], [ 0.77824, 44.84593 ], [ 0.77844, 44.84602 ], [ 0.7785, 44.84605 ], [ 0.7786, 44.84608 ], [ 0.7779, 44.8466 ], [ 0.77784, 44.84665 ], [ 0.77782, 44.84666 ], [ 0.77781, 44.84667 ], [ 0.77759, 44.84683 ], [ 0.77753, 44.84687 ], [ 0.77771, 44.84698 ], [ 0.77827, 44.84734 ], [ 0.7784, 44.84742 ], [ 0.77857, 44.84758 ], [ 0.77852, 44.84759 ], [ 0.77848, 44.8476 ], [ 0.77841, 44.84765 ], [ 0.77838, 44.84771 ], [ 0.77832, 44.84774 ], [ 0.77827, 44.84779 ], [ 0.77825, 44.84784 ], [ 0.77824, 44.84789 ], [ 0.7782, 44.84795 ], [ 0.77783, 44.84807 ], [ 0.77766, 44.84813 ], [ 0.77758, 44.84815 ], [ 0.77738, 44.84819 ], [ 0.77711, 44.84824 ], [ 0.77706, 44.84825 ], [ 0.77685, 44.84828 ], [ 0.77685, 44.84832 ], [ 0.77684, 44.84833 ], [ 0.77685, 44.84836 ], [ 0.77685, 44.84837 ], [ 0.77686, 44.84842 ], [ 0.77687, 44.84847 ], [ 0.7769, 44.84852 ], [ 0.77692, 44.84855 ], [ 0.77692, 44.84857 ], [ 0.77695, 44.84864 ], [ 0.77696, 44.84868 ], [ 0.77696, 44.8487 ], [ 0.77696, 44.84872 ], [ 0.77694, 44.84876 ], [ 0.7769, 44.84885 ], [ 0.77687, 44.84892 ], [ 0.77696, 44.84889 ], [ 0.77704, 44.84887 ], [ 0.777, 44.84939 ], [ 0.777, 44.84943 ], [ 0.77701, 44.84967 ], [ 0.777, 44.84972 ], [ 0.777, 44.84975 ], [ 0.77702, 44.84977 ], [ 0.77701, 44.84987 ], [ 0.77702, 44.85005 ], [ 0.77706, 44.85009 ], [ 0.77707, 44.85013 ], [ 0.77709, 44.85019 ], [ 0.7771, 44.85024 ], [ 0.77715, 44.85036 ], [ 0.7772, 44.85046 ], [ 0.77725, 44.8506 ], [ 0.77724, 44.85062 ], [ 0.77726, 44.85064 ], [ 0.77728, 44.85068 ], [ 0.77755, 44.85068 ], [ 0.77765, 44.8507 ], [ 0.77818, 44.85076 ], [ 0.7782, 44.85071 ], [ 0.77823, 44.85064 ], [ 0.77824, 44.85059 ], [ 0.77827, 44.85055 ], [ 0.7783, 44.85055 ], [ 0.77882, 44.8507 ], [ 0.77862, 44.85088 ], [ 0.77855, 44.85097 ], [ 0.77851, 44.85105 ], [ 0.77847, 44.85113 ], [ 0.77868, 44.85116 ], [ 0.77878, 44.85118 ], [ 0.77914, 44.85126 ], [ 0.77917, 44.85127 ], [ 0.77926, 44.85131 ], [ 0.77952, 44.8514 ], [ 0.77985, 44.85151 ], [ 0.78015, 44.85163 ], [ 0.78019, 44.85166 ], [ 0.7803, 44.85173 ], [ 0.78056, 44.85184 ], [ 0.78076, 44.85191 ], [ 0.78123, 44.852 ], [ 0.78129, 44.85202 ], [ 0.78157, 44.85208 ], [ 0.78184, 44.85215 ], [ 0.78211, 44.85222 ], [ 0.78241, 44.85232 ], [ 0.78256, 44.85237 ], [ 0.78268, 44.85242 ], [ 0.78291, 44.85253 ], [ 0.78337, 44.85274 ], [ 0.78341, 44.85276 ], [ 0.78349, 44.85281 ], [ 0.78383, 44.85298 ] ] ], [ [ [ 0.73127, 44.83895 ], [ 0.73116, 44.83948 ], [ 0.73149, 44.83952 ], [ 0.73176, 44.83954 ], [ 0.73182, 44.83955 ], [ 0.73184, 44.83955 ], [ 0.73198, 44.83957 ], [ 0.73217, 44.83959 ], [ 0.73242, 44.83963 ], [ 0.73278, 44.83968 ], [ 0.73315, 44.83974 ], [ 0.73341, 44.83978 ], [ 0.73371, 44.83982 ], [ 0.73373, 44.83983 ], [ 0.73375, 44.83983 ], [ 0.73387, 44.83985 ], [ 0.73395, 44.83986 ], [ 0.734, 44.83987 ], [ 0.7341, 44.83989 ], [ 0.73417, 44.83991 ], [ 0.73426, 44.83993 ], [ 0.73435, 44.83997 ], [ 0.73456, 44.84006 ], [ 0.73459, 44.84007 ], [ 0.73474, 44.84012 ], [ 0.73481, 44.84017 ], [ 0.73487, 44.84019 ], [ 0.7349, 44.84016 ], [ 0.73498, 44.84007 ], [ 0.735, 44.83984 ], [ 0.7354, 44.83996 ], [ 0.73542, 44.83997 ], [ 0.73561, 44.83998 ], [ 0.73565, 44.83998 ], [ 0.73566, 44.83998 ], [ 0.73587, 44.83996 ], [ 0.73592, 44.83996 ], [ 0.73589, 44.84002 ], [ 0.7358, 44.84022 ], [ 0.73574, 44.84031 ], [ 0.73572, 44.8405 ], [ 0.73603, 44.84057 ], [ 0.73634, 44.84067 ], [ 0.73636, 44.8407 ], [ 0.73647, 44.84084 ], [ 0.7365, 44.84087 ], [ 0.73669, 44.84117 ], [ 0.73668, 44.84116 ], [ 0.7365, 44.84119 ], [ 0.7365, 44.84123 ], [ 0.73645, 44.84122 ], [ 0.73641, 44.84154 ], [ 0.73678, 44.84155 ], [ 0.73676, 44.84169 ], [ 0.73678, 44.84175 ], [ 0.73677, 44.8418 ], [ 0.73679, 44.84201 ], [ 0.73688, 44.84201 ], [ 0.7373, 44.84203 ], [ 0.73734, 44.84203 ], [ 0.73732, 44.84168 ], [ 0.73733, 44.84168 ], [ 0.73735, 44.84162 ], [ 0.73735, 44.84159 ], [ 0.73743, 44.84145 ], [ 0.73752, 44.84135 ], [ 0.7376, 44.84126 ], [ 0.73752, 44.8412 ], [ 0.73733, 44.841 ], [ 0.73721, 44.84104 ], [ 0.73724, 44.84096 ], [ 0.73728, 44.8409 ], [ 0.73741, 44.8408 ], [ 0.7376, 44.84064 ], [ 0.73764, 44.84061 ], [ 0.73772, 44.84056 ], [ 0.73781, 44.84052 ], [ 0.73791, 44.84048 ], [ 0.73801, 44.84045 ], [ 0.73805, 44.84044 ], [ 0.73809, 44.84045 ], [ 0.73875, 44.84051 ], [ 0.73873, 44.84056 ], [ 0.73905, 44.8406 ], [ 0.73931, 44.84063 ], [ 0.73931, 44.84061 ], [ 0.73943, 44.84061 ], [ 0.74022, 44.84067 ], [ 0.74016, 44.8407 ], [ 0.74077, 44.84077 ], [ 0.74158, 44.84098 ], [ 0.74162, 44.84085 ], [ 0.74168, 44.84087 ], [ 0.74207, 44.84096 ], [ 0.74241, 44.8411 ], [ 0.74256, 44.84117 ], [ 0.7426, 44.84119 ], [ 0.74266, 44.84122 ], [ 0.74272, 44.84127 ], [ 0.74276, 44.84131 ], [ 0.74295, 44.84131 ], [ 0.74302, 44.84132 ], [ 0.74305, 44.84119 ], [ 0.74309, 44.84119 ], [ 0.74344, 44.84122 ], [ 0.744, 44.84126 ], [ 0.74465, 44.84129 ], [ 0.74467, 44.8412 ], [ 0.7454, 44.84141 ], [ 0.746, 44.8416 ], [ 0.74601, 44.8416 ], [ 0.74675, 44.84188 ], [ 0.74711, 44.84203 ], [ 0.74708, 44.84207 ], [ 0.74773, 44.84232 ], [ 0.74768, 44.84242 ], [ 0.74796, 44.84254 ], [ 0.74815, 44.84234 ], [ 0.74816, 44.84232 ], [ 0.74848, 44.84231 ], [ 0.74872, 44.84242 ], [ 0.74894, 44.84253 ], [ 0.74914, 44.84269 ], [ 0.7493, 44.84283 ], [ 0.74942, 44.84299 ], [ 0.74948, 44.84308 ], [ 0.74951, 44.84311 ], [ 0.74952, 44.84313 ], [ 0.74953, 44.8432 ], [ 0.74955, 44.84333 ], [ 0.74955, 44.84339 ], [ 0.7496, 44.8436 ], [ 0.74959, 44.84365 ], [ 0.74955, 44.84373 ], [ 0.7495, 44.84381 ], [ 0.74924, 44.84406 ], [ 0.74915, 44.84416 ], [ 0.74914, 44.84417 ], [ 0.74881, 44.84458 ], [ 0.74874, 44.84467 ], [ 0.74872, 44.84472 ], [ 0.74868, 44.84478 ], [ 0.74865, 44.84495 ], [ 0.74863, 44.84517 ], [ 0.74863, 44.84523 ], [ 0.74865, 44.84531 ], [ 0.74865, 44.84532 ], [ 0.74925, 44.84476 ], [ 0.74935, 44.84464 ], [ 0.74939, 44.84457 ], [ 0.74948, 44.84444 ], [ 0.74956, 44.84432 ], [ 0.74981, 44.84413 ], [ 0.74995, 44.84397 ], [ 0.75004, 44.84388 ], [ 0.75014, 44.84373 ], [ 0.75016, 44.84368 ], [ 0.75016, 44.8436 ], [ 0.75017, 44.84354 ], [ 0.75013, 44.84337 ], [ 0.7501, 44.84334 ], [ 0.75008, 44.8433 ], [ 0.75007, 44.84325 ], [ 0.75007, 44.84309 ], [ 0.75007, 44.84301 ], [ 0.75007, 44.84298 ], [ 0.75007, 44.84296 ], [ 0.75007, 44.84283 ], [ 0.75005, 44.84273 ], [ 0.75004, 44.8427 ], [ 0.75, 44.84262 ], [ 0.74999, 44.84259 ], [ 0.7499, 44.8424 ], [ 0.74968, 44.84232 ], [ 0.74938, 44.84221 ], [ 0.74914, 44.84213 ], [ 0.74892, 44.84204 ], [ 0.74889, 44.84203 ], [ 0.74881, 44.84201 ], [ 0.74866, 44.84195 ], [ 0.74841, 44.84186 ], [ 0.74812, 44.84176 ], [ 0.74784, 44.84166 ], [ 0.7476, 44.84157 ], [ 0.74725, 44.84144 ], [ 0.74715, 44.84154 ], [ 0.74712, 44.84156 ], [ 0.74712, 44.84157 ], [ 0.74686, 44.84147 ], [ 0.7462, 44.84125 ], [ 0.74633, 44.84071 ], [ 0.74657, 44.84075 ], [ 0.74676, 44.84013 ], [ 0.74686, 44.83978 ], [ 0.74687, 44.83972 ], [ 0.74661, 44.83972 ], [ 0.74618, 44.83975 ], [ 0.74576, 44.83976 ], [ 0.74542, 44.83977 ], [ 0.74535, 44.83977 ], [ 0.74524, 44.8398 ], [ 0.74426, 44.84009 ], [ 0.74418, 44.84011 ], [ 0.74405, 44.84015 ], [ 0.74374, 44.84015 ], [ 0.74328, 44.84016 ], [ 0.74285, 44.84017 ], [ 0.74252, 44.84019 ], [ 0.74238, 44.84019 ], [ 0.74213, 44.84019 ], [ 0.74208, 44.84018 ], [ 0.74202, 44.84017 ], [ 0.74198, 44.84015 ], [ 0.74196, 44.84014 ], [ 0.74192, 44.84012 ], [ 0.74188, 44.84009 ], [ 0.74184, 44.84005 ], [ 0.74185, 44.83995 ], [ 0.74184, 44.83989 ], [ 0.74172, 44.83988 ], [ 0.74167, 44.83988 ], [ 0.74141, 44.83988 ], [ 0.74065, 44.8399 ], [ 0.74031, 44.83991 ], [ 0.7401, 44.83992 ], [ 0.73994, 44.83992 ], [ 0.73986, 44.83992 ], [ 0.7387, 44.83995 ], [ 0.73842, 44.83995 ], [ 0.73838, 44.83995 ], [ 0.73833, 44.83994 ], [ 0.73829, 44.83993 ], [ 0.73823, 44.83991 ], [ 0.73819, 44.83989 ], [ 0.73817, 44.83987 ], [ 0.73812, 44.83985 ], [ 0.73809, 44.83983 ], [ 0.73811, 44.83982 ], [ 0.73811, 44.83981 ], [ 0.7381, 44.8398 ], [ 0.7381, 44.83975 ], [ 0.73887, 44.83976 ], [ 0.73987, 44.83974 ], [ 0.74031, 44.83975 ], [ 0.74033, 44.83961 ], [ 0.7403, 44.83925 ], [ 0.74031, 44.83915 ], [ 0.74034, 44.839 ], [ 0.74028, 44.83889 ], [ 0.74026, 44.83887 ], [ 0.74025, 44.83886 ], [ 0.74021, 44.8387 ], [ 0.74023, 44.83867 ], [ 0.74023, 44.83864 ], [ 0.74019, 44.83864 ], [ 0.74018, 44.83864 ], [ 0.73928, 44.83856 ], [ 0.73919, 44.83855 ], [ 0.7388, 44.83851 ], [ 0.7388, 44.83852 ], [ 0.73876, 44.83852 ], [ 0.73868, 44.83851 ], [ 0.73849, 44.8385 ], [ 0.73826, 44.83848 ], [ 0.73815, 44.83847 ], [ 0.73812, 44.83847 ], [ 0.73801, 44.83846 ], [ 0.73753, 44.83841 ], [ 0.73742, 44.8384 ], [ 0.7374, 44.83846 ], [ 0.73739, 44.83846 ], [ 0.73743, 44.83862 ], [ 0.73748, 44.83877 ], [ 0.73753, 44.83877 ], [ 0.73754, 44.83878 ], [ 0.73757, 44.83887 ], [ 0.73759, 44.83898 ], [ 0.73766, 44.83901 ], [ 0.73765, 44.83954 ], [ 0.73753, 44.83953 ], [ 0.73746, 44.83952 ], [ 0.7368, 44.83946 ], [ 0.73664, 44.83944 ], [ 0.73585, 44.83932 ], [ 0.73585, 44.83931 ], [ 0.73544, 44.83924 ], [ 0.73473, 44.83909 ], [ 0.73152, 44.83848 ], [ 0.73148, 44.83847 ], [ 0.73147, 44.83847 ], [ 0.73114, 44.83841 ], [ 0.73114, 44.83837 ], [ 0.72921, 44.838 ], [ 0.72801, 44.83777 ], [ 0.72746, 44.83767 ], [ 0.72584, 44.83738 ], [ 0.72582, 44.83744 ], [ 0.72581, 44.83748 ], [ 0.72478, 44.83734 ], [ 0.72374, 44.83722 ], [ 0.72261, 44.8371 ], [ 0.72002, 44.83683 ], [ 0.7192, 44.83674 ], [ 0.71805, 44.83661 ], [ 0.71796, 44.8366 ], [ 0.71677, 44.8365 ], [ 0.71677, 44.83657 ], [ 0.71676, 44.83657 ], [ 0.71677, 44.83695 ], [ 0.71711, 44.83698 ], [ 0.71711, 44.83704 ], [ 0.71712, 44.83714 ], [ 0.71722, 44.83711 ], [ 0.7173, 44.83709 ], [ 0.7175, 44.83703 ], [ 0.71759, 44.837 ], [ 0.71777, 44.83703 ], [ 0.71778, 44.837 ], [ 0.71782, 44.83701 ], [ 0.7178, 44.83706 ], [ 0.71794, 44.83708 ], [ 0.71796, 44.83705 ], [ 0.71802, 44.83706 ], [ 0.71835, 44.83707 ], [ 0.71833, 44.83709 ], [ 0.71869, 44.83717 ], [ 0.71964, 44.83736 ], [ 0.72025, 44.83749 ], [ 0.7204, 44.83754 ], [ 0.72086, 44.83763 ], [ 0.72112, 44.83769 ], [ 0.72125, 44.83772 ], [ 0.72144, 44.83776 ], [ 0.7217, 44.8378 ], [ 0.72188, 44.83783 ], [ 0.72188, 44.83784 ], [ 0.72214, 44.83785 ], [ 0.72237, 44.83785 ], [ 0.72285, 44.83786 ], [ 0.72287, 44.83777 ], [ 0.72362, 44.83784 ], [ 0.72419, 44.83788 ], [ 0.72438, 44.8379 ], [ 0.72444, 44.83791 ], [ 0.7247, 44.83794 ], [ 0.72515, 44.83801 ], [ 0.72527, 44.83803 ], [ 0.72569, 44.8381 ], [ 0.72644, 44.83831 ], [ 0.72725, 44.83854 ], [ 0.72732, 44.83855 ], [ 0.72771, 44.83873 ], [ 0.72791, 44.83882 ], [ 0.72808, 44.83896 ], [ 0.72828, 44.83912 ], [ 0.72838, 44.83901 ], [ 0.7285, 44.8389 ], [ 0.7287, 44.83888 ], [ 0.72909, 44.8389 ], [ 0.72949, 44.83891 ], [ 0.72986, 44.83892 ], [ 0.73027, 44.83893 ], [ 0.73055, 44.83894 ], [ 0.73065, 44.83894 ], [ 0.7307, 44.83894 ], [ 0.73079, 44.83893 ], [ 0.73098, 44.83892 ], [ 0.7311, 44.83892 ], [ 0.73127, 44.83895 ] ] ], [ [ [ 0.77114, 44.85017 ], [ 0.77117, 44.85024 ], [ 0.77208, 44.85064 ], [ 0.77218, 44.85069 ], [ 0.77185, 44.85092 ], [ 0.77257, 44.85136 ], [ 0.77259, 44.85142 ], [ 0.77241, 44.85151 ], [ 0.77234, 44.85155 ], [ 0.7723, 44.85159 ], [ 0.77227, 44.85164 ], [ 0.77242, 44.85184 ], [ 0.77254, 44.85202 ], [ 0.77256, 44.85206 ], [ 0.77262, 44.85228 ], [ 0.7727, 44.85256 ], [ 0.77274, 44.85267 ], [ 0.77277, 44.85281 ], [ 0.77278, 44.85286 ], [ 0.77285, 44.85306 ], [ 0.77286, 44.85311 ], [ 0.77296, 44.85327 ], [ 0.77301, 44.85337 ], [ 0.77307, 44.85348 ], [ 0.77314, 44.8536 ], [ 0.77312, 44.85372 ], [ 0.77311, 44.8538 ], [ 0.77311, 44.85389 ], [ 0.77311, 44.85402 ], [ 0.77313, 44.85408 ], [ 0.77315, 44.85418 ], [ 0.77317, 44.85426 ], [ 0.77321, 44.85432 ], [ 0.77326, 44.8544 ], [ 0.77343, 44.85462 ], [ 0.77353, 44.85472 ], [ 0.77374, 44.85486 ], [ 0.77381, 44.85493 ], [ 0.77382, 44.85494 ], [ 0.77388, 44.85501 ], [ 0.77392, 44.85508 ], [ 0.77387, 44.85522 ], [ 0.77384, 44.85528 ], [ 0.77378, 44.85542 ], [ 0.77409, 44.85547 ], [ 0.77422, 44.85493 ], [ 0.77428, 44.85489 ], [ 0.77464, 44.85432 ], [ 0.77469, 44.85434 ], [ 0.77472, 44.85435 ], [ 0.77475, 44.85438 ], [ 0.77476, 44.8544 ], [ 0.77478, 44.85446 ], [ 0.77478, 44.85452 ], [ 0.77481, 44.85456 ], [ 0.77483, 44.85458 ], [ 0.77487, 44.85461 ], [ 0.77497, 44.85466 ], [ 0.77475, 44.8552 ], [ 0.77474, 44.85528 ], [ 0.77472, 44.85537 ], [ 0.77472, 44.85546 ], [ 0.77479, 44.85564 ], [ 0.7748, 44.85567 ], [ 0.77483, 44.85571 ], [ 0.77515, 44.85637 ], [ 0.77516, 44.85646 ], [ 0.77518, 44.85657 ], [ 0.77531, 44.85658 ], [ 0.77537, 44.85659 ], [ 0.7755, 44.85649 ], [ 0.77553, 44.85647 ], [ 0.77563, 44.85638 ], [ 0.77564, 44.85636 ], [ 0.77569, 44.85632 ], [ 0.77575, 44.85624 ], [ 0.77584, 44.85611 ], [ 0.77605, 44.85583 ], [ 0.77627, 44.85551 ], [ 0.77629, 44.85534 ], [ 0.77632, 44.85502 ], [ 0.77633, 44.85496 ], [ 0.7763, 44.8549 ], [ 0.77629, 44.8548 ], [ 0.77629, 44.85475 ], [ 0.77631, 44.85471 ], [ 0.77641, 44.85454 ], [ 0.77651, 44.85439 ], [ 0.77653, 44.85437 ], [ 0.77668, 44.85413 ], [ 0.77671, 44.85407 ], [ 0.77671, 44.85404 ], [ 0.77671, 44.85394 ], [ 0.77674, 44.85387 ], [ 0.77671, 44.85379 ], [ 0.77674, 44.85367 ], [ 0.77677, 44.85361 ], [ 0.77687, 44.85345 ], [ 0.77695, 44.85336 ], [ 0.77732, 44.85294 ], [ 0.7775, 44.85265 ], [ 0.77757, 44.85245 ], [ 0.77741, 44.85178 ], [ 0.7774, 44.85172 ], [ 0.77734, 44.85156 ], [ 0.77733, 44.85153 ], [ 0.77734, 44.85137 ], [ 0.77735, 44.85119 ], [ 0.77738, 44.85092 ], [ 0.77732, 44.85092 ], [ 0.7769, 44.85088 ], [ 0.7764, 44.85083 ], [ 0.77625, 44.85081 ], [ 0.77619, 44.85126 ], [ 0.77477, 44.85077 ], [ 0.77386, 44.8505 ], [ 0.77401, 44.85016 ], [ 0.7741, 44.84995 ], [ 0.77413, 44.84992 ], [ 0.77417, 44.84991 ], [ 0.77419, 44.84989 ], [ 0.77424, 44.84989 ], [ 0.77428, 44.84989 ], [ 0.77451, 44.84984 ], [ 0.77483, 44.84933 ], [ 0.77492, 44.84918 ], [ 0.77499, 44.84906 ], [ 0.77507, 44.84894 ], [ 0.77524, 44.8487 ], [ 0.77525, 44.84867 ], [ 0.77533, 44.84851 ], [ 0.77536, 44.84847 ], [ 0.77532, 44.84845 ], [ 0.77533, 44.84841 ], [ 0.77537, 44.84832 ], [ 0.7754, 44.84829 ], [ 0.77536, 44.84825 ], [ 0.77533, 44.8482 ], [ 0.77524, 44.84823 ], [ 0.77522, 44.84822 ], [ 0.77521, 44.84822 ], [ 0.77507, 44.84828 ], [ 0.77506, 44.84828 ], [ 0.77501, 44.8483 ], [ 0.77494, 44.84831 ], [ 0.77482, 44.84834 ], [ 0.77455, 44.84839 ], [ 0.77452, 44.8484 ], [ 0.77436, 44.84843 ], [ 0.77418, 44.84848 ], [ 0.77409, 44.84851 ], [ 0.77405, 44.84852 ], [ 0.77401, 44.84854 ], [ 0.77396, 44.84856 ], [ 0.77363, 44.84872 ], [ 0.77342, 44.84883 ], [ 0.77337, 44.84885 ], [ 0.7733, 44.8489 ], [ 0.77322, 44.84892 ], [ 0.77317, 44.84895 ], [ 0.77249, 44.8484 ], [ 0.77255, 44.84837 ], [ 0.77259, 44.84835 ], [ 0.77264, 44.84832 ], [ 0.77268, 44.8483 ], [ 0.77271, 44.84828 ], [ 0.77272, 44.84828 ], [ 0.77277, 44.84825 ], [ 0.77299, 44.84813 ], [ 0.7731, 44.84807 ], [ 0.77233, 44.84761 ], [ 0.77183, 44.84796 ], [ 0.77099, 44.84853 ], [ 0.77107, 44.84859 ], [ 0.77119, 44.84867 ], [ 0.77168, 44.84885 ], [ 0.77217, 44.84906 ], [ 0.77214, 44.84914 ], [ 0.7721, 44.84919 ], [ 0.77202, 44.84925 ], [ 0.77192, 44.84932 ], [ 0.77179, 44.84946 ], [ 0.77149, 44.84985 ], [ 0.77142, 44.84992 ], [ 0.77132, 44.85003 ], [ 0.77114, 44.85017 ] ] ], [ [ [ 0.74849, 44.83842 ], [ 0.74866, 44.83808 ], [ 0.74751, 44.83773 ], [ 0.74755, 44.83762 ], [ 0.74765, 44.8373 ], [ 0.74773, 44.83708 ], [ 0.74795, 44.83714 ], [ 0.74796, 44.83711 ], [ 0.74799, 44.83705 ], [ 0.748, 44.83705 ], [ 0.74803, 44.83699 ], [ 0.74798, 44.83698 ], [ 0.74766, 44.8369 ], [ 0.74736, 44.83684 ], [ 0.74706, 44.83678 ], [ 0.74697, 44.83676 ], [ 0.74696, 44.83674 ], [ 0.74691, 44.83669 ], [ 0.7468, 44.83666 ], [ 0.74667, 44.83662 ], [ 0.74654, 44.83659 ], [ 0.74638, 44.83655 ], [ 0.74617, 44.83646 ], [ 0.74602, 44.83643 ], [ 0.74568, 44.83636 ], [ 0.74555, 44.83635 ], [ 0.74519, 44.83628 ], [ 0.74479, 44.83621 ], [ 0.74456, 44.83617 ], [ 0.74452, 44.83615 ], [ 0.74447, 44.83613 ], [ 0.74432, 44.8361 ], [ 0.74425, 44.83608 ], [ 0.74421, 44.83607 ], [ 0.74404, 44.83609 ], [ 0.74394, 44.83609 ], [ 0.74393, 44.83609 ], [ 0.74383, 44.83609 ], [ 0.74378, 44.83608 ], [ 0.74361, 44.83606 ], [ 0.74348, 44.83602 ], [ 0.7433, 44.83601 ], [ 0.74316, 44.83598 ], [ 0.74314, 44.83598 ], [ 0.74311, 44.83597 ], [ 0.74305, 44.83599 ], [ 0.74303, 44.83599 ], [ 0.74295, 44.83597 ], [ 0.74287, 44.83596 ], [ 0.74278, 44.83594 ], [ 0.74273, 44.83592 ], [ 0.74261, 44.83591 ], [ 0.74259, 44.83591 ], [ 0.74233, 44.83588 ], [ 0.74205, 44.83586 ], [ 0.74204, 44.83586 ], [ 0.74177, 44.83584 ], [ 0.74175, 44.83583 ], [ 0.74164, 44.8358 ], [ 0.74145, 44.83576 ], [ 0.74141, 44.83575 ], [ 0.74132, 44.83584 ], [ 0.74114, 44.836 ], [ 0.7411, 44.83604 ], [ 0.74105, 44.83604 ], [ 0.74083, 44.83615 ], [ 0.74081, 44.83623 ], [ 0.7408, 44.83637 ], [ 0.74079, 44.83639 ], [ 0.74078, 44.83648 ], [ 0.74077, 44.83659 ], [ 0.74075, 44.83662 ], [ 0.74075, 44.83667 ], [ 0.74075, 44.83669 ], [ 0.74073, 44.83673 ], [ 0.74079, 44.83675 ], [ 0.74082, 44.83677 ], [ 0.74082, 44.83679 ], [ 0.74082, 44.83688 ], [ 0.74082, 44.83699 ], [ 0.74082, 44.83701 ], [ 0.74082, 44.83705 ], [ 0.74082, 44.83707 ], [ 0.74082, 44.83709 ], [ 0.7408, 44.83712 ], [ 0.7408, 44.83712 ], [ 0.7408, 44.83713 ], [ 0.74081, 44.83713 ], [ 0.74081, 44.83714 ], [ 0.74081, 44.83721 ], [ 0.74078, 44.83793 ], [ 0.74079, 44.83798 ], [ 0.74082, 44.83826 ], [ 0.74086, 44.83859 ], [ 0.7409, 44.83859 ], [ 0.74103, 44.83857 ], [ 0.7414, 44.8385 ], [ 0.7416, 44.83846 ], [ 0.74166, 44.83845 ], [ 0.74199, 44.83834 ], [ 0.74245, 44.83816 ], [ 0.74248, 44.83815 ], [ 0.7429, 44.83803 ], [ 0.74295, 44.83801 ], [ 0.74316, 44.83796 ], [ 0.74318, 44.83796 ], [ 0.74319, 44.83795 ], [ 0.74333, 44.83792 ], [ 0.74368, 44.83786 ], [ 0.74368, 44.83786 ], [ 0.74371, 44.83786 ], [ 0.74402, 44.83784 ], [ 0.74404, 44.83784 ], [ 0.74433, 44.83784 ], [ 0.7447, 44.83786 ], [ 0.7448, 44.83787 ], [ 0.74486, 44.83788 ], [ 0.74625, 44.83809 ], [ 0.74635, 44.83811 ], [ 0.74674, 44.83817 ], [ 0.74688, 44.83819 ], [ 0.74721, 44.83824 ], [ 0.74766, 44.83831 ], [ 0.74804, 44.83836 ], [ 0.74848, 44.83842 ], [ 0.74848, 44.83842 ], [ 0.74849, 44.83842 ] ] ], [ [ [ 0.77543, 44.84552 ], [ 0.77529, 44.84544 ], [ 0.77513, 44.84535 ], [ 0.77502, 44.84529 ], [ 0.77443, 44.84503 ], [ 0.77383, 44.84476 ], [ 0.77347, 44.84461 ], [ 0.77299, 44.84443 ], [ 0.77253, 44.84428 ], [ 0.77234, 44.84421 ], [ 0.77191, 44.84409 ], [ 0.7715, 44.84398 ], [ 0.76869, 44.8432 ], [ 0.76851, 44.84313 ], [ 0.76826, 44.84303 ], [ 0.76799, 44.84288 ], [ 0.7677, 44.84278 ], [ 0.76715, 44.84263 ], [ 0.76702, 44.84259 ], [ 0.76688, 44.84243 ], [ 0.76679, 44.84241 ], [ 0.76603, 44.84226 ], [ 0.76601, 44.84232 ], [ 0.76613, 44.84242 ], [ 0.76618, 44.84247 ], [ 0.76623, 44.84253 ], [ 0.76621, 44.84263 ], [ 0.76593, 44.84316 ], [ 0.76612, 44.84322 ], [ 0.76617, 44.84324 ], [ 0.76625, 44.84326 ], [ 0.7665, 44.84334 ], [ 0.76682, 44.84343 ], [ 0.76705, 44.8435 ], [ 0.76727, 44.84357 ], [ 0.7675, 44.84364 ], [ 0.76788, 44.84374 ], [ 0.76786, 44.84375 ], [ 0.76801, 44.8438 ], [ 0.76816, 44.84385 ], [ 0.76829, 44.84389 ], [ 0.76864, 44.84399 ], [ 0.76887, 44.84406 ], [ 0.76913, 44.84413 ], [ 0.76929, 44.84418 ], [ 0.76947, 44.84423 ], [ 0.76983, 44.84433 ], [ 0.77003, 44.8444 ], [ 0.77013, 44.84442 ], [ 0.77036, 44.84448 ], [ 0.77043, 44.8445 ], [ 0.7705, 44.84451 ], [ 0.77084, 44.84455 ], [ 0.77172, 44.84467 ], [ 0.77212, 44.84472 ], [ 0.77254, 44.84477 ], [ 0.77264, 44.84479 ], [ 0.77284, 44.84481 ], [ 0.77306, 44.84484 ], [ 0.77341, 44.84491 ], [ 0.77335, 44.845 ], [ 0.77312, 44.84529 ], [ 0.77415, 44.84584 ], [ 0.77428, 44.84572 ], [ 0.77514, 44.8462 ], [ 0.77516, 44.84618 ], [ 0.77517, 44.84619 ], [ 0.77535, 44.84628 ], [ 0.77541, 44.84623 ], [ 0.77541, 44.84621 ], [ 0.77543, 44.84618 ], [ 0.77546, 44.84616 ], [ 0.7755, 44.84613 ], [ 0.77563, 44.84603 ], [ 0.7755, 44.84594 ], [ 0.77539, 44.84585 ], [ 0.77529, 44.84578 ], [ 0.77519, 44.84573 ], [ 0.77527, 44.84562 ], [ 0.77543, 44.84552 ] ] ], [ [ [ 0.70316, 44.83935 ], [ 0.70341, 44.83932 ], [ 0.70386, 44.83925 ], [ 0.70397, 44.83925 ], [ 0.70418, 44.8396 ], [ 0.70425, 44.83974 ], [ 0.70431, 44.83985 ], [ 0.70433, 44.8399 ], [ 0.70444, 44.84011 ], [ 0.70528, 44.83998 ], [ 0.70566, 44.83978 ], [ 0.70591, 44.83968 ], [ 0.70503, 44.83977 ], [ 0.70494, 44.83978 ], [ 0.70489, 44.83969 ], [ 0.7048, 44.83954 ], [ 0.70479, 44.83951 ], [ 0.70465, 44.83927 ], [ 0.70451, 44.83904 ], [ 0.70371, 44.83817 ], [ 0.70449, 44.83807 ], [ 0.7044, 44.83787 ], [ 0.70349, 44.83798 ], [ 0.70295, 44.83815 ], [ 0.70293, 44.83816 ], [ 0.70285, 44.83819 ], [ 0.70284, 44.83819 ], [ 0.70267, 44.83818 ], [ 0.70261, 44.83815 ], [ 0.70254, 44.83813 ], [ 0.70225, 44.83802 ], [ 0.70215, 44.838 ], [ 0.70204, 44.83799 ], [ 0.70197, 44.83798 ], [ 0.70121, 44.83801 ], [ 0.70122, 44.83805 ], [ 0.70131, 44.83832 ], [ 0.70151, 44.83829 ], [ 0.70156, 44.83829 ], [ 0.70191, 44.83825 ], [ 0.70218, 44.83823 ], [ 0.7022, 44.83835 ], [ 0.70223, 44.83844 ], [ 0.70224, 44.83852 ], [ 0.70232, 44.83851 ], [ 0.70263, 44.83848 ], [ 0.70269, 44.83847 ], [ 0.7027, 44.8385 ], [ 0.70277, 44.83879 ], [ 0.70283, 44.839 ], [ 0.70306, 44.83898 ], [ 0.70316, 44.83935 ] ] ], [ [ [ 0.70177, 44.83761 ], [ 0.70182, 44.8376 ], [ 0.70193, 44.83757 ], [ 0.70206, 44.83754 ], [ 0.70214, 44.83753 ], [ 0.7022, 44.83752 ], [ 0.70239, 44.83752 ], [ 0.70263, 44.83753 ], [ 0.70268, 44.83752 ], [ 0.70271, 44.83752 ], [ 0.70292, 44.83748 ], [ 0.703, 44.83744 ], [ 0.70301, 44.83743 ], [ 0.70319, 44.83733 ], [ 0.70324, 44.83729 ], [ 0.70358, 44.83711 ], [ 0.7037, 44.837 ], [ 0.70371, 44.83698 ], [ 0.70373, 44.83697 ], [ 0.70379, 44.8369 ], [ 0.70384, 44.83684 ], [ 0.70383, 44.83682 ], [ 0.70383, 44.83682 ], [ 0.70356, 44.83684 ], [ 0.70345, 44.83685 ], [ 0.70322, 44.83689 ], [ 0.70312, 44.8369 ], [ 0.70285, 44.83694 ], [ 0.70255, 44.837 ], [ 0.70224, 44.83705 ], [ 0.70192, 44.8371 ], [ 0.70167, 44.83714 ], [ 0.70141, 44.83719 ], [ 0.7011, 44.83724 ], [ 0.7008, 44.83729 ], [ 0.70047, 44.83735 ], [ 0.70032, 44.83738 ], [ 0.70017, 44.83741 ], [ 0.69983, 44.83747 ], [ 0.69951, 44.83752 ], [ 0.6992, 44.83757 ], [ 0.69906, 44.8376 ], [ 0.699, 44.83762 ], [ 0.69893, 44.83766 ], [ 0.69885, 44.83768 ], [ 0.69875, 44.83781 ], [ 0.69863, 44.83799 ], [ 0.69861, 44.83802 ], [ 0.6987, 44.83801 ], [ 0.69884, 44.83797 ], [ 0.69895, 44.83794 ], [ 0.69928, 44.83786 ], [ 0.69929, 44.8379 ], [ 0.69937, 44.83789 ], [ 0.69937, 44.83789 ], [ 0.69947, 44.83786 ], [ 0.69952, 44.83785 ], [ 0.69961, 44.83783 ], [ 0.69961, 44.83783 ], [ 0.69979, 44.83781 ], [ 0.69989, 44.83776 ], [ 0.69992, 44.83776 ], [ 0.69993, 44.83776 ], [ 0.69991, 44.83771 ], [ 0.70024, 44.83764 ], [ 0.70025, 44.83768 ], [ 0.70029, 44.83767 ], [ 0.70029, 44.8377 ], [ 0.7003, 44.83773 ], [ 0.70036, 44.83772 ], [ 0.70046, 44.83771 ], [ 0.70046, 44.83771 ], [ 0.70051, 44.8377 ], [ 0.70055, 44.83769 ], [ 0.70064, 44.8377 ], [ 0.70068, 44.8377 ], [ 0.70068, 44.8377 ], [ 0.70074, 44.8377 ], [ 0.70077, 44.8377 ], [ 0.70081, 44.83769 ], [ 0.70082, 44.83768 ], [ 0.70096, 44.8376 ], [ 0.70105, 44.83758 ], [ 0.70114, 44.83758 ], [ 0.70114, 44.83758 ], [ 0.7012, 44.83758 ], [ 0.7012, 44.83754 ], [ 0.70153, 44.83758 ], [ 0.70176, 44.83761 ], [ 0.70177, 44.83761 ] ] ] ] } },
{ "type": "Feature", "properties": { "LIBELLE": "Site patrimonial remarquable du canal de Lalinde", "ZONE": "Espace sensible ou construction limitée", "COMMUNE": "LALINDE" }, "geometry": { "type": "MultiPolygon", "coordinates": [ [ [ [ 0.70236, 44.8339 ], [ 0.70198, 44.83261 ], [ 0.70109, 44.83286 ], [ 0.70016, 44.8331 ], [ 0.69953, 44.83324 ], [ 0.69892, 44.83337 ], [ 0.69837, 44.83348 ], [ 0.69783, 44.83357 ], [ 0.69783, 44.83358 ], [ 0.69785, 44.83365 ], [ 0.69786, 44.83368 ], [ 0.6979, 44.83377 ], [ 0.69792, 44.83384 ], [ 0.69793, 44.83389 ], [ 0.69793, 44.83389 ], [ 0.698, 44.83389 ], [ 0.69809, 44.83387 ], [ 0.69811, 44.83386 ], [ 0.69815, 44.83386 ], [ 0.69821, 44.83401 ], [ 0.69831, 44.83429 ], [ 0.69832, 44.83433 ], [ 0.6984, 44.8345 ], [ 0.69841, 44.83452 ], [ 0.69846, 44.83472 ], [ 0.69846, 44.83475 ], [ 0.69848, 44.83478 ], [ 0.69851, 44.8349 ], [ 0.70265, 44.83426 ], [ 0.70282, 44.83424 ], [ 0.70294, 44.83425 ], [ 0.70331, 44.8342 ], [ 0.70411, 44.83408 ], [ 0.70414, 44.83407 ], [ 0.70433, 44.83404 ], [ 0.70438, 44.83401 ], [ 0.70462, 44.83392 ], [ 0.70465, 44.83391 ], [ 0.70466, 44.8339 ], [ 0.70485, 44.83387 ], [ 0.70485, 44.83386 ], [ 0.70499, 44.83384 ], [ 0.70507, 44.83383 ], [ 0.70512, 44.83382 ], [ 0.70512, 44.83384 ], [ 0.70537, 44.83381 ], [ 0.70562, 44.83377 ], [ 0.7057, 44.83377 ], [ 0.70585, 44.83375 ], [ 0.70608, 44.83373 ], [ 0.70609, 44.83373 ], [ 0.70632, 44.83371 ], [ 0.70647, 44.83371 ], [ 0.70665, 44.83372 ], [ 0.70674, 44.83372 ], [ 0.70699, 44.83373 ], [ 0.70703, 44.83373 ], [ 0.70754, 44.83378 ], [ 0.70781, 44.83383 ], [ 0.70795, 44.83386 ], [ 0.70819, 44.83391 ], [ 0.70825, 44.83393 ], [ 0.70841, 44.83398 ], [ 0.70851, 44.83401 ], [ 0.70895, 44.83417 ], [ 0.70905, 44.8342 ], [ 0.70919, 44.83426 ], [ 0.7095, 44.83443 ], [ 0.70983, 44.8346 ], [ 0.71003, 44.83473 ], [ 0.71019, 44.83484 ], [ 0.71022, 44.83486 ], [ 0.71037, 44.83495 ], [ 0.71058, 44.83508 ], [ 0.71065, 44.83513 ], [ 0.71079, 44.8352 ], [ 0.711, 44.8353 ], [ 0.71123, 44.8354 ], [ 0.71135, 44.83545 ], [ 0.71146, 44.8355 ], [ 0.71168, 44.83558 ], [ 0.71198, 44.83569 ], [ 0.71225, 44.83576 ], [ 0.71243, 44.83582 ], [ 0.71268, 44.83588 ], [ 0.71304, 44.83597 ], [ 0.71304, 44.83601 ], [ 0.71303, 44.83603 ], [ 0.71181, 44.83591 ], [ 0.71172, 44.8359 ], [ 0.71157, 44.83588 ], [ 0.71108, 44.83583 ], [ 0.71046, 44.83577 ], [ 0.71029, 44.83576 ], [ 0.71014, 44.83575 ], [ 0.71004, 44.83575 ], [ 0.7099, 44.83574 ], [ 0.70978, 44.83572 ], [ 0.70963, 44.83572 ], [ 0.70956, 44.83572 ], [ 0.7095, 44.83572 ], [ 0.70931, 44.83573 ], [ 0.70906, 44.83572 ], [ 0.7088, 44.83572 ], [ 0.70859, 44.83572 ], [ 0.70855, 44.83572 ], [ 0.70842, 44.83573 ], [ 0.7083, 44.83574 ], [ 0.70806, 44.83575 ], [ 0.70798, 44.83576 ], [ 0.70792, 44.83578 ], [ 0.70784, 44.83579 ], [ 0.70759, 44.83584 ], [ 0.70734, 44.83587 ], [ 0.70719, 44.83589 ], [ 0.70714, 44.8359 ], [ 0.70687, 44.83594 ], [ 0.70663, 44.83598 ], [ 0.70642, 44.83603 ], [ 0.70618, 44.83607 ], [ 0.70592, 44.83611 ], [ 0.70591, 44.83611 ], [ 0.70564, 44.83615 ], [ 0.7054, 44.83619 ], [ 0.70522, 44.83622 ], [ 0.70507, 44.83624 ], [ 0.70489, 44.83627 ], [ 0.7048, 44.8363 ], [ 0.70473, 44.83632 ], [ 0.70466, 44.83633 ], [ 0.70431, 44.83639 ], [ 0.70399, 44.83646 ], [ 0.70348, 44.83654 ], [ 0.70325, 44.8366 ], [ 0.70249, 44.83672 ], [ 0.70243, 44.83674 ], [ 0.70157, 44.83689 ], [ 0.70156, 44.83683 ], [ 0.70154, 44.83678 ], [ 0.70154, 44.83675 ], [ 0.70136, 44.83679 ], [ 0.70082, 44.83688 ], [ 0.70059, 44.83694 ], [ 0.7001, 44.83708 ], [ 0.69939, 44.83724 ], [ 0.699, 44.83727 ], [ 0.69894, 44.83744 ], [ 0.69894, 44.83748 ], [ 0.69891, 44.83753 ], [ 0.69891, 44.83755 ], [ 0.6989, 44.8376 ], [ 0.69885, 44.83768 ], [ 0.69893, 44.83766 ], [ 0.699, 44.83762 ], [ 0.69906, 44.8376 ], [ 0.6992, 44.83757 ], [ 0.69951, 44.83752 ], [ 0.69983, 44.83747 ], [ 0.70017, 44.83741 ], [ 0.70032, 44.83738 ], [ 0.70047, 44.83735 ], [ 0.7008, 44.83729 ], [ 0.7011, 44.83724 ], [ 0.70141, 44.83719 ], [ 0.70167, 44.83714 ], [ 0.70192, 44.8371 ], [ 0.70224, 44.83705 ], [ 0.70255, 44.837 ], [ 0.70285, 44.83694 ], [ 0.70312, 44.8369 ], [ 0.70322, 44.83689 ], [ 0.70345, 44.83685 ], [ 0.70356, 44.83684 ], [ 0.70383, 44.83682 ], [ 0.70383, 44.83682 ], [ 0.70384, 44.83684 ], [ 0.70379, 44.8369 ], [ 0.70373, 44.83697 ], [ 0.70371, 44.83698 ], [ 0.7037, 44.837 ], [ 0.70358, 44.83711 ], [ 0.70324, 44.83729 ], [ 0.70319, 44.83733 ], [ 0.70325, 44.83739 ], [ 0.70333, 44.83735 ], [ 0.70336, 44.83733 ], [ 0.70358, 44.83718 ], [ 0.70371, 44.83708 ], [ 0.7038, 44.837 ], [ 0.70389, 44.83692 ], [ 0.70398, 44.83685 ], [ 0.70406, 44.83681 ], [ 0.70414, 44.83678 ], [ 0.70469, 44.83669 ], [ 0.70532, 44.8365 ], [ 0.70547, 44.83645 ], [ 0.70551, 44.83644 ], [ 0.70567, 44.8364 ], [ 0.70595, 44.83634 ], [ 0.70645, 44.83626 ], [ 0.70694, 44.83618 ], [ 0.70727, 44.83613 ], [ 0.70793, 44.83603 ], [ 0.70809, 44.83601 ], [ 0.70883, 44.83596 ], [ 0.70916, 44.83594 ], [ 0.70934, 44.83593 ], [ 0.70958, 44.83593 ], [ 0.70999, 44.83593 ], [ 0.7103, 44.83597 ], [ 0.71073, 44.83602 ], [ 0.71079, 44.83604 ], [ 0.71083, 44.83606 ], [ 0.71088, 44.8361 ], [ 0.71088, 44.83614 ], [ 0.71088, 44.83619 ], [ 0.71085, 44.83624 ], [ 0.71077, 44.83635 ], [ 0.71073, 44.83642 ], [ 0.71064, 44.8365 ], [ 0.71046, 44.83659 ], [ 0.71039, 44.83664 ], [ 0.71034, 44.8367 ], [ 0.7103, 44.83676 ], [ 0.71029, 44.83681 ], [ 0.71024, 44.83705 ], [ 0.71022, 44.83717 ], [ 0.71016, 44.83732 ], [ 0.71013, 44.83748 ], [ 0.7101, 44.83756 ], [ 0.71005, 44.83765 ], [ 0.71001, 44.83773 ], [ 0.70999, 44.83783 ], [ 0.71004, 44.83811 ], [ 0.71003, 44.83818 ], [ 0.71007, 44.83815 ], [ 0.7101, 44.83813 ], [ 0.71008, 44.83793 ], [ 0.71007, 44.83783 ], [ 0.71008, 44.83776 ], [ 0.71011, 44.83768 ], [ 0.71019, 44.83752 ], [ 0.71021, 44.83749 ], [ 0.71021, 44.83742 ], [ 0.71021, 44.83735 ], [ 0.71025, 44.83726 ], [ 0.71029, 44.83712 ], [ 0.71034, 44.83688 ], [ 0.71035, 44.83684 ], [ 0.71037, 44.83677 ], [ 0.71039, 44.83673 ], [ 0.71044, 44.83667 ], [ 0.71051, 44.83663 ], [ 0.7106, 44.83658 ], [ 0.71069, 44.83653 ], [ 0.71075, 44.83649 ], [ 0.71087, 44.83635 ], [ 0.7109, 44.83633 ], [ 0.71098, 44.83617 ], [ 0.71101, 44.83607 ], [ 0.71103, 44.83602 ], [ 0.71102, 44.836 ], [ 0.71296, 44.83619 ], [ 0.71366, 44.83627 ], [ 0.71407, 44.83632 ], [ 0.71555, 44.83646 ], [ 0.7158, 44.83648 ], [ 0.71653, 44.83654 ], [ 0.71676, 44.83657 ], [ 0.71677, 44.83657 ], [ 0.71677, 44.8365 ], [ 0.71796, 44.8366 ], [ 0.71805, 44.83661 ], [ 0.7192, 44.83674 ], [ 0.72002, 44.83683 ], [ 0.72261, 44.8371 ], [ 0.72374, 44.83722 ], [ 0.72478, 44.83734 ], [ 0.72581, 44.83748 ], [ 0.72582, 44.83744 ], [ 0.72584, 44.83738 ], [ 0.72746, 44.83767 ], [ 0.72801, 44.83777 ], [ 0.72921, 44.838 ], [ 0.73114, 44.83837 ], [ 0.73114, 44.83841 ], [ 0.73147, 44.83847 ], [ 0.73148, 44.83847 ], [ 0.73152, 44.83848 ], [ 0.73473, 44.83909 ], [ 0.73544, 44.83924 ], [ 0.73585, 44.83931 ], [ 0.73585, 44.83932 ], [ 0.73664, 44.83944 ], [ 0.7368, 44.83946 ], [ 0.73746, 44.83952 ], [ 0.73753, 44.83953 ], [ 0.73765, 44.83954 ], [ 0.73765, 44.83945 ], [ 0.73766, 44.83917 ], [ 0.73766, 44.83901 ], [ 0.73759, 44.83898 ], [ 0.73757, 44.83887 ], [ 0.73754, 44.83878 ], [ 0.73753, 44.83877 ], [ 0.73748, 44.83877 ], [ 0.73743, 44.83862 ], [ 0.73739, 44.83846 ], [ 0.7374, 44.83846 ], [ 0.73742, 44.8384 ], [ 0.73753, 44.83841 ], [ 0.73801, 44.83846 ], [ 0.73812, 44.83847 ], [ 0.73815, 44.83847 ], [ 0.73826, 44.83848 ], [ 0.73849, 44.8385 ], [ 0.73868, 44.83851 ], [ 0.73876, 44.83852 ], [ 0.7388, 44.83852 ], [ 0.7388, 44.83851 ], [ 0.73919, 44.83855 ], [ 0.73928, 44.83856 ], [ 0.74018, 44.83864 ], [ 0.74019, 44.83864 ], [ 0.74023, 44.83864 ], [ 0.74029, 44.83864 ], [ 0.74039, 44.83864 ], [ 0.74062, 44.83861 ], [ 0.74072, 44.83861 ], [ 0.74076, 44.83861 ], [ 0.74086, 44.83859 ], [ 0.74082, 44.83826 ], [ 0.74064, 44.83828 ], [ 0.74061, 44.83799 ], [ 0.7406, 44.83795 ], [ 0.74058, 44.83753 ], [ 0.74055, 44.83754 ], [ 0.74054, 44.8375 ], [ 0.73941, 44.83761 ], [ 0.73897, 44.83766 ], [ 0.73896, 44.83773 ], [ 0.73893, 44.83807 ], [ 0.73893, 44.83808 ], [ 0.73893, 44.8381 ], [ 0.73893, 44.83818 ], [ 0.73876, 44.83816 ], [ 0.73864, 44.83815 ], [ 0.7383, 44.83813 ], [ 0.73831, 44.83803 ], [ 0.7382, 44.838 ], [ 0.73818, 44.83819 ], [ 0.73761, 44.83807 ], [ 0.73741, 44.83805 ], [ 0.73737, 44.83805 ], [ 0.73726, 44.83803 ], [ 0.73717, 44.83802 ], [ 0.73703, 44.83801 ], [ 0.73693, 44.838 ], [ 0.73693, 44.83798 ], [ 0.73669, 44.83795 ], [ 0.73645, 44.83793 ], [ 0.73622, 44.83791 ], [ 0.73594, 44.83789 ], [ 0.73572, 44.83787 ], [ 0.73561, 44.83786 ], [ 0.73538, 44.83784 ], [ 0.73495, 44.83779 ], [ 0.73469, 44.83776 ], [ 0.73465, 44.83776 ], [ 0.73442, 44.83774 ], [ 0.73439, 44.83774 ], [ 0.73413, 44.83771 ], [ 0.73407, 44.83771 ], [ 0.73384, 44.83769 ], [ 0.73379, 44.83768 ], [ 0.73374, 44.83768 ], [ 0.73353, 44.83766 ], [ 0.73352, 44.83766 ], [ 0.73352, 44.83765 ], [ 0.73347, 44.83764 ], [ 0.73305, 44.83759 ], [ 0.73253, 44.83755 ], [ 0.73219, 44.83752 ], [ 0.7319, 44.83749 ], [ 0.7316, 44.83746 ], [ 0.73136, 44.83744 ], [ 0.73092, 44.83739 ], [ 0.7306, 44.83736 ], [ 0.72952, 44.83726 ], [ 0.72913, 44.83722 ], [ 0.72879, 44.83719 ], [ 0.7285, 44.83716 ], [ 0.72845, 44.83716 ], [ 0.72842, 44.83715 ], [ 0.72833, 44.83715 ], [ 0.72825, 44.83714 ], [ 0.7282, 44.83713 ], [ 0.72817, 44.83713 ], [ 0.72791, 44.83711 ], [ 0.72783, 44.8371 ], [ 0.72763, 44.83707 ], [ 0.72726, 44.83704 ], [ 0.7269, 44.837 ], [ 0.72627, 44.83695 ], [ 0.726, 44.83693 ], [ 0.72595, 44.83692 ], [ 0.72554, 44.83687 ], [ 0.72512, 44.83683 ], [ 0.7248, 44.83681 ], [ 0.72427, 44.83677 ], [ 0.72358, 44.83668 ], [ 0.72344, 44.83667 ], [ 0.72338, 44.83666 ], [ 0.72306, 44.83663 ], [ 0.72288, 44.83661 ], [ 0.72269, 44.83659 ], [ 0.72264, 44.83659 ], [ 0.72241, 44.83657 ], [ 0.72214, 44.83655 ], [ 0.72184, 44.83651 ], [ 0.72167, 44.83648 ], [ 0.72144, 44.83645 ], [ 0.72076, 44.8364 ], [ 0.72022, 44.83634 ], [ 0.72006, 44.83632 ], [ 0.71982, 44.8363 ], [ 0.71971, 44.83628 ], [ 0.71955, 44.83627 ], [ 0.71936, 44.83626 ], [ 0.71931, 44.83626 ], [ 0.71918, 44.83625 ], [ 0.71912, 44.83625 ], [ 0.71893, 44.83623 ], [ 0.7186, 44.8362 ], [ 0.71851, 44.83619 ], [ 0.71806, 44.83614 ], [ 0.71754, 44.8361 ], [ 0.71705, 44.83605 ], [ 0.71653, 44.836 ], [ 0.71609, 44.83595 ], [ 0.71586, 44.83593 ], [ 0.7157, 44.83591 ], [ 0.71549, 44.83589 ], [ 0.71505, 44.83583 ], [ 0.71396, 44.83571 ], [ 0.7137, 44.83568 ], [ 0.71356, 44.83567 ], [ 0.71341, 44.83566 ], [ 0.71309, 44.8356 ], [ 0.71288, 44.83556 ], [ 0.71262, 44.83551 ], [ 0.71239, 44.83545 ], [ 0.71228, 44.8354 ], [ 0.71218, 44.83537 ], [ 0.71183, 44.83527 ], [ 0.71175, 44.83524 ], [ 0.7116, 44.83518 ], [ 0.71113, 44.83495 ], [ 0.71096, 44.83487 ], [ 0.71088, 44.83482 ], [ 0.71077, 44.83477 ], [ 0.71021, 44.83438 ], [ 0.70997, 44.83414 ], [ 0.70975, 44.83404 ], [ 0.7097, 44.83402 ], [ 0.70956, 44.83396 ], [ 0.70933, 44.83385 ], [ 0.70926, 44.83382 ], [ 0.70906, 44.83374 ], [ 0.70895, 44.8337 ], [ 0.7088, 44.83364 ], [ 0.70865, 44.8336 ], [ 0.70846, 44.83355 ], [ 0.70829, 44.83351 ], [ 0.70809, 44.83346 ], [ 0.70786, 44.83342 ], [ 0.70764, 44.83339 ], [ 0.70738, 44.83336 ], [ 0.70723, 44.83334 ], [ 0.70718, 44.83333 ], [ 0.70708, 44.83332 ], [ 0.70681, 44.83331 ], [ 0.70641, 44.8333 ], [ 0.70636, 44.8333 ], [ 0.70598, 44.83331 ], [ 0.70591, 44.83333 ], [ 0.70553, 44.83337 ], [ 0.70517, 44.83341 ], [ 0.70493, 44.83344 ], [ 0.70487, 44.83345 ], [ 0.70472, 44.83347 ], [ 0.70471, 44.83347 ], [ 0.70457, 44.83349 ], [ 0.70442, 44.83352 ], [ 0.70433, 44.83306 ], [ 0.70431, 44.83295 ], [ 0.70388, 44.83299 ], [ 0.70385, 44.83299 ], [ 0.70356, 44.83302 ], [ 0.70307, 44.83305 ], [ 0.70327, 44.83377 ], [ 0.70236, 44.8339 ] ] ], [ [ [ 0.77529, 44.84544 ], [ 0.77543, 44.84552 ], [ 0.77545, 44.8455 ], [ 0.77583, 44.84571 ], [ 0.77599, 44.8458 ], [ 0.77634, 44.84602 ], [ 0.77644, 44.84609 ], [ 0.77656, 44.84616 ], [ 0.77675, 44.84629 ], [ 0.77712, 44.84657 ], [ 0.77738, 44.84676 ], [ 0.7774, 44.84678 ], [ 0.77743, 44.8468 ], [ 0.77745, 44.84682 ], [ 0.77753, 44.84687 ], [ 0.77759, 44.84683 ], [ 0.77781, 44.84667 ], [ 0.77782, 44.84666 ], [ 0.77784, 44.84665 ], [ 0.7779, 44.8466 ], [ 0.7786, 44.84608 ], [ 0.7785, 44.84605 ], [ 0.77844, 44.84602 ], [ 0.77824, 44.84593 ], [ 0.77822, 44.84593 ], [ 0.77813, 44.8459 ], [ 0.778, 44.84584 ], [ 0.7779, 44.8458 ], [ 0.77778, 44.84576 ], [ 0.77777, 44.84575 ], [ 0.77772, 44.84573 ], [ 0.77783, 44.84553 ], [ 0.77787, 44.84545 ], [ 0.77792, 44.84534 ], [ 0.778, 44.8452 ], [ 0.77802, 44.84517 ], [ 0.77827, 44.84512 ], [ 0.7784, 44.8451 ], [ 0.77877, 44.84485 ], [ 0.77881, 44.84485 ], [ 0.77887, 44.84485 ], [ 0.77896, 44.84486 ], [ 0.77904, 44.84482 ], [ 0.77913, 44.84478 ], [ 0.77922, 44.84474 ], [ 0.77932, 44.84468 ], [ 0.77938, 44.84465 ], [ 0.77943, 44.84464 ], [ 0.7795, 44.84461 ], [ 0.77952, 44.84459 ], [ 0.77954, 44.84458 ], [ 0.77949, 44.84456 ], [ 0.77953, 44.84448 ], [ 0.77938, 44.84444 ], [ 0.77865, 44.84428 ], [ 0.77826, 44.8442 ], [ 0.77745, 44.84402 ], [ 0.77694, 44.84391 ], [ 0.77688, 44.8439 ], [ 0.77574, 44.84365 ], [ 0.77557, 44.84395 ], [ 0.7754, 44.84426 ], [ 0.77533, 44.84437 ], [ 0.77535, 44.8445 ], [ 0.7754, 44.8447 ], [ 0.77547, 44.84492 ], [ 0.77549, 44.845 ], [ 0.77549, 44.84513 ], [ 0.77546, 44.84517 ], [ 0.77547, 44.84535 ], [ 0.77529, 44.84544 ] ] ], [ [ [ 0.7462, 44.84125 ], [ 0.74686, 44.84147 ], [ 0.74712, 44.84157 ], [ 0.74712, 44.84156 ], [ 0.74715, 44.84154 ], [ 0.74725, 44.84144 ], [ 0.7476, 44.84157 ], [ 0.74784, 44.84166 ], [ 0.74812, 44.84176 ], [ 0.74841, 44.84186 ], [ 0.74866, 44.84195 ], [ 0.74881, 44.84201 ], [ 0.74889, 44.84203 ], [ 0.74892, 44.84204 ], [ 0.74914, 44.84213 ], [ 0.74938, 44.84221 ], [ 0.74968, 44.84232 ], [ 0.7499, 44.8424 ], [ 0.74989, 44.84217 ], [ 0.74992, 44.84186 ], [ 0.74999, 44.84138 ], [ 0.75004, 44.84116 ], [ 0.75024, 44.84059 ], [ 0.75036, 44.84031 ], [ 0.75037, 44.84028 ], [ 0.74943, 44.84012 ], [ 0.74828, 44.84009 ], [ 0.74741, 44.84011 ], [ 0.74708, 44.84013 ], [ 0.74689, 44.84013 ], [ 0.74676, 44.84013 ], [ 0.74657, 44.84075 ], [ 0.74633, 44.84071 ], [ 0.7462, 44.84125 ] ] ], [ [ [ 0.74818, 44.83952 ], [ 0.74826, 44.83951 ], [ 0.74827, 44.83954 ], [ 0.74937, 44.83951 ], [ 0.74964, 44.83951 ], [ 0.74965, 44.83953 ], [ 0.75013, 44.83951 ], [ 0.75057, 44.83949 ], [ 0.75085, 44.83949 ], [ 0.75089, 44.83939 ], [ 0.75092, 44.83933 ], [ 0.75109, 44.83888 ], [ 0.7511, 44.83884 ], [ 0.75111, 44.83885 ], [ 0.75112, 44.83881 ], [ 0.75063, 44.83874 ], [ 0.74889, 44.83848 ], [ 0.74849, 44.83842 ], [ 0.74848, 44.83842 ], [ 0.74848, 44.83842 ], [ 0.74804, 44.83836 ], [ 0.74806, 44.83854 ], [ 0.74811, 44.83863 ], [ 0.74813, 44.8388 ], [ 0.74812, 44.83886 ], [ 0.74817, 44.83893 ], [ 0.74819, 44.83929 ], [ 0.74816, 44.83929 ], [ 0.74818, 44.83952 ] ] ] ] } },
{ "type": "Feature", "properties": { "LIBELLE": "Site patrimonial remarquable du canal de Lalinde", "ZONE": "Bâti ancien", "COMMUNE": "LALINDE" }, "geometry": { "type": "MultiPolygon", "coordinates": [ [ [ [ 0.73645, 44.83793 ], [ 0.73669, 44.83795 ], [ 0.73693, 44.83798 ], [ 0.73693, 44.838 ], [ 0.73703, 44.83801 ], [ 0.73717, 44.83802 ], [ 0.73726, 44.83803 ], [ 0.73737, 44.83805 ], [ 0.73741, 44.83805 ], [ 0.73761, 44.83807 ], [ 0.73812, 44.83818 ], [ 0.73818, 44.83819 ], [ 0.7382, 44.838 ], [ 0.73831, 44.83803 ], [ 0.7383, 44.83813 ], [ 0.73864, 44.83815 ], [ 0.73876, 44.83816 ], [ 0.73893, 44.83818 ], [ 0.73893, 44.8381 ], [ 0.73893, 44.83808 ], [ 0.73893, 44.83807 ], [ 0.73896, 44.83773 ], [ 0.73897, 44.83766 ], [ 0.73941, 44.83761 ], [ 0.74054, 44.8375 ], [ 0.74055, 44.83754 ], [ 0.74058, 44.83753 ], [ 0.7406, 44.83795 ], [ 0.74061, 44.83799 ], [ 0.74064, 44.83828 ], [ 0.74082, 44.83826 ], [ 0.74082, 44.83826 ], [ 0.74079, 44.83798 ], [ 0.74078, 44.83793 ], [ 0.74081, 44.83721 ], [ 0.74081, 44.83714 ], [ 0.74081, 44.83713 ], [ 0.7408, 44.83713 ], [ 0.7408, 44.83712 ], [ 0.7408, 44.83712 ], [ 0.74082, 44.83709 ], [ 0.74082, 44.83707 ], [ 0.74082, 44.83705 ], [ 0.74082, 44.83701 ], [ 0.74082, 44.83699 ], [ 0.74082, 44.83688 ], [ 0.74082, 44.83679 ], [ 0.74082, 44.83677 ], [ 0.74079, 44.83675 ], [ 0.74073, 44.83673 ], [ 0.74075, 44.83669 ], [ 0.74075, 44.83667 ], [ 0.74075, 44.83662 ], [ 0.74077, 44.83659 ], [ 0.74078, 44.83648 ], [ 0.74079, 44.83639 ], [ 0.7408, 44.83637 ], [ 0.74081, 44.83623 ], [ 0.74083, 44.83615 ], [ 0.74105, 44.83604 ], [ 0.7411, 44.83604 ], [ 0.74114, 44.836 ], [ 0.74132, 44.83584 ], [ 0.74141, 44.83575 ], [ 0.74118, 44.83571 ], [ 0.74093, 44.83566 ], [ 0.74073, 44.83564 ], [ 0.74067, 44.83563 ], [ 0.74063, 44.83563 ], [ 0.74058, 44.83562 ], [ 0.74033, 44.83562 ], [ 0.74012, 44.83564 ], [ 0.74011, 44.83565 ], [ 0.73988, 44.8356 ], [ 0.73965, 44.83556 ], [ 0.73947, 44.83553 ], [ 0.73924, 44.8355 ], [ 0.73918, 44.83551 ], [ 0.7389, 44.83549 ], [ 0.73881, 44.83548 ], [ 0.73875, 44.83547 ], [ 0.73854, 44.83545 ], [ 0.73818, 44.83541 ], [ 0.73803, 44.83537 ], [ 0.73796, 44.83535 ], [ 0.73794, 44.83534 ], [ 0.73793, 44.83535 ], [ 0.73792, 44.83536 ], [ 0.73793, 44.83537 ], [ 0.73792, 44.83538 ], [ 0.73777, 44.83534 ], [ 0.73758, 44.83529 ], [ 0.73754, 44.83528 ], [ 0.73747, 44.83527 ], [ 0.73738, 44.83526 ], [ 0.73727, 44.83524 ], [ 0.73724, 44.83524 ], [ 0.73713, 44.83521 ], [ 0.73711, 44.8352 ], [ 0.73708, 44.83519 ], [ 0.73693, 44.83512 ], [ 0.73684, 44.8351 ], [ 0.73678, 44.83508 ], [ 0.73671, 44.83507 ], [ 0.73669, 44.83506 ], [ 0.73666, 44.83506 ], [ 0.73663, 44.83505 ], [ 0.73656, 44.83505 ], [ 0.73647, 44.83504 ], [ 0.73649, 44.83506 ], [ 0.73649, 44.8351 ], [ 0.73647, 44.8351 ], [ 0.73647, 44.83513 ], [ 0.73648, 44.83533 ], [ 0.73648, 44.83538 ], [ 0.73649, 44.83554 ], [ 0.73649, 44.83576 ], [ 0.7361, 44.83574 ], [ 0.7361, 44.83573 ], [ 0.73606, 44.83573 ], [ 0.73592, 44.83572 ], [ 0.7358, 44.83572 ], [ 0.73583, 44.83584 ], [ 0.73583, 44.83595 ], [ 0.73582, 44.83597 ], [ 0.73581, 44.836 ], [ 0.73581, 44.83613 ], [ 0.73581, 44.83616 ], [ 0.73581, 44.83619 ], [ 0.73582, 44.83629 ], [ 0.73579, 44.83634 ], [ 0.73579, 44.83635 ], [ 0.7358, 44.83646 ], [ 0.73582, 44.83665 ], [ 0.73554, 44.83665 ], [ 0.73553, 44.83676 ], [ 0.73582, 44.83675 ], [ 0.73583, 44.83681 ], [ 0.73584, 44.83689 ], [ 0.73586, 44.83699 ], [ 0.73587, 44.83707 ], [ 0.73591, 44.8372 ], [ 0.73591, 44.83724 ], [ 0.7359, 44.83729 ], [ 0.73591, 44.83746 ], [ 0.73591, 44.83756 ], [ 0.73578, 44.83755 ], [ 0.73586, 44.83768 ], [ 0.73616, 44.83769 ], [ 0.73621, 44.8377 ], [ 0.73622, 44.8377 ], [ 0.73647, 44.8377 ], [ 0.73647, 44.83781 ], [ 0.73645, 44.83793 ] ] ], [ [ [ 0.77711, 44.84824 ], [ 0.77738, 44.84819 ], [ 0.77758, 44.84815 ], [ 0.77766, 44.84813 ], [ 0.77783, 44.84807 ], [ 0.7782, 44.84795 ], [ 0.77824, 44.84789 ], [ 0.77825, 44.84784 ], [ 0.77827, 44.84779 ], [ 0.77832, 44.84774 ], [ 0.77838, 44.84771 ], [ 0.77841, 44.84765 ], [ 0.77848, 44.8476 ], [ 0.77852, 44.84759 ], [ 0.77857, 44.84758 ], [ 0.7784, 44.84742 ], [ 0.77827, 44.84734 ], [ 0.77771, 44.84698 ], [ 0.77753, 44.84687 ], [ 0.77745, 44.84682 ], [ 0.77743, 44.8468 ], [ 0.7774, 44.84678 ], [ 0.77738, 44.84676 ], [ 0.77712, 44.84657 ], [ 0.77675, 44.84629 ], [ 0.77656, 44.84616 ], [ 0.77644, 44.84609 ], [ 0.77634, 44.84602 ], [ 0.77599, 44.8458 ], [ 0.77583, 44.84571 ], [ 0.77545, 44.8455 ], [ 0.77543, 44.84552 ], [ 0.77527, 44.84562 ], [ 0.77519, 44.84573 ], [ 0.77529, 44.84578 ], [ 0.77539, 44.84585 ], [ 0.7755, 44.84594 ], [ 0.77563, 44.84603 ], [ 0.7755, 44.84613 ], [ 0.77546, 44.84616 ], [ 0.77543, 44.84618 ], [ 0.77541, 44.84621 ], [ 0.77541, 44.84623 ], [ 0.77535, 44.84628 ], [ 0.77517, 44.84619 ], [ 0.77516, 44.84618 ], [ 0.77514, 44.8462 ], [ 0.7748, 44.84651 ], [ 0.77469, 44.84663 ], [ 0.77423, 44.84706 ], [ 0.77347, 44.84779 ], [ 0.77344, 44.84782 ], [ 0.7731, 44.84807 ], [ 0.77299, 44.84813 ], [ 0.77277, 44.84825 ], [ 0.77272, 44.84828 ], [ 0.77271, 44.84828 ], [ 0.77268, 44.8483 ], [ 0.77264, 44.84832 ], [ 0.77259, 44.84835 ], [ 0.77255, 44.84837 ], [ 0.77249, 44.8484 ], [ 0.77317, 44.84895 ], [ 0.77322, 44.84892 ], [ 0.7733, 44.8489 ], [ 0.77337, 44.84885 ], [ 0.77342, 44.84883 ], [ 0.77363, 44.84872 ], [ 0.77396, 44.84856 ], [ 0.77401, 44.84854 ], [ 0.77405, 44.84852 ], [ 0.77409, 44.84851 ], [ 0.77418, 44.84848 ], [ 0.77436, 44.84843 ], [ 0.77452, 44.8484 ], [ 0.77455, 44.84839 ], [ 0.77482, 44.84834 ], [ 0.77494, 44.84831 ], [ 0.77501, 44.8483 ], [ 0.77506, 44.84828 ], [ 0.77507, 44.84828 ], [ 0.77521, 44.84822 ], [ 0.77522, 44.84822 ], [ 0.77524, 44.84823 ], [ 0.77533, 44.8482 ], [ 0.77536, 44.84825 ], [ 0.7754, 44.84829 ], [ 0.77537, 44.84832 ], [ 0.77533, 44.84841 ], [ 0.77532, 44.84845 ], [ 0.77536, 44.84847 ], [ 0.77569, 44.84843 ], [ 0.77597, 44.8484 ], [ 0.77636, 44.84836 ], [ 0.77657, 44.84834 ], [ 0.77674, 44.84827 ], [ 0.77683, 44.84828 ], [ 0.77683, 44.84828 ], [ 0.77684, 44.84828 ], [ 0.77685, 44.84828 ], [ 0.77685, 44.84828 ], [ 0.77706, 44.84825 ], [ 0.77711, 44.84824 ] ] ], [ [ [ 0.70236, 44.8339 ], [ 0.70327, 44.83377 ], [ 0.70307, 44.83305 ], [ 0.70356, 44.83302 ], [ 0.70385, 44.83299 ], [ 0.70388, 44.83299 ], [ 0.70431, 44.83295 ], [ 0.70433, 44.83306 ], [ 0.70442, 44.83352 ], [ 0.70457, 44.83349 ], [ 0.70471, 44.83347 ], [ 0.70472, 44.83347 ], [ 0.70487, 44.83345 ], [ 0.70493, 44.83344 ], [ 0.70517, 44.83341 ], [ 0.70503, 44.83278 ], [ 0.70477, 44.8328 ], [ 0.70474, 44.83268 ], [ 0.70469, 44.83238 ], [ 0.70498, 44.83237 ], [ 0.70503, 44.83247 ], [ 0.70508, 44.83246 ], [ 0.70505, 44.83234 ], [ 0.70503, 44.83229 ], [ 0.70501, 44.83222 ], [ 0.705, 44.83215 ], [ 0.7047, 44.83218 ], [ 0.70465, 44.83218 ], [ 0.70456, 44.83218 ], [ 0.7043, 44.83222 ], [ 0.70401, 44.83227 ], [ 0.70369, 44.83232 ], [ 0.70333, 44.83236 ], [ 0.70251, 44.83249 ], [ 0.70226, 44.83255 ], [ 0.70198, 44.83261 ], [ 0.70236, 44.8339 ] ] ], [ [ [ 0.77738, 44.85092 ], [ 0.77735, 44.85119 ], [ 0.77734, 44.85137 ], [ 0.77733, 44.85153 ], [ 0.77734, 44.85156 ], [ 0.77755, 44.85155 ], [ 0.77756, 44.85155 ], [ 0.7778, 44.85157 ], [ 0.77808, 44.85159 ], [ 0.77816, 44.85147 ], [ 0.77825, 44.85136 ], [ 0.7794, 44.85166 ], [ 0.77944, 44.85156 ], [ 0.77947, 44.85153 ], [ 0.77952, 44.8514 ], [ 0.77926, 44.85131 ], [ 0.77917, 44.85127 ], [ 0.77914, 44.85126 ], [ 0.77878, 44.85118 ], [ 0.77868, 44.85116 ], [ 0.77847, 44.85113 ], [ 0.77851, 44.85105 ], [ 0.77855, 44.85097 ], [ 0.77862, 44.85088 ], [ 0.77882, 44.8507 ], [ 0.7783, 44.85055 ], [ 0.77827, 44.85055 ], [ 0.77824, 44.85059 ], [ 0.77823, 44.85064 ], [ 0.7782, 44.85071 ], [ 0.77818, 44.85076 ], [ 0.77765, 44.8507 ], [ 0.77755, 44.85068 ], [ 0.77728, 44.85068 ], [ 0.77729, 44.8507 ], [ 0.77732, 44.85076 ], [ 0.77732, 44.85077 ], [ 0.77732, 44.8508 ], [ 0.77731, 44.85081 ], [ 0.77734, 44.85083 ], [ 0.77738, 44.85092 ] ] ] ] } },
{ "type": "Feature", "properties": { "LIBELLE": "Site patrimonial remarquable du canal de Lalinde", "ZONE": "Protection paysagère", "COMMUNE": "BANEUIL" }, "geometry": { "type": "MultiPolygon", "coordinates": [ [ [ [ 0.67253, 44.84404 ], [ 0.67252, 44.84418 ], [ 0.67251, 44.84434 ], [ 0.6725, 44.84447 ], [ 0.67249, 44.84458 ], [ 0.6725, 44.84467 ], [ 0.67251, 44.84483 ], [ 0.67253, 44.845 ], [ 0.67256, 44.84521 ], [ 0.67256, 44.84523 ], [ 0.67257, 44.84538 ], [ 0.6726, 44.84556 ], [ 0.67265, 44.84581 ], [ 0.67267, 44.8459 ], [ 0.67268, 44.84595 ], [ 0.6727, 44.84609 ], [ 0.67274, 44.84636 ], [ 0.67281, 44.84664 ], [ 0.67293, 44.8468 ], [ 0.67305, 44.84697 ], [ 0.67327, 44.84727 ], [ 0.67338, 44.84742 ], [ 0.67345, 44.84752 ], [ 0.67353, 44.84764 ], [ 0.67357, 44.84774 ], [ 0.67367, 44.84788 ], [ 0.67376, 44.84801 ], [ 0.67399, 44.84829 ], [ 0.67444, 44.84828 ], [ 0.6748, 44.84828 ], [ 0.67513, 44.84829 ], [ 0.67537, 44.84829 ], [ 0.6762, 44.8483 ], [ 0.6763, 44.84742 ], [ 0.67632, 44.8474 ], [ 0.67633, 44.84738 ], [ 0.67635, 44.84737 ], [ 0.67637, 44.84736 ], [ 0.67639, 44.84736 ], [ 0.67643, 44.84737 ], [ 0.67646, 44.84738 ], [ 0.67648, 44.84739 ], [ 0.67648, 44.8474 ], [ 0.67653, 44.84746 ], [ 0.67658, 44.84754 ], [ 0.67661, 44.84757 ], [ 0.67665, 44.8476 ], [ 0.67668, 44.84763 ], [ 0.67671, 44.84766 ], [ 0.67676, 44.84768 ], [ 0.67679, 44.84768 ], [ 0.67681, 44.84769 ], [ 0.67684, 44.84769 ], [ 0.67689, 44.84769 ], [ 0.67694, 44.84769 ], [ 0.67697, 44.84768 ], [ 0.67702, 44.84766 ], [ 0.67707, 44.84764 ], [ 0.6772, 44.84753 ], [ 0.67733, 44.84741 ], [ 0.6775, 44.84725 ], [ 0.67767, 44.8471 ], [ 0.6778, 44.84696 ], [ 0.6779, 44.84685 ], [ 0.67798, 44.84675 ], [ 0.67808, 44.84662 ], [ 0.67826, 44.84641 ], [ 0.6784, 44.84627 ], [ 0.6785, 44.84618 ], [ 0.67864, 44.84606 ], [ 0.67886, 44.84591 ], [ 0.67905, 44.84578 ], [ 0.6793, 44.8456 ], [ 0.67963, 44.84537 ], [ 0.67974, 44.84527 ], [ 0.67985, 44.84521 ], [ 0.67991, 44.84513 ], [ 0.67995, 44.84508 ], [ 0.67999, 44.845 ], [ 0.68002, 44.84489 ], [ 0.68002, 44.84479 ], [ 0.68, 44.84458 ], [ 0.67997, 44.84442 ], [ 0.67989, 44.84406 ], [ 0.67986, 44.84393 ], [ 0.67997, 44.84393 ], [ 0.68003, 44.84396 ], [ 0.68008, 44.84401 ], [ 0.68012, 44.84406 ], [ 0.68017, 44.84412 ], [ 0.68022, 44.84416 ], [ 0.68026, 44.84421 ], [ 0.68033, 44.84426 ], [ 0.6804, 44.84429 ], [ 0.68045, 44.8443 ], [ 0.68057, 44.84433 ], [ 0.68077, 44.84436 ], [ 0.6812, 44.84448 ], [ 0.68151, 44.84458 ], [ 0.68171, 44.84469 ], [ 0.68194, 44.84482 ], [ 0.68218, 44.84482 ], [ 0.68243, 44.84469 ], [ 0.68271, 44.84453 ], [ 0.68296, 44.8444 ], [ 0.68317, 44.84429 ], [ 0.68322, 44.84428 ], [ 0.68329, 44.84426 ], [ 0.68338, 44.84426 ], [ 0.68344, 44.84427 ], [ 0.68349, 44.84428 ], [ 0.68352, 44.8443 ], [ 0.68358, 44.84433 ], [ 0.68365, 44.84438 ], [ 0.6837, 44.8444 ], [ 0.68375, 44.84442 ], [ 0.68381, 44.84445 ], [ 0.68385, 44.84447 ], [ 0.68393, 44.84449 ], [ 0.68401, 44.84451 ], [ 0.6841, 44.84454 ], [ 0.6843, 44.84468 ], [ 0.68493, 44.84469 ], [ 0.6854, 44.84469 ], [ 0.68578, 44.8447 ], [ 0.68631, 44.84471 ], [ 0.6869, 44.84472 ], [ 0.68718, 44.84473 ], [ 0.68737, 44.84474 ], [ 0.68755, 44.84474 ], [ 0.68771, 44.84476 ], [ 0.6879, 44.84478 ], [ 0.68803, 44.84479 ], [ 0.68813, 44.84481 ], [ 0.68832, 44.84483 ], [ 0.68842, 44.84483 ], [ 0.68861, 44.84479 ], [ 0.68879, 44.84476 ], [ 0.68884, 44.84475 ], [ 0.6889, 44.84474 ], [ 0.68902, 44.84471 ], [ 0.68908, 44.84469 ], [ 0.68916, 44.84465 ], [ 0.6893, 44.84459 ], [ 0.68958, 44.84444 ], [ 0.68973, 44.84437 ], [ 0.68988, 44.8443 ], [ 0.69009, 44.84419 ], [ 0.69022, 44.84413 ], [ 0.69035, 44.84406 ], [ 0.69041, 44.84403 ], [ 0.69052, 44.84399 ], [ 0.69063, 44.84393 ], [ 0.69075, 44.84388 ], [ 0.69084, 44.84383 ], [ 0.69092, 44.84378 ], [ 0.69094, 44.84377 ], [ 0.69102, 44.84372 ], [ 0.69108, 44.84369 ], [ 0.69118, 44.84365 ], [ 0.69124, 44.84364 ], [ 0.69135, 44.84363 ], [ 0.69135, 44.84358 ], [ 0.69134, 44.84352 ], [ 0.69137, 44.84347 ], [ 0.69138, 44.84341 ], [ 0.69141, 44.84334 ], [ 0.69142, 44.84329 ], [ 0.69146, 44.84323 ], [ 0.69148, 44.84317 ], [ 0.69152, 44.84312 ], [ 0.69156, 44.84306 ], [ 0.6916, 44.84301 ], [ 0.69163, 44.84297 ], [ 0.69169, 44.84291 ], [ 0.69173, 44.84287 ], [ 0.69177, 44.84281 ], [ 0.69178, 44.84279 ], [ 0.69182, 44.84276 ], [ 0.69188, 44.84272 ], [ 0.69184, 44.84272 ], [ 0.69163, 44.84272 ], [ 0.69153, 44.84271 ], [ 0.69128, 44.84271 ], [ 0.69101, 44.84272 ], [ 0.69075, 44.84216 ], [ 0.69134, 44.84193 ], [ 0.69114, 44.84173 ], [ 0.69067, 44.84188 ], [ 0.69035, 44.84141 ], [ 0.69143, 44.84124 ], [ 0.69144, 44.8406 ], [ 0.69231, 44.84036 ], [ 0.69328, 44.84045 ], [ 0.69345, 44.84014 ], [ 0.69441, 44.84079 ], [ 0.69488, 44.8411 ], [ 0.69495, 44.84113 ], [ 0.69504, 44.84107 ], [ 0.69513, 44.841 ], [ 0.69525, 44.84092 ], [ 0.69536, 44.84084 ], [ 0.69549, 44.84075 ], [ 0.69562, 44.84066 ], [ 0.69573, 44.84059 ], [ 0.69578, 44.84056 ], [ 0.69584, 44.84053 ], [ 0.69598, 44.84043 ], [ 0.69615, 44.84032 ], [ 0.69629, 44.84021 ], [ 0.69644, 44.84012 ], [ 0.69656, 44.84003 ], [ 0.69664, 44.83997 ], [ 0.69693, 44.83978 ], [ 0.69705, 44.83968 ], [ 0.69713, 44.83964 ], [ 0.69715, 44.83962 ], [ 0.69698, 44.83948 ], [ 0.69679, 44.83933 ], [ 0.69678, 44.83927 ], [ 0.69674, 44.83921 ], [ 0.69669, 44.83916 ], [ 0.69664, 44.83914 ], [ 0.69654, 44.83914 ], [ 0.69645, 44.83914 ], [ 0.69643, 44.83913 ], [ 0.69635, 44.83912 ], [ 0.69621, 44.83913 ], [ 0.69615, 44.83913 ], [ 0.696, 44.83913 ], [ 0.696, 44.8391 ], [ 0.69597, 44.83862 ], [ 0.69586, 44.83863 ], [ 0.69562, 44.83868 ], [ 0.69538, 44.83873 ], [ 0.69512, 44.83879 ], [ 0.69498, 44.83883 ], [ 0.69488, 44.83885 ], [ 0.69484, 44.83887 ], [ 0.69441, 44.83897 ], [ 0.69424, 44.839 ], [ 0.69412, 44.83904 ], [ 0.69328, 44.83915 ], [ 0.69257, 44.83925 ], [ 0.69234, 44.83928 ], [ 0.69181, 44.83931 ], [ 0.69107, 44.83935 ], [ 0.69063, 44.83938 ], [ 0.6906, 44.83935 ], [ 0.69062, 44.83879 ], [ 0.69061, 44.83874 ], [ 0.69062, 44.83868 ], [ 0.69051, 44.8387 ], [ 0.69047, 44.8387 ], [ 0.69017, 44.83876 ], [ 0.68995, 44.8388 ], [ 0.68947, 44.8389 ], [ 0.68876, 44.83898 ], [ 0.68771, 44.83912 ], [ 0.68741, 44.83916 ], [ 0.68733, 44.83917 ], [ 0.68688, 44.83923 ], [ 0.68563, 44.83939 ], [ 0.68504, 44.83947 ], [ 0.68435, 44.83957 ], [ 0.68363, 44.83966 ], [ 0.68351, 44.83968 ], [ 0.68312, 44.83974 ], [ 0.68281, 44.83977 ], [ 0.68279, 44.83978 ], [ 0.68267, 44.83979 ], [ 0.68212, 44.83986 ], [ 0.68201, 44.83987 ], [ 0.68187, 44.8399 ], [ 0.68185, 44.83991 ], [ 0.68177, 44.83992 ], [ 0.68168, 44.83994 ], [ 0.68154, 44.83997 ], [ 0.68138, 44.83998 ], [ 0.68123, 44.84 ], [ 0.68114, 44.84 ], [ 0.68101, 44.84001 ], [ 0.6809, 44.84003 ], [ 0.68076, 44.84003 ], [ 0.68064, 44.84003 ], [ 0.68051, 44.84003 ], [ 0.68038, 44.84004 ], [ 0.68016, 44.84003 ], [ 0.68002, 44.84004 ], [ 0.67977, 44.84006 ], [ 0.67962, 44.84007 ], [ 0.67947, 44.84008 ], [ 0.67944, 44.84008 ], [ 0.67929, 44.84008 ], [ 0.67782, 44.84012 ], [ 0.67733, 44.84014 ], [ 0.67682, 44.84016 ], [ 0.67611, 44.84019 ], [ 0.67609, 44.84014 ], [ 0.67567, 44.84018 ], [ 0.67568, 44.84026 ], [ 0.67563, 44.84029 ], [ 0.67555, 44.84031 ], [ 0.67554, 44.84031 ], [ 0.67531, 44.84033 ], [ 0.67494, 44.84039 ], [ 0.67491, 44.84032 ], [ 0.6743, 44.8404 ], [ 0.67368, 44.84048 ], [ 0.67355, 44.84049 ], [ 0.67352, 44.84049 ], [ 0.67352, 44.84056 ], [ 0.67355, 44.84063 ], [ 0.67352, 44.84071 ], [ 0.67353, 44.84088 ], [ 0.67352, 44.84093 ], [ 0.67353, 44.841 ], [ 0.67353, 44.84107 ], [ 0.67354, 44.84116 ], [ 0.67355, 44.84126 ], [ 0.67354, 44.84131 ], [ 0.67352, 44.8414 ], [ 0.67352, 44.84146 ], [ 0.67353, 44.84154 ], [ 0.67354, 44.84155 ], [ 0.67355, 44.84164 ], [ 0.67359, 44.8417 ], [ 0.67359, 44.84176 ], [ 0.67359, 44.84177 ], [ 0.6736, 44.84187 ], [ 0.6736, 44.84189 ], [ 0.6736, 44.84192 ], [ 0.67361, 44.84199 ], [ 0.67361, 44.84203 ], [ 0.67361, 44.84227 ], [ 0.67361, 44.84238 ], [ 0.67361, 44.84244 ], [ 0.67344, 44.84262 ], [ 0.67317, 44.8429 ], [ 0.67298, 44.84311 ], [ 0.67274, 44.84337 ], [ 0.67265, 44.84347 ], [ 0.67256, 44.84356 ], [ 0.67251, 44.84366 ], [ 0.67248, 44.84376 ], [ 0.67251, 44.84386 ], [ 0.67253, 44.84389 ], [ 0.67254, 44.84399 ], [ 0.67253, 44.84404 ] ] ], [ [ [ 0.67374, 44.83911 ], [ 0.6734, 44.83922 ], [ 0.67341, 44.83927 ], [ 0.67345, 44.83949 ], [ 0.6735, 44.83961 ], [ 0.67347, 44.83963 ], [ 0.67352, 44.83964 ], [ 0.67379, 44.83956 ], [ 0.67403, 44.83948 ], [ 0.67402, 44.83947 ], [ 0.6741, 44.83945 ], [ 0.67462, 44.83929 ], [ 0.6749, 44.83921 ], [ 0.67513, 44.83914 ], [ 0.6753, 44.8391 ], [ 0.67575, 44.83895 ], [ 0.67648, 44.83874 ], [ 0.67694, 44.8386 ], [ 0.67697, 44.8386 ], [ 0.67722, 44.83852 ], [ 0.67742, 44.83846 ], [ 0.6787, 44.83811 ], [ 0.67877, 44.8381 ], [ 0.67895, 44.83806 ], [ 0.67917, 44.838 ], [ 0.67954, 44.83792 ], [ 0.67977, 44.83787 ], [ 0.68009, 44.83781 ], [ 0.68054, 44.83772 ], [ 0.68071, 44.83768 ], [ 0.6808, 44.83766 ], [ 0.68111, 44.83759 ], [ 0.68148, 44.83753 ], [ 0.68204, 44.83744 ], [ 0.68256, 44.83735 ], [ 0.68314, 44.83726 ], [ 0.68365, 44.83719 ], [ 0.68414, 44.83712 ], [ 0.68456, 44.83706 ], [ 0.68505, 44.83698 ], [ 0.6855, 44.8369 ], [ 0.68591, 44.83685 ], [ 0.68624, 44.83679 ], [ 0.68667, 44.83673 ], [ 0.687, 44.83667 ], [ 0.68737, 44.83662 ], [ 0.68779, 44.83657 ], [ 0.68827, 44.83649 ], [ 0.6885, 44.83645 ], [ 0.68855, 44.83645 ], [ 0.68872, 44.83642 ], [ 0.69053, 44.83616 ], [ 0.69104, 44.83609 ], [ 0.69173, 44.83598 ], [ 0.69197, 44.83594 ], [ 0.6922, 44.83591 ], [ 0.69242, 44.83588 ], [ 0.69283, 44.83583 ], [ 0.69312, 44.83579 ], [ 0.69348, 44.83574 ], [ 0.69383, 44.83569 ], [ 0.69409, 44.83565 ], [ 0.69428, 44.83562 ], [ 0.69461, 44.83557 ], [ 0.69471, 44.83556 ], [ 0.69484, 44.83552 ], [ 0.69497, 44.83548 ], [ 0.69516, 44.83545 ], [ 0.6955, 44.8354 ], [ 0.69575, 44.83536 ], [ 0.69598, 44.83532 ], [ 0.69611, 44.83531 ], [ 0.69615, 44.83526 ], [ 0.69633, 44.83523 ], [ 0.69643, 44.83521 ], [ 0.69655, 44.8352 ], [ 0.69664, 44.83518 ], [ 0.69674, 44.83517 ], [ 0.69685, 44.83516 ], [ 0.69694, 44.83514 ], [ 0.69723, 44.8351 ], [ 0.69741, 44.83507 ], [ 0.69757, 44.83504 ], [ 0.69779, 44.83501 ], [ 0.69796, 44.83498 ], [ 0.69805, 44.83497 ], [ 0.69817, 44.83495 ], [ 0.69831, 44.83493 ], [ 0.69851, 44.8349 ], [ 0.69848, 44.83478 ], [ 0.69846, 44.83475 ], [ 0.69846, 44.83472 ], [ 0.69841, 44.83452 ], [ 0.6984, 44.8345 ], [ 0.69832, 44.83433 ], [ 0.69831, 44.83429 ], [ 0.69821, 44.83401 ], [ 0.69815, 44.83386 ], [ 0.69811, 44.83386 ], [ 0.69809, 44.83387 ], [ 0.698, 44.83389 ], [ 0.69793, 44.83389 ], [ 0.69793, 44.83389 ], [ 0.69792, 44.83384 ], [ 0.6979, 44.83377 ], [ 0.69786, 44.83368 ], [ 0.69753, 44.83374 ], [ 0.69737, 44.83376 ], [ 0.69737, 44.83377 ], [ 0.69709, 44.83382 ], [ 0.69701, 44.83383 ], [ 0.69699, 44.83378 ], [ 0.69681, 44.83381 ], [ 0.69639, 44.83387 ], [ 0.69583, 44.83397 ], [ 0.69579, 44.83398 ], [ 0.69569, 44.834 ], [ 0.69554, 44.83405 ], [ 0.69546, 44.83406 ], [ 0.69542, 44.83406 ], [ 0.69539, 44.83407 ], [ 0.69535, 44.83408 ], [ 0.69526, 44.83409 ], [ 0.69521, 44.8341 ], [ 0.69516, 44.83411 ], [ 0.69503, 44.83415 ], [ 0.69493, 44.83417 ], [ 0.69486, 44.83419 ], [ 0.69481, 44.8342 ], [ 0.69473, 44.83419 ], [ 0.69469, 44.83419 ], [ 0.69465, 44.83419 ], [ 0.69461, 44.8342 ], [ 0.69459, 44.83421 ], [ 0.69453, 44.83424 ], [ 0.69446, 44.83425 ], [ 0.69441, 44.83425 ], [ 0.69438, 44.83425 ], [ 0.69436, 44.83426 ], [ 0.69434, 44.83425 ], [ 0.69432, 44.83426 ], [ 0.69431, 44.83427 ], [ 0.69424, 44.83428 ], [ 0.69418, 44.83429 ], [ 0.69406, 44.83431 ], [ 0.69391, 44.83435 ], [ 0.69355, 44.83443 ], [ 0.69343, 44.83447 ], [ 0.69329, 44.83449 ], [ 0.69324, 44.83451 ], [ 0.69315, 44.83452 ], [ 0.69303, 44.83455 ], [ 0.69301, 44.83456 ], [ 0.69294, 44.83457 ], [ 0.69291, 44.83458 ], [ 0.69288, 44.83457 ], [ 0.69283, 44.83458 ], [ 0.6928, 44.8346 ], [ 0.69273, 44.83462 ], [ 0.69268, 44.83463 ], [ 0.69264, 44.83463 ], [ 0.69256, 44.83466 ], [ 0.69245, 44.83467 ], [ 0.69238, 44.83468 ], [ 0.69231, 44.83471 ], [ 0.69221, 44.83474 ], [ 0.69213, 44.83476 ], [ 0.69203, 44.83478 ], [ 0.69194, 44.8348 ], [ 0.69186, 44.83481 ], [ 0.69182, 44.83481 ], [ 0.6918, 44.83482 ], [ 0.69172, 44.83485 ], [ 0.69168, 44.83485 ], [ 0.69161, 44.83489 ], [ 0.69158, 44.83491 ], [ 0.69152, 44.83491 ], [ 0.69145, 44.83493 ], [ 0.69142, 44.83493 ], [ 0.69134, 44.83496 ], [ 0.69128, 44.83497 ], [ 0.69121, 44.83499 ], [ 0.69114, 44.83501 ], [ 0.69105, 44.83502 ], [ 0.69089, 44.83506 ], [ 0.69083, 44.83508 ], [ 0.69079, 44.83508 ], [ 0.69074, 44.8351 ], [ 0.69068, 44.83512 ], [ 0.69066, 44.83513 ], [ 0.69064, 44.83513 ], [ 0.6906, 44.83513 ], [ 0.69052, 44.83514 ], [ 0.6905, 44.83515 ], [ 0.69045, 44.83517 ], [ 0.69033, 44.83519 ], [ 0.69012, 44.83516 ], [ 0.68999, 44.83513 ], [ 0.68993, 44.83512 ], [ 0.68984, 44.83513 ], [ 0.68959, 44.83517 ], [ 0.68926, 44.83523 ], [ 0.6889, 44.83526 ], [ 0.68866, 44.83528 ], [ 0.68855, 44.83529 ], [ 0.68846, 44.83529 ], [ 0.68828, 44.8353 ], [ 0.68803, 44.83531 ], [ 0.68775, 44.83534 ], [ 0.68732, 44.83538 ], [ 0.68708, 44.83541 ], [ 0.68674, 44.83544 ], [ 0.68642, 44.8355 ], [ 0.68579, 44.83562 ], [ 0.68541, 44.8357 ], [ 0.68498, 44.83579 ], [ 0.68461, 44.83587 ], [ 0.68431, 44.83595 ], [ 0.68413, 44.83599 ], [ 0.68386, 44.83604 ], [ 0.68364, 44.83608 ], [ 0.68339, 44.83613 ], [ 0.68319, 44.83618 ], [ 0.68292, 44.83623 ], [ 0.68283, 44.83626 ], [ 0.6827, 44.83629 ], [ 0.68251, 44.83633 ], [ 0.68235, 44.83636 ], [ 0.68224, 44.8364 ], [ 0.68195, 44.83648 ], [ 0.68161, 44.83658 ], [ 0.68131, 44.83668 ], [ 0.68106, 44.83678 ], [ 0.68089, 44.83684 ], [ 0.68075, 44.83689 ], [ 0.68067, 44.83691 ], [ 0.6806, 44.83693 ], [ 0.68043, 44.83696 ], [ 0.68038, 44.83702 ], [ 0.68029, 44.83706 ], [ 0.68023, 44.83707 ], [ 0.6801, 44.83712 ], [ 0.68001, 44.83715 ], [ 0.67987, 44.8372 ], [ 0.67977, 44.83722 ], [ 0.67966, 44.83725 ], [ 0.67951, 44.8373 ], [ 0.67937, 44.83733 ], [ 0.67921, 44.83738 ], [ 0.67901, 44.83744 ], [ 0.67877, 44.83751 ], [ 0.67854, 44.83758 ], [ 0.67838, 44.83762 ], [ 0.67816, 44.83768 ], [ 0.67793, 44.83775 ], [ 0.67771, 44.83781 ], [ 0.67762, 44.83784 ], [ 0.67752, 44.83786 ], [ 0.67745, 44.83787 ], [ 0.67737, 44.83789 ], [ 0.67734, 44.8379 ], [ 0.67727, 44.83792 ], [ 0.67722, 44.83794 ], [ 0.6771, 44.83796 ], [ 0.67691, 44.83802 ], [ 0.67675, 44.83806 ], [ 0.67658, 44.83811 ], [ 0.67615, 44.83822 ], [ 0.67607, 44.83825 ], [ 0.67602, 44.83825 ], [ 0.67579, 44.83831 ], [ 0.67559, 44.83836 ], [ 0.67536, 44.83843 ], [ 0.67524, 44.83846 ], [ 0.67509, 44.83848 ], [ 0.67499, 44.8385 ], [ 0.67483, 44.83854 ], [ 0.67476, 44.83859 ], [ 0.67469, 44.83869 ], [ 0.67462, 44.83878 ], [ 0.67458, 44.83885 ], [ 0.6745, 44.83888 ], [ 0.67439, 44.83893 ], [ 0.67418, 44.83898 ], [ 0.67397, 44.83904 ], [ 0.67383, 44.83905 ], [ 0.67372, 44.83907 ], [ 0.67374, 44.83911 ] ] ], [ [ [ 0.6934, 44.85139 ], [ 0.6934, 44.8514 ], [ 0.69335, 44.85141 ], [ 0.69328, 44.85144 ], [ 0.69322, 44.85147 ], [ 0.69317, 44.85148 ], [ 0.69308, 44.85151 ], [ 0.69303, 44.85153 ], [ 0.69296, 44.85154 ], [ 0.6929, 44.85156 ], [ 0.69285, 44.85158 ], [ 0.69279, 44.85159 ], [ 0.69266, 44.8516 ], [ 0.69245, 44.85164 ], [ 0.69235, 44.85166 ], [ 0.69225, 44.85169 ], [ 0.69221, 44.85169 ], [ 0.69217, 44.85171 ], [ 0.69215, 44.85172 ], [ 0.69212, 44.85174 ], [ 0.69211, 44.85176 ], [ 0.69211, 44.85177 ], [ 0.6921, 44.85179 ], [ 0.6921, 44.8518 ], [ 0.69209, 44.85188 ], [ 0.69213, 44.85203 ], [ 0.69211, 44.85206 ], [ 0.6921, 44.85209 ], [ 0.69209, 44.85212 ], [ 0.69205, 44.85216 ], [ 0.69198, 44.85225 ], [ 0.69193, 44.85234 ], [ 0.69192, 44.85235 ], [ 0.69192, 44.85236 ], [ 0.69192, 44.85236 ], [ 0.69186, 44.85244 ], [ 0.69185, 44.85244 ], [ 0.69179, 44.85247 ], [ 0.69173, 44.85249 ], [ 0.69156, 44.85253 ], [ 0.6915, 44.85254 ], [ 0.69145, 44.85256 ], [ 0.69143, 44.85256 ], [ 0.69138, 44.85256 ], [ 0.69135, 44.85256 ], [ 0.6913, 44.85256 ], [ 0.69125, 44.85256 ], [ 0.69119, 44.85256 ], [ 0.69111, 44.85257 ], [ 0.69104, 44.85258 ], [ 0.6909, 44.8526 ], [ 0.69082, 44.85261 ], [ 0.69082, 44.85265 ], [ 0.69084, 44.85271 ], [ 0.69091, 44.85293 ], [ 0.69054, 44.85298 ], [ 0.6906, 44.8531 ], [ 0.69068, 44.85318 ], [ 0.69074, 44.85326 ], [ 0.69051, 44.85333 ], [ 0.69053, 44.85339 ], [ 0.69038, 44.85343 ], [ 0.69014, 44.85349 ], [ 0.69006, 44.85351 ], [ 0.68989, 44.85355 ], [ 0.68982, 44.85357 ], [ 0.68885, 44.85375 ], [ 0.68885, 44.85379 ], [ 0.68884, 44.85382 ], [ 0.68883, 44.85388 ], [ 0.68885, 44.85392 ], [ 0.68884, 44.85397 ], [ 0.68878, 44.85405 ], [ 0.68877, 44.85406 ], [ 0.6888, 44.85421 ], [ 0.68882, 44.85433 ], [ 0.68883, 44.85436 ], [ 0.68886, 44.85445 ], [ 0.68887, 44.85451 ], [ 0.68887, 44.85453 ], [ 0.68887, 44.85453 ], [ 0.68897, 44.85455 ], [ 0.69001, 44.85443 ], [ 0.69016, 44.85456 ], [ 0.69027, 44.85466 ], [ 0.69035, 44.85473 ], [ 0.69044, 44.85483 ], [ 0.69054, 44.85492 ], [ 0.69065, 44.85504 ], [ 0.69071, 44.85513 ], [ 0.69078, 44.85523 ], [ 0.69084, 44.85533 ], [ 0.69091, 44.85543 ], [ 0.69099, 44.85555 ], [ 0.69106, 44.85567 ], [ 0.69109, 44.85575 ], [ 0.69113, 44.85581 ], [ 0.69117, 44.85591 ], [ 0.69121, 44.85602 ], [ 0.69124, 44.85608 ], [ 0.69127, 44.85616 ], [ 0.69134, 44.85627 ], [ 0.69139, 44.85634 ], [ 0.69143, 44.8564 ], [ 0.69145, 44.85646 ], [ 0.6915, 44.8566 ], [ 0.69155, 44.85671 ], [ 0.69159, 44.85683 ], [ 0.69163, 44.85695 ], [ 0.69164, 44.85698 ], [ 0.69165, 44.85702 ], [ 0.6917, 44.85702 ], [ 0.69264, 44.85709 ], [ 0.69266, 44.85726 ], [ 0.69348, 44.85734 ], [ 0.69382, 44.85738 ], [ 0.69393, 44.85723 ], [ 0.69407, 44.85707 ], [ 0.69425, 44.85684 ], [ 0.69435, 44.85672 ], [ 0.69438, 44.8567 ], [ 0.69441, 44.85667 ], [ 0.69473, 44.85637 ], [ 0.69471, 44.85634 ], [ 0.69466, 44.85632 ], [ 0.69448, 44.85624 ], [ 0.69436, 44.85618 ], [ 0.69426, 44.85613 ], [ 0.69416, 44.85609 ], [ 0.69411, 44.85606 ], [ 0.69442, 44.85536 ], [ 0.69465, 44.85483 ], [ 0.69468, 44.85477 ], [ 0.69468, 44.85424 ], [ 0.69468, 44.85408 ], [ 0.69466, 44.85314 ], [ 0.69453, 44.85316 ], [ 0.69451, 44.85311 ], [ 0.69362, 44.85174 ], [ 0.69342, 44.85143 ], [ 0.6934, 44.85139 ] ] ], [ [ [ 0.69316, 44.8506 ], [ 0.69319, 44.84997 ], [ 0.69217, 44.85012 ], [ 0.69248, 44.84951 ], [ 0.69251, 44.84948 ], [ 0.69242, 44.84932 ], [ 0.69289, 44.84874 ], [ 0.69317, 44.84867 ], [ 0.69332, 44.84788 ], [ 0.69322, 44.84789 ], [ 0.69306, 44.84793 ], [ 0.69294, 44.84798 ], [ 0.69281, 44.84809 ], [ 0.69271, 44.84815 ], [ 0.69261, 44.84825 ], [ 0.6925, 44.84832 ], [ 0.6924, 44.84839 ], [ 0.69231, 44.84845 ], [ 0.69223, 44.84847 ], [ 0.69172, 44.84857 ], [ 0.69121, 44.84879 ], [ 0.69082, 44.84797 ], [ 0.69008, 44.84812 ], [ 0.69011, 44.84806 ], [ 0.69005, 44.84796 ], [ 0.68932, 44.84785 ], [ 0.68946, 44.8471 ], [ 0.68903, 44.84731 ], [ 0.68883, 44.84798 ], [ 0.68848, 44.84795 ], [ 0.68836, 44.84845 ], [ 0.68764, 44.84839 ], [ 0.68739, 44.84891 ], [ 0.68696, 44.84886 ], [ 0.687, 44.8489 ], [ 0.68702, 44.84892 ], [ 0.68703, 44.84894 ], [ 0.68708, 44.849 ], [ 0.68713, 44.84907 ], [ 0.68719, 44.84916 ], [ 0.68724, 44.84924 ], [ 0.68728, 44.84929 ], [ 0.68731, 44.84934 ], [ 0.68734, 44.84938 ], [ 0.6874, 44.84942 ], [ 0.68746, 44.84946 ], [ 0.68748, 44.84947 ], [ 0.68758, 44.84953 ], [ 0.6876, 44.84953 ], [ 0.68771, 44.84959 ], [ 0.68785, 44.84966 ], [ 0.68787, 44.84967 ], [ 0.68787, 44.8497 ], [ 0.68789, 44.84974 ], [ 0.68793, 44.84979 ], [ 0.68797, 44.84984 ], [ 0.68802, 44.84987 ], [ 0.68807, 44.84991 ], [ 0.68812, 44.84993 ], [ 0.68818, 44.84995 ], [ 0.68825, 44.84998 ], [ 0.68835, 44.85002 ], [ 0.68853, 44.85006 ], [ 0.68866, 44.85008 ], [ 0.68876, 44.8501 ], [ 0.68887, 44.85011 ], [ 0.68892, 44.85012 ], [ 0.68895, 44.85013 ], [ 0.68906, 44.85014 ], [ 0.68912, 44.85015 ], [ 0.68913, 44.85015 ], [ 0.68915, 44.85016 ], [ 0.68917, 44.85015 ], [ 0.6892, 44.85013 ], [ 0.68921, 44.85011 ], [ 0.68923, 44.85008 ], [ 0.68925, 44.85005 ], [ 0.68928, 44.84998 ], [ 0.68932, 44.84989 ], [ 0.68939, 44.8498 ], [ 0.68944, 44.8497 ], [ 0.68916, 44.84963 ], [ 0.68918, 44.84961 ], [ 0.68919, 44.84953 ], [ 0.6893, 44.84924 ], [ 0.68924, 44.84923 ], [ 0.68919, 44.84921 ], [ 0.68917, 44.84921 ], [ 0.6892, 44.84915 ], [ 0.68939, 44.84874 ], [ 0.68945, 44.84875 ], [ 0.68982, 44.84883 ], [ 0.68988, 44.84883 ], [ 0.68992, 44.84868 ], [ 0.69043, 44.84873 ], [ 0.69009, 44.84907 ], [ 0.69028, 44.84914 ], [ 0.69029, 44.84923 ], [ 0.69036, 44.8492 ], [ 0.69043, 44.84918 ], [ 0.6905, 44.84914 ], [ 0.69026, 44.84965 ], [ 0.69015, 44.84996 ], [ 0.69003, 44.85024 ], [ 0.69002, 44.85027 ], [ 0.68995, 44.85042 ], [ 0.68996, 44.85043 ], [ 0.69035, 44.85054 ], [ 0.69016, 44.85098 ], [ 0.68964, 44.85102 ], [ 0.68967, 44.85129 ], [ 0.68877, 44.85134 ], [ 0.68881, 44.85141 ], [ 0.68889, 44.85153 ], [ 0.68893, 44.85159 ], [ 0.68902, 44.85173 ], [ 0.68921, 44.85202 ], [ 0.68924, 44.85207 ], [ 0.6893, 44.85217 ], [ 0.68935, 44.85225 ], [ 0.68937, 44.85229 ], [ 0.68939, 44.85232 ], [ 0.6894, 44.85234 ], [ 0.69095, 44.85215 ], [ 0.69071, 44.85114 ], [ 0.69161, 44.851 ], [ 0.69184, 44.85094 ], [ 0.69219, 44.85085 ], [ 0.69285, 44.85069 ], [ 0.69313, 44.85061 ], [ 0.69316, 44.8506 ] ] ] ] } },
{ "type": "Feature", "properties": { "LIBELLE": "Site patrimonial remarquable du canal de Lalinde", "ZONE": "Développement récent ou modéré", "COMMUNE": "BANEUIL" }, "geometry": { "type": "MultiPolygon", "coordinates": [ [ [ [ 0.68464, 44.85146 ], [ 0.68448, 44.85155 ], [ 0.68463, 44.85227 ], [ 0.68468, 44.85249 ], [ 0.68476, 44.85282 ], [ 0.68515, 44.8527 ], [ 0.68551, 44.85261 ], [ 0.68584, 44.85252 ], [ 0.686, 44.85345 ], [ 0.68616, 44.85339 ], [ 0.68663, 44.85321 ], [ 0.68665, 44.85325 ], [ 0.68724, 44.85408 ], [ 0.6861, 44.85451 ], [ 0.68657, 44.85515 ], [ 0.68663, 44.85516 ], [ 0.68695, 44.85599 ], [ 0.68699, 44.85622 ], [ 0.68704, 44.85645 ], [ 0.68709, 44.85656 ], [ 0.6873, 44.857 ], [ 0.68732, 44.85706 ], [ 0.6874, 44.8572 ], [ 0.68748, 44.85736 ], [ 0.68761, 44.85764 ], [ 0.68839, 44.85748 ], [ 0.68961, 44.85723 ], [ 0.68969, 44.85741 ], [ 0.6898, 44.85763 ], [ 0.6898, 44.85769 ], [ 0.68983, 44.85794 ], [ 0.69031, 44.85774 ], [ 0.69024, 44.85764 ], [ 0.69017, 44.85753 ], [ 0.69007, 44.85738 ], [ 0.69016, 44.85735 ], [ 0.69093, 44.85712 ], [ 0.69108, 44.85708 ], [ 0.69163, 44.85695 ], [ 0.69159, 44.85683 ], [ 0.69155, 44.85671 ], [ 0.6915, 44.8566 ], [ 0.69145, 44.85646 ], [ 0.69143, 44.8564 ], [ 0.69139, 44.85634 ], [ 0.69134, 44.85627 ], [ 0.69127, 44.85616 ], [ 0.69124, 44.85608 ], [ 0.69121, 44.85602 ], [ 0.69117, 44.85591 ], [ 0.69113, 44.85581 ], [ 0.69109, 44.85575 ], [ 0.69106, 44.85567 ], [ 0.69099, 44.85555 ], [ 0.69091, 44.85543 ], [ 0.69084, 44.85533 ], [ 0.69078, 44.85523 ], [ 0.69071, 44.85513 ], [ 0.69065, 44.85504 ], [ 0.69054, 44.85492 ], [ 0.69044, 44.85483 ], [ 0.69035, 44.85473 ], [ 0.69027, 44.85466 ], [ 0.69016, 44.85456 ], [ 0.69001, 44.85443 ], [ 0.68897, 44.85455 ], [ 0.68887, 44.85453 ], [ 0.68887, 44.85451 ], [ 0.68886, 44.85445 ], [ 0.68883, 44.85436 ], [ 0.68882, 44.85433 ], [ 0.6888, 44.85421 ], [ 0.68877, 44.85406 ], [ 0.68875, 44.85405 ], [ 0.68837, 44.85347 ], [ 0.68832, 44.85337 ], [ 0.68827, 44.85328 ], [ 0.68817, 44.85323 ], [ 0.68813, 44.85319 ], [ 0.68812, 44.85315 ], [ 0.6881, 44.85316 ], [ 0.6881, 44.85314 ], [ 0.68806, 44.85309 ], [ 0.68804, 44.85309 ], [ 0.6879, 44.853 ], [ 0.68784, 44.85295 ], [ 0.68781, 44.85292 ], [ 0.68779, 44.85289 ], [ 0.68777, 44.85283 ], [ 0.68774, 44.85281 ], [ 0.68773, 44.85277 ], [ 0.68773, 44.85273 ], [ 0.68773, 44.8527 ], [ 0.68773, 44.85267 ], [ 0.68773, 44.85265 ], [ 0.68772, 44.85257 ], [ 0.68761, 44.85212 ], [ 0.68753, 44.8518 ], [ 0.68743, 44.85142 ], [ 0.68738, 44.85135 ], [ 0.68778, 44.85133 ], [ 0.68799, 44.85133 ], [ 0.68832, 44.85131 ], [ 0.68844, 44.85131 ], [ 0.68849, 44.8513 ], [ 0.68852, 44.8513 ], [ 0.68856, 44.85129 ], [ 0.68857, 44.85127 ], [ 0.6886, 44.85125 ], [ 0.68862, 44.85124 ], [ 0.68863, 44.85123 ], [ 0.68866, 44.85119 ], [ 0.68866, 44.85116 ], [ 0.68869, 44.85109 ], [ 0.6887, 44.85104 ], [ 0.68872, 44.85103 ], [ 0.68874, 44.85098 ], [ 0.68876, 44.85094 ], [ 0.68884, 44.8508 ], [ 0.68892, 44.85066 ], [ 0.68898, 44.85053 ], [ 0.68908, 44.85037 ], [ 0.68916, 44.85022 ], [ 0.68917, 44.85015 ], [ 0.68915, 44.85016 ], [ 0.68913, 44.85015 ], [ 0.68912, 44.85015 ], [ 0.68906, 44.85014 ], [ 0.68895, 44.85013 ], [ 0.68892, 44.85012 ], [ 0.68887, 44.85011 ], [ 0.68876, 44.8501 ], [ 0.68866, 44.85008 ], [ 0.68853, 44.85006 ], [ 0.68835, 44.85002 ], [ 0.68825, 44.84998 ], [ 0.68818, 44.84995 ], [ 0.68812, 44.84993 ], [ 0.68807, 44.84991 ], [ 0.68802, 44.84987 ], [ 0.68797, 44.84984 ], [ 0.68793, 44.84979 ], [ 0.68789, 44.84974 ], [ 0.68787, 44.8497 ], [ 0.68787, 44.84967 ], [ 0.68785, 44.84966 ], [ 0.68771, 44.84959 ], [ 0.6876, 44.84953 ], [ 0.68758, 44.84953 ], [ 0.68748, 44.84947 ], [ 0.68746, 44.84946 ], [ 0.6874, 44.84942 ], [ 0.68734, 44.84938 ], [ 0.68731, 44.84934 ], [ 0.68728, 44.84929 ], [ 0.68724, 44.84924 ], [ 0.68719, 44.84916 ], [ 0.68713, 44.84907 ], [ 0.68708, 44.849 ], [ 0.68707, 44.84899 ], [ 0.68703, 44.84894 ], [ 0.68702, 44.84892 ], [ 0.687, 44.8489 ], [ 0.68696, 44.84886 ], [ 0.68686, 44.84892 ], [ 0.68681, 44.84888 ], [ 0.68675, 44.84882 ], [ 0.68668, 44.84879 ], [ 0.68662, 44.84874 ], [ 0.68656, 44.8487 ], [ 0.68646, 44.84865 ], [ 0.68638, 44.84862 ], [ 0.68631, 44.84858 ], [ 0.68621, 44.84854 ], [ 0.68607, 44.84848 ], [ 0.68597, 44.84844 ], [ 0.68586, 44.84842 ], [ 0.68576, 44.8484 ], [ 0.68571, 44.84839 ], [ 0.68561, 44.84837 ], [ 0.68552, 44.84836 ], [ 0.68547, 44.84834 ], [ 0.68538, 44.84832 ], [ 0.68527, 44.84828 ], [ 0.68518, 44.84825 ], [ 0.68472, 44.8481 ], [ 0.68463, 44.84805 ], [ 0.68452, 44.84802 ], [ 0.68394, 44.8479 ], [ 0.68394, 44.84793 ], [ 0.68385, 44.84846 ], [ 0.68382, 44.84863 ], [ 0.6838, 44.84871 ], [ 0.6838, 44.84876 ], [ 0.68381, 44.84885 ], [ 0.68381, 44.8489 ], [ 0.68383, 44.84893 ], [ 0.68386, 44.84899 ], [ 0.68388, 44.8491 ], [ 0.68389, 44.84917 ], [ 0.6839, 44.8492 ], [ 0.68391, 44.84924 ], [ 0.68392, 44.84928 ], [ 0.68379, 44.84941 ], [ 0.68342, 44.84959 ], [ 0.68339, 44.84966 ], [ 0.68338, 44.8497 ], [ 0.68338, 44.84975 ], [ 0.68336, 44.84984 ], [ 0.68336, 44.84992 ], [ 0.68336, 44.85 ], [ 0.68336, 44.85007 ], [ 0.68337, 44.8501 ], [ 0.6834, 44.85017 ], [ 0.68343, 44.85023 ], [ 0.68344, 44.85029 ], [ 0.68345, 44.85036 ], [ 0.68345, 44.85042 ], [ 0.68345, 44.8505 ], [ 0.68342, 44.85066 ], [ 0.6834, 44.8508 ], [ 0.68339, 44.85095 ], [ 0.6834, 44.85108 ], [ 0.68341, 44.85122 ], [ 0.68347, 44.85155 ], [ 0.6836, 44.85153 ], [ 0.68377, 44.85151 ], [ 0.68393, 44.85151 ], [ 0.6841, 44.85149 ], [ 0.68442, 44.85147 ], [ 0.68464, 44.85146 ] ] ], [ [ [ 0.67877, 44.8381 ], [ 0.6787, 44.83811 ], [ 0.67742, 44.83846 ], [ 0.67722, 44.83852 ], [ 0.67697, 44.8386 ], [ 0.67694, 44.8386 ], [ 0.67648, 44.83874 ], [ 0.67575, 44.83895 ], [ 0.6753, 44.8391 ], [ 0.67513, 44.83914 ], [ 0.6749, 44.83921 ], [ 0.67462, 44.83929 ], [ 0.6741, 44.83945 ], [ 0.67402, 44.83947 ], [ 0.67403, 44.83948 ], [ 0.67379, 44.83956 ], [ 0.67352, 44.83964 ], [ 0.67347, 44.83963 ], [ 0.67347, 44.83966 ], [ 0.67348, 44.8398 ], [ 0.67351, 44.83996 ], [ 0.67353, 44.84017 ], [ 0.67354, 44.84027 ], [ 0.67352, 44.84049 ], [ 0.67355, 44.84049 ], [ 0.67368, 44.84048 ], [ 0.6743, 44.8404 ], [ 0.67491, 44.84032 ], [ 0.67494, 44.84039 ], [ 0.67531, 44.84033 ], [ 0.67554, 44.84031 ], [ 0.67555, 44.84031 ], [ 0.67563, 44.84029 ], [ 0.67568, 44.84026 ], [ 0.67567, 44.84018 ], [ 0.67609, 44.84014 ], [ 0.67611, 44.84019 ], [ 0.67682, 44.84016 ], [ 0.67733, 44.84014 ], [ 0.67782, 44.84012 ], [ 0.67929, 44.84008 ], [ 0.67947, 44.84008 ], [ 0.67962, 44.84007 ], [ 0.67977, 44.84006 ], [ 0.68002, 44.84004 ], [ 0.68016, 44.84003 ], [ 0.68038, 44.84004 ], [ 0.68051, 44.84003 ], [ 0.68064, 44.84003 ], [ 0.68076, 44.84003 ], [ 0.6809, 44.84003 ], [ 0.68101, 44.84001 ], [ 0.68114, 44.84 ], [ 0.68123, 44.84 ], [ 0.68138, 44.83998 ], [ 0.68154, 44.83997 ], [ 0.68168, 44.83994 ], [ 0.68177, 44.83992 ], [ 0.68185, 44.83991 ], [ 0.68187, 44.8399 ], [ 0.68201, 44.83987 ], [ 0.68212, 44.83986 ], [ 0.68267, 44.83979 ], [ 0.68279, 44.83978 ], [ 0.68281, 44.83977 ], [ 0.68312, 44.83974 ], [ 0.68351, 44.83968 ], [ 0.68363, 44.83966 ], [ 0.68435, 44.83957 ], [ 0.68504, 44.83947 ], [ 0.68563, 44.83939 ], [ 0.68688, 44.83923 ], [ 0.68733, 44.83917 ], [ 0.68741, 44.83916 ], [ 0.68771, 44.83912 ], [ 0.68738, 44.83672 ], [ 0.68737, 44.83662 ], [ 0.687, 44.83667 ], [ 0.68667, 44.83673 ], [ 0.68624, 44.83679 ], [ 0.68591, 44.83685 ], [ 0.6855, 44.8369 ], [ 0.68505, 44.83698 ], [ 0.68456, 44.83706 ], [ 0.68414, 44.83712 ], [ 0.68365, 44.83719 ], [ 0.68314, 44.83726 ], [ 0.68256, 44.83735 ], [ 0.68204, 44.83744 ], [ 0.68148, 44.83753 ], [ 0.68111, 44.83759 ], [ 0.6808, 44.83766 ], [ 0.68071, 44.83768 ], [ 0.68054, 44.83772 ], [ 0.68009, 44.83781 ], [ 0.67977, 44.83787 ], [ 0.67954, 44.83792 ], [ 0.67917, 44.838 ], [ 0.67895, 44.83806 ], [ 0.67877, 44.8381 ] ] ], [ [ [ 0.68923, 44.85008 ], [ 0.68921, 44.85011 ], [ 0.68932, 44.85013 ], [ 0.68999, 44.85027 ], [ 0.69002, 44.85027 ], [ 0.69003, 44.85024 ], [ 0.69015, 44.84996 ], [ 0.69026, 44.84965 ], [ 0.6905, 44.84914 ], [ 0.69043, 44.84918 ], [ 0.69036, 44.8492 ], [ 0.69029, 44.84923 ], [ 0.69028, 44.84914 ], [ 0.69009, 44.84907 ], [ 0.69043, 44.84873 ], [ 0.68992, 44.84868 ], [ 0.68988, 44.84883 ], [ 0.68982, 44.84883 ], [ 0.68945, 44.84875 ], [ 0.68939, 44.84874 ], [ 0.6892, 44.84915 ], [ 0.68919, 44.84921 ], [ 0.68924, 44.84923 ], [ 0.6893, 44.84924 ], [ 0.68919, 44.84953 ], [ 0.68918, 44.84961 ], [ 0.68916, 44.84963 ], [ 0.68944, 44.8497 ], [ 0.68939, 44.8498 ], [ 0.68932, 44.84989 ], [ 0.68928, 44.84998 ], [ 0.68925, 44.85005 ], [ 0.68923, 44.85008 ] ] ] ] } },
{ "type": "Feature", "properties": { "LIBELLE": "Site patrimonial remarquable du canal de Lalinde", "ZONE": "Développement récent autour du canal", "COMMUNE": "SAINT CAPRAISE DE LALINDE" }, "geometry": { "type": "MultiPolygon", "coordinates": [ [ [ [ 0.64581, 44.84363 ], [ 0.64581, 44.84362 ], [ 0.64572, 44.8433 ], [ 0.64565, 44.84304 ], [ 0.64559, 44.8428 ], [ 0.64552, 44.84252 ], [ 0.64545, 44.84229 ], [ 0.64544, 44.84223 ], [ 0.64543, 44.84221 ], [ 0.64536, 44.84221 ], [ 0.64527, 44.84221 ], [ 0.64521, 44.84222 ], [ 0.64515, 44.84223 ], [ 0.6451, 44.84223 ], [ 0.64506, 44.84224 ], [ 0.64502, 44.84224 ], [ 0.64498, 44.84223 ], [ 0.64484, 44.84222 ], [ 0.64479, 44.84222 ], [ 0.64474, 44.84221 ], [ 0.64473, 44.84221 ], [ 0.64469, 44.84221 ], [ 0.64462, 44.84222 ], [ 0.64457, 44.84222 ], [ 0.64444, 44.84224 ], [ 0.64438, 44.84224 ], [ 0.64429, 44.84226 ], [ 0.64422, 44.84227 ], [ 0.64418, 44.84227 ], [ 0.64411, 44.84228 ], [ 0.64399, 44.84229 ], [ 0.64389, 44.8423 ], [ 0.64382, 44.84232 ], [ 0.64378, 44.84232 ], [ 0.6438, 44.84234 ], [ 0.64384, 44.84248 ], [ 0.64391, 44.84271 ], [ 0.64395, 44.84291 ], [ 0.64208, 44.84323 ], [ 0.64219, 44.8435 ], [ 0.64219, 44.84352 ], [ 0.6422, 44.84352 ], [ 0.64246, 44.84444 ], [ 0.64247, 44.8445 ], [ 0.64245, 44.8445 ], [ 0.64236, 44.84453 ], [ 0.64204, 44.84461 ], [ 0.64148, 44.84476 ], [ 0.64082, 44.84493 ], [ 0.64077, 44.84494 ], [ 0.64031, 44.84506 ], [ 0.64, 44.84515 ], [ 0.63961, 44.84525 ], [ 0.63924, 44.84534 ], [ 0.63888, 44.84544 ], [ 0.6388, 44.84546 ], [ 0.63851, 44.84554 ], [ 0.63815, 44.84563 ], [ 0.63785, 44.84572 ], [ 0.63776, 44.84573 ], [ 0.63755, 44.84579 ], [ 0.63747, 44.84553 ], [ 0.63737, 44.84522 ], [ 0.63735, 44.84513 ], [ 0.63733, 44.84511 ], [ 0.63725, 44.84484 ], [ 0.63721, 44.8447 ], [ 0.63718, 44.84464 ], [ 0.63689, 44.84465 ], [ 0.6367, 44.84465 ], [ 0.6367, 44.84475 ], [ 0.6359, 44.84493 ], [ 0.63592, 44.84499 ], [ 0.63556, 44.84507 ], [ 0.63526, 44.84514 ], [ 0.63512, 44.84499 ], [ 0.63512, 44.84465 ], [ 0.63512, 44.84429 ], [ 0.6351, 44.84423 ], [ 0.63508, 44.84423 ], [ 0.63503, 44.84426 ], [ 0.63503, 44.84427 ], [ 0.63498, 44.8443 ], [ 0.63494, 44.84431 ], [ 0.63489, 44.84435 ], [ 0.63485, 44.84437 ], [ 0.63483, 44.84439 ], [ 0.63479, 44.84444 ], [ 0.63476, 44.84446 ], [ 0.63472, 44.84444 ], [ 0.63469, 44.84444 ], [ 0.63334, 44.84475 ], [ 0.63321, 44.84497 ], [ 0.63281, 44.84462 ], [ 0.63277, 44.84464 ], [ 0.63267, 44.84469 ], [ 0.63267, 44.8447 ], [ 0.63265, 44.8447 ], [ 0.63265, 44.84471 ], [ 0.63305, 44.84505 ], [ 0.63294, 44.84512 ], [ 0.63266, 44.84541 ], [ 0.63229, 44.84584 ], [ 0.63226, 44.84588 ], [ 0.63223, 44.84588 ], [ 0.6323, 44.84591 ], [ 0.63236, 44.84596 ], [ 0.63239, 44.84597 ], [ 0.6324, 44.84597 ], [ 0.63243, 44.84597 ], [ 0.63244, 44.84598 ], [ 0.63245, 44.84599 ], [ 0.63246, 44.84601 ], [ 0.63249, 44.84604 ], [ 0.6325, 44.84606 ], [ 0.6325, 44.84607 ], [ 0.63251, 44.84609 ], [ 0.63253, 44.84614 ], [ 0.63255, 44.84618 ], [ 0.63256, 44.8462 ], [ 0.63262, 44.84628 ], [ 0.63268, 44.84634 ], [ 0.63268, 44.84635 ], [ 0.63269, 44.84635 ], [ 0.63276, 44.84636 ], [ 0.63268, 44.84644 ], [ 0.63273, 44.84645 ], [ 0.63279, 44.84647 ], [ 0.63283, 44.84648 ], [ 0.63284, 44.84648 ], [ 0.63288, 44.84649 ], [ 0.6329, 44.84649 ], [ 0.63293, 44.84649 ], [ 0.63297, 44.8465 ], [ 0.63305, 44.84651 ], [ 0.63308, 44.84651 ], [ 0.63309, 44.84651 ], [ 0.63316, 44.84652 ], [ 0.63331, 44.84651 ], [ 0.63354, 44.84649 ], [ 0.63361, 44.84648 ], [ 0.63361, 44.84649 ], [ 0.63362, 44.84649 ], [ 0.63366, 44.84648 ], [ 0.63369, 44.84669 ], [ 0.63371, 44.84673 ], [ 0.63372, 44.84691 ], [ 0.63373, 44.84701 ], [ 0.63376, 44.84704 ], [ 0.63381, 44.84714 ], [ 0.63384, 44.84715 ], [ 0.63386, 44.84718 ], [ 0.63385, 44.84721 ], [ 0.63386, 44.8475 ], [ 0.6349, 44.84725 ], [ 0.63496, 44.84752 ], [ 0.63497, 44.84751 ], [ 0.635, 44.84749 ], [ 0.63501, 44.84747 ], [ 0.63502, 44.84747 ], [ 0.63512, 44.84745 ], [ 0.63539, 44.84737 ], [ 0.63561, 44.84732 ], [ 0.6358, 44.84727 ], [ 0.63602, 44.84721 ], [ 0.63646, 44.84709 ], [ 0.63671, 44.84702 ], [ 0.63688, 44.84698 ], [ 0.637, 44.84694 ], [ 0.63719, 44.84689 ], [ 0.63737, 44.84685 ], [ 0.63742, 44.84683 ], [ 0.63759, 44.84679 ], [ 0.63782, 44.84673 ], [ 0.63806, 44.84666 ], [ 0.63827, 44.8466 ], [ 0.63844, 44.84656 ], [ 0.63867, 44.8465 ], [ 0.6389, 44.84644 ], [ 0.63908, 44.8464 ], [ 0.63919, 44.84637 ], [ 0.63945, 44.84631 ], [ 0.63992, 44.84618 ], [ 0.64008, 44.84614 ], [ 0.64024, 44.8461 ], [ 0.64033, 44.84608 ], [ 0.64042, 44.84606 ], [ 0.64067, 44.84602 ], [ 0.64068, 44.84603 ], [ 0.64071, 44.84603 ], [ 0.64071, 44.84605 ], [ 0.64087, 44.8461 ], [ 0.64089, 44.8461 ], [ 0.64091, 44.84609 ], [ 0.64093, 44.84608 ], [ 0.64098, 44.84606 ], [ 0.64112, 44.84603 ], [ 0.64133, 44.84598 ], [ 0.64157, 44.84592 ], [ 0.64171, 44.84587 ], [ 0.64194, 44.84582 ], [ 0.64214, 44.84576 ], [ 0.64235, 44.8457 ], [ 0.64253, 44.84566 ], [ 0.64269, 44.84562 ], [ 0.64283, 44.84559 ], [ 0.64305, 44.84553 ], [ 0.64334, 44.84546 ], [ 0.64357, 44.8454 ], [ 0.64374, 44.84535 ], [ 0.64399, 44.84529 ], [ 0.64416, 44.84525 ], [ 0.64439, 44.8452 ], [ 0.64462, 44.84514 ], [ 0.64483, 44.84509 ], [ 0.64502, 44.84503 ], [ 0.64514, 44.845 ], [ 0.64528, 44.84497 ], [ 0.6453, 44.84496 ], [ 0.6455, 44.84491 ], [ 0.64571, 44.84486 ], [ 0.64594, 44.8448 ], [ 0.64601, 44.84477 ], [ 0.64608, 44.84475 ], [ 0.64649, 44.84464 ], [ 0.64661, 44.84461 ], [ 0.64682, 44.84455 ], [ 0.64705, 44.84449 ], [ 0.64718, 44.84446 ], [ 0.64737, 44.84441 ], [ 0.64766, 44.84434 ], [ 0.64773, 44.84432 ], [ 0.6479, 44.84429 ], [ 0.64808, 44.84425 ], [ 0.64825, 44.84422 ], [ 0.64838, 44.8442 ], [ 0.64845, 44.84417 ], [ 0.64853, 44.84415 ], [ 0.64861, 44.84413 ], [ 0.64873, 44.84407 ], [ 0.6489, 44.84401 ], [ 0.64903, 44.84396 ], [ 0.64912, 44.84393 ], [ 0.64926, 44.84389 ], [ 0.64928, 44.84391 ], [ 0.6494, 44.84387 ], [ 0.64949, 44.84383 ], [ 0.64955, 44.84382 ], [ 0.64964, 44.84377 ], [ 0.64969, 44.84376 ], [ 0.64976, 44.84374 ], [ 0.64981, 44.84372 ], [ 0.64988, 44.8437 ], [ 0.64992, 44.84368 ], [ 0.65001, 44.84364 ], [ 0.65007, 44.84362 ], [ 0.65015, 44.84359 ], [ 0.65024, 44.84356 ], [ 0.65027, 44.84359 ], [ 0.65035, 44.84372 ], [ 0.65036, 44.84375 ], [ 0.65037, 44.84376 ], [ 0.6504, 44.84377 ], [ 0.65041, 44.84378 ], [ 0.65042, 44.84378 ], [ 0.65045, 44.84378 ], [ 0.65047, 44.84378 ], [ 0.6505, 44.84378 ], [ 0.65051, 44.84378 ], [ 0.65054, 44.84377 ], [ 0.65056, 44.84376 ], [ 0.65058, 44.84376 ], [ 0.6506, 44.84376 ], [ 0.65061, 44.84376 ], [ 0.65064, 44.84375 ], [ 0.65065, 44.84376 ], [ 0.65066, 44.84376 ], [ 0.65068, 44.84376 ], [ 0.65069, 44.84377 ], [ 0.65072, 44.84376 ], [ 0.65078, 44.84375 ], [ 0.65087, 44.84371 ], [ 0.65092, 44.84369 ], [ 0.65103, 44.84365 ], [ 0.65124, 44.84357 ], [ 0.65138, 44.84352 ], [ 0.65151, 44.84347 ], [ 0.65161, 44.84343 ], [ 0.65162, 44.84343 ], [ 0.65167, 44.84341 ], [ 0.65187, 44.84337 ], [ 0.65197, 44.84335 ], [ 0.65215, 44.84331 ], [ 0.65234, 44.84327 ], [ 0.6522, 44.84306 ], [ 0.65214, 44.84295 ], [ 0.65214, 44.84294 ], [ 0.65212, 44.84291 ], [ 0.65207, 44.84284 ], [ 0.65205, 44.84279 ], [ 0.65205, 44.84278 ], [ 0.65099, 44.84312 ], [ 0.65078, 44.84318 ], [ 0.65071, 44.84308 ], [ 0.65042, 44.84259 ], [ 0.6502, 44.84269 ], [ 0.64997, 44.84278 ], [ 0.64989, 44.8427 ], [ 0.64988, 44.84269 ], [ 0.64969, 44.84227 ], [ 0.64995, 44.84222 ], [ 0.65002, 44.84221 ], [ 0.65003, 44.84221 ], [ 0.65008, 44.8422 ], [ 0.65018, 44.84218 ], [ 0.65019, 44.84218 ], [ 0.65023, 44.84217 ], [ 0.65027, 44.84216 ], [ 0.6503, 44.84216 ], [ 0.65035, 44.84215 ], [ 0.65039, 44.84214 ], [ 0.65053, 44.8421 ], [ 0.65058, 44.84209 ], [ 0.65064, 44.84207 ], [ 0.65077, 44.84205 ], [ 0.65089, 44.84203 ], [ 0.65095, 44.84202 ], [ 0.65112, 44.84199 ], [ 0.6512, 44.84197 ], [ 0.65121, 44.84197 ], [ 0.65129, 44.84195 ], [ 0.65136, 44.84195 ], [ 0.6515, 44.84191 ], [ 0.65153, 44.84191 ], [ 0.65141, 44.8416 ], [ 0.65129, 44.84164 ], [ 0.65127, 44.84165 ], [ 0.65125, 44.84166 ], [ 0.65123, 44.84167 ], [ 0.6512, 44.84167 ], [ 0.65108, 44.8417 ], [ 0.65095, 44.84172 ], [ 0.65083, 44.84175 ], [ 0.65074, 44.84177 ], [ 0.65074, 44.84175 ], [ 0.65064, 44.84176 ], [ 0.65051, 44.84178 ], [ 0.65022, 44.84184 ], [ 0.64996, 44.84189 ], [ 0.64973, 44.84193 ], [ 0.64958, 44.84196 ], [ 0.64943, 44.84198 ], [ 0.64942, 44.84196 ], [ 0.64919, 44.84198 ], [ 0.64899, 44.84199 ], [ 0.64899, 44.84201 ], [ 0.64893, 44.84201 ], [ 0.64892, 44.84201 ], [ 0.64891, 44.842 ], [ 0.64888, 44.842 ], [ 0.64887, 44.842 ], [ 0.64886, 44.842 ], [ 0.64883, 44.842 ], [ 0.64877, 44.84201 ], [ 0.64873, 44.84201 ], [ 0.64866, 44.84202 ], [ 0.64861, 44.84202 ], [ 0.64859, 44.84202 ], [ 0.64858, 44.84203 ], [ 0.64857, 44.84204 ], [ 0.64854, 44.84205 ], [ 0.6485, 44.84207 ], [ 0.64848, 44.84208 ], [ 0.64845, 44.84209 ], [ 0.64843, 44.84209 ], [ 0.64841, 44.8421 ], [ 0.64839, 44.84211 ], [ 0.64838, 44.84211 ], [ 0.64836, 44.84211 ], [ 0.64835, 44.8421 ], [ 0.64834, 44.8421 ], [ 0.64833, 44.84209 ], [ 0.6483, 44.84209 ], [ 0.64827, 44.84209 ], [ 0.64825, 44.84209 ], [ 0.64819, 44.84209 ], [ 0.64812, 44.84209 ], [ 0.64807, 44.84209 ], [ 0.64802, 44.84209 ], [ 0.64801, 44.84209 ], [ 0.64801, 44.8421 ], [ 0.64807, 44.84223 ], [ 0.64835, 44.84286 ], [ 0.64834, 44.84289 ], [ 0.64822, 44.84293 ], [ 0.64811, 44.84298 ], [ 0.64801, 44.84302 ], [ 0.64792, 44.84305 ], [ 0.64788, 44.84307 ], [ 0.64775, 44.84311 ], [ 0.64761, 44.84315 ], [ 0.64757, 44.84316 ], [ 0.6473, 44.84323 ], [ 0.64711, 44.84328 ], [ 0.64685, 44.84335 ], [ 0.6466, 44.84341 ], [ 0.64581, 44.84363 ] ] ], [ [ [ 0.65534, 44.84182 ], [ 0.65545, 44.84181 ], [ 0.65564, 44.8418 ], [ 0.65586, 44.84178 ], [ 0.65607, 44.84177 ], [ 0.6563, 44.84174 ], [ 0.65654, 44.84172 ], [ 0.65658, 44.84171 ], [ 0.65662, 44.84171 ], [ 0.65686, 44.84168 ], [ 0.65686, 44.84168 ], [ 0.65692, 44.84167 ], [ 0.65691, 44.84167 ], [ 0.65695, 44.84166 ], [ 0.65714, 44.84166 ], [ 0.65733, 44.84164 ], [ 0.65749, 44.84164 ], [ 0.65762, 44.84163 ], [ 0.65784, 44.84162 ], [ 0.65799, 44.84162 ], [ 0.65815, 44.84161 ], [ 0.65828, 44.84161 ], [ 0.65876, 44.8416 ], [ 0.65904, 44.8416 ], [ 0.65932, 44.8416 ], [ 0.65959, 44.84159 ], [ 0.65987, 44.84159 ], [ 0.66015, 44.84159 ], [ 0.66038, 44.84158 ], [ 0.66064, 44.84158 ], [ 0.66082, 44.8416 ], [ 0.66088, 44.8416 ], [ 0.66112, 44.84159 ], [ 0.66144, 44.84159 ], [ 0.66174, 44.84158 ], [ 0.66193, 44.84159 ], [ 0.66204, 44.84159 ], [ 0.66221, 44.84158 ], [ 0.66248, 44.84157 ], [ 0.66262, 44.84157 ], [ 0.66268, 44.84156 ], [ 0.66274, 44.84156 ], [ 0.66291, 44.84156 ], [ 0.66312, 44.84154 ], [ 0.66328, 44.84154 ], [ 0.66327, 44.84139 ], [ 0.66327, 44.84134 ], [ 0.66319, 44.84134 ], [ 0.66316, 44.84133 ], [ 0.66271, 44.84134 ], [ 0.66232, 44.84133 ], [ 0.66175, 44.84133 ], [ 0.66125, 44.84133 ], [ 0.66083, 44.84133 ], [ 0.66063, 44.84133 ], [ 0.66015, 44.84134 ], [ 0.66015, 44.84133 ], [ 0.66011, 44.84133 ], [ 0.65987, 44.84133 ], [ 0.65959, 44.84133 ], [ 0.65931, 44.84133 ], [ 0.65903, 44.84134 ], [ 0.65876, 44.84134 ], [ 0.65825, 44.84132 ], [ 0.65797, 44.84131 ], [ 0.65795, 44.84131 ], [ 0.65781, 44.8413 ], [ 0.65752, 44.84129 ], [ 0.65731, 44.84129 ], [ 0.6571, 44.84129 ], [ 0.65686, 44.84128 ], [ 0.65656, 44.84128 ], [ 0.65647, 44.84128 ], [ 0.65632, 44.84127 ], [ 0.65629, 44.84127 ], [ 0.65605, 44.84126 ], [ 0.65584, 44.84127 ], [ 0.65561, 44.84127 ], [ 0.65542, 44.84128 ], [ 0.6553, 44.84129 ], [ 0.65515, 44.84129 ], [ 0.65516, 44.84133 ], [ 0.65516, 44.84133 ], [ 0.65518, 44.84138 ], [ 0.65517, 44.84142 ], [ 0.65517, 44.84146 ], [ 0.65518, 44.84149 ], [ 0.6552, 44.84154 ], [ 0.65521, 44.84159 ], [ 0.65522, 44.84164 ], [ 0.65522, 44.84167 ], [ 0.65523, 44.84171 ], [ 0.65524, 44.84175 ], [ 0.65526, 44.84176 ], [ 0.65528, 44.84178 ], [ 0.6553, 44.84181 ], [ 0.65534, 44.84182 ] ] ], [ [ [ 0.67352, 44.84049 ], [ 0.67354, 44.84027 ], [ 0.67353, 44.84017 ], [ 0.67351, 44.83996 ], [ 0.67348, 44.8398 ], [ 0.67347, 44.83966 ], [ 0.67347, 44.83963 ], [ 0.6735, 44.83961 ], [ 0.67347, 44.83962 ], [ 0.67332, 44.83968 ], [ 0.67317, 44.83974 ], [ 0.67309, 44.83977 ], [ 0.67289, 44.83983 ], [ 0.67272, 44.83988 ], [ 0.67235, 44.84 ], [ 0.67193, 44.84013 ], [ 0.6717, 44.84019 ], [ 0.67146, 44.84026 ], [ 0.67137, 44.84029 ], [ 0.67104, 44.84039 ], [ 0.67088, 44.84043 ], [ 0.67069, 44.84049 ], [ 0.67054, 44.84054 ], [ 0.67037, 44.84058 ], [ 0.67048, 44.84089 ], [ 0.67126, 44.84078 ], [ 0.67153, 44.84075 ], [ 0.67199, 44.84069 ], [ 0.67241, 44.84064 ], [ 0.67246, 44.84063 ], [ 0.67248, 44.84062 ], [ 0.67265, 44.84061 ], [ 0.67276, 44.84059 ], [ 0.67294, 44.84057 ], [ 0.67327, 44.84053 ], [ 0.67352, 44.84049 ] ] ] ] } },
{ "type": "Feature", "properties": { "LIBELLE": "Site patrimonial remarquable du canal de Lalinde", "ZONE": "Protection paysagère", "COMMUNE": "SAINT CAPRAISE DE LALINDE" }, "geometry": { "type": "MultiPolygon", "coordinates": [ [ [ [ 0.65786, 44.84419 ], [ 0.65795, 44.84419 ], [ 0.6581, 44.84419 ], [ 0.65823, 44.8442 ], [ 0.65838, 44.8442 ], [ 0.65839, 44.84408 ], [ 0.65915, 44.84405 ], [ 0.6592, 44.84392 ], [ 0.65924, 44.84379 ], [ 0.65928, 44.84368 ], [ 0.65991, 44.84368 ], [ 0.65999, 44.84368 ], [ 0.66053, 44.84369 ], [ 0.66062, 44.84352 ], [ 0.66073, 44.84352 ], [ 0.66085, 44.84351 ], [ 0.66086, 44.84359 ], [ 0.66082, 44.84369 ], [ 0.66077, 44.84374 ], [ 0.66076, 44.84378 ], [ 0.66075, 44.84382 ], [ 0.66071, 44.84387 ], [ 0.66069, 44.84401 ], [ 0.66066, 44.84404 ], [ 0.66098, 44.84405 ], [ 0.66104, 44.84406 ], [ 0.66178, 44.8441 ], [ 0.66216, 44.84412 ], [ 0.66225, 44.84413 ], [ 0.66241, 44.84413 ], [ 0.6638, 44.84421 ], [ 0.66386, 44.84408 ], [ 0.66402, 44.84406 ], [ 0.66409, 44.84406 ], [ 0.66412, 44.84405 ], [ 0.66419, 44.84403 ], [ 0.66421, 44.84402 ], [ 0.66424, 44.844 ], [ 0.66428, 44.84397 ], [ 0.66436, 44.84392 ], [ 0.66443, 44.84385 ], [ 0.66447, 44.84382 ], [ 0.66456, 44.84374 ], [ 0.66459, 44.84371 ], [ 0.6648, 44.84355 ], [ 0.66499, 44.84343 ], [ 0.66513, 44.84338 ], [ 0.66516, 44.84338 ], [ 0.66532, 44.84336 ], [ 0.66543, 44.84335 ], [ 0.6655, 44.84335 ], [ 0.66554, 44.84335 ], [ 0.6657, 44.84339 ], [ 0.66577, 44.84342 ], [ 0.66587, 44.84345 ], [ 0.666, 44.84352 ], [ 0.6661, 44.84358 ], [ 0.66617, 44.84362 ], [ 0.66622, 44.84366 ], [ 0.66628, 44.84368 ], [ 0.6663, 44.84369 ], [ 0.66641, 44.84372 ], [ 0.66642, 44.84372 ], [ 0.66642, 44.84373 ], [ 0.66656, 44.84375 ], [ 0.66665, 44.84377 ], [ 0.6667, 44.84377 ], [ 0.6668, 44.84379 ], [ 0.66691, 44.84382 ], [ 0.66709, 44.84387 ], [ 0.66718, 44.84388 ], [ 0.66733, 44.84386 ], [ 0.66742, 44.84383 ], [ 0.66751, 44.84376 ], [ 0.66763, 44.84379 ], [ 0.66793, 44.84369 ], [ 0.66793, 44.84366 ], [ 0.66795, 44.84365 ], [ 0.66846, 44.84367 ], [ 0.66845, 44.84356 ], [ 0.66851, 44.84357 ], [ 0.66858, 44.84358 ], [ 0.66866, 44.84361 ], [ 0.66871, 44.84363 ], [ 0.66878, 44.84365 ], [ 0.6688, 44.84365 ], [ 0.6689, 44.84367 ], [ 0.66904, 44.84368 ], [ 0.66915, 44.84369 ], [ 0.66927, 44.84369 ], [ 0.66933, 44.8437 ], [ 0.66951, 44.84371 ], [ 0.66961, 44.84372 ], [ 0.66985, 44.84374 ], [ 0.67022, 44.84376 ], [ 0.67042, 44.84378 ], [ 0.67254, 44.84398 ], [ 0.67253, 44.84389 ], [ 0.67251, 44.84386 ], [ 0.67248, 44.84376 ], [ 0.67251, 44.84366 ], [ 0.67256, 44.84356 ], [ 0.67265, 44.84347 ], [ 0.67274, 44.84337 ], [ 0.67298, 44.84311 ], [ 0.67317, 44.8429 ], [ 0.67344, 44.84262 ], [ 0.67361, 44.84244 ], [ 0.67361, 44.84238 ], [ 0.67361, 44.84227 ], [ 0.67361, 44.84203 ], [ 0.67361, 44.84199 ], [ 0.6736, 44.84192 ], [ 0.6736, 44.84189 ], [ 0.6736, 44.84187 ], [ 0.67359, 44.84177 ], [ 0.67359, 44.84176 ], [ 0.67359, 44.8417 ], [ 0.67355, 44.84164 ], [ 0.67354, 44.84155 ], [ 0.67353, 44.84154 ], [ 0.67352, 44.84146 ], [ 0.67352, 44.8414 ], [ 0.67354, 44.84131 ], [ 0.67355, 44.84126 ], [ 0.67354, 44.84116 ], [ 0.67353, 44.84107 ], [ 0.67353, 44.841 ], [ 0.67352, 44.84093 ], [ 0.67353, 44.84088 ], [ 0.67352, 44.84071 ], [ 0.67355, 44.84063 ], [ 0.67352, 44.84056 ], [ 0.67352, 44.84049 ], [ 0.67327, 44.84053 ], [ 0.67294, 44.84057 ], [ 0.67276, 44.84059 ], [ 0.67265, 44.84061 ], [ 0.67248, 44.84062 ], [ 0.67246, 44.84063 ], [ 0.67241, 44.84064 ], [ 0.67199, 44.84069 ], [ 0.67153, 44.84075 ], [ 0.67126, 44.84078 ], [ 0.67048, 44.84089 ], [ 0.67037, 44.84058 ], [ 0.67054, 44.84054 ], [ 0.67069, 44.84049 ], [ 0.67088, 44.84043 ], [ 0.67104, 44.84039 ], [ 0.67137, 44.84029 ], [ 0.67146, 44.84026 ], [ 0.6717, 44.84019 ], [ 0.67193, 44.84013 ], [ 0.67235, 44.84 ], [ 0.67272, 44.83988 ], [ 0.67289, 44.83983 ], [ 0.67309, 44.83977 ], [ 0.67317, 44.83974 ], [ 0.67332, 44.83968 ], [ 0.67347, 44.83962 ], [ 0.6735, 44.83961 ], [ 0.67345, 44.83949 ], [ 0.67341, 44.83927 ], [ 0.6734, 44.83922 ], [ 0.67374, 44.83911 ], [ 0.67372, 44.83907 ], [ 0.67372, 44.83907 ], [ 0.67371, 44.83907 ], [ 0.67341, 44.83915 ], [ 0.67339, 44.83915 ], [ 0.67338, 44.83912 ], [ 0.67331, 44.83913 ], [ 0.67327, 44.83914 ], [ 0.67321, 44.83914 ], [ 0.67317, 44.83915 ], [ 0.67307, 44.83918 ], [ 0.67304, 44.83919 ], [ 0.67299, 44.8392 ], [ 0.67298, 44.83921 ], [ 0.67297, 44.83921 ], [ 0.67296, 44.83921 ], [ 0.67294, 44.83921 ], [ 0.67293, 44.83921 ], [ 0.67289, 44.8392 ], [ 0.67283, 44.8392 ], [ 0.67277, 44.8392 ], [ 0.67274, 44.8392 ], [ 0.67268, 44.83922 ], [ 0.67255, 44.83924 ], [ 0.67252, 44.83925 ], [ 0.67242, 44.83926 ], [ 0.67233, 44.83928 ], [ 0.67218, 44.83931 ], [ 0.6721, 44.83933 ], [ 0.67205, 44.83934 ], [ 0.67197, 44.83934 ], [ 0.6719, 44.83936 ], [ 0.67189, 44.83936 ], [ 0.67183, 44.83938 ], [ 0.67169, 44.83939 ], [ 0.67163, 44.83941 ], [ 0.67156, 44.83942 ], [ 0.67144, 44.83944 ], [ 0.67138, 44.83945 ], [ 0.67133, 44.83947 ], [ 0.67129, 44.83948 ], [ 0.67104, 44.83955 ], [ 0.67096, 44.83956 ], [ 0.67093, 44.83958 ], [ 0.6709, 44.83959 ], [ 0.67086, 44.8396 ], [ 0.6707, 44.83967 ], [ 0.67068, 44.83969 ], [ 0.67042, 44.83979 ], [ 0.6704, 44.8398 ], [ 0.67037, 44.83982 ], [ 0.67035, 44.83982 ], [ 0.67035, 44.83982 ], [ 0.67029, 44.83984 ], [ 0.67028, 44.83985 ], [ 0.67026, 44.83986 ], [ 0.67024, 44.83987 ], [ 0.67022, 44.83989 ], [ 0.67022, 44.83989 ], [ 0.67019, 44.83992 ], [ 0.67016, 44.83996 ], [ 0.67015, 44.83996 ], [ 0.67015, 44.83998 ], [ 0.67014, 44.83998 ], [ 0.67011, 44.84 ], [ 0.66986, 44.84008 ], [ 0.66963, 44.84014 ], [ 0.66953, 44.84014 ], [ 0.66926, 44.84023 ], [ 0.66919, 44.84027 ], [ 0.6691, 44.84029 ], [ 0.66907, 44.84032 ], [ 0.66903, 44.84033 ], [ 0.66895, 44.84036 ], [ 0.66889, 44.84038 ], [ 0.66884, 44.84039 ], [ 0.6688, 44.8404 ], [ 0.66871, 44.84043 ], [ 0.66858, 44.84047 ], [ 0.66847, 44.84051 ], [ 0.66839, 44.84053 ], [ 0.66834, 44.84055 ], [ 0.66825, 44.84057 ], [ 0.66816, 44.84059 ], [ 0.66812, 44.8406 ], [ 0.66803, 44.84062 ], [ 0.66794, 44.84064 ], [ 0.66783, 44.84067 ], [ 0.66768, 44.84071 ], [ 0.66754, 44.84074 ], [ 0.66751, 44.84074 ], [ 0.66741, 44.84076 ], [ 0.66729, 44.84078 ], [ 0.66721, 44.84078 ], [ 0.66713, 44.8408 ], [ 0.66704, 44.84081 ], [ 0.66693, 44.84082 ], [ 0.66684, 44.84083 ], [ 0.66669, 44.84084 ], [ 0.66651, 44.84085 ], [ 0.66638, 44.84085 ], [ 0.66622, 44.84087 ], [ 0.66601, 44.84087 ], [ 0.66585, 44.84088 ], [ 0.66574, 44.84089 ], [ 0.66567, 44.84089 ], [ 0.66562, 44.8409 ], [ 0.66545, 44.84089 ], [ 0.66531, 44.84089 ], [ 0.6651, 44.84089 ], [ 0.66495, 44.84089 ], [ 0.66472, 44.84089 ], [ 0.66467, 44.84089 ], [ 0.66453, 44.8409 ], [ 0.6645, 44.84091 ], [ 0.66446, 44.84093 ], [ 0.66443, 44.84092 ], [ 0.66428, 44.84092 ], [ 0.66417, 44.84092 ], [ 0.66407, 44.84093 ], [ 0.66398, 44.84092 ], [ 0.66394, 44.84092 ], [ 0.66389, 44.84092 ], [ 0.6638, 44.84092 ], [ 0.66378, 44.84092 ], [ 0.6637, 44.84092 ], [ 0.66365, 44.84091 ], [ 0.66357, 44.84091 ], [ 0.66351, 44.8409 ], [ 0.66346, 44.8409 ], [ 0.6634, 44.8409 ], [ 0.66336, 44.8409 ], [ 0.66328, 44.8409 ], [ 0.66324, 44.84089 ], [ 0.66321, 44.84089 ], [ 0.66317, 44.84088 ], [ 0.66316, 44.84088 ], [ 0.66313, 44.84088 ], [ 0.66308, 44.84088 ], [ 0.66304, 44.84088 ], [ 0.66297, 44.84088 ], [ 0.66288, 44.84088 ], [ 0.6628, 44.84088 ], [ 0.66273, 44.84087 ], [ 0.66266, 44.84086 ], [ 0.66261, 44.84086 ], [ 0.66258, 44.84086 ], [ 0.66255, 44.84085 ], [ 0.66255, 44.84085 ], [ 0.66254, 44.84085 ], [ 0.66253, 44.84085 ], [ 0.66249, 44.84082 ], [ 0.66243, 44.84082 ], [ 0.66239, 44.84083 ], [ 0.66236, 44.84083 ], [ 0.66232, 44.84082 ], [ 0.66231, 44.84082 ], [ 0.66227, 44.84082 ], [ 0.66224, 44.84082 ], [ 0.6622, 44.84081 ], [ 0.66217, 44.84081 ], [ 0.66211, 44.8408 ], [ 0.66206, 44.8408 ], [ 0.66201, 44.8408 ], [ 0.66159, 44.84076 ], [ 0.66152, 44.84076 ], [ 0.66144, 44.84075 ], [ 0.66136, 44.84075 ], [ 0.66123, 44.84073 ], [ 0.66113, 44.84072 ], [ 0.66108, 44.84072 ], [ 0.66104, 44.84071 ], [ 0.66097, 44.84071 ], [ 0.6609, 44.84071 ], [ 0.66085, 44.84071 ], [ 0.66081, 44.84071 ], [ 0.66077, 44.8407 ], [ 0.66076, 44.8407 ], [ 0.66072, 44.8407 ], [ 0.6607, 44.8407 ], [ 0.66067, 44.8407 ], [ 0.66062, 44.8407 ], [ 0.66057, 44.84069 ], [ 0.66052, 44.84068 ], [ 0.66044, 44.84067 ], [ 0.66037, 44.84067 ], [ 0.66031, 44.84066 ], [ 0.66024, 44.84066 ], [ 0.66017, 44.84065 ], [ 0.66008, 44.84064 ], [ 0.66, 44.84064 ], [ 0.65993, 44.84064 ], [ 0.65975, 44.84063 ], [ 0.65971, 44.84063 ], [ 0.65965, 44.84062 ], [ 0.65956, 44.84061 ], [ 0.65947, 44.8406 ], [ 0.65941, 44.84059 ], [ 0.65933, 44.84059 ], [ 0.65925, 44.84058 ], [ 0.65912, 44.84058 ], [ 0.65907, 44.84058 ], [ 0.65898, 44.84059 ], [ 0.65892, 44.84058 ], [ 0.65879, 44.84058 ], [ 0.65866, 44.84057 ], [ 0.65858, 44.84057 ], [ 0.65849, 44.84057 ], [ 0.65841, 44.84057 ], [ 0.65831, 44.84057 ], [ 0.65821, 44.84057 ], [ 0.65813, 44.84057 ], [ 0.65807, 44.84056 ], [ 0.65803, 44.84056 ], [ 0.65798, 44.84057 ], [ 0.65791, 44.84057 ], [ 0.65784, 44.84058 ], [ 0.65779, 44.8406 ], [ 0.65773, 44.84061 ], [ 0.6577, 44.84062 ], [ 0.65769, 44.84063 ], [ 0.6576, 44.84064 ], [ 0.6575, 44.84065 ], [ 0.65744, 44.84065 ], [ 0.6574, 44.84065 ], [ 0.65735, 44.84065 ], [ 0.6573, 44.84066 ], [ 0.65722, 44.84067 ], [ 0.65717, 44.84068 ], [ 0.65713, 44.84068 ], [ 0.65709, 44.84068 ], [ 0.65702, 44.84069 ], [ 0.65695, 44.84069 ], [ 0.65692, 44.8407 ], [ 0.65685, 44.84071 ], [ 0.65683, 44.84072 ], [ 0.6568, 44.84073 ], [ 0.65675, 44.84073 ], [ 0.6567, 44.84074 ], [ 0.65667, 44.84074 ], [ 0.65662, 44.84075 ], [ 0.6566, 44.84075 ], [ 0.65655, 44.84075 ], [ 0.65647, 44.84075 ], [ 0.65637, 44.84074 ], [ 0.65631, 44.84074 ], [ 0.65624, 44.84073 ], [ 0.65618, 44.84073 ], [ 0.65611, 44.84072 ], [ 0.65605, 44.84072 ], [ 0.656, 44.84071 ], [ 0.65597, 44.84071 ], [ 0.6559, 44.84072 ], [ 0.65587, 44.84072 ], [ 0.65583, 44.84072 ], [ 0.65581, 44.84071 ], [ 0.65579, 44.84072 ], [ 0.65578, 44.84072 ], [ 0.65575, 44.84072 ], [ 0.65573, 44.84072 ], [ 0.65566, 44.84073 ], [ 0.65564, 44.84073 ], [ 0.65555, 44.84074 ], [ 0.65547, 44.84076 ], [ 0.6554, 44.84078 ], [ 0.65532, 44.84078 ], [ 0.65526, 44.8408 ], [ 0.65519, 44.84081 ], [ 0.65508, 44.84083 ], [ 0.65505, 44.84082 ], [ 0.65479, 44.84083 ], [ 0.65479, 44.84083 ], [ 0.65455, 44.84086 ], [ 0.65434, 44.84089 ], [ 0.65418, 44.84091 ], [ 0.65408, 44.84092 ], [ 0.65399, 44.84093 ], [ 0.65394, 44.84092 ], [ 0.65394, 44.84093 ], [ 0.65395, 44.84095 ], [ 0.65395, 44.84099 ], [ 0.65396, 44.84103 ], [ 0.65396, 44.84109 ], [ 0.65397, 44.84122 ], [ 0.654, 44.8412 ], [ 0.65402, 44.8412 ], [ 0.65416, 44.84114 ], [ 0.65432, 44.8411 ], [ 0.65444, 44.84108 ], [ 0.65449, 44.84106 ], [ 0.65472, 44.84095 ], [ 0.65493, 44.84105 ], [ 0.65498, 44.84104 ], [ 0.65506, 44.8413 ], [ 0.65515, 44.84129 ], [ 0.6553, 44.84129 ], [ 0.65542, 44.84128 ], [ 0.65561, 44.84127 ], [ 0.65584, 44.84127 ], [ 0.65605, 44.84126 ], [ 0.65629, 44.84127 ], [ 0.65632, 44.84127 ], [ 0.65647, 44.84128 ], [ 0.65656, 44.84128 ], [ 0.65686, 44.84128 ], [ 0.6571, 44.84129 ], [ 0.65731, 44.84129 ], [ 0.65752, 44.84129 ], [ 0.65781, 44.8413 ], [ 0.65795, 44.84131 ], [ 0.65797, 44.84131 ], [ 0.65825, 44.84132 ], [ 0.65876, 44.84134 ], [ 0.65903, 44.84134 ], [ 0.65931, 44.84133 ], [ 0.65959, 44.84133 ], [ 0.65987, 44.84133 ], [ 0.66011, 44.84133 ], [ 0.66015, 44.84133 ], [ 0.66015, 44.84134 ], [ 0.66063, 44.84133 ], [ 0.66083, 44.84133 ], [ 0.66125, 44.84133 ], [ 0.66175, 44.84133 ], [ 0.66232, 44.84133 ], [ 0.66271, 44.84134 ], [ 0.66316, 44.84133 ], [ 0.66319, 44.84134 ], [ 0.66327, 44.84134 ], [ 0.66327, 44.84139 ], [ 0.66328, 44.84154 ], [ 0.66312, 44.84154 ], [ 0.66291, 44.84156 ], [ 0.66274, 44.84156 ], [ 0.66268, 44.84156 ], [ 0.66262, 44.84157 ], [ 0.66248, 44.84157 ], [ 0.66221, 44.84158 ], [ 0.66204, 44.84159 ], [ 0.66193, 44.84159 ], [ 0.66174, 44.84158 ], [ 0.66144, 44.84159 ], [ 0.66112, 44.84159 ], [ 0.66088, 44.8416 ], [ 0.66082, 44.8416 ], [ 0.66064, 44.84158 ], [ 0.66038, 44.84158 ], [ 0.66015, 44.84159 ], [ 0.65987, 44.84159 ], [ 0.65959, 44.84159 ], [ 0.65932, 44.8416 ], [ 0.65904, 44.8416 ], [ 0.65876, 44.8416 ], [ 0.65828, 44.84161 ], [ 0.65815, 44.84161 ], [ 0.65799, 44.84162 ], [ 0.65784, 44.84162 ], [ 0.65762, 44.84163 ], [ 0.65749, 44.84164 ], [ 0.65733, 44.84164 ], [ 0.65714, 44.84166 ], [ 0.65695, 44.84166 ], [ 0.65691, 44.84167 ], [ 0.65692, 44.84167 ], [ 0.65686, 44.84168 ], [ 0.65686, 44.84168 ], [ 0.65662, 44.84171 ], [ 0.65658, 44.84171 ], [ 0.65654, 44.84172 ], [ 0.6563, 44.84174 ], [ 0.65607, 44.84177 ], [ 0.65586, 44.84178 ], [ 0.65564, 44.8418 ], [ 0.65545, 44.84181 ], [ 0.65534, 44.84182 ], [ 0.65571, 44.84195 ], [ 0.65572, 44.84205 ], [ 0.65575, 44.84213 ], [ 0.65576, 44.84219 ], [ 0.65559, 44.84222 ], [ 0.65536, 44.84225 ], [ 0.65515, 44.84227 ], [ 0.65503, 44.84229 ], [ 0.65503, 44.84232 ], [ 0.65506, 44.84238 ], [ 0.65507, 44.84244 ], [ 0.65467, 44.84249 ], [ 0.65469, 44.84252 ], [ 0.65473, 44.84266 ], [ 0.65433, 44.84274 ], [ 0.65432, 44.84275 ], [ 0.65403, 44.84283 ], [ 0.65401, 44.84284 ], [ 0.65399, 44.84285 ], [ 0.65394, 44.84287 ], [ 0.65385, 44.8429 ], [ 0.65381, 44.84291 ], [ 0.65393, 44.84323 ], [ 0.65409, 44.84328 ], [ 0.65416, 44.84329 ], [ 0.65421, 44.84347 ], [ 0.65427, 44.84363 ], [ 0.65427, 44.84366 ], [ 0.65448, 44.84405 ], [ 0.65449, 44.84407 ], [ 0.65431, 44.84423 ], [ 0.65432, 44.84433 ], [ 0.65435, 44.84451 ], [ 0.65494, 44.84451 ], [ 0.65495, 44.84451 ], [ 0.65516, 44.8445 ], [ 0.65518, 44.84449 ], [ 0.65568, 44.84444 ], [ 0.65566, 44.84434 ], [ 0.65562, 44.84421 ], [ 0.65574, 44.8442 ], [ 0.65572, 44.84419 ], [ 0.65562, 44.84379 ], [ 0.65627, 44.8437 ], [ 0.65628, 44.84374 ], [ 0.65717, 44.84364 ], [ 0.65732, 44.84423 ], [ 0.65758, 44.84421 ], [ 0.65786, 44.84419 ] ], [ [ 0.66873, 44.84346 ], [ 0.66861, 44.84345 ], [ 0.66857, 44.84345 ], [ 0.66852, 44.84345 ], [ 0.66851, 44.84336 ], [ 0.66844, 44.84336 ], [ 0.6679, 44.8433 ], [ 0.6679, 44.84328 ], [ 0.66789, 44.84321 ], [ 0.66786, 44.84306 ], [ 0.66776, 44.84308 ], [ 0.66773, 44.84298 ], [ 0.66772, 44.84297 ], [ 0.66771, 44.84295 ], [ 0.66771, 44.84294 ], [ 0.66728, 44.843 ], [ 0.66714, 44.84257 ], [ 0.66725, 44.84257 ], [ 0.66732, 44.84258 ], [ 0.66751, 44.84259 ], [ 0.66773, 44.8426 ], [ 0.66792, 44.84259 ], [ 0.66797, 44.84257 ], [ 0.66801, 44.84263 ], [ 0.66836, 44.84263 ], [ 0.66873, 44.84262 ], [ 0.66876, 44.84333 ], [ 0.66876, 44.84339 ], [ 0.66875, 44.84339 ], [ 0.66873, 44.84346 ] ] ], [ [ [ 0.64309, 44.84779 ], [ 0.64359, 44.84764 ], [ 0.64366, 44.84762 ], [ 0.64383, 44.84758 ], [ 0.64402, 44.84781 ], [ 0.64487, 44.84752 ], [ 0.64498, 44.84748 ], [ 0.64533, 44.84733 ], [ 0.6459, 44.8471 ], [ 0.64659, 44.84682 ], [ 0.64691, 44.84669 ], [ 0.64757, 44.84685 ], [ 0.64869, 44.84669 ], [ 0.64861, 44.84659 ], [ 0.64841, 44.84634 ], [ 0.64829, 44.84617 ], [ 0.64822, 44.84608 ], [ 0.64814, 44.84598 ], [ 0.64806, 44.84588 ], [ 0.64826, 44.84581 ], [ 0.64838, 44.84576 ], [ 0.6484, 44.84575 ], [ 0.64843, 44.84575 ], [ 0.64861, 44.84572 ], [ 0.64885, 44.84568 ], [ 0.64908, 44.84565 ], [ 0.64922, 44.84562 ], [ 0.64947, 44.84557 ], [ 0.6495, 44.84557 ], [ 0.64952, 44.84557 ], [ 0.64949, 44.84553 ], [ 0.64969, 44.84543 ], [ 0.64987, 44.84534 ], [ 0.65004, 44.84526 ], [ 0.65009, 44.84524 ], [ 0.65014, 44.84522 ], [ 0.65018, 44.84519 ], [ 0.65024, 44.84517 ], [ 0.65035, 44.84512 ], [ 0.65045, 44.84506 ], [ 0.65059, 44.84499 ], [ 0.65073, 44.84492 ], [ 0.65071, 44.84486 ], [ 0.65104, 44.84469 ], [ 0.65107, 44.84467 ], [ 0.6514, 44.84448 ], [ 0.6517, 44.84439 ], [ 0.65171, 44.84436 ], [ 0.65177, 44.84436 ], [ 0.65182, 44.84441 ], [ 0.65213, 44.84434 ], [ 0.65241, 44.84428 ], [ 0.65253, 44.84426 ], [ 0.65264, 44.84423 ], [ 0.65271, 44.84422 ], [ 0.65283, 44.84419 ], [ 0.65285, 44.84418 ], [ 0.65306, 44.84414 ], [ 0.65306, 44.84414 ], [ 0.65321, 44.84414 ], [ 0.65321, 44.84414 ], [ 0.65322, 44.84414 ], [ 0.6534, 44.84414 ], [ 0.65354, 44.84415 ], [ 0.65354, 44.84417 ], [ 0.65355, 44.84424 ], [ 0.65382, 44.84432 ], [ 0.65384, 44.84425 ], [ 0.65384, 44.84416 ], [ 0.65384, 44.84408 ], [ 0.65384, 44.84401 ], [ 0.65385, 44.84395 ], [ 0.65385, 44.84387 ], [ 0.65384, 44.8438 ], [ 0.65384, 44.84372 ], [ 0.65384, 44.84371 ], [ 0.65383, 44.84368 ], [ 0.65381, 44.84359 ], [ 0.65378, 44.8435 ], [ 0.65374, 44.8434 ], [ 0.6537, 44.8433 ], [ 0.65365, 44.84317 ], [ 0.65316, 44.84323 ], [ 0.65304, 44.84307 ], [ 0.65277, 44.84313 ], [ 0.65267, 44.84317 ], [ 0.65259, 44.8432 ], [ 0.65243, 44.84324 ], [ 0.65234, 44.84327 ], [ 0.65215, 44.84331 ], [ 0.65197, 44.84335 ], [ 0.65187, 44.84337 ], [ 0.65167, 44.84341 ], [ 0.65162, 44.84343 ], [ 0.65161, 44.84343 ], [ 0.65151, 44.84347 ], [ 0.65138, 44.84352 ], [ 0.65124, 44.84357 ], [ 0.65103, 44.84365 ], [ 0.65092, 44.84369 ], [ 0.65087, 44.84371 ], [ 0.65078, 44.84375 ], [ 0.65072, 44.84376 ], [ 0.65069, 44.84377 ], [ 0.65068, 44.84376 ], [ 0.65066, 44.84376 ], [ 0.65065, 44.84376 ], [ 0.65064, 44.84375 ], [ 0.65061, 44.84376 ], [ 0.6506, 44.84376 ], [ 0.65058, 44.84376 ], [ 0.65056, 44.84376 ], [ 0.65054, 44.84377 ], [ 0.65051, 44.84378 ], [ 0.6505, 44.84378 ], [ 0.65047, 44.84378 ], [ 0.65045, 44.84378 ], [ 0.65042, 44.84378 ], [ 0.65041, 44.84378 ], [ 0.6504, 44.84377 ], [ 0.65037, 44.84376 ], [ 0.65036, 44.84375 ], [ 0.65035, 44.84372 ], [ 0.65027, 44.84359 ], [ 0.65024, 44.84356 ], [ 0.65015, 44.84359 ], [ 0.65007, 44.84362 ], [ 0.65001, 44.84364 ], [ 0.64992, 44.84368 ], [ 0.64988, 44.8437 ], [ 0.64981, 44.84372 ], [ 0.64976, 44.84374 ], [ 0.64969, 44.84376 ], [ 0.64964, 44.84377 ], [ 0.64955, 44.84382 ], [ 0.64949, 44.84383 ], [ 0.6494, 44.84387 ], [ 0.64928, 44.84391 ], [ 0.64919, 44.84395 ], [ 0.6491, 44.84397 ], [ 0.64906, 44.84399 ], [ 0.64896, 44.84404 ], [ 0.64892, 44.84407 ], [ 0.64885, 44.8441 ], [ 0.64874, 44.84416 ], [ 0.64867, 44.84419 ], [ 0.64865, 44.8442 ], [ 0.64859, 44.84423 ], [ 0.64853, 44.84427 ], [ 0.64847, 44.8443 ], [ 0.64842, 44.84433 ], [ 0.6484, 44.84435 ], [ 0.64836, 44.84438 ], [ 0.64832, 44.84442 ], [ 0.64828, 44.84445 ], [ 0.64819, 44.84449 ], [ 0.64811, 44.84455 ], [ 0.64798, 44.84463 ], [ 0.64796, 44.84464 ], [ 0.64791, 44.84467 ], [ 0.64779, 44.84472 ], [ 0.6477, 44.84475 ], [ 0.64765, 44.84477 ], [ 0.64751, 44.84482 ], [ 0.64742, 44.84485 ], [ 0.64736, 44.84486 ], [ 0.64728, 44.84488 ], [ 0.64718, 44.84491 ], [ 0.64705, 44.84493 ], [ 0.64697, 44.84495 ], [ 0.64686, 44.84498 ], [ 0.64673, 44.84502 ], [ 0.64666, 44.84504 ], [ 0.64654, 44.84508 ], [ 0.64636, 44.84514 ], [ 0.64621, 44.84519 ], [ 0.64604, 44.84525 ], [ 0.64574, 44.84534 ], [ 0.64563, 44.84538 ], [ 0.64554, 44.8454 ], [ 0.64553, 44.84541 ], [ 0.64547, 44.84546 ], [ 0.64534, 44.84553 ], [ 0.64518, 44.84561 ], [ 0.64507, 44.84569 ], [ 0.64502, 44.84572 ], [ 0.64489, 44.84577 ], [ 0.64471, 44.84586 ], [ 0.64463, 44.84588 ], [ 0.64455, 44.84594 ], [ 0.6444, 44.84601 ], [ 0.64425, 44.84608 ], [ 0.64417, 44.84613 ], [ 0.64403, 44.84621 ], [ 0.64391, 44.84626 ], [ 0.64386, 44.84629 ], [ 0.64382, 44.8463 ], [ 0.64375, 44.84632 ], [ 0.64361, 44.84635 ], [ 0.64345, 44.84639 ], [ 0.64334, 44.84641 ], [ 0.64315, 44.84645 ], [ 0.64301, 44.84648 ], [ 0.64288, 44.8465 ], [ 0.64269, 44.84654 ], [ 0.64252, 44.84657 ], [ 0.64233, 44.8466 ], [ 0.64218, 44.84662 ], [ 0.64242, 44.84698 ], [ 0.64258, 44.84726 ], [ 0.64265, 44.84736 ], [ 0.64289, 44.84775 ], [ 0.64294, 44.84783 ], [ 0.64309, 44.84779 ] ] ], [ [ [ 0.63549, 44.84961 ], [ 0.63552, 44.84975 ], [ 0.63554, 44.84986 ], [ 0.63556, 44.84989 ], [ 0.63558, 44.84993 ], [ 0.63562, 44.84998 ], [ 0.63568, 44.85005 ], [ 0.63574, 44.8501 ], [ 0.63579, 44.85014 ], [ 0.63586, 44.85018 ], [ 0.63595, 44.8502 ], [ 0.63603, 44.85022 ], [ 0.63611, 44.85024 ], [ 0.6362, 44.85027 ], [ 0.63651, 44.85019 ], [ 0.63716, 44.85002 ], [ 0.63917, 44.84952 ], [ 0.63896, 44.84907 ], [ 0.63885, 44.84884 ], [ 0.64025, 44.84849 ], [ 0.6412, 44.84826 ], [ 0.64045, 44.84692 ], [ 0.64025, 44.84695 ], [ 0.64016, 44.84696 ], [ 0.64002, 44.84697 ], [ 0.63978, 44.84699 ], [ 0.63963, 44.847 ], [ 0.63925, 44.84703 ], [ 0.63913, 44.84704 ], [ 0.63896, 44.84705 ], [ 0.63882, 44.84706 ], [ 0.63854, 44.84709 ], [ 0.63825, 44.84713 ], [ 0.638, 44.84715 ], [ 0.63775, 44.84718 ], [ 0.63756, 44.84721 ], [ 0.63733, 44.84724 ], [ 0.63707, 44.84728 ], [ 0.63695, 44.84729 ], [ 0.63684, 44.84731 ], [ 0.63668, 44.84734 ], [ 0.63659, 44.84735 ], [ 0.63637, 44.84738 ], [ 0.63618, 44.84739 ], [ 0.63588, 44.84742 ], [ 0.63552, 44.84746 ], [ 0.6351, 44.84751 ], [ 0.63502, 44.84752 ], [ 0.63496, 44.84752 ], [ 0.63496, 44.84753 ], [ 0.63497, 44.84758 ], [ 0.635, 44.84771 ], [ 0.63503, 44.84781 ], [ 0.63505, 44.84791 ], [ 0.63506, 44.84792 ], [ 0.63507, 44.84799 ], [ 0.63508, 44.84805 ], [ 0.63511, 44.8481 ], [ 0.63514, 44.84822 ], [ 0.63514, 44.84823 ], [ 0.63518, 44.84845 ], [ 0.63522, 44.84858 ], [ 0.63524, 44.84866 ], [ 0.63525, 44.84872 ], [ 0.63527, 44.8488 ], [ 0.63533, 44.84901 ], [ 0.63538, 44.84919 ], [ 0.6354, 44.8493 ], [ 0.63543, 44.84942 ], [ 0.63547, 44.84956 ], [ 0.63549, 44.84961 ] ] ], [ [ [ 0.6438, 44.84234 ], [ 0.64378, 44.84232 ], [ 0.64375, 44.84233 ], [ 0.64372, 44.84232 ], [ 0.64366, 44.84233 ], [ 0.64358, 44.84234 ], [ 0.6435, 44.84234 ], [ 0.64341, 44.84235 ], [ 0.64335, 44.84236 ], [ 0.64327, 44.84236 ], [ 0.64318, 44.84237 ], [ 0.64309, 44.84238 ], [ 0.64306, 44.84239 ], [ 0.64303, 44.84239 ], [ 0.64301, 44.84239 ], [ 0.64298, 44.84241 ], [ 0.64295, 44.84241 ], [ 0.64293, 44.84241 ], [ 0.64292, 44.84241 ], [ 0.64289, 44.84241 ], [ 0.64287, 44.84241 ], [ 0.64285, 44.84241 ], [ 0.64284, 44.84241 ], [ 0.6428, 44.84241 ], [ 0.64273, 44.84243 ], [ 0.64264, 44.84243 ], [ 0.64257, 44.84244 ], [ 0.64245, 44.84246 ], [ 0.64238, 44.84248 ], [ 0.64236, 44.84247 ], [ 0.64233, 44.84247 ], [ 0.64228, 44.84247 ], [ 0.64223, 44.84248 ], [ 0.64218, 44.84249 ], [ 0.64208, 44.8425 ], [ 0.64193, 44.84252 ], [ 0.64184, 44.84254 ], [ 0.64181, 44.84254 ], [ 0.64168, 44.84259 ], [ 0.64159, 44.84262 ], [ 0.64153, 44.84263 ], [ 0.64148, 44.84264 ], [ 0.64145, 44.84265 ], [ 0.6414, 44.84266 ], [ 0.64134, 44.84266 ], [ 0.64126, 44.84267 ], [ 0.64111, 44.84267 ], [ 0.64101, 44.84268 ], [ 0.64091, 44.84269 ], [ 0.64083, 44.84269 ], [ 0.64077, 44.8427 ], [ 0.64067, 44.84272 ], [ 0.64057, 44.84273 ], [ 0.64044, 44.84274 ], [ 0.64036, 44.84275 ], [ 0.64029, 44.84276 ], [ 0.64014, 44.84278 ], [ 0.64, 44.8428 ], [ 0.63992, 44.84282 ], [ 0.63979, 44.84283 ], [ 0.63964, 44.84285 ], [ 0.63955, 44.84285 ], [ 0.63945, 44.84286 ], [ 0.63936, 44.84288 ], [ 0.63929, 44.84289 ], [ 0.6392, 44.8429 ], [ 0.63912, 44.84291 ], [ 0.63902, 44.84293 ], [ 0.63894, 44.84294 ], [ 0.63885, 44.84298 ], [ 0.63861, 44.84306 ], [ 0.63851, 44.84309 ], [ 0.63839, 44.84312 ], [ 0.63832, 44.84314 ], [ 0.6382, 44.84318 ], [ 0.63815, 44.84318 ], [ 0.63805, 44.84321 ], [ 0.63798, 44.84323 ], [ 0.63793, 44.84323 ], [ 0.63788, 44.84325 ], [ 0.63784, 44.84326 ], [ 0.63781, 44.84327 ], [ 0.63777, 44.84329 ], [ 0.63772, 44.8433 ], [ 0.63765, 44.84332 ], [ 0.6376, 44.84333 ], [ 0.63755, 44.84335 ], [ 0.6375, 44.84336 ], [ 0.63745, 44.84338 ], [ 0.6374, 44.84339 ], [ 0.63732, 44.84341 ], [ 0.63721, 44.84345 ], [ 0.63709, 44.84348 ], [ 0.637, 44.84351 ], [ 0.63691, 44.84353 ], [ 0.6369, 44.84354 ], [ 0.63686, 44.84356 ], [ 0.63684, 44.84357 ], [ 0.63681, 44.84359 ], [ 0.63675, 44.84361 ], [ 0.63668, 44.84364 ], [ 0.63664, 44.84365 ], [ 0.63661, 44.84366 ], [ 0.63659, 44.84367 ], [ 0.63653, 44.84369 ], [ 0.6365, 44.8437 ], [ 0.63643, 44.84372 ], [ 0.63639, 44.84374 ], [ 0.63635, 44.84376 ], [ 0.63632, 44.84376 ], [ 0.6363, 44.84377 ], [ 0.63626, 44.84377 ], [ 0.63622, 44.84378 ], [ 0.63617, 44.84378 ], [ 0.63615, 44.84379 ], [ 0.63611, 44.84381 ], [ 0.63606, 44.84383 ], [ 0.63597, 44.84387 ], [ 0.63593, 44.84389 ], [ 0.6359, 44.8439 ], [ 0.63585, 44.84391 ], [ 0.6358, 44.84394 ], [ 0.63576, 44.84395 ], [ 0.63572, 44.84397 ], [ 0.63569, 44.84397 ], [ 0.63565, 44.84399 ], [ 0.63556, 44.84403 ], [ 0.63544, 44.84408 ], [ 0.63533, 44.84412 ], [ 0.63525, 44.84416 ], [ 0.63525, 44.84416 ], [ 0.63519, 44.84419 ], [ 0.6351, 44.84423 ], [ 0.63512, 44.84429 ], [ 0.63512, 44.84465 ], [ 0.63512, 44.84499 ], [ 0.63526, 44.84514 ], [ 0.63556, 44.84507 ], [ 0.63592, 44.84499 ], [ 0.6359, 44.84493 ], [ 0.6367, 44.84475 ], [ 0.6367, 44.84465 ], [ 0.63689, 44.84465 ], [ 0.63718, 44.84464 ], [ 0.63721, 44.8447 ], [ 0.63837, 44.84445 ], [ 0.63852, 44.84441 ], [ 0.63839, 44.84394 ], [ 0.63914, 44.84376 ], [ 0.63976, 44.84362 ], [ 0.63983, 44.84354 ], [ 0.64078, 44.84332 ], [ 0.64084, 44.84346 ], [ 0.64092, 44.84344 ], [ 0.64126, 44.84336 ], [ 0.64208, 44.84323 ], [ 0.64395, 44.84291 ], [ 0.64391, 44.84271 ], [ 0.64384, 44.84248 ], [ 0.6438, 44.84234 ] ] ] ] } },
{ "type": "Feature", "properties": { "LIBELLE": "Site patrimonial remarquable du canal de Lalinde", "ZONE": "Espace sensible", "COMMUNE": "SAINT CAPRAISE DE LALINDE" }, "geometry": { "type": "MultiPolygon", "coordinates": [ [ [ [ 0.63651, 44.85019 ], [ 0.6362, 44.85027 ], [ 0.6363, 44.8503 ], [ 0.63645, 44.85035 ], [ 0.63659, 44.8504 ], [ 0.63674, 44.85045 ], [ 0.63682, 44.85049 ], [ 0.63689, 44.85051 ], [ 0.63694, 44.85053 ], [ 0.63698, 44.85055 ], [ 0.637, 44.85058 ], [ 0.63704, 44.85061 ], [ 0.63708, 44.85067 ], [ 0.63717, 44.85083 ], [ 0.63721, 44.85087 ], [ 0.63722, 44.85089 ], [ 0.63725, 44.8509 ], [ 0.6373, 44.85091 ], [ 0.63732, 44.85091 ], [ 0.63736, 44.85091 ], [ 0.63745, 44.8509 ], [ 0.63763, 44.85088 ], [ 0.63775, 44.85085 ], [ 0.63791, 44.85083 ], [ 0.63805, 44.8508 ], [ 0.6382, 44.85078 ], [ 0.63821, 44.85077 ], [ 0.63844, 44.85072 ], [ 0.63867, 44.85067 ], [ 0.63892, 44.85061 ], [ 0.63913, 44.85056 ], [ 0.63936, 44.8505 ], [ 0.63961, 44.85044 ], [ 0.63978, 44.8504 ], [ 0.63997, 44.85036 ], [ 0.64011, 44.85032 ], [ 0.64021, 44.8503 ], [ 0.64038, 44.85026 ], [ 0.64054, 44.85023 ], [ 0.64068, 44.85021 ], [ 0.64081, 44.8502 ], [ 0.64095, 44.85018 ], [ 0.641, 44.85017 ], [ 0.64111, 44.85016 ], [ 0.64129, 44.85014 ], [ 0.64142, 44.85013 ], [ 0.64147, 44.85012 ], [ 0.64153, 44.85011 ], [ 0.64162, 44.85011 ], [ 0.64176, 44.8501 ], [ 0.64195, 44.85011 ], [ 0.64225, 44.85012 ], [ 0.64252, 44.85012 ], [ 0.64273, 44.85013 ], [ 0.64301, 44.85014 ], [ 0.6433, 44.85015 ], [ 0.64352, 44.85016 ], [ 0.64363, 44.85017 ], [ 0.64371, 44.85017 ], [ 0.64374, 44.85017 ], [ 0.64376, 44.85017 ], [ 0.64378, 44.85015 ], [ 0.64379, 44.85014 ], [ 0.64381, 44.85013 ], [ 0.6438, 44.85012 ], [ 0.64356, 44.84982 ], [ 0.64335, 44.84953 ], [ 0.64322, 44.84939 ], [ 0.64315, 44.84929 ], [ 0.64306, 44.84919 ], [ 0.643, 44.84911 ], [ 0.64293, 44.84901 ], [ 0.64281, 44.84884 ], [ 0.6427, 44.8487 ], [ 0.64275, 44.84863 ], [ 0.64351, 44.84836 ], [ 0.64313, 44.8478 ], [ 0.64309, 44.84779 ], [ 0.64294, 44.84783 ], [ 0.64289, 44.84775 ], [ 0.64265, 44.84736 ], [ 0.64258, 44.84726 ], [ 0.64242, 44.84698 ], [ 0.64218, 44.84662 ], [ 0.64233, 44.8466 ], [ 0.64252, 44.84657 ], [ 0.64269, 44.84654 ], [ 0.64288, 44.8465 ], [ 0.64301, 44.84648 ], [ 0.64315, 44.84645 ], [ 0.64334, 44.84641 ], [ 0.64345, 44.84639 ], [ 0.64361, 44.84635 ], [ 0.64375, 44.84632 ], [ 0.64382, 44.8463 ], [ 0.64386, 44.84629 ], [ 0.64391, 44.84626 ], [ 0.64403, 44.84621 ], [ 0.64417, 44.84613 ], [ 0.64425, 44.84608 ], [ 0.6444, 44.84601 ], [ 0.64455, 44.84594 ], [ 0.64463, 44.84588 ], [ 0.64471, 44.84586 ], [ 0.64489, 44.84577 ], [ 0.64502, 44.84572 ], [ 0.64507, 44.84569 ], [ 0.64518, 44.84561 ], [ 0.64534, 44.84553 ], [ 0.64547, 44.84546 ], [ 0.64553, 44.84541 ], [ 0.64554, 44.8454 ], [ 0.64563, 44.84538 ], [ 0.64574, 44.84534 ], [ 0.64604, 44.84525 ], [ 0.64621, 44.84519 ], [ 0.64636, 44.84514 ], [ 0.64654, 44.84508 ], [ 0.64666, 44.84504 ], [ 0.64673, 44.84502 ], [ 0.64686, 44.84498 ], [ 0.64697, 44.84495 ], [ 0.64705, 44.84493 ], [ 0.64718, 44.84491 ], [ 0.64728, 44.84488 ], [ 0.64736, 44.84486 ], [ 0.64742, 44.84485 ], [ 0.64751, 44.84482 ], [ 0.64765, 44.84477 ], [ 0.6477, 44.84475 ], [ 0.64779, 44.84472 ], [ 0.64791, 44.84467 ], [ 0.64796, 44.84464 ], [ 0.64798, 44.84463 ], [ 0.64811, 44.84455 ], [ 0.64819, 44.84449 ], [ 0.64828, 44.84445 ], [ 0.64832, 44.84442 ], [ 0.64836, 44.84438 ], [ 0.6484, 44.84435 ], [ 0.64842, 44.84433 ], [ 0.64847, 44.8443 ], [ 0.64853, 44.84427 ], [ 0.64859, 44.84423 ], [ 0.64865, 44.8442 ], [ 0.64867, 44.84419 ], [ 0.64874, 44.84416 ], [ 0.64885, 44.8441 ], [ 0.64892, 44.84407 ], [ 0.64896, 44.84404 ], [ 0.64906, 44.84399 ], [ 0.6491, 44.84397 ], [ 0.64919, 44.84395 ], [ 0.64928, 44.84391 ], [ 0.64926, 44.84389 ], [ 0.64912, 44.84393 ], [ 0.64903, 44.84396 ], [ 0.6489, 44.84401 ], [ 0.64873, 44.84407 ], [ 0.64861, 44.84413 ], [ 0.64853, 44.84415 ], [ 0.64845, 44.84417 ], [ 0.64838, 44.8442 ], [ 0.64825, 44.84422 ], [ 0.64808, 44.84425 ], [ 0.6479, 44.84429 ], [ 0.64773, 44.84432 ], [ 0.64766, 44.84434 ], [ 0.64737, 44.84441 ], [ 0.64718, 44.84446 ], [ 0.64705, 44.84449 ], [ 0.64682, 44.84455 ], [ 0.64661, 44.84461 ], [ 0.64649, 44.84464 ], [ 0.64608, 44.84475 ], [ 0.64601, 44.84477 ], [ 0.64594, 44.8448 ], [ 0.64571, 44.84486 ], [ 0.6455, 44.84491 ], [ 0.6453, 44.84496 ], [ 0.64528, 44.84497 ], [ 0.64514, 44.845 ], [ 0.64502, 44.84503 ], [ 0.64483, 44.84509 ], [ 0.64462, 44.84514 ], [ 0.64439, 44.8452 ], [ 0.64416, 44.84525 ], [ 0.64399, 44.84529 ], [ 0.64374, 44.84535 ], [ 0.64357, 44.8454 ], [ 0.64334, 44.84546 ], [ 0.64305, 44.84553 ], [ 0.64283, 44.84559 ], [ 0.64269, 44.84562 ], [ 0.64253, 44.84566 ], [ 0.64235, 44.8457 ], [ 0.64214, 44.84576 ], [ 0.64194, 44.84582 ], [ 0.64171, 44.84587 ], [ 0.64157, 44.84592 ], [ 0.64133, 44.84598 ], [ 0.64112, 44.84603 ], [ 0.64098, 44.84606 ], [ 0.64093, 44.84608 ], [ 0.64091, 44.84609 ], [ 0.64089, 44.8461 ], [ 0.64087, 44.8461 ], [ 0.64071, 44.84605 ], [ 0.64071, 44.84603 ], [ 0.64068, 44.84603 ], [ 0.64067, 44.84602 ], [ 0.64042, 44.84606 ], [ 0.64033, 44.84608 ], [ 0.64024, 44.8461 ], [ 0.64008, 44.84614 ], [ 0.63992, 44.84618 ], [ 0.63945, 44.84631 ], [ 0.63919, 44.84637 ], [ 0.63908, 44.8464 ], [ 0.6389, 44.84644 ], [ 0.63867, 44.8465 ], [ 0.63844, 44.84656 ], [ 0.63827, 44.8466 ], [ 0.63806, 44.84666 ], [ 0.63782, 44.84673 ], [ 0.63759, 44.84679 ], [ 0.63742, 44.84683 ], [ 0.63737, 44.84685 ], [ 0.63719, 44.84689 ], [ 0.637, 44.84694 ], [ 0.63688, 44.84698 ], [ 0.63671, 44.84702 ], [ 0.63646, 44.84709 ], [ 0.63602, 44.84721 ], [ 0.6358, 44.84727 ], [ 0.63561, 44.84732 ], [ 0.63539, 44.84737 ], [ 0.63512, 44.84745 ], [ 0.63502, 44.84747 ], [ 0.63501, 44.84747 ], [ 0.635, 44.84749 ], [ 0.63497, 44.84751 ], [ 0.63496, 44.84752 ], [ 0.63502, 44.84752 ], [ 0.6351, 44.84751 ], [ 0.63552, 44.84746 ], [ 0.63588, 44.84742 ], [ 0.63618, 44.84739 ], [ 0.63637, 44.84738 ], [ 0.63659, 44.84735 ], [ 0.63668, 44.84734 ], [ 0.63684, 44.84731 ], [ 0.63695, 44.84729 ], [ 0.63707, 44.84728 ], [ 0.63733, 44.84724 ], [ 0.63756, 44.84721 ], [ 0.63775, 44.84718 ], [ 0.638, 44.84715 ], [ 0.63825, 44.84713 ], [ 0.63854, 44.84709 ], [ 0.63882, 44.84706 ], [ 0.63896, 44.84705 ], [ 0.63913, 44.84704 ], [ 0.63925, 44.84703 ], [ 0.63963, 44.847 ], [ 0.63978, 44.84699 ], [ 0.64002, 44.84697 ], [ 0.64016, 44.84696 ], [ 0.64025, 44.84695 ], [ 0.64045, 44.84692 ], [ 0.6412, 44.84826 ], [ 0.64025, 44.84849 ], [ 0.63885, 44.84884 ], [ 0.63896, 44.84907 ], [ 0.63917, 44.84952 ], [ 0.63716, 44.85002 ], [ 0.63651, 44.85019 ] ] ], [ [ [ 0.64, 44.84515 ], [ 0.64031, 44.84506 ], [ 0.64077, 44.84494 ], [ 0.64082, 44.84493 ], [ 0.64148, 44.84476 ], [ 0.64204, 44.84461 ], [ 0.64236, 44.84453 ], [ 0.64245, 44.8445 ], [ 0.64247, 44.8445 ], [ 0.64246, 44.84444 ], [ 0.6422, 44.84352 ], [ 0.6422, 44.84352 ], [ 0.64219, 44.84352 ], [ 0.64219, 44.8435 ], [ 0.64208, 44.84323 ], [ 0.64126, 44.84336 ], [ 0.64092, 44.84344 ], [ 0.64084, 44.84346 ], [ 0.64078, 44.84332 ], [ 0.63983, 44.84354 ], [ 0.63976, 44.84362 ], [ 0.63914, 44.84376 ], [ 0.63839, 44.84394 ], [ 0.63852, 44.84441 ], [ 0.63837, 44.84445 ], [ 0.63724, 44.84469 ], [ 0.63721, 44.8447 ], [ 0.63725, 44.84484 ], [ 0.63733, 44.84511 ], [ 0.63735, 44.84513 ], [ 0.63737, 44.84522 ], [ 0.63747, 44.84553 ], [ 0.63755, 44.84579 ], [ 0.63776, 44.84573 ], [ 0.63785, 44.84572 ], [ 0.63815, 44.84563 ], [ 0.63851, 44.84554 ], [ 0.6388, 44.84546 ], [ 0.63888, 44.84544 ], [ 0.63924, 44.84534 ], [ 0.63961, 44.84525 ], [ 0.64, 44.84515 ] ] ], [ [ [ 0.65732, 44.84423 ], [ 0.65717, 44.84364 ], [ 0.65628, 44.84374 ], [ 0.65627, 44.8437 ], [ 0.65562, 44.84379 ], [ 0.65572, 44.84419 ], [ 0.65574, 44.8442 ], [ 0.65562, 44.84421 ], [ 0.65566, 44.84434 ], [ 0.65568, 44.84444 ], [ 0.65518, 44.84449 ], [ 0.65516, 44.8445 ], [ 0.65495, 44.84451 ], [ 0.65494, 44.84451 ], [ 0.65435, 44.84451 ], [ 0.65432, 44.84433 ], [ 0.65431, 44.84423 ], [ 0.65449, 44.84407 ], [ 0.65448, 44.84405 ], [ 0.65427, 44.84366 ], [ 0.65427, 44.84363 ], [ 0.65421, 44.84347 ], [ 0.65416, 44.84329 ], [ 0.65409, 44.84328 ], [ 0.65393, 44.84323 ], [ 0.65378, 44.84326 ], [ 0.6537, 44.8433 ], [ 0.65374, 44.8434 ], [ 0.65378, 44.8435 ], [ 0.65381, 44.84359 ], [ 0.65383, 44.84368 ], [ 0.65384, 44.84371 ], [ 0.65384, 44.84372 ], [ 0.65384, 44.8438 ], [ 0.65385, 44.84387 ], [ 0.65385, 44.84395 ], [ 0.65384, 44.84401 ], [ 0.65384, 44.84408 ], [ 0.65384, 44.84416 ], [ 0.65384, 44.84425 ], [ 0.65382, 44.84432 ], [ 0.65355, 44.84424 ], [ 0.65354, 44.84417 ], [ 0.65354, 44.84415 ], [ 0.6534, 44.84414 ], [ 0.65322, 44.84414 ], [ 0.65321, 44.84414 ], [ 0.65321, 44.84414 ], [ 0.65306, 44.84414 ], [ 0.65306, 44.84414 ], [ 0.65285, 44.84418 ], [ 0.65283, 44.84419 ], [ 0.65277, 44.84455 ], [ 0.65262, 44.84489 ], [ 0.65285, 44.84482 ], [ 0.65285, 44.84521 ], [ 0.65301, 44.84495 ], [ 0.65308, 44.84495 ], [ 0.65308, 44.8451 ], [ 0.65319, 44.84517 ], [ 0.65318, 44.84565 ], [ 0.65367, 44.8455 ], [ 0.65377, 44.84547 ], [ 0.65383, 44.84546 ], [ 0.65382, 44.84555 ], [ 0.65383, 44.84563 ], [ 0.65384, 44.84568 ], [ 0.65386, 44.84572 ], [ 0.65387, 44.84575 ], [ 0.65465, 44.84554 ], [ 0.65505, 44.84545 ], [ 0.65611, 44.8453 ], [ 0.65606, 44.84521 ], [ 0.65605, 44.84516 ], [ 0.656, 44.84498 ], [ 0.65589, 44.84452 ], [ 0.65585, 44.84443 ], [ 0.65595, 44.84435 ], [ 0.65639, 44.84431 ], [ 0.65641, 44.84431 ], [ 0.65672, 44.84428 ], [ 0.65699, 44.84425 ], [ 0.65732, 44.84423 ] ] ], [ [ [ 0.64543, 44.84221 ], [ 0.64544, 44.84223 ], [ 0.64545, 44.84229 ], [ 0.64552, 44.84252 ], [ 0.64559, 44.8428 ], [ 0.64565, 44.84304 ], [ 0.64572, 44.8433 ], [ 0.64581, 44.84362 ], [ 0.64581, 44.84363 ], [ 0.6466, 44.84341 ], [ 0.64685, 44.84335 ], [ 0.64711, 44.84328 ], [ 0.6473, 44.84323 ], [ 0.64757, 44.84316 ], [ 0.64761, 44.84315 ], [ 0.64775, 44.84311 ], [ 0.64788, 44.84307 ], [ 0.64792, 44.84305 ], [ 0.64801, 44.84302 ], [ 0.64811, 44.84298 ], [ 0.64822, 44.84293 ], [ 0.64834, 44.84289 ], [ 0.64834, 44.84289 ], [ 0.64835, 44.84286 ], [ 0.64807, 44.84223 ], [ 0.64801, 44.8421 ], [ 0.64801, 44.84209 ], [ 0.64801, 44.84209 ], [ 0.64797, 44.8421 ], [ 0.64792, 44.84211 ], [ 0.64786, 44.84212 ], [ 0.64782, 44.84213 ], [ 0.64781, 44.84214 ], [ 0.64778, 44.84214 ], [ 0.64778, 44.84214 ], [ 0.64777, 44.84215 ], [ 0.64777, 44.84216 ], [ 0.64775, 44.84218 ], [ 0.64773, 44.84222 ], [ 0.64773, 44.84222 ], [ 0.64771, 44.84223 ], [ 0.6477, 44.84226 ], [ 0.6477, 44.84226 ], [ 0.64767, 44.84229 ], [ 0.64766, 44.84231 ], [ 0.64765, 44.84233 ], [ 0.64765, 44.84233 ], [ 0.64763, 44.84235 ], [ 0.64763, 44.84235 ], [ 0.64761, 44.84237 ], [ 0.64758, 44.84238 ], [ 0.64756, 44.84239 ], [ 0.64754, 44.8424 ], [ 0.64751, 44.84241 ], [ 0.64749, 44.84241 ], [ 0.64747, 44.84241 ], [ 0.64744, 44.84241 ], [ 0.64743, 44.8424 ], [ 0.64742, 44.8424 ], [ 0.64741, 44.84239 ], [ 0.64739, 44.84238 ], [ 0.64738, 44.84236 ], [ 0.64736, 44.84233 ], [ 0.64734, 44.84232 ], [ 0.64732, 44.84231 ], [ 0.6473, 44.84229 ], [ 0.64728, 44.84228 ], [ 0.64726, 44.84227 ], [ 0.64721, 44.84224 ], [ 0.64718, 44.84223 ], [ 0.64715, 44.84223 ], [ 0.64712, 44.84222 ], [ 0.64708, 44.84222 ], [ 0.64701, 44.84221 ], [ 0.64693, 44.84221 ], [ 0.64682, 44.8422 ], [ 0.64677, 44.8422 ], [ 0.64669, 44.8422 ], [ 0.64658, 44.84219 ], [ 0.6465, 44.84219 ], [ 0.64649, 44.84219 ], [ 0.64644, 44.84219 ], [ 0.64636, 44.84219 ], [ 0.64626, 44.84219 ], [ 0.646, 44.8422 ], [ 0.64589, 44.8422 ], [ 0.64579, 44.84219 ], [ 0.6457, 44.8422 ], [ 0.64564, 44.8422 ], [ 0.6456, 44.8422 ], [ 0.64555, 44.8422 ], [ 0.6455, 44.8422 ], [ 0.64543, 44.84221 ] ] ] ] } },
{ "type": "Feature", "properties": { "LIBELLE": "Site patrimonial remarquable du canal de Lalinde", "ZONE": "Bourg de Saint Capraise", "COMMUNE": "SAINT CAPRAISE DE LALINDE" }, "geometry": { "type": "MultiPolygon", "coordinates": [ [ [ [ 0.65393, 44.84323 ], [ 0.65381, 44.84291 ], [ 0.65385, 44.8429 ], [ 0.65394, 44.84287 ], [ 0.65399, 44.84285 ], [ 0.65401, 44.84284 ], [ 0.65403, 44.84283 ], [ 0.65432, 44.84275 ], [ 0.65433, 44.84274 ], [ 0.65473, 44.84266 ], [ 0.65469, 44.84252 ], [ 0.65467, 44.84249 ], [ 0.65507, 44.84244 ], [ 0.65506, 44.84238 ], [ 0.65503, 44.84232 ], [ 0.65503, 44.84229 ], [ 0.65515, 44.84227 ], [ 0.65536, 44.84225 ], [ 0.65559, 44.84222 ], [ 0.65576, 44.84219 ], [ 0.65575, 44.84213 ], [ 0.65572, 44.84205 ], [ 0.65571, 44.84195 ], [ 0.65534, 44.84182 ], [ 0.6553, 44.84181 ], [ 0.65528, 44.84178 ], [ 0.65526, 44.84176 ], [ 0.65524, 44.84175 ], [ 0.65523, 44.84171 ], [ 0.65522, 44.84167 ], [ 0.65522, 44.84164 ], [ 0.65521, 44.84159 ], [ 0.6552, 44.84154 ], [ 0.65518, 44.84149 ], [ 0.65517, 44.84146 ], [ 0.65517, 44.84142 ], [ 0.65518, 44.84138 ], [ 0.65516, 44.84133 ], [ 0.65516, 44.84133 ], [ 0.65515, 44.84129 ], [ 0.65506, 44.8413 ], [ 0.65498, 44.84104 ], [ 0.65493, 44.84105 ], [ 0.65472, 44.84095 ], [ 0.65449, 44.84106 ], [ 0.65444, 44.84108 ], [ 0.65432, 44.8411 ], [ 0.65416, 44.84114 ], [ 0.65402, 44.8412 ], [ 0.654, 44.8412 ], [ 0.65397, 44.84122 ], [ 0.65396, 44.84109 ], [ 0.65396, 44.84103 ], [ 0.65395, 44.84099 ], [ 0.65395, 44.84095 ], [ 0.65394, 44.84093 ], [ 0.65394, 44.84092 ], [ 0.65394, 44.84092 ], [ 0.65386, 44.84093 ], [ 0.65377, 44.84095 ], [ 0.65366, 44.84096 ], [ 0.65361, 44.84096 ], [ 0.65352, 44.84098 ], [ 0.65345, 44.84101 ], [ 0.65343, 44.84102 ], [ 0.6534, 44.84102 ], [ 0.65334, 44.84102 ], [ 0.65324, 44.84103 ], [ 0.65312, 44.84105 ], [ 0.65311, 44.84105 ], [ 0.6531, 44.84106 ], [ 0.65293, 44.84109 ], [ 0.65289, 44.8411 ], [ 0.65281, 44.84112 ], [ 0.65278, 44.84112 ], [ 0.65274, 44.84114 ], [ 0.65267, 44.84117 ], [ 0.65258, 44.8412 ], [ 0.65251, 44.84123 ], [ 0.65233, 44.84129 ], [ 0.65219, 44.84134 ], [ 0.65208, 44.84138 ], [ 0.65196, 44.84142 ], [ 0.65186, 44.84145 ], [ 0.65176, 44.84149 ], [ 0.6515, 44.84157 ], [ 0.65141, 44.8416 ], [ 0.65153, 44.84191 ], [ 0.6515, 44.84191 ], [ 0.65136, 44.84195 ], [ 0.65129, 44.84195 ], [ 0.65121, 44.84197 ], [ 0.6512, 44.84197 ], [ 0.65112, 44.84199 ], [ 0.65095, 44.84202 ], [ 0.65089, 44.84203 ], [ 0.65077, 44.84205 ], [ 0.65064, 44.84207 ], [ 0.65058, 44.84209 ], [ 0.65053, 44.8421 ], [ 0.65039, 44.84214 ], [ 0.65035, 44.84215 ], [ 0.6503, 44.84216 ], [ 0.65027, 44.84216 ], [ 0.65023, 44.84217 ], [ 0.65019, 44.84218 ], [ 0.65018, 44.84218 ], [ 0.65008, 44.8422 ], [ 0.65003, 44.84221 ], [ 0.65002, 44.84221 ], [ 0.64995, 44.84222 ], [ 0.64969, 44.84227 ], [ 0.64988, 44.84269 ], [ 0.64989, 44.8427 ], [ 0.64997, 44.84278 ], [ 0.6502, 44.84269 ], [ 0.65042, 44.84259 ], [ 0.65071, 44.84308 ], [ 0.65078, 44.84318 ], [ 0.65099, 44.84312 ], [ 0.65205, 44.84278 ], [ 0.65205, 44.84279 ], [ 0.65207, 44.84284 ], [ 0.65212, 44.84291 ], [ 0.65214, 44.84294 ], [ 0.65214, 44.84295 ], [ 0.6522, 44.84306 ], [ 0.65234, 44.84327 ], [ 0.65243, 44.84324 ], [ 0.65259, 44.8432 ], [ 0.65267, 44.84317 ], [ 0.65277, 44.84313 ], [ 0.65304, 44.84307 ], [ 0.65316, 44.84323 ], [ 0.65365, 44.84317 ], [ 0.6537, 44.8433 ], [ 0.65378, 44.84326 ], [ 0.65393, 44.84323 ] ] ], [ [ [ 0.66873, 44.84346 ], [ 0.66875, 44.84339 ], [ 0.66876, 44.84339 ], [ 0.66876, 44.84333 ], [ 0.66873, 44.84262 ], [ 0.66836, 44.84263 ], [ 0.66801, 44.84263 ], [ 0.66797, 44.84257 ], [ 0.66792, 44.84259 ], [ 0.66773, 44.8426 ], [ 0.66751, 44.84259 ], [ 0.66732, 44.84258 ], [ 0.66725, 44.84257 ], [ 0.66714, 44.84257 ], [ 0.66728, 44.843 ], [ 0.66771, 44.84294 ], [ 0.66771, 44.84295 ], [ 0.66772, 44.84297 ], [ 0.66773, 44.84298 ], [ 0.66776, 44.84308 ], [ 0.66786, 44.84306 ], [ 0.66789, 44.84321 ], [ 0.6679, 44.84328 ], [ 0.6679, 44.8433 ], [ 0.66844, 44.84336 ], [ 0.66851, 44.84336 ], [ 0.66852, 44.84345 ], [ 0.66857, 44.84345 ], [ 0.66861, 44.84345 ], [ 0.66873, 44.84346 ] ] ] ] } }
]
}
