{
"type": "FeatureCollection",
"crs": { "type": "name", "properties": { "name": "urn:ogc:def:crs:OGC:1.3:CRS84" } },
"name": "Site inscrit ou classé",
"color": "#EC7754",
"active": "true",
"interactive":"true",
"description": "Protection des sites inscrits ou classés loi du 2 mai 1930",

"features": [
{ "type": "Feature", "properties": { "VALID_GEST": "2024-01-29", "TYPE": "Inscrit", "IDCAUE_EPC": 21 }, "geometry": { "type": "MultiPolygon", "coordinates": [ [ [ [ 533104.57307, 6400342.69128 ], [ 533163.56259, 6400348.19537 ], [ 533200.55799, 6400351.88413 ], [ 533252.53807, 6400355.44837 ], [ 533263.53513, 6400356.35603 ], [ 533268.53003, 6400356.31452 ], [ 533270.51139, 6400354.29997 ], [ 533273.49173, 6400352.27711 ], [ 533276.47207, 6400350.25426 ], [ 533279.41922, 6400344.2355 ], [ 533281.3259, 6400333.23017 ], [ 533285.10607, 6400307.2236 ], [ 533285.08947, 6400305.22565 ], [ 533288.88624, 6400281.21704 ], [ 533294.49012, 6400234.21539 ], [ 533302.00897, 6400177.20738 ], [ 533302.93327, 6400168.2083 ], [ 533302.90008, 6400164.2124 ], [ 533302.84199, 6400157.21957 ], [ 533304.39187, 6400103.2583 ], [ 533304.33378, 6400096.26547 ], [ 533302.31923, 6400094.28413 ], [ 533301.29536, 6400091.2955 ], [ 533299.18953, 6400078.32543 ], [ 533293.92081, 6400045.40075 ], [ 533288.71018, 6400019.4689 ], [ 533285.54729, 6399999.5143 ], [ 533283.45806, 6399988.54218 ], [ 533282.40929, 6399982.55663 ], [ 533279.37087, 6399977.58665 ], [ 533277.33972, 6399973.60736 ], [ 533264.32811, 6399970.71835 ], [ 533254.31343, 6399967.80444 ], [ 533229.28089, 6399961.01915 ], [ 533220.27349, 6399959.09591 ], [ 533208.26086, 6399956.1986 ], [ 533197.2472, 6399953.29299 ], [ 533194.24197, 6399952.31892 ], [ 533180.23968, 6399950.43719 ], [ 533171.24058, 6399949.51293 ], [ 533166.24568, 6399949.55444 ], [ 533161.2425, 6399948.59697 ], [ 533155.24863, 6399948.64678 ], [ 533149.24646, 6399947.69761 ], [ 533144.25157, 6399947.73912 ], [ 533140.25565, 6399947.77232 ], [ 533133.25451, 6399946.83146 ], [ 533128.25962, 6399946.87296 ], [ 533120.25949, 6399945.9404 ], [ 533109.24584, 6399943.03479 ], [ 533090.21546, 6399937.19867 ], [ 533082.19045, 6399933.26918 ], [ 533079.19351, 6399933.29408 ], [ 533068.18816, 6399931.38745 ], [ 533063.23475, 6399936.42383 ], [ 533061.35296, 6399950.42608 ], [ 533060.48675, 6399966.41798 ], [ 533059.59564, 6399979.41296 ], [ 533058.8207, 6400006.39359 ], [ 533057.97937, 6400025.38242 ], [ 533057.99597, 6400027.38037 ], [ 533058.2366, 6400056.35064 ], [ 533058.28638, 6400062.34449 ], [ 533058.30298, 6400064.34244 ], [ 533058.33617, 6400068.33834 ], [ 533057.46995, 6400084.33025 ], [ 533056.54565, 6400093.32933 ], [ 533056.57055, 6400096.32625 ], [ 533056.60374, 6400100.32215 ], [ 533054.74684, 6400117.32133 ], [ 533054.81322, 6400125.31313 ], [ 533053.88892, 6400134.31221 ], [ 533048.26844, 6400179.3159 ], [ 533048.27674, 6400180.31488 ], [ 533047.31925, 6400185.31805 ], [ 533046.39495, 6400194.31713 ], [ 533045.43746, 6400199.32031 ], [ 533044.52976, 6400210.31734 ], [ 533043.68013, 6400228.30719 ], [ 533042.79732, 6400242.30115 ], [ 533041.87302, 6400251.30022 ], [ 533040.95702, 6400261.29828 ], [ 533041.0151, 6400268.2911 ], [ 533037.36769, 6400310.28127 ], [ 533037.47556, 6400323.26795 ], [ 533037.51704, 6400328.26283 ], [ 533036.59274, 6400337.2619 ], [ 533070.58291, 6400339.97659 ], [ 533085.58418, 6400341.85003 ], [ 533104.57307, 6400342.69128 ] ] ] ] } },
{ "type": "Feature", "properties": { "VALID_GEST": "2024-01-29", "TYPE": "Inscrit", "IDCAUE_EPC": 21 }, "geometry": { "type": "MultiPolygon", "coordinates": [ [ [ [ 531107.27854, 6408138.83283 ], [ 531111.29106, 6408140.79759 ], [ 531117.31813, 6408144.74372 ], [ 531123.3452, 6408148.68984 ], [ 531132.3858, 6408154.60903 ], [ 531145.43062, 6408161.49401 ], [ 531162.49626, 6408171.34273 ], [ 531163.49524, 6408171.33443 ], [ 531179.5453, 6408179.19349 ], [ 531194.59638, 6408187.06086 ], [ 531213.68487, 6408199.88991 ], [ 531217.69738, 6408201.85468 ], [ 531229.72664, 6408206.75 ], [ 531238.73406, 6408208.67328 ], [ 531245.73522, 6408209.61418 ], [ 531259.73755, 6408211.49599 ], [ 531263.72518, 6408210.46383 ], [ 531270.70146, 6408208.4078 ], [ 531290.61472, 6408200.25007 ], [ 531296.57543, 6408196.20438 ], [ 531299.54749, 6408193.18257 ], [ 531287.41869, 6408176.29954 ], [ 531272.21, 6408149.45164 ], [ 531260.05631, 6408129.57168 ], [ 531253.97118, 6408118.63273 ], [ 531247.89434, 6408108.69275 ], [ 531246.87877, 6408106.70309 ], [ 531245.83001, 6408100.71753 ], [ 531250.6839, 6408083.69347 ], [ 531251.67458, 6408082.68619 ], [ 531250.6756, 6408082.69449 ], [ 531245.68899, 6408083.73495 ], [ 531233.70122, 6408083.8345 ], [ 531233.70122, 6408083.8345 ], [ 531224.71038, 6408083.90917 ], [ 531212.72261, 6408084.00873 ], [ 531214.6625, 6408076.99931 ], [ 531214.62103, 6408072.00443 ], [ 531215.62001, 6408071.99613 ], [ 531218.43446, 6408049.99378 ], [ 531224.29562, 6408033.96039 ], [ 531217.30275, 6408034.01847 ], [ 531200.32007, 6408034.1595 ], [ 531199.23813, 6408024.17804 ], [ 531199.23813, 6408024.17804 ], [ 531198.21427, 6408021.18941 ], [ 531201.07848, 6408005.18091 ], [ 531205.95726, 6407991.15377 ], [ 531214.80707, 6407974.09652 ], [ 531219.70243, 6407962.06733 ], [ 531213.65877, 6407956.12326 ], [ 531205.66692, 6407956.18963 ], [ 531177.68715, 6407955.42295 ], [ 531160.68788, 6407953.56604 ], [ 531160.60492, 6407943.57629 ], [ 531158.61526, 6407944.59185 ], [ 531155.469, 6407926.63518 ], [ 531161.45459, 6407925.58643 ], [ 531161.42141, 6407921.59053 ], [ 531160.41413, 6407920.59985 ], [ 531160.41413, 6407920.59985 ], [ 531158.33322, 6407910.62669 ], [ 531158.30833, 6407907.62976 ], [ 531157.28446, 6407904.64113 ], [ 531157.27617, 6407903.64215 ], [ 531154.27922, 6407903.66704 ], [ 531131.34413, 6407908.85274 ], [ 531128.1564, 6407885.90119 ], [ 531126.08378, 6407876.927 ], [ 531136.03211, 6407871.84916 ], [ 531141.01043, 6407869.80973 ], [ 531148.97739, 6407866.74643 ], [ 531172.86169, 6407855.55859 ], [ 531173.83579, 6407852.55337 ], [ 531174.80159, 6407848.54917 ], [ 531173.80261, 6407848.55746 ], [ 531147.79591, 6407844.77727 ], [ 531116.72795, 6407833.04675 ], [ 531118.65126, 6407824.03938 ], [ 531118.64296, 6407823.04041 ], [ 531120.59115, 6407817.02996 ], [ 531121.54036, 6407811.02781 ], [ 531117.52785, 6407809.06305 ], [ 531108.49554, 6407804.14284 ], [ 531107.49656, 6407804.15113 ], [ 531099.5213, 6407806.21545 ], [ 531096.43311, 6407795.25161 ], [ 531095.40094, 6407791.26401 ], [ 531094.39367, 6407790.27333 ], [ 531094.38537, 6407789.27435 ], [ 531093.3781, 6407788.28368 ], [ 531092.37082, 6407787.293 ], [ 531091.38013, 6407788.30027 ], [ 531084.39556, 6407789.35732 ], [ 531084.38727, 6407788.35834 ], [ 531082.34783, 6407783.38006 ], [ 531082.34783, 6407783.38006 ], [ 531079.25963, 6407772.41622 ], [ 531076.17974, 6407762.45135 ], [ 531075.14758, 6407758.46375 ], [ 531074.14859, 6407758.47205 ], [ 531074.14859, 6407758.47205 ], [ 531073.15791, 6407759.47932 ], [ 531061.29456, 6407774.56351 ], [ 531056.33284, 6407778.60089 ], [ 531051.37111, 6407782.63827 ], [ 531048.39076, 6407784.66111 ], [ 531047.39178, 6407784.66941 ], [ 531047.39178, 6407784.66941 ], [ 531023.44941, 6407788.86442 ], [ 531019.47008, 6407790.89556 ], [ 531016.48143, 6407791.91942 ], [ 531014.50006, 6407793.93397 ], [ 531013.50937, 6407794.94124 ], [ 531011.5363, 6407797.95476 ], [ 531011.57777, 6407802.94963 ], [ 531010.57879, 6407802.95793 ], [ 531009.6047, 6407805.96315 ], [ 531008.61401, 6407806.97042 ], [ 531009.73742, 6407821.94676 ], [ 531010.7364, 6407821.93846 ], [ 531010.75299, 6407823.93641 ], [ 531010.75299, 6407823.93641 ], [ 531012.82561, 6407832.9106 ], [ 531012.87538, 6407838.90445 ], [ 531009.88673, 6407839.92832 ], [ 531009.90333, 6407841.92627 ], [ 531009.91992, 6407843.92422 ], [ 531009.9448, 6407846.92114 ], [ 531004.9416, 6407845.96365 ], [ 531004.05046, 6407858.95863 ], [ 530995.16747, 6407872.01997 ], [ 530993.21098, 6407877.03144 ], [ 530976.45227, 6407904.14482 ], [ 530972.49782, 6407909.17288 ], [ 530961.5671, 6407916.25697 ], [ 530971.63986, 6407926.16376 ], [ 530972.63884, 6407926.15546 ], [ 530973.64612, 6407927.14614 ], [ 530956.06263, 6407975.2463 ], [ 530956.06263, 6407975.2463 ], [ 530951.19215, 6407990.27241 ], [ 530951.19215, 6407990.27241 ], [ 530943.3828, 6408012.31624 ], [ 530956.44421, 6408021.19917 ], [ 530964.48583, 6408027.12665 ], [ 530969.57199, 6408038.0739 ], [ 530982.75783, 6408061.94146 ], [ 530992.80571, 6408068.85133 ], [ 530994.81197, 6408069.83371 ], [ 531003.87746, 6408078.74983 ], [ 531009.92941, 6408085.69288 ], [ 531015.98966, 6408093.63491 ], [ 531021.04264, 6408100.58625 ], [ 531024.08106, 6408105.55624 ], [ 531027.10289, 6408108.52828 ], [ 531029.10914, 6408109.51066 ], [ 531030.10812, 6408109.50237 ], [ 531032.12268, 6408111.48373 ], [ 531040.156, 6408116.41224 ], [ 531045.1675, 6408118.36871 ], [ 531070.22499, 6408128.15106 ], [ 531079.2407, 6408131.07332 ], [ 531091.26166, 6408134.96966 ], [ 531107.27854, 6408138.83283 ] ] ] ] } },
{ "type": "Feature", "properties": { "VALID_GEST": "2024-01-29", "TYPE": "Inscrit", "IDCAUE_EPC": 21 }, "geometry": { "type": "MultiPolygon", "coordinates": [ [ [ [ 535910.19, 6419501.08543 ], [ 535909.18272, 6419500.09475 ], [ 535908.18373, 6419500.10304 ], [ 535907.19304, 6419501.11032 ], [ 535906.19406, 6419501.11861 ], [ 535905.19507, 6419501.12691 ], [ 535905.19507, 6419501.12691 ], [ 535908.19203, 6419501.10202 ], [ 535911.18899, 6419501.07714 ], [ 535910.19, 6419501.08543 ] ] ] ] } },
{ "type": "Feature", "properties": { "VALID_GEST": "2024-01-29", "TYPE": "Inscrit", "IDCAUE_EPC": 21 }, "geometry": { "type": "MultiPolygon", "coordinates": [ [ [ [ 524048.5328, 6414702.21875 ], [ 524050.58883, 6414709.19502 ], [ 524054.61795, 6414713.15777 ], [ 524079.58425, 6414711.95149 ], [ 524079.64232, 6414718.94434 ], [ 524081.73154, 6414729.91652 ], [ 524083.72951, 6414729.89994 ], [ 524086.75134, 6414732.872 ], [ 524096.59186, 6414714.80747 ], [ 524103.50178, 6414704.75964 ], [ 524097.4664, 6414699.8145 ], [ 524086.37803, 6414687.91796 ], [ 524081.34164, 6414682.96453 ], [ 524076.30524, 6414678.0111 ], [ 524072.27612, 6414674.04835 ], [ 524069.26258, 6414672.07527 ], [ 524068.19723, 6414664.09173 ], [ 524068.15575, 6414659.09684 ], [ 524067.11529, 6414654.11024 ], [ 524067.04063, 6414645.11943 ], [ 524056.01862, 6414641.21473 ], [ 524055.97714, 6414636.21983 ], [ 524055.95226, 6414633.2229 ], [ 524052.94701, 6414632.24879 ], [ 524052.94701, 6414632.24879 ], [ 524045.94583, 6414631.30786 ], [ 524044.97173, 6414634.31309 ], [ 524043.98934, 6414636.31933 ], [ 524041.04216, 6414642.33808 ], [ 524036.12191, 6414651.37035 ], [ 524009.11617, 6414647.59831 ], [ 524008.20014, 6414657.59639 ], [ 524008.21673, 6414659.59434 ], [ 524007.309, 6414670.5914 ], [ 524006.45105, 6414687.58233 ], [ 524006.45934, 6414688.5813 ], [ 524005.46865, 6414689.58857 ], [ 524005.51013, 6414694.58347 ], [ 524004.55263, 6414699.58665 ], [ 524013.55178, 6414700.511 ], [ 524013.60155, 6414706.50488 ], [ 524012.61086, 6414707.51215 ], [ 524018.59647, 6414706.46342 ], [ 524025.58106, 6414705.4064 ], [ 524026.58004, 6414705.39811 ], [ 524029.57699, 6414705.37323 ], [ 524048.5328, 6414702.21875 ] ] ] ] } },
{ "type": "Feature", "properties": { "VALID_GEST": "2024-01-29", "TYPE": "Inscrit", "IDCAUE_EPC": 21 }, "geometry": { "type": "MultiPolygon", "coordinates": [ [ [ [ 522306.77145, 6421390.32783 ], [ 522317.73542, 6421387.23969 ], [ 522328.69939, 6421384.15154 ], [ 522338.66437, 6421381.07168 ], [ 522354.60668, 6421375.94412 ], [ 522363.57268, 6421372.87255 ], [ 522370.5407, 6421369.81757 ], [ 522379.4984, 6421365.74702 ], [ 522389.45509, 6421361.66818 ], [ 522397.43039, 6421359.60389 ], [ 522405.3974, 6421356.54062 ], [ 522418.35105, 6421352.43691 ], [ 522432.30368, 6421348.32491 ], [ 522449.23669, 6421342.19007 ], [ 522463.18103, 6421337.07908 ], [ 522482.1203, 6421331.92664 ], [ 522499.0533, 6421325.7918 ], [ 522506.02962, 6421323.7358 ], [ 522522.96262, 6421317.60096 ], [ 522565.75315, 6421297.2648 ], [ 522603.57362, 6421279.96703 ], [ 522618.50036, 6421272.84979 ], [ 522622.47971, 6421270.81866 ], [ 522634.42608, 6421265.72425 ], [ 522651.34249, 6421257.59144 ], [ 522656.31254, 6421254.55304 ], [ 522656.31254, 6421254.55304 ], [ 522658.30222, 6421253.53748 ], [ 522661.29088, 6421252.51362 ], [ 522664.26296, 6421249.4918 ], [ 522667.23503, 6421246.46998 ], [ 522673.17089, 6421239.42735 ], [ 522682.07881, 6421229.3629 ], [ 522688.02296, 6421223.31925 ], [ 522690.01264, 6421222.30369 ], [ 522700.06057, 6421229.21366 ], [ 522705.08039, 6421232.16916 ], [ 522711.11579, 6421237.11433 ], [ 522720.18132, 6421246.03057 ], [ 522722.18759, 6421247.01297 ], [ 522729.23857, 6421253.94782 ], [ 522732.26041, 6421256.9199 ], [ 522737.29682, 6421261.87336 ], [ 522752.40605, 6421276.73375 ], [ 522760.4643, 6421284.65929 ], [ 522772.55998, 6421297.54659 ], [ 522785.66294, 6421311.42458 ], [ 522799.76488, 6421325.29427 ], [ 522805.81687, 6421332.23741 ], [ 522805.81687, 6421332.23741 ], [ 522816.89697, 6421343.13503 ], [ 522819.91882, 6421346.10711 ], [ 522821.94168, 6421349.08748 ], [ 522823.94794, 6421350.06988 ], [ 522825.95421, 6421351.05228 ], [ 522828.95947, 6421352.02639 ], [ 522829.95846, 6421352.0181 ], [ 522830.95744, 6421352.00981 ], [ 522834.95339, 6421351.97665 ], [ 522838.95763, 6421352.94247 ], [ 522851.92787, 6421350.83672 ], [ 522860.91045, 6421349.76312 ], [ 522872.87341, 6421346.66668 ], [ 522891.81268, 6421341.51424 ], [ 522901.78596, 6421339.43336 ], [ 522905.7819, 6421339.4002 ], [ 522909.77785, 6421339.36703 ], [ 522914.77278, 6421339.32558 ], [ 522919.77601, 6421340.28311 ], [ 522924.78753, 6421342.23962 ], [ 522939.8304, 6421349.10814 ], [ 522945.84921, 6421352.05535 ], [ 522953.86599, 6421354.98597 ], [ 522956.50625, 6421312.00481 ], [ 522922.53241, 6421311.28771 ], [ 522925.38005, 6421293.28114 ], [ 522926.2712, 6421280.28606 ], [ 522926.26291, 6421279.28708 ], [ 522926.22143, 6421274.29216 ], [ 522926.08871, 6421258.30843 ], [ 522923.452, 6421181.40329 ], [ 522876.50793, 6421182.79194 ], [ 522860.34164, 6421160.94696 ], [ 522851.25952, 6421150.03276 ], [ 522840.15453, 6421136.13819 ], [ 522831.06411, 6421124.22501 ], [ 522828.04227, 6421121.25293 ], [ 522814.91442, 6421104.378 ], [ 522806.9723, 6421110.43822 ], [ 522769.26796, 6421141.72176 ], [ 522752.39302, 6421154.84948 ], [ 522746.44058, 6421159.89415 ], [ 522739.42279, 6421156.95523 ], [ 522710.31116, 6421140.21295 ], [ 522712.28425, 6421137.19941 ], [ 522686.17787, 6421121.43124 ], [ 522673.35695, 6421141.51869 ], [ 522670.40976, 6421147.53746 ], [ 522673.41502, 6421148.51157 ], [ 522670.45953, 6421153.53136 ], [ 522654.78267, 6421190.62639 ], [ 522653.78368, 6421190.63468 ], [ 522651.76082, 6421187.65432 ], [ 522650.76183, 6421187.66261 ], [ 522650.76183, 6421187.66261 ], [ 522643.71916, 6421181.72674 ], [ 522641.71289, 6421180.74434 ], [ 522639.69832, 6421178.76295 ], [ 522637.68376, 6421176.78157 ], [ 522635.6692, 6421174.80018 ], [ 522632.63906, 6421170.82912 ], [ 522630.62449, 6421168.84774 ], [ 522629.60062, 6421165.85908 ], [ 522627.56117, 6421160.88074 ], [ 522627.5197, 6421155.88582 ], [ 522626.50412, 6421153.89615 ], [ 522626.41288, 6421142.90733 ], [ 522626.37969, 6421138.9114 ], [ 522626.3714, 6421137.91241 ], [ 522626.33822, 6421133.91648 ], [ 522626.10596, 6421105.94495 ], [ 522625.96494, 6421088.96223 ], [ 522625.88199, 6421078.9724 ], [ 522625.87369, 6421077.97342 ], [ 522626.80632, 6421069.97326 ], [ 522626.80632, 6421069.97326 ], [ 522626.70678, 6421057.98546 ], [ 522627.45691, 6421028.00767 ], [ 522627.33248, 6421013.02292 ], [ 522629.18944, 6420996.02362 ], [ 522630.01423, 6420975.03669 ], [ 522630.83072, 6420953.05076 ], [ 522628.83275, 6420953.06735 ], [ 522628.67514, 6420934.08667 ], [ 522628.67514, 6420934.08667 ], [ 522624.84038, 6420833.21424 ], [ 522635.53061, 6420797.15965 ], [ 522635.53061, 6420797.15965 ], [ 522653.01466, 6420737.07143 ], [ 522669.51631, 6420678.98948 ], [ 522680.38903, 6420664.91252 ], [ 522682.36211, 6420661.89899 ], [ 522688.29797, 6420654.85636 ], [ 522696.2235, 6420646.79817 ], [ 522686.2834, 6420652.87498 ], [ 522678.34128, 6420658.9352 ], [ 522668.40119, 6420665.01201 ], [ 522658.46939, 6420672.08779 ], [ 522651.51796, 6420677.14074 ], [ 522643.56755, 6420682.20198 ], [ 522642.57686, 6420683.20926 ], [ 522633.63575, 6420689.27777 ], [ 522627.67501, 6420693.32345 ], [ 522620.71529, 6420697.37741 ], [ 522612.76487, 6420702.43865 ], [ 522605.81344, 6420707.4916 ], [ 522597.87132, 6420713.55183 ], [ 522593.89197, 6420715.58296 ], [ 522583.96846, 6420723.65773 ], [ 522572.05528, 6420732.74806 ], [ 522562.13178, 6420740.82283 ], [ 522552.19998, 6420747.89862 ], [ 522538.31371, 6420760.00249 ], [ 522524.41915, 6420771.10737 ], [ 522515.48633, 6420778.17486 ], [ 522515.49463, 6420779.17385 ], [ 522510.53288, 6420783.21123 ], [ 522495.64762, 6420795.32339 ], [ 522482.74375, 6420805.421 ], [ 522469.83987, 6420815.51861 ], [ 522463.89572, 6420821.56225 ], [ 522453.97222, 6420829.63702 ], [ 522451.98254, 6420830.65258 ], [ 522451.98254, 6420830.65258 ], [ 522439.05378, 6420837.75324 ], [ 522432.10235, 6420842.80619 ], [ 522432.11065, 6420843.80517 ], [ 522400.31728, 6420865.04911 ], [ 522388.3958, 6420873.14047 ], [ 522369.5063, 6420884.2868 ], [ 522359.55791, 6420889.36462 ], [ 522358.56722, 6420890.37189 ], [ 522348.61883, 6420895.44971 ], [ 522326.75725, 6420909.61787 ], [ 522313.82849, 6420916.71853 ], [ 522311.83882, 6420917.73409 ], [ 522307.85117, 6420918.76624 ], [ 522302.85623, 6420918.80769 ], [ 522299.85927, 6420918.83256 ], [ 522229.4704, 6420984.35509 ], [ 522213.61104, 6420999.47248 ], [ 522212.62035, 6421000.47975 ], [ 522171.97711, 6421038.78102 ], [ 522151.15599, 6421057.9358 ], [ 522121.41036, 6421085.15706 ], [ 522115.44962, 6421089.20273 ], [ 522077.77015, 6421123.4832 ], [ 522046.01825, 6421149.72205 ], [ 522045.02755, 6421150.72933 ], [ 522041.05649, 6421153.75944 ], [ 522035.10405, 6421158.80409 ], [ 522030.07593, 6421154.84961 ], [ 521995.38513, 6421188.10622 ], [ 521982.48955, 6421199.20281 ], [ 521964.64051, 6421215.33577 ], [ 521916.30759, 6421169.78046 ], [ 521880.98638, 6421127.11433 ], [ 521819.42248, 6421172.58257 ], [ 521828.54607, 6421188.49169 ], [ 521847.43557, 6421177.34536 ], [ 521865.6247, 6421202.17072 ], [ 521886.85227, 6421231.96613 ], [ 521893.91982, 6421240.89895 ], [ 521876.97853, 6421246.0348 ], [ 521865.02386, 6421250.13022 ], [ 521854.0599, 6421253.21836 ], [ 521856.09934, 6421258.1967 ], [ 521893.87474, 6421355.79034 ], [ 521917.76747, 6421345.60154 ], [ 521956.90214, 6421366.25688 ], [ 521980.0945, 6421392.03978 ], [ 521980.0945, 6421392.03978 ], [ 522023.44908, 6421439.63451 ], [ 522087.16027, 6421412.13138 ], [ 522102.54323, 6421459.95824 ], [ 522021.92391, 6421496.59315 ], [ 522026.02769, 6421509.54678 ], [ 522030.07341, 6421515.50752 ], [ 522034.04447, 6421512.47741 ], [ 522042.99388, 6421507.40788 ], [ 522049.94531, 6421502.35493 ], [ 522058.90301, 6421498.28438 ], [ 522067.86071, 6421494.21384 ], [ 522073.82975, 6421491.16714 ], [ 522082.78745, 6421487.0966 ], [ 522091.75345, 6421484.02503 ], [ 522099.73705, 6421482.95973 ], [ 522104.72369, 6421481.91929 ], [ 522110.70931, 6421480.87057 ], [ 522117.69392, 6421479.81355 ], [ 522131.67144, 6421478.6985 ], [ 522140.65403, 6421477.62491 ], [ 522153.62427, 6421475.51917 ], [ 522161.59957, 6421473.45488 ], [ 522168.57589, 6421471.39888 ], [ 522169.57488, 6421471.39059 ], [ 522175.55221, 6421469.34288 ], [ 522178.54087, 6421468.31902 ], [ 522180.53055, 6421467.30346 ], [ 522183.51922, 6421466.2796 ], [ 522187.49857, 6421464.24848 ], [ 522191.47793, 6421462.21735 ], [ 522194.4583, 6421460.19451 ], [ 522195.44899, 6421459.18724 ], [ 522196.44798, 6421459.17895 ], [ 522197.43867, 6421458.17167 ], [ 522198.42107, 6421456.16541 ], [ 522202.38384, 6421452.13632 ], [ 522209.30209, 6421443.08743 ], [ 522209.29379, 6421442.08845 ], [ 522213.24827, 6421437.06037 ], [ 522215.22965, 6421435.04582 ], [ 522219.18412, 6421430.01774 ], [ 522219.18412, 6421430.01774 ], [ 522222.16449, 6421427.99491 ], [ 522226.12726, 6421423.96581 ], [ 522227.12625, 6421423.95752 ], [ 522232.088, 6421419.92013 ], [ 522238.05704, 6421416.87344 ], [ 522240.04671, 6421415.85788 ], [ 522246.01575, 6421412.81118 ], [ 522259.9518, 6421406.70122 ], [ 522271.90646, 6421402.6058 ], [ 522276.8848, 6421400.56638 ], [ 522291.81983, 6421394.44812 ], [ 522304.77348, 6421390.34441 ], [ 522306.77145, 6421390.32783 ] ] ] ] } },
{ "type": "Feature", "properties": { "VALID_GEST": "2024-01-29", "TYPE": "Inscrit", "IDCAUE_EPC": 21 }, "geometry": { "type": "MultiPolygon", "coordinates": [ [ [ [ 525548.4374, 6418591.05433 ], [ 525553.37425, 6418584.02 ], [ 525564.25524, 6418570.94202 ], [ 525566.23662, 6418568.92747 ], [ 525577.14249, 6418558.84643 ], [ 525608.98558, 6418543.59634 ], [ 525645.09839, 6418561.27946 ], [ 525646.13056, 6418565.26709 ], [ 525653.16494, 6418570.20395 ], [ 525658.15157, 6418569.1635 ], [ 525661.16512, 6418571.13659 ], [ 525707.37564, 6418601.72354 ], [ 525735.49657, 6418619.473 ], [ 525786.73521, 6418654.01441 ], [ 525809.83633, 6418668.80839 ], [ 525817.67887, 6418650.76038 ], [ 525782.44889, 6418619.08323 ], [ 525735.31405, 6418597.49541 ], [ 525716.29184, 6418592.65807 ], [ 525679.15516, 6418571.9863 ], [ 525680.12925, 6418568.98106 ], [ 525688.99567, 6418553.9217 ], [ 525691.79351, 6418529.92127 ], [ 525691.77692, 6418527.9233 ], [ 525694.56646, 6418502.92389 ], [ 525653.48362, 6418488.27918 ], [ 525661.40913, 6418480.22099 ], [ 525662.37493, 6418476.21677 ], [ 525653.35087, 6418472.29548 ], [ 525648.33935, 6418470.33898 ], [ 525647.34037, 6418470.34727 ], [ 525647.33207, 6418469.34829 ], [ 525639.307, 6418465.41871 ], [ 525641.26349, 6418460.40722 ], [ 525652.13618, 6418446.33026 ], [ 525649.08115, 6418439.36227 ], [ 525637.06014, 6418435.46585 ], [ 525613.07619, 6418434.6659 ], [ 525607.08228, 6418434.71566 ], [ 525601.03859, 6418428.77153 ], [ 525587.06109, 6418429.88661 ], [ 525583.06515, 6418429.91978 ], [ 525572.0846, 6418431.00999 ], [ 525568.08866, 6418431.04316 ], [ 525563.10203, 6418432.0836 ], [ 525550.12352, 6418433.19039 ], [ 525540.14196, 6418434.2723 ], [ 525527.17174, 6418436.37807 ], [ 525514.19323, 6418437.48486 ], [ 525517.23167, 6418442.45489 ], [ 525521.29398, 6418450.41357 ], [ 525523.33343, 6418455.39189 ], [ 525517.36441, 6418458.43859 ], [ 525519.39557, 6418462.41793 ], [ 525515.41622, 6418464.44906 ], [ 525510.36322, 6418457.49766 ], [ 525505.38488, 6418459.53708 ], [ 525508.45651, 6418468.50304 ], [ 525482.57415, 6418479.70745 ], [ 525474.54078, 6418474.77888 ], [ 525473.55009, 6418475.78616 ], [ 525472.55111, 6418475.79445 ], [ 525471.54383, 6418474.80376 ], [ 525470.55314, 6418475.81103 ], [ 525470.56143, 6418476.81002 ], [ 525470.56973, 6418477.809 ], [ 525470.56973, 6418477.809 ], [ 525471.57701, 6418478.79969 ], [ 525471.58531, 6418479.79867 ], [ 525479.61867, 6418484.72723 ], [ 525473.69943, 6418493.76782 ], [ 525473.7658, 6418501.75967 ], [ 525471.81761, 6418507.77015 ], [ 525468.81236, 6418506.79604 ], [ 525465.8071, 6418505.82194 ], [ 525463.80913, 6418505.83853 ], [ 525457.79863, 6418503.89032 ], [ 525450.77254, 6418499.95244 ], [ 525448.76628, 6418498.97005 ], [ 525433.70683, 6418490.10361 ], [ 525419.62977, 6418479.23091 ], [ 525413.71053, 6418488.2715 ], [ 525410.75505, 6418493.29128 ], [ 525407.80787, 6418499.31005 ], [ 525402.89591, 6418509.34133 ], [ 525462.06835, 6418536.82353 ], [ 525462.07665, 6418537.82252 ], [ 525466.13066, 6418544.78221 ], [ 525469.1608, 6418548.75326 ], [ 525470.15979, 6418548.74497 ], [ 525491.25463, 6418562.55656 ], [ 525512.31629, 6418572.37223 ], [ 525548.4374, 6418591.05433 ] ] ] ] } },
{ "type": "Feature", "properties": { "VALID_GEST": "2024-01-29", "TYPE": "Inscrit", "IDCAUE_EPC": 21 }, "geometry": { "type": "MultiPolygon", "coordinates": [ [ [ [ 526933.6254, 6410109.63419 ], [ 526922.71125, 6410118.71618 ], [ 526897.85283, 6410132.90915 ], [ 526858.06774, 6410154.21934 ], [ 526840.1856, 6410166.35631 ], [ 526806.47734, 6410197.60649 ], [ 526797.56115, 6410206.6719 ], [ 526788.63667, 6410214.73834 ], [ 526788.7445, 6410227.72502 ], [ 526788.80256, 6410234.71785 ], [ 526787.82017, 6410236.72409 ], [ 526774.93293, 6410248.8196 ], [ 526771.96087, 6410251.8414 ], [ 526766.99085, 6410254.87979 ], [ 526753.06316, 6410261.98871 ], [ 526747.10245, 6410266.03437 ], [ 526695.2964, 6410283.44815 ], [ 526692.30774, 6410284.472 ], [ 526656.31952, 6410281.7736 ], [ 526624.38528, 6410286.03485 ], [ 526611.4151, 6410288.1406 ], [ 526605.4378, 6410290.1883 ], [ 526604.43882, 6410290.1966 ], [ 526541.5942, 6410301.70773 ], [ 526493.71772, 6410311.09654 ], [ 526445.83295, 6410319.48636 ], [ 526442.836, 6410319.51124 ], [ 526441.82872, 6410318.52055 ], [ 526439.82247, 6410317.53816 ], [ 526429.67506, 6410298.64055 ], [ 526428.66778, 6410297.64987 ], [ 526427.6688, 6410297.65816 ], [ 526426.67811, 6410298.66542 ], [ 526422.75683, 6410307.68937 ], [ 526388.97392, 6410329.94876 ], [ 526348.12349, 6410343.27542 ], [ 526337.14299, 6410344.3656 ], [ 526333.13877, 6410343.39979 ], [ 526331.1408, 6410343.41638 ], [ 526322.19144, 6410348.48588 ], [ 526318.2121, 6410350.517 ], [ 526317.22141, 6410351.52427 ], [ 526309.40373, 6410372.56909 ], [ 526308.41305, 6410373.57636 ], [ 526309.42032, 6410374.56704 ], [ 526318.43604, 6410377.48934 ], [ 526348.43867, 6410381.23648 ], [ 526347.52263, 6410391.23453 ], [ 526347.63046, 6410404.22121 ], [ 526346.70613, 6410413.22028 ], [ 526347.83782, 6410429.1956 ], [ 526353.82341, 6410428.14687 ], [ 526382.72753, 6410419.9146 ], [ 526415.6027, 6410408.65223 ], [ 526472.38707, 6410389.19905 ], [ 526495.2973, 6410381.01653 ], [ 526562.16273, 6410372.46915 ], [ 526573.14323, 6410371.37896 ], [ 526573.14323, 6410371.37896 ], [ 526587.12069, 6410370.2639 ], [ 526647.00154, 6410362.77354 ], [ 526662.98524, 6410362.64086 ], [ 526680.95862, 6410361.49263 ], [ 526680.95862, 6410361.49263 ], [ 526689.94117, 6410360.41902 ], [ 526701.95383, 6410363.31644 ], [ 526725.00506, 6410372.1165 ], [ 526775.16981, 6410397.67525 ], [ 526779.19891, 6410401.63798 ], [ 526779.19891, 6410401.63798 ], [ 526783.22801, 6410405.60072 ], [ 526802.40773, 6410429.41858 ], [ 526812.52197, 6410444.32029 ], [ 526824.75028, 6410473.19108 ], [ 526833.85724, 6410487.10211 ], [ 526835.8635, 6410488.0845 ], [ 526835.87179, 6410489.08348 ], [ 526842.91443, 6410495.01928 ], [ 526858.98938, 6410505.87534 ], [ 526867.0393, 6410512.80183 ], [ 526877.12865, 6410524.70662 ], [ 526892.33732, 6410551.55458 ], [ 526899.38826, 6410558.48936 ], [ 526908.43715, 6410565.40756 ], [ 526918.49333, 6410573.31645 ], [ 526918.49333, 6410573.31645 ], [ 526932.55372, 6410582.19114 ], [ 526934.55998, 6410583.17353 ], [ 526946.66388, 6410597.05968 ], [ 526949.69401, 6410601.03071 ], [ 526957.82687, 6410617.94696 ], [ 526980.22748, 6410668.7123 ], [ 526981.23476, 6410669.70298 ], [ 526983.2659, 6410673.6823 ], [ 526986.3292, 6410681.64923 ], [ 526997.51706, 6410705.53344 ], [ 527002.59492, 6410715.48174 ], [ 527030.98943, 6410766.19733 ], [ 527034.03614, 6410772.1663 ], [ 527035.04341, 6410773.15699 ], [ 527045.20741, 6410794.05256 ], [ 527051.29254, 6410804.99154 ], [ 527057.42744, 6410821.92438 ], [ 527067.69098, 6410854.80767 ], [ 527067.69098, 6410854.80767 ], [ 527074.86633, 6410876.7271 ], [ 527076.90576, 6410881.70539 ], [ 527079.99395, 6410892.66925 ], [ 527083.07384, 6410902.63414 ], [ 527084.10599, 6410906.62175 ], [ 527089.22532, 6410921.56493 ], [ 527105.49934, 6410956.39642 ], [ 527119.68415, 6410980.25575 ], [ 527130.78078, 6410993.15123 ], [ 527142.84321, 6411002.04251 ], [ 527159.93373, 6411014.88823 ], [ 527166.96808, 6411019.82506 ], [ 527184.04201, 6411030.67283 ], [ 527228.22117, 6411057.28033 ], [ 527229.22015, 6411057.27204 ], [ 527253.28696, 6411068.06176 ], [ 527277.31229, 6411073.8566 ], [ 527295.29397, 6411073.70734 ], [ 527310.26211, 6411071.585 ], [ 527359.13757, 6411062.18788 ], [ 527390.03966, 6411053.939 ], [ 527406.98918, 6411049.80213 ], [ 527424.91279, 6411042.66003 ], [ 527427.90144, 6411041.63617 ], [ 527433.89533, 6411041.58642 ], [ 527457.84602, 6411038.39047 ], [ 527476.81838, 6411037.23393 ], [ 527484.81024, 6411037.16759 ], [ 527495.79904, 6411037.07637 ], [ 527508.7941, 6411037.96755 ], [ 527521.81404, 6411041.85565 ], [ 527533.83501, 6411045.75204 ], [ 527545.88915, 6411053.64434 ], [ 527556.93601, 6411060.54596 ], [ 527563.97035, 6411065.48279 ], [ 527591.12535, 6411087.23637 ], [ 527644.42806, 6411129.75285 ], [ 527669.5685, 6411149.52507 ], [ 527676.41207, 6411131.48544 ], [ 527698.14084, 6411101.33371 ], [ 527688.01831, 6411085.43301 ], [ 527674.90712, 6411070.55617 ], [ 527651.6817, 6411040.77761 ], [ 527638.56222, 6411024.90179 ], [ 527617.36794, 6410999.10255 ], [ 527610.30871, 6410991.16879 ], [ 527589.05637, 6410958.37671 ], [ 527586.00966, 6410952.40773 ], [ 527562.82571, 6410927.62405 ], [ 527550.70522, 6410911.73994 ], [ 527525.45695, 6410878.98104 ], [ 527521.41955, 6410874.01933 ], [ 527505.21189, 6410847.17966 ], [ 527498.10289, 6410833.25204 ], [ 527488.99593, 6410819.341 ], [ 527481.96159, 6410814.40417 ], [ 527458.86058, 6410799.61026 ], [ 527402.60241, 6410762.11355 ], [ 527405.57447, 6410759.09175 ], [ 527408.54653, 6410756.06994 ], [ 527409.52892, 6410754.06369 ], [ 527409.52063, 6410753.06472 ], [ 527408.50506, 6410751.07506 ], [ 527400.43855, 6410742.15061 ], [ 527384.29725, 6410723.30275 ], [ 527368.16424, 6410705.45386 ], [ 527362.10399, 6410697.51181 ], [ 527348.99281, 6410682.63497 ], [ 527334.91582, 6410671.76233 ], [ 527339.67849, 6410643.74954 ], [ 527340.54476, 6410627.75763 ], [ 527337.48975, 6410620.78968 ], [ 527333.41088, 6410610.83309 ], [ 527333.386, 6410607.83616 ], [ 527336.31659, 6410599.81947 ], [ 527348.22972, 6410590.72918 ], [ 527363.17297, 6410585.60991 ], [ 527366.16162, 6410584.58605 ], [ 527379.11521, 6410580.48234 ], [ 527408.07739, 6410579.24288 ], [ 527429.05601, 6410579.06873 ], [ 527434.05921, 6410580.02625 ], [ 527450.09269, 6410585.88742 ], [ 527459.10841, 6410588.80971 ], [ 527481.07772, 6410587.6283 ], [ 527511.96321, 6410577.38146 ], [ 527514.93527, 6410574.35966 ], [ 527519.9053, 6410571.32126 ], [ 527523.76852, 6410555.30448 ], [ 527523.76022, 6410554.3055 ], [ 527531.49495, 6410523.2709 ], [ 527536.44009, 6410517.23558 ], [ 527565.24467, 6410497.01557 ], [ 527569.23231, 6410495.98342 ], [ 527578.21485, 6410494.90981 ], [ 527593.18299, 6410492.78747 ], [ 527604.1552, 6410490.69829 ], [ 527606.15316, 6410490.68171 ], [ 527638.07911, 6410485.42146 ], [ 527648.05234, 6410483.34057 ], [ 527686.96286, 6410477.0233 ], [ 527732.8082, 6410463.65513 ], [ 527732.79991, 6410462.65616 ], [ 527742.77313, 6410460.57527 ], [ 527757.6998, 6410453.45805 ], [ 527787.62778, 6410448.21438 ], [ 527797.59272, 6410445.13452 ], [ 527816.48213, 6410433.98821 ], [ 527823.44183, 6410429.93426 ], [ 527831.43368, 6410429.86791 ], [ 527846.41841, 6410429.74352 ], [ 527852.39571, 6410427.69581 ], [ 527864.35032, 6410423.60039 ], [ 527899.14049, 6410402.33163 ], [ 527907.09087, 6410397.27041 ], [ 527937.90171, 6410378.03278 ], [ 527948.77439, 6410363.95589 ], [ 527950.73918, 6410359.9434 ], [ 527955.73408, 6410359.90193 ], [ 527980.84964, 6410376.67719 ], [ 527985.86943, 6410379.63266 ], [ 527988.87467, 6410380.60675 ], [ 527990.86434, 6410379.59119 ], [ 527990.84775, 6410377.59324 ], [ 527975.58101, 6410343.75245 ], [ 527963.36098, 6410315.88064 ], [ 527986.31268, 6410312.69297 ], [ 527991.29929, 6410311.65252 ], [ 528009.14825, 6410295.51963 ], [ 528009.14825, 6410295.51963 ], [ 528018.08102, 6410288.45216 ], [ 528018.07273, 6410287.45318 ], [ 528032.80862, 6410257.3595 ], [ 528041.65015, 6410239.3033 ], [ 528008.4515, 6410211.60565 ], [ 528003.39853, 6410204.65428 ], [ 528002.39955, 6410204.66257 ], [ 527987.23234, 6410182.8095 ], [ 527977.18446, 6410175.8996 ], [ 527969.12625, 6410167.97414 ], [ 527952.91859, 6410141.13448 ], [ 527931.66625, 6410108.34244 ], [ 527901.60556, 6410097.6025 ], [ 527870.53759, 6410085.87188 ], [ 527849.48432, 6410077.05525 ], [ 527849.48432, 6410077.05525 ], [ 527824.41853, 6410066.27385 ], [ 527822.41228, 6410065.29146 ], [ 527811.382, 6410060.3878 ], [ 527773.19674, 6410033.7306 ], [ 527758.0876, 6410018.87036 ], [ 527747.04074, 6410011.96875 ], [ 527716.00595, 6410004.23404 ], [ 527698.00769, 6410002.38536 ], [ 527693.00449, 6410001.42785 ], [ 527693.00449, 6410001.42785 ], [ 527673.99065, 6409997.58952 ], [ 527670.98541, 6409996.61542 ], [ 527646.9435, 6409988.82265 ], [ 527641.96518, 6409990.86206 ], [ 527594.94668, 6409983.26003 ], [ 527578.93809, 6409980.39579 ], [ 527536.92279, 6409973.75127 ], [ 527468.90909, 6409964.32544 ], [ 527443.90137, 6409960.53686 ], [ 527429.93221, 6409962.65091 ], [ 527428.93323, 6409962.6592 ], [ 527393.99376, 6409965.94638 ], [ 527369.01092, 6409965.15473 ], [ 527325.97176, 6409955.52157 ], [ 527322.97481, 6409955.54645 ], [ 527293.01366, 6409956.79421 ], [ 527249.05846, 6409957.15909 ], [ 527238.20237, 6409973.23392 ], [ 527230.28517, 6409982.29104 ], [ 527224.31616, 6409985.33772 ], [ 527208.43198, 6409997.45812 ], [ 527202.48786, 6410003.50172 ], [ 527200.4899, 6410003.51831 ], [ 527188.53529, 6410007.61373 ], [ 527187.54461, 6410008.62099 ], [ 527167.62303, 6410015.77968 ], [ 527142.73973, 6410026.97572 ], [ 527122.83474, 6410036.13236 ], [ 527104.93601, 6410046.27138 ], [ 527098.96701, 6410049.31806 ], [ 527068.16446, 6410069.55465 ], [ 527061.18818, 6410071.61065 ], [ 527030.01238, 6410046.89333 ], [ 527006.19441, 6410066.07289 ], [ 526994.29787, 6410077.16113 ], [ 526981.37746, 6410085.26073 ], [ 526981.37746, 6410085.26073 ], [ 526962.48805, 6410096.40702 ], [ 526948.55207, 6410102.51697 ], [ 526933.6254, 6410109.63419 ] ] ] ] } },
{ "type": "Feature", "properties": { "VALID_GEST": "2024-01-29", "TYPE": "Inscrit", "IDCAUE_EPC": 21 }, "geometry": { "type": "MultiPolygon", "coordinates": [ [ [ [ 515685.25399, 6416482.99304 ], [ 515686.33589, 6416492.97455 ], [ 515686.33589, 6416492.97455 ], [ 515692.78584, 6416547.86871 ], [ 515692.79413, 6416548.86769 ], [ 515693.87603, 6416558.8492 ], [ 515689.88008, 6416558.88236 ], [ 515687.88211, 6416558.89895 ], [ 515684.88515, 6416558.92382 ], [ 515681.88819, 6416558.94869 ], [ 515677.89224, 6416558.98186 ], [ 515672.88902, 6416558.02433 ], [ 515668.88478, 6416557.05852 ], [ 515662.87427, 6416555.1103 ], [ 515657.87105, 6416554.15278 ], [ 515654.85751, 6416552.17969 ], [ 515649.85428, 6416551.22217 ], [ 515646.84903, 6416550.24806 ], [ 515643.84378, 6416549.27396 ], [ 515641.82922, 6416547.29258 ], [ 515638.82397, 6416546.31847 ], [ 515635.81043, 6416544.34538 ], [ 515632.79688, 6416542.3723 ], [ 515628.77606, 6416539.40852 ], [ 515625.76252, 6416537.43543 ], [ 515621.74999, 6416535.47064 ], [ 515618.74474, 6416534.49653 ], [ 515615.73948, 6416533.52243 ], [ 515612.73423, 6416532.54832 ], [ 515609.72069, 6416530.57523 ], [ 515606.72373, 6416530.60011 ], [ 515603.71848, 6416529.626 ], [ 515600.71323, 6416528.65189 ], [ 515598.71525, 6416528.66847 ], [ 515594.71931, 6416528.70164 ], [ 515591.71405, 6416527.72753 ], [ 515588.71709, 6416527.75241 ], [ 515586.71912, 6416527.76899 ], [ 515584.72115, 6416527.78557 ], [ 515582.73146, 6416528.80113 ], [ 515580.73349, 6416528.81771 ], [ 515570.7685, 6416531.89757 ], [ 515562.79318, 6416533.96186 ], [ 515553.81889, 6416536.03444 ], [ 515544.84459, 6416538.10702 ], [ 515535.87029, 6416540.1796 ], [ 515526.89599, 6416542.25218 ], [ 515514.93302, 6416545.34861 ], [ 515503.96904, 6416548.43675 ], [ 515495.99373, 6416550.50104 ], [ 515495.99373, 6416550.50104 ], [ 515492.01437, 6416552.53217 ], [ 515490.01639, 6416552.54875 ], [ 515488.02671, 6416553.56431 ], [ 515487.03601, 6416554.57158 ], [ 515485.04633, 6416555.58714 ], [ 515484.05564, 6416556.59441 ], [ 515484.06393, 6416557.59339 ], [ 515483.07323, 6416558.60067 ], [ 515483.08982, 6416560.59863 ], [ 515483.09811, 6416561.59761 ], [ 515484.13855, 6416566.58422 ], [ 515484.18001, 6416571.57912 ], [ 515485.22874, 6416577.56471 ], [ 515486.26089, 6416581.55234 ], [ 515487.32621, 6416589.53589 ], [ 515488.35836, 6416593.52352 ], [ 515488.35836, 6416593.52352 ], [ 515489.41539, 6416600.50809 ], [ 515490.4807, 6416608.49164 ], [ 515491.52944, 6416614.47723 ], [ 515492.57817, 6416620.46282 ], [ 515492.61134, 6416624.45874 ], [ 515493.6352, 6416627.44739 ], [ 515493.66007, 6416630.44433 ], [ 515493.69324, 6416634.44025 ], [ 515492.71913, 6416637.44548 ], [ 515492.76058, 6416642.44038 ], [ 515492.79375, 6416646.43631 ], [ 515492.8352, 6416651.43121 ], [ 515488.89729, 6416658.45723 ], [ 515487.93976, 6416663.46043 ], [ 515487.97293, 6416667.45635 ], [ 515488.02268, 6416673.45023 ], [ 515488.05584, 6416677.44615 ], [ 515488.08901, 6416681.44207 ], [ 515489.11287, 6416684.43072 ], [ 515490.15331, 6416689.41733 ], [ 515490.19477, 6416694.41223 ], [ 515491.25179, 6416701.3968 ], [ 515493.29122, 6416706.37512 ], [ 515493.29122, 6416706.37512 ], [ 515493.30781, 6416708.37308 ], [ 515495.37211, 6416716.34834 ], [ 515496.40426, 6416720.33597 ], [ 515497.43641, 6416724.3236 ], [ 515498.49344, 6416731.30817 ], [ 515500.54116, 6416737.28547 ], [ 515501.59819, 6416744.27005 ], [ 515503.6542, 6416751.24633 ], [ 515504.71123, 6416758.2309 ], [ 515506.77553, 6416766.20616 ], [ 515508.83154, 6416773.18244 ], [ 515510.90414, 6416782.15668 ], [ 515511.95287, 6416788.14227 ], [ 515513.0099, 6416795.12684 ], [ 515515.0742, 6416803.1021 ], [ 515516.1561, 6416813.08361 ], [ 515518.23699, 6416823.05684 ], [ 515519.30231, 6416831.04039 ], [ 515520.38421, 6416841.0219 ], [ 515521.45782, 6416850.00443 ], [ 515522.48997, 6416853.99206 ], [ 515523.54699, 6416860.97664 ], [ 515524.58744, 6416865.96325 ], [ 515525.63617, 6416871.94884 ], [ 515525.68592, 6416877.94272 ], [ 515526.74295, 6416884.92729 ], [ 515528.857, 6416898.89644 ], [ 515529.92232, 6416906.87999 ], [ 515530.96276, 6416911.8666 ], [ 515532.0115, 6416917.85219 ], [ 515533.10169, 6416928.83269 ], [ 515535.19086, 6416939.80489 ], [ 515536.26447, 6416948.78742 ], [ 515537.30492, 6416953.77403 ], [ 515537.33808, 6416957.76996 ], [ 515538.34536, 6416958.76064 ], [ 515538.35365, 6416959.75963 ], [ 515539.35264, 6416959.75133 ], [ 515540.35163, 6416959.74304 ], [ 515541.35061, 6416959.73475 ], [ 515547.31137, 6416955.68908 ], [ 515556.2608, 6416950.61956 ], [ 515564.21124, 6416945.55833 ], [ 515570.18029, 6416942.51164 ], [ 515570.17199, 6416941.51266 ], [ 515580.2282, 6416949.42159 ], [ 515619.50376, 6416987.0595 ], [ 515652.72737, 6417017.75428 ], [ 515661.79287, 6417026.67049 ], [ 515685.96756, 6417050.44703 ], [ 515710.13395, 6417073.22459 ], [ 515754.43763, 6417114.81696 ], [ 515802.77871, 6417161.37107 ], [ 515848.08967, 6417203.95413 ], [ 515864.20613, 6417219.80515 ], [ 515873.18872, 6417218.73155 ], [ 515876.19398, 6417219.70566 ], [ 515880.18992, 6417219.67249 ], [ 515883.19518, 6417220.6466 ], [ 515886.20872, 6417222.61969 ], [ 515890.22125, 6417224.58448 ], [ 515892.23581, 6417226.56586 ], [ 515895.24936, 6417228.53895 ], [ 515896.26493, 6417230.52862 ], [ 515898.27948, 6417232.51 ], [ 515902.32518, 6417238.47072 ], [ 515904.35632, 6417242.45005 ], [ 515908.39373, 6417247.41179 ], [ 515910.42487, 6417251.39113 ], [ 515913.455, 6417255.36218 ], [ 515915.46956, 6417257.34356 ], [ 515918.49968, 6417261.31461 ], [ 515921.52981, 6417265.28566 ], [ 515925.55893, 6417269.24841 ], [ 515928.58076, 6417272.22048 ], [ 515931.59431, 6417274.19357 ], [ 515932.60159, 6417275.18426 ], [ 515934.60785, 6417276.16666 ], [ 515938.62039, 6417278.13145 ], [ 515943.62361, 6417279.08898 ], [ 515948.63513, 6417281.04548 ], [ 515955.64463, 6417282.9854 ], [ 515960.64786, 6417283.94292 ], [ 515965.65938, 6417285.89943 ], [ 515969.67191, 6417287.86422 ], [ 515973.67615, 6417288.83004 ], [ 515977.68868, 6417290.79483 ], [ 515978.68767, 6417290.78654 ], [ 515979.68665, 6417290.77825 ], [ 515981.67634, 6417289.76269 ], [ 515987.65368, 6417287.71498 ], [ 515992.64032, 6417286.67454 ], [ 515994.63001, 6417285.65898 ], [ 515999.60007, 6417282.62058 ], [ 516007.55051, 6417277.55934 ], [ 516013.52785, 6417275.51163 ], [ 516016.50823, 6417273.4888 ], [ 516015.4512, 6417266.50422 ], [ 516015.40145, 6417260.51034 ], [ 516019.26473, 6417244.49348 ], [ 516023.17776, 6417234.47051 ], [ 516029.09706, 6417225.42993 ], [ 516034.03396, 6417218.39561 ], [ 516037.98845, 6417213.36754 ], [ 516041.95123, 6417209.33845 ], [ 516049.89338, 6417203.27824 ], [ 516058.8511, 6417199.20769 ], [ 516065.81084, 6417195.15373 ], [ 516087.71394, 6417185.98049 ], [ 516108.61804, 6417176.81554 ], [ 516130.52943, 6417168.64128 ], [ 516137.49746, 6417165.5863 ], [ 516142.45923, 6417161.54892 ], [ 516144.44891, 6417160.53336 ], [ 516148.4117, 6417156.50427 ], [ 516150.39309, 6417154.48972 ], [ 516152.37448, 6417152.47518 ], [ 516155.37973, 6417153.44928 ], [ 516162.39752, 6417156.38819 ], [ 516168.40802, 6417158.3364 ], [ 516172.40397, 6417158.30323 ], [ 516176.40821, 6417159.26904 ], [ 516184.40011, 6417159.20271 ], [ 516186.39809, 6417159.18613 ], [ 516211.36447, 6417157.97986 ], [ 516217.3584, 6417157.93011 ], [ 516222.34504, 6417156.88967 ], [ 516228.32238, 6417154.84196 ], [ 516228.3058, 6417152.844 ], [ 516226.28295, 6417149.86364 ], [ 516225.25079, 6417145.87601 ], [ 516223.21136, 6417140.89769 ], [ 516222.17921, 6417136.91006 ], [ 516221.14705, 6417132.92243 ], [ 516221.13047, 6417130.92447 ], [ 516220.1149, 6417128.9348 ], [ 516220.07344, 6417123.93989 ], [ 516219.01641, 6417116.95532 ], [ 516217.96767, 6417110.96973 ], [ 516216.90235, 6417102.98618 ], [ 516215.82874, 6417094.00364 ], [ 516212.67423, 6417075.04789 ], [ 516210.51872, 6417056.08384 ], [ 516208.42124, 6417044.11266 ], [ 516206.30718, 6417030.14351 ], [ 516204.17654, 6417014.17641 ], [ 516203.1278, 6417008.19082 ], [ 516202.07077, 6417001.20625 ], [ 516201.03862, 6416997.21862 ], [ 516201.02204, 6416995.22065 ], [ 516200.00647, 6416993.23099 ], [ 516198.99919, 6416992.2403 ], [ 516204.81898, 6416971.21196 ], [ 516207.80765, 6416970.1881 ], [ 516212.786, 6416968.14868 ], [ 516214.77569, 6416967.13312 ], [ 516216.76537, 6416966.11756 ], [ 516223.7334, 6416963.06257 ], [ 516230.70144, 6416960.00759 ], [ 516236.67048, 6416956.9609 ], [ 516239.65086, 6416954.93806 ], [ 516249.59927, 6416949.86024 ], [ 516253.57864, 6416947.82912 ], [ 516260.53009, 6416942.77617 ], [ 516264.50116, 6416939.74607 ], [ 516276.43926, 6416933.65268 ], [ 516279.42793, 6416932.62883 ], [ 516283.41558, 6416931.59668 ], [ 516290.38362, 6416928.5417 ], [ 516297.33507, 6416923.48875 ], [ 516306.28449, 6416918.41923 ], [ 516310.26385, 6416916.3881 ], [ 516316.22461, 6416912.34243 ], [ 516320.18739, 6416908.31334 ], [ 516347.06883, 6416897.10068 ], [ 516353.02129, 6416892.05603 ], [ 516356.00167, 6416890.03319 ], [ 516357.98306, 6416888.01865 ], [ 516362.93654, 6416882.98229 ], [ 516368.889, 6416877.93763 ], [ 516373.84248, 6416872.90127 ], [ 516378.80424, 6416868.86389 ], [ 516380.78563, 6416866.84935 ], [ 516383.75772, 6416863.82753 ], [ 516390.68429, 6416855.77765 ], [ 516391.67499, 6416854.77038 ], [ 516394.64707, 6416851.74856 ], [ 516395.62948, 6416849.74231 ], [ 516397.61916, 6416848.72674 ], [ 516399.60884, 6416847.71118 ], [ 516404.5789, 6416844.67278 ], [ 516409.54896, 6416841.63438 ], [ 516427.44781, 6416831.49532 ], [ 516439.3859, 6416825.40194 ], [ 516443.35697, 6416822.37183 ], [ 516446.34564, 6416821.34798 ], [ 516448.33532, 6416820.33241 ], [ 516450.32501, 6416819.31685 ], [ 516453.31367, 6416818.29299 ], [ 516457.29304, 6416816.26187 ], [ 516462.27968, 6416815.22143 ], [ 516466.26734, 6416814.18928 ], [ 516469.25601, 6416813.16542 ], [ 516473.24366, 6416812.13328 ], [ 516477.23132, 6416811.10113 ], [ 516484.21594, 6416810.0441 ], [ 516490.20986, 6416809.99435 ], [ 516495.1965, 6416808.95391 ], [ 516503.17181, 6416806.88962 ], [ 516509.15744, 6416805.84089 ], [ 516512.1544, 6416805.81601 ], [ 516515.14307, 6416804.79216 ], [ 516517.14105, 6416804.77557 ], [ 516519.13073, 6416803.76001 ], [ 516521.1287, 6416803.74343 ], [ 516525.10807, 6416801.7123 ], [ 516528.08015, 6416798.69048 ], [ 516534.0492, 6416795.64379 ], [ 516540.00995, 6416791.59812 ], [ 516546.96969, 6416787.54415 ], [ 516551.93146, 6416783.50677 ], [ 516557.9005, 6416780.46008 ], [ 516563.86955, 6416777.41339 ], [ 516565.85094, 6416775.39884 ], [ 516571.81999, 6416772.35215 ], [ 516573.80138, 6416770.33761 ], [ 516579.77871, 6416768.2899 ], [ 516583.75808, 6416766.25877 ], [ 516590.7344, 6416764.20276 ], [ 516584.67414, 6416756.26067 ], [ 516578.58901, 6416745.32164 ], [ 516578.56414, 6416742.3247 ], [ 516576.55787, 6416741.3423 ], [ 516574.51844, 6416736.36399 ], [ 516571.47172, 6416730.39498 ], [ 516568.44159, 6416726.42393 ], [ 516565.38659, 6416719.45595 ], [ 516563.34716, 6416714.47763 ], [ 516561.30772, 6416709.49931 ], [ 516560.29215, 6416707.50964 ], [ 516557.16252, 6416691.55084 ], [ 516554.04118, 6416676.59101 ], [ 516550.91155, 6416660.6322 ], [ 516547.78191, 6416644.67339 ], [ 516544.65228, 6416628.71459 ], [ 516542.60456, 6416622.73729 ], [ 516539.4998, 6416609.77542 ], [ 516537.41062, 6416598.80322 ], [ 516532.24155, 6416577.8661 ], [ 516531.2094, 6416573.87847 ], [ 516531.19281, 6416571.88051 ], [ 516529.13679, 6416564.90423 ], [ 516526.04033, 6416552.94135 ], [ 516524.99159, 6416546.95576 ], [ 516522.9107, 6416536.98254 ], [ 516520.81322, 6416525.01136 ], [ 516519.75619, 6416518.02679 ], [ 516518.72404, 6416514.03916 ], [ 516522.71169, 6416513.00702 ], [ 516525.68378, 6416509.9852 ], [ 516530.65383, 6416506.9468 ], [ 516534.6332, 6416504.91567 ], [ 516539.60326, 6416501.87728 ], [ 516543.57433, 6416498.84717 ], [ 516548.54439, 6416495.80877 ], [ 516554.52172, 6416493.76106 ], [ 516558.50109, 6416491.72993 ], [ 516564.48671, 6416490.6812 ], [ 516570.46405, 6416488.63349 ], [ 516576.44139, 6416486.58578 ], [ 516583.41771, 6416484.52977 ], [ 516591.39302, 6416482.46548 ], [ 516613.33756, 6416478.28714 ], [ 516616.33452, 6416478.26226 ], [ 516623.31084, 6416476.20626 ], [ 516627.2985, 6416475.17411 ], [ 516641.25115, 6416471.0621 ], [ 516650.22544, 6416468.98951 ], [ 516658.20075, 6416466.92522 ], [ 516667.17505, 6416464.85263 ], [ 516678.14732, 6416462.76346 ], [ 516688.1206, 6416460.68258 ], [ 516711.04755, 6416454.49799 ], [ 516718.02387, 6416452.44198 ], [ 516728.97956, 6416448.35485 ], [ 516731.96822, 6416447.33099 ], [ 516749.92511, 6416444.1848 ], [ 516769.87167, 6416440.02304 ], [ 516770.87066, 6416440.01475 ], [ 516778.85426, 6416438.94943 ], [ 516779.85325, 6416438.94114 ], [ 516781.85122, 6416438.92455 ], [ 516793.82248, 6416436.82709 ], [ 516799.8164, 6416436.77734 ], [ 516807.8, 6416435.71202 ], [ 516817.78987, 6416435.6291 ], [ 516818.78886, 6416435.62081 ], [ 516823.7755, 6416434.58037 ], [ 516832.76638, 6416434.50574 ], [ 516846.7439, 6416433.39067 ], [ 516875.70622, 6416432.15122 ], [ 516878.71148, 6416433.12533 ], [ 516882.70742, 6416433.09216 ], [ 516883.70641, 6416433.08387 ], [ 516889.70862, 6416434.03309 ], [ 516893.71286, 6416434.9989 ], [ 516896.70982, 6416434.97403 ], [ 516898.7078, 6416434.95744 ], [ 516906.69969, 6416434.89111 ], [ 516913.6926, 6416434.83306 ], [ 516925.68044, 6416434.73356 ], [ 516934.66303, 6416433.65995 ], [ 516936.661, 6416433.64336 ], [ 516940.66524, 6416434.60918 ], [ 516949.66441, 6416435.53353 ], [ 516958.66358, 6416436.45788 ], [ 516972.65769, 6416437.34077 ], [ 516986.6518, 6416438.22366 ], [ 516997.64065, 6416438.13244 ], [ 517004.64185, 6416439.07338 ], [ 517008.64609, 6416440.03919 ], [ 517014.6483, 6416440.98842 ], [ 517021.65779, 6416442.92833 ], [ 517026.66102, 6416443.88585 ], [ 517031.66425, 6416444.84337 ], [ 517037.66646, 6416445.7926 ], [ 517044.66766, 6416446.73353 ], [ 517053.67512, 6416448.65686 ], [ 517057.67936, 6416449.62267 ], [ 517058.68664, 6416450.61336 ], [ 517060.68462, 6416450.59678 ], [ 517066.70341, 6416453.54396 ], [ 517073.7129, 6416455.48388 ], [ 517079.7317, 6416458.43106 ], [ 517087.77335, 6416464.35861 ], [ 517095.80671, 6416469.28717 ], [ 517105.84633, 6416475.19813 ], [ 517117.89221, 6416482.09148 ], [ 517128.93912, 6416488.99312 ], [ 517139.99431, 6416496.89375 ], [ 517161.31302, 6416537.67779 ], [ 517163.33587, 6416540.65815 ], [ 517172.2687, 6416533.59066 ], [ 517175.24079, 6416530.56884 ], [ 517178.22116, 6416528.546 ], [ 517184.18191, 6416524.50033 ], [ 517188.15298, 6416521.47022 ], [ 517193.11475, 6416517.43284 ], [ 517196.08683, 6416514.41102 ], [ 517204.9782, 6416502.34863 ], [ 517214.86856, 6416490.27795 ], [ 517228.70511, 6416472.18021 ], [ 517241.56756, 6416457.08771 ], [ 517248.47754, 6416447.03987 ], [ 517260.32441, 6416429.9577 ], [ 517273.14539, 6416409.8703 ], [ 517278.07398, 6416401.83699 ], [ 517280.03879, 6416397.82449 ], [ 517281.9953, 6416392.81301 ], [ 517285.9249, 6416384.788 ], [ 517288.86382, 6416377.77026 ], [ 517291.81932, 6416372.75048 ], [ 517297.71373, 6416360.71297 ], [ 517305.58952, 6416346.66091 ], [ 517313.44874, 6416330.61089 ], [ 517319.36803, 6416321.57032 ], [ 517321.32454, 6416316.55883 ], [ 517328.23452, 6416306.51099 ], [ 517338.10829, 6416292.44235 ], [ 517345.02657, 6416283.39348 ], [ 517348.97276, 6416277.36643 ], [ 517352.92724, 6416272.33836 ], [ 517356.86514, 6416265.31233 ], [ 517361.80203, 6416258.27801 ], [ 517364.73265, 6416250.2613 ], [ 517368.65396, 6416241.23731 ], [ 517371.60116, 6416235.21855 ], [ 517374.54008, 6416228.20081 ], [ 517378.43651, 6416216.17989 ], [ 517381.34226, 6416205.16623 ], [ 517381.30909, 6416201.17031 ], [ 517381.28421, 6416198.17337 ], [ 517380.26034, 6416195.18472 ], [ 517381.20128, 6416188.18357 ], [ 517381.16811, 6416184.18765 ], [ 517382.12564, 6416179.18446 ], [ 517383.06658, 6416172.18331 ], [ 517385.03138, 6416168.17081 ], [ 517387.00447, 6416165.15728 ], [ 517386.98789, 6416163.15932 ], [ 517389.91851, 6416155.14261 ], [ 517391.84185, 6416146.13521 ], [ 517393.80665, 6416142.1227 ], [ 517395.75487, 6416136.11224 ], [ 517399.70106, 6416130.08519 ], [ 517405.63693, 6416123.04258 ], [ 517413.55419, 6416113.98542 ], [ 517414.53659, 6416111.97917 ], [ 517419.49006, 6416106.94281 ], [ 517424.44353, 6416101.90644 ], [ 517433.35149, 6416091.84201 ], [ 517443.24184, 6416079.77133 ], [ 517456.10428, 6416064.67883 ], [ 517466.99362, 6416052.59986 ], [ 517475.90157, 6416042.53543 ], [ 517484.80952, 6416032.471 ], [ 517499.67822, 6416018.3609 ], [ 517511.57484, 6416007.27261 ], [ 517520.49109, 6415998.20716 ], [ 517524.45386, 6415994.17807 ], [ 517527.44253, 6415993.15422 ], [ 517530.41461, 6415990.1324 ], [ 517524.37094, 6415984.18828 ], [ 517519.32625, 6415978.23586 ], [ 517509.26175, 6415969.32797 ], [ 517499.19725, 6415960.42008 ], [ 517492.1463, 6415953.48527 ], [ 517482.07351, 6415943.5784 ], [ 517466.96433, 6415928.71809 ], [ 517460.92895, 6415923.77295 ], [ 517458.8978, 6415919.79361 ], [ 517460.8709, 6415916.78009 ], [ 517424.71666, 6415894.10209 ], [ 517415.71749, 6415893.17774 ], [ 517402.73067, 6415893.28554 ], [ 517397.75232, 6415895.32496 ], [ 517393.78125, 6415898.35507 ], [ 517378.83792, 6415903.47436 ], [ 517365.88426, 6415907.57808 ], [ 517350.93264, 6415911.69838 ], [ 517336.96341, 6415913.81243 ], [ 517318.99824, 6415915.95966 ], [ 517302.04035, 6415919.09757 ], [ 517294.04017, 6415918.16492 ], [ 517291.03492, 6415917.19082 ], [ 517277.03252, 6415915.30896 ], [ 517262.02285, 6415912.4364 ], [ 517255.02165, 6415911.49547 ], [ 517243.03381, 6415911.59498 ], [ 517234.03464, 6415910.67063 ], [ 517232.04496, 6415911.68619 ], [ 517225.07694, 6415914.74118 ], [ 517217.10992, 6415917.80445 ], [ 517211.1243, 6415918.85319 ], [ 517207.13664, 6415919.88534 ], [ 517201.13443, 6415918.93611 ], [ 517195.14051, 6415918.98586 ], [ 517191.14457, 6415919.01903 ], [ 517188.14761, 6415919.04391 ], [ 517183.17755, 6415922.08231 ], [ 517180.18059, 6415922.10719 ], [ 517177.19193, 6415923.13104 ], [ 517173.18769, 6415922.16523 ], [ 517171.18142, 6415921.18284 ], [ 517169.17516, 6415920.20044 ], [ 517167.16889, 6415919.21805 ], [ 517163.17295, 6415919.25122 ], [ 517159.177, 6415919.28439 ], [ 517156.18004, 6415919.30926 ], [ 517153.18308, 6415919.33414 ], [ 517147.18087, 6415918.38491 ], [ 517146.17359, 6415917.39423 ], [ 517143.17664, 6415917.4191 ], [ 517140.16309, 6415915.44602 ], [ 517138.15683, 6415914.46363 ], [ 517133.11214, 6415908.51121 ], [ 517131.09758, 6415906.52983 ], [ 517130.0903, 6415905.53915 ], [ 517126.07777, 6415903.57436 ], [ 517120.06727, 6415901.62615 ], [ 517115.05575, 6415899.66965 ], [ 517075.25385, 6415918.98195 ], [ 517044.40137, 6415933.22473 ], [ 517019.52621, 6415945.41979 ], [ 517015.54685, 6415947.45092 ], [ 517003.60877, 6415953.5443 ], [ 516998.62213, 6415954.58474 ], [ 516991.63752, 6415955.64176 ], [ 516987.64157, 6415955.67493 ], [ 516985.65189, 6415956.6905 ], [ 516982.65493, 6415956.71537 ], [ 516976.68589, 6415959.76206 ], [ 516964.73951, 6415964.85647 ], [ 516946.83239, 6415973.99654 ], [ 516932.89633, 6415980.10651 ], [ 516924.92102, 6415982.17081 ], [ 516909.9611, 6415985.29213 ], [ 516894.0022, 6415988.42174 ], [ 516870.05969, 6415992.61667 ], [ 516845.1182, 6415996.81989 ], [ 516820.17671, 6416001.02311 ], [ 516801.22084, 6416004.17759 ], [ 516792.24655, 6416006.25018 ], [ 516787.25161, 6416006.29164 ], [ 516786.25263, 6416006.29993 ], [ 516784.25465, 6416006.31652 ], [ 516782.24839, 6416005.33412 ], [ 516773.21605, 6416000.41385 ], [ 516751.14713, 6415989.6075 ], [ 516730.07721, 6415978.79285 ], [ 516708.00829, 6415967.9865 ], [ 516706.00203, 6415967.0041 ], [ 516693.96444, 6415961.10973 ], [ 516683.92482, 6415955.19877 ], [ 516682.91754, 6415954.20808 ], [ 516678.90501, 6415952.24329 ], [ 516664.85287, 6415944.36754 ], [ 516647.79547, 6415935.51768 ], [ 516644.79022, 6415934.54358 ], [ 516641.78497, 6415933.56948 ], [ 516636.78174, 6415932.61196 ], [ 516625.77631, 6415930.70521 ], [ 516610.75834, 6415926.83367 ], [ 516599.75291, 6415924.92692 ], [ 516592.74342, 6415922.987 ], [ 516586.73292, 6415921.03879 ], [ 516580.71412, 6415918.0916 ], [ 516575.69432, 6415915.13612 ], [ 516567.66096, 6415910.20756 ], [ 516559.63591, 6415906.27798 ], [ 516552.60154, 6415901.34112 ], [ 516547.57344, 6415897.38666 ], [ 516543.55262, 6415894.42289 ], [ 516540.53078, 6415891.45083 ], [ 516533.48813, 6415885.51499 ], [ 516526.42889, 6415877.5812 ], [ 516518.37066, 6415869.65569 ], [ 516517.36338, 6415868.66501 ], [ 516516.3644, 6415868.6733 ], [ 516512.32699, 6415863.71157 ], [ 516507.2906, 6415858.75813 ], [ 516503.26149, 6415854.79538 ], [ 516501.25522, 6415853.81298 ], [ 516498.24168, 6415851.8399 ], [ 516493.22187, 6415848.88442 ], [ 516486.1958, 6415844.94654 ], [ 516479.16973, 6415841.00866 ], [ 516471.14467, 6415837.07908 ], [ 516466.12486, 6415834.1236 ], [ 516454.08727, 6415828.22922 ], [ 516443.04038, 6415821.32758 ], [ 516435.00703, 6415816.39901 ], [ 516431.99349, 6415814.42593 ], [ 516429.97893, 6415812.44455 ], [ 516426.9488, 6415808.47351 ], [ 516421.91241, 6415803.52007 ], [ 516414.86147, 6415796.58525 ], [ 516410.83235, 6415792.6225 ], [ 516404.78868, 6415786.67837 ], [ 516399.75229, 6415781.72494 ], [ 516395.72318, 6415777.76218 ], [ 516392.70135, 6415774.79012 ], [ 516390.68679, 6415772.80874 ], [ 516388.68052, 6415771.82635 ], [ 516385.66698, 6415769.85326 ], [ 516381.64616, 6415766.88949 ], [ 516376.62635, 6415763.93401 ], [ 516371.60655, 6415760.97853 ], [ 516369.60028, 6415759.99614 ], [ 516371.56509, 6415755.98363 ], [ 516372.56407, 6415755.97534 ], [ 516373.54648, 6415753.96909 ], [ 516376.53514, 6415752.94524 ], [ 516379.50723, 6415749.92342 ], [ 516389.47221, 6415746.84357 ], [ 516397.43094, 6415742.78132 ], [ 516404.39897, 6415739.72634 ], [ 516410.3763, 6415737.67863 ], [ 516415.35465, 6415735.63921 ], [ 516420.33299, 6415733.59979 ], [ 516424.31236, 6415731.56867 ], [ 516429.2907, 6415729.52925 ], [ 516433.27836, 6415728.4971 ], [ 516438.28158, 6415729.45462 ], [ 516441.28683, 6415730.42873 ], [ 516444.28379, 6415730.40385 ], [ 516449.27043, 6415729.36341 ], [ 516453.25808, 6415728.33127 ], [ 516459.23542, 6415726.28356 ], [ 516462.22408, 6415725.2597 ], [ 516468.20971, 6415724.21097 ], [ 516475.18603, 6415722.15497 ], [ 516487.12411, 6415716.06159 ], [ 516491.09518, 6415713.03149 ], [ 516496.07353, 6415710.99207 ], [ 516502.04257, 6415707.94538 ], [ 516509.00231, 6415703.89142 ], [ 516512.98167, 6415701.8603 ], [ 516514.97135, 6415700.84473 ], [ 516517.96001, 6415699.82088 ], [ 516524.92804, 6415696.7659 ], [ 516532.90335, 6415694.7016 ], [ 516538.87239, 6415691.65491 ], [ 516546.83111, 6415687.59266 ], [ 516554.78983, 6415683.53041 ], [ 516562.74856, 6415679.46816 ], [ 516569.70829, 6415675.4142 ], [ 516571.69797, 6415674.39863 ], [ 516572.68867, 6415673.39136 ], [ 516577.65043, 6415669.35399 ], [ 516582.61219, 6415665.31661 ], [ 516587.58225, 6415662.27821 ], [ 516590.55433, 6415659.2564 ], [ 516594.5254, 6415656.22629 ], [ 516600.49444, 6415653.1796 ], [ 516605.4645, 6415650.1412 ], [ 516608.44487, 6415648.11837 ], [ 516612.40765, 6415644.08928 ], [ 516617.36112, 6415639.05293 ], [ 516623.31358, 6415634.00828 ], [ 516623.31358, 6415634.00828 ], [ 516624.29598, 6415632.00203 ], [ 516627.23489, 6415624.9843 ], [ 516628.22559, 6415623.97703 ], [ 516629.1997, 6415620.9718 ], [ 516633.15418, 6415615.94373 ], [ 516636.11797, 6415611.92294 ], [ 516640.08075, 6415607.89385 ], [ 516645.0508, 6415604.85546 ], [ 516648.02289, 6415601.83364 ], [ 516652.99294, 6415598.79524 ], [ 516657.963, 6415595.75685 ], [ 516661.93406, 6415592.72674 ], [ 516663.90716, 6415589.71322 ], [ 516668.86892, 6415585.67584 ], [ 516670.85031, 6415583.6613 ], [ 516672.81512, 6415579.6488 ], [ 516675.7872, 6415576.62698 ], [ 516678.7344, 6415570.60823 ], [ 516679.71681, 6415568.60198 ], [ 516679.70851, 6415567.603 ], [ 516680.69092, 6415565.59675 ], [ 516681.65673, 6415561.59254 ], [ 516681.58211, 6415552.60173 ], [ 516682.53134, 6415546.59956 ], [ 516683.48057, 6415540.59739 ], [ 516682.44013, 6415535.61079 ], [ 516683.40594, 6415531.60658 ], [ 516683.36448, 6415526.61168 ], [ 516683.32302, 6415521.61678 ], [ 516683.28986, 6415517.62087 ], [ 516683.26498, 6415514.62393 ], [ 516684.23909, 6415511.6187 ], [ 516685.2132, 6415508.61347 ], [ 516686.20389, 6415507.6062 ], [ 516686.20389, 6415507.6062 ], [ 516687.1863, 6415505.59995 ], [ 516689.15939, 6415502.58642 ], [ 516692.13977, 6415500.56359 ], [ 516697.10153, 6415496.52621 ], [ 516702.07158, 6415493.48782 ], [ 516704.06126, 6415492.47225 ], [ 516709.02302, 6415488.43488 ], [ 516714.98377, 6415484.38921 ], [ 516718.95484, 6415481.3591 ], [ 516722.91762, 6415477.33002 ], [ 516724.88242, 6415473.31752 ], [ 516727.83792, 6415468.29774 ], [ 516729.81101, 6415465.28422 ], [ 516732.74164, 6415457.26751 ], [ 516733.69916, 6415452.26432 ], [ 516735.63909, 6415445.25488 ], [ 516735.60592, 6415441.25897 ], [ 516737.56243, 6415436.24749 ], [ 516737.53756, 6415433.25055 ], [ 516737.4961, 6415428.25565 ], [ 516736.4059, 6415417.27517 ], [ 516736.3976, 6415416.27619 ], [ 516736.30639, 6415405.28742 ], [ 516735.21619, 6415394.30694 ], [ 516734.14258, 6415385.32442 ], [ 516733.06896, 6415376.3419 ], [ 516731.97047, 6415364.36244 ], [ 516730.94661, 6415361.37379 ], [ 516727.88331, 6415353.40683 ], [ 516724.82002, 6415345.43988 ], [ 516720.73286, 6415334.48427 ], [ 516720.71628, 6415332.48631 ], [ 516719.69242, 6415329.49767 ], [ 516719.69242, 6415329.49767 ], [ 516716.60424, 6415318.53377 ], [ 516716.57937, 6415315.53684 ], [ 516716.48816, 6415304.54806 ], [ 516715.37308, 6415290.57065 ], [ 516715.26528, 6415277.58392 ], [ 516714.18338, 6415267.60242 ], [ 516714.18338, 6415267.60242 ], [ 516714.13362, 6415261.60854 ], [ 516714.10045, 6415257.61263 ], [ 516716.04867, 6415251.60217 ], [ 516717.98031, 6415243.59375 ], [ 516719.89536, 6415233.58738 ], [ 516721.79383, 6415221.58304 ], [ 516724.69128, 6415209.57042 ], [ 516724.69128, 6415209.57042 ], [ 516724.68299, 6415208.57144 ], [ 516727.53898, 6415191.56392 ], [ 516728.5048, 6415187.55971 ], [ 516729.45403, 6415181.55754 ], [ 516730.43643, 6415179.55129 ], [ 516726.44878, 6415180.58344 ], [ 516713.45367, 6415179.69226 ], [ 516699.45958, 6415178.80936 ], [ 516673.47765, 6415178.02597 ], [ 516669.65584, 6415199.0377 ], [ 516667.80713, 6415217.03591 ], [ 516654.8286, 6415218.14268 ], [ 516645.83773, 6415218.21731 ], [ 516638.8697, 6415221.27229 ], [ 516626.91504, 6415225.36771 ], [ 516622.92739, 6415226.39985 ], [ 516620.93771, 6415227.41542 ], [ 516618.94803, 6415228.43098 ], [ 516617.92416, 6415225.44233 ], [ 516616.83397, 6415214.46186 ], [ 516616.78421, 6415208.46798 ], [ 516615.74377, 6415203.48138 ], [ 516615.70231, 6415198.48648 ], [ 516614.67845, 6415195.49784 ], [ 516600.65118, 6415190.61903 ], [ 516594.64068, 6415188.67082 ], [ 516576.60918, 6415182.8262 ], [ 516574.60292, 6415181.8438 ], [ 516564.57989, 6415177.9308 ], [ 516554.54028, 6415172.01984 ], [ 516543.49339, 6415165.1182 ], [ 516539.47257, 6415162.15443 ], [ 516537.46631, 6415161.17203 ], [ 516534.45277, 6415159.19895 ], [ 516526.41942, 6415154.27039 ], [ 516519.40164, 6415151.3315 ], [ 516513.38285, 6415148.38431 ], [ 516510.36931, 6415146.41123 ], [ 516505.36609, 6415145.45371 ], [ 516498.3566, 6415143.51379 ], [ 516486.33561, 6415139.61737 ], [ 516475.32189, 6415136.71165 ], [ 516473.31562, 6415135.72925 ], [ 516471.31765, 6415135.74583 ], [ 516460.32051, 6415134.83806 ], [ 516450.33065, 6415134.92098 ], [ 516441.33978, 6415134.9956 ], [ 516417.25633, 6415122.20788 ], [ 516410.19709, 6415114.27409 ], [ 516402.14716, 6415107.34757 ], [ 516397.12735, 6415104.39209 ], [ 516388.10331, 6415100.4708 ], [ 516364.03644, 6415089.68103 ], [ 516361.0229, 6415087.70794 ], [ 516335.02439, 6415084.92659 ], [ 516332.01914, 6415083.95248 ], [ 516331.02016, 6415083.96077 ], [ 516310.00829, 6415080.13898 ], [ 516287.00674, 6415077.33275 ], [ 516271.99707, 6415074.46019 ], [ 516268.02601, 6415077.49029 ], [ 516265.19489, 6415097.49475 ], [ 516264.26223, 6415105.49487 ], [ 516261.3399, 6415114.51056 ], [ 516258.48391, 6415131.51808 ], [ 516254.62892, 6415148.53389 ], [ 516253.65481, 6415151.53912 ], [ 516253.6631, 6415152.53809 ], [ 516251.73147, 6415160.54651 ], [ 516249.8247, 6415171.55186 ], [ 516247.91794, 6415182.55722 ], [ 516246.96042, 6415187.5604 ], [ 516245.01219, 6415193.57086 ], [ 516240.10018, 6415203.60211 ], [ 516235.20475, 6415215.63132 ], [ 516229.31034, 6415227.66882 ], [ 516222.40865, 6415238.71563 ], [ 516220.44384, 6415242.72813 ], [ 516213.53386, 6415252.77596 ], [ 516202.69426, 6415270.84879 ], [ 516191.83809, 6415286.92367 ], [ 516182.97988, 6415302.98196 ], [ 516177.07717, 6415314.02048 ], [ 516174.12997, 6415320.03923 ], [ 516174.12997, 6415320.03923 ], [ 516173.14756, 6415322.04548 ], [ 516169.21795, 6415330.07048 ], [ 516164.33082, 6415343.09867 ], [ 516159.4188, 6415353.12992 ], [ 516155.50578, 6415363.15287 ], [ 516150.60206, 6415374.1831 ], [ 516145.67346, 6415382.2164 ], [ 516143.72524, 6415388.22685 ], [ 516140.76974, 6415393.24663 ], [ 516136.80696, 6415397.27571 ], [ 516133.84317, 6415401.2965 ], [ 516132.90223, 6415408.29765 ], [ 516131.98616, 6415418.29573 ], [ 516126.99123, 6415418.33719 ], [ 516115.99409, 6415417.42942 ], [ 516102.00828, 6415417.5455 ], [ 516100.0186, 6415418.56106 ], [ 516095.02367, 6415418.60252 ], [ 516086.04938, 6415420.6751 ], [ 516078.07408, 6415422.73939 ], [ 516065.11213, 6415425.84411 ], [ 516060.13378, 6415427.88353 ], [ 516056.15442, 6415429.91465 ], [ 516042.19349, 6415433.02767 ], [ 516020.25726, 6415438.20498 ], [ 516002.31697, 6415443.34912 ], [ 515995.33236, 6415444.40614 ], [ 515994.34166, 6415445.41341 ], [ 515991.35299, 6415446.43726 ], [ 515985.38395, 6415449.48395 ], [ 515976.42624, 6415453.55449 ], [ 515974.44486, 6415455.56903 ], [ 515971.48936, 6415460.5888 ], [ 515967.55145, 6415467.61482 ], [ 515964.59595, 6415472.63459 ], [ 515961.65703, 6415479.65232 ], [ 515959.7254, 6415487.66074 ], [ 515957.82692, 6415499.66508 ], [ 515955.90357, 6415508.67247 ], [ 515953.94706, 6415513.68395 ], [ 515951.98225, 6415517.69645 ], [ 515949.02675, 6415522.71622 ], [ 515947.06195, 6415526.72872 ], [ 515944.10645, 6415531.74849 ], [ 515942.12506, 6415533.76304 ], [ 515937.16329, 6415537.80041 ], [ 515932.21811, 6415543.83574 ], [ 515927.28122, 6415550.87006 ], [ 515926.29882, 6415552.87631 ], [ 515925.32471, 6415555.88154 ], [ 515925.35787, 6415559.87745 ], [ 515919.422, 6415566.92006 ], [ 515908.30878, 6415552.02657 ], [ 515895.16442, 6415533.15375 ], [ 515881.01278, 6415513.29024 ], [ 515870.89855, 6415498.38846 ], [ 515858.76147, 6415480.50633 ], [ 515852.72609, 6415475.56118 ], [ 515848.71356, 6415473.59638 ], [ 515841.6875, 6415469.65851 ], [ 515835.6687, 6415466.71132 ], [ 515831.64789, 6415463.74754 ], [ 515828.63434, 6415461.77446 ], [ 515824.61353, 6415458.81068 ], [ 515821.59998, 6415456.8376 ], [ 515818.57815, 6415453.86553 ], [ 515814.54075, 6415448.9038 ], [ 515814.54075, 6415448.9038 ], [ 515808.4805, 6415440.96172 ], [ 515800.4057, 6415431.03825 ], [ 515793.32988, 6415421.1065 ], [ 515789.30077, 6415417.14374 ], [ 515787.27792, 6415414.16339 ], [ 515783.2571, 6415411.19962 ], [ 515778.22072, 6415406.24618 ], [ 515773.18433, 6415401.29274 ], [ 515760.1146, 6415391.41073 ], [ 515752.06467, 6415384.4842 ], [ 515746.02929, 6415379.53905 ], [ 515744.00645, 6415376.5587 ], [ 515736.93892, 6415367.62592 ], [ 515726.84127, 6415354.7221 ], [ 515718.75818, 6415343.79966 ], [ 515714.72078, 6415338.83793 ], [ 515713.70521, 6415336.84826 ], [ 515711.67407, 6415332.86893 ], [ 515705.61382, 6415324.92684 ], [ 515696.52345, 6415313.01371 ], [ 515690.45491, 6415304.07264 ], [ 515682.38011, 6415294.14918 ], [ 515675.32088, 6415286.21538 ], [ 515669.27721, 6415280.27125 ], [ 515665.23981, 6415275.30952 ], [ 515657.18988, 6415268.383 ], [ 515650.15553, 6415263.44614 ], [ 515642.1056, 6415256.51961 ], [ 515634.08055, 6415252.59002 ], [ 515626.05549, 6415248.66044 ], [ 515616.02418, 6415243.74845 ], [ 515609.0064, 6415240.80955 ], [ 515604.00318, 6415239.85203 ], [ 515603.00419, 6415239.86032 ], [ 515594.99572, 6415237.92869 ], [ 515586.98725, 6415235.99706 ], [ 515573.96727, 6415232.10893 ], [ 515566.94949, 6415229.17003 ], [ 515558.93273, 6415226.23942 ], [ 515550.90768, 6415222.30983 ], [ 515546.89515, 6415220.34503 ], [ 515541.88364, 6415218.38853 ], [ 515540.87636, 6415217.39784 ], [ 515539.86909, 6415216.40715 ], [ 515536.86384, 6415215.43305 ], [ 515528.8222, 6415209.5055 ], [ 515521.78784, 6415204.56864 ], [ 515514.74519, 6415198.6328 ], [ 515510.72438, 6415195.66903 ], [ 515506.68698, 6415190.7073 ], [ 515501.65059, 6415185.75386 ], [ 515494.59136, 6415177.82006 ], [ 515490.55396, 6415172.85833 ], [ 515488.5477, 6415171.87593 ], [ 515482.57865, 6415174.92262 ], [ 515478.591, 6415175.95476 ], [ 515473.61265, 6415177.99417 ], [ 515469.64158, 6415181.02427 ], [ 515465.66222, 6415183.05539 ], [ 515461.69115, 6415186.0855 ], [ 515458.70249, 6415187.10935 ], [ 515455.72211, 6415189.13218 ], [ 515448.74579, 6415191.18817 ], [ 515444.76643, 6415193.2193 ], [ 515443.77574, 6415194.22657 ], [ 515442.79333, 6415196.23282 ], [ 515442.80163, 6415197.2318 ], [ 515441.81093, 6415198.23907 ], [ 515441.82751, 6415200.23702 ], [ 515445.90637, 6415210.19365 ], [ 515451.00909, 6415223.13893 ], [ 515455.06307, 6415230.09862 ], [ 515458.10977, 6415236.06762 ], [ 515459.13363, 6415239.05627 ], [ 515462.18863, 6415246.02425 ], [ 515464.24464, 6415253.00052 ], [ 515466.30065, 6415259.97679 ], [ 515466.30065, 6415259.97679 ], [ 515468.35666, 6415266.95307 ], [ 515470.40438, 6415272.93036 ], [ 515471.44483, 6415277.91696 ], [ 515473.46767, 6415280.89732 ], [ 515473.48425, 6415282.89528 ], [ 515475.49881, 6415284.87665 ], [ 515477.53824, 6415289.85497 ], [ 515480.57665, 6415294.82499 ], [ 515482.61608, 6415299.80331 ], [ 515486.67006, 6415306.763 ], [ 515492.7386, 6415315.70407 ], [ 515497.79986, 6415323.65444 ], [ 515504.88397, 6415334.58518 ], [ 515511.95978, 6415344.51694 ], [ 515517.01275, 6415351.46834 ], [ 515520.05117, 6415356.43836 ], [ 515522.10718, 6415363.41463 ], [ 515525.14559, 6415368.38465 ], [ 515527.18502, 6415373.36297 ], [ 515531.23071, 6415379.32368 ], [ 515536.28368, 6415386.27508 ], [ 515539.33039, 6415392.24408 ], [ 515539.33868, 6415393.24306 ], [ 515542.37709, 6415398.21309 ], [ 515548.45392, 6415408.15313 ], [ 515551.49234, 6415413.12316 ], [ 515554.53904, 6415419.09216 ], [ 515558.57645, 6415424.05389 ], [ 515562.61385, 6415429.01563 ], [ 515568.65751, 6415434.95976 ], [ 515572.7032, 6415440.92047 ], [ 515576.7406, 6415445.8822 ], [ 515581.80187, 6415453.83258 ], [ 515584.84857, 6415459.80158 ], [ 515586.87971, 6415463.78092 ], [ 515587.90357, 6415466.76956 ], [ 515588.92743, 6415469.75821 ], [ 515589.96787, 6415474.74482 ], [ 515591.00832, 6415479.73142 ], [ 515592.07363, 6415487.71497 ], [ 515595.1535, 6415497.67989 ], [ 515598.25825, 6415510.64175 ], [ 515601.37129, 6415524.60259 ], [ 515603.44388, 6415533.57682 ], [ 515604.47603, 6415537.56444 ], [ 515606.49888, 6415540.5448 ], [ 515607.52274, 6415543.53345 ], [ 515609.54559, 6415546.5138 ], [ 515612.56742, 6415549.48587 ], [ 515616.59653, 6415553.44862 ], [ 515618.61938, 6415556.42898 ], [ 515619.63495, 6415558.41865 ], [ 515621.65779, 6415561.399 ], [ 515622.68994, 6415565.38663 ], [ 515625.72836, 6415570.35665 ], [ 515628.79165, 6415578.32362 ], [ 515634.91823, 6415594.25754 ], [ 515639.02196, 6415607.21111 ], [ 515643.09253, 6415616.16876 ], [ 515648.21183, 6415631.112 ], [ 515653.30626, 6415643.05829 ], [ 515654.32183, 6415645.04796 ], [ 515654.32183, 6415645.04796 ], [ 515659.40796, 6415655.99528 ], [ 515661.45568, 6415661.97258 ], [ 515664.51068, 6415668.94056 ], [ 515665.55942, 6415674.92615 ], [ 515667.60714, 6415680.90344 ], [ 515670.6953, 6415691.86734 ], [ 515674.78245, 6415702.82295 ], [ 515677.86233, 6415712.78787 ], [ 515679.89346, 6415716.76721 ], [ 515681.90802, 6415718.74859 ], [ 515680.00125, 6415729.75394 ], [ 515679.01056, 6415730.76121 ], [ 515677.02917, 6415732.77576 ], [ 515676.05506, 6415735.78099 ], [ 515676.07164, 6415737.77895 ], [ 515676.09651, 6415740.77588 ], [ 515676.1131, 6415742.77384 ], [ 515677.14525, 6415746.76147 ], [ 515678.16911, 6415749.75012 ], [ 515682.25626, 6415760.70573 ], [ 515682.26455, 6415761.70471 ], [ 515684.30398, 6415766.68302 ], [ 515685.33613, 6415770.67065 ], [ 515687.35069, 6415772.65203 ], [ 515689.36524, 6415774.6334 ], [ 515692.39537, 6415778.60445 ], [ 515695.42549, 6415782.57549 ], [ 515695.43378, 6415783.57447 ], [ 515697.45663, 6415786.55483 ], [ 515700.50334, 6415792.52383 ], [ 515702.54277, 6415797.50215 ], [ 515703.57492, 6415801.48978 ], [ 515704.60707, 6415805.4774 ], [ 515705.6641, 6415812.46197 ], [ 515706.71283, 6415818.44756 ], [ 515707.74498, 6415822.43518 ], [ 515708.77714, 6415826.42281 ], [ 515708.81859, 6415831.41771 ], [ 515709.84245, 6415834.40636 ], [ 515709.88391, 6415839.40126 ], [ 515709.93366, 6415845.39513 ], [ 515710.95752, 6415848.38378 ], [ 515712.98037, 6415851.36414 ], [ 515714.00423, 6415854.35279 ], [ 515717.02606, 6415857.32485 ], [ 515723.05315, 6415861.27102 ], [ 515727.06567, 6415863.23582 ], [ 515732.07719, 6415865.19232 ], [ 515739.09497, 6415868.13122 ], [ 515743.1075, 6415870.09602 ], [ 515750.12527, 6415873.03492 ], [ 515755.14508, 6415875.9904 ], [ 515758.16691, 6415878.96247 ], [ 515760.18147, 6415880.94384 ], [ 515762.20432, 6415883.9242 ], [ 515764.21887, 6415885.90558 ], [ 515767.24071, 6415888.87764 ], [ 515768.26457, 6415891.86629 ], [ 515770.2957, 6415895.84562 ], [ 515772.31855, 6415898.82598 ], [ 515773.34241, 6415901.81463 ], [ 515774.36627, 6415904.80328 ], [ 515774.39115, 6415907.80022 ], [ 515774.41602, 6415910.79716 ], [ 515774.44919, 6415914.79307 ], [ 515774.47406, 6415917.79001 ], [ 515773.53312, 6415924.79116 ], [ 515773.54141, 6415925.79014 ], [ 515772.559, 6415927.79639 ], [ 515771.58489, 6415930.80162 ], [ 515771.60148, 6415932.79958 ], [ 515770.64395, 6415937.80277 ], [ 515768.72889, 6415947.80915 ], [ 515766.85529, 6415962.81043 ], [ 515764.9734, 6415976.81273 ], [ 515764.02416, 6415982.8149 ], [ 515763.10809, 6415992.81299 ], [ 515762.16714, 6415999.81414 ], [ 515762.16714, 6415999.81414 ], [ 515760.26866, 6416011.81848 ], [ 515759.30284, 6416015.82269 ], [ 515758.34531, 6416020.82588 ], [ 515755.44785, 6416032.83851 ], [ 515754.49032, 6416037.8417 ], [ 515753.53279, 6416042.84489 ], [ 515750.64362, 6416055.8565 ], [ 515748.74515, 6416067.86084 ], [ 515744.8487, 6416079.88176 ], [ 515744.86528, 6416081.87972 ], [ 515744.86528, 6416081.87972 ], [ 515740.98542, 6416095.8986 ], [ 515737.11384, 6416110.91647 ], [ 515734.21638, 6416122.9291 ], [ 515731.29404, 6416131.94479 ], [ 515729.37069, 6416140.95219 ], [ 515728.38829, 6416142.95844 ], [ 515723.5509, 6416161.98052 ], [ 515722.56849, 6416163.98677 ], [ 515721.59438, 6416166.992 ], [ 515720.62856, 6416170.99621 ], [ 515719.65445, 6416174.00144 ], [ 515718.68863, 6416178.00565 ], [ 515717.71451, 6416181.01088 ], [ 515717.7311, 6416183.00884 ], [ 515717.7311, 6416183.00884 ], [ 515717.73939, 6416184.00782 ], [ 515718.74667, 6416184.99851 ], [ 515719.75394, 6416185.9892 ], [ 515720.76122, 6416186.97989 ], [ 515722.77578, 6416188.96126 ], [ 515723.78306, 6416189.95195 ], [ 515726.78831, 6416190.92606 ], [ 515728.79457, 6416191.90846 ], [ 515730.80913, 6416193.88983 ], [ 515733.82267, 6416195.86292 ], [ 515735.82893, 6416196.84532 ], [ 515736.83621, 6416197.83601 ], [ 515738.85077, 6416199.81738 ], [ 515741.8726, 6416202.78945 ], [ 515743.87887, 6416203.77185 ], [ 515745.89342, 6416205.75323 ], [ 515745.90171, 6416206.75221 ], [ 515748.92355, 6416209.72427 ], [ 515750.9464, 6416212.70463 ], [ 515752.96924, 6416215.68499 ], [ 515755.99937, 6416219.65603 ], [ 515760.03677, 6416224.61777 ], [ 515764.08247, 6416230.57848 ], [ 515766.10532, 6416233.55884 ], [ 515769.12715, 6416236.5309 ], [ 515771.15, 6416239.51126 ], [ 515775.17911, 6416243.47402 ], [ 515778.20924, 6416247.44506 ], [ 515781.23936, 6416251.41611 ], [ 515783.25392, 6416253.39749 ], [ 515787.28303, 6416257.36024 ], [ 515790.29657, 6416259.33333 ], [ 515793.31841, 6416262.30539 ], [ 515796.34024, 6416265.27746 ], [ 515800.36106, 6416268.24123 ], [ 515802.37562, 6416270.22261 ], [ 515803.39119, 6416272.21228 ], [ 515805.40574, 6416274.19366 ], [ 515806.42131, 6416276.18333 ], [ 515807.43688, 6416278.17299 ], [ 515808.45245, 6416280.16266 ], [ 515809.47631, 6416283.15131 ], [ 515810.50017, 6416286.13996 ], [ 515810.50847, 6416287.13894 ], [ 515811.52404, 6416289.12861 ], [ 515811.54891, 6416292.12555 ], [ 515811.56549, 6416294.12351 ], [ 515811.59037, 6416297.12045 ], [ 515811.61524, 6416300.11739 ], [ 515810.64113, 6416303.12262 ], [ 515809.66702, 6416306.12785 ], [ 515809.70018, 6416310.12377 ], [ 515808.73436, 6416314.12798 ], [ 515807.77683, 6416319.13117 ], [ 515806.80272, 6416322.1364 ], [ 515805.84519, 6416327.1396 ], [ 515804.8545, 6416328.14687 ], [ 515804.86279, 6416329.14585 ], [ 515804.87937, 6416331.14381 ], [ 515804.90425, 6416334.14075 ], [ 515805.91982, 6416336.13042 ], [ 515805.9364, 6416338.12838 ], [ 515805.94469, 6416339.12736 ], [ 515805.95298, 6416340.12634 ], [ 515806.97684, 6416343.11498 ], [ 515807.99241, 6416345.10465 ], [ 515800.03369, 6416349.1669 ], [ 515799.0347, 6416349.1752 ], [ 515795.02217, 6416347.2104 ], [ 515793.0242, 6416347.22698 ], [ 515788.02097, 6416346.26946 ], [ 515782.01047, 6416344.32125 ], [ 515777.00724, 6416343.36372 ], [ 515772.01231, 6416343.40518 ], [ 515767.00908, 6416342.44766 ], [ 515760.00789, 6416341.50671 ], [ 515752.0077, 6416340.57406 ], [ 515744.00752, 6416339.64141 ], [ 515736.01562, 6416339.70774 ], [ 515732.01139, 6416338.74193 ], [ 515724.01949, 6416338.80826 ], [ 515715.02032, 6416337.8839 ], [ 515706.02944, 6416337.95852 ], [ 515697.03856, 6416338.03314 ], [ 515688.03939, 6416337.10878 ], [ 515675.05256, 6416337.21657 ], [ 515668.05966, 6416337.27461 ], [ 515665.05441, 6416336.3005 ], [ 515664.06371, 6416337.30777 ], [ 515663.06472, 6416337.31606 ], [ 515660.07606, 6416338.33991 ], [ 515658.08637, 6416339.35548 ], [ 515657.08739, 6416339.36377 ], [ 515657.08739, 6416339.36377 ], [ 515656.09669, 6416340.37104 ], [ 515656.09669, 6416340.37104 ], [ 515655.11429, 6416342.37729 ], [ 515653.1329, 6416344.39183 ], [ 515653.14119, 6416345.39081 ], [ 515653.14948, 6416346.38979 ], [ 515652.17537, 6416349.39502 ], [ 515652.20853, 6416353.39094 ], [ 515652.24999, 6416358.38584 ], [ 515651.29246, 6416363.38904 ], [ 515651.34221, 6416369.38292 ], [ 515651.40025, 6416376.37578 ], [ 515651.49145, 6416387.36456 ], [ 515650.57538, 6416397.36265 ], [ 515650.61684, 6416402.35755 ], [ 515650.65, 6416406.35347 ], [ 515650.67488, 6416409.35041 ], [ 515651.70703, 6416413.33804 ], [ 515651.74019, 6416417.33396 ], [ 515651.76507, 6416420.3309 ], [ 515678.75429, 6416422.105 ], [ 515683.11506, 6416466.02696 ], [ 515683.13164, 6416468.02492 ], [ 515685.25399, 6416482.99304 ] ] ] ] } },
{ "type": "Feature", "properties": { "VALID_GEST": "2024-01-29", "TYPE": "Inscrit", "IDCAUE_EPC": 21 }, "geometry": { "type": "MultiPolygon", "coordinates": [ [ [ [ 531308.20606, 6394919.8358 ], [ 531338.22508, 6394925.58052 ], [ 531364.42243, 6394952.33684 ], [ 531381.55434, 6394970.17715 ], [ 531399.64374, 6394983.0143 ], [ 531409.68327, 6394988.92509 ], [ 531414.70303, 6394991.88049 ], [ 531415.7103, 6394992.87116 ], [ 531418.72382, 6394994.84419 ], [ 531456.86739, 6395016.50601 ], [ 531471.92668, 6395025.3722 ], [ 531511.22194, 6394945.12242 ], [ 531433.00323, 6394909.80715 ], [ 531417.96054, 6394902.93891 ], [ 531378.85118, 6394885.28127 ], [ 531348.77409, 6394872.54376 ], [ 531347.45985, 6394834.59119 ], [ 531359.41436, 6394830.49566 ], [ 531348.23481, 6394807.61068 ], [ 531348.22652, 6394806.61171 ], [ 531334.99925, 6394777.74952 ], [ 531332.97641, 6394774.76922 ], [ 531314.80405, 6394751.94236 ], [ 531307.89419, 6394761.99019 ], [ 531305.87965, 6394760.00885 ], [ 531294.79966, 6394749.11152 ], [ 531282.72071, 6394738.22249 ], [ 531282.71241, 6394737.22352 ], [ 531280.70616, 6394736.24115 ], [ 531280.71446, 6394737.24012 ], [ 531272.68118, 6394732.3117 ], [ 531266.63756, 6394726.3677 ], [ 531258.57939, 6394718.44236 ], [ 531251.52849, 6394711.50769 ], [ 531251.52849, 6394711.50769 ], [ 531248.49838, 6394707.53672 ], [ 531256.45699, 6394703.47442 ], [ 531264.4156, 6394699.41211 ], [ 531283.32975, 6394691.26258 ], [ 531297.25732, 6394684.15354 ], [ 531299.24697, 6394683.13797 ], [ 531304.21695, 6394680.09954 ], [ 531303.19309, 6394677.11093 ], [ 531296.20027, 6394677.16906 ], [ 531280.23327, 6394679.29985 ], [ 531280.24156, 6394680.29882 ], [ 531276.25396, 6394681.33101 ], [ 531258.28901, 6394683.47841 ], [ 531244.31166, 6394684.59362 ], [ 531235.32919, 6394685.66732 ], [ 531226.34671, 6394686.74102 ], [ 531216.37356, 6394688.822 ], [ 531207.40768, 6394691.89364 ], [ 531202.43769, 6394694.93207 ], [ 531201.44702, 6394695.93934 ], [ 531201.44702, 6394695.93934 ], [ 531193.505, 6394701.99959 ], [ 531189.54228, 6394706.02868 ], [ 531184.58889, 6394711.06505 ], [ 531181.62515, 6394715.08584 ], [ 531176.69665, 6394723.11912 ], [ 531173.81588, 6394737.12961 ], [ 531172.8252, 6394738.13688 ], [ 531170.86044, 6394742.14937 ], [ 531167.93818, 6394751.16501 ], [ 531166.03979, 6394763.16926 ], [ 531164.14139, 6394775.17351 ], [ 531164.24095, 6394787.16115 ], [ 531174.30536, 6394796.06885 ], [ 531179.36661, 6394804.01909 ], [ 531184.34489, 6394801.97964 ], [ 531186.38432, 6394806.95788 ], [ 531188.37397, 6394805.9423 ], [ 531199.3544, 6394804.852 ], [ 531204.34927, 6394804.81048 ], [ 531204.39075, 6394809.80533 ], [ 531203.39178, 6394809.81364 ], [ 531202.52555, 6394825.80546 ], [ 531202.52555, 6394825.80546 ], [ 531200.7599, 6394853.79323 ], [ 531200.7599, 6394853.79323 ], [ 531199.97663, 6394879.77476 ], [ 531211.05661, 6394890.6721 ], [ 531219.09819, 6394896.5995 ], [ 531228.13044, 6394901.51962 ], [ 531235.15645, 6394905.45738 ], [ 531243.16484, 6394907.38889 ], [ 531248.17631, 6394909.34532 ], [ 531261.17957, 6394911.23532 ], [ 531278.18704, 6394914.09107 ], [ 531283.19021, 6394915.04853 ], [ 531308.20606, 6394919.8358 ] ] ] ] } },
{ "type": "Feature", "properties": { "VALID_GEST": "2024-01-29", "TYPE": "Inscrit", "IDCAUE_EPC": 21 }, "geometry": { "type": "MultiPolygon", "coordinates": [ [ [ [ 523236.00995, 6417795.02362 ], [ 523240.01419, 6417795.98943 ], [ 523243.01114, 6417795.96456 ], [ 523264.00642, 6417797.78841 ], [ 523264.98881, 6417795.78215 ], [ 523252.94292, 6417788.88878 ], [ 523252.90974, 6417784.89286 ], [ 523254.86624, 6417779.88137 ], [ 523256.78125, 6417769.87498 ], [ 523259.71184, 6417761.85826 ], [ 523264.59063, 6417747.83107 ], [ 523253.56862, 6417743.92635 ], [ 523230.54219, 6417738.12316 ], [ 523229.5432, 6417738.13146 ], [ 523223.5327, 6417736.18324 ], [ 523218.52948, 6417735.22572 ], [ 523215.59059, 6417742.24345 ], [ 523213.59262, 6417742.26004 ], [ 523212.62682, 6417746.26425 ], [ 523211.6859, 6417753.26541 ], [ 523211.6942, 6417754.26439 ], [ 523210.69521, 6417754.27268 ], [ 523210.70351, 6417755.27166 ], [ 523210.70351, 6417755.27166 ], [ 523210.75328, 6417761.26555 ], [ 523209.7543, 6417761.27384 ], [ 523209.76259, 6417762.27282 ], [ 523210.76158, 6417762.26453 ], [ 523210.76987, 6417763.26351 ], [ 523211.76886, 6417763.25522 ], [ 523211.76056, 6417762.25624 ], [ 523215.7648, 6417763.22205 ], [ 523215.7648, 6417763.22205 ], [ 523216.76378, 6417763.21376 ], [ 523216.76378, 6417763.21376 ], [ 523220.75972, 6417763.1806 ], [ 523220.76802, 6417764.17958 ], [ 523222.76599, 6417764.16299 ], [ 523222.75769, 6417763.16401 ], [ 523226.76193, 6417764.12983 ], [ 523226.76193, 6417764.12983 ], [ 523228.7599, 6417764.11325 ], [ 523228.7599, 6417764.11325 ], [ 523234.75381, 6417764.0635 ], [ 523234.7621, 6417765.06248 ], [ 523235.76109, 6417765.05419 ], [ 523233.83778, 6417774.0616 ], [ 523234.87824, 6417779.04821 ], [ 523232.91345, 6417783.06072 ], [ 523233.92903, 6417785.05039 ], [ 523233.96221, 6417789.04631 ], [ 523236.00995, 6417795.02362 ] ] ] ] } },
{ "type": "Feature", "properties": { "VALID_GEST": "2024-01-29", "TYPE": "Inscrit", "IDCAUE_EPC": 21 }, "geometry": { "type": "MultiPolygon", "coordinates": [ [ [ [ 532539.06277, 6396607.97382 ], [ 532540.09493, 6396611.96141 ], [ 532576.81642, 6396582.68399 ], [ 532587.73048, 6396573.60191 ], [ 532600.63419, 6396563.50425 ], [ 532631.39501, 6396538.27254 ], [ 532638.32147, 6396530.22264 ], [ 532650.20961, 6396518.13533 ], [ 532659.09252, 6396505.07396 ], [ 532663.03864, 6396499.04691 ], [ 532663.03864, 6396499.04691 ], [ 532677.84904, 6396477.94395 ], [ 532697.58793, 6396448.80768 ], [ 532705.54655, 6396444.74537 ], [ 532801.03335, 6396393.99963 ], [ 532829.87919, 6396378.77425 ], [ 532831.86884, 6396377.75867 ], [ 532857.72605, 6396363.55717 ], [ 532900.49946, 6396341.22272 ], [ 532935.32255, 6396323.94957 ], [ 532989.55766, 6396358.46521 ], [ 533001.33793, 6396333.39126 ], [ 533018.99589, 6396294.28187 ], [ 533031.76683, 6396268.20064 ], [ 533037.61133, 6396250.16932 ], [ 533047.35216, 6396220.11711 ], [ 533055.14482, 6396196.07534 ], [ 533064.81097, 6396157.03238 ], [ 533074.45222, 6396114.99251 ], [ 533086.03334, 6396065.94322 ], [ 533089.87988, 6396047.9285 ], [ 533097.78871, 6396037.87235 ], [ 533106.67992, 6396025.80995 ], [ 533106.67992, 6396025.80995 ], [ 533114.58045, 6396014.75482 ], [ 533137.30795, 6395984.59466 ], [ 533142.25305, 6395978.55931 ], [ 533168.99305, 6395950.36388 ], [ 533271.96544, 6395838.61434 ], [ 533274.93748, 6395835.59251 ], [ 533212.59441, 6395787.15773 ], [ 533158.29293, 6395744.65035 ], [ 533151.25032, 6395738.71464 ], [ 533150.25134, 6395738.72295 ], [ 533136.17441, 6395727.85051 ], [ 533131.15464, 6395724.89511 ], [ 533123.12135, 6395719.96669 ], [ 533111.09216, 6395715.07147 ], [ 533105.09001, 6395714.12233 ], [ 533075.09585, 6395711.37453 ], [ 533075.05437, 6395706.37967 ], [ 533087.54318, 6395646.3334 ], [ 533098.13362, 6395598.2914 ], [ 533108.73236, 6395551.24837 ], [ 533116.40885, 6395513.221 ], [ 533120.28028, 6395498.20321 ], [ 533122.19525, 6395488.19688 ], [ 533128.83957, 6395446.18193 ], [ 533130.74625, 6395435.17663 ], [ 533127.40912, 6395394.2437 ], [ 533127.38422, 6395391.24678 ], [ 533119.71928, 6395310.3882 ], [ 533115.40807, 6395272.46049 ], [ 533115.39977, 6395271.46151 ], [ 533113.28565, 6395257.49252 ], [ 533110.19745, 6395246.52874 ], [ 533099.92558, 6395212.64675 ], [ 533106.87692, 6395207.59376 ], [ 533102.74825, 6395191.64343 ], [ 533084.64224, 6395176.80833 ], [ 533082.6028, 6395171.83008 ], [ 533075.5187, 6395160.89953 ], [ 533063.29037, 6395132.029 ], [ 533059.02894, 6395100.09513 ], [ 533057.87231, 6395081.12297 ], [ 533056.78206, 6395070.14259 ], [ 533055.76649, 6395068.15295 ], [ 533050.31524, 6395013.25104 ], [ 533042.90754, 6394963.36059 ], [ 533041.61814, 6394928.4049 ], [ 533041.60984, 6394927.40593 ], [ 533041.56836, 6394922.41107 ], [ 533041.53516, 6394918.41518 ], [ 533041.49368, 6394913.42032 ], [ 533041.47708, 6394911.42238 ], [ 533040.46151, 6394909.43274 ], [ 533037.44799, 6394907.45971 ], [ 533028.44062, 6394905.53651 ], [ 533027.43335, 6394904.54584 ], [ 533037.28204, 6394887.48029 ], [ 533033.26125, 6394884.51659 ], [ 533029.23216, 6394880.55392 ], [ 533023.09725, 6394863.62123 ], [ 533023.09725, 6394863.62123 ], [ 533015.91358, 6394840.70302 ], [ 533015.90528, 6394839.70405 ], [ 533015.90528, 6394839.70405 ], [ 532984.72962, 6394814.98721 ], [ 532972.70044, 6394810.09201 ], [ 532955.66808, 6394804.23936 ], [ 532955.65149, 6394802.24141 ], [ 532957.37561, 6394769.25875 ], [ 532956.35175, 6394766.27014 ], [ 532945.30494, 6394759.36869 ], [ 532930.27054, 6394753.49943 ], [ 532928.28088, 6394754.51501 ], [ 532916.2517, 6394749.61981 ], [ 532918.21646, 6394745.60732 ], [ 532919.19884, 6394743.60107 ], [ 532932.00296, 6394721.51574 ], [ 532940.7614, 6394693.46981 ], [ 532955.34773, 6394645.39462 ], [ 532961.20052, 6394628.36228 ], [ 532963.06571, 6394612.36214 ], [ 532963.00763, 6394605.36934 ], [ 532963.98171, 6394602.36412 ], [ 532964.95579, 6394599.3589 ], [ 532967.91122, 6394594.33913 ], [ 532968.8936, 6394592.33288 ], [ 532971.83244, 6394585.31517 ], [ 532975.72877, 6394573.2943 ], [ 532977.64374, 6394563.28798 ], [ 532984.55359, 6394553.24013 ], [ 532989.49868, 6394547.20478 ], [ 532996.44171, 6394541.15282 ], [ 533021.23353, 6394518.96784 ], [ 533045.04296, 6394498.7891 ], [ 533062.96642, 6394491.64682 ], [ 533044.74424, 6394462.82614 ], [ 533061.59405, 6394446.70142 ], [ 533098.32377, 6394418.42295 ], [ 533080.12648, 6394392.59919 ], [ 533062.94477, 6394368.76507 ], [ 533061.9292, 6394366.77543 ], [ 533060.92193, 6394365.78476 ], [ 533057.89182, 6394361.81379 ], [ 533056.87625, 6394359.82416 ], [ 533064.6772, 6394336.78138 ], [ 533063.51227, 6394316.81027 ], [ 533063.51227, 6394316.81027 ], [ 533062.30585, 6394291.8443 ], [ 533059.27574, 6394287.87333 ], [ 533059.27574, 6394287.87333 ], [ 533046.12312, 6394268.00187 ], [ 533045.11585, 6394267.0112 ], [ 533030.93936, 6394244.15114 ], [ 533022.01497, 6394252.21765 ], [ 533022.01497, 6394252.21765 ], [ 533019.03464, 6394254.24051 ], [ 533006.14755, 6394266.33612 ], [ 532997.14018, 6394264.41293 ], [ 532983.12965, 6394261.53228 ], [ 532968.16993, 6394264.65377 ], [ 532953.14383, 6394259.78349 ], [ 532937.11875, 6394254.92151 ], [ 532926.13003, 6394255.01286 ], [ 532915.14131, 6394255.10422 ], [ 532905.14327, 6394254.18829 ], [ 532901.15567, 6394255.22048 ], [ 532878.22075, 6394260.40635 ], [ 532868.2559, 6394263.48631 ], [ 532864.2683, 6394264.5185 ], [ 532852.33039, 6394270.61198 ], [ 532846.31995, 6394268.66387 ], [ 532832.28453, 6394262.78631 ], [ 532813.23763, 6394254.95233 ], [ 532813.23763, 6394254.95233 ], [ 532808.22617, 6394252.99592 ], [ 532801.20016, 6394249.05817 ], [ 532789.15438, 6394242.16503 ], [ 532765.05454, 6394227.37978 ], [ 532752.00149, 6394219.49597 ], [ 532747.9724, 6394215.53331 ], [ 532743.92672, 6394209.5727 ], [ 532742.84477, 6394199.5913 ], [ 532753.74222, 6394188.51127 ], [ 532753.74222, 6394188.51127 ], [ 532766.60442, 6394173.41875 ], [ 532744.46933, 6394154.62101 ], [ 532742.45479, 6394152.63968 ], [ 532741.44752, 6394151.64901 ], [ 532736.42775, 6394148.69362 ], [ 532725.37266, 6394140.79321 ], [ 532715.32483, 6394133.88346 ], [ 532713.31029, 6394131.90213 ], [ 532712.31132, 6394131.91044 ], [ 532709.32269, 6394132.93432 ], [ 532700.34852, 6394135.007 ], [ 532700.34852, 6394135.007 ], [ 532694.37127, 6394137.05477 ], [ 532688.39402, 6394139.10254 ], [ 532685.3888, 6394138.12849 ], [ 532681.3846, 6394137.16274 ], [ 532654.32102, 6394126.39829 ], [ 532645.28047, 6394120.47921 ], [ 532640.23582, 6394114.52691 ], [ 532633.17662, 6394106.59327 ], [ 532632.16935, 6394105.60261 ], [ 532632.14445, 6394102.6057 ], [ 532628.09877, 6394096.64509 ], [ 532624.0365, 6394088.68654 ], [ 532623.02923, 6394087.69588 ], [ 532621.00638, 6394084.71558 ], [ 532613.97208, 6394079.77886 ], [ 532606.94607, 6394075.84111 ], [ 532600.91903, 6394071.89505 ], [ 532592.86086, 6394063.96973 ], [ 532582.77985, 6394053.0641 ], [ 532573.75589, 6394049.14296 ], [ 532569.7517, 6394048.17721 ], [ 532566.75477, 6394048.20212 ], [ 532563.76615, 6394049.22601 ], [ 532559.77855, 6394050.25819 ], [ 532545.86759, 6394059.3652 ], [ 532535.92763, 6394065.44207 ], [ 532515.06533, 6394079.60205 ], [ 532515.06533, 6394079.60205 ], [ 532503.14402, 6394087.69347 ], [ 532483.21432, 6394093.85339 ], [ 532432.46577, 6394118.25221 ], [ 532407.55779, 6394126.45159 ], [ 532406.56712, 6394127.45887 ], [ 532406.56712, 6394127.45887 ], [ 532398.59192, 6394129.52324 ], [ 532392.60637, 6394130.57204 ], [ 532366.69942, 6394138.77972 ], [ 532348.74277, 6394141.92612 ], [ 532327.88877, 6394157.08507 ], [ 532325.90742, 6394159.09962 ], [ 532313.97781, 6394166.19206 ], [ 532309.97361, 6394165.22631 ], [ 532306.96839, 6394164.25225 ], [ 532303.92169, 6394158.28334 ], [ 532283.79285, 6394140.46797 ], [ 532278.77309, 6394137.51258 ], [ 532278.77309, 6394137.51258 ], [ 532276.75855, 6394135.53124 ], [ 532244.61713, 6394114.81861 ], [ 532244.60054, 6394112.82067 ], [ 532245.56632, 6394108.81648 ], [ 532245.56632, 6394108.81648 ], [ 532261.01889, 6394044.74951 ], [ 532261.98468, 6394040.74532 ], [ 532261.98468, 6394040.74532 ], [ 532265.85612, 6394025.72755 ], [ 532268.76177, 6394014.71396 ], [ 532268.72029, 6394009.71911 ], [ 532268.54605, 6393988.74073 ], [ 532271.49319, 6393982.722 ], [ 532272.42578, 6393974.72193 ], [ 532273.39157, 6393970.71775 ], [ 532273.39157, 6393970.71775 ], [ 532278.07944, 6393933.71432 ], [ 532278.04625, 6393929.71844 ], [ 532279.02863, 6393927.7122 ], [ 532274.03376, 6393927.75372 ], [ 532269.0306, 6393926.79627 ], [ 532249.05941, 6393927.96133 ], [ 532246.06249, 6393927.98625 ], [ 532243.06557, 6393928.01116 ], [ 532241.1257, 6393935.02056 ], [ 532229.35373, 6393961.09344 ], [ 532229.31225, 6393956.09859 ], [ 532229.31225, 6393956.09859 ], [ 532227.09028, 6393929.143 ], [ 532228.07266, 6393927.13676 ], [ 532231.05299, 6393925.1139 ], [ 532226.01663, 6393920.16058 ], [ 532222.97822, 6393915.19064 ], [ 532212.91381, 6393906.28295 ], [ 532209.90029, 6393904.30993 ], [ 532203.86496, 6393899.3649 ], [ 532200.85144, 6393897.39188 ], [ 532198.82861, 6393894.41157 ], [ 532198.82031, 6393893.4126 ], [ 532191.72792, 6393881.48309 ], [ 532183.61997, 6393867.56395 ], [ 532181.60543, 6393865.58262 ], [ 532171.55761, 6393858.67287 ], [ 532169.53477, 6393855.69257 ], [ 532163.49944, 6393850.74755 ], [ 532150.41321, 6393838.86786 ], [ 532145.38516, 6393834.91351 ], [ 532134.33006, 6393827.01309 ], [ 532132.32382, 6393826.03073 ], [ 532132.32382, 6393826.03073 ], [ 532125.29781, 6393822.09299 ], [ 532117.28113, 6393819.16251 ], [ 532113.27694, 6393818.19676 ], [ 532104.27787, 6393817.27253 ], [ 532080.3025, 6393817.47184 ], [ 532077.32217, 6393819.49469 ], [ 532056.3852, 6393824.66394 ], [ 532047.41103, 6393826.73662 ], [ 532038.42026, 6393826.81136 ], [ 532035.41504, 6393825.8373 ], [ 532022.3869, 6393820.95041 ], [ 532015.37748, 6393819.0106 ], [ 532015.37748, 6393819.0106 ], [ 532009.36705, 6393817.06249 ], [ 531992.30152, 6393807.21396 ], [ 531984.27654, 6393803.28452 ], [ 531975.19451, 6393792.37059 ], [ 531965.1052, 6393780.46599 ], [ 531949.22118, 6393792.5865 ], [ 531946.24085, 6393794.60936 ], [ 531945.1838, 6393787.62487 ], [ 531947.12367, 6393780.61547 ], [ 531947.11537, 6393779.6165 ], [ 531949.99614, 6393765.60601 ], [ 531953.93396, 6393758.58 ], [ 531967.72876, 6393735.48743 ], [ 531973.63134, 6393724.44894 ], [ 531987.5423, 6393715.34194 ], [ 531988.54127, 6393715.33364 ], [ 531994.50193, 6393711.28793 ], [ 532004.44189, 6393705.21107 ], [ 532012.33412, 6393693.15699 ], [ 532011.32685, 6393692.16633 ], [ 532011.32685, 6393692.16633 ], [ 532011.31855, 6393691.16736 ], [ 532019.16099, 6393673.11946 ], [ 532023.08222, 6393664.09551 ], [ 532026.01276, 6393656.07884 ], [ 532031.91534, 6393645.04035 ], [ 532039.83246, 6393635.98318 ], [ 532039.83246, 6393635.98318 ], [ 532039.82416, 6393634.98421 ], [ 532050.69671, 6393620.90728 ], [ 532057.62316, 6393612.85739 ], [ 532060.58689, 6393608.83659 ], [ 532056.59099, 6393608.86981 ], [ 532059.47176, 6393594.85932 ], [ 532063.30171, 6393574.8467 ], [ 532063.30171, 6393574.8467 ], [ 532066.19907, 6393562.83415 ], [ 532071.9523, 6393533.8142 ], [ 532072.90149, 6393527.81207 ], [ 532072.90149, 6393527.81207 ], [ 532076.77293, 6393512.79431 ], [ 532077.73872, 6393508.79012 ], [ 532079.48775, 6393478.80442 ], [ 532080.39546, 6393467.80745 ], [ 532083.16006, 6393439.81138 ], [ 532083.15177, 6393438.81241 ], [ 532084.05947, 6393427.81544 ], [ 532088.78054, 6393394.80791 ], [ 532088.77224, 6393393.80894 ], [ 532098.57944, 6393371.74856 ], [ 532112.33276, 6393343.66114 ], [ 532116.25398, 6393334.63719 ], [ 532116.25398, 6393334.63719 ], [ 532119.20112, 6393328.61846 ], [ 532121.14928, 6393322.60803 ], [ 532123.06426, 6393312.60172 ], [ 532128.776, 6393278.58692 ], [ 532134.52923, 6393249.56697 ], [ 532134.52923, 6393249.56697 ], [ 532135.48672, 6393244.56382 ], [ 532142.15595, 6393205.54587 ], [ 532146.93509, 6393179.53113 ], [ 532149.79096, 6393162.52373 ], [ 532150.78164, 6393161.51646 ], [ 532152.64683, 6393145.51633 ], [ 532156.48508, 6393126.50269 ], [ 532172.03721, 6393074.42339 ], [ 532173.01959, 6393072.41715 ], [ 532172.9947, 6393069.42024 ], [ 532172.9864, 6393068.42127 ], [ 532172.96151, 6393065.42436 ], [ 532174.85989, 6393053.42011 ], [ 532175.73441, 6393038.42726 ], [ 532177.49174, 6393009.44054 ], [ 532026.14893, 6392950.75643 ], [ 531982.04475, 6392933.1404 ], [ 531912.89157, 6392906.74128 ], [ 531897.85719, 6392900.87203 ], [ 531889.84881, 6392898.94054 ], [ 531873.81545, 6392893.0796 ], [ 531862.81015, 6392891.17302 ], [ 531845.80271, 6392888.31729 ], [ 531840.80785, 6392888.35882 ], [ 531822.85951, 6392892.50418 ], [ 531817.88124, 6392894.54364 ], [ 531777.07267, 6392912.86559 ], [ 531769.11407, 6392916.92791 ], [ 531725.37496, 6392943.26652 ], [ 531724.38429, 6392944.27379 ], [ 531721.40396, 6392946.29665 ], [ 531720.41328, 6392947.30392 ], [ 531718.43193, 6392949.31847 ], [ 531712.47128, 6392953.36417 ], [ 531691.64218, 6392971.52002 ], [ 531680.72814, 6392980.6021 ], [ 531665.86799, 6392995.71121 ], [ 531661.91358, 6393000.73927 ], [ 531661.91358, 6393000.73927 ], [ 531656.97679, 6393007.77358 ], [ 531654.98714, 6393008.78916 ], [ 531654.98714, 6393008.78916 ], [ 531631.14452, 6393024.97198 ], [ 531615.21903, 6393032.09764 ], [ 531578.34827, 6393043.39357 ], [ 531577.3493, 6393043.40188 ], [ 531576.33373, 6393041.41224 ], [ 531572.29635, 6393036.45061 ], [ 531566.28592, 6393034.5025 ], [ 531561.25787, 6393030.54815 ], [ 531555.23084, 6393026.6021 ], [ 531546.20689, 6393022.68097 ], [ 531538.2151, 6393022.7474 ], [ 531536.20886, 6393021.76504 ], [ 531534.20262, 6393020.78268 ], [ 531529.14137, 6393012.83245 ], [ 531518.10289, 6393006.92999 ], [ 531495.99273, 6392991.12919 ], [ 531489.97399, 6392988.18211 ], [ 531488.95843, 6392986.19247 ], [ 531485.90343, 6392979.2246 ], [ 531482.83184, 6392970.25879 ], [ 531478.80276, 6392966.29614 ], [ 531478.78617, 6392964.2982 ], [ 531483.71466, 6392956.26492 ], [ 531481.66694, 6392950.28772 ], [ 531482.64102, 6392947.28251 ], [ 531485.59646, 6392942.26275 ], [ 531491.44925, 6392925.23045 ], [ 531499.3, 6392908.18153 ], [ 531503.22952, 6392900.15656 ], [ 531507.19223, 6392896.12747 ], [ 531515.13423, 6392890.06722 ], [ 531518.08967, 6392885.04746 ], [ 531516.02535, 6392877.07231 ], [ 531513.97762, 6392871.09511 ], [ 531509.95684, 6392868.13142 ], [ 531500.94949, 6392866.20823 ], [ 531496.937, 6392864.24351 ], [ 531484.90784, 6392859.34832 ], [ 531477.89843, 6392857.40851 ], [ 531472.88697, 6392855.4521 ], [ 531465.86097, 6392851.51435 ], [ 531453.8484, 6392848.6171 ], [ 531451.83386, 6392846.63578 ], [ 531446.78921, 6392840.68348 ], [ 531443.784, 6392839.70943 ], [ 531438.78913, 6392839.75095 ], [ 531435.78391, 6392838.7769 ], [ 531424.73713, 6392831.87547 ], [ 531413.73183, 6392829.96888 ], [ 531411.72559, 6392828.98652 ], [ 531409.72764, 6392829.00313 ], [ 531408.72867, 6392829.01143 ], [ 531407.75459, 6392832.01665 ], [ 531407.75459, 6392832.01665 ], [ 531403.83336, 6392841.04059 ], [ 531403.83336, 6392841.04059 ], [ 531402.84268, 6392842.04786 ], [ 531395.88306, 6392846.10187 ], [ 531392.89443, 6392847.12575 ], [ 531382.97937, 6392856.19952 ], [ 531384.99391, 6392858.18085 ], [ 531371.06636, 6392865.28989 ], [ 531368.07774, 6392866.31378 ], [ 531363.09946, 6392868.35324 ], [ 531353.12632, 6392870.43422 ], [ 531344.16875, 6392874.50484 ], [ 531339.19047, 6392876.5443 ], [ 531335.21117, 6392878.57545 ], [ 531334.2122, 6392878.58376 ], [ 531332.22255, 6392879.59934 ], [ 531331.23187, 6392880.60661 ], [ 531324.27225, 6392884.66062 ], [ 531314.3157, 6392888.73954 ], [ 531307.34777, 6392891.79458 ], [ 531300.38815, 6392895.84859 ], [ 531296.41714, 6392898.87871 ], [ 531291.44716, 6392901.91714 ], [ 531286.49378, 6392906.95351 ], [ 531282.52278, 6392909.98363 ], [ 531276.58701, 6392917.02624 ], [ 531275.59633, 6392918.03351 ], [ 531273.63157, 6392922.046 ], [ 531276.71146, 6392932.01077 ], [ 531279.79964, 6392942.97452 ], [ 531273.82239, 6392945.02228 ], [ 531266.88765, 6392952.0732 ], [ 531244.91024, 6392952.2559 ], [ 531239.92367, 6392953.29639 ], [ 531214.01673, 6392961.50405 ], [ 531200.06429, 6392965.61619 ], [ 531175.13973, 6392971.81762 ], [ 531163.18524, 6392975.91314 ], [ 531157.19969, 6392976.96194 ], [ 531152.21312, 6392978.00243 ], [ 531121.31132, 6392986.25162 ], [ 531111.34647, 6392989.33157 ], [ 531111.34647, 6392989.33157 ], [ 531097.36084, 6392989.44783 ], [ 531081.36897, 6392988.58173 ], [ 531064.37813, 6392987.72393 ], [ 531051.39147, 6392987.83189 ], [ 531039.3955, 6392986.93257 ], [ 531028.40679, 6392987.02392 ], [ 531004.42313, 6392986.22425 ], [ 530981.43845, 6392985.41628 ], [ 530975.44461, 6392985.46611 ], [ 530974.44563, 6392985.47441 ], [ 530964.4476, 6392984.55849 ], [ 530963.44863, 6392984.56679 ], [ 530948.48062, 6392986.68929 ], [ 530946.48267, 6392986.7059 ], [ 530943.49405, 6392987.72978 ], [ 530929.53331, 6392990.84295 ], [ 530927.54366, 6392991.85852 ], [ 530926.54469, 6392991.86683 ], [ 530902.68547, 6393006.05169 ], [ 530889.76519, 6393014.1514 ], [ 530871.87492, 6393025.28953 ], [ 530864.91529, 6393029.34353 ], [ 530856.94839, 6393032.40687 ], [ 530845.01049, 6393038.50033 ], [ 530844.01981, 6393039.5076 ], [ 530845.01879, 6393039.4993 ], [ 530845.06856, 6393045.49311 ], [ 530846.29983, 6393073.45593 ], [ 530846.30812, 6393074.4549 ], [ 530847.34028, 6393078.44247 ], [ 530848.53007, 6393101.41045 ], [ 530848.62133, 6393112.39911 ], [ 530850.85986, 6393141.35259 ], [ 530850.92623, 6393149.34434 ], [ 530834.98414, 6393154.47205 ], [ 530749.3213, 6393185.15526 ], [ 530686.56018, 6393206.65675 ], [ 530677.6026, 6393210.72736 ], [ 530677.6026, 6393210.72736 ], [ 530631.77426, 6393226.09387 ], [ 530588.90135, 6393236.44062 ], [ 530582.9241, 6393238.48839 ], [ 530552.13014, 6393259.72415 ], [ 530522.40981, 6393289.94232 ], [ 530519.44607, 6393293.96311 ], [ 530518.4471, 6393293.97141 ], [ 530502.61285, 6393312.08571 ], [ 530492.71436, 6393323.1574 ], [ 530482.84077, 6393337.226 ], [ 530467.05629, 6393361.3341 ], [ 530462.07802, 6393363.37356 ], [ 530406.18527, 6393369.83238 ], [ 530370.2471, 6393373.12821 ], [ 530369.25642, 6393374.13548 ], [ 530364.26156, 6393374.177 ], [ 530338.31313, 6393377.3898 ], [ 530324.33579, 6393378.50502 ], [ 530311.35743, 6393379.61193 ], [ 530280.38925, 6393379.86934 ], [ 530258.42012, 6393381.05099 ], [ 530249.42936, 6393381.12572 ], [ 530189.49094, 6393381.62393 ], [ 530189.49094, 6393381.62393 ], [ 530139.54225, 6393382.0391 ], [ 530130.55149, 6393382.11383 ], [ 530089.59357, 6393382.45427 ], [ 530060.62333, 6393382.69506 ], [ 530072.81011, 6393406.57067 ], [ 530104.31751, 6393471.24622 ], [ 530104.31751, 6393471.24622 ], [ 530106.35694, 6393476.22446 ], [ 530116.52918, 6393498.11873 ], [ 530153.11441, 6393572.74246 ], [ 530153.12271, 6393573.74143 ], [ 530158.20053, 6393583.6896 ], [ 530160.23996, 6393588.66783 ], [ 530147.41092, 6393607.75618 ], [ 530140.50106, 6393617.80399 ], [ 530133.5912, 6393627.8518 ], [ 530133.5912, 6393627.8518 ], [ 530113.78593, 6393648.99621 ], [ 530091.99101, 6393671.15619 ], [ 530064.20224, 6393693.36599 ], [ 530063.20327, 6393693.37429 ], [ 530060.22294, 6393695.39714 ], [ 530042.35755, 6393709.53216 ], [ 530013.56981, 6393731.75026 ], [ 530020.72024, 6393750.67255 ], [ 530025.75659, 6393755.62587 ], [ 530034.79713, 6393761.54496 ], [ 530038.80962, 6393763.50968 ], [ 530036.83655, 6393766.5232 ], [ 530015.11629, 6393797.67389 ], [ 529975.63847, 6393855.9462 ], [ 529987.68423, 6393862.83935 ], [ 529996.72477, 6393868.75843 ], [ 529997.72374, 6393868.75013 ], [ 530006.76428, 6393874.66922 ], [ 530014.80585, 6393880.5966 ], [ 530031.88796, 6393892.44308 ], [ 530038.93055, 6393898.37877 ], [ 530043.9503, 6393901.33416 ], [ 530056.99504, 6393908.219 ], [ 530055.01368, 6393910.23355 ], [ 530044.10792, 6393920.31457 ], [ 530034.15136, 6393924.39348 ], [ 530031.17933, 6393927.41529 ], [ 530024.22799, 6393932.46826 ], [ 530020.2072, 6393929.50456 ], [ 530009.26826, 6393935.58971 ], [ 530008.27758, 6393936.59698 ], [ 530008.27758, 6393936.59698 ], [ 530013.28905, 6393938.5534 ], [ 530022.33788, 6393945.47146 ], [ 530025.35969, 6393948.44345 ], [ 530033.40126, 6393954.37084 ], [ 530035.43239, 6393958.35011 ], [ 530043.44907, 6393961.2806 ], [ 530058.49175, 6393968.14883 ], [ 530063.51151, 6393971.10423 ], [ 530067.53229, 6393974.06792 ], [ 530075.59045, 6393981.99325 ], [ 530082.72429, 6393998.9176 ], [ 530086.81144, 6394009.87304 ], [ 530096.89243, 6394020.77867 ], [ 530105.95786, 6394029.69467 ], [ 530110.96932, 6394031.65109 ], [ 530114.97351, 6394032.61685 ], [ 530128.96745, 6394033.49957 ], [ 530147.94796, 6394033.34182 ], [ 530150.95317, 6394034.31588 ], [ 530171.02391, 6394045.13848 ], [ 530198.10406, 6394057.90089 ], [ 530207.09482, 6394057.82617 ], [ 530208.0855, 6394056.81889 ], [ 530191.41818, 6394094.92087 ], [ 530184.57468, 6394112.96043 ], [ 530172.92712, 6394154.0178 ], [ 530165.1676, 6394182.05536 ], [ 530155.50139, 6394221.09818 ], [ 530144.90257, 6394268.14106 ], [ 530154.9172, 6394271.05494 ], [ 530154.93379, 6394273.05288 ], [ 530154.20028, 6394305.0282 ], [ 530146.39928, 6394328.07091 ], [ 530152.49268, 6394340.00873 ], [ 530150.76019, 6394371.99235 ], [ 530149.86906, 6394384.98725 ], [ 530141.0608, 6394407.0393 ], [ 530136.43093, 6394451.03546 ], [ 530138.66946, 6394479.98896 ], [ 530140.84991, 6394501.94968 ], [ 530156.37375, 6394566.75815 ], [ 530162.56669, 6394590.6836 ], [ 530171.51598, 6394585.61403 ], [ 530223.78619, 6394624.1421 ], [ 530244.88909, 6394638.95228 ], [ 530276.03981, 6394660.67223 ], [ 530311.20302, 6394684.3569 ], [ 530319.24459, 6394690.2843 ], [ 530321.25084, 6394691.26666 ], [ 530369.46708, 6394722.83516 ], [ 530372.4806, 6394724.80819 ], [ 530371.64754, 6394744.79589 ], [ 530370.83937, 6394767.78049 ], [ 530370.0312, 6394790.76509 ], [ 530367.54862, 6394852.72612 ], [ 530366.54964, 6394852.73443 ], [ 530361.94467, 6394899.72752 ], [ 530361.94467, 6394899.72752 ], [ 530358.33867, 6394946.71231 ], [ 530358.37186, 6394950.70818 ], [ 530370.35955, 6394950.60855 ], [ 530395.31733, 6394948.40305 ], [ 530406.29776, 6394947.31275 ], [ 530403.34231, 6394952.33251 ], [ 530392.48633, 6394968.40735 ], [ 530373.7049, 6394992.54038 ], [ 530338.1649, 6395043.78673 ], [ 530332.23741, 6395051.8283 ], [ 530330.26435, 6395054.84182 ], [ 530307.56169, 6395087.99878 ], [ 530283.00211, 6395138.15483 ], [ 530280.99586, 6395137.17247 ], [ 530274.18554, 6395159.20792 ], [ 530269.29851, 6395172.23604 ], [ 530257.57628, 6395204.3027 ], [ 530242.90689, 6395242.3881 ], [ 530240.90894, 6395242.4047 ], [ 530239.93485, 6395245.40991 ], [ 530234.06544, 6395260.44427 ], [ 530213.2031, 6395274.6042 ], [ 530198.29314, 6395283.71946 ], [ 530184.43193, 6395298.82024 ], [ 530167.59867, 6395316.94284 ], [ 530154.72814, 6395331.03635 ], [ 530125.00775, 6395361.25451 ], [ 530085.38058, 6395401.54539 ], [ 530062.59495, 6395424.71265 ], [ 530061.59597, 6395424.72095 ], [ 530060.63018, 6395428.72513 ], [ 530063.6354, 6395429.6992 ], [ 530116.84654, 6395461.22622 ], [ 530205.18773, 6395512.44208 ], [ 530230.27825, 6395526.22011 ], [ 530268.43011, 6395548.88094 ], [ 530275.45612, 6395552.81871 ], [ 530321.62467, 6395578.41003 ], [ 530345.71621, 6395592.19637 ], [ 530363.57333, 6395577.06237 ], [ 530405.96167, 6395628.66014 ], [ 530407.97622, 6395630.64147 ], [ 530419.88926, 6395621.55111 ], [ 530421.92869, 6395626.52936 ], [ 530492.32982, 6395682.88952 ], [ 530525.52829, 6395710.58671 ], [ 530527.55942, 6395714.56599 ], [ 530548.52961, 6395713.39267 ], [ 530585.46681, 6395710.08858 ], [ 530621.39674, 6395705.79382 ], [ 530647.3618, 6395704.57899 ], [ 530679.3539, 6395707.31022 ], [ 530691.34989, 6395708.20957 ], [ 530743.35468, 6395714.77064 ], [ 530773.38202, 6395721.51436 ], [ 530830.47294, 6395739.0226 ], [ 530835.45122, 6395736.98314 ], [ 530850.46904, 6395740.85449 ], [ 530855.47221, 6395741.81195 ], [ 530895.45611, 6395744.47676 ], [ 530902.44894, 6395744.41865 ], [ 530904.44689, 6395744.40204 ], [ 530956.42679, 6395747.96619 ], [ 530977.32231, 6395737.80213 ], [ 530987.27059, 6395732.72426 ], [ 531026.24722, 6395734.3984 ], [ 531026.24722, 6395734.3984 ], [ 531055.23409, 6395736.15557 ], [ 531089.20755, 6395736.87225 ], [ 531137.98312, 6395715.48703 ], [ 531137.98312, 6395715.48703 ], [ 531139.97277, 6395714.47146 ], [ 531145.94174, 6395711.42473 ], [ 531168.8352, 6395701.24406 ], [ 531202.62614, 6395679.98338 ], [ 531229.46573, 6395663.77567 ], [ 531229.46573, 6395663.77567 ], [ 531231.44709, 6395661.76113 ], [ 531245.35808, 6395652.65415 ], [ 531293.00192, 6395615.2937 ], [ 531316.82799, 6395597.11295 ], [ 531316.82799, 6395597.11295 ], [ 531329.74, 6395588.01428 ], [ 531360.51741, 6395564.78056 ], [ 531362.49047, 6395561.76704 ], [ 531365.44592, 6395556.74728 ], [ 531368.42625, 6395554.72443 ], [ 531374.39521, 6395551.6777 ], [ 531379.38179, 6395550.63721 ], [ 531385.36735, 6395549.58842 ], [ 531398.35402, 6395549.48049 ], [ 531405.35515, 6395550.42134 ], [ 531408.35207, 6395550.39643 ], [ 531414.36252, 6395552.34455 ], [ 531418.36671, 6395553.31031 ], [ 531427.3326, 6395550.23867 ], [ 531427.3326, 6395550.23867 ], [ 531432.31088, 6395548.19922 ], [ 531449.31006, 6395550.05601 ], [ 531462.31333, 6395551.94601 ], [ 531463.3123, 6395551.93771 ], [ 531477.31455, 6395553.81941 ], [ 531485.32294, 6395555.75093 ], [ 531514.30152, 6395556.50911 ], [ 531545.27805, 6395557.25069 ], [ 531566.28971, 6395561.07221 ], [ 531571.30118, 6395563.02863 ], [ 531596.31705, 6395567.81591 ], [ 531610.32759, 6395570.69658 ], [ 531610.32759, 6395570.69658 ], [ 531612.32554, 6395570.67998 ], [ 531627.36825, 6395577.54823 ], [ 531651.45981, 6395591.33455 ], [ 531663.52218, 6395600.22565 ], [ 531681.67797, 6395621.05459 ], [ 531687.705, 6395625.00065 ], [ 531727.90462, 6395653.63869 ], [ 531750.99721, 6395667.43332 ], [ 531777.08672, 6395681.20303 ], [ 531779.09297, 6395682.1854 ], [ 531780.10024, 6395683.17606 ], [ 531823.20552, 6395700.80051 ], [ 531852.35833, 6395722.53709 ], [ 531866.41866, 6395731.41159 ], [ 531874.44365, 6395735.34105 ], [ 531888.48738, 6395742.2176 ], [ 531898.51033, 6395746.13045 ], [ 531907.53429, 6395750.05161 ], [ 531918.55621, 6395753.95616 ], [ 531931.56778, 6395756.84513 ], [ 531979.55178, 6395760.44247 ], [ 532004.54276, 6395762.23283 ], [ 532013.52524, 6395761.15913 ], [ 532026.70275, 6395784.02753 ], [ 532045.94879, 6395815.83685 ], [ 532055.09721, 6395834.74258 ], [ 532068.40747, 6395873.59453 ], [ 532068.41577, 6395874.5935 ], [ 532071.47077, 6395881.56139 ], [ 532095.01141, 6395949.30048 ], [ 532111.33519, 6395990.12547 ], [ 532120.47532, 6396008.03223 ], [ 532141.7525, 6396043.82084 ], [ 532141.76079, 6396044.81982 ], [ 532145.80648, 6396050.78043 ], [ 532169.13139, 6396092.54627 ], [ 532187.42824, 6396130.35774 ], [ 532201.66281, 6396160.21065 ], [ 532215.8642, 6396186.06768 ], [ 532228.98363, 6396201.94328 ], [ 532263.2724, 6396240.62088 ], [ 532291.52582, 6396274.35344 ], [ 532300.62446, 6396287.26535 ], [ 532304.67845, 6396294.22494 ], [ 532307.74175, 6396302.19181 ], [ 532309.79778, 6396309.168 ], [ 532315.00009, 6396334.10079 ], [ 532331.73045, 6396423.87542 ], [ 532343.17552, 6396478.72755 ], [ 532348.4774, 6396515.64801 ], [ 532358.98988, 6396578.50022 ], [ 532358.99818, 6396579.4992 ], [ 532361.20356, 6396604.4569 ], [ 532361.32802, 6396619.44148 ], [ 532354.70026, 6396663.45438 ], [ 532358.69617, 6396663.42117 ], [ 532380.64045, 6396659.24261 ], [ 532417.54448, 6396651.9426 ], [ 532449.49512, 6396649.67896 ], [ 532480.45508, 6396648.42259 ], [ 532499.34435, 6396637.27614 ], [ 532523.21191, 6396624.09023 ], [ 532539.06277, 6396607.97382 ] ], [ [ 531348.23481, 6394807.61068 ], [ 531359.41436, 6394830.49566 ], [ 531347.45985, 6394834.59119 ], [ 531348.77409, 6394872.54376 ], [ 531378.85118, 6394885.28127 ], [ 531417.96054, 6394902.93891 ], [ 531433.00323, 6394909.80715 ], [ 531511.22194, 6394945.12242 ], [ 531471.92668, 6395025.3722 ], [ 531456.86739, 6395016.50601 ], [ 531418.72382, 6394994.84419 ], [ 531415.7103, 6394992.87116 ], [ 531414.70303, 6394991.88049 ], [ 531409.68327, 6394988.92509 ], [ 531399.64374, 6394983.0143 ], [ 531381.55434, 6394970.17715 ], [ 531364.42243, 6394952.33684 ], [ 531338.22508, 6394925.58052 ], [ 531308.20606, 6394919.8358 ], [ 531283.19021, 6394915.04853 ], [ 531278.18704, 6394914.09107 ], [ 531261.17957, 6394911.23532 ], [ 531248.17631, 6394909.34532 ], [ 531243.16484, 6394907.38889 ], [ 531235.15645, 6394905.45738 ], [ 531228.13044, 6394901.51962 ], [ 531219.09819, 6394896.5995 ], [ 531211.05661, 6394890.6721 ], [ 531199.97663, 6394879.77476 ], [ 531200.7599, 6394853.79323 ], [ 531200.7599, 6394853.79323 ], [ 531202.52555, 6394825.80546 ], [ 531202.52555, 6394825.80546 ], [ 531203.39178, 6394809.81364 ], [ 531204.39075, 6394809.80533 ], [ 531204.34927, 6394804.81048 ], [ 531199.3544, 6394804.852 ], [ 531188.37397, 6394805.9423 ], [ 531186.38432, 6394806.95788 ], [ 531184.34489, 6394801.97964 ], [ 531179.36661, 6394804.01909 ], [ 531174.30536, 6394796.06885 ], [ 531164.24095, 6394787.16115 ], [ 531164.14139, 6394775.17351 ], [ 531166.03979, 6394763.16926 ], [ 531167.93818, 6394751.16501 ], [ 531170.86044, 6394742.14937 ], [ 531172.8252, 6394738.13688 ], [ 531173.81588, 6394737.12961 ], [ 531176.69665, 6394723.11912 ], [ 531181.62515, 6394715.08584 ], [ 531184.58889, 6394711.06505 ], [ 531189.54228, 6394706.02868 ], [ 531193.505, 6394701.99959 ], [ 531201.44702, 6394695.93934 ], [ 531201.44702, 6394695.93934 ], [ 531202.43769, 6394694.93207 ], [ 531207.40768, 6394691.89364 ], [ 531216.37356, 6394688.822 ], [ 531226.34671, 6394686.74102 ], [ 531235.32919, 6394685.66732 ], [ 531244.31166, 6394684.59362 ], [ 531258.28901, 6394683.47841 ], [ 531276.25396, 6394681.33101 ], [ 531280.24156, 6394680.29882 ], [ 531280.23327, 6394679.29985 ], [ 531296.20027, 6394677.16906 ], [ 531303.19309, 6394677.11093 ], [ 531304.21695, 6394680.09954 ], [ 531299.24697, 6394683.13797 ], [ 531297.25732, 6394684.15354 ], [ 531283.32975, 6394691.26258 ], [ 531264.4156, 6394699.41211 ], [ 531256.45699, 6394703.47442 ], [ 531248.49838, 6394707.53672 ], [ 531251.52849, 6394711.50769 ], [ 531251.52849, 6394711.50769 ], [ 531258.57939, 6394718.44236 ], [ 531266.63756, 6394726.3677 ], [ 531272.68118, 6394732.3117 ], [ 531280.71446, 6394737.24012 ], [ 531280.70616, 6394736.24115 ], [ 531282.71241, 6394737.22352 ], [ 531282.72071, 6394738.22249 ], [ 531294.79966, 6394749.11152 ], [ 531305.87965, 6394760.00885 ], [ 531307.89419, 6394761.99019 ], [ 531314.80405, 6394751.94236 ], [ 531332.97641, 6394774.76922 ], [ 531334.99925, 6394777.74952 ], [ 531348.22652, 6394806.61171 ], [ 531348.23481, 6394807.61068 ] ] ] ] } },
{ "type": "Feature", "properties": { "VALID_GEST": "2024-01-29", "TYPE": "Inscrit", "IDCAUE_EPC": 21 }, "geometry": { "type": "MultiPolygon", "coordinates": [ [ [ [ 516469.96346, 6421351.84753 ], [ 516474.80916, 6421333.82436 ], [ 516481.82697, 6421336.76327 ], [ 516481.71088, 6421322.7775 ], [ 516483.18647, 6421259.82494 ], [ 516450.23639, 6421262.09655 ], [ 516451.13588, 6421250.10045 ], [ 516451.12759, 6421249.10147 ], [ 516451.111, 6421247.1035 ], [ 516448.95548, 6421228.1394 ], [ 516443.95224, 6421227.18187 ], [ 516440.94697, 6421226.20776 ], [ 516437.93342, 6421224.23467 ], [ 516436.92614, 6421223.24398 ], [ 516436.90956, 6421221.24601 ], [ 516428.90105, 6421219.31438 ], [ 516428.88447, 6421217.31642 ], [ 516422.87395, 6421215.3682 ], [ 516422.85736, 6421213.37023 ], [ 516421.85837, 6421213.37853 ], [ 516394.87736, 6421212.60343 ], [ 516392.954, 6421221.61086 ], [ 516388.18293, 6421248.62488 ], [ 516388.19122, 6421249.62386 ], [ 516390.1975, 6421250.60626 ], [ 516392.21206, 6421252.58765 ], [ 516394.21004, 6421252.57106 ], [ 516395.20903, 6421252.56277 ], [ 516403.20095, 6421252.49643 ], [ 516417.1951, 6421253.37933 ], [ 516416.22928, 6421257.38356 ], [ 516410.22704, 6421256.43432 ], [ 516400.22885, 6421255.51826 ], [ 516399.23816, 6421256.52554 ], [ 516399.23816, 6421256.52554 ], [ 516397.28164, 6421261.53704 ], [ 516397.28993, 6421262.53602 ], [ 516397.30651, 6421264.53399 ], [ 516400.36981, 6421272.50098 ], [ 516403.36678, 6421272.47611 ], [ 516406.36375, 6421272.45123 ], [ 516407.44566, 6421282.43278 ], [ 516406.44667, 6421282.44107 ], [ 516406.50471, 6421289.43395 ], [ 516406.55447, 6421295.42786 ], [ 516408.55245, 6421295.41127 ], [ 516406.71201, 6421314.40855 ], [ 516412.72253, 6421316.35676 ], [ 516406.81151, 6421326.39635 ], [ 516419.84813, 6421332.28246 ], [ 516429.8712, 6421336.19547 ], [ 516469.96346, 6421351.84753 ] ] ] ] } },
{ "type": "Feature", "properties": { "VALID_GEST": "2024-01-29", "TYPE": "Inscrit", "IDCAUE_EPC": 21 }, "geometry": { "type": "MultiPolygon", "coordinates": [ [ [ [ 532479.36838, 6398923.25046 ], [ 532471.45953, 6398933.30661 ], [ 532459.58796, 6398947.39187 ], [ 532456.60763, 6398949.41472 ], [ 532434.75458, 6398964.58196 ], [ 532425.83016, 6398972.64847 ], [ 532412.9845, 6398989.73894 ], [ 532411.99382, 6398990.74622 ], [ 532406.06633, 6398998.78782 ], [ 532404.06838, 6398998.80442 ], [ 532403.07769, 6398999.8117 ], [ 532401.10463, 6399002.82522 ], [ 532400.11395, 6399003.8325 ], [ 532402.1202, 6399004.81487 ], [ 532383.38025, 6399033.94284 ], [ 532383.38854, 6399034.94182 ], [ 532374.5139, 6399049.00216 ], [ 532373.56471, 6399055.00431 ], [ 532380.73179, 6399075.92465 ], [ 532368.9349, 6399099.00067 ], [ 532362.03332, 6399110.04749 ], [ 532355.14004, 6399122.09329 ], [ 532355.14004, 6399122.09329 ], [ 532344.30064, 6399140.16614 ], [ 532325.63535, 6399178.28488 ], [ 532298.54679, 6399164.52337 ], [ 532290.52178, 6399160.59389 ], [ 532277.71761, 6399182.67923 ], [ 532267.86888, 6399199.7448 ], [ 532249.187, 6399235.86559 ], [ 532246.23155, 6399240.88536 ], [ 532242.31031, 6399249.90934 ], [ 532229.54762, 6399276.98955 ], [ 532224.70208, 6399295.01259 ], [ 532223.7197, 6399297.01884 ], [ 532218.88245, 6399316.04085 ], [ 532215.9187, 6399320.06165 ], [ 532212.97155, 6399326.0804 ], [ 532208.10112, 6399341.10651 ], [ 532179.62029, 6399400.28672 ], [ 532215.69965, 6399413.97352 ], [ 532216.75671, 6399420.95803 ], [ 532220.86048, 6399433.91149 ], [ 532218.03778, 6399454.91485 ], [ 532201.2294, 6399476.03443 ], [ 532198.25735, 6399479.05625 ], [ 532198.32373, 6399487.04805 ], [ 532197.39113, 6399495.04814 ], [ 532196.51661, 6399510.04105 ], [ 532195.72505, 6399535.02371 ], [ 532194.77586, 6399541.02586 ], [ 532191.03715, 6399572.02726 ], [ 532185.43325, 6399619.02886 ], [ 532183.50167, 6399627.03725 ], [ 532172.78671, 6399660.09471 ], [ 532168.89036, 6399672.11561 ], [ 532162.00538, 6399685.16038 ], [ 532161.0064, 6399685.16868 ], [ 532156.08618, 6399694.20095 ], [ 532133.42497, 6399732.35289 ], [ 532128.56283, 6399748.37799 ], [ 532129.5701, 6399749.36866 ], [ 532158.58196, 6399754.12281 ], [ 532155.77585, 6399777.12412 ], [ 532156.81632, 6399782.11069 ], [ 532146.9178, 6399793.18242 ], [ 532137.97678, 6399799.25097 ], [ 532132.05758, 6399808.29154 ], [ 532123.24931, 6399830.34369 ], [ 532123.24931, 6399830.34369 ], [ 532117.3799, 6399845.37811 ], [ 532103.60163, 6399870.46867 ], [ 532081.95598, 6399910.61027 ], [ 532097.98942, 6399916.4713 ], [ 532101.00295, 6399918.44435 ], [ 532102.06, 6399925.42887 ], [ 532101.21037, 6399943.41871 ], [ 532101.24356, 6399947.41461 ], [ 532094.32204, 6400076.34872 ], [ 532091.42467, 6400088.36131 ], [ 532082.64958, 6400114.40936 ], [ 532077.71277, 6400121.44368 ], [ 532073.91598, 6400145.45227 ], [ 532070.1192, 6400169.46086 ], [ 532068.35355, 6400197.44875 ], [ 532065.48937, 6400213.45725 ], [ 532061.72577, 6400241.46174 ], [ 532093.66819, 6400238.1992 ], [ 532135.5921, 6400233.85468 ], [ 532153.56541, 6400232.7063 ], [ 532158.56031, 6400232.6648 ], [ 532164.55418, 6400232.61499 ], [ 532208.48434, 6400229.25284 ], [ 532209.5331, 6400235.23839 ], [ 532226.45432, 6400347.98973 ], [ 532233.87032, 6400398.87934 ], [ 532235.91806, 6400404.85659 ], [ 532222.00703, 6400413.96357 ], [ 532210.08566, 6400422.05497 ], [ 532200.14566, 6400428.13183 ], [ 532190.19736, 6400433.20971 ], [ 532185.21906, 6400435.24916 ], [ 532176.25314, 6400438.32079 ], [ 532170.27587, 6400440.36854 ], [ 532150.34608, 6400446.52839 ], [ 532105.50819, 6400460.88756 ], [ 532075.62181, 6400471.12631 ], [ 532067.65487, 6400474.18964 ], [ 532059.67963, 6400476.25399 ], [ 532058.68895, 6400477.26127 ], [ 532050.71371, 6400479.32562 ], [ 532030.80052, 6400487.48342 ], [ 532026.8129, 6400488.5156 ], [ 532017.85528, 6400492.5862 ], [ 532001.9297, 6400499.71183 ], [ 531994.97004, 6400503.76583 ], [ 531985.03003, 6400509.84268 ], [ 531980.06832, 6400513.88008 ], [ 531975.09002, 6400515.91953 ], [ 531969.11275, 6400517.96728 ], [ 531965.13342, 6400519.99843 ], [ 531960.15513, 6400522.03788 ], [ 531953.18716, 6400525.09291 ], [ 531926.26452, 6400531.31086 ], [ 531910.30575, 6400534.44058 ], [ 531899.33358, 6400536.52984 ], [ 531894.34698, 6400537.57031 ], [ 531879.39549, 6400541.69071 ], [ 531867.44093, 6400545.78621 ], [ 531836.55556, 6400556.03326 ], [ 531816.62577, 6400562.19311 ], [ 531796.70427, 6400569.35193 ], [ 531785.7404, 6400572.44016 ], [ 531776.75788, 6400573.51383 ], [ 531756.8032, 6400576.67676 ], [ 531748.81967, 6400577.74213 ], [ 531748.82796, 6400578.74111 ], [ 531747.82899, 6400578.74941 ], [ 531746.8466, 6400580.75566 ], [ 531746.8549, 6400581.75463 ], [ 531747.86217, 6400582.74531 ], [ 531749.87672, 6400584.72666 ], [ 531751.89957, 6400587.70698 ], [ 531766.97552, 6400598.5712 ], [ 531810.1971, 6400630.18149 ], [ 531826.28861, 6400643.03536 ], [ 531838.34273, 6400650.92756 ], [ 531856.44051, 6400664.76381 ], [ 531864.48212, 6400670.69126 ], [ 531897.66413, 6400696.3907 ], [ 531919.77442, 6400712.1917 ], [ 531941.893, 6400728.99167 ], [ 531948.92733, 6400733.92844 ], [ 531955.95337, 6400737.86624 ], [ 531967.9909, 6400743.76049 ], [ 531975.99932, 6400745.69204 ], [ 531981.01081, 6400747.64849 ], [ 531994.01413, 6400749.53854 ], [ 532023.00941, 6400752.29476 ], [ 532043.00558, 6400754.12671 ], [ 532076.98745, 6400755.84246 ], [ 532105.97443, 6400757.5997 ], [ 532109.97865, 6400758.56548 ], [ 532118.97775, 6400759.48975 ], [ 532128.98413, 6400761.4047 ], [ 532135.99358, 6400763.34455 ], [ 532143.01132, 6400766.28337 ], [ 532150.02907, 6400769.2222 ], [ 532154.04158, 6400771.18695 ], [ 532160.07693, 6400776.13202 ], [ 532167.12786, 6400783.06675 ], [ 532184.24326, 6400798.90924 ], [ 532190.28691, 6400804.85329 ], [ 532199.36899, 6400815.76732 ], [ 532206.43651, 6400824.69999 ], [ 532215.54348, 6400838.61094 ], [ 532221.62033, 6400848.55089 ], [ 532227.73866, 6400863.48572 ], [ 532242.00646, 6400897.33467 ], [ 532247.09262, 6400908.2819 ], [ 532249.12377, 6400912.2612 ], [ 532269.42693, 6400951.05523 ], [ 532285.66781, 6400981.89066 ], [ 532290.74567, 6400991.83892 ], [ 532296.83081, 6401002.77784 ], [ 532306.98655, 6401022.67435 ], [ 532319.15683, 6401044.5522 ], [ 532333.34996, 6401069.41039 ], [ 532356.68326, 6401112.17543 ], [ 532370.89299, 6401139.03156 ], [ 532374.92209, 6401142.99426 ], [ 532393.78654, 6401128.85091 ], [ 532405.70791, 6401120.7595 ], [ 532438.48338, 6401097.50916 ], [ 532474.2309, 6401071.23699 ], [ 532516.93809, 6401040.91082 ], [ 532570.56766, 6401002.50154 ], [ 532581.49005, 6400994.41843 ], [ 532588.44971, 6400990.36442 ], [ 532617.24586, 6400969.14523 ], [ 532621.21689, 6400966.1151 ], [ 532663.93236, 6400936.78789 ], [ 532699.68817, 6400911.51469 ], [ 532711.60124, 6400902.42431 ], [ 532736.45125, 6400887.23216 ], [ 532742.41194, 6400883.18646 ], [ 532785.1523, 6400856.85617 ], [ 532845.78301, 6400819.38774 ], [ 532862.67438, 6400808.2579 ], [ 532871.6237, 6400803.18832 ], [ 532890.51303, 6400792.04187 ], [ 532893.48507, 6400789.02004 ], [ 532915.35474, 6400775.85075 ], [ 532936.22543, 6400762.68975 ], [ 532945.17475, 6400757.62017 ], [ 532966.05373, 6400745.45814 ], [ 532973.01339, 6400741.40414 ], [ 532990.89544, 6400729.26702 ], [ 532998.83749, 6400723.20676 ], [ 533011.73294, 6400712.11011 ], [ 533024.62839, 6400701.01347 ], [ 533024.62839, 6400701.01347 ], [ 533043.44304, 6400680.87625 ], [ 533046.41508, 6400677.85442 ], [ 533073.35432, 6400673.63439 ], [ 533073.35432, 6400673.63439 ], [ 533086.33274, 6400672.5275 ], [ 533103.29049, 6400669.38946 ], [ 533127.23279, 6400665.19434 ], [ 533126.2753, 6400670.19752 ], [ 533126.2836, 6400671.19649 ], [ 533123.46921, 6400693.19886 ], [ 533122.5947, 6400708.19179 ], [ 533123.74303, 6400726.16505 ], [ 533123.75963, 6400728.16301 ], [ 533123.8758, 6400742.14866 ], [ 533124.95775, 6400752.13012 ], [ 533124.99094, 6400756.12602 ], [ 533125.05732, 6400764.11783 ], [ 533151.99656, 6400759.8978 ], [ 533168.96261, 6400757.75873 ], [ 533173.9575, 6400757.71723 ], [ 533178.9441, 6400756.67675 ], [ 533213.87517, 6400752.39032 ], [ 533213.87517, 6400752.39032 ], [ 533216.8721, 6400752.36541 ], [ 533216.8721, 6400752.36541 ], [ 533250.80419, 6400748.08728 ], [ 533251.80317, 6400748.07898 ], [ 533255.79079, 6400747.0468 ], [ 533256.84785, 6400754.03133 ], [ 533262.017, 6400774.96831 ], [ 533266.31163, 6400810.89824 ], [ 533275.38542, 6400820.81329 ], [ 533276.44249, 6400827.79782 ], [ 533276.45078, 6400828.79679 ], [ 533282.72678, 6400862.71216 ], [ 533285.07325, 6400904.65255 ], [ 533285.07325, 6400904.65255 ], [ 533285.09814, 6400907.64947 ], [ 533286.1718, 6400916.63196 ], [ 533290.37516, 6400941.57315 ], [ 533292.4229, 6400947.5504 ], [ 533294.44575, 6400950.53073 ], [ 533297.45929, 6400952.50378 ], [ 533299.45724, 6400952.48718 ], [ 533299.45724, 6400952.48718 ], [ 533312.44397, 6400952.37927 ], [ 533336.38628, 6400948.18414 ], [ 533351.33777, 6400944.06372 ], [ 533365.27369, 6400937.95366 ], [ 533367.25505, 6400935.9391 ], [ 533377.15356, 6400924.86736 ], [ 533382.07378, 6400915.83507 ], [ 533383.06446, 6400914.82779 ], [ 533383.07276, 6400915.82677 ], [ 533385.05412, 6400913.81221 ], [ 533386.0448, 6400912.80494 ], [ 533388.03446, 6400911.78936 ], [ 533390.03242, 6400911.77276 ], [ 533412.99234, 6400909.58388 ], [ 533415.98928, 6400909.55898 ], [ 533420.97587, 6400908.5185 ], [ 533429.96668, 6400908.44379 ], [ 533438.9575, 6400908.36908 ], [ 533439.95647, 6400908.36078 ], [ 533442.95341, 6400908.33588 ], [ 533445.95035, 6400908.31098 ], [ 533447.9566, 6400909.29335 ], [ 533449.94626, 6400908.27777 ], [ 533450.93694, 6400907.27049 ], [ 533452.9349, 6400907.25389 ], [ 533462.84171, 6400897.18112 ], [ 533469.80137, 6400893.12711 ], [ 533487.99044, 6400917.95209 ], [ 533496.08185, 6400929.8734 ], [ 533496.08185, 6400929.8734 ], [ 533512.24807, 6400951.71805 ], [ 533564.1203, 6400942.29562 ], [ 533564.1203, 6400942.29562 ], [ 533602.03171, 6400935.98632 ], [ 533611.00592, 6400933.91366 ], [ 533624.96673, 6400930.80057 ], [ 533655.88527, 6400924.5496 ], [ 533655.88527, 6400924.5496 ], [ 533661.86254, 6400922.50189 ], [ 533691.7821, 6400916.25921 ], [ 533710.73779, 6400913.1047 ], [ 533719.7037, 6400910.03313 ], [ 533751.60461, 6400901.77591 ], [ 533787.45995, 6400888.49064 ], [ 533800.41347, 6400884.38692 ], [ 533810.37836, 6400881.30705 ], [ 533828.31848, 6400876.16288 ], [ 533828.31848, 6400876.16288 ], [ 533840.27302, 6400872.06745 ], [ 533855.2328, 6400868.94611 ], [ 533866.18837, 6400864.85897 ], [ 533868.17802, 6400863.84341 ], [ 533876.13666, 6400859.78115 ], [ 533884.19487, 6400867.7066 ], [ 533891.23751, 6400873.6424 ], [ 533899.28742, 6400880.56888 ], [ 533900.29469, 6400881.55956 ], [ 533915.39554, 6400895.42081 ], [ 533966.73345, 6400941.94968 ], [ 533994.9123, 6400966.69185 ], [ 534016.05681, 6400986.49719 ], [ 534045.24294, 6401012.23003 ], [ 534059.35312, 6401027.09856 ], [ 534066.40405, 6401034.03333 ], [ 534069.41759, 6401036.0064 ], [ 534077.40941, 6401035.94005 ], [ 534107.31237, 6401027.69941 ], [ 534145.19056, 6401017.39447 ], [ 534163.13068, 6401012.25029 ], [ 534180.07182, 6401007.11441 ], [ 534209.97478, 6400998.87377 ], [ 534231.86932, 6400988.70154 ], [ 534255.75351, 6400977.51374 ], [ 534268.69044, 6400971.41206 ], [ 534279.68749, 6400972.31979 ], [ 534289.69387, 6400974.2348 ], [ 534294.70536, 6400976.19128 ], [ 534321.77736, 6400987.95505 ], [ 534330.81796, 6400993.87425 ], [ 534342.87209, 6401001.76653 ], [ 534352.93656, 6401010.67437 ], [ 534379.09257, 6401032.43618 ], [ 534388.14146, 6401039.35437 ], [ 534394.16853, 6401043.3005 ], [ 534396.18308, 6401045.28187 ], [ 534402.21015, 6401049.228 ], [ 534405.21538, 6401050.2021 ], [ 534404.15831, 6401043.21756 ], [ 534399.08873, 6401034.26825 ], [ 534392.77121, 6400995.35795 ], [ 534390.74006, 6400991.37863 ], [ 534388.70061, 6400986.40034 ], [ 534385.59579, 6400973.43854 ], [ 534380.41003, 6400950.50356 ], [ 534373.19311, 6400923.58927 ], [ 534373.19311, 6400923.58927 ], [ 534368.00735, 6400900.6543 ], [ 534366.94198, 6400892.67079 ], [ 534361.78941, 6400873.73172 ], [ 534360.77384, 6400871.74206 ], [ 534356.61195, 6400851.79572 ], [ 534354.53101, 6400841.82255 ], [ 534353.48224, 6400835.83699 ], [ 534350.37742, 6400822.87518 ], [ 534348.32137, 6400815.89894 ], [ 534345.25805, 6400807.93202 ], [ 534344.18438, 6400798.94953 ], [ 534342.10344, 6400788.97636 ], [ 534337.95815, 6400771.02797 ], [ 534330.71634, 6400741.11676 ], [ 534330.70804, 6400740.11778 ], [ 534330.70804, 6400740.11778 ], [ 534322.43406, 6400706.21896 ], [ 534315.21715, 6400679.30468 ], [ 534312.08744, 6400663.34595 ], [ 534311.08016, 6400662.35527 ], [ 534311.04696, 6400658.35936 ], [ 534307.96704, 6400648.39449 ], [ 534303.92964, 6400643.43279 ], [ 534301.85699, 6400634.45859 ], [ 534300.84142, 6400632.46894 ], [ 534299.82584, 6400630.47928 ], [ 534296.80401, 6400627.50724 ], [ 534290.75205, 6400620.56417 ], [ 534289.70328, 6400614.57861 ], [ 534281.62018, 6400603.65623 ], [ 534279.53094, 6400592.68409 ], [ 534280.37224, 6400573.69526 ], [ 534280.35564, 6400571.69731 ], [ 534278.34109, 6400569.71594 ], [ 534275.31096, 6400565.74492 ], [ 534275.31096, 6400565.74492 ], [ 534272.08996, 6400538.79746 ], [ 534262.92489, 6400517.89362 ], [ 534246.68399, 6400487.05809 ], [ 534242.61339, 6400478.10049 ], [ 534240.59054, 6400475.12015 ], [ 534231.46696, 6400459.21119 ], [ 534229.44411, 6400456.23085 ], [ 534226.41398, 6400452.25983 ], [ 534224.38283, 6400448.28052 ], [ 534221.32781, 6400441.31257 ], [ 534217.2987, 6400437.34984 ], [ 534200.11691, 6400413.51543 ], [ 534195.05563, 6400405.5651 ], [ 534193.03278, 6400402.58476 ], [ 534192.00891, 6400399.59613 ], [ 534191.99231, 6400397.59818 ], [ 534195.85545, 6400381.58139 ], [ 534195.85545, 6400381.58139 ], [ 534196.81293, 6400376.57822 ], [ 534197.71233, 6400364.58222 ], [ 534199.5858, 6400349.581 ], [ 534200.54329, 6400344.57783 ], [ 534200.42711, 6400330.59217 ], [ 534200.38561, 6400325.59729 ], [ 534202.31718, 6400317.5889 ], [ 534210.27581, 6400313.52664 ], [ 534213.23954, 6400309.50586 ], [ 534214.16383, 6400300.50678 ], [ 534214.09745, 6400292.51498 ], [ 534214.05595, 6400287.5201 ], [ 534213.89828, 6400268.53957 ], [ 534213.7406, 6400249.55904 ], [ 534213.64932, 6400238.57031 ], [ 534214.59021, 6400231.56918 ], [ 534214.44913, 6400214.5866 ], [ 534218.37865, 6400206.56162 ], [ 534218.37865, 6400206.56162 ], [ 534220.33511, 6400201.55015 ], [ 534222.22519, 6400188.54689 ], [ 534225.10594, 6400174.53635 ], [ 534217.83094, 6400140.62924 ], [ 534215.71681, 6400126.66018 ], [ 534213.65246, 6400118.68496 ], [ 534212.5705, 6400108.70351 ], [ 534212.5622, 6400107.70453 ], [ 534211.48024, 6400097.72307 ], [ 534211.36406, 6400083.73742 ], [ 534208.20945, 6400064.78177 ], [ 534203.17307, 6400059.82836 ], [ 534202.16579, 6400058.83768 ], [ 534200.12635, 6400053.85939 ], [ 534197.09622, 6400049.88838 ], [ 534197.08792, 6400048.8894 ], [ 534192.95923, 6400032.93897 ], [ 534191.93536, 6400029.95034 ], [ 534191.92706, 6400028.95137 ], [ 534194.8991, 6400025.92956 ], [ 534194.83271, 6400017.93775 ], [ 534193.80884, 6400014.94912 ], [ 534191.75279, 6400007.97288 ], [ 534191.74449, 6400006.97391 ], [ 534192.72687, 6400004.96766 ], [ 534194.69993, 6400001.95415 ], [ 534194.65844, 6399996.95927 ], [ 534194.65014, 6399995.9603 ], [ 534193.59307, 6399988.97577 ], [ 534192.5609, 6399984.98816 ], [ 534190.53805, 6399982.00782 ], [ 534186.50065, 6399977.04612 ], [ 534184.4529, 6399971.06886 ], [ 534184.41971, 6399967.07296 ], [ 534198.25602, 6399948.97529 ], [ 534200.22907, 6399945.96177 ], [ 534201.21975, 6399944.9545 ], [ 534202.19383, 6399941.94928 ], [ 534203.19281, 6399941.94099 ], [ 534205.18247, 6399940.92542 ], [ 534206.18974, 6399941.9161 ], [ 534228.15065, 6399939.73568 ], [ 534227.99297, 6399920.75515 ], [ 534227.95148, 6399915.76027 ], [ 534229.75027, 6399891.76828 ], [ 534229.71707, 6399887.77238 ], [ 534227.71912, 6399887.78897 ], [ 534228.41104, 6399850.81859 ], [ 534228.36955, 6399845.82372 ], [ 534228.36955, 6399845.82372 ], [ 534229.29384, 6399836.82465 ], [ 534231.14242, 6399818.82651 ], [ 534231.11752, 6399815.82958 ], [ 534234.03977, 6399806.81392 ], [ 534240.91643, 6399792.77021 ], [ 534269.57141, 6399754.56862 ], [ 534281.39316, 6399734.48959 ], [ 534281.39316, 6399734.48959 ], [ 534283.36622, 6399731.47607 ], [ 534296.18695, 6399711.38875 ], [ 534306.02734, 6399693.32425 ], [ 534326.64901, 6399650.19414 ], [ 534338.42097, 6399624.12126 ], [ 534338.41267, 6399623.12229 ], [ 534357.06958, 6399584.00467 ], [ 534368.83323, 6399556.93281 ], [ 534372.74615, 6399546.90989 ], [ 534382.47036, 6399514.85974 ], [ 534392.14478, 6399476.81575 ], [ 534404.70823, 6399425.76021 ], [ 534406.6315, 6399416.75285 ], [ 534415.34013, 6399382.71305 ], [ 534423.07468, 6399351.67848 ], [ 534427.89528, 6399330.65854 ], [ 534433.61528, 6399297.6426 ], [ 534434.56447, 6399291.64046 ], [ 534434.53957, 6399288.64354 ], [ 534436.43794, 6399276.63925 ], [ 534441.10086, 6399236.63879 ], [ 534443.95671, 6399219.63134 ], [ 534445.89657, 6399212.62192 ], [ 534461.59804, 6399178.52407 ], [ 534466.50163, 6399167.49388 ], [ 534469.41557, 6399157.47925 ], [ 534470.35646, 6399150.47813 ], [ 534471.22265, 6399134.48625 ], [ 534471.08157, 6399117.50368 ], [ 534470.97368, 6399104.51701 ], [ 534469.75064, 6399077.55299 ], [ 534469.72574, 6399074.55606 ], [ 534469.70084, 6399071.55914 ], [ 534468.31182, 6399024.61563 ], [ 534469.2444, 6399016.61554 ], [ 534470.14379, 6399004.61955 ], [ 534473.91563, 6398977.61406 ], [ 534478.76113, 6398959.59105 ], [ 534480.6429, 6398945.58882 ], [ 534481.57548, 6398937.58873 ], [ 534481.50909, 6398929.59693 ], [ 534479.42815, 6398919.62377 ], [ 534476.36483, 6398911.65686 ], [ 534460.04096, 6398870.83162 ], [ 534457.98491, 6398863.85539 ], [ 534457.97661, 6398862.85642 ], [ 534437.55725, 6398810.07666 ], [ 534432.44618, 6398796.13249 ], [ 534423.25622, 6398772.23176 ], [ 534420.19291, 6398764.26485 ], [ 534413.10879, 6398753.33419 ], [ 534404.03501, 6398743.4191 ], [ 534396.99239, 6398737.48331 ], [ 534384.95488, 6398731.589 ], [ 534358.89851, 6398721.81491 ], [ 534343.85578, 6398714.94651 ], [ 534330.78611, 6398705.06459 ], [ 534325.72484, 6398697.11427 ], [ 534318.63242, 6398685.18464 ], [ 534313.47156, 6398665.24662 ], [ 534309.28479, 6398642.30339 ], [ 534308.21112, 6398633.32092 ], [ 534307.20385, 6398632.33024 ], [ 534306.13848, 6398624.34674 ], [ 534294.59373, 6398557.5067 ], [ 534289.34989, 6398527.57895 ], [ 534274.73352, 6398451.77303 ], [ 534264.29564, 6398397.91138 ], [ 534263.26347, 6398393.92377 ], [ 534263.26347, 6398393.92377 ], [ 534258.05282, 6398367.99192 ], [ 534254.91482, 6398351.03424 ], [ 534247.59004, 6398311.13334 ], [ 534175.32041, 6398390.65778 ], [ 534131.7721, 6398439.97245 ], [ 534128.80837, 6398443.99323 ], [ 534124.83736, 6398447.02333 ], [ 534117.91092, 6398455.07318 ], [ 534106.99687, 6398464.15519 ], [ 534095.09215, 6398474.24446 ], [ 534064.29817, 6398495.48004 ], [ 534014.63153, 6398529.85987 ], [ 534000.72055, 6398538.96675 ], [ 533997.74022, 6398540.98958 ], [ 533980.84891, 6398552.1193 ], [ 533967.96181, 6398564.21481 ], [ 533956.09027, 6398578.29998 ], [ 533947.0663, 6398574.37873 ], [ 533942.06312, 6398573.42123 ], [ 533896.89345, 6398547.82113 ], [ 533888.86015, 6398542.89261 ], [ 533851.73207, 6398523.22001 ], [ 533857.58486, 6398506.18768 ], [ 533863.47083, 6398493.15125 ], [ 533841.45187, 6398488.33885 ], [ 533832.45279, 6398487.41452 ], [ 533832.45279, 6398487.41452 ], [ 533816.44429, 6398484.5503 ], [ 533812.44008, 6398483.58451 ], [ 533811.43281, 6398482.59383 ], [ 533786.35054, 6398469.81451 ], [ 533753.36774, 6398468.09026 ], [ 533749.60419, 6398496.09472 ], [ 533674.6727, 6398495.71779 ], [ 533658.68909, 6398495.85049 ], [ 533655.69216, 6398495.87537 ], [ 533597.75156, 6398496.35641 ], [ 533586.77113, 6398497.44662 ], [ 533546.81208, 6398497.77842 ], [ 533539.81924, 6398497.83654 ], [ 533540.80162, 6398495.83029 ], [ 533547.55382, 6398466.80192 ], [ 533552.33296, 6398440.78708 ], [ 533561.9991, 6398401.74415 ], [ 533565.89542, 6398389.72329 ], [ 533575.65283, 6398361.66908 ], [ 533583.46208, 6398339.6253 ], [ 533591.27133, 6398317.58152 ], [ 533592.23711, 6398313.57733 ], [ 533593.2029, 6398309.57314 ], [ 533597.05773, 6398292.55741 ], [ 533601.85346, 6398268.54056 ], [ 533601.6875, 6398248.56108 ], [ 533601.43855, 6398218.59186 ], [ 533605.2353, 6398194.58331 ], [ 533605.18551, 6398188.58947 ], [ 533603.9376, 6398158.62855 ], [ 533586.03902, 6398168.76757 ], [ 533572.11145, 6398175.8765 ], [ 533559.12477, 6398175.98432 ], [ 533553.13091, 6398176.03409 ], [ 533548.14433, 6398177.07453 ], [ 533542.17537, 6398180.12123 ], [ 533535.21572, 6398184.17525 ], [ 533528.23118, 6398185.23234 ], [ 533515.27767, 6398189.33617 ], [ 533507.31905, 6398193.39849 ], [ 533490.40282, 6398201.53143 ], [ 533480.41305, 6398201.61446 ], [ 533468.41703, 6398200.71512 ], [ 533460.41691, 6398199.78257 ], [ 533445.36587, 6398191.91531 ], [ 533440.35439, 6398189.95888 ], [ 533430.33973, 6398187.04498 ], [ 533419.32609, 6398184.13939 ], [ 533397.3071, 6398179.32718 ], [ 533380.2913, 6398175.47243 ], [ 533374.28084, 6398173.5243 ], [ 533367.26311, 6398170.5855 ], [ 533354.22662, 6398164.69959 ], [ 533347.20889, 6398161.76078 ], [ 533349.22344, 6398163.74213 ], [ 533358.28061, 6398171.65919 ], [ 533362.30971, 6398175.62188 ], [ 533363.33358, 6398178.6105 ], [ 533364.39894, 6398186.59399 ], [ 533364.43213, 6398190.58988 ], [ 533363.51614, 6398200.58793 ], [ 533360.61048, 6398211.60155 ], [ 533359.77746, 6398231.58933 ], [ 533358.82827, 6398237.59148 ], [ 533357.88738, 6398244.5926 ], [ 533356.17985, 6398279.57329 ], [ 533355.32194, 6398296.56416 ], [ 533345.45663, 6398311.63179 ], [ 533324.73534, 6398342.77434 ], [ 533323.74466, 6398343.78162 ], [ 533320.78092, 6398347.80242 ], [ 533303.02338, 6398374.92417 ], [ 533299.06896, 6398379.95225 ], [ 533297.0876, 6398381.9668 ], [ 533294.09896, 6398382.99068 ], [ 533292.10931, 6398384.00626 ], [ 533286.11544, 6398384.05608 ], [ 533284.12579, 6398385.07165 ], [ 533254.44689, 6398420.28482 ], [ 533234.6582, 6398443.42727 ], [ 533228.73072, 6398451.46888 ], [ 533219.8146, 6398460.53437 ], [ 533189.14502, 6398496.75481 ], [ 533156.50238, 6398535.98877 ], [ 533143.63185, 6398550.08234 ], [ 533138.70334, 6398558.11565 ], [ 533124.80893, 6398569.22059 ], [ 533111.9218, 6398581.31621 ], [ 533093.19016, 6398611.44318 ], [ 533090.24302, 6398617.46193 ], [ 533055.97077, 6398580.78216 ], [ 533017.66943, 6398540.13971 ], [ 532991.47199, 6398513.38327 ], [ 532988.45016, 6398510.41125 ], [ 532985.45323, 6398510.43616 ], [ 532982.4563, 6398510.46106 ], [ 532978.46039, 6398510.49427 ], [ 532934.70453, 6398534.83494 ], [ 532924.75624, 6398539.91283 ], [ 532861.10381, 6398574.40928 ], [ 532858.12347, 6398576.43214 ], [ 532856.13382, 6398577.44771 ], [ 532808.39034, 6398602.82056 ], [ 532805.45979, 6398610.83726 ], [ 532767.62311, 6398626.13734 ], [ 532732.75017, 6398637.41662 ], [ 532720.78734, 6398640.51317 ], [ 532715.81734, 6398643.5516 ], [ 532705.88565, 6398650.62743 ], [ 532699.92498, 6398654.67314 ], [ 532680.18605, 6398683.80942 ], [ 532668.30619, 6398696.8957 ], [ 532661.38802, 6398705.94458 ], [ 532652.46361, 6398714.01109 ], [ 532640.55055, 6398723.10148 ], [ 532625.63227, 6398731.2178 ], [ 532612.72854, 6398741.31546 ], [ 532601.83935, 6398753.39446 ], [ 532583.02473, 6398773.53167 ], [ 532574.1169, 6398783.59613 ], [ 532574.1169, 6398783.59613 ], [ 532565.20908, 6398793.66058 ], [ 532547.37684, 6398811.79154 ], [ 532534.51459, 6398826.88407 ], [ 532527.61301, 6398837.9309 ], [ 532524.64927, 6398841.9517 ], [ 532505.93421, 6398874.0766 ], [ 532499.06583, 6398889.11932 ], [ 532485.29587, 6398915.20886 ], [ 532479.36838, 6398923.25046 ] ], [ [ 533104.57307, 6400342.69128 ], [ 533085.58418, 6400341.85003 ], [ 533070.58291, 6400339.97659 ], [ 533036.59274, 6400337.2619 ], [ 533037.51704, 6400328.26283 ], [ 533037.47556, 6400323.26795 ], [ 533037.36769, 6400310.28127 ], [ 533041.0151, 6400268.2911 ], [ 533040.95702, 6400261.29828 ], [ 533041.87302, 6400251.30022 ], [ 533042.79732, 6400242.30115 ], [ 533043.68013, 6400228.30719 ], [ 533044.52976, 6400210.31734 ], [ 533045.43746, 6400199.32031 ], [ 533046.39495, 6400194.31713 ], [ 533047.31925, 6400185.31805 ], [ 533048.27674, 6400180.31488 ], [ 533048.26844, 6400179.3159 ], [ 533053.88892, 6400134.31221 ], [ 533054.81322, 6400125.31313 ], [ 533054.74684, 6400117.32133 ], [ 533056.60374, 6400100.32215 ], [ 533056.57055, 6400096.32625 ], [ 533056.54565, 6400093.32933 ], [ 533057.46995, 6400084.33025 ], [ 533058.33617, 6400068.33834 ], [ 533058.30298, 6400064.34244 ], [ 533058.28638, 6400062.34449 ], [ 533058.2366, 6400056.35064 ], [ 533057.99597, 6400027.38037 ], [ 533057.97937, 6400025.38242 ], [ 533058.8207, 6400006.39359 ], [ 533059.59564, 6399979.41296 ], [ 533060.48675, 6399966.41798 ], [ 533061.35296, 6399950.42608 ], [ 533063.23475, 6399936.42383 ], [ 533068.18816, 6399931.38745 ], [ 533079.19351, 6399933.29408 ], [ 533082.19045, 6399933.26918 ], [ 533090.21546, 6399937.19867 ], [ 533109.24584, 6399943.03479 ], [ 533120.25949, 6399945.9404 ], [ 533128.25962, 6399946.87296 ], [ 533133.25451, 6399946.83146 ], [ 533140.25565, 6399947.77232 ], [ 533144.25157, 6399947.73912 ], [ 533149.24646, 6399947.69761 ], [ 533155.24863, 6399948.64678 ], [ 533161.2425, 6399948.59697 ], [ 533166.24568, 6399949.55444 ], [ 533171.24058, 6399949.51293 ], [ 533180.23968, 6399950.43719 ], [ 533194.24197, 6399952.31892 ], [ 533197.2472, 6399953.29299 ], [ 533208.26086, 6399956.1986 ], [ 533220.27349, 6399959.09591 ], [ 533229.28089, 6399961.01915 ], [ 533254.31343, 6399967.80444 ], [ 533264.32811, 6399970.71835 ], [ 533277.33972, 6399973.60736 ], [ 533279.37087, 6399977.58665 ], [ 533282.40929, 6399982.55663 ], [ 533283.45806, 6399988.54218 ], [ 533285.54729, 6399999.5143 ], [ 533288.71018, 6400019.4689 ], [ 533293.92081, 6400045.40075 ], [ 533299.18953, 6400078.32543 ], [ 533301.29536, 6400091.2955 ], [ 533302.31923, 6400094.28413 ], [ 533304.33378, 6400096.26547 ], [ 533304.39187, 6400103.2583 ], [ 533302.84199, 6400157.21957 ], [ 533302.90008, 6400164.2124 ], [ 533302.93327, 6400168.2083 ], [ 533302.00897, 6400177.20738 ], [ 533294.49012, 6400234.21539 ], [ 533288.88624, 6400281.21704 ], [ 533285.08947, 6400305.22565 ], [ 533285.10607, 6400307.2236 ], [ 533281.3259, 6400333.23017 ], [ 533279.41922, 6400344.2355 ], [ 533276.47207, 6400350.25426 ], [ 533273.49173, 6400352.27711 ], [ 533270.51139, 6400354.29997 ], [ 533268.53003, 6400356.31452 ], [ 533263.53513, 6400356.35603 ], [ 533252.53807, 6400355.44837 ], [ 533200.55799, 6400351.88413 ], [ 533163.56259, 6400348.19537 ], [ 533104.57307, 6400342.69128 ] ] ] ] } },
{ "type": "Feature", "properties": { "VALID_GEST": "2024-01-29", "TYPE": "Inscrit", "IDCAUE_EPC": 21 }, "geometry": { "type": "MultiPolygon", "coordinates": [ [ [ [ 522754.48728, 6417917.90688 ], [ 522770.48764, 6417919.77218 ], [ 522815.52492, 6417929.38891 ], [ 522856.57456, 6417940.03777 ], [ 522925.63726, 6417955.4494 ], [ 522971.67353, 6417965.05783 ], [ 522987.68217, 6417967.92212 ], [ 523034.66766, 6417971.52836 ], [ 523054.60588, 6417966.36764 ], [ 523078.52346, 6417959.17579 ], [ 523095.46473, 6417954.03994 ], [ 523118.39991, 6417948.85434 ], [ 523119.3906, 6417947.84706 ], [ 523131.36183, 6417945.74961 ], [ 523218.1657, 6417932.04153 ], [ 523257.09294, 6417927.72225 ], [ 523361.92002, 6417918.85983 ], [ 523438.86676, 6417921.21835 ], [ 523456.86508, 6417923.06707 ], [ 523457.87236, 6417924.05776 ], [ 523565.8706, 6417936.14905 ], [ 523596.89721, 6417942.88488 ], [ 523633.91773, 6417949.57096 ], [ 523655.11561, 6417855.48434 ], [ 523658.92076, 6417832.47462 ], [ 523664.82342, 6417821.43608 ], [ 523671.78313, 6417817.38211 ], [ 523693.36261, 6417769.24862 ], [ 523716.91518, 6417718.1016 ], [ 523735.54748, 6417675.98687 ], [ 523755.17876, 6417633.86385 ], [ 523750.15065, 6417629.90938 ], [ 523748.16098, 6417630.92495 ], [ 523728.88992, 6417596.11816 ], [ 523727.89923, 6417597.12543 ], [ 523709.7184, 6417573.29914 ], [ 523702.68403, 6417568.36228 ], [ 523704.64052, 6417563.35079 ], [ 523680.57363, 6417552.561 ], [ 523677.56009, 6417550.58791 ], [ 523638.46694, 6417534.92759 ], [ 523590.29998, 6417509.35208 ], [ 523563.18636, 6417492.59328 ], [ 523548.12693, 6417483.72682 ], [ 523536.09763, 6417478.83141 ], [ 523490.0033, 6417462.23015 ], [ 523479.98857, 6417459.31612 ], [ 523453.932, 6417449.54189 ], [ 523399.8292, 6417431.00898 ], [ 523393.8187, 6417429.06077 ], [ 523385.82683, 6417429.1271 ], [ 523385.82683, 6417429.1271 ], [ 523364.83985, 6417428.30223 ], [ 523362.88335, 6417433.31372 ], [ 523302.94426, 6417433.81119 ], [ 523276.96236, 6417433.02778 ], [ 523255.95879, 6417430.20495 ], [ 523245.96064, 6417429.28889 ], [ 523237.98535, 6417431.35318 ], [ 523232.98213, 6417430.39565 ], [ 523210.98788, 6417428.58009 ], [ 523175.99022, 6417424.87436 ], [ 523159.98987, 6417423.00906 ], [ 523124.94245, 6417413.30944 ], [ 523111.92246, 6417409.4213 ], [ 523100.90045, 6417405.51658 ], [ 523088.87945, 6417401.62015 ], [ 523041.8525, 6417393.019 ], [ 523020.84893, 6417390.19617 ], [ 522978.85009, 6417385.54949 ], [ 522977.8511, 6417385.55778 ], [ 522933.85429, 6417380.92768 ], [ 522888.8502, 6417375.30688 ], [ 522887.91758, 6417383.30702 ], [ 522885.89472, 6417380.32666 ], [ 522879.85934, 6417375.3815 ], [ 522862.79364, 6417365.53264 ], [ 522849.74877, 6417358.64756 ], [ 522837.69459, 6417350.7552 ], [ 522820.61231, 6417338.90838 ], [ 522808.54983, 6417330.01705 ], [ 522804.52071, 6417326.05429 ], [ 522800.49159, 6417322.09153 ], [ 522796.44588, 6417316.13081 ], [ 522793.42404, 6417313.15874 ], [ 522789.46958, 6417318.18681 ], [ 522781.54406, 6417326.24498 ], [ 522775.58333, 6417330.29064 ], [ 522769.6226, 6417334.33631 ], [ 522760.66492, 6417338.40685 ], [ 522745.72992, 6417344.52509 ], [ 522741.75057, 6417346.55622 ], [ 522735.80643, 6417352.59985 ], [ 522716.04241, 6417378.73916 ], [ 522709.15735, 6417391.78394 ], [ 522699.29193, 6417406.85155 ], [ 522679.60256, 6417441.98169 ], [ 522664.92471, 6417479.06833 ], [ 522663.9589, 6417483.07255 ], [ 522662.96821, 6417484.07982 ], [ 522662.97651, 6417485.0788 ], [ 522656.04997, 6417493.12868 ], [ 522646.17626, 6417507.19731 ], [ 522642.23009, 6417513.22436 ], [ 522626.32098, 6417522.34784 ], [ 522618.36228, 6417526.41008 ], [ 522591.51412, 6417541.61864 ], [ 522578.58538, 6417548.71929 ], [ 522557.74771, 6417565.87606 ], [ 522544.86045, 6417577.97161 ], [ 522544.86045, 6417577.97161 ], [ 522540.89769, 6417582.00069 ], [ 522535.92765, 6417585.03909 ], [ 522506.14059, 6417607.26538 ], [ 522496.2088, 6417614.34115 ], [ 522468.36165, 6417629.558 ], [ 522419.48604, 6417638.95506 ], [ 522415.4984, 6417639.98721 ], [ 522409.51278, 6417641.03593 ], [ 522359.63819, 6417650.44128 ], [ 522340.68235, 6417653.59574 ], [ 522336.703, 6417655.62687 ], [ 522333.71434, 6417656.65072 ], [ 522322.80016, 6417665.73274 ], [ 522321.80118, 6417665.74103 ], [ 522321.80947, 6417666.74001 ], [ 522316.8975, 6417676.77127 ], [ 522315.93999, 6417681.77447 ], [ 522314.941, 6417681.78276 ], [ 522312.12654, 6417703.78521 ], [ 522306.20728, 6417712.82578 ], [ 522304.24249, 6417716.83828 ], [ 522301.27872, 6417720.85907 ], [ 522285.51063, 6417746.96522 ], [ 522284.51164, 6417746.97351 ], [ 522257.88743, 6417789.15455 ], [ 522257.88743, 6417789.15455 ], [ 522251.96818, 6417798.19512 ], [ 522249.99509, 6417801.20864 ], [ 522246.04892, 6417807.23569 ], [ 522284.11819, 6417819.9074 ], [ 522355.23691, 6417842.29534 ], [ 522355.23691, 6417842.29534 ], [ 522479.45116, 6417882.22554 ], [ 522507.47251, 6417887.98728 ], [ 522508.4715, 6417887.97899 ], [ 522523.48946, 6417891.85056 ], [ 522602.51712, 6417904.18235 ], [ 522628.50732, 6417905.96476 ], [ 522629.50631, 6417905.95646 ], [ 522714.4864, 6417913.2436 ], [ 522754.48728, 6417917.90688 ] ], [ [ 523236.00995, 6417795.02362 ], [ 523233.96221, 6417789.04631 ], [ 523233.92903, 6417785.05039 ], [ 523232.91345, 6417783.06072 ], [ 523234.87824, 6417779.04821 ], [ 523233.83778, 6417774.0616 ], [ 523235.76109, 6417765.05419 ], [ 523234.7621, 6417765.06248 ], [ 523234.75381, 6417764.0635 ], [ 523228.7599, 6417764.11325 ], [ 523228.7599, 6417764.11325 ], [ 523226.76193, 6417764.12983 ], [ 523226.76193, 6417764.12983 ], [ 523222.75769, 6417763.16401 ], [ 523222.76599, 6417764.16299 ], [ 523220.76802, 6417764.17958 ], [ 523220.75972, 6417763.1806 ], [ 523216.76378, 6417763.21376 ], [ 523216.76378, 6417763.21376 ], [ 523215.7648, 6417763.22205 ], [ 523215.7648, 6417763.22205 ], [ 523211.76056, 6417762.25624 ], [ 523211.76886, 6417763.25522 ], [ 523210.76987, 6417763.26351 ], [ 523210.76158, 6417762.26453 ], [ 523209.76259, 6417762.27282 ], [ 523209.7543, 6417761.27384 ], [ 523210.75328, 6417761.26555 ], [ 523210.70351, 6417755.27166 ], [ 523210.70351, 6417755.27166 ], [ 523210.69521, 6417754.27268 ], [ 523211.6942, 6417754.26439 ], [ 523211.6859, 6417753.26541 ], [ 523212.62682, 6417746.26425 ], [ 523213.59262, 6417742.26004 ], [ 523215.59059, 6417742.24345 ], [ 523218.52948, 6417735.22572 ], [ 523223.5327, 6417736.18324 ], [ 523229.5432, 6417738.13146 ], [ 523230.54219, 6417738.12316 ], [ 523253.56862, 6417743.92635 ], [ 523264.59063, 6417747.83107 ], [ 523259.71184, 6417761.85826 ], [ 523256.78125, 6417769.87498 ], [ 523254.86624, 6417779.88137 ], [ 523252.90974, 6417784.89286 ], [ 523252.94292, 6417788.88878 ], [ 523264.98881, 6417795.78215 ], [ 523264.00642, 6417797.78841 ], [ 523243.01114, 6417795.96456 ], [ 523240.01419, 6417795.98943 ], [ 523236.00995, 6417795.02362 ] ] ] ] } },
{ "type": "Feature", "properties": { "VALID_GEST": "2024-01-29", "TYPE": "Inscrit", "IDCAUE_EPC": 21 }, "geometry": { "type": "MultiPolygon", "coordinates": [ [ [ [ 521405.23789, 6417493.51825 ], [ 521432.15242, 6417486.30156 ], [ 521432.15242, 6417486.30156 ], [ 521466.05155, 6417478.02786 ], [ 521482.03531, 6417477.89523 ], [ 521500.01703, 6417477.74601 ], [ 521504.01297, 6417477.71285 ], [ 521505.01196, 6417477.70456 ], [ 521509.95712, 6417471.66923 ], [ 521513.90329, 6417465.64218 ], [ 521515.82661, 6417456.63478 ], [ 521515.81002, 6417454.63682 ], [ 521513.77058, 6417449.65849 ], [ 521511.73943, 6417445.67915 ], [ 521505.67916, 6417437.73705 ], [ 521501.65004, 6417433.77428 ], [ 521494.59909, 6417426.83945 ], [ 521488.5637, 6417421.89428 ], [ 521494.51614, 6417416.84964 ], [ 521502.5412, 6417420.77925 ], [ 521513.5798, 6417426.68194 ], [ 521520.61417, 6417431.61882 ], [ 521529.67139, 6417439.53605 ], [ 521534.69949, 6417443.49052 ], [ 521537.70474, 6417444.46464 ], [ 521530.65378, 6417437.5298 ], [ 521520.58099, 6417427.62289 ], [ 521512.52275, 6417419.69737 ], [ 521508.49363, 6417415.7346 ], [ 521501.45097, 6417409.79875 ], [ 521500.44369, 6417408.80806 ], [ 521493.40933, 6417403.87119 ], [ 521485.36768, 6417397.94362 ], [ 521478.33331, 6417393.00675 ], [ 521469.29268, 6417387.08747 ], [ 521460.26034, 6417382.16718 ], [ 521451.22801, 6417377.24688 ], [ 521446.21649, 6417375.29037 ], [ 521445.20921, 6417374.29968 ], [ 521440.1977, 6417372.34317 ], [ 521427.14454, 6417364.45909 ], [ 521427.14454, 6417364.45909 ], [ 521417.12151, 6417360.54607 ], [ 521416.11423, 6417359.55538 ], [ 521406.09121, 6417355.64235 ], [ 521403.14402, 6417361.6611 ], [ 521402.17821, 6417365.66532 ], [ 521394.35222, 6417385.71125 ], [ 521385.48578, 6417400.77056 ], [ 521370.43465, 6417392.90306 ], [ 521368.46986, 6417396.91556 ], [ 521356.65622, 6417417.99363 ], [ 521352.71835, 6417425.01966 ], [ 521350.81991, 6417437.024 ], [ 521350.81991, 6417437.024 ], [ 521345.26561, 6417490.01971 ], [ 521362.25665, 6417490.87777 ], [ 521393.24177, 6417492.61875 ], [ 521395.23974, 6417492.60217 ], [ 521405.23789, 6417493.51825 ] ], [ [ 521466.03496, 6417476.0299 ], [ 521464.03699, 6417476.04648 ], [ 521459.04206, 6417476.08793 ], [ 521467.7758, 6417445.04492 ], [ 521507.81814, 6417454.70314 ], [ 521505.89482, 6417463.71054 ], [ 521502.94763, 6417469.7293 ], [ 521497.00349, 6417475.77292 ], [ 521497.00349, 6417475.77292 ], [ 521473.02785, 6417475.97187 ], [ 521469.03191, 6417476.00503 ], [ 521466.03496, 6417476.0299 ] ] ] ] } },
{ "type": "Feature", "properties": { "VALID_GEST": "2024-01-29", "TYPE": "Inscrit", "IDCAUE_EPC": 21 }, "geometry": { "type": "MultiPolygon", "coordinates": [ [ [ [ 532231.76557, 6420835.39204 ], [ 532235.76981, 6420836.35784 ], [ 532466.00108, 6420890.39312 ], [ 532628.1603, 6420928.00969 ], [ 532675.21218, 6420939.60763 ], [ 532730.25594, 6420951.1392 ], [ 532741.26967, 6420954.04491 ], [ 532792.2511, 6420957.61779 ], [ 532834.21677, 6420958.26838 ], [ 532850.20053, 6420958.13566 ], [ 532884.14942, 6420955.85566 ], [ 532907.10118, 6420952.66792 ], [ 532942.02416, 6420947.38267 ], [ 532968.96356, 6420943.16276 ], [ 532994.87907, 6420935.9542 ], [ 533016.79865, 6420928.77882 ], [ 533076.55517, 6420906.30347 ], [ 533094.47051, 6420898.16228 ], [ 533148.21652, 6420873.73873 ], [ 533200.92205, 6420844.32855 ], [ 533210.8704, 6420839.25068 ], [ 533206.82467, 6420833.28996 ], [ 533205.80909, 6420831.30029 ], [ 533197.72592, 6420820.37784 ], [ 533189.63445, 6420808.4564 ], [ 533189.62615, 6420807.45742 ], [ 533182.43408, 6420783.53988 ], [ 533181.4102, 6420780.55123 ], [ 533180.39462, 6420778.56155 ], [ 533176.25759, 6420761.61202 ], [ 533174.19323, 6420753.63674 ], [ 533171.03859, 6420734.68094 ], [ 533171.022, 6420732.68298 ], [ 533165.87769, 6420714.74275 ], [ 533165.86109, 6420712.74479 ], [ 533161.74067, 6420697.79322 ], [ 533161.71577, 6420694.79627 ], [ 533158.43665, 6420660.85572 ], [ 533158.39515, 6420655.8608 ], [ 533155.06624, 6420615.92636 ], [ 533155.80795, 6420584.94958 ], [ 533155.75816, 6420578.95568 ], [ 533157.62335, 6420562.95536 ], [ 533157.60675, 6420560.95739 ], [ 533159.48023, 6420545.95605 ], [ 533159.44704, 6420541.96012 ], [ 533161.32882, 6420527.95776 ], [ 533163.2687, 6420520.94829 ], [ 533164.22619, 6420515.94508 ], [ 533170.97841, 6420486.9165 ], [ 533171.9442, 6420482.91227 ], [ 533173.87577, 6420474.90381 ], [ 533174.84156, 6420470.89958 ], [ 533180.5948, 6420441.8793 ], [ 533181.56059, 6420437.87507 ], [ 533194.99034, 6420370.82707 ], [ 533194.98204, 6420369.82808 ], [ 533195.95613, 6420366.82284 ], [ 533199.79439, 6420347.80898 ], [ 533199.76119, 6420343.81304 ], [ 533200.71868, 6420338.80983 ], [ 533201.69277, 6420335.80459 ], [ 533205.43144, 6420304.80293 ], [ 533205.39824, 6420300.807 ], [ 533206.32254, 6420291.80786 ], [ 533206.29764, 6420288.81091 ], [ 533208.14623, 6420270.81262 ], [ 533209.12031, 6420267.80738 ], [ 533210.00311, 6420253.81332 ], [ 533209.97821, 6420250.81637 ], [ 533212.80089, 6420229.81284 ], [ 533213.77498, 6420226.8076 ], [ 533216.58105, 6420203.8061 ], [ 533216.56445, 6420201.80813 ], [ 533221.30211, 6420170.79819 ], [ 533222.2762, 6420167.79294 ], [ 533226.00657, 6420135.7923 ], [ 533226.98895, 6420133.78604 ], [ 533226.96406, 6420130.78909 ], [ 533227.92154, 6420125.78588 ], [ 533228.91223, 6420124.77861 ], [ 533228.88733, 6420121.78166 ], [ 533233.73287, 6420103.75849 ], [ 533233.71628, 6420101.76052 ], [ 533237.57943, 6420085.74361 ], [ 533237.56283, 6420083.74565 ], [ 533240.49339, 6420075.7289 ], [ 533240.4768, 6420073.73093 ], [ 533243.37416, 6420061.71825 ], [ 533244.35655, 6420059.71199 ], [ 533249.17719, 6420038.69187 ], [ 533255.00512, 6420018.66244 ], [ 533255.98751, 6420016.65618 ], [ 533264.7294, 6419986.61203 ], [ 533264.7211, 6419985.61305 ], [ 533272.5055, 6419960.57212 ], [ 533272.4972, 6419959.57313 ], [ 533288.0494, 6419907.4933 ], [ 533288.0411, 6419906.49432 ], [ 533294.86802, 6419886.45659 ], [ 533297.79858, 6419878.43985 ], [ 533312.45968, 6419839.35509 ], [ 533313.44207, 6419837.34882 ], [ 533313.43377, 6419836.34984 ], [ 533323.23274, 6419813.29028 ], [ 533323.22444, 6419812.2913 ], [ 533326.1633, 6419805.27353 ], [ 533327.16228, 6419805.26524 ], [ 533334.97988, 6419784.22024 ], [ 533346.77682, 6419761.14409 ], [ 533346.76852, 6419760.14511 ], [ 533350.70636, 6419753.11905 ], [ 533391.75602, 6419763.76774 ], [ 533392.75501, 6419763.75944 ], [ 533412.6849, 6419757.59963 ], [ 533446.57569, 6419748.32674 ], [ 533447.56637, 6419747.31946 ], [ 533450.55503, 6419746.29559 ], [ 533450.54673, 6419745.29661 ], [ 533478.31082, 6419720.08976 ], [ 533497.26663, 6419716.93519 ], [ 533515.24005, 6419715.78689 ], [ 533520.22668, 6419714.74643 ], [ 533521.22566, 6419714.73813 ], [ 533539.19078, 6419712.59084 ], [ 533549.16403, 6419710.50992 ], [ 533568.09494, 6419704.35841 ], [ 533573.08157, 6419703.31794 ], [ 533583.04652, 6419700.23804 ], [ 533596.00842, 6419697.13325 ], [ 533612.97456, 6419694.99425 ], [ 533615.96321, 6419693.97038 ], [ 533620.94984, 6419692.92992 ], [ 533637.90768, 6419689.79194 ], [ 533677.76747, 6419677.47232 ], [ 533739.53853, 6419656.97832 ], [ 533742.52718, 6419655.95445 ], [ 533748.48789, 6419651.90875 ], [ 533749.48688, 6419651.90045 ], [ 533793.25962, 6419629.55782 ], [ 533805.19763, 6419623.46437 ], [ 533813.15631, 6419619.40207 ], [ 533849.94446, 6419598.11649 ], [ 533850.94344, 6419598.10819 ], [ 533861.84928, 6419588.02711 ], [ 533863.83065, 6419586.01255 ], [ 533864.82134, 6419585.00527 ], [ 533867.79339, 6419581.98344 ], [ 533868.79238, 6419581.97514 ], [ 533871.77273, 6419579.95229 ], [ 533881.69618, 6419571.87747 ], [ 533893.59271, 6419560.78911 ], [ 533894.59169, 6419560.78081 ], [ 533895.58238, 6419559.77353 ], [ 533896.58136, 6419559.76524 ], [ 533898.57103, 6419558.74966 ], [ 533899.56172, 6419557.74239 ], [ 533911.52463, 6419554.64589 ], [ 533913.5226, 6419554.62929 ], [ 533914.51329, 6419553.62201 ], [ 533920.49059, 6419551.57427 ], [ 533931.42963, 6419545.48912 ], [ 533932.42031, 6419544.48184 ], [ 533934.40998, 6419543.46627 ], [ 533935.40897, 6419543.45797 ], [ 533936.40795, 6419543.44968 ], [ 533936.39965, 6419542.45069 ], [ 533937.39864, 6419542.4424 ], [ 533941.37798, 6419540.41125 ], [ 533973.45337, 6419553.13255 ], [ 533976.46693, 6419555.10563 ], [ 534015.56841, 6419571.76478 ], [ 534016.56739, 6419571.75649 ], [ 534026.59044, 6419575.66946 ], [ 534027.59772, 6419576.66014 ], [ 534028.59671, 6419576.65185 ], [ 534029.60399, 6419577.64253 ], [ 534032.60924, 6419578.61663 ], [ 534048.61789, 6419581.48084 ], [ 534053.58792, 6419578.44241 ], [ 534058.54964, 6419574.405 ], [ 534065.44294, 6419562.35913 ], [ 534068.415, 6419559.3373 ], [ 534075.35809, 6419553.28533 ], [ 534076.34048, 6419551.27907 ], [ 534077.33946, 6419551.27077 ], [ 534079.32084, 6419549.25621 ], [ 534081.3105, 6419548.24064 ], [ 534081.30221, 6419547.24166 ], [ 534082.30119, 6419547.23336 ], [ 534083.29188, 6419546.22608 ], [ 534084.29086, 6419546.21779 ], [ 534093.22363, 6419539.15024 ], [ 534105.15334, 6419532.05781 ], [ 534108.1337, 6419530.03496 ], [ 534113.10373, 6419526.99653 ], [ 534114.10271, 6419526.98824 ], [ 534115.1017, 6419526.97994 ], [ 534120.08834, 6419525.93949 ], [ 534123.0853, 6419525.91461 ], [ 534124.08428, 6419525.90631 ], [ 534125.09157, 6419526.897 ], [ 534130.1031, 6419528.8535 ], [ 534136.13022, 6419532.79966 ], [ 534146.16989, 6419538.71062 ], [ 534147.17718, 6419539.7013 ], [ 534160.2304, 6419547.58534 ], [ 534182.3326, 6419562.38761 ], [ 534182.3409, 6419563.38659 ], [ 534184.34718, 6419564.36898 ], [ 534227.5443, 6419592.98283 ], [ 534236.58498, 6419598.90208 ], [ 534241.60481, 6419601.85755 ], [ 534244.61837, 6419603.83063 ], [ 534245.62565, 6419604.82132 ], [ 534246.62464, 6419604.81303 ], [ 534251.64447, 6419607.76851 ], [ 534252.64346, 6419607.76021 ], [ 534256.66431, 6419610.72398 ], [ 534266.69567, 6419615.63595 ], [ 534267.69466, 6419615.62766 ], [ 534281.74687, 6419623.5034 ], [ 534282.74586, 6419623.49511 ], [ 534295.79079, 6419630.38016 ], [ 534296.78977, 6419630.37186 ], [ 534298.79605, 6419631.35426 ], [ 534307.82843, 6419636.27452 ], [ 534308.82741, 6419636.26623 ], [ 534309.8347, 6419637.25692 ], [ 534310.83369, 6419637.24862 ], [ 534322.85473, 6419641.14502 ], [ 534335.84986, 6419642.03618 ], [ 534336.84885, 6419642.02788 ], [ 534337.84783, 6419642.01959 ], [ 534338.85512, 6419643.01028 ], [ 534385.83241, 6419645.61739 ], [ 534403.80588, 6419644.46911 ], [ 534420.79695, 6419645.32709 ], [ 534422.79493, 6419645.3105 ], [ 534427.78986, 6419645.26903 ], [ 534433.79208, 6419646.21825 ], [ 534434.79107, 6419646.20995 ], [ 534437.78803, 6419646.18507 ], [ 534440.78499, 6419646.16019 ], [ 534443.78196, 6419646.1353 ], [ 534462.72951, 6419641.98178 ], [ 534467.71615, 6419640.94133 ], [ 534475.69144, 6419638.87701 ], [ 534483.67504, 6419637.81167 ], [ 534502.6226, 6419633.65815 ], [ 534516.58352, 6419630.54508 ], [ 534534.54038, 6419627.39883 ], [ 534564.4602, 6419621.1561 ], [ 534604.36158, 6419613.83144 ], [ 534606.35956, 6419613.81486 ], [ 534623.32574, 6419611.67588 ], [ 534625.32371, 6419611.6593 ], [ 534628.31237, 6419610.63543 ], [ 534630.31035, 6419610.61884 ], [ 534627.8891, 6419559.68732 ], [ 534804.80939, 6419570.20698 ], [ 534827.78609, 6419570.0162 ], [ 534827.7695, 6419568.01823 ], [ 534838.63386, 6419552.94226 ], [ 534837.62657, 6419551.95157 ], [ 534837.10371, 6419489.01568 ], [ 534837.09541, 6419488.01669 ], [ 534830.8608, 6419459.09597 ], [ 534831.76849, 6419448.09887 ], [ 534835.70634, 6419441.07281 ], [ 534838.65351, 6419435.05404 ], [ 534871.2383, 6419388.82713 ], [ 534887.0561, 6419368.71476 ], [ 534889.03748, 6419366.70021 ], [ 534897.93706, 6419355.63675 ], [ 534909.77552, 6419337.55554 ], [ 534924.51963, 6419308.46063 ], [ 534926.47611, 6419303.44913 ], [ 534933.36112, 6419290.4043 ], [ 534931.98036, 6419244.45941 ], [ 534931.74797, 6419216.48791 ], [ 534931.57368, 6419195.50928 ], [ 534931.46579, 6419182.52251 ], [ 534931.44089, 6419179.52557 ], [ 534930.42531, 6419177.5359 ], [ 534929.39312, 6419173.54826 ], [ 534926.37126, 6419170.5762 ], [ 534923.3411, 6419166.60515 ], [ 534908.2899, 6419158.73772 ], [ 534904.26906, 6419155.77395 ], [ 534870.12921, 6419135.07734 ], [ 534861.09684, 6419130.15708 ], [ 534860.09785, 6419130.16538 ], [ 534826.96529, 6419110.45946 ], [ 534816.91733, 6419103.54953 ], [ 534791.80157, 6419086.7742 ], [ 534733.57815, 6419053.28989 ], [ 534732.56256, 6419051.30022 ], [ 534703.44255, 6419033.55908 ], [ 534698.42272, 6419030.60361 ], [ 534669.30271, 6419012.86247 ], [ 534648.1995, 6418998.05192 ], [ 534644.17865, 6418995.08816 ], [ 534639.15882, 6418992.13268 ], [ 534626.10559, 6418984.24865 ], [ 534624.09932, 6418983.26626 ], [ 534612.05338, 6418976.37292 ], [ 534579.92812, 6418957.65768 ], [ 534574.90828, 6418954.70221 ], [ 534558.8415, 6418944.8451 ], [ 534539.76116, 6418933.01491 ], [ 534484.53471, 6418899.50571 ], [ 534458.42826, 6418883.73765 ], [ 534457.42927, 6418883.74594 ], [ 534429.31655, 6418866.99549 ], [ 534430.30724, 6418865.98821 ], [ 534421.27486, 6418861.06795 ], [ 534387.13502, 6418840.37133 ], [ 534383.12248, 6418838.40655 ], [ 534382.11519, 6418837.41586 ], [ 534371.07654, 6418831.5132 ], [ 534365.04942, 6418827.56704 ], [ 534352.99519, 6418819.67472 ], [ 534334.93043, 6418809.83419 ], [ 534327.90433, 6418805.89632 ], [ 534312.96932, 6418812.01463 ], [ 534298.04262, 6418819.13191 ], [ 534272.15195, 6418829.33738 ], [ 534269.17159, 6418831.36023 ], [ 534262.06249, 6418817.43254 ], [ 534261.04691, 6418815.44287 ], [ 534257.00946, 6418810.48114 ], [ 534253.97931, 6418806.51009 ], [ 534250.94085, 6418801.54007 ], [ 534248.94288, 6418801.55665 ], [ 534246.9449, 6418801.57324 ], [ 534242.95725, 6418802.6054 ], [ 534239.97689, 6418804.62825 ], [ 534234.02447, 6418809.67292 ], [ 534225.10828, 6418818.73841 ], [ 534221.15383, 6418823.76649 ], [ 534205.31113, 6418840.88189 ], [ 534196.39494, 6418849.94738 ], [ 534190.45082, 6418855.99103 ], [ 534188.46114, 6418857.0066 ], [ 534166.59962, 6418871.17482 ], [ 534145.72049, 6418883.33678 ], [ 534137.7701, 6418888.39804 ], [ 534129.8197, 6418893.45931 ], [ 534116.89096, 6418900.56 ], [ 534112.91991, 6418903.59013 ], [ 534105.9519, 6418906.64513 ], [ 534098.9673, 6418907.70217 ], [ 534097.96831, 6418907.71046 ], [ 534095.97864, 6418908.72603 ], [ 534083.99912, 6418909.82457 ], [ 534053.05551, 6418913.0787 ], [ 534045.08023, 6418915.14303 ], [ 534028.17219, 6418924.2749 ], [ 533998.34375, 6418941.50648 ], [ 533969.49769, 6418956.7318 ], [ 533941.65062, 6418971.94882 ], [ 533881.90244, 6418995.42317 ], [ 533879.91277, 6418996.43875 ], [ 533868.93224, 6418997.52899 ], [ 533865.93529, 6418997.55388 ], [ 533855.95375, 6418998.63582 ], [ 533815.02029, 6419001.9729 ], [ 533805.03874, 6419003.05484 ], [ 533785.10885, 6419009.21465 ], [ 533766.16964, 6419014.36719 ], [ 533762.182, 6419015.39935 ], [ 533743.2594, 6419022.54985 ], [ 533726.30156, 6419025.68783 ], [ 533726.29326, 6419024.68884 ], [ 533716.30342, 6419024.7718 ], [ 533705.32289, 6419025.86204 ], [ 533667.40298, 6419031.17219 ], [ 533666.40399, 6419031.18049 ], [ 533657.42143, 6419032.25414 ], [ 533635.46038, 6419034.43461 ], [ 533611.51795, 6419038.62964 ], [ 533585.60245, 6419045.8382 ], [ 533574.65512, 6419050.92437 ], [ 533564.72337, 6419058.0002 ], [ 533564.73167, 6419058.99918 ], [ 533555.7989, 6419066.06672 ], [ 533531.00687, 6419088.25172 ], [ 533526.02025, 6419089.29218 ], [ 533514.83224, 6419065.40786 ], [ 533494.70317, 6419047.5921 ], [ 533493.70419, 6419047.6004 ], [ 533484.64693, 6419039.6832 ], [ 533471.59374, 6419031.79919 ], [ 533459.61423, 6419032.89772 ], [ 533454.62761, 6419033.93818 ], [ 533450.63167, 6419033.97136 ], [ 533446.63573, 6419034.00454 ], [ 533435.63861, 6419033.09681 ], [ 533421.64453, 6419032.21397 ], [ 533412.66197, 6419033.28762 ], [ 533396.68652, 6419034.41933 ], [ 533377.72241, 6419036.57491 ], [ 533374.72546, 6419036.5998 ], [ 533367.73257, 6419036.65787 ], [ 533356.75204, 6419037.7481 ], [ 533342.76626, 6419037.86424 ], [ 533326.78251, 6419037.99697 ], [ 533312.78843, 6419037.11413 ], [ 533303.79757, 6419037.18879 ], [ 533272.82905, 6419037.44595 ], [ 533265.83616, 6419037.50402 ], [ 533261.84023, 6419037.5372 ], [ 533239.90406, 6419042.71461 ], [ 533201.00177, 6419050.03101 ], [ 533192.01921, 6419051.10465 ], [ 533166.07881, 6419055.31627 ], [ 533139.13943, 6419059.53617 ], [ 533134.1528, 6419060.57663 ], [ 533122.18159, 6419062.67414 ], [ 533118.43462, 6419092.67679 ], [ 533118.56741, 6419108.6605 ], [ 533117.60992, 6419113.66371 ], [ 533114.75405, 6419130.67129 ], [ 533114.77064, 6419132.66926 ], [ 533114.93662, 6419152.6489 ], [ 533117.02588, 6419163.62111 ], [ 533116.12649, 6419175.6172 ], [ 533115.169, 6419180.6204 ], [ 533114.3028, 6419196.61241 ], [ 533113.3951, 6419207.60951 ], [ 533112.39612, 6419207.61781 ], [ 533111.39713, 6419207.62611 ], [ 533111.40543, 6419208.62509 ], [ 533111.41373, 6419209.62407 ], [ 533096.58664, 6419228.72916 ], [ 533096.60324, 6419230.72713 ], [ 533091.66641, 6419237.76148 ], [ 533077.87151, 6419260.85421 ], [ 533074.94095, 6419268.87095 ], [ 533074.95754, 6419270.86892 ], [ 533074.96584, 6419271.8679 ], [ 533073.01767, 6419277.87839 ], [ 533063.30999, 6419311.92674 ], [ 533062.3276, 6419313.933 ], [ 533054.5349, 6419337.97494 ], [ 533044.81063, 6419370.02533 ], [ 533042.86245, 6419376.03581 ], [ 533037.97541, 6419389.06406 ], [ 533037.00133, 6419392.0693 ], [ 533036.15172, 6419410.05928 ], [ 533037.2586, 6419423.03776 ], [ 533040.35514, 6419435.00066 ], [ 533042.4195, 6419442.97593 ], [ 533043.45168, 6419446.96356 ], [ 533048.57108, 6419461.90682 ], [ 533056.79533, 6419489.81197 ], [ 533057.86071, 6419497.79553 ], [ 533057.87731, 6419499.7935 ], [ 533059.24145, 6419543.74043 ], [ 533056.39387, 6419561.747 ], [ 533056.42707, 6419565.74293 ], [ 533057.8742, 6419619.67969 ], [ 533059.04746, 6419640.65003 ], [ 533059.13045, 6419650.63986 ], [ 533060.17093, 6419655.62647 ], [ 533071.53322, 6419700.48944 ], [ 533076.68582, 6419719.42863 ], [ 533076.69412, 6419720.42762 ], [ 533078.76678, 6419729.40187 ], [ 533080.86434, 6419741.37307 ], [ 533084.10196, 6419770.31868 ], [ 533085.31672, 6419796.28394 ], [ 533086.63106, 6419834.23698 ], [ 533084.68289, 6419840.24747 ], [ 533074.92542, 6419868.30194 ], [ 533074.93371, 6419869.30092 ], [ 533073.95133, 6419871.30718 ], [ 533065.16794, 6419896.35641 ], [ 533063.19487, 6419899.36995 ], [ 533062.21248, 6419901.37621 ], [ 533059.23213, 6419903.39906 ], [ 533056.25177, 6419905.42191 ], [ 533051.27344, 6419907.46136 ], [ 533040.29291, 6419908.55159 ], [ 533036.30527, 6419909.58375 ], [ 533034.3156, 6419910.59932 ], [ 533031.33525, 6419912.62218 ], [ 533024.43364, 6419923.66905 ], [ 533022.47717, 6419928.68056 ], [ 533019.5632, 6419938.69527 ], [ 533018.58082, 6419940.70153 ], [ 533018.59741, 6419942.6995 ], [ 533008.90633, 6419978.74583 ], [ 533000.18104, 6420010.78794 ], [ 532998.23286, 6420016.79843 ], [ 532997.24217, 6420017.80571 ], [ 532993.37072, 6420032.82363 ], [ 532986.5604, 6420054.85932 ], [ 532981.72316, 6420073.88147 ], [ 532971.03309, 6420109.9361 ], [ 532970.0756, 6420114.93931 ], [ 532970.0839, 6420115.9383 ], [ 532963.28188, 6420138.97297 ], [ 532956.47987, 6420162.00765 ], [ 532955.51408, 6420166.01187 ], [ 532945.69851, 6420187.07347 ], [ 532934.90055, 6420210.14132 ], [ 532928.02384, 6420224.18515 ], [ 532919.17406, 6420241.24252 ], [ 532917.20099, 6420244.25606 ], [ 532911.31497, 6420257.29261 ], [ 532910.34918, 6420261.29684 ], [ 532909.35019, 6420261.30513 ], [ 532898.61033, 6420291.36587 ], [ 532889.72735, 6420304.42731 ], [ 532884.82372, 6420315.4576 ], [ 532881.85996, 6420319.47842 ], [ 532874.90856, 6420324.5314 ], [ 532866.93328, 6420326.59572 ], [ 532864.94361, 6420327.6113 ], [ 532808.05957, 6420335.077 ], [ 532806.0616, 6420335.09359 ], [ 532794.09038, 6420337.1911 ], [ 532773.1366, 6420340.36225 ], [ 532750.19314, 6420344.54897 ], [ 532744.22413, 6420347.59569 ], [ 532736.31524, 6420357.65188 ], [ 532731.37841, 6420364.68624 ], [ 532729.44683, 6420372.69469 ], [ 532722.87718, 6420423.7009 ], [ 532722.95187, 6420432.69175 ], [ 532722.97676, 6420435.68869 ], [ 532707.98369, 6420434.81414 ], [ 532694.9554, 6420429.92706 ], [ 532688.95319, 6420428.97784 ], [ 532673.95182, 6420427.1043 ], [ 532640.92723, 6420420.38516 ], [ 532594.88264, 6420409.77791 ], [ 532582.86993, 6420406.88051 ], [ 532572.86348, 6420404.96549 ], [ 532571.8562, 6420403.9748 ], [ 532551.8433, 6420400.14477 ], [ 532531.83041, 6420396.31473 ], [ 532460.8278, 6420387.91283 ], [ 532427.81981, 6420383.19164 ], [ 532388.79301, 6420375.52328 ], [ 532379.77725, 6420372.60098 ], [ 532372.76776, 6420370.66108 ], [ 532368.78842, 6420372.69222 ], [ 532343.25465, 6420425.85399 ], [ 532342.28056, 6420428.85924 ], [ 532335.40385, 6420442.90306 ], [ 532335.41215, 6420443.90205 ], [ 532333.43908, 6420446.91559 ], [ 532310.88566, 6420498.05451 ], [ 532309.89497, 6420499.06178 ], [ 532303.01826, 6420513.10561 ], [ 532291.26281, 6420541.17668 ], [ 532285.37678, 6420554.21323 ], [ 532272.61405, 6420581.29361 ], [ 532269.67518, 6420588.31137 ], [ 532269.68348, 6420589.31036 ], [ 532257.90313, 6420614.38447 ], [ 532245.16529, 6420644.4618 ], [ 532225.52584, 6420685.58601 ], [ 532216.75904, 6420712.63321 ], [ 532215.96752, 6420737.61609 ], [ 532215.99242, 6420740.61304 ], [ 532215.05982, 6420748.6132 ], [ 532216.1169, 6420755.59779 ], [ 532217.15738, 6420760.58441 ], [ 532219.20514, 6420766.56172 ], [ 532229.33607, 6420783.46149 ], [ 532236.45344, 6420798.38818 ], [ 532240.61536, 6420818.33467 ], [ 532233.69715, 6420827.38358 ], [ 532231.76557, 6420835.39204 ] ] ] ] } },
{ "type": "Feature", "properties": { "VALID_GEST": "2024-01-29", "TYPE": "Inscrit", "IDCAUE_EPC": 21 }, "geometry": { "type": "MultiPolygon", "coordinates": [ [ [ [ 527562.83012, 6422235.85933 ], [ 527578.64795, 6422215.74699 ], [ 527598.39533, 6422187.60961 ], [ 527611.24109, 6422170.51909 ], [ 527617.15203, 6422160.47951 ], [ 527628.97391, 6422140.40033 ], [ 527645.74093, 6422114.28579 ], [ 527647.70571, 6422110.27327 ], [ 527652.63426, 6422102.23994 ], [ 527655.59803, 6422098.21913 ], [ 527664.43125, 6422079.16381 ], [ 527669.32661, 6422067.13455 ], [ 527674.24686, 6422058.10224 ], [ 527675.22925, 6422056.09598 ], [ 527683.05519, 6422036.04997 ], [ 527684.06247, 6422037.04066 ], [ 527699.74754, 6422000.94457 ], [ 527701.74551, 6422000.92799 ], [ 527707.62326, 6421986.89247 ], [ 527724.20774, 6421938.80028 ], [ 527731.03469, 6421918.76257 ], [ 527740.80052, 6421891.70709 ], [ 527742.7653, 6421887.69457 ], [ 527748.61816, 6421870.66209 ], [ 527756.4192, 6421847.61913 ], [ 527764.22025, 6421824.57617 ], [ 527769.1322, 6421814.54488 ], [ 527768.12492, 6421813.55419 ], [ 527769.09901, 6421810.54894 ], [ 527771.09698, 6421810.53236 ], [ 527773.06176, 6421806.51984 ], [ 527776.00064, 6421799.50208 ], [ 527789.69603, 6421764.42157 ], [ 527791.60273, 6421753.41616 ], [ 527794.50841, 6421742.40247 ], [ 527796.44001, 6421734.39401 ], [ 527799.37888, 6421727.37625 ], [ 527800.35297, 6421724.37101 ], [ 527814.08985, 6421694.28541 ], [ 527814.07325, 6421692.28745 ], [ 527817.94474, 6421677.26953 ], [ 527821.83281, 6421664.24957 ], [ 527822.79031, 6421659.24636 ], [ 527823.7644, 6421656.24112 ], [ 527825.72919, 6421652.2286 ], [ 527828.66806, 6421645.21084 ], [ 527835.60288, 6421638.15991 ], [ 527839.58222, 6421636.12878 ], [ 527847.54091, 6421632.06651 ], [ 527857.51417, 6421629.98563 ], [ 527863.50808, 6421629.93588 ], [ 527886.49304, 6421630.74416 ], [ 527898.48086, 6421630.64467 ], [ 527904.46648, 6421629.59593 ], [ 527913.44075, 6421627.52334 ], [ 527924.42959, 6421627.43214 ], [ 528107.27707, 6421629.91072 ], [ 528111.27301, 6421629.87756 ], [ 528206.2015, 6421632.0868 ], [ 528214.18508, 6421631.02148 ], [ 528225.14903, 6421627.93332 ], [ 528230.12736, 6421625.8939 ], [ 528275.92303, 6421606.53179 ], [ 528279.90238, 6421604.50065 ], [ 528289.84244, 6421598.42383 ], [ 528298.81672, 6421596.35124 ], [ 528306.8003, 6421595.28592 ], [ 528317.78914, 6421595.19471 ], [ 528317.02248, 6421623.17455 ], [ 528317.03908, 6421625.17252 ], [ 528303.10307, 6421631.28251 ], [ 528293.12981, 6421633.36339 ], [ 528281.29134, 6421651.4446 ], [ 528277.36178, 6421659.46964 ], [ 528271.47574, 6421672.50618 ], [ 528269.51095, 6421676.51869 ], [ 528268.54516, 6421680.52292 ], [ 528268.57005, 6421683.51987 ], [ 528267.65404, 6421693.518 ], [ 528266.76292, 6421706.51308 ], [ 528266.78781, 6421709.51004 ], [ 528268.85216, 6421717.48532 ], [ 528270.88332, 6421721.46467 ], [ 528271.96528, 6421731.44622 ], [ 528275.03692, 6421740.4122 ], [ 528277.10127, 6421748.38749 ], [ 528281.16359, 6421756.34619 ], [ 528288.30584, 6421774.26986 ], [ 528300.5094, 6421800.14394 ], [ 528303.56443, 6421807.11195 ], [ 528304.6132, 6421813.09756 ], [ 528307.67654, 6421821.06456 ], [ 528310.73987, 6421829.03156 ], [ 528313.81151, 6421837.99754 ], [ 528317.99829, 6421860.941 ], [ 528326.19761, 6421885.84926 ], [ 528325.19862, 6421885.85756 ], [ 528322.37591, 6421906.86109 ], [ 528323.46617, 6421917.84163 ], [ 528317.61332, 6421934.87411 ], [ 528313.70035, 6421944.89711 ], [ 528308.87967, 6421965.91724 ], [ 528307.03105, 6421983.91553 ], [ 528309.13689, 6421996.88574 ], [ 528310.16907, 6422000.87338 ], [ 528305.25711, 6422010.90468 ], [ 528300.35346, 6422021.93497 ], [ 528295.43321, 6422030.96728 ], [ 528295.50789, 6422039.95814 ], [ 528307.57039, 6422048.84949 ], [ 528309.57666, 6422049.8319 ], [ 528315.62865, 6422056.77503 ], [ 528320.68166, 6422063.72646 ], [ 528322.71282, 6422067.70582 ], [ 528319.88181, 6422087.71037 ], [ 528320.91399, 6422091.69802 ], [ 528334.12483, 6422118.5628 ], [ 528341.24219, 6422133.48952 ], [ 528343.30654, 6422141.46481 ], [ 528344.37191, 6422149.44839 ], [ 528342.42372, 6422155.45888 ], [ 528332.56663, 6422171.52554 ], [ 528329.60286, 6422175.54635 ], [ 528320.73645, 6422190.60574 ], [ 528315.79961, 6422197.64009 ], [ 528315.8079, 6422198.63907 ], [ 528306.9332, 6422212.69948 ], [ 528302.98704, 6422218.72655 ], [ 528306.01719, 6422222.69761 ], [ 528304.04411, 6422225.71115 ], [ 528301.06375, 6422227.73399 ], [ 528299.25662, 6422250.72721 ], [ 528300.33028, 6422259.70978 ], [ 528303.39362, 6422267.67678 ], [ 528315.57229, 6422290.55391 ], [ 528316.65425, 6422300.53546 ], [ 528314.77244, 6422314.53783 ], [ 528313.88962, 6422328.5319 ], [ 528312.9819, 6422339.52902 ], [ 528306.13006, 6422356.56979 ], [ 528302.18391, 6422362.59687 ], [ 528309.1934, 6422364.53679 ], [ 528338.17228, 6422365.29532 ], [ 528388.21282, 6422375.86956 ], [ 528396.213, 6422376.80221 ], [ 528420.23014, 6422381.59813 ], [ 528408.31699, 6422390.68849 ], [ 528387.52914, 6422413.83925 ], [ 528371.69473, 6422431.95364 ], [ 528356.8676, 6422451.05872 ], [ 528352.91314, 6422456.08681 ], [ 528344.03014, 6422469.14823 ], [ 528334.16475, 6422484.21591 ], [ 528321.41856, 6422513.29426 ], [ 528318.47139, 6422519.31304 ], [ 528315.53252, 6422526.3308 ], [ 528297.7997, 6422556.44959 ], [ 528290.93956, 6422572.49138 ], [ 528286.0525, 6422585.51964 ], [ 528276.36965, 6422622.56498 ], [ 528272.46498, 6422633.58698 ], [ 528266.59553, 6422648.62149 ], [ 528262.67426, 6422657.64552 ], [ 528257.8038, 6422672.67175 ], [ 528251.93435, 6422687.70627 ], [ 528230.29686, 6422728.84705 ], [ 528217.52578, 6422754.92844 ], [ 528210.62415, 6422765.97531 ], [ 528196.8126, 6422787.07007 ], [ 528195.83021, 6422789.07633 ], [ 528160.265, 6422837.32609 ], [ 528142.4741, 6422860.45199 ], [ 528138.56113, 6422870.475 ], [ 528112.96089, 6422915.64489 ], [ 528102.1131, 6422932.71884 ], [ 528096.18557, 6422940.76046 ], [ 528074.4651, 6422971.9114 ], [ 528069.52826, 6422978.94576 ], [ 528057.61511, 6422988.03612 ], [ 528013.94185, 6423022.36642 ], [ 528008.96351, 6423024.40585 ], [ 527972.22507, 6423051.68522 ], [ 527962.30159, 6423059.76002 ], [ 527952.37812, 6423067.83481 ], [ 527935.50323, 6423080.96256 ], [ 527913.61681, 6423092.13381 ], [ 527908.63848, 6423094.17323 ], [ 527887.72616, 6423102.33923 ], [ 527867.80452, 6423109.49795 ], [ 527815.94024, 6423119.91895 ], [ 527789.034, 6423128.13469 ], [ 527789.0589, 6423131.13165 ], [ 527806.72203, 6423212.90746 ], [ 527807.80399, 6423222.88901 ], [ 527810.76445, 6423338.75469 ], [ 527822.76058, 6423339.65418 ], [ 527861.68783, 6423335.33488 ], [ 527882.68313, 6423337.15873 ], [ 527910.67132, 6423338.92454 ], [ 527926.6385, 6423336.79391 ], [ 527951.53847, 6423327.59576 ], [ 527969.47043, 6423321.4526 ], [ 527987.40239, 6423315.30945 ], [ 527998.35804, 6423311.2223 ], [ 528016.28171, 6423304.08016 ], [ 528056.12497, 6423289.76271 ], [ 528068.08791, 6423286.66626 ], [ 528069.0786, 6423285.65898 ], [ 528106.95708, 6423275.35406 ], [ 528125.91292, 6423272.19956 ], [ 528144.89365, 6423272.04203 ], [ 528162.90028, 6423274.88973 ], [ 528166.86304, 6423270.86063 ], [ 528174.64749, 6423245.81967 ], [ 528183.44752, 6423222.76839 ], [ 528188.36777, 6423213.73607 ], [ 528221.03559, 6423177.49899 ], [ 528246.82668, 6423155.30574 ], [ 528289.49265, 6423119.98473 ], [ 528332.15863, 6423084.66372 ], [ 528354.96935, 6423064.49331 ], [ 528360.92177, 6423059.44864 ], [ 528377.77177, 6423043.32392 ], [ 528408.4997, 6423014.09632 ], [ 528473.77725, 6422934.62926 ], [ 528486.6396, 6422919.5367 ], [ 528490.59405, 6422914.50861 ], [ 528493.54952, 6422909.48881 ], [ 528494.54851, 6422909.48052 ], [ 528536.05784, 6422855.18709 ], [ 528535.04226, 6422853.19741 ], [ 528555.66416, 6422810.06694 ], [ 528565.46317, 6422787.00737 ], [ 528572.28183, 6422765.97065 ], [ 528574.12214, 6422746.97336 ], [ 528573.08997, 6422742.98571 ], [ 528572.07439, 6422740.99604 ], [ 528556.7577, 6422701.16103 ], [ 528536.47928, 6422665.36342 ], [ 528532.45015, 6422661.40065 ], [ 528515.35952, 6422648.55482 ], [ 528493.24908, 6422632.75348 ], [ 528491.24281, 6422631.77108 ], [ 528459.14252, 6422616.05267 ], [ 528430.04747, 6422601.30836 ], [ 528425.03595, 6422599.35185 ], [ 528429.93131, 6422587.32258 ], [ 528431.90439, 6422584.30904 ], [ 528443.65988, 6422556.23798 ], [ 528445.61637, 6422551.22647 ], [ 528449.52933, 6422541.20346 ], [ 528451.48582, 6422536.19195 ], [ 528453.40081, 6422526.18552 ], [ 528457.2474, 6422508.17064 ], [ 528461.78596, 6422453.18504 ], [ 528468.21463, 6422385.19606 ], [ 528469.14724, 6422377.19589 ], [ 528470.08814, 6422370.19471 ], [ 528470.06325, 6422367.19776 ], [ 528474.82584, 6422339.18474 ], [ 528486.47347, 6422298.12688 ], [ 528517.51168, 6422185.9753 ], [ 528517.49509, 6422183.97734 ], [ 528513.44106, 6422177.01761 ], [ 528509.34555, 6422165.06297 ], [ 528507.26461, 6422155.08971 ], [ 528500.00619, 6422123.18026 ], [ 528499.9564, 6422117.18636 ], [ 528498.85785, 6422105.20684 ], [ 528498.72509, 6422089.22309 ], [ 528498.667, 6422082.2302 ], [ 528498.60062, 6422074.23833 ], [ 528499.54982, 6422068.23614 ], [ 528497.55185, 6422068.25272 ], [ 528504.08839, 6422013.25055 ], [ 528506.08636, 6422013.23397 ], [ 528510.74109, 6421972.23416 ], [ 528513.62188, 6421958.22351 ], [ 528517.50165, 6421944.20457 ], [ 528519.44154, 6421937.19509 ], [ 528520.41563, 6421934.18985 ], [ 528532.20432, 6421910.11473 ], [ 528545.96608, 6421883.02608 ], [ 528549.90394, 6421876.00002 ], [ 528557.77136, 6421860.94893 ], [ 528564.65638, 6421847.90409 ], [ 528569.60153, 6421841.86873 ], [ 528614.51438, 6421836.50067 ], [ 528630.48155, 6421834.37003 ], [ 528633.4702, 6421833.34617 ], [ 528642.43618, 6421830.27459 ], [ 528653.40012, 6421827.18643 ], [ 528660.36813, 6421824.13143 ], [ 528662.3495, 6421822.11688 ], [ 528662.34121, 6421821.1179 ], [ 528660.24366, 6421809.14667 ], [ 528660.21877, 6421806.14972 ], [ 528658.09634, 6421791.18155 ], [ 528657.02267, 6421782.19898 ], [ 528654.92513, 6421770.22776 ], [ 528653.89296, 6421766.24012 ], [ 528651.78712, 6421753.26991 ], [ 528651.77882, 6421752.27093 ], [ 528647.56714, 6421726.33052 ], [ 528646.50178, 6421718.34694 ], [ 528643.33057, 6421697.39315 ], [ 528641.22473, 6421684.42295 ], [ 528640.18426, 6421679.43632 ], [ 528640.17596, 6421678.43733 ], [ 528639.12719, 6421672.45172 ], [ 528632.79308, 6421631.54314 ], [ 528631.51198, 6421597.58598 ], [ 528631.47879, 6421593.59005 ], [ 528631.22986, 6421563.62054 ], [ 528631.04732, 6421541.64289 ], [ 528631.03072, 6421539.64493 ], [ 528631.97992, 6421533.64273 ], [ 528631.73099, 6421503.67322 ], [ 528631.66461, 6421495.68135 ], [ 528633.32238, 6421454.70644 ], [ 528634.96356, 6421411.73356 ], [ 528634.95526, 6421410.73457 ], [ 528635.83808, 6421396.74051 ], [ 528636.66282, 6421375.75356 ], [ 528636.57154, 6421364.76474 ], [ 528635.4481, 6421349.78828 ], [ 528634.29975, 6421331.81487 ], [ 528633.2095, 6421320.83434 ], [ 528633.1929, 6421318.83637 ], [ 528632.11924, 6421309.85381 ], [ 528627.98224, 6421292.90426 ], [ 528626.95006, 6421288.91662 ], [ 528625.93448, 6421286.92694 ], [ 528624.90231, 6421282.9393 ], [ 528622.83796, 6421274.96402 ], [ 528620.7819, 6421267.98772 ], [ 528618.72585, 6421261.01142 ], [ 528610.55142, 6421239.10012 ], [ 528603.36769, 6421216.18154 ], [ 528602.33551, 6421212.1939 ], [ 528602.32721, 6421211.19491 ], [ 528600.25456, 6421202.22065 ], [ 528598.08235, 6421181.25858 ], [ 528597.01698, 6421173.275 ], [ 528595.88523, 6421157.29956 ], [ 528593.72131, 6421137.33647 ], [ 528592.65595, 6421129.3529 ], [ 528588.19535, 6421073.443 ], [ 528587.19636, 6421073.45129 ], [ 528580.62992, 6421004.57119 ], [ 528579.4152, 6420978.60592 ], [ 528578.33324, 6420968.62437 ], [ 528577.23468, 6420956.64487 ], [ 528575.10395, 6420940.67772 ], [ 528572.89854, 6420915.71972 ], [ 528570.78441, 6420901.75054 ], [ 528570.77611, 6420900.75156 ], [ 528569.65266, 6420885.7751 ], [ 528568.59559, 6420878.79051 ], [ 528567.48874, 6420865.81202 ], [ 528567.43896, 6420859.81812 ], [ 528566.17445, 6420827.85895 ], [ 528564.17648, 6420827.87553 ], [ 528561.99596, 6420805.91449 ], [ 528560.82273, 6420784.94413 ], [ 528559.77396, 6420778.95853 ], [ 528559.59971, 6420757.97988 ], [ 528561.44833, 6420739.9816 ], [ 528566.22752, 6420713.96658 ], [ 528566.21092, 6420711.96861 ], [ 528571.0316, 6420690.94851 ], [ 528572.97978, 6420684.93802 ], [ 528576.87615, 6420672.91706 ], [ 528581.74661, 6420657.89085 ], [ 528582.72071, 6420654.88561 ], [ 528587.60776, 6420641.85737 ], [ 528588.38271, 6420614.87654 ], [ 528586.35985, 6420611.89617 ], [ 528583.37119, 6420612.92003 ], [ 528580.33275, 6420607.94999 ], [ 528575.27145, 6420599.99959 ], [ 528579.2342, 6420595.97049 ], [ 528571.17594, 6420588.04496 ], [ 528563.10938, 6420579.12045 ], [ 528558.07297, 6420574.16699 ], [ 528556.0584, 6420572.18561 ], [ 528552.02098, 6420567.22386 ], [ 528521.29307, 6420596.45142 ], [ 528479.64271, 6420633.76206 ], [ 528412.08513, 6420679.28014 ], [ 528364.34129, 6420704.65273 ], [ 528360.36194, 6420706.68386 ], [ 528350.41358, 6420711.7617 ], [ 528301.60438, 6420729.15071 ], [ 528263.70933, 6420737.45766 ], [ 528179.86098, 6420746.14603 ], [ 528095.93794, 6420745.84355 ], [ 528090.94302, 6420745.88501 ], [ 528023.98614, 6420743.4436 ], [ 528021.98817, 6420743.46018 ], [ 528011.99002, 6420742.54411 ], [ 528002.99916, 6420742.61874 ], [ 527909.05309, 6420738.40323 ], [ 527885.07745, 6420738.60222 ], [ 527883.07118, 6420737.61982 ], [ 527866.08844, 6420737.76078 ], [ 527853.10163, 6420737.86857 ], [ 527850.10468, 6420737.89344 ], [ 527829.1177, 6420737.06858 ], [ 527823.12379, 6420737.11833 ], [ 527809.1297, 6420736.23543 ], [ 527799.14815, 6420737.31732 ], [ 527799.18134, 6420741.31326 ], [ 527798.24873, 6420749.31341 ], [ 527798.31511, 6420757.30528 ], [ 527796.52457, 6420782.29644 ], [ 527795.70813, 6420804.28236 ], [ 527795.72472, 6420806.28032 ], [ 527794.75063, 6420809.28556 ], [ 527793.77653, 6420812.2908 ], [ 527789.81378, 6420816.3199 ], [ 527786.84172, 6420819.34173 ], [ 527771.90673, 6420825.46 ], [ 527766.9284, 6420827.49942 ], [ 527764.93043, 6420827.516 ], [ 527759.9604, 6420830.55441 ], [ 527757.97072, 6420831.56997 ], [ 527756.98833, 6420833.57623 ], [ 527761.12533, 6420850.52578 ], [ 527765.51954, 6420898.44381 ], [ 527767.55899, 6420903.42214 ], [ 527764.62012, 6420910.4399 ], [ 527760.71545, 6420921.46188 ], [ 527751.84075, 6420935.52227 ], [ 527755.84498, 6420936.48808 ], [ 527759.85752, 6420938.45288 ], [ 527763.87835, 6420941.41667 ], [ 527767.91578, 6420946.37842 ], [ 527770.94592, 6420950.34948 ], [ 527773.99266, 6420956.3185 ], [ 527776.03212, 6420961.29684 ], [ 527779.10375, 6420970.26281 ], [ 527780.16911, 6420978.24639 ], [ 527782.25005, 6420988.21964 ], [ 527782.25835, 6420989.21862 ], [ 527783.26563, 6420990.20931 ], [ 527788.68372, 6421041.116 ], [ 527791.83002, 6421059.07283 ], [ 527788.83307, 6421059.0977 ], [ 527788.89115, 6421066.09059 ], [ 527788.89945, 6421067.08957 ], [ 527789.93162, 6421071.07721 ], [ 527788.99901, 6421079.07737 ], [ 527788.10789, 6421092.07244 ], [ 527786.21779, 6421105.07581 ], [ 527785.27689, 6421112.07698 ], [ 527785.30178, 6421115.07393 ], [ 527790.42116, 6421130.01723 ], [ 527791.44504, 6421133.00589 ], [ 527794.52497, 6421142.97085 ], [ 527795.64011, 6421156.94832 ], [ 527795.70649, 6421164.94019 ], [ 527795.78946, 6421174.93002 ], [ 527795.79776, 6421175.92901 ], [ 527794.83197, 6421179.93323 ], [ 527796.01349, 6421201.90258 ], [ 527797.12864, 6421215.88005 ], [ 527799.27596, 6421233.84517 ], [ 527800.29984, 6421236.83383 ], [ 527802.40567, 6421249.80403 ], [ 527803.43785, 6421253.79168 ], [ 527803.44614, 6421254.79066 ], [ 527803.47933, 6421258.78659 ], [ 527804.5364, 6421265.77119 ], [ 527804.66086, 6421280.75594 ], [ 527805.69303, 6421284.74358 ], [ 527807.74908, 6421291.71988 ], [ 527809.78854, 6421296.69822 ], [ 527809.80514, 6421298.69618 ], [ 527812.84358, 6421303.66623 ], [ 527817.92148, 6421313.6146 ], [ 527819.96093, 6421318.59294 ], [ 527822.01698, 6421325.56924 ], [ 527823.2151, 6421349.53655 ], [ 527823.28978, 6421358.52741 ], [ 527821.47435, 6421380.52163 ], [ 527821.48265, 6421381.52061 ], [ 527821.52413, 6421386.51553 ], [ 527817.802, 6421419.51515 ], [ 527813.95541, 6421437.53002 ], [ 527808.24361, 6421471.54521 ], [ 527803.42293, 6421492.56533 ], [ 527800.54214, 6421506.57597 ], [ 527801.5909, 6421512.56158 ], [ 527799.61783, 6421515.57512 ], [ 527796.72873, 6421528.58678 ], [ 527794.77225, 6421533.59828 ], [ 527788.92769, 6421551.62973 ], [ 527780.15255, 6421577.67793 ], [ 527770.41162, 6421607.73036 ], [ 527762.66036, 6421636.76722 ], [ 527758.74739, 6421646.79022 ], [ 527758.76399, 6421648.78819 ], [ 527744.43469, 6421727.83228 ], [ 527740.54662, 6421740.85223 ], [ 527737.65752, 6421753.86389 ], [ 527727.98297, 6421791.90819 ], [ 527721.1975, 6421816.94083 ], [ 527715.36954, 6421836.97025 ], [ 527710.58204, 6421861.98631 ], [ 527707.67636, 6421873.00001 ], [ 527705.72817, 6421879.01049 ], [ 527703.76339, 6421883.02301 ], [ 527702.781, 6421885.02927 ], [ 527700.83281, 6421891.03976 ], [ 527697.89393, 6421898.05752 ], [ 527696.91984, 6421901.06276 ], [ 527692.99028, 6421909.0878 ], [ 527690.03481, 6421914.10759 ], [ 527687.08764, 6421920.12637 ], [ 527681.1767, 6421930.16595 ], [ 527674.29996, 6421944.20977 ], [ 527665.45015, 6421961.26712 ], [ 527661.51228, 6421968.29317 ], [ 527657.59932, 6421978.31618 ], [ 527652.72055, 6421992.34341 ], [ 527648.81588, 6422003.3654 ], [ 527645.877, 6422010.38316 ], [ 527642.93813, 6422017.40092 ], [ 527634.08831, 6422034.45827 ], [ 527633.11422, 6422037.46351 ], [ 527631.14114, 6422040.47705 ], [ 527629.20955, 6422048.4855 ], [ 527626.28727, 6422057.50123 ], [ 527623.37328, 6422067.51595 ], [ 527618.49452, 6422081.54318 ], [ 527616.53803, 6422086.55468 ], [ 527615.56394, 6422089.55993 ], [ 527610.6188, 6422095.59529 ], [ 527609.63641, 6422097.60155 ], [ 527608.66231, 6422100.60679 ], [ 527607.67162, 6422101.61406 ], [ 527605.79811, 6422116.61541 ], [ 527598.91308, 6422129.66024 ], [ 527597.94728, 6422133.66447 ], [ 527595.9742, 6422136.678 ], [ 527589.07257, 6422147.72487 ], [ 527586.1171, 6422152.74466 ], [ 527585.14301, 6422155.7499 ], [ 527572.29725, 6422172.84042 ], [ 527562.42356, 6422186.90911 ], [ 527561.44117, 6422188.91537 ], [ 527558.51059, 6422196.93211 ], [ 527553.63182, 6422210.95935 ], [ 527549.71885, 6422220.98235 ], [ 527538.85447, 6422236.05832 ], [ 527537.88868, 6422240.06255 ], [ 527536.89799, 6422241.06982 ], [ 527538.91255, 6422243.05121 ], [ 527544.96455, 6422249.99435 ], [ 527562.83012, 6422235.85933 ] ] ], [ [ [ 525936.72602, 6423602.07395 ], [ 525933.75394, 6423605.09578 ], [ 525932.75495, 6423605.10408 ], [ 525926.85229, 6423616.14267 ], [ 525920.90814, 6423622.18634 ], [ 525907.97938, 6423629.28705 ], [ 525892.05365, 6423636.41264 ], [ 525875.15383, 6423646.54347 ], [ 525862.24165, 6423655.64215 ], [ 525820.62433, 6423696.94885 ], [ 525819.62534, 6423696.95714 ], [ 525810.70912, 6423706.02265 ], [ 525797.79695, 6423715.12132 ], [ 525774.91149, 6423726.3009 ], [ 525763.9641, 6423731.38705 ], [ 525745.04971, 6423739.5365 ], [ 525740.07966, 6423742.57492 ], [ 525733.15312, 6423750.62485 ], [ 525730.23912, 6423760.63958 ], [ 525729.3231, 6423770.63773 ], [ 525731.37085, 6423776.61506 ], [ 525734.41759, 6423782.58409 ], [ 525743.47486, 6423790.50134 ], [ 525758.48456, 6423793.3739 ], [ 525828.53816, 6423807.77817 ], [ 525883.59035, 6423820.30886 ], [ 525900.63121, 6423827.16077 ], [ 525904.66035, 6423831.12354 ], [ 525912.76841, 6423845.04299 ], [ 525915.83174, 6423853.00999 ], [ 525915.90641, 6423862.00086 ], [ 525912.01002, 6423874.02186 ], [ 525893.28645, 6423905.14798 ], [ 525885.4024, 6423918.20113 ], [ 525856.8051, 6423963.39597 ], [ 525839.05562, 6423991.51684 ], [ 525825.24401, 6424012.61164 ], [ 525824.26162, 6424014.6179 ], [ 525808.47693, 6424038.72624 ], [ 525805.53804, 6424045.74402 ], [ 525803.60644, 6424053.75249 ], [ 525802.65723, 6424059.7547 ], [ 525804.74647, 6424070.72695 ], [ 525807.83469, 6424081.69091 ], [ 525815.93445, 6424094.61138 ], [ 525825.0415, 6424108.52254 ], [ 525834.16513, 6424124.43167 ], [ 525837.21188, 6424130.40071 ], [ 525840.28351, 6424139.3667 ], [ 525843.38003, 6424151.32965 ], [ 525843.4547, 6424160.32052 ], [ 525845.6269, 6424181.28263 ], [ 525849.7639, 6424198.23221 ], [ 525858.94561, 6424221.13424 ], [ 525865.04739, 6424234.0713 ], [ 525871.0994, 6424241.01444 ], [ 525876.11923, 6424243.96993 ], [ 525880.13177, 6424245.93473 ], [ 525887.13299, 6424246.87567 ], [ 525889.13926, 6424247.85806 ], [ 525886.17548, 6424251.87889 ], [ 525893.1601, 6424250.82185 ], [ 525899.13744, 6424248.77412 ], [ 525907.08786, 6424243.71285 ], [ 525910.05993, 6424240.69101 ], [ 525913.03201, 6424237.66917 ], [ 525916.00408, 6424234.64734 ], [ 525920.93265, 6424226.61399 ], [ 525925.86122, 6424218.58064 ], [ 525948.4563, 6424172.43656 ], [ 525949.43869, 6424170.43029 ], [ 525957.30614, 6424155.37916 ], [ 525969.12807, 6424135.29993 ], [ 525987.90972, 6424111.16671 ], [ 526021.56834, 6424073.92228 ], [ 526053.25386, 6424039.69139 ], [ 526066.14115, 6424027.59575 ], [ 526085.02236, 6424015.45035 ], [ 526101.94708, 6424008.31647 ], [ 526115.93291, 6424008.20036 ], [ 526122.93412, 6424009.1413 ], [ 526129.94363, 6424011.08121 ], [ 526137.96042, 6424014.01182 ], [ 526146.9928, 6424018.93211 ], [ 526148.00838, 6424020.92179 ], [ 526157.06564, 6424028.83903 ], [ 526161.08648, 6424031.80282 ], [ 526169.07839, 6424031.73647 ], [ 526172.06705, 6424030.71261 ], [ 526183.02274, 6424026.62544 ], [ 526186.9772, 6424021.59734 ], [ 526187.9513, 6424018.59209 ], [ 526188.9171, 6424014.58785 ], [ 526189.8912, 6424011.5826 ], [ 526189.70038, 6423988.60594 ], [ 526189.57592, 6423973.62115 ], [ 526190.50854, 6423965.62098 ], [ 526192.44014, 6423957.61251 ], [ 526195.38732, 6423951.59371 ], [ 526199.3169, 6423943.56866 ], [ 526208.19993, 6423930.50721 ], [ 526209.19063, 6423929.49993 ], [ 526219.08094, 6423917.42917 ], [ 526227.99716, 6423908.36366 ], [ 526243.87311, 6423895.24416 ], [ 526272.68612, 6423876.02293 ], [ 526301.49083, 6423855.80271 ], [ 526309.44125, 6423850.74144 ], [ 526342.23359, 6423829.48911 ], [ 526376.01659, 6423807.22957 ], [ 526399.8595, 6423791.04684 ], [ 526407.8182, 6423786.98457 ], [ 526415.79349, 6423784.92028 ], [ 526422.7781, 6423783.86327 ], [ 526430.76998, 6423783.79694 ], [ 526438.76187, 6423783.73062 ], [ 526456.76851, 6423786.57835 ], [ 526476.61548, 6423770.42878 ], [ 526403.05065, 6423694.11211 ], [ 526420.80838, 6423666.99029 ], [ 526427.7349, 6423658.94037 ], [ 526434.64484, 6423648.89249 ], [ 526457.14029, 6423590.76067 ], [ 526440.09946, 6423583.90871 ], [ 526367.94846, 6423557.53301 ], [ 526334.87407, 6423544.81978 ], [ 526333.90827, 6423548.82401 ], [ 526330.01189, 6423560.845 ], [ 526328.0637, 6423566.85549 ], [ 526314.31849, 6423595.94214 ], [ 526303.32962, 6423596.03337 ], [ 526275.32478, 6423592.26964 ], [ 526266.29241, 6423587.34936 ], [ 526258.25902, 6423582.42078 ], [ 526274.86846, 6423537.32546 ], [ 526284.65092, 6423512.2679 ], [ 526218.50201, 6423486.84165 ], [ 526202.46843, 6423480.98043 ], [ 526206.30674, 6423461.96654 ], [ 526207.26425, 6423456.96332 ], [ 526207.23106, 6423452.96738 ], [ 526203.20192, 6423449.00461 ], [ 526179.11836, 6423436.21685 ], [ 526162.01942, 6423422.37204 ], [ 526161.04532, 6423425.37729 ], [ 526148.11656, 6423432.478 ], [ 526125.20621, 6423440.66062 ], [ 526137.27703, 6423450.55096 ], [ 526140.29889, 6423453.52303 ], [ 526141.43062, 6423469.4985 ], [ 526139.44924, 6423471.51306 ], [ 526115.69755, 6423498.68469 ], [ 526108.76271, 6423505.73564 ], [ 526091.90437, 6423520.8614 ], [ 526073.03975, 6423535.00476 ], [ 526069.09358, 6423541.03185 ], [ 526070.21702, 6423556.00833 ], [ 526069.25122, 6423560.01257 ], [ 526068.28542, 6423564.0168 ], [ 526065.33824, 6423570.03559 ], [ 526059.3775, 6423574.08129 ], [ 526054.38256, 6423574.12276 ], [ 526038.37386, 6423571.25849 ], [ 526025.35384, 6423567.37036 ], [ 526014.34008, 6423564.46463 ], [ 525991.37166, 6423565.65436 ], [ 525980.42428, 6423570.74051 ], [ 525970.46759, 6423574.81938 ], [ 525962.52547, 6423580.87964 ], [ 525949.62159, 6423590.9773 ], [ 525940.6473, 6423593.04991 ], [ 525936.72602, 6423602.07395 ] ] ], [ [ [ 526836.58563, 6423687.51713 ], [ 526845.51843, 6423680.44961 ], [ 526850.49676, 6423678.41019 ], [ 526854.47611, 6423676.37906 ], [ 526856.46579, 6423675.36349 ], [ 526881.39065, 6423669.16232 ], [ 526884.37931, 6423668.13846 ], [ 526889.36595, 6423667.09802 ], [ 526895.34327, 6423665.05031 ], [ 526896.34225, 6423665.04202 ], [ 526905.33313, 6423664.9674 ], [ 526915.33128, 6423665.88348 ], [ 526938.35774, 6423671.68671 ], [ 526920.25154, 6423656.85116 ], [ 526897.20019, 6423648.05098 ], [ 526890.19069, 6423646.11104 ], [ 526883.19779, 6423646.16908 ], [ 526863.26786, 6423652.3288 ], [ 526862.26887, 6423652.33709 ], [ 526859.28021, 6423653.36095 ], [ 526846.31829, 6423656.46568 ], [ 526829.31893, 6423654.60865 ], [ 526832.42375, 6423667.57058 ], [ 526833.48081, 6423674.55519 ], [ 526836.58563, 6423687.51713 ] ] ] ] } },
{ "type": "Feature", "properties": { "VALID_GEST": "2024-01-29", "TYPE": "Classé", "IDCAUE_EPC": null }, "geometry": { "type": "MultiPolygon", "coordinates": [ [ [ [ 521466.03496, 6417476.0299 ], [ 521469.03191, 6417476.00503 ], [ 521473.02785, 6417475.97187 ], [ 521497.00349, 6417475.77292 ], [ 521497.00349, 6417475.77292 ], [ 521502.94763, 6417469.7293 ], [ 521505.89482, 6417463.71054 ], [ 521507.81814, 6417454.70314 ], [ 521467.7758, 6417445.04492 ], [ 521459.04206, 6417476.08793 ], [ 521464.03699, 6417476.04648 ], [ 521466.03496, 6417476.0299 ] ] ] ] } },
{ "type": "Feature", "properties": { "VALID_GEST": "2024-01-29", "TYPE": "Classé", "IDCAUE_EPC": null }, "geometry": { "type": "MultiPolygon", "coordinates": [ [ [ [ 535360.16488, 6417511.54775 ], [ 535360.18148, 6417513.54572 ], [ 535372.39341, 6417540.41866 ], [ 535380.4019, 6417542.35026 ], [ 535383.40716, 6417543.32436 ], [ 535403.42008, 6417547.15439 ], [ 535439.44999, 6417554.84762 ], [ 535440.39918, 6417548.84544 ], [ 535444.10464, 6417513.84793 ], [ 535463.09368, 6417514.6893 ], [ 535466.00764, 6417504.67461 ], [ 535468.01391, 6417505.657 ], [ 535472.02646, 6417507.62178 ], [ 535474.03273, 6417508.60417 ], [ 535474.03273, 6417508.60417 ], [ 535481.94162, 6417498.54801 ], [ 535477.82118, 6417483.59647 ], [ 535476.8056, 6417481.60681 ], [ 535473.75054, 6417474.63882 ], [ 535465.77525, 6417476.70315 ], [ 535461.63821, 6417459.75365 ], [ 535453.33923, 6417422.85772 ], [ 535444.19896, 6417404.95072 ], [ 535439.15423, 6417398.99831 ], [ 535420.99818, 6417378.16902 ], [ 535399.77048, 6417348.37379 ], [ 535395.78284, 6417349.40595 ], [ 535374.95352, 6417367.5618 ], [ 535373.94623, 6417366.57111 ], [ 535365.03005, 6417375.63659 ], [ 535353.16671, 6417390.72084 ], [ 535343.25154, 6417399.79462 ], [ 535324.38699, 6417413.93795 ], [ 535319.42526, 6417417.97535 ], [ 535315.45421, 6417421.00547 ], [ 535303.54107, 6417430.09583 ], [ 535299.57833, 6417434.12494 ], [ 535315.7198, 6417452.97286 ], [ 535353.04748, 6417496.6211 ], [ 535359.1493, 6417509.55809 ], [ 535360.16488, 6417511.54775 ] ] ] ] } },
{ "type": "Feature", "properties": { "VALID_GEST": "2024-01-29", "TYPE": "Classé", "IDCAUE_EPC": null }, "geometry": { "type": "MultiPolygon", "coordinates": [ [ [ [ 530942.24827, 6417499.27761 ], [ 530990.89974, 6417462.9079 ], [ 530994.87078, 6417459.87778 ], [ 531028.67027, 6417439.61617 ], [ 531064.50092, 6417423.33389 ], [ 531108.35662, 6417410.98118 ], [ 531113.32665, 6417407.94277 ], [ 531117.28109, 6417402.91469 ], [ 531124.1744, 6417390.86886 ], [ 531128.07075, 6417378.84792 ], [ 531128.98675, 6417368.84981 ], [ 531125.79894, 6417345.89814 ], [ 531123.76778, 6417341.9188 ], [ 531115.57675, 6417318.00962 ], [ 531100.11899, 6417261.19213 ], [ 531088.72355, 6417212.33331 ], [ 531087.67477, 6417206.34772 ], [ 531089.53167, 6417189.34846 ], [ 531090.43107, 6417177.3524 ], [ 531095.23513, 6417154.33437 ], [ 531108.92216, 6417118.25496 ], [ 531111.83613, 6417108.24027 ], [ 531116.70657, 6417093.21409 ], [ 531128.43713, 6417062.14616 ], [ 531132.36668, 6417054.12114 ], [ 531138.2776, 6417044.08157 ], [ 531139.21019, 6417036.08143 ], [ 531137.17073, 6417031.10312 ], [ 531131.11874, 6417024.16002 ], [ 531127.08961, 6417020.19727 ], [ 531122.0532, 6417015.24384 ], [ 531109.99901, 6417007.35153 ], [ 531090.92704, 6416996.52033 ], [ 531081.84491, 6416985.60619 ], [ 531069.73263, 6416970.72101 ], [ 531065.66201, 6416961.76336 ], [ 531057.51247, 6416942.84909 ], [ 531053.44185, 6416933.89144 ], [ 531049.32974, 6416919.93889 ], [ 531046.20001, 6416903.98008 ], [ 531055.0083, 6416881.92787 ], [ 531056.96478, 6416876.91638 ], [ 531057.93057, 6416872.91216 ], [ 531060.86943, 6416865.89442 ], [ 531061.85182, 6416863.88816 ], [ 531070.7099, 6416847.82983 ], [ 531076.62082, 6416837.79026 ], [ 531089.41674, 6416814.70589 ], [ 531092.3722, 6416809.68611 ], [ 531093.35459, 6416807.67985 ], [ 531096.28515, 6416799.66313 ], [ 531105.10174, 6416778.60989 ], [ 531110.95457, 6416761.57746 ], [ 531121.63635, 6416724.52395 ], [ 531126.4902, 6416707.49982 ], [ 531127.4311, 6416700.49866 ], [ 531131.31915, 6416687.47874 ], [ 531137.16368, 6416669.44733 ], [ 531139.10356, 6416662.43788 ], [ 531140.08595, 6416660.43163 ], [ 531143.00821, 6416651.41592 ], [ 531142.93353, 6416642.4251 ], [ 531147.84546, 6416632.39383 ], [ 531153.74808, 6416621.35528 ], [ 531176.33468, 6416574.21245 ], [ 531182.2622, 6416566.17084 ], [ 531204.90688, 6416526.02087 ], [ 531205.88927, 6416524.01461 ], [ 531215.84591, 6416519.93575 ], [ 531291.37034, 6416471.35434 ], [ 531298.32173, 6416466.30138 ], [ 531333.92001, 6416422.04766 ], [ 531339.85582, 6416415.00504 ], [ 531352.70154, 6416397.91455 ], [ 531366.52964, 6416378.81781 ], [ 531376.3618, 6416359.75425 ], [ 531378.32657, 6416355.74174 ], [ 531385.112, 6416330.70918 ], [ 531392.77193, 6416290.68362 ], [ 531399.47437, 6416255.66126 ], [ 531406.16851, 6416219.63992 ], [ 531421.49667, 6416140.5878 ], [ 531435.90053, 6416070.53479 ], [ 531436.73354, 6416050.5469 ], [ 531434.6111, 6416035.57879 ], [ 531434.5862, 6416032.58185 ], [ 531419.14504, 6415977.76238 ], [ 531409.88034, 6415944.8707 ], [ 531405.80142, 6415934.91408 ], [ 531399.73284, 6415925.97303 ], [ 531394.67153, 6415918.02266 ], [ 531384.60701, 6415909.11479 ], [ 531367.50812, 6415895.27008 ], [ 531367.43343, 6415886.27926 ], [ 531370.43038, 6415886.25438 ], [ 531425.14211, 6415857.82675 ], [ 531428.13076, 6415856.80289 ], [ 531432.1101, 6415854.77175 ], [ 531445.05539, 6415849.66903 ], [ 531454.02964, 6415847.59642 ], [ 531465.29548, 6415760.58566 ], [ 531475.6951, 6415689.56687 ], [ 531476.6443, 6415683.5647 ], [ 531477.60179, 6415678.56151 ], [ 531478.57587, 6415675.55627 ], [ 531481.34877, 6415648.55894 ], [ 531514.7665, 6415582.34428 ], [ 531541.36561, 6415537.16626 ], [ 531538.33547, 6415533.19522 ], [ 531518.23133, 6415518.37642 ], [ 531507.16783, 6415509.47685 ], [ 531486.0896, 6415497.66328 ], [ 531461.04033, 6415488.87982 ], [ 531435.00868, 6415482.10262 ], [ 531393.95908, 6415471.45392 ], [ 531367.92743, 6415464.67672 ], [ 531347.93117, 6415462.84464 ], [ 531339.91441, 6415459.91406 ], [ 531338.91543, 6415459.92235 ], [ 531315.79774, 6415443.13047 ], [ 531312.79249, 6415442.15638 ], [ 531310.78623, 6415441.17399 ], [ 531299.78911, 6415440.26625 ], [ 531297.83264, 6415445.27773 ], [ 531296.99962, 6415465.26561 ], [ 531297.08261, 6415475.25541 ], [ 531296.1915, 6415488.25043 ], [ 531295.3087, 6415502.24444 ], [ 531293.43521, 6415517.24572 ], [ 531292.50261, 6415525.24585 ], [ 531283.66943, 6415544.30111 ], [ 531278.7326, 6415551.33543 ], [ 531272.747, 6415552.38418 ], [ 531269.71686, 6415548.41314 ], [ 531212.40139, 6415503.93184 ], [ 531196.30978, 6415491.07782 ], [ 531161.12131, 6415464.39567 ], [ 531125.82496, 6415424.7268 ], [ 531105.59635, 6415394.9233 ], [ 531103.57349, 6415391.94295 ], [ 531090.44563, 6415375.06813 ], [ 531082.37078, 6415365.14469 ], [ 531051.12846, 6415332.43549 ], [ 531028.98487, 6415312.63837 ], [ 531024.97234, 6415310.67359 ], [ 531014.94101, 6415305.76164 ], [ 531004.80181, 6415287.86295 ], [ 530969.22333, 6415214.22878 ], [ 530961.0655, 6415194.31555 ], [ 530951.8506, 6415167.41776 ], [ 530945.75712, 6415155.47978 ], [ 530936.65839, 6415142.56769 ], [ 530926.56898, 6415130.66289 ], [ 530923.53884, 6415126.69185 ], [ 530914.47331, 6415117.77569 ], [ 530890.27366, 6415091.00231 ], [ 530884.19678, 6415081.06228 ], [ 530877.11261, 6415070.13157 ], [ 530865.97443, 6415052.24118 ], [ 530864.98375, 6415053.24845 ], [ 530856.03439, 6415058.31799 ], [ 530843.0974, 6415064.41969 ], [ 530831.09301, 6415062.52126 ], [ 530814.0854, 6415059.66532 ], [ 530789.08593, 6415056.87573 ], [ 530762.12998, 6415059.09763 ], [ 530758.14235, 6415060.12978 ], [ 530754.14641, 6415060.16296 ], [ 530743.18249, 6415063.25113 ], [ 530738.20418, 6415065.29056 ], [ 530736.21451, 6415066.30612 ], [ 530732.24347, 6415069.33624 ], [ 530732.24347, 6415069.33624 ], [ 530712.41318, 6415087.48374 ], [ 530712.40488, 6415086.48476 ], [ 530712.39658, 6415085.48578 ], [ 530711.40589, 6415086.49305 ], [ 530711.40589, 6415086.49305 ], [ 530697.49481, 6415095.59998 ], [ 530687.52988, 6415098.67985 ], [ 530678.55563, 6415100.75246 ], [ 530666.58443, 6415102.84994 ], [ 530658.60086, 6415103.91527 ], [ 530651.60798, 6415103.97333 ], [ 530627.63238, 6415104.17238 ], [ 530582.66155, 6415102.54764 ], [ 530568.67578, 6415102.66376 ], [ 530546.67326, 6415099.84928 ], [ 530534.68546, 6415099.94881 ], [ 530530.69783, 6415100.98096 ], [ 530527.70918, 6415102.00482 ], [ 530515.78777, 6415110.09618 ], [ 530505.86432, 6415118.17095 ], [ 530498.92123, 6415124.22288 ], [ 530492.96052, 6415128.26856 ], [ 530486.00083, 6415132.32253 ], [ 530467.06994, 6415138.47399 ], [ 530437.15024, 6415144.71667 ], [ 530432.17192, 6415146.7561 ], [ 530416.22968, 6415151.88369 ], [ 530395.31742, 6415160.04969 ], [ 530366.43819, 6415171.27898 ], [ 530347.54049, 6415181.42635 ], [ 530309.7036, 6415196.72619 ], [ 530298.76457, 6415202.8113 ], [ 530292.79557, 6415205.858 ], [ 530263.94953, 6415221.0832 ], [ 530244.04455, 6415230.23988 ], [ 530216.1726, 6415242.45985 ], [ 530210.187, 6415243.50859 ], [ 530194.22816, 6415246.63822 ], [ 530164.37484, 6415260.87274 ], [ 530159.40482, 6415263.91114 ], [ 530153.43581, 6415266.95784 ], [ 530149.47307, 6415270.98693 ], [ 530138.55064, 6415279.06999 ], [ 530133.59721, 6415284.10635 ], [ 530117.74625, 6415300.22272 ], [ 530113.77521, 6415303.25283 ], [ 530101.80401, 6415305.35031 ], [ 530057.89854, 6415311.70909 ], [ 530055.90057, 6415311.72568 ], [ 530038.96765, 6415317.86054 ], [ 530021.04404, 6415325.00268 ], [ 529989.15126, 6415334.25888 ], [ 529957.29167, 6415347.51099 ], [ 529955.302, 6415348.52656 ], [ 529926.42276, 6415359.75584 ], [ 529909.49814, 6415366.88968 ], [ 529899.55809, 6415372.96649 ], [ 529885.6719, 6415385.07034 ], [ 529881.71746, 6415390.09841 ], [ 529878.73711, 6415392.12125 ], [ 529869.90392, 6415411.1765 ], [ 529862.01163, 6415423.23059 ], [ 529838.30156, 6415455.39697 ], [ 529835.3461, 6415460.41674 ], [ 529833.34814, 6415460.43333 ], [ 529825.43925, 6415470.48947 ], [ 529820.48582, 6415475.52583 ], [ 529803.69396, 6415498.64334 ], [ 529798.77373, 6415507.67562 ], [ 529795.81827, 6415512.6954 ], [ 529790.93122, 6415525.72359 ], [ 529784.17898, 6415554.75205 ], [ 529783.19659, 6415556.7583 ], [ 529778.5087, 6415593.762 ], [ 529775.61132, 6415605.77463 ], [ 529763.94714, 6415644.83435 ], [ 529761.99066, 6415649.84583 ], [ 529757.12022, 6415664.87199 ], [ 529741.50159, 6415708.95978 ], [ 529734.65807, 6415726.99946 ], [ 529734.67467, 6415728.99742 ], [ 529725.99914, 6415767.03328 ], [ 529716.24164, 6415795.08764 ], [ 529712.33699, 6415806.10958 ], [ 529703.44571, 6415818.17198 ], [ 529692.57307, 6415832.24891 ], [ 529684.69737, 6415846.30097 ], [ 529678.80304, 6415858.33849 ], [ 529672.91702, 6415871.37498 ], [ 529668.99576, 6415880.39897 ], [ 529661.21134, 6415905.4398 ], [ 529659.26316, 6415911.45027 ], [ 529656.39068, 6415926.45984 ], [ 529654.50888, 6415940.46214 ], [ 529648.8469, 6415980.47109 ], [ 529645.98271, 6415996.47964 ], [ 529645.99101, 6415997.47862 ], [ 529643.16002, 6416017.48309 ], [ 529630.6877, 6416079.52764 ], [ 529629.73021, 6416084.53084 ], [ 529607.35933, 6416157.6471 ], [ 529606.40184, 6416162.65029 ], [ 529604.47855, 6416171.6577 ], [ 529603.57085, 6416182.65477 ], [ 529603.63723, 6416190.6466 ], [ 529603.80319, 6416210.6262 ], [ 529605.90902, 6416223.59635 ], [ 529605.97541, 6416231.58819 ], [ 529606.08328, 6416244.57493 ], [ 529605.24196, 6416263.56384 ], [ 529604.27616, 6416267.56805 ], [ 529603.45143, 6416288.55492 ], [ 529601.49496, 6416293.56641 ], [ 529599.53848, 6416298.57789 ], [ 529595.59233, 6416304.60495 ], [ 529592.62028, 6416307.62677 ], [ 529577.74339, 6416320.7379 ], [ 529584.91053, 6416341.65843 ], [ 529607.24498, 6416384.43212 ], [ 529616.25243, 6416386.35544 ], [ 529662.25546, 6416391.96784 ], [ 529666.33437, 6416401.92447 ], [ 529676.38229, 6416408.8344 ], [ 529705.85898, 6416469.53168 ], [ 529718.07083, 6416496.40462 ], [ 529701.1296, 6416501.54051 ], [ 529694.16161, 6416504.5955 ], [ 529683.20598, 6416508.68264 ], [ 529677.27846, 6416516.72424 ], [ 529675.31368, 6416520.73675 ], [ 529671.48371, 6416540.74952 ], [ 529667.67862, 6416563.75924 ], [ 529671.81562, 6416580.70873 ], [ 529674.88725, 6416589.67467 ], [ 529677.98378, 6416601.63755 ], [ 529690.24541, 6416634.50438 ], [ 529682.22865, 6416631.57378 ], [ 529675.24406, 6416632.63081 ], [ 529670.24914, 6416632.67228 ], [ 529667.29368, 6416637.69206 ], [ 529664.31333, 6416639.7149 ], [ 529656.41274, 6416650.77002 ], [ 529647.50486, 6416660.83446 ], [ 529644.50791, 6416660.85934 ], [ 529642.48505, 6416657.87899 ], [ 529642.41867, 6416649.88715 ], [ 529641.345, 6416640.90462 ], [ 529640.29623, 6416634.91903 ], [ 529638.26507, 6416630.93969 ], [ 529629.19124, 6416621.02453 ], [ 529622.14857, 6416615.0887 ], [ 529612.12554, 6416611.17571 ], [ 529584.68506, 6416675.34264 ], [ 529578.71606, 6416678.38934 ], [ 529556.00496, 6416710.54745 ], [ 529509.87746, 6416689.95034 ], [ 529503.99143, 6416702.98684 ], [ 529493.07729, 6416712.06888 ], [ 529473.01464, 6416702.24494 ], [ 529459.02057, 6416701.36206 ], [ 529380.07597, 6416699.02025 ], [ 529367.08919, 6416699.12806 ], [ 529332.11646, 6416698.41933 ], [ 529331.11748, 6416698.42762 ], [ 529324.19927, 6416707.47649 ], [ 529321.26041, 6416714.49423 ], [ 529318.31324, 6416720.51299 ], [ 529314.42518, 6416733.5329 ], [ 529313.48428, 6416740.53406 ], [ 529313.54236, 6416747.52692 ], [ 529315.62331, 6416757.50014 ], [ 529321.75827, 6416774.43304 ], [ 529335.06867, 6416813.28547 ], [ 529342.22751, 6416833.20702 ], [ 529342.24411, 6416835.20498 ], [ 529339.25546, 6416836.22884 ], [ 529288.43176, 6416851.63648 ], [ 529244.55115, 6416860.99218 ], [ 529247.75555, 6416885.94181 ], [ 529230.91389, 6416903.06545 ], [ 529221.99771, 6416912.13091 ], [ 529215.07121, 6416920.1808 ], [ 529198.32912, 6416949.2922 ], [ 529193.40888, 6416958.32449 ], [ 529185.56637, 6416976.37248 ], [ 529173.52878, 6416970.47811 ], [ 529167.60956, 6416979.51869 ], [ 529158.57722, 6416974.59842 ], [ 529155.61345, 6416978.61922 ], [ 529124.47071, 6416957.8977 ], [ 529125.52778, 6416964.88227 ], [ 529096.383, 6416944.14417 ], [ 529063.20079, 6416918.44434 ], [ 529058.17269, 6416914.48988 ], [ 529055.15914, 6416912.5168 ], [ 529044.11223, 6416905.61515 ], [ 529031.06736, 6416898.73009 ], [ 529023.0589, 6416896.79847 ], [ 529013.07736, 6416897.88038 ], [ 529005.09379, 6416898.9457 ], [ 528978.2291, 6416912.15634 ], [ 528969.31292, 6416921.2218 ], [ 528971.39387, 6416931.19502 ], [ 528965.37507, 6416928.24783 ], [ 528932.64094, 6416956.49293 ], [ 528924.70716, 6416963.55213 ], [ 528919.77032, 6416970.58646 ], [ 528913.8594, 6416980.62602 ], [ 528908.03974, 6417001.65436 ], [ 528909.17979, 6417018.62873 ], [ 528907.27309, 6417029.6341 ], [ 528897.45751, 6417050.69562 ], [ 528877.78484, 6417087.82374 ], [ 528873.84699, 6417094.84977 ], [ 528866.97857, 6417109.89253 ], [ 528863.0905, 6417122.91244 ], [ 528845.62325, 6417184.9985 ], [ 528843.79953, 6417205.99367 ], [ 528841.86794, 6417214.0021 ], [ 528836.99749, 6417229.02827 ], [ 528837.05557, 6417236.02114 ], [ 528837.11366, 6417243.014 ], [ 528836.63742, 6417305.95807 ], [ 528830.7099, 6417313.99967 ], [ 528828.73682, 6417317.01319 ], [ 528813.91802, 6417337.11719 ], [ 528780.33426, 6417383.35224 ], [ 528778.36948, 6417387.36475 ], [ 528729.84245, 6417438.71909 ], [ 528713.00078, 6417455.84273 ], [ 528725.16284, 6417476.72181 ], [ 528731.26461, 6417489.65881 ], [ 528740.39652, 6417506.56685 ], [ 528744.45884, 6417514.52553 ], [ 528727.61717, 6417531.64917 ], [ 528729.63173, 6417533.63055 ], [ 528719.73317, 6417544.70226 ], [ 528702.8998, 6417562.82488 ], [ 528695.97329, 6417570.87477 ], [ 528678.14094, 6417589.00569 ], [ 528691.219, 6417599.88668 ], [ 528699.26066, 6417605.81423 ], [ 528729.42932, 6417629.541 ], [ 528763.6437, 6417659.22848 ], [ 528768.67181, 6417663.18295 ], [ 528770.68637, 6417665.16432 ], [ 528804.88416, 6417692.85385 ], [ 528815.79001, 6417682.77282 ], [ 528818.80355, 6417684.74591 ], [ 528824.83894, 6417689.69106 ], [ 528811.96002, 6417702.78561 ], [ 528824.0474, 6417714.67387 ], [ 528841.17948, 6417732.51456 ], [ 528842.18677, 6417733.50525 ], [ 528844.19303, 6417734.48765 ], [ 528863.2816, 6417747.31684 ], [ 528910.54085, 6417783.88939 ], [ 528919.58979, 6417790.80763 ], [ 528920.59708, 6417791.79832 ], [ 528928.60554, 6417793.72994 ], [ 528956.63518, 6417800.49062 ], [ 529017.63128, 6417806.97765 ], [ 529061.93508, 6417848.56998 ], [ 529066.96319, 6417852.52444 ], [ 529067.2785, 6417890.48572 ], [ 529066.47037, 6417913.47058 ], [ 529068.46004, 6417912.45501 ], [ 529087.39095, 6417906.30356 ], [ 529126.22686, 6417890.99544 ], [ 529126.25175, 6417893.99238 ], [ 529125.28596, 6417897.9966 ], [ 529115.57824, 6417932.04488 ], [ 529114.59585, 6417934.05114 ], [ 529095.2302, 6418008.14159 ], [ 529080.67692, 6418060.213 ], [ 529076.80545, 6418075.23088 ], [ 529097.80901, 6418078.05369 ], [ 529144.82764, 6418085.65578 ], [ 529151.82883, 6418086.59672 ], [ 529157.83103, 6418087.54594 ], [ 529156.07369, 6418116.53298 ], [ 529152.55073, 6418173.50809 ], [ 529151.726, 6418194.49498 ], [ 529149.99355, 6418226.47897 ], [ 529146.27144, 6418259.47852 ], [ 529140.61774, 6418300.48651 ], [ 529138.73594, 6418314.48884 ], [ 529139.02636, 6418349.45319 ], [ 529140.29087, 6418381.4123 ], [ 529143.57825, 6418416.35177 ], [ 529144.66851, 6418427.33228 ], [ 529156.66461, 6418428.23175 ], [ 529183.5874, 6418422.01396 ], [ 529219.46785, 6418411.72561 ], [ 529231.41417, 6418406.63119 ], [ 529255.30682, 6418396.44235 ], [ 529276.21081, 6418387.27738 ], [ 529287.14984, 6418381.19227 ], [ 529301.06924, 6418373.08432 ], [ 529322.92243, 6418357.91716 ], [ 529329.85723, 6418350.86624 ], [ 529346.78188, 6418343.7324 ], [ 529363.70652, 6418336.59855 ], [ 529374.65386, 6418331.51242 ], [ 529389.58054, 6418324.39516 ], [ 529395.54125, 6418320.34948 ], [ 529411.44202, 6418310.22698 ], [ 529415.41306, 6418307.19687 ], [ 529439.314, 6418298.00701 ], [ 529468.19327, 6418286.77772 ], [ 529475.15296, 6418282.72375 ], [ 529515.90387, 6418257.40921 ], [ 529527.82529, 6418249.31784 ], [ 529530.81395, 6418248.29398 ], [ 529543.71776, 6418238.19636 ], [ 529545.70743, 6418237.1808 ], [ 529556.60498, 6418226.10078 ], [ 529564.57196, 6418223.03749 ], [ 529571.53996, 6418219.9825 ], [ 529619.39992, 6418208.59565 ], [ 529626.37621, 6418206.53963 ], [ 529666.19451, 6418189.22523 ], [ 529677.14185, 6418184.1391 ], [ 529690.06226, 6418176.03944 ], [ 529694.0416, 6418174.00831 ], [ 529694.05819, 6418176.00627 ], [ 529696.20552, 6418193.97135 ], [ 529699.55099, 6418235.90369 ], [ 529699.56758, 6418237.90165 ], [ 529700.70763, 6418254.87604 ], [ 529702.94624, 6418283.82991 ], [ 529728.79536, 6418268.62958 ], [ 529765.57522, 6418246.34514 ], [ 529784.82145, 6418278.15498 ], [ 529793.94507, 6418294.06405 ], [ 529800.02196, 6418304.0041 ], [ 529819.28479, 6418337.8119 ], [ 529830.43957, 6418357.70031 ], [ 529835.4096, 6418354.6619 ], [ 529835.4096, 6418354.6619 ], [ 529841.36201, 6418349.61723 ], [ 529858.17049, 6418328.49764 ], [ 529859.16117, 6418327.49036 ], [ 529866.08768, 6418319.44046 ], [ 529886.89209, 6418298.2877 ], [ 529900.7534, 6418283.18687 ], [ 529900.76169, 6418284.18585 ], [ 529900.76169, 6418284.18585 ], [ 529902.75136, 6418283.17029 ], [ 529913.65721, 6418273.08925 ], [ 529916.62927, 6418270.06742 ], [ 529918.60234, 6418267.05389 ], [ 529921.5827, 6418265.03105 ], [ 529926.51953, 6418257.99672 ], [ 529927.51852, 6418257.98842 ], [ 529927.51022, 6418256.98944 ], [ 529944.3021, 6418233.87189 ], [ 529954.17577, 6418219.80322 ], [ 529956.15714, 6418217.78867 ], [ 529970.01015, 6418201.68886 ], [ 529983.87146, 6418186.58804 ], [ 529984.86214, 6418185.58076 ], [ 529986.83522, 6418182.56723 ], [ 529986.83522, 6418182.56723 ], [ 529995.69331, 6418166.50889 ], [ 529999.63945, 6418160.48183 ], [ 530017.72074, 6418172.32033 ], [ 530033.77917, 6418181.17847 ], [ 530065.51432, 6418152.94161 ], [ 530091.29705, 6418129.74942 ], [ 530120.05184, 6418103.5354 ], [ 530110.91992, 6418086.62736 ], [ 530103.71958, 6418061.71088 ], [ 530103.69468, 6418058.71393 ], [ 530093.38952, 6418020.83558 ], [ 530092.39883, 6418021.84286 ], [ 530088.12076, 6417987.91067 ], [ 530088.11247, 6417986.91169 ], [ 530087.09689, 6417984.92202 ], [ 530073.88605, 6417958.05734 ], [ 530072.86217, 6417955.06869 ], [ 530072.85387, 6417954.06971 ], [ 530070.79782, 6417947.09343 ], [ 530070.76463, 6417943.0975 ], [ 530096.67183, 6417934.89003 ], [ 530116.59342, 6417927.73129 ], [ 530121.57174, 6417925.69187 ], [ 530124.5438, 6417922.67004 ], [ 530137.5057, 6417919.56529 ], [ 530155.43762, 6417913.42212 ], [ 530161.46472, 6417917.36828 ], [ 530165.49385, 6417921.33103 ], [ 530172.51993, 6417925.26891 ], [ 530186.58039, 6417934.14363 ], [ 530193.60647, 6417938.0815 ], [ 530207.66693, 6417946.95622 ], [ 530215.51773, 6417929.9072 ], [ 530219.43899, 6417920.88319 ], [ 530220.43797, 6417920.8749 ], [ 530222.39445, 6417915.86341 ], [ 530238.43628, 6417922.72358 ], [ 530242.31604, 6417908.70467 ], [ 530243.29013, 6417905.69944 ], [ 530251.18243, 6417893.64531 ], [ 530252.17311, 6417892.63804 ], [ 530255.14517, 6417889.61622 ], [ 530263.05406, 6417879.56006 ], [ 530263.05406, 6417879.56006 ], [ 530252.98954, 6417870.65216 ], [ 530257.94297, 6417865.61579 ], [ 530263.86219, 6417856.5752 ], [ 530271.92045, 6417864.5007 ], [ 530278.75567, 6417845.46201 ], [ 530325.08235, 6417890.03466 ], [ 530349.85779, 6417865.85177 ], [ 530351.83917, 6417863.83723 ], [ 530355.80191, 6417859.80813 ], [ 530366.69116, 6417847.72913 ], [ 530386.45508, 6417821.58975 ], [ 530389.42714, 6417818.56792 ], [ 530391.44171, 6417820.5493 ], [ 530412.61952, 6417844.35068 ], [ 530427.68727, 6417854.21609 ], [ 530456.80717, 6417871.95724 ], [ 530457.83105, 6417874.94589 ], [ 530462.93384, 6417887.89117 ], [ 530468.11132, 6417909.82729 ], [ 530468.17771, 6417917.81914 ], [ 530465.33842, 6417936.82466 ], [ 530466.42038, 6417946.80618 ], [ 530467.46086, 6417951.79279 ], [ 530469.49202, 6417955.77213 ], [ 530474.56992, 6417965.72047 ], [ 530489.55468, 6417965.59607 ], [ 530511.53233, 6417965.41361 ], [ 530523.51184, 6417964.31511 ], [ 530533.47679, 6417961.23523 ], [ 530540.43648, 6417957.18125 ], [ 530553.3237, 6417945.08566 ], [ 530574.04512, 6417913.94308 ], [ 530592.78517, 6417884.81504 ], [ 530601.67644, 6417872.75263 ], [ 530623.47153, 6417850.59258 ], [ 530642.26137, 6417827.45844 ], [ 530654.09981, 6417809.37725 ], [ 530661.95061, 6417792.32822 ], [ 530661.93402, 6417790.33026 ], [ 530661.91742, 6417788.3323 ], [ 530662.9081, 6417787.32503 ], [ 530665.63951, 6417755.33275 ], [ 530667.5628, 6417746.32533 ], [ 530674.45611, 6417734.27951 ], [ 530678.41055, 6417729.25143 ], [ 530695.22732, 6417709.13081 ], [ 530697.20039, 6417706.11728 ], [ 530701.21292, 6417708.08207 ], [ 530713.25882, 6417714.97541 ], [ 530720.2766, 6417717.9143 ], [ 530722.26627, 6417716.89873 ], [ 530721.05983, 6417691.9325 ], [ 530720.97685, 6417681.94269 ], [ 530720.91876, 6417674.94982 ], [ 530723.82443, 6417663.93615 ], [ 530732.69911, 6417649.87577 ], [ 530747.59259, 6417638.76257 ], [ 530765.46642, 6417625.62653 ], [ 530770.42815, 6417621.58914 ], [ 530780.3599, 6417614.51334 ], [ 530803.20376, 6417598.33888 ], [ 530848.89977, 6417566.98896 ], [ 530852.87081, 6417563.95884 ], [ 530905.50992, 6417526.55697 ], [ 530942.24827, 6417499.27761 ] ] ] ] } },
{ "type": "Feature", "properties": { "VALID_GEST": "2024-01-29", "TYPE": "Classé", "IDCAUE_EPC": null }, "geometry": { "type": "MultiPolygon", "coordinates": [ [ [ [ 532231.76557, 6420835.39204 ], [ 532226.92832, 6420854.4142 ], [ 532229.99997, 6420863.38016 ], [ 532232.33818, 6420904.3219 ], [ 532233.43675, 6420916.3014 ], [ 532233.51144, 6420925.29225 ], [ 532232.59544, 6420935.29038 ], [ 532232.71163, 6420949.27615 ], [ 532229.85575, 6420966.28376 ], [ 532227.92417, 6420974.29221 ], [ 532223.07032, 6420991.31641 ], [ 532211.38126, 6421027.37935 ], [ 532207.4766, 6421038.40135 ], [ 532207.4849, 6421039.40033 ], [ 532206.51081, 6421042.40558 ], [ 532201.67356, 6421061.42774 ], [ 532195.87052, 6421084.45413 ], [ 532191.04157, 6421104.47527 ], [ 532183.29865, 6421134.51114 ], [ 532178.4614, 6421153.5333 ], [ 532176.54642, 6421163.53973 ], [ 532169.76929, 6421189.57136 ], [ 532163.95795, 6421211.59877 ], [ 532161.06888, 6421224.61044 ], [ 532156.24823, 6421245.63057 ], [ 532153.34256, 6421256.64428 ], [ 532146.59032, 6421285.67287 ], [ 532146.59862, 6421286.67185 ], [ 532141.74477, 6421303.69605 ], [ 532135.98323, 6421331.71736 ], [ 532134.05165, 6421339.72582 ], [ 532129.27249, 6421365.74087 ], [ 532124.46843, 6421388.75897 ], [ 532124.47673, 6421389.75796 ], [ 532124.50992, 6421393.75389 ], [ 532124.61781, 6421406.74068 ], [ 532122.70282, 6421416.74711 ], [ 532119.80545, 6421428.7598 ], [ 532115.98378, 6421449.77164 ], [ 532115.03459, 6421455.77384 ], [ 532110.18904, 6421473.79702 ], [ 532097.59227, 6421520.85709 ], [ 532091.73114, 6421536.8906 ], [ 532091.73944, 6421537.88958 ], [ 532090.76535, 6421540.89483 ], [ 532074.15604, 6421585.99011 ], [ 532067.33742, 6421607.02684 ], [ 532058.55402, 6421632.07609 ], [ 532051.73539, 6421653.11281 ], [ 532047.81414, 6421662.13685 ], [ 532046.84835, 6421666.14108 ], [ 532039.02244, 6421686.18712 ], [ 532037.07426, 6421692.19761 ], [ 532028.34065, 6421723.24076 ], [ 532014.64531, 6421758.32133 ], [ 532003.85564, 6421782.38819 ], [ 532003.86394, 6421783.38717 ], [ 531996.99552, 6421798.42999 ], [ 531980.35302, 6421839.52935 ], [ 531970.54574, 6421861.58994 ], [ 531966.63278, 6421871.61296 ], [ 531956.8006, 6421890.67661 ], [ 531943.06377, 6421920.76225 ], [ 531933.23989, 6421940.82488 ], [ 531920.48544, 6421968.90427 ], [ 531910.68645, 6421991.96385 ], [ 531901.85326, 6422011.0192 ], [ 531889.11541, 6422041.09655 ], [ 531889.12371, 6422042.09554 ], [ 531884.20347, 6422051.12787 ], [ 531866.55368, 6422091.23654 ], [ 531853.81583, 6422121.3139 ], [ 531852.83344, 6422123.32016 ], [ 531850.86036, 6422126.3337 ], [ 531843.01785, 6422144.38177 ], [ 531829.24782, 6422170.47149 ], [ 531809.53367, 6422202.60487 ], [ 531792.79158, 6422231.71642 ], [ 531785.89826, 6422243.7623 ], [ 531779.00495, 6422255.80817 ], [ 531762.27115, 6422285.91871 ], [ 531757.34261, 6422293.95205 ], [ 531749.45031, 6422306.00622 ], [ 531743.54768, 6422317.04482 ], [ 531739.59324, 6422322.07291 ], [ 531737.62016, 6422325.08646 ], [ 531736.62118, 6422325.09475 ], [ 531727.74649, 6422339.15518 ], [ 531724.81592, 6422347.17194 ], [ 531720.88637, 6422355.19699 ], [ 531720.90296, 6422357.19496 ], [ 531715.99102, 6422367.22628 ], [ 531714.02624, 6422371.23881 ], [ 531714.04284, 6422373.23677 ], [ 531713.06045, 6422375.24304 ], [ 531712.09466, 6422379.24727 ], [ 531708.16511, 6422387.27232 ], [ 531706.21693, 6422393.28282 ], [ 531699.23233, 6422394.33986 ], [ 531699.26552, 6422398.3358 ], [ 531705.29263, 6422402.28197 ], [ 531722.34177, 6422410.13285 ], [ 531730.38345, 6422416.0604 ], [ 531735.41987, 6422421.01385 ], [ 531749.44716, 6422425.89266 ], [ 531762.48376, 6422431.77874 ], [ 531779.57439, 6422444.62453 ], [ 531791.60371, 6422449.51993 ], [ 531803.62473, 6422453.41633 ], [ 531812.65709, 6422458.33661 ], [ 531819.65829, 6422459.27753 ], [ 531830.68032, 6422463.18223 ], [ 531854.73896, 6422472.97301 ], [ 531864.74541, 6422474.88804 ], [ 531877.79861, 6422482.77209 ], [ 531890.81862, 6422486.6602 ], [ 531901.81576, 6422487.56795 ], [ 531913.82848, 6422490.46537 ], [ 531928.87135, 6422497.33385 ], [ 531936.91303, 6422503.2614 ], [ 531960.96337, 6422512.0532 ], [ 532006.0256, 6422524.66675 ], [ 532017.02274, 6422525.57449 ], [ 532033.98889, 6422523.43552 ], [ 532080.91632, 6422520.04872 ], [ 532097.89077, 6422518.90873 ], [ 532112.87555, 6422518.78432 ], [ 532140.87204, 6422521.54902 ], [ 532188.88144, 6422528.14378 ], [ 532268.89986, 6422539.46802 ], [ 532350.04175, 6422565.76874 ], [ 532358.05853, 6422568.69934 ], [ 532369.03907, 6422567.60911 ], [ 532383.01657, 6422566.494 ], [ 532387.00422, 6422565.46184 ], [ 532433.93164, 6422562.07503 ], [ 532437.91928, 6422561.04287 ], [ 532447.89254, 6422558.96195 ], [ 532486.80318, 6422552.64455 ], [ 532490.79082, 6422551.61238 ], [ 532519.72821, 6422547.3759 ], [ 532558.63885, 6422541.05849 ], [ 532631.4818, 6422530.46312 ], [ 532638.4581, 6422528.40708 ], [ 532649.45524, 6422529.31482 ], [ 532667.47848, 6422534.16044 ], [ 532676.49424, 6422537.08274 ], [ 532686.50899, 6422539.99674 ], [ 532690.50494, 6422539.96356 ], [ 532708.46178, 6422536.8173 ], [ 532743.37648, 6422530.53307 ], [ 532751.35176, 6422528.46874 ], [ 532764.33028, 6422527.36192 ], [ 532781.29643, 6422525.22293 ], [ 532806.24617, 6422522.0186 ], [ 532848.17037, 6422517.67427 ], [ 532916.10138, 6422517.11021 ], [ 532942.0833, 6422517.89352 ], [ 532965.06827, 6422518.70172 ], [ 533005.04428, 6422520.36788 ], [ 533018.03109, 6422520.26004 ], [ 533066.0073, 6422522.85883 ], [ 533079.99309, 6422522.74269 ], [ 533089.97465, 6422521.66076 ], [ 533134.8709, 6422514.29458 ], [ 533147.84111, 6422512.18877 ], [ 533162.7927, 6422508.0684 ], [ 533170.79288, 6422509.00102 ], [ 533176.7619, 6422505.9543 ], [ 533190.7311, 6422503.84019 ], [ 533194.72704, 6422503.80701 ], [ 533196.71671, 6422502.79144 ], [ 533198.70638, 6422501.77586 ], [ 533204.6754, 6422498.72914 ], [ 533212.65069, 6422496.6648 ], [ 533217.62902, 6422494.62536 ], [ 533230.57433, 6422489.52259 ], [ 533233.57129, 6422489.49771 ], [ 533238.54132, 6422486.45928 ], [ 533244.50203, 6422482.41357 ], [ 533249.46377, 6422478.37615 ], [ 533251.45344, 6422477.36058 ], [ 533253.44311, 6422476.345 ], [ 533258.40484, 6422472.30758 ], [ 533262.37589, 6422469.27745 ], [ 533266.34693, 6422466.24731 ], [ 533268.3283, 6422464.23275 ], [ 533280.21654, 6422452.14539 ], [ 533285.17827, 6422448.10798 ], [ 533290.1317, 6422443.07158 ], [ 533295.06024, 6422435.03822 ], [ 533300.00537, 6422429.00284 ], [ 533303.94322, 6422421.97676 ], [ 533308.88835, 6422415.94138 ], [ 533315.77336, 6422402.89651 ], [ 533380.8734, 6422422.337 ], [ 533378.95842, 6422432.34344 ], [ 533380.93149, 6422429.32989 ], [ 533387.77501, 6422411.2901 ], [ 533402.41123, 6422369.20832 ], [ 533404.3594, 6422363.19782 ], [ 533406.31588, 6422358.1863 ], [ 533409.25474, 6422351.16852 ], [ 533437.4618, 6422259.02138 ], [ 533442.32394, 6422242.99615 ], [ 533444.23892, 6422232.98971 ], [ 533446.1124, 6422217.98835 ], [ 533451.80755, 6422181.97514 ], [ 533454.66342, 6422164.96751 ], [ 533454.65512, 6422163.96853 ], [ 533457.48609, 6422143.96395 ], [ 533461.20816, 6422110.96429 ], [ 533461.19157, 6422108.96632 ], [ 533461.98307, 6422083.98341 ], [ 533461.96647, 6422081.98544 ], [ 533463.65738, 6422045.00643 ], [ 533464.44059, 6422019.02454 ], [ 533464.41569, 6422016.02759 ], [ 533464.96652, 6421962.07414 ], [ 533464.94162, 6421959.07719 ], [ 533464.81714, 6421944.09242 ], [ 533464.79224, 6421941.09547 ], [ 533464.72585, 6421933.10359 ], [ 533463.69367, 6421929.11595 ], [ 533460.23196, 6421873.19772 ], [ 533460.19876, 6421869.20178 ], [ 533459.16658, 6421865.21414 ], [ 533451.42676, 6421775.36363 ], [ 533450.1954, 6421747.40037 ], [ 533449.11343, 6421737.41883 ], [ 533449.07193, 6421732.42391 ], [ 533447.94846, 6421717.44744 ], [ 533447.92356, 6421714.45049 ], [ 533447.17664, 6421624.54192 ], [ 533446.15276, 6421621.55326 ], [ 533446.14446, 6421620.55428 ], [ 533441.84145, 6421583.62505 ], [ 533441.81655, 6421580.6281 ], [ 533441.79996, 6421578.63013 ], [ 533430.15549, 6421499.80165 ], [ 533429.13991, 6421497.81198 ], [ 533423.73832, 6421448.90324 ], [ 533416.28068, 6421393.01821 ], [ 533414.05863, 6421366.06224 ], [ 533408.80643, 6421335.13522 ], [ 533408.79814, 6421334.13623 ], [ 533401.51477, 6421299.22987 ], [ 533387.98023, 6421233.40478 ], [ 533373.58778, 6421184.57071 ], [ 533365.38012, 6421158.6635 ], [ 533358.22125, 6421138.74189 ], [ 533358.21295, 6421137.74291 ], [ 533337.85979, 6421092.95456 ], [ 533327.67906, 6421070.06089 ], [ 533318.52221, 6421050.15587 ], [ 533318.51391, 6421049.15689 ], [ 533309.38196, 6421032.24883 ], [ 533308.37468, 6421031.25814 ], [ 533307.3674, 6421030.26745 ], [ 533285.08266, 6420993.48756 ], [ 533284.06708, 6420991.49789 ], [ 533271.89668, 6420969.61979 ], [ 533263.73052, 6420948.7075 ], [ 533263.72222, 6420947.70852 ], [ 533258.58621, 6420930.76728 ], [ 533255.43987, 6420912.81046 ], [ 533253.40871, 6420908.83112 ], [ 533241.2632, 6420889.94998 ], [ 533240.23932, 6420886.96132 ], [ 533211.88599, 6420841.24035 ], [ 533210.8704, 6420839.25068 ], [ 533210.8704, 6420839.25068 ], [ 533200.92205, 6420844.32855 ], [ 533148.21652, 6420873.73873 ], [ 533094.47051, 6420898.16228 ], [ 533076.55517, 6420906.30347 ], [ 533016.79865, 6420928.77882 ], [ 532994.87907, 6420935.9542 ], [ 532968.96356, 6420943.16276 ], [ 532942.02416, 6420947.38267 ], [ 532907.10118, 6420952.66792 ], [ 532884.14942, 6420955.85566 ], [ 532850.20053, 6420958.13566 ], [ 532834.21677, 6420958.26838 ], [ 532792.2511, 6420957.61779 ], [ 532741.26967, 6420954.04491 ], [ 532730.25594, 6420951.1392 ], [ 532675.21218, 6420939.60763 ], [ 532628.1603, 6420928.00969 ], [ 532466.00108, 6420890.39312 ], [ 532235.76981, 6420836.35784 ], [ 532231.76557, 6420835.39204 ] ] ] ] } },
{ "type": "Feature", "properties": { "VALID_GEST": "2024-01-29", "TYPE": "Classé", "IDCAUE_EPC": null }, "geometry": { "type": "MultiPolygon", "coordinates": [ [ [ [ 532235.76981, 6420836.35784 ], [ 532189.71692, 6420824.7516 ], [ 532132.6503, 6420810.23964 ], [ 532065.59383, 6420795.81063 ], [ 532038.56314, 6420789.0417 ], [ 531898.46459, 6420761.23242 ], [ 531791.37404, 6420738.14432 ], [ 531769.35488, 6420733.33188 ], [ 531670.2811, 6420713.17437 ], [ 531283.85138, 6420617.47657 ], [ 531277.84088, 6420615.52837 ], [ 531240.82035, 6420608.84236 ], [ 531225.80238, 6420604.97084 ], [ 531140.7061, 6420583.69819 ], [ 531012.57879, 6420553.79133 ], [ 530864.4054, 6420516.05846 ], [ 530755.292, 6420489.98993 ], [ 530728.26962, 6420484.21996 ], [ 530713.23506, 6420478.35047 ], [ 530679.16999, 6420466.64465 ], [ 530629.02159, 6420443.08374 ], [ 530614.97772, 6420436.20696 ], [ 530552.66724, 6420391.76693 ], [ 530514.44858, 6420361.11361 ], [ 530443.84749, 6420280.77653 ], [ 530420.63019, 6420251.99677 ], [ 530398.41188, 6420223.20873 ], [ 530384.44269, 6420225.3228 ], [ 530395.73856, 6420262.19394 ], [ 530403.83831, 6420275.11437 ], [ 530420.02952, 6420299.95625 ], [ 530436.22903, 6420325.79711 ], [ 530444.32048, 6420337.71856 ], [ 530473.64786, 6420380.43431 ], [ 530477.70189, 6420387.39402 ], [ 530482.7798, 6420397.34238 ], [ 530493.01859, 6420427.22894 ], [ 530493.07668, 6420434.22182 ], [ 530493.12646, 6420440.21572 ], [ 530495.33189, 6420465.17371 ], [ 530478.41553, 6420473.30656 ], [ 530453.57368, 6420489.49762 ], [ 530443.63362, 6420495.57446 ], [ 530438.67189, 6420499.61185 ], [ 530431.76198, 6420509.65974 ], [ 530425.85935, 6420520.69831 ], [ 530412.1225, 6420550.78391 ], [ 530417.2336, 6420564.72821 ], [ 530425.35825, 6420580.64559 ], [ 530439.59298, 6420610.49898 ], [ 530444.67089, 6420620.44734 ], [ 530468.02096, 6420665.21084 ], [ 530471.0926, 6420674.17681 ], [ 530480.3656, 6420708.06759 ], [ 530477.37694, 6420709.09146 ], [ 530393.89371, 6420761.73523 ], [ 530308.41251, 6420814.39558 ], [ 530314.52259, 6420828.33159 ], [ 530317.56104, 6420833.30163 ], [ 530329.7729, 6420860.17466 ], [ 530334.85911, 6420871.12201 ], [ 530345.03152, 6420893.01671 ], [ 530356.21951, 6420916.90108 ], [ 530363.32857, 6420930.82879 ], [ 530377.53011, 6420956.68625 ], [ 530399.83141, 6420995.46415 ], [ 530413.96657, 6421013.32975 ], [ 530415.98113, 6421015.31113 ], [ 530434.12053, 6421034.14253 ], [ 530456.28076, 6421055.93772 ], [ 530502.64898, 6421105.5054 ], [ 530507.68539, 6421110.45885 ], [ 530519.78109, 6421123.34611 ], [ 530524.8258, 6421129.29854 ], [ 530551.07326, 6421162.04937 ], [ 530576.31342, 6421193.80951 ], [ 530612.6586, 6421239.46419 ], [ 530619.71788, 6421247.39801 ], [ 530644.90827, 6421273.16424 ], [ 530656.97077, 6421282.05557 ], [ 530684.10933, 6421301.81132 ], [ 530703.21452, 6421316.6385 ], [ 530719.33106, 6421332.48954 ], [ 530756.65033, 6421375.13898 ], [ 530776.7711, 6421391.95583 ], [ 530782.8148, 6421397.89997 ], [ 530815.11426, 6421437.59393 ], [ 530824.19641, 6421448.5081 ], [ 530870.63932, 6421507.06664 ], [ 530875.71723, 6421517.01501 ], [ 530877.78159, 6421524.99029 ], [ 530884.63852, 6421628.83486 ], [ 530884.68001, 6421633.82978 ], [ 530879.69338, 6421634.87023 ], [ 530875.69744, 6421634.9034 ], [ 530876.11236, 6421684.8526 ], [ 530876.14555, 6421688.84853 ], [ 530877.21922, 6421697.8311 ], [ 530877.28561, 6421705.82297 ], [ 530877.2939, 6421706.82195 ], [ 530878.31778, 6421709.81061 ], [ 530880.573, 6421740.76253 ], [ 530880.61449, 6421745.75745 ], [ 530881.64667, 6421749.74509 ], [ 530881.67986, 6421753.74103 ], [ 530883.86869, 6421776.70107 ], [ 530883.89359, 6421779.69802 ], [ 530883.94338, 6421785.69193 ], [ 530883.99317, 6421791.68583 ], [ 530884.01806, 6421794.68278 ], [ 530884.12594, 6421807.66958 ], [ 530883.19334, 6421815.66974 ], [ 530883.24313, 6421821.66365 ], [ 530883.28462, 6421826.65857 ], [ 530883.29292, 6421827.65755 ], [ 530882.36032, 6421835.65772 ], [ 530882.37692, 6421837.65568 ], [ 530881.39453, 6421839.66195 ], [ 530880.52002, 6421854.655 ], [ 530880.55321, 6421858.65094 ], [ 530879.60402, 6421864.65314 ], [ 530881.64348, 6421869.63147 ], [ 530881.70157, 6421876.62436 ], [ 530881.70987, 6421877.62334 ], [ 530885.80539, 6421889.57798 ], [ 530888.91022, 6421902.53989 ], [ 530889.96729, 6421909.52448 ], [ 530894.1292, 6421929.47099 ], [ 530894.36155, 6421957.44255 ], [ 530893.47874, 6421971.43662 ], [ 530891.60525, 6421986.43797 ], [ 530890.68095, 6421995.43712 ], [ 530887.81676, 6422011.44575 ], [ 530884.07807, 6422042.44743 ], [ 530883.15377, 6422051.44659 ], [ 530883.17866, 6422054.44354 ], [ 530884.20254, 6422057.4322 ], [ 530884.21084, 6422058.43118 ], [ 530888.23168, 6422061.39496 ], [ 530900.26929, 6422067.28934 ], [ 530910.30893, 6422073.20031 ], [ 530926.38398, 6422084.05644 ], [ 530940.44446, 6422092.93119 ], [ 530950.4924, 6422099.84114 ], [ 530974.62572, 6422118.62279 ], [ 531002.77157, 6422139.36924 ], [ 531023.89134, 6422156.1778 ], [ 531022.90065, 6422157.18508 ], [ 531022.90895, 6422158.18407 ], [ 531018.9794, 6422166.20911 ], [ 531012.10267, 6422180.25295 ], [ 531009.16381, 6422187.27072 ], [ 531001.313, 6422204.31981 ], [ 530994.46117, 6422221.3606 ], [ 530990.56481, 6422233.38158 ], [ 530983.75447, 6422255.4173 ], [ 530979.84151, 6422265.44031 ], [ 530975.92026, 6422274.46435 ], [ 530976.96073, 6422279.45098 ], [ 530978.9836, 6422282.43134 ], [ 530983.01274, 6422286.39411 ], [ 530991.04611, 6422291.32268 ], [ 531023.12152, 6422304.04408 ], [ 531035.14254, 6422307.94049 ], [ 531036.14153, 6422307.9322 ], [ 531048.14595, 6422309.83064 ], [ 531062.14834, 6422311.7125 ], [ 531071.15581, 6422313.63582 ], [ 531133.26717, 6422334.10028 ], [ 531137.28801, 6422337.06406 ], [ 531155.39422, 6422351.89954 ], [ 531172.49315, 6422365.74432 ], [ 531178.52025, 6422369.6905 ], [ 531196.60987, 6422382.52801 ], [ 531198.62444, 6422384.50939 ], [ 531216.67256, 6422392.35198 ], [ 531227.72779, 6422400.25262 ], [ 531261.89246, 6422423.94626 ], [ 531260.91837, 6422426.9515 ], [ 531241.32039, 6422473.07067 ], [ 531350.47535, 6422504.13414 ], [ 531389.52707, 6422514.79951 ], [ 531391.53334, 6422515.7819 ], [ 531441.44942, 6422511.37126 ], [ 531454.41964, 6422509.26547 ], [ 531492.32299, 6422501.95741 ], [ 531498.3501, 6422505.90358 ], [ 531495.53571, 6422527.90612 ], [ 531494.6529, 6422541.9002 ], [ 531493.71201, 6422548.90139 ], [ 531492.77111, 6422555.90258 ], [ 531486.56657, 6422650.86418 ], [ 531495.59893, 6422655.78445 ], [ 531502.63332, 6422660.72132 ], [ 531504.63959, 6422661.70372 ], [ 531514.49667, 6422645.63702 ], [ 531515.48736, 6422644.62974 ], [ 531519.4667, 6422642.5986 ], [ 531520.45739, 6422641.59132 ], [ 531521.42318, 6422637.58708 ], [ 531525.36933, 6422631.56 ], [ 531538.15698, 6422607.47654 ], [ 531550.96123, 6422585.39106 ], [ 531560.81831, 6422569.32436 ], [ 531565.75514, 6422562.29 ], [ 531562.74159, 6422560.31691 ], [ 531564.71467, 6422557.30337 ], [ 531562.7001, 6422555.32199 ], [ 531567.65353, 6422550.2856 ], [ 531573.60595, 6422545.24091 ], [ 531575.62882, 6422548.22127 ], [ 531577.64339, 6422550.20266 ], [ 531584.71097, 6422559.13546 ], [ 531586.73384, 6422562.11582 ], [ 531633.81894, 6422577.70975 ], [ 531634.82622, 6422578.70044 ], [ 531655.863, 6422585.51916 ], [ 531667.88402, 6422589.41557 ], [ 531669.89029, 6422590.39796 ], [ 531671.89656, 6422591.38036 ], [ 531681.93621, 6422597.29133 ], [ 531683.95908, 6422600.27169 ], [ 531682.0026, 6422605.2832 ], [ 531681.11149, 6422618.2783 ], [ 531679.20481, 6422629.28372 ], [ 531672.53555, 6422668.30218 ], [ 531670.59567, 6422675.31166 ], [ 531669.66307, 6422683.31184 ], [ 531661.78737, 6422697.36398 ], [ 531657.84952, 6422704.39005 ], [ 531655.89304, 6422709.40156 ], [ 531652.92928, 6422713.42238 ], [ 531639.16754, 6422740.51109 ], [ 531626.39649, 6422766.59251 ], [ 531612.65965, 6422796.67818 ], [ 531606.79021, 6422811.71271 ], [ 531599.95498, 6422830.75148 ], [ 531594.11874, 6422849.78196 ], [ 531592.15396, 6422853.79449 ], [ 531587.25862, 6422865.82378 ], [ 531581.36429, 6422877.86136 ], [ 531574.47097, 6422889.90724 ], [ 531559.67705, 6422913.0083 ], [ 531551.80135, 6422927.06044 ], [ 531543.92564, 6422941.11259 ], [ 531538.0479, 6422955.14814 ], [ 531534.14325, 6422966.17015 ], [ 531530.23859, 6422977.19216 ], [ 531526.33393, 6422988.21417 ], [ 531524.43554, 6423000.21858 ], [ 531520.63046, 6423023.22841 ], [ 531527.44909, 6423002.19167 ], [ 531537.24808, 6422979.13207 ], [ 531543.16731, 6422970.09144 ], [ 531555.03066, 6422955.00714 ], [ 531570.85676, 6422935.89372 ], [ 531612.40753, 6422886.59511 ], [ 531649.94575, 6422835.3317 ], [ 531652.90952, 6422831.31088 ], [ 531680.55747, 6422792.11823 ], [ 531717.21289, 6422754.84891 ], [ 531737.97582, 6422728.70113 ], [ 531742.92926, 6422723.66473 ], [ 531762.67661, 6422695.52728 ], [ 531782.43226, 6422668.3888 ], [ 531791.34844, 6422659.32329 ], [ 531797.33406, 6422658.27454 ], [ 531801.3217, 6422657.24238 ], [ 531805.31764, 6422657.2092 ], [ 531808.3229, 6422658.1833 ], [ 531812.32714, 6422659.14911 ], [ 531815.33239, 6422660.12321 ], [ 531877.59314, 6422698.56937 ], [ 531889.64736, 6422706.46172 ], [ 531891.67852, 6422710.44107 ], [ 531894.68378, 6422711.41517 ], [ 531923.77054, 6422725.16042 ], [ 531963.87104, 6422741.81139 ], [ 531989.91935, 6422750.58659 ], [ 532012.95411, 6422757.38872 ], [ 532037.97854, 6422763.17526 ], [ 532052.97992, 6422765.04882 ], [ 532057.98315, 6422766.00633 ], [ 532085.97134, 6422767.77205 ], [ 532096.97678, 6422769.67878 ], [ 532109.99679, 6422773.5669 ], [ 532149.09001, 6422789.22717 ], [ 532163.1173, 6422794.10597 ], [ 532171.11748, 6422795.0386 ], [ 532179.10937, 6422794.97224 ], [ 532186.10226, 6422794.91418 ], [ 532197.09111, 6422794.82294 ], [ 532213.06658, 6422793.69124 ], [ 532232.0556, 6422794.53263 ], [ 532250.07054, 6422798.37926 ], [ 532270.08344, 6422802.20931 ], [ 532289.10566, 6422807.04664 ], [ 532314.13009, 6422812.83318 ], [ 532324.13655, 6422814.7482 ], [ 532339.12963, 6422815.62277 ], [ 532353.09883, 6422813.50867 ], [ 532393.01676, 6422808.18196 ], [ 532430.92842, 6422801.87285 ], [ 532433.92538, 6422801.84797 ], [ 532447.89458, 6422799.73387 ], [ 532487.8374, 6422797.40411 ], [ 532530.77719, 6422795.04947 ], [ 532568.72204, 6422792.73629 ], [ 532599.6574, 6422788.48321 ], [ 532629.57717, 6422782.24046 ], [ 532645.52775, 6422778.1118 ], [ 532659.48865, 6422774.99872 ], [ 532761.1694, 6422748.17903 ], [ 532784.09628, 6422741.99433 ], [ 532827.96035, 6422730.64052 ], [ 532861.85947, 6422722.36661 ], [ 532872.82342, 6422719.27841 ], [ 532902.73489, 6422712.03666 ], [ 532972.4979, 6422691.47631 ], [ 532996.41546, 6422684.28433 ], [ 533008.43648, 6422688.18073 ], [ 533016.42007, 6422687.11538 ], [ 533020.41601, 6422687.0822 ], [ 533024.42025, 6422688.048 ], [ 533026.44312, 6422691.02837 ], [ 533027.467, 6422694.01703 ], [ 533030.51375, 6422699.98605 ], [ 533032.55322, 6422704.96439 ], [ 533036.58236, 6422708.92714 ], [ 533042.62606, 6422714.87128 ], [ 533046.6552, 6422718.83404 ], [ 533054.69688, 6422724.76159 ], [ 533063.73754, 6422730.68084 ], [ 533081.68609, 6422726.53559 ], [ 533095.63039, 6422721.42453 ], [ 533094.59821, 6422717.43689 ], [ 533101.49152, 6422705.391 ], [ 533104.41379, 6422696.37525 ], [ 533103.34841, 6422688.39167 ], [ 533105.28829, 6422681.38218 ], [ 533110.10064, 6422659.36304 ], [ 533076.07703, 6422652.65219 ], [ 533077.00133, 6422643.65303 ], [ 533134.97569, 6422647.16784 ], [ 533145.94793, 6422645.07863 ], [ 533183.85128, 6422637.77051 ], [ 533181.82842, 6422634.79015 ], [ 533176.7588, 6422625.84076 ], [ 533240.60258, 6422614.32103 ], [ 533258.54283, 6422609.17679 ], [ 533289.51968, 6422609.91862 ], [ 533297.51986, 6422610.85124 ], [ 533359.32418, 6422594.35317 ], [ 533388.22836, 6422586.12072 ], [ 533431.04365, 6422568.78127 ], [ 533447.03572, 6422569.64753 ], [ 533459.46649, 6422502.60771 ], [ 533487.1839, 6422351.52046 ], [ 533499.88854, 6422317.44714 ], [ 533504.79218, 6422306.41683 ], [ 533514.53306, 6422276.36434 ], [ 533515.51545, 6422274.35808 ], [ 533518.37962, 6422258.34944 ], [ 533526.99702, 6422213.32047 ], [ 533533.64966, 6422172.30404 ], [ 533535.54804, 6422160.29964 ], [ 533551.80876, 6422073.24697 ], [ 533548.71222, 6422061.28404 ], [ 533547.68003, 6422057.2964 ], [ 533546.64785, 6422053.30876 ], [ 533546.61466, 6422049.31282 ], [ 533546.53166, 6422039.32298 ], [ 533550.39482, 6422023.30604 ], [ 533550.33673, 6422016.31315 ], [ 533550.92075, 6421966.35564 ], [ 533550.4477, 6421909.41354 ], [ 533547.41234, 6421784.5571 ], [ 533543.16742, 6421754.62076 ], [ 533543.10103, 6421746.62888 ], [ 533542.01905, 6421736.64734 ], [ 533534.51161, 6421674.76839 ], [ 533526.00518, 6421612.89774 ], [ 533524.9315, 6421603.91518 ], [ 533521.82666, 6421590.95328 ], [ 533518.73011, 6421578.99036 ], [ 533515.50078, 6421551.04369 ], [ 533511.22267, 6421517.11142 ], [ 533505.93728, 6421482.18846 ], [ 533503.71523, 6421455.23248 ], [ 533503.57414, 6421438.24975 ], [ 533502.43407, 6421421.27532 ], [ 533503.29197, 6421404.2843 ], [ 533501.16952, 6421389.31613 ], [ 533499.90496, 6421357.35695 ], [ 533499.88006, 6421354.35999 ], [ 533487.3362, 6421287.52763 ], [ 533477.89718, 6421233.65716 ], [ 533468.40837, 6421173.7928 ], [ 533468.23409, 6421152.81414 ], [ 533465.12924, 6421139.85224 ], [ 533457.96207, 6421118.93165 ], [ 533455.8894, 6421109.95739 ], [ 533451.64449, 6421080.02106 ], [ 533449.51373, 6421064.05391 ], [ 533446.38399, 6421048.09506 ], [ 533447.34978, 6421044.09083 ], [ 533454.1103, 6421016.06122 ], [ 533458.93095, 6420995.04109 ], [ 533480.18659, 6420907.94701 ], [ 533481.17728, 6420906.93974 ], [ 533481.16068, 6420904.94177 ], [ 533482.88478, 6420871.95872 ], [ 533482.84328, 6420866.9638 ], [ 533484.79146, 6420860.95331 ], [ 533492.50947, 6420827.92049 ], [ 533492.47627, 6420823.92456 ], [ 533498.2461, 6420796.90223 ], [ 533505.01492, 6420769.87161 ], [ 533507.92059, 6420758.8579 ], [ 533509.82727, 6420747.8525 ], [ 533511.76714, 6420740.84302 ], [ 533513.65722, 6420727.83964 ], [ 533515.5971, 6420720.83017 ], [ 533515.5805, 6420718.8322 ], [ 533517.52868, 6420712.82171 ], [ 533524.28089, 6420683.79312 ], [ 533525.18859, 6420672.79601 ], [ 533300.38069, 6420790.55289 ], [ 533292.42201, 6420794.61518 ], [ 533271.54292, 6420806.77719 ], [ 533227.77846, 6420830.11881 ], [ 533200.92205, 6420844.32855 ], [ 533210.8704, 6420839.25068 ], [ 533211.88599, 6420841.24035 ], [ 533240.23932, 6420886.96132 ], [ 533241.2632, 6420889.94998 ], [ 533253.40871, 6420908.83112 ], [ 533255.43987, 6420912.81046 ], [ 533258.58621, 6420930.76728 ], [ 533263.72222, 6420947.70852 ], [ 533263.73052, 6420948.7075 ], [ 533271.89668, 6420969.61979 ], [ 533284.06708, 6420991.49789 ], [ 533285.08266, 6420993.48756 ], [ 533307.3674, 6421030.26745 ], [ 533308.37468, 6421031.25814 ], [ 533309.38196, 6421032.24883 ], [ 533318.51391, 6421049.15689 ], [ 533318.52221, 6421050.15587 ], [ 533327.67906, 6421070.06089 ], [ 533337.85979, 6421092.95456 ], [ 533358.21295, 6421137.74291 ], [ 533358.22125, 6421138.74189 ], [ 533365.38012, 6421158.6635 ], [ 533373.58778, 6421184.57071 ], [ 533387.98023, 6421233.40478 ], [ 533401.51477, 6421299.22987 ], [ 533408.79814, 6421334.13623 ], [ 533408.80643, 6421335.13522 ], [ 533414.05863, 6421366.06224 ], [ 533416.28068, 6421393.01821 ], [ 533423.73832, 6421448.90324 ], [ 533429.13991, 6421497.81198 ], [ 533430.15549, 6421499.80165 ], [ 533441.79996, 6421578.63013 ], [ 533441.81655, 6421580.6281 ], [ 533441.84145, 6421583.62505 ], [ 533446.14446, 6421620.55428 ], [ 533446.15276, 6421621.55326 ], [ 533447.17664, 6421624.54192 ], [ 533447.92356, 6421714.45049 ], [ 533447.94846, 6421717.44744 ], [ 533449.07193, 6421732.42391 ], [ 533449.11343, 6421737.41883 ], [ 533450.1954, 6421747.40037 ], [ 533451.42676, 6421775.36363 ], [ 533459.16658, 6421865.21414 ], [ 533460.19876, 6421869.20178 ], [ 533460.23196, 6421873.19772 ], [ 533463.69367, 6421929.11595 ], [ 533464.72585, 6421933.10359 ], [ 533464.79224, 6421941.09547 ], [ 533464.81714, 6421944.09242 ], [ 533464.94162, 6421959.07719 ], [ 533464.96652, 6421962.07414 ], [ 533464.41569, 6422016.02759 ], [ 533464.44059, 6422019.02454 ], [ 533463.65738, 6422045.00643 ], [ 533461.96647, 6422081.98544 ], [ 533461.98307, 6422083.98341 ], [ 533461.19157, 6422108.96632 ], [ 533461.20816, 6422110.96429 ], [ 533457.48609, 6422143.96395 ], [ 533454.65512, 6422163.96853 ], [ 533454.66342, 6422164.96751 ], [ 533451.80755, 6422181.97514 ], [ 533446.1124, 6422217.98835 ], [ 533444.23892, 6422232.98971 ], [ 533442.32394, 6422242.99615 ], [ 533437.4618, 6422259.02138 ], [ 533409.25474, 6422351.16852 ], [ 533406.31588, 6422358.1863 ], [ 533404.3594, 6422363.19782 ], [ 533402.41123, 6422369.20832 ], [ 533387.77501, 6422411.2901 ], [ 533380.93149, 6422429.32989 ], [ 533378.95842, 6422432.34344 ], [ 533380.8734, 6422422.337 ], [ 533315.77336, 6422402.89651 ], [ 533308.88835, 6422415.94138 ], [ 533303.94322, 6422421.97676 ], [ 533300.00537, 6422429.00284 ], [ 533295.06024, 6422435.03822 ], [ 533290.1317, 6422443.07158 ], [ 533285.17827, 6422448.10798 ], [ 533280.21654, 6422452.14539 ], [ 533268.3283, 6422464.23275 ], [ 533266.34693, 6422466.24731 ], [ 533262.37589, 6422469.27745 ], [ 533258.40484, 6422472.30758 ], [ 533253.44311, 6422476.345 ], [ 533251.45344, 6422477.36058 ], [ 533249.46377, 6422478.37615 ], [ 533244.50203, 6422482.41357 ], [ 533238.54132, 6422486.45928 ], [ 533233.57129, 6422489.49771 ], [ 533230.57433, 6422489.52259 ], [ 533217.62902, 6422494.62536 ], [ 533212.65069, 6422496.6648 ], [ 533204.6754, 6422498.72914 ], [ 533198.70638, 6422501.77586 ], [ 533196.71671, 6422502.79144 ], [ 533194.72704, 6422503.80701 ], [ 533190.7311, 6422503.84019 ], [ 533176.7619, 6422505.9543 ], [ 533170.79288, 6422509.00102 ], [ 533162.7927, 6422508.0684 ], [ 533147.84111, 6422512.18877 ], [ 533134.8709, 6422514.29458 ], [ 533089.97465, 6422521.66076 ], [ 533079.99309, 6422522.74269 ], [ 533066.0073, 6422522.85883 ], [ 533018.03109, 6422520.26004 ], [ 533005.04428, 6422520.36788 ], [ 532965.06827, 6422518.70172 ], [ 532942.0833, 6422517.89352 ], [ 532916.10138, 6422517.11021 ], [ 532848.17037, 6422517.67427 ], [ 532806.24617, 6422522.0186 ], [ 532781.29643, 6422525.22293 ], [ 532764.33028, 6422527.36192 ], [ 532751.35176, 6422528.46874 ], [ 532743.37648, 6422530.53307 ], [ 532708.46178, 6422536.8173 ], [ 532690.50494, 6422539.96356 ], [ 532686.50899, 6422539.99674 ], [ 532676.49424, 6422537.08274 ], [ 532667.47848, 6422534.16044 ], [ 532649.45524, 6422529.31482 ], [ 532638.4581, 6422528.40708 ], [ 532631.4818, 6422530.46312 ], [ 532558.63885, 6422541.05849 ], [ 532519.72821, 6422547.3759 ], [ 532490.79082, 6422551.61238 ], [ 532486.80318, 6422552.64455 ], [ 532447.89254, 6422558.96195 ], [ 532437.91928, 6422561.04287 ], [ 532433.93164, 6422562.07503 ], [ 532387.00422, 6422565.46184 ], [ 532383.01657, 6422566.494 ], [ 532369.03907, 6422567.60911 ], [ 532358.05853, 6422568.69934 ], [ 532350.04175, 6422565.76874 ], [ 532268.89986, 6422539.46802 ], [ 532188.88144, 6422528.14378 ], [ 532140.87204, 6422521.54902 ], [ 532112.87555, 6422518.78432 ], [ 532097.89077, 6422518.90873 ], [ 532080.91632, 6422520.04872 ], [ 532033.98889, 6422523.43552 ], [ 532017.02274, 6422525.57449 ], [ 532006.0256, 6422524.66675 ], [ 531960.96337, 6422512.0532 ], [ 531936.91303, 6422503.2614 ], [ 531928.87135, 6422497.33385 ], [ 531913.82848, 6422490.46537 ], [ 531901.81576, 6422487.56795 ], [ 531890.81862, 6422486.6602 ], [ 531877.79861, 6422482.77209 ], [ 531864.74541, 6422474.88804 ], [ 531854.73896, 6422472.97301 ], [ 531830.68032, 6422463.18223 ], [ 531819.65829, 6422459.27753 ], [ 531812.65709, 6422458.33661 ], [ 531803.62473, 6422453.41633 ], [ 531791.60371, 6422449.51993 ], [ 531779.57439, 6422444.62453 ], [ 531762.48376, 6422431.77874 ], [ 531749.44716, 6422425.89266 ], [ 531735.41987, 6422421.01385 ], [ 531730.38345, 6422416.0604 ], [ 531722.34177, 6422410.13285 ], [ 531705.29263, 6422402.28197 ], [ 531699.26552, 6422398.3358 ], [ 531699.23233, 6422394.33986 ], [ 531706.21693, 6422393.28282 ], [ 531708.16511, 6422387.27232 ], [ 531712.09466, 6422379.24727 ], [ 531713.06045, 6422375.24304 ], [ 531714.04284, 6422373.23677 ], [ 531714.02624, 6422371.23881 ], [ 531715.99102, 6422367.22628 ], [ 531720.90296, 6422357.19496 ], [ 531720.88637, 6422355.19699 ], [ 531724.81592, 6422347.17194 ], [ 531727.74649, 6422339.15518 ], [ 531736.62118, 6422325.09475 ], [ 531737.62016, 6422325.08646 ], [ 531739.59324, 6422322.07291 ], [ 531743.54768, 6422317.04482 ], [ 531749.45031, 6422306.00622 ], [ 531757.34261, 6422293.95205 ], [ 531762.27115, 6422285.91871 ], [ 531779.00495, 6422255.80817 ], [ 531785.89826, 6422243.7623 ], [ 531792.79158, 6422231.71642 ], [ 531809.53367, 6422202.60487 ], [ 531829.24782, 6422170.47149 ], [ 531843.01785, 6422144.38177 ], [ 531850.86036, 6422126.3337 ], [ 531852.83344, 6422123.32016 ], [ 531853.81583, 6422121.3139 ], [ 531866.55368, 6422091.23654 ], [ 531884.20347, 6422051.12787 ], [ 531889.12371, 6422042.09554 ], [ 531889.11541, 6422041.09655 ], [ 531901.85326, 6422011.0192 ], [ 531910.68645, 6421991.96385 ], [ 531920.48544, 6421968.90427 ], [ 531933.23989, 6421940.82488 ], [ 531943.06377, 6421920.76225 ], [ 531956.8006, 6421890.67661 ], [ 531966.63278, 6421871.61296 ], [ 531970.54574, 6421861.58994 ], [ 531980.35302, 6421839.52935 ], [ 531996.99552, 6421798.42999 ], [ 532003.86394, 6421783.38717 ], [ 532003.85564, 6421782.38819 ], [ 532014.64531, 6421758.32133 ], [ 532028.34065, 6421723.24076 ], [ 532037.07426, 6421692.19761 ], [ 532039.02244, 6421686.18712 ], [ 532046.84835, 6421666.14108 ], [ 532047.81414, 6421662.13685 ], [ 532051.73539, 6421653.11281 ], [ 532058.55402, 6421632.07609 ], [ 532067.33742, 6421607.02684 ], [ 532074.15604, 6421585.99011 ], [ 532090.76535, 6421540.89483 ], [ 532091.73944, 6421537.88958 ], [ 532091.73114, 6421536.8906 ], [ 532097.59227, 6421520.85709 ], [ 532110.18904, 6421473.79702 ], [ 532115.03459, 6421455.77384 ], [ 532115.98378, 6421449.77164 ], [ 532119.80545, 6421428.7598 ], [ 532122.70282, 6421416.74711 ], [ 532124.61781, 6421406.74068 ], [ 532124.50992, 6421393.75389 ], [ 532124.47673, 6421389.75796 ], [ 532124.46843, 6421388.75897 ], [ 532129.27249, 6421365.74087 ], [ 532134.05165, 6421339.72582 ], [ 532135.98323, 6421331.71736 ], [ 532141.74477, 6421303.69605 ], [ 532146.59862, 6421286.67185 ], [ 532146.59032, 6421285.67287 ], [ 532153.34256, 6421256.64428 ], [ 532156.24823, 6421245.63057 ], [ 532161.06888, 6421224.61044 ], [ 532163.95795, 6421211.59877 ], [ 532169.76929, 6421189.57136 ], [ 532176.54642, 6421163.53973 ], [ 532178.4614, 6421153.5333 ], [ 532183.29865, 6421134.51114 ], [ 532191.04157, 6421104.47527 ], [ 532195.87052, 6421084.45413 ], [ 532201.67356, 6421061.42774 ], [ 532206.51081, 6421042.40558 ], [ 532207.4849, 6421039.40033 ], [ 532207.4766, 6421038.40135 ], [ 532211.38126, 6421027.37935 ], [ 532223.07032, 6420991.31641 ], [ 532227.92417, 6420974.29221 ], [ 532229.85575, 6420966.28376 ], [ 532232.71163, 6420949.27615 ], [ 532232.59544, 6420935.29038 ], [ 532233.51144, 6420925.29225 ], [ 532233.43675, 6420916.3014 ], [ 532232.33818, 6420904.3219 ], [ 532229.99997, 6420863.38016 ], [ 532226.92832, 6420854.4142 ], [ 532231.76557, 6420835.39204 ], [ 532235.76981, 6420836.35784 ] ] ] ] } },
{ "type": "Feature", "properties": { "VALID_GEST": "2024-01-29", "TYPE": "Classé", "IDCAUE_EPC": null }, "geometry": { "type": "MultiPolygon", "coordinates": [ [ [ [ 526774.67706, 6422368.28113 ], [ 526780.65438, 6422366.23342 ], [ 526785.62441, 6422363.19501 ], [ 526794.5655, 6422357.12649 ], [ 526825.4013, 6422340.88574 ], [ 526828.38996, 6422339.86188 ], [ 526849.31057, 6422332.69489 ], [ 526871.23017, 6422325.5196 ], [ 526872.22086, 6422324.51233 ], [ 526872.21257, 6422323.51334 ], [ 526871.20528, 6422322.52265 ], [ 526868.18344, 6422319.55057 ], [ 526866.16887, 6422317.56918 ], [ 526865.145, 6422314.58052 ], [ 526864.12942, 6422312.59084 ], [ 526865.11181, 6422310.58458 ], [ 526879.98873, 6422297.47343 ], [ 526882.96909, 6422295.45059 ], [ 526880.94623, 6422292.47022 ], [ 526874.85275, 6422280.53215 ], [ 526870.74065, 6422266.57954 ], [ 526869.70018, 6422261.59291 ], [ 526867.65243, 6422255.61558 ], [ 526866.62026, 6422251.62794 ], [ 526865.59638, 6422248.63927 ], [ 526858.50392, 6422236.7095 ], [ 526855.46548, 6422231.73945 ], [ 526848.38131, 6422220.80866 ], [ 526845.35117, 6422216.8376 ], [ 526841.30544, 6422210.87685 ], [ 526833.23889, 6422201.95232 ], [ 526826.17132, 6422193.0195 ], [ 526809.02263, 6422173.18076 ], [ 526794.86259, 6422152.31816 ], [ 526790.82517, 6422147.3564 ], [ 526786.77944, 6422141.39566 ], [ 526782.73372, 6422135.43492 ], [ 526767.5747, 6422114.58061 ], [ 526767.56641, 6422113.58163 ], [ 526763.52898, 6422108.61987 ], [ 526759.45007, 6422098.66319 ], [ 526757.41891, 6422094.68384 ], [ 526750.29326, 6422078.75813 ], [ 526744.10022, 6422054.83225 ], [ 526743.05975, 6422049.84562 ], [ 526739.97983, 6422039.88066 ], [ 526736.8999, 6422029.91569 ], [ 526735.85943, 6422024.92906 ], [ 526731.71414, 6422006.98051 ], [ 526730.67367, 6422001.99388 ], [ 526729.62491, 6421996.00827 ], [ 526727.51908, 6421983.03806 ], [ 526726.45372, 6421975.05448 ], [ 526722.18397, 6421942.12117 ], [ 526721.11032, 6421933.1386 ], [ 526719.98688, 6421918.16214 ], [ 526718.93811, 6421912.17652 ], [ 526718.88003, 6421905.18364 ], [ 526717.86445, 6421903.19396 ], [ 526717.82297, 6421898.19904 ], [ 526716.69123, 6421882.22359 ], [ 526715.61757, 6421873.24102 ], [ 526716.54189, 6421864.24188 ], [ 526716.48381, 6421857.24899 ], [ 526717.38323, 6421845.25289 ], [ 526717.35004, 6421841.25696 ], [ 526718.27435, 6421832.25781 ], [ 526721.16345, 6421819.24615 ], [ 526723.07845, 6421809.23973 ], [ 526724.99345, 6421799.23331 ], [ 526729.83903, 6421781.21015 ], [ 526733.70222, 6421765.19325 ], [ 526737.56541, 6421749.17635 ], [ 526743.39339, 6421729.14693 ], [ 526745.35817, 6421725.13441 ], [ 526753.12603, 6421698.09553 ], [ 526758.99549, 6421683.06103 ], [ 526760.90219, 6421672.05562 ], [ 526761.8431, 6421665.05445 ], [ 526766.65549, 6421643.03535 ], [ 526768.57879, 6421634.02792 ], [ 526777.31245, 6421602.98481 ], [ 526780.22644, 6421592.9701 ], [ 526763.25199, 6421594.11003 ], [ 526731.30935, 6421597.37228 ], [ 526707.3503, 6421599.56922 ], [ 526685.38922, 6421601.74958 ], [ 526641.45876, 6421605.11131 ], [ 526635.47315, 6421606.16004 ], [ 526631.4938, 6421608.19117 ], [ 526629.50413, 6421609.20673 ], [ 526606.66851, 6421626.38014 ], [ 526605.68612, 6421628.38639 ], [ 526589.81022, 6421641.50583 ], [ 526582.8837, 6421649.55573 ], [ 526579.87844, 6421648.58162 ], [ 526580.46258, 6421598.62415 ], [ 526580.97205, 6421539.67582 ], [ 526580.78122, 6421516.6992 ], [ 526580.62358, 6421497.71851 ], [ 526581.55619, 6421489.71835 ], [ 526581.48982, 6421481.72648 ], [ 526581.37366, 6421467.74071 ], [ 526581.36536, 6421466.74173 ], [ 526581.33218, 6421462.7458 ], [ 526581.30729, 6421459.74884 ], [ 526580.27511, 6421455.7612 ], [ 526580.22533, 6421449.7673 ], [ 526579.17657, 6421443.78169 ], [ 526579.077, 6421431.79389 ], [ 526578.02824, 6421425.80828 ], [ 526576.87161, 6421406.83588 ], [ 526575.83944, 6421402.84824 ], [ 526575.77306, 6421394.85637 ], [ 526575.69839, 6421385.86552 ], [ 526575.65691, 6421380.8706 ], [ 526575.53245, 6421365.88585 ], [ 526575.50756, 6421362.8889 ], [ 526574.40901, 6421350.90939 ], [ 526574.39242, 6421348.91142 ], [ 526571.21293, 6421326.95865 ], [ 526570.17246, 6421321.97203 ], [ 526570.15587, 6421319.97406 ], [ 526570.0646, 6421308.98524 ], [ 526570.03142, 6421304.98931 ], [ 526570.00652, 6421301.99236 ], [ 526568.97435, 6421298.00471 ], [ 526568.89138, 6421288.01488 ], [ 526567.85091, 6421283.02825 ], [ 526567.82602, 6421280.0313 ], [ 526567.80113, 6421277.03435 ], [ 526568.75034, 6421271.03216 ], [ 526568.72545, 6421268.03521 ], [ 526568.70055, 6421265.03826 ], [ 526571.57306, 6421250.02864 ], [ 526577.33465, 6421222.00736 ], [ 526578.26726, 6421214.0072 ], [ 526580.19056, 6421204.99977 ], [ 526578.19259, 6421205.01635 ], [ 526582.93861, 6421175.0054 ], [ 526570.9342, 6421173.10692 ], [ 526571.8834, 6421167.10473 ], [ 526574.7642, 6421153.09409 ], [ 526574.70612, 6421146.10121 ], [ 526575.55576, 6421128.11122 ], [ 526569.52037, 6421123.16605 ], [ 526564.49225, 6421119.21156 ], [ 526557.45787, 6421114.27468 ], [ 526551.43907, 6421111.32747 ], [ 526541.40774, 6421106.41546 ], [ 526535.39723, 6421104.46724 ], [ 526504.37062, 6421097.73136 ], [ 526356.22214, 6421062.99494 ], [ 526352.21791, 6421062.02912 ], [ 526349.21266, 6421061.05501 ], [ 526346.19911, 6421059.08191 ], [ 526344.18454, 6421057.10053 ], [ 526134.97674, 6420887.99912 ], [ 526125.99416, 6420889.07275 ], [ 526118.01056, 6420890.13807 ], [ 526112.03324, 6420892.1858 ], [ 526106.06421, 6420895.23251 ], [ 526095.15003, 6420904.31458 ], [ 526085.22654, 6420912.38938 ], [ 526080.26479, 6420916.42678 ], [ 526072.32268, 6420922.48703 ], [ 526055.42288, 6420932.61784 ], [ 526043.45163, 6420934.71533 ], [ 526024.29666, 6420913.89425 ], [ 526023.28108, 6420911.90458 ], [ 526022.2655, 6420909.9149 ], [ 526021.25821, 6420908.92421 ], [ 526016.2052, 6420901.9728 ], [ 526010.13662, 6420893.03171 ], [ 526008.11375, 6420890.05135 ], [ 526001.04618, 6420881.11855 ], [ 525997.99944, 6420875.14953 ], [ 525995.98487, 6420873.16815 ], [ 525985.90374, 6420862.26227 ], [ 525973.79975, 6420848.37602 ], [ 525967.76435, 6420843.43086 ], [ 525957.71641, 6420836.52091 ], [ 525923.53516, 6420810.82932 ], [ 525921.52059, 6420808.84794 ], [ 525916.40121, 6420793.90466 ], [ 525909.4249, 6420795.96068 ], [ 525905.43725, 6420796.99283 ], [ 525871.55468, 6420807.26463 ], [ 525825.8502, 6420837.6156 ], [ 525813.94532, 6420847.70495 ], [ 525790.13558, 6420867.88365 ], [ 525786.18112, 6420872.91173 ], [ 525759.46567, 6420904.10412 ], [ 525742.64054, 6420923.22578 ], [ 525732.75853, 6420936.2955 ], [ 525722.9097, 6420953.36114 ], [ 525716.03295, 6420967.40496 ], [ 525709.23086, 6420990.43962 ], [ 525702.39559, 6421009.47835 ], [ 525699.48989, 6421020.49205 ], [ 525694.636, 6421037.51623 ], [ 525692.73758, 6421049.52061 ], [ 525692.74588, 6421050.5196 ], [ 525691.83816, 6421061.51671 ], [ 525691.87134, 6421065.51264 ], [ 525691.92942, 6421072.50552 ], [ 525693.05285, 6421087.48198 ], [ 525695.26653, 6421113.43896 ], [ 525694.46666, 6421137.42285 ], [ 525694.52474, 6421144.41574 ], [ 525687.88858, 6421187.43007 ], [ 525681.10309, 6421212.46271 ], [ 525675.2668, 6421231.49315 ], [ 525668.45642, 6421253.52884 ], [ 525660.62216, 6421272.57586 ], [ 525645.92773, 6421307.66468 ], [ 525642.98055, 6421313.68346 ], [ 525641.02406, 6421318.69496 ], [ 525637.09449, 6421326.72 ], [ 525634.23857, 6421343.7276 ], [ 525629.40956, 6421363.74873 ], [ 525629.43445, 6421366.74568 ], [ 525623.72261, 6421400.76088 ], [ 525623.93832, 6421426.73445 ], [ 525625.20279, 6421458.69364 ], [ 525626.55023, 6421500.64265 ], [ 525627.56581, 6421502.63233 ], [ 525627.61559, 6421508.62623 ], [ 525631.95999, 6421550.55037 ], [ 525631.96829, 6421551.54936 ], [ 525636.30439, 6421592.47451 ], [ 525638.32725, 6421595.45488 ], [ 525663.85779, 6421662.17947 ], [ 525666.91282, 6421669.14747 ], [ 525672.06539, 6421688.0867 ], [ 525677.14329, 6421698.03507 ], [ 525697.46319, 6421738.82755 ], [ 525698.48706, 6421741.81621 ], [ 525697.56274, 6421750.81535 ], [ 525699.74324, 6421772.77641 ], [ 525708.08359, 6421814.66739 ], [ 525712.22887, 6421832.61593 ], [ 525714.28492, 6421839.59223 ], [ 525721.45206, 6421860.51284 ], [ 525726.64611, 6421884.44699 ], [ 525736.00204, 6421928.32764 ], [ 525739.14834, 6421946.28448 ], [ 525751.52612, 6421993.13721 ], [ 525756.67869, 6422012.07644 ], [ 525763.75456, 6422022.00823 ], [ 525770.9217, 6422042.92884 ], [ 525776.14064, 6422069.85994 ], [ 525776.19042, 6422075.85385 ], [ 525777.23919, 6422081.83946 ], [ 525775.38225, 6422098.83877 ], [ 525771.68498, 6422134.83537 ], [ 525767.98771, 6422170.83197 ], [ 525769.05307, 6422178.81555 ], [ 525769.16922, 6422192.80133 ], [ 525770.35903, 6422215.76967 ], [ 525772.68886, 6422255.71245 ], [ 525771.95536, 6422287.68824 ], [ 525772.02174, 6422295.68011 ], [ 525771.3795, 6422338.64473 ], [ 525771.48735, 6422351.63152 ], [ 525770.97786, 6422410.57989 ], [ 525780.3338, 6422454.46056 ], [ 525781.44893, 6422468.43805 ], [ 525778.68428, 6422496.43449 ], [ 525779.74963, 6422504.41807 ], [ 525779.0991, 6422546.38371 ], [ 525778.29094, 6422569.36864 ], [ 525778.42368, 6422585.35239 ], [ 525776.59993, 6422606.34765 ], [ 525775.81666, 6422632.32954 ], [ 525775.00849, 6422655.31448 ], [ 525774.14225, 6422671.30652 ], [ 525772.38487, 6422700.29366 ], [ 525771.53522, 6422718.28367 ], [ 525770.75194, 6422744.26556 ], [ 525767.24549, 6422803.23883 ], [ 525766.40414, 6422822.22783 ], [ 525766.47881, 6422831.21869 ], [ 525770.03993, 6422899.12476 ], [ 525770.20586, 6422919.10446 ], [ 525770.26394, 6422926.09735 ], [ 525770.03653, 6423019.01122 ], [ 525770.21076, 6423039.9899 ], [ 525769.27814, 6423047.99007 ], [ 525768.56953, 6423082.96283 ], [ 525769.8506, 6423116.92002 ], [ 525769.90868, 6423123.91292 ], [ 525769.93357, 6423126.90987 ], [ 525771.96473, 6423130.88922 ], [ 525774.99488, 6423134.86028 ], [ 525779.03231, 6423139.82204 ], [ 525783.06145, 6423143.7848 ], [ 525783.04485, 6423141.78683 ], [ 525791.91959, 6423127.72641 ], [ 525793.89267, 6423124.71287 ], [ 525813.59864, 6423091.58051 ], [ 525843.31937, 6423061.36218 ], [ 525862.21716, 6423051.21476 ], [ 525872.16555, 6423046.1369 ], [ 525875.12933, 6423042.11609 ], [ 525889.98969, 6423027.00692 ], [ 525900.82092, 6423007.93498 ], [ 525909.72055, 6422996.87151 ], [ 525926.5457, 6422977.74982 ], [ 525928.53538, 6422976.73425 ], [ 525951.32956, 6422954.56585 ], [ 525980.10937, 6422931.3487 ], [ 526028.81916, 6422901.97178 ], [ 526067.60543, 6422880.66966 ], [ 526107.399, 6422860.35824 ], [ 526118.2883, 6422848.2792 ], [ 526131.13409, 6422831.18865 ], [ 526131.12579, 6422830.18966 ], [ 526136.07095, 6422824.15429 ], [ 526150.84005, 6422798.05629 ], [ 526158.6992, 6422782.00619 ], [ 526159.60692, 6422771.00907 ], [ 526162.34669, 6422740.01567 ], [ 526160.24915, 6422728.04444 ], [ 526143.96667, 6422692.21369 ], [ 526130.74753, 6422664.34994 ], [ 526130.73923, 6422663.35095 ], [ 526105.28334, 6422605.61718 ], [ 526096.13482, 6422586.71112 ], [ 526078.78698, 6422542.89679 ], [ 526064.51078, 6422508.04844 ], [ 526052.26573, 6422477.17945 ], [ 526049.21899, 6422471.21042 ], [ 526042.168, 6422464.27558 ], [ 526003.91611, 6422429.62627 ], [ 525994.80077, 6422414.71614 ], [ 525985.56099, 6422384.82125 ], [ 525976.35439, 6422358.9223 ], [ 525970.07838, 6422325.0066 ], [ 525968.77242, 6422288.05247 ], [ 525963.54518, 6422260.12238 ], [ 525953.20685, 6422218.24798 ], [ 525950.02736, 6422196.29521 ], [ 525947.85516, 6422175.33313 ], [ 525945.71614, 6422158.36698 ], [ 525942.56155, 6422139.41116 ], [ 525942.55325, 6422138.41218 ], [ 525930.85088, 6422052.59077 ], [ 525927.45569, 6422004.66442 ], [ 525930.24523, 6421979.66494 ], [ 525930.18716, 6421972.67205 ], [ 525931.18614, 6421972.66376 ], [ 525935.72476, 6421917.67818 ], [ 525937.29131, 6421865.71443 ], [ 525938.99061, 6421829.73442 ], [ 525938.91594, 6421820.74357 ], [ 525936.67736, 6421791.78962 ], [ 525937.38597, 6421756.8169 ], [ 525945.17875, 6421732.77494 ], [ 525954.21111, 6421737.69522 ], [ 526048.15736, 6421741.91058 ], [ 526270.56793, 6421936.87759 ], [ 526272.5659, 6421936.861 ], [ 526274.57217, 6421937.8434 ], [ 526276.57014, 6421937.82681 ], [ 526280.55779, 6421936.79467 ], [ 526283.55474, 6421936.7698 ], [ 526286.56829, 6421938.7429 ], [ 526289.58184, 6421940.71599 ], [ 526290.59742, 6421942.70567 ], [ 526291.6213, 6421945.69433 ], [ 526291.72916, 6421958.68112 ], [ 526292.78622, 6421965.66572 ], [ 526293.82669, 6421970.65235 ], [ 526294.84227, 6421972.64203 ], [ 526295.85785, 6421974.6317 ], [ 526303.89951, 6421980.55928 ], [ 526312.95675, 6421988.47654 ], [ 526314.97132, 6421990.45793 ], [ 526318.00146, 6421994.429 ], [ 526320.03262, 6421998.40835 ], [ 526322.07207, 6422003.38669 ], [ 526324.10323, 6422007.36605 ], [ 526327.14167, 6422012.33609 ], [ 526333.19366, 6422019.27924 ], [ 526337.21449, 6422022.24303 ], [ 526339.23735, 6422025.2234 ], [ 526343.19181, 6422020.19532 ], [ 526346.15558, 6422016.17452 ], [ 526348.12866, 6422013.16098 ], [ 526351.09243, 6422009.14018 ], [ 526354.07279, 6422007.11734 ], [ 526358.05214, 6422005.08621 ], [ 526361.0408, 6422004.06235 ], [ 526373.99442, 6421999.95864 ], [ 526385.94906, 6421995.86322 ], [ 526387.94703, 6421995.84664 ], [ 526389.9533, 6421996.82905 ], [ 526405.02934, 6422007.69352 ], [ 526409.05017, 6422010.65731 ], [ 526428.12216, 6422021.48861 ], [ 526442.18263, 6422030.3634 ], [ 526450.23259, 6422037.28997 ], [ 526465.29204, 6422046.15647 ], [ 526472.31813, 6422050.09437 ], [ 526488.39316, 6422060.95055 ], [ 526497.43381, 6422066.86984 ], [ 526506.48275, 6422073.78812 ], [ 526511.51087, 6422077.7426 ], [ 526517.55456, 6422083.68676 ], [ 526528.60977, 6422091.58744 ], [ 526545.70039, 6422104.43329 ], [ 526564.79726, 6422118.26155 ], [ 526589.92954, 6422137.03499 ], [ 526592.95139, 6422140.00707 ], [ 526593.95867, 6422140.99776 ], [ 526601.00965, 6422147.93262 ], [ 526607.06164, 6422154.87576 ], [ 526614.11261, 6422161.81062 ], [ 526617.14276, 6422165.78168 ], [ 526622.18746, 6422171.73414 ], [ 526628.25605, 6422180.67525 ], [ 526632.30177, 6422186.63599 ], [ 526639.38594, 6422197.56678 ], [ 526644.45554, 6422206.51619 ], [ 526649.50854, 6422213.46762 ], [ 526657.59999, 6422225.38911 ], [ 526665.68314, 6422236.31161 ], [ 526669.72056, 6422241.27337 ], [ 526677.79542, 6422251.19689 ], [ 526682.84842, 6422258.14832 ], [ 526687.89313, 6422264.10078 ], [ 526706.0574, 6422285.9292 ], [ 526709.07925, 6422288.90128 ], [ 526719.16037, 6422299.8072 ], [ 526732.28823, 6422316.68215 ], [ 526741.37866, 6422328.59535 ], [ 526745.42438, 6422334.55609 ], [ 526747.44725, 6422337.53646 ], [ 526749.47011, 6422340.51684 ], [ 526763.59695, 6422357.3835 ], [ 526774.67706, 6422368.28113 ] ] ] ] } },
{ "type": "Feature", "properties": { "VALID_GEST": "2024-01-29", "TYPE": "Classé", "IDCAUE_EPC": null }, "geometry": { "type": "MultiPolygon", "coordinates": [ [ [ [ 527074.86537, 6423507.70802 ], [ 527077.85403, 6423506.68416 ], [ 527088.83458, 6423505.59398 ], [ 527096.84306, 6423507.52562 ], [ 527120.95977, 6423524.30939 ], [ 527131.016, 6423532.21836 ], [ 527136.01923, 6423533.17589 ], [ 527148.99775, 6423532.06913 ], [ 527156.94815, 6423527.00788 ], [ 527168.85301, 6423516.91854 ], [ 527184.72062, 6423502.80009 ], [ 527198.63175, 6423493.69315 ], [ 527213.55846, 6423486.5759 ], [ 527270.36789, 6423470.11956 ], [ 527291.27192, 6423460.95458 ], [ 527292.26261, 6423459.9473 ], [ 527300.21301, 6423454.88605 ], [ 527309.1541, 6423448.81752 ], [ 527316.09722, 6423442.76558 ], [ 527335.86951, 6423417.62513 ], [ 527344.76081, 6423405.56269 ], [ 527348.78165, 6423408.52649 ], [ 527375.9285, 6423429.28132 ], [ 527411.92518, 6423432.97878 ], [ 527419.92537, 6423433.91144 ], [ 527430.88932, 6423430.82328 ], [ 527443.81805, 6423423.7226 ], [ 527448.7715, 6423418.68622 ], [ 527459.69396, 6423410.60314 ], [ 527466.61219, 6423401.55424 ], [ 527471.54904, 6423394.51989 ], [ 527488.33266, 6423370.4033 ], [ 527491.31303, 6423368.38046 ], [ 527494.28509, 6423365.35863 ], [ 527504.22517, 6423359.28181 ], [ 527509.1952, 6423356.2434 ], [ 527516.16321, 6423353.18841 ], [ 527522.14883, 6423352.13967 ], [ 527528.12615, 6423350.09196 ], [ 527530.12412, 6423350.07538 ], [ 527546.10789, 6423349.94272 ], [ 527552.11011, 6423350.89196 ], [ 527558.12062, 6423352.84018 ], [ 527566.14569, 6423356.76979 ], [ 527572.1645, 6423359.717 ], [ 527582.24562, 6423370.62292 ], [ 527592.31845, 6423380.52986 ], [ 527668.86367, 6423454.82361 ], [ 527672.85961, 6423454.79045 ], [ 527700.44124, 6423407.606 ], [ 527702.31476, 6423392.60464 ], [ 527709.90008, 6423343.58804 ], [ 527710.83268, 6423335.58787 ], [ 527721.80493, 6423333.4987 ], [ 527732.76888, 6423330.41054 ], [ 527793.7651, 6423336.89767 ], [ 527809.76546, 6423338.76298 ], [ 527810.76445, 6423338.75469 ], [ 527807.80399, 6423222.88901 ], [ 527806.72203, 6423212.90746 ], [ 527789.0589, 6423131.13165 ], [ 527789.034, 6423128.13469 ], [ 527815.94024, 6423119.91895 ], [ 527867.80452, 6423109.49795 ], [ 527887.72616, 6423102.33923 ], [ 527908.63848, 6423094.17323 ], [ 527913.61681, 6423092.13381 ], [ 527935.50323, 6423080.96256 ], [ 527952.37812, 6423067.83481 ], [ 527962.30159, 6423059.76002 ], [ 527972.22507, 6423051.68522 ], [ 528008.96351, 6423024.40585 ], [ 528013.94185, 6423022.36642 ], [ 528057.61511, 6422988.03612 ], [ 528069.52826, 6422978.94576 ], [ 528074.4651, 6422971.9114 ], [ 528096.18557, 6422940.76046 ], [ 528102.1131, 6422932.71884 ], [ 528112.96089, 6422915.64489 ], [ 528138.56113, 6422870.475 ], [ 528142.4741, 6422860.45199 ], [ 528160.265, 6422837.32609 ], [ 528195.83021, 6422789.07633 ], [ 528196.8126, 6422787.07007 ], [ 528210.62415, 6422765.97531 ], [ 528217.52578, 6422754.92844 ], [ 528230.29686, 6422728.84705 ], [ 528251.93435, 6422687.70627 ], [ 528257.8038, 6422672.67175 ], [ 528262.67426, 6422657.64552 ], [ 528266.59553, 6422648.62149 ], [ 528272.46498, 6422633.58698 ], [ 528276.36965, 6422622.56498 ], [ 528286.0525, 6422585.51964 ], [ 528290.93956, 6422572.49138 ], [ 528297.7997, 6422556.44959 ], [ 528315.53252, 6422526.3308 ], [ 528318.47139, 6422519.31304 ], [ 528321.41856, 6422513.29426 ], [ 528334.16475, 6422484.21591 ], [ 528344.03014, 6422469.14823 ], [ 528352.91314, 6422456.08681 ], [ 528356.8676, 6422451.05872 ], [ 528371.69473, 6422431.95364 ], [ 528387.52914, 6422413.83925 ], [ 528408.31699, 6422390.68849 ], [ 528420.23014, 6422381.59813 ], [ 528396.213, 6422376.80221 ], [ 528388.21282, 6422375.86956 ], [ 528338.17228, 6422365.29532 ], [ 528309.1934, 6422364.53679 ], [ 528302.18391, 6422362.59687 ], [ 528306.13006, 6422356.56979 ], [ 528312.9819, 6422339.52902 ], [ 528313.88962, 6422328.5319 ], [ 528314.77244, 6422314.53783 ], [ 528316.65425, 6422300.53546 ], [ 528315.57229, 6422290.55391 ], [ 528303.39362, 6422267.67678 ], [ 528300.33028, 6422259.70978 ], [ 528299.25662, 6422250.72721 ], [ 528301.06375, 6422227.73399 ], [ 528304.04411, 6422225.71115 ], [ 528306.01719, 6422222.69761 ], [ 528302.98704, 6422218.72655 ], [ 528306.9332, 6422212.69948 ], [ 528315.8079, 6422198.63907 ], [ 528315.79961, 6422197.64009 ], [ 528320.73645, 6422190.60574 ], [ 528329.60286, 6422175.54635 ], [ 528332.56663, 6422171.52554 ], [ 528342.42372, 6422155.45888 ], [ 528344.37191, 6422149.44839 ], [ 528343.30654, 6422141.46481 ], [ 528341.24219, 6422133.48952 ], [ 528334.12483, 6422118.5628 ], [ 528320.91399, 6422091.69802 ], [ 528319.88181, 6422087.71037 ], [ 528322.71282, 6422067.70582 ], [ 528320.68166, 6422063.72646 ], [ 528315.62865, 6422056.77503 ], [ 528309.57666, 6422049.8319 ], [ 528307.57039, 6422048.84949 ], [ 528295.50789, 6422039.95814 ], [ 528295.43321, 6422030.96728 ], [ 528300.35346, 6422021.93497 ], [ 528305.25711, 6422010.90468 ], [ 528310.16907, 6422000.87338 ], [ 528309.13689, 6421996.88574 ], [ 528307.03105, 6421983.91553 ], [ 528308.87967, 6421965.91724 ], [ 528313.70035, 6421944.89711 ], [ 528317.61332, 6421934.87411 ], [ 528323.46617, 6421917.84163 ], [ 528322.37591, 6421906.86109 ], [ 528325.19862, 6421885.85756 ], [ 528326.19761, 6421885.84926 ], [ 528317.99829, 6421860.941 ], [ 528313.81151, 6421837.99754 ], [ 528310.73987, 6421829.03156 ], [ 528307.67654, 6421821.06456 ], [ 528304.6132, 6421813.09756 ], [ 528303.56443, 6421807.11195 ], [ 528300.5094, 6421800.14394 ], [ 528288.30584, 6421774.26986 ], [ 528281.16359, 6421756.34619 ], [ 528277.10127, 6421748.38749 ], [ 528275.03692, 6421740.4122 ], [ 528271.96528, 6421731.44622 ], [ 528270.88332, 6421721.46467 ], [ 528268.85216, 6421717.48532 ], [ 528266.78781, 6421709.51004 ], [ 528266.76292, 6421706.51308 ], [ 528267.65404, 6421693.518 ], [ 528268.57005, 6421683.51987 ], [ 528268.54516, 6421680.52292 ], [ 528269.51095, 6421676.51869 ], [ 528271.47574, 6421672.50618 ], [ 528277.36178, 6421659.46964 ], [ 528281.29134, 6421651.4446 ], [ 528293.12981, 6421633.36339 ], [ 528303.10307, 6421631.28251 ], [ 528317.03908, 6421625.17252 ], [ 528317.02248, 6421623.17455 ], [ 528317.78914, 6421595.19471 ], [ 528306.8003, 6421595.28592 ], [ 528298.81672, 6421596.35124 ], [ 528289.84244, 6421598.42383 ], [ 528279.90238, 6421604.50065 ], [ 528275.92303, 6421606.53179 ], [ 528230.12736, 6421625.8939 ], [ 528225.14903, 6421627.93332 ], [ 528214.18508, 6421631.02148 ], [ 528206.2015, 6421632.0868 ], [ 528111.27301, 6421629.87756 ], [ 528107.27707, 6421629.91072 ], [ 527924.42959, 6421627.43214 ], [ 527913.44075, 6421627.52334 ], [ 527904.46648, 6421629.59593 ], [ 527898.48086, 6421630.64467 ], [ 527886.49304, 6421630.74416 ], [ 527863.50808, 6421629.93588 ], [ 527857.51417, 6421629.98563 ], [ 527847.54091, 6421632.06651 ], [ 527839.58222, 6421636.12878 ], [ 527835.60288, 6421638.15991 ], [ 527828.66806, 6421645.21084 ], [ 527825.72919, 6421652.2286 ], [ 527823.7644, 6421656.24112 ], [ 527822.79031, 6421659.24636 ], [ 527821.83281, 6421664.24957 ], [ 527817.94474, 6421677.26953 ], [ 527814.07325, 6421692.28745 ], [ 527814.08985, 6421694.28541 ], [ 527800.35297, 6421724.37101 ], [ 527799.37888, 6421727.37625 ], [ 527796.44001, 6421734.39401 ], [ 527794.50841, 6421742.40247 ], [ 527791.60273, 6421753.41616 ], [ 527789.69603, 6421764.42157 ], [ 527776.00064, 6421799.50208 ], [ 527773.06176, 6421806.51984 ], [ 527771.09698, 6421810.53236 ], [ 527769.09901, 6421810.54894 ], [ 527768.12492, 6421813.55419 ], [ 527769.1322, 6421814.54488 ], [ 527764.22025, 6421824.57617 ], [ 527756.4192, 6421847.61913 ], [ 527748.61816, 6421870.66209 ], [ 527742.7653, 6421887.69457 ], [ 527740.80052, 6421891.70709 ], [ 527731.03469, 6421918.76257 ], [ 527724.20774, 6421938.80028 ], [ 527707.62326, 6421986.89247 ], [ 527701.74551, 6422000.92799 ], [ 527699.74754, 6422000.94457 ], [ 527684.06247, 6422037.04066 ], [ 527683.05519, 6422036.04997 ], [ 527675.22925, 6422056.09598 ], [ 527674.24686, 6422058.10224 ], [ 527669.32661, 6422067.13455 ], [ 527664.43125, 6422079.16381 ], [ 527655.59803, 6422098.21913 ], [ 527652.63426, 6422102.23994 ], [ 527647.70571, 6422110.27327 ], [ 527645.74093, 6422114.28579 ], [ 527628.97391, 6422140.40033 ], [ 527617.15203, 6422160.47951 ], [ 527611.24109, 6422170.51909 ], [ 527598.39533, 6422187.60961 ], [ 527578.64795, 6422215.74699 ], [ 527562.83012, 6422235.85933 ], [ 527540.01111, 6422255.03073 ], [ 527534.05868, 6422260.0754 ], [ 527532.0773, 6422262.08995 ], [ 527501.283, 6422283.32564 ], [ 527484.38322, 6422293.45643 ], [ 527500.29231, 6422284.33292 ], [ 527492.34191, 6422289.39417 ], [ 527477.42351, 6422297.51041 ], [ 527474.44314, 6422299.53325 ], [ 527473.44416, 6422299.54154 ], [ 527469.46481, 6422301.57267 ], [ 527458.55894, 6422311.65372 ], [ 527451.59094, 6422314.70871 ], [ 527432.67659, 6422322.85811 ], [ 527424.7179, 6422326.92038 ], [ 527413.76224, 6422331.00751 ], [ 527396.82927, 6422337.14237 ], [ 527384.86634, 6422340.23881 ], [ 527357.96841, 6422349.45353 ], [ 527332.02797, 6422353.66503 ], [ 527328.04033, 6422354.69718 ], [ 527328.04863, 6422355.69616 ], [ 527324.06928, 6422357.7273 ], [ 527321.08892, 6422359.75014 ], [ 527312.19761, 6422371.81257 ], [ 527306.24519, 6422376.85723 ], [ 527303.27312, 6422379.87906 ], [ 527296.32171, 6422384.93202 ], [ 527283.38468, 6422391.03371 ], [ 527273.43631, 6422396.11154 ], [ 527229.65519, 6422417.45501 ], [ 527195.80584, 6422431.72268 ], [ 527191.8182, 6422432.75483 ], [ 527172.87066, 6422436.90829 ], [ 527165.90266, 6422439.96328 ], [ 527139.97882, 6422446.17275 ], [ 527133.00251, 6422448.22875 ], [ 527118.05092, 6422452.34905 ], [ 527116.06124, 6422453.36462 ], [ 527115.06226, 6422453.37291 ], [ 527113.07258, 6422454.38847 ], [ 527109.08494, 6422455.42062 ], [ 527104.09831, 6422456.46106 ], [ 527102.10034, 6422456.47764 ], [ 527090.12081, 6422457.57612 ], [ 527069.14211, 6422457.75022 ], [ 527049.1707, 6422458.91502 ], [ 527029.18269, 6422458.08185 ], [ 527020.19182, 6422458.15647 ], [ 526990.21396, 6422457.40621 ], [ 526971.20835, 6422454.56678 ], [ 526956.19867, 6422451.69419 ], [ 526948.1902, 6422449.76254 ], [ 526927.15342, 6422442.94376 ], [ 526913.11784, 6422437.06592 ], [ 526907.11563, 6422436.11668 ], [ 526886.07056, 6422428.29891 ], [ 526877.0548, 6422425.37657 ], [ 526876.05582, 6422425.38486 ], [ 526861.02125, 6422419.51532 ], [ 526844.9877, 6422413.65406 ], [ 526833.96567, 6422409.74932 ], [ 526826.93959, 6422405.81142 ], [ 526818.91452, 6422401.88181 ], [ 526808.87488, 6422395.97081 ], [ 526798.82695, 6422389.06082 ], [ 526793.79883, 6422385.10634 ], [ 526777.69891, 6422371.25321 ], [ 526763.59695, 6422357.3835 ], [ 526749.47011, 6422340.51684 ], [ 526747.44725, 6422337.53646 ], [ 526745.42438, 6422334.55609 ], [ 526741.37866, 6422328.59535 ], [ 526732.28823, 6422316.68215 ], [ 526719.16037, 6422299.8072 ], [ 526709.07925, 6422288.90128 ], [ 526706.0574, 6422285.9292 ], [ 526687.89313, 6422264.10078 ], [ 526682.84842, 6422258.14832 ], [ 526677.79542, 6422251.19689 ], [ 526669.72056, 6422241.27337 ], [ 526665.68314, 6422236.31161 ], [ 526657.59999, 6422225.38911 ], [ 526649.50854, 6422213.46762 ], [ 526644.45554, 6422206.51619 ], [ 526639.38594, 6422197.56678 ], [ 526632.30177, 6422186.63599 ], [ 526628.25605, 6422180.67525 ], [ 526622.18746, 6422171.73414 ], [ 526617.14276, 6422165.78168 ], [ 526614.11261, 6422161.81062 ], [ 526607.06164, 6422154.87576 ], [ 526601.00965, 6422147.93262 ], [ 526593.95867, 6422140.99776 ], [ 526592.95139, 6422140.00707 ], [ 526589.92954, 6422137.03499 ], [ 526564.79726, 6422118.26155 ], [ 526545.70039, 6422104.43329 ], [ 526528.60977, 6422091.58744 ], [ 526517.55456, 6422083.68676 ], [ 526511.51087, 6422077.7426 ], [ 526506.48275, 6422073.78812 ], [ 526497.43381, 6422066.86984 ], [ 526488.39316, 6422060.95055 ], [ 526472.31813, 6422050.09437 ], [ 526465.29204, 6422046.15647 ], [ 526450.23259, 6422037.28997 ], [ 526442.18263, 6422030.3634 ], [ 526428.12216, 6422021.48861 ], [ 526409.05017, 6422010.65731 ], [ 526405.02934, 6422007.69352 ], [ 526389.9533, 6421996.82905 ], [ 526387.94703, 6421995.84664 ], [ 526385.94906, 6421995.86322 ], [ 526373.99442, 6421999.95864 ], [ 526361.0408, 6422004.06235 ], [ 526358.05214, 6422005.08621 ], [ 526354.07279, 6422007.11734 ], [ 526351.09243, 6422009.14018 ], [ 526348.12866, 6422013.16098 ], [ 526346.15558, 6422016.17452 ], [ 526343.19181, 6422020.19532 ], [ 526339.23735, 6422025.2234 ], [ 526337.21449, 6422022.24303 ], [ 526333.19366, 6422019.27924 ], [ 526327.14167, 6422012.33609 ], [ 526324.10323, 6422007.36605 ], [ 526322.07207, 6422003.38669 ], [ 526320.03262, 6421998.40835 ], [ 526318.00146, 6421994.429 ], [ 526314.97132, 6421990.45793 ], [ 526312.95675, 6421988.47654 ], [ 526303.89951, 6421980.55928 ], [ 526295.85785, 6421974.6317 ], [ 526294.84227, 6421972.64203 ], [ 526293.82669, 6421970.65235 ], [ 526292.78622, 6421965.66572 ], [ 526291.72916, 6421958.68112 ], [ 526291.6213, 6421945.69433 ], [ 526290.59742, 6421942.70567 ], [ 526289.58184, 6421940.71599 ], [ 526286.56829, 6421938.7429 ], [ 526283.55474, 6421936.7698 ], [ 526280.55779, 6421936.79467 ], [ 526276.57014, 6421937.82681 ], [ 526274.57217, 6421937.8434 ], [ 526272.5659, 6421936.861 ], [ 526270.56793, 6421936.87759 ], [ 526048.15736, 6421741.91058 ], [ 525954.21111, 6421737.69522 ], [ 525945.17875, 6421732.77494 ], [ 525937.38597, 6421756.8169 ], [ 525936.67736, 6421791.78962 ], [ 525938.91594, 6421820.74357 ], [ 525938.99061, 6421829.73442 ], [ 525937.29131, 6421865.71443 ], [ 525935.72476, 6421917.67818 ], [ 525931.18614, 6421972.66376 ], [ 525930.18716, 6421972.67205 ], [ 525930.24523, 6421979.66494 ], [ 525927.45569, 6422004.66442 ], [ 525930.85088, 6422052.59077 ], [ 525942.55325, 6422138.41218 ], [ 525942.56155, 6422139.41116 ], [ 525945.71614, 6422158.36698 ], [ 525947.85516, 6422175.33313 ], [ 525950.02736, 6422196.29521 ], [ 525953.20685, 6422218.24798 ], [ 525963.54518, 6422260.12238 ], [ 525968.77242, 6422288.05247 ], [ 525970.07838, 6422325.0066 ], [ 525976.35439, 6422358.9223 ], [ 525985.56099, 6422384.82125 ], [ 525994.80077, 6422414.71614 ], [ 526003.91611, 6422429.62627 ], [ 526042.168, 6422464.27558 ], [ 526049.21899, 6422471.21042 ], [ 526052.26573, 6422477.17945 ], [ 526064.51078, 6422508.04844 ], [ 526078.78698, 6422542.89679 ], [ 526096.13482, 6422586.71112 ], [ 526105.28334, 6422605.61718 ], [ 526130.73923, 6422663.35095 ], [ 526130.74753, 6422664.34994 ], [ 526143.96667, 6422692.21369 ], [ 526160.24915, 6422728.04444 ], [ 526162.34669, 6422740.01567 ], [ 526159.60692, 6422771.00907 ], [ 526158.6992, 6422782.00619 ], [ 526150.84005, 6422798.05629 ], [ 526136.07095, 6422824.15429 ], [ 526131.12579, 6422830.18966 ], [ 526131.13409, 6422831.18865 ], [ 526118.2883, 6422848.2792 ], [ 526107.399, 6422860.35824 ], [ 526067.60543, 6422880.66966 ], [ 526028.81916, 6422901.97178 ], [ 525980.10937, 6422931.3487 ], [ 525951.32956, 6422954.56585 ], [ 525928.53538, 6422976.73425 ], [ 525926.5457, 6422977.74982 ], [ 525909.72055, 6422996.87151 ], [ 525900.82092, 6423007.93498 ], [ 525889.98969, 6423027.00692 ], [ 525875.12933, 6423042.11609 ], [ 525872.16555, 6423046.1369 ], [ 525862.21716, 6423051.21476 ], [ 525843.31937, 6423061.36218 ], [ 525813.59864, 6423091.58051 ], [ 525793.89267, 6423124.71287 ], [ 525791.91959, 6423127.72641 ], [ 525783.04485, 6423141.78683 ], [ 525783.06145, 6423143.7848 ], [ 525786.0833, 6423146.75688 ], [ 525788.09787, 6423148.73826 ], [ 525790.12073, 6423151.71863 ], [ 525798.1956, 6423161.64214 ], [ 525822.42019, 6423191.41265 ], [ 525839.5938, 6423214.24832 ], [ 525858.79028, 6423240.06436 ], [ 525860.81314, 6423243.04473 ], [ 525865.92423, 6423256.98905 ], [ 525868.03006, 6423269.95927 ], [ 525871.3257, 6423305.89785 ], [ 525873.59747, 6423338.84777 ], [ 525875.63692, 6423343.82611 ], [ 525881.91293, 6423377.74184 ], [ 525906.55236, 6423457.46161 ], [ 525909.64059, 6423468.42556 ], [ 525940.46477, 6423571.07224 ], [ 525941.58821, 6423586.04872 ], [ 525940.62241, 6423590.05295 ], [ 525940.6473, 6423593.04991 ], [ 525949.62159, 6423590.9773 ], [ 525962.52547, 6423580.87964 ], [ 525970.46759, 6423574.81938 ], [ 525980.42428, 6423570.74051 ], [ 525991.37166, 6423565.65436 ], [ 526014.34008, 6423564.46463 ], [ 526025.35384, 6423567.37036 ], [ 526038.37386, 6423571.25849 ], [ 526054.38256, 6423574.12276 ], [ 526059.3775, 6423574.08129 ], [ 526065.33824, 6423570.03559 ], [ 526068.28542, 6423564.0168 ], [ 526069.25122, 6423560.01257 ], [ 526070.21702, 6423556.00833 ], [ 526069.09358, 6423541.03185 ], [ 526073.03975, 6423535.00476 ], [ 526091.90437, 6423520.8614 ], [ 526108.76271, 6423505.73564 ], [ 526115.69755, 6423498.68469 ], [ 526139.44924, 6423471.51306 ], [ 526141.43062, 6423469.4985 ], [ 526140.29889, 6423453.52303 ], [ 526137.27703, 6423450.55096 ], [ 526125.20621, 6423440.66062 ], [ 526148.11656, 6423432.478 ], [ 526161.04532, 6423425.37729 ], [ 526162.01942, 6423422.37204 ], [ 526179.11836, 6423436.21685 ], [ 526203.20192, 6423449.00461 ], [ 526207.23106, 6423452.96738 ], [ 526207.26425, 6423456.96332 ], [ 526206.30674, 6423461.96654 ], [ 526202.46843, 6423480.98043 ], [ 526218.50201, 6423486.84165 ], [ 526284.65092, 6423512.2679 ], [ 526274.86846, 6423537.32546 ], [ 526258.25902, 6423582.42078 ], [ 526266.29241, 6423587.34936 ], [ 526275.32478, 6423592.26964 ], [ 526303.32962, 6423596.03337 ], [ 526314.31849, 6423595.94214 ], [ 526328.0637, 6423566.85549 ], [ 526330.01189, 6423560.845 ], [ 526333.90827, 6423548.82401 ], [ 526334.87407, 6423544.81978 ], [ 526367.94846, 6423557.53301 ], [ 526440.09946, 6423583.90871 ], [ 526457.14029, 6423590.76067 ], [ 526434.64484, 6423648.89249 ], [ 526427.7349, 6423658.94037 ], [ 526420.80838, 6423666.99029 ], [ 526403.05065, 6423694.11211 ], [ 526476.61548, 6423770.42878 ], [ 526456.76851, 6423786.57835 ], [ 526470.73772, 6423784.46432 ], [ 526480.69439, 6423780.38547 ], [ 526521.43709, 6423754.07196 ], [ 526530.38648, 6423749.00242 ], [ 526559.25751, 6423736.77417 ], [ 526567.22451, 6423733.7109 ], [ 526576.19879, 6423731.63831 ], [ 526587.16274, 6423728.55016 ], [ 526600.12467, 6423725.44543 ], [ 526613.11148, 6423725.33766 ], [ 526617.11572, 6423726.30348 ], [ 526628.14605, 6423731.20721 ], [ 526632.17518, 6423735.16999 ], [ 526641.25732, 6423746.08422 ], [ 526645.30305, 6423752.04497 ], [ 526649.45663, 6423770.99252 ], [ 526657.54808, 6423782.91402 ], [ 526669.61059, 6423791.80541 ], [ 526680.62432, 6423794.71117 ], [ 526694.61013, 6423794.5951 ], [ 526698.61437, 6423795.56093 ], [ 526746.5408, 6423792.16603 ], [ 526758.50374, 6423789.06959 ], [ 526770.43349, 6423781.9772 ], [ 526777.33513, 6423770.93033 ], [ 526803.97587, 6423730.74708 ], [ 526825.68806, 6423698.59716 ], [ 526832.61458, 6423690.54724 ], [ 526836.58563, 6423687.51713 ], [ 526833.48081, 6423674.55519 ], [ 526832.42375, 6423667.57058 ], [ 526829.31893, 6423654.60865 ], [ 526846.31829, 6423656.46568 ], [ 526859.28021, 6423653.36095 ], [ 526862.26887, 6423652.33709 ], [ 526863.26786, 6423652.3288 ], [ 526883.19779, 6423646.16908 ], [ 526890.19069, 6423646.11104 ], [ 526897.20019, 6423648.05098 ], [ 526920.25154, 6423656.85116 ], [ 526938.35774, 6423671.68671 ], [ 526946.35792, 6423672.61937 ], [ 526954.35811, 6423673.55203 ], [ 526963.34068, 6423672.47843 ], [ 526973.30565, 6423669.39857 ], [ 526983.23743, 6423662.32276 ], [ 526987.18359, 6423656.29569 ], [ 526985.98548, 6423632.32834 ], [ 526983.89624, 6423621.35608 ], [ 526982.81428, 6423611.37452 ], [ 526982.78109, 6423607.37858 ], [ 526981.74062, 6423602.39194 ], [ 526982.69812, 6423597.38873 ], [ 526982.66493, 6423593.39279 ], [ 526982.64834, 6423591.39482 ], [ 526987.552, 6423580.36453 ], [ 526990.49918, 6423574.34574 ], [ 526993.45465, 6423569.32595 ], [ 526997.41741, 6423565.29684 ], [ 527002.36255, 6423559.26148 ], [ 527012.29433, 6423552.18568 ], [ 527059.95525, 6423516.82324 ], [ 527067.91395, 6423512.76098 ], [ 527074.86537, 6423507.70802 ] ] ] ] } },
{ "type": "Feature", "properties": { "VALID_GEST": "2024-01-29", "TYPE": "Inscrit", "IDCAUE_EPC": 21 }, "geometry": { "type": "MultiPolygon", "coordinates": [ [ [ [ 533104.57307, 6400342.69128 ], [ 533163.56259, 6400348.19537 ], [ 533200.55799, 6400351.88413 ], [ 533252.53807, 6400355.44837 ], [ 533263.53513, 6400356.35603 ], [ 533268.53003, 6400356.31452 ], [ 533270.51139, 6400354.29997 ], [ 533273.49173, 6400352.27711 ], [ 533276.47207, 6400350.25426 ], [ 533279.41922, 6400344.2355 ], [ 533281.3259, 6400333.23017 ], [ 533285.10607, 6400307.2236 ], [ 533285.08947, 6400305.22565 ], [ 533288.88624, 6400281.21704 ], [ 533294.49012, 6400234.21539 ], [ 533302.00897, 6400177.20738 ], [ 533302.93327, 6400168.2083 ], [ 533302.90008, 6400164.2124 ], [ 533302.84199, 6400157.21957 ], [ 533304.39187, 6400103.2583 ], [ 533304.33378, 6400096.26547 ], [ 533302.31923, 6400094.28413 ], [ 533301.29536, 6400091.2955 ], [ 533299.18953, 6400078.32543 ], [ 533293.92081, 6400045.40075 ], [ 533288.71018, 6400019.4689 ], [ 533285.54729, 6399999.5143 ], [ 533283.45806, 6399988.54218 ], [ 533282.40929, 6399982.55663 ], [ 533279.37087, 6399977.58665 ], [ 533277.33972, 6399973.60736 ], [ 533264.32811, 6399970.71835 ], [ 533254.31343, 6399967.80444 ], [ 533229.28089, 6399961.01915 ], [ 533220.27349, 6399959.09591 ], [ 533208.26086, 6399956.1986 ], [ 533197.2472, 6399953.29299 ], [ 533194.24197, 6399952.31892 ], [ 533180.23968, 6399950.43719 ], [ 533171.24058, 6399949.51293 ], [ 533166.24568, 6399949.55444 ], [ 533161.2425, 6399948.59697 ], [ 533155.24863, 6399948.64678 ], [ 533149.24646, 6399947.69761 ], [ 533144.25157, 6399947.73912 ], [ 533140.25565, 6399947.77232 ], [ 533133.25451, 6399946.83146 ], [ 533128.25962, 6399946.87296 ], [ 533120.25949, 6399945.9404 ], [ 533109.24584, 6399943.03479 ], [ 533090.21546, 6399937.19867 ], [ 533082.19045, 6399933.26918 ], [ 533079.19351, 6399933.29408 ], [ 533068.18816, 6399931.38745 ], [ 533063.23475, 6399936.42383 ], [ 533061.35296, 6399950.42608 ], [ 533060.48675, 6399966.41798 ], [ 533059.59564, 6399979.41296 ], [ 533058.8207, 6400006.39359 ], [ 533057.97937, 6400025.38242 ], [ 533057.99597, 6400027.38037 ], [ 533058.2366, 6400056.35064 ], [ 533058.28638, 6400062.34449 ], [ 533058.30298, 6400064.34244 ], [ 533058.33617, 6400068.33834 ], [ 533057.46995, 6400084.33025 ], [ 533056.54565, 6400093.32933 ], [ 533056.57055, 6400096.32625 ], [ 533056.60374, 6400100.32215 ], [ 533054.74684, 6400117.32133 ], [ 533054.81322, 6400125.31313 ], [ 533053.88892, 6400134.31221 ], [ 533048.26844, 6400179.3159 ], [ 533048.27674, 6400180.31488 ], [ 533047.31925, 6400185.31805 ], [ 533046.39495, 6400194.31713 ], [ 533045.43746, 6400199.32031 ], [ 533044.52976, 6400210.31734 ], [ 533043.68013, 6400228.30719 ], [ 533042.79732, 6400242.30115 ], [ 533041.87302, 6400251.30022 ], [ 533040.95702, 6400261.29828 ], [ 533041.0151, 6400268.2911 ], [ 533037.36769, 6400310.28127 ], [ 533037.47556, 6400323.26795 ], [ 533037.51704, 6400328.26283 ], [ 533036.59274, 6400337.2619 ], [ 533070.58291, 6400339.97659 ], [ 533085.58418, 6400341.85003 ], [ 533104.57307, 6400342.69128 ] ] ] ] } },
{ "type": "Feature", "properties": { "VALID_GEST": "2024-01-29", "TYPE": "Inscrit", "IDCAUE_EPC": 21 }, "geometry": { "type": "MultiPolygon", "coordinates": [ [ [ [ 531107.27854, 6408138.83283 ], [ 531111.29106, 6408140.79759 ], [ 531117.31813, 6408144.74372 ], [ 531123.3452, 6408148.68984 ], [ 531132.3858, 6408154.60903 ], [ 531145.43062, 6408161.49401 ], [ 531162.49626, 6408171.34273 ], [ 531163.49524, 6408171.33443 ], [ 531179.5453, 6408179.19349 ], [ 531194.59638, 6408187.06086 ], [ 531213.68487, 6408199.88991 ], [ 531217.69738, 6408201.85468 ], [ 531229.72664, 6408206.75 ], [ 531238.73406, 6408208.67328 ], [ 531245.73522, 6408209.61418 ], [ 531259.73755, 6408211.49599 ], [ 531263.72518, 6408210.46383 ], [ 531270.70146, 6408208.4078 ], [ 531290.61472, 6408200.25007 ], [ 531296.57543, 6408196.20438 ], [ 531299.54749, 6408193.18257 ], [ 531287.41869, 6408176.29954 ], [ 531272.21, 6408149.45164 ], [ 531260.05631, 6408129.57168 ], [ 531253.97118, 6408118.63273 ], [ 531247.89434, 6408108.69275 ], [ 531246.87877, 6408106.70309 ], [ 531245.83001, 6408100.71753 ], [ 531250.6839, 6408083.69347 ], [ 531251.67458, 6408082.68619 ], [ 531250.6756, 6408082.69449 ], [ 531245.68899, 6408083.73495 ], [ 531233.70122, 6408083.8345 ], [ 531233.70122, 6408083.8345 ], [ 531224.71038, 6408083.90917 ], [ 531212.72261, 6408084.00873 ], [ 531214.6625, 6408076.99931 ], [ 531214.62103, 6408072.00443 ], [ 531215.62001, 6408071.99613 ], [ 531218.43446, 6408049.99378 ], [ 531224.29562, 6408033.96039 ], [ 531217.30275, 6408034.01847 ], [ 531200.32007, 6408034.1595 ], [ 531199.23813, 6408024.17804 ], [ 531199.23813, 6408024.17804 ], [ 531198.21427, 6408021.18941 ], [ 531201.07848, 6408005.18091 ], [ 531205.95726, 6407991.15377 ], [ 531214.80707, 6407974.09652 ], [ 531219.70243, 6407962.06733 ], [ 531213.65877, 6407956.12326 ], [ 531205.66692, 6407956.18963 ], [ 531177.68715, 6407955.42295 ], [ 531160.68788, 6407953.56604 ], [ 531160.60492, 6407943.57629 ], [ 531158.61526, 6407944.59185 ], [ 531155.469, 6407926.63518 ], [ 531161.45459, 6407925.58643 ], [ 531161.42141, 6407921.59053 ], [ 531160.41413, 6407920.59985 ], [ 531160.41413, 6407920.59985 ], [ 531158.33322, 6407910.62669 ], [ 531158.30833, 6407907.62976 ], [ 531157.28446, 6407904.64113 ], [ 531157.27617, 6407903.64215 ], [ 531154.27922, 6407903.66704 ], [ 531131.34413, 6407908.85274 ], [ 531128.1564, 6407885.90119 ], [ 531126.08378, 6407876.927 ], [ 531136.03211, 6407871.84916 ], [ 531141.01043, 6407869.80973 ], [ 531148.97739, 6407866.74643 ], [ 531172.86169, 6407855.55859 ], [ 531173.83579, 6407852.55337 ], [ 531174.80159, 6407848.54917 ], [ 531173.80261, 6407848.55746 ], [ 531147.79591, 6407844.77727 ], [ 531116.72795, 6407833.04675 ], [ 531118.65126, 6407824.03938 ], [ 531118.64296, 6407823.04041 ], [ 531120.59115, 6407817.02996 ], [ 531121.54036, 6407811.02781 ], [ 531117.52785, 6407809.06305 ], [ 531108.49554, 6407804.14284 ], [ 531107.49656, 6407804.15113 ], [ 531099.5213, 6407806.21545 ], [ 531096.43311, 6407795.25161 ], [ 531095.40094, 6407791.26401 ], [ 531094.39367, 6407790.27333 ], [ 531094.38537, 6407789.27435 ], [ 531093.3781, 6407788.28368 ], [ 531092.37082, 6407787.293 ], [ 531091.38013, 6407788.30027 ], [ 531084.39556, 6407789.35732 ], [ 531084.38727, 6407788.35834 ], [ 531082.34783, 6407783.38006 ], [ 531082.34783, 6407783.38006 ], [ 531079.25963, 6407772.41622 ], [ 531076.17974, 6407762.45135 ], [ 531075.14758, 6407758.46375 ], [ 531074.14859, 6407758.47205 ], [ 531074.14859, 6407758.47205 ], [ 531073.15791, 6407759.47932 ], [ 531061.29456, 6407774.56351 ], [ 531056.33284, 6407778.60089 ], [ 531051.37111, 6407782.63827 ], [ 531048.39076, 6407784.66111 ], [ 531047.39178, 6407784.66941 ], [ 531047.39178, 6407784.66941 ], [ 531023.44941, 6407788.86442 ], [ 531019.47008, 6407790.89556 ], [ 531016.48143, 6407791.91942 ], [ 531014.50006, 6407793.93397 ], [ 531013.50937, 6407794.94124 ], [ 531011.5363, 6407797.95476 ], [ 531011.57777, 6407802.94963 ], [ 531010.57879, 6407802.95793 ], [ 531009.6047, 6407805.96315 ], [ 531008.61401, 6407806.97042 ], [ 531009.73742, 6407821.94676 ], [ 531010.7364, 6407821.93846 ], [ 531010.75299, 6407823.93641 ], [ 531010.75299, 6407823.93641 ], [ 531012.82561, 6407832.9106 ], [ 531012.87538, 6407838.90445 ], [ 531009.88673, 6407839.92832 ], [ 531009.90333, 6407841.92627 ], [ 531009.91992, 6407843.92422 ], [ 531009.9448, 6407846.92114 ], [ 531004.9416, 6407845.96365 ], [ 531004.05046, 6407858.95863 ], [ 530995.16747, 6407872.01997 ], [ 530993.21098, 6407877.03144 ], [ 530976.45227, 6407904.14482 ], [ 530972.49782, 6407909.17288 ], [ 530961.5671, 6407916.25697 ], [ 530971.63986, 6407926.16376 ], [ 530972.63884, 6407926.15546 ], [ 530973.64612, 6407927.14614 ], [ 530956.06263, 6407975.2463 ], [ 530956.06263, 6407975.2463 ], [ 530951.19215, 6407990.27241 ], [ 530951.19215, 6407990.27241 ], [ 530943.3828, 6408012.31624 ], [ 530956.44421, 6408021.19917 ], [ 530964.48583, 6408027.12665 ], [ 530969.57199, 6408038.0739 ], [ 530982.75783, 6408061.94146 ], [ 530992.80571, 6408068.85133 ], [ 530994.81197, 6408069.83371 ], [ 531003.87746, 6408078.74983 ], [ 531009.92941, 6408085.69288 ], [ 531015.98966, 6408093.63491 ], [ 531021.04264, 6408100.58625 ], [ 531024.08106, 6408105.55624 ], [ 531027.10289, 6408108.52828 ], [ 531029.10914, 6408109.51066 ], [ 531030.10812, 6408109.50237 ], [ 531032.12268, 6408111.48373 ], [ 531040.156, 6408116.41224 ], [ 531045.1675, 6408118.36871 ], [ 531070.22499, 6408128.15106 ], [ 531079.2407, 6408131.07332 ], [ 531091.26166, 6408134.96966 ], [ 531107.27854, 6408138.83283 ] ] ] ] } },
{ "type": "Feature", "properties": { "VALID_GEST": "2024-01-29", "TYPE": "Inscrit", "IDCAUE_EPC": 21 }, "geometry": { "type": "MultiPolygon", "coordinates": [ [ [ [ 535910.19, 6419501.08543 ], [ 535909.18272, 6419500.09475 ], [ 535908.18373, 6419500.10304 ], [ 535907.19304, 6419501.11032 ], [ 535906.19406, 6419501.11861 ], [ 535905.19507, 6419501.12691 ], [ 535905.19507, 6419501.12691 ], [ 535908.19203, 6419501.10202 ], [ 535911.18899, 6419501.07714 ], [ 535910.19, 6419501.08543 ] ] ] ] } },
{ "type": "Feature", "properties": { "VALID_GEST": "2024-01-29", "TYPE": "Inscrit", "IDCAUE_EPC": 21 }, "geometry": { "type": "MultiPolygon", "coordinates": [ [ [ [ 524048.5328, 6414702.21875 ], [ 524050.58883, 6414709.19502 ], [ 524054.61795, 6414713.15777 ], [ 524079.58425, 6414711.95149 ], [ 524079.64232, 6414718.94434 ], [ 524081.73154, 6414729.91652 ], [ 524083.72951, 6414729.89994 ], [ 524086.75134, 6414732.872 ], [ 524096.59186, 6414714.80747 ], [ 524103.50178, 6414704.75964 ], [ 524097.4664, 6414699.8145 ], [ 524086.37803, 6414687.91796 ], [ 524081.34164, 6414682.96453 ], [ 524076.30524, 6414678.0111 ], [ 524072.27612, 6414674.04835 ], [ 524069.26258, 6414672.07527 ], [ 524068.19723, 6414664.09173 ], [ 524068.15575, 6414659.09684 ], [ 524067.11529, 6414654.11024 ], [ 524067.04063, 6414645.11943 ], [ 524056.01862, 6414641.21473 ], [ 524055.97714, 6414636.21983 ], [ 524055.95226, 6414633.2229 ], [ 524052.94701, 6414632.24879 ], [ 524052.94701, 6414632.24879 ], [ 524045.94583, 6414631.30786 ], [ 524044.97173, 6414634.31309 ], [ 524043.98934, 6414636.31933 ], [ 524041.04216, 6414642.33808 ], [ 524036.12191, 6414651.37035 ], [ 524009.11617, 6414647.59831 ], [ 524008.20014, 6414657.59639 ], [ 524008.21673, 6414659.59434 ], [ 524007.309, 6414670.5914 ], [ 524006.45105, 6414687.58233 ], [ 524006.45934, 6414688.5813 ], [ 524005.46865, 6414689.58857 ], [ 524005.51013, 6414694.58347 ], [ 524004.55263, 6414699.58665 ], [ 524013.55178, 6414700.511 ], [ 524013.60155, 6414706.50488 ], [ 524012.61086, 6414707.51215 ], [ 524018.59647, 6414706.46342 ], [ 524025.58106, 6414705.4064 ], [ 524026.58004, 6414705.39811 ], [ 524029.57699, 6414705.37323 ], [ 524048.5328, 6414702.21875 ] ] ] ] } },
{ "type": "Feature", "properties": { "VALID_GEST": "2024-01-29", "TYPE": "Inscrit", "IDCAUE_EPC": 21 }, "geometry": { "type": "MultiPolygon", "coordinates": [ [ [ [ 522306.77145, 6421390.32783 ], [ 522317.73542, 6421387.23969 ], [ 522328.69939, 6421384.15154 ], [ 522338.66437, 6421381.07168 ], [ 522354.60668, 6421375.94412 ], [ 522363.57268, 6421372.87255 ], [ 522370.5407, 6421369.81757 ], [ 522379.4984, 6421365.74702 ], [ 522389.45509, 6421361.66818 ], [ 522397.43039, 6421359.60389 ], [ 522405.3974, 6421356.54062 ], [ 522418.35105, 6421352.43691 ], [ 522432.30368, 6421348.32491 ], [ 522449.23669, 6421342.19007 ], [ 522463.18103, 6421337.07908 ], [ 522482.1203, 6421331.92664 ], [ 522499.0533, 6421325.7918 ], [ 522506.02962, 6421323.7358 ], [ 522522.96262, 6421317.60096 ], [ 522565.75315, 6421297.2648 ], [ 522603.57362, 6421279.96703 ], [ 522618.50036, 6421272.84979 ], [ 522622.47971, 6421270.81866 ], [ 522634.42608, 6421265.72425 ], [ 522651.34249, 6421257.59144 ], [ 522656.31254, 6421254.55304 ], [ 522656.31254, 6421254.55304 ], [ 522658.30222, 6421253.53748 ], [ 522661.29088, 6421252.51362 ], [ 522664.26296, 6421249.4918 ], [ 522667.23503, 6421246.46998 ], [ 522673.17089, 6421239.42735 ], [ 522682.07881, 6421229.3629 ], [ 522688.02296, 6421223.31925 ], [ 522690.01264, 6421222.30369 ], [ 522700.06057, 6421229.21366 ], [ 522705.08039, 6421232.16916 ], [ 522711.11579, 6421237.11433 ], [ 522720.18132, 6421246.03057 ], [ 522722.18759, 6421247.01297 ], [ 522729.23857, 6421253.94782 ], [ 522732.26041, 6421256.9199 ], [ 522737.29682, 6421261.87336 ], [ 522752.40605, 6421276.73375 ], [ 522760.4643, 6421284.65929 ], [ 522772.55998, 6421297.54659 ], [ 522785.66294, 6421311.42458 ], [ 522799.76488, 6421325.29427 ], [ 522805.81687, 6421332.23741 ], [ 522805.81687, 6421332.23741 ], [ 522816.89697, 6421343.13503 ], [ 522819.91882, 6421346.10711 ], [ 522821.94168, 6421349.08748 ], [ 522823.94794, 6421350.06988 ], [ 522825.95421, 6421351.05228 ], [ 522828.95947, 6421352.02639 ], [ 522829.95846, 6421352.0181 ], [ 522830.95744, 6421352.00981 ], [ 522834.95339, 6421351.97665 ], [ 522838.95763, 6421352.94247 ], [ 522851.92787, 6421350.83672 ], [ 522860.91045, 6421349.76312 ], [ 522872.87341, 6421346.66668 ], [ 522891.81268, 6421341.51424 ], [ 522901.78596, 6421339.43336 ], [ 522905.7819, 6421339.4002 ], [ 522909.77785, 6421339.36703 ], [ 522914.77278, 6421339.32558 ], [ 522919.77601, 6421340.28311 ], [ 522924.78753, 6421342.23962 ], [ 522939.8304, 6421349.10814 ], [ 522945.84921, 6421352.05535 ], [ 522953.86599, 6421354.98597 ], [ 522956.50625, 6421312.00481 ], [ 522922.53241, 6421311.28771 ], [ 522925.38005, 6421293.28114 ], [ 522926.2712, 6421280.28606 ], [ 522926.26291, 6421279.28708 ], [ 522926.22143, 6421274.29216 ], [ 522926.08871, 6421258.30843 ], [ 522923.452, 6421181.40329 ], [ 522876.50793, 6421182.79194 ], [ 522860.34164, 6421160.94696 ], [ 522851.25952, 6421150.03276 ], [ 522840.15453, 6421136.13819 ], [ 522831.06411, 6421124.22501 ], [ 522828.04227, 6421121.25293 ], [ 522814.91442, 6421104.378 ], [ 522806.9723, 6421110.43822 ], [ 522769.26796, 6421141.72176 ], [ 522752.39302, 6421154.84948 ], [ 522746.44058, 6421159.89415 ], [ 522739.42279, 6421156.95523 ], [ 522710.31116, 6421140.21295 ], [ 522712.28425, 6421137.19941 ], [ 522686.17787, 6421121.43124 ], [ 522673.35695, 6421141.51869 ], [ 522670.40976, 6421147.53746 ], [ 522673.41502, 6421148.51157 ], [ 522670.45953, 6421153.53136 ], [ 522654.78267, 6421190.62639 ], [ 522653.78368, 6421190.63468 ], [ 522651.76082, 6421187.65432 ], [ 522650.76183, 6421187.66261 ], [ 522650.76183, 6421187.66261 ], [ 522643.71916, 6421181.72674 ], [ 522641.71289, 6421180.74434 ], [ 522639.69832, 6421178.76295 ], [ 522637.68376, 6421176.78157 ], [ 522635.6692, 6421174.80018 ], [ 522632.63906, 6421170.82912 ], [ 522630.62449, 6421168.84774 ], [ 522629.60062, 6421165.85908 ], [ 522627.56117, 6421160.88074 ], [ 522627.5197, 6421155.88582 ], [ 522626.50412, 6421153.89615 ], [ 522626.41288, 6421142.90733 ], [ 522626.37969, 6421138.9114 ], [ 522626.3714, 6421137.91241 ], [ 522626.33822, 6421133.91648 ], [ 522626.10596, 6421105.94495 ], [ 522625.96494, 6421088.96223 ], [ 522625.88199, 6421078.9724 ], [ 522625.87369, 6421077.97342 ], [ 522626.80632, 6421069.97326 ], [ 522626.80632, 6421069.97326 ], [ 522626.70678, 6421057.98546 ], [ 522627.45691, 6421028.00767 ], [ 522627.33248, 6421013.02292 ], [ 522629.18944, 6420996.02362 ], [ 522630.01423, 6420975.03669 ], [ 522630.83072, 6420953.05076 ], [ 522628.83275, 6420953.06735 ], [ 522628.67514, 6420934.08667 ], [ 522628.67514, 6420934.08667 ], [ 522624.84038, 6420833.21424 ], [ 522635.53061, 6420797.15965 ], [ 522635.53061, 6420797.15965 ], [ 522653.01466, 6420737.07143 ], [ 522669.51631, 6420678.98948 ], [ 522680.38903, 6420664.91252 ], [ 522682.36211, 6420661.89899 ], [ 522688.29797, 6420654.85636 ], [ 522696.2235, 6420646.79817 ], [ 522686.2834, 6420652.87498 ], [ 522678.34128, 6420658.9352 ], [ 522668.40119, 6420665.01201 ], [ 522658.46939, 6420672.08779 ], [ 522651.51796, 6420677.14074 ], [ 522643.56755, 6420682.20198 ], [ 522642.57686, 6420683.20926 ], [ 522633.63575, 6420689.27777 ], [ 522627.67501, 6420693.32345 ], [ 522620.71529, 6420697.37741 ], [ 522612.76487, 6420702.43865 ], [ 522605.81344, 6420707.4916 ], [ 522597.87132, 6420713.55183 ], [ 522593.89197, 6420715.58296 ], [ 522583.96846, 6420723.65773 ], [ 522572.05528, 6420732.74806 ], [ 522562.13178, 6420740.82283 ], [ 522552.19998, 6420747.89862 ], [ 522538.31371, 6420760.00249 ], [ 522524.41915, 6420771.10737 ], [ 522515.48633, 6420778.17486 ], [ 522515.49463, 6420779.17385 ], [ 522510.53288, 6420783.21123 ], [ 522495.64762, 6420795.32339 ], [ 522482.74375, 6420805.421 ], [ 522469.83987, 6420815.51861 ], [ 522463.89572, 6420821.56225 ], [ 522453.97222, 6420829.63702 ], [ 522451.98254, 6420830.65258 ], [ 522451.98254, 6420830.65258 ], [ 522439.05378, 6420837.75324 ], [ 522432.10235, 6420842.80619 ], [ 522432.11065, 6420843.80517 ], [ 522400.31728, 6420865.04911 ], [ 522388.3958, 6420873.14047 ], [ 522369.5063, 6420884.2868 ], [ 522359.55791, 6420889.36462 ], [ 522358.56722, 6420890.37189 ], [ 522348.61883, 6420895.44971 ], [ 522326.75725, 6420909.61787 ], [ 522313.82849, 6420916.71853 ], [ 522311.83882, 6420917.73409 ], [ 522307.85117, 6420918.76624 ], [ 522302.85623, 6420918.80769 ], [ 522299.85927, 6420918.83256 ], [ 522229.4704, 6420984.35509 ], [ 522213.61104, 6420999.47248 ], [ 522212.62035, 6421000.47975 ], [ 522171.97711, 6421038.78102 ], [ 522151.15599, 6421057.9358 ], [ 522121.41036, 6421085.15706 ], [ 522115.44962, 6421089.20273 ], [ 522077.77015, 6421123.4832 ], [ 522046.01825, 6421149.72205 ], [ 522045.02755, 6421150.72933 ], [ 522041.05649, 6421153.75944 ], [ 522035.10405, 6421158.80409 ], [ 522030.07593, 6421154.84961 ], [ 521995.38513, 6421188.10622 ], [ 521982.48955, 6421199.20281 ], [ 521964.64051, 6421215.33577 ], [ 521916.30759, 6421169.78046 ], [ 521880.98638, 6421127.11433 ], [ 521819.42248, 6421172.58257 ], [ 521828.54607, 6421188.49169 ], [ 521847.43557, 6421177.34536 ], [ 521865.6247, 6421202.17072 ], [ 521886.85227, 6421231.96613 ], [ 521893.91982, 6421240.89895 ], [ 521876.97853, 6421246.0348 ], [ 521865.02386, 6421250.13022 ], [ 521854.0599, 6421253.21836 ], [ 521856.09934, 6421258.1967 ], [ 521893.87474, 6421355.79034 ], [ 521917.76747, 6421345.60154 ], [ 521956.90214, 6421366.25688 ], [ 521980.0945, 6421392.03978 ], [ 521980.0945, 6421392.03978 ], [ 522023.44908, 6421439.63451 ], [ 522087.16027, 6421412.13138 ], [ 522102.54323, 6421459.95824 ], [ 522021.92391, 6421496.59315 ], [ 522026.02769, 6421509.54678 ], [ 522030.07341, 6421515.50752 ], [ 522034.04447, 6421512.47741 ], [ 522042.99388, 6421507.40788 ], [ 522049.94531, 6421502.35493 ], [ 522058.90301, 6421498.28438 ], [ 522067.86071, 6421494.21384 ], [ 522073.82975, 6421491.16714 ], [ 522082.78745, 6421487.0966 ], [ 522091.75345, 6421484.02503 ], [ 522099.73705, 6421482.95973 ], [ 522104.72369, 6421481.91929 ], [ 522110.70931, 6421480.87057 ], [ 522117.69392, 6421479.81355 ], [ 522131.67144, 6421478.6985 ], [ 522140.65403, 6421477.62491 ], [ 522153.62427, 6421475.51917 ], [ 522161.59957, 6421473.45488 ], [ 522168.57589, 6421471.39888 ], [ 522169.57488, 6421471.39059 ], [ 522175.55221, 6421469.34288 ], [ 522178.54087, 6421468.31902 ], [ 522180.53055, 6421467.30346 ], [ 522183.51922, 6421466.2796 ], [ 522187.49857, 6421464.24848 ], [ 522191.47793, 6421462.21735 ], [ 522194.4583, 6421460.19451 ], [ 522195.44899, 6421459.18724 ], [ 522196.44798, 6421459.17895 ], [ 522197.43867, 6421458.17167 ], [ 522198.42107, 6421456.16541 ], [ 522202.38384, 6421452.13632 ], [ 522209.30209, 6421443.08743 ], [ 522209.29379, 6421442.08845 ], [ 522213.24827, 6421437.06037 ], [ 522215.22965, 6421435.04582 ], [ 522219.18412, 6421430.01774 ], [ 522219.18412, 6421430.01774 ], [ 522222.16449, 6421427.99491 ], [ 522226.12726, 6421423.96581 ], [ 522227.12625, 6421423.95752 ], [ 522232.088, 6421419.92013 ], [ 522238.05704, 6421416.87344 ], [ 522240.04671, 6421415.85788 ], [ 522246.01575, 6421412.81118 ], [ 522259.9518, 6421406.70122 ], [ 522271.90646, 6421402.6058 ], [ 522276.8848, 6421400.56638 ], [ 522291.81983, 6421394.44812 ], [ 522304.77348, 6421390.34441 ], [ 522306.77145, 6421390.32783 ] ] ] ] } },
{ "type": "Feature", "properties": { "VALID_GEST": "2024-01-29", "TYPE": "Inscrit", "IDCAUE_EPC": 21 }, "geometry": { "type": "MultiPolygon", "coordinates": [ [ [ [ 525548.4374, 6418591.05433 ], [ 525553.37425, 6418584.02 ], [ 525564.25524, 6418570.94202 ], [ 525566.23662, 6418568.92747 ], [ 525577.14249, 6418558.84643 ], [ 525608.98558, 6418543.59634 ], [ 525645.09839, 6418561.27946 ], [ 525646.13056, 6418565.26709 ], [ 525653.16494, 6418570.20395 ], [ 525658.15157, 6418569.1635 ], [ 525661.16512, 6418571.13659 ], [ 525707.37564, 6418601.72354 ], [ 525735.49657, 6418619.473 ], [ 525786.73521, 6418654.01441 ], [ 525809.83633, 6418668.80839 ], [ 525817.67887, 6418650.76038 ], [ 525782.44889, 6418619.08323 ], [ 525735.31405, 6418597.49541 ], [ 525716.29184, 6418592.65807 ], [ 525679.15516, 6418571.9863 ], [ 525680.12925, 6418568.98106 ], [ 525688.99567, 6418553.9217 ], [ 525691.79351, 6418529.92127 ], [ 525691.77692, 6418527.9233 ], [ 525694.56646, 6418502.92389 ], [ 525653.48362, 6418488.27918 ], [ 525661.40913, 6418480.22099 ], [ 525662.37493, 6418476.21677 ], [ 525653.35087, 6418472.29548 ], [ 525648.33935, 6418470.33898 ], [ 525647.34037, 6418470.34727 ], [ 525647.33207, 6418469.34829 ], [ 525639.307, 6418465.41871 ], [ 525641.26349, 6418460.40722 ], [ 525652.13618, 6418446.33026 ], [ 525649.08115, 6418439.36227 ], [ 525637.06014, 6418435.46585 ], [ 525613.07619, 6418434.6659 ], [ 525607.08228, 6418434.71566 ], [ 525601.03859, 6418428.77153 ], [ 525587.06109, 6418429.88661 ], [ 525583.06515, 6418429.91978 ], [ 525572.0846, 6418431.00999 ], [ 525568.08866, 6418431.04316 ], [ 525563.10203, 6418432.0836 ], [ 525550.12352, 6418433.19039 ], [ 525540.14196, 6418434.2723 ], [ 525527.17174, 6418436.37807 ], [ 525514.19323, 6418437.48486 ], [ 525517.23167, 6418442.45489 ], [ 525521.29398, 6418450.41357 ], [ 525523.33343, 6418455.39189 ], [ 525517.36441, 6418458.43859 ], [ 525519.39557, 6418462.41793 ], [ 525515.41622, 6418464.44906 ], [ 525510.36322, 6418457.49766 ], [ 525505.38488, 6418459.53708 ], [ 525508.45651, 6418468.50304 ], [ 525482.57415, 6418479.70745 ], [ 525474.54078, 6418474.77888 ], [ 525473.55009, 6418475.78616 ], [ 525472.55111, 6418475.79445 ], [ 525471.54383, 6418474.80376 ], [ 525470.55314, 6418475.81103 ], [ 525470.56143, 6418476.81002 ], [ 525470.56973, 6418477.809 ], [ 525470.56973, 6418477.809 ], [ 525471.57701, 6418478.79969 ], [ 525471.58531, 6418479.79867 ], [ 525479.61867, 6418484.72723 ], [ 525473.69943, 6418493.76782 ], [ 525473.7658, 6418501.75967 ], [ 525471.81761, 6418507.77015 ], [ 525468.81236, 6418506.79604 ], [ 525465.8071, 6418505.82194 ], [ 525463.80913, 6418505.83853 ], [ 525457.79863, 6418503.89032 ], [ 525450.77254, 6418499.95244 ], [ 525448.76628, 6418498.97005 ], [ 525433.70683, 6418490.10361 ], [ 525419.62977, 6418479.23091 ], [ 525413.71053, 6418488.2715 ], [ 525410.75505, 6418493.29128 ], [ 525407.80787, 6418499.31005 ], [ 525402.89591, 6418509.34133 ], [ 525462.06835, 6418536.82353 ], [ 525462.07665, 6418537.82252 ], [ 525466.13066, 6418544.78221 ], [ 525469.1608, 6418548.75326 ], [ 525470.15979, 6418548.74497 ], [ 525491.25463, 6418562.55656 ], [ 525512.31629, 6418572.37223 ], [ 525548.4374, 6418591.05433 ] ] ] ] } },
{ "type": "Feature", "properties": { "VALID_GEST": "2024-01-29", "TYPE": "Inscrit", "IDCAUE_EPC": 21 }, "geometry": { "type": "MultiPolygon", "coordinates": [ [ [ [ 526933.6254, 6410109.63419 ], [ 526922.71125, 6410118.71618 ], [ 526897.85283, 6410132.90915 ], [ 526858.06774, 6410154.21934 ], [ 526840.1856, 6410166.35631 ], [ 526806.47734, 6410197.60649 ], [ 526797.56115, 6410206.6719 ], [ 526788.63667, 6410214.73834 ], [ 526788.7445, 6410227.72502 ], [ 526788.80256, 6410234.71785 ], [ 526787.82017, 6410236.72409 ], [ 526774.93293, 6410248.8196 ], [ 526771.96087, 6410251.8414 ], [ 526766.99085, 6410254.87979 ], [ 526753.06316, 6410261.98871 ], [ 526747.10245, 6410266.03437 ], [ 526695.2964, 6410283.44815 ], [ 526692.30774, 6410284.472 ], [ 526656.31952, 6410281.7736 ], [ 526624.38528, 6410286.03485 ], [ 526611.4151, 6410288.1406 ], [ 526605.4378, 6410290.1883 ], [ 526604.43882, 6410290.1966 ], [ 526541.5942, 6410301.70773 ], [ 526493.71772, 6410311.09654 ], [ 526445.83295, 6410319.48636 ], [ 526442.836, 6410319.51124 ], [ 526441.82872, 6410318.52055 ], [ 526439.82247, 6410317.53816 ], [ 526429.67506, 6410298.64055 ], [ 526428.66778, 6410297.64987 ], [ 526427.6688, 6410297.65816 ], [ 526426.67811, 6410298.66542 ], [ 526422.75683, 6410307.68937 ], [ 526388.97392, 6410329.94876 ], [ 526348.12349, 6410343.27542 ], [ 526337.14299, 6410344.3656 ], [ 526333.13877, 6410343.39979 ], [ 526331.1408, 6410343.41638 ], [ 526322.19144, 6410348.48588 ], [ 526318.2121, 6410350.517 ], [ 526317.22141, 6410351.52427 ], [ 526309.40373, 6410372.56909 ], [ 526308.41305, 6410373.57636 ], [ 526309.42032, 6410374.56704 ], [ 526318.43604, 6410377.48934 ], [ 526348.43867, 6410381.23648 ], [ 526347.52263, 6410391.23453 ], [ 526347.63046, 6410404.22121 ], [ 526346.70613, 6410413.22028 ], [ 526347.83782, 6410429.1956 ], [ 526353.82341, 6410428.14687 ], [ 526382.72753, 6410419.9146 ], [ 526415.6027, 6410408.65223 ], [ 526472.38707, 6410389.19905 ], [ 526495.2973, 6410381.01653 ], [ 526562.16273, 6410372.46915 ], [ 526573.14323, 6410371.37896 ], [ 526573.14323, 6410371.37896 ], [ 526587.12069, 6410370.2639 ], [ 526647.00154, 6410362.77354 ], [ 526662.98524, 6410362.64086 ], [ 526680.95862, 6410361.49263 ], [ 526680.95862, 6410361.49263 ], [ 526689.94117, 6410360.41902 ], [ 526701.95383, 6410363.31644 ], [ 526725.00506, 6410372.1165 ], [ 526775.16981, 6410397.67525 ], [ 526779.19891, 6410401.63798 ], [ 526779.19891, 6410401.63798 ], [ 526783.22801, 6410405.60072 ], [ 526802.40773, 6410429.41858 ], [ 526812.52197, 6410444.32029 ], [ 526824.75028, 6410473.19108 ], [ 526833.85724, 6410487.10211 ], [ 526835.8635, 6410488.0845 ], [ 526835.87179, 6410489.08348 ], [ 526842.91443, 6410495.01928 ], [ 526858.98938, 6410505.87534 ], [ 526867.0393, 6410512.80183 ], [ 526877.12865, 6410524.70662 ], [ 526892.33732, 6410551.55458 ], [ 526899.38826, 6410558.48936 ], [ 526908.43715, 6410565.40756 ], [ 526918.49333, 6410573.31645 ], [ 526918.49333, 6410573.31645 ], [ 526932.55372, 6410582.19114 ], [ 526934.55998, 6410583.17353 ], [ 526946.66388, 6410597.05968 ], [ 526949.69401, 6410601.03071 ], [ 526957.82687, 6410617.94696 ], [ 526980.22748, 6410668.7123 ], [ 526981.23476, 6410669.70298 ], [ 526983.2659, 6410673.6823 ], [ 526986.3292, 6410681.64923 ], [ 526997.51706, 6410705.53344 ], [ 527002.59492, 6410715.48174 ], [ 527030.98943, 6410766.19733 ], [ 527034.03614, 6410772.1663 ], [ 527035.04341, 6410773.15699 ], [ 527045.20741, 6410794.05256 ], [ 527051.29254, 6410804.99154 ], [ 527057.42744, 6410821.92438 ], [ 527067.69098, 6410854.80767 ], [ 527067.69098, 6410854.80767 ], [ 527074.86633, 6410876.7271 ], [ 527076.90576, 6410881.70539 ], [ 527079.99395, 6410892.66925 ], [ 527083.07384, 6410902.63414 ], [ 527084.10599, 6410906.62175 ], [ 527089.22532, 6410921.56493 ], [ 527105.49934, 6410956.39642 ], [ 527119.68415, 6410980.25575 ], [ 527130.78078, 6410993.15123 ], [ 527142.84321, 6411002.04251 ], [ 527159.93373, 6411014.88823 ], [ 527166.96808, 6411019.82506 ], [ 527184.04201, 6411030.67283 ], [ 527228.22117, 6411057.28033 ], [ 527229.22015, 6411057.27204 ], [ 527253.28696, 6411068.06176 ], [ 527277.31229, 6411073.8566 ], [ 527295.29397, 6411073.70734 ], [ 527310.26211, 6411071.585 ], [ 527359.13757, 6411062.18788 ], [ 527390.03966, 6411053.939 ], [ 527406.98918, 6411049.80213 ], [ 527424.91279, 6411042.66003 ], [ 527427.90144, 6411041.63617 ], [ 527433.89533, 6411041.58642 ], [ 527457.84602, 6411038.39047 ], [ 527476.81838, 6411037.23393 ], [ 527484.81024, 6411037.16759 ], [ 527495.79904, 6411037.07637 ], [ 527508.7941, 6411037.96755 ], [ 527521.81404, 6411041.85565 ], [ 527533.83501, 6411045.75204 ], [ 527545.88915, 6411053.64434 ], [ 527556.93601, 6411060.54596 ], [ 527563.97035, 6411065.48279 ], [ 527591.12535, 6411087.23637 ], [ 527644.42806, 6411129.75285 ], [ 527669.5685, 6411149.52507 ], [ 527676.41207, 6411131.48544 ], [ 527698.14084, 6411101.33371 ], [ 527688.01831, 6411085.43301 ], [ 527674.90712, 6411070.55617 ], [ 527651.6817, 6411040.77761 ], [ 527638.56222, 6411024.90179 ], [ 527617.36794, 6410999.10255 ], [ 527610.30871, 6410991.16879 ], [ 527589.05637, 6410958.37671 ], [ 527586.00966, 6410952.40773 ], [ 527562.82571, 6410927.62405 ], [ 527550.70522, 6410911.73994 ], [ 527525.45695, 6410878.98104 ], [ 527521.41955, 6410874.01933 ], [ 527505.21189, 6410847.17966 ], [ 527498.10289, 6410833.25204 ], [ 527488.99593, 6410819.341 ], [ 527481.96159, 6410814.40417 ], [ 527458.86058, 6410799.61026 ], [ 527402.60241, 6410762.11355 ], [ 527405.57447, 6410759.09175 ], [ 527408.54653, 6410756.06994 ], [ 527409.52892, 6410754.06369 ], [ 527409.52063, 6410753.06472 ], [ 527408.50506, 6410751.07506 ], [ 527400.43855, 6410742.15061 ], [ 527384.29725, 6410723.30275 ], [ 527368.16424, 6410705.45386 ], [ 527362.10399, 6410697.51181 ], [ 527348.99281, 6410682.63497 ], [ 527334.91582, 6410671.76233 ], [ 527339.67849, 6410643.74954 ], [ 527340.54476, 6410627.75763 ], [ 527337.48975, 6410620.78968 ], [ 527333.41088, 6410610.83309 ], [ 527333.386, 6410607.83616 ], [ 527336.31659, 6410599.81947 ], [ 527348.22972, 6410590.72918 ], [ 527363.17297, 6410585.60991 ], [ 527366.16162, 6410584.58605 ], [ 527379.11521, 6410580.48234 ], [ 527408.07739, 6410579.24288 ], [ 527429.05601, 6410579.06873 ], [ 527434.05921, 6410580.02625 ], [ 527450.09269, 6410585.88742 ], [ 527459.10841, 6410588.80971 ], [ 527481.07772, 6410587.6283 ], [ 527511.96321, 6410577.38146 ], [ 527514.93527, 6410574.35966 ], [ 527519.9053, 6410571.32126 ], [ 527523.76852, 6410555.30448 ], [ 527523.76022, 6410554.3055 ], [ 527531.49495, 6410523.2709 ], [ 527536.44009, 6410517.23558 ], [ 527565.24467, 6410497.01557 ], [ 527569.23231, 6410495.98342 ], [ 527578.21485, 6410494.90981 ], [ 527593.18299, 6410492.78747 ], [ 527604.1552, 6410490.69829 ], [ 527606.15316, 6410490.68171 ], [ 527638.07911, 6410485.42146 ], [ 527648.05234, 6410483.34057 ], [ 527686.96286, 6410477.0233 ], [ 527732.8082, 6410463.65513 ], [ 527732.79991, 6410462.65616 ], [ 527742.77313, 6410460.57527 ], [ 527757.6998, 6410453.45805 ], [ 527787.62778, 6410448.21438 ], [ 527797.59272, 6410445.13452 ], [ 527816.48213, 6410433.98821 ], [ 527823.44183, 6410429.93426 ], [ 527831.43368, 6410429.86791 ], [ 527846.41841, 6410429.74352 ], [ 527852.39571, 6410427.69581 ], [ 527864.35032, 6410423.60039 ], [ 527899.14049, 6410402.33163 ], [ 527907.09087, 6410397.27041 ], [ 527937.90171, 6410378.03278 ], [ 527948.77439, 6410363.95589 ], [ 527950.73918, 6410359.9434 ], [ 527955.73408, 6410359.90193 ], [ 527980.84964, 6410376.67719 ], [ 527985.86943, 6410379.63266 ], [ 527988.87467, 6410380.60675 ], [ 527990.86434, 6410379.59119 ], [ 527990.84775, 6410377.59324 ], [ 527975.58101, 6410343.75245 ], [ 527963.36098, 6410315.88064 ], [ 527986.31268, 6410312.69297 ], [ 527991.29929, 6410311.65252 ], [ 528009.14825, 6410295.51963 ], [ 528009.14825, 6410295.51963 ], [ 528018.08102, 6410288.45216 ], [ 528018.07273, 6410287.45318 ], [ 528032.80862, 6410257.3595 ], [ 528041.65015, 6410239.3033 ], [ 528008.4515, 6410211.60565 ], [ 528003.39853, 6410204.65428 ], [ 528002.39955, 6410204.66257 ], [ 527987.23234, 6410182.8095 ], [ 527977.18446, 6410175.8996 ], [ 527969.12625, 6410167.97414 ], [ 527952.91859, 6410141.13448 ], [ 527931.66625, 6410108.34244 ], [ 527901.60556, 6410097.6025 ], [ 527870.53759, 6410085.87188 ], [ 527849.48432, 6410077.05525 ], [ 527849.48432, 6410077.05525 ], [ 527824.41853, 6410066.27385 ], [ 527822.41228, 6410065.29146 ], [ 527811.382, 6410060.3878 ], [ 527773.19674, 6410033.7306 ], [ 527758.0876, 6410018.87036 ], [ 527747.04074, 6410011.96875 ], [ 527716.00595, 6410004.23404 ], [ 527698.00769, 6410002.38536 ], [ 527693.00449, 6410001.42785 ], [ 527693.00449, 6410001.42785 ], [ 527673.99065, 6409997.58952 ], [ 527670.98541, 6409996.61542 ], [ 527646.9435, 6409988.82265 ], [ 527641.96518, 6409990.86206 ], [ 527594.94668, 6409983.26003 ], [ 527578.93809, 6409980.39579 ], [ 527536.92279, 6409973.75127 ], [ 527468.90909, 6409964.32544 ], [ 527443.90137, 6409960.53686 ], [ 527429.93221, 6409962.65091 ], [ 527428.93323, 6409962.6592 ], [ 527393.99376, 6409965.94638 ], [ 527369.01092, 6409965.15473 ], [ 527325.97176, 6409955.52157 ], [ 527322.97481, 6409955.54645 ], [ 527293.01366, 6409956.79421 ], [ 527249.05846, 6409957.15909 ], [ 527238.20237, 6409973.23392 ], [ 527230.28517, 6409982.29104 ], [ 527224.31616, 6409985.33772 ], [ 527208.43198, 6409997.45812 ], [ 527202.48786, 6410003.50172 ], [ 527200.4899, 6410003.51831 ], [ 527188.53529, 6410007.61373 ], [ 527187.54461, 6410008.62099 ], [ 527167.62303, 6410015.77968 ], [ 527142.73973, 6410026.97572 ], [ 527122.83474, 6410036.13236 ], [ 527104.93601, 6410046.27138 ], [ 527098.96701, 6410049.31806 ], [ 527068.16446, 6410069.55465 ], [ 527061.18818, 6410071.61065 ], [ 527030.01238, 6410046.89333 ], [ 527006.19441, 6410066.07289 ], [ 526994.29787, 6410077.16113 ], [ 526981.37746, 6410085.26073 ], [ 526981.37746, 6410085.26073 ], [ 526962.48805, 6410096.40702 ], [ 526948.55207, 6410102.51697 ], [ 526933.6254, 6410109.63419 ] ] ] ] } },
{ "type": "Feature", "properties": { "VALID_GEST": "2024-01-29", "TYPE": "Inscrit", "IDCAUE_EPC": 21 }, "geometry": { "type": "MultiPolygon", "coordinates": [ [ [ [ 515685.25399, 6416482.99304 ], [ 515686.33589, 6416492.97455 ], [ 515686.33589, 6416492.97455 ], [ 515692.78584, 6416547.86871 ], [ 515692.79413, 6416548.86769 ], [ 515693.87603, 6416558.8492 ], [ 515689.88008, 6416558.88236 ], [ 515687.88211, 6416558.89895 ], [ 515684.88515, 6416558.92382 ], [ 515681.88819, 6416558.94869 ], [ 515677.89224, 6416558.98186 ], [ 515672.88902, 6416558.02433 ], [ 515668.88478, 6416557.05852 ], [ 515662.87427, 6416555.1103 ], [ 515657.87105, 6416554.15278 ], [ 515654.85751, 6416552.17969 ], [ 515649.85428, 6416551.22217 ], [ 515646.84903, 6416550.24806 ], [ 515643.84378, 6416549.27396 ], [ 515641.82922, 6416547.29258 ], [ 515638.82397, 6416546.31847 ], [ 515635.81043, 6416544.34538 ], [ 515632.79688, 6416542.3723 ], [ 515628.77606, 6416539.40852 ], [ 515625.76252, 6416537.43543 ], [ 515621.74999, 6416535.47064 ], [ 515618.74474, 6416534.49653 ], [ 515615.73948, 6416533.52243 ], [ 515612.73423, 6416532.54832 ], [ 515609.72069, 6416530.57523 ], [ 515606.72373, 6416530.60011 ], [ 515603.71848, 6416529.626 ], [ 515600.71323, 6416528.65189 ], [ 515598.71525, 6416528.66847 ], [ 515594.71931, 6416528.70164 ], [ 515591.71405, 6416527.72753 ], [ 515588.71709, 6416527.75241 ], [ 515586.71912, 6416527.76899 ], [ 515584.72115, 6416527.78557 ], [ 515582.73146, 6416528.80113 ], [ 515580.73349, 6416528.81771 ], [ 515570.7685, 6416531.89757 ], [ 515562.79318, 6416533.96186 ], [ 515553.81889, 6416536.03444 ], [ 515544.84459, 6416538.10702 ], [ 515535.87029, 6416540.1796 ], [ 515526.89599, 6416542.25218 ], [ 515514.93302, 6416545.34861 ], [ 515503.96904, 6416548.43675 ], [ 515495.99373, 6416550.50104 ], [ 515495.99373, 6416550.50104 ], [ 515492.01437, 6416552.53217 ], [ 515490.01639, 6416552.54875 ], [ 515488.02671, 6416553.56431 ], [ 515487.03601, 6416554.57158 ], [ 515485.04633, 6416555.58714 ], [ 515484.05564, 6416556.59441 ], [ 515484.06393, 6416557.59339 ], [ 515483.07323, 6416558.60067 ], [ 515483.08982, 6416560.59863 ], [ 515483.09811, 6416561.59761 ], [ 515484.13855, 6416566.58422 ], [ 515484.18001, 6416571.57912 ], [ 515485.22874, 6416577.56471 ], [ 515486.26089, 6416581.55234 ], [ 515487.32621, 6416589.53589 ], [ 515488.35836, 6416593.52352 ], [ 515488.35836, 6416593.52352 ], [ 515489.41539, 6416600.50809 ], [ 515490.4807, 6416608.49164 ], [ 515491.52944, 6416614.47723 ], [ 515492.57817, 6416620.46282 ], [ 515492.61134, 6416624.45874 ], [ 515493.6352, 6416627.44739 ], [ 515493.66007, 6416630.44433 ], [ 515493.69324, 6416634.44025 ], [ 515492.71913, 6416637.44548 ], [ 515492.76058, 6416642.44038 ], [ 515492.79375, 6416646.43631 ], [ 515492.8352, 6416651.43121 ], [ 515488.89729, 6416658.45723 ], [ 515487.93976, 6416663.46043 ], [ 515487.97293, 6416667.45635 ], [ 515488.02268, 6416673.45023 ], [ 515488.05584, 6416677.44615 ], [ 515488.08901, 6416681.44207 ], [ 515489.11287, 6416684.43072 ], [ 515490.15331, 6416689.41733 ], [ 515490.19477, 6416694.41223 ], [ 515491.25179, 6416701.3968 ], [ 515493.29122, 6416706.37512 ], [ 515493.29122, 6416706.37512 ], [ 515493.30781, 6416708.37308 ], [ 515495.37211, 6416716.34834 ], [ 515496.40426, 6416720.33597 ], [ 515497.43641, 6416724.3236 ], [ 515498.49344, 6416731.30817 ], [ 515500.54116, 6416737.28547 ], [ 515501.59819, 6416744.27005 ], [ 515503.6542, 6416751.24633 ], [ 515504.71123, 6416758.2309 ], [ 515506.77553, 6416766.20616 ], [ 515508.83154, 6416773.18244 ], [ 515510.90414, 6416782.15668 ], [ 515511.95287, 6416788.14227 ], [ 515513.0099, 6416795.12684 ], [ 515515.0742, 6416803.1021 ], [ 515516.1561, 6416813.08361 ], [ 515518.23699, 6416823.05684 ], [ 515519.30231, 6416831.04039 ], [ 515520.38421, 6416841.0219 ], [ 515521.45782, 6416850.00443 ], [ 515522.48997, 6416853.99206 ], [ 515523.54699, 6416860.97664 ], [ 515524.58744, 6416865.96325 ], [ 515525.63617, 6416871.94884 ], [ 515525.68592, 6416877.94272 ], [ 515526.74295, 6416884.92729 ], [ 515528.857, 6416898.89644 ], [ 515529.92232, 6416906.87999 ], [ 515530.96276, 6416911.8666 ], [ 515532.0115, 6416917.85219 ], [ 515533.10169, 6416928.83269 ], [ 515535.19086, 6416939.80489 ], [ 515536.26447, 6416948.78742 ], [ 515537.30492, 6416953.77403 ], [ 515537.33808, 6416957.76996 ], [ 515538.34536, 6416958.76064 ], [ 515538.35365, 6416959.75963 ], [ 515539.35264, 6416959.75133 ], [ 515540.35163, 6416959.74304 ], [ 515541.35061, 6416959.73475 ], [ 515547.31137, 6416955.68908 ], [ 515556.2608, 6416950.61956 ], [ 515564.21124, 6416945.55833 ], [ 515570.18029, 6416942.51164 ], [ 515570.17199, 6416941.51266 ], [ 515580.2282, 6416949.42159 ], [ 515619.50376, 6416987.0595 ], [ 515652.72737, 6417017.75428 ], [ 515661.79287, 6417026.67049 ], [ 515685.96756, 6417050.44703 ], [ 515710.13395, 6417073.22459 ], [ 515754.43763, 6417114.81696 ], [ 515802.77871, 6417161.37107 ], [ 515848.08967, 6417203.95413 ], [ 515864.20613, 6417219.80515 ], [ 515873.18872, 6417218.73155 ], [ 515876.19398, 6417219.70566 ], [ 515880.18992, 6417219.67249 ], [ 515883.19518, 6417220.6466 ], [ 515886.20872, 6417222.61969 ], [ 515890.22125, 6417224.58448 ], [ 515892.23581, 6417226.56586 ], [ 515895.24936, 6417228.53895 ], [ 515896.26493, 6417230.52862 ], [ 515898.27948, 6417232.51 ], [ 515902.32518, 6417238.47072 ], [ 515904.35632, 6417242.45005 ], [ 515908.39373, 6417247.41179 ], [ 515910.42487, 6417251.39113 ], [ 515913.455, 6417255.36218 ], [ 515915.46956, 6417257.34356 ], [ 515918.49968, 6417261.31461 ], [ 515921.52981, 6417265.28566 ], [ 515925.55893, 6417269.24841 ], [ 515928.58076, 6417272.22048 ], [ 515931.59431, 6417274.19357 ], [ 515932.60159, 6417275.18426 ], [ 515934.60785, 6417276.16666 ], [ 515938.62039, 6417278.13145 ], [ 515943.62361, 6417279.08898 ], [ 515948.63513, 6417281.04548 ], [ 515955.64463, 6417282.9854 ], [ 515960.64786, 6417283.94292 ], [ 515965.65938, 6417285.89943 ], [ 515969.67191, 6417287.86422 ], [ 515973.67615, 6417288.83004 ], [ 515977.68868, 6417290.79483 ], [ 515978.68767, 6417290.78654 ], [ 515979.68665, 6417290.77825 ], [ 515981.67634, 6417289.76269 ], [ 515987.65368, 6417287.71498 ], [ 515992.64032, 6417286.67454 ], [ 515994.63001, 6417285.65898 ], [ 515999.60007, 6417282.62058 ], [ 516007.55051, 6417277.55934 ], [ 516013.52785, 6417275.51163 ], [ 516016.50823, 6417273.4888 ], [ 516015.4512, 6417266.50422 ], [ 516015.40145, 6417260.51034 ], [ 516019.26473, 6417244.49348 ], [ 516023.17776, 6417234.47051 ], [ 516029.09706, 6417225.42993 ], [ 516034.03396, 6417218.39561 ], [ 516037.98845, 6417213.36754 ], [ 516041.95123, 6417209.33845 ], [ 516049.89338, 6417203.27824 ], [ 516058.8511, 6417199.20769 ], [ 516065.81084, 6417195.15373 ], [ 516087.71394, 6417185.98049 ], [ 516108.61804, 6417176.81554 ], [ 516130.52943, 6417168.64128 ], [ 516137.49746, 6417165.5863 ], [ 516142.45923, 6417161.54892 ], [ 516144.44891, 6417160.53336 ], [ 516148.4117, 6417156.50427 ], [ 516150.39309, 6417154.48972 ], [ 516152.37448, 6417152.47518 ], [ 516155.37973, 6417153.44928 ], [ 516162.39752, 6417156.38819 ], [ 516168.40802, 6417158.3364 ], [ 516172.40397, 6417158.30323 ], [ 516176.40821, 6417159.26904 ], [ 516184.40011, 6417159.20271 ], [ 516186.39809, 6417159.18613 ], [ 516211.36447, 6417157.97986 ], [ 516217.3584, 6417157.93011 ], [ 516222.34504, 6417156.88967 ], [ 516228.32238, 6417154.84196 ], [ 516228.3058, 6417152.844 ], [ 516226.28295, 6417149.86364 ], [ 516225.25079, 6417145.87601 ], [ 516223.21136, 6417140.89769 ], [ 516222.17921, 6417136.91006 ], [ 516221.14705, 6417132.92243 ], [ 516221.13047, 6417130.92447 ], [ 516220.1149, 6417128.9348 ], [ 516220.07344, 6417123.93989 ], [ 516219.01641, 6417116.95532 ], [ 516217.96767, 6417110.96973 ], [ 516216.90235, 6417102.98618 ], [ 516215.82874, 6417094.00364 ], [ 516212.67423, 6417075.04789 ], [ 516210.51872, 6417056.08384 ], [ 516208.42124, 6417044.11266 ], [ 516206.30718, 6417030.14351 ], [ 516204.17654, 6417014.17641 ], [ 516203.1278, 6417008.19082 ], [ 516202.07077, 6417001.20625 ], [ 516201.03862, 6416997.21862 ], [ 516201.02204, 6416995.22065 ], [ 516200.00647, 6416993.23099 ], [ 516198.99919, 6416992.2403 ], [ 516204.81898, 6416971.21196 ], [ 516207.80765, 6416970.1881 ], [ 516212.786, 6416968.14868 ], [ 516214.77569, 6416967.13312 ], [ 516216.76537, 6416966.11756 ], [ 516223.7334, 6416963.06257 ], [ 516230.70144, 6416960.00759 ], [ 516236.67048, 6416956.9609 ], [ 516239.65086, 6416954.93806 ], [ 516249.59927, 6416949.86024 ], [ 516253.57864, 6416947.82912 ], [ 516260.53009, 6416942.77617 ], [ 516264.50116, 6416939.74607 ], [ 516276.43926, 6416933.65268 ], [ 516279.42793, 6416932.62883 ], [ 516283.41558, 6416931.59668 ], [ 516290.38362, 6416928.5417 ], [ 516297.33507, 6416923.48875 ], [ 516306.28449, 6416918.41923 ], [ 516310.26385, 6416916.3881 ], [ 516316.22461, 6416912.34243 ], [ 516320.18739, 6416908.31334 ], [ 516347.06883, 6416897.10068 ], [ 516353.02129, 6416892.05603 ], [ 516356.00167, 6416890.03319 ], [ 516357.98306, 6416888.01865 ], [ 516362.93654, 6416882.98229 ], [ 516368.889, 6416877.93763 ], [ 516373.84248, 6416872.90127 ], [ 516378.80424, 6416868.86389 ], [ 516380.78563, 6416866.84935 ], [ 516383.75772, 6416863.82753 ], [ 516390.68429, 6416855.77765 ], [ 516391.67499, 6416854.77038 ], [ 516394.64707, 6416851.74856 ], [ 516395.62948, 6416849.74231 ], [ 516397.61916, 6416848.72674 ], [ 516399.60884, 6416847.71118 ], [ 516404.5789, 6416844.67278 ], [ 516409.54896, 6416841.63438 ], [ 516427.44781, 6416831.49532 ], [ 516439.3859, 6416825.40194 ], [ 516443.35697, 6416822.37183 ], [ 516446.34564, 6416821.34798 ], [ 516448.33532, 6416820.33241 ], [ 516450.32501, 6416819.31685 ], [ 516453.31367, 6416818.29299 ], [ 516457.29304, 6416816.26187 ], [ 516462.27968, 6416815.22143 ], [ 516466.26734, 6416814.18928 ], [ 516469.25601, 6416813.16542 ], [ 516473.24366, 6416812.13328 ], [ 516477.23132, 6416811.10113 ], [ 516484.21594, 6416810.0441 ], [ 516490.20986, 6416809.99435 ], [ 516495.1965, 6416808.95391 ], [ 516503.17181, 6416806.88962 ], [ 516509.15744, 6416805.84089 ], [ 516512.1544, 6416805.81601 ], [ 516515.14307, 6416804.79216 ], [ 516517.14105, 6416804.77557 ], [ 516519.13073, 6416803.76001 ], [ 516521.1287, 6416803.74343 ], [ 516525.10807, 6416801.7123 ], [ 516528.08015, 6416798.69048 ], [ 516534.0492, 6416795.64379 ], [ 516540.00995, 6416791.59812 ], [ 516546.96969, 6416787.54415 ], [ 516551.93146, 6416783.50677 ], [ 516557.9005, 6416780.46008 ], [ 516563.86955, 6416777.41339 ], [ 516565.85094, 6416775.39884 ], [ 516571.81999, 6416772.35215 ], [ 516573.80138, 6416770.33761 ], [ 516579.77871, 6416768.2899 ], [ 516583.75808, 6416766.25877 ], [ 516590.7344, 6416764.20276 ], [ 516584.67414, 6416756.26067 ], [ 516578.58901, 6416745.32164 ], [ 516578.56414, 6416742.3247 ], [ 516576.55787, 6416741.3423 ], [ 516574.51844, 6416736.36399 ], [ 516571.47172, 6416730.39498 ], [ 516568.44159, 6416726.42393 ], [ 516565.38659, 6416719.45595 ], [ 516563.34716, 6416714.47763 ], [ 516561.30772, 6416709.49931 ], [ 516560.29215, 6416707.50964 ], [ 516557.16252, 6416691.55084 ], [ 516554.04118, 6416676.59101 ], [ 516550.91155, 6416660.6322 ], [ 516547.78191, 6416644.67339 ], [ 516544.65228, 6416628.71459 ], [ 516542.60456, 6416622.73729 ], [ 516539.4998, 6416609.77542 ], [ 516537.41062, 6416598.80322 ], [ 516532.24155, 6416577.8661 ], [ 516531.2094, 6416573.87847 ], [ 516531.19281, 6416571.88051 ], [ 516529.13679, 6416564.90423 ], [ 516526.04033, 6416552.94135 ], [ 516524.99159, 6416546.95576 ], [ 516522.9107, 6416536.98254 ], [ 516520.81322, 6416525.01136 ], [ 516519.75619, 6416518.02679 ], [ 516518.72404, 6416514.03916 ], [ 516522.71169, 6416513.00702 ], [ 516525.68378, 6416509.9852 ], [ 516530.65383, 6416506.9468 ], [ 516534.6332, 6416504.91567 ], [ 516539.60326, 6416501.87728 ], [ 516543.57433, 6416498.84717 ], [ 516548.54439, 6416495.80877 ], [ 516554.52172, 6416493.76106 ], [ 516558.50109, 6416491.72993 ], [ 516564.48671, 6416490.6812 ], [ 516570.46405, 6416488.63349 ], [ 516576.44139, 6416486.58578 ], [ 516583.41771, 6416484.52977 ], [ 516591.39302, 6416482.46548 ], [ 516613.33756, 6416478.28714 ], [ 516616.33452, 6416478.26226 ], [ 516623.31084, 6416476.20626 ], [ 516627.2985, 6416475.17411 ], [ 516641.25115, 6416471.0621 ], [ 516650.22544, 6416468.98951 ], [ 516658.20075, 6416466.92522 ], [ 516667.17505, 6416464.85263 ], [ 516678.14732, 6416462.76346 ], [ 516688.1206, 6416460.68258 ], [ 516711.04755, 6416454.49799 ], [ 516718.02387, 6416452.44198 ], [ 516728.97956, 6416448.35485 ], [ 516731.96822, 6416447.33099 ], [ 516749.92511, 6416444.1848 ], [ 516769.87167, 6416440.02304 ], [ 516770.87066, 6416440.01475 ], [ 516778.85426, 6416438.94943 ], [ 516779.85325, 6416438.94114 ], [ 516781.85122, 6416438.92455 ], [ 516793.82248, 6416436.82709 ], [ 516799.8164, 6416436.77734 ], [ 516807.8, 6416435.71202 ], [ 516817.78987, 6416435.6291 ], [ 516818.78886, 6416435.62081 ], [ 516823.7755, 6416434.58037 ], [ 516832.76638, 6416434.50574 ], [ 516846.7439, 6416433.39067 ], [ 516875.70622, 6416432.15122 ], [ 516878.71148, 6416433.12533 ], [ 516882.70742, 6416433.09216 ], [ 516883.70641, 6416433.08387 ], [ 516889.70862, 6416434.03309 ], [ 516893.71286, 6416434.9989 ], [ 516896.70982, 6416434.97403 ], [ 516898.7078, 6416434.95744 ], [ 516906.69969, 6416434.89111 ], [ 516913.6926, 6416434.83306 ], [ 516925.68044, 6416434.73356 ], [ 516934.66303, 6416433.65995 ], [ 516936.661, 6416433.64336 ], [ 516940.66524, 6416434.60918 ], [ 516949.66441, 6416435.53353 ], [ 516958.66358, 6416436.45788 ], [ 516972.65769, 6416437.34077 ], [ 516986.6518, 6416438.22366 ], [ 516997.64065, 6416438.13244 ], [ 517004.64185, 6416439.07338 ], [ 517008.64609, 6416440.03919 ], [ 517014.6483, 6416440.98842 ], [ 517021.65779, 6416442.92833 ], [ 517026.66102, 6416443.88585 ], [ 517031.66425, 6416444.84337 ], [ 517037.66646, 6416445.7926 ], [ 517044.66766, 6416446.73353 ], [ 517053.67512, 6416448.65686 ], [ 517057.67936, 6416449.62267 ], [ 517058.68664, 6416450.61336 ], [ 517060.68462, 6416450.59678 ], [ 517066.70341, 6416453.54396 ], [ 517073.7129, 6416455.48388 ], [ 517079.7317, 6416458.43106 ], [ 517087.77335, 6416464.35861 ], [ 517095.80671, 6416469.28717 ], [ 517105.84633, 6416475.19813 ], [ 517117.89221, 6416482.09148 ], [ 517128.93912, 6416488.99312 ], [ 517139.99431, 6416496.89375 ], [ 517161.31302, 6416537.67779 ], [ 517163.33587, 6416540.65815 ], [ 517172.2687, 6416533.59066 ], [ 517175.24079, 6416530.56884 ], [ 517178.22116, 6416528.546 ], [ 517184.18191, 6416524.50033 ], [ 517188.15298, 6416521.47022 ], [ 517193.11475, 6416517.43284 ], [ 517196.08683, 6416514.41102 ], [ 517204.9782, 6416502.34863 ], [ 517214.86856, 6416490.27795 ], [ 517228.70511, 6416472.18021 ], [ 517241.56756, 6416457.08771 ], [ 517248.47754, 6416447.03987 ], [ 517260.32441, 6416429.9577 ], [ 517273.14539, 6416409.8703 ], [ 517278.07398, 6416401.83699 ], [ 517280.03879, 6416397.82449 ], [ 517281.9953, 6416392.81301 ], [ 517285.9249, 6416384.788 ], [ 517288.86382, 6416377.77026 ], [ 517291.81932, 6416372.75048 ], [ 517297.71373, 6416360.71297 ], [ 517305.58952, 6416346.66091 ], [ 517313.44874, 6416330.61089 ], [ 517319.36803, 6416321.57032 ], [ 517321.32454, 6416316.55883 ], [ 517328.23452, 6416306.51099 ], [ 517338.10829, 6416292.44235 ], [ 517345.02657, 6416283.39348 ], [ 517348.97276, 6416277.36643 ], [ 517352.92724, 6416272.33836 ], [ 517356.86514, 6416265.31233 ], [ 517361.80203, 6416258.27801 ], [ 517364.73265, 6416250.2613 ], [ 517368.65396, 6416241.23731 ], [ 517371.60116, 6416235.21855 ], [ 517374.54008, 6416228.20081 ], [ 517378.43651, 6416216.17989 ], [ 517381.34226, 6416205.16623 ], [ 517381.30909, 6416201.17031 ], [ 517381.28421, 6416198.17337 ], [ 517380.26034, 6416195.18472 ], [ 517381.20128, 6416188.18357 ], [ 517381.16811, 6416184.18765 ], [ 517382.12564, 6416179.18446 ], [ 517383.06658, 6416172.18331 ], [ 517385.03138, 6416168.17081 ], [ 517387.00447, 6416165.15728 ], [ 517386.98789, 6416163.15932 ], [ 517389.91851, 6416155.14261 ], [ 517391.84185, 6416146.13521 ], [ 517393.80665, 6416142.1227 ], [ 517395.75487, 6416136.11224 ], [ 517399.70106, 6416130.08519 ], [ 517405.63693, 6416123.04258 ], [ 517413.55419, 6416113.98542 ], [ 517414.53659, 6416111.97917 ], [ 517419.49006, 6416106.94281 ], [ 517424.44353, 6416101.90644 ], [ 517433.35149, 6416091.84201 ], [ 517443.24184, 6416079.77133 ], [ 517456.10428, 6416064.67883 ], [ 517466.99362, 6416052.59986 ], [ 517475.90157, 6416042.53543 ], [ 517484.80952, 6416032.471 ], [ 517499.67822, 6416018.3609 ], [ 517511.57484, 6416007.27261 ], [ 517520.49109, 6415998.20716 ], [ 517524.45386, 6415994.17807 ], [ 517527.44253, 6415993.15422 ], [ 517530.41461, 6415990.1324 ], [ 517524.37094, 6415984.18828 ], [ 517519.32625, 6415978.23586 ], [ 517509.26175, 6415969.32797 ], [ 517499.19725, 6415960.42008 ], [ 517492.1463, 6415953.48527 ], [ 517482.07351, 6415943.5784 ], [ 517466.96433, 6415928.71809 ], [ 517460.92895, 6415923.77295 ], [ 517458.8978, 6415919.79361 ], [ 517460.8709, 6415916.78009 ], [ 517424.71666, 6415894.10209 ], [ 517415.71749, 6415893.17774 ], [ 517402.73067, 6415893.28554 ], [ 517397.75232, 6415895.32496 ], [ 517393.78125, 6415898.35507 ], [ 517378.83792, 6415903.47436 ], [ 517365.88426, 6415907.57808 ], [ 517350.93264, 6415911.69838 ], [ 517336.96341, 6415913.81243 ], [ 517318.99824, 6415915.95966 ], [ 517302.04035, 6415919.09757 ], [ 517294.04017, 6415918.16492 ], [ 517291.03492, 6415917.19082 ], [ 517277.03252, 6415915.30896 ], [ 517262.02285, 6415912.4364 ], [ 517255.02165, 6415911.49547 ], [ 517243.03381, 6415911.59498 ], [ 517234.03464, 6415910.67063 ], [ 517232.04496, 6415911.68619 ], [ 517225.07694, 6415914.74118 ], [ 517217.10992, 6415917.80445 ], [ 517211.1243, 6415918.85319 ], [ 517207.13664, 6415919.88534 ], [ 517201.13443, 6415918.93611 ], [ 517195.14051, 6415918.98586 ], [ 517191.14457, 6415919.01903 ], [ 517188.14761, 6415919.04391 ], [ 517183.17755, 6415922.08231 ], [ 517180.18059, 6415922.10719 ], [ 517177.19193, 6415923.13104 ], [ 517173.18769, 6415922.16523 ], [ 517171.18142, 6415921.18284 ], [ 517169.17516, 6415920.20044 ], [ 517167.16889, 6415919.21805 ], [ 517163.17295, 6415919.25122 ], [ 517159.177, 6415919.28439 ], [ 517156.18004, 6415919.30926 ], [ 517153.18308, 6415919.33414 ], [ 517147.18087, 6415918.38491 ], [ 517146.17359, 6415917.39423 ], [ 517143.17664, 6415917.4191 ], [ 517140.16309, 6415915.44602 ], [ 517138.15683, 6415914.46363 ], [ 517133.11214, 6415908.51121 ], [ 517131.09758, 6415906.52983 ], [ 517130.0903, 6415905.53915 ], [ 517126.07777, 6415903.57436 ], [ 517120.06727, 6415901.62615 ], [ 517115.05575, 6415899.66965 ], [ 517075.25385, 6415918.98195 ], [ 517044.40137, 6415933.22473 ], [ 517019.52621, 6415945.41979 ], [ 517015.54685, 6415947.45092 ], [ 517003.60877, 6415953.5443 ], [ 516998.62213, 6415954.58474 ], [ 516991.63752, 6415955.64176 ], [ 516987.64157, 6415955.67493 ], [ 516985.65189, 6415956.6905 ], [ 516982.65493, 6415956.71537 ], [ 516976.68589, 6415959.76206 ], [ 516964.73951, 6415964.85647 ], [ 516946.83239, 6415973.99654 ], [ 516932.89633, 6415980.10651 ], [ 516924.92102, 6415982.17081 ], [ 516909.9611, 6415985.29213 ], [ 516894.0022, 6415988.42174 ], [ 516870.05969, 6415992.61667 ], [ 516845.1182, 6415996.81989 ], [ 516820.17671, 6416001.02311 ], [ 516801.22084, 6416004.17759 ], [ 516792.24655, 6416006.25018 ], [ 516787.25161, 6416006.29164 ], [ 516786.25263, 6416006.29993 ], [ 516784.25465, 6416006.31652 ], [ 516782.24839, 6416005.33412 ], [ 516773.21605, 6416000.41385 ], [ 516751.14713, 6415989.6075 ], [ 516730.07721, 6415978.79285 ], [ 516708.00829, 6415967.9865 ], [ 516706.00203, 6415967.0041 ], [ 516693.96444, 6415961.10973 ], [ 516683.92482, 6415955.19877 ], [ 516682.91754, 6415954.20808 ], [ 516678.90501, 6415952.24329 ], [ 516664.85287, 6415944.36754 ], [ 516647.79547, 6415935.51768 ], [ 516644.79022, 6415934.54358 ], [ 516641.78497, 6415933.56948 ], [ 516636.78174, 6415932.61196 ], [ 516625.77631, 6415930.70521 ], [ 516610.75834, 6415926.83367 ], [ 516599.75291, 6415924.92692 ], [ 516592.74342, 6415922.987 ], [ 516586.73292, 6415921.03879 ], [ 516580.71412, 6415918.0916 ], [ 516575.69432, 6415915.13612 ], [ 516567.66096, 6415910.20756 ], [ 516559.63591, 6415906.27798 ], [ 516552.60154, 6415901.34112 ], [ 516547.57344, 6415897.38666 ], [ 516543.55262, 6415894.42289 ], [ 516540.53078, 6415891.45083 ], [ 516533.48813, 6415885.51499 ], [ 516526.42889, 6415877.5812 ], [ 516518.37066, 6415869.65569 ], [ 516517.36338, 6415868.66501 ], [ 516516.3644, 6415868.6733 ], [ 516512.32699, 6415863.71157 ], [ 516507.2906, 6415858.75813 ], [ 516503.26149, 6415854.79538 ], [ 516501.25522, 6415853.81298 ], [ 516498.24168, 6415851.8399 ], [ 516493.22187, 6415848.88442 ], [ 516486.1958, 6415844.94654 ], [ 516479.16973, 6415841.00866 ], [ 516471.14467, 6415837.07908 ], [ 516466.12486, 6415834.1236 ], [ 516454.08727, 6415828.22922 ], [ 516443.04038, 6415821.32758 ], [ 516435.00703, 6415816.39901 ], [ 516431.99349, 6415814.42593 ], [ 516429.97893, 6415812.44455 ], [ 516426.9488, 6415808.47351 ], [ 516421.91241, 6415803.52007 ], [ 516414.86147, 6415796.58525 ], [ 516410.83235, 6415792.6225 ], [ 516404.78868, 6415786.67837 ], [ 516399.75229, 6415781.72494 ], [ 516395.72318, 6415777.76218 ], [ 516392.70135, 6415774.79012 ], [ 516390.68679, 6415772.80874 ], [ 516388.68052, 6415771.82635 ], [ 516385.66698, 6415769.85326 ], [ 516381.64616, 6415766.88949 ], [ 516376.62635, 6415763.93401 ], [ 516371.60655, 6415760.97853 ], [ 516369.60028, 6415759.99614 ], [ 516371.56509, 6415755.98363 ], [ 516372.56407, 6415755.97534 ], [ 516373.54648, 6415753.96909 ], [ 516376.53514, 6415752.94524 ], [ 516379.50723, 6415749.92342 ], [ 516389.47221, 6415746.84357 ], [ 516397.43094, 6415742.78132 ], [ 516404.39897, 6415739.72634 ], [ 516410.3763, 6415737.67863 ], [ 516415.35465, 6415735.63921 ], [ 516420.33299, 6415733.59979 ], [ 516424.31236, 6415731.56867 ], [ 516429.2907, 6415729.52925 ], [ 516433.27836, 6415728.4971 ], [ 516438.28158, 6415729.45462 ], [ 516441.28683, 6415730.42873 ], [ 516444.28379, 6415730.40385 ], [ 516449.27043, 6415729.36341 ], [ 516453.25808, 6415728.33127 ], [ 516459.23542, 6415726.28356 ], [ 516462.22408, 6415725.2597 ], [ 516468.20971, 6415724.21097 ], [ 516475.18603, 6415722.15497 ], [ 516487.12411, 6415716.06159 ], [ 516491.09518, 6415713.03149 ], [ 516496.07353, 6415710.99207 ], [ 516502.04257, 6415707.94538 ], [ 516509.00231, 6415703.89142 ], [ 516512.98167, 6415701.8603 ], [ 516514.97135, 6415700.84473 ], [ 516517.96001, 6415699.82088 ], [ 516524.92804, 6415696.7659 ], [ 516532.90335, 6415694.7016 ], [ 516538.87239, 6415691.65491 ], [ 516546.83111, 6415687.59266 ], [ 516554.78983, 6415683.53041 ], [ 516562.74856, 6415679.46816 ], [ 516569.70829, 6415675.4142 ], [ 516571.69797, 6415674.39863 ], [ 516572.68867, 6415673.39136 ], [ 516577.65043, 6415669.35399 ], [ 516582.61219, 6415665.31661 ], [ 516587.58225, 6415662.27821 ], [ 516590.55433, 6415659.2564 ], [ 516594.5254, 6415656.22629 ], [ 516600.49444, 6415653.1796 ], [ 516605.4645, 6415650.1412 ], [ 516608.44487, 6415648.11837 ], [ 516612.40765, 6415644.08928 ], [ 516617.36112, 6415639.05293 ], [ 516623.31358, 6415634.00828 ], [ 516623.31358, 6415634.00828 ], [ 516624.29598, 6415632.00203 ], [ 516627.23489, 6415624.9843 ], [ 516628.22559, 6415623.97703 ], [ 516629.1997, 6415620.9718 ], [ 516633.15418, 6415615.94373 ], [ 516636.11797, 6415611.92294 ], [ 516640.08075, 6415607.89385 ], [ 516645.0508, 6415604.85546 ], [ 516648.02289, 6415601.83364 ], [ 516652.99294, 6415598.79524 ], [ 516657.963, 6415595.75685 ], [ 516661.93406, 6415592.72674 ], [ 516663.90716, 6415589.71322 ], [ 516668.86892, 6415585.67584 ], [ 516670.85031, 6415583.6613 ], [ 516672.81512, 6415579.6488 ], [ 516675.7872, 6415576.62698 ], [ 516678.7344, 6415570.60823 ], [ 516679.71681, 6415568.60198 ], [ 516679.70851, 6415567.603 ], [ 516680.69092, 6415565.59675 ], [ 516681.65673, 6415561.59254 ], [ 516681.58211, 6415552.60173 ], [ 516682.53134, 6415546.59956 ], [ 516683.48057, 6415540.59739 ], [ 516682.44013, 6415535.61079 ], [ 516683.40594, 6415531.60658 ], [ 516683.36448, 6415526.61168 ], [ 516683.32302, 6415521.61678 ], [ 516683.28986, 6415517.62087 ], [ 516683.26498, 6415514.62393 ], [ 516684.23909, 6415511.6187 ], [ 516685.2132, 6415508.61347 ], [ 516686.20389, 6415507.6062 ], [ 516686.20389, 6415507.6062 ], [ 516687.1863, 6415505.59995 ], [ 516689.15939, 6415502.58642 ], [ 516692.13977, 6415500.56359 ], [ 516697.10153, 6415496.52621 ], [ 516702.07158, 6415493.48782 ], [ 516704.06126, 6415492.47225 ], [ 516709.02302, 6415488.43488 ], [ 516714.98377, 6415484.38921 ], [ 516718.95484, 6415481.3591 ], [ 516722.91762, 6415477.33002 ], [ 516724.88242, 6415473.31752 ], [ 516727.83792, 6415468.29774 ], [ 516729.81101, 6415465.28422 ], [ 516732.74164, 6415457.26751 ], [ 516733.69916, 6415452.26432 ], [ 516735.63909, 6415445.25488 ], [ 516735.60592, 6415441.25897 ], [ 516737.56243, 6415436.24749 ], [ 516737.53756, 6415433.25055 ], [ 516737.4961, 6415428.25565 ], [ 516736.4059, 6415417.27517 ], [ 516736.3976, 6415416.27619 ], [ 516736.30639, 6415405.28742 ], [ 516735.21619, 6415394.30694 ], [ 516734.14258, 6415385.32442 ], [ 516733.06896, 6415376.3419 ], [ 516731.97047, 6415364.36244 ], [ 516730.94661, 6415361.37379 ], [ 516727.88331, 6415353.40683 ], [ 516724.82002, 6415345.43988 ], [ 516720.73286, 6415334.48427 ], [ 516720.71628, 6415332.48631 ], [ 516719.69242, 6415329.49767 ], [ 516719.69242, 6415329.49767 ], [ 516716.60424, 6415318.53377 ], [ 516716.57937, 6415315.53684 ], [ 516716.48816, 6415304.54806 ], [ 516715.37308, 6415290.57065 ], [ 516715.26528, 6415277.58392 ], [ 516714.18338, 6415267.60242 ], [ 516714.18338, 6415267.60242 ], [ 516714.13362, 6415261.60854 ], [ 516714.10045, 6415257.61263 ], [ 516716.04867, 6415251.60217 ], [ 516717.98031, 6415243.59375 ], [ 516719.89536, 6415233.58738 ], [ 516721.79383, 6415221.58304 ], [ 516724.69128, 6415209.57042 ], [ 516724.69128, 6415209.57042 ], [ 516724.68299, 6415208.57144 ], [ 516727.53898, 6415191.56392 ], [ 516728.5048, 6415187.55971 ], [ 516729.45403, 6415181.55754 ], [ 516730.43643, 6415179.55129 ], [ 516726.44878, 6415180.58344 ], [ 516713.45367, 6415179.69226 ], [ 516699.45958, 6415178.80936 ], [ 516673.47765, 6415178.02597 ], [ 516669.65584, 6415199.0377 ], [ 516667.80713, 6415217.03591 ], [ 516654.8286, 6415218.14268 ], [ 516645.83773, 6415218.21731 ], [ 516638.8697, 6415221.27229 ], [ 516626.91504, 6415225.36771 ], [ 516622.92739, 6415226.39985 ], [ 516620.93771, 6415227.41542 ], [ 516618.94803, 6415228.43098 ], [ 516617.92416, 6415225.44233 ], [ 516616.83397, 6415214.46186 ], [ 516616.78421, 6415208.46798 ], [ 516615.74377, 6415203.48138 ], [ 516615.70231, 6415198.48648 ], [ 516614.67845, 6415195.49784 ], [ 516600.65118, 6415190.61903 ], [ 516594.64068, 6415188.67082 ], [ 516576.60918, 6415182.8262 ], [ 516574.60292, 6415181.8438 ], [ 516564.57989, 6415177.9308 ], [ 516554.54028, 6415172.01984 ], [ 516543.49339, 6415165.1182 ], [ 516539.47257, 6415162.15443 ], [ 516537.46631, 6415161.17203 ], [ 516534.45277, 6415159.19895 ], [ 516526.41942, 6415154.27039 ], [ 516519.40164, 6415151.3315 ], [ 516513.38285, 6415148.38431 ], [ 516510.36931, 6415146.41123 ], [ 516505.36609, 6415145.45371 ], [ 516498.3566, 6415143.51379 ], [ 516486.33561, 6415139.61737 ], [ 516475.32189, 6415136.71165 ], [ 516473.31562, 6415135.72925 ], [ 516471.31765, 6415135.74583 ], [ 516460.32051, 6415134.83806 ], [ 516450.33065, 6415134.92098 ], [ 516441.33978, 6415134.9956 ], [ 516417.25633, 6415122.20788 ], [ 516410.19709, 6415114.27409 ], [ 516402.14716, 6415107.34757 ], [ 516397.12735, 6415104.39209 ], [ 516388.10331, 6415100.4708 ], [ 516364.03644, 6415089.68103 ], [ 516361.0229, 6415087.70794 ], [ 516335.02439, 6415084.92659 ], [ 516332.01914, 6415083.95248 ], [ 516331.02016, 6415083.96077 ], [ 516310.00829, 6415080.13898 ], [ 516287.00674, 6415077.33275 ], [ 516271.99707, 6415074.46019 ], [ 516268.02601, 6415077.49029 ], [ 516265.19489, 6415097.49475 ], [ 516264.26223, 6415105.49487 ], [ 516261.3399, 6415114.51056 ], [ 516258.48391, 6415131.51808 ], [ 516254.62892, 6415148.53389 ], [ 516253.65481, 6415151.53912 ], [ 516253.6631, 6415152.53809 ], [ 516251.73147, 6415160.54651 ], [ 516249.8247, 6415171.55186 ], [ 516247.91794, 6415182.55722 ], [ 516246.96042, 6415187.5604 ], [ 516245.01219, 6415193.57086 ], [ 516240.10018, 6415203.60211 ], [ 516235.20475, 6415215.63132 ], [ 516229.31034, 6415227.66882 ], [ 516222.40865, 6415238.71563 ], [ 516220.44384, 6415242.72813 ], [ 516213.53386, 6415252.77596 ], [ 516202.69426, 6415270.84879 ], [ 516191.83809, 6415286.92367 ], [ 516182.97988, 6415302.98196 ], [ 516177.07717, 6415314.02048 ], [ 516174.12997, 6415320.03923 ], [ 516174.12997, 6415320.03923 ], [ 516173.14756, 6415322.04548 ], [ 516169.21795, 6415330.07048 ], [ 516164.33082, 6415343.09867 ], [ 516159.4188, 6415353.12992 ], [ 516155.50578, 6415363.15287 ], [ 516150.60206, 6415374.1831 ], [ 516145.67346, 6415382.2164 ], [ 516143.72524, 6415388.22685 ], [ 516140.76974, 6415393.24663 ], [ 516136.80696, 6415397.27571 ], [ 516133.84317, 6415401.2965 ], [ 516132.90223, 6415408.29765 ], [ 516131.98616, 6415418.29573 ], [ 516126.99123, 6415418.33719 ], [ 516115.99409, 6415417.42942 ], [ 516102.00828, 6415417.5455 ], [ 516100.0186, 6415418.56106 ], [ 516095.02367, 6415418.60252 ], [ 516086.04938, 6415420.6751 ], [ 516078.07408, 6415422.73939 ], [ 516065.11213, 6415425.84411 ], [ 516060.13378, 6415427.88353 ], [ 516056.15442, 6415429.91465 ], [ 516042.19349, 6415433.02767 ], [ 516020.25726, 6415438.20498 ], [ 516002.31697, 6415443.34912 ], [ 515995.33236, 6415444.40614 ], [ 515994.34166, 6415445.41341 ], [ 515991.35299, 6415446.43726 ], [ 515985.38395, 6415449.48395 ], [ 515976.42624, 6415453.55449 ], [ 515974.44486, 6415455.56903 ], [ 515971.48936, 6415460.5888 ], [ 515967.55145, 6415467.61482 ], [ 515964.59595, 6415472.63459 ], [ 515961.65703, 6415479.65232 ], [ 515959.7254, 6415487.66074 ], [ 515957.82692, 6415499.66508 ], [ 515955.90357, 6415508.67247 ], [ 515953.94706, 6415513.68395 ], [ 515951.98225, 6415517.69645 ], [ 515949.02675, 6415522.71622 ], [ 515947.06195, 6415526.72872 ], [ 515944.10645, 6415531.74849 ], [ 515942.12506, 6415533.76304 ], [ 515937.16329, 6415537.80041 ], [ 515932.21811, 6415543.83574 ], [ 515927.28122, 6415550.87006 ], [ 515926.29882, 6415552.87631 ], [ 515925.32471, 6415555.88154 ], [ 515925.35787, 6415559.87745 ], [ 515919.422, 6415566.92006 ], [ 515908.30878, 6415552.02657 ], [ 515895.16442, 6415533.15375 ], [ 515881.01278, 6415513.29024 ], [ 515870.89855, 6415498.38846 ], [ 515858.76147, 6415480.50633 ], [ 515852.72609, 6415475.56118 ], [ 515848.71356, 6415473.59638 ], [ 515841.6875, 6415469.65851 ], [ 515835.6687, 6415466.71132 ], [ 515831.64789, 6415463.74754 ], [ 515828.63434, 6415461.77446 ], [ 515824.61353, 6415458.81068 ], [ 515821.59998, 6415456.8376 ], [ 515818.57815, 6415453.86553 ], [ 515814.54075, 6415448.9038 ], [ 515814.54075, 6415448.9038 ], [ 515808.4805, 6415440.96172 ], [ 515800.4057, 6415431.03825 ], [ 515793.32988, 6415421.1065 ], [ 515789.30077, 6415417.14374 ], [ 515787.27792, 6415414.16339 ], [ 515783.2571, 6415411.19962 ], [ 515778.22072, 6415406.24618 ], [ 515773.18433, 6415401.29274 ], [ 515760.1146, 6415391.41073 ], [ 515752.06467, 6415384.4842 ], [ 515746.02929, 6415379.53905 ], [ 515744.00645, 6415376.5587 ], [ 515736.93892, 6415367.62592 ], [ 515726.84127, 6415354.7221 ], [ 515718.75818, 6415343.79966 ], [ 515714.72078, 6415338.83793 ], [ 515713.70521, 6415336.84826 ], [ 515711.67407, 6415332.86893 ], [ 515705.61382, 6415324.92684 ], [ 515696.52345, 6415313.01371 ], [ 515690.45491, 6415304.07264 ], [ 515682.38011, 6415294.14918 ], [ 515675.32088, 6415286.21538 ], [ 515669.27721, 6415280.27125 ], [ 515665.23981, 6415275.30952 ], [ 515657.18988, 6415268.383 ], [ 515650.15553, 6415263.44614 ], [ 515642.1056, 6415256.51961 ], [ 515634.08055, 6415252.59002 ], [ 515626.05549, 6415248.66044 ], [ 515616.02418, 6415243.74845 ], [ 515609.0064, 6415240.80955 ], [ 515604.00318, 6415239.85203 ], [ 515603.00419, 6415239.86032 ], [ 515594.99572, 6415237.92869 ], [ 515586.98725, 6415235.99706 ], [ 515573.96727, 6415232.10893 ], [ 515566.94949, 6415229.17003 ], [ 515558.93273, 6415226.23942 ], [ 515550.90768, 6415222.30983 ], [ 515546.89515, 6415220.34503 ], [ 515541.88364, 6415218.38853 ], [ 515540.87636, 6415217.39784 ], [ 515539.86909, 6415216.40715 ], [ 515536.86384, 6415215.43305 ], [ 515528.8222, 6415209.5055 ], [ 515521.78784, 6415204.56864 ], [ 515514.74519, 6415198.6328 ], [ 515510.72438, 6415195.66903 ], [ 515506.68698, 6415190.7073 ], [ 515501.65059, 6415185.75386 ], [ 515494.59136, 6415177.82006 ], [ 515490.55396, 6415172.85833 ], [ 515488.5477, 6415171.87593 ], [ 515482.57865, 6415174.92262 ], [ 515478.591, 6415175.95476 ], [ 515473.61265, 6415177.99417 ], [ 515469.64158, 6415181.02427 ], [ 515465.66222, 6415183.05539 ], [ 515461.69115, 6415186.0855 ], [ 515458.70249, 6415187.10935 ], [ 515455.72211, 6415189.13218 ], [ 515448.74579, 6415191.18817 ], [ 515444.76643, 6415193.2193 ], [ 515443.77574, 6415194.22657 ], [ 515442.79333, 6415196.23282 ], [ 515442.80163, 6415197.2318 ], [ 515441.81093, 6415198.23907 ], [ 515441.82751, 6415200.23702 ], [ 515445.90637, 6415210.19365 ], [ 515451.00909, 6415223.13893 ], [ 515455.06307, 6415230.09862 ], [ 515458.10977, 6415236.06762 ], [ 515459.13363, 6415239.05627 ], [ 515462.18863, 6415246.02425 ], [ 515464.24464, 6415253.00052 ], [ 515466.30065, 6415259.97679 ], [ 515466.30065, 6415259.97679 ], [ 515468.35666, 6415266.95307 ], [ 515470.40438, 6415272.93036 ], [ 515471.44483, 6415277.91696 ], [ 515473.46767, 6415280.89732 ], [ 515473.48425, 6415282.89528 ], [ 515475.49881, 6415284.87665 ], [ 515477.53824, 6415289.85497 ], [ 515480.57665, 6415294.82499 ], [ 515482.61608, 6415299.80331 ], [ 515486.67006, 6415306.763 ], [ 515492.7386, 6415315.70407 ], [ 515497.79986, 6415323.65444 ], [ 515504.88397, 6415334.58518 ], [ 515511.95978, 6415344.51694 ], [ 515517.01275, 6415351.46834 ], [ 515520.05117, 6415356.43836 ], [ 515522.10718, 6415363.41463 ], [ 515525.14559, 6415368.38465 ], [ 515527.18502, 6415373.36297 ], [ 515531.23071, 6415379.32368 ], [ 515536.28368, 6415386.27508 ], [ 515539.33039, 6415392.24408 ], [ 515539.33868, 6415393.24306 ], [ 515542.37709, 6415398.21309 ], [ 515548.45392, 6415408.15313 ], [ 515551.49234, 6415413.12316 ], [ 515554.53904, 6415419.09216 ], [ 515558.57645, 6415424.05389 ], [ 515562.61385, 6415429.01563 ], [ 515568.65751, 6415434.95976 ], [ 515572.7032, 6415440.92047 ], [ 515576.7406, 6415445.8822 ], [ 515581.80187, 6415453.83258 ], [ 515584.84857, 6415459.80158 ], [ 515586.87971, 6415463.78092 ], [ 515587.90357, 6415466.76956 ], [ 515588.92743, 6415469.75821 ], [ 515589.96787, 6415474.74482 ], [ 515591.00832, 6415479.73142 ], [ 515592.07363, 6415487.71497 ], [ 515595.1535, 6415497.67989 ], [ 515598.25825, 6415510.64175 ], [ 515601.37129, 6415524.60259 ], [ 515603.44388, 6415533.57682 ], [ 515604.47603, 6415537.56444 ], [ 515606.49888, 6415540.5448 ], [ 515607.52274, 6415543.53345 ], [ 515609.54559, 6415546.5138 ], [ 515612.56742, 6415549.48587 ], [ 515616.59653, 6415553.44862 ], [ 515618.61938, 6415556.42898 ], [ 515619.63495, 6415558.41865 ], [ 515621.65779, 6415561.399 ], [ 515622.68994, 6415565.38663 ], [ 515625.72836, 6415570.35665 ], [ 515628.79165, 6415578.32362 ], [ 515634.91823, 6415594.25754 ], [ 515639.02196, 6415607.21111 ], [ 515643.09253, 6415616.16876 ], [ 515648.21183, 6415631.112 ], [ 515653.30626, 6415643.05829 ], [ 515654.32183, 6415645.04796 ], [ 515654.32183, 6415645.04796 ], [ 515659.40796, 6415655.99528 ], [ 515661.45568, 6415661.97258 ], [ 515664.51068, 6415668.94056 ], [ 515665.55942, 6415674.92615 ], [ 515667.60714, 6415680.90344 ], [ 515670.6953, 6415691.86734 ], [ 515674.78245, 6415702.82295 ], [ 515677.86233, 6415712.78787 ], [ 515679.89346, 6415716.76721 ], [ 515681.90802, 6415718.74859 ], [ 515680.00125, 6415729.75394 ], [ 515679.01056, 6415730.76121 ], [ 515677.02917, 6415732.77576 ], [ 515676.05506, 6415735.78099 ], [ 515676.07164, 6415737.77895 ], [ 515676.09651, 6415740.77588 ], [ 515676.1131, 6415742.77384 ], [ 515677.14525, 6415746.76147 ], [ 515678.16911, 6415749.75012 ], [ 515682.25626, 6415760.70573 ], [ 515682.26455, 6415761.70471 ], [ 515684.30398, 6415766.68302 ], [ 515685.33613, 6415770.67065 ], [ 515687.35069, 6415772.65203 ], [ 515689.36524, 6415774.6334 ], [ 515692.39537, 6415778.60445 ], [ 515695.42549, 6415782.57549 ], [ 515695.43378, 6415783.57447 ], [ 515697.45663, 6415786.55483 ], [ 515700.50334, 6415792.52383 ], [ 515702.54277, 6415797.50215 ], [ 515703.57492, 6415801.48978 ], [ 515704.60707, 6415805.4774 ], [ 515705.6641, 6415812.46197 ], [ 515706.71283, 6415818.44756 ], [ 515707.74498, 6415822.43518 ], [ 515708.77714, 6415826.42281 ], [ 515708.81859, 6415831.41771 ], [ 515709.84245, 6415834.40636 ], [ 515709.88391, 6415839.40126 ], [ 515709.93366, 6415845.39513 ], [ 515710.95752, 6415848.38378 ], [ 515712.98037, 6415851.36414 ], [ 515714.00423, 6415854.35279 ], [ 515717.02606, 6415857.32485 ], [ 515723.05315, 6415861.27102 ], [ 515727.06567, 6415863.23582 ], [ 515732.07719, 6415865.19232 ], [ 515739.09497, 6415868.13122 ], [ 515743.1075, 6415870.09602 ], [ 515750.12527, 6415873.03492 ], [ 515755.14508, 6415875.9904 ], [ 515758.16691, 6415878.96247 ], [ 515760.18147, 6415880.94384 ], [ 515762.20432, 6415883.9242 ], [ 515764.21887, 6415885.90558 ], [ 515767.24071, 6415888.87764 ], [ 515768.26457, 6415891.86629 ], [ 515770.2957, 6415895.84562 ], [ 515772.31855, 6415898.82598 ], [ 515773.34241, 6415901.81463 ], [ 515774.36627, 6415904.80328 ], [ 515774.39115, 6415907.80022 ], [ 515774.41602, 6415910.79716 ], [ 515774.44919, 6415914.79307 ], [ 515774.47406, 6415917.79001 ], [ 515773.53312, 6415924.79116 ], [ 515773.54141, 6415925.79014 ], [ 515772.559, 6415927.79639 ], [ 515771.58489, 6415930.80162 ], [ 515771.60148, 6415932.79958 ], [ 515770.64395, 6415937.80277 ], [ 515768.72889, 6415947.80915 ], [ 515766.85529, 6415962.81043 ], [ 515764.9734, 6415976.81273 ], [ 515764.02416, 6415982.8149 ], [ 515763.10809, 6415992.81299 ], [ 515762.16714, 6415999.81414 ], [ 515762.16714, 6415999.81414 ], [ 515760.26866, 6416011.81848 ], [ 515759.30284, 6416015.82269 ], [ 515758.34531, 6416020.82588 ], [ 515755.44785, 6416032.83851 ], [ 515754.49032, 6416037.8417 ], [ 515753.53279, 6416042.84489 ], [ 515750.64362, 6416055.8565 ], [ 515748.74515, 6416067.86084 ], [ 515744.8487, 6416079.88176 ], [ 515744.86528, 6416081.87972 ], [ 515744.86528, 6416081.87972 ], [ 515740.98542, 6416095.8986 ], [ 515737.11384, 6416110.91647 ], [ 515734.21638, 6416122.9291 ], [ 515731.29404, 6416131.94479 ], [ 515729.37069, 6416140.95219 ], [ 515728.38829, 6416142.95844 ], [ 515723.5509, 6416161.98052 ], [ 515722.56849, 6416163.98677 ], [ 515721.59438, 6416166.992 ], [ 515720.62856, 6416170.99621 ], [ 515719.65445, 6416174.00144 ], [ 515718.68863, 6416178.00565 ], [ 515717.71451, 6416181.01088 ], [ 515717.7311, 6416183.00884 ], [ 515717.7311, 6416183.00884 ], [ 515717.73939, 6416184.00782 ], [ 515718.74667, 6416184.99851 ], [ 515719.75394, 6416185.9892 ], [ 515720.76122, 6416186.97989 ], [ 515722.77578, 6416188.96126 ], [ 515723.78306, 6416189.95195 ], [ 515726.78831, 6416190.92606 ], [ 515728.79457, 6416191.90846 ], [ 515730.80913, 6416193.88983 ], [ 515733.82267, 6416195.86292 ], [ 515735.82893, 6416196.84532 ], [ 515736.83621, 6416197.83601 ], [ 515738.85077, 6416199.81738 ], [ 515741.8726, 6416202.78945 ], [ 515743.87887, 6416203.77185 ], [ 515745.89342, 6416205.75323 ], [ 515745.90171, 6416206.75221 ], [ 515748.92355, 6416209.72427 ], [ 515750.9464, 6416212.70463 ], [ 515752.96924, 6416215.68499 ], [ 515755.99937, 6416219.65603 ], [ 515760.03677, 6416224.61777 ], [ 515764.08247, 6416230.57848 ], [ 515766.10532, 6416233.55884 ], [ 515769.12715, 6416236.5309 ], [ 515771.15, 6416239.51126 ], [ 515775.17911, 6416243.47402 ], [ 515778.20924, 6416247.44506 ], [ 515781.23936, 6416251.41611 ], [ 515783.25392, 6416253.39749 ], [ 515787.28303, 6416257.36024 ], [ 515790.29657, 6416259.33333 ], [ 515793.31841, 6416262.30539 ], [ 515796.34024, 6416265.27746 ], [ 515800.36106, 6416268.24123 ], [ 515802.37562, 6416270.22261 ], [ 515803.39119, 6416272.21228 ], [ 515805.40574, 6416274.19366 ], [ 515806.42131, 6416276.18333 ], [ 515807.43688, 6416278.17299 ], [ 515808.45245, 6416280.16266 ], [ 515809.47631, 6416283.15131 ], [ 515810.50017, 6416286.13996 ], [ 515810.50847, 6416287.13894 ], [ 515811.52404, 6416289.12861 ], [ 515811.54891, 6416292.12555 ], [ 515811.56549, 6416294.12351 ], [ 515811.59037, 6416297.12045 ], [ 515811.61524, 6416300.11739 ], [ 515810.64113, 6416303.12262 ], [ 515809.66702, 6416306.12785 ], [ 515809.70018, 6416310.12377 ], [ 515808.73436, 6416314.12798 ], [ 515807.77683, 6416319.13117 ], [ 515806.80272, 6416322.1364 ], [ 515805.84519, 6416327.1396 ], [ 515804.8545, 6416328.14687 ], [ 515804.86279, 6416329.14585 ], [ 515804.87937, 6416331.14381 ], [ 515804.90425, 6416334.14075 ], [ 515805.91982, 6416336.13042 ], [ 515805.9364, 6416338.12838 ], [ 515805.94469, 6416339.12736 ], [ 515805.95298, 6416340.12634 ], [ 515806.97684, 6416343.11498 ], [ 515807.99241, 6416345.10465 ], [ 515800.03369, 6416349.1669 ], [ 515799.0347, 6416349.1752 ], [ 515795.02217, 6416347.2104 ], [ 515793.0242, 6416347.22698 ], [ 515788.02097, 6416346.26946 ], [ 515782.01047, 6416344.32125 ], [ 515777.00724, 6416343.36372 ], [ 515772.01231, 6416343.40518 ], [ 515767.00908, 6416342.44766 ], [ 515760.00789, 6416341.50671 ], [ 515752.0077, 6416340.57406 ], [ 515744.00752, 6416339.64141 ], [ 515736.01562, 6416339.70774 ], [ 515732.01139, 6416338.74193 ], [ 515724.01949, 6416338.80826 ], [ 515715.02032, 6416337.8839 ], [ 515706.02944, 6416337.95852 ], [ 515697.03856, 6416338.03314 ], [ 515688.03939, 6416337.10878 ], [ 515675.05256, 6416337.21657 ], [ 515668.05966, 6416337.27461 ], [ 515665.05441, 6416336.3005 ], [ 515664.06371, 6416337.30777 ], [ 515663.06472, 6416337.31606 ], [ 515660.07606, 6416338.33991 ], [ 515658.08637, 6416339.35548 ], [ 515657.08739, 6416339.36377 ], [ 515657.08739, 6416339.36377 ], [ 515656.09669, 6416340.37104 ], [ 515656.09669, 6416340.37104 ], [ 515655.11429, 6416342.37729 ], [ 515653.1329, 6416344.39183 ], [ 515653.14119, 6416345.39081 ], [ 515653.14948, 6416346.38979 ], [ 515652.17537, 6416349.39502 ], [ 515652.20853, 6416353.39094 ], [ 515652.24999, 6416358.38584 ], [ 515651.29246, 6416363.38904 ], [ 515651.34221, 6416369.38292 ], [ 515651.40025, 6416376.37578 ], [ 515651.49145, 6416387.36456 ], [ 515650.57538, 6416397.36265 ], [ 515650.61684, 6416402.35755 ], [ 515650.65, 6416406.35347 ], [ 515650.67488, 6416409.35041 ], [ 515651.70703, 6416413.33804 ], [ 515651.74019, 6416417.33396 ], [ 515651.76507, 6416420.3309 ], [ 515678.75429, 6416422.105 ], [ 515683.11506, 6416466.02696 ], [ 515683.13164, 6416468.02492 ], [ 515685.25399, 6416482.99304 ] ] ] ] } },
{ "type": "Feature", "properties": { "VALID_GEST": "2024-01-29", "TYPE": "Inscrit", "IDCAUE_EPC": 21 }, "geometry": { "type": "MultiPolygon", "coordinates": [ [ [ [ 531308.20606, 6394919.8358 ], [ 531338.22508, 6394925.58052 ], [ 531364.42243, 6394952.33684 ], [ 531381.55434, 6394970.17715 ], [ 531399.64374, 6394983.0143 ], [ 531409.68327, 6394988.92509 ], [ 531414.70303, 6394991.88049 ], [ 531415.7103, 6394992.87116 ], [ 531418.72382, 6394994.84419 ], [ 531456.86739, 6395016.50601 ], [ 531471.92668, 6395025.3722 ], [ 531511.22194, 6394945.12242 ], [ 531433.00323, 6394909.80715 ], [ 531417.96054, 6394902.93891 ], [ 531378.85118, 6394885.28127 ], [ 531348.77409, 6394872.54376 ], [ 531347.45985, 6394834.59119 ], [ 531359.41436, 6394830.49566 ], [ 531348.23481, 6394807.61068 ], [ 531348.22652, 6394806.61171 ], [ 531334.99925, 6394777.74952 ], [ 531332.97641, 6394774.76922 ], [ 531314.80405, 6394751.94236 ], [ 531307.89419, 6394761.99019 ], [ 531305.87965, 6394760.00885 ], [ 531294.79966, 6394749.11152 ], [ 531282.72071, 6394738.22249 ], [ 531282.71241, 6394737.22352 ], [ 531280.70616, 6394736.24115 ], [ 531280.71446, 6394737.24012 ], [ 531272.68118, 6394732.3117 ], [ 531266.63756, 6394726.3677 ], [ 531258.57939, 6394718.44236 ], [ 531251.52849, 6394711.50769 ], [ 531251.52849, 6394711.50769 ], [ 531248.49838, 6394707.53672 ], [ 531256.45699, 6394703.47442 ], [ 531264.4156, 6394699.41211 ], [ 531283.32975, 6394691.26258 ], [ 531297.25732, 6394684.15354 ], [ 531299.24697, 6394683.13797 ], [ 531304.21695, 6394680.09954 ], [ 531303.19309, 6394677.11093 ], [ 531296.20027, 6394677.16906 ], [ 531280.23327, 6394679.29985 ], [ 531280.24156, 6394680.29882 ], [ 531276.25396, 6394681.33101 ], [ 531258.28901, 6394683.47841 ], [ 531244.31166, 6394684.59362 ], [ 531235.32919, 6394685.66732 ], [ 531226.34671, 6394686.74102 ], [ 531216.37356, 6394688.822 ], [ 531207.40768, 6394691.89364 ], [ 531202.43769, 6394694.93207 ], [ 531201.44702, 6394695.93934 ], [ 531201.44702, 6394695.93934 ], [ 531193.505, 6394701.99959 ], [ 531189.54228, 6394706.02868 ], [ 531184.58889, 6394711.06505 ], [ 531181.62515, 6394715.08584 ], [ 531176.69665, 6394723.11912 ], [ 531173.81588, 6394737.12961 ], [ 531172.8252, 6394738.13688 ], [ 531170.86044, 6394742.14937 ], [ 531167.93818, 6394751.16501 ], [ 531166.03979, 6394763.16926 ], [ 531164.14139, 6394775.17351 ], [ 531164.24095, 6394787.16115 ], [ 531174.30536, 6394796.06885 ], [ 531179.36661, 6394804.01909 ], [ 531184.34489, 6394801.97964 ], [ 531186.38432, 6394806.95788 ], [ 531188.37397, 6394805.9423 ], [ 531199.3544, 6394804.852 ], [ 531204.34927, 6394804.81048 ], [ 531204.39075, 6394809.80533 ], [ 531203.39178, 6394809.81364 ], [ 531202.52555, 6394825.80546 ], [ 531202.52555, 6394825.80546 ], [ 531200.7599, 6394853.79323 ], [ 531200.7599, 6394853.79323 ], [ 531199.97663, 6394879.77476 ], [ 531211.05661, 6394890.6721 ], [ 531219.09819, 6394896.5995 ], [ 531228.13044, 6394901.51962 ], [ 531235.15645, 6394905.45738 ], [ 531243.16484, 6394907.38889 ], [ 531248.17631, 6394909.34532 ], [ 531261.17957, 6394911.23532 ], [ 531278.18704, 6394914.09107 ], [ 531283.19021, 6394915.04853 ], [ 531308.20606, 6394919.8358 ] ] ] ] } },
{ "type": "Feature", "properties": { "VALID_GEST": "2024-01-29", "TYPE": "Inscrit", "IDCAUE_EPC": 21 }, "geometry": { "type": "MultiPolygon", "coordinates": [ [ [ [ 523236.00995, 6417795.02362 ], [ 523240.01419, 6417795.98943 ], [ 523243.01114, 6417795.96456 ], [ 523264.00642, 6417797.78841 ], [ 523264.98881, 6417795.78215 ], [ 523252.94292, 6417788.88878 ], [ 523252.90974, 6417784.89286 ], [ 523254.86624, 6417779.88137 ], [ 523256.78125, 6417769.87498 ], [ 523259.71184, 6417761.85826 ], [ 523264.59063, 6417747.83107 ], [ 523253.56862, 6417743.92635 ], [ 523230.54219, 6417738.12316 ], [ 523229.5432, 6417738.13146 ], [ 523223.5327, 6417736.18324 ], [ 523218.52948, 6417735.22572 ], [ 523215.59059, 6417742.24345 ], [ 523213.59262, 6417742.26004 ], [ 523212.62682, 6417746.26425 ], [ 523211.6859, 6417753.26541 ], [ 523211.6942, 6417754.26439 ], [ 523210.69521, 6417754.27268 ], [ 523210.70351, 6417755.27166 ], [ 523210.70351, 6417755.27166 ], [ 523210.75328, 6417761.26555 ], [ 523209.7543, 6417761.27384 ], [ 523209.76259, 6417762.27282 ], [ 523210.76158, 6417762.26453 ], [ 523210.76987, 6417763.26351 ], [ 523211.76886, 6417763.25522 ], [ 523211.76056, 6417762.25624 ], [ 523215.7648, 6417763.22205 ], [ 523215.7648, 6417763.22205 ], [ 523216.76378, 6417763.21376 ], [ 523216.76378, 6417763.21376 ], [ 523220.75972, 6417763.1806 ], [ 523220.76802, 6417764.17958 ], [ 523222.76599, 6417764.16299 ], [ 523222.75769, 6417763.16401 ], [ 523226.76193, 6417764.12983 ], [ 523226.76193, 6417764.12983 ], [ 523228.7599, 6417764.11325 ], [ 523228.7599, 6417764.11325 ], [ 523234.75381, 6417764.0635 ], [ 523234.7621, 6417765.06248 ], [ 523235.76109, 6417765.05419 ], [ 523233.83778, 6417774.0616 ], [ 523234.87824, 6417779.04821 ], [ 523232.91345, 6417783.06072 ], [ 523233.92903, 6417785.05039 ], [ 523233.96221, 6417789.04631 ], [ 523236.00995, 6417795.02362 ] ] ] ] } },
{ "type": "Feature", "properties": { "VALID_GEST": "2024-01-29", "TYPE": "Inscrit", "IDCAUE_EPC": 21 }, "geometry": { "type": "MultiPolygon", "coordinates": [ [ [ [ 532539.06277, 6396607.97382 ], [ 532540.09493, 6396611.96141 ], [ 532576.81642, 6396582.68399 ], [ 532587.73048, 6396573.60191 ], [ 532600.63419, 6396563.50425 ], [ 532631.39501, 6396538.27254 ], [ 532638.32147, 6396530.22264 ], [ 532650.20961, 6396518.13533 ], [ 532659.09252, 6396505.07396 ], [ 532663.03864, 6396499.04691 ], [ 532663.03864, 6396499.04691 ], [ 532677.84904, 6396477.94395 ], [ 532697.58793, 6396448.80768 ], [ 532705.54655, 6396444.74537 ], [ 532801.03335, 6396393.99963 ], [ 532829.87919, 6396378.77425 ], [ 532831.86884, 6396377.75867 ], [ 532857.72605, 6396363.55717 ], [ 532900.49946, 6396341.22272 ], [ 532935.32255, 6396323.94957 ], [ 532989.55766, 6396358.46521 ], [ 533001.33793, 6396333.39126 ], [ 533018.99589, 6396294.28187 ], [ 533031.76683, 6396268.20064 ], [ 533037.61133, 6396250.16932 ], [ 533047.35216, 6396220.11711 ], [ 533055.14482, 6396196.07534 ], [ 533064.81097, 6396157.03238 ], [ 533074.45222, 6396114.99251 ], [ 533086.03334, 6396065.94322 ], [ 533089.87988, 6396047.9285 ], [ 533097.78871, 6396037.87235 ], [ 533106.67992, 6396025.80995 ], [ 533106.67992, 6396025.80995 ], [ 533114.58045, 6396014.75482 ], [ 533137.30795, 6395984.59466 ], [ 533142.25305, 6395978.55931 ], [ 533168.99305, 6395950.36388 ], [ 533271.96544, 6395838.61434 ], [ 533274.93748, 6395835.59251 ], [ 533212.59441, 6395787.15773 ], [ 533158.29293, 6395744.65035 ], [ 533151.25032, 6395738.71464 ], [ 533150.25134, 6395738.72295 ], [ 533136.17441, 6395727.85051 ], [ 533131.15464, 6395724.89511 ], [ 533123.12135, 6395719.96669 ], [ 533111.09216, 6395715.07147 ], [ 533105.09001, 6395714.12233 ], [ 533075.09585, 6395711.37453 ], [ 533075.05437, 6395706.37967 ], [ 533087.54318, 6395646.3334 ], [ 533098.13362, 6395598.2914 ], [ 533108.73236, 6395551.24837 ], [ 533116.40885, 6395513.221 ], [ 533120.28028, 6395498.20321 ], [ 533122.19525, 6395488.19688 ], [ 533128.83957, 6395446.18193 ], [ 533130.74625, 6395435.17663 ], [ 533127.40912, 6395394.2437 ], [ 533127.38422, 6395391.24678 ], [ 533119.71928, 6395310.3882 ], [ 533115.40807, 6395272.46049 ], [ 533115.39977, 6395271.46151 ], [ 533113.28565, 6395257.49252 ], [ 533110.19745, 6395246.52874 ], [ 533099.92558, 6395212.64675 ], [ 533106.87692, 6395207.59376 ], [ 533102.74825, 6395191.64343 ], [ 533084.64224, 6395176.80833 ], [ 533082.6028, 6395171.83008 ], [ 533075.5187, 6395160.89953 ], [ 533063.29037, 6395132.029 ], [ 533059.02894, 6395100.09513 ], [ 533057.87231, 6395081.12297 ], [ 533056.78206, 6395070.14259 ], [ 533055.76649, 6395068.15295 ], [ 533050.31524, 6395013.25104 ], [ 533042.90754, 6394963.36059 ], [ 533041.61814, 6394928.4049 ], [ 533041.60984, 6394927.40593 ], [ 533041.56836, 6394922.41107 ], [ 533041.53516, 6394918.41518 ], [ 533041.49368, 6394913.42032 ], [ 533041.47708, 6394911.42238 ], [ 533040.46151, 6394909.43274 ], [ 533037.44799, 6394907.45971 ], [ 533028.44062, 6394905.53651 ], [ 533027.43335, 6394904.54584 ], [ 533037.28204, 6394887.48029 ], [ 533033.26125, 6394884.51659 ], [ 533029.23216, 6394880.55392 ], [ 533023.09725, 6394863.62123 ], [ 533023.09725, 6394863.62123 ], [ 533015.91358, 6394840.70302 ], [ 533015.90528, 6394839.70405 ], [ 533015.90528, 6394839.70405 ], [ 532984.72962, 6394814.98721 ], [ 532972.70044, 6394810.09201 ], [ 532955.66808, 6394804.23936 ], [ 532955.65149, 6394802.24141 ], [ 532957.37561, 6394769.25875 ], [ 532956.35175, 6394766.27014 ], [ 532945.30494, 6394759.36869 ], [ 532930.27054, 6394753.49943 ], [ 532928.28088, 6394754.51501 ], [ 532916.2517, 6394749.61981 ], [ 532918.21646, 6394745.60732 ], [ 532919.19884, 6394743.60107 ], [ 532932.00296, 6394721.51574 ], [ 532940.7614, 6394693.46981 ], [ 532955.34773, 6394645.39462 ], [ 532961.20052, 6394628.36228 ], [ 532963.06571, 6394612.36214 ], [ 532963.00763, 6394605.36934 ], [ 532963.98171, 6394602.36412 ], [ 532964.95579, 6394599.3589 ], [ 532967.91122, 6394594.33913 ], [ 532968.8936, 6394592.33288 ], [ 532971.83244, 6394585.31517 ], [ 532975.72877, 6394573.2943 ], [ 532977.64374, 6394563.28798 ], [ 532984.55359, 6394553.24013 ], [ 532989.49868, 6394547.20478 ], [ 532996.44171, 6394541.15282 ], [ 533021.23353, 6394518.96784 ], [ 533045.04296, 6394498.7891 ], [ 533062.96642, 6394491.64682 ], [ 533044.74424, 6394462.82614 ], [ 533061.59405, 6394446.70142 ], [ 533098.32377, 6394418.42295 ], [ 533080.12648, 6394392.59919 ], [ 533062.94477, 6394368.76507 ], [ 533061.9292, 6394366.77543 ], [ 533060.92193, 6394365.78476 ], [ 533057.89182, 6394361.81379 ], [ 533056.87625, 6394359.82416 ], [ 533064.6772, 6394336.78138 ], [ 533063.51227, 6394316.81027 ], [ 533063.51227, 6394316.81027 ], [ 533062.30585, 6394291.8443 ], [ 533059.27574, 6394287.87333 ], [ 533059.27574, 6394287.87333 ], [ 533046.12312, 6394268.00187 ], [ 533045.11585, 6394267.0112 ], [ 533030.93936, 6394244.15114 ], [ 533022.01497, 6394252.21765 ], [ 533022.01497, 6394252.21765 ], [ 533019.03464, 6394254.24051 ], [ 533006.14755, 6394266.33612 ], [ 532997.14018, 6394264.41293 ], [ 532983.12965, 6394261.53228 ], [ 532968.16993, 6394264.65377 ], [ 532953.14383, 6394259.78349 ], [ 532937.11875, 6394254.92151 ], [ 532926.13003, 6394255.01286 ], [ 532915.14131, 6394255.10422 ], [ 532905.14327, 6394254.18829 ], [ 532901.15567, 6394255.22048 ], [ 532878.22075, 6394260.40635 ], [ 532868.2559, 6394263.48631 ], [ 532864.2683, 6394264.5185 ], [ 532852.33039, 6394270.61198 ], [ 532846.31995, 6394268.66387 ], [ 532832.28453, 6394262.78631 ], [ 532813.23763, 6394254.95233 ], [ 532813.23763, 6394254.95233 ], [ 532808.22617, 6394252.99592 ], [ 532801.20016, 6394249.05817 ], [ 532789.15438, 6394242.16503 ], [ 532765.05454, 6394227.37978 ], [ 532752.00149, 6394219.49597 ], [ 532747.9724, 6394215.53331 ], [ 532743.92672, 6394209.5727 ], [ 532742.84477, 6394199.5913 ], [ 532753.74222, 6394188.51127 ], [ 532753.74222, 6394188.51127 ], [ 532766.60442, 6394173.41875 ], [ 532744.46933, 6394154.62101 ], [ 532742.45479, 6394152.63968 ], [ 532741.44752, 6394151.64901 ], [ 532736.42775, 6394148.69362 ], [ 532725.37266, 6394140.79321 ], [ 532715.32483, 6394133.88346 ], [ 532713.31029, 6394131.90213 ], [ 532712.31132, 6394131.91044 ], [ 532709.32269, 6394132.93432 ], [ 532700.34852, 6394135.007 ], [ 532700.34852, 6394135.007 ], [ 532694.37127, 6394137.05477 ], [ 532688.39402, 6394139.10254 ], [ 532685.3888, 6394138.12849 ], [ 532681.3846, 6394137.16274 ], [ 532654.32102, 6394126.39829 ], [ 532645.28047, 6394120.47921 ], [ 532640.23582, 6394114.52691 ], [ 532633.17662, 6394106.59327 ], [ 532632.16935, 6394105.60261 ], [ 532632.14445, 6394102.6057 ], [ 532628.09877, 6394096.64509 ], [ 532624.0365, 6394088.68654 ], [ 532623.02923, 6394087.69588 ], [ 532621.00638, 6394084.71558 ], [ 532613.97208, 6394079.77886 ], [ 532606.94607, 6394075.84111 ], [ 532600.91903, 6394071.89505 ], [ 532592.86086, 6394063.96973 ], [ 532582.77985, 6394053.0641 ], [ 532573.75589, 6394049.14296 ], [ 532569.7517, 6394048.17721 ], [ 532566.75477, 6394048.20212 ], [ 532563.76615, 6394049.22601 ], [ 532559.77855, 6394050.25819 ], [ 532545.86759, 6394059.3652 ], [ 532535.92763, 6394065.44207 ], [ 532515.06533, 6394079.60205 ], [ 532515.06533, 6394079.60205 ], [ 532503.14402, 6394087.69347 ], [ 532483.21432, 6394093.85339 ], [ 532432.46577, 6394118.25221 ], [ 532407.55779, 6394126.45159 ], [ 532406.56712, 6394127.45887 ], [ 532406.56712, 6394127.45887 ], [ 532398.59192, 6394129.52324 ], [ 532392.60637, 6394130.57204 ], [ 532366.69942, 6394138.77972 ], [ 532348.74277, 6394141.92612 ], [ 532327.88877, 6394157.08507 ], [ 532325.90742, 6394159.09962 ], [ 532313.97781, 6394166.19206 ], [ 532309.97361, 6394165.22631 ], [ 532306.96839, 6394164.25225 ], [ 532303.92169, 6394158.28334 ], [ 532283.79285, 6394140.46797 ], [ 532278.77309, 6394137.51258 ], [ 532278.77309, 6394137.51258 ], [ 532276.75855, 6394135.53124 ], [ 532244.61713, 6394114.81861 ], [ 532244.60054, 6394112.82067 ], [ 532245.56632, 6394108.81648 ], [ 532245.56632, 6394108.81648 ], [ 532261.01889, 6394044.74951 ], [ 532261.98468, 6394040.74532 ], [ 532261.98468, 6394040.74532 ], [ 532265.85612, 6394025.72755 ], [ 532268.76177, 6394014.71396 ], [ 532268.72029, 6394009.71911 ], [ 532268.54605, 6393988.74073 ], [ 532271.49319, 6393982.722 ], [ 532272.42578, 6393974.72193 ], [ 532273.39157, 6393970.71775 ], [ 532273.39157, 6393970.71775 ], [ 532278.07944, 6393933.71432 ], [ 532278.04625, 6393929.71844 ], [ 532279.02863, 6393927.7122 ], [ 532274.03376, 6393927.75372 ], [ 532269.0306, 6393926.79627 ], [ 532249.05941, 6393927.96133 ], [ 532246.06249, 6393927.98625 ], [ 532243.06557, 6393928.01116 ], [ 532241.1257, 6393935.02056 ], [ 532229.35373, 6393961.09344 ], [ 532229.31225, 6393956.09859 ], [ 532229.31225, 6393956.09859 ], [ 532227.09028, 6393929.143 ], [ 532228.07266, 6393927.13676 ], [ 532231.05299, 6393925.1139 ], [ 532226.01663, 6393920.16058 ], [ 532222.97822, 6393915.19064 ], [ 532212.91381, 6393906.28295 ], [ 532209.90029, 6393904.30993 ], [ 532203.86496, 6393899.3649 ], [ 532200.85144, 6393897.39188 ], [ 532198.82861, 6393894.41157 ], [ 532198.82031, 6393893.4126 ], [ 532191.72792, 6393881.48309 ], [ 532183.61997, 6393867.56395 ], [ 532181.60543, 6393865.58262 ], [ 532171.55761, 6393858.67287 ], [ 532169.53477, 6393855.69257 ], [ 532163.49944, 6393850.74755 ], [ 532150.41321, 6393838.86786 ], [ 532145.38516, 6393834.91351 ], [ 532134.33006, 6393827.01309 ], [ 532132.32382, 6393826.03073 ], [ 532132.32382, 6393826.03073 ], [ 532125.29781, 6393822.09299 ], [ 532117.28113, 6393819.16251 ], [ 532113.27694, 6393818.19676 ], [ 532104.27787, 6393817.27253 ], [ 532080.3025, 6393817.47184 ], [ 532077.32217, 6393819.49469 ], [ 532056.3852, 6393824.66394 ], [ 532047.41103, 6393826.73662 ], [ 532038.42026, 6393826.81136 ], [ 532035.41504, 6393825.8373 ], [ 532022.3869, 6393820.95041 ], [ 532015.37748, 6393819.0106 ], [ 532015.37748, 6393819.0106 ], [ 532009.36705, 6393817.06249 ], [ 531992.30152, 6393807.21396 ], [ 531984.27654, 6393803.28452 ], [ 531975.19451, 6393792.37059 ], [ 531965.1052, 6393780.46599 ], [ 531949.22118, 6393792.5865 ], [ 531946.24085, 6393794.60936 ], [ 531945.1838, 6393787.62487 ], [ 531947.12367, 6393780.61547 ], [ 531947.11537, 6393779.6165 ], [ 531949.99614, 6393765.60601 ], [ 531953.93396, 6393758.58 ], [ 531967.72876, 6393735.48743 ], [ 531973.63134, 6393724.44894 ], [ 531987.5423, 6393715.34194 ], [ 531988.54127, 6393715.33364 ], [ 531994.50193, 6393711.28793 ], [ 532004.44189, 6393705.21107 ], [ 532012.33412, 6393693.15699 ], [ 532011.32685, 6393692.16633 ], [ 532011.32685, 6393692.16633 ], [ 532011.31855, 6393691.16736 ], [ 532019.16099, 6393673.11946 ], [ 532023.08222, 6393664.09551 ], [ 532026.01276, 6393656.07884 ], [ 532031.91534, 6393645.04035 ], [ 532039.83246, 6393635.98318 ], [ 532039.83246, 6393635.98318 ], [ 532039.82416, 6393634.98421 ], [ 532050.69671, 6393620.90728 ], [ 532057.62316, 6393612.85739 ], [ 532060.58689, 6393608.83659 ], [ 532056.59099, 6393608.86981 ], [ 532059.47176, 6393594.85932 ], [ 532063.30171, 6393574.8467 ], [ 532063.30171, 6393574.8467 ], [ 532066.19907, 6393562.83415 ], [ 532071.9523, 6393533.8142 ], [ 532072.90149, 6393527.81207 ], [ 532072.90149, 6393527.81207 ], [ 532076.77293, 6393512.79431 ], [ 532077.73872, 6393508.79012 ], [ 532079.48775, 6393478.80442 ], [ 532080.39546, 6393467.80745 ], [ 532083.16006, 6393439.81138 ], [ 532083.15177, 6393438.81241 ], [ 532084.05947, 6393427.81544 ], [ 532088.78054, 6393394.80791 ], [ 532088.77224, 6393393.80894 ], [ 532098.57944, 6393371.74856 ], [ 532112.33276, 6393343.66114 ], [ 532116.25398, 6393334.63719 ], [ 532116.25398, 6393334.63719 ], [ 532119.20112, 6393328.61846 ], [ 532121.14928, 6393322.60803 ], [ 532123.06426, 6393312.60172 ], [ 532128.776, 6393278.58692 ], [ 532134.52923, 6393249.56697 ], [ 532134.52923, 6393249.56697 ], [ 532135.48672, 6393244.56382 ], [ 532142.15595, 6393205.54587 ], [ 532146.93509, 6393179.53113 ], [ 532149.79096, 6393162.52373 ], [ 532150.78164, 6393161.51646 ], [ 532152.64683, 6393145.51633 ], [ 532156.48508, 6393126.50269 ], [ 532172.03721, 6393074.42339 ], [ 532173.01959, 6393072.41715 ], [ 532172.9947, 6393069.42024 ], [ 532172.9864, 6393068.42127 ], [ 532172.96151, 6393065.42436 ], [ 532174.85989, 6393053.42011 ], [ 532175.73441, 6393038.42726 ], [ 532177.49174, 6393009.44054 ], [ 532026.14893, 6392950.75643 ], [ 531982.04475, 6392933.1404 ], [ 531912.89157, 6392906.74128 ], [ 531897.85719, 6392900.87203 ], [ 531889.84881, 6392898.94054 ], [ 531873.81545, 6392893.0796 ], [ 531862.81015, 6392891.17302 ], [ 531845.80271, 6392888.31729 ], [ 531840.80785, 6392888.35882 ], [ 531822.85951, 6392892.50418 ], [ 531817.88124, 6392894.54364 ], [ 531777.07267, 6392912.86559 ], [ 531769.11407, 6392916.92791 ], [ 531725.37496, 6392943.26652 ], [ 531724.38429, 6392944.27379 ], [ 531721.40396, 6392946.29665 ], [ 531720.41328, 6392947.30392 ], [ 531718.43193, 6392949.31847 ], [ 531712.47128, 6392953.36417 ], [ 531691.64218, 6392971.52002 ], [ 531680.72814, 6392980.6021 ], [ 531665.86799, 6392995.71121 ], [ 531661.91358, 6393000.73927 ], [ 531661.91358, 6393000.73927 ], [ 531656.97679, 6393007.77358 ], [ 531654.98714, 6393008.78916 ], [ 531654.98714, 6393008.78916 ], [ 531631.14452, 6393024.97198 ], [ 531615.21903, 6393032.09764 ], [ 531578.34827, 6393043.39357 ], [ 531577.3493, 6393043.40188 ], [ 531576.33373, 6393041.41224 ], [ 531572.29635, 6393036.45061 ], [ 531566.28592, 6393034.5025 ], [ 531561.25787, 6393030.54815 ], [ 531555.23084, 6393026.6021 ], [ 531546.20689, 6393022.68097 ], [ 531538.2151, 6393022.7474 ], [ 531536.20886, 6393021.76504 ], [ 531534.20262, 6393020.78268 ], [ 531529.14137, 6393012.83245 ], [ 531518.10289, 6393006.92999 ], [ 531495.99273, 6392991.12919 ], [ 531489.97399, 6392988.18211 ], [ 531488.95843, 6392986.19247 ], [ 531485.90343, 6392979.2246 ], [ 531482.83184, 6392970.25879 ], [ 531478.80276, 6392966.29614 ], [ 531478.78617, 6392964.2982 ], [ 531483.71466, 6392956.26492 ], [ 531481.66694, 6392950.28772 ], [ 531482.64102, 6392947.28251 ], [ 531485.59646, 6392942.26275 ], [ 531491.44925, 6392925.23045 ], [ 531499.3, 6392908.18153 ], [ 531503.22952, 6392900.15656 ], [ 531507.19223, 6392896.12747 ], [ 531515.13423, 6392890.06722 ], [ 531518.08967, 6392885.04746 ], [ 531516.02535, 6392877.07231 ], [ 531513.97762, 6392871.09511 ], [ 531509.95684, 6392868.13142 ], [ 531500.94949, 6392866.20823 ], [ 531496.937, 6392864.24351 ], [ 531484.90784, 6392859.34832 ], [ 531477.89843, 6392857.40851 ], [ 531472.88697, 6392855.4521 ], [ 531465.86097, 6392851.51435 ], [ 531453.8484, 6392848.6171 ], [ 531451.83386, 6392846.63578 ], [ 531446.78921, 6392840.68348 ], [ 531443.784, 6392839.70943 ], [ 531438.78913, 6392839.75095 ], [ 531435.78391, 6392838.7769 ], [ 531424.73713, 6392831.87547 ], [ 531413.73183, 6392829.96888 ], [ 531411.72559, 6392828.98652 ], [ 531409.72764, 6392829.00313 ], [ 531408.72867, 6392829.01143 ], [ 531407.75459, 6392832.01665 ], [ 531407.75459, 6392832.01665 ], [ 531403.83336, 6392841.04059 ], [ 531403.83336, 6392841.04059 ], [ 531402.84268, 6392842.04786 ], [ 531395.88306, 6392846.10187 ], [ 531392.89443, 6392847.12575 ], [ 531382.97937, 6392856.19952 ], [ 531384.99391, 6392858.18085 ], [ 531371.06636, 6392865.28989 ], [ 531368.07774, 6392866.31378 ], [ 531363.09946, 6392868.35324 ], [ 531353.12632, 6392870.43422 ], [ 531344.16875, 6392874.50484 ], [ 531339.19047, 6392876.5443 ], [ 531335.21117, 6392878.57545 ], [ 531334.2122, 6392878.58376 ], [ 531332.22255, 6392879.59934 ], [ 531331.23187, 6392880.60661 ], [ 531324.27225, 6392884.66062 ], [ 531314.3157, 6392888.73954 ], [ 531307.34777, 6392891.79458 ], [ 531300.38815, 6392895.84859 ], [ 531296.41714, 6392898.87871 ], [ 531291.44716, 6392901.91714 ], [ 531286.49378, 6392906.95351 ], [ 531282.52278, 6392909.98363 ], [ 531276.58701, 6392917.02624 ], [ 531275.59633, 6392918.03351 ], [ 531273.63157, 6392922.046 ], [ 531276.71146, 6392932.01077 ], [ 531279.79964, 6392942.97452 ], [ 531273.82239, 6392945.02228 ], [ 531266.88765, 6392952.0732 ], [ 531244.91024, 6392952.2559 ], [ 531239.92367, 6392953.29639 ], [ 531214.01673, 6392961.50405 ], [ 531200.06429, 6392965.61619 ], [ 531175.13973, 6392971.81762 ], [ 531163.18524, 6392975.91314 ], [ 531157.19969, 6392976.96194 ], [ 531152.21312, 6392978.00243 ], [ 531121.31132, 6392986.25162 ], [ 531111.34647, 6392989.33157 ], [ 531111.34647, 6392989.33157 ], [ 531097.36084, 6392989.44783 ], [ 531081.36897, 6392988.58173 ], [ 531064.37813, 6392987.72393 ], [ 531051.39147, 6392987.83189 ], [ 531039.3955, 6392986.93257 ], [ 531028.40679, 6392987.02392 ], [ 531004.42313, 6392986.22425 ], [ 530981.43845, 6392985.41628 ], [ 530975.44461, 6392985.46611 ], [ 530974.44563, 6392985.47441 ], [ 530964.4476, 6392984.55849 ], [ 530963.44863, 6392984.56679 ], [ 530948.48062, 6392986.68929 ], [ 530946.48267, 6392986.7059 ], [ 530943.49405, 6392987.72978 ], [ 530929.53331, 6392990.84295 ], [ 530927.54366, 6392991.85852 ], [ 530926.54469, 6392991.86683 ], [ 530902.68547, 6393006.05169 ], [ 530889.76519, 6393014.1514 ], [ 530871.87492, 6393025.28953 ], [ 530864.91529, 6393029.34353 ], [ 530856.94839, 6393032.40687 ], [ 530845.01049, 6393038.50033 ], [ 530844.01981, 6393039.5076 ], [ 530845.01879, 6393039.4993 ], [ 530845.06856, 6393045.49311 ], [ 530846.29983, 6393073.45593 ], [ 530846.30812, 6393074.4549 ], [ 530847.34028, 6393078.44247 ], [ 530848.53007, 6393101.41045 ], [ 530848.62133, 6393112.39911 ], [ 530850.85986, 6393141.35259 ], [ 530850.92623, 6393149.34434 ], [ 530834.98414, 6393154.47205 ], [ 530749.3213, 6393185.15526 ], [ 530686.56018, 6393206.65675 ], [ 530677.6026, 6393210.72736 ], [ 530677.6026, 6393210.72736 ], [ 530631.77426, 6393226.09387 ], [ 530588.90135, 6393236.44062 ], [ 530582.9241, 6393238.48839 ], [ 530552.13014, 6393259.72415 ], [ 530522.40981, 6393289.94232 ], [ 530519.44607, 6393293.96311 ], [ 530518.4471, 6393293.97141 ], [ 530502.61285, 6393312.08571 ], [ 530492.71436, 6393323.1574 ], [ 530482.84077, 6393337.226 ], [ 530467.05629, 6393361.3341 ], [ 530462.07802, 6393363.37356 ], [ 530406.18527, 6393369.83238 ], [ 530370.2471, 6393373.12821 ], [ 530369.25642, 6393374.13548 ], [ 530364.26156, 6393374.177 ], [ 530338.31313, 6393377.3898 ], [ 530324.33579, 6393378.50502 ], [ 530311.35743, 6393379.61193 ], [ 530280.38925, 6393379.86934 ], [ 530258.42012, 6393381.05099 ], [ 530249.42936, 6393381.12572 ], [ 530189.49094, 6393381.62393 ], [ 530189.49094, 6393381.62393 ], [ 530139.54225, 6393382.0391 ], [ 530130.55149, 6393382.11383 ], [ 530089.59357, 6393382.45427 ], [ 530060.62333, 6393382.69506 ], [ 530072.81011, 6393406.57067 ], [ 530104.31751, 6393471.24622 ], [ 530104.31751, 6393471.24622 ], [ 530106.35694, 6393476.22446 ], [ 530116.52918, 6393498.11873 ], [ 530153.11441, 6393572.74246 ], [ 530153.12271, 6393573.74143 ], [ 530158.20053, 6393583.6896 ], [ 530160.23996, 6393588.66783 ], [ 530147.41092, 6393607.75618 ], [ 530140.50106, 6393617.80399 ], [ 530133.5912, 6393627.8518 ], [ 530133.5912, 6393627.8518 ], [ 530113.78593, 6393648.99621 ], [ 530091.99101, 6393671.15619 ], [ 530064.20224, 6393693.36599 ], [ 530063.20327, 6393693.37429 ], [ 530060.22294, 6393695.39714 ], [ 530042.35755, 6393709.53216 ], [ 530013.56981, 6393731.75026 ], [ 530020.72024, 6393750.67255 ], [ 530025.75659, 6393755.62587 ], [ 530034.79713, 6393761.54496 ], [ 530038.80962, 6393763.50968 ], [ 530036.83655, 6393766.5232 ], [ 530015.11629, 6393797.67389 ], [ 529975.63847, 6393855.9462 ], [ 529987.68423, 6393862.83935 ], [ 529996.72477, 6393868.75843 ], [ 529997.72374, 6393868.75013 ], [ 530006.76428, 6393874.66922 ], [ 530014.80585, 6393880.5966 ], [ 530031.88796, 6393892.44308 ], [ 530038.93055, 6393898.37877 ], [ 530043.9503, 6393901.33416 ], [ 530056.99504, 6393908.219 ], [ 530055.01368, 6393910.23355 ], [ 530044.10792, 6393920.31457 ], [ 530034.15136, 6393924.39348 ], [ 530031.17933, 6393927.41529 ], [ 530024.22799, 6393932.46826 ], [ 530020.2072, 6393929.50456 ], [ 530009.26826, 6393935.58971 ], [ 530008.27758, 6393936.59698 ], [ 530008.27758, 6393936.59698 ], [ 530013.28905, 6393938.5534 ], [ 530022.33788, 6393945.47146 ], [ 530025.35969, 6393948.44345 ], [ 530033.40126, 6393954.37084 ], [ 530035.43239, 6393958.35011 ], [ 530043.44907, 6393961.2806 ], [ 530058.49175, 6393968.14883 ], [ 530063.51151, 6393971.10423 ], [ 530067.53229, 6393974.06792 ], [ 530075.59045, 6393981.99325 ], [ 530082.72429, 6393998.9176 ], [ 530086.81144, 6394009.87304 ], [ 530096.89243, 6394020.77867 ], [ 530105.95786, 6394029.69467 ], [ 530110.96932, 6394031.65109 ], [ 530114.97351, 6394032.61685 ], [ 530128.96745, 6394033.49957 ], [ 530147.94796, 6394033.34182 ], [ 530150.95317, 6394034.31588 ], [ 530171.02391, 6394045.13848 ], [ 530198.10406, 6394057.90089 ], [ 530207.09482, 6394057.82617 ], [ 530208.0855, 6394056.81889 ], [ 530191.41818, 6394094.92087 ], [ 530184.57468, 6394112.96043 ], [ 530172.92712, 6394154.0178 ], [ 530165.1676, 6394182.05536 ], [ 530155.50139, 6394221.09818 ], [ 530144.90257, 6394268.14106 ], [ 530154.9172, 6394271.05494 ], [ 530154.93379, 6394273.05288 ], [ 530154.20028, 6394305.0282 ], [ 530146.39928, 6394328.07091 ], [ 530152.49268, 6394340.00873 ], [ 530150.76019, 6394371.99235 ], [ 530149.86906, 6394384.98725 ], [ 530141.0608, 6394407.0393 ], [ 530136.43093, 6394451.03546 ], [ 530138.66946, 6394479.98896 ], [ 530140.84991, 6394501.94968 ], [ 530156.37375, 6394566.75815 ], [ 530162.56669, 6394590.6836 ], [ 530171.51598, 6394585.61403 ], [ 530223.78619, 6394624.1421 ], [ 530244.88909, 6394638.95228 ], [ 530276.03981, 6394660.67223 ], [ 530311.20302, 6394684.3569 ], [ 530319.24459, 6394690.2843 ], [ 530321.25084, 6394691.26666 ], [ 530369.46708, 6394722.83516 ], [ 530372.4806, 6394724.80819 ], [ 530371.64754, 6394744.79589 ], [ 530370.83937, 6394767.78049 ], [ 530370.0312, 6394790.76509 ], [ 530367.54862, 6394852.72612 ], [ 530366.54964, 6394852.73443 ], [ 530361.94467, 6394899.72752 ], [ 530361.94467, 6394899.72752 ], [ 530358.33867, 6394946.71231 ], [ 530358.37186, 6394950.70818 ], [ 530370.35955, 6394950.60855 ], [ 530395.31733, 6394948.40305 ], [ 530406.29776, 6394947.31275 ], [ 530403.34231, 6394952.33251 ], [ 530392.48633, 6394968.40735 ], [ 530373.7049, 6394992.54038 ], [ 530338.1649, 6395043.78673 ], [ 530332.23741, 6395051.8283 ], [ 530330.26435, 6395054.84182 ], [ 530307.56169, 6395087.99878 ], [ 530283.00211, 6395138.15483 ], [ 530280.99586, 6395137.17247 ], [ 530274.18554, 6395159.20792 ], [ 530269.29851, 6395172.23604 ], [ 530257.57628, 6395204.3027 ], [ 530242.90689, 6395242.3881 ], [ 530240.90894, 6395242.4047 ], [ 530239.93485, 6395245.40991 ], [ 530234.06544, 6395260.44427 ], [ 530213.2031, 6395274.6042 ], [ 530198.29314, 6395283.71946 ], [ 530184.43193, 6395298.82024 ], [ 530167.59867, 6395316.94284 ], [ 530154.72814, 6395331.03635 ], [ 530125.00775, 6395361.25451 ], [ 530085.38058, 6395401.54539 ], [ 530062.59495, 6395424.71265 ], [ 530061.59597, 6395424.72095 ], [ 530060.63018, 6395428.72513 ], [ 530063.6354, 6395429.6992 ], [ 530116.84654, 6395461.22622 ], [ 530205.18773, 6395512.44208 ], [ 530230.27825, 6395526.22011 ], [ 530268.43011, 6395548.88094 ], [ 530275.45612, 6395552.81871 ], [ 530321.62467, 6395578.41003 ], [ 530345.71621, 6395592.19637 ], [ 530363.57333, 6395577.06237 ], [ 530405.96167, 6395628.66014 ], [ 530407.97622, 6395630.64147 ], [ 530419.88926, 6395621.55111 ], [ 530421.92869, 6395626.52936 ], [ 530492.32982, 6395682.88952 ], [ 530525.52829, 6395710.58671 ], [ 530527.55942, 6395714.56599 ], [ 530548.52961, 6395713.39267 ], [ 530585.46681, 6395710.08858 ], [ 530621.39674, 6395705.79382 ], [ 530647.3618, 6395704.57899 ], [ 530679.3539, 6395707.31022 ], [ 530691.34989, 6395708.20957 ], [ 530743.35468, 6395714.77064 ], [ 530773.38202, 6395721.51436 ], [ 530830.47294, 6395739.0226 ], [ 530835.45122, 6395736.98314 ], [ 530850.46904, 6395740.85449 ], [ 530855.47221, 6395741.81195 ], [ 530895.45611, 6395744.47676 ], [ 530902.44894, 6395744.41865 ], [ 530904.44689, 6395744.40204 ], [ 530956.42679, 6395747.96619 ], [ 530977.32231, 6395737.80213 ], [ 530987.27059, 6395732.72426 ], [ 531026.24722, 6395734.3984 ], [ 531026.24722, 6395734.3984 ], [ 531055.23409, 6395736.15557 ], [ 531089.20755, 6395736.87225 ], [ 531137.98312, 6395715.48703 ], [ 531137.98312, 6395715.48703 ], [ 531139.97277, 6395714.47146 ], [ 531145.94174, 6395711.42473 ], [ 531168.8352, 6395701.24406 ], [ 531202.62614, 6395679.98338 ], [ 531229.46573, 6395663.77567 ], [ 531229.46573, 6395663.77567 ], [ 531231.44709, 6395661.76113 ], [ 531245.35808, 6395652.65415 ], [ 531293.00192, 6395615.2937 ], [ 531316.82799, 6395597.11295 ], [ 531316.82799, 6395597.11295 ], [ 531329.74, 6395588.01428 ], [ 531360.51741, 6395564.78056 ], [ 531362.49047, 6395561.76704 ], [ 531365.44592, 6395556.74728 ], [ 531368.42625, 6395554.72443 ], [ 531374.39521, 6395551.6777 ], [ 531379.38179, 6395550.63721 ], [ 531385.36735, 6395549.58842 ], [ 531398.35402, 6395549.48049 ], [ 531405.35515, 6395550.42134 ], [ 531408.35207, 6395550.39643 ], [ 531414.36252, 6395552.34455 ], [ 531418.36671, 6395553.31031 ], [ 531427.3326, 6395550.23867 ], [ 531427.3326, 6395550.23867 ], [ 531432.31088, 6395548.19922 ], [ 531449.31006, 6395550.05601 ], [ 531462.31333, 6395551.94601 ], [ 531463.3123, 6395551.93771 ], [ 531477.31455, 6395553.81941 ], [ 531485.32294, 6395555.75093 ], [ 531514.30152, 6395556.50911 ], [ 531545.27805, 6395557.25069 ], [ 531566.28971, 6395561.07221 ], [ 531571.30118, 6395563.02863 ], [ 531596.31705, 6395567.81591 ], [ 531610.32759, 6395570.69658 ], [ 531610.32759, 6395570.69658 ], [ 531612.32554, 6395570.67998 ], [ 531627.36825, 6395577.54823 ], [ 531651.45981, 6395591.33455 ], [ 531663.52218, 6395600.22565 ], [ 531681.67797, 6395621.05459 ], [ 531687.705, 6395625.00065 ], [ 531727.90462, 6395653.63869 ], [ 531750.99721, 6395667.43332 ], [ 531777.08672, 6395681.20303 ], [ 531779.09297, 6395682.1854 ], [ 531780.10024, 6395683.17606 ], [ 531823.20552, 6395700.80051 ], [ 531852.35833, 6395722.53709 ], [ 531866.41866, 6395731.41159 ], [ 531874.44365, 6395735.34105 ], [ 531888.48738, 6395742.2176 ], [ 531898.51033, 6395746.13045 ], [ 531907.53429, 6395750.05161 ], [ 531918.55621, 6395753.95616 ], [ 531931.56778, 6395756.84513 ], [ 531979.55178, 6395760.44247 ], [ 532004.54276, 6395762.23283 ], [ 532013.52524, 6395761.15913 ], [ 532026.70275, 6395784.02753 ], [ 532045.94879, 6395815.83685 ], [ 532055.09721, 6395834.74258 ], [ 532068.40747, 6395873.59453 ], [ 532068.41577, 6395874.5935 ], [ 532071.47077, 6395881.56139 ], [ 532095.01141, 6395949.30048 ], [ 532111.33519, 6395990.12547 ], [ 532120.47532, 6396008.03223 ], [ 532141.7525, 6396043.82084 ], [ 532141.76079, 6396044.81982 ], [ 532145.80648, 6396050.78043 ], [ 532169.13139, 6396092.54627 ], [ 532187.42824, 6396130.35774 ], [ 532201.66281, 6396160.21065 ], [ 532215.8642, 6396186.06768 ], [ 532228.98363, 6396201.94328 ], [ 532263.2724, 6396240.62088 ], [ 532291.52582, 6396274.35344 ], [ 532300.62446, 6396287.26535 ], [ 532304.67845, 6396294.22494 ], [ 532307.74175, 6396302.19181 ], [ 532309.79778, 6396309.168 ], [ 532315.00009, 6396334.10079 ], [ 532331.73045, 6396423.87542 ], [ 532343.17552, 6396478.72755 ], [ 532348.4774, 6396515.64801 ], [ 532358.98988, 6396578.50022 ], [ 532358.99818, 6396579.4992 ], [ 532361.20356, 6396604.4569 ], [ 532361.32802, 6396619.44148 ], [ 532354.70026, 6396663.45438 ], [ 532358.69617, 6396663.42117 ], [ 532380.64045, 6396659.24261 ], [ 532417.54448, 6396651.9426 ], [ 532449.49512, 6396649.67896 ], [ 532480.45508, 6396648.42259 ], [ 532499.34435, 6396637.27614 ], [ 532523.21191, 6396624.09023 ], [ 532539.06277, 6396607.97382 ] ], [ [ 531348.23481, 6394807.61068 ], [ 531359.41436, 6394830.49566 ], [ 531347.45985, 6394834.59119 ], [ 531348.77409, 6394872.54376 ], [ 531378.85118, 6394885.28127 ], [ 531417.96054, 6394902.93891 ], [ 531433.00323, 6394909.80715 ], [ 531511.22194, 6394945.12242 ], [ 531471.92668, 6395025.3722 ], [ 531456.86739, 6395016.50601 ], [ 531418.72382, 6394994.84419 ], [ 531415.7103, 6394992.87116 ], [ 531414.70303, 6394991.88049 ], [ 531409.68327, 6394988.92509 ], [ 531399.64374, 6394983.0143 ], [ 531381.55434, 6394970.17715 ], [ 531364.42243, 6394952.33684 ], [ 531338.22508, 6394925.58052 ], [ 531308.20606, 6394919.8358 ], [ 531283.19021, 6394915.04853 ], [ 531278.18704, 6394914.09107 ], [ 531261.17957, 6394911.23532 ], [ 531248.17631, 6394909.34532 ], [ 531243.16484, 6394907.38889 ], [ 531235.15645, 6394905.45738 ], [ 531228.13044, 6394901.51962 ], [ 531219.09819, 6394896.5995 ], [ 531211.05661, 6394890.6721 ], [ 531199.97663, 6394879.77476 ], [ 531200.7599, 6394853.79323 ], [ 531200.7599, 6394853.79323 ], [ 531202.52555, 6394825.80546 ], [ 531202.52555, 6394825.80546 ], [ 531203.39178, 6394809.81364 ], [ 531204.39075, 6394809.80533 ], [ 531204.34927, 6394804.81048 ], [ 531199.3544, 6394804.852 ], [ 531188.37397, 6394805.9423 ], [ 531186.38432, 6394806.95788 ], [ 531184.34489, 6394801.97964 ], [ 531179.36661, 6394804.01909 ], [ 531174.30536, 6394796.06885 ], [ 531164.24095, 6394787.16115 ], [ 531164.14139, 6394775.17351 ], [ 531166.03979, 6394763.16926 ], [ 531167.93818, 6394751.16501 ], [ 531170.86044, 6394742.14937 ], [ 531172.8252, 6394738.13688 ], [ 531173.81588, 6394737.12961 ], [ 531176.69665, 6394723.11912 ], [ 531181.62515, 6394715.08584 ], [ 531184.58889, 6394711.06505 ], [ 531189.54228, 6394706.02868 ], [ 531193.505, 6394701.99959 ], [ 531201.44702, 6394695.93934 ], [ 531201.44702, 6394695.93934 ], [ 531202.43769, 6394694.93207 ], [ 531207.40768, 6394691.89364 ], [ 531216.37356, 6394688.822 ], [ 531226.34671, 6394686.74102 ], [ 531235.32919, 6394685.66732 ], [ 531244.31166, 6394684.59362 ], [ 531258.28901, 6394683.47841 ], [ 531276.25396, 6394681.33101 ], [ 531280.24156, 6394680.29882 ], [ 531280.23327, 6394679.29985 ], [ 531296.20027, 6394677.16906 ], [ 531303.19309, 6394677.11093 ], [ 531304.21695, 6394680.09954 ], [ 531299.24697, 6394683.13797 ], [ 531297.25732, 6394684.15354 ], [ 531283.32975, 6394691.26258 ], [ 531264.4156, 6394699.41211 ], [ 531256.45699, 6394703.47442 ], [ 531248.49838, 6394707.53672 ], [ 531251.52849, 6394711.50769 ], [ 531251.52849, 6394711.50769 ], [ 531258.57939, 6394718.44236 ], [ 531266.63756, 6394726.3677 ], [ 531272.68118, 6394732.3117 ], [ 531280.71446, 6394737.24012 ], [ 531280.70616, 6394736.24115 ], [ 531282.71241, 6394737.22352 ], [ 531282.72071, 6394738.22249 ], [ 531294.79966, 6394749.11152 ], [ 531305.87965, 6394760.00885 ], [ 531307.89419, 6394761.99019 ], [ 531314.80405, 6394751.94236 ], [ 531332.97641, 6394774.76922 ], [ 531334.99925, 6394777.74952 ], [ 531348.22652, 6394806.61171 ], [ 531348.23481, 6394807.61068 ] ] ] ] } },
{ "type": "Feature", "properties": { "VALID_GEST": "2024-01-29", "TYPE": "Inscrit", "IDCAUE_EPC": 21 }, "geometry": { "type": "MultiPolygon", "coordinates": [ [ [ [ 516469.96346, 6421351.84753 ], [ 516474.80916, 6421333.82436 ], [ 516481.82697, 6421336.76327 ], [ 516481.71088, 6421322.7775 ], [ 516483.18647, 6421259.82494 ], [ 516450.23639, 6421262.09655 ], [ 516451.13588, 6421250.10045 ], [ 516451.12759, 6421249.10147 ], [ 516451.111, 6421247.1035 ], [ 516448.95548, 6421228.1394 ], [ 516443.95224, 6421227.18187 ], [ 516440.94697, 6421226.20776 ], [ 516437.93342, 6421224.23467 ], [ 516436.92614, 6421223.24398 ], [ 516436.90956, 6421221.24601 ], [ 516428.90105, 6421219.31438 ], [ 516428.88447, 6421217.31642 ], [ 516422.87395, 6421215.3682 ], [ 516422.85736, 6421213.37023 ], [ 516421.85837, 6421213.37853 ], [ 516394.87736, 6421212.60343 ], [ 516392.954, 6421221.61086 ], [ 516388.18293, 6421248.62488 ], [ 516388.19122, 6421249.62386 ], [ 516390.1975, 6421250.60626 ], [ 516392.21206, 6421252.58765 ], [ 516394.21004, 6421252.57106 ], [ 516395.20903, 6421252.56277 ], [ 516403.20095, 6421252.49643 ], [ 516417.1951, 6421253.37933 ], [ 516416.22928, 6421257.38356 ], [ 516410.22704, 6421256.43432 ], [ 516400.22885, 6421255.51826 ], [ 516399.23816, 6421256.52554 ], [ 516399.23816, 6421256.52554 ], [ 516397.28164, 6421261.53704 ], [ 516397.28993, 6421262.53602 ], [ 516397.30651, 6421264.53399 ], [ 516400.36981, 6421272.50098 ], [ 516403.36678, 6421272.47611 ], [ 516406.36375, 6421272.45123 ], [ 516407.44566, 6421282.43278 ], [ 516406.44667, 6421282.44107 ], [ 516406.50471, 6421289.43395 ], [ 516406.55447, 6421295.42786 ], [ 516408.55245, 6421295.41127 ], [ 516406.71201, 6421314.40855 ], [ 516412.72253, 6421316.35676 ], [ 516406.81151, 6421326.39635 ], [ 516419.84813, 6421332.28246 ], [ 516429.8712, 6421336.19547 ], [ 516469.96346, 6421351.84753 ] ] ] ] } },
{ "type": "Feature", "properties": { "VALID_GEST": "2024-01-29", "TYPE": "Inscrit", "IDCAUE_EPC": 21 }, "geometry": { "type": "MultiPolygon", "coordinates": [ [ [ [ 532479.36838, 6398923.25046 ], [ 532471.45953, 6398933.30661 ], [ 532459.58796, 6398947.39187 ], [ 532456.60763, 6398949.41472 ], [ 532434.75458, 6398964.58196 ], [ 532425.83016, 6398972.64847 ], [ 532412.9845, 6398989.73894 ], [ 532411.99382, 6398990.74622 ], [ 532406.06633, 6398998.78782 ], [ 532404.06838, 6398998.80442 ], [ 532403.07769, 6398999.8117 ], [ 532401.10463, 6399002.82522 ], [ 532400.11395, 6399003.8325 ], [ 532402.1202, 6399004.81487 ], [ 532383.38025, 6399033.94284 ], [ 532383.38854, 6399034.94182 ], [ 532374.5139, 6399049.00216 ], [ 532373.56471, 6399055.00431 ], [ 532380.73179, 6399075.92465 ], [ 532368.9349, 6399099.00067 ], [ 532362.03332, 6399110.04749 ], [ 532355.14004, 6399122.09329 ], [ 532355.14004, 6399122.09329 ], [ 532344.30064, 6399140.16614 ], [ 532325.63535, 6399178.28488 ], [ 532298.54679, 6399164.52337 ], [ 532290.52178, 6399160.59389 ], [ 532277.71761, 6399182.67923 ], [ 532267.86888, 6399199.7448 ], [ 532249.187, 6399235.86559 ], [ 532246.23155, 6399240.88536 ], [ 532242.31031, 6399249.90934 ], [ 532229.54762, 6399276.98955 ], [ 532224.70208, 6399295.01259 ], [ 532223.7197, 6399297.01884 ], [ 532218.88245, 6399316.04085 ], [ 532215.9187, 6399320.06165 ], [ 532212.97155, 6399326.0804 ], [ 532208.10112, 6399341.10651 ], [ 532179.62029, 6399400.28672 ], [ 532215.69965, 6399413.97352 ], [ 532216.75671, 6399420.95803 ], [ 532220.86048, 6399433.91149 ], [ 532218.03778, 6399454.91485 ], [ 532201.2294, 6399476.03443 ], [ 532198.25735, 6399479.05625 ], [ 532198.32373, 6399487.04805 ], [ 532197.39113, 6399495.04814 ], [ 532196.51661, 6399510.04105 ], [ 532195.72505, 6399535.02371 ], [ 532194.77586, 6399541.02586 ], [ 532191.03715, 6399572.02726 ], [ 532185.43325, 6399619.02886 ], [ 532183.50167, 6399627.03725 ], [ 532172.78671, 6399660.09471 ], [ 532168.89036, 6399672.11561 ], [ 532162.00538, 6399685.16038 ], [ 532161.0064, 6399685.16868 ], [ 532156.08618, 6399694.20095 ], [ 532133.42497, 6399732.35289 ], [ 532128.56283, 6399748.37799 ], [ 532129.5701, 6399749.36866 ], [ 532158.58196, 6399754.12281 ], [ 532155.77585, 6399777.12412 ], [ 532156.81632, 6399782.11069 ], [ 532146.9178, 6399793.18242 ], [ 532137.97678, 6399799.25097 ], [ 532132.05758, 6399808.29154 ], [ 532123.24931, 6399830.34369 ], [ 532123.24931, 6399830.34369 ], [ 532117.3799, 6399845.37811 ], [ 532103.60163, 6399870.46867 ], [ 532081.95598, 6399910.61027 ], [ 532097.98942, 6399916.4713 ], [ 532101.00295, 6399918.44435 ], [ 532102.06, 6399925.42887 ], [ 532101.21037, 6399943.41871 ], [ 532101.24356, 6399947.41461 ], [ 532094.32204, 6400076.34872 ], [ 532091.42467, 6400088.36131 ], [ 532082.64958, 6400114.40936 ], [ 532077.71277, 6400121.44368 ], [ 532073.91598, 6400145.45227 ], [ 532070.1192, 6400169.46086 ], [ 532068.35355, 6400197.44875 ], [ 532065.48937, 6400213.45725 ], [ 532061.72577, 6400241.46174 ], [ 532093.66819, 6400238.1992 ], [ 532135.5921, 6400233.85468 ], [ 532153.56541, 6400232.7063 ], [ 532158.56031, 6400232.6648 ], [ 532164.55418, 6400232.61499 ], [ 532208.48434, 6400229.25284 ], [ 532209.5331, 6400235.23839 ], [ 532226.45432, 6400347.98973 ], [ 532233.87032, 6400398.87934 ], [ 532235.91806, 6400404.85659 ], [ 532222.00703, 6400413.96357 ], [ 532210.08566, 6400422.05497 ], [ 532200.14566, 6400428.13183 ], [ 532190.19736, 6400433.20971 ], [ 532185.21906, 6400435.24916 ], [ 532176.25314, 6400438.32079 ], [ 532170.27587, 6400440.36854 ], [ 532150.34608, 6400446.52839 ], [ 532105.50819, 6400460.88756 ], [ 532075.62181, 6400471.12631 ], [ 532067.65487, 6400474.18964 ], [ 532059.67963, 6400476.25399 ], [ 532058.68895, 6400477.26127 ], [ 532050.71371, 6400479.32562 ], [ 532030.80052, 6400487.48342 ], [ 532026.8129, 6400488.5156 ], [ 532017.85528, 6400492.5862 ], [ 532001.9297, 6400499.71183 ], [ 531994.97004, 6400503.76583 ], [ 531985.03003, 6400509.84268 ], [ 531980.06832, 6400513.88008 ], [ 531975.09002, 6400515.91953 ], [ 531969.11275, 6400517.96728 ], [ 531965.13342, 6400519.99843 ], [ 531960.15513, 6400522.03788 ], [ 531953.18716, 6400525.09291 ], [ 531926.26452, 6400531.31086 ], [ 531910.30575, 6400534.44058 ], [ 531899.33358, 6400536.52984 ], [ 531894.34698, 6400537.57031 ], [ 531879.39549, 6400541.69071 ], [ 531867.44093, 6400545.78621 ], [ 531836.55556, 6400556.03326 ], [ 531816.62577, 6400562.19311 ], [ 531796.70427, 6400569.35193 ], [ 531785.7404, 6400572.44016 ], [ 531776.75788, 6400573.51383 ], [ 531756.8032, 6400576.67676 ], [ 531748.81967, 6400577.74213 ], [ 531748.82796, 6400578.74111 ], [ 531747.82899, 6400578.74941 ], [ 531746.8466, 6400580.75566 ], [ 531746.8549, 6400581.75463 ], [ 531747.86217, 6400582.74531 ], [ 531749.87672, 6400584.72666 ], [ 531751.89957, 6400587.70698 ], [ 531766.97552, 6400598.5712 ], [ 531810.1971, 6400630.18149 ], [ 531826.28861, 6400643.03536 ], [ 531838.34273, 6400650.92756 ], [ 531856.44051, 6400664.76381 ], [ 531864.48212, 6400670.69126 ], [ 531897.66413, 6400696.3907 ], [ 531919.77442, 6400712.1917 ], [ 531941.893, 6400728.99167 ], [ 531948.92733, 6400733.92844 ], [ 531955.95337, 6400737.86624 ], [ 531967.9909, 6400743.76049 ], [ 531975.99932, 6400745.69204 ], [ 531981.01081, 6400747.64849 ], [ 531994.01413, 6400749.53854 ], [ 532023.00941, 6400752.29476 ], [ 532043.00558, 6400754.12671 ], [ 532076.98745, 6400755.84246 ], [ 532105.97443, 6400757.5997 ], [ 532109.97865, 6400758.56548 ], [ 532118.97775, 6400759.48975 ], [ 532128.98413, 6400761.4047 ], [ 532135.99358, 6400763.34455 ], [ 532143.01132, 6400766.28337 ], [ 532150.02907, 6400769.2222 ], [ 532154.04158, 6400771.18695 ], [ 532160.07693, 6400776.13202 ], [ 532167.12786, 6400783.06675 ], [ 532184.24326, 6400798.90924 ], [ 532190.28691, 6400804.85329 ], [ 532199.36899, 6400815.76732 ], [ 532206.43651, 6400824.69999 ], [ 532215.54348, 6400838.61094 ], [ 532221.62033, 6400848.55089 ], [ 532227.73866, 6400863.48572 ], [ 532242.00646, 6400897.33467 ], [ 532247.09262, 6400908.2819 ], [ 532249.12377, 6400912.2612 ], [ 532269.42693, 6400951.05523 ], [ 532285.66781, 6400981.89066 ], [ 532290.74567, 6400991.83892 ], [ 532296.83081, 6401002.77784 ], [ 532306.98655, 6401022.67435 ], [ 532319.15683, 6401044.5522 ], [ 532333.34996, 6401069.41039 ], [ 532356.68326, 6401112.17543 ], [ 532370.89299, 6401139.03156 ], [ 532374.92209, 6401142.99426 ], [ 532393.78654, 6401128.85091 ], [ 532405.70791, 6401120.7595 ], [ 532438.48338, 6401097.50916 ], [ 532474.2309, 6401071.23699 ], [ 532516.93809, 6401040.91082 ], [ 532570.56766, 6401002.50154 ], [ 532581.49005, 6400994.41843 ], [ 532588.44971, 6400990.36442 ], [ 532617.24586, 6400969.14523 ], [ 532621.21689, 6400966.1151 ], [ 532663.93236, 6400936.78789 ], [ 532699.68817, 6400911.51469 ], [ 532711.60124, 6400902.42431 ], [ 532736.45125, 6400887.23216 ], [ 532742.41194, 6400883.18646 ], [ 532785.1523, 6400856.85617 ], [ 532845.78301, 6400819.38774 ], [ 532862.67438, 6400808.2579 ], [ 532871.6237, 6400803.18832 ], [ 532890.51303, 6400792.04187 ], [ 532893.48507, 6400789.02004 ], [ 532915.35474, 6400775.85075 ], [ 532936.22543, 6400762.68975 ], [ 532945.17475, 6400757.62017 ], [ 532966.05373, 6400745.45814 ], [ 532973.01339, 6400741.40414 ], [ 532990.89544, 6400729.26702 ], [ 532998.83749, 6400723.20676 ], [ 533011.73294, 6400712.11011 ], [ 533024.62839, 6400701.01347 ], [ 533024.62839, 6400701.01347 ], [ 533043.44304, 6400680.87625 ], [ 533046.41508, 6400677.85442 ], [ 533073.35432, 6400673.63439 ], [ 533073.35432, 6400673.63439 ], [ 533086.33274, 6400672.5275 ], [ 533103.29049, 6400669.38946 ], [ 533127.23279, 6400665.19434 ], [ 533126.2753, 6400670.19752 ], [ 533126.2836, 6400671.19649 ], [ 533123.46921, 6400693.19886 ], [ 533122.5947, 6400708.19179 ], [ 533123.74303, 6400726.16505 ], [ 533123.75963, 6400728.16301 ], [ 533123.8758, 6400742.14866 ], [ 533124.95775, 6400752.13012 ], [ 533124.99094, 6400756.12602 ], [ 533125.05732, 6400764.11783 ], [ 533151.99656, 6400759.8978 ], [ 533168.96261, 6400757.75873 ], [ 533173.9575, 6400757.71723 ], [ 533178.9441, 6400756.67675 ], [ 533213.87517, 6400752.39032 ], [ 533213.87517, 6400752.39032 ], [ 533216.8721, 6400752.36541 ], [ 533216.8721, 6400752.36541 ], [ 533250.80419, 6400748.08728 ], [ 533251.80317, 6400748.07898 ], [ 533255.79079, 6400747.0468 ], [ 533256.84785, 6400754.03133 ], [ 533262.017, 6400774.96831 ], [ 533266.31163, 6400810.89824 ], [ 533275.38542, 6400820.81329 ], [ 533276.44249, 6400827.79782 ], [ 533276.45078, 6400828.79679 ], [ 533282.72678, 6400862.71216 ], [ 533285.07325, 6400904.65255 ], [ 533285.07325, 6400904.65255 ], [ 533285.09814, 6400907.64947 ], [ 533286.1718, 6400916.63196 ], [ 533290.37516, 6400941.57315 ], [ 533292.4229, 6400947.5504 ], [ 533294.44575, 6400950.53073 ], [ 533297.45929, 6400952.50378 ], [ 533299.45724, 6400952.48718 ], [ 533299.45724, 6400952.48718 ], [ 533312.44397, 6400952.37927 ], [ 533336.38628, 6400948.18414 ], [ 533351.33777, 6400944.06372 ], [ 533365.27369, 6400937.95366 ], [ 533367.25505, 6400935.9391 ], [ 533377.15356, 6400924.86736 ], [ 533382.07378, 6400915.83507 ], [ 533383.06446, 6400914.82779 ], [ 533383.07276, 6400915.82677 ], [ 533385.05412, 6400913.81221 ], [ 533386.0448, 6400912.80494 ], [ 533388.03446, 6400911.78936 ], [ 533390.03242, 6400911.77276 ], [ 533412.99234, 6400909.58388 ], [ 533415.98928, 6400909.55898 ], [ 533420.97587, 6400908.5185 ], [ 533429.96668, 6400908.44379 ], [ 533438.9575, 6400908.36908 ], [ 533439.95647, 6400908.36078 ], [ 533442.95341, 6400908.33588 ], [ 533445.95035, 6400908.31098 ], [ 533447.9566, 6400909.29335 ], [ 533449.94626, 6400908.27777 ], [ 533450.93694, 6400907.27049 ], [ 533452.9349, 6400907.25389 ], [ 533462.84171, 6400897.18112 ], [ 533469.80137, 6400893.12711 ], [ 533487.99044, 6400917.95209 ], [ 533496.08185, 6400929.8734 ], [ 533496.08185, 6400929.8734 ], [ 533512.24807, 6400951.71805 ], [ 533564.1203, 6400942.29562 ], [ 533564.1203, 6400942.29562 ], [ 533602.03171, 6400935.98632 ], [ 533611.00592, 6400933.91366 ], [ 533624.96673, 6400930.80057 ], [ 533655.88527, 6400924.5496 ], [ 533655.88527, 6400924.5496 ], [ 533661.86254, 6400922.50189 ], [ 533691.7821, 6400916.25921 ], [ 533710.73779, 6400913.1047 ], [ 533719.7037, 6400910.03313 ], [ 533751.60461, 6400901.77591 ], [ 533787.45995, 6400888.49064 ], [ 533800.41347, 6400884.38692 ], [ 533810.37836, 6400881.30705 ], [ 533828.31848, 6400876.16288 ], [ 533828.31848, 6400876.16288 ], [ 533840.27302, 6400872.06745 ], [ 533855.2328, 6400868.94611 ], [ 533866.18837, 6400864.85897 ], [ 533868.17802, 6400863.84341 ], [ 533876.13666, 6400859.78115 ], [ 533884.19487, 6400867.7066 ], [ 533891.23751, 6400873.6424 ], [ 533899.28742, 6400880.56888 ], [ 533900.29469, 6400881.55956 ], [ 533915.39554, 6400895.42081 ], [ 533966.73345, 6400941.94968 ], [ 533994.9123, 6400966.69185 ], [ 534016.05681, 6400986.49719 ], [ 534045.24294, 6401012.23003 ], [ 534059.35312, 6401027.09856 ], [ 534066.40405, 6401034.03333 ], [ 534069.41759, 6401036.0064 ], [ 534077.40941, 6401035.94005 ], [ 534107.31237, 6401027.69941 ], [ 534145.19056, 6401017.39447 ], [ 534163.13068, 6401012.25029 ], [ 534180.07182, 6401007.11441 ], [ 534209.97478, 6400998.87377 ], [ 534231.86932, 6400988.70154 ], [ 534255.75351, 6400977.51374 ], [ 534268.69044, 6400971.41206 ], [ 534279.68749, 6400972.31979 ], [ 534289.69387, 6400974.2348 ], [ 534294.70536, 6400976.19128 ], [ 534321.77736, 6400987.95505 ], [ 534330.81796, 6400993.87425 ], [ 534342.87209, 6401001.76653 ], [ 534352.93656, 6401010.67437 ], [ 534379.09257, 6401032.43618 ], [ 534388.14146, 6401039.35437 ], [ 534394.16853, 6401043.3005 ], [ 534396.18308, 6401045.28187 ], [ 534402.21015, 6401049.228 ], [ 534405.21538, 6401050.2021 ], [ 534404.15831, 6401043.21756 ], [ 534399.08873, 6401034.26825 ], [ 534392.77121, 6400995.35795 ], [ 534390.74006, 6400991.37863 ], [ 534388.70061, 6400986.40034 ], [ 534385.59579, 6400973.43854 ], [ 534380.41003, 6400950.50356 ], [ 534373.19311, 6400923.58927 ], [ 534373.19311, 6400923.58927 ], [ 534368.00735, 6400900.6543 ], [ 534366.94198, 6400892.67079 ], [ 534361.78941, 6400873.73172 ], [ 534360.77384, 6400871.74206 ], [ 534356.61195, 6400851.79572 ], [ 534354.53101, 6400841.82255 ], [ 534353.48224, 6400835.83699 ], [ 534350.37742, 6400822.87518 ], [ 534348.32137, 6400815.89894 ], [ 534345.25805, 6400807.93202 ], [ 534344.18438, 6400798.94953 ], [ 534342.10344, 6400788.97636 ], [ 534337.95815, 6400771.02797 ], [ 534330.71634, 6400741.11676 ], [ 534330.70804, 6400740.11778 ], [ 534330.70804, 6400740.11778 ], [ 534322.43406, 6400706.21896 ], [ 534315.21715, 6400679.30468 ], [ 534312.08744, 6400663.34595 ], [ 534311.08016, 6400662.35527 ], [ 534311.04696, 6400658.35936 ], [ 534307.96704, 6400648.39449 ], [ 534303.92964, 6400643.43279 ], [ 534301.85699, 6400634.45859 ], [ 534300.84142, 6400632.46894 ], [ 534299.82584, 6400630.47928 ], [ 534296.80401, 6400627.50724 ], [ 534290.75205, 6400620.56417 ], [ 534289.70328, 6400614.57861 ], [ 534281.62018, 6400603.65623 ], [ 534279.53094, 6400592.68409 ], [ 534280.37224, 6400573.69526 ], [ 534280.35564, 6400571.69731 ], [ 534278.34109, 6400569.71594 ], [ 534275.31096, 6400565.74492 ], [ 534275.31096, 6400565.74492 ], [ 534272.08996, 6400538.79746 ], [ 534262.92489, 6400517.89362 ], [ 534246.68399, 6400487.05809 ], [ 534242.61339, 6400478.10049 ], [ 534240.59054, 6400475.12015 ], [ 534231.46696, 6400459.21119 ], [ 534229.44411, 6400456.23085 ], [ 534226.41398, 6400452.25983 ], [ 534224.38283, 6400448.28052 ], [ 534221.32781, 6400441.31257 ], [ 534217.2987, 6400437.34984 ], [ 534200.11691, 6400413.51543 ], [ 534195.05563, 6400405.5651 ], [ 534193.03278, 6400402.58476 ], [ 534192.00891, 6400399.59613 ], [ 534191.99231, 6400397.59818 ], [ 534195.85545, 6400381.58139 ], [ 534195.85545, 6400381.58139 ], [ 534196.81293, 6400376.57822 ], [ 534197.71233, 6400364.58222 ], [ 534199.5858, 6400349.581 ], [ 534200.54329, 6400344.57783 ], [ 534200.42711, 6400330.59217 ], [ 534200.38561, 6400325.59729 ], [ 534202.31718, 6400317.5889 ], [ 534210.27581, 6400313.52664 ], [ 534213.23954, 6400309.50586 ], [ 534214.16383, 6400300.50678 ], [ 534214.09745, 6400292.51498 ], [ 534214.05595, 6400287.5201 ], [ 534213.89828, 6400268.53957 ], [ 534213.7406, 6400249.55904 ], [ 534213.64932, 6400238.57031 ], [ 534214.59021, 6400231.56918 ], [ 534214.44913, 6400214.5866 ], [ 534218.37865, 6400206.56162 ], [ 534218.37865, 6400206.56162 ], [ 534220.33511, 6400201.55015 ], [ 534222.22519, 6400188.54689 ], [ 534225.10594, 6400174.53635 ], [ 534217.83094, 6400140.62924 ], [ 534215.71681, 6400126.66018 ], [ 534213.65246, 6400118.68496 ], [ 534212.5705, 6400108.70351 ], [ 534212.5622, 6400107.70453 ], [ 534211.48024, 6400097.72307 ], [ 534211.36406, 6400083.73742 ], [ 534208.20945, 6400064.78177 ], [ 534203.17307, 6400059.82836 ], [ 534202.16579, 6400058.83768 ], [ 534200.12635, 6400053.85939 ], [ 534197.09622, 6400049.88838 ], [ 534197.08792, 6400048.8894 ], [ 534192.95923, 6400032.93897 ], [ 534191.93536, 6400029.95034 ], [ 534191.92706, 6400028.95137 ], [ 534194.8991, 6400025.92956 ], [ 534194.83271, 6400017.93775 ], [ 534193.80884, 6400014.94912 ], [ 534191.75279, 6400007.97288 ], [ 534191.74449, 6400006.97391 ], [ 534192.72687, 6400004.96766 ], [ 534194.69993, 6400001.95415 ], [ 534194.65844, 6399996.95927 ], [ 534194.65014, 6399995.9603 ], [ 534193.59307, 6399988.97577 ], [ 534192.5609, 6399984.98816 ], [ 534190.53805, 6399982.00782 ], [ 534186.50065, 6399977.04612 ], [ 534184.4529, 6399971.06886 ], [ 534184.41971, 6399967.07296 ], [ 534198.25602, 6399948.97529 ], [ 534200.22907, 6399945.96177 ], [ 534201.21975, 6399944.9545 ], [ 534202.19383, 6399941.94928 ], [ 534203.19281, 6399941.94099 ], [ 534205.18247, 6399940.92542 ], [ 534206.18974, 6399941.9161 ], [ 534228.15065, 6399939.73568 ], [ 534227.99297, 6399920.75515 ], [ 534227.95148, 6399915.76027 ], [ 534229.75027, 6399891.76828 ], [ 534229.71707, 6399887.77238 ], [ 534227.71912, 6399887.78897 ], [ 534228.41104, 6399850.81859 ], [ 534228.36955, 6399845.82372 ], [ 534228.36955, 6399845.82372 ], [ 534229.29384, 6399836.82465 ], [ 534231.14242, 6399818.82651 ], [ 534231.11752, 6399815.82958 ], [ 534234.03977, 6399806.81392 ], [ 534240.91643, 6399792.77021 ], [ 534269.57141, 6399754.56862 ], [ 534281.39316, 6399734.48959 ], [ 534281.39316, 6399734.48959 ], [ 534283.36622, 6399731.47607 ], [ 534296.18695, 6399711.38875 ], [ 534306.02734, 6399693.32425 ], [ 534326.64901, 6399650.19414 ], [ 534338.42097, 6399624.12126 ], [ 534338.41267, 6399623.12229 ], [ 534357.06958, 6399584.00467 ], [ 534368.83323, 6399556.93281 ], [ 534372.74615, 6399546.90989 ], [ 534382.47036, 6399514.85974 ], [ 534392.14478, 6399476.81575 ], [ 534404.70823, 6399425.76021 ], [ 534406.6315, 6399416.75285 ], [ 534415.34013, 6399382.71305 ], [ 534423.07468, 6399351.67848 ], [ 534427.89528, 6399330.65854 ], [ 534433.61528, 6399297.6426 ], [ 534434.56447, 6399291.64046 ], [ 534434.53957, 6399288.64354 ], [ 534436.43794, 6399276.63925 ], [ 534441.10086, 6399236.63879 ], [ 534443.95671, 6399219.63134 ], [ 534445.89657, 6399212.62192 ], [ 534461.59804, 6399178.52407 ], [ 534466.50163, 6399167.49388 ], [ 534469.41557, 6399157.47925 ], [ 534470.35646, 6399150.47813 ], [ 534471.22265, 6399134.48625 ], [ 534471.08157, 6399117.50368 ], [ 534470.97368, 6399104.51701 ], [ 534469.75064, 6399077.55299 ], [ 534469.72574, 6399074.55606 ], [ 534469.70084, 6399071.55914 ], [ 534468.31182, 6399024.61563 ], [ 534469.2444, 6399016.61554 ], [ 534470.14379, 6399004.61955 ], [ 534473.91563, 6398977.61406 ], [ 534478.76113, 6398959.59105 ], [ 534480.6429, 6398945.58882 ], [ 534481.57548, 6398937.58873 ], [ 534481.50909, 6398929.59693 ], [ 534479.42815, 6398919.62377 ], [ 534476.36483, 6398911.65686 ], [ 534460.04096, 6398870.83162 ], [ 534457.98491, 6398863.85539 ], [ 534457.97661, 6398862.85642 ], [ 534437.55725, 6398810.07666 ], [ 534432.44618, 6398796.13249 ], [ 534423.25622, 6398772.23176 ], [ 534420.19291, 6398764.26485 ], [ 534413.10879, 6398753.33419 ], [ 534404.03501, 6398743.4191 ], [ 534396.99239, 6398737.48331 ], [ 534384.95488, 6398731.589 ], [ 534358.89851, 6398721.81491 ], [ 534343.85578, 6398714.94651 ], [ 534330.78611, 6398705.06459 ], [ 534325.72484, 6398697.11427 ], [ 534318.63242, 6398685.18464 ], [ 534313.47156, 6398665.24662 ], [ 534309.28479, 6398642.30339 ], [ 534308.21112, 6398633.32092 ], [ 534307.20385, 6398632.33024 ], [ 534306.13848, 6398624.34674 ], [ 534294.59373, 6398557.5067 ], [ 534289.34989, 6398527.57895 ], [ 534274.73352, 6398451.77303 ], [ 534264.29564, 6398397.91138 ], [ 534263.26347, 6398393.92377 ], [ 534263.26347, 6398393.92377 ], [ 534258.05282, 6398367.99192 ], [ 534254.91482, 6398351.03424 ], [ 534247.59004, 6398311.13334 ], [ 534175.32041, 6398390.65778 ], [ 534131.7721, 6398439.97245 ], [ 534128.80837, 6398443.99323 ], [ 534124.83736, 6398447.02333 ], [ 534117.91092, 6398455.07318 ], [ 534106.99687, 6398464.15519 ], [ 534095.09215, 6398474.24446 ], [ 534064.29817, 6398495.48004 ], [ 534014.63153, 6398529.85987 ], [ 534000.72055, 6398538.96675 ], [ 533997.74022, 6398540.98958 ], [ 533980.84891, 6398552.1193 ], [ 533967.96181, 6398564.21481 ], [ 533956.09027, 6398578.29998 ], [ 533947.0663, 6398574.37873 ], [ 533942.06312, 6398573.42123 ], [ 533896.89345, 6398547.82113 ], [ 533888.86015, 6398542.89261 ], [ 533851.73207, 6398523.22001 ], [ 533857.58486, 6398506.18768 ], [ 533863.47083, 6398493.15125 ], [ 533841.45187, 6398488.33885 ], [ 533832.45279, 6398487.41452 ], [ 533832.45279, 6398487.41452 ], [ 533816.44429, 6398484.5503 ], [ 533812.44008, 6398483.58451 ], [ 533811.43281, 6398482.59383 ], [ 533786.35054, 6398469.81451 ], [ 533753.36774, 6398468.09026 ], [ 533749.60419, 6398496.09472 ], [ 533674.6727, 6398495.71779 ], [ 533658.68909, 6398495.85049 ], [ 533655.69216, 6398495.87537 ], [ 533597.75156, 6398496.35641 ], [ 533586.77113, 6398497.44662 ], [ 533546.81208, 6398497.77842 ], [ 533539.81924, 6398497.83654 ], [ 533540.80162, 6398495.83029 ], [ 533547.55382, 6398466.80192 ], [ 533552.33296, 6398440.78708 ], [ 533561.9991, 6398401.74415 ], [ 533565.89542, 6398389.72329 ], [ 533575.65283, 6398361.66908 ], [ 533583.46208, 6398339.6253 ], [ 533591.27133, 6398317.58152 ], [ 533592.23711, 6398313.57733 ], [ 533593.2029, 6398309.57314 ], [ 533597.05773, 6398292.55741 ], [ 533601.85346, 6398268.54056 ], [ 533601.6875, 6398248.56108 ], [ 533601.43855, 6398218.59186 ], [ 533605.2353, 6398194.58331 ], [ 533605.18551, 6398188.58947 ], [ 533603.9376, 6398158.62855 ], [ 533586.03902, 6398168.76757 ], [ 533572.11145, 6398175.8765 ], [ 533559.12477, 6398175.98432 ], [ 533553.13091, 6398176.03409 ], [ 533548.14433, 6398177.07453 ], [ 533542.17537, 6398180.12123 ], [ 533535.21572, 6398184.17525 ], [ 533528.23118, 6398185.23234 ], [ 533515.27767, 6398189.33617 ], [ 533507.31905, 6398193.39849 ], [ 533490.40282, 6398201.53143 ], [ 533480.41305, 6398201.61446 ], [ 533468.41703, 6398200.71512 ], [ 533460.41691, 6398199.78257 ], [ 533445.36587, 6398191.91531 ], [ 533440.35439, 6398189.95888 ], [ 533430.33973, 6398187.04498 ], [ 533419.32609, 6398184.13939 ], [ 533397.3071, 6398179.32718 ], [ 533380.2913, 6398175.47243 ], [ 533374.28084, 6398173.5243 ], [ 533367.26311, 6398170.5855 ], [ 533354.22662, 6398164.69959 ], [ 533347.20889, 6398161.76078 ], [ 533349.22344, 6398163.74213 ], [ 533358.28061, 6398171.65919 ], [ 533362.30971, 6398175.62188 ], [ 533363.33358, 6398178.6105 ], [ 533364.39894, 6398186.59399 ], [ 533364.43213, 6398190.58988 ], [ 533363.51614, 6398200.58793 ], [ 533360.61048, 6398211.60155 ], [ 533359.77746, 6398231.58933 ], [ 533358.82827, 6398237.59148 ], [ 533357.88738, 6398244.5926 ], [ 533356.17985, 6398279.57329 ], [ 533355.32194, 6398296.56416 ], [ 533345.45663, 6398311.63179 ], [ 533324.73534, 6398342.77434 ], [ 533323.74466, 6398343.78162 ], [ 533320.78092, 6398347.80242 ], [ 533303.02338, 6398374.92417 ], [ 533299.06896, 6398379.95225 ], [ 533297.0876, 6398381.9668 ], [ 533294.09896, 6398382.99068 ], [ 533292.10931, 6398384.00626 ], [ 533286.11544, 6398384.05608 ], [ 533284.12579, 6398385.07165 ], [ 533254.44689, 6398420.28482 ], [ 533234.6582, 6398443.42727 ], [ 533228.73072, 6398451.46888 ], [ 533219.8146, 6398460.53437 ], [ 533189.14502, 6398496.75481 ], [ 533156.50238, 6398535.98877 ], [ 533143.63185, 6398550.08234 ], [ 533138.70334, 6398558.11565 ], [ 533124.80893, 6398569.22059 ], [ 533111.9218, 6398581.31621 ], [ 533093.19016, 6398611.44318 ], [ 533090.24302, 6398617.46193 ], [ 533055.97077, 6398580.78216 ], [ 533017.66943, 6398540.13971 ], [ 532991.47199, 6398513.38327 ], [ 532988.45016, 6398510.41125 ], [ 532985.45323, 6398510.43616 ], [ 532982.4563, 6398510.46106 ], [ 532978.46039, 6398510.49427 ], [ 532934.70453, 6398534.83494 ], [ 532924.75624, 6398539.91283 ], [ 532861.10381, 6398574.40928 ], [ 532858.12347, 6398576.43214 ], [ 532856.13382, 6398577.44771 ], [ 532808.39034, 6398602.82056 ], [ 532805.45979, 6398610.83726 ], [ 532767.62311, 6398626.13734 ], [ 532732.75017, 6398637.41662 ], [ 532720.78734, 6398640.51317 ], [ 532715.81734, 6398643.5516 ], [ 532705.88565, 6398650.62743 ], [ 532699.92498, 6398654.67314 ], [ 532680.18605, 6398683.80942 ], [ 532668.30619, 6398696.8957 ], [ 532661.38802, 6398705.94458 ], [ 532652.46361, 6398714.01109 ], [ 532640.55055, 6398723.10148 ], [ 532625.63227, 6398731.2178 ], [ 532612.72854, 6398741.31546 ], [ 532601.83935, 6398753.39446 ], [ 532583.02473, 6398773.53167 ], [ 532574.1169, 6398783.59613 ], [ 532574.1169, 6398783.59613 ], [ 532565.20908, 6398793.66058 ], [ 532547.37684, 6398811.79154 ], [ 532534.51459, 6398826.88407 ], [ 532527.61301, 6398837.9309 ], [ 532524.64927, 6398841.9517 ], [ 532505.93421, 6398874.0766 ], [ 532499.06583, 6398889.11932 ], [ 532485.29587, 6398915.20886 ], [ 532479.36838, 6398923.25046 ] ], [ [ 533104.57307, 6400342.69128 ], [ 533085.58418, 6400341.85003 ], [ 533070.58291, 6400339.97659 ], [ 533036.59274, 6400337.2619 ], [ 533037.51704, 6400328.26283 ], [ 533037.47556, 6400323.26795 ], [ 533037.36769, 6400310.28127 ], [ 533041.0151, 6400268.2911 ], [ 533040.95702, 6400261.29828 ], [ 533041.87302, 6400251.30022 ], [ 533042.79732, 6400242.30115 ], [ 533043.68013, 6400228.30719 ], [ 533044.52976, 6400210.31734 ], [ 533045.43746, 6400199.32031 ], [ 533046.39495, 6400194.31713 ], [ 533047.31925, 6400185.31805 ], [ 533048.27674, 6400180.31488 ], [ 533048.26844, 6400179.3159 ], [ 533053.88892, 6400134.31221 ], [ 533054.81322, 6400125.31313 ], [ 533054.74684, 6400117.32133 ], [ 533056.60374, 6400100.32215 ], [ 533056.57055, 6400096.32625 ], [ 533056.54565, 6400093.32933 ], [ 533057.46995, 6400084.33025 ], [ 533058.33617, 6400068.33834 ], [ 533058.30298, 6400064.34244 ], [ 533058.28638, 6400062.34449 ], [ 533058.2366, 6400056.35064 ], [ 533057.99597, 6400027.38037 ], [ 533057.97937, 6400025.38242 ], [ 533058.8207, 6400006.39359 ], [ 533059.59564, 6399979.41296 ], [ 533060.48675, 6399966.41798 ], [ 533061.35296, 6399950.42608 ], [ 533063.23475, 6399936.42383 ], [ 533068.18816, 6399931.38745 ], [ 533079.19351, 6399933.29408 ], [ 533082.19045, 6399933.26918 ], [ 533090.21546, 6399937.19867 ], [ 533109.24584, 6399943.03479 ], [ 533120.25949, 6399945.9404 ], [ 533128.25962, 6399946.87296 ], [ 533133.25451, 6399946.83146 ], [ 533140.25565, 6399947.77232 ], [ 533144.25157, 6399947.73912 ], [ 533149.24646, 6399947.69761 ], [ 533155.24863, 6399948.64678 ], [ 533161.2425, 6399948.59697 ], [ 533166.24568, 6399949.55444 ], [ 533171.24058, 6399949.51293 ], [ 533180.23968, 6399950.43719 ], [ 533194.24197, 6399952.31892 ], [ 533197.2472, 6399953.29299 ], [ 533208.26086, 6399956.1986 ], [ 533220.27349, 6399959.09591 ], [ 533229.28089, 6399961.01915 ], [ 533254.31343, 6399967.80444 ], [ 533264.32811, 6399970.71835 ], [ 533277.33972, 6399973.60736 ], [ 533279.37087, 6399977.58665 ], [ 533282.40929, 6399982.55663 ], [ 533283.45806, 6399988.54218 ], [ 533285.54729, 6399999.5143 ], [ 533288.71018, 6400019.4689 ], [ 533293.92081, 6400045.40075 ], [ 533299.18953, 6400078.32543 ], [ 533301.29536, 6400091.2955 ], [ 533302.31923, 6400094.28413 ], [ 533304.33378, 6400096.26547 ], [ 533304.39187, 6400103.2583 ], [ 533302.84199, 6400157.21957 ], [ 533302.90008, 6400164.2124 ], [ 533302.93327, 6400168.2083 ], [ 533302.00897, 6400177.20738 ], [ 533294.49012, 6400234.21539 ], [ 533288.88624, 6400281.21704 ], [ 533285.08947, 6400305.22565 ], [ 533285.10607, 6400307.2236 ], [ 533281.3259, 6400333.23017 ], [ 533279.41922, 6400344.2355 ], [ 533276.47207, 6400350.25426 ], [ 533273.49173, 6400352.27711 ], [ 533270.51139, 6400354.29997 ], [ 533268.53003, 6400356.31452 ], [ 533263.53513, 6400356.35603 ], [ 533252.53807, 6400355.44837 ], [ 533200.55799, 6400351.88413 ], [ 533163.56259, 6400348.19537 ], [ 533104.57307, 6400342.69128 ] ] ] ] } },
{ "type": "Feature", "properties": { "VALID_GEST": "2024-01-29", "TYPE": "Inscrit", "IDCAUE_EPC": 21 }, "geometry": { "type": "MultiPolygon", "coordinates": [ [ [ [ 522754.48728, 6417917.90688 ], [ 522770.48764, 6417919.77218 ], [ 522815.52492, 6417929.38891 ], [ 522856.57456, 6417940.03777 ], [ 522925.63726, 6417955.4494 ], [ 522971.67353, 6417965.05783 ], [ 522987.68217, 6417967.92212 ], [ 523034.66766, 6417971.52836 ], [ 523054.60588, 6417966.36764 ], [ 523078.52346, 6417959.17579 ], [ 523095.46473, 6417954.03994 ], [ 523118.39991, 6417948.85434 ], [ 523119.3906, 6417947.84706 ], [ 523131.36183, 6417945.74961 ], [ 523218.1657, 6417932.04153 ], [ 523257.09294, 6417927.72225 ], [ 523361.92002, 6417918.85983 ], [ 523438.86676, 6417921.21835 ], [ 523456.86508, 6417923.06707 ], [ 523457.87236, 6417924.05776 ], [ 523565.8706, 6417936.14905 ], [ 523596.89721, 6417942.88488 ], [ 523633.91773, 6417949.57096 ], [ 523655.11561, 6417855.48434 ], [ 523658.92076, 6417832.47462 ], [ 523664.82342, 6417821.43608 ], [ 523671.78313, 6417817.38211 ], [ 523693.36261, 6417769.24862 ], [ 523716.91518, 6417718.1016 ], [ 523735.54748, 6417675.98687 ], [ 523755.17876, 6417633.86385 ], [ 523750.15065, 6417629.90938 ], [ 523748.16098, 6417630.92495 ], [ 523728.88992, 6417596.11816 ], [ 523727.89923, 6417597.12543 ], [ 523709.7184, 6417573.29914 ], [ 523702.68403, 6417568.36228 ], [ 523704.64052, 6417563.35079 ], [ 523680.57363, 6417552.561 ], [ 523677.56009, 6417550.58791 ], [ 523638.46694, 6417534.92759 ], [ 523590.29998, 6417509.35208 ], [ 523563.18636, 6417492.59328 ], [ 523548.12693, 6417483.72682 ], [ 523536.09763, 6417478.83141 ], [ 523490.0033, 6417462.23015 ], [ 523479.98857, 6417459.31612 ], [ 523453.932, 6417449.54189 ], [ 523399.8292, 6417431.00898 ], [ 523393.8187, 6417429.06077 ], [ 523385.82683, 6417429.1271 ], [ 523385.82683, 6417429.1271 ], [ 523364.83985, 6417428.30223 ], [ 523362.88335, 6417433.31372 ], [ 523302.94426, 6417433.81119 ], [ 523276.96236, 6417433.02778 ], [ 523255.95879, 6417430.20495 ], [ 523245.96064, 6417429.28889 ], [ 523237.98535, 6417431.35318 ], [ 523232.98213, 6417430.39565 ], [ 523210.98788, 6417428.58009 ], [ 523175.99022, 6417424.87436 ], [ 523159.98987, 6417423.00906 ], [ 523124.94245, 6417413.30944 ], [ 523111.92246, 6417409.4213 ], [ 523100.90045, 6417405.51658 ], [ 523088.87945, 6417401.62015 ], [ 523041.8525, 6417393.019 ], [ 523020.84893, 6417390.19617 ], [ 522978.85009, 6417385.54949 ], [ 522977.8511, 6417385.55778 ], [ 522933.85429, 6417380.92768 ], [ 522888.8502, 6417375.30688 ], [ 522887.91758, 6417383.30702 ], [ 522885.89472, 6417380.32666 ], [ 522879.85934, 6417375.3815 ], [ 522862.79364, 6417365.53264 ], [ 522849.74877, 6417358.64756 ], [ 522837.69459, 6417350.7552 ], [ 522820.61231, 6417338.90838 ], [ 522808.54983, 6417330.01705 ], [ 522804.52071, 6417326.05429 ], [ 522800.49159, 6417322.09153 ], [ 522796.44588, 6417316.13081 ], [ 522793.42404, 6417313.15874 ], [ 522789.46958, 6417318.18681 ], [ 522781.54406, 6417326.24498 ], [ 522775.58333, 6417330.29064 ], [ 522769.6226, 6417334.33631 ], [ 522760.66492, 6417338.40685 ], [ 522745.72992, 6417344.52509 ], [ 522741.75057, 6417346.55622 ], [ 522735.80643, 6417352.59985 ], [ 522716.04241, 6417378.73916 ], [ 522709.15735, 6417391.78394 ], [ 522699.29193, 6417406.85155 ], [ 522679.60256, 6417441.98169 ], [ 522664.92471, 6417479.06833 ], [ 522663.9589, 6417483.07255 ], [ 522662.96821, 6417484.07982 ], [ 522662.97651, 6417485.0788 ], [ 522656.04997, 6417493.12868 ], [ 522646.17626, 6417507.19731 ], [ 522642.23009, 6417513.22436 ], [ 522626.32098, 6417522.34784 ], [ 522618.36228, 6417526.41008 ], [ 522591.51412, 6417541.61864 ], [ 522578.58538, 6417548.71929 ], [ 522557.74771, 6417565.87606 ], [ 522544.86045, 6417577.97161 ], [ 522544.86045, 6417577.97161 ], [ 522540.89769, 6417582.00069 ], [ 522535.92765, 6417585.03909 ], [ 522506.14059, 6417607.26538 ], [ 522496.2088, 6417614.34115 ], [ 522468.36165, 6417629.558 ], [ 522419.48604, 6417638.95506 ], [ 522415.4984, 6417639.98721 ], [ 522409.51278, 6417641.03593 ], [ 522359.63819, 6417650.44128 ], [ 522340.68235, 6417653.59574 ], [ 522336.703, 6417655.62687 ], [ 522333.71434, 6417656.65072 ], [ 522322.80016, 6417665.73274 ], [ 522321.80118, 6417665.74103 ], [ 522321.80947, 6417666.74001 ], [ 522316.8975, 6417676.77127 ], [ 522315.93999, 6417681.77447 ], [ 522314.941, 6417681.78276 ], [ 522312.12654, 6417703.78521 ], [ 522306.20728, 6417712.82578 ], [ 522304.24249, 6417716.83828 ], [ 522301.27872, 6417720.85907 ], [ 522285.51063, 6417746.96522 ], [ 522284.51164, 6417746.97351 ], [ 522257.88743, 6417789.15455 ], [ 522257.88743, 6417789.15455 ], [ 522251.96818, 6417798.19512 ], [ 522249.99509, 6417801.20864 ], [ 522246.04892, 6417807.23569 ], [ 522284.11819, 6417819.9074 ], [ 522355.23691, 6417842.29534 ], [ 522355.23691, 6417842.29534 ], [ 522479.45116, 6417882.22554 ], [ 522507.47251, 6417887.98728 ], [ 522508.4715, 6417887.97899 ], [ 522523.48946, 6417891.85056 ], [ 522602.51712, 6417904.18235 ], [ 522628.50732, 6417905.96476 ], [ 522629.50631, 6417905.95646 ], [ 522714.4864, 6417913.2436 ], [ 522754.48728, 6417917.90688 ] ], [ [ 523236.00995, 6417795.02362 ], [ 523233.96221, 6417789.04631 ], [ 523233.92903, 6417785.05039 ], [ 523232.91345, 6417783.06072 ], [ 523234.87824, 6417779.04821 ], [ 523233.83778, 6417774.0616 ], [ 523235.76109, 6417765.05419 ], [ 523234.7621, 6417765.06248 ], [ 523234.75381, 6417764.0635 ], [ 523228.7599, 6417764.11325 ], [ 523228.7599, 6417764.11325 ], [ 523226.76193, 6417764.12983 ], [ 523226.76193, 6417764.12983 ], [ 523222.75769, 6417763.16401 ], [ 523222.76599, 6417764.16299 ], [ 523220.76802, 6417764.17958 ], [ 523220.75972, 6417763.1806 ], [ 523216.76378, 6417763.21376 ], [ 523216.76378, 6417763.21376 ], [ 523215.7648, 6417763.22205 ], [ 523215.7648, 6417763.22205 ], [ 523211.76056, 6417762.25624 ], [ 523211.76886, 6417763.25522 ], [ 523210.76987, 6417763.26351 ], [ 523210.76158, 6417762.26453 ], [ 523209.76259, 6417762.27282 ], [ 523209.7543, 6417761.27384 ], [ 523210.75328, 6417761.26555 ], [ 523210.70351, 6417755.27166 ], [ 523210.70351, 6417755.27166 ], [ 523210.69521, 6417754.27268 ], [ 523211.6942, 6417754.26439 ], [ 523211.6859, 6417753.26541 ], [ 523212.62682, 6417746.26425 ], [ 523213.59262, 6417742.26004 ], [ 523215.59059, 6417742.24345 ], [ 523218.52948, 6417735.22572 ], [ 523223.5327, 6417736.18324 ], [ 523229.5432, 6417738.13146 ], [ 523230.54219, 6417738.12316 ], [ 523253.56862, 6417743.92635 ], [ 523264.59063, 6417747.83107 ], [ 523259.71184, 6417761.85826 ], [ 523256.78125, 6417769.87498 ], [ 523254.86624, 6417779.88137 ], [ 523252.90974, 6417784.89286 ], [ 523252.94292, 6417788.88878 ], [ 523264.98881, 6417795.78215 ], [ 523264.00642, 6417797.78841 ], [ 523243.01114, 6417795.96456 ], [ 523240.01419, 6417795.98943 ], [ 523236.00995, 6417795.02362 ] ] ] ] } },
{ "type": "Feature", "properties": { "VALID_GEST": "2024-01-29", "TYPE": "Inscrit", "IDCAUE_EPC": 21 }, "geometry": { "type": "MultiPolygon", "coordinates": [ [ [ [ 521405.23789, 6417493.51825 ], [ 521432.15242, 6417486.30156 ], [ 521432.15242, 6417486.30156 ], [ 521466.05155, 6417478.02786 ], [ 521482.03531, 6417477.89523 ], [ 521500.01703, 6417477.74601 ], [ 521504.01297, 6417477.71285 ], [ 521505.01196, 6417477.70456 ], [ 521509.95712, 6417471.66923 ], [ 521513.90329, 6417465.64218 ], [ 521515.82661, 6417456.63478 ], [ 521515.81002, 6417454.63682 ], [ 521513.77058, 6417449.65849 ], [ 521511.73943, 6417445.67915 ], [ 521505.67916, 6417437.73705 ], [ 521501.65004, 6417433.77428 ], [ 521494.59909, 6417426.83945 ], [ 521488.5637, 6417421.89428 ], [ 521494.51614, 6417416.84964 ], [ 521502.5412, 6417420.77925 ], [ 521513.5798, 6417426.68194 ], [ 521520.61417, 6417431.61882 ], [ 521529.67139, 6417439.53605 ], [ 521534.69949, 6417443.49052 ], [ 521537.70474, 6417444.46464 ], [ 521530.65378, 6417437.5298 ], [ 521520.58099, 6417427.62289 ], [ 521512.52275, 6417419.69737 ], [ 521508.49363, 6417415.7346 ], [ 521501.45097, 6417409.79875 ], [ 521500.44369, 6417408.80806 ], [ 521493.40933, 6417403.87119 ], [ 521485.36768, 6417397.94362 ], [ 521478.33331, 6417393.00675 ], [ 521469.29268, 6417387.08747 ], [ 521460.26034, 6417382.16718 ], [ 521451.22801, 6417377.24688 ], [ 521446.21649, 6417375.29037 ], [ 521445.20921, 6417374.29968 ], [ 521440.1977, 6417372.34317 ], [ 521427.14454, 6417364.45909 ], [ 521427.14454, 6417364.45909 ], [ 521417.12151, 6417360.54607 ], [ 521416.11423, 6417359.55538 ], [ 521406.09121, 6417355.64235 ], [ 521403.14402, 6417361.6611 ], [ 521402.17821, 6417365.66532 ], [ 521394.35222, 6417385.71125 ], [ 521385.48578, 6417400.77056 ], [ 521370.43465, 6417392.90306 ], [ 521368.46986, 6417396.91556 ], [ 521356.65622, 6417417.99363 ], [ 521352.71835, 6417425.01966 ], [ 521350.81991, 6417437.024 ], [ 521350.81991, 6417437.024 ], [ 521345.26561, 6417490.01971 ], [ 521362.25665, 6417490.87777 ], [ 521393.24177, 6417492.61875 ], [ 521395.23974, 6417492.60217 ], [ 521405.23789, 6417493.51825 ] ], [ [ 521466.03496, 6417476.0299 ], [ 521464.03699, 6417476.04648 ], [ 521459.04206, 6417476.08793 ], [ 521467.7758, 6417445.04492 ], [ 521507.81814, 6417454.70314 ], [ 521505.89482, 6417463.71054 ], [ 521502.94763, 6417469.7293 ], [ 521497.00349, 6417475.77292 ], [ 521497.00349, 6417475.77292 ], [ 521473.02785, 6417475.97187 ], [ 521469.03191, 6417476.00503 ], [ 521466.03496, 6417476.0299 ] ] ] ] } },
{ "type": "Feature", "properties": { "VALID_GEST": "2024-01-29", "TYPE": "Inscrit", "IDCAUE_EPC": 21 }, "geometry": { "type": "MultiPolygon", "coordinates": [ [ [ [ 532231.76557, 6420835.39204 ], [ 532235.76981, 6420836.35784 ], [ 532466.00108, 6420890.39312 ], [ 532628.1603, 6420928.00969 ], [ 532675.21218, 6420939.60763 ], [ 532730.25594, 6420951.1392 ], [ 532741.26967, 6420954.04491 ], [ 532792.2511, 6420957.61779 ], [ 532834.21677, 6420958.26838 ], [ 532850.20053, 6420958.13566 ], [ 532884.14942, 6420955.85566 ], [ 532907.10118, 6420952.66792 ], [ 532942.02416, 6420947.38267 ], [ 532968.96356, 6420943.16276 ], [ 532994.87907, 6420935.9542 ], [ 533016.79865, 6420928.77882 ], [ 533076.55517, 6420906.30347 ], [ 533094.47051, 6420898.16228 ], [ 533148.21652, 6420873.73873 ], [ 533200.92205, 6420844.32855 ], [ 533210.8704, 6420839.25068 ], [ 533206.82467, 6420833.28996 ], [ 533205.80909, 6420831.30029 ], [ 533197.72592, 6420820.37784 ], [ 533189.63445, 6420808.4564 ], [ 533189.62615, 6420807.45742 ], [ 533182.43408, 6420783.53988 ], [ 533181.4102, 6420780.55123 ], [ 533180.39462, 6420778.56155 ], [ 533176.25759, 6420761.61202 ], [ 533174.19323, 6420753.63674 ], [ 533171.03859, 6420734.68094 ], [ 533171.022, 6420732.68298 ], [ 533165.87769, 6420714.74275 ], [ 533165.86109, 6420712.74479 ], [ 533161.74067, 6420697.79322 ], [ 533161.71577, 6420694.79627 ], [ 533158.43665, 6420660.85572 ], [ 533158.39515, 6420655.8608 ], [ 533155.06624, 6420615.92636 ], [ 533155.80795, 6420584.94958 ], [ 533155.75816, 6420578.95568 ], [ 533157.62335, 6420562.95536 ], [ 533157.60675, 6420560.95739 ], [ 533159.48023, 6420545.95605 ], [ 533159.44704, 6420541.96012 ], [ 533161.32882, 6420527.95776 ], [ 533163.2687, 6420520.94829 ], [ 533164.22619, 6420515.94508 ], [ 533170.97841, 6420486.9165 ], [ 533171.9442, 6420482.91227 ], [ 533173.87577, 6420474.90381 ], [ 533174.84156, 6420470.89958 ], [ 533180.5948, 6420441.8793 ], [ 533181.56059, 6420437.87507 ], [ 533194.99034, 6420370.82707 ], [ 533194.98204, 6420369.82808 ], [ 533195.95613, 6420366.82284 ], [ 533199.79439, 6420347.80898 ], [ 533199.76119, 6420343.81304 ], [ 533200.71868, 6420338.80983 ], [ 533201.69277, 6420335.80459 ], [ 533205.43144, 6420304.80293 ], [ 533205.39824, 6420300.807 ], [ 533206.32254, 6420291.80786 ], [ 533206.29764, 6420288.81091 ], [ 533208.14623, 6420270.81262 ], [ 533209.12031, 6420267.80738 ], [ 533210.00311, 6420253.81332 ], [ 533209.97821, 6420250.81637 ], [ 533212.80089, 6420229.81284 ], [ 533213.77498, 6420226.8076 ], [ 533216.58105, 6420203.8061 ], [ 533216.56445, 6420201.80813 ], [ 533221.30211, 6420170.79819 ], [ 533222.2762, 6420167.79294 ], [ 533226.00657, 6420135.7923 ], [ 533226.98895, 6420133.78604 ], [ 533226.96406, 6420130.78909 ], [ 533227.92154, 6420125.78588 ], [ 533228.91223, 6420124.77861 ], [ 533228.88733, 6420121.78166 ], [ 533233.73287, 6420103.75849 ], [ 533233.71628, 6420101.76052 ], [ 533237.57943, 6420085.74361 ], [ 533237.56283, 6420083.74565 ], [ 533240.49339, 6420075.7289 ], [ 533240.4768, 6420073.73093 ], [ 533243.37416, 6420061.71825 ], [ 533244.35655, 6420059.71199 ], [ 533249.17719, 6420038.69187 ], [ 533255.00512, 6420018.66244 ], [ 533255.98751, 6420016.65618 ], [ 533264.7294, 6419986.61203 ], [ 533264.7211, 6419985.61305 ], [ 533272.5055, 6419960.57212 ], [ 533272.4972, 6419959.57313 ], [ 533288.0494, 6419907.4933 ], [ 533288.0411, 6419906.49432 ], [ 533294.86802, 6419886.45659 ], [ 533297.79858, 6419878.43985 ], [ 533312.45968, 6419839.35509 ], [ 533313.44207, 6419837.34882 ], [ 533313.43377, 6419836.34984 ], [ 533323.23274, 6419813.29028 ], [ 533323.22444, 6419812.2913 ], [ 533326.1633, 6419805.27353 ], [ 533327.16228, 6419805.26524 ], [ 533334.97988, 6419784.22024 ], [ 533346.77682, 6419761.14409 ], [ 533346.76852, 6419760.14511 ], [ 533350.70636, 6419753.11905 ], [ 533391.75602, 6419763.76774 ], [ 533392.75501, 6419763.75944 ], [ 533412.6849, 6419757.59963 ], [ 533446.57569, 6419748.32674 ], [ 533447.56637, 6419747.31946 ], [ 533450.55503, 6419746.29559 ], [ 533450.54673, 6419745.29661 ], [ 533478.31082, 6419720.08976 ], [ 533497.26663, 6419716.93519 ], [ 533515.24005, 6419715.78689 ], [ 533520.22668, 6419714.74643 ], [ 533521.22566, 6419714.73813 ], [ 533539.19078, 6419712.59084 ], [ 533549.16403, 6419710.50992 ], [ 533568.09494, 6419704.35841 ], [ 533573.08157, 6419703.31794 ], [ 533583.04652, 6419700.23804 ], [ 533596.00842, 6419697.13325 ], [ 533612.97456, 6419694.99425 ], [ 533615.96321, 6419693.97038 ], [ 533620.94984, 6419692.92992 ], [ 533637.90768, 6419689.79194 ], [ 533677.76747, 6419677.47232 ], [ 533739.53853, 6419656.97832 ], [ 533742.52718, 6419655.95445 ], [ 533748.48789, 6419651.90875 ], [ 533749.48688, 6419651.90045 ], [ 533793.25962, 6419629.55782 ], [ 533805.19763, 6419623.46437 ], [ 533813.15631, 6419619.40207 ], [ 533849.94446, 6419598.11649 ], [ 533850.94344, 6419598.10819 ], [ 533861.84928, 6419588.02711 ], [ 533863.83065, 6419586.01255 ], [ 533864.82134, 6419585.00527 ], [ 533867.79339, 6419581.98344 ], [ 533868.79238, 6419581.97514 ], [ 533871.77273, 6419579.95229 ], [ 533881.69618, 6419571.87747 ], [ 533893.59271, 6419560.78911 ], [ 533894.59169, 6419560.78081 ], [ 533895.58238, 6419559.77353 ], [ 533896.58136, 6419559.76524 ], [ 533898.57103, 6419558.74966 ], [ 533899.56172, 6419557.74239 ], [ 533911.52463, 6419554.64589 ], [ 533913.5226, 6419554.62929 ], [ 533914.51329, 6419553.62201 ], [ 533920.49059, 6419551.57427 ], [ 533931.42963, 6419545.48912 ], [ 533932.42031, 6419544.48184 ], [ 533934.40998, 6419543.46627 ], [ 533935.40897, 6419543.45797 ], [ 533936.40795, 6419543.44968 ], [ 533936.39965, 6419542.45069 ], [ 533937.39864, 6419542.4424 ], [ 533941.37798, 6419540.41125 ], [ 533973.45337, 6419553.13255 ], [ 533976.46693, 6419555.10563 ], [ 534015.56841, 6419571.76478 ], [ 534016.56739, 6419571.75649 ], [ 534026.59044, 6419575.66946 ], [ 534027.59772, 6419576.66014 ], [ 534028.59671, 6419576.65185 ], [ 534029.60399, 6419577.64253 ], [ 534032.60924, 6419578.61663 ], [ 534048.61789, 6419581.48084 ], [ 534053.58792, 6419578.44241 ], [ 534058.54964, 6419574.405 ], [ 534065.44294, 6419562.35913 ], [ 534068.415, 6419559.3373 ], [ 534075.35809, 6419553.28533 ], [ 534076.34048, 6419551.27907 ], [ 534077.33946, 6419551.27077 ], [ 534079.32084, 6419549.25621 ], [ 534081.3105, 6419548.24064 ], [ 534081.30221, 6419547.24166 ], [ 534082.30119, 6419547.23336 ], [ 534083.29188, 6419546.22608 ], [ 534084.29086, 6419546.21779 ], [ 534093.22363, 6419539.15024 ], [ 534105.15334, 6419532.05781 ], [ 534108.1337, 6419530.03496 ], [ 534113.10373, 6419526.99653 ], [ 534114.10271, 6419526.98824 ], [ 534115.1017, 6419526.97994 ], [ 534120.08834, 6419525.93949 ], [ 534123.0853, 6419525.91461 ], [ 534124.08428, 6419525.90631 ], [ 534125.09157, 6419526.897 ], [ 534130.1031, 6419528.8535 ], [ 534136.13022, 6419532.79966 ], [ 534146.16989, 6419538.71062 ], [ 534147.17718, 6419539.7013 ], [ 534160.2304, 6419547.58534 ], [ 534182.3326, 6419562.38761 ], [ 534182.3409, 6419563.38659 ], [ 534184.34718, 6419564.36898 ], [ 534227.5443, 6419592.98283 ], [ 534236.58498, 6419598.90208 ], [ 534241.60481, 6419601.85755 ], [ 534244.61837, 6419603.83063 ], [ 534245.62565, 6419604.82132 ], [ 534246.62464, 6419604.81303 ], [ 534251.64447, 6419607.76851 ], [ 534252.64346, 6419607.76021 ], [ 534256.66431, 6419610.72398 ], [ 534266.69567, 6419615.63595 ], [ 534267.69466, 6419615.62766 ], [ 534281.74687, 6419623.5034 ], [ 534282.74586, 6419623.49511 ], [ 534295.79079, 6419630.38016 ], [ 534296.78977, 6419630.37186 ], [ 534298.79605, 6419631.35426 ], [ 534307.82843, 6419636.27452 ], [ 534308.82741, 6419636.26623 ], [ 534309.8347, 6419637.25692 ], [ 534310.83369, 6419637.24862 ], [ 534322.85473, 6419641.14502 ], [ 534335.84986, 6419642.03618 ], [ 534336.84885, 6419642.02788 ], [ 534337.84783, 6419642.01959 ], [ 534338.85512, 6419643.01028 ], [ 534385.83241, 6419645.61739 ], [ 534403.80588, 6419644.46911 ], [ 534420.79695, 6419645.32709 ], [ 534422.79493, 6419645.3105 ], [ 534427.78986, 6419645.26903 ], [ 534433.79208, 6419646.21825 ], [ 534434.79107, 6419646.20995 ], [ 534437.78803, 6419646.18507 ], [ 534440.78499, 6419646.16019 ], [ 534443.78196, 6419646.1353 ], [ 534462.72951, 6419641.98178 ], [ 534467.71615, 6419640.94133 ], [ 534475.69144, 6419638.87701 ], [ 534483.67504, 6419637.81167 ], [ 534502.6226, 6419633.65815 ], [ 534516.58352, 6419630.54508 ], [ 534534.54038, 6419627.39883 ], [ 534564.4602, 6419621.1561 ], [ 534604.36158, 6419613.83144 ], [ 534606.35956, 6419613.81486 ], [ 534623.32574, 6419611.67588 ], [ 534625.32371, 6419611.6593 ], [ 534628.31237, 6419610.63543 ], [ 534630.31035, 6419610.61884 ], [ 534627.8891, 6419559.68732 ], [ 534804.80939, 6419570.20698 ], [ 534827.78609, 6419570.0162 ], [ 534827.7695, 6419568.01823 ], [ 534838.63386, 6419552.94226 ], [ 534837.62657, 6419551.95157 ], [ 534837.10371, 6419489.01568 ], [ 534837.09541, 6419488.01669 ], [ 534830.8608, 6419459.09597 ], [ 534831.76849, 6419448.09887 ], [ 534835.70634, 6419441.07281 ], [ 534838.65351, 6419435.05404 ], [ 534871.2383, 6419388.82713 ], [ 534887.0561, 6419368.71476 ], [ 534889.03748, 6419366.70021 ], [ 534897.93706, 6419355.63675 ], [ 534909.77552, 6419337.55554 ], [ 534924.51963, 6419308.46063 ], [ 534926.47611, 6419303.44913 ], [ 534933.36112, 6419290.4043 ], [ 534931.98036, 6419244.45941 ], [ 534931.74797, 6419216.48791 ], [ 534931.57368, 6419195.50928 ], [ 534931.46579, 6419182.52251 ], [ 534931.44089, 6419179.52557 ], [ 534930.42531, 6419177.5359 ], [ 534929.39312, 6419173.54826 ], [ 534926.37126, 6419170.5762 ], [ 534923.3411, 6419166.60515 ], [ 534908.2899, 6419158.73772 ], [ 534904.26906, 6419155.77395 ], [ 534870.12921, 6419135.07734 ], [ 534861.09684, 6419130.15708 ], [ 534860.09785, 6419130.16538 ], [ 534826.96529, 6419110.45946 ], [ 534816.91733, 6419103.54953 ], [ 534791.80157, 6419086.7742 ], [ 534733.57815, 6419053.28989 ], [ 534732.56256, 6419051.30022 ], [ 534703.44255, 6419033.55908 ], [ 534698.42272, 6419030.60361 ], [ 534669.30271, 6419012.86247 ], [ 534648.1995, 6418998.05192 ], [ 534644.17865, 6418995.08816 ], [ 534639.15882, 6418992.13268 ], [ 534626.10559, 6418984.24865 ], [ 534624.09932, 6418983.26626 ], [ 534612.05338, 6418976.37292 ], [ 534579.92812, 6418957.65768 ], [ 534574.90828, 6418954.70221 ], [ 534558.8415, 6418944.8451 ], [ 534539.76116, 6418933.01491 ], [ 534484.53471, 6418899.50571 ], [ 534458.42826, 6418883.73765 ], [ 534457.42927, 6418883.74594 ], [ 534429.31655, 6418866.99549 ], [ 534430.30724, 6418865.98821 ], [ 534421.27486, 6418861.06795 ], [ 534387.13502, 6418840.37133 ], [ 534383.12248, 6418838.40655 ], [ 534382.11519, 6418837.41586 ], [ 534371.07654, 6418831.5132 ], [ 534365.04942, 6418827.56704 ], [ 534352.99519, 6418819.67472 ], [ 534334.93043, 6418809.83419 ], [ 534327.90433, 6418805.89632 ], [ 534312.96932, 6418812.01463 ], [ 534298.04262, 6418819.13191 ], [ 534272.15195, 6418829.33738 ], [ 534269.17159, 6418831.36023 ], [ 534262.06249, 6418817.43254 ], [ 534261.04691, 6418815.44287 ], [ 534257.00946, 6418810.48114 ], [ 534253.97931, 6418806.51009 ], [ 534250.94085, 6418801.54007 ], [ 534248.94288, 6418801.55665 ], [ 534246.9449, 6418801.57324 ], [ 534242.95725, 6418802.6054 ], [ 534239.97689, 6418804.62825 ], [ 534234.02447, 6418809.67292 ], [ 534225.10828, 6418818.73841 ], [ 534221.15383, 6418823.76649 ], [ 534205.31113, 6418840.88189 ], [ 534196.39494, 6418849.94738 ], [ 534190.45082, 6418855.99103 ], [ 534188.46114, 6418857.0066 ], [ 534166.59962, 6418871.17482 ], [ 534145.72049, 6418883.33678 ], [ 534137.7701, 6418888.39804 ], [ 534129.8197, 6418893.45931 ], [ 534116.89096, 6418900.56 ], [ 534112.91991, 6418903.59013 ], [ 534105.9519, 6418906.64513 ], [ 534098.9673, 6418907.70217 ], [ 534097.96831, 6418907.71046 ], [ 534095.97864, 6418908.72603 ], [ 534083.99912, 6418909.82457 ], [ 534053.05551, 6418913.0787 ], [ 534045.08023, 6418915.14303 ], [ 534028.17219, 6418924.2749 ], [ 533998.34375, 6418941.50648 ], [ 533969.49769, 6418956.7318 ], [ 533941.65062, 6418971.94882 ], [ 533881.90244, 6418995.42317 ], [ 533879.91277, 6418996.43875 ], [ 533868.93224, 6418997.52899 ], [ 533865.93529, 6418997.55388 ], [ 533855.95375, 6418998.63582 ], [ 533815.02029, 6419001.9729 ], [ 533805.03874, 6419003.05484 ], [ 533785.10885, 6419009.21465 ], [ 533766.16964, 6419014.36719 ], [ 533762.182, 6419015.39935 ], [ 533743.2594, 6419022.54985 ], [ 533726.30156, 6419025.68783 ], [ 533726.29326, 6419024.68884 ], [ 533716.30342, 6419024.7718 ], [ 533705.32289, 6419025.86204 ], [ 533667.40298, 6419031.17219 ], [ 533666.40399, 6419031.18049 ], [ 533657.42143, 6419032.25414 ], [ 533635.46038, 6419034.43461 ], [ 533611.51795, 6419038.62964 ], [ 533585.60245, 6419045.8382 ], [ 533574.65512, 6419050.92437 ], [ 533564.72337, 6419058.0002 ], [ 533564.73167, 6419058.99918 ], [ 533555.7989, 6419066.06672 ], [ 533531.00687, 6419088.25172 ], [ 533526.02025, 6419089.29218 ], [ 533514.83224, 6419065.40786 ], [ 533494.70317, 6419047.5921 ], [ 533493.70419, 6419047.6004 ], [ 533484.64693, 6419039.6832 ], [ 533471.59374, 6419031.79919 ], [ 533459.61423, 6419032.89772 ], [ 533454.62761, 6419033.93818 ], [ 533450.63167, 6419033.97136 ], [ 533446.63573, 6419034.00454 ], [ 533435.63861, 6419033.09681 ], [ 533421.64453, 6419032.21397 ], [ 533412.66197, 6419033.28762 ], [ 533396.68652, 6419034.41933 ], [ 533377.72241, 6419036.57491 ], [ 533374.72546, 6419036.5998 ], [ 533367.73257, 6419036.65787 ], [ 533356.75204, 6419037.7481 ], [ 533342.76626, 6419037.86424 ], [ 533326.78251, 6419037.99697 ], [ 533312.78843, 6419037.11413 ], [ 533303.79757, 6419037.18879 ], [ 533272.82905, 6419037.44595 ], [ 533265.83616, 6419037.50402 ], [ 533261.84023, 6419037.5372 ], [ 533239.90406, 6419042.71461 ], [ 533201.00177, 6419050.03101 ], [ 533192.01921, 6419051.10465 ], [ 533166.07881, 6419055.31627 ], [ 533139.13943, 6419059.53617 ], [ 533134.1528, 6419060.57663 ], [ 533122.18159, 6419062.67414 ], [ 533118.43462, 6419092.67679 ], [ 533118.56741, 6419108.6605 ], [ 533117.60992, 6419113.66371 ], [ 533114.75405, 6419130.67129 ], [ 533114.77064, 6419132.66926 ], [ 533114.93662, 6419152.6489 ], [ 533117.02588, 6419163.62111 ], [ 533116.12649, 6419175.6172 ], [ 533115.169, 6419180.6204 ], [ 533114.3028, 6419196.61241 ], [ 533113.3951, 6419207.60951 ], [ 533112.39612, 6419207.61781 ], [ 533111.39713, 6419207.62611 ], [ 533111.40543, 6419208.62509 ], [ 533111.41373, 6419209.62407 ], [ 533096.58664, 6419228.72916 ], [ 533096.60324, 6419230.72713 ], [ 533091.66641, 6419237.76148 ], [ 533077.87151, 6419260.85421 ], [ 533074.94095, 6419268.87095 ], [ 533074.95754, 6419270.86892 ], [ 533074.96584, 6419271.8679 ], [ 533073.01767, 6419277.87839 ], [ 533063.30999, 6419311.92674 ], [ 533062.3276, 6419313.933 ], [ 533054.5349, 6419337.97494 ], [ 533044.81063, 6419370.02533 ], [ 533042.86245, 6419376.03581 ], [ 533037.97541, 6419389.06406 ], [ 533037.00133, 6419392.0693 ], [ 533036.15172, 6419410.05928 ], [ 533037.2586, 6419423.03776 ], [ 533040.35514, 6419435.00066 ], [ 533042.4195, 6419442.97593 ], [ 533043.45168, 6419446.96356 ], [ 533048.57108, 6419461.90682 ], [ 533056.79533, 6419489.81197 ], [ 533057.86071, 6419497.79553 ], [ 533057.87731, 6419499.7935 ], [ 533059.24145, 6419543.74043 ], [ 533056.39387, 6419561.747 ], [ 533056.42707, 6419565.74293 ], [ 533057.8742, 6419619.67969 ], [ 533059.04746, 6419640.65003 ], [ 533059.13045, 6419650.63986 ], [ 533060.17093, 6419655.62647 ], [ 533071.53322, 6419700.48944 ], [ 533076.68582, 6419719.42863 ], [ 533076.69412, 6419720.42762 ], [ 533078.76678, 6419729.40187 ], [ 533080.86434, 6419741.37307 ], [ 533084.10196, 6419770.31868 ], [ 533085.31672, 6419796.28394 ], [ 533086.63106, 6419834.23698 ], [ 533084.68289, 6419840.24747 ], [ 533074.92542, 6419868.30194 ], [ 533074.93371, 6419869.30092 ], [ 533073.95133, 6419871.30718 ], [ 533065.16794, 6419896.35641 ], [ 533063.19487, 6419899.36995 ], [ 533062.21248, 6419901.37621 ], [ 533059.23213, 6419903.39906 ], [ 533056.25177, 6419905.42191 ], [ 533051.27344, 6419907.46136 ], [ 533040.29291, 6419908.55159 ], [ 533036.30527, 6419909.58375 ], [ 533034.3156, 6419910.59932 ], [ 533031.33525, 6419912.62218 ], [ 533024.43364, 6419923.66905 ], [ 533022.47717, 6419928.68056 ], [ 533019.5632, 6419938.69527 ], [ 533018.58082, 6419940.70153 ], [ 533018.59741, 6419942.6995 ], [ 533008.90633, 6419978.74583 ], [ 533000.18104, 6420010.78794 ], [ 532998.23286, 6420016.79843 ], [ 532997.24217, 6420017.80571 ], [ 532993.37072, 6420032.82363 ], [ 532986.5604, 6420054.85932 ], [ 532981.72316, 6420073.88147 ], [ 532971.03309, 6420109.9361 ], [ 532970.0756, 6420114.93931 ], [ 532970.0839, 6420115.9383 ], [ 532963.28188, 6420138.97297 ], [ 532956.47987, 6420162.00765 ], [ 532955.51408, 6420166.01187 ], [ 532945.69851, 6420187.07347 ], [ 532934.90055, 6420210.14132 ], [ 532928.02384, 6420224.18515 ], [ 532919.17406, 6420241.24252 ], [ 532917.20099, 6420244.25606 ], [ 532911.31497, 6420257.29261 ], [ 532910.34918, 6420261.29684 ], [ 532909.35019, 6420261.30513 ], [ 532898.61033, 6420291.36587 ], [ 532889.72735, 6420304.42731 ], [ 532884.82372, 6420315.4576 ], [ 532881.85996, 6420319.47842 ], [ 532874.90856, 6420324.5314 ], [ 532866.93328, 6420326.59572 ], [ 532864.94361, 6420327.6113 ], [ 532808.05957, 6420335.077 ], [ 532806.0616, 6420335.09359 ], [ 532794.09038, 6420337.1911 ], [ 532773.1366, 6420340.36225 ], [ 532750.19314, 6420344.54897 ], [ 532744.22413, 6420347.59569 ], [ 532736.31524, 6420357.65188 ], [ 532731.37841, 6420364.68624 ], [ 532729.44683, 6420372.69469 ], [ 532722.87718, 6420423.7009 ], [ 532722.95187, 6420432.69175 ], [ 532722.97676, 6420435.68869 ], [ 532707.98369, 6420434.81414 ], [ 532694.9554, 6420429.92706 ], [ 532688.95319, 6420428.97784 ], [ 532673.95182, 6420427.1043 ], [ 532640.92723, 6420420.38516 ], [ 532594.88264, 6420409.77791 ], [ 532582.86993, 6420406.88051 ], [ 532572.86348, 6420404.96549 ], [ 532571.8562, 6420403.9748 ], [ 532551.8433, 6420400.14477 ], [ 532531.83041, 6420396.31473 ], [ 532460.8278, 6420387.91283 ], [ 532427.81981, 6420383.19164 ], [ 532388.79301, 6420375.52328 ], [ 532379.77725, 6420372.60098 ], [ 532372.76776, 6420370.66108 ], [ 532368.78842, 6420372.69222 ], [ 532343.25465, 6420425.85399 ], [ 532342.28056, 6420428.85924 ], [ 532335.40385, 6420442.90306 ], [ 532335.41215, 6420443.90205 ], [ 532333.43908, 6420446.91559 ], [ 532310.88566, 6420498.05451 ], [ 532309.89497, 6420499.06178 ], [ 532303.01826, 6420513.10561 ], [ 532291.26281, 6420541.17668 ], [ 532285.37678, 6420554.21323 ], [ 532272.61405, 6420581.29361 ], [ 532269.67518, 6420588.31137 ], [ 532269.68348, 6420589.31036 ], [ 532257.90313, 6420614.38447 ], [ 532245.16529, 6420644.4618 ], [ 532225.52584, 6420685.58601 ], [ 532216.75904, 6420712.63321 ], [ 532215.96752, 6420737.61609 ], [ 532215.99242, 6420740.61304 ], [ 532215.05982, 6420748.6132 ], [ 532216.1169, 6420755.59779 ], [ 532217.15738, 6420760.58441 ], [ 532219.20514, 6420766.56172 ], [ 532229.33607, 6420783.46149 ], [ 532236.45344, 6420798.38818 ], [ 532240.61536, 6420818.33467 ], [ 532233.69715, 6420827.38358 ], [ 532231.76557, 6420835.39204 ] ] ] ] } },
{ "type": "Feature", "properties": { "VALID_GEST": "2024-01-29", "TYPE": "Inscrit", "IDCAUE_EPC": 21 }, "geometry": { "type": "MultiPolygon", "coordinates": [ [ [ [ 527562.83012, 6422235.85933 ], [ 527578.64795, 6422215.74699 ], [ 527598.39533, 6422187.60961 ], [ 527611.24109, 6422170.51909 ], [ 527617.15203, 6422160.47951 ], [ 527628.97391, 6422140.40033 ], [ 527645.74093, 6422114.28579 ], [ 527647.70571, 6422110.27327 ], [ 527652.63426, 6422102.23994 ], [ 527655.59803, 6422098.21913 ], [ 527664.43125, 6422079.16381 ], [ 527669.32661, 6422067.13455 ], [ 527674.24686, 6422058.10224 ], [ 527675.22925, 6422056.09598 ], [ 527683.05519, 6422036.04997 ], [ 527684.06247, 6422037.04066 ], [ 527699.74754, 6422000.94457 ], [ 527701.74551, 6422000.92799 ], [ 527707.62326, 6421986.89247 ], [ 527724.20774, 6421938.80028 ], [ 527731.03469, 6421918.76257 ], [ 527740.80052, 6421891.70709 ], [ 527742.7653, 6421887.69457 ], [ 527748.61816, 6421870.66209 ], [ 527756.4192, 6421847.61913 ], [ 527764.22025, 6421824.57617 ], [ 527769.1322, 6421814.54488 ], [ 527768.12492, 6421813.55419 ], [ 527769.09901, 6421810.54894 ], [ 527771.09698, 6421810.53236 ], [ 527773.06176, 6421806.51984 ], [ 527776.00064, 6421799.50208 ], [ 527789.69603, 6421764.42157 ], [ 527791.60273, 6421753.41616 ], [ 527794.50841, 6421742.40247 ], [ 527796.44001, 6421734.39401 ], [ 527799.37888, 6421727.37625 ], [ 527800.35297, 6421724.37101 ], [ 527814.08985, 6421694.28541 ], [ 527814.07325, 6421692.28745 ], [ 527817.94474, 6421677.26953 ], [ 527821.83281, 6421664.24957 ], [ 527822.79031, 6421659.24636 ], [ 527823.7644, 6421656.24112 ], [ 527825.72919, 6421652.2286 ], [ 527828.66806, 6421645.21084 ], [ 527835.60288, 6421638.15991 ], [ 527839.58222, 6421636.12878 ], [ 527847.54091, 6421632.06651 ], [ 527857.51417, 6421629.98563 ], [ 527863.50808, 6421629.93588 ], [ 527886.49304, 6421630.74416 ], [ 527898.48086, 6421630.64467 ], [ 527904.46648, 6421629.59593 ], [ 527913.44075, 6421627.52334 ], [ 527924.42959, 6421627.43214 ], [ 528107.27707, 6421629.91072 ], [ 528111.27301, 6421629.87756 ], [ 528206.2015, 6421632.0868 ], [ 528214.18508, 6421631.02148 ], [ 528225.14903, 6421627.93332 ], [ 528230.12736, 6421625.8939 ], [ 528275.92303, 6421606.53179 ], [ 528279.90238, 6421604.50065 ], [ 528289.84244, 6421598.42383 ], [ 528298.81672, 6421596.35124 ], [ 528306.8003, 6421595.28592 ], [ 528317.78914, 6421595.19471 ], [ 528317.02248, 6421623.17455 ], [ 528317.03908, 6421625.17252 ], [ 528303.10307, 6421631.28251 ], [ 528293.12981, 6421633.36339 ], [ 528281.29134, 6421651.4446 ], [ 528277.36178, 6421659.46964 ], [ 528271.47574, 6421672.50618 ], [ 528269.51095, 6421676.51869 ], [ 528268.54516, 6421680.52292 ], [ 528268.57005, 6421683.51987 ], [ 528267.65404, 6421693.518 ], [ 528266.76292, 6421706.51308 ], [ 528266.78781, 6421709.51004 ], [ 528268.85216, 6421717.48532 ], [ 528270.88332, 6421721.46467 ], [ 528271.96528, 6421731.44622 ], [ 528275.03692, 6421740.4122 ], [ 528277.10127, 6421748.38749 ], [ 528281.16359, 6421756.34619 ], [ 528288.30584, 6421774.26986 ], [ 528300.5094, 6421800.14394 ], [ 528303.56443, 6421807.11195 ], [ 528304.6132, 6421813.09756 ], [ 528307.67654, 6421821.06456 ], [ 528310.73987, 6421829.03156 ], [ 528313.81151, 6421837.99754 ], [ 528317.99829, 6421860.941 ], [ 528326.19761, 6421885.84926 ], [ 528325.19862, 6421885.85756 ], [ 528322.37591, 6421906.86109 ], [ 528323.46617, 6421917.84163 ], [ 528317.61332, 6421934.87411 ], [ 528313.70035, 6421944.89711 ], [ 528308.87967, 6421965.91724 ], [ 528307.03105, 6421983.91553 ], [ 528309.13689, 6421996.88574 ], [ 528310.16907, 6422000.87338 ], [ 528305.25711, 6422010.90468 ], [ 528300.35346, 6422021.93497 ], [ 528295.43321, 6422030.96728 ], [ 528295.50789, 6422039.95814 ], [ 528307.57039, 6422048.84949 ], [ 528309.57666, 6422049.8319 ], [ 528315.62865, 6422056.77503 ], [ 528320.68166, 6422063.72646 ], [ 528322.71282, 6422067.70582 ], [ 528319.88181, 6422087.71037 ], [ 528320.91399, 6422091.69802 ], [ 528334.12483, 6422118.5628 ], [ 528341.24219, 6422133.48952 ], [ 528343.30654, 6422141.46481 ], [ 528344.37191, 6422149.44839 ], [ 528342.42372, 6422155.45888 ], [ 528332.56663, 6422171.52554 ], [ 528329.60286, 6422175.54635 ], [ 528320.73645, 6422190.60574 ], [ 528315.79961, 6422197.64009 ], [ 528315.8079, 6422198.63907 ], [ 528306.9332, 6422212.69948 ], [ 528302.98704, 6422218.72655 ], [ 528306.01719, 6422222.69761 ], [ 528304.04411, 6422225.71115 ], [ 528301.06375, 6422227.73399 ], [ 528299.25662, 6422250.72721 ], [ 528300.33028, 6422259.70978 ], [ 528303.39362, 6422267.67678 ], [ 528315.57229, 6422290.55391 ], [ 528316.65425, 6422300.53546 ], [ 528314.77244, 6422314.53783 ], [ 528313.88962, 6422328.5319 ], [ 528312.9819, 6422339.52902 ], [ 528306.13006, 6422356.56979 ], [ 528302.18391, 6422362.59687 ], [ 528309.1934, 6422364.53679 ], [ 528338.17228, 6422365.29532 ], [ 528388.21282, 6422375.86956 ], [ 528396.213, 6422376.80221 ], [ 528420.23014, 6422381.59813 ], [ 528408.31699, 6422390.68849 ], [ 528387.52914, 6422413.83925 ], [ 528371.69473, 6422431.95364 ], [ 528356.8676, 6422451.05872 ], [ 528352.91314, 6422456.08681 ], [ 528344.03014, 6422469.14823 ], [ 528334.16475, 6422484.21591 ], [ 528321.41856, 6422513.29426 ], [ 528318.47139, 6422519.31304 ], [ 528315.53252, 6422526.3308 ], [ 528297.7997, 6422556.44959 ], [ 528290.93956, 6422572.49138 ], [ 528286.0525, 6422585.51964 ], [ 528276.36965, 6422622.56498 ], [ 528272.46498, 6422633.58698 ], [ 528266.59553, 6422648.62149 ], [ 528262.67426, 6422657.64552 ], [ 528257.8038, 6422672.67175 ], [ 528251.93435, 6422687.70627 ], [ 528230.29686, 6422728.84705 ], [ 528217.52578, 6422754.92844 ], [ 528210.62415, 6422765.97531 ], [ 528196.8126, 6422787.07007 ], [ 528195.83021, 6422789.07633 ], [ 528160.265, 6422837.32609 ], [ 528142.4741, 6422860.45199 ], [ 528138.56113, 6422870.475 ], [ 528112.96089, 6422915.64489 ], [ 528102.1131, 6422932.71884 ], [ 528096.18557, 6422940.76046 ], [ 528074.4651, 6422971.9114 ], [ 528069.52826, 6422978.94576 ], [ 528057.61511, 6422988.03612 ], [ 528013.94185, 6423022.36642 ], [ 528008.96351, 6423024.40585 ], [ 527972.22507, 6423051.68522 ], [ 527962.30159, 6423059.76002 ], [ 527952.37812, 6423067.83481 ], [ 527935.50323, 6423080.96256 ], [ 527913.61681, 6423092.13381 ], [ 527908.63848, 6423094.17323 ], [ 527887.72616, 6423102.33923 ], [ 527867.80452, 6423109.49795 ], [ 527815.94024, 6423119.91895 ], [ 527789.034, 6423128.13469 ], [ 527789.0589, 6423131.13165 ], [ 527806.72203, 6423212.90746 ], [ 527807.80399, 6423222.88901 ], [ 527810.76445, 6423338.75469 ], [ 527822.76058, 6423339.65418 ], [ 527861.68783, 6423335.33488 ], [ 527882.68313, 6423337.15873 ], [ 527910.67132, 6423338.92454 ], [ 527926.6385, 6423336.79391 ], [ 527951.53847, 6423327.59576 ], [ 527969.47043, 6423321.4526 ], [ 527987.40239, 6423315.30945 ], [ 527998.35804, 6423311.2223 ], [ 528016.28171, 6423304.08016 ], [ 528056.12497, 6423289.76271 ], [ 528068.08791, 6423286.66626 ], [ 528069.0786, 6423285.65898 ], [ 528106.95708, 6423275.35406 ], [ 528125.91292, 6423272.19956 ], [ 528144.89365, 6423272.04203 ], [ 528162.90028, 6423274.88973 ], [ 528166.86304, 6423270.86063 ], [ 528174.64749, 6423245.81967 ], [ 528183.44752, 6423222.76839 ], [ 528188.36777, 6423213.73607 ], [ 528221.03559, 6423177.49899 ], [ 528246.82668, 6423155.30574 ], [ 528289.49265, 6423119.98473 ], [ 528332.15863, 6423084.66372 ], [ 528354.96935, 6423064.49331 ], [ 528360.92177, 6423059.44864 ], [ 528377.77177, 6423043.32392 ], [ 528408.4997, 6423014.09632 ], [ 528473.77725, 6422934.62926 ], [ 528486.6396, 6422919.5367 ], [ 528490.59405, 6422914.50861 ], [ 528493.54952, 6422909.48881 ], [ 528494.54851, 6422909.48052 ], [ 528536.05784, 6422855.18709 ], [ 528535.04226, 6422853.19741 ], [ 528555.66416, 6422810.06694 ], [ 528565.46317, 6422787.00737 ], [ 528572.28183, 6422765.97065 ], [ 528574.12214, 6422746.97336 ], [ 528573.08997, 6422742.98571 ], [ 528572.07439, 6422740.99604 ], [ 528556.7577, 6422701.16103 ], [ 528536.47928, 6422665.36342 ], [ 528532.45015, 6422661.40065 ], [ 528515.35952, 6422648.55482 ], [ 528493.24908, 6422632.75348 ], [ 528491.24281, 6422631.77108 ], [ 528459.14252, 6422616.05267 ], [ 528430.04747, 6422601.30836 ], [ 528425.03595, 6422599.35185 ], [ 528429.93131, 6422587.32258 ], [ 528431.90439, 6422584.30904 ], [ 528443.65988, 6422556.23798 ], [ 528445.61637, 6422551.22647 ], [ 528449.52933, 6422541.20346 ], [ 528451.48582, 6422536.19195 ], [ 528453.40081, 6422526.18552 ], [ 528457.2474, 6422508.17064 ], [ 528461.78596, 6422453.18504 ], [ 528468.21463, 6422385.19606 ], [ 528469.14724, 6422377.19589 ], [ 528470.08814, 6422370.19471 ], [ 528470.06325, 6422367.19776 ], [ 528474.82584, 6422339.18474 ], [ 528486.47347, 6422298.12688 ], [ 528517.51168, 6422185.9753 ], [ 528517.49509, 6422183.97734 ], [ 528513.44106, 6422177.01761 ], [ 528509.34555, 6422165.06297 ], [ 528507.26461, 6422155.08971 ], [ 528500.00619, 6422123.18026 ], [ 528499.9564, 6422117.18636 ], [ 528498.85785, 6422105.20684 ], [ 528498.72509, 6422089.22309 ], [ 528498.667, 6422082.2302 ], [ 528498.60062, 6422074.23833 ], [ 528499.54982, 6422068.23614 ], [ 528497.55185, 6422068.25272 ], [ 528504.08839, 6422013.25055 ], [ 528506.08636, 6422013.23397 ], [ 528510.74109, 6421972.23416 ], [ 528513.62188, 6421958.22351 ], [ 528517.50165, 6421944.20457 ], [ 528519.44154, 6421937.19509 ], [ 528520.41563, 6421934.18985 ], [ 528532.20432, 6421910.11473 ], [ 528545.96608, 6421883.02608 ], [ 528549.90394, 6421876.00002 ], [ 528557.77136, 6421860.94893 ], [ 528564.65638, 6421847.90409 ], [ 528569.60153, 6421841.86873 ], [ 528614.51438, 6421836.50067 ], [ 528630.48155, 6421834.37003 ], [ 528633.4702, 6421833.34617 ], [ 528642.43618, 6421830.27459 ], [ 528653.40012, 6421827.18643 ], [ 528660.36813, 6421824.13143 ], [ 528662.3495, 6421822.11688 ], [ 528662.34121, 6421821.1179 ], [ 528660.24366, 6421809.14667 ], [ 528660.21877, 6421806.14972 ], [ 528658.09634, 6421791.18155 ], [ 528657.02267, 6421782.19898 ], [ 528654.92513, 6421770.22776 ], [ 528653.89296, 6421766.24012 ], [ 528651.78712, 6421753.26991 ], [ 528651.77882, 6421752.27093 ], [ 528647.56714, 6421726.33052 ], [ 528646.50178, 6421718.34694 ], [ 528643.33057, 6421697.39315 ], [ 528641.22473, 6421684.42295 ], [ 528640.18426, 6421679.43632 ], [ 528640.17596, 6421678.43733 ], [ 528639.12719, 6421672.45172 ], [ 528632.79308, 6421631.54314 ], [ 528631.51198, 6421597.58598 ], [ 528631.47879, 6421593.59005 ], [ 528631.22986, 6421563.62054 ], [ 528631.04732, 6421541.64289 ], [ 528631.03072, 6421539.64493 ], [ 528631.97992, 6421533.64273 ], [ 528631.73099, 6421503.67322 ], [ 528631.66461, 6421495.68135 ], [ 528633.32238, 6421454.70644 ], [ 528634.96356, 6421411.73356 ], [ 528634.95526, 6421410.73457 ], [ 528635.83808, 6421396.74051 ], [ 528636.66282, 6421375.75356 ], [ 528636.57154, 6421364.76474 ], [ 528635.4481, 6421349.78828 ], [ 528634.29975, 6421331.81487 ], [ 528633.2095, 6421320.83434 ], [ 528633.1929, 6421318.83637 ], [ 528632.11924, 6421309.85381 ], [ 528627.98224, 6421292.90426 ], [ 528626.95006, 6421288.91662 ], [ 528625.93448, 6421286.92694 ], [ 528624.90231, 6421282.9393 ], [ 528622.83796, 6421274.96402 ], [ 528620.7819, 6421267.98772 ], [ 528618.72585, 6421261.01142 ], [ 528610.55142, 6421239.10012 ], [ 528603.36769, 6421216.18154 ], [ 528602.33551, 6421212.1939 ], [ 528602.32721, 6421211.19491 ], [ 528600.25456, 6421202.22065 ], [ 528598.08235, 6421181.25858 ], [ 528597.01698, 6421173.275 ], [ 528595.88523, 6421157.29956 ], [ 528593.72131, 6421137.33647 ], [ 528592.65595, 6421129.3529 ], [ 528588.19535, 6421073.443 ], [ 528587.19636, 6421073.45129 ], [ 528580.62992, 6421004.57119 ], [ 528579.4152, 6420978.60592 ], [ 528578.33324, 6420968.62437 ], [ 528577.23468, 6420956.64487 ], [ 528575.10395, 6420940.67772 ], [ 528572.89854, 6420915.71972 ], [ 528570.78441, 6420901.75054 ], [ 528570.77611, 6420900.75156 ], [ 528569.65266, 6420885.7751 ], [ 528568.59559, 6420878.79051 ], [ 528567.48874, 6420865.81202 ], [ 528567.43896, 6420859.81812 ], [ 528566.17445, 6420827.85895 ], [ 528564.17648, 6420827.87553 ], [ 528561.99596, 6420805.91449 ], [ 528560.82273, 6420784.94413 ], [ 528559.77396, 6420778.95853 ], [ 528559.59971, 6420757.97988 ], [ 528561.44833, 6420739.9816 ], [ 528566.22752, 6420713.96658 ], [ 528566.21092, 6420711.96861 ], [ 528571.0316, 6420690.94851 ], [ 528572.97978, 6420684.93802 ], [ 528576.87615, 6420672.91706 ], [ 528581.74661, 6420657.89085 ], [ 528582.72071, 6420654.88561 ], [ 528587.60776, 6420641.85737 ], [ 528588.38271, 6420614.87654 ], [ 528586.35985, 6420611.89617 ], [ 528583.37119, 6420612.92003 ], [ 528580.33275, 6420607.94999 ], [ 528575.27145, 6420599.99959 ], [ 528579.2342, 6420595.97049 ], [ 528571.17594, 6420588.04496 ], [ 528563.10938, 6420579.12045 ], [ 528558.07297, 6420574.16699 ], [ 528556.0584, 6420572.18561 ], [ 528552.02098, 6420567.22386 ], [ 528521.29307, 6420596.45142 ], [ 528479.64271, 6420633.76206 ], [ 528412.08513, 6420679.28014 ], [ 528364.34129, 6420704.65273 ], [ 528360.36194, 6420706.68386 ], [ 528350.41358, 6420711.7617 ], [ 528301.60438, 6420729.15071 ], [ 528263.70933, 6420737.45766 ], [ 528179.86098, 6420746.14603 ], [ 528095.93794, 6420745.84355 ], [ 528090.94302, 6420745.88501 ], [ 528023.98614, 6420743.4436 ], [ 528021.98817, 6420743.46018 ], [ 528011.99002, 6420742.54411 ], [ 528002.99916, 6420742.61874 ], [ 527909.05309, 6420738.40323 ], [ 527885.07745, 6420738.60222 ], [ 527883.07118, 6420737.61982 ], [ 527866.08844, 6420737.76078 ], [ 527853.10163, 6420737.86857 ], [ 527850.10468, 6420737.89344 ], [ 527829.1177, 6420737.06858 ], [ 527823.12379, 6420737.11833 ], [ 527809.1297, 6420736.23543 ], [ 527799.14815, 6420737.31732 ], [ 527799.18134, 6420741.31326 ], [ 527798.24873, 6420749.31341 ], [ 527798.31511, 6420757.30528 ], [ 527796.52457, 6420782.29644 ], [ 527795.70813, 6420804.28236 ], [ 527795.72472, 6420806.28032 ], [ 527794.75063, 6420809.28556 ], [ 527793.77653, 6420812.2908 ], [ 527789.81378, 6420816.3199 ], [ 527786.84172, 6420819.34173 ], [ 527771.90673, 6420825.46 ], [ 527766.9284, 6420827.49942 ], [ 527764.93043, 6420827.516 ], [ 527759.9604, 6420830.55441 ], [ 527757.97072, 6420831.56997 ], [ 527756.98833, 6420833.57623 ], [ 527761.12533, 6420850.52578 ], [ 527765.51954, 6420898.44381 ], [ 527767.55899, 6420903.42214 ], [ 527764.62012, 6420910.4399 ], [ 527760.71545, 6420921.46188 ], [ 527751.84075, 6420935.52227 ], [ 527755.84498, 6420936.48808 ], [ 527759.85752, 6420938.45288 ], [ 527763.87835, 6420941.41667 ], [ 527767.91578, 6420946.37842 ], [ 527770.94592, 6420950.34948 ], [ 527773.99266, 6420956.3185 ], [ 527776.03212, 6420961.29684 ], [ 527779.10375, 6420970.26281 ], [ 527780.16911, 6420978.24639 ], [ 527782.25005, 6420988.21964 ], [ 527782.25835, 6420989.21862 ], [ 527783.26563, 6420990.20931 ], [ 527788.68372, 6421041.116 ], [ 527791.83002, 6421059.07283 ], [ 527788.83307, 6421059.0977 ], [ 527788.89115, 6421066.09059 ], [ 527788.89945, 6421067.08957 ], [ 527789.93162, 6421071.07721 ], [ 527788.99901, 6421079.07737 ], [ 527788.10789, 6421092.07244 ], [ 527786.21779, 6421105.07581 ], [ 527785.27689, 6421112.07698 ], [ 527785.30178, 6421115.07393 ], [ 527790.42116, 6421130.01723 ], [ 527791.44504, 6421133.00589 ], [ 527794.52497, 6421142.97085 ], [ 527795.64011, 6421156.94832 ], [ 527795.70649, 6421164.94019 ], [ 527795.78946, 6421174.93002 ], [ 527795.79776, 6421175.92901 ], [ 527794.83197, 6421179.93323 ], [ 527796.01349, 6421201.90258 ], [ 527797.12864, 6421215.88005 ], [ 527799.27596, 6421233.84517 ], [ 527800.29984, 6421236.83383 ], [ 527802.40567, 6421249.80403 ], [ 527803.43785, 6421253.79168 ], [ 527803.44614, 6421254.79066 ], [ 527803.47933, 6421258.78659 ], [ 527804.5364, 6421265.77119 ], [ 527804.66086, 6421280.75594 ], [ 527805.69303, 6421284.74358 ], [ 527807.74908, 6421291.71988 ], [ 527809.78854, 6421296.69822 ], [ 527809.80514, 6421298.69618 ], [ 527812.84358, 6421303.66623 ], [ 527817.92148, 6421313.6146 ], [ 527819.96093, 6421318.59294 ], [ 527822.01698, 6421325.56924 ], [ 527823.2151, 6421349.53655 ], [ 527823.28978, 6421358.52741 ], [ 527821.47435, 6421380.52163 ], [ 527821.48265, 6421381.52061 ], [ 527821.52413, 6421386.51553 ], [ 527817.802, 6421419.51515 ], [ 527813.95541, 6421437.53002 ], [ 527808.24361, 6421471.54521 ], [ 527803.42293, 6421492.56533 ], [ 527800.54214, 6421506.57597 ], [ 527801.5909, 6421512.56158 ], [ 527799.61783, 6421515.57512 ], [ 527796.72873, 6421528.58678 ], [ 527794.77225, 6421533.59828 ], [ 527788.92769, 6421551.62973 ], [ 527780.15255, 6421577.67793 ], [ 527770.41162, 6421607.73036 ], [ 527762.66036, 6421636.76722 ], [ 527758.74739, 6421646.79022 ], [ 527758.76399, 6421648.78819 ], [ 527744.43469, 6421727.83228 ], [ 527740.54662, 6421740.85223 ], [ 527737.65752, 6421753.86389 ], [ 527727.98297, 6421791.90819 ], [ 527721.1975, 6421816.94083 ], [ 527715.36954, 6421836.97025 ], [ 527710.58204, 6421861.98631 ], [ 527707.67636, 6421873.00001 ], [ 527705.72817, 6421879.01049 ], [ 527703.76339, 6421883.02301 ], [ 527702.781, 6421885.02927 ], [ 527700.83281, 6421891.03976 ], [ 527697.89393, 6421898.05752 ], [ 527696.91984, 6421901.06276 ], [ 527692.99028, 6421909.0878 ], [ 527690.03481, 6421914.10759 ], [ 527687.08764, 6421920.12637 ], [ 527681.1767, 6421930.16595 ], [ 527674.29996, 6421944.20977 ], [ 527665.45015, 6421961.26712 ], [ 527661.51228, 6421968.29317 ], [ 527657.59932, 6421978.31618 ], [ 527652.72055, 6421992.34341 ], [ 527648.81588, 6422003.3654 ], [ 527645.877, 6422010.38316 ], [ 527642.93813, 6422017.40092 ], [ 527634.08831, 6422034.45827 ], [ 527633.11422, 6422037.46351 ], [ 527631.14114, 6422040.47705 ], [ 527629.20955, 6422048.4855 ], [ 527626.28727, 6422057.50123 ], [ 527623.37328, 6422067.51595 ], [ 527618.49452, 6422081.54318 ], [ 527616.53803, 6422086.55468 ], [ 527615.56394, 6422089.55993 ], [ 527610.6188, 6422095.59529 ], [ 527609.63641, 6422097.60155 ], [ 527608.66231, 6422100.60679 ], [ 527607.67162, 6422101.61406 ], [ 527605.79811, 6422116.61541 ], [ 527598.91308, 6422129.66024 ], [ 527597.94728, 6422133.66447 ], [ 527595.9742, 6422136.678 ], [ 527589.07257, 6422147.72487 ], [ 527586.1171, 6422152.74466 ], [ 527585.14301, 6422155.7499 ], [ 527572.29725, 6422172.84042 ], [ 527562.42356, 6422186.90911 ], [ 527561.44117, 6422188.91537 ], [ 527558.51059, 6422196.93211 ], [ 527553.63182, 6422210.95935 ], [ 527549.71885, 6422220.98235 ], [ 527538.85447, 6422236.05832 ], [ 527537.88868, 6422240.06255 ], [ 527536.89799, 6422241.06982 ], [ 527538.91255, 6422243.05121 ], [ 527544.96455, 6422249.99435 ], [ 527562.83012, 6422235.85933 ] ] ], [ [ [ 525936.72602, 6423602.07395 ], [ 525933.75394, 6423605.09578 ], [ 525932.75495, 6423605.10408 ], [ 525926.85229, 6423616.14267 ], [ 525920.90814, 6423622.18634 ], [ 525907.97938, 6423629.28705 ], [ 525892.05365, 6423636.41264 ], [ 525875.15383, 6423646.54347 ], [ 525862.24165, 6423655.64215 ], [ 525820.62433, 6423696.94885 ], [ 525819.62534, 6423696.95714 ], [ 525810.70912, 6423706.02265 ], [ 525797.79695, 6423715.12132 ], [ 525774.91149, 6423726.3009 ], [ 525763.9641, 6423731.38705 ], [ 525745.04971, 6423739.5365 ], [ 525740.07966, 6423742.57492 ], [ 525733.15312, 6423750.62485 ], [ 525730.23912, 6423760.63958 ], [ 525729.3231, 6423770.63773 ], [ 525731.37085, 6423776.61506 ], [ 525734.41759, 6423782.58409 ], [ 525743.47486, 6423790.50134 ], [ 525758.48456, 6423793.3739 ], [ 525828.53816, 6423807.77817 ], [ 525883.59035, 6423820.30886 ], [ 525900.63121, 6423827.16077 ], [ 525904.66035, 6423831.12354 ], [ 525912.76841, 6423845.04299 ], [ 525915.83174, 6423853.00999 ], [ 525915.90641, 6423862.00086 ], [ 525912.01002, 6423874.02186 ], [ 525893.28645, 6423905.14798 ], [ 525885.4024, 6423918.20113 ], [ 525856.8051, 6423963.39597 ], [ 525839.05562, 6423991.51684 ], [ 525825.24401, 6424012.61164 ], [ 525824.26162, 6424014.6179 ], [ 525808.47693, 6424038.72624 ], [ 525805.53804, 6424045.74402 ], [ 525803.60644, 6424053.75249 ], [ 525802.65723, 6424059.7547 ], [ 525804.74647, 6424070.72695 ], [ 525807.83469, 6424081.69091 ], [ 525815.93445, 6424094.61138 ], [ 525825.0415, 6424108.52254 ], [ 525834.16513, 6424124.43167 ], [ 525837.21188, 6424130.40071 ], [ 525840.28351, 6424139.3667 ], [ 525843.38003, 6424151.32965 ], [ 525843.4547, 6424160.32052 ], [ 525845.6269, 6424181.28263 ], [ 525849.7639, 6424198.23221 ], [ 525858.94561, 6424221.13424 ], [ 525865.04739, 6424234.0713 ], [ 525871.0994, 6424241.01444 ], [ 525876.11923, 6424243.96993 ], [ 525880.13177, 6424245.93473 ], [ 525887.13299, 6424246.87567 ], [ 525889.13926, 6424247.85806 ], [ 525886.17548, 6424251.87889 ], [ 525893.1601, 6424250.82185 ], [ 525899.13744, 6424248.77412 ], [ 525907.08786, 6424243.71285 ], [ 525910.05993, 6424240.69101 ], [ 525913.03201, 6424237.66917 ], [ 525916.00408, 6424234.64734 ], [ 525920.93265, 6424226.61399 ], [ 525925.86122, 6424218.58064 ], [ 525948.4563, 6424172.43656 ], [ 525949.43869, 6424170.43029 ], [ 525957.30614, 6424155.37916 ], [ 525969.12807, 6424135.29993 ], [ 525987.90972, 6424111.16671 ], [ 526021.56834, 6424073.92228 ], [ 526053.25386, 6424039.69139 ], [ 526066.14115, 6424027.59575 ], [ 526085.02236, 6424015.45035 ], [ 526101.94708, 6424008.31647 ], [ 526115.93291, 6424008.20036 ], [ 526122.93412, 6424009.1413 ], [ 526129.94363, 6424011.08121 ], [ 526137.96042, 6424014.01182 ], [ 526146.9928, 6424018.93211 ], [ 526148.00838, 6424020.92179 ], [ 526157.06564, 6424028.83903 ], [ 526161.08648, 6424031.80282 ], [ 526169.07839, 6424031.73647 ], [ 526172.06705, 6424030.71261 ], [ 526183.02274, 6424026.62544 ], [ 526186.9772, 6424021.59734 ], [ 526187.9513, 6424018.59209 ], [ 526188.9171, 6424014.58785 ], [ 526189.8912, 6424011.5826 ], [ 526189.70038, 6423988.60594 ], [ 526189.57592, 6423973.62115 ], [ 526190.50854, 6423965.62098 ], [ 526192.44014, 6423957.61251 ], [ 526195.38732, 6423951.59371 ], [ 526199.3169, 6423943.56866 ], [ 526208.19993, 6423930.50721 ], [ 526209.19063, 6423929.49993 ], [ 526219.08094, 6423917.42917 ], [ 526227.99716, 6423908.36366 ], [ 526243.87311, 6423895.24416 ], [ 526272.68612, 6423876.02293 ], [ 526301.49083, 6423855.80271 ], [ 526309.44125, 6423850.74144 ], [ 526342.23359, 6423829.48911 ], [ 526376.01659, 6423807.22957 ], [ 526399.8595, 6423791.04684 ], [ 526407.8182, 6423786.98457 ], [ 526415.79349, 6423784.92028 ], [ 526422.7781, 6423783.86327 ], [ 526430.76998, 6423783.79694 ], [ 526438.76187, 6423783.73062 ], [ 526456.76851, 6423786.57835 ], [ 526476.61548, 6423770.42878 ], [ 526403.05065, 6423694.11211 ], [ 526420.80838, 6423666.99029 ], [ 526427.7349, 6423658.94037 ], [ 526434.64484, 6423648.89249 ], [ 526457.14029, 6423590.76067 ], [ 526440.09946, 6423583.90871 ], [ 526367.94846, 6423557.53301 ], [ 526334.87407, 6423544.81978 ], [ 526333.90827, 6423548.82401 ], [ 526330.01189, 6423560.845 ], [ 526328.0637, 6423566.85549 ], [ 526314.31849, 6423595.94214 ], [ 526303.32962, 6423596.03337 ], [ 526275.32478, 6423592.26964 ], [ 526266.29241, 6423587.34936 ], [ 526258.25902, 6423582.42078 ], [ 526274.86846, 6423537.32546 ], [ 526284.65092, 6423512.2679 ], [ 526218.50201, 6423486.84165 ], [ 526202.46843, 6423480.98043 ], [ 526206.30674, 6423461.96654 ], [ 526207.26425, 6423456.96332 ], [ 526207.23106, 6423452.96738 ], [ 526203.20192, 6423449.00461 ], [ 526179.11836, 6423436.21685 ], [ 526162.01942, 6423422.37204 ], [ 526161.04532, 6423425.37729 ], [ 526148.11656, 6423432.478 ], [ 526125.20621, 6423440.66062 ], [ 526137.27703, 6423450.55096 ], [ 526140.29889, 6423453.52303 ], [ 526141.43062, 6423469.4985 ], [ 526139.44924, 6423471.51306 ], [ 526115.69755, 6423498.68469 ], [ 526108.76271, 6423505.73564 ], [ 526091.90437, 6423520.8614 ], [ 526073.03975, 6423535.00476 ], [ 526069.09358, 6423541.03185 ], [ 526070.21702, 6423556.00833 ], [ 526069.25122, 6423560.01257 ], [ 526068.28542, 6423564.0168 ], [ 526065.33824, 6423570.03559 ], [ 526059.3775, 6423574.08129 ], [ 526054.38256, 6423574.12276 ], [ 526038.37386, 6423571.25849 ], [ 526025.35384, 6423567.37036 ], [ 526014.34008, 6423564.46463 ], [ 525991.37166, 6423565.65436 ], [ 525980.42428, 6423570.74051 ], [ 525970.46759, 6423574.81938 ], [ 525962.52547, 6423580.87964 ], [ 525949.62159, 6423590.9773 ], [ 525940.6473, 6423593.04991 ], [ 525936.72602, 6423602.07395 ] ] ], [ [ [ 526836.58563, 6423687.51713 ], [ 526845.51843, 6423680.44961 ], [ 526850.49676, 6423678.41019 ], [ 526854.47611, 6423676.37906 ], [ 526856.46579, 6423675.36349 ], [ 526881.39065, 6423669.16232 ], [ 526884.37931, 6423668.13846 ], [ 526889.36595, 6423667.09802 ], [ 526895.34327, 6423665.05031 ], [ 526896.34225, 6423665.04202 ], [ 526905.33313, 6423664.9674 ], [ 526915.33128, 6423665.88348 ], [ 526938.35774, 6423671.68671 ], [ 526920.25154, 6423656.85116 ], [ 526897.20019, 6423648.05098 ], [ 526890.19069, 6423646.11104 ], [ 526883.19779, 6423646.16908 ], [ 526863.26786, 6423652.3288 ], [ 526862.26887, 6423652.33709 ], [ 526859.28021, 6423653.36095 ], [ 526846.31829, 6423656.46568 ], [ 526829.31893, 6423654.60865 ], [ 526832.42375, 6423667.57058 ], [ 526833.48081, 6423674.55519 ], [ 526836.58563, 6423687.51713 ] ] ] ] } }
]
}
