{
"type": "FeatureCollection",
"crs": { "type": "name", "properties": { "name": "urn:ogc:def:crs:OGC:1.3:CRS84" } },
"name": "ZNIEFF de type 1 et 2",
"color": "#7AB51D",
"active": "false",
"interactive":"true",
"description": "Zone Naturelle d'Intérêt Ecologique, Faunistique et Floristique",

"features": [
{ "type": "Feature", "properties": { "ID_MNHN": "720012835", "VALID_INPN": "INPN – nov2018", "MODIF_GEST": "2019-03-26", "IDCAUE_EPC": 21 }, "geometry": { "type": "MultiPolygon", "coordinates": [ [ [ [ 0.93713, 44.84477 ], [ 0.93736, 44.84484 ], [ 0.93783, 44.84472 ], [ 0.93911, 44.84461 ], [ 0.93918, 44.84469 ], [ 0.93934, 44.84449 ], [ 0.93923, 44.84387 ], [ 0.93892, 44.8439 ], [ 0.93881, 44.84392 ], [ 0.93839, 44.84394 ], [ 0.93823, 44.84394 ], [ 0.938, 44.84393 ], [ 0.93797, 44.84393 ], [ 0.93783, 44.84391 ], [ 0.93735, 44.84386 ], [ 0.93722, 44.84384 ], [ 0.93688, 44.84379 ], [ 0.93635, 44.8437 ], [ 0.93623, 44.84367 ], [ 0.936, 44.8436 ], [ 0.93551, 44.84347 ], [ 0.93473, 44.84321 ], [ 0.93458, 44.84316 ], [ 0.93379, 44.84289 ], [ 0.93292, 44.84264 ], [ 0.93286, 44.84262 ], [ 0.93252, 44.84253 ], [ 0.93206, 44.8424 ], [ 0.93255, 44.84182 ], [ 0.93255, 44.84181 ], [ 0.93256, 44.84181 ], [ 0.93259, 44.84177 ], [ 0.9328, 44.84153 ], [ 0.9328, 44.84152 ], [ 0.93294, 44.84137 ], [ 0.93294, 44.84136 ], [ 0.93297, 44.84136 ], [ 0.93297, 44.84135 ], [ 0.933, 44.84134 ], [ 0.9332, 44.8413 ], [ 0.93364, 44.84119 ], [ 0.93365, 44.84119 ], [ 0.93411, 44.84108 ], [ 0.93451, 44.84098 ], [ 0.93452, 44.84098 ], [ 0.93453, 44.84097 ], [ 0.93454, 44.84096 ], [ 0.93454, 44.84095 ], [ 0.93454, 44.84094 ], [ 0.93455, 44.84093 ], [ 0.93453, 44.84093 ], [ 0.93452, 44.84092 ], [ 0.93451, 44.84091 ], [ 0.93426, 44.84089 ], [ 0.93424, 44.84089 ], [ 0.9337, 44.84085 ], [ 0.93369, 44.84085 ], [ 0.93354, 44.84084 ], [ 0.93327, 44.84082 ], [ 0.93326, 44.84082 ], [ 0.93306, 44.8408 ], [ 0.93299, 44.84079 ], [ 0.93298, 44.84079 ], [ 0.93297, 44.84079 ], [ 0.93297, 44.84079 ], [ 0.93296, 44.84079 ], [ 0.93296, 44.84078 ], [ 0.93297, 44.84078 ], [ 0.9331, 44.84072 ], [ 0.9331, 44.84072 ], [ 0.9335, 44.84057 ], [ 0.93356, 44.84055 ], [ 0.93356, 44.84054 ], [ 0.93357, 44.84053 ], [ 0.93359, 44.84051 ], [ 0.93361, 44.8405 ], [ 0.93362, 44.84047 ], [ 0.93361, 44.84029 ], [ 0.93361, 44.84027 ], [ 0.9336, 44.84025 ], [ 0.93359, 44.84024 ], [ 0.93358, 44.84023 ], [ 0.93355, 44.84022 ], [ 0.93354, 44.84022 ], [ 0.9335, 44.84021 ], [ 0.9335, 44.8402 ], [ 0.93348, 44.8402 ], [ 0.93346, 44.8402 ], [ 0.93345, 44.8402 ], [ 0.93339, 44.8402 ], [ 0.93329, 44.84021 ], [ 0.93322, 44.84022 ], [ 0.93307, 44.84025 ], [ 0.93301, 44.84026 ], [ 0.93292, 44.84026 ], [ 0.93266, 44.8403 ], [ 0.93265, 44.8403 ], [ 0.93264, 44.8403 ], [ 0.93259, 44.84031 ], [ 0.93091, 44.8415 ], [ 0.93031, 44.84197 ], [ 0.92827, 44.84398 ], [ 0.92925, 44.84436 ], [ 0.92941, 44.8444 ], [ 0.92953, 44.84443 ], [ 0.92965, 44.84447 ], [ 0.92975, 44.84462 ], [ 0.93001, 44.84463 ], [ 0.93022, 44.84465 ], [ 0.93081, 44.84426 ], [ 0.93127, 44.84393 ], [ 0.93168, 44.84365 ], [ 0.93197, 44.84344 ], [ 0.93214, 44.84345 ], [ 0.93287, 44.84369 ], [ 0.93375, 44.84404 ], [ 0.93446, 44.84429 ], [ 0.93458, 44.84449 ], [ 0.93462, 44.84455 ], [ 0.9349, 44.84456 ], [ 0.93504, 44.84455 ], [ 0.93536, 44.84454 ], [ 0.93554, 44.84459 ], [ 0.93556, 44.84464 ], [ 0.93541, 44.84482 ], [ 0.93539, 44.84495 ], [ 0.93597, 44.84506 ], [ 0.93535, 44.84559 ], [ 0.93469, 44.84633 ], [ 0.93534, 44.84645 ], [ 0.93611, 44.84565 ], [ 0.93713, 44.84477 ] ] ], [ [ [ 0.93391, 44.83986 ], [ 0.93328, 44.84008 ], [ 0.93337, 44.84005 ], [ 0.93363, 44.83998 ], [ 0.93372, 44.83994 ], [ 0.93391, 44.83987 ], [ 0.93391, 44.83986 ] ] ], [ [ [ 0.93278, 44.84025 ], [ 0.93286, 44.84023 ], [ 0.93289, 44.84022 ], [ 0.93311, 44.84015 ], [ 0.93312, 44.84014 ], [ 0.93314, 44.84014 ], [ 0.93314, 44.84013 ], [ 0.93314, 44.84013 ], [ 0.93278, 44.84025 ] ] ] ] } },
{ "type": "Feature", "properties": { "ID_MNHN": "720008198", "VALID_INPN": "INPN – nov2018", "MODIF_GEST": "2019-03-26", "IDCAUE_EPC": 21 }, "geometry": { "type": "MultiPolygon", "coordinates": [ [ [ [ 0.79757, 44.86849 ], [ 0.79752, 44.86796 ], [ 0.79754, 44.86696 ], [ 0.79749, 44.86676 ], [ 0.79692, 44.86593 ], [ 0.79658, 44.8654 ], [ 0.7962, 44.86492 ], [ 0.79573, 44.86447 ], [ 0.79502, 44.86467 ], [ 0.7945, 44.86494 ], [ 0.79369, 44.86553 ], [ 0.79342, 44.86576 ], [ 0.79355, 44.86733 ], [ 0.79303, 44.86802 ], [ 0.7926, 44.86789 ], [ 0.79281, 44.8666 ], [ 0.79276, 44.86654 ], [ 0.79264, 44.86652 ], [ 0.79228, 44.86661 ], [ 0.79205, 44.86668 ], [ 0.79156, 44.86708 ], [ 0.7906, 44.86786 ], [ 0.79003, 44.86843 ], [ 0.78977, 44.86877 ], [ 0.78939, 44.86956 ], [ 0.78907, 44.87007 ], [ 0.7882, 44.871 ], [ 0.78792, 44.87152 ], [ 0.78783, 44.87178 ], [ 0.78802, 44.87243 ], [ 0.79011, 44.873 ], [ 0.79071, 44.87326 ], [ 0.79105, 44.87337 ], [ 0.79147, 44.87345 ], [ 0.79149, 44.87386 ], [ 0.79167, 44.8741 ], [ 0.79204, 44.87413 ], [ 0.79212, 44.87417 ], [ 0.7922, 44.87424 ], [ 0.79218, 44.87457 ], [ 0.79228, 44.87463 ], [ 0.79243, 44.87463 ], [ 0.79291, 44.87417 ], [ 0.79299, 44.87406 ], [ 0.79306, 44.87399 ], [ 0.79322, 44.87397 ], [ 0.79362, 44.87451 ], [ 0.79384, 44.87481 ], [ 0.79414, 44.8751 ], [ 0.79507, 44.87608 ], [ 0.79514, 44.87612 ], [ 0.79542, 44.8762 ], [ 0.79565, 44.87619 ], [ 0.79578, 44.87693 ], [ 0.79684, 44.87937 ], [ 0.79742, 44.88044 ], [ 0.79801, 44.88136 ], [ 0.79826, 44.88183 ], [ 0.79829, 44.88218 ], [ 0.7982, 44.88249 ], [ 0.7981, 44.88289 ], [ 0.798, 44.88299 ], [ 0.7979, 44.88306 ], [ 0.79772, 44.88316 ], [ 0.79752, 44.88327 ], [ 0.7972, 44.88339 ], [ 0.79709, 44.88342 ], [ 0.79709, 44.88346 ], [ 0.79709, 44.8835 ], [ 0.79712, 44.88354 ], [ 0.7972, 44.88366 ], [ 0.79729, 44.88373 ], [ 0.79747, 44.88386 ], [ 0.79774, 44.88402 ], [ 0.79822, 44.88425 ], [ 0.79912, 44.8846 ], [ 0.79953, 44.88473 ], [ 0.79996, 44.88493 ], [ 0.80005, 44.88502 ], [ 0.80007, 44.88513 ], [ 0.80004, 44.88532 ], [ 0.79967, 44.8858 ], [ 0.7991, 44.88627 ], [ 0.79815, 44.88695 ], [ 0.79812, 44.88708 ], [ 0.79813, 44.88722 ], [ 0.79824, 44.88743 ], [ 0.79848, 44.88762 ], [ 0.79909, 44.88804 ], [ 0.79934, 44.8883 ], [ 0.79933, 44.8885 ], [ 0.79913, 44.88898 ], [ 0.7986, 44.8898 ], [ 0.79669, 44.89111 ], [ 0.79633, 44.89129 ], [ 0.79582, 44.89146 ], [ 0.79526, 44.89161 ], [ 0.79461, 44.89168 ], [ 0.79394, 44.89168 ], [ 0.79139, 44.89104 ], [ 0.79265, 44.89394 ], [ 0.79353, 44.89557 ], [ 0.79367, 44.89568 ], [ 0.79408, 44.89582 ], [ 0.79466, 44.89599 ], [ 0.79486, 44.89597 ], [ 0.79512, 44.89588 ], [ 0.79521, 44.89566 ], [ 0.79511, 44.8954 ], [ 0.79524, 44.89518 ], [ 0.79555, 44.89485 ], [ 0.79833, 44.89274 ], [ 0.7999, 44.89192 ], [ 0.80058, 44.89166 ], [ 0.80098, 44.89153 ], [ 0.8013, 44.89149 ], [ 0.80134, 44.89143 ], [ 0.80136, 44.89135 ], [ 0.8007, 44.89064 ], [ 0.80063, 44.89048 ], [ 0.80061, 44.89034 ], [ 0.80064, 44.89025 ], [ 0.80109, 44.88967 ], [ 0.80149, 44.88909 ], [ 0.80158, 44.88887 ], [ 0.80171, 44.88828 ], [ 0.80184, 44.88789 ], [ 0.80196, 44.88764 ], [ 0.80256, 44.88706 ], [ 0.80369, 44.88638 ], [ 0.80414, 44.88614 ], [ 0.80448, 44.88604 ], [ 0.80474, 44.88601 ], [ 0.80494, 44.88606 ], [ 0.80608, 44.88646 ], [ 0.80693, 44.88666 ], [ 0.80692, 44.88706 ], [ 0.80706, 44.88724 ], [ 0.80734, 44.8873 ], [ 0.80791, 44.88738 ], [ 0.80789, 44.88814 ], [ 0.80787, 44.88873 ], [ 0.80853, 44.88867 ], [ 0.80933, 44.88836 ], [ 0.81009, 44.88803 ], [ 0.8104, 44.88774 ], [ 0.81126, 44.8874 ], [ 0.81383, 44.88748 ], [ 0.81413, 44.88746 ], [ 0.81432, 44.88739 ], [ 0.81463, 44.88734 ], [ 0.81618, 44.88761 ], [ 0.81659, 44.8876 ], [ 0.81803, 44.88771 ], [ 0.81868, 44.88783 ], [ 0.81888, 44.88784 ], [ 0.821, 44.88768 ], [ 0.82139, 44.88763 ], [ 0.82223, 44.88735 ], [ 0.82278, 44.88711 ], [ 0.82306, 44.88702 ], [ 0.82329, 44.887 ], [ 0.82348, 44.88704 ], [ 0.82381, 44.88722 ], [ 0.82482, 44.88698 ], [ 0.82604, 44.88649 ], [ 0.82778, 44.88591 ], [ 0.8287, 44.88539 ], [ 0.82972, 44.88474 ], [ 0.82993, 44.88473 ], [ 0.83005, 44.88477 ], [ 0.83013, 44.88487 ], [ 0.83026, 44.88494 ], [ 0.8306, 44.88505 ], [ 0.83145, 44.88519 ], [ 0.83251, 44.8854 ], [ 0.83264, 44.88538 ], [ 0.83274, 44.88531 ], [ 0.83295, 44.88489 ], [ 0.83294, 44.88476 ], [ 0.83291, 44.88467 ], [ 0.83282, 44.88456 ], [ 0.83278, 44.88442 ], [ 0.83276, 44.88427 ], [ 0.8328, 44.88397 ], [ 0.83295, 44.88366 ], [ 0.83328, 44.88306 ], [ 0.83243, 44.88315 ], [ 0.8321, 44.88325 ], [ 0.83211, 44.8827 ], [ 0.83207, 44.88255 ], [ 0.83201, 44.88245 ], [ 0.83186, 44.88241 ], [ 0.83168, 44.88242 ], [ 0.83125, 44.88249 ], [ 0.82956, 44.88315 ], [ 0.8284, 44.88383 ], [ 0.82769, 44.88431 ], [ 0.82649, 44.88529 ], [ 0.82617, 44.88546 ], [ 0.82555, 44.88582 ], [ 0.82492, 44.88582 ], [ 0.82378, 44.8859 ], [ 0.82307, 44.886 ], [ 0.82205, 44.88623 ], [ 0.82103, 44.88603 ], [ 0.82037, 44.88597 ], [ 0.81977, 44.88594 ], [ 0.81923, 44.88596 ], [ 0.81876, 44.88601 ], [ 0.81758, 44.88615 ], [ 0.81355, 44.88629 ], [ 0.81202, 44.88629 ], [ 0.80979, 44.88618 ], [ 0.80915, 44.88631 ], [ 0.80806, 44.88604 ], [ 0.80618, 44.88538 ], [ 0.80463, 44.8849 ], [ 0.80437, 44.88484 ], [ 0.80408, 44.88482 ], [ 0.80352, 44.88494 ], [ 0.80303, 44.88515 ], [ 0.80217, 44.8858 ], [ 0.80141, 44.88675 ], [ 0.80105, 44.88717 ], [ 0.80098, 44.88736 ], [ 0.79984, 44.88698 ], [ 0.80044, 44.88642 ], [ 0.80096, 44.88557 ], [ 0.80132, 44.885 ], [ 0.80234, 44.88439 ], [ 0.80244, 44.88428 ], [ 0.80135, 44.88319 ], [ 0.79981, 44.88174 ], [ 0.79956, 44.88149 ], [ 0.7994, 44.88119 ], [ 0.79923, 44.88088 ], [ 0.79913, 44.88075 ], [ 0.79891, 44.88043 ], [ 0.79874, 44.88011 ], [ 0.79861, 44.87984 ], [ 0.79839, 44.87939 ], [ 0.7982, 44.87898 ], [ 0.79792, 44.87811 ], [ 0.79776, 44.87755 ], [ 0.79765, 44.87713 ], [ 0.79746, 44.87655 ], [ 0.79726, 44.87574 ], [ 0.79698, 44.87385 ], [ 0.79696, 44.87314 ], [ 0.79698, 44.87275 ], [ 0.79711, 44.87141 ], [ 0.79727, 44.87055 ], [ 0.79733, 44.8701 ], [ 0.79751, 44.86916 ], [ 0.79757, 44.86849 ] ], [ [ 0.79492, 44.86873 ], [ 0.79617, 44.86888 ], [ 0.79641, 44.86906 ], [ 0.79606, 44.87045 ], [ 0.79492, 44.87039 ], [ 0.79431, 44.87011 ], [ 0.79371, 44.86959 ], [ 0.7941, 44.86895 ], [ 0.79492, 44.86873 ] ] ], [ [ [ 0.67578, 44.84148 ], [ 0.67592, 44.84156 ], [ 0.67597, 44.84167 ], [ 0.67646, 44.84154 ], [ 0.67697, 44.84146 ], [ 0.67739, 44.84117 ], [ 0.67815, 44.8411 ], [ 0.68057, 44.84118 ], [ 0.68131, 44.84113 ], [ 0.68502, 44.84077 ], [ 0.68645, 44.84079 ], [ 0.68686, 44.84077 ], [ 0.68742, 44.84064 ], [ 0.69045, 44.8404 ], [ 0.69076, 44.84034 ], [ 0.69102, 44.84006 ], [ 0.6922, 44.84002 ], [ 0.69355, 44.8401 ], [ 0.69382, 44.83974 ], [ 0.69405, 44.83962 ], [ 0.69448, 44.83965 ], [ 0.69532, 44.83943 ], [ 0.6954, 44.83936 ], [ 0.6954, 44.83913 ], [ 0.6945, 44.8389 ], [ 0.68906, 44.83952 ], [ 0.68871, 44.83951 ], [ 0.68806, 44.83957 ], [ 0.6874, 44.83934 ], [ 0.68122, 44.84013 ], [ 0.67621, 44.84035 ], [ 0.67547, 44.84045 ], [ 0.67432, 44.84054 ], [ 0.67409, 44.84058 ], [ 0.6738, 44.84069 ], [ 0.67358, 44.84089 ], [ 0.67349, 44.84109 ], [ 0.67344, 44.84132 ], [ 0.67347, 44.84154 ], [ 0.67355, 44.84177 ], [ 0.6738, 44.84197 ], [ 0.67445, 44.84175 ], [ 0.67543, 44.84152 ], [ 0.67578, 44.84148 ] ] ], [ [ [ 0.75794, 44.84361 ], [ 0.75702, 44.84317 ], [ 0.75659, 44.84309 ], [ 0.75569, 44.84281 ], [ 0.75549, 44.84281 ], [ 0.75514, 44.84284 ], [ 0.75483, 44.84282 ], [ 0.7542, 44.84259 ], [ 0.75393, 44.84287 ], [ 0.75362, 44.84321 ], [ 0.75361, 44.84395 ], [ 0.75303, 44.84395 ], [ 0.7529, 44.84385 ], [ 0.75283, 44.84323 ], [ 0.75255, 44.84323 ], [ 0.75086, 44.8432 ], [ 0.75028, 44.8435 ], [ 0.75029, 44.84366 ], [ 0.75017, 44.84391 ], [ 0.74997, 44.84415 ], [ 0.7496, 44.84442 ], [ 0.74941, 44.8447 ], [ 0.74955, 44.84481 ], [ 0.75028, 44.84473 ], [ 0.75064, 44.84465 ], [ 0.75081, 44.8446 ], [ 0.75098, 44.84465 ], [ 0.75116, 44.84489 ], [ 0.75136, 44.84528 ], [ 0.75146, 44.84557 ], [ 0.75187, 44.8455 ], [ 0.75229, 44.84552 ], [ 0.75303, 44.84556 ], [ 0.75322, 44.84552 ], [ 0.75345, 44.8453 ], [ 0.7535, 44.84516 ], [ 0.7535, 44.845 ], [ 0.75393, 44.84458 ], [ 0.75409, 44.8444 ], [ 0.7543, 44.84394 ], [ 0.75448, 44.84385 ], [ 0.75485, 44.84388 ], [ 0.75549, 44.84392 ], [ 0.75632, 44.84406 ], [ 0.75768, 44.84443 ], [ 0.75763, 44.84476 ], [ 0.75869, 44.84531 ], [ 0.75984, 44.8457 ], [ 0.76078, 44.84595 ], [ 0.76125, 44.846 ], [ 0.76164, 44.84603 ], [ 0.76211, 44.84631 ], [ 0.76337, 44.84663 ], [ 0.76354, 44.84718 ], [ 0.76374, 44.84748 ], [ 0.76399, 44.84779 ], [ 0.76407, 44.84784 ], [ 0.76416, 44.84786 ], [ 0.76428, 44.84787 ], [ 0.76438, 44.84785 ], [ 0.76469, 44.84769 ], [ 0.76503, 44.84748 ], [ 0.7651, 44.84742 ], [ 0.76513, 44.84737 ], [ 0.76513, 44.84731 ], [ 0.76507, 44.84727 ], [ 0.76489, 44.8471 ], [ 0.76459, 44.84676 ], [ 0.76438, 44.8467 ], [ 0.76403, 44.84651 ], [ 0.76382, 44.84636 ], [ 0.76375, 44.84618 ], [ 0.76255, 44.84566 ], [ 0.76217, 44.84518 ], [ 0.76177, 44.84498 ], [ 0.76141, 44.84484 ], [ 0.76087, 44.84451 ], [ 0.76056, 44.84439 ], [ 0.7602, 44.8443 ], [ 0.7594, 44.84418 ], [ 0.75878, 44.84401 ], [ 0.75794, 44.84361 ] ] ] ] } },
{ "type": "Feature", "properties": { "ID_MNHN": "720012870", "VALID_INPN": "INPN – nov2018", "MODIF_GEST": "2019-03-26", "IDCAUE_EPC": 21 }, "geometry": { "type": "MultiPolygon", "coordinates": [ [ [ [ 0.81188, 44.91389 ], [ 0.81243, 44.91342 ], [ 0.81302, 44.913 ], [ 0.81358, 44.91267 ], [ 0.81389, 44.91251 ], [ 0.81396, 44.91242 ], [ 0.81396, 44.91228 ], [ 0.81389, 44.91206 ], [ 0.81366, 44.91169 ], [ 0.81345, 44.91146 ], [ 0.81296, 44.91076 ], [ 0.81246, 44.90987 ], [ 0.81213, 44.90924 ], [ 0.81186, 44.90867 ], [ 0.81106, 44.90704 ], [ 0.81106, 44.9068 ], [ 0.81109, 44.90667 ], [ 0.81114, 44.90656 ], [ 0.8113, 44.90644 ], [ 0.81173, 44.9062 ], [ 0.81293, 44.90577 ], [ 0.81368, 44.90554 ], [ 0.81446, 44.90538 ], [ 0.81471, 44.90529 ], [ 0.81489, 44.90515 ], [ 0.81498, 44.90503 ], [ 0.81501, 44.90499 ], [ 0.815, 44.90493 ], [ 0.81495, 44.90476 ], [ 0.8149, 44.90461 ], [ 0.81492, 44.90448 ], [ 0.815, 44.90436 ], [ 0.81513, 44.90427 ], [ 0.8151, 44.90394 ], [ 0.81524, 44.90376 ], [ 0.81537, 44.90362 ], [ 0.81552, 44.9034 ], [ 0.81559, 44.90326 ], [ 0.81558, 44.90318 ], [ 0.81554, 44.90311 ], [ 0.81539, 44.90291 ], [ 0.8153, 44.903 ], [ 0.8151, 44.90312 ], [ 0.81483, 44.90323 ], [ 0.81436, 44.90336 ], [ 0.81406, 44.90362 ], [ 0.81345, 44.90423 ], [ 0.813, 44.90438 ], [ 0.81268, 44.90449 ], [ 0.81246, 44.90459 ], [ 0.81117, 44.90471 ], [ 0.81078, 44.90485 ], [ 0.81036, 44.90517 ], [ 0.81003, 44.90554 ], [ 0.8096, 44.9065 ], [ 0.80937, 44.90728 ], [ 0.8092, 44.90819 ], [ 0.80886, 44.90934 ], [ 0.80868, 44.90996 ], [ 0.80863, 44.911 ], [ 0.80898, 44.91114 ], [ 0.80953, 44.91097 ], [ 0.80972, 44.91099 ], [ 0.81011, 44.91111 ], [ 0.81059, 44.91128 ], [ 0.81088, 44.91143 ], [ 0.81211, 44.91145 ], [ 0.81209, 44.91176 ], [ 0.81133, 44.91174 ], [ 0.81072, 44.91169 ], [ 0.81022, 44.91153 ], [ 0.80993, 44.91144 ], [ 0.80979, 44.9114 ], [ 0.80936, 44.91143 ], [ 0.80875, 44.91148 ], [ 0.80864, 44.91151 ], [ 0.8086, 44.91154 ], [ 0.80852, 44.91166 ], [ 0.80846, 44.9119 ], [ 0.80859, 44.91236 ], [ 0.80867, 44.91259 ], [ 0.80873, 44.91268 ], [ 0.8089, 44.91275 ], [ 0.81001, 44.9127 ], [ 0.81024, 44.91272 ], [ 0.8103, 44.91275 ], [ 0.81034, 44.91286 ], [ 0.81025, 44.91304 ], [ 0.81013, 44.91312 ], [ 0.80995, 44.91317 ], [ 0.80953, 44.91317 ], [ 0.80911, 44.9132 ], [ 0.80896, 44.91324 ], [ 0.80886, 44.91329 ], [ 0.80879, 44.91338 ], [ 0.80875, 44.91345 ], [ 0.80873, 44.91354 ], [ 0.80882, 44.91374 ], [ 0.80898, 44.91396 ], [ 0.8092, 44.91414 ], [ 0.80951, 44.91437 ], [ 0.80967, 44.91447 ], [ 0.80988, 44.91461 ], [ 0.81006, 44.91454 ], [ 0.8102, 44.91445 ], [ 0.81043, 44.91436 ], [ 0.8106, 44.91446 ], [ 0.81082, 44.91467 ], [ 0.81061, 44.91478 ], [ 0.81048, 44.91486 ], [ 0.8112, 44.91506 ], [ 0.81141, 44.91485 ], [ 0.81145, 44.9148 ], [ 0.81143, 44.91468 ], [ 0.81188, 44.91389 ] ] ], [ [ [ 0.80243, 44.90621 ], [ 0.80395, 44.90644 ], [ 0.80378, 44.90676 ], [ 0.80402, 44.90678 ], [ 0.80428, 44.90664 ], [ 0.80537, 44.90687 ], [ 0.8054, 44.90677 ], [ 0.80696, 44.90474 ], [ 0.80731, 44.9046 ], [ 0.80761, 44.90451 ], [ 0.80796, 44.90451 ], [ 0.80806, 44.90448 ], [ 0.80779, 44.9044 ], [ 0.80759, 44.90439 ], [ 0.80726, 44.90443 ], [ 0.80703, 44.90442 ], [ 0.80686, 44.90438 ], [ 0.80643, 44.90419 ], [ 0.80593, 44.90394 ], [ 0.80585, 44.90424 ], [ 0.80489, 44.90416 ], [ 0.80476, 44.9041 ], [ 0.80398, 44.90416 ], [ 0.8033, 44.90435 ], [ 0.8019, 44.90482 ], [ 0.80155, 44.90503 ], [ 0.80084, 44.90579 ], [ 0.80061, 44.90598 ], [ 0.80015, 44.90619 ], [ 0.79966, 44.90637 ], [ 0.79916, 44.90646 ], [ 0.79877, 44.90658 ], [ 0.79943, 44.9078 ], [ 0.79991, 44.90767 ], [ 0.80051, 44.90768 ], [ 0.80109, 44.90712 ], [ 0.80136, 44.90702 ], [ 0.80167, 44.90664 ], [ 0.80243, 44.90621 ] ] ], [ [ [ 0.81957, 44.9005 ], [ 0.81936, 44.90056 ], [ 0.81911, 44.90077 ], [ 0.81895, 44.90089 ], [ 0.8188, 44.90108 ], [ 0.81869, 44.9013 ], [ 0.81864, 44.90143 ], [ 0.81864, 44.90169 ], [ 0.81866, 44.90177 ], [ 0.81863, 44.90192 ], [ 0.81858, 44.90211 ], [ 0.81844, 44.90222 ], [ 0.81831, 44.90266 ], [ 0.81825, 44.90274 ], [ 0.81814, 44.9033 ], [ 0.81803, 44.90331 ], [ 0.81801, 44.90355 ], [ 0.81795, 44.90378 ], [ 0.81789, 44.90415 ], [ 0.81791, 44.90432 ], [ 0.81799, 44.90467 ], [ 0.81811, 44.90505 ], [ 0.81823, 44.9052 ], [ 0.8184, 44.90531 ], [ 0.81866, 44.90535 ], [ 0.81882, 44.90535 ], [ 0.81907, 44.9053 ], [ 0.81933, 44.90468 ], [ 0.81968, 44.9039 ], [ 0.81995, 44.90303 ], [ 0.82009, 44.90202 ], [ 0.82059, 44.90137 ], [ 0.82078, 44.90112 ], [ 0.8208, 44.90103 ], [ 0.82076, 44.90093 ], [ 0.82058, 44.90083 ], [ 0.8204, 44.90077 ], [ 0.82019, 44.9007 ], [ 0.81977, 44.90052 ], [ 0.81957, 44.9005 ] ] ], [ [ [ 0.81341, 44.91417 ], [ 0.81338, 44.91422 ], [ 0.81341, 44.91449 ], [ 0.81348, 44.9147 ], [ 0.81361, 44.91487 ], [ 0.81372, 44.91499 ], [ 0.81375, 44.91503 ], [ 0.81511, 44.9153 ], [ 0.81521, 44.9152 ], [ 0.81529, 44.91509 ], [ 0.81543, 44.91496 ], [ 0.81551, 44.91485 ], [ 0.8156, 44.91474 ], [ 0.81571, 44.91455 ], [ 0.81589, 44.91434 ], [ 0.81468, 44.9142 ], [ 0.81341, 44.91417 ] ] ] ] } },
{ "type": "Feature", "properties": { "ID_MNHN": "720012869", "VALID_INPN": "INPN – nov2018", "MODIF_GEST": "2019-03-26", "IDCAUE_EPC": 21 }, "geometry": { "type": "MultiPolygon", "coordinates": [ [ [ [ 0.74, 44.92932 ], [ 0.7405, 44.9293 ], [ 0.74085, 44.92921 ], [ 0.74099, 44.92923 ], [ 0.74108, 44.92924 ], [ 0.74129, 44.92899 ], [ 0.74114, 44.92866 ], [ 0.74109, 44.92841 ], [ 0.74111, 44.92821 ], [ 0.74127, 44.92804 ], [ 0.74196, 44.92737 ], [ 0.74211, 44.9272 ], [ 0.74243, 44.9265 ], [ 0.7423, 44.9265 ], [ 0.74177, 44.92652 ], [ 0.74154, 44.92656 ], [ 0.74121, 44.92666 ], [ 0.74047, 44.92674 ], [ 0.73952, 44.92675 ], [ 0.73852, 44.92667 ], [ 0.73708, 44.9265 ], [ 0.73583, 44.92626 ], [ 0.73517, 44.92612 ], [ 0.73454, 44.92589 ], [ 0.73292, 44.92529 ], [ 0.73193, 44.92505 ], [ 0.72967, 44.9247 ], [ 0.72928, 44.92441 ], [ 0.72878, 44.92418 ], [ 0.72835, 44.92446 ], [ 0.72809, 44.92465 ], [ 0.72761, 44.92515 ], [ 0.72758, 44.92537 ], [ 0.72759, 44.92586 ], [ 0.7282, 44.9267 ], [ 0.72842, 44.92686 ], [ 0.72865, 44.92696 ], [ 0.72895, 44.92696 ], [ 0.72938, 44.92705 ], [ 0.7298, 44.92729 ], [ 0.7301, 44.92755 ], [ 0.73027, 44.92772 ], [ 0.7304, 44.92776 ], [ 0.73051, 44.92777 ], [ 0.73418, 44.92793 ], [ 0.73461, 44.92788 ], [ 0.73509, 44.9278 ], [ 0.73542, 44.92779 ], [ 0.73571, 44.92783 ], [ 0.73625, 44.92819 ], [ 0.73631, 44.92831 ], [ 0.73634, 44.92843 ], [ 0.73631, 44.92861 ], [ 0.73627, 44.92883 ], [ 0.73613, 44.92908 ], [ 0.736, 44.92932 ], [ 0.73578, 44.92961 ], [ 0.73577, 44.92971 ], [ 0.73561, 44.93008 ], [ 0.7356, 44.93035 ], [ 0.73572, 44.93043 ], [ 0.73588, 44.93046 ], [ 0.73682, 44.93043 ], [ 0.73715, 44.93037 ], [ 0.73769, 44.93032 ], [ 0.73804, 44.93026 ], [ 0.73841, 44.93008 ], [ 0.7387, 44.92977 ], [ 0.73893, 44.92963 ], [ 0.73944, 44.92941 ], [ 0.74, 44.92932 ] ] ], [ [ [ 0.75368, 44.93992 ], [ 0.75392, 44.93992 ], [ 0.75419, 44.93992 ], [ 0.75432, 44.93989 ], [ 0.75438, 44.93985 ], [ 0.75443, 44.93979 ], [ 0.75445, 44.93974 ], [ 0.7543, 44.93914 ], [ 0.75403, 44.9381 ], [ 0.75377, 44.93748 ], [ 0.75335, 44.93697 ], [ 0.7528, 44.93628 ], [ 0.75273, 44.93605 ], [ 0.75282, 44.93595 ], [ 0.75304, 44.93586 ], [ 0.75321, 44.93557 ], [ 0.75361, 44.93483 ], [ 0.7539, 44.9347 ], [ 0.75463, 44.93484 ], [ 0.75551, 44.9342 ], [ 0.756, 44.93373 ], [ 0.75639, 44.9333 ], [ 0.75665, 44.93271 ], [ 0.75655, 44.9325 ], [ 0.75654, 44.93239 ], [ 0.75664, 44.93224 ], [ 0.75664, 44.93213 ], [ 0.75661, 44.93197 ], [ 0.75646, 44.93187 ], [ 0.75645, 44.93176 ], [ 0.7565, 44.93166 ], [ 0.75649, 44.93132 ], [ 0.75674, 44.93094 ], [ 0.75642, 44.93089 ], [ 0.75665, 44.93048 ], [ 0.75664, 44.93043 ], [ 0.75665, 44.93036 ], [ 0.75687, 44.93031 ], [ 0.75711, 44.93028 ], [ 0.75716, 44.93027 ], [ 0.75723, 44.93017 ], [ 0.75727, 44.93005 ], [ 0.75751, 44.93011 ], [ 0.75767, 44.9302 ], [ 0.75776, 44.93025 ], [ 0.75787, 44.93033 ], [ 0.75797, 44.93039 ], [ 0.75806, 44.93039 ], [ 0.75808, 44.93038 ], [ 0.7581, 44.93035 ], [ 0.75808, 44.93031 ], [ 0.758, 44.93024 ], [ 0.75797, 44.93021 ], [ 0.758, 44.93019 ], [ 0.75814, 44.93003 ], [ 0.75822, 44.93008 ], [ 0.75842, 44.93016 ], [ 0.75874, 44.9303 ], [ 0.75906, 44.9304 ], [ 0.75958, 44.93057 ], [ 0.75992, 44.93071 ], [ 0.76006, 44.93079 ], [ 0.76015, 44.93078 ], [ 0.76032, 44.93069 ], [ 0.76028, 44.93066 ], [ 0.76018, 44.9306 ], [ 0.75997, 44.93052 ], [ 0.75952, 44.93034 ], [ 0.75929, 44.93028 ], [ 0.75909, 44.93026 ], [ 0.75867, 44.93016 ], [ 0.75823, 44.92997 ], [ 0.75807, 44.92988 ], [ 0.75791, 44.92969 ], [ 0.75769, 44.92949 ], [ 0.75744, 44.92938 ], [ 0.75737, 44.92934 ], [ 0.75709, 44.92912 ], [ 0.75644, 44.92931 ], [ 0.75601, 44.9294 ], [ 0.75571, 44.9295 ], [ 0.75548, 44.92962 ], [ 0.75533, 44.92976 ], [ 0.75514, 44.92994 ], [ 0.75498, 44.93021 ], [ 0.75493, 44.93039 ], [ 0.75492, 44.93056 ], [ 0.75493, 44.93077 ], [ 0.75501, 44.93122 ], [ 0.75499, 44.93192 ], [ 0.75498, 44.93227 ], [ 0.75493, 44.93249 ], [ 0.75471, 44.93266 ], [ 0.75461, 44.93288 ], [ 0.75424, 44.93329 ], [ 0.75393, 44.93352 ], [ 0.7534, 44.93384 ], [ 0.75301, 44.93404 ], [ 0.75314, 44.93416 ], [ 0.75316, 44.93427 ], [ 0.75283, 44.93443 ], [ 0.75199, 44.93493 ], [ 0.7517, 44.9353 ], [ 0.75155, 44.93567 ], [ 0.7515, 44.93594 ], [ 0.75168, 44.93629 ], [ 0.75258, 44.93728 ], [ 0.75285, 44.9376 ], [ 0.753, 44.93783 ], [ 0.75302, 44.93828 ], [ 0.75303, 44.9389 ], [ 0.75306, 44.93924 ], [ 0.7531, 44.9398 ], [ 0.75312, 44.94021 ], [ 0.75311, 44.94034 ], [ 0.75319, 44.94051 ], [ 0.75336, 44.94065 ], [ 0.75356, 44.94068 ], [ 0.7537, 44.94067 ], [ 0.75374, 44.94062 ], [ 0.75371, 44.94048 ], [ 0.75365, 44.94031 ], [ 0.75359, 44.94005 ], [ 0.75359, 44.93995 ], [ 0.75368, 44.93992 ] ] ], [ [ [ 0.7632, 44.93429 ], [ 0.76293, 44.93421 ], [ 0.76278, 44.93419 ], [ 0.76264, 44.93419 ], [ 0.76238, 44.93422 ], [ 0.76214, 44.93428 ], [ 0.76176, 44.93421 ], [ 0.76145, 44.93411 ], [ 0.76121, 44.93397 ], [ 0.76108, 44.93384 ], [ 0.7609, 44.93361 ], [ 0.76081, 44.93344 ], [ 0.76075, 44.93327 ], [ 0.76072, 44.93315 ], [ 0.76072, 44.9331 ], [ 0.76077, 44.93296 ], [ 0.76081, 44.93291 ], [ 0.76105, 44.93288 ], [ 0.76147, 44.93286 ], [ 0.76191, 44.93283 ], [ 0.76236, 44.93285 ], [ 0.76253, 44.93288 ], [ 0.76263, 44.93293 ], [ 0.76287, 44.9331 ], [ 0.76314, 44.93327 ], [ 0.7634, 44.93364 ], [ 0.76379, 44.93418 ], [ 0.76426, 44.93446 ], [ 0.76486, 44.93475 ], [ 0.76496, 44.93479 ], [ 0.76511, 44.93481 ], [ 0.76573, 44.93485 ], [ 0.7664, 44.93488 ], [ 0.76657, 44.93488 ], [ 0.76688, 44.93477 ], [ 0.76783, 44.93467 ], [ 0.76851, 44.93462 ], [ 0.76867, 44.93463 ], [ 0.76884, 44.93466 ], [ 0.76894, 44.9347 ], [ 0.769, 44.93476 ], [ 0.76903, 44.93481 ], [ 0.76903, 44.93488 ], [ 0.76894, 44.93506 ], [ 0.76923, 44.93499 ], [ 0.76947, 44.93492 ], [ 0.76958, 44.93489 ], [ 0.77013, 44.93487 ], [ 0.77026, 44.93484 ], [ 0.77059, 44.93469 ], [ 0.77067, 44.93463 ], [ 0.77073, 44.93455 ], [ 0.77076, 44.93438 ], [ 0.76902, 44.93416 ], [ 0.76843, 44.93408 ], [ 0.7681, 44.93407 ], [ 0.76746, 44.9341 ], [ 0.76722, 44.93419 ], [ 0.7667, 44.93426 ], [ 0.76617, 44.93423 ], [ 0.76528, 44.93399 ], [ 0.76492, 44.93377 ], [ 0.76475, 44.93366 ], [ 0.76435, 44.93354 ], [ 0.76366, 44.93319 ], [ 0.76256, 44.93226 ], [ 0.76172, 44.93173 ], [ 0.76151, 44.93177 ], [ 0.76058, 44.93198 ], [ 0.76039, 44.9321 ], [ 0.76033, 44.93214 ], [ 0.76001, 44.93243 ], [ 0.75984, 44.93263 ], [ 0.75977, 44.93287 ], [ 0.75982, 44.93296 ], [ 0.75987, 44.93307 ], [ 0.76024, 44.93338 ], [ 0.7606, 44.93368 ], [ 0.76112, 44.93419 ], [ 0.76134, 44.93435 ], [ 0.76153, 44.93448 ], [ 0.76176, 44.93462 ], [ 0.76186, 44.93472 ], [ 0.76207, 44.93494 ], [ 0.76231, 44.93511 ], [ 0.76259, 44.93536 ], [ 0.76288, 44.93534 ], [ 0.76324, 44.93525 ], [ 0.76355, 44.93516 ], [ 0.76373, 44.93503 ], [ 0.76378, 44.93493 ], [ 0.7638, 44.93479 ], [ 0.76378, 44.93461 ], [ 0.76377, 44.93456 ], [ 0.76367, 44.93449 ], [ 0.76345, 44.93438 ], [ 0.7632, 44.93429 ] ] ], [ [ [ 0.74945, 44.93194 ], [ 0.74991, 44.93191 ], [ 0.75037, 44.93188 ], [ 0.75046, 44.93163 ], [ 0.75062, 44.93154 ], [ 0.75064, 44.93121 ], [ 0.75038, 44.93062 ], [ 0.75029, 44.93036 ], [ 0.75037, 44.9299 ], [ 0.75067, 44.92927 ], [ 0.75078, 44.92917 ], [ 0.75084, 44.92908 ], [ 0.75081, 44.92903 ], [ 0.75072, 44.92883 ], [ 0.75068, 44.92867 ], [ 0.7508, 44.92835 ], [ 0.75092, 44.92804 ], [ 0.75093, 44.92801 ], [ 0.75095, 44.92792 ], [ 0.75088, 44.92792 ], [ 0.75082, 44.92793 ], [ 0.75034, 44.92779 ], [ 0.74955, 44.92752 ], [ 0.74948, 44.92748 ], [ 0.74795, 44.92673 ], [ 0.74763, 44.92733 ], [ 0.74769, 44.92768 ], [ 0.74805, 44.9284 ], [ 0.74803, 44.92877 ], [ 0.74793, 44.92928 ], [ 0.74824, 44.92974 ], [ 0.74905, 44.93056 ], [ 0.74918, 44.93075 ], [ 0.74925, 44.9309 ], [ 0.74928, 44.93116 ], [ 0.74936, 44.93147 ], [ 0.74945, 44.93194 ] ], [ [ 0.74945, 44.93194 ], [ 0.74971, 44.93192 ], [ 0.74945, 44.93194 ], [ 0.74945, 44.93194 ] ] ], [ [ [ 0.74764, 44.9298 ], [ 0.74727, 44.92987 ], [ 0.74704, 44.93005 ], [ 0.74684, 44.93022 ], [ 0.74674, 44.93038 ], [ 0.74673, 44.93056 ], [ 0.74674, 44.93095 ], [ 0.74679, 44.93124 ], [ 0.74689, 44.93155 ], [ 0.74697, 44.93237 ], [ 0.74686, 44.93278 ], [ 0.74629, 44.93341 ], [ 0.74579, 44.93416 ], [ 0.74561, 44.93467 ], [ 0.74556, 44.93513 ], [ 0.74566, 44.93538 ], [ 0.7461, 44.93583 ], [ 0.74625, 44.93593 ], [ 0.7464, 44.93591 ], [ 0.74649, 44.93585 ], [ 0.74662, 44.93571 ], [ 0.74674, 44.93553 ], [ 0.74679, 44.93522 ], [ 0.74671, 44.93482 ], [ 0.74664, 44.93468 ], [ 0.7466, 44.93457 ], [ 0.74671, 44.9344 ], [ 0.74696, 44.93422 ], [ 0.74729, 44.93407 ], [ 0.7477, 44.93392 ], [ 0.74806, 44.93382 ], [ 0.74832, 44.93372 ], [ 0.74863, 44.93357 ], [ 0.74885, 44.93339 ], [ 0.74894, 44.93329 ], [ 0.749, 44.9331 ], [ 0.74897, 44.93271 ], [ 0.74896, 44.9324 ], [ 0.749, 44.93214 ], [ 0.74895, 44.93195 ], [ 0.74877, 44.9317 ], [ 0.74864, 44.93148 ], [ 0.74855, 44.93108 ], [ 0.74842, 44.93071 ], [ 0.74823, 44.93041 ], [ 0.74797, 44.93024 ], [ 0.74778, 44.93003 ], [ 0.74764, 44.9298 ] ] ], [ [ [ 0.74136, 44.92953 ], [ 0.74102, 44.92959 ], [ 0.7406, 44.92971 ], [ 0.73984, 44.92997 ], [ 0.73931, 44.93008 ], [ 0.73888, 44.93021 ], [ 0.73876, 44.93037 ], [ 0.7387, 44.93053 ], [ 0.73871, 44.93081 ], [ 0.73881, 44.93115 ], [ 0.73904, 44.93155 ], [ 0.73915, 44.93166 ], [ 0.73929, 44.93174 ], [ 0.73954, 44.93177 ], [ 0.74005, 44.93177 ], [ 0.74072, 44.9317 ], [ 0.74098, 44.93158 ], [ 0.74115, 44.93141 ], [ 0.74138, 44.93115 ], [ 0.74159, 44.93083 ], [ 0.74168, 44.9306 ], [ 0.74175, 44.93016 ], [ 0.74174, 44.92998 ], [ 0.74165, 44.9297 ], [ 0.74153, 44.92958 ], [ 0.74136, 44.92953 ] ] ], [ [ [ 0.74327, 44.92836 ], [ 0.74353, 44.92835 ], [ 0.74359, 44.92826 ], [ 0.74324, 44.92829 ], [ 0.74316, 44.92827 ], [ 0.74324, 44.92825 ], [ 0.74347, 44.92816 ], [ 0.74352, 44.9281 ], [ 0.74354, 44.92776 ], [ 0.74348, 44.92774 ], [ 0.74343, 44.92775 ], [ 0.74329, 44.92785 ], [ 0.74323, 44.92798 ], [ 0.74318, 44.92803 ], [ 0.74307, 44.92805 ], [ 0.74294, 44.92805 ], [ 0.74261, 44.92816 ], [ 0.7424, 44.92817 ], [ 0.74225, 44.92812 ], [ 0.74219, 44.92808 ], [ 0.74218, 44.92801 ], [ 0.74213, 44.92806 ], [ 0.74211, 44.92815 ], [ 0.74208, 44.92825 ], [ 0.74223, 44.92865 ], [ 0.74222, 44.92889 ], [ 0.74216, 44.92925 ], [ 0.74215, 44.92944 ], [ 0.74223, 44.92971 ], [ 0.74243, 44.92988 ], [ 0.74265, 44.9302 ], [ 0.74276, 44.93044 ], [ 0.74275, 44.93076 ], [ 0.74259, 44.93132 ], [ 0.74243, 44.93156 ], [ 0.74229, 44.93173 ], [ 0.74175, 44.93249 ], [ 0.74155, 44.93292 ], [ 0.74185, 44.93292 ], [ 0.74217, 44.93266 ], [ 0.74268, 44.93208 ], [ 0.74311, 44.93146 ], [ 0.74341, 44.93066 ], [ 0.74342, 44.93044 ], [ 0.74329, 44.92967 ], [ 0.74321, 44.92933 ], [ 0.74305, 44.92913 ], [ 0.74289, 44.92878 ], [ 0.74273, 44.9287 ], [ 0.74266, 44.92863 ], [ 0.74267, 44.92853 ], [ 0.74281, 44.92844 ], [ 0.74299, 44.9284 ], [ 0.74327, 44.92836 ] ] ] ] } },
{ "type": "Feature", "properties": { "ID_MNHN": "720030099", "VALID_INPN": "INPN – nov2018", "MODIF_GEST": "2019-03-26", "IDCAUE_EPC": 21 }, "geometry": { "type": "MultiPolygon", "coordinates": [ [ [ [ 0.67346, 44.81804 ], [ 0.67399, 44.81808 ], [ 0.67417, 44.81802 ], [ 0.67477, 44.81655 ], [ 0.6744, 44.81565 ], [ 0.67365, 44.81529 ], [ 0.6735, 44.81428 ], [ 0.67464, 44.81249 ], [ 0.67522, 44.81195 ], [ 0.67579, 44.81015 ], [ 0.67558, 44.81004 ], [ 0.67568, 44.80977 ], [ 0.67591, 44.80967 ], [ 0.67592, 44.80934 ], [ 0.67611, 44.8088 ], [ 0.67684, 44.80858 ], [ 0.6776, 44.8083 ], [ 0.67856, 44.80788 ], [ 0.67878, 44.80754 ], [ 0.67816, 44.80738 ], [ 0.67785, 44.80681 ], [ 0.67733, 44.80658 ], [ 0.67735, 44.80626 ], [ 0.67779, 44.80629 ], [ 0.67793, 44.80548 ], [ 0.67813, 44.80509 ], [ 0.67852, 44.80496 ], [ 0.67874, 44.80399 ], [ 0.67914, 44.80387 ], [ 0.67955, 44.80384 ], [ 0.68008, 44.80415 ], [ 0.68002, 44.80444 ], [ 0.68024, 44.80461 ], [ 0.68103, 44.80451 ], [ 0.68138, 44.80463 ], [ 0.68183, 44.80455 ], [ 0.68268, 44.80464 ], [ 0.68283, 44.8043 ], [ 0.68261, 44.80399 ], [ 0.68242, 44.80367 ], [ 0.68244, 44.80344 ], [ 0.68224, 44.80311 ], [ 0.68285, 44.80322 ], [ 0.68399, 44.8037 ], [ 0.6841, 44.80389 ], [ 0.68413, 44.80413 ], [ 0.68524, 44.80527 ], [ 0.68642, 44.80574 ], [ 0.68775, 44.8045 ], [ 0.68796, 44.80471 ], [ 0.68844, 44.80505 ], [ 0.68808, 44.80531 ], [ 0.68841, 44.80556 ], [ 0.68887, 44.80559 ], [ 0.68952, 44.80526 ], [ 0.68985, 44.80537 ], [ 0.69058, 44.80478 ], [ 0.68975, 44.80424 ], [ 0.69118, 44.80334 ], [ 0.69169, 44.80285 ], [ 0.69172, 44.80254 ], [ 0.69228, 44.80172 ], [ 0.69148, 44.80102 ], [ 0.69224, 44.80059 ], [ 0.69135, 44.79993 ], [ 0.69231, 44.79967 ], [ 0.69347, 44.79959 ], [ 0.69351, 44.7993 ], [ 0.69371, 44.79901 ], [ 0.69353, 44.79876 ], [ 0.69307, 44.79874 ], [ 0.69282, 44.79791 ], [ 0.69153, 44.79585 ], [ 0.68951, 44.7953 ], [ 0.6888, 44.79516 ], [ 0.6881, 44.7955 ], [ 0.68714, 44.79572 ], [ 0.68635, 44.79614 ], [ 0.68456, 44.79732 ], [ 0.68372, 44.79549 ], [ 0.68239, 44.79544 ], [ 0.68232, 44.79571 ], [ 0.68225, 44.79608 ], [ 0.68201, 44.79639 ], [ 0.6799, 44.79675 ], [ 0.67968, 44.79674 ], [ 0.67949, 44.79668 ], [ 0.67925, 44.79665 ], [ 0.67898, 44.7967 ], [ 0.67889, 44.79688 ], [ 0.67944, 44.79705 ], [ 0.67937, 44.7973 ], [ 0.67871, 44.79706 ], [ 0.67815, 44.79705 ], [ 0.6779, 44.79693 ], [ 0.67788, 44.79527 ], [ 0.6756, 44.79452 ], [ 0.6756, 44.79452 ], [ 0.67558, 44.79462 ], [ 0.67558, 44.79462 ], [ 0.67557, 44.7947 ], [ 0.67559, 44.79475 ], [ 0.67559, 44.79476 ], [ 0.67559, 44.7948 ], [ 0.67558, 44.79486 ], [ 0.67555, 44.79494 ], [ 0.67555, 44.79495 ], [ 0.67555, 44.79503 ], [ 0.67553, 44.79505 ], [ 0.67553, 44.79511 ], [ 0.67552, 44.79513 ], [ 0.67552, 44.79514 ], [ 0.6755, 44.79516 ], [ 0.67545, 44.79522 ], [ 0.67544, 44.79524 ], [ 0.6754, 44.79528 ], [ 0.67503, 44.79563 ], [ 0.67505, 44.7957 ], [ 0.67505, 44.7957 ], [ 0.67505, 44.79571 ], [ 0.67504, 44.79572 ], [ 0.67503, 44.79575 ], [ 0.67503, 44.79576 ], [ 0.675, 44.79581 ], [ 0.67489, 44.79585 ], [ 0.67486, 44.79585 ], [ 0.67479, 44.79587 ], [ 0.67466, 44.79591 ], [ 0.67451, 44.79596 ], [ 0.67435, 44.79599 ], [ 0.67435, 44.796 ], [ 0.67434, 44.796 ], [ 0.67433, 44.796 ], [ 0.67425, 44.79598 ], [ 0.67424, 44.79598 ], [ 0.67415, 44.7961 ], [ 0.67415, 44.79612 ], [ 0.6741, 44.79619 ], [ 0.6741, 44.7962 ], [ 0.67408, 44.7962 ], [ 0.67408, 44.79621 ], [ 0.67408, 44.79622 ], [ 0.67408, 44.79624 ], [ 0.67407, 44.79625 ], [ 0.67412, 44.79652 ], [ 0.67412, 44.79653 ], [ 0.67417, 44.79675 ], [ 0.67417, 44.79676 ], [ 0.67418, 44.79684 ], [ 0.67418, 44.79685 ], [ 0.67419, 44.79689 ], [ 0.67424, 44.79715 ], [ 0.67427, 44.79718 ], [ 0.67428, 44.79719 ], [ 0.67429, 44.7972 ], [ 0.67438, 44.79733 ], [ 0.67439, 44.79735 ], [ 0.67439, 44.79736 ], [ 0.67445, 44.79744 ], [ 0.67445, 44.79745 ], [ 0.67446, 44.79745 ], [ 0.67449, 44.7975 ], [ 0.67451, 44.79753 ], [ 0.67452, 44.79756 ], [ 0.67454, 44.79757 ], [ 0.67453, 44.79759 ], [ 0.67455, 44.7976 ], [ 0.67456, 44.79763 ], [ 0.67457, 44.79765 ], [ 0.67462, 44.79773 ], [ 0.67462, 44.79774 ], [ 0.67465, 44.79779 ], [ 0.67465, 44.7978 ], [ 0.67468, 44.79787 ], [ 0.67468, 44.79788 ], [ 0.67469, 44.79792 ], [ 0.67468, 44.79792 ], [ 0.67468, 44.79794 ], [ 0.67468, 44.79795 ], [ 0.67468, 44.79796 ], [ 0.67461, 44.79798 ], [ 0.67459, 44.79799 ], [ 0.67448, 44.79803 ], [ 0.67447, 44.79803 ], [ 0.67443, 44.79805 ], [ 0.67441, 44.79806 ], [ 0.67422, 44.79808 ], [ 0.67419, 44.79808 ], [ 0.67403, 44.79809 ], [ 0.674, 44.79809 ], [ 0.6738, 44.79811 ], [ 0.67365, 44.79811 ], [ 0.67362, 44.79811 ], [ 0.67334, 44.79813 ], [ 0.67332, 44.79813 ], [ 0.67324, 44.79814 ], [ 0.67313, 44.79815 ], [ 0.6731, 44.79815 ], [ 0.67298, 44.79816 ], [ 0.67295, 44.79816 ], [ 0.67293, 44.79816 ], [ 0.6729, 44.79816 ], [ 0.67287, 44.79816 ], [ 0.67287, 44.79817 ], [ 0.67286, 44.79816 ], [ 0.67271, 44.79815 ], [ 0.67262, 44.79814 ], [ 0.67246, 44.79813 ], [ 0.67232, 44.79811 ], [ 0.67231, 44.79811 ], [ 0.67223, 44.79811 ], [ 0.67214, 44.79812 ], [ 0.67185, 44.79813 ], [ 0.67184, 44.79814 ], [ 0.6716, 44.79815 ], [ 0.67159, 44.79815 ], [ 0.67141, 44.79817 ], [ 0.67137, 44.79817 ], [ 0.67136, 44.79817 ], [ 0.67105, 44.7982 ], [ 0.67093, 44.79821 ], [ 0.67078, 44.79821 ], [ 0.67073, 44.79821 ], [ 0.67046, 44.79823 ], [ 0.67026, 44.79823 ], [ 0.67014, 44.79823 ], [ 0.67012, 44.79823 ], [ 0.66998, 44.79823 ], [ 0.66997, 44.79823 ], [ 0.66994, 44.79824 ], [ 0.66995, 44.79825 ], [ 0.66997, 44.79825 ], [ 0.66979, 44.7983 ], [ 0.66971, 44.79831 ], [ 0.66971, 44.79832 ], [ 0.66949, 44.79837 ], [ 0.66946, 44.79838 ], [ 0.66929, 44.79843 ], [ 0.66927, 44.79844 ], [ 0.66924, 44.79845 ], [ 0.66914, 44.79849 ], [ 0.66906, 44.79851 ], [ 0.66883, 44.7986 ], [ 0.66881, 44.79861 ], [ 0.66879, 44.79862 ], [ 0.66878, 44.79861 ], [ 0.66877, 44.79862 ], [ 0.66834, 44.80059 ], [ 0.66686, 44.80208 ], [ 0.66665, 44.80516 ], [ 0.66614, 44.80629 ], [ 0.66673, 44.80734 ], [ 0.66668, 44.80932 ], [ 0.66836, 44.81113 ], [ 0.66886, 44.81148 ], [ 0.66932, 44.81275 ], [ 0.66959, 44.81326 ], [ 0.67025, 44.81383 ], [ 0.67184, 44.81521 ], [ 0.67189, 44.81543 ], [ 0.67179, 44.81595 ], [ 0.67176, 44.81645 ], [ 0.67187, 44.8178 ], [ 0.67183, 44.81816 ], [ 0.67346, 44.81804 ] ] ] ] } },
{ "type": "Feature", "properties": { "ID_MNHN": "720014272", "VALID_INPN": "INPN – nov2018", "MODIF_GEST": "2019-03-26", "IDCAUE_EPC": 21 }, "geometry": { "type": "MultiPolygon", "coordinates": [ [ [ [ 0.66521, 44.86213 ], [ 0.66521, 44.8619 ], [ 0.66494, 44.8619 ], [ 0.66437, 44.8619 ], [ 0.66377, 44.86182 ], [ 0.66351, 44.86174 ], [ 0.66321, 44.86156 ], [ 0.6631, 44.86138 ], [ 0.66292, 44.86106 ], [ 0.66278, 44.86076 ], [ 0.66258, 44.8607 ], [ 0.66235, 44.86066 ], [ 0.66207, 44.86064 ], [ 0.66156, 44.86078 ], [ 0.66126, 44.86081 ], [ 0.66138, 44.86098 ], [ 0.66107, 44.86111 ], [ 0.66052, 44.86124 ], [ 0.66005, 44.86128 ], [ 0.65972, 44.86128 ], [ 0.65946, 44.86125 ], [ 0.65925, 44.86118 ], [ 0.65909, 44.86104 ], [ 0.65898, 44.86086 ], [ 0.65898, 44.86051 ], [ 0.65886, 44.86043 ], [ 0.65863, 44.8603 ], [ 0.65858, 44.85973 ], [ 0.6582, 44.85954 ], [ 0.65721, 44.85946 ], [ 0.65654, 44.85942 ], [ 0.6564, 44.85945 ], [ 0.65598, 44.85955 ], [ 0.656, 44.85978 ], [ 0.65583, 44.85982 ], [ 0.65569, 44.85986 ], [ 0.65576, 44.86028 ], [ 0.65591, 44.86029 ], [ 0.65624, 44.86025 ], [ 0.65657, 44.86022 ], [ 0.65704, 44.86019 ], [ 0.6573, 44.86024 ], [ 0.65765, 44.86039 ], [ 0.65778, 44.86061 ], [ 0.65805, 44.86114 ], [ 0.65815, 44.86162 ], [ 0.65842, 44.86211 ], [ 0.65877, 44.86234 ], [ 0.65963, 44.86235 ], [ 0.6604, 44.86235 ], [ 0.66118, 44.86227 ], [ 0.66193, 44.86212 ], [ 0.66236, 44.86212 ], [ 0.66273, 44.86222 ], [ 0.66311, 44.86226 ], [ 0.66339, 44.86227 ], [ 0.66363, 44.86231 ], [ 0.66363, 44.8625 ], [ 0.66492, 44.86258 ], [ 0.66495, 44.86289 ], [ 0.66529, 44.86289 ], [ 0.66524, 44.86268 ], [ 0.66524, 44.86227 ], [ 0.66521, 44.86213 ] ] ] ] } },
{ "type": "Feature", "properties": { "ID_MNHN": "720014273", "VALID_INPN": "INPN – nov2018", "MODIF_GEST": "2019-03-26", "IDCAUE_EPC": 21 }, "geometry": { "type": "MultiPolygon", "coordinates": [ [ [ [ 0.74833, 44.76624 ], [ 0.74906, 44.76614 ], [ 0.74924, 44.76605 ], [ 0.7488, 44.7656 ], [ 0.74853, 44.76542 ], [ 0.74761, 44.76504 ], [ 0.74746, 44.76485 ], [ 0.74756, 44.76445 ], [ 0.74754, 44.76415 ], [ 0.74741, 44.76376 ], [ 0.74723, 44.76341 ], [ 0.74714, 44.7631 ], [ 0.7472, 44.76287 ], [ 0.74719, 44.76269 ], [ 0.74716, 44.7625 ], [ 0.74709, 44.76228 ], [ 0.74696, 44.76215 ], [ 0.74693, 44.76202 ], [ 0.74632, 44.76151 ], [ 0.74602, 44.76124 ], [ 0.74572, 44.76087 ], [ 0.74543, 44.76055 ], [ 0.74525, 44.76025 ], [ 0.74511, 44.75967 ], [ 0.74514, 44.75947 ], [ 0.74487, 44.75949 ], [ 0.74483, 44.75929 ], [ 0.7447, 44.7588 ], [ 0.74425, 44.75882 ], [ 0.7444, 44.75971 ], [ 0.74489, 44.75967 ], [ 0.74505, 44.76029 ], [ 0.74482, 44.76034 ], [ 0.74496, 44.76068 ], [ 0.74504, 44.76095 ], [ 0.74521, 44.76138 ], [ 0.74538, 44.76167 ], [ 0.74573, 44.76199 ], [ 0.74655, 44.76205 ], [ 0.7467, 44.76217 ], [ 0.74675, 44.76233 ], [ 0.74677, 44.76259 ], [ 0.74676, 44.76292 ], [ 0.74679, 44.76306 ], [ 0.74691, 44.76335 ], [ 0.74706, 44.76379 ], [ 0.74711, 44.76415 ], [ 0.7472, 44.76447 ], [ 0.74725, 44.76477 ], [ 0.74732, 44.76502 ], [ 0.74732, 44.76514 ], [ 0.74731, 44.76522 ], [ 0.74721, 44.76527 ], [ 0.74692, 44.76509 ], [ 0.74679, 44.76495 ], [ 0.7467, 44.76484 ], [ 0.74659, 44.7646 ], [ 0.74631, 44.76486 ], [ 0.74596, 44.76465 ], [ 0.7457, 44.7644 ], [ 0.74518, 44.76418 ], [ 0.74448, 44.7636 ], [ 0.74407, 44.76317 ], [ 0.74357, 44.76344 ], [ 0.74321, 44.76358 ], [ 0.74266, 44.76321 ], [ 0.74224, 44.76287 ], [ 0.74184, 44.76267 ], [ 0.74154, 44.7625 ], [ 0.74129, 44.76242 ], [ 0.74102, 44.76243 ], [ 0.74054, 44.76248 ], [ 0.74019, 44.76245 ], [ 0.73993, 44.76238 ], [ 0.73977, 44.76222 ], [ 0.73976, 44.76205 ], [ 0.73987, 44.7618 ], [ 0.73991, 44.76154 ], [ 0.74001, 44.76116 ], [ 0.73993, 44.7609 ], [ 0.73977, 44.76069 ], [ 0.7395, 44.76043 ], [ 0.73916, 44.76025 ], [ 0.73898, 44.76022 ], [ 0.73871, 44.76022 ], [ 0.73839, 44.76038 ], [ 0.73827, 44.76045 ], [ 0.73814, 44.76054 ], [ 0.73792, 44.76069 ], [ 0.73766, 44.76075 ], [ 0.73747, 44.76075 ], [ 0.73729, 44.76061 ], [ 0.73716, 44.76024 ], [ 0.73701, 44.76009 ], [ 0.73687, 44.75981 ], [ 0.73671, 44.75968 ], [ 0.73643, 44.75966 ], [ 0.7361, 44.75973 ], [ 0.73594, 44.75964 ], [ 0.73587, 44.75939 ], [ 0.73605, 44.75894 ], [ 0.73615, 44.75857 ], [ 0.7364, 44.75724 ], [ 0.73566, 44.7572 ], [ 0.73541, 44.75728 ], [ 0.73526, 44.75744 ], [ 0.73507, 44.75801 ], [ 0.73481, 44.75853 ], [ 0.73472, 44.75865 ], [ 0.73457, 44.75887 ], [ 0.73439, 44.75918 ], [ 0.734, 44.75965 ], [ 0.7338, 44.75988 ], [ 0.73491, 44.76072 ], [ 0.73533, 44.76098 ], [ 0.73567, 44.76112 ], [ 0.73606, 44.7612 ], [ 0.73643, 44.76133 ], [ 0.73698, 44.76158 ], [ 0.73756, 44.76189 ], [ 0.73811, 44.76224 ], [ 0.73839, 44.76243 ], [ 0.73882, 44.76271 ], [ 0.73932, 44.76301 ], [ 0.73995, 44.76334 ], [ 0.74008, 44.76357 ], [ 0.74035, 44.76403 ], [ 0.74062, 44.76424 ], [ 0.74105, 44.76449 ], [ 0.74124, 44.76466 ], [ 0.74142, 44.7649 ], [ 0.74176, 44.76506 ], [ 0.74205, 44.76514 ], [ 0.74235, 44.76526 ], [ 0.74257, 44.76542 ], [ 0.74284, 44.76567 ], [ 0.74326, 44.76583 ], [ 0.74399, 44.76606 ], [ 0.74471, 44.76618 ], [ 0.745, 44.76619 ], [ 0.74544, 44.76606 ], [ 0.7457, 44.76594 ], [ 0.74603, 44.76586 ], [ 0.74634, 44.7659 ], [ 0.74664, 44.76615 ], [ 0.74662, 44.76577 ], [ 0.74683, 44.76565 ], [ 0.74707, 44.76562 ], [ 0.74734, 44.76589 ], [ 0.7475, 44.76625 ], [ 0.74749, 44.76647 ], [ 0.7478, 44.76648 ], [ 0.74781, 44.76676 ], [ 0.74803, 44.76682 ], [ 0.74831, 44.7668 ], [ 0.74861, 44.7667 ], [ 0.74833, 44.76624 ] ] ], [ [ [ 0.74383, 44.76942 ], [ 0.74387, 44.76911 ], [ 0.74387, 44.76888 ], [ 0.74379, 44.76861 ], [ 0.74353, 44.76839 ], [ 0.74332, 44.76826 ], [ 0.74293, 44.76813 ], [ 0.74237, 44.76807 ], [ 0.7418, 44.768 ], [ 0.74158, 44.76778 ], [ 0.74142, 44.76754 ], [ 0.74116, 44.76729 ], [ 0.74073, 44.76716 ], [ 0.74039, 44.7671 ], [ 0.7401, 44.76709 ], [ 0.73995, 44.76707 ], [ 0.73986, 44.76703 ], [ 0.73986, 44.76686 ], [ 0.7399, 44.76653 ], [ 0.73951, 44.76607 ], [ 0.73888, 44.76549 ], [ 0.73839, 44.76532 ], [ 0.73838, 44.76502 ], [ 0.73831, 44.7647 ], [ 0.73798, 44.7644 ], [ 0.7374, 44.76414 ], [ 0.73733, 44.76395 ], [ 0.7372, 44.76371 ], [ 0.73688, 44.76342 ], [ 0.73666, 44.76346 ], [ 0.73654, 44.76349 ], [ 0.73646, 44.76344 ], [ 0.73635, 44.7634 ], [ 0.73628, 44.76324 ], [ 0.73617, 44.76311 ], [ 0.73562, 44.76286 ], [ 0.73518, 44.76247 ], [ 0.73441, 44.76193 ], [ 0.734, 44.76162 ], [ 0.73377, 44.76144 ], [ 0.73342, 44.76118 ], [ 0.73308, 44.76092 ], [ 0.73272, 44.76082 ], [ 0.73232, 44.76079 ], [ 0.73193, 44.76083 ], [ 0.73163, 44.76095 ], [ 0.73148, 44.76103 ], [ 0.73126, 44.76121 ], [ 0.73112, 44.76137 ], [ 0.73109, 44.76156 ], [ 0.73122, 44.7617 ], [ 0.73147, 44.76171 ], [ 0.73168, 44.76161 ], [ 0.73195, 44.76153 ], [ 0.73219, 44.76154 ], [ 0.73235, 44.76162 ], [ 0.73257, 44.76183 ], [ 0.73292, 44.76203 ], [ 0.73332, 44.7622 ], [ 0.73373, 44.76241 ], [ 0.73401, 44.76259 ], [ 0.73428, 44.76285 ], [ 0.73446, 44.76312 ], [ 0.73458, 44.76334 ], [ 0.7346, 44.76357 ], [ 0.73448, 44.76385 ], [ 0.73442, 44.76395 ], [ 0.73438, 44.76415 ], [ 0.73443, 44.7644 ], [ 0.73467, 44.76473 ], [ 0.73486, 44.76501 ], [ 0.73516, 44.76515 ], [ 0.73555, 44.76522 ], [ 0.7359, 44.76532 ], [ 0.73615, 44.76547 ], [ 0.73631, 44.76556 ], [ 0.73665, 44.76575 ], [ 0.73701, 44.76594 ], [ 0.73719, 44.76616 ], [ 0.73729, 44.76636 ], [ 0.73746, 44.76664 ], [ 0.7376, 44.76682 ], [ 0.73794, 44.76706 ], [ 0.7383, 44.76736 ], [ 0.73858, 44.76755 ], [ 0.73869, 44.76775 ], [ 0.7387, 44.76793 ], [ 0.73875, 44.76816 ], [ 0.73894, 44.76833 ], [ 0.7393, 44.76848 ], [ 0.73957, 44.76865 ], [ 0.73972, 44.76891 ], [ 0.73974, 44.76932 ], [ 0.73986, 44.76957 ], [ 0.74008, 44.76983 ], [ 0.74023, 44.76996 ], [ 0.7404, 44.77009 ], [ 0.74058, 44.77017 ], [ 0.74073, 44.77018 ], [ 0.74085, 44.77018 ], [ 0.74103, 44.77009 ], [ 0.74117, 44.77002 ], [ 0.74146, 44.76991 ], [ 0.74185, 44.76976 ], [ 0.74218, 44.76961 ], [ 0.74237, 44.76957 ], [ 0.74251, 44.76959 ], [ 0.74266, 44.76967 ], [ 0.74279, 44.77 ], [ 0.74306, 44.77022 ], [ 0.74354, 44.77047 ], [ 0.74358, 44.77016 ], [ 0.74359, 44.77004 ], [ 0.74368, 44.76988 ], [ 0.74381, 44.76965 ], [ 0.74383, 44.76942 ] ] ] ] } },
{ "type": "Feature", "properties": { "ID_MNHN": "720020111", "VALID_INPN": "INPN – nov2018", "MODIF_GEST": "2019-03-26", "IDCAUE_EPC": 21 }, "geometry": { "type": "MultiPolygon", "coordinates": [ [ [ [ 0.85143, 44.68237 ], [ 0.85134, 44.68241 ], [ 0.85093, 44.68238 ], [ 0.85064, 44.68241 ], [ 0.85064, 44.6826 ], [ 0.85056, 44.68276 ], [ 0.85044, 44.68291 ], [ 0.85036, 44.68317 ], [ 0.85033, 44.68336 ], [ 0.85018, 44.68354 ], [ 0.85002, 44.6837 ], [ 0.84981, 44.6839 ], [ 0.84962, 44.68406 ], [ 0.84946, 44.6841 ], [ 0.84933, 44.68426 ], [ 0.84917, 44.68462 ], [ 0.84917, 44.68475 ], [ 0.84912, 44.68502 ], [ 0.849, 44.68578 ], [ 0.84899, 44.68622 ], [ 0.84875, 44.68644 ], [ 0.84868, 44.68692 ], [ 0.84855, 44.68731 ], [ 0.84831, 44.68774 ], [ 0.84845, 44.68795 ], [ 0.84903, 44.68812 ], [ 0.85, 44.68805 ], [ 0.85041, 44.68775 ], [ 0.85009, 44.68738 ], [ 0.84983, 44.68691 ], [ 0.84993, 44.68683 ], [ 0.85079, 44.6862 ], [ 0.85021, 44.686 ], [ 0.85073, 44.68534 ], [ 0.85076, 44.68524 ], [ 0.85029, 44.68514 ], [ 0.85039, 44.6848 ], [ 0.85077, 44.6847 ], [ 0.85098, 44.68452 ], [ 0.85107, 44.68427 ], [ 0.85127, 44.68397 ], [ 0.85144, 44.6836 ], [ 0.85109, 44.68345 ], [ 0.85176, 44.6825 ], [ 0.85143, 44.68237 ] ] ] ] } },
{ "type": "Feature", "properties": { "ID_MNHN": "720020114", "VALID_INPN": "INPN – nov2018", "MODIF_GEST": "2019-03-26", "IDCAUE_EPC": 21 }, "geometry": { "type": "MultiPolygon", "coordinates": [ [ [ [ 0.78272, 44.69968 ], [ 0.78364, 44.69972 ], [ 0.78406, 44.69943 ], [ 0.78418, 44.69925 ], [ 0.78421, 44.69903 ], [ 0.78424, 44.69855 ], [ 0.78428, 44.69838 ], [ 0.78496, 44.69839 ], [ 0.78527, 44.69833 ], [ 0.78575, 44.6982 ], [ 0.78546, 44.69802 ], [ 0.78547, 44.6979 ], [ 0.78568, 44.69782 ], [ 0.78638, 44.69786 ], [ 0.78652, 44.69774 ], [ 0.78662, 44.6976 ], [ 0.78696, 44.69735 ], [ 0.78759, 44.69637 ], [ 0.78782, 44.69573 ], [ 0.78788, 44.6955 ], [ 0.78804, 44.69545 ], [ 0.7877, 44.69517 ], [ 0.78727, 44.69492 ], [ 0.78699, 44.69479 ], [ 0.78676, 44.69483 ], [ 0.78659, 44.69483 ], [ 0.78438, 44.6954 ], [ 0.78348, 44.69619 ], [ 0.7828, 44.6966 ], [ 0.78254, 44.69712 ], [ 0.78219, 44.69784 ], [ 0.78194, 44.69807 ], [ 0.78119, 44.69857 ], [ 0.78058, 44.69936 ], [ 0.78101, 44.69955 ], [ 0.78101, 44.6996 ], [ 0.7813, 44.69982 ], [ 0.78156, 44.69995 ], [ 0.78207, 44.70048 ], [ 0.78235, 44.69992 ], [ 0.78272, 44.69968 ] ] ], [ [ [ 0.80149, 44.70249 ], [ 0.80187, 44.70267 ], [ 0.80205, 44.70267 ], [ 0.80238, 44.70264 ], [ 0.80269, 44.70259 ], [ 0.80328, 44.7028 ], [ 0.80427, 44.7029 ], [ 0.80434, 44.70232 ], [ 0.80407, 44.70206 ], [ 0.80363, 44.70161 ], [ 0.80332, 44.70146 ], [ 0.80283, 44.70139 ], [ 0.80211, 44.70134 ], [ 0.8017, 44.70128 ], [ 0.80141, 44.70115 ], [ 0.80127, 44.70107 ], [ 0.80025, 44.70116 ], [ 0.79968, 44.70126 ], [ 0.79944, 44.7015 ], [ 0.79891, 44.70169 ], [ 0.79822, 44.7019 ], [ 0.79904, 44.702 ], [ 0.79896, 44.70273 ], [ 0.79908, 44.70294 ], [ 0.80149, 44.70249 ] ] ], [ [ [ 0.79559, 44.70161 ], [ 0.79519, 44.70163 ], [ 0.79494, 44.70158 ], [ 0.79472, 44.70157 ], [ 0.79451, 44.70152 ], [ 0.79375, 44.70107 ], [ 0.79364, 44.7014 ], [ 0.79367, 44.7015 ], [ 0.79355, 44.70153 ], [ 0.79354, 44.70161 ], [ 0.79316, 44.70159 ], [ 0.79286, 44.70152 ], [ 0.79257, 44.70146 ], [ 0.79243, 44.70141 ], [ 0.79203, 44.70129 ], [ 0.79176, 44.70129 ], [ 0.79163, 44.70122 ], [ 0.79157, 44.70122 ], [ 0.79158, 44.70135 ], [ 0.7917, 44.70144 ], [ 0.79196, 44.70153 ], [ 0.79212, 44.70169 ], [ 0.79222, 44.70187 ], [ 0.79253, 44.70217 ], [ 0.79248, 44.70231 ], [ 0.79261, 44.70242 ], [ 0.79278, 44.70251 ], [ 0.79297, 44.70257 ], [ 0.79344, 44.70256 ], [ 0.79404, 44.70257 ], [ 0.79423, 44.70255 ], [ 0.7945, 44.7025 ], [ 0.79465, 44.70242 ], [ 0.79482, 44.70232 ], [ 0.79504, 44.70214 ], [ 0.79524, 44.70197 ], [ 0.79559, 44.70161 ] ] ], [ [ [ 0.78776, 44.69862 ], [ 0.78721, 44.69891 ], [ 0.78725, 44.69904 ], [ 0.78729, 44.69914 ], [ 0.78735, 44.69956 ], [ 0.78728, 44.70028 ], [ 0.78722, 44.70059 ], [ 0.78849, 44.70035 ], [ 0.78851, 44.69995 ], [ 0.7883, 44.69948 ], [ 0.78796, 44.69886 ], [ 0.78776, 44.69862 ] ] ] ] } },
{ "type": "Feature", "properties": { "ID_MNHN": "720020110", "VALID_INPN": "INPN – nov2018", "MODIF_GEST": "2019-03-26", "IDCAUE_EPC": 21 }, "geometry": { "type": "MultiPolygon", "coordinates": [ [ [ [ 0.83536, 44.67855 ], [ 0.83538, 44.67841 ], [ 0.83542, 44.67828 ], [ 0.83546, 44.67817 ], [ 0.83556, 44.67808 ], [ 0.83578, 44.67797 ], [ 0.83585, 44.67773 ], [ 0.83586, 44.67744 ], [ 0.8359, 44.67722 ], [ 0.83608, 44.67707 ], [ 0.83609, 44.67693 ], [ 0.83609, 44.6768 ], [ 0.83564, 44.67663 ], [ 0.8351, 44.67644 ], [ 0.83472, 44.6763 ], [ 0.83456, 44.67644 ], [ 0.83389, 44.67656 ], [ 0.83344, 44.67662 ], [ 0.83315, 44.67657 ], [ 0.83263, 44.67651 ], [ 0.83232, 44.67638 ], [ 0.83242, 44.67608 ], [ 0.83132, 44.67574 ], [ 0.83131, 44.67552 ], [ 0.83106, 44.67526 ], [ 0.83097, 44.67493 ], [ 0.83102, 44.67463 ], [ 0.83103, 44.67448 ], [ 0.83141, 44.67419 ], [ 0.83174, 44.67397 ], [ 0.83272, 44.67374 ], [ 0.83338, 44.67364 ], [ 0.8343, 44.67361 ], [ 0.83473, 44.67341 ], [ 0.83461, 44.67321 ], [ 0.83518, 44.67303 ], [ 0.83679, 44.67249 ], [ 0.83786, 44.67195 ], [ 0.83731, 44.67186 ], [ 0.83682, 44.6717 ], [ 0.8361, 44.67166 ], [ 0.83527, 44.67165 ], [ 0.83512, 44.6716 ], [ 0.83447, 44.67159 ], [ 0.83366, 44.67154 ], [ 0.83327, 44.67153 ], [ 0.83266, 44.67163 ], [ 0.83243, 44.67167 ], [ 0.83215, 44.67172 ], [ 0.8318, 44.67188 ], [ 0.83148, 44.67196 ], [ 0.83104, 44.67199 ], [ 0.83092, 44.67205 ], [ 0.83064, 44.67213 ], [ 0.83035, 44.67222 ], [ 0.82923, 44.67282 ], [ 0.82808, 44.67328 ], [ 0.8279, 44.6734 ], [ 0.82768, 44.67364 ], [ 0.8275, 44.67381 ], [ 0.82718, 44.67397 ], [ 0.82705, 44.67414 ], [ 0.82652, 44.67494 ], [ 0.82628, 44.67546 ], [ 0.82626, 44.6756 ], [ 0.82635, 44.67571 ], [ 0.8269, 44.67586 ], [ 0.82768, 44.67607 ], [ 0.82798, 44.6761 ], [ 0.82815, 44.67611 ], [ 0.82845, 44.67599 ], [ 0.82874, 44.67577 ], [ 0.82885, 44.67573 ], [ 0.82896, 44.67574 ], [ 0.82903, 44.67579 ], [ 0.82909, 44.67604 ], [ 0.82903, 44.67628 ], [ 0.82901, 44.67646 ], [ 0.82909, 44.67656 ], [ 0.82919, 44.6766 ], [ 0.82941, 44.67661 ], [ 0.82987, 44.67714 ], [ 0.8298, 44.6776 ], [ 0.82979, 44.67818 ], [ 0.82988, 44.6788 ], [ 0.83021, 44.67871 ], [ 0.83044, 44.67863 ], [ 0.83064, 44.67876 ], [ 0.83083, 44.67868 ], [ 0.83091, 44.67855 ], [ 0.83103, 44.67835 ], [ 0.83108, 44.6783 ], [ 0.83131, 44.67833 ], [ 0.83153, 44.67844 ], [ 0.83173, 44.6786 ], [ 0.83189, 44.67861 ], [ 0.83228, 44.67863 ], [ 0.8329, 44.67864 ], [ 0.83322, 44.67854 ], [ 0.83344, 44.67842 ], [ 0.83378, 44.67843 ], [ 0.83418, 44.67885 ], [ 0.83455, 44.67873 ], [ 0.83494, 44.67873 ], [ 0.83505, 44.67884 ], [ 0.83521, 44.67893 ], [ 0.83535, 44.67898 ], [ 0.83549, 44.67899 ], [ 0.8356, 44.67903 ], [ 0.83536, 44.67855 ] ] ] ] } },
{ "type": "Feature", "properties": { "ID_MNHN": "720008216", "VALID_INPN": "INPN – nov2018", "MODIF_GEST": "2019-03-26", "IDCAUE_EPC": 21 }, "geometry": { "type": "MultiPolygon", "coordinates": [ [ [ [ 0.79754, 44.86696 ], [ 0.79752, 44.86796 ], [ 0.79757, 44.86849 ], [ 0.79751, 44.86916 ], [ 0.79746, 44.87092 ], [ 0.79747, 44.87224 ], [ 0.79773, 44.87491 ], [ 0.79818, 44.87717 ], [ 0.79908, 44.8793 ], [ 0.79925, 44.87958 ], [ 0.79988, 44.87953 ], [ 0.80041, 44.87922 ], [ 0.80212, 44.8768 ], [ 0.8024, 44.87573 ], [ 0.8014, 44.87513 ], [ 0.80053, 44.87436 ], [ 0.8, 44.87317 ], [ 0.79973, 44.87096 ], [ 0.79977, 44.86907 ], [ 0.80019, 44.86781 ], [ 0.80144, 44.86562 ], [ 0.80347, 44.86333 ], [ 0.80445, 44.86195 ], [ 0.80533, 44.85993 ], [ 0.80582, 44.85548 ], [ 0.80565, 44.8543 ], [ 0.80517, 44.85325 ], [ 0.80351, 44.85148 ], [ 0.8014, 44.8496 ], [ 0.7979, 44.84761 ], [ 0.79678, 44.84656 ], [ 0.79534, 44.84613 ], [ 0.79271, 44.84467 ], [ 0.7912, 44.8441 ], [ 0.78562, 44.84192 ], [ 0.78428, 44.84171 ], [ 0.77977, 44.8403 ], [ 0.77423, 44.83856 ], [ 0.76844, 44.83719 ], [ 0.76553, 44.83687 ], [ 0.75989, 44.83685 ], [ 0.7542, 44.83628 ], [ 0.75119, 44.83571 ], [ 0.74494, 44.83429 ], [ 0.74222, 44.83391 ], [ 0.74069, 44.83394 ], [ 0.74031, 44.83434 ], [ 0.7403, 44.83478 ], [ 0.74073, 44.83513 ], [ 0.74217, 44.83558 ], [ 0.74546, 44.83621 ], [ 0.74601, 44.83659 ], [ 0.74754, 44.8366 ], [ 0.74817, 44.83696 ], [ 0.74892, 44.83698 ], [ 0.75195, 44.83754 ], [ 0.75782, 44.83891 ], [ 0.76231, 44.83882 ], [ 0.76542, 44.83891 ], [ 0.76845, 44.83939 ], [ 0.77399, 44.8409 ], [ 0.77505, 44.84146 ], [ 0.77593, 44.84161 ], [ 0.78027, 44.84296 ], [ 0.78178, 44.84317 ], [ 0.78418, 44.84378 ], [ 0.78694, 44.84472 ], [ 0.78964, 44.84589 ], [ 0.79021, 44.84581 ], [ 0.79127, 44.84649 ], [ 0.79378, 44.84765 ], [ 0.79465, 44.84829 ], [ 0.79884, 44.85021 ], [ 0.79946, 44.85087 ], [ 0.80022, 44.85087 ], [ 0.8016, 44.85191 ], [ 0.80226, 44.85309 ], [ 0.80214, 44.85538 ], [ 0.80121, 44.85766 ], [ 0.7998, 44.8599 ], [ 0.79887, 44.86197 ], [ 0.79869, 44.86415 ], [ 0.79775, 44.86589 ], [ 0.79749, 44.86676 ], [ 0.79754, 44.86696 ] ] ] ] } },
{ "type": "Feature", "properties": { "ID_MNHN": "720014238", "VALID_INPN": "INPN – nov2018", "MODIF_GEST": "2019-03-26", "IDCAUE_EPC": 21 }, "geometry": { "type": "MultiPolygon", "coordinates": [ [ [ [ 0.71, 44.71256 ], [ 0.70932, 44.71255 ], [ 0.7089, 44.71259 ], [ 0.70798, 44.71282 ], [ 0.70723, 44.71287 ], [ 0.70654, 44.71291 ], [ 0.70582, 44.71292 ], [ 0.7044, 44.71283 ], [ 0.7042, 44.71279 ], [ 0.70396, 44.71272 ], [ 0.70368, 44.71258 ], [ 0.70355, 44.71248 ], [ 0.70335, 44.71237 ], [ 0.70249, 44.71209 ], [ 0.70154, 44.71189 ], [ 0.70092, 44.71178 ], [ 0.70062, 44.71171 ], [ 0.70005, 44.71156 ], [ 0.69994, 44.71143 ], [ 0.69942, 44.71105 ], [ 0.69917, 44.71079 ], [ 0.69825, 44.71004 ], [ 0.69761, 44.70982 ], [ 0.69712, 44.70976 ], [ 0.69668, 44.70971 ], [ 0.69651, 44.70965 ], [ 0.6965, 44.70964 ], [ 0.69638, 44.70976 ], [ 0.69635, 44.70978 ], [ 0.69622, 44.70992 ], [ 0.69628, 44.71001 ], [ 0.69632, 44.71003 ], [ 0.69634, 44.71004 ], [ 0.69636, 44.71004 ], [ 0.69637, 44.71005 ], [ 0.69642, 44.71006 ], [ 0.69646, 44.71008 ], [ 0.69647, 44.71008 ], [ 0.69649, 44.7101 ], [ 0.69652, 44.71014 ], [ 0.69653, 44.71015 ], [ 0.69656, 44.71017 ], [ 0.69657, 44.71013 ], [ 0.69659, 44.71019 ], [ 0.69663, 44.7102 ], [ 0.69668, 44.7102 ], [ 0.69672, 44.71021 ], [ 0.69673, 44.71021 ], [ 0.69688, 44.71022 ], [ 0.69691, 44.71022 ], [ 0.69702, 44.71025 ], [ 0.69704, 44.71026 ], [ 0.69707, 44.71026 ], [ 0.69719, 44.7103 ], [ 0.69722, 44.71031 ], [ 0.69724, 44.71032 ], [ 0.69733, 44.71035 ], [ 0.69734, 44.71035 ], [ 0.69738, 44.71036 ], [ 0.69754, 44.71042 ], [ 0.69756, 44.71043 ], [ 0.69762, 44.71044 ], [ 0.69767, 44.71047 ], [ 0.69768, 44.71048 ], [ 0.69771, 44.71049 ], [ 0.69779, 44.71052 ], [ 0.69783, 44.71054 ], [ 0.69788, 44.71056 ], [ 0.69789, 44.71057 ], [ 0.69792, 44.71058 ], [ 0.69797, 44.71063 ], [ 0.69798, 44.71064 ], [ 0.698, 44.71066 ], [ 0.69802, 44.71068 ], [ 0.69804, 44.7107 ], [ 0.69805, 44.7107 ], [ 0.69805, 44.71072 ], [ 0.69805, 44.71074 ], [ 0.69805, 44.71076 ], [ 0.69804, 44.71077 ], [ 0.69803, 44.71079 ], [ 0.69799, 44.7108 ], [ 0.69795, 44.71082 ], [ 0.69795, 44.71083 ], [ 0.69792, 44.71084 ], [ 0.69791, 44.71084 ], [ 0.69791, 44.71086 ], [ 0.69791, 44.71088 ], [ 0.69792, 44.7109 ], [ 0.69793, 44.71092 ], [ 0.69796, 44.71094 ], [ 0.69797, 44.71096 ], [ 0.69803, 44.71103 ], [ 0.69804, 44.71103 ], [ 0.69811, 44.71105 ], [ 0.69812, 44.71106 ], [ 0.69816, 44.71107 ], [ 0.69817, 44.71108 ], [ 0.69822, 44.71109 ], [ 0.69826, 44.71111 ], [ 0.69828, 44.71112 ], [ 0.69833, 44.71113 ], [ 0.69837, 44.71114 ], [ 0.69841, 44.71115 ], [ 0.69848, 44.71118 ], [ 0.69849, 44.71118 ], [ 0.69851, 44.71119 ], [ 0.69854, 44.71121 ], [ 0.69856, 44.71122 ], [ 0.69868, 44.71132 ], [ 0.69873, 44.71135 ], [ 0.69875, 44.71136 ], [ 0.69882, 44.71139 ], [ 0.69889, 44.71143 ], [ 0.69892, 44.71144 ], [ 0.69894, 44.71145 ], [ 0.69908, 44.71152 ], [ 0.6991, 44.71154 ], [ 0.69913, 44.71155 ], [ 0.69916, 44.71157 ], [ 0.69919, 44.71157 ], [ 0.69921, 44.71159 ], [ 0.69926, 44.71162 ], [ 0.69929, 44.71163 ], [ 0.69931, 44.71164 ], [ 0.69939, 44.71169 ], [ 0.69941, 44.7117 ], [ 0.69944, 44.71171 ], [ 0.69947, 44.71174 ], [ 0.6995, 44.71175 ], [ 0.69952, 44.71175 ], [ 0.69955, 44.71175 ], [ 0.69956, 44.71175 ], [ 0.69959, 44.71174 ], [ 0.69961, 44.71173 ], [ 0.69966, 44.71172 ], [ 0.69968, 44.71171 ], [ 0.69969, 44.7117 ], [ 0.69974, 44.71169 ], [ 0.69975, 44.71168 ], [ 0.69977, 44.71168 ], [ 0.6998, 44.71167 ], [ 0.69982, 44.71167 ], [ 0.69983, 44.71167 ], [ 0.69984, 44.71167 ], [ 0.69987, 44.71167 ], [ 0.69988, 44.71168 ], [ 0.69989, 44.71169 ], [ 0.6999, 44.71173 ], [ 0.6999, 44.71177 ], [ 0.6999, 44.71188 ], [ 0.6999, 44.71189 ], [ 0.69991, 44.71193 ], [ 0.69991, 44.71194 ], [ 0.69992, 44.71194 ], [ 0.69996, 44.71197 ], [ 0.69997, 44.71198 ], [ 0.70001, 44.71198 ], [ 0.70002, 44.71198 ], [ 0.70003, 44.71198 ], [ 0.70014, 44.71198 ], [ 0.70015, 44.71198 ], [ 0.70016, 44.71198 ], [ 0.70022, 44.71198 ], [ 0.70024, 44.71199 ], [ 0.70025, 44.71199 ], [ 0.7003, 44.712 ], [ 0.70031, 44.71201 ], [ 0.70032, 44.71201 ], [ 0.7004, 44.71208 ], [ 0.70041, 44.71209 ], [ 0.70052, 44.71218 ], [ 0.7006, 44.71221 ], [ 0.70063, 44.71222 ], [ 0.70063, 44.71223 ], [ 0.70065, 44.71223 ], [ 0.70073, 44.71223 ], [ 0.70075, 44.71223 ], [ 0.70081, 44.71222 ], [ 0.70082, 44.71221 ], [ 0.70095, 44.71218 ], [ 0.70101, 44.71216 ], [ 0.70103, 44.71216 ], [ 0.70103, 44.71215 ], [ 0.70109, 44.71212 ], [ 0.70112, 44.7121 ], [ 0.70115, 44.71209 ], [ 0.70121, 44.71207 ], [ 0.70153, 44.71206 ], [ 0.70155, 44.71206 ], [ 0.70156, 44.71206 ], [ 0.70169, 44.71206 ], [ 0.7017, 44.71206 ], [ 0.70171, 44.71206 ], [ 0.70172, 44.71206 ], [ 0.70177, 44.71207 ], [ 0.7018, 44.71208 ], [ 0.70182, 44.71209 ], [ 0.70185, 44.71211 ], [ 0.70188, 44.71217 ], [ 0.70188, 44.71218 ], [ 0.70191, 44.71221 ], [ 0.70193, 44.71224 ], [ 0.70193, 44.71225 ], [ 0.70194, 44.71225 ], [ 0.70206, 44.71233 ], [ 0.70215, 44.71239 ], [ 0.70224, 44.71244 ], [ 0.70243, 44.71251 ], [ 0.7026, 44.71258 ], [ 0.70268, 44.7126 ], [ 0.70269, 44.7126 ], [ 0.70279, 44.7126 ], [ 0.7028, 44.7126 ], [ 0.70286, 44.71258 ], [ 0.70287, 44.71258 ], [ 0.70294, 44.71256 ], [ 0.70302, 44.71252 ], [ 0.70303, 44.71251 ], [ 0.70309, 44.71251 ], [ 0.7031, 44.71251 ], [ 0.70316, 44.71257 ], [ 0.70317, 44.71257 ], [ 0.70317, 44.71258 ], [ 0.70326, 44.71264 ], [ 0.70326, 44.71265 ], [ 0.70329, 44.71272 ], [ 0.70331, 44.71272 ], [ 0.70332, 44.71276 ], [ 0.7033, 44.7128 ], [ 0.7033, 44.71281 ], [ 0.70329, 44.71288 ], [ 0.70329, 44.71289 ], [ 0.70329, 44.71289 ], [ 0.70329, 44.7129 ], [ 0.7033, 44.7129 ], [ 0.70338, 44.71293 ], [ 0.70339, 44.71293 ], [ 0.70339, 44.71294 ], [ 0.70345, 44.71296 ], [ 0.70346, 44.71297 ], [ 0.70349, 44.71298 ], [ 0.7035, 44.71299 ], [ 0.70354, 44.71304 ], [ 0.70354, 44.71305 ], [ 0.70355, 44.71305 ], [ 0.70356, 44.71307 ], [ 0.70357, 44.71308 ], [ 0.7036, 44.71309 ], [ 0.70361, 44.71309 ], [ 0.70362, 44.71309 ], [ 0.70366, 44.71308 ], [ 0.70367, 44.71307 ], [ 0.7037, 44.71304 ], [ 0.70373, 44.71297 ], [ 0.70375, 44.71296 ], [ 0.70375, 44.71295 ], [ 0.70379, 44.71293 ], [ 0.70382, 44.71291 ], [ 0.70383, 44.71291 ], [ 0.70384, 44.71291 ], [ 0.70388, 44.71292 ], [ 0.70389, 44.71292 ], [ 0.70391, 44.71292 ], [ 0.70394, 44.71295 ], [ 0.70395, 44.71298 ], [ 0.70399, 44.71302 ], [ 0.70403, 44.71307 ], [ 0.70404, 44.71309 ], [ 0.70408, 44.71316 ], [ 0.70409, 44.71318 ], [ 0.7041, 44.71319 ], [ 0.70412, 44.7132 ], [ 0.70414, 44.7132 ], [ 0.70421, 44.7132 ], [ 0.70423, 44.7132 ], [ 0.70435, 44.71319 ], [ 0.70436, 44.71319 ], [ 0.70443, 44.71319 ], [ 0.70444, 44.71319 ], [ 0.70445, 44.7132 ], [ 0.70447, 44.71321 ], [ 0.70451, 44.71327 ], [ 0.70451, 44.71328 ], [ 0.70454, 44.7133 ], [ 0.70455, 44.71331 ], [ 0.70458, 44.71331 ], [ 0.70459, 44.71331 ], [ 0.70465, 44.71329 ], [ 0.70466, 44.71329 ], [ 0.70483, 44.71325 ], [ 0.70492, 44.71322 ], [ 0.70493, 44.71323 ], [ 0.70506, 44.71319 ], [ 0.70507, 44.71319 ], [ 0.70513, 44.71317 ], [ 0.70517, 44.71317 ], [ 0.70519, 44.71317 ], [ 0.70522, 44.71316 ], [ 0.70524, 44.71316 ], [ 0.70532, 44.71315 ], [ 0.7054, 44.71315 ], [ 0.70541, 44.71315 ], [ 0.70546, 44.71316 ], [ 0.70551, 44.71317 ], [ 0.70553, 44.71317 ], [ 0.70554, 44.71317 ], [ 0.70565, 44.71317 ], [ 0.70583, 44.71317 ], [ 0.70598, 44.71317 ], [ 0.70616, 44.71315 ], [ 0.70622, 44.71315 ], [ 0.70633, 44.71314 ], [ 0.70644, 44.71313 ], [ 0.70646, 44.71312 ], [ 0.70659, 44.71311 ], [ 0.70661, 44.71311 ], [ 0.70661, 44.7131 ], [ 0.70669, 44.71308 ], [ 0.70671, 44.71308 ], [ 0.70673, 44.71307 ], [ 0.70677, 44.71306 ], [ 0.70679, 44.71305 ], [ 0.7068, 44.71305 ], [ 0.70683, 44.71306 ], [ 0.70685, 44.71307 ], [ 0.70685, 44.71308 ], [ 0.7069, 44.71313 ], [ 0.70691, 44.71314 ], [ 0.70691, 44.71315 ], [ 0.70698, 44.71317 ], [ 0.70699, 44.71318 ], [ 0.707, 44.71319 ], [ 0.70713, 44.71325 ], [ 0.70714, 44.71325 ], [ 0.70714, 44.71326 ], [ 0.70718, 44.71328 ], [ 0.70719, 44.71329 ], [ 0.70722, 44.71333 ], [ 0.70724, 44.71335 ], [ 0.70727, 44.71337 ], [ 0.70729, 44.71338 ], [ 0.7073, 44.71338 ], [ 0.70732, 44.71339 ], [ 0.70734, 44.71339 ], [ 0.70735, 44.71339 ], [ 0.70748, 44.71337 ], [ 0.70749, 44.71337 ], [ 0.7075, 44.71337 ], [ 0.70765, 44.71334 ], [ 0.70767, 44.71334 ], [ 0.70768, 44.71334 ], [ 0.70779, 44.71331 ], [ 0.70781, 44.7133 ], [ 0.70795, 44.71328 ], [ 0.70797, 44.71327 ], [ 0.70801, 44.71325 ], [ 0.70801, 44.71324 ], [ 0.70802, 44.71323 ], [ 0.70809, 44.7132 ], [ 0.7081, 44.7132 ], [ 0.70818, 44.71314 ], [ 0.70819, 44.71314 ], [ 0.70832, 44.71305 ], [ 0.70833, 44.71305 ], [ 0.70833, 44.71304 ], [ 0.70846, 44.71297 ], [ 0.70857, 44.71293 ], [ 0.70857, 44.71292 ], [ 0.70859, 44.71292 ], [ 0.7087, 44.71286 ], [ 0.70871, 44.71285 ], [ 0.70889, 44.71278 ], [ 0.70891, 44.71277 ], [ 0.70892, 44.71277 ], [ 0.70898, 44.71276 ], [ 0.70899, 44.71276 ], [ 0.7092, 44.71276 ], [ 0.70921, 44.71276 ], [ 0.70922, 44.71276 ], [ 0.70937, 44.71277 ], [ 0.70939, 44.71277 ], [ 0.70946, 44.71277 ], [ 0.70949, 44.71277 ], [ 0.70951, 44.71277 ], [ 0.70959, 44.71271 ], [ 0.7096, 44.71269 ], [ 0.70965, 44.71266 ], [ 0.70972, 44.71261 ], [ 0.70974, 44.71259 ], [ 0.70978, 44.71258 ], [ 0.70983, 44.71259 ], [ 0.70996, 44.71261 ], [ 0.71005, 44.71263 ], [ 0.71, 44.71256 ] ] ], [ [ [ 0.71337, 44.71431 ], [ 0.71328, 44.71421 ], [ 0.71309, 44.71432 ], [ 0.7129, 44.71439 ], [ 0.71259, 44.71442 ], [ 0.71181, 44.71427 ], [ 0.7116, 44.71398 ], [ 0.7116, 44.71397 ], [ 0.71157, 44.71402 ], [ 0.71156, 44.71408 ], [ 0.71153, 44.71411 ], [ 0.71152, 44.71413 ], [ 0.7115, 44.71417 ], [ 0.71144, 44.71421 ], [ 0.71141, 44.71423 ], [ 0.7113, 44.71427 ], [ 0.71127, 44.71429 ], [ 0.71126, 44.71429 ], [ 0.71125, 44.71431 ], [ 0.71123, 44.71431 ], [ 0.71122, 44.71433 ], [ 0.71121, 44.71433 ], [ 0.71122, 44.71434 ], [ 0.71122, 44.71436 ], [ 0.71124, 44.71451 ], [ 0.71124, 44.71453 ], [ 0.71124, 44.71454 ], [ 0.71124, 44.71457 ], [ 0.71125, 44.71459 ], [ 0.71139, 44.71473 ], [ 0.71159, 44.71492 ], [ 0.71159, 44.71493 ], [ 0.71161, 44.71495 ], [ 0.71195, 44.71531 ], [ 0.71206, 44.71543 ], [ 0.71207, 44.71544 ], [ 0.71217, 44.71555 ], [ 0.71221, 44.71558 ], [ 0.71223, 44.71562 ], [ 0.71223, 44.71564 ], [ 0.71224, 44.71565 ], [ 0.71227, 44.7157 ], [ 0.71275, 44.71554 ], [ 0.71277, 44.71537 ], [ 0.71258, 44.71517 ], [ 0.71255, 44.71496 ], [ 0.71276, 44.71483 ], [ 0.71335, 44.71471 ], [ 0.71341, 44.71448 ], [ 0.71337, 44.71431 ] ] ], [ [ [ 0.71091, 44.7129 ], [ 0.71083, 44.71287 ], [ 0.71091, 44.71297 ], [ 0.71103, 44.71314 ], [ 0.71104, 44.71315 ], [ 0.71091, 44.7129 ] ] ] ] } },
{ "type": "Feature", "properties": { "ID_MNHN": "720012898", "VALID_INPN": "INPN – nov2018", "MODIF_GEST": "2019-03-26", "IDCAUE_EPC": 21 }, "geometry": { "type": "MultiPolygon", "coordinates": [ [ [ [ 0.83308, 44.62284 ], [ 0.83255, 44.62286 ], [ 0.83218, 44.62278 ], [ 0.83182, 44.6226 ], [ 0.83122, 44.62236 ], [ 0.83124, 44.62223 ], [ 0.83113, 44.62217 ], [ 0.83092, 44.62203 ], [ 0.83093, 44.62193 ], [ 0.83036, 44.62169 ], [ 0.82996, 44.62177 ], [ 0.82978, 44.62167 ], [ 0.8297, 44.62149 ], [ 0.82962, 44.62121 ], [ 0.82962, 44.62095 ], [ 0.8295, 44.62079 ], [ 0.82932, 44.62061 ], [ 0.82912, 44.62051 ], [ 0.82877, 44.62042 ], [ 0.82849, 44.6204 ], [ 0.82796, 44.62018 ], [ 0.82777, 44.62003 ], [ 0.82775, 44.61988 ], [ 0.82759, 44.61968 ], [ 0.82742, 44.61948 ], [ 0.82716, 44.61931 ], [ 0.82691, 44.61905 ], [ 0.82664, 44.61864 ], [ 0.82631, 44.61789 ], [ 0.82598, 44.6171 ], [ 0.82605, 44.61696 ], [ 0.82604, 44.61654 ], [ 0.82607, 44.61588 ], [ 0.82629, 44.6157 ], [ 0.82643, 44.61557 ], [ 0.82684, 44.6155 ], [ 0.82702, 44.61553 ], [ 0.82717, 44.61533 ], [ 0.82744, 44.6152 ], [ 0.82778, 44.61505 ], [ 0.82803, 44.61482 ], [ 0.82822, 44.61457 ], [ 0.82828, 44.61429 ], [ 0.82831, 44.61412 ], [ 0.82848, 44.61385 ], [ 0.82887, 44.61342 ], [ 0.82897, 44.61348 ], [ 0.82946, 44.61347 ], [ 0.8298, 44.61356 ], [ 0.83005, 44.61392 ], [ 0.83031, 44.61423 ], [ 0.83071, 44.6144 ], [ 0.83113, 44.61457 ], [ 0.83188, 44.61474 ], [ 0.83221, 44.61487 ], [ 0.83199, 44.61509 ], [ 0.83264, 44.61544 ], [ 0.83323, 44.61572 ], [ 0.83369, 44.61594 ], [ 0.83399, 44.61604 ], [ 0.83517, 44.61601 ], [ 0.83551, 44.61605 ], [ 0.83551, 44.61603 ], [ 0.83551, 44.61596 ], [ 0.83551, 44.61594 ], [ 0.83545, 44.61589 ], [ 0.83543, 44.61587 ], [ 0.8354, 44.61585 ], [ 0.83493, 44.6157 ], [ 0.83409, 44.61545 ], [ 0.83364, 44.61528 ], [ 0.83363, 44.61528 ], [ 0.83311, 44.61513 ], [ 0.83302, 44.61511 ], [ 0.83281, 44.61503 ], [ 0.83264, 44.61498 ], [ 0.83244, 44.61492 ], [ 0.83222, 44.61484 ], [ 0.832, 44.6147 ], [ 0.83187, 44.61462 ], [ 0.83182, 44.6146 ], [ 0.83176, 44.61458 ], [ 0.83164, 44.61454 ], [ 0.83111, 44.61439 ], [ 0.8309, 44.61431 ], [ 0.83085, 44.61429 ], [ 0.83079, 44.61428 ], [ 0.8306, 44.61419 ], [ 0.83046, 44.61409 ], [ 0.83043, 44.61405 ], [ 0.83034, 44.61398 ], [ 0.83027, 44.61389 ], [ 0.83024, 44.61383 ], [ 0.83021, 44.61374 ], [ 0.83012, 44.61368 ], [ 0.82986, 44.6135 ], [ 0.82968, 44.61338 ], [ 0.82959, 44.6133 ], [ 0.82953, 44.61323 ], [ 0.82947, 44.61318 ], [ 0.82942, 44.61315 ], [ 0.82938, 44.61313 ], [ 0.82937, 44.61311 ], [ 0.82932, 44.61307 ], [ 0.82928, 44.61302 ], [ 0.82916, 44.61295 ], [ 0.82913, 44.61293 ], [ 0.8291, 44.613 ], [ 0.82907, 44.61309 ], [ 0.82903, 44.61315 ], [ 0.82894, 44.61326 ], [ 0.82877, 44.61336 ], [ 0.82864, 44.61343 ], [ 0.82859, 44.61346 ], [ 0.82838, 44.61366 ], [ 0.82825, 44.61382 ], [ 0.82809, 44.61401 ], [ 0.82806, 44.61401 ], [ 0.82802, 44.61403 ], [ 0.82795, 44.61407 ], [ 0.82777, 44.61419 ], [ 0.82761, 44.61429 ], [ 0.82741, 44.61444 ], [ 0.8273, 44.6145 ], [ 0.82715, 44.61461 ], [ 0.82706, 44.61468 ], [ 0.82689, 44.61482 ], [ 0.8268, 44.61489 ], [ 0.82675, 44.61492 ], [ 0.8267, 44.61499 ], [ 0.8266, 44.61506 ], [ 0.82651, 44.61514 ], [ 0.82631, 44.61527 ], [ 0.82616, 44.61536 ], [ 0.82603, 44.61547 ], [ 0.82602, 44.61549 ], [ 0.82601, 44.61549 ], [ 0.82593, 44.61546 ], [ 0.82593, 44.61546 ], [ 0.82585, 44.61559 ], [ 0.82542, 44.61603 ], [ 0.82522, 44.61632 ], [ 0.82504, 44.61662 ], [ 0.82497, 44.61684 ], [ 0.82497, 44.6169 ], [ 0.82502, 44.61701 ], [ 0.82507, 44.61714 ], [ 0.8251, 44.61726 ], [ 0.82514, 44.61733 ], [ 0.82517, 44.6174 ], [ 0.82522, 44.6175 ], [ 0.82527, 44.61757 ], [ 0.82538, 44.61774 ], [ 0.82548, 44.61787 ], [ 0.82585, 44.61839 ], [ 0.82594, 44.61855 ], [ 0.82601, 44.61869 ], [ 0.82604, 44.6188 ], [ 0.8261, 44.6189 ], [ 0.82621, 44.61908 ], [ 0.82636, 44.61935 ], [ 0.82645, 44.6195 ], [ 0.82651, 44.6196 ], [ 0.82652, 44.61964 ], [ 0.82655, 44.61973 ], [ 0.82656, 44.61981 ], [ 0.82656, 44.61987 ], [ 0.82654, 44.6199 ], [ 0.82672, 44.62022 ], [ 0.82702, 44.62043 ], [ 0.82724, 44.62055 ], [ 0.82807, 44.62085 ], [ 0.82841, 44.62099 ], [ 0.82887, 44.6212 ], [ 0.82907, 44.62141 ], [ 0.82929, 44.62182 ], [ 0.82956, 44.6221 ], [ 0.83002, 44.62236 ], [ 0.83037, 44.62257 ], [ 0.8309, 44.62277 ], [ 0.83144, 44.6229 ], [ 0.83237, 44.62295 ], [ 0.83258, 44.62297 ], [ 0.83279, 44.62306 ], [ 0.83313, 44.6233 ], [ 0.8333, 44.62349 ], [ 0.83403, 44.62406 ], [ 0.8342, 44.62422 ], [ 0.83476, 44.62521 ], [ 0.83488, 44.62538 ], [ 0.835, 44.62527 ], [ 0.83511, 44.62512 ], [ 0.83517, 44.62499 ], [ 0.83518, 44.62486 ], [ 0.83485, 44.62443 ], [ 0.83484, 44.62412 ], [ 0.83479, 44.62405 ], [ 0.8346, 44.62391 ], [ 0.83395, 44.62356 ], [ 0.83347, 44.62318 ], [ 0.83308, 44.62284 ] ] ], [ [ [ 0.8367, 44.61626 ], [ 0.83695, 44.61635 ], [ 0.83726, 44.6166 ], [ 0.83748, 44.61677 ], [ 0.83794, 44.61715 ], [ 0.83831, 44.6174 ], [ 0.83865, 44.61756 ], [ 0.83892, 44.61775 ], [ 0.83936, 44.61782 ], [ 0.83979, 44.61802 ], [ 0.84011, 44.6183 ], [ 0.84022, 44.61886 ], [ 0.84032, 44.61952 ], [ 0.84055, 44.61978 ], [ 0.84089, 44.61988 ], [ 0.84112, 44.61997 ], [ 0.84138, 44.62021 ], [ 0.84161, 44.62049 ], [ 0.84189, 44.62074 ], [ 0.8421, 44.62106 ], [ 0.84228, 44.62146 ], [ 0.8423, 44.62166 ], [ 0.84227, 44.62189 ], [ 0.84238, 44.62204 ], [ 0.84249, 44.62211 ], [ 0.84276, 44.62192 ], [ 0.84301, 44.62206 ], [ 0.84313, 44.62225 ], [ 0.84287, 44.62237 ], [ 0.84274, 44.62252 ], [ 0.84301, 44.62265 ], [ 0.84335, 44.62308 ], [ 0.84356, 44.62326 ], [ 0.84377, 44.62316 ], [ 0.84394, 44.62309 ], [ 0.84388, 44.62295 ], [ 0.84375, 44.62272 ], [ 0.84362, 44.62239 ], [ 0.84361, 44.62219 ], [ 0.84347, 44.62179 ], [ 0.84319, 44.62132 ], [ 0.84307, 44.62101 ], [ 0.84305, 44.62067 ], [ 0.84289, 44.62027 ], [ 0.84275, 44.62009 ], [ 0.84256, 44.61986 ], [ 0.84226, 44.61957 ], [ 0.84213, 44.6193 ], [ 0.84175, 44.61872 ], [ 0.84149, 44.6182 ], [ 0.84121, 44.61762 ], [ 0.84091, 44.61726 ], [ 0.84031, 44.6169 ], [ 0.83966, 44.61663 ], [ 0.83902, 44.61643 ], [ 0.83859, 44.61625 ], [ 0.83821, 44.61599 ], [ 0.83797, 44.61612 ], [ 0.83772, 44.6162 ], [ 0.8375, 44.61609 ], [ 0.83733, 44.616 ], [ 0.83714, 44.61634 ], [ 0.83705, 44.61631 ], [ 0.83692, 44.61627 ], [ 0.83683, 44.61625 ], [ 0.8367, 44.61625 ], [ 0.83667, 44.61624 ], [ 0.83665, 44.61624 ], [ 0.8367, 44.61626 ] ] ], [ [ [ 0.86797, 44.59859 ], [ 0.86834, 44.59871 ], [ 0.86845, 44.59933 ], [ 0.86937, 44.59961 ], [ 0.86994, 44.59987 ], [ 0.8706, 44.60003 ], [ 0.87166, 44.60014 ], [ 0.87249, 44.6002 ], [ 0.87249, 44.60018 ], [ 0.87247, 44.60017 ], [ 0.87246, 44.60011 ], [ 0.87243, 44.60007 ], [ 0.87241, 44.60006 ], [ 0.8724, 44.60005 ], [ 0.87238, 44.60005 ], [ 0.87235, 44.60004 ], [ 0.87231, 44.60002 ], [ 0.87213, 44.59998 ], [ 0.87211, 44.59995 ], [ 0.87206, 44.59993 ], [ 0.87191, 44.59987 ], [ 0.87182, 44.59983 ], [ 0.87173, 44.59981 ], [ 0.87153, 44.59975 ], [ 0.87146, 44.59974 ], [ 0.87143, 44.59973 ], [ 0.87123, 44.59963 ], [ 0.87112, 44.59957 ], [ 0.87108, 44.5995 ], [ 0.87099, 44.59946 ], [ 0.87101, 44.59898 ], [ 0.87101, 44.59879 ], [ 0.87101, 44.59872 ], [ 0.87097, 44.5983 ], [ 0.87095, 44.59805 ], [ 0.87082, 44.59785 ], [ 0.87073, 44.5978 ], [ 0.87065, 44.59774 ], [ 0.87047, 44.59765 ], [ 0.87041, 44.59763 ], [ 0.87036, 44.59761 ], [ 0.87026, 44.59758 ], [ 0.87015, 44.59756 ], [ 0.87006, 44.59753 ], [ 0.87004, 44.59751 ], [ 0.87004, 44.59746 ], [ 0.86995, 44.59743 ], [ 0.86993, 44.59741 ], [ 0.86991, 44.59742 ], [ 0.86975, 44.59755 ], [ 0.86975, 44.59756 ], [ 0.86964, 44.59763 ], [ 0.86944, 44.59781 ], [ 0.86939, 44.59782 ], [ 0.86908, 44.59798 ], [ 0.86903, 44.59801 ], [ 0.86877, 44.59813 ], [ 0.86871, 44.59816 ], [ 0.8686, 44.59821 ], [ 0.86853, 44.59825 ], [ 0.86828, 44.59837 ], [ 0.86795, 44.59852 ], [ 0.86797, 44.59859 ] ] ] ] } },
{ "type": "Feature", "properties": { "ID_MNHN": "720012946", "VALID_INPN": "INPN – nov2018", "MODIF_GEST": "2019-03-26", "IDCAUE_EPC": 21 }, "geometry": { "type": "MultiPolygon", "coordinates": [ [ [ [ 0.6771, 44.77047 ], [ 0.68134, 44.76904 ], [ 0.68358, 44.76781 ], [ 0.68524, 44.76586 ], [ 0.6865, 44.76534 ], [ 0.68714, 44.76567 ], [ 0.68783, 44.76661 ], [ 0.68876, 44.76734 ], [ 0.6894, 44.76734 ], [ 0.69054, 44.76675 ], [ 0.69189, 44.76474 ], [ 0.69297, 44.76394 ], [ 0.69724, 44.76189 ], [ 0.69928, 44.76019 ], [ 0.70087, 44.75805 ], [ 0.7012, 44.75704 ], [ 0.70127, 44.756 ], [ 0.70054, 44.7553 ], [ 0.69944, 44.75467 ], [ 0.69722, 44.755 ], [ 0.69698, 44.75444 ], [ 0.69528, 44.75363 ], [ 0.69476, 44.75393 ], [ 0.6943, 44.75385 ], [ 0.69414, 44.75339 ], [ 0.69454, 44.75237 ], [ 0.69423, 44.75217 ], [ 0.69341, 44.752 ], [ 0.69225, 44.75211 ], [ 0.69143, 44.75228 ], [ 0.69095, 44.75199 ], [ 0.69059, 44.75205 ], [ 0.69059, 44.75205 ], [ 0.69059, 44.75205 ], [ 0.69057, 44.75236 ], [ 0.69053, 44.75263 ], [ 0.69053, 44.75267 ], [ 0.69048, 44.75285 ], [ 0.69045, 44.75293 ], [ 0.69045, 44.75296 ], [ 0.6904, 44.7531 ], [ 0.69039, 44.75311 ], [ 0.69037, 44.75317 ], [ 0.69036, 44.75319 ], [ 0.69038, 44.75325 ], [ 0.69041, 44.75328 ], [ 0.69048, 44.75344 ], [ 0.69049, 44.75347 ], [ 0.6906, 44.75374 ], [ 0.69062, 44.75382 ], [ 0.69062, 44.75386 ], [ 0.69048, 44.75421 ], [ 0.69047, 44.75423 ], [ 0.69047, 44.75424 ], [ 0.69041, 44.75439 ], [ 0.69037, 44.75452 ], [ 0.69037, 44.75453 ], [ 0.69036, 44.7546 ], [ 0.69034, 44.75466 ], [ 0.69033, 44.75474 ], [ 0.6903, 44.75487 ], [ 0.69033, 44.75492 ], [ 0.69036, 44.75494 ], [ 0.69024, 44.75537 ], [ 0.6902, 44.75549 ], [ 0.69013, 44.75582 ], [ 0.69013, 44.75583 ], [ 0.69012, 44.75583 ], [ 0.6901, 44.75583 ], [ 0.6901, 44.75583 ], [ 0.69003, 44.75582 ], [ 0.68974, 44.7558 ], [ 0.68971, 44.7558 ], [ 0.68969, 44.7558 ], [ 0.68951, 44.75579 ], [ 0.68949, 44.75579 ], [ 0.68901, 44.75574 ], [ 0.68885, 44.75572 ], [ 0.68883, 44.75572 ], [ 0.68882, 44.75572 ], [ 0.68852, 44.75569 ], [ 0.68839, 44.75567 ], [ 0.68832, 44.75567 ], [ 0.6883, 44.75566 ], [ 0.68824, 44.75566 ], [ 0.68794, 44.75563 ], [ 0.68778, 44.75561 ], [ 0.68776, 44.75561 ], [ 0.68775, 44.75561 ], [ 0.68772, 44.7556 ], [ 0.68732, 44.75556 ], [ 0.68706, 44.75553 ], [ 0.68705, 44.75553 ], [ 0.68694, 44.75552 ], [ 0.68668, 44.75548 ], [ 0.68655, 44.75547 ], [ 0.68653, 44.75546 ], [ 0.68604, 44.7554 ], [ 0.686, 44.7554 ], [ 0.68593, 44.75539 ], [ 0.68581, 44.75537 ], [ 0.6858, 44.75537 ], [ 0.68577, 44.75537 ], [ 0.68576, 44.75537 ], [ 0.68571, 44.75537 ], [ 0.6857, 44.75537 ], [ 0.68565, 44.75537 ], [ 0.68554, 44.75536 ], [ 0.68551, 44.75536 ], [ 0.68513, 44.75537 ], [ 0.68509, 44.75538 ], [ 0.68499, 44.75538 ], [ 0.68498, 44.75538 ], [ 0.68495, 44.75538 ], [ 0.68464, 44.75538 ], [ 0.68452, 44.75538 ], [ 0.6845, 44.75538 ], [ 0.68441, 44.75537 ], [ 0.68422, 44.75534 ], [ 0.6841, 44.75533 ], [ 0.68401, 44.75532 ], [ 0.68397, 44.75532 ], [ 0.68387, 44.75532 ], [ 0.68376, 44.75532 ], [ 0.68373, 44.75532 ], [ 0.68362, 44.75532 ], [ 0.68358, 44.75532 ], [ 0.68354, 44.75533 ], [ 0.68353, 44.75534 ], [ 0.68345, 44.75536 ], [ 0.68344, 44.75537 ], [ 0.68343, 44.75537 ], [ 0.68339, 44.75538 ], [ 0.68327, 44.75543 ], [ 0.68297, 44.75552 ], [ 0.68274, 44.75559 ], [ 0.6827, 44.75561 ], [ 0.682, 44.75583 ], [ 0.68179, 44.7559 ], [ 0.68176, 44.75592 ], [ 0.68154, 44.75598 ], [ 0.6815, 44.75598 ], [ 0.68143, 44.756 ], [ 0.68137, 44.75601 ], [ 0.68104, 44.75606 ], [ 0.68101, 44.75607 ], [ 0.68067, 44.75609 ], [ 0.68059, 44.7561 ], [ 0.68054, 44.7561 ], [ 0.68045, 44.7561 ], [ 0.68043, 44.7561 ], [ 0.68037, 44.7561 ], [ 0.68031, 44.7561 ], [ 0.68015, 44.75608 ], [ 0.68006, 44.75606 ], [ 0.68001, 44.75605 ], [ 0.67966, 44.75598 ], [ 0.67958, 44.75597 ], [ 0.67949, 44.75596 ], [ 0.67946, 44.75596 ], [ 0.67941, 44.75596 ], [ 0.67939, 44.75596 ], [ 0.67923, 44.75591 ], [ 0.67922, 44.7559 ], [ 0.67912, 44.75586 ], [ 0.67911, 44.75586 ], [ 0.679, 44.75597 ], [ 0.679, 44.75599 ], [ 0.6789, 44.75608 ], [ 0.6789, 44.7561 ], [ 0.67881, 44.75621 ], [ 0.67879, 44.75622 ], [ 0.67873, 44.75631 ], [ 0.67871, 44.75633 ], [ 0.67858, 44.7565 ], [ 0.67831, 44.75687 ], [ 0.67829, 44.75689 ], [ 0.67827, 44.75693 ], [ 0.67812, 44.75712 ], [ 0.67811, 44.75713 ], [ 0.67796, 44.75733 ], [ 0.67757, 44.75787 ], [ 0.67753, 44.75792 ], [ 0.67752, 44.75793 ], [ 0.67737, 44.75813 ], [ 0.67736, 44.75814 ], [ 0.67731, 44.75817 ], [ 0.6773, 44.75818 ], [ 0.67724, 44.75821 ], [ 0.67723, 44.75821 ], [ 0.67719, 44.75825 ], [ 0.67718, 44.75826 ], [ 0.6771, 44.75831 ], [ 0.67702, 44.75836 ], [ 0.67701, 44.75837 ], [ 0.67697, 44.7584 ], [ 0.67678, 44.75856 ], [ 0.67677, 44.75856 ], [ 0.67665, 44.75866 ], [ 0.67665, 44.75866 ], [ 0.67647, 44.75881 ], [ 0.67646, 44.75882 ], [ 0.67638, 44.7589 ], [ 0.67631, 44.75896 ], [ 0.6763, 44.75896 ], [ 0.6762, 44.75905 ], [ 0.6762, 44.75906 ], [ 0.67604, 44.75923 ], [ 0.67596, 44.75933 ], [ 0.67595, 44.75934 ], [ 0.67594, 44.75935 ], [ 0.67582, 44.75955 ], [ 0.67579, 44.7596 ], [ 0.67579, 44.75961 ], [ 0.67576, 44.75965 ], [ 0.67572, 44.7597 ], [ 0.67564, 44.75984 ], [ 0.67563, 44.75985 ], [ 0.67563, 44.75985 ], [ 0.67559, 44.75999 ], [ 0.67555, 44.76013 ], [ 0.67548, 44.76037 ], [ 0.67546, 44.76037 ], [ 0.67545, 44.76041 ], [ 0.67535, 44.76078 ], [ 0.67531, 44.76095 ], [ 0.67531, 44.76099 ], [ 0.6753, 44.76102 ], [ 0.67539, 44.76121 ], [ 0.67549, 44.76146 ], [ 0.67552, 44.76152 ], [ 0.67552, 44.76153 ], [ 0.67556, 44.76166 ], [ 0.67558, 44.76167 ], [ 0.6756, 44.76173 ], [ 0.6756, 44.76174 ], [ 0.67565, 44.76187 ], [ 0.6757, 44.76203 ], [ 0.67576, 44.76224 ], [ 0.67577, 44.76225 ], [ 0.67578, 44.76228 ], [ 0.67588, 44.76257 ], [ 0.67603, 44.76304 ], [ 0.67604, 44.76306 ], [ 0.67604, 44.76307 ], [ 0.67609, 44.76321 ], [ 0.67609, 44.76322 ], [ 0.67612, 44.76335 ], [ 0.67613, 44.76344 ], [ 0.67613, 44.76345 ], [ 0.67614, 44.76347 ], [ 0.67615, 44.76354 ], [ 0.67616, 44.76355 ], [ 0.67616, 44.76356 ], [ 0.67617, 44.76361 ], [ 0.6762, 44.76366 ], [ 0.6762, 44.76367 ], [ 0.67626, 44.7638 ], [ 0.67634, 44.76398 ], [ 0.67638, 44.76407 ], [ 0.67639, 44.76407 ], [ 0.67639, 44.76408 ], [ 0.67639, 44.76409 ], [ 0.67644, 44.76431 ], [ 0.67646, 44.76432 ], [ 0.67647, 44.76438 ], [ 0.67648, 44.76439 ], [ 0.67649, 44.76442 ], [ 0.6765, 44.76446 ], [ 0.67652, 44.76446 ], [ 0.67658, 44.76456 ], [ 0.67661, 44.76461 ], [ 0.67661, 44.76462 ], [ 0.6767, 44.76473 ], [ 0.67672, 44.76477 ], [ 0.67672, 44.76478 ], [ 0.67678, 44.76489 ], [ 0.67679, 44.76492 ], [ 0.67682, 44.76499 ], [ 0.67683, 44.76509 ], [ 0.67683, 44.7651 ], [ 0.67684, 44.7651 ], [ 0.67684, 44.76519 ], [ 0.67683, 44.7652 ], [ 0.67684, 44.76532 ], [ 0.67687, 44.76571 ], [ 0.67687, 44.76573 ], [ 0.67689, 44.76592 ], [ 0.67689, 44.76593 ], [ 0.67689, 44.76595 ], [ 0.67689, 44.76598 ], [ 0.67687, 44.76603 ], [ 0.67686, 44.76606 ], [ 0.67685, 44.76606 ], [ 0.67685, 44.76607 ], [ 0.67685, 44.76612 ], [ 0.67685, 44.76613 ], [ 0.67686, 44.76613 ], [ 0.67684, 44.76617 ], [ 0.67683, 44.76617 ], [ 0.67683, 44.76618 ], [ 0.67683, 44.76621 ], [ 0.67682, 44.76621 ], [ 0.67682, 44.76622 ], [ 0.67682, 44.76626 ], [ 0.6768, 44.76632 ], [ 0.67682, 44.76644 ], [ 0.67683, 44.76656 ], [ 0.67685, 44.76667 ], [ 0.67687, 44.76685 ], [ 0.67688, 44.76699 ], [ 0.67689, 44.76703 ], [ 0.67689, 44.76703 ], [ 0.67689, 44.76704 ], [ 0.6769, 44.76719 ], [ 0.67691, 44.7673 ], [ 0.67692, 44.76752 ], [ 0.67692, 44.76753 ], [ 0.67692, 44.76775 ], [ 0.67692, 44.76784 ], [ 0.67692, 44.76797 ], [ 0.67692, 44.76801 ], [ 0.67689, 44.7681 ], [ 0.67689, 44.76811 ], [ 0.67689, 44.76814 ], [ 0.67687, 44.76815 ], [ 0.67683, 44.76822 ], [ 0.67681, 44.76827 ], [ 0.67679, 44.76832 ], [ 0.67669, 44.7685 ], [ 0.67655, 44.7687 ], [ 0.67655, 44.76871 ], [ 0.67654, 44.76874 ], [ 0.67641, 44.76891 ], [ 0.67634, 44.76901 ], [ 0.67633, 44.76903 ], [ 0.67633, 44.76904 ], [ 0.67628, 44.76912 ], [ 0.67624, 44.76921 ], [ 0.67624, 44.76922 ], [ 0.67622, 44.76928 ], [ 0.67621, 44.76932 ], [ 0.67621, 44.76935 ], [ 0.67622, 44.76937 ], [ 0.67626, 44.76957 ], [ 0.67632, 44.76975 ], [ 0.67638, 44.76995 ], [ 0.6764, 44.77001 ], [ 0.67642, 44.7701 ], [ 0.67645, 44.77015 ], [ 0.67646, 44.77019 ], [ 0.67647, 44.7702 ], [ 0.67653, 44.7703 ], [ 0.67663, 44.77048 ], [ 0.67668, 44.77057 ], [ 0.6771, 44.77047 ] ] ] ] } },
{ "type": "Feature", "properties": { "ID_MNHN": "720008176", "VALID_INPN": "INPN – nov2018", "MODIF_GEST": "2019-03-26", "IDCAUE_EPC": 21 }, "geometry": { "type": "MultiPolygon", "coordinates": [ [ [ [ 0.63008, 44.89252 ], [ 0.6309, 44.89263 ], [ 0.63444, 44.89188 ], [ 0.63869, 44.89259 ], [ 0.63863, 44.88749 ], [ 0.6422, 44.88706 ], [ 0.64262, 44.88882 ], [ 0.64408, 44.8892 ], [ 0.64662, 44.88964 ], [ 0.64771, 44.89011 ], [ 0.64862, 44.89082 ], [ 0.64972, 44.89139 ], [ 0.64757, 44.89362 ], [ 0.64753, 44.89384 ], [ 0.64766, 44.8941 ], [ 0.64811, 44.89455 ], [ 0.64828, 44.89541 ], [ 0.64924, 44.89562 ], [ 0.65042, 44.8956 ], [ 0.65116, 44.8958 ], [ 0.65417, 44.89583 ], [ 0.6578, 44.89549 ], [ 0.66078, 44.8949 ], [ 0.66224, 44.8943 ], [ 0.66626, 44.8907 ], [ 0.66529, 44.88969 ], [ 0.66567, 44.88838 ], [ 0.66557, 44.88738 ], [ 0.66826, 44.88734 ], [ 0.6694, 44.88931 ], [ 0.67039, 44.88875 ], [ 0.67078, 44.88927 ], [ 0.67063, 44.89007 ], [ 0.67121, 44.89147 ], [ 0.6726, 44.89148 ], [ 0.67296, 44.89221 ], [ 0.67228, 44.89258 ], [ 0.67279, 44.89411 ], [ 0.67324, 44.89482 ], [ 0.67532, 44.89459 ], [ 0.67573, 44.89507 ], [ 0.6766, 44.89499 ], [ 0.67754, 44.89514 ], [ 0.67866, 44.89575 ], [ 0.68, 44.89598 ], [ 0.68076, 44.89539 ], [ 0.68236, 44.8946 ], [ 0.68269, 44.89169 ], [ 0.68165, 44.89107 ], [ 0.68772, 44.88967 ], [ 0.68828, 44.88774 ], [ 0.68753, 44.88755 ], [ 0.68763, 44.88629 ], [ 0.68821, 44.88628 ], [ 0.6888, 44.88579 ], [ 0.68986, 44.88594 ], [ 0.69035, 44.88539 ], [ 0.69121, 44.88488 ], [ 0.69342, 44.88479 ], [ 0.69363, 44.88569 ], [ 0.69495, 44.8858 ], [ 0.6963, 44.88658 ], [ 0.69859, 44.88615 ], [ 0.69881, 44.88036 ], [ 0.70013, 44.8792 ], [ 0.70001, 44.87852 ], [ 0.69894, 44.87775 ], [ 0.69664, 44.87757 ], [ 0.68819, 44.88003 ], [ 0.68669, 44.87856 ], [ 0.68388, 44.87687 ], [ 0.68326, 44.87722 ], [ 0.68251, 44.87713 ], [ 0.68202, 44.87769 ], [ 0.68108, 44.87703 ], [ 0.68054, 44.87699 ], [ 0.6798, 44.87734 ], [ 0.67933, 44.87788 ], [ 0.67947, 44.87803 ], [ 0.67911, 44.87853 ], [ 0.67828, 44.87839 ], [ 0.67801, 44.87892 ], [ 0.67791, 44.87945 ], [ 0.67791, 44.8798 ], [ 0.67528, 44.88008 ], [ 0.675, 44.8781 ], [ 0.67662, 44.87799 ], [ 0.6766, 44.87741 ], [ 0.67703, 44.87695 ], [ 0.67748, 44.87669 ], [ 0.67731, 44.87529 ], [ 0.67537, 44.87511 ], [ 0.67437, 44.87466 ], [ 0.67545, 44.87398 ], [ 0.67473, 44.87307 ], [ 0.67619, 44.87255 ], [ 0.67668, 44.87217 ], [ 0.67735, 44.87088 ], [ 0.67754, 44.87024 ], [ 0.67719, 44.87 ], [ 0.67697, 44.86981 ], [ 0.67654, 44.86969 ], [ 0.67587, 44.87035 ], [ 0.67498, 44.8708 ], [ 0.67448, 44.87137 ], [ 0.67342, 44.87094 ], [ 0.67397, 44.87046 ], [ 0.67242, 44.86983 ], [ 0.67273, 44.86932 ], [ 0.67176, 44.869 ], [ 0.67078, 44.86907 ], [ 0.66738, 44.86931 ], [ 0.66803, 44.87024 ], [ 0.66786, 44.87176 ], [ 0.66469, 44.87173 ], [ 0.66358, 44.86809 ], [ 0.65817, 44.87039 ], [ 0.65603, 44.87065 ], [ 0.65488, 44.86934 ], [ 0.65253, 44.8693 ], [ 0.65267, 44.86716 ], [ 0.65613, 44.86688 ], [ 0.65729, 44.86667 ], [ 0.65551, 44.86476 ], [ 0.65291, 44.86329 ], [ 0.65084, 44.86062 ], [ 0.64958, 44.86127 ], [ 0.64849, 44.86254 ], [ 0.64703, 44.86241 ], [ 0.64647, 44.86211 ], [ 0.64463, 44.85948 ], [ 0.6426, 44.85772 ], [ 0.64059, 44.857 ], [ 0.64059, 44.857 ], [ 0.64059, 44.85705 ], [ 0.64059, 44.85707 ], [ 0.64059, 44.85708 ], [ 0.64054, 44.85736 ], [ 0.64045, 44.8579 ], [ 0.64045, 44.85795 ], [ 0.64028, 44.8589 ], [ 0.64028, 44.85894 ], [ 0.64007, 44.85984 ], [ 0.64007, 44.85985 ], [ 0.64007, 44.85987 ], [ 0.64022, 44.85989 ], [ 0.64086, 44.86006 ], [ 0.64094, 44.86007 ], [ 0.64094, 44.8601 ], [ 0.64094, 44.86016 ], [ 0.64094, 44.86019 ], [ 0.64105, 44.86021 ], [ 0.64122, 44.86024 ], [ 0.64124, 44.86024 ], [ 0.64147, 44.86036 ], [ 0.64187, 44.86051 ], [ 0.6419, 44.86052 ], [ 0.64196, 44.86053 ], [ 0.64242, 44.86059 ], [ 0.64279, 44.86066 ], [ 0.64278, 44.86073 ], [ 0.64274, 44.8609 ], [ 0.64251, 44.86166 ], [ 0.64242, 44.86196 ], [ 0.64228, 44.86216 ], [ 0.64228, 44.86217 ], [ 0.64227, 44.86252 ], [ 0.64258, 44.86259 ], [ 0.6426, 44.86259 ], [ 0.64266, 44.86281 ], [ 0.64268, 44.86284 ], [ 0.64277, 44.86303 ], [ 0.64282, 44.86322 ], [ 0.64282, 44.86324 ], [ 0.64281, 44.86342 ], [ 0.64281, 44.86343 ], [ 0.64327, 44.86376 ], [ 0.64333, 44.8638 ], [ 0.64348, 44.8639 ], [ 0.6435, 44.86391 ], [ 0.64369, 44.86402 ], [ 0.6437, 44.86402 ], [ 0.64372, 44.86403 ], [ 0.6438, 44.86404 ], [ 0.6438, 44.86405 ], [ 0.64382, 44.86405 ], [ 0.64384, 44.86406 ], [ 0.64383, 44.86406 ], [ 0.6437, 44.86426 ], [ 0.6436, 44.86436 ], [ 0.64351, 44.86448 ], [ 0.64333, 44.8647 ], [ 0.64328, 44.86477 ], [ 0.64325, 44.86479 ], [ 0.64324, 44.86481 ], [ 0.64324, 44.86483 ], [ 0.64321, 44.86484 ], [ 0.6432, 44.86487 ], [ 0.64316, 44.8649 ], [ 0.64315, 44.86491 ], [ 0.64313, 44.86491 ], [ 0.64308, 44.86492 ], [ 0.64307, 44.86492 ], [ 0.64283, 44.86496 ], [ 0.64265, 44.86498 ], [ 0.64256, 44.86499 ], [ 0.64241, 44.865 ], [ 0.64222, 44.86501 ], [ 0.64221, 44.86501 ], [ 0.64209, 44.86503 ], [ 0.64169, 44.86506 ], [ 0.64137, 44.86517 ], [ 0.64135, 44.86518 ], [ 0.64086, 44.86527 ], [ 0.64081, 44.86528 ], [ 0.64076, 44.86529 ], [ 0.64013, 44.86546 ], [ 0.64012, 44.86546 ], [ 0.63998, 44.86551 ], [ 0.63985, 44.86555 ], [ 0.63979, 44.86557 ], [ 0.6394, 44.86572 ], [ 0.63909, 44.86584 ], [ 0.63908, 44.86584 ], [ 0.63898, 44.86588 ], [ 0.63893, 44.86589 ], [ 0.63881, 44.86592 ], [ 0.63871, 44.86597 ], [ 0.63863, 44.86601 ], [ 0.63858, 44.86603 ], [ 0.63852, 44.86607 ], [ 0.63827, 44.86621 ], [ 0.63817, 44.86631 ], [ 0.63774, 44.86667 ], [ 0.63764, 44.86679 ], [ 0.63764, 44.8668 ], [ 0.63749, 44.86699 ], [ 0.63745, 44.86703 ], [ 0.63744, 44.86704 ], [ 0.63736, 44.86708 ], [ 0.63728, 44.86713 ], [ 0.63716, 44.86715 ], [ 0.63704, 44.86718 ], [ 0.63702, 44.86719 ], [ 0.63684, 44.86721 ], [ 0.63676, 44.86723 ], [ 0.63667, 44.86725 ], [ 0.63651, 44.86729 ], [ 0.63648, 44.8673 ], [ 0.63604, 44.86737 ], [ 0.63571, 44.86744 ], [ 0.63535, 44.86753 ], [ 0.63509, 44.86756 ], [ 0.63506, 44.86757 ], [ 0.63493, 44.8676 ], [ 0.63485, 44.8676 ], [ 0.63476, 44.86763 ], [ 0.63453, 44.86771 ], [ 0.63446, 44.86773 ], [ 0.6342, 44.86783 ], [ 0.63419, 44.86784 ], [ 0.63415, 44.86788 ], [ 0.63431, 44.86799 ], [ 0.63435, 44.86804 ], [ 0.63436, 44.86806 ], [ 0.63438, 44.86807 ], [ 0.63438, 44.86809 ], [ 0.63442, 44.86813 ], [ 0.63446, 44.86817 ], [ 0.63448, 44.86822 ], [ 0.63449, 44.86835 ], [ 0.63449, 44.86836 ], [ 0.63444, 44.86839 ], [ 0.63375, 44.86881 ], [ 0.63322, 44.86914 ], [ 0.63298, 44.86929 ], [ 0.63273, 44.86945 ], [ 0.63255, 44.86957 ], [ 0.63248, 44.86961 ], [ 0.63245, 44.86963 ], [ 0.63227, 44.8698 ], [ 0.63214, 44.86992 ], [ 0.63125, 44.87116 ], [ 0.63031, 44.87246 ], [ 0.6303, 44.87246 ], [ 0.6303, 44.87247 ], [ 0.63029, 44.87248 ], [ 0.63018, 44.87262 ], [ 0.63009, 44.87276 ], [ 0.63002, 44.87286 ], [ 0.62992, 44.873 ], [ 0.62987, 44.87307 ], [ 0.62967, 44.87334 ], [ 0.62957, 44.87348 ], [ 0.62939, 44.87375 ], [ 0.62923, 44.87396 ], [ 0.62902, 44.87424 ], [ 0.62893, 44.87423 ], [ 0.62863, 44.87418 ], [ 0.62839, 44.87414 ], [ 0.6283, 44.87412 ], [ 0.62808, 44.87405 ], [ 0.62805, 44.87405 ], [ 0.6278, 44.87397 ], [ 0.62755, 44.8739 ], [ 0.62705, 44.87375 ], [ 0.6268, 44.87368 ], [ 0.6263, 44.87354 ], [ 0.62605, 44.87346 ], [ 0.626, 44.87344 ], [ 0.62565, 44.87366 ], [ 0.62451, 44.8744 ], [ 0.62427, 44.87455 ], [ 0.62388, 44.8748 ], [ 0.62385, 44.87481 ], [ 0.62376, 44.87487 ], [ 0.62363, 44.87496 ], [ 0.62336, 44.87513 ], [ 0.6228, 44.87548 ], [ 0.62255, 44.87564 ], [ 0.62213, 44.87642 ], [ 0.62182, 44.8766 ], [ 0.62182, 44.87661 ], [ 0.6218, 44.87662 ], [ 0.62163, 44.87659 ], [ 0.62143, 44.87658 ], [ 0.62114, 44.87659 ], [ 0.62103, 44.87658 ], [ 0.62066, 44.8766 ], [ 0.62005, 44.8767 ], [ 0.61922, 44.87685 ], [ 0.61929, 44.87698 ], [ 0.6191, 44.87707 ], [ 0.61904, 44.87708 ], [ 0.61891, 44.87713 ], [ 0.61846, 44.87726 ], [ 0.6183, 44.87729 ], [ 0.61802, 44.87737 ], [ 0.61799, 44.87738 ], [ 0.61779, 44.87744 ], [ 0.61771, 44.87747 ], [ 0.61768, 44.87748 ], [ 0.6173, 44.87758 ], [ 0.61729, 44.87758 ], [ 0.6172, 44.87761 ], [ 0.6172, 44.87761 ], [ 0.61719, 44.87762 ], [ 0.61703, 44.87772 ], [ 0.61703, 44.87775 ], [ 0.61699, 44.87797 ], [ 0.61695, 44.87818 ], [ 0.61692, 44.87833 ], [ 0.61691, 44.87835 ], [ 0.61688, 44.87854 ], [ 0.61682, 44.87874 ], [ 0.61682, 44.87877 ], [ 0.61679, 44.87891 ], [ 0.61679, 44.87892 ], [ 0.61678, 44.87897 ], [ 0.61672, 44.87925 ], [ 0.61671, 44.87927 ], [ 0.61669, 44.87936 ], [ 0.61666, 44.87951 ], [ 0.6166, 44.87977 ], [ 0.61659, 44.87982 ], [ 0.61652, 44.87999 ], [ 0.61652, 44.88008 ], [ 0.6165, 44.88017 ], [ 0.61641, 44.88053 ], [ 0.61637, 44.88073 ], [ 0.61636, 44.88079 ], [ 0.61637, 44.88079 ], [ 0.61638, 44.8808 ], [ 0.61637, 44.8808 ], [ 0.61635, 44.88082 ], [ 0.61635, 44.88083 ], [ 0.61634, 44.88084 ], [ 0.61634, 44.88085 ], [ 0.61632, 44.88087 ], [ 0.61632, 44.88088 ], [ 0.61628, 44.88092 ], [ 0.6162, 44.88102 ], [ 0.61613, 44.8811 ], [ 0.61612, 44.88111 ], [ 0.61609, 44.88114 ], [ 0.6162, 44.88116 ], [ 0.61626, 44.88129 ], [ 0.6163, 44.88136 ], [ 0.61631, 44.8814 ], [ 0.61634, 44.88143 ], [ 0.61631, 44.88146 ], [ 0.61626, 44.88155 ], [ 0.61626, 44.88156 ], [ 0.61615, 44.88173 ], [ 0.61615, 44.88174 ], [ 0.61612, 44.88178 ], [ 0.6161, 44.88181 ], [ 0.6161, 44.88182 ], [ 0.61608, 44.88185 ], [ 0.61607, 44.88185 ], [ 0.61604, 44.88191 ], [ 0.61598, 44.88202 ], [ 0.61594, 44.88209 ], [ 0.61591, 44.88211 ], [ 0.61583, 44.88215 ], [ 0.61546, 44.88236 ], [ 0.61523, 44.88248 ], [ 0.61511, 44.88255 ], [ 0.61517, 44.88268 ], [ 0.61517, 44.88269 ], [ 0.61521, 44.88277 ], [ 0.61523, 44.88282 ], [ 0.61535, 44.88305 ], [ 0.61539, 44.88312 ], [ 0.61539, 44.88313 ], [ 0.61555, 44.88349 ], [ 0.61542, 44.88375 ], [ 0.61542, 44.88376 ], [ 0.6154, 44.88378 ], [ 0.61538, 44.88383 ], [ 0.61538, 44.88384 ], [ 0.61536, 44.88387 ], [ 0.61535, 44.88388 ], [ 0.61535, 44.88389 ], [ 0.61531, 44.88395 ], [ 0.61526, 44.88402 ], [ 0.61524, 44.88404 ], [ 0.61516, 44.88415 ], [ 0.61507, 44.88428 ], [ 0.61502, 44.88435 ], [ 0.6149, 44.88438 ], [ 0.61488, 44.88439 ], [ 0.61487, 44.8844 ], [ 0.61485, 44.8844 ], [ 0.61483, 44.88441 ], [ 0.61481, 44.88441 ], [ 0.61467, 44.88444 ], [ 0.61466, 44.88445 ], [ 0.61462, 44.88446 ], [ 0.61461, 44.88446 ], [ 0.61461, 44.88447 ], [ 0.61457, 44.88452 ], [ 0.61446, 44.88471 ], [ 0.61445, 44.88471 ], [ 0.6144, 44.8848 ], [ 0.6144, 44.88481 ], [ 0.61437, 44.88486 ], [ 0.61436, 44.88487 ], [ 0.61436, 44.88488 ], [ 0.61432, 44.88492 ], [ 0.61432, 44.88493 ], [ 0.61426, 44.885 ], [ 0.61425, 44.88501 ], [ 0.61424, 44.88503 ], [ 0.61424, 44.88504 ], [ 0.61421, 44.88506 ], [ 0.61412, 44.88519 ], [ 0.61411, 44.8852 ], [ 0.61404, 44.88528 ], [ 0.61404, 44.88528 ], [ 0.614, 44.88536 ], [ 0.61399, 44.88537 ], [ 0.61397, 44.88541 ], [ 0.61388, 44.88562 ], [ 0.61385, 44.88568 ], [ 0.61381, 44.88575 ], [ 0.6138, 44.88578 ], [ 0.61374, 44.8859 ], [ 0.61374, 44.88591 ], [ 0.61374, 44.88592 ], [ 0.61373, 44.88594 ], [ 0.61367, 44.88607 ], [ 0.61367, 44.88612 ], [ 0.61367, 44.8862 ], [ 0.61367, 44.88621 ], [ 0.61367, 44.88629 ], [ 0.61367, 44.88635 ], [ 0.61367, 44.88636 ], [ 0.61367, 44.88637 ], [ 0.61368, 44.88638 ], [ 0.61368, 44.88639 ], [ 0.61368, 44.88679 ], [ 0.61368, 44.8868 ], [ 0.61368, 44.88684 ], [ 0.61368, 44.88701 ], [ 0.61368, 44.88703 ], [ 0.61368, 44.88709 ], [ 0.61368, 44.8871 ], [ 0.61368, 44.8874 ], [ 0.61368, 44.88741 ], [ 0.61368, 44.88746 ], [ 0.61369, 44.88764 ], [ 0.61369, 44.88764 ], [ 0.61369, 44.88778 ], [ 0.61369, 44.88804 ], [ 0.61369, 44.88811 ], [ 0.61368, 44.88828 ], [ 0.61368, 44.88829 ], [ 0.61369, 44.88843 ], [ 0.61368, 44.88863 ], [ 0.61369, 44.8888 ], [ 0.61369, 44.88881 ], [ 0.61369, 44.88896 ], [ 0.61368, 44.88905 ], [ 0.61368, 44.88907 ], [ 0.61369, 44.88917 ], [ 0.61369, 44.88923 ], [ 0.61416, 44.88968 ], [ 0.61846, 44.89103 ], [ 0.61993, 44.89118 ], [ 0.62165, 44.8919 ], [ 0.62192, 44.89202 ], [ 0.61853, 44.89769 ], [ 0.61857, 44.89772 ], [ 0.61857, 44.89773 ], [ 0.61859, 44.89774 ], [ 0.61863, 44.89779 ], [ 0.61869, 44.89786 ], [ 0.6187, 44.89788 ], [ 0.6187, 44.89789 ], [ 0.6188, 44.89804 ], [ 0.6188, 44.89805 ], [ 0.61882, 44.89808 ], [ 0.61882, 44.89809 ], [ 0.61887, 44.89814 ], [ 0.6189, 44.89818 ], [ 0.61892, 44.89822 ], [ 0.61893, 44.89823 ], [ 0.61893, 44.89824 ], [ 0.61902, 44.89835 ], [ 0.61902, 44.89836 ], [ 0.61903, 44.89839 ], [ 0.61985, 44.89894 ], [ 0.62015, 44.89936 ], [ 0.62079, 44.89959 ], [ 0.62143, 44.89945 ], [ 0.62256, 44.89873 ], [ 0.62535, 44.8959 ], [ 0.62858, 44.89449 ], [ 0.63008, 44.89252 ] ] ] ] } },
{ "type": "Feature", "properties": { "ID_MNHN": "720030009", "VALID_INPN": "INPN – nov2018", "MODIF_GEST": "2019-03-26", "IDCAUE_EPC": 21 }, "geometry": { "type": "MultiPolygon", "coordinates": [ [ [ [ 0.8363, 44.63526 ], [ 0.8368, 44.63529 ], [ 0.83744, 44.63534 ], [ 0.83814, 44.6354 ], [ 0.83847, 44.63403 ], [ 0.83825, 44.6339 ], [ 0.83822, 44.63339 ], [ 0.83813, 44.63316 ], [ 0.83774, 44.63265 ], [ 0.83747, 44.6322 ], [ 0.83743, 44.63194 ], [ 0.83658, 44.63201 ], [ 0.83591, 44.63193 ], [ 0.83588, 44.6318 ], [ 0.83529, 44.63184 ], [ 0.83418, 44.63209 ], [ 0.83396, 44.63222 ], [ 0.83402, 44.63239 ], [ 0.83396, 44.6326 ], [ 0.83396, 44.63273 ], [ 0.83405, 44.633 ], [ 0.83411, 44.63319 ], [ 0.83412, 44.63333 ], [ 0.834, 44.63341 ], [ 0.8338, 44.6334 ], [ 0.83341, 44.63322 ], [ 0.83336, 44.63256 ], [ 0.83317, 44.63236 ], [ 0.83239, 44.63233 ], [ 0.83201, 44.63235 ], [ 0.83196, 44.63267 ], [ 0.83181, 44.63288 ], [ 0.83164, 44.63299 ], [ 0.83145, 44.6328 ], [ 0.83131, 44.63269 ], [ 0.83101, 44.63262 ], [ 0.83087, 44.63245 ], [ 0.83086, 44.63231 ], [ 0.83162, 44.63186 ], [ 0.83243, 44.63148 ], [ 0.83227, 44.63127 ], [ 0.83147, 44.6312 ], [ 0.83008, 44.63105 ], [ 0.83075, 44.63079 ], [ 0.83094, 44.63079 ], [ 0.83101, 44.63076 ], [ 0.83105, 44.6307 ], [ 0.83098, 44.63059 ], [ 0.83102, 44.6305 ], [ 0.83103, 44.63036 ], [ 0.83081, 44.63022 ], [ 0.8317, 44.62981 ], [ 0.83199, 44.62961 ], [ 0.83212, 44.62951 ], [ 0.8322, 44.62923 ], [ 0.8323, 44.62907 ], [ 0.83251, 44.62889 ], [ 0.83265, 44.62873 ], [ 0.83275, 44.62853 ], [ 0.83278, 44.6281 ], [ 0.83241, 44.62803 ], [ 0.83209, 44.62802 ], [ 0.83179, 44.62808 ], [ 0.83151, 44.62806 ], [ 0.83152, 44.62774 ], [ 0.83132, 44.62726 ], [ 0.83113, 44.62734 ], [ 0.83098, 44.62705 ], [ 0.83069, 44.62686 ], [ 0.83043, 44.62669 ], [ 0.83089, 44.62639 ], [ 0.83055, 44.6262 ], [ 0.83034, 44.62609 ], [ 0.8303, 44.62593 ], [ 0.83027, 44.62551 ], [ 0.83019, 44.62541 ], [ 0.82956, 44.62523 ], [ 0.82955, 44.62515 ], [ 0.82966, 44.6251 ], [ 0.8298, 44.62503 ], [ 0.82984, 44.62495 ], [ 0.82998, 44.62477 ], [ 0.83012, 44.62464 ], [ 0.83003, 44.62451 ], [ 0.82994, 44.62437 ], [ 0.82981, 44.62444 ], [ 0.82969, 44.62457 ], [ 0.82964, 44.62469 ], [ 0.82952, 44.62475 ], [ 0.82942, 44.62479 ], [ 0.82927, 44.6248 ], [ 0.82909, 44.62478 ], [ 0.82902, 44.62471 ], [ 0.82897, 44.62463 ], [ 0.82975, 44.62376 ], [ 0.82988, 44.62363 ], [ 0.82945, 44.62333 ], [ 0.8284, 44.62398 ], [ 0.8279, 44.62417 ], [ 0.82744, 44.62439 ], [ 0.82721, 44.62417 ], [ 0.82788, 44.62361 ], [ 0.82788, 44.62349 ], [ 0.82799, 44.62333 ], [ 0.82874, 44.62302 ], [ 0.82792, 44.62255 ], [ 0.82723, 44.62293 ], [ 0.82694, 44.6221 ], [ 0.82679, 44.62208 ], [ 0.8264, 44.62202 ], [ 0.826, 44.62196 ], [ 0.82577, 44.62173 ], [ 0.82575, 44.62159 ], [ 0.82561, 44.62169 ], [ 0.82542, 44.62173 ], [ 0.82505, 44.62184 ], [ 0.82479, 44.62198 ], [ 0.82454, 44.62225 ], [ 0.82433, 44.62253 ], [ 0.82489, 44.62275 ], [ 0.82561, 44.62311 ], [ 0.8255, 44.62323 ], [ 0.82456, 44.62398 ], [ 0.82384, 44.62428 ], [ 0.8235, 44.6244 ], [ 0.82295, 44.62436 ], [ 0.82208, 44.62457 ], [ 0.82186, 44.62433 ], [ 0.82179, 44.62407 ], [ 0.82116, 44.62416 ], [ 0.82086, 44.6242 ], [ 0.82033, 44.62427 ], [ 0.82016, 44.62445 ], [ 0.81983, 44.62467 ], [ 0.81938, 44.62488 ], [ 0.8192, 44.62459 ], [ 0.819, 44.62445 ], [ 0.81858, 44.62455 ], [ 0.8183, 44.62465 ], [ 0.81807, 44.62476 ], [ 0.81791, 44.62487 ], [ 0.81799, 44.62508 ], [ 0.81805, 44.62513 ], [ 0.81811, 44.6252 ], [ 0.81812, 44.62524 ], [ 0.81819, 44.62538 ], [ 0.81823, 44.62549 ], [ 0.81831, 44.6257 ], [ 0.81839, 44.62594 ], [ 0.81945, 44.6254 ], [ 0.8198, 44.62512 ], [ 0.82, 44.62526 ], [ 0.82055, 44.62509 ], [ 0.82125, 44.62602 ], [ 0.82203, 44.62563 ], [ 0.82263, 44.62549 ], [ 0.82251, 44.62524 ], [ 0.82305, 44.62514 ], [ 0.82349, 44.62535 ], [ 0.82376, 44.62541 ], [ 0.82386, 44.62535 ], [ 0.82377, 44.62511 ], [ 0.82428, 44.62531 ], [ 0.82493, 44.62538 ], [ 0.82503, 44.62547 ], [ 0.82523, 44.62557 ], [ 0.82556, 44.62557 ], [ 0.82579, 44.62548 ], [ 0.82598, 44.62575 ], [ 0.82576, 44.62586 ], [ 0.82552, 44.62594 ], [ 0.82494, 44.62594 ], [ 0.82468, 44.62599 ], [ 0.82452, 44.62623 ], [ 0.82484, 44.62645 ], [ 0.82512, 44.62641 ], [ 0.82555, 44.62649 ], [ 0.82591, 44.62684 ], [ 0.82544, 44.62727 ], [ 0.82472, 44.62687 ], [ 0.82443, 44.62705 ], [ 0.8242, 44.62722 ], [ 0.8241, 44.62733 ], [ 0.82387, 44.62851 ], [ 0.82426, 44.62798 ], [ 0.8244, 44.62781 ], [ 0.82457, 44.62778 ], [ 0.8247, 44.62782 ], [ 0.8249, 44.62792 ], [ 0.82505, 44.62807 ], [ 0.8251, 44.6282 ], [ 0.82511, 44.62834 ], [ 0.826, 44.62838 ], [ 0.82637, 44.6287 ], [ 0.82647, 44.62868 ], [ 0.82656, 44.62858 ], [ 0.82664, 44.62803 ], [ 0.82655, 44.62795 ], [ 0.82695, 44.62763 ], [ 0.82829, 44.62837 ], [ 0.82819, 44.6288 ], [ 0.82777, 44.62909 ], [ 0.828, 44.62924 ], [ 0.82858, 44.62918 ], [ 0.82919, 44.62903 ], [ 0.82958, 44.62927 ], [ 0.83089, 44.62899 ], [ 0.83109, 44.62925 ], [ 0.83141, 44.6296 ], [ 0.83106, 44.62975 ], [ 0.83102, 44.62982 ], [ 0.83107, 44.62988 ], [ 0.83107, 44.62997 ], [ 0.83088, 44.63008 ], [ 0.83047, 44.63019 ], [ 0.83048, 44.63029 ], [ 0.82982, 44.63043 ], [ 0.82915, 44.63055 ], [ 0.82818, 44.63077 ], [ 0.82793, 44.63093 ], [ 0.82909, 44.63145 ], [ 0.82918, 44.63131 ], [ 0.82932, 44.63122 ], [ 0.82982, 44.63139 ], [ 0.82931, 44.63218 ], [ 0.82967, 44.63244 ], [ 0.82868, 44.63326 ], [ 0.82917, 44.63365 ], [ 0.82926, 44.6337 ], [ 0.82953, 44.63382 ], [ 0.82961, 44.63385 ], [ 0.83047, 44.63414 ], [ 0.83131, 44.63452 ], [ 0.83205, 44.63496 ], [ 0.83253, 44.63515 ], [ 0.83321, 44.63533 ], [ 0.83394, 44.63541 ], [ 0.8347, 44.63545 ], [ 0.83568, 44.63532 ], [ 0.8363, 44.63526 ] ] ], [ [ [ 0.83282, 44.62196 ], [ 0.83318, 44.62215 ], [ 0.83342, 44.62202 ], [ 0.83367, 44.62216 ], [ 0.83417, 44.62195 ], [ 0.83441, 44.62207 ], [ 0.83491, 44.62206 ], [ 0.83513, 44.62193 ], [ 0.8351, 44.62172 ], [ 0.83553, 44.62144 ], [ 0.83574, 44.62151 ], [ 0.83616, 44.62139 ], [ 0.83641, 44.62121 ], [ 0.83626, 44.62103 ], [ 0.83618, 44.62079 ], [ 0.83615, 44.62058 ], [ 0.83637, 44.62027 ], [ 0.83614, 44.61978 ], [ 0.83653, 44.61941 ], [ 0.83631, 44.61927 ], [ 0.8359, 44.6191 ], [ 0.83535, 44.61891 ], [ 0.83512, 44.61863 ], [ 0.83532, 44.61821 ], [ 0.83515, 44.6174 ], [ 0.83502, 44.61734 ], [ 0.83476, 44.61726 ], [ 0.83456, 44.61729 ], [ 0.83376, 44.61743 ], [ 0.83366, 44.61734 ], [ 0.83354, 44.61718 ], [ 0.83353, 44.61709 ], [ 0.83355, 44.61692 ], [ 0.83376, 44.61647 ], [ 0.83352, 44.61645 ], [ 0.83339, 44.61635 ], [ 0.83302, 44.61612 ], [ 0.83267, 44.616 ], [ 0.83236, 44.61602 ], [ 0.83214, 44.61608 ], [ 0.8318, 44.61578 ], [ 0.83125, 44.61585 ], [ 0.83117, 44.61575 ], [ 0.83112, 44.61555 ], [ 0.83107, 44.61527 ], [ 0.83117, 44.61511 ], [ 0.83117, 44.61497 ], [ 0.83074, 44.61473 ], [ 0.83022, 44.61468 ], [ 0.83002, 44.6146 ], [ 0.82988, 44.61444 ], [ 0.82983, 44.6142 ], [ 0.82976, 44.61386 ], [ 0.82961, 44.61366 ], [ 0.82935, 44.61355 ], [ 0.82913, 44.61368 ], [ 0.82893, 44.61391 ], [ 0.82888, 44.61411 ], [ 0.82907, 44.61432 ], [ 0.82932, 44.61454 ], [ 0.82928, 44.61472 ], [ 0.82894, 44.61485 ], [ 0.82872, 44.61495 ], [ 0.82861, 44.61518 ], [ 0.82858, 44.61543 ], [ 0.82821, 44.61556 ], [ 0.8278, 44.61557 ], [ 0.82727, 44.61548 ], [ 0.82715, 44.61557 ], [ 0.8281, 44.61612 ], [ 0.82833, 44.6163 ], [ 0.8284, 44.6164 ], [ 0.82842, 44.61649 ], [ 0.82843, 44.61657 ], [ 0.82856, 44.61666 ], [ 0.82877, 44.61672 ], [ 0.82913, 44.61685 ], [ 0.82929, 44.61693 ], [ 0.82937, 44.617 ], [ 0.82969, 44.61683 ], [ 0.83008, 44.61713 ], [ 0.83025, 44.61739 ], [ 0.83006, 44.61752 ], [ 0.82975, 44.61752 ], [ 0.82948, 44.61743 ], [ 0.82937, 44.61729 ], [ 0.82907, 44.61724 ], [ 0.82878, 44.6172 ], [ 0.82844, 44.61718 ], [ 0.82818, 44.61719 ], [ 0.82804, 44.61719 ], [ 0.82782, 44.61724 ], [ 0.82768, 44.61733 ], [ 0.82751, 44.61748 ], [ 0.82741, 44.61758 ], [ 0.82768, 44.61774 ], [ 0.82786, 44.61791 ], [ 0.82808, 44.61813 ], [ 0.82819, 44.61821 ], [ 0.82835, 44.61828 ], [ 0.82844, 44.61833 ], [ 0.82856, 44.61851 ], [ 0.82869, 44.61879 ], [ 0.82867, 44.61893 ], [ 0.82886, 44.61886 ], [ 0.82894, 44.61918 ], [ 0.82914, 44.61935 ], [ 0.82944, 44.61975 ], [ 0.82964, 44.61947 ], [ 0.82977, 44.61926 ], [ 0.82974, 44.61893 ], [ 0.82965, 44.61857 ], [ 0.82993, 44.61838 ], [ 0.83017, 44.61839 ], [ 0.8303, 44.61842 ], [ 0.83044, 44.61844 ], [ 0.83057, 44.61843 ], [ 0.83077, 44.61832 ], [ 0.83082, 44.61831 ], [ 0.83099, 44.61844 ], [ 0.83104, 44.61859 ], [ 0.83094, 44.61869 ], [ 0.8308, 44.61881 ], [ 0.83083, 44.61887 ], [ 0.831, 44.61896 ], [ 0.83108, 44.61896 ], [ 0.83145, 44.61867 ], [ 0.83165, 44.61867 ], [ 0.83177, 44.61882 ], [ 0.83067, 44.61952 ], [ 0.8305, 44.61943 ], [ 0.83026, 44.61973 ], [ 0.83013, 44.61995 ], [ 0.8301, 44.62011 ], [ 0.83016, 44.62028 ], [ 0.83034, 44.62052 ], [ 0.8306, 44.62074 ], [ 0.83067, 44.62063 ], [ 0.83074, 44.62013 ], [ 0.83104, 44.61991 ], [ 0.8315, 44.62021 ], [ 0.83179, 44.62047 ], [ 0.83206, 44.62079 ], [ 0.83185, 44.62092 ], [ 0.83183, 44.62103 ], [ 0.83201, 44.62118 ], [ 0.83241, 44.62149 ], [ 0.83201, 44.62186 ], [ 0.8322, 44.62197 ], [ 0.83263, 44.62218 ], [ 0.83282, 44.62196 ] ] ] ] } },
{ "type": "Feature", "properties": { "ID_MNHN": "720000938", "VALID_INPN": "INPN – nov2018", "MODIF_GEST": "2019-03-26", "IDCAUE_EPC": 21 }, "geometry": { "type": "MultiPolygon", "coordinates": [ [ [ [ 0.75959, 44.88613 ], [ 0.75905, 44.88614 ], [ 0.75898, 44.88528 ], [ 0.75963, 44.88515 ], [ 0.7597, 44.88403 ], [ 0.76171, 44.88414 ], [ 0.76229, 44.88421 ], [ 0.76572, 44.88263 ], [ 0.76634, 44.88082 ], [ 0.7668, 44.87997 ], [ 0.76736, 44.8798 ], [ 0.76762, 44.87981 ], [ 0.76787, 44.87993 ], [ 0.76932, 44.87782 ], [ 0.76813, 44.87626 ], [ 0.76801, 44.87606 ], [ 0.76793, 44.87562 ], [ 0.76799, 44.87544 ], [ 0.76813, 44.87515 ], [ 0.76819, 44.87499 ], [ 0.76827, 44.87462 ], [ 0.76948, 44.87444 ], [ 0.76953, 44.87399 ], [ 0.7711, 44.87406 ], [ 0.77132, 44.87326 ], [ 0.77182, 44.87193 ], [ 0.77, 44.87181 ], [ 0.77022, 44.87126 ], [ 0.7707, 44.87042 ], [ 0.77109, 44.86994 ], [ 0.77124, 44.86962 ], [ 0.77196, 44.86789 ], [ 0.77207, 44.86757 ], [ 0.77231, 44.86642 ], [ 0.7723, 44.86628 ], [ 0.77226, 44.86616 ], [ 0.7721, 44.86596 ], [ 0.77171, 44.86572 ], [ 0.77164, 44.86564 ], [ 0.77149, 44.86549 ], [ 0.77146, 44.86532 ], [ 0.77146, 44.86518 ], [ 0.77283, 44.86067 ], [ 0.77264, 44.86053 ], [ 0.77238, 44.8605 ], [ 0.77171, 44.86067 ], [ 0.77035, 44.86146 ], [ 0.76976, 44.86169 ], [ 0.76919, 44.86185 ], [ 0.76848, 44.86185 ], [ 0.76759, 44.86172 ], [ 0.76668, 44.86155 ], [ 0.76549, 44.86146 ], [ 0.76447, 44.86155 ], [ 0.76407, 44.86175 ], [ 0.76343, 44.86233 ], [ 0.76325, 44.8625 ], [ 0.76302, 44.86275 ], [ 0.76283, 44.86301 ], [ 0.76267, 44.86335 ], [ 0.76259, 44.86359 ], [ 0.76235, 44.86447 ], [ 0.7623, 44.86497 ], [ 0.76236, 44.86575 ], [ 0.76054, 44.86532 ], [ 0.76064, 44.86713 ], [ 0.76043, 44.86704 ], [ 0.76017, 44.86698 ], [ 0.76, 44.86685 ], [ 0.75959, 44.86676 ], [ 0.75941, 44.86666 ], [ 0.75803, 44.86646 ], [ 0.75797, 44.86682 ], [ 0.75791, 44.86703 ], [ 0.75785, 44.8671 ], [ 0.75776, 44.86715 ], [ 0.75781, 44.86805 ], [ 0.75772, 44.86837 ], [ 0.75769, 44.8685 ], [ 0.7575, 44.8685 ], [ 0.75658, 44.86865 ], [ 0.75651, 44.86934 ], [ 0.75651, 44.87 ], [ 0.75667, 44.87031 ], [ 0.7566, 44.8706 ], [ 0.75566, 44.87047 ], [ 0.75547, 44.8724 ], [ 0.75523, 44.8724 ], [ 0.75515, 44.87241 ], [ 0.75511, 44.87248 ], [ 0.75515, 44.87255 ], [ 0.75566, 44.8729 ], [ 0.75601, 44.87306 ], [ 0.75568, 44.87356 ], [ 0.75493, 44.8733 ], [ 0.75415, 44.87425 ], [ 0.75374, 44.87413 ], [ 0.75331, 44.87408 ], [ 0.75273, 44.87473 ], [ 0.75191, 44.87468 ], [ 0.75175, 44.87516 ], [ 0.75165, 44.87533 ], [ 0.75151, 44.87547 ], [ 0.7511, 44.87584 ], [ 0.74939, 44.87741 ], [ 0.74886, 44.87801 ], [ 0.74751, 44.88056 ], [ 0.74726, 44.88092 ], [ 0.74678, 44.88125 ], [ 0.7465, 44.88139 ], [ 0.74614, 44.88148 ], [ 0.74554, 44.88158 ], [ 0.74425, 44.88178 ], [ 0.74191, 44.88268 ], [ 0.74043, 44.8835 ], [ 0.74019, 44.88368 ], [ 0.74001, 44.88392 ], [ 0.74013, 44.886 ], [ 0.74091, 44.88636 ], [ 0.7409, 44.88678 ], [ 0.74025, 44.88672 ], [ 0.7404, 44.88716 ], [ 0.74064, 44.8875 ], [ 0.74121, 44.88785 ], [ 0.74236, 44.88836 ], [ 0.74463, 44.88917 ], [ 0.74513, 44.88926 ], [ 0.7462, 44.88928 ], [ 0.74661, 44.8893 ], [ 0.74757, 44.89001 ], [ 0.74788, 44.8902 ], [ 0.74835, 44.89045 ], [ 0.75023, 44.89106 ], [ 0.75194, 44.89209 ], [ 0.75619, 44.89118 ], [ 0.75676, 44.89082 ], [ 0.75784, 44.89072 ], [ 0.75917, 44.89004 ], [ 0.7598, 44.88928 ], [ 0.76035, 44.88871 ], [ 0.76005, 44.88819 ], [ 0.75992, 44.88772 ], [ 0.75959, 44.88613 ] ] ] ] } },
{ "type": "Feature", "properties": { "ID_MNHN": "720000930", "VALID_INPN": "INPN – nov2018", "MODIF_GEST": "2019-03-26", "IDCAUE_EPC": 21 }, "geometry": { "type": "MultiPolygon", "coordinates": [ [ [ [ 0.88189, 44.84354 ], [ 0.88317, 44.84301 ], [ 0.88431, 44.84102 ], [ 0.88557, 44.84021 ], [ 0.88761, 44.83706 ], [ 0.88736, 44.83498 ], [ 0.88306, 44.82911 ], [ 0.8827, 44.82758 ], [ 0.88283, 44.82595 ], [ 0.88397, 44.82488 ], [ 0.8874, 44.82379 ], [ 0.89285, 44.82461 ], [ 0.90032, 44.82516 ], [ 0.90552, 44.82688 ], [ 0.9073, 44.82697 ], [ 0.90894, 44.82742 ], [ 0.91111, 44.82724 ], [ 0.91211, 44.8267 ], [ 0.9125, 44.82382 ], [ 0.91023, 44.81858 ], [ 0.90758, 44.81461 ], [ 0.90809, 44.81335 ], [ 0.90986, 44.81317 ], [ 0.91505, 44.81588 ], [ 0.91682, 44.81633 ], [ 0.92127, 44.81607 ], [ 0.92508, 44.81462 ], [ 0.92698, 44.81245 ], [ 0.92749, 44.81138 ], [ 0.92851, 44.81048 ], [ 0.92978, 44.81021 ], [ 0.93167, 44.81039 ], [ 0.93384, 44.81166 ], [ 0.9351, 44.81184 ], [ 0.93738, 44.81139 ], [ 0.93992, 44.81013 ], [ 0.94056, 44.80931 ], [ 0.94169, 44.80886 ], [ 0.94474, 44.80895 ], [ 0.94779, 44.81014 ], [ 0.95044, 44.81021 ], [ 0.954, 44.80904 ], [ 0.9564, 44.80725 ], [ 0.95774, 44.80687 ], [ 0.95777, 44.80683 ], [ 0.95778, 44.80682 ], [ 0.95779, 44.80682 ], [ 0.95801, 44.80659 ], [ 0.95803, 44.80659 ], [ 0.95803, 44.80658 ], [ 0.95822, 44.80642 ], [ 0.95822, 44.80641 ], [ 0.9584, 44.80625 ], [ 0.95852, 44.80615 ], [ 0.95868, 44.806 ], [ 0.95872, 44.80596 ], [ 0.95887, 44.80584 ], [ 0.95887, 44.80583 ], [ 0.95889, 44.8058 ], [ 0.9589, 44.8058 ], [ 0.9589, 44.8058 ], [ 0.95898, 44.80574 ], [ 0.95899, 44.80573 ], [ 0.95907, 44.80569 ], [ 0.95908, 44.80568 ], [ 0.95915, 44.80565 ], [ 0.95915, 44.80565 ], [ 0.95916, 44.80565 ], [ 0.95936, 44.80558 ], [ 0.95938, 44.80557 ], [ 0.95984, 44.80541 ], [ 0.96097, 44.80445 ], [ 0.96518, 44.8027 ], [ 0.9653, 44.80247 ], [ 0.96542, 44.8024 ], [ 0.96542, 44.80239 ], [ 0.96555, 44.80235 ], [ 0.96616, 44.80222 ], [ 0.96653, 44.80213 ], [ 0.96744, 44.80175 ], [ 0.96979, 44.80039 ], [ 0.96987, 44.80027 ], [ 0.96988, 44.80025 ], [ 0.96989, 44.80025 ], [ 0.96989, 44.80024 ], [ 0.96993, 44.80018 ], [ 0.96999, 44.80011 ], [ 0.97006, 44.80003 ], [ 0.97019, 44.79993 ], [ 0.97028, 44.79984 ], [ 0.97032, 44.79981 ], [ 0.97032, 44.7998 ], [ 0.97044, 44.79971 ], [ 0.97066, 44.79928 ], [ 0.97085, 44.79892 ], [ 0.97088, 44.79887 ], [ 0.97093, 44.79876 ], [ 0.9711, 44.79841 ], [ 0.97125, 44.79812 ], [ 0.97127, 44.79809 ], [ 0.97127, 44.79808 ], [ 0.97141, 44.79786 ], [ 0.97145, 44.79777 ], [ 0.97145, 44.79776 ], [ 0.9715, 44.79759 ], [ 0.97153, 44.79752 ], [ 0.97157, 44.79746 ], [ 0.97163, 44.79734 ], [ 0.97167, 44.79728 ], [ 0.9717, 44.79724 ], [ 0.9717, 44.79723 ], [ 0.97172, 44.7972 ], [ 0.97172, 44.79719 ], [ 0.97173, 44.79718 ], [ 0.97196, 44.79705 ], [ 0.97202, 44.79702 ], [ 0.97203, 44.79701 ], [ 0.97211, 44.79695 ], [ 0.97214, 44.79695 ], [ 0.97215, 44.79695 ], [ 0.97221, 44.79691 ], [ 0.97226, 44.79688 ], [ 0.97229, 44.79686 ], [ 0.97242, 44.79676 ], [ 0.97244, 44.79675 ], [ 0.97256, 44.79669 ], [ 0.97261, 44.79667 ], [ 0.97285, 44.79658 ], [ 0.97316, 44.7965 ], [ 0.9729, 44.79651 ], [ 0.97278, 44.79651 ], [ 0.97273, 44.79651 ], [ 0.97268, 44.79652 ], [ 0.97263, 44.79652 ], [ 0.97247, 44.7965 ], [ 0.97232, 44.79648 ], [ 0.97224, 44.79647 ], [ 0.97217, 44.79647 ], [ 0.97197, 44.79645 ], [ 0.97192, 44.79644 ], [ 0.97191, 44.79644 ], [ 0.97172, 44.79643 ], [ 0.97166, 44.79642 ], [ 0.97162, 44.79642 ], [ 0.97155, 44.79642 ], [ 0.9714, 44.79642 ], [ 0.97135, 44.79642 ], [ 0.97128, 44.79642 ], [ 0.9711, 44.79643 ], [ 0.97107, 44.79643 ], [ 0.97102, 44.79643 ], [ 0.97095, 44.79644 ], [ 0.97087, 44.79645 ], [ 0.9708, 44.79646 ], [ 0.97076, 44.79647 ], [ 0.97073, 44.79647 ], [ 0.97064, 44.79649 ], [ 0.97036, 44.79654 ], [ 0.9701, 44.79657 ], [ 0.96991, 44.79642 ], [ 0.96976, 44.79629 ], [ 0.96966, 44.79621 ], [ 0.96964, 44.7962 ], [ 0.96963, 44.7962 ], [ 0.96937, 44.796 ], [ 0.96922, 44.79588 ], [ 0.96919, 44.79586 ], [ 0.96901, 44.79576 ], [ 0.96879, 44.79562 ], [ 0.96868, 44.79554 ], [ 0.96868, 44.79554 ], [ 0.96861, 44.79548 ], [ 0.96839, 44.79529 ], [ 0.96831, 44.79523 ], [ 0.96819, 44.79512 ], [ 0.96816, 44.7951 ], [ 0.96805, 44.79501 ], [ 0.96798, 44.79495 ], [ 0.96796, 44.79493 ], [ 0.9678, 44.79481 ], [ 0.96772, 44.79475 ], [ 0.96769, 44.79473 ], [ 0.96763, 44.79469 ], [ 0.96759, 44.79467 ], [ 0.96754, 44.79465 ], [ 0.96729, 44.79453 ], [ 0.96717, 44.79446 ], [ 0.96712, 44.79435 ], [ 0.96711, 44.79434 ], [ 0.9669, 44.7942 ], [ 0.96676, 44.79411 ], [ 0.96675, 44.7941 ], [ 0.96673, 44.7941 ], [ 0.96655, 44.79408 ], [ 0.96647, 44.79407 ], [ 0.96644, 44.79407 ], [ 0.96637, 44.79406 ], [ 0.96605, 44.79403 ], [ 0.96599, 44.79401 ], [ 0.9657, 44.79388 ], [ 0.96567, 44.79387 ], [ 0.96565, 44.79386 ], [ 0.96544, 44.79377 ], [ 0.96543, 44.79376 ], [ 0.96542, 44.79375 ], [ 0.96535, 44.79372 ], [ 0.96517, 44.79359 ], [ 0.96511, 44.79355 ], [ 0.96509, 44.79355 ], [ 0.96509, 44.79354 ], [ 0.96486, 44.79346 ], [ 0.96469, 44.7934 ], [ 0.96467, 44.79338 ], [ 0.96458, 44.79331 ], [ 0.96451, 44.79324 ], [ 0.96449, 44.79323 ], [ 0.96449, 44.79323 ], [ 0.96428, 44.79309 ], [ 0.96427, 44.79309 ], [ 0.96411, 44.79298 ], [ 0.96401, 44.79291 ], [ 0.96401, 44.7929 ], [ 0.96384, 44.79279 ], [ 0.96381, 44.79279 ], [ 0.96375, 44.79276 ], [ 0.96369, 44.79274 ], [ 0.96367, 44.79273 ], [ 0.96359, 44.7927 ], [ 0.96357, 44.7927 ], [ 0.96341, 44.79264 ], [ 0.9634, 44.79264 ], [ 0.9631, 44.79244 ], [ 0.96305, 44.79242 ], [ 0.96305, 44.79241 ], [ 0.96291, 44.79232 ], [ 0.96286, 44.7923 ], [ 0.96281, 44.79229 ], [ 0.9628, 44.79229 ], [ 0.96264, 44.79223 ], [ 0.96259, 44.79221 ], [ 0.96254, 44.79219 ], [ 0.96246, 44.79217 ], [ 0.96245, 44.79216 ], [ 0.96244, 44.79215 ], [ 0.96231, 44.79207 ], [ 0.96218, 44.79197 ], [ 0.96209, 44.79191 ], [ 0.96204, 44.79188 ], [ 0.96203, 44.79187 ], [ 0.96199, 44.79184 ], [ 0.96183, 44.79167 ], [ 0.9618, 44.79165 ], [ 0.96175, 44.79161 ], [ 0.96174, 44.79161 ], [ 0.96167, 44.79155 ], [ 0.96166, 44.79154 ], [ 0.96164, 44.79154 ], [ 0.96159, 44.79152 ], [ 0.96157, 44.79151 ], [ 0.96156, 44.7915 ], [ 0.96154, 44.7915 ], [ 0.96142, 44.79147 ], [ 0.96135, 44.79146 ], [ 0.96099, 44.79138 ], [ 0.96074, 44.79133 ], [ 0.96073, 44.79132 ], [ 0.9607, 44.79132 ], [ 0.96061, 44.79129 ], [ 0.96045, 44.79125 ], [ 0.96044, 44.79125 ], [ 0.96042, 44.79125 ], [ 0.9604, 44.79124 ], [ 0.96022, 44.79119 ], [ 0.95976, 44.79108 ], [ 0.95973, 44.79107 ], [ 0.95967, 44.79105 ], [ 0.95928, 44.79088 ], [ 0.95902, 44.79076 ], [ 0.95901, 44.79076 ], [ 0.95896, 44.79073 ], [ 0.9587, 44.79058 ], [ 0.95866, 44.79056 ], [ 0.95864, 44.79055 ], [ 0.95859, 44.79052 ], [ 0.95837, 44.79041 ], [ 0.95835, 44.7904 ], [ 0.95824, 44.79033 ], [ 0.95822, 44.79033 ], [ 0.95817, 44.7903 ], [ 0.95814, 44.79029 ], [ 0.9579, 44.79024 ], [ 0.95784, 44.79022 ], [ 0.95751, 44.79011 ], [ 0.95728, 44.79004 ], [ 0.95726, 44.79003 ], [ 0.95697, 44.78995 ], [ 0.95676, 44.78988 ], [ 0.95674, 44.78988 ], [ 0.95667, 44.78985 ], [ 0.95666, 44.78985 ], [ 0.95628, 44.78971 ], [ 0.95599, 44.78962 ], [ 0.95599, 44.78961 ], [ 0.95586, 44.78957 ], [ 0.9558, 44.78956 ], [ 0.95568, 44.78951 ], [ 0.95565, 44.7895 ], [ 0.95528, 44.78937 ], [ 0.95527, 44.78937 ], [ 0.95527, 44.78936 ], [ 0.95514, 44.7893 ], [ 0.9551, 44.78929 ], [ 0.95503, 44.78923 ], [ 0.95502, 44.78922 ], [ 0.95489, 44.78914 ], [ 0.95486, 44.78911 ], [ 0.95484, 44.78911 ], [ 0.95482, 44.78908 ], [ 0.95468, 44.789 ], [ 0.95452, 44.7889 ], [ 0.95422, 44.78872 ], [ 0.95407, 44.78862 ], [ 0.95405, 44.78861 ], [ 0.95382, 44.78847 ], [ 0.95376, 44.78842 ], [ 0.95375, 44.78842 ], [ 0.95357, 44.78829 ], [ 0.95356, 44.78829 ], [ 0.95336, 44.78816 ], [ 0.95318, 44.78803 ], [ 0.95316, 44.78803 ], [ 0.95272, 44.78774 ], [ 0.95251, 44.78761 ], [ 0.95239, 44.78753 ], [ 0.95238, 44.78752 ], [ 0.95202, 44.78729 ], [ 0.95201, 44.78729 ], [ 0.95198, 44.78728 ], [ 0.95181, 44.78717 ], [ 0.9518, 44.78717 ], [ 0.95167, 44.7871 ], [ 0.95141, 44.78698 ], [ 0.95131, 44.78693 ], [ 0.95126, 44.7869 ], [ 0.9509, 44.78669 ], [ 0.95075, 44.78659 ], [ 0.95064, 44.78652 ], [ 0.95039, 44.78636 ], [ 0.95023, 44.78626 ], [ 0.95019, 44.78623 ], [ 0.95018, 44.78622 ], [ 0.94985, 44.78602 ], [ 0.94953, 44.78582 ], [ 0.94946, 44.78577 ], [ 0.94937, 44.78571 ], [ 0.94936, 44.7857 ], [ 0.94905, 44.7855 ], [ 0.94882, 44.78536 ], [ 0.94881, 44.78536 ], [ 0.94881, 44.78535 ], [ 0.94877, 44.78532 ], [ 0.94848, 44.78507 ], [ 0.94844, 44.78505 ], [ 0.94843, 44.78504 ], [ 0.94827, 44.7849 ], [ 0.94813, 44.78477 ], [ 0.9481, 44.78476 ], [ 0.94804, 44.7847 ], [ 0.94799, 44.78465 ], [ 0.94783, 44.78451 ], [ 0.94782, 44.7845 ], [ 0.94781, 44.78449 ], [ 0.94778, 44.78448 ], [ 0.94778, 44.78447 ], [ 0.9477, 44.78445 ], [ 0.94766, 44.78445 ], [ 0.94752, 44.7844 ], [ 0.94752, 44.78439 ], [ 0.94765, 44.78427 ], [ 0.94768, 44.78425 ], [ 0.94771, 44.78421 ], [ 0.94775, 44.78418 ], [ 0.94786, 44.78407 ], [ 0.94786, 44.78406 ], [ 0.94796, 44.78395 ], [ 0.94796, 44.78394 ], [ 0.94814, 44.78375 ], [ 0.94814, 44.78374 ], [ 0.9483, 44.78357 ], [ 0.9483, 44.78356 ], [ 0.94848, 44.78336 ], [ 0.94855, 44.78328 ], [ 0.94856, 44.78328 ], [ 0.94857, 44.78326 ], [ 0.94859, 44.78292 ], [ 0.94859, 44.78291 ], [ 0.94858, 44.78272 ], [ 0.94858, 44.78271 ], [ 0.94856, 44.78267 ], [ 0.94854, 44.78264 ], [ 0.94849, 44.78252 ], [ 0.94845, 44.78247 ], [ 0.9484, 44.78243 ], [ 0.9484, 44.78242 ], [ 0.94838, 44.7824 ], [ 0.94837, 44.78238 ], [ 0.94794, 44.78207 ], [ 0.94788, 44.78203 ], [ 0.9475, 44.78173 ], [ 0.94731, 44.78159 ], [ 0.9472, 44.78149 ], [ 0.94711, 44.7814 ], [ 0.94681, 44.78111 ], [ 0.94668, 44.78101 ], [ 0.94618, 44.78053 ], [ 0.9457, 44.7802 ], [ 0.94552, 44.78003 ], [ 0.94551, 44.78002 ], [ 0.94543, 44.77996 ], [ 0.94543, 44.77995 ], [ 0.94528, 44.77982 ], [ 0.94512, 44.7797 ], [ 0.9451, 44.77967 ], [ 0.94506, 44.77962 ], [ 0.94502, 44.77959 ], [ 0.945, 44.77954 ], [ 0.94498, 44.77952 ], [ 0.94496, 44.77951 ], [ 0.94483, 44.77921 ], [ 0.94471, 44.77901 ], [ 0.94465, 44.77893 ], [ 0.94444, 44.7786 ], [ 0.94442, 44.77856 ], [ 0.94431, 44.77839 ], [ 0.9443, 44.77838 ], [ 0.94427, 44.77837 ], [ 0.94395, 44.77809 ], [ 0.94373, 44.77792 ], [ 0.94364, 44.77785 ], [ 0.94292, 44.7773 ], [ 0.94287, 44.77727 ], [ 0.9423, 44.77681 ], [ 0.94228, 44.77679 ], [ 0.94228, 44.77678 ], [ 0.94213, 44.77665 ], [ 0.94212, 44.77664 ], [ 0.94171, 44.77628 ], [ 0.94168, 44.77627 ], [ 0.94167, 44.77626 ], [ 0.94167, 44.77624 ], [ 0.94167, 44.77623 ], [ 0.94169, 44.77614 ], [ 0.94176, 44.77566 ], [ 0.94176, 44.77562 ], [ 0.94179, 44.7755 ], [ 0.94181, 44.77542 ], [ 0.9418, 44.77537 ], [ 0.94182, 44.775 ], [ 0.94183, 44.77488 ], [ 0.94183, 44.77483 ], [ 0.94183, 44.77482 ], [ 0.94168, 44.77438 ], [ 0.94154, 44.77397 ], [ 0.94149, 44.77379 ], [ 0.94138, 44.77333 ], [ 0.94138, 44.77324 ], [ 0.9413, 44.77299 ], [ 0.94122, 44.77269 ], [ 0.94114, 44.77236 ], [ 0.94105, 44.77198 ], [ 0.94097, 44.77165 ], [ 0.94096, 44.7716 ], [ 0.94096, 44.77159 ], [ 0.94081, 44.77099 ], [ 0.94123, 44.77089 ], [ 0.9413, 44.77089 ], [ 0.94122, 44.77062 ], [ 0.94111, 44.77032 ], [ 0.94102, 44.77 ], [ 0.9409, 44.76965 ], [ 0.94083, 44.76942 ], [ 0.94083, 44.76939 ], [ 0.94082, 44.76935 ], [ 0.94078, 44.76919 ], [ 0.94078, 44.76916 ], [ 0.94076, 44.76913 ], [ 0.94078, 44.76913 ], [ 0.94078, 44.76911 ], [ 0.94083, 44.76898 ], [ 0.94082, 44.76888 ], [ 0.94082, 44.76887 ], [ 0.94082, 44.76872 ], [ 0.94083, 44.76868 ], [ 0.94083, 44.76867 ], [ 0.94083, 44.76853 ], [ 0.94086, 44.76851 ], [ 0.94087, 44.76849 ], [ 0.94088, 44.76849 ], [ 0.94087, 44.76848 ], [ 0.94086, 44.76844 ], [ 0.94086, 44.76843 ], [ 0.94083, 44.76842 ], [ 0.9408, 44.76838 ], [ 0.94077, 44.76836 ], [ 0.94073, 44.76833 ], [ 0.94072, 44.76832 ], [ 0.9407, 44.7683 ], [ 0.9407, 44.76829 ], [ 0.94067, 44.76826 ], [ 0.94066, 44.76825 ], [ 0.94057, 44.76812 ], [ 0.94051, 44.76802 ], [ 0.94047, 44.76793 ], [ 0.94043, 44.76783 ], [ 0.94043, 44.76783 ], [ 0.94041, 44.76777 ], [ 0.94039, 44.76774 ], [ 0.94038, 44.76772 ], [ 0.94038, 44.76769 ], [ 0.94038, 44.76766 ], [ 0.94041, 44.76761 ], [ 0.94041, 44.76756 ], [ 0.94044, 44.76738 ], [ 0.94044, 44.76737 ], [ 0.94046, 44.76727 ], [ 0.94046, 44.76726 ], [ 0.94045, 44.76721 ], [ 0.94043, 44.76717 ], [ 0.94042, 44.76717 ], [ 0.94041, 44.76716 ], [ 0.94036, 44.76714 ], [ 0.94035, 44.76713 ], [ 0.94033, 44.76713 ], [ 0.94031, 44.76713 ], [ 0.94017, 44.76712 ], [ 0.94012, 44.76712 ], [ 0.94009, 44.76712 ], [ 0.93999, 44.76713 ], [ 0.93998, 44.76713 ], [ 0.93993, 44.76712 ], [ 0.93986, 44.7671 ], [ 0.93984, 44.7671 ], [ 0.93983, 44.76709 ], [ 0.9398, 44.76709 ], [ 0.93979, 44.76709 ], [ 0.93975, 44.76709 ], [ 0.93974, 44.76709 ], [ 0.93968, 44.76708 ], [ 0.93963, 44.76707 ], [ 0.93962, 44.76707 ], [ 0.9396, 44.76706 ], [ 0.93957, 44.76705 ], [ 0.93955, 44.76704 ], [ 0.93948, 44.76701 ], [ 0.93947, 44.76701 ], [ 0.93947, 44.767 ], [ 0.93945, 44.767 ], [ 0.93943, 44.76699 ], [ 0.93934, 44.76698 ], [ 0.93933, 44.76698 ], [ 0.93926, 44.76697 ], [ 0.93925, 44.76697 ], [ 0.93923, 44.76696 ], [ 0.93914, 44.76695 ], [ 0.93913, 44.76694 ], [ 0.9391, 44.76694 ], [ 0.93909, 44.76694 ], [ 0.93899, 44.76692 ], [ 0.93895, 44.76691 ], [ 0.93894, 44.76691 ], [ 0.93893, 44.7669 ], [ 0.9389, 44.76689 ], [ 0.93886, 44.76688 ], [ 0.93886, 44.76687 ], [ 0.93883, 44.76685 ], [ 0.9388, 44.76684 ], [ 0.93879, 44.76683 ], [ 0.93879, 44.76682 ], [ 0.93878, 44.76682 ], [ 0.9387, 44.76677 ], [ 0.93869, 44.76676 ], [ 0.93863, 44.76672 ], [ 0.93863, 44.76671 ], [ 0.93859, 44.76669 ], [ 0.93858, 44.76668 ], [ 0.93857, 44.76667 ], [ 0.9385, 44.76661 ], [ 0.93849, 44.76661 ], [ 0.93847, 44.76659 ], [ 0.93834, 44.76649 ], [ 0.93833, 44.76649 ], [ 0.93833, 44.76648 ], [ 0.93832, 44.76648 ], [ 0.93829, 44.76646 ], [ 0.93822, 44.76643 ], [ 0.93819, 44.76642 ], [ 0.93815, 44.76641 ], [ 0.93814, 44.76641 ], [ 0.93813, 44.7664 ], [ 0.93812, 44.76639 ], [ 0.93811, 44.76638 ], [ 0.93806, 44.76634 ], [ 0.93806, 44.76633 ], [ 0.93804, 44.76632 ], [ 0.93802, 44.7663 ], [ 0.93802, 44.76629 ], [ 0.93799, 44.76627 ], [ 0.93798, 44.76627 ], [ 0.93797, 44.76626 ], [ 0.93797, 44.76625 ], [ 0.93796, 44.76625 ], [ 0.93793, 44.76623 ], [ 0.93792, 44.76622 ], [ 0.93791, 44.76622 ], [ 0.93789, 44.76622 ], [ 0.93784, 44.76622 ], [ 0.93779, 44.76622 ], [ 0.93778, 44.76622 ], [ 0.93768, 44.76622 ], [ 0.93767, 44.76622 ], [ 0.93765, 44.76622 ], [ 0.93752, 44.76622 ], [ 0.93748, 44.76622 ], [ 0.93746, 44.76623 ], [ 0.93736, 44.76624 ], [ 0.9373, 44.76624 ], [ 0.93729, 44.76624 ], [ 0.93728, 44.76624 ], [ 0.93724, 44.76624 ], [ 0.93724, 44.76623 ], [ 0.93721, 44.76623 ], [ 0.9372, 44.76622 ], [ 0.93719, 44.76622 ], [ 0.93718, 44.76621 ], [ 0.93715, 44.76621 ], [ 0.93711, 44.76619 ], [ 0.9371, 44.76618 ], [ 0.93709, 44.76617 ], [ 0.93708, 44.76617 ], [ 0.93704, 44.76615 ], [ 0.93704, 44.76615 ], [ 0.93699, 44.76613 ], [ 0.93695, 44.7661 ], [ 0.93691, 44.76608 ], [ 0.93691, 44.76607 ], [ 0.9369, 44.76607 ], [ 0.93689, 44.76606 ], [ 0.93688, 44.76606 ], [ 0.93686, 44.76606 ], [ 0.93683, 44.76604 ], [ 0.93676, 44.76604 ], [ 0.93675, 44.76603 ], [ 0.93672, 44.76603 ], [ 0.93673, 44.76602 ], [ 0.93671, 44.76602 ], [ 0.93669, 44.76602 ], [ 0.93664, 44.76601 ], [ 0.93659, 44.76599 ], [ 0.93656, 44.76597 ], [ 0.93656, 44.76596 ], [ 0.93649, 44.76588 ], [ 0.93649, 44.76587 ], [ 0.93648, 44.76586 ], [ 0.93645, 44.76583 ], [ 0.93643, 44.7658 ], [ 0.93643, 44.76578 ], [ 0.93642, 44.76577 ], [ 0.93639, 44.76575 ], [ 0.93637, 44.76571 ], [ 0.93635, 44.76571 ], [ 0.93635, 44.7657 ], [ 0.93624, 44.76561 ], [ 0.93623, 44.7656 ], [ 0.93617, 44.76553 ], [ 0.93616, 44.76552 ], [ 0.93614, 44.76552 ], [ 0.93613, 44.76551 ], [ 0.93612, 44.7655 ], [ 0.93611, 44.7655 ], [ 0.93608, 44.7655 ], [ 0.93602, 44.7655 ], [ 0.93601, 44.7655 ], [ 0.93597, 44.76551 ], [ 0.93594, 44.76551 ], [ 0.93584, 44.76551 ], [ 0.93583, 44.76551 ], [ 0.93575, 44.76551 ], [ 0.93572, 44.76551 ], [ 0.9357, 44.76551 ], [ 0.93563, 44.7655 ], [ 0.9356, 44.7655 ], [ 0.93559, 44.7655 ], [ 0.93556, 44.76549 ], [ 0.93555, 44.76549 ], [ 0.93554, 44.76548 ], [ 0.93553, 44.76548 ], [ 0.9355, 44.76547 ], [ 0.93548, 44.76546 ], [ 0.93541, 44.76543 ], [ 0.9354, 44.76542 ], [ 0.93538, 44.7654 ], [ 0.93536, 44.7654 ], [ 0.93534, 44.76538 ], [ 0.93534, 44.76537 ], [ 0.93533, 44.76537 ], [ 0.93533, 44.76535 ], [ 0.9353, 44.76531 ], [ 0.93525, 44.76525 ], [ 0.93524, 44.76524 ], [ 0.93518, 44.76517 ], [ 0.93518, 44.76515 ], [ 0.93512, 44.76508 ], [ 0.93506, 44.765 ], [ 0.93506, 44.765 ], [ 0.93505, 44.76498 ], [ 0.93499, 44.76491 ], [ 0.93497, 44.7649 ], [ 0.93496, 44.7649 ], [ 0.93491, 44.76487 ], [ 0.9349, 44.76485 ], [ 0.93489, 44.76485 ], [ 0.9348, 44.76479 ], [ 0.93477, 44.76476 ], [ 0.93473, 44.76471 ], [ 0.93471, 44.76469 ], [ 0.93468, 44.76465 ], [ 0.93468, 44.76464 ], [ 0.93464, 44.7646 ], [ 0.93463, 44.76459 ], [ 0.9346, 44.76457 ], [ 0.9346, 44.76456 ], [ 0.93459, 44.76456 ], [ 0.93458, 44.76455 ], [ 0.93455, 44.76452 ], [ 0.93454, 44.76451 ], [ 0.93448, 44.76448 ], [ 0.93443, 44.76445 ], [ 0.93434, 44.76439 ], [ 0.93429, 44.76437 ], [ 0.93425, 44.76435 ], [ 0.93422, 44.76433 ], [ 0.9342, 44.76432 ], [ 0.93419, 44.76432 ], [ 0.93412, 44.76428 ], [ 0.93408, 44.76426 ], [ 0.93407, 44.76426 ], [ 0.93402, 44.76424 ], [ 0.93397, 44.76422 ], [ 0.93395, 44.76422 ], [ 0.93371, 44.76409 ], [ 0.93333, 44.7639 ], [ 0.93332, 44.76389 ], [ 0.93329, 44.76389 ], [ 0.93313, 44.76379 ], [ 0.93312, 44.76378 ], [ 0.93302, 44.76373 ], [ 0.93301, 44.76371 ], [ 0.93298, 44.76369 ], [ 0.93297, 44.76368 ], [ 0.93295, 44.76366 ], [ 0.93292, 44.76364 ], [ 0.93291, 44.76363 ], [ 0.93282, 44.76353 ], [ 0.93273, 44.76339 ], [ 0.93274, 44.76341 ], [ 0.93262, 44.76325 ], [ 0.93247, 44.76305 ], [ 0.93244, 44.76303 ], [ 0.93244, 44.76302 ], [ 0.93236, 44.76292 ], [ 0.93233, 44.76288 ], [ 0.93226, 44.7628 ], [ 0.93225, 44.76279 ], [ 0.93224, 44.76277 ], [ 0.93222, 44.76276 ], [ 0.9322, 44.76274 ], [ 0.93217, 44.76272 ], [ 0.93215, 44.76269 ], [ 0.93208, 44.76263 ], [ 0.93205, 44.7626 ], [ 0.93201, 44.76256 ], [ 0.93199, 44.76255 ], [ 0.93194, 44.76251 ], [ 0.93194, 44.7625 ], [ 0.93191, 44.76248 ], [ 0.9319, 44.76247 ], [ 0.9318, 44.7624 ], [ 0.93178, 44.76237 ], [ 0.93173, 44.76234 ], [ 0.93167, 44.76229 ], [ 0.93164, 44.76226 ], [ 0.93159, 44.76223 ], [ 0.93157, 44.7622 ], [ 0.93153, 44.76217 ], [ 0.93151, 44.76215 ], [ 0.93148, 44.76213 ], [ 0.93147, 44.76213 ], [ 0.93144, 44.7621 ], [ 0.93137, 44.76204 ], [ 0.93136, 44.76203 ], [ 0.93127, 44.76196 ], [ 0.9312, 44.7619 ], [ 0.93116, 44.76187 ], [ 0.93112, 44.76183 ], [ 0.93109, 44.7618 ], [ 0.93105, 44.76177 ], [ 0.93102, 44.76173 ], [ 0.931, 44.76172 ], [ 0.93099, 44.76171 ], [ 0.93097, 44.7617 ], [ 0.93096, 44.76169 ], [ 0.93095, 44.76168 ], [ 0.93091, 44.76165 ], [ 0.93089, 44.76163 ], [ 0.93086, 44.76161 ], [ 0.93084, 44.76159 ], [ 0.93083, 44.76159 ], [ 0.9308, 44.76156 ], [ 0.93081, 44.76156 ], [ 0.93083, 44.76155 ], [ 0.93088, 44.76152 ], [ 0.93117, 44.76139 ], [ 0.93126, 44.76137 ], [ 0.93131, 44.76134 ], [ 0.93132, 44.76134 ], [ 0.93134, 44.76133 ], [ 0.93135, 44.76133 ], [ 0.93139, 44.76132 ], [ 0.93144, 44.76131 ], [ 0.93145, 44.7613 ], [ 0.93149, 44.76129 ], [ 0.93158, 44.76127 ], [ 0.93159, 44.76127 ], [ 0.93163, 44.76126 ], [ 0.93167, 44.76125 ], [ 0.93173, 44.76123 ], [ 0.93174, 44.76123 ], [ 0.93181, 44.76121 ], [ 0.93191, 44.7612 ], [ 0.93196, 44.76118 ], [ 0.93197, 44.76118 ], [ 0.93204, 44.76116 ], [ 0.93219, 44.76112 ], [ 0.9322, 44.76112 ], [ 0.93225, 44.76111 ], [ 0.93239, 44.76108 ], [ 0.93242, 44.76107 ], [ 0.93243, 44.76107 ], [ 0.93253, 44.76104 ], [ 0.93276, 44.76098 ], [ 0.93277, 44.76098 ], [ 0.93282, 44.76096 ], [ 0.93294, 44.76092 ], [ 0.93294, 44.76091 ], [ 0.93295, 44.76091 ], [ 0.93298, 44.7609 ], [ 0.933, 44.76089 ], [ 0.93303, 44.76087 ], [ 0.93308, 44.76083 ], [ 0.93329, 44.7607 ], [ 0.93331, 44.76067 ], [ 0.9335, 44.76052 ], [ 0.93352, 44.76051 ], [ 0.93352, 44.7605 ], [ 0.93354, 44.76043 ], [ 0.93357, 44.76039 ], [ 0.93358, 44.76038 ], [ 0.9336, 44.76037 ], [ 0.9336, 44.76035 ], [ 0.93362, 44.76034 ], [ 0.93365, 44.7603 ], [ 0.93367, 44.76028 ], [ 0.93369, 44.76026 ], [ 0.9337, 44.76026 ], [ 0.9337, 44.76025 ], [ 0.93371, 44.76025 ], [ 0.93375, 44.76021 ], [ 0.93376, 44.7602 ], [ 0.93378, 44.76019 ], [ 0.93379, 44.76019 ], [ 0.93379, 44.76018 ], [ 0.9338, 44.76018 ], [ 0.93383, 44.76018 ], [ 0.93384, 44.76018 ], [ 0.93387, 44.76019 ], [ 0.93389, 44.76019 ], [ 0.93393, 44.76019 ], [ 0.93402, 44.7602 ], [ 0.93403, 44.7602 ], [ 0.93406, 44.76021 ], [ 0.93406, 44.7602 ], [ 0.93411, 44.7602 ], [ 0.93416, 44.76019 ], [ 0.93417, 44.76018 ], [ 0.93418, 44.76018 ], [ 0.93419, 44.76017 ], [ 0.93421, 44.76017 ], [ 0.93422, 44.76016 ], [ 0.93423, 44.76015 ], [ 0.93426, 44.76011 ], [ 0.93427, 44.76012 ], [ 0.93434, 44.76005 ], [ 0.9344, 44.76 ], [ 0.93441, 44.75999 ], [ 0.93454, 44.7599 ], [ 0.93456, 44.75989 ], [ 0.93462, 44.75984 ], [ 0.93463, 44.75984 ], [ 0.93466, 44.75983 ], [ 0.93466, 44.75982 ], [ 0.93468, 44.75981 ], [ 0.9347, 44.75981 ], [ 0.93472, 44.7598 ], [ 0.93476, 44.75978 ], [ 0.93479, 44.75978 ], [ 0.93486, 44.75975 ], [ 0.93495, 44.75971 ], [ 0.93496, 44.7597 ], [ 0.93498, 44.7597 ], [ 0.935, 44.75968 ], [ 0.93508, 44.75964 ], [ 0.93511, 44.75963 ], [ 0.93516, 44.75959 ], [ 0.93519, 44.75956 ], [ 0.93525, 44.75954 ], [ 0.93526, 44.75952 ], [ 0.93534, 44.75946 ], [ 0.93539, 44.75943 ], [ 0.93544, 44.75939 ], [ 0.93557, 44.75929 ], [ 0.93563, 44.75924 ], [ 0.93577, 44.75913 ], [ 0.93581, 44.7591 ], [ 0.93586, 44.75906 ], [ 0.93539, 44.75876 ], [ 0.93534, 44.75874 ], [ 0.9353, 44.7587 ], [ 0.93526, 44.75867 ], [ 0.93523, 44.75866 ], [ 0.93521, 44.75865 ], [ 0.93511, 44.75858 ], [ 0.93498, 44.75852 ], [ 0.93494, 44.7585 ], [ 0.93479, 44.75841 ], [ 0.93478, 44.75841 ], [ 0.93474, 44.75838 ], [ 0.93471, 44.75836 ], [ 0.93469, 44.75836 ], [ 0.93468, 44.75835 ], [ 0.93466, 44.75834 ], [ 0.93466, 44.75833 ], [ 0.93458, 44.75832 ], [ 0.93451, 44.75828 ], [ 0.93446, 44.75826 ], [ 0.93444, 44.75826 ], [ 0.93438, 44.75823 ], [ 0.93433, 44.75821 ], [ 0.93432, 44.7582 ], [ 0.93426, 44.75819 ], [ 0.93421, 44.75817 ], [ 0.93417, 44.75815 ], [ 0.93416, 44.75814 ], [ 0.93409, 44.75812 ], [ 0.93408, 44.75811 ], [ 0.93407, 44.75811 ], [ 0.93406, 44.7581 ], [ 0.93403, 44.75808 ], [ 0.93402, 44.75808 ], [ 0.93398, 44.75806 ], [ 0.93392, 44.75802 ], [ 0.93391, 44.75801 ], [ 0.93382, 44.75795 ], [ 0.9338, 44.75795 ], [ 0.93376, 44.75793 ], [ 0.93375, 44.75793 ], [ 0.9337, 44.75792 ], [ 0.9337, 44.75791 ], [ 0.93363, 44.7579 ], [ 0.93362, 44.75789 ], [ 0.93361, 44.75789 ], [ 0.93356, 44.75788 ], [ 0.93355, 44.75788 ], [ 0.93346, 44.75788 ], [ 0.93343, 44.75787 ], [ 0.93341, 44.75787 ], [ 0.93337, 44.75787 ], [ 0.93333, 44.75787 ], [ 0.93331, 44.75787 ], [ 0.93327, 44.75788 ], [ 0.93325, 44.75788 ], [ 0.93324, 44.75788 ], [ 0.93323, 44.75789 ], [ 0.9332, 44.75789 ], [ 0.93312, 44.75792 ], [ 0.93312, 44.75791 ], [ 0.93312, 44.7579 ], [ 0.93312, 44.75787 ], [ 0.93313, 44.75777 ], [ 0.93313, 44.75775 ], [ 0.93315, 44.75767 ], [ 0.93315, 44.75765 ], [ 0.93315, 44.75764 ], [ 0.93315, 44.75763 ], [ 0.93315, 44.75762 ], [ 0.93318, 44.75723 ], [ 0.93296, 44.75714 ], [ 0.93295, 44.75713 ], [ 0.93286, 44.7571 ], [ 0.93278, 44.75707 ], [ 0.93277, 44.75706 ], [ 0.93273, 44.75705 ], [ 0.93272, 44.75704 ], [ 0.9327, 44.75703 ], [ 0.93268, 44.75703 ], [ 0.93227, 44.75689 ], [ 0.93227, 44.75688 ], [ 0.9323, 44.75663 ], [ 0.93138, 44.75716 ], [ 0.92972, 44.75922 ], [ 0.92807, 44.76059 ], [ 0.92542, 44.75824 ], [ 0.92415, 44.75814 ], [ 0.92059, 44.76031 ], [ 0.92034, 44.7613 ], [ 0.91883, 44.7613 ], [ 0.91844, 44.7604 ], [ 0.91477, 44.75832 ], [ 0.91338, 44.7584 ], [ 0.90857, 44.7601 ], [ 0.90691, 44.76011 ], [ 0.90363, 44.75922 ], [ 0.9016, 44.75911 ], [ 0.90007, 44.76048 ], [ 0.89816, 44.76318 ], [ 0.89589, 44.76453 ], [ 0.8945, 44.76462 ], [ 0.89297, 44.76524 ], [ 0.88789, 44.76921 ], [ 0.88586, 44.76795 ], [ 0.88296, 44.76758 ], [ 0.87965, 44.76839 ], [ 0.87801, 44.76785 ], [ 0.8727, 44.76315 ], [ 0.86687, 44.76107 ], [ 0.86574, 44.76152 ], [ 0.86409, 44.76331 ], [ 0.86205, 44.76448 ], [ 0.86028, 44.76466 ], [ 0.85749, 44.76321 ], [ 0.85535, 44.7615 ], [ 0.85332, 44.76077 ], [ 0.84103, 44.76211 ], [ 0.83811, 44.76255 ], [ 0.83609, 44.76409 ], [ 0.8357, 44.76498 ], [ 0.84089, 44.76779 ], [ 0.84252, 44.76997 ], [ 0.84478, 44.77835 ], [ 0.84579, 44.77988 ], [ 0.84718, 44.78025 ], [ 0.85822, 44.77513 ], [ 0.86012, 44.77432 ], [ 0.86279, 44.77486 ], [ 0.86393, 44.77666 ], [ 0.86366, 44.77775 ], [ 0.86253, 44.77946 ], [ 0.86112, 44.77973 ], [ 0.86048, 44.7809 ], [ 0.8591, 44.78208 ], [ 0.85807, 44.78415 ], [ 0.85643, 44.78604 ], [ 0.85502, 44.78639 ], [ 0.853, 44.7864 ], [ 0.8497, 44.78549 ], [ 0.84856, 44.78468 ], [ 0.84527, 44.78376 ], [ 0.84273, 44.78393 ], [ 0.83653, 44.78194 ], [ 0.83361, 44.78141 ], [ 0.82854, 44.78275 ], [ 0.826, 44.7841 ], [ 0.82449, 44.78446 ], [ 0.81838, 44.79041 ], [ 0.81698, 44.79103 ], [ 0.8166, 44.79318 ], [ 0.81595, 44.79401 ], [ 0.81619, 44.79536 ], [ 0.81772, 44.79754 ], [ 0.81911, 44.79862 ], [ 0.82126, 44.79961 ], [ 0.82581, 44.80286 ], [ 0.82872, 44.80648 ], [ 0.82973, 44.80991 ], [ 0.83048, 44.81064 ], [ 0.83098, 44.81207 ], [ 0.83199, 44.81298 ], [ 0.83313, 44.81343 ], [ 0.8344, 44.81344 ], [ 0.83465, 44.81434 ], [ 0.83668, 44.81624 ], [ 0.83768, 44.8185 ], [ 0.83831, 44.81976 ], [ 0.84147, 44.82381 ], [ 0.8425, 44.82436 ], [ 0.84389, 44.82437 ], [ 0.84667, 44.82373 ], [ 0.84782, 44.82311 ], [ 0.84922, 44.82311 ], [ 0.85035, 44.82455 ], [ 0.85098, 44.82645 ], [ 0.85034, 44.8287 ], [ 0.8502, 44.83141 ], [ 0.85299, 44.83367 ], [ 0.85744, 44.82989 ], [ 0.86163, 44.82845 ], [ 0.8629, 44.82864 ], [ 0.86429, 44.83053 ], [ 0.86301, 44.83485 ], [ 0.86327, 44.83622 ], [ 0.86414, 44.8373 ], [ 0.86414, 44.8382 ], [ 0.86198, 44.84252 ], [ 0.86172, 44.84469 ], [ 0.8626, 44.84731 ], [ 0.86995, 44.84687 ], [ 0.87579, 44.8484 ], [ 0.87694, 44.84913 ], [ 0.88189, 44.84354 ] ] ] ] } },
{ "type": "Feature", "properties": { "ID_MNHN": "720020014", "VALID_INPN": "INPN – nov2018", "MODIF_GEST": "2019-03-26", "IDCAUE_EPC": 21 }, "geometry": { "type": "MultiPolygon", "coordinates": [ [ [ [ 0.93391, 44.83986 ], [ 0.93328, 44.84008 ], [ 0.93337, 44.84005 ], [ 0.93363, 44.83998 ], [ 0.93372, 44.83994 ], [ 0.93391, 44.83987 ], [ 0.93391, 44.83986 ] ] ], [ [ [ 0.93278, 44.84025 ], [ 0.93286, 44.84023 ], [ 0.93289, 44.84022 ], [ 0.93311, 44.84015 ], [ 0.93312, 44.84014 ], [ 0.93314, 44.84014 ], [ 0.93314, 44.84013 ], [ 0.93278, 44.84025 ] ] ] ] } },
{ "type": "Feature", "properties": { "ID_MNHN": "720020014", "VALID_INPN": "INPN – nov2018", "MODIF_GEST": "2019-03-26", "IDCAUE_EPC": 21 }, "geometry": { "type": "MultiPolygon", "coordinates": [ [ [ [ 0.74449, 44.83602 ], [ 0.74217, 44.83558 ], [ 0.74073, 44.83513 ], [ 0.7403, 44.83478 ], [ 0.74031, 44.83434 ], [ 0.74066, 44.83396 ], [ 0.73981, 44.83382 ], [ 0.73798, 44.83355 ], [ 0.73574, 44.83341 ], [ 0.73357, 44.83319 ], [ 0.73066, 44.83292 ], [ 0.72841, 44.83265 ], [ 0.72709, 44.83251 ], [ 0.7236, 44.83216 ], [ 0.72194, 44.83184 ], [ 0.72061, 44.83158 ], [ 0.71878, 44.83149 ], [ 0.71711, 44.8313 ], [ 0.71486, 44.83132 ], [ 0.71219, 44.8314 ], [ 0.71043, 44.83152 ], [ 0.71018, 44.83137 ], [ 0.70761, 44.83116 ], [ 0.70636, 44.83101 ], [ 0.70477, 44.83099 ], [ 0.7035, 44.83163 ], [ 0.702, 44.83154 ], [ 0.70083, 44.83182 ], [ 0.69846, 44.83256 ], [ 0.69646, 44.83265 ], [ 0.69479, 44.83298 ], [ 0.69302, 44.83314 ], [ 0.69202, 44.83342 ], [ 0.69068, 44.8337 ], [ 0.6895, 44.83403 ], [ 0.68673, 44.83435 ], [ 0.68397, 44.83484 ], [ 0.68111, 44.83539 ], [ 0.67709, 44.83695 ], [ 0.67524, 44.83738 ], [ 0.67278, 44.83788 ], [ 0.67097, 44.83836 ], [ 0.66968, 44.83865 ], [ 0.66721, 44.83963 ], [ 0.66488, 44.83996 ], [ 0.66269, 44.83993 ], [ 0.66096, 44.83954 ], [ 0.65838, 44.83956 ], [ 0.65587, 44.8397 ], [ 0.6542, 44.83985 ], [ 0.65261, 44.84007 ], [ 0.65042, 44.84063 ], [ 0.64848, 44.84108 ], [ 0.64656, 44.84116 ], [ 0.64507, 44.84114 ], [ 0.64314, 44.84123 ], [ 0.64021, 44.84154 ], [ 0.63811, 44.84198 ], [ 0.63718, 44.84221 ], [ 0.63632, 44.84263 ], [ 0.63506, 44.84324 ], [ 0.63399, 44.84323 ], [ 0.63389, 44.84384 ], [ 0.63211, 44.84414 ], [ 0.63101, 44.84502 ], [ 0.63032, 44.84566 ], [ 0.62821, 44.84646 ], [ 0.6267, 44.84662 ], [ 0.62552, 44.84713 ], [ 0.62318, 44.84709 ], [ 0.62151, 44.84719 ], [ 0.61917, 44.84733 ], [ 0.61766, 44.8476 ], [ 0.61564, 44.84781 ], [ 0.61423, 44.84828 ], [ 0.61362, 44.8485 ], [ 0.61362, 44.84852 ], [ 0.61384, 44.84899 ], [ 0.61423, 44.84889 ], [ 0.61477, 44.84877 ], [ 0.61484, 44.84875 ], [ 0.61532, 44.84864 ], [ 0.61564, 44.84858 ], [ 0.61587, 44.84854 ], [ 0.6164, 44.84845 ], [ 0.61743, 44.84831 ], [ 0.61755, 44.84829 ], [ 0.61812, 44.84823 ], [ 0.61817, 44.84823 ], [ 0.61854, 44.84814 ], [ 0.619, 44.84803 ], [ 0.61921, 44.84799 ], [ 0.61963, 44.84793 ], [ 0.62019, 44.84784 ], [ 0.62033, 44.84782 ], [ 0.62076, 44.84776 ], [ 0.621, 44.84775 ], [ 0.62138, 44.84773 ], [ 0.62146, 44.84772 ], [ 0.62147, 44.84772 ], [ 0.62237, 44.84762 ], [ 0.6226, 44.8476 ], [ 0.62271, 44.84758 ], [ 0.62278, 44.84758 ], [ 0.62313, 44.84757 ], [ 0.62317, 44.84757 ], [ 0.62374, 44.84755 ], [ 0.62408, 44.84754 ], [ 0.62497, 44.84749 ], [ 0.62532, 44.84743 ], [ 0.6262, 44.84728 ], [ 0.62696, 44.84718 ], [ 0.62708, 44.84716 ], [ 0.62724, 44.84714 ], [ 0.62741, 44.84709 ], [ 0.62751, 44.84706 ], [ 0.62787, 44.84697 ], [ 0.62821, 44.84687 ], [ 0.6284, 44.84681 ], [ 0.62857, 44.84677 ], [ 0.62874, 44.84671 ], [ 0.62938, 44.84647 ], [ 0.62999, 44.84623 ], [ 0.63017, 44.84616 ], [ 0.63059, 44.84591 ], [ 0.63079, 44.84579 ], [ 0.63157, 44.8453 ], [ 0.63203, 44.84572 ], [ 0.63215, 44.84584 ], [ 0.63216, 44.84584 ], [ 0.63219, 44.84587 ], [ 0.63221, 44.84588 ], [ 0.63221, 44.84589 ], [ 0.63223, 44.84589 ], [ 0.63224, 44.84589 ], [ 0.6323, 44.84592 ], [ 0.63231, 44.84592 ], [ 0.63231, 44.84593 ], [ 0.63234, 44.84595 ], [ 0.63235, 44.84596 ], [ 0.63236, 44.84596 ], [ 0.63236, 44.84597 ], [ 0.63257, 44.84593 ], [ 0.634, 44.84548 ], [ 0.63461, 44.84443 ], [ 0.63606, 44.84367 ], [ 0.63757, 44.84304 ], [ 0.63951, 44.84259 ], [ 0.64244, 44.84222 ], [ 0.64495, 44.84203 ], [ 0.64729, 44.84218 ], [ 0.64913, 44.84198 ], [ 0.65114, 44.84158 ], [ 0.65232, 44.84125 ], [ 0.65508, 44.84075 ], [ 0.65735, 44.84049 ], [ 0.66035, 44.84054 ], [ 0.66342, 44.84083 ], [ 0.66559, 44.84098 ], [ 0.66828, 44.84053 ], [ 0.67021, 44.84004 ], [ 0.67158, 44.83917 ], [ 0.67258, 44.83907 ], [ 0.67392, 44.83879 ], [ 0.67527, 44.83845 ], [ 0.67838, 44.83755 ], [ 0.68083, 44.83664 ], [ 0.68334, 44.83608 ], [ 0.6852, 44.83558 ], [ 0.68721, 44.83507 ], [ 0.68856, 44.83497 ], [ 0.69064, 44.835 ], [ 0.69215, 44.83461 ], [ 0.69719, 44.83343 ], [ 0.70063, 44.83289 ], [ 0.70273, 44.83245 ], [ 0.70406, 44.83229 ], [ 0.70499, 44.83201 ], [ 0.70816, 44.83211 ], [ 0.70966, 44.83231 ], [ 0.71074, 44.83246 ], [ 0.71165, 44.83258 ], [ 0.71307, 44.83254 ], [ 0.71466, 44.83215 ], [ 0.71616, 44.83229 ], [ 0.71932, 44.83269 ], [ 0.72082, 44.83307 ], [ 0.7233, 44.83364 ], [ 0.72579, 44.83415 ], [ 0.72737, 44.83435 ], [ 0.72979, 44.83451 ], [ 0.73153, 44.83471 ], [ 0.73294, 44.8348 ], [ 0.73537, 44.83477 ], [ 0.73736, 44.83509 ], [ 0.74022, 44.83531 ], [ 0.74267, 44.83576 ], [ 0.74449, 44.83602 ] ] ] ] } },
{ "type": "Feature", "properties": { "ID_MNHN": "720020014", "VALID_INPN": "INPN – nov2018", "MODIF_GEST": "2019-03-26", "IDCAUE_EPC": 21 }, "geometry": { "type": "MultiPolygon", "coordinates": [ [ [ [ 0.92827, 44.84398 ], [ 0.92807, 44.84414 ], [ 0.92664, 44.84542 ], [ 0.92535, 44.84699 ], [ 0.92365, 44.8489 ], [ 0.92206, 44.85046 ], [ 0.9216, 44.85097 ], [ 0.92066, 44.85163 ], [ 0.91978, 44.85237 ], [ 0.91843, 44.85371 ], [ 0.91818, 44.85392 ], [ 0.91786, 44.85421 ], [ 0.91706, 44.8548 ], [ 0.91614, 44.85524 ], [ 0.9154, 44.85561 ], [ 0.91488, 44.85564 ], [ 0.91243, 44.85529 ], [ 0.90923, 44.85497 ], [ 0.90853, 44.85496 ], [ 0.90794, 44.85491 ], [ 0.90439, 44.85413 ], [ 0.9018, 44.85322 ], [ 0.89906, 44.85241 ], [ 0.89412, 44.85329 ], [ 0.89346, 44.85335 ], [ 0.8933, 44.85325 ], [ 0.89343, 44.85239 ], [ 0.8932, 44.85244 ], [ 0.89201, 44.85321 ], [ 0.89166, 44.85336 ], [ 0.89111, 44.85386 ], [ 0.89043, 44.85464 ], [ 0.88966, 44.8556 ], [ 0.88889, 44.85677 ], [ 0.88817, 44.85821 ], [ 0.88822, 44.85843 ], [ 0.88797, 44.85911 ], [ 0.88758, 44.86012 ], [ 0.88717, 44.86143 ], [ 0.88697, 44.86309 ], [ 0.88673, 44.86397 ], [ 0.88654, 44.86528 ], [ 0.8868, 44.86628 ], [ 0.88742, 44.86735 ], [ 0.88815, 44.86841 ], [ 0.88915, 44.86967 ], [ 0.88982, 44.87064 ], [ 0.89016, 44.87233 ], [ 0.89027, 44.87489 ], [ 0.89044, 44.87564 ], [ 0.89057, 44.87667 ], [ 0.89046, 44.87789 ], [ 0.89014, 44.87892 ], [ 0.88992, 44.87957 ], [ 0.88928, 44.8805 ], [ 0.88875, 44.88098 ], [ 0.88771, 44.88145 ], [ 0.8866, 44.88169 ], [ 0.88487, 44.88173 ], [ 0.88272, 44.88167 ], [ 0.88088, 44.88173 ], [ 0.87692, 44.88174 ], [ 0.87385, 44.88152 ], [ 0.87117, 44.88116 ], [ 0.86906, 44.88073 ], [ 0.86819, 44.88036 ], [ 0.86768, 44.88001 ], [ 0.86653, 44.87903 ], [ 0.86538, 44.87747 ], [ 0.86444, 44.87534 ], [ 0.86429, 44.87459 ], [ 0.86424, 44.87398 ], [ 0.86448, 44.87313 ], [ 0.86506, 44.87098 ], [ 0.86499, 44.87006 ], [ 0.8654, 44.86821 ], [ 0.8658, 44.86578 ], [ 0.86603, 44.86491 ], [ 0.86613, 44.86407 ], [ 0.86607, 44.86247 ], [ 0.86587, 44.8613 ], [ 0.86552, 44.86014 ], [ 0.86501, 44.8592 ], [ 0.86419, 44.85792 ], [ 0.86371, 44.85719 ], [ 0.86336, 44.85661 ], [ 0.86241, 44.85562 ], [ 0.86095, 44.85415 ], [ 0.85944, 44.85299 ], [ 0.85799, 44.85212 ], [ 0.8547, 44.85071 ], [ 0.8527, 44.85007 ], [ 0.84915, 44.8494 ], [ 0.84525, 44.84916 ], [ 0.84298, 44.84934 ], [ 0.84011, 44.84962 ], [ 0.83863, 44.84982 ], [ 0.83663, 44.8501 ], [ 0.83478, 44.85042 ], [ 0.83284, 44.85102 ], [ 0.83141, 44.85166 ], [ 0.83034, 44.85236 ], [ 0.82947, 44.85259 ], [ 0.82766, 44.85328 ], [ 0.82622, 44.85427 ], [ 0.82483, 44.85495 ], [ 0.82341, 44.85634 ], [ 0.82276, 44.8571 ], [ 0.82221, 44.85802 ], [ 0.82178, 44.85878 ], [ 0.82131, 44.85983 ], [ 0.82088, 44.8611 ], [ 0.82066, 44.86233 ], [ 0.8205, 44.86505 ], [ 0.8204, 44.86633 ], [ 0.82053, 44.86768 ], [ 0.82077, 44.8696 ], [ 0.82088, 44.87128 ], [ 0.82094, 44.87344 ], [ 0.82103, 44.87471 ], [ 0.82124, 44.87668 ], [ 0.82126, 44.87836 ], [ 0.82113, 44.88106 ], [ 0.82084, 44.88193 ], [ 0.82005, 44.88302 ], [ 0.81884, 44.88395 ], [ 0.81755, 44.88425 ], [ 0.81647, 44.88464 ], [ 0.81529, 44.88483 ], [ 0.81262, 44.88482 ], [ 0.80906, 44.88449 ], [ 0.80677, 44.88389 ], [ 0.80488, 44.8832 ], [ 0.80328, 44.8822 ], [ 0.802, 44.88113 ], [ 0.80172, 44.88068 ], [ 0.80097, 44.87925 ], [ 0.80073, 44.87877 ], [ 0.80041, 44.87922 ], [ 0.79988, 44.87953 ], [ 0.79925, 44.87958 ], [ 0.79908, 44.8793 ], [ 0.79818, 44.87717 ], [ 0.79773, 44.87491 ], [ 0.79747, 44.87224 ], [ 0.79746, 44.87092 ], [ 0.7975, 44.86955 ], [ 0.79733, 44.8701 ], [ 0.79727, 44.87055 ], [ 0.79711, 44.87141 ], [ 0.79698, 44.87275 ], [ 0.79696, 44.87314 ], [ 0.79698, 44.87385 ], [ 0.79726, 44.87574 ], [ 0.79746, 44.87655 ], [ 0.79765, 44.87713 ], [ 0.79776, 44.87755 ], [ 0.79792, 44.87811 ], [ 0.7982, 44.87898 ], [ 0.79839, 44.87939 ], [ 0.79861, 44.87984 ], [ 0.79874, 44.88011 ], [ 0.79891, 44.88043 ], [ 0.79913, 44.88075 ], [ 0.79923, 44.88088 ], [ 0.7994, 44.88119 ], [ 0.79956, 44.88149 ], [ 0.79981, 44.88174 ], [ 0.80027, 44.88216 ], [ 0.80098, 44.88284 ], [ 0.80135, 44.88319 ], [ 0.80277, 44.88407 ], [ 0.8041, 44.88465 ], [ 0.80463, 44.8849 ], [ 0.80618, 44.88538 ], [ 0.808, 44.8858 ], [ 0.80963, 44.886 ], [ 0.8104, 44.88615 ], [ 0.81199, 44.88627 ], [ 0.81437, 44.88625 ], [ 0.81748, 44.8861 ], [ 0.81921, 44.88581 ], [ 0.82027, 44.88562 ], [ 0.82104, 44.88529 ], [ 0.82226, 44.88456 ], [ 0.82319, 44.8837 ], [ 0.82365, 44.88302 ], [ 0.82401, 44.88136 ], [ 0.82375, 44.87928 ], [ 0.82371, 44.87766 ], [ 0.82402, 44.87747 ], [ 0.82377, 44.87547 ], [ 0.8236, 44.87371 ], [ 0.82342, 44.87117 ], [ 0.82328, 44.87018 ], [ 0.82322, 44.86856 ], [ 0.82347, 44.86677 ], [ 0.82343, 44.86469 ], [ 0.82338, 44.86267 ], [ 0.82406, 44.86051 ], [ 0.8253, 44.85807 ], [ 0.82685, 44.85663 ], [ 0.82861, 44.85534 ], [ 0.83129, 44.85404 ], [ 0.83348, 44.85311 ], [ 0.83563, 44.8525 ], [ 0.83883, 44.85172 ], [ 0.84151, 44.8512 ], [ 0.84353, 44.85095 ], [ 0.8462, 44.85088 ], [ 0.84831, 44.85111 ], [ 0.8506, 44.85156 ], [ 0.85347, 44.8523 ], [ 0.85497, 44.85299 ], [ 0.85588, 44.85346 ], [ 0.8572, 44.85435 ], [ 0.85971, 44.85613 ], [ 0.8621, 44.85838 ], [ 0.86268, 44.859 ], [ 0.86329, 44.85988 ], [ 0.86368, 44.86101 ], [ 0.86398, 44.8628 ], [ 0.86386, 44.86364 ], [ 0.8628, 44.86515 ], [ 0.86217, 44.86596 ], [ 0.86136, 44.8676 ], [ 0.86116, 44.86857 ], [ 0.86121, 44.87002 ], [ 0.86126, 44.87126 ], [ 0.86156, 44.87209 ], [ 0.8617, 44.87292 ], [ 0.8617, 44.87295 ], [ 0.86193, 44.87368 ], [ 0.86206, 44.87367 ], [ 0.86214, 44.87367 ], [ 0.86215, 44.87367 ], [ 0.86308, 44.87359 ], [ 0.86311, 44.87366 ], [ 0.86315, 44.87385 ], [ 0.8632, 44.8741 ], [ 0.8632, 44.87411 ], [ 0.86324, 44.87423 ], [ 0.86334, 44.87461 ], [ 0.86349, 44.87511 ], [ 0.86363, 44.8756 ], [ 0.86376, 44.87612 ], [ 0.86379, 44.87622 ], [ 0.86384, 44.87636 ], [ 0.86385, 44.87638 ], [ 0.86437, 44.87729 ], [ 0.86458, 44.87763 ], [ 0.86493, 44.87817 ], [ 0.86494, 44.87817 ], [ 0.86505, 44.87832 ], [ 0.86534, 44.8787 ], [ 0.86568, 44.87916 ], [ 0.86569, 44.87918 ], [ 0.86583, 44.87931 ], [ 0.86601, 44.87949 ], [ 0.86608, 44.87955 ], [ 0.86641, 44.87983 ], [ 0.86641, 44.87984 ], [ 0.86665, 44.88005 ], [ 0.8667, 44.88009 ], [ 0.86689, 44.88024 ], [ 0.86713, 44.8804 ], [ 0.86727, 44.8805 ], [ 0.86735, 44.88055 ], [ 0.86754, 44.88063 ], [ 0.86794, 44.88082 ], [ 0.86844, 44.88104 ], [ 0.8685, 44.88107 ], [ 0.86851, 44.88107 ], [ 0.86857, 44.8811 ], [ 0.86896, 44.88125 ], [ 0.86898, 44.88125 ], [ 0.86901, 44.88127 ], [ 0.86925, 44.88136 ], [ 0.86939, 44.8814 ], [ 0.8694, 44.88141 ], [ 0.86954, 44.88145 ], [ 0.86955, 44.88146 ], [ 0.86958, 44.88146 ], [ 0.86972, 44.8815 ], [ 0.8698, 44.88154 ], [ 0.86983, 44.88154 ], [ 0.87028, 44.88169 ], [ 0.87032, 44.88169 ], [ 0.87033, 44.8817 ], [ 0.87036, 44.8817 ], [ 0.87053, 44.88176 ], [ 0.87056, 44.88177 ], [ 0.87058, 44.88178 ], [ 0.87069, 44.88181 ], [ 0.87103, 44.88189 ], [ 0.87179, 44.88208 ], [ 0.87183, 44.88209 ], [ 0.87188, 44.88211 ], [ 0.87195, 44.88212 ], [ 0.87206, 44.88215 ], [ 0.8721, 44.88216 ], [ 0.87223, 44.88218 ], [ 0.87225, 44.88218 ], [ 0.87263, 44.88224 ], [ 0.87266, 44.88224 ], [ 0.87287, 44.88227 ], [ 0.8729, 44.88228 ], [ 0.87297, 44.88228 ], [ 0.87334, 44.88232 ], [ 0.87336, 44.88232 ], [ 0.87401, 44.88239 ], [ 0.87403, 44.8824 ], [ 0.87459, 44.88246 ], [ 0.87537, 44.88256 ], [ 0.87539, 44.88256 ], [ 0.87611, 44.88265 ], [ 0.87619, 44.88266 ], [ 0.87621, 44.88266 ], [ 0.87649, 44.88269 ], [ 0.8765, 44.88269 ], [ 0.87668, 44.88269 ], [ 0.87669, 44.88269 ], [ 0.87688, 44.88269 ], [ 0.8769, 44.88269 ], [ 0.8775, 44.88266 ], [ 0.87771, 44.88265 ], [ 0.87772, 44.88265 ], [ 0.87852, 44.88259 ], [ 0.87853, 44.88259 ], [ 0.87885, 44.88256 ], [ 0.87927, 44.88252 ], [ 0.87928, 44.88252 ], [ 0.87951, 44.88249 ], [ 0.88002, 44.88244 ], [ 0.88021, 44.88242 ], [ 0.8806, 44.8824 ], [ 0.88146, 44.88235 ], [ 0.88147, 44.88235 ], [ 0.88213, 44.8823 ], [ 0.88226, 44.88229 ], [ 0.88227, 44.88229 ], [ 0.88282, 44.88227 ], [ 0.88342, 44.88226 ], [ 0.88373, 44.88227 ], [ 0.88455, 44.88228 ], [ 0.88459, 44.88228 ], [ 0.88521, 44.88228 ], [ 0.88536, 44.88228 ], [ 0.88602, 44.88226 ], [ 0.88635, 44.88225 ], [ 0.88637, 44.88224 ], [ 0.88655, 44.88222 ], [ 0.88669, 44.88221 ], [ 0.88706, 44.88217 ], [ 0.88707, 44.88217 ], [ 0.88774, 44.88209 ], [ 0.88776, 44.88208 ], [ 0.88791, 44.88206 ], [ 0.88796, 44.88205 ], [ 0.88811, 44.88201 ], [ 0.88835, 44.88195 ], [ 0.88865, 44.88186 ], [ 0.88866, 44.88186 ], [ 0.88895, 44.88177 ], [ 0.88898, 44.88176 ], [ 0.88909, 44.88173 ], [ 0.88915, 44.88167 ], [ 0.88916, 44.88166 ], [ 0.88921, 44.88162 ], [ 0.88921, 44.8816 ], [ 0.8893, 44.88153 ], [ 0.88952, 44.88128 ], [ 0.88972, 44.88106 ], [ 0.88972, 44.88105 ], [ 0.88976, 44.88101 ], [ 0.88985, 44.88085 ], [ 0.89005, 44.88047 ], [ 0.89008, 44.88042 ], [ 0.8901, 44.88037 ], [ 0.89014, 44.88031 ], [ 0.89053, 44.87949 ], [ 0.8906, 44.87934 ], [ 0.89063, 44.87925 ], [ 0.89066, 44.87912 ], [ 0.89074, 44.8788 ], [ 0.89078, 44.87865 ], [ 0.89078, 44.87864 ], [ 0.89082, 44.87846 ], [ 0.89088, 44.87816 ], [ 0.89088, 44.87814 ], [ 0.8909, 44.87792 ], [ 0.8909, 44.8779 ], [ 0.89094, 44.87757 ], [ 0.89095, 44.87733 ], [ 0.89096, 44.87731 ], [ 0.89098, 44.87682 ], [ 0.89098, 44.87679 ], [ 0.89098, 44.87666 ], [ 0.89099, 44.87663 ], [ 0.89099, 44.87656 ], [ 0.89098, 44.87652 ], [ 0.89095, 44.87602 ], [ 0.89095, 44.87598 ], [ 0.89094, 44.87595 ], [ 0.89087, 44.87514 ], [ 0.89087, 44.87489 ], [ 0.89086, 44.8748 ], [ 0.89086, 44.87475 ], [ 0.89085, 44.87462 ], [ 0.89085, 44.87459 ], [ 0.89087, 44.87378 ], [ 0.89086, 44.87375 ], [ 0.89086, 44.87374 ], [ 0.89082, 44.87341 ], [ 0.89082, 44.87338 ], [ 0.89082, 44.87336 ], [ 0.8907, 44.87265 ], [ 0.89068, 44.87263 ], [ 0.89063, 44.87219 ], [ 0.89056, 44.87169 ], [ 0.89054, 44.87145 ], [ 0.89048, 44.87117 ], [ 0.89048, 44.87116 ], [ 0.8904, 44.87084 ], [ 0.89025, 44.87024 ], [ 0.89009, 44.8698 ], [ 0.88999, 44.86957 ], [ 0.88991, 44.86939 ], [ 0.88991, 44.86938 ], [ 0.88967, 44.86897 ], [ 0.88954, 44.86876 ], [ 0.88944, 44.86858 ], [ 0.88944, 44.86857 ], [ 0.88933, 44.86842 ], [ 0.88931, 44.86841 ], [ 0.8893, 44.8684 ], [ 0.88903, 44.86806 ], [ 0.88902, 44.86804 ], [ 0.88887, 44.86784 ], [ 0.88878, 44.86765 ], [ 0.88878, 44.86764 ], [ 0.88872, 44.86749 ], [ 0.88868, 44.86733 ], [ 0.88866, 44.86729 ], [ 0.88851, 44.86712 ], [ 0.8885, 44.86709 ], [ 0.88816, 44.86667 ], [ 0.88814, 44.86665 ], [ 0.8881, 44.8666 ], [ 0.88808, 44.86658 ], [ 0.88798, 44.86648 ], [ 0.88789, 44.86637 ], [ 0.88789, 44.86636 ], [ 0.8878, 44.86615 ], [ 0.88779, 44.86612 ], [ 0.88778, 44.8661 ], [ 0.88773, 44.86595 ], [ 0.88771, 44.86588 ], [ 0.88768, 44.8657 ], [ 0.88768, 44.86569 ], [ 0.88762, 44.86552 ], [ 0.88762, 44.86551 ], [ 0.88757, 44.86537 ], [ 0.88757, 44.86534 ], [ 0.88754, 44.86504 ], [ 0.88754, 44.86499 ], [ 0.88751, 44.86463 ], [ 0.88753, 44.86435 ], [ 0.88753, 44.8643 ], [ 0.88756, 44.86416 ], [ 0.88756, 44.86414 ], [ 0.88759, 44.864 ], [ 0.88759, 44.86397 ], [ 0.88762, 44.86384 ], [ 0.88765, 44.86378 ], [ 0.88766, 44.86373 ], [ 0.88776, 44.86347 ], [ 0.88777, 44.86344 ], [ 0.8878, 44.86337 ], [ 0.88781, 44.86333 ], [ 0.8879, 44.86307 ], [ 0.88791, 44.86304 ], [ 0.8881, 44.86244 ], [ 0.8881, 44.86243 ], [ 0.88812, 44.8624 ], [ 0.88817, 44.86223 ], [ 0.88817, 44.86219 ], [ 0.88819, 44.86215 ], [ 0.8882, 44.86212 ], [ 0.88826, 44.86184 ], [ 0.88826, 44.86181 ], [ 0.88827, 44.86173 ], [ 0.88827, 44.8617 ], [ 0.8883, 44.86154 ], [ 0.88832, 44.86151 ], [ 0.88833, 44.86139 ], [ 0.88833, 44.86136 ], [ 0.88837, 44.86117 ], [ 0.88839, 44.86114 ], [ 0.88843, 44.86094 ], [ 0.88843, 44.86092 ], [ 0.8885, 44.86064 ], [ 0.88852, 44.86061 ], [ 0.88857, 44.86033 ], [ 0.88859, 44.86031 ], [ 0.88859, 44.86028 ], [ 0.8886, 44.86024 ], [ 0.88861, 44.86023 ], [ 0.88862, 44.8602 ], [ 0.88868, 44.86004 ], [ 0.88868, 44.86002 ], [ 0.88874, 44.85988 ], [ 0.88874, 44.85986 ], [ 0.88878, 44.85979 ], [ 0.88878, 44.85977 ], [ 0.88882, 44.85966 ], [ 0.88883, 44.85965 ], [ 0.8889, 44.85946 ], [ 0.88898, 44.85928 ], [ 0.88899, 44.85926 ], [ 0.88911, 44.85899 ], [ 0.88911, 44.85898 ], [ 0.88922, 44.85876 ], [ 0.88922, 44.85875 ], [ 0.88944, 44.85829 ], [ 0.88944, 44.85828 ], [ 0.88953, 44.8581 ], [ 0.88957, 44.85803 ], [ 0.88977, 44.85768 ], [ 0.88978, 44.85766 ], [ 0.88978, 44.85765 ], [ 0.88991, 44.85745 ], [ 0.88991, 44.85744 ], [ 0.88995, 44.85738 ], [ 0.88997, 44.85738 ], [ 0.89007, 44.85719 ], [ 0.89023, 44.85698 ], [ 0.89023, 44.85698 ], [ 0.89028, 44.85691 ], [ 0.8908, 44.85702 ], [ 0.89081, 44.85702 ], [ 0.89105, 44.85697 ], [ 0.89184, 44.85571 ], [ 0.89221, 44.85518 ], [ 0.89358, 44.85452 ], [ 0.89725, 44.85395 ], [ 0.89898, 44.85408 ], [ 0.90128, 44.85426 ], [ 0.9028, 44.85469 ], [ 0.9045, 44.85552 ], [ 0.9057, 44.85602 ], [ 0.90619, 44.85596 ], [ 0.90622, 44.85596 ], [ 0.90643, 44.85594 ], [ 0.90646, 44.85595 ], [ 0.9065, 44.85594 ], [ 0.90652, 44.85594 ], [ 0.90651, 44.85548 ], [ 0.90874, 44.85562 ], [ 0.90918, 44.85562 ], [ 0.91162, 44.85583 ], [ 0.91211, 44.85587 ], [ 0.91214, 44.85587 ], [ 0.91321, 44.85593 ], [ 0.91324, 44.85594 ], [ 0.91456, 44.85598 ], [ 0.9146, 44.85598 ], [ 0.9152, 44.85598 ], [ 0.91592, 44.85597 ], [ 0.91609, 44.85594 ], [ 0.91615, 44.85593 ], [ 0.91648, 44.85586 ], [ 0.91653, 44.85585 ], [ 0.91683, 44.85576 ], [ 0.91686, 44.85576 ], [ 0.91688, 44.85575 ], [ 0.91723, 44.85562 ], [ 0.91798, 44.85526 ], [ 0.9181, 44.8552 ], [ 0.91812, 44.85526 ], [ 0.91828, 44.85566 ], [ 0.91828, 44.85567 ], [ 0.91829, 44.85571 ], [ 0.91829, 44.85572 ], [ 0.9192, 44.85518 ], [ 0.92177, 44.85298 ], [ 0.92351, 44.85149 ], [ 0.92442, 44.85022 ], [ 0.92543, 44.84872 ], [ 0.92673, 44.84713 ], [ 0.92826, 44.84549 ], [ 0.92849, 44.84551 ], [ 0.9288, 44.84558 ], [ 0.92914, 44.84557 ], [ 0.92975, 44.84466 ], [ 0.92982, 44.84464 ], [ 0.93001, 44.84463 ], [ 0.92975, 44.84462 ], [ 0.92965, 44.84447 ], [ 0.92953, 44.84443 ], [ 0.92941, 44.8444 ], [ 0.92925, 44.84436 ], [ 0.92827, 44.84398 ] ] ], [ [ [ 0.8, 44.87317 ], [ 0.8, 44.87313 ], [ 0.79998, 44.87313 ], [ 0.8, 44.87317 ] ] ] ] } },
{ "type": "Feature", "properties": { "ID_MNHN": "720012954", "VALID_INPN": "INPN – nov2018", "MODIF_GEST": "2019-03-26", "IDCAUE_EPC": 21 }, "geometry": { "type": "MultiPolygon", "coordinates": [ [ [ [ 0.83472, 44.6763 ], [ 0.8351, 44.67644 ], [ 0.83564, 44.67663 ], [ 0.83609, 44.6768 ], [ 0.83609, 44.67693 ], [ 0.83608, 44.67707 ], [ 0.8359, 44.67722 ], [ 0.83586, 44.67744 ], [ 0.83585, 44.67773 ], [ 0.83578, 44.67797 ], [ 0.83556, 44.67808 ], [ 0.83546, 44.67817 ], [ 0.83542, 44.67828 ], [ 0.83538, 44.67841 ], [ 0.83536, 44.67855 ], [ 0.8356, 44.67903 ], [ 0.83575, 44.67909 ], [ 0.8359, 44.6792 ], [ 0.83531, 44.67963 ], [ 0.83482, 44.67995 ], [ 0.83501, 44.68028 ], [ 0.83358, 44.68074 ], [ 0.83359, 44.68086 ], [ 0.83357, 44.68096 ], [ 0.83349, 44.68106 ], [ 0.83338, 44.68119 ], [ 0.83325, 44.68131 ], [ 0.83321, 44.68155 ], [ 0.83281, 44.68168 ], [ 0.8323, 44.68095 ], [ 0.83014, 44.68163 ], [ 0.83024, 44.68189 ], [ 0.83035, 44.68202 ], [ 0.83044, 44.68212 ], [ 0.83045, 44.6822 ], [ 0.83044, 44.68237 ], [ 0.83054, 44.6825 ], [ 0.83071, 44.68265 ], [ 0.83093, 44.68277 ], [ 0.83126, 44.68331 ], [ 0.83169, 44.6839 ], [ 0.83151, 44.68397 ], [ 0.83173, 44.68418 ], [ 0.83169, 44.68423 ], [ 0.83165, 44.68426 ], [ 0.83154, 44.68428 ], [ 0.83154, 44.68429 ], [ 0.83153, 44.6843 ], [ 0.83148, 44.68431 ], [ 0.83144, 44.68432 ], [ 0.83145, 44.68433 ], [ 0.83145, 44.68439 ], [ 0.83149, 44.68459 ], [ 0.83149, 44.68474 ], [ 0.83143, 44.68494 ], [ 0.83134, 44.68503 ], [ 0.8312, 44.68518 ], [ 0.83117, 44.68521 ], [ 0.83117, 44.68539 ], [ 0.83123, 44.68547 ], [ 0.83128, 44.68559 ], [ 0.83127, 44.68574 ], [ 0.83126, 44.68583 ], [ 0.8312, 44.68598 ], [ 0.83113, 44.68608 ], [ 0.83097, 44.68618 ], [ 0.8306, 44.6864 ], [ 0.83049, 44.68643 ], [ 0.83044, 44.68645 ], [ 0.83036, 44.6865 ], [ 0.83029, 44.68652 ], [ 0.83021, 44.68652 ], [ 0.83005, 44.68658 ], [ 0.83005, 44.68662 ], [ 0.83005, 44.68666 ], [ 0.83, 44.68672 ], [ 0.8299, 44.6868 ], [ 0.82988, 44.68681 ], [ 0.82988, 44.68692 ], [ 0.82985, 44.68696 ], [ 0.82977, 44.687 ], [ 0.82982, 44.68715 ], [ 0.82981, 44.6873 ], [ 0.82977, 44.68743 ], [ 0.82975, 44.6875 ], [ 0.8297, 44.6877 ], [ 0.82968, 44.68776 ], [ 0.82983, 44.68747 ], [ 0.82992, 44.68721 ], [ 0.8299, 44.68697 ], [ 0.82997, 44.68681 ], [ 0.83061, 44.68701 ], [ 0.83085, 44.68699 ], [ 0.83136, 44.68683 ], [ 0.83199, 44.68713 ], [ 0.83247, 44.68731 ], [ 0.83259, 44.68691 ], [ 0.83265, 44.68646 ], [ 0.83275, 44.68611 ], [ 0.83305, 44.68566 ], [ 0.83348, 44.68582 ], [ 0.83366, 44.6861 ], [ 0.83376, 44.68631 ], [ 0.83408, 44.68652 ], [ 0.83426, 44.68665 ], [ 0.83445, 44.68676 ], [ 0.83474, 44.68676 ], [ 0.83529, 44.68694 ], [ 0.8356, 44.68706 ], [ 0.83563, 44.68686 ], [ 0.83581, 44.68694 ], [ 0.83632, 44.68701 ], [ 0.83689, 44.68731 ], [ 0.83746, 44.68772 ], [ 0.83852, 44.68838 ], [ 0.83941, 44.68906 ], [ 0.83982, 44.68927 ], [ 0.84039, 44.68956 ], [ 0.84114, 44.69011 ], [ 0.84126, 44.69014 ], [ 0.8422, 44.69009 ], [ 0.84237, 44.69006 ], [ 0.84265, 44.69002 ], [ 0.84306, 44.69007 ], [ 0.84362, 44.69005 ], [ 0.84366, 44.6899 ], [ 0.84383, 44.68967 ], [ 0.84422, 44.68919 ], [ 0.84541, 44.68919 ], [ 0.84593, 44.68885 ], [ 0.84615, 44.68885 ], [ 0.84639, 44.68888 ], [ 0.8466, 44.6889 ], [ 0.84686, 44.6889 ], [ 0.84726, 44.68873 ], [ 0.84761, 44.68853 ], [ 0.8479, 44.6883 ], [ 0.84803, 44.68803 ], [ 0.84845, 44.68795 ], [ 0.84831, 44.68774 ], [ 0.84855, 44.68731 ], [ 0.84868, 44.68692 ], [ 0.84875, 44.68644 ], [ 0.84899, 44.68622 ], [ 0.849, 44.68578 ], [ 0.84912, 44.68502 ], [ 0.84917, 44.68475 ], [ 0.84917, 44.68462 ], [ 0.84933, 44.68426 ], [ 0.84946, 44.6841 ], [ 0.84962, 44.68406 ], [ 0.84981, 44.6839 ], [ 0.85002, 44.6837 ], [ 0.85018, 44.68354 ], [ 0.85033, 44.68336 ], [ 0.85036, 44.68317 ], [ 0.85044, 44.68291 ], [ 0.85056, 44.68276 ], [ 0.85064, 44.6826 ], [ 0.85064, 44.68241 ], [ 0.85093, 44.68238 ], [ 0.85134, 44.68241 ], [ 0.85143, 44.68237 ], [ 0.85176, 44.6825 ], [ 0.85145, 44.68238 ], [ 0.85158, 44.68206 ], [ 0.85187, 44.68162 ], [ 0.85213, 44.6813 ], [ 0.85223, 44.68102 ], [ 0.8518, 44.68099 ], [ 0.85148, 44.68129 ], [ 0.8514, 44.68155 ], [ 0.85106, 44.68173 ], [ 0.8507, 44.68181 ], [ 0.85037, 44.68178 ], [ 0.85005, 44.68163 ], [ 0.84995, 44.68142 ], [ 0.84961, 44.68122 ], [ 0.84936, 44.68128 ], [ 0.84922, 44.68185 ], [ 0.84923, 44.68208 ], [ 0.84922, 44.68236 ], [ 0.84905, 44.68261 ], [ 0.84894, 44.68274 ], [ 0.8488, 44.6829 ], [ 0.84867, 44.68306 ], [ 0.8484, 44.68312 ], [ 0.84824, 44.68346 ], [ 0.848, 44.68352 ], [ 0.84791, 44.68386 ], [ 0.84777, 44.68419 ], [ 0.84755, 44.6844 ], [ 0.84753, 44.68461 ], [ 0.84756, 44.68494 ], [ 0.84758, 44.68509 ], [ 0.84776, 44.6854 ], [ 0.84704, 44.68659 ], [ 0.84667, 44.68715 ], [ 0.84648, 44.68707 ], [ 0.84614, 44.68703 ], [ 0.84575, 44.68701 ], [ 0.84574, 44.68667 ], [ 0.84509, 44.68668 ], [ 0.84456, 44.68671 ], [ 0.84464, 44.68632 ], [ 0.84475, 44.68634 ], [ 0.84485, 44.68602 ], [ 0.84492, 44.68582 ], [ 0.8446, 44.68575 ], [ 0.84456, 44.68584 ], [ 0.84452, 44.68593 ], [ 0.84443, 44.68599 ], [ 0.84427, 44.68598 ], [ 0.84414, 44.68597 ], [ 0.84379, 44.68588 ], [ 0.84348, 44.68584 ], [ 0.84331, 44.68585 ], [ 0.84316, 44.68592 ], [ 0.8429, 44.68608 ], [ 0.84259, 44.6865 ], [ 0.84202, 44.68653 ], [ 0.84202, 44.68611 ], [ 0.84199, 44.68596 ], [ 0.84179, 44.68582 ], [ 0.84181, 44.6846 ], [ 0.84147, 44.6846 ], [ 0.84066, 44.68467 ], [ 0.84, 44.68464 ], [ 0.83924, 44.68447 ], [ 0.83935, 44.6835 ], [ 0.83906, 44.68272 ], [ 0.83908, 44.68249 ], [ 0.83945, 44.68209 ], [ 0.83996, 44.68194 ], [ 0.84008, 44.68188 ], [ 0.84034, 44.68157 ], [ 0.84023, 44.6812 ], [ 0.84188, 44.68099 ], [ 0.84272, 44.68083 ], [ 0.84248, 44.68035 ], [ 0.8423, 44.68039 ], [ 0.84207, 44.6804 ], [ 0.84181, 44.68013 ], [ 0.84125, 44.6792 ], [ 0.84105, 44.67884 ], [ 0.84092, 44.67879 ], [ 0.84069, 44.67871 ], [ 0.84043, 44.67868 ], [ 0.84021, 44.67867 ], [ 0.84004, 44.6787 ], [ 0.83987, 44.6788 ], [ 0.83969, 44.67749 ], [ 0.83956, 44.67664 ], [ 0.83935, 44.67663 ], [ 0.83915, 44.67662 ], [ 0.83895, 44.67659 ], [ 0.83864, 44.67652 ], [ 0.83821, 44.67638 ], [ 0.83786, 44.6763 ], [ 0.83761, 44.67628 ], [ 0.8374, 44.67629 ], [ 0.83705, 44.67633 ], [ 0.83651, 44.67637 ], [ 0.83606, 44.67635 ], [ 0.83568, 44.67632 ], [ 0.83535, 44.67627 ], [ 0.83504, 44.67619 ], [ 0.83472, 44.67617 ], [ 0.83472, 44.6763 ] ] ], [ [ [ 0.81526, 44.69878 ], [ 0.81616, 44.69895 ], [ 0.816, 44.69934 ], [ 0.81628, 44.69945 ], [ 0.81624, 44.69997 ], [ 0.82236, 44.69725 ], [ 0.82265, 44.69727 ], [ 0.82323, 44.69736 ], [ 0.82413, 44.69756 ], [ 0.82496, 44.69763 ], [ 0.82656, 44.69681 ], [ 0.82669, 44.69689 ], [ 0.82713, 44.69666 ], [ 0.82734, 44.69636 ], [ 0.82743, 44.69614 ], [ 0.82774, 44.69563 ], [ 0.82804, 44.69537 ], [ 0.8281, 44.69527 ], [ 0.82805, 44.69493 ], [ 0.82792, 44.69462 ], [ 0.82791, 44.69443 ], [ 0.82796, 44.69423 ], [ 0.828, 44.694 ], [ 0.82793, 44.69387 ], [ 0.82793, 44.69377 ], [ 0.82801, 44.69361 ], [ 0.82799, 44.69343 ], [ 0.82787, 44.69329 ], [ 0.82766, 44.69318 ], [ 0.82763, 44.69285 ], [ 0.82759, 44.69239 ], [ 0.82753, 44.69218 ], [ 0.82734, 44.69194 ], [ 0.82713, 44.69184 ], [ 0.82697, 44.69203 ], [ 0.82696, 44.69203 ], [ 0.82692, 44.69205 ], [ 0.82687, 44.69208 ], [ 0.8267, 44.69209 ], [ 0.82659, 44.69208 ], [ 0.8265, 44.69211 ], [ 0.82644, 44.69213 ], [ 0.82635, 44.69213 ], [ 0.82627, 44.69211 ], [ 0.82612, 44.69206 ], [ 0.82603, 44.69207 ], [ 0.82596, 44.69208 ], [ 0.82587, 44.69207 ], [ 0.82557, 44.69216 ], [ 0.82516, 44.69228 ], [ 0.82507, 44.69231 ], [ 0.82504, 44.69235 ], [ 0.82503, 44.69237 ], [ 0.82498, 44.69239 ], [ 0.8249, 44.69241 ], [ 0.82479, 44.69247 ], [ 0.82474, 44.69254 ], [ 0.82473, 44.69256 ], [ 0.82475, 44.69262 ], [ 0.82478, 44.69272 ], [ 0.82473, 44.69276 ], [ 0.82462, 44.69279 ], [ 0.82458, 44.69279 ], [ 0.82436, 44.6929 ], [ 0.82428, 44.69295 ], [ 0.82427, 44.69297 ], [ 0.82426, 44.69297 ], [ 0.82416, 44.69299 ], [ 0.82403, 44.693 ], [ 0.82399, 44.69302 ], [ 0.82389, 44.69306 ], [ 0.82374, 44.6931 ], [ 0.82358, 44.69314 ], [ 0.82339, 44.69323 ], [ 0.82335, 44.69325 ], [ 0.82328, 44.69331 ], [ 0.82319, 44.69332 ], [ 0.82281, 44.69337 ], [ 0.82273, 44.69339 ], [ 0.82269, 44.69341 ], [ 0.82269, 44.69343 ], [ 0.82269, 44.69346 ], [ 0.82267, 44.69351 ], [ 0.82264, 44.69355 ], [ 0.82261, 44.69356 ], [ 0.82251, 44.69356 ], [ 0.82245, 44.69363 ], [ 0.82242, 44.69365 ], [ 0.82227, 44.69367 ], [ 0.82223, 44.69371 ], [ 0.82222, 44.69374 ], [ 0.82217, 44.6938 ], [ 0.82204, 44.69389 ], [ 0.82186, 44.69401 ], [ 0.82176, 44.69406 ], [ 0.82167, 44.69411 ], [ 0.82159, 44.69417 ], [ 0.82152, 44.69422 ], [ 0.82131, 44.69437 ], [ 0.82116, 44.69447 ], [ 0.82102, 44.69452 ], [ 0.82095, 44.69459 ], [ 0.82082, 44.69471 ], [ 0.82063, 44.69484 ], [ 0.82055, 44.69489 ], [ 0.8205, 44.69491 ], [ 0.82038, 44.695 ], [ 0.82029, 44.69502 ], [ 0.82024, 44.69503 ], [ 0.82016, 44.69508 ], [ 0.82014, 44.69512 ], [ 0.82005, 44.69525 ], [ 0.81989, 44.69539 ], [ 0.8197, 44.69557 ], [ 0.81952, 44.6957 ], [ 0.81947, 44.69574 ], [ 0.81943, 44.69578 ], [ 0.8194, 44.69582 ], [ 0.81939, 44.69584 ], [ 0.81942, 44.69589 ], [ 0.81933, 44.69594 ], [ 0.81931, 44.69599 ], [ 0.81928, 44.69609 ], [ 0.81925, 44.69625 ], [ 0.81921, 44.69628 ], [ 0.81912, 44.69635 ], [ 0.81908, 44.69641 ], [ 0.81905, 44.69647 ], [ 0.819, 44.69665 ], [ 0.81898, 44.69675 ], [ 0.81893, 44.69693 ], [ 0.81891, 44.69702 ], [ 0.81887, 44.69722 ], [ 0.81884, 44.69736 ], [ 0.8188, 44.69748 ], [ 0.81876, 44.69762 ], [ 0.81873, 44.69769 ], [ 0.81872, 44.69771 ], [ 0.8187, 44.69776 ], [ 0.81868, 44.6978 ], [ 0.81864, 44.69784 ], [ 0.81859, 44.6979 ], [ 0.81847, 44.69804 ], [ 0.81837, 44.69816 ], [ 0.81826, 44.69828 ], [ 0.8182, 44.69835 ], [ 0.81809, 44.69845 ], [ 0.81802, 44.69851 ], [ 0.81794, 44.69855 ], [ 0.81785, 44.69858 ], [ 0.81784, 44.69853 ], [ 0.81782, 44.69834 ], [ 0.81782, 44.69821 ], [ 0.81782, 44.69797 ], [ 0.81777, 44.69785 ], [ 0.81768, 44.69773 ], [ 0.81759, 44.69765 ], [ 0.81746, 44.69757 ], [ 0.81719, 44.69743 ], [ 0.81708, 44.69736 ], [ 0.81701, 44.6973 ], [ 0.81698, 44.69726 ], [ 0.81694, 44.69718 ], [ 0.81692, 44.69711 ], [ 0.81691, 44.69706 ], [ 0.81694, 44.69681 ], [ 0.81695, 44.69671 ], [ 0.81693, 44.69654 ], [ 0.81688, 44.69639 ], [ 0.81678, 44.69623 ], [ 0.81674, 44.69618 ], [ 0.81668, 44.69609 ], [ 0.81623, 44.69558 ], [ 0.81597, 44.69529 ], [ 0.81595, 44.69531 ], [ 0.81521, 44.69599 ], [ 0.81492, 44.69626 ], [ 0.81465, 44.69651 ], [ 0.81456, 44.69657 ], [ 0.81434, 44.69672 ], [ 0.81422, 44.69681 ], [ 0.81406, 44.69692 ], [ 0.81389, 44.69703 ], [ 0.81366, 44.69716 ], [ 0.8133, 44.69736 ], [ 0.81318, 44.69743 ], [ 0.81316, 44.69744 ], [ 0.81526, 44.69878 ] ] ], [ [ [ 0.78659, 44.69483 ], [ 0.78676, 44.69483 ], [ 0.78699, 44.69479 ], [ 0.78727, 44.69492 ], [ 0.7877, 44.69517 ], [ 0.78804, 44.69545 ], [ 0.78788, 44.6955 ], [ 0.78782, 44.69573 ], [ 0.78759, 44.69637 ], [ 0.78696, 44.69735 ], [ 0.78662, 44.6976 ], [ 0.78652, 44.69774 ], [ 0.78638, 44.69786 ], [ 0.78568, 44.69782 ], [ 0.78547, 44.6979 ], [ 0.78546, 44.69802 ], [ 0.78575, 44.6982 ], [ 0.78655, 44.69898 ], [ 0.78689, 44.69928 ], [ 0.78725, 44.69904 ], [ 0.78721, 44.69891 ], [ 0.78776, 44.69862 ], [ 0.78796, 44.69886 ], [ 0.7883, 44.69948 ], [ 0.78851, 44.69995 ], [ 0.78849, 44.70035 ], [ 0.78722, 44.70059 ], [ 0.78714, 44.70064 ], [ 0.78699, 44.70076 ], [ 0.78678, 44.70089 ], [ 0.78646, 44.70106 ], [ 0.78657, 44.70142 ], [ 0.78669, 44.70147 ], [ 0.78678, 44.70146 ], [ 0.78693, 44.70149 ], [ 0.78702, 44.70147 ], [ 0.78725, 44.70128 ], [ 0.78742, 44.70127 ], [ 0.78749, 44.70128 ], [ 0.78762, 44.70124 ], [ 0.78771, 44.70119 ], [ 0.78779, 44.70115 ], [ 0.78789, 44.70116 ], [ 0.78786, 44.70122 ], [ 0.78806, 44.70131 ], [ 0.78835, 44.70132 ], [ 0.78842, 44.70136 ], [ 0.78859, 44.70142 ], [ 0.78886, 44.70145 ], [ 0.78991, 44.70114 ], [ 0.79056, 44.70078 ], [ 0.79082, 44.701 ], [ 0.79091, 44.70117 ], [ 0.79093, 44.70137 ], [ 0.79089, 44.70157 ], [ 0.7909, 44.70202 ], [ 0.79088, 44.70228 ], [ 0.79082, 44.70289 ], [ 0.79297, 44.70305 ], [ 0.79298, 44.70275 ], [ 0.79297, 44.70257 ], [ 0.79278, 44.70251 ], [ 0.79261, 44.70242 ], [ 0.79248, 44.70231 ], [ 0.79253, 44.70217 ], [ 0.79222, 44.70187 ], [ 0.79212, 44.70169 ], [ 0.79196, 44.70153 ], [ 0.7917, 44.70144 ], [ 0.79158, 44.70135 ], [ 0.79157, 44.70122 ], [ 0.79163, 44.70122 ], [ 0.79176, 44.70129 ], [ 0.79203, 44.70129 ], [ 0.79243, 44.70141 ], [ 0.79257, 44.70146 ], [ 0.79286, 44.70152 ], [ 0.79316, 44.70159 ], [ 0.79354, 44.70161 ], [ 0.79355, 44.70153 ], [ 0.79367, 44.7015 ], [ 0.79364, 44.7014 ], [ 0.79375, 44.70107 ], [ 0.79451, 44.70152 ], [ 0.79472, 44.70157 ], [ 0.79494, 44.70158 ], [ 0.79519, 44.70163 ], [ 0.79559, 44.70161 ], [ 0.79524, 44.70197 ], [ 0.79504, 44.70214 ], [ 0.79482, 44.70232 ], [ 0.79465, 44.70242 ], [ 0.7945, 44.7025 ], [ 0.79423, 44.70255 ], [ 0.79404, 44.70257 ], [ 0.79409, 44.70276 ], [ 0.79413, 44.70288 ], [ 0.79422, 44.70292 ], [ 0.79432, 44.70286 ], [ 0.79435, 44.70272 ], [ 0.79568, 44.70253 ], [ 0.79586, 44.7034 ], [ 0.7977, 44.70342 ], [ 0.79787, 44.70356 ], [ 0.79818, 44.70396 ], [ 0.79875, 44.70386 ], [ 0.79917, 44.70494 ], [ 0.79949, 44.70494 ], [ 0.8007, 44.70451 ], [ 0.8007, 44.70434 ], [ 0.80078, 44.70431 ], [ 0.80107, 44.70427 ], [ 0.80118, 44.70425 ], [ 0.80092, 44.70377 ], [ 0.80079, 44.70343 ], [ 0.8006, 44.70293 ], [ 0.80187, 44.70267 ], [ 0.80149, 44.70249 ], [ 0.79908, 44.70294 ], [ 0.79896, 44.70273 ], [ 0.79904, 44.702 ], [ 0.79822, 44.7019 ], [ 0.79891, 44.70169 ], [ 0.79944, 44.7015 ], [ 0.79968, 44.70126 ], [ 0.80025, 44.70116 ], [ 0.80127, 44.70107 ], [ 0.80141, 44.70115 ], [ 0.8013, 44.70096 ], [ 0.80129, 44.70097 ], [ 0.80125, 44.70098 ], [ 0.80121, 44.70098 ], [ 0.80112, 44.70099 ], [ 0.80091, 44.70095 ], [ 0.80065, 44.70092 ], [ 0.80056, 44.70092 ], [ 0.80053, 44.70092 ], [ 0.80049, 44.70093 ], [ 0.80042, 44.70094 ], [ 0.8003, 44.70095 ], [ 0.80022, 44.70096 ], [ 0.80003, 44.70095 ], [ 0.79998, 44.70095 ], [ 0.79995, 44.70096 ], [ 0.7999, 44.70101 ], [ 0.7999, 44.70102 ], [ 0.79987, 44.70102 ], [ 0.79977, 44.70107 ], [ 0.79957, 44.70115 ], [ 0.79952, 44.70117 ], [ 0.79941, 44.70123 ], [ 0.79929, 44.70126 ], [ 0.79924, 44.70127 ], [ 0.79911, 44.70127 ], [ 0.799, 44.70129 ], [ 0.79882, 44.70132 ], [ 0.7985, 44.7014 ], [ 0.79835, 44.70145 ], [ 0.79827, 44.70152 ], [ 0.79818, 44.70156 ], [ 0.7981, 44.70158 ], [ 0.79791, 44.70163 ], [ 0.79786, 44.70164 ], [ 0.7978, 44.70164 ], [ 0.79773, 44.70162 ], [ 0.79764, 44.70161 ], [ 0.79753, 44.70168 ], [ 0.79748, 44.7017 ], [ 0.79734, 44.70171 ], [ 0.79727, 44.70172 ], [ 0.79714, 44.70175 ], [ 0.79698, 44.70178 ], [ 0.79689, 44.70177 ], [ 0.79664, 44.70177 ], [ 0.79647, 44.70178 ], [ 0.79644, 44.70175 ], [ 0.7964, 44.70172 ], [ 0.79624, 44.70163 ], [ 0.79595, 44.70144 ], [ 0.79583, 44.70137 ], [ 0.79579, 44.70135 ], [ 0.79566, 44.70133 ], [ 0.79556, 44.70131 ], [ 0.79541, 44.70129 ], [ 0.7953, 44.70126 ], [ 0.79518, 44.70121 ], [ 0.79506, 44.70116 ], [ 0.795, 44.70111 ], [ 0.79498, 44.70107 ], [ 0.79494, 44.70096 ], [ 0.79492, 44.70089 ], [ 0.79491, 44.70085 ], [ 0.79487, 44.70079 ], [ 0.79484, 44.70077 ], [ 0.79474, 44.70068 ], [ 0.79464, 44.70052 ], [ 0.79459, 44.70045 ], [ 0.79453, 44.70041 ], [ 0.79417, 44.70019 ], [ 0.7938, 44.7 ], [ 0.79375, 44.69998 ], [ 0.79361, 44.69993 ], [ 0.79348, 44.69992 ], [ 0.79338, 44.69991 ], [ 0.79318, 44.69991 ], [ 0.79309, 44.6999 ], [ 0.79303, 44.69989 ], [ 0.79291, 44.69983 ], [ 0.79243, 44.69963 ], [ 0.79237, 44.69959 ], [ 0.79228, 44.69954 ], [ 0.79194, 44.69933 ], [ 0.79171, 44.69921 ], [ 0.79149, 44.69909 ], [ 0.7913, 44.69902 ], [ 0.79125, 44.69899 ], [ 0.79119, 44.69893 ], [ 0.79118, 44.69891 ], [ 0.79115, 44.69886 ], [ 0.79114, 44.69854 ], [ 0.79109, 44.69835 ], [ 0.79102, 44.69814 ], [ 0.79099, 44.69803 ], [ 0.79095, 44.69796 ], [ 0.7909, 44.6979 ], [ 0.79084, 44.69787 ], [ 0.79064, 44.69777 ], [ 0.79053, 44.69767 ], [ 0.79039, 44.69759 ], [ 0.79018, 44.69746 ], [ 0.79, 44.69732 ], [ 0.78995, 44.6973 ], [ 0.78985, 44.69724 ], [ 0.78965, 44.69718 ], [ 0.7896, 44.69716 ], [ 0.78952, 44.69712 ], [ 0.78949, 44.69709 ], [ 0.78944, 44.69702 ], [ 0.78937, 44.69689 ], [ 0.78936, 44.69687 ], [ 0.78937, 44.69684 ], [ 0.78941, 44.69676 ], [ 0.78944, 44.6967 ], [ 0.78942, 44.69664 ], [ 0.7894, 44.69658 ], [ 0.78934, 44.69649 ], [ 0.78928, 44.6964 ], [ 0.78926, 44.69632 ], [ 0.78924, 44.69615 ], [ 0.7892, 44.69604 ], [ 0.78919, 44.69591 ], [ 0.7892, 44.69578 ], [ 0.78918, 44.69574 ], [ 0.78913, 44.69561 ], [ 0.78894, 44.69535 ], [ 0.78868, 44.69498 ], [ 0.78847, 44.69471 ], [ 0.78837, 44.69458 ], [ 0.78828, 44.69453 ], [ 0.78823, 44.69452 ], [ 0.7881, 44.69453 ], [ 0.78801, 44.69453 ], [ 0.78797, 44.69452 ], [ 0.78787, 44.69445 ], [ 0.78783, 44.69442 ], [ 0.78764, 44.69423 ], [ 0.78749, 44.69408 ], [ 0.78728, 44.69389 ], [ 0.78707, 44.6937 ], [ 0.7869, 44.69361 ], [ 0.78685, 44.69356 ], [ 0.78684, 44.69355 ], [ 0.78681, 44.69374 ], [ 0.78682, 44.69401 ], [ 0.78691, 44.69453 ], [ 0.78684, 44.69466 ], [ 0.78659, 44.69483 ] ] ], [ [ [ 0.83389, 44.67656 ], [ 0.83372, 44.67635 ], [ 0.83358, 44.67636 ], [ 0.83339, 44.67633 ], [ 0.83319, 44.67626 ], [ 0.83299, 44.67614 ], [ 0.83406, 44.6759 ], [ 0.83471, 44.67579 ], [ 0.83516, 44.6756 ], [ 0.83483, 44.67525 ], [ 0.83438, 44.67468 ], [ 0.83414, 44.67483 ], [ 0.83378, 44.67412 ], [ 0.83447, 44.67388 ], [ 0.8343, 44.67361 ], [ 0.83338, 44.67364 ], [ 0.83272, 44.67374 ], [ 0.83174, 44.67397 ], [ 0.83141, 44.67419 ], [ 0.83103, 44.67448 ], [ 0.83102, 44.67463 ], [ 0.83097, 44.67493 ], [ 0.83106, 44.67526 ], [ 0.83131, 44.67552 ], [ 0.83132, 44.67574 ], [ 0.83242, 44.67608 ], [ 0.83232, 44.67638 ], [ 0.83263, 44.67651 ], [ 0.83315, 44.67657 ], [ 0.83344, 44.67662 ], [ 0.83389, 44.67656 ] ] ], [ [ [ 0.78058, 44.69936 ], [ 0.78053, 44.69978 ], [ 0.78044, 44.70006 ], [ 0.78009, 44.70087 ], [ 0.7795, 44.70188 ], [ 0.77939, 44.70222 ], [ 0.77962, 44.70211 ], [ 0.78009, 44.70178 ], [ 0.78063, 44.70146 ], [ 0.781, 44.70128 ], [ 0.78125, 44.7012 ], [ 0.78142, 44.70114 ], [ 0.78169, 44.70089 ], [ 0.7819, 44.7007 ], [ 0.78207, 44.70048 ], [ 0.78156, 44.69995 ], [ 0.7813, 44.69982 ], [ 0.78101, 44.6996 ], [ 0.78101, 44.69955 ], [ 0.78058, 44.69936 ] ] ], [ [ [ 0.80201, 44.70083 ], [ 0.80264, 44.70074 ], [ 0.80309, 44.70061 ], [ 0.80344, 44.70022 ], [ 0.80339, 44.70026 ], [ 0.80321, 44.70038 ], [ 0.80304, 44.70051 ], [ 0.80291, 44.70059 ], [ 0.80286, 44.70062 ], [ 0.8028, 44.70063 ], [ 0.80242, 44.7007 ], [ 0.8023, 44.70072 ], [ 0.80223, 44.70073 ], [ 0.80202, 44.70076 ], [ 0.80189, 44.70076 ], [ 0.80152, 44.7008 ], [ 0.80146, 44.7008 ], [ 0.80142, 44.70081 ], [ 0.80138, 44.70084 ], [ 0.80133, 44.70091 ], [ 0.80201, 44.70083 ] ] ], [ [ [ 0.85039, 44.6848 ], [ 0.85029, 44.68514 ], [ 0.85061, 44.68521 ], [ 0.85057, 44.68516 ], [ 0.85033, 44.685 ], [ 0.85039, 44.6848 ] ] ], [ [ [ 0.85079, 44.6862 ], [ 0.85077, 44.68619 ], [ 0.85083, 44.68615 ], [ 0.85021, 44.686 ], [ 0.85079, 44.6862 ] ] ], [ [ [ 0.83389, 44.67656 ], [ 0.83456, 44.67644 ], [ 0.83472, 44.6763 ], [ 0.83463, 44.67637 ], [ 0.83441, 44.67647 ], [ 0.83389, 44.67656 ] ] ] ] } },
{ "type": "Feature", "properties": { "ID_MNHN": "720030006", "VALID_INPN": "INPN – nov2018", "MODIF_GEST": "2019-03-26", "IDCAUE_EPC": 21 }, "geometry": { "type": "MultiPolygon", "coordinates": [ [ [ [ 0.83712, 44.65436 ], [ 0.83719, 44.65438 ], [ 0.83727, 44.65442 ], [ 0.83736, 44.6545 ], [ 0.83738, 44.65452 ], [ 0.83748, 44.65456 ], [ 0.83754, 44.65457 ], [ 0.83759, 44.65457 ], [ 0.83771, 44.65455 ], [ 0.83776, 44.65455 ], [ 0.83798, 44.65455 ], [ 0.8382, 44.65455 ], [ 0.83825, 44.65455 ], [ 0.83829, 44.65456 ], [ 0.83832, 44.65457 ], [ 0.83844, 44.65464 ], [ 0.83855, 44.6547 ], [ 0.83867, 44.6548 ], [ 0.83883, 44.65492 ], [ 0.83892, 44.65496 ], [ 0.83896, 44.65496 ], [ 0.83899, 44.65496 ], [ 0.83911, 44.65495 ], [ 0.83921, 44.65493 ], [ 0.8394, 44.65492 ], [ 0.83954, 44.65489 ], [ 0.83959, 44.6549 ], [ 0.83966, 44.6549 ], [ 0.83969, 44.6549 ], [ 0.83983, 44.65487 ], [ 0.83992, 44.65486 ], [ 0.83997, 44.65485 ], [ 0.84006, 44.65485 ], [ 0.84012, 44.65484 ], [ 0.84026, 44.65484 ], [ 0.84037, 44.65485 ], [ 0.84045, 44.65486 ], [ 0.84051, 44.65485 ], [ 0.84057, 44.65484 ], [ 0.84066, 44.65484 ], [ 0.84071, 44.65484 ], [ 0.84086, 44.65487 ], [ 0.84092, 44.65488 ], [ 0.84105, 44.65487 ], [ 0.84109, 44.65486 ], [ 0.84117, 44.65484 ], [ 0.84133, 44.65479 ], [ 0.84144, 44.65477 ], [ 0.84167, 44.65472 ], [ 0.84208, 44.65467 ], [ 0.84237, 44.65464 ], [ 0.84261, 44.65462 ], [ 0.84287, 44.65461 ], [ 0.84335, 44.65457 ], [ 0.84355, 44.65455 ], [ 0.84391, 44.65452 ], [ 0.844, 44.6545 ], [ 0.8442, 44.65442 ], [ 0.84449, 44.65431 ], [ 0.84491, 44.65417 ], [ 0.84502, 44.65432 ], [ 0.84516, 44.65429 ], [ 0.8453, 44.65424 ], [ 0.84589, 44.65425 ], [ 0.84657, 44.65411 ], [ 0.847, 44.65401 ], [ 0.84729, 44.65387 ], [ 0.84766, 44.65379 ], [ 0.84781, 44.65376 ], [ 0.84799, 44.65377 ], [ 0.84822, 44.65354 ], [ 0.84874, 44.653 ], [ 0.84923, 44.65293 ], [ 0.8502, 44.65293 ], [ 0.85058, 44.65294 ], [ 0.8514, 44.65282 ], [ 0.85192, 44.65274 ], [ 0.85269, 44.65282 ], [ 0.85323, 44.65296 ], [ 0.85371, 44.65311 ], [ 0.85405, 44.6533 ], [ 0.85455, 44.65367 ], [ 0.85487, 44.65396 ], [ 0.85549, 44.65415 ], [ 0.8562, 44.65417 ], [ 0.85653, 44.65432 ], [ 0.85687, 44.65459 ], [ 0.85708, 44.65502 ], [ 0.85721, 44.65514 ], [ 0.85736, 44.6557 ], [ 0.85761, 44.65597 ], [ 0.85804, 44.65629 ], [ 0.85855, 44.65661 ], [ 0.85925, 44.65644 ], [ 0.8601, 44.65712 ], [ 0.86086, 44.65744 ], [ 0.86144, 44.65771 ], [ 0.86169, 44.65777 ], [ 0.86195, 44.65812 ], [ 0.86276, 44.65853 ], [ 0.86374, 44.65906 ], [ 0.86482, 44.65958 ], [ 0.86593, 44.65996 ], [ 0.8669, 44.65998 ], [ 0.86716, 44.65989 ], [ 0.86781, 44.6601 ], [ 0.86818, 44.66023 ], [ 0.86851, 44.66025 ], [ 0.869, 44.65985 ], [ 0.87155, 44.66094 ], [ 0.87186, 44.66127 ], [ 0.87205, 44.66165 ], [ 0.87241, 44.66197 ], [ 0.87314, 44.66209 ], [ 0.87388, 44.66267 ], [ 0.87457, 44.6631 ], [ 0.87549, 44.66407 ], [ 0.87629, 44.66476 ], [ 0.87694, 44.66548 ], [ 0.87815, 44.66691 ], [ 0.87873, 44.66743 ], [ 0.88055, 44.66886 ], [ 0.88148, 44.66937 ], [ 0.8818, 44.66943 ], [ 0.88187, 44.66951 ], [ 0.88255, 44.66917 ], [ 0.88376, 44.66958 ], [ 0.88356, 44.66999 ], [ 0.8848, 44.67032 ], [ 0.88499, 44.67001 ], [ 0.88542, 44.67013 ], [ 0.88584, 44.6701 ], [ 0.88611, 44.67015 ], [ 0.88622, 44.6704 ], [ 0.88667, 44.67087 ], [ 0.88727, 44.67138 ], [ 0.88745, 44.67163 ], [ 0.88677, 44.67194 ], [ 0.88753, 44.67288 ], [ 0.88788, 44.67348 ], [ 0.88871, 44.67418 ], [ 0.88928, 44.67451 ], [ 0.89027, 44.6751 ], [ 0.89221, 44.67603 ], [ 0.89418, 44.67659 ], [ 0.89468, 44.67606 ], [ 0.8957, 44.67658 ], [ 0.89594, 44.67676 ], [ 0.89656, 44.67696 ], [ 0.89738, 44.67721 ], [ 0.89793, 44.67716 ], [ 0.89929, 44.67755 ], [ 0.90037, 44.6779 ], [ 0.901, 44.67811 ], [ 0.90179, 44.67826 ], [ 0.90288, 44.6784 ], [ 0.9037, 44.67858 ], [ 0.90425, 44.67867 ], [ 0.905, 44.67872 ], [ 0.9064, 44.67872 ], [ 0.90697, 44.6787 ], [ 0.90701, 44.67884 ], [ 0.90713, 44.67936 ], [ 0.90717, 44.67982 ], [ 0.9071, 44.68008 ], [ 0.90696, 44.68052 ], [ 0.90697, 44.68066 ], [ 0.90729, 44.6809 ], [ 0.90745, 44.68107 ], [ 0.90759, 44.68148 ], [ 0.90751, 44.68212 ], [ 0.90742, 44.68291 ], [ 0.90717, 44.6833 ], [ 0.90718, 44.68354 ], [ 0.90727, 44.68367 ], [ 0.90762, 44.68381 ], [ 0.90793, 44.68408 ], [ 0.90829, 44.6847 ], [ 0.90862, 44.68534 ], [ 0.90878, 44.68576 ], [ 0.90884, 44.68605 ], [ 0.90882, 44.68629 ], [ 0.90867, 44.68642 ], [ 0.90861, 44.68657 ], [ 0.90861, 44.68667 ], [ 0.90878, 44.68683 ], [ 0.909, 44.68702 ], [ 0.90914, 44.68729 ], [ 0.90948, 44.68801 ], [ 0.90957, 44.68868 ], [ 0.90961, 44.68911 ], [ 0.90951, 44.68954 ], [ 0.90936, 44.68986 ], [ 0.90908, 44.69029 ], [ 0.90876, 44.69081 ], [ 0.90832, 44.69171 ], [ 0.90847, 44.69183 ], [ 0.90879, 44.69192 ], [ 0.90922, 44.69198 ], [ 0.90964, 44.6917 ], [ 0.91018, 44.69181 ], [ 0.91013, 44.69143 ], [ 0.91022, 44.69062 ], [ 0.91039, 44.69015 ], [ 0.91029, 44.68947 ], [ 0.91036, 44.68911 ], [ 0.91037, 44.68887 ], [ 0.91029, 44.68867 ], [ 0.91035, 44.6883 ], [ 0.91024, 44.6881 ], [ 0.91007, 44.68785 ], [ 0.90995, 44.68749 ], [ 0.90974, 44.68691 ], [ 0.90959, 44.6867 ], [ 0.9095, 44.68642 ], [ 0.90945, 44.68615 ], [ 0.9094, 44.68577 ], [ 0.90939, 44.68542 ], [ 0.90901, 44.68463 ], [ 0.90858, 44.68389 ], [ 0.90822, 44.68367 ], [ 0.90793, 44.68333 ], [ 0.90771, 44.6829 ], [ 0.90775, 44.68248 ], [ 0.90783, 44.68227 ], [ 0.90798, 44.68202 ], [ 0.90809, 44.68169 ], [ 0.90833, 44.6817 ], [ 0.90857, 44.68166 ], [ 0.90865, 44.6815 ], [ 0.90855, 44.68112 ], [ 0.9086, 44.68094 ], [ 0.90883, 44.68087 ], [ 0.90833, 44.67993 ], [ 0.90817, 44.67972 ], [ 0.90809, 44.67938 ], [ 0.90811, 44.67907 ], [ 0.90794, 44.67867 ], [ 0.90893, 44.67863 ], [ 0.91009, 44.67854 ], [ 0.91092, 44.67847 ], [ 0.91157, 44.67825 ], [ 0.91273, 44.67774 ], [ 0.91311, 44.67773 ], [ 0.91438, 44.67773 ], [ 0.91736, 44.67772 ], [ 0.91833, 44.67768 ], [ 0.91923, 44.6777 ], [ 0.92001, 44.67746 ], [ 0.92112, 44.67699 ], [ 0.92176, 44.67674 ], [ 0.92275, 44.67648 ], [ 0.9235, 44.67632 ], [ 0.9243, 44.67638 ], [ 0.9253, 44.67645 ], [ 0.92541, 44.67563 ], [ 0.92522, 44.67549 ], [ 0.92417, 44.6755 ], [ 0.92404, 44.67583 ], [ 0.92345, 44.67572 ], [ 0.92294, 44.67579 ], [ 0.92269, 44.67598 ], [ 0.92225, 44.67628 ], [ 0.92191, 44.67631 ], [ 0.9215, 44.67617 ], [ 0.92106, 44.67609 ], [ 0.9206, 44.67604 ], [ 0.92011, 44.67602 ], [ 0.9199, 44.67607 ], [ 0.91959, 44.67617 ], [ 0.91946, 44.67633 ], [ 0.91917, 44.67642 ], [ 0.91841, 44.67645 ], [ 0.91767, 44.67641 ], [ 0.91671, 44.67652 ], [ 0.91648, 44.67669 ], [ 0.91607, 44.67689 ], [ 0.9155, 44.67707 ], [ 0.91524, 44.67728 ], [ 0.91506, 44.67738 ], [ 0.91422, 44.67744 ], [ 0.91264, 44.67747 ], [ 0.91214, 44.67757 ], [ 0.91108, 44.67776 ], [ 0.90958, 44.67775 ], [ 0.90859, 44.67764 ], [ 0.90816, 44.67765 ], [ 0.9081, 44.67809 ], [ 0.9062, 44.67796 ], [ 0.90602, 44.67789 ], [ 0.90549, 44.67794 ], [ 0.90512, 44.67798 ], [ 0.90395, 44.67785 ], [ 0.90336, 44.67764 ], [ 0.90266, 44.67754 ], [ 0.9017, 44.6774 ], [ 0.90082, 44.67725 ], [ 0.90024, 44.67725 ], [ 0.89936, 44.67718 ], [ 0.89884, 44.67704 ], [ 0.89825, 44.67675 ], [ 0.89771, 44.67664 ], [ 0.89751, 44.67685 ], [ 0.89661, 44.67662 ], [ 0.89571, 44.67622 ], [ 0.89487, 44.67577 ], [ 0.89518, 44.67553 ], [ 0.89554, 44.67544 ], [ 0.89371, 44.67457 ], [ 0.89257, 44.6741 ], [ 0.89162, 44.67374 ], [ 0.89156, 44.67335 ], [ 0.8915, 44.67325 ], [ 0.89092, 44.6734 ], [ 0.89044, 44.6735 ], [ 0.89007, 44.67343 ], [ 0.88964, 44.67301 ], [ 0.88924, 44.6727 ], [ 0.88893, 44.67199 ], [ 0.88866, 44.67153 ], [ 0.88847, 44.67144 ], [ 0.88832, 44.67158 ], [ 0.88804, 44.67161 ], [ 0.88675, 44.67048 ], [ 0.88666, 44.67011 ], [ 0.88621, 44.66983 ], [ 0.88591, 44.66958 ], [ 0.88561, 44.66952 ], [ 0.88521, 44.66908 ], [ 0.88451, 44.66883 ], [ 0.88374, 44.66866 ], [ 0.88263, 44.66831 ], [ 0.88177, 44.66795 ], [ 0.88156, 44.66771 ], [ 0.88131, 44.66758 ], [ 0.8809, 44.66733 ], [ 0.88047, 44.66665 ], [ 0.87989, 44.66618 ], [ 0.87936, 44.66573 ], [ 0.87913, 44.66538 ], [ 0.87869, 44.66461 ], [ 0.87786, 44.66399 ], [ 0.87762, 44.66369 ], [ 0.87655, 44.66305 ], [ 0.87588, 44.66265 ], [ 0.87529, 44.66232 ], [ 0.87524, 44.66214 ], [ 0.87538, 44.66194 ], [ 0.87533, 44.66177 ], [ 0.87519, 44.66136 ], [ 0.87458, 44.66145 ], [ 0.87377, 44.66098 ], [ 0.87347, 44.66077 ], [ 0.87313, 44.66031 ], [ 0.87218, 44.66011 ], [ 0.8712, 44.65966 ], [ 0.87102, 44.65916 ], [ 0.87033, 44.6591 ], [ 0.86917, 44.65921 ], [ 0.86817, 44.65935 ], [ 0.86789, 44.65946 ], [ 0.86743, 44.65961 ], [ 0.86717, 44.6596 ], [ 0.86643, 44.65974 ], [ 0.86598, 44.65963 ], [ 0.86547, 44.65954 ], [ 0.86485, 44.65931 ], [ 0.86434, 44.65909 ], [ 0.86303, 44.65838 ], [ 0.86245, 44.65809 ], [ 0.86199, 44.65761 ], [ 0.86155, 44.65708 ], [ 0.86122, 44.65661 ], [ 0.86079, 44.6563 ], [ 0.86018, 44.65627 ], [ 0.85986, 44.65612 ], [ 0.85939, 44.65603 ], [ 0.85892, 44.65625 ], [ 0.85848, 44.65629 ], [ 0.85798, 44.65602 ], [ 0.85773, 44.65579 ], [ 0.85764, 44.65537 ], [ 0.85755, 44.65495 ], [ 0.85731, 44.65479 ], [ 0.85712, 44.65445 ], [ 0.85705, 44.65417 ], [ 0.85674, 44.65401 ], [ 0.85613, 44.65398 ], [ 0.85549, 44.65386 ], [ 0.8552, 44.65376 ], [ 0.85477, 44.65354 ], [ 0.85424, 44.65309 ], [ 0.85394, 44.65293 ], [ 0.85334, 44.65277 ], [ 0.85238, 44.65259 ], [ 0.85176, 44.6526 ], [ 0.85075, 44.65272 ], [ 0.84989, 44.65277 ], [ 0.84888, 44.65274 ], [ 0.84835, 44.65293 ], [ 0.848, 44.65309 ], [ 0.84723, 44.65299 ], [ 0.84683, 44.65318 ], [ 0.84647, 44.65327 ], [ 0.84606, 44.65326 ], [ 0.84584, 44.65341 ], [ 0.84567, 44.65361 ], [ 0.8449, 44.65365 ], [ 0.84459, 44.65382 ], [ 0.8438, 44.65422 ], [ 0.84314, 44.65432 ], [ 0.84276, 44.65445 ], [ 0.84147, 44.65466 ], [ 0.84092, 44.65467 ], [ 0.84032, 44.65472 ], [ 0.83983, 44.65482 ], [ 0.83907, 44.65482 ], [ 0.83881, 44.6546 ], [ 0.83862, 44.65446 ], [ 0.83775, 44.65436 ], [ 0.83762, 44.65438 ], [ 0.83725, 44.65403 ], [ 0.8369, 44.6538 ], [ 0.83646, 44.65353 ], [ 0.83544, 44.6534 ], [ 0.83504, 44.65335 ], [ 0.83502, 44.65338 ], [ 0.83496, 44.65345 ], [ 0.835, 44.65346 ], [ 0.83544, 44.65355 ], [ 0.8359, 44.65364 ], [ 0.83609, 44.65368 ], [ 0.83617, 44.6537 ], [ 0.83624, 44.65372 ], [ 0.83638, 44.65376 ], [ 0.83648, 44.6538 ], [ 0.83659, 44.65385 ], [ 0.83665, 44.65389 ], [ 0.83679, 44.65403 ], [ 0.83689, 44.6541 ], [ 0.83694, 44.65415 ], [ 0.83696, 44.65418 ], [ 0.83696, 44.65423 ], [ 0.83712, 44.65436 ] ] ], [ [ [ 0.6965, 44.70964 ], [ 0.69651, 44.70965 ], [ 0.69668, 44.70971 ], [ 0.69712, 44.70976 ], [ 0.69761, 44.70982 ], [ 0.69825, 44.71004 ], [ 0.69917, 44.71079 ], [ 0.69942, 44.71105 ], [ 0.69994, 44.71143 ], [ 0.70005, 44.71156 ], [ 0.70062, 44.71171 ], [ 0.70092, 44.71178 ], [ 0.70154, 44.71189 ], [ 0.70249, 44.71209 ], [ 0.70335, 44.71237 ], [ 0.70355, 44.71248 ], [ 0.70368, 44.71258 ], [ 0.70396, 44.71272 ], [ 0.7042, 44.71279 ], [ 0.7044, 44.71283 ], [ 0.70582, 44.71292 ], [ 0.70654, 44.71291 ], [ 0.70723, 44.71287 ], [ 0.70798, 44.71282 ], [ 0.7089, 44.71259 ], [ 0.70932, 44.71255 ], [ 0.71, 44.71256 ], [ 0.71005, 44.71263 ], [ 0.7101, 44.71264 ], [ 0.7101, 44.71264 ], [ 0.71017, 44.71265 ], [ 0.7103, 44.71267 ], [ 0.71031, 44.71268 ], [ 0.71032, 44.71268 ], [ 0.71051, 44.71269 ], [ 0.71052, 44.71269 ], [ 0.71055, 44.71269 ], [ 0.71062, 44.71271 ], [ 0.71066, 44.71272 ], [ 0.71069, 44.71273 ], [ 0.71072, 44.71275 ], [ 0.71077, 44.71278 ], [ 0.71079, 44.7128 ], [ 0.7108, 44.71283 ], [ 0.71081, 44.71284 ], [ 0.71083, 44.71287 ], [ 0.71091, 44.7129 ], [ 0.71104, 44.71315 ], [ 0.71103, 44.71314 ], [ 0.71109, 44.71323 ], [ 0.71112, 44.71328 ], [ 0.71115, 44.71332 ], [ 0.71115, 44.71333 ], [ 0.71121, 44.7134 ], [ 0.71132, 44.71356 ], [ 0.71137, 44.71364 ], [ 0.71143, 44.71373 ], [ 0.71146, 44.71377 ], [ 0.71148, 44.71378 ], [ 0.71154, 44.71387 ], [ 0.71155, 44.71387 ], [ 0.71156, 44.71389 ], [ 0.7116, 44.71394 ], [ 0.71161, 44.71394 ], [ 0.71161, 44.71394 ], [ 0.71157, 44.71402 ], [ 0.7116, 44.71397 ], [ 0.7116, 44.71398 ], [ 0.71181, 44.71427 ], [ 0.71259, 44.71442 ], [ 0.7129, 44.71439 ], [ 0.71309, 44.71432 ], [ 0.71328, 44.71421 ], [ 0.71337, 44.71431 ], [ 0.71341, 44.71448 ], [ 0.71335, 44.71471 ], [ 0.71276, 44.71483 ], [ 0.71255, 44.71496 ], [ 0.71258, 44.71517 ], [ 0.71277, 44.71537 ], [ 0.71275, 44.71554 ], [ 0.71227, 44.7157 ], [ 0.71237, 44.71593 ], [ 0.71253, 44.71625 ], [ 0.71255, 44.71632 ], [ 0.71256, 44.71633 ], [ 0.71261, 44.71645 ], [ 0.71263, 44.71648 ], [ 0.71266, 44.71652 ], [ 0.71266, 44.71654 ], [ 0.71267, 44.71656 ], [ 0.71267, 44.71657 ], [ 0.71284, 44.7169 ], [ 0.71285, 44.71693 ], [ 0.71286, 44.71696 ], [ 0.713, 44.71728 ], [ 0.71301, 44.71728 ], [ 0.71307, 44.7174 ], [ 0.71312, 44.71752 ], [ 0.71313, 44.71753 ], [ 0.71318, 44.71764 ], [ 0.71318, 44.71765 ], [ 0.71326, 44.71781 ], [ 0.71333, 44.71798 ], [ 0.71339, 44.71809 ], [ 0.71339, 44.7181 ], [ 0.71342, 44.71815 ], [ 0.71343, 44.71816 ], [ 0.71349, 44.71829 ], [ 0.71349, 44.7183 ], [ 0.7135, 44.71832 ], [ 0.71351, 44.71833 ], [ 0.71353, 44.71834 ], [ 0.71354, 44.71834 ], [ 0.71354, 44.71834 ], [ 0.71359, 44.71838 ], [ 0.71373, 44.71844 ], [ 0.71374, 44.71845 ], [ 0.71379, 44.71848 ], [ 0.7138, 44.71849 ], [ 0.71381, 44.71856 ], [ 0.71381, 44.71857 ], [ 0.71381, 44.71865 ], [ 0.71381, 44.71866 ], [ 0.71384, 44.71877 ], [ 0.71384, 44.71878 ], [ 0.71385, 44.71879 ], [ 0.71389, 44.71892 ], [ 0.71389, 44.71893 ], [ 0.71395, 44.71908 ], [ 0.71397, 44.71912 ], [ 0.71399, 44.71916 ], [ 0.71403, 44.71918 ], [ 0.71408, 44.71918 ], [ 0.71409, 44.71918 ], [ 0.71415, 44.71918 ], [ 0.71416, 44.71919 ], [ 0.71417, 44.7192 ], [ 0.71418, 44.71921 ], [ 0.71425, 44.71936 ], [ 0.71427, 44.71937 ], [ 0.71431, 44.71944 ], [ 0.71433, 44.71946 ], [ 0.71441, 44.71956 ], [ 0.71442, 44.71957 ], [ 0.71455, 44.71974 ], [ 0.71456, 44.71975 ], [ 0.71463, 44.71987 ], [ 0.71464, 44.71987 ], [ 0.71467, 44.71992 ], [ 0.71472, 44.71998 ], [ 0.71473, 44.71998 ], [ 0.71483, 44.72011 ], [ 0.7149, 44.72022 ], [ 0.71491, 44.72023 ], [ 0.71494, 44.72034 ], [ 0.71496, 44.72034 ], [ 0.71496, 44.72036 ], [ 0.71498, 44.7205 ], [ 0.71499, 44.7205 ], [ 0.71499, 44.72051 ], [ 0.71502, 44.72069 ], [ 0.71502, 44.7207 ], [ 0.71504, 44.72085 ], [ 0.71504, 44.72086 ], [ 0.71509, 44.7211 ], [ 0.71515, 44.72122 ], [ 0.71516, 44.72123 ], [ 0.71533, 44.72147 ], [ 0.71533, 44.72147 ], [ 0.71534, 44.72149 ], [ 0.71539, 44.72157 ], [ 0.7154, 44.72158 ], [ 0.71541, 44.72159 ], [ 0.71551, 44.72169 ], [ 0.71552, 44.72169 ], [ 0.71555, 44.72172 ], [ 0.71567, 44.72183 ], [ 0.71579, 44.72195 ], [ 0.71579, 44.72196 ], [ 0.71581, 44.72197 ], [ 0.71599, 44.72217 ], [ 0.716, 44.72218 ], [ 0.71611, 44.72228 ], [ 0.71617, 44.72234 ], [ 0.71619, 44.72235 ], [ 0.71622, 44.7224 ], [ 0.71622, 44.72241 ], [ 0.71631, 44.72256 ], [ 0.71648, 44.72294 ], [ 0.7165, 44.72296 ], [ 0.71658, 44.7231 ], [ 0.71663, 44.7232 ], [ 0.71674, 44.72341 ], [ 0.71675, 44.72343 ], [ 0.7168, 44.72353 ], [ 0.71681, 44.72354 ], [ 0.71681, 44.72357 ], [ 0.71682, 44.72362 ], [ 0.7168, 44.72366 ], [ 0.71679, 44.72369 ], [ 0.71679, 44.72371 ], [ 0.71675, 44.72375 ], [ 0.71673, 44.72378 ], [ 0.71667, 44.7238 ], [ 0.71666, 44.7238 ], [ 0.71664, 44.72381 ], [ 0.71662, 44.72381 ], [ 0.71656, 44.72386 ], [ 0.71653, 44.72386 ], [ 0.71652, 44.72387 ], [ 0.71651, 44.72387 ], [ 0.71647, 44.72388 ], [ 0.71644, 44.72389 ], [ 0.71643, 44.7239 ], [ 0.71639, 44.72395 ], [ 0.71638, 44.72397 ], [ 0.71638, 44.72398 ], [ 0.71635, 44.72404 ], [ 0.71635, 44.72404 ], [ 0.71635, 44.72406 ], [ 0.71634, 44.72411 ], [ 0.71635, 44.72414 ], [ 0.71642, 44.7243 ], [ 0.71644, 44.72433 ], [ 0.71647, 44.72436 ], [ 0.71648, 44.72436 ], [ 0.71662, 44.72449 ], [ 0.71674, 44.72455 ], [ 0.71678, 44.72457 ], [ 0.7169, 44.72466 ], [ 0.71691, 44.72466 ], [ 0.717, 44.72471 ], [ 0.71737, 44.72491 ], [ 0.71737, 44.72492 ], [ 0.71772, 44.72511 ], [ 0.71791, 44.72521 ], [ 0.71814, 44.72535 ], [ 0.71818, 44.72539 ], [ 0.71819, 44.72539 ], [ 0.71824, 44.72543 ], [ 0.71829, 44.72555 ], [ 0.71829, 44.72556 ], [ 0.71841, 44.72578 ], [ 0.71842, 44.7258 ], [ 0.71842, 44.72581 ], [ 0.71847, 44.7259 ], [ 0.71854, 44.72601 ], [ 0.71866, 44.72621 ], [ 0.71867, 44.72623 ], [ 0.71882, 44.72648 ], [ 0.71882, 44.72649 ], [ 0.71889, 44.7266 ], [ 0.71893, 44.72665 ], [ 0.71893, 44.72666 ], [ 0.71895, 44.72671 ], [ 0.71909, 44.72695 ], [ 0.71912, 44.72699 ], [ 0.71913, 44.72699 ], [ 0.71921, 44.72714 ], [ 0.71923, 44.72714 ], [ 0.71931, 44.72727 ], [ 0.71932, 44.72731 ], [ 0.71935, 44.72735 ], [ 0.71935, 44.72736 ], [ 0.71962, 44.72785 ], [ 0.71964, 44.72785 ], [ 0.71967, 44.72793 ], [ 0.71994, 44.72789 ], [ 0.71978, 44.72757 ], [ 0.7194, 44.72693 ], [ 0.71903, 44.7265 ], [ 0.71888, 44.72609 ], [ 0.71868, 44.7256 ], [ 0.71804, 44.72507 ], [ 0.71748, 44.72483 ], [ 0.71734, 44.72464 ], [ 0.71732, 44.72446 ], [ 0.71738, 44.72428 ], [ 0.7175, 44.72402 ], [ 0.71774, 44.72369 ], [ 0.7178, 44.72325 ], [ 0.71736, 44.72267 ], [ 0.71692, 44.72232 ], [ 0.71658, 44.72184 ], [ 0.71631, 44.7216 ], [ 0.71599, 44.72132 ], [ 0.71569, 44.72101 ], [ 0.71545, 44.72105 ], [ 0.7154, 44.72059 ], [ 0.71532, 44.72046 ], [ 0.7152, 44.7203 ], [ 0.71512, 44.72008 ], [ 0.71526, 44.71983 ], [ 0.71483, 44.71946 ], [ 0.71471, 44.71913 ], [ 0.71504, 44.71872 ], [ 0.71476, 44.71854 ], [ 0.71476, 44.71837 ], [ 0.71507, 44.7183 ], [ 0.71484, 44.71782 ], [ 0.71579, 44.71763 ], [ 0.71564, 44.71726 ], [ 0.71586, 44.71704 ], [ 0.71558, 44.71703 ], [ 0.71514, 44.71673 ], [ 0.71457, 44.71655 ], [ 0.71443, 44.71618 ], [ 0.71408, 44.7158 ], [ 0.71372, 44.71564 ], [ 0.71316, 44.71503 ], [ 0.71382, 44.71471 ], [ 0.71437, 44.71434 ], [ 0.71509, 44.71446 ], [ 0.71544, 44.71442 ], [ 0.71663, 44.71387 ], [ 0.71717, 44.71353 ], [ 0.71793, 44.71354 ], [ 0.72015, 44.71296 ], [ 0.72075, 44.7129 ], [ 0.72168, 44.71272 ], [ 0.722, 44.71315 ], [ 0.72232, 44.71321 ], [ 0.72312, 44.71349 ], [ 0.72401, 44.71317 ], [ 0.72446, 44.71315 ], [ 0.72476, 44.71346 ], [ 0.7259, 44.71363 ], [ 0.72648, 44.71364 ], [ 0.72689, 44.71334 ], [ 0.72742, 44.71335 ], [ 0.72766, 44.71333 ], [ 0.72797, 44.71315 ], [ 0.72825, 44.71264 ], [ 0.72863, 44.71247 ], [ 0.72976, 44.71232 ], [ 0.73015, 44.7121 ], [ 0.73081, 44.71211 ], [ 0.73152, 44.71195 ], [ 0.73137, 44.71147 ], [ 0.73189, 44.71116 ], [ 0.73267, 44.71078 ], [ 0.73285, 44.71077 ], [ 0.73285, 44.71048 ], [ 0.73278, 44.71033 ], [ 0.73223, 44.71036 ], [ 0.73121, 44.71078 ], [ 0.7303, 44.71113 ], [ 0.72998, 44.71127 ], [ 0.7287, 44.71152 ], [ 0.7283, 44.71172 ], [ 0.72772, 44.71174 ], [ 0.72745, 44.71193 ], [ 0.72726, 44.71201 ], [ 0.72686, 44.71218 ], [ 0.72663, 44.71229 ], [ 0.72645, 44.71256 ], [ 0.72616, 44.71259 ], [ 0.72598, 44.7127 ], [ 0.72577, 44.71304 ], [ 0.72563, 44.71308 ], [ 0.72529, 44.71298 ], [ 0.72489, 44.71293 ], [ 0.72459, 44.71286 ], [ 0.72444, 44.71279 ], [ 0.72431, 44.71271 ], [ 0.72363, 44.7128 ], [ 0.72316, 44.7127 ], [ 0.72285, 44.71252 ], [ 0.72244, 44.71209 ], [ 0.72159, 44.71171 ], [ 0.72094, 44.71182 ], [ 0.72041, 44.71179 ], [ 0.72007, 44.71157 ], [ 0.71908, 44.7111 ], [ 0.71851, 44.71084 ], [ 0.71867, 44.71055 ], [ 0.71671, 44.70976 ], [ 0.71585, 44.71053 ], [ 0.71571, 44.71077 ], [ 0.71551, 44.71076 ], [ 0.71515, 44.71094 ], [ 0.71486, 44.71062 ], [ 0.71465, 44.7102 ], [ 0.71436, 44.70999 ], [ 0.71426, 44.70972 ], [ 0.71414, 44.70943 ], [ 0.71349, 44.70918 ], [ 0.71279, 44.70889 ], [ 0.71118, 44.70848 ], [ 0.71054, 44.70942 ], [ 0.70976, 44.70927 ], [ 0.70975, 44.70986 ], [ 0.70948, 44.7104 ], [ 0.70905, 44.71079 ], [ 0.70777, 44.71051 ], [ 0.70722, 44.71043 ], [ 0.70677, 44.71088 ], [ 0.70638, 44.71084 ], [ 0.70586, 44.71077 ], [ 0.70515, 44.71059 ], [ 0.70438, 44.71054 ], [ 0.70332, 44.70993 ], [ 0.70309, 44.71016 ], [ 0.70295, 44.71038 ], [ 0.70243, 44.71089 ], [ 0.70197, 44.71063 ], [ 0.70151, 44.71102 ], [ 0.70072, 44.71091 ], [ 0.70043, 44.71069 ], [ 0.69964, 44.71024 ], [ 0.69945, 44.71013 ], [ 0.69919, 44.70991 ], [ 0.6991, 44.70995 ], [ 0.69903, 44.70995 ], [ 0.69902, 44.70996 ], [ 0.699, 44.70996 ], [ 0.69895, 44.70996 ], [ 0.69893, 44.70997 ], [ 0.69882, 44.70998 ], [ 0.69881, 44.70998 ], [ 0.69878, 44.70998 ], [ 0.69877, 44.70998 ], [ 0.69854, 44.71001 ], [ 0.6985, 44.71001 ], [ 0.69849, 44.71001 ], [ 0.69841, 44.71 ], [ 0.69838, 44.71 ], [ 0.6983, 44.70998 ], [ 0.69829, 44.70997 ], [ 0.69821, 44.70995 ], [ 0.69811, 44.70992 ], [ 0.6981, 44.70992 ], [ 0.69809, 44.70992 ], [ 0.69809, 44.70991 ], [ 0.69806, 44.70991 ], [ 0.698, 44.70987 ], [ 0.69789, 44.70983 ], [ 0.69783, 44.7098 ], [ 0.69773, 44.70975 ], [ 0.69772, 44.70975 ], [ 0.69765, 44.70973 ], [ 0.69762, 44.70972 ], [ 0.6976, 44.70972 ], [ 0.6976, 44.70971 ], [ 0.69748, 44.70969 ], [ 0.69747, 44.70969 ], [ 0.69731, 44.70967 ], [ 0.6973, 44.70967 ], [ 0.69718, 44.70966 ], [ 0.69716, 44.70966 ], [ 0.69692, 44.70963 ], [ 0.69663, 44.70961 ], [ 0.69652, 44.70961 ], [ 0.6965, 44.70964 ] ] ] ] } }
]
}
