{
"type": "FeatureCollection",
"crs": { "type": "name", "properties": { "name": "urn:ogc:def:crs:OGC:1.3:CRS84" } },
"name": "Zone à aménager",
"color": "#F18700",
"active": "true",
"interactive": "false",
"description": "Elles nécessitent un plan d’aménagement, avec création de voirie afin de pouvoir y implanter les nouvelles constructions",

"features": [
{ "type": "Feature", "properties": { "NOM": null, "TYPOLOGIE": null, "COMMUNE": "Saint-Avit-Sénieur", "COMMUNAUTE": "CC des Bastides Dordogne Périgord", "INSEE_COMM": 24379, "ID_CDECOMM": 21, "SURFACE_UR": 0.97655, "COVISIBILI": "non", "SUP_URBA_H": null, "SITUATION_": "clairiere", "SITUATION1": "plateau plaine" }, "geometry": { "type": "MultiPolygon", "coordinates": [ [ [ [ 0.828805234303319, 44.77468576377688 ], [ 0.828805476647884, 44.774676771226673 ], [ 0.827671179883792, 44.774589287876445 ], [ 0.827587184538814, 44.774893997878749 ], [ 0.827562917503525, 44.775325467449015 ], [ 0.828320660112505, 44.775326838925693 ], [ 0.829217520110715, 44.775321111199247 ], [ 0.829259998341839, 44.775150770440128 ], [ 0.82928621735379, 44.775115145390416 ], [ 0.829379437157612, 44.774936502354933 ], [ 0.829130573199044, 44.77479816240708 ], [ 0.829056035402911, 44.774752164039683 ], [ 0.828805234303319, 44.77468576377688 ] ] ] ] } },
{ "type": "Feature", "properties": { "NOM": null, "TYPOLOGIE": null, "COMMUNE": "Trémolat", "COMMUNAUTE": "CC des Bastides Dordogne Périgord", "INSEE_COMM": 24558, "ID_CDECOMM": 21, "SURFACE_UR": 0.2986, "COVISIBILI": "non", "SUP_URBA_H": null, "SITUATION_": "non boise", "SITUATION1": "plateau plaine" }, "geometry": { "type": "MultiPolygon", "coordinates": [ [ [ [ 0.842085178963893, 44.866652800672867 ], [ 0.842502863992746, 44.867117257184319 ], [ 0.842613068093974, 44.86725369068521 ], [ 0.842690145031676, 44.867209752493629 ], [ 0.842830931442244, 44.867148683664716 ], [ 0.842745297000471, 44.867039571262048 ], [ 0.842937627461068, 44.866943214841726 ], [ 0.842976045386842, 44.86692574210182 ], [ 0.842545712288547, 44.866461116334648 ], [ 0.842289914284558, 44.866565609442887 ], [ 0.842085178963893, 44.866652800672867 ] ] ] ] } },
{ "type": "Feature", "properties": { "NOM": null, "TYPOLOGIE": null, "COMMUNE": "Trémolat", "COMMUNAUTE": "CC des Bastides Dordogne Périgord", "INSEE_COMM": 24558, "ID_CDECOMM": 21, "SURFACE_UR": 1.0992, "COVISIBILI": "non", "SUP_URBA_H": null, "SITUATION_": "boise", "SITUATION1": "pente" }, "geometry": { "type": "MultiPolygon", "coordinates": [ [ [ [ 0.81457335374631, 44.889316509931859 ], [ 0.814274150707541, 44.889150453887737 ], [ 0.813932093886944, 44.889163732670845 ], [ 0.813729193658934, 44.889178928655994 ], [ 0.813614847643879, 44.889195345051299 ], [ 0.813309515787492, 44.889254109750318 ], [ 0.813220225455563, 44.88927986752342 ], [ 0.81293970331483, 44.88935696594271 ], [ 0.812620001372448, 44.889478504804167 ], [ 0.812169617873976, 44.889751177097857 ], [ 0.812998678522577, 44.889978525202977 ], [ 0.813111554348179, 44.890016067054233 ], [ 0.813149506753409, 44.890016590397984 ], [ 0.813174563039055, 44.890025932222535 ], [ 0.813526332965093, 44.890120745425072 ], [ 0.81374605634011, 44.889952844252406 ], [ 0.813849469543735, 44.88987330279226 ], [ 0.814030503238326, 44.889731856775953 ], [ 0.814043399156176, 44.889723038183327 ], [ 0.814224431875501, 44.889581591857741 ], [ 0.81457335374631, 44.889316509931859 ] ] ] ] } },
{ "type": "Feature", "properties": { "NOM": null, "TYPOLOGIE": null, "COMMUNE": "Monsac", "COMMUNAUTE": "CC des Bastides Dordogne Périgord", "INSEE_COMM": 24281, "ID_CDECOMM": 21, "SURFACE_UR": 3.5708, "COVISIBILI": "non", "SUP_URBA_H": null, "SITUATION_": "boise", "SITUATION1": "pente" }, "geometry": { "type": "MultiPolygon", "coordinates": [ [ [ [ 0.698118217235797, 44.790462954056572 ], [ 0.698301592202196, 44.790240772380599 ], [ 0.697787284328026, 44.789684367407617 ], [ 0.697153277054598, 44.789333093679737 ], [ 0.696500299253702, 44.789629259545578 ], [ 0.695757834122381, 44.790391892798134 ], [ 0.695327359881708, 44.791285109620553 ], [ 0.695077662538565, 44.791614254383632 ], [ 0.695253139281571, 44.791661845805223 ], [ 0.695602511179785, 44.791810981456926 ], [ 0.695727739412102, 44.791848828596201 ], [ 0.695740104009459, 44.791858008666978 ], [ 0.695940575056337, 44.791914966863231 ], [ 0.695940575056337, 44.791914966863231 ], [ 0.696165775898886, 44.791990284745019 ], [ 0.696190768957214, 44.791999652512104 ], [ 0.69678329255987, 44.791180810160654 ], [ 0.698118217235797, 44.790462954056572 ] ] ] ] } },
{ "type": "Feature", "properties": { "NOM": null, "TYPOLOGIE": null, "COMMUNE": "Trémolat", "COMMUNAUTE": "CC des Bastides Dordogne Périgord", "INSEE_COMM": 24558, "ID_CDECOMM": 21, "SURFACE_UR": 0.4259, "COVISIBILI": "non", "SUP_URBA_H": null, "SITUATION_": "non boise", "SITUATION1": "plateau plaine" }, "geometry": { "type": "MultiPolygon", "coordinates": [ [ [ [ 0.858804151030423, 44.872563357811309 ], [ 0.858786068971369, 44.873246823955554 ], [ 0.859039249987776, 44.873241215139387 ], [ 0.859241842334722, 44.873234929073369 ], [ 0.859469728943842, 44.873228980927564 ], [ 0.85967232119827, 44.873222694072531 ], [ 0.859503108777543, 44.872923557970523 ], [ 0.859432933937571, 44.872706711662417 ], [ 0.859386151012652, 44.872562147442778 ], [ 0.859386626663537, 44.872544161491554 ], [ 0.859361094836076, 44.87255281615672 ], [ 0.859361094836076, 44.87255281615672 ], [ 0.859183798972288, 44.872559440796728 ], [ 0.858804151030423, 44.872563357811309 ] ] ] ] } },
{ "type": "Feature", "properties": { "NOM": null, "TYPOLOGIE": null, "COMMUNE": "Monsac", "COMMUNAUTE": "CC des Bastides Dordogne Périgord", "INSEE_COMM": 24281, "ID_CDECOMM": 21, "SURFACE_UR": 1.0492, "COVISIBILI": "non", "SUP_URBA_H": null, "SITUATION_": "non boise", "SITUATION1": "pente" }, "geometry": { "type": "MultiPolygon", "coordinates": [ [ [ [ 0.698839719515435, 44.782215183975445 ], [ 0.698657170586748, 44.781978573852783 ], [ 0.698608508680489, 44.781914878290117 ], [ 0.698510921965928, 44.781796479347889 ], [ 0.698208697673037, 44.78133318764327 ], [ 0.698001429083653, 44.781078217014645 ], [ 0.697976967221806, 44.781050865222255 ], [ 0.697941196098511, 44.780978364691016 ], [ 0.697880699997417, 44.780887504576114 ], [ 0.697856764946011, 44.780842168284579 ], [ 0.697833356608591, 44.780778847514753 ], [ 0.697761551824396, 44.780642838602532 ], [ 0.697736036859854, 44.780651455706519 ], [ 0.69771052188747, 44.78066007280465 ], [ 0.697544806067623, 44.780711587681559 ], [ 0.69743012007586, 44.780745868261207 ], [ 0.69727729301101, 44.780788578104335 ], [ 0.697238888633696, 44.780805999708882 ], [ 0.69723862520065, 44.780814991944595 ], [ 0.697187594946384, 44.780832225906295 ], [ 0.697174969099616, 44.780832038275285 ], [ 0.697021878137514, 44.780883740002224 ], [ 0.696983473615692, 44.780901161518692 ], [ 0.697019770389487, 44.780955677887043 ], [ 0.697081055547619, 44.781019561768559 ], [ 0.697080792088261, 44.781028554004692 ], [ 0.697129451490343, 44.781092250218038 ], [ 0.697165748529713, 44.781146766542697 ], [ 0.69720257252102, 44.781183298382501 ], [ 0.697299628555232, 44.781319682927922 ], [ 0.697421146817075, 44.781483419321489 ], [ 0.697493742039832, 44.781592451785862 ], [ 0.697517940510144, 44.781628795931155 ], [ 0.697554501660942, 44.781674319900411 ], [ 0.697566337544863, 44.78170148420741 ], [ 0.697627097390076, 44.781783352285679 ], [ 0.697687594046648, 44.781874212574031 ], [ 0.697851996473449, 44.781867658661021 ], [ 0.698126610753036, 44.78197969140998 ], [ 0.698203157256015, 44.78195383979412 ], [ 0.698215256795091, 44.781972011792227 ], [ 0.698300480325902, 44.782081231259681 ], [ 0.698324679529935, 44.782117575235262 ], [ 0.698409376991053, 44.782244779112432 ], [ 0.698518800761964, 44.782390342379443 ], [ 0.698839719515435, 44.782215183975445 ] ] ] ] } },
{ "type": "Feature", "properties": { "NOM": null, "TYPOLOGIE": null, "COMMUNE": "Trémolat", "COMMUNAUTE": "CC des Bastides Dordogne Périgord", "INSEE_COMM": 24558, "ID_CDECOMM": 21, "SURFACE_UR": 0.2136, "COVISIBILI": "non", "SUP_URBA_H": null, "SITUATION_": "non boise", "SITUATION1": "plateau plaine" }, "geometry": { "type": "MultiPolygon", "coordinates": [ [ [ [ 0.842801963610131, 44.871070626137119 ], [ 0.842928429775498, 44.871072336576326 ], [ 0.843143181848447, 44.871084236925732 ], [ 0.843252769105495, 44.870770852268706 ], [ 0.843227716416925, 44.870761517332859 ], [ 0.84315183713217, 44.870760491292316 ], [ 0.843051145635443, 44.870741137290402 ], [ 0.842470126357056, 44.870706289923241 ], [ 0.842517585668052, 44.870823882388144 ], [ 0.842427616514875, 44.870876642361509 ], [ 0.842426173274203, 44.870930599957163 ], [ 0.842464113024756, 44.870931113233048 ], [ 0.842574324531927, 44.871067546981948 ], [ 0.842801963610131, 44.871070626137119 ] ] ] ] } },
{ "type": "Feature", "properties": { "NOM": null, "TYPOLOGIE": null, "COMMUNE": "Le Buisson-de-Cadouin", "COMMUNAUTE": "CC des Bastides Dordogne Périgord", "INSEE_COMM": 24068, "ID_CDECOMM": 21, "SURFACE_UR": 0.57965, "COVISIBILI": "non", "SUP_URBA_H": null, "SITUATION_": "non boise", "SITUATION1": "vallee" }, "geometry": { "type": "MultiPolygon", "coordinates": [ [ [ [ 0.90845734704153, 44.851923009926409 ], [ 0.909165787951575, 44.851914180826888 ], [ 0.910127079116599, 44.851908614789629 ], [ 0.909789405418982, 44.851760315275619 ], [ 0.909251981337624, 44.851510476410084 ], [ 0.909052000122209, 44.851417930729099 ], [ 0.908764671915706, 44.851279275057287 ], [ 0.908280353411919, 44.851425941226914 ], [ 0.90845734704153, 44.851923009926409 ] ] ] ] } },
{ "type": "Feature", "properties": { "NOM": null, "TYPOLOGIE": null, "COMMUNE": "Beaumontois-en-Périgord (Nojals-et-Clotte)", "COMMUNAUTE": "CC des Bastides Dordogne Périgord", "INSEE_COMM": 24310, "ID_CDECOMM": 21, "SURFACE_UR": 0.38545, "COVISIBILI": "non", "SUP_URBA_H": null, "SITUATION_": "non boise", "SITUATION1": "plateau plaine" }, "geometry": { "type": "MultiPolygon", "coordinates": [ [ [ [ 0.756865486246225, 44.730444293821748 ], [ 0.756925076522279, 44.730121298037574 ], [ 0.75701674334587, 44.729555874647566 ], [ 0.757092243294212, 44.729116161205503 ], [ 0.757093765001661, 44.729062208058203 ], [ 0.756685468151553, 44.729668071899027 ], [ 0.756487623728748, 44.729971093736609 ], [ 0.75626404032028, 44.730291737876271 ], [ 0.756865486246225, 44.730444293821748 ] ] ] ] } },
{ "type": "Feature", "properties": { "NOM": null, "TYPOLOGIE": null, "COMMUNE": "Le Buisson-de-Cadouin", "COMMUNAUTE": "CC des Bastides Dordogne Périgord", "INSEE_COMM": 24068, "ID_CDECOMM": 21, "SURFACE_UR": 1.1762, "COVISIBILI": "non", "SUP_URBA_H": null, "SITUATION_": "boise", "SITUATION1": "vallee" }, "geometry": { "type": "MultiPolygon", "coordinates": [ [ [ [ 0.906763724965542, 44.851388315564236 ], [ 0.908293454033698, 44.85190289755726 ], [ 0.908343564337362, 44.851921537856626 ], [ 0.90845734704153, 44.851923009926409 ], [ 0.908280353411919, 44.851425941226914 ], [ 0.908764671915706, 44.851279275057287 ], [ 0.908727204420517, 44.85126079848019 ], [ 0.908276906729633, 44.851066057577235 ], [ 0.908001764669954, 44.850945549517654 ], [ 0.908002224540539, 44.85092756351743 ], [ 0.907639507839638, 44.850769937266278 ], [ 0.907143928937317, 44.850862476777024 ], [ 0.906584446414503, 44.850981174224309 ], [ 0.906546289330364, 44.850989675901744 ], [ 0.906606508794576, 44.851107403731888 ], [ 0.906678680425925, 44.851252274291468 ], [ 0.906763724965542, 44.851388315564236 ] ] ] ] } },
{ "type": "Feature", "properties": { "NOM": null, "TYPOLOGIE": null, "COMMUNE": "Le Buisson-de-Cadouin", "COMMUNAUTE": "CC des Bastides Dordogne Périgord", "INSEE_COMM": 24068, "ID_CDECOMM": 21, "SURFACE_UR": 1.89145, "COVISIBILI": "non", "SUP_URBA_H": null, "SITUATION_": "non boise", "SITUATION1": "vallee" }, "geometry": { "type": "MultiPolygon", "coordinates": [ [ [ [ 0.898767661320079, 44.846606544958895 ], [ 0.899404964467353, 44.846902714964969 ], [ 0.900292329276858, 44.847310087178414 ], [ 0.900579616189595, 44.847448764678155 ], [ 0.901067089599533, 44.847671008827909 ], [ 0.90094621946272, 44.847453533362618 ], [ 0.900861657137964, 44.847299501874893 ], [ 0.900643586024822, 44.846927830144267 ], [ 0.900582690244801, 44.846837078166686 ], [ 0.900279832387649, 44.846320367048804 ], [ 0.900509916942392, 44.846224405035002 ], [ 0.900412023092052, 44.846097187713497 ], [ 0.90006893574213, 44.845669912385183 ], [ 0.899885100065207, 44.845442620535238 ], [ 0.899501938238315, 44.845590564743027 ], [ 0.899144056530073, 44.845738836837917 ], [ 0.899327889980326, 44.845966129819445 ], [ 0.899302145116446, 44.845983786583794 ], [ 0.899212731938269, 44.846018606318246 ], [ 0.899068821176803, 44.846205647954037 ], [ 0.898767661320079, 44.846606544958895 ] ] ] ] } },
{ "type": "Feature", "properties": { "NOM": null, "TYPOLOGIE": null, "COMMUNE": "Le Buisson-de-Cadouin", "COMMUNAUTE": "CC des Bastides Dordogne Périgord", "INSEE_COMM": 24068, "ID_CDECOMM": 21, "SURFACE_UR": 0.49885, "COVISIBILI": "non", "SUP_URBA_H": null, "SITUATION_": "boise", "SITUATION1": "pente" }, "geometry": { "type": "MultiPolygon", "coordinates": [ [ [ [ 0.939948099026719, 44.831158625226863 ], [ 0.940115538033834, 44.83103480264527 ], [ 0.940154125846306, 44.831008303473752 ], [ 0.940283650332482, 44.830884000845764 ], [ 0.940426486049581, 44.830732879003257 ], [ 0.940517646586811, 44.830626082388143 ], [ 0.940454232864872, 44.830634275912239 ], [ 0.938742505217014, 44.830837501341009 ], [ 0.938753793542704, 44.830891619355832 ], [ 0.938765531731215, 44.830927751395798 ], [ 0.938814508855036, 44.830991342657434 ], [ 0.938913812820477, 44.83106456719058 ], [ 0.939227961795737, 44.831140512474839 ], [ 0.939948099026719, 44.831158625226863 ] ] ] ] } },
{ "type": "Feature", "properties": { "NOM": null, "TYPOLOGIE": null, "COMMUNE": "Le Buisson-de-Cadouin", "COMMUNAUTE": "CC des Bastides Dordogne Périgord", "INSEE_COMM": 24068, "ID_CDECOMM": 21, "SURFACE_UR": 0.9492, "COVISIBILI": "non", "SUP_URBA_H": null, "SITUATION_": "boise", "SITUATION1": "plateau plaine" }, "geometry": { "type": "MultiPolygon", "coordinates": [ [ [ [ 0.881836830961954, 44.781947103431115 ], [ 0.881620306514545, 44.782016213166521 ], [ 0.880501434753809, 44.782298306395447 ], [ 0.880501434753809, 44.782298306395447 ], [ 0.881566046133558, 44.783130975721569 ], [ 0.882219372202755, 44.782779762122388 ], [ 0.881945091909222, 44.782155434757904 ], [ 0.881908381175547, 44.782109971542866 ], [ 0.88184898985103, 44.781965255412821 ], [ 0.881836830961954, 44.781947103431115 ] ] ] ] } },
{ "type": "Feature", "properties": { "NOM": null, "TYPOLOGIE": null, "COMMUNE": "Le Buisson-de-Cadouin", "COMMUNAUTE": "CC des Bastides Dordogne Périgord", "INSEE_COMM": 24068, "ID_CDECOMM": 21, "SURFACE_UR": 0.8777, "COVISIBILI": "non", "SUP_URBA_H": null, "SITUATION_": "non boise", "SITUATION1": "vallee" }, "geometry": { "type": "MultiPolygon", "coordinates": [ [ [ [ 0.940308308249001, 44.83141506707274 ], [ 0.940246017029599, 44.831378295519464 ], [ 0.940071107682334, 44.831295119567066 ], [ 0.939945851705604, 44.831248555134337 ], [ 0.939921025271633, 44.831230249240036 ], [ 0.939909061537246, 44.831203110309396 ], [ 0.93992237368861, 44.831176291295819 ], [ 0.93993523635969, 44.83116745826208 ], [ 0.939948099026719, 44.831158625226863 ], [ 0.939227961795737, 44.831140512474839 ], [ 0.938913812820477, 44.83106456719058 ], [ 0.938888087199731, 44.831082233018094 ], [ 0.93858117809849, 44.831222278585727 ], [ 0.939356459791234, 44.832068710898689 ], [ 0.939613268742314, 44.831910037180997 ], [ 0.939799693654723, 44.832038338818379 ], [ 0.940308308249001, 44.83141506707274 ] ] ] ] } },
{ "type": "Feature", "properties": { "NOM": null, "TYPOLOGIE": null, "COMMUNE": "Pezuls", "COMMUNAUTE": "CC des Bastides Dordogne Périgord", "INSEE_COMM": 24327, "ID_CDECOMM": 21, "SURFACE_UR": 3.36715, "COVISIBILI": "non", "SUP_URBA_H": null, "SITUATION_": "non boise", "SITUATION1": "plateau plaine" }, "geometry": { "type": "MultiPolygon", "coordinates": [ [ [ [ 0.821025560165683, 44.917374879455281 ], [ 0.821025804295534, 44.917365886394514 ], [ 0.821069390194016, 44.917159566651428 ], [ 0.821170926633267, 44.916684149285736 ], [ 0.821168070448294, 44.915856440943593 ], [ 0.821181947620741, 44.915811649198659 ], [ 0.821182924011333, 44.915775676975912 ], [ 0.821235259291717, 44.915713419707551 ], [ 0.821340661715392, 44.915561925934618 ], [ 0.821420506344725, 44.915419078115654 ], [ 0.8200592141216, 44.91519349085835 ], [ 0.819227688353268, 44.915973761977696 ], [ 0.818793091341365, 44.917056360363546 ], [ 0.821025560165683, 44.917374879455281 ] ] ] ] } },
{ "type": "Feature", "properties": { "NOM": null, "TYPOLOGIE": null, "COMMUNE": "Badefols-sur-Dordogne", "COMMUNAUTE": "CC des Bastides Dordogne Périgord", "INSEE_COMM": 24022, "ID_CDECOMM": 21, "SURFACE_UR": 4.1866, "COVISIBILI": "non", "SUP_URBA_H": null, "SITUATION_": "non boise", "SITUATION1": "vallee" }, "geometry": { "type": "MultiPolygon", "coordinates": [ [ [ [ 0.78337664626713, 44.840662220244447 ], [ 0.783187696155551, 44.84109137981698 ], [ 0.783690035710367, 44.841215397388218 ], [ 0.783500336527861, 44.841671535679957 ], [ 0.784241840052359, 44.84183489962755 ], [ 0.785573430418612, 44.842150489188242 ], [ 0.785861404428902, 44.842253492639841 ], [ 0.785873794893189, 44.842262662878881 ], [ 0.78594963463476, 44.842263728065184 ], [ 0.786138984553488, 44.842275383506781 ], [ 0.78641581668448, 44.842324251789492 ], [ 0.786466127178774, 44.84233395437596 ], [ 0.786867115771069, 44.842465530479281 ], [ 0.787204656787007, 44.842605210943859 ], [ 0.787304032259029, 44.842669578915512 ], [ 0.787366484767531, 44.84269744387985 ], [ 0.7880048991514, 44.842931305339789 ], [ 0.788254961231498, 44.843033770702966 ], [ 0.788630180592922, 44.843182971338031 ], [ 0.789156337549566, 44.843361274872244 ], [ 0.789517785117356, 44.842637647842572 ], [ 0.789254833517923, 44.842544000918096 ], [ 0.788488773218952, 44.842353337975297 ], [ 0.787974769492485, 44.842193194044633 ], [ 0.786508116181983, 44.841731798172447 ], [ 0.786282594473432, 44.841656661993774 ], [ 0.786145053109273, 44.841600753324457 ], [ 0.785633059191482, 44.841368656943331 ], [ 0.784595195989596, 44.84094924292274 ], [ 0.784282451227124, 44.840827895404317 ], [ 0.784056686367435, 44.840761747402766 ], [ 0.783905760424827, 44.840732636301176 ], [ 0.783817533003905, 44.840722399249685 ], [ 0.78337664626713, 44.840662220244447 ] ] ] ] } },
{ "type": "Feature", "properties": { "NOM": null, "TYPOLOGIE": null, "COMMUNE": "Le Buisson-de-Cadouin", "COMMUNAUTE": "CC des Bastides Dordogne Périgord", "INSEE_COMM": 24068, "ID_CDECOMM": 21, "SURFACE_UR": 1.16515, "COVISIBILI": "non", "SUP_URBA_H": null, "SITUATION_": "boise", "SITUATION1": "pente" }, "geometry": { "type": "MultiPolygon", "coordinates": [ [ [ [ 0.870224210326938, 44.811038846274201 ], [ 0.870223267017859, 44.811074817367199 ], [ 0.870235900191289, 44.811074985274217 ], [ 0.870449720986636, 44.811113810568294 ], [ 0.870688808462585, 44.811152971160809 ], [ 0.870738869742541, 44.81117162811676 ], [ 0.870851389880545, 44.811218102572873 ], [ 0.871063090405426, 44.811337861661166 ], [ 0.871164627644248, 44.811321218555882 ], [ 0.871228265138394, 44.811304071985468 ], [ 0.8712776197543, 44.811349707027752 ], [ 0.871328859662746, 44.811323399834748 ], [ 0.871431103700843, 44.811279778154969 ], [ 0.871533111961807, 44.811245149157998 ], [ 0.871863224551586, 44.811186560933457 ], [ 0.872129934974487, 44.811136126071062 ], [ 0.872219073849872, 44.81111032152954 ], [ 0.872231707037269, 44.811110489208261 ], [ 0.872282710782461, 44.811093174352841 ], [ 0.872208089228221, 44.811047204406179 ], [ 0.872182822882146, 44.811046869041952 ], [ 0.872107494896214, 44.811027877360118 ], [ 0.87204456459011, 44.811018046104131 ], [ 0.872146571996428, 44.810983416544111 ], [ 0.872376323681721, 44.810896506913956 ], [ 0.872474092279703, 44.811023747047329 ], [ 0.872576570330837, 44.810971131534316 ], [ 0.872743391032201, 44.810874390152669 ], [ 0.87280749836133, 44.810839257119341 ], [ 0.872686346578841, 44.810639739824502 ], [ 0.872662022151971, 44.810603433462312 ], [ 0.872853636912413, 44.810525012736306 ], [ 0.872964980576519, 44.810616448911937 ], [ 0.872977849038833, 44.810607623727755 ], [ 0.872806165026816, 44.810407436202006 ], [ 0.872683837035021, 44.810252882819086 ], [ 0.872646879790155, 44.810216408832581 ], [ 0.872556800732666, 44.810278184811231 ], [ 0.872467192406002, 44.810321975167199 ], [ 0.872120919707754, 44.810515289113525 ], [ 0.872048418845391, 44.810388384095262 ], [ 0.871818668733193, 44.810475293024879 ], [ 0.87160155097118, 44.810562369230269 ], [ 0.871320324531678, 44.810684577215994 ], [ 0.871026935146338, 44.810788631128339 ], [ 0.870568135081452, 44.810935465968988 ], [ 0.870224210326938, 44.811038846274201 ] ] ] ] } },
{ "type": "Feature", "properties": { "NOM": null, "TYPOLOGIE": null, "COMMUNE": "Badefols-sur-Dordogne", "COMMUNAUTE": "CC des Bastides Dordogne Périgord", "INSEE_COMM": 24022, "ID_CDECOMM": 21, "SURFACE_UR": 0.99335, "COVISIBILI": "non", "SUP_URBA_H": null, "SITUATION_": "non boise", "SITUATION1": "vallee" }, "geometry": { "type": "MultiPolygon", "coordinates": [ [ [ [ 0.806719595529258, 44.854014636433746 ], [ 0.807018834791376, 44.854171717767159 ], [ 0.807018588642478, 44.854180710560492 ], [ 0.807056024441957, 44.854199221571854 ], [ 0.807093706403214, 44.85420873977705 ], [ 0.807093706403214, 44.85420873977705 ], [ 0.807156427658071, 44.854227601021819 ], [ 0.807181466947223, 44.854236944068582 ], [ 0.807294266904277, 44.854274491312111 ], [ 0.807431122047602, 44.854357352610911 ], [ 0.807431122047602, 44.854357352610911 ], [ 0.807443518702227, 44.854366520501621 ], [ 0.807443518702227, 44.854366520501621 ], [ 0.807443518702227, 44.854366520501621 ], [ 0.807481200841748, 44.854376038575339 ], [ 0.807481200841748, 44.854376038575339 ], [ 0.807481200841748, 44.854376038575339 ], [ 0.807493843582287, 44.854376213665326 ], [ 0.807493843582287, 44.854376213665326 ], [ 0.807493843582287, 44.854376213665326 ], [ 0.807532017871806, 44.854367746131395 ], [ 0.807583327005073, 44.854341468073564 ], [ 0.807685206999883, 44.854315890273192 ], [ 0.807761801457634, 44.854289962264886 ], [ 0.807851284576635, 44.854255216457254 ], [ 0.807863927291079, 44.854255391504907 ], [ 0.807863927291079, 44.854255391504907 ], [ 0.807889458729756, 44.854246748800243 ], [ 0.807953164292409, 44.854229638410743 ], [ 0.807953164292409, 44.854229638410743 ], [ 0.807965807001401, 44.854229813446693 ], [ 0.807991092419625, 44.854230163514323 ], [ 0.808066702695181, 44.854240206478401 ], [ 0.808117273542581, 44.85424090656165 ], [ 0.808129916254628, 44.85424108157887 ], [ 0.808168090356035, 44.854232613825658 ], [ 0.808168090356035, 44.854232613825658 ], [ 0.808180733066369, 44.854232788837052 ], [ 0.808180979029053, 44.854223796040834 ], [ 0.808180979029053, 44.854223796040834 ], [ 0.808207002321319, 44.854197167670712 ], [ 0.808207002321319, 44.854197167670712 ], [ 0.808233025588858, 44.854170539294756 ], [ 0.808297222847397, 44.854135443115403 ], [ 0.808335642788992, 44.854117982508591 ], [ 0.808335888726319, 44.854108989712465 ], [ 0.808374062706653, 44.854100521888512 ], [ 0.80833711841177, 44.854064025732406 ], [ 0.80749473487914, 44.853881434891399 ], [ 0.807343515527965, 44.853861348131879 ], [ 0.807217581523288, 44.853841611410125 ], [ 0.807105274755451, 44.853786078510652 ], [ 0.806819664593424, 44.853593201439821 ], [ 0.80662107676542, 44.853455506742051 ], [ 0.806418550050472, 44.853461696321773 ], [ 0.806426760248378, 44.853623741748542 ], [ 0.80548997850948, 44.853655736092946 ], [ 0.805497939660118, 44.85382677438978 ], [ 0.805503929730274, 44.854069755013377 ], [ 0.80628876018925, 44.854044650716602 ], [ 0.80630164911468, 44.854035833151713 ], [ 0.80630164911468, 44.854035833151713 ], [ 0.806315030558324, 44.854009030002942 ], [ 0.806328165730341, 44.853991219644023 ], [ 0.806328165730341, 44.853991219644023 ], [ 0.806328411989172, 44.853982226852835 ], [ 0.806379228832741, 44.85397393494037 ], [ 0.806404267879037, 44.853983278162239 ], [ 0.806416910527624, 44.853983453375413 ], [ 0.806479138833266, 44.854020300585645 ], [ 0.806491781490437, 44.854020475790286 ], [ 0.806491781490437, 44.854020475790286 ], [ 0.806719595529258, 44.854014636433746 ] ] ] ] } },
{ "type": "Feature", "properties": { "NOM": null, "TYPOLOGIE": null, "COMMUNE": "Le Buisson-de-Cadouin", "COMMUNAUTE": "CC des Bastides Dordogne Périgord", "INSEE_COMM": 24068, "ID_CDECOMM": 21, "SURFACE_UR": 8.22265, "COVISIBILI": "non", "SUP_URBA_H": null, "SITUATION_": "non boise", "SITUATION1": "vallee" }, "geometry": { "type": "MultiPolygon", "coordinates": [ [ [ [ 0.897996823347141, 44.850023973836578 ], [ 0.898244571116403, 44.850225113736094 ], [ 0.898294213479258, 44.850261744459978 ], [ 0.898454857215054, 44.850407773100002 ], [ 0.898813842354736, 44.850709316614569 ], [ 0.899085723733469, 44.850955748872693 ], [ 0.899223400395027, 44.851011517386382 ], [ 0.899333248201748, 44.851165879391608 ], [ 0.899413496925292, 44.850996000161516 ], [ 0.899561119445068, 44.850665069989759 ], [ 0.8996268744062, 44.850566969939351 ], [ 0.899771488260091, 44.850352948300724 ], [ 0.899797234982725, 44.850335291395915 ], [ 0.899822750444996, 44.850326627467034 ], [ 0.899849422098712, 44.850272998623403 ], [ 0.900005982790551, 44.85008612019309 ], [ 0.900227371238485, 44.849837113422979 ], [ 0.900421855754754, 44.849650728146848 ], [ 0.900255964220087, 44.849216762340724 ], [ 0.900050069065249, 44.848863239599375 ], [ 0.900002045141302, 44.848763658772775 ], [ 0.899783512047253, 44.848409971400692 ], [ 0.899784205774617, 44.84838299247658 ], [ 0.899723541205093, 44.848283247094628 ], [ 0.899978455036515, 44.848205600757524 ], [ 0.899760849272516, 44.847815941548731 ], [ 0.89968823760512, 44.847689052721648 ], [ 0.899494762288714, 44.847344687001574 ], [ 0.899482583427977, 44.84732653649823 ], [ 0.899446046893082, 44.847272084980986 ], [ 0.898986559975901, 44.847437026017282 ], [ 0.898839490344948, 44.847255191091236 ], [ 0.898788461904493, 44.84727251846774 ], [ 0.897920742052658, 44.847576073247993 ], [ 0.897799884620017, 44.847358594541717 ], [ 0.897188926199257, 44.847512557961764 ], [ 0.897153781733905, 44.847404147888575 ], [ 0.896822092039287, 44.847516770362226 ], [ 0.896930536203151, 44.8477250923304 ], [ 0.896905253179496, 44.847724762616096 ], [ 0.896905021478001, 44.847733755582304 ], [ 0.897561396673728, 44.849253639646165 ], [ 0.895973049944796, 44.849547784350399 ], [ 0.896056442793695, 44.849746784443255 ], [ 0.896234713228031, 44.850189914293018 ], [ 0.896246891659224, 44.850208065175416 ], [ 0.896335617952913, 44.850200226704899 ], [ 0.89646227042255, 44.850192882898178 ], [ 0.896588922859005, 44.850185538946263 ], [ 0.896841995910647, 44.850179843581948 ], [ 0.89722195288285, 44.850157809985063 ], [ 0.89782029801439, 44.850003681467413 ], [ 0.897996823347141, 44.850023973836578 ] ] ] ] } },
{ "type": "Feature", "properties": { "NOM": null, "TYPOLOGIE": null, "COMMUNE": "Beaumontois-en-Périgord (Beaumont-du-Périgord)", "COMMUNAUTE": "CC des Bastides Dordogne Périgord", "INSEE_COMM": 24028, "ID_CDECOMM": 21, "SURFACE_UR": 5.0808, "COVISIBILI": "non", "SUP_URBA_H": null, "SITUATION_": "non boise", "SITUATION1": "pente" }, "geometry": { "type": "MultiPolygon", "coordinates": [ [ [ [ 0.76425931477543, 44.76375383142237 ], [ 0.764363559738714, 44.764537965447765 ], [ 0.764375424289133, 44.764565122469762 ], [ 0.764286562275942, 44.764581847310701 ], [ 0.764298174173089, 44.764617996690468 ], [ 0.764354457150824, 44.765311487556282 ], [ 0.764872487335566, 44.765300880703919 ], [ 0.765807314255167, 44.765287213614847 ], [ 0.765984030120416, 44.765289730827867 ], [ 0.765755556429503, 44.764431861119888 ], [ 0.766578280919155, 44.764362614956376 ], [ 0.766611859669741, 44.764516024140953 ], [ 0.76744821519623, 44.764410981787442 ], [ 0.767449459436163, 44.763916222615151 ], [ 0.767338617131361, 44.763365892778111 ], [ 0.767160394284723, 44.763417331858697 ], [ 0.766227863017366, 44.762900282143775 ], [ 0.76496288669433, 44.762531417456351 ], [ 0.764749066112087, 44.762951178890219 ], [ 0.764721043993692, 44.763049734808078 ], [ 0.764570835530974, 44.763452410945497 ], [ 0.76425931477543, 44.76375383142237 ] ] ] ] } },
{ "type": "Feature", "properties": { "NOM": null, "TYPOLOGIE": null, "COMMUNE": "Le Buisson-de-Cadouin", "COMMUNAUTE": "CC des Bastides Dordogne Périgord", "INSEE_COMM": 24068, "ID_CDECOMM": 21, "SURFACE_UR": 5.89025, "COVISIBILI": "non", "SUP_URBA_H": null, "SITUATION_": "non boise", "SITUATION1": "vallee" }, "geometry": { "type": "MultiPolygon", "coordinates": [ [ [ [ 0.909997749649213, 44.854992564898488 ], [ 0.910426930473802, 44.855025098055577 ], [ 0.911020473882542, 44.855059752092131 ], [ 0.911537241000966, 44.855129395831419 ], [ 0.912091480626986, 44.855217512631903 ], [ 0.912179754282044, 44.855227647606384 ], [ 0.912470320484831, 44.855240392255233 ], [ 0.912672613019478, 44.855243001629823 ], [ 0.913446602435937, 44.855145030154503 ], [ 0.913687282549422, 44.855130140569649 ], [ 0.913530250257945, 44.854840245161007 ], [ 0.913974365104378, 44.854782997259527 ], [ 0.913776836863753, 44.854096757463559 ], [ 0.913579084407888, 44.853419510522947 ], [ 0.913179094732541, 44.853234434336336 ], [ 0.912003739058081, 44.85270650251271 ], [ 0.911340812468919, 44.852913849032575 ], [ 0.911021990112841, 44.853017684072462 ], [ 0.910704314129717, 44.853076553130364 ], [ 0.910627539301201, 44.853111545359418 ], [ 0.910614437453552, 44.853129368076871 ], [ 0.910548009945338, 44.853254453697382 ], [ 0.910521117501767, 44.853317078155541 ], [ 0.910494684089052, 44.853361716580821 ], [ 0.910455607770893, 44.85340619167328 ], [ 0.91035102133752, 44.853539780213382 ], [ 0.910207357673395, 44.853717843672378 ], [ 0.910232643539282, 44.85371817038245 ], [ 0.910180694224491, 44.85377147504488 ], [ 0.909934507725087, 44.854002189336192 ], [ 0.90991589406653, 44.854235844352438 ], [ 0.909947852659301, 44.854470152943847 ], [ 0.909966479457657, 44.854731277218448 ], [ 0.909988550928486, 44.85485750623787 ], [ 0.909997749649213, 44.854992564898488 ] ], [ [ 0.911448482542575, 44.85464246699572 ], [ 0.911387993965527, 44.854038955390848 ], [ 0.912172777764124, 44.854013100256957 ], [ 0.912945146992145, 44.853978083486382 ], [ 0.912993009130636, 44.854581431178531 ], [ 0.911448482542575, 44.85464246699572 ] ] ] ] } },
{ "type": "Feature", "properties": { "NOM": null, "TYPOLOGIE": null, "COMMUNE": "Beaumontois-en-Périgord (Labouquerie)", "COMMUNAUTE": "CC des Bastides Dordogne Périgord", "INSEE_COMM": 24219, "ID_CDECOMM": 21, "SURFACE_UR": 4.4972, "COVISIBILI": "oui", "SUP_URBA_H": null, "SITUATION_": "non boise", "SITUATION1": "plateau plaine" }, "geometry": { "type": "MultiPolygon", "coordinates": [ [ [ [ 0.772305557828665, 44.754170678829681 ], [ 0.772380524487069, 44.754198730163836 ], [ 0.773082226301972, 44.754388601524468 ], [ 0.7733282238794, 44.753717397952947 ], [ 0.773342852900953, 44.753645638256835 ], [ 0.773465974795929, 44.753305540163673 ], [ 0.773507098796707, 44.75318917666975 ], [ 0.773864587506387, 44.752141725902824 ], [ 0.773098557346786, 44.751995926535336 ], [ 0.772720220612464, 44.751981564460543 ], [ 0.772462859953425, 44.75260762550991 ], [ 0.772338728371574, 44.752983691670018 ], [ 0.77182206996502, 44.752949372127503 ], [ 0.769365488554216, 44.752761547557249 ], [ 0.769611842437412, 44.752980950833276 ], [ 0.769710283846176, 44.753072308923812 ], [ 0.769833461901345, 44.753182010259899 ], [ 0.769931400676224, 44.753291352801234 ], [ 0.769967750313692, 44.753345844713266 ], [ 0.769990976788196, 44.753418141929806 ], [ 0.770012945017223, 44.753535400747438 ], [ 0.77002002843028, 44.753733411137915 ], [ 0.770044765076375, 44.753751754424876 ], [ 0.770082121727064, 44.753770277023264 ], [ 0.770119730047673, 44.753779807287117 ], [ 0.770308275072628, 44.753809473769678 ], [ 0.770848671302273, 44.753898112834243 ], [ 0.771590235674055, 44.754016592720603 ], [ 0.771640715869114, 44.754017309283874 ], [ 0.771942340292783, 44.754066569817354 ], [ 0.772242708709613, 44.754160791172865 ], [ 0.772305557828665, 44.754170678829681 ] ] ] ] } },
{ "type": "Feature", "properties": { "NOM": null, "TYPOLOGIE": null, "COMMUNE": "Beaumontois-en-Périgord (Labouquerie)", "COMMUNAUTE": "CC des Bastides Dordogne Périgord", "INSEE_COMM": 24219, "ID_CDECOMM": 21, "SURFACE_UR": 1.2737, "COVISIBILI": "oui", "SUP_URBA_H": null, "SITUATION_": "non boise", "SITUATION1": "plateau plaine" }, "geometry": { "type": "MultiPolygon", "coordinates": [ [ [ [ 0.776054569046249, 44.756004994922044 ], [ 0.776054318340524, 44.756013987268148 ], [ 0.776674066707204, 44.756427572848096 ], [ 0.777291820103298, 44.756913093859026 ], [ 0.777316560522092, 44.756931435547742 ], [ 0.777316560522092, 44.756931435547742 ], [ 0.777328930737544, 44.756940606390032 ], [ 0.777353671180559, 44.756958948070654 ], [ 0.777502114177756, 44.757068998041596 ], [ 0.777514233976831, 44.757087161217818 ], [ 0.777600826035483, 44.757151356935921 ], [ 0.777600826035483, 44.757151356935921 ], [ 0.777848133426333, 44.756884976732216 ], [ 0.778160294342367, 44.756556541510008 ], [ 0.776787219397352, 44.755538580319971 ], [ 0.776774348402057, 44.755547394115467 ], [ 0.776427331293341, 44.755767381343162 ], [ 0.77633723347968, 44.755829077591223 ], [ 0.776067189555583, 44.756005173555316 ], [ 0.776054569046249, 44.756004994922044 ], [ 0.776054569046249, 44.756004994922044 ] ] ] ] } },
{ "type": "Feature", "properties": { "NOM": null, "TYPOLOGIE": null, "COMMUNE": "Le Buisson-de-Cadouin", "COMMUNAUTE": "CC des Bastides Dordogne Périgord", "INSEE_COMM": 24068, "ID_CDECOMM": 21, "SURFACE_UR": 8.72275, "COVISIBILI": "non", "SUP_URBA_H": null, "SITUATION_": "non boise", "SITUATION1": "vallee" }, "geometry": { "type": "MultiPolygon", "coordinates": [ [ [ [ 0.901841628985262, 44.848040918069692 ], [ 0.901950554868498, 44.848231249369704 ], [ 0.901961811182076, 44.848285371539866 ], [ 0.901985940103017, 44.848330665029607 ], [ 0.902009607291081, 44.848393944472519 ], [ 0.902119227037997, 44.848557296694544 ], [ 0.902205179850251, 44.848657369414184 ], [ 0.90223000168366, 44.848675683916433 ], [ 0.902741903428727, 44.848439443054154 ], [ 0.904677734263988, 44.847906821433071 ], [ 0.905963286383332, 44.847581643582309 ], [ 0.90699093244897, 44.847451022299239 ], [ 0.908092123571339, 44.847411302957092 ], [ 0.908332312172907, 44.847414411073153 ], [ 0.909056783916299, 44.847270851473517 ], [ 0.909069655141137, 44.847262021972391 ], [ 0.90920963026396, 44.8472278482852 ], [ 0.909273986177914, 44.847183700676645 ], [ 0.909428210267211, 44.84708673925558 ], [ 0.909531179146386, 44.847016102864941 ], [ 0.909711144416091, 44.846901481944428 ], [ 0.910287352910737, 44.846621058428859 ], [ 0.910567298301149, 44.84655270781245 ], [ 0.911076163031262, 44.846433337420137 ], [ 0.911674202450516, 44.846288128078371 ], [ 0.911687073037589, 44.84627929827618 ], [ 0.911712814199574, 44.846261638667329 ], [ 0.911725914093289, 44.846243815870352 ], [ 0.911726602049255, 44.846216836899252 ], [ 0.911714419444349, 44.846198687735033 ], [ 0.91165258921824, 44.846143913855045 ], [ 0.911515370517532, 44.846070174745499 ], [ 0.911363905351843, 44.846059223166201 ], [ 0.911174516626343, 44.846047781647279 ], [ 0.911060745773376, 44.846046312373133 ], [ 0.911058680948613, 44.846127249269628 ], [ 0.910741044043103, 44.846186118248767 ], [ 0.910690249614488, 44.846194458042227 ], [ 0.910462018780883, 44.846218497342733 ], [ 0.9104532794255, 44.846065453227013 ], [ 0.910352149763063, 44.846064146551136 ], [ 0.910086454840635, 44.846069709072978 ], [ 0.909909248326587, 44.846076414728046 ], [ 0.909898903228743, 44.845986321476573 ], [ 0.909886032427331, 44.845995151069481 ], [ 0.909873620851605, 44.845985994689372 ], [ 0.909848797712312, 44.845967681925067 ], [ 0.909849027330977, 44.845958688939476 ], [ 0.909861898129846, 44.845949859350966 ], [ 0.909977964734839, 44.845861400002917 ], [ 0.910093801395003, 44.845781933521771 ], [ 0.910170796086619, 44.845737948787139 ], [ 0.910209178607193, 44.845720452892778 ], [ 0.910000937619528, 44.845456879068863 ], [ 0.909898431413408, 44.845509529882513 ], [ 0.909733178823267, 44.845543377596734 ], [ 0.909720767372503, 44.845534221201063 ], [ 0.909580567129099, 44.845577388493666 ], [ 0.907325382705894, 44.846240898465624 ], [ 0.906093887810149, 44.846431852590207 ], [ 0.904949030492516, 44.846695884577244 ], [ 0.903837474825752, 44.847140256548158 ], [ 0.901841628985262, 44.848040918069692 ] ] ] ] } },
{ "type": "Feature", "properties": { "NOM": null, "TYPOLOGIE": null, "COMMUNE": "Trémolat", "COMMUNAUTE": "CC des Bastides Dordogne Périgord", "INSEE_COMM": 24558, "ID_CDECOMM": 21, "SURFACE_UR": 0.44095, "COVISIBILI": "non", "SUP_URBA_H": null, "SITUATION_": "non boise", "SITUATION1": "vallee" }, "geometry": { "type": "MultiPolygon", "coordinates": [ [ [ [ 0.831699625032137, 44.874626345332743 ], [ 0.831730299002112, 44.87489664997792 ], [ 0.832009753972834, 44.874855476011021 ], [ 0.83251589367488, 44.874853373381633 ], [ 0.832591778306584, 44.874854406726101 ], [ 0.832557896278537, 44.874233206086515 ], [ 0.832507064938575, 44.874241510103474 ], [ 0.831948403677742, 44.874314866904946 ], [ 0.83166919363953, 44.874347047786991 ], [ 0.831689642720182, 44.874527250867004 ], [ 0.831700109587443, 44.874608359488199 ], [ 0.831699625032137, 44.874626345332743 ] ] ] ] } },
{ "type": "Feature", "properties": { "NOM": null, "TYPOLOGIE": null, "COMMUNE": "Trémolat", "COMMUNAUTE": "CC des Bastides Dordogne Périgord", "INSEE_COMM": 24558, "ID_CDECOMM": 21, "SURFACE_UR": 1.37575, "COVISIBILI": "non", "SUP_URBA_H": null, "SITUATION_": "non boise", "SITUATION1": "vallee" }, "geometry": { "type": "MultiPolygon", "coordinates": [ [ [ [ 0.829391964772809, 44.86308872966751 ], [ 0.829454218290816, 44.863125564076306 ], [ 0.829614719468109, 44.863271693487235 ], [ 0.829739469828682, 44.863336369147468 ], [ 0.829815096283895, 44.863346397268586 ], [ 0.829878320451599, 44.863347259931963 ], [ 0.829929142300205, 44.863338957158859 ], [ 0.829954431964399, 44.863339302202441 ], [ 0.829992608964095, 44.863330826879057 ], [ 0.830031270945329, 44.863304365786774 ], [ 0.830211208107594, 44.863198866269911 ], [ 0.830326950910831, 44.863128475605883 ], [ 0.830558435645097, 44.862987693919976 ], [ 0.830905902919815, 44.862767527618793 ], [ 0.831896014779363, 44.862169283239872 ], [ 0.831659885797748, 44.862013130405067 ], [ 0.831585229777482, 44.861967132045827 ], [ 0.831424484931867, 44.861829998448769 ], [ 0.831325751788634, 44.861738690834279 ], [ 0.831171352716687, 44.861835543994488 ], [ 0.831145821412266, 44.861844192104698 ], [ 0.830502445516045, 44.862249243322211 ], [ 0.83032251195081, 44.862354743273393 ], [ 0.830052610332817, 44.862512992659163 ], [ 0.829821126288651, 44.862653773258778 ], [ 0.829730915758019, 44.862715515599277 ], [ 0.829743317908687, 44.862724681019522 ], [ 0.829382958992291, 44.862953663951252 ], [ 0.829305634864995, 44.863006585661537 ], [ 0.829330196552361, 44.86303390947355 ], [ 0.829391964772809, 44.86308872966751 ] ] ] ] } },
{ "type": "Feature", "properties": { "NOM": null, "TYPOLOGIE": null, "COMMUNE": "Le Buisson-de-Cadouin", "COMMUNAUTE": "CC des Bastides Dordogne Périgord", "INSEE_COMM": 24068, "ID_CDECOMM": 21, "SURFACE_UR": 3.4906, "COVISIBILI": "non", "SUP_URBA_H": null, "SITUATION_": "boise", "SITUATION1": "pente" }, "geometry": { "type": "MultiPolygon", "coordinates": [ [ [ [ 0.866147534386833, 44.806513621721315 ], [ 0.866597563472431, 44.806699537209276 ], [ 0.866936268926617, 44.806794008880132 ], [ 0.866986088740405, 44.806821660253078 ], [ 0.867023276391045, 44.806849143331128 ], [ 0.866953734319742, 44.807091106218259 ], [ 0.866948062263455, 44.807306932258648 ], [ 0.867030107737941, 44.807550914521691 ], [ 0.868811744776215, 44.807556641097875 ], [ 0.868825793372991, 44.807502852624225 ], [ 0.869438989178264, 44.807250128214896 ], [ 0.870000942902904, 44.807023706979393 ], [ 0.868679270808863, 44.805863650328867 ], [ 0.868616346896466, 44.805853817141085 ], [ 0.868653534704195, 44.805881299658893 ], [ 0.868209053494939, 44.805965343230312 ], [ 0.8678408355379, 44.806032408621896 ], [ 0.867572728135579, 44.806136789512621 ], [ 0.867459039657425, 44.806135275559413 ], [ 0.867295059253609, 44.806124095783012 ], [ 0.867168738759616, 44.806122413287845 ], [ 0.866185903700138, 44.806496141340865 ], [ 0.866147534386833, 44.806513621721315 ] ] ] ] } },
{ "type": "Feature", "properties": { "NOM": null, "TYPOLOGIE": null, "COMMUNE": "Le Buisson-de-Cadouin", "COMMUNAUTE": "CC des Bastides Dordogne Périgord", "INSEE_COMM": 24068, "ID_CDECOMM": 21, "SURFACE_UR": 2.21335, "COVISIBILI": "non", "SUP_URBA_H": null, "SITUATION_": "boise", "SITUATION1": "plateau plaine" }, "geometry": { "type": "MultiPolygon", "coordinates": [ [ [ [ 0.858124928973959, 44.831307220742076 ], [ 0.859093515470207, 44.831491115769474 ], [ 0.85950628353757, 44.831658568905425 ], [ 0.86000979926702, 44.830783698055264 ], [ 0.860249626278957, 44.830319114366063 ], [ 0.859364052349316, 44.830343248552438 ], [ 0.85944914505546, 44.829993543414083 ], [ 0.859222622497667, 44.8299545273373 ], [ 0.858970825487079, 44.829915172405364 ], [ 0.859117680406778, 44.829620270460282 ], [ 0.85893695451791, 44.829761786887488 ], [ 0.858885929673207, 44.82977909570905 ], [ 0.858642966821913, 44.829883794336951 ], [ 0.858373539229745, 44.830033117998354 ], [ 0.858219987674185, 44.830103029253891 ], [ 0.858014934516997, 44.830208234356519 ], [ 0.857696619196331, 44.830293929418978 ], [ 0.857820852779676, 44.830376558140124 ], [ 0.85792028748633, 44.830440862454722 ], [ 0.858094120380856, 44.830560139408796 ], [ 0.858466825755677, 44.830808023847986 ], [ 0.858347617763568, 44.83101333539085 ], [ 0.858124928973959, 44.831307220742076 ] ] ] ] } },
{ "type": "Feature", "properties": { "NOM": null, "TYPOLOGIE": null, "COMMUNE": "Beaumontois-en-Périgord (Beaumont-du-Périgord)", "COMMUNAUTE": "CC des Bastides Dordogne Périgord", "INSEE_COMM": 24028, "ID_CDECOMM": 21, "SURFACE_UR": 1.2375, "COVISIBILI": "non", "SUP_URBA_H": null, "SITUATION_": "boise", "SITUATION1": "pente" }, "geometry": { "type": "MultiPolygon", "coordinates": [ [ [ [ 0.76425931477543, 44.76375383142237 ], [ 0.764096236643203, 44.763715522084503 ], [ 0.763958403120695, 44.763677572552943 ], [ 0.763845814154114, 44.7636399829223 ], [ 0.76341792372104, 44.763588899197131 ], [ 0.763153869339684, 44.763549147756827 ], [ 0.762939798267333, 44.763528100932433 ], [ 0.762838568160457, 44.76353565212171 ], [ 0.762828706790606, 44.763886353448505 ], [ 0.76292108804657, 44.7641935342807 ], [ 0.762969048911105, 44.764284178272938 ], [ 0.76314700745907, 44.764691535688826 ], [ 0.76416008565339, 44.764589039740478 ], [ 0.764286562275942, 44.764581847310701 ], [ 0.764375424289133, 44.764565122469762 ], [ 0.764363559738714, 44.764537965447765 ], [ 0.76425931477543, 44.76375383142237 ] ] ] ] } },
{ "type": "Feature", "properties": { "NOM": null, "TYPOLOGIE": null, "COMMUNE": "Beaumontois-en-Périgord (Beaumont-du-Périgord)", "COMMUNAUTE": "CC des Bastides Dordogne Périgord", "INSEE_COMM": 24028, "ID_CDECOMM": 21, "SURFACE_UR": 1.97025, "COVISIBILI": "non", "SUP_URBA_H": null, "SITUATION_": "non boise", "SITUATION1": "pente" }, "geometry": { "type": "MultiPolygon", "coordinates": [ [ [ [ 0.746263290648371, 44.759384586601278 ], [ 0.747186934522637, 44.759316941404435 ], [ 0.747187700540388, 44.759289964553126 ], [ 0.747189487912277, 44.759227018567906 ], [ 0.747191019942137, 44.759173064867632 ], [ 0.747206960431965, 44.759056347124485 ], [ 0.747197914040103, 44.75893027323167 ], [ 0.747199190718374, 44.75888531182035 ], [ 0.74727684944946, 44.758373661446974 ], [ 0.747326456683502, 44.757960562356104 ], [ 0.747345970849377, 44.757717952757595 ], [ 0.74733717966857, 44.757582886671585 ], [ 0.746227829520503, 44.75752191073687 ], [ 0.746118176414691, 44.757826191652534 ], [ 0.746054406409333, 44.758293061753413 ], [ 0.745978680850081, 44.758291969323878 ], [ 0.745886245682931, 44.758434571184445 ], [ 0.745872091450538, 44.758488342759499 ], [ 0.745869280439797, 44.758587257810291 ], [ 0.745913631454548, 44.758803800827053 ], [ 0.746040197925409, 44.759237433084436 ], [ 0.746263290648371, 44.759384586601278 ] ] ] ] } },
{ "type": "Feature", "properties": { "NOM": null, "TYPOLOGIE": null, "COMMUNE": "Beaumontois-en-Périgord (Labouquerie)", "COMMUNAUTE": "CC des Bastides Dordogne Périgord", "INSEE_COMM": 24219, "ID_CDECOMM": 21, "SURFACE_UR": 3.096, "COVISIBILI": "oui", "SUP_URBA_H": null, "SITUATION_": "non boise", "SITUATION1": "plateau plaine" }, "geometry": { "type": "MultiPolygon", "coordinates": [ [ [ [ 0.773206167287111, 44.754471322177551 ], [ 0.773331615446205, 44.754500088695373 ], [ 0.773519411268477, 44.754556726706504 ], [ 0.77354440051987, 44.754566076884146 ], [ 0.774389773574695, 44.755036849327844 ], [ 0.774588686939806, 44.755147618390986 ], [ 0.774588686939806, 44.755147618390986 ], [ 0.775123333206577, 44.755443060419339 ], [ 0.77513570273658, 44.755452231500357 ], [ 0.775633245741719, 44.75572015785589 ], [ 0.775632994969856, 44.755729150199755 ], [ 0.775992469363251, 44.755968132350802 ], [ 0.776005340577506, 44.75595931864536 ], [ 0.776352360522969, 44.755739332732361 ], [ 0.776725119749162, 44.755501718168702 ], [ 0.776700380152713, 44.755483376360367 ], [ 0.775680052362669, 44.754947173765764 ], [ 0.775555605126425, 44.754882440547057 ], [ 0.774920753064145, 44.754558593620729 ], [ 0.775084236256038, 44.754129106492378 ], [ 0.775179098624978, 44.753896556928154 ], [ 0.774593735987378, 44.753609392541321 ], [ 0.773846580055263, 44.753238968738621 ], [ 0.773672161396766, 44.753155533244012 ], [ 0.773206167287111, 44.754471322177551 ] ] ] ] } },
{ "type": "Feature", "properties": { "NOM": null, "TYPOLOGIE": null, "COMMUNE": "Le Buisson-de-Cadouin", "COMMUNAUTE": "CC des Bastides Dordogne Périgord", "INSEE_COMM": 24068, "ID_CDECOMM": 21, "SURFACE_UR": 2.1567, "COVISIBILI": "non", "SUP_URBA_H": null, "SITUATION_": "non boise", "SITUATION1": "vallee" }, "geometry": { "type": "MultiPolygon", "coordinates": [ [ [ [ 0.903139239623276, 44.849218257739849 ], [ 0.9033120739476, 44.849382429639654 ], [ 0.903580740376114, 44.849754752931283 ], [ 0.904005727092696, 44.84994918475271 ], [ 0.904685402684098, 44.850074951092367 ], [ 0.904710686874787, 44.850075279066402 ], [ 0.904912729983667, 44.850086895641262 ], [ 0.905000994262714, 44.85009703633407 ], [ 0.90524142457302, 44.850091158176191 ], [ 0.906039028288124, 44.850056517605687 ], [ 0.906027076938454, 44.850029374792648 ], [ 0.90604202148689, 44.849939608699636 ], [ 0.906005476789689, 44.849885159239072 ], [ 0.905825057158766, 44.849522981864723 ], [ 0.905595914802948, 44.849088204811764 ], [ 0.905547880836469, 44.848988626391844 ], [ 0.905475484708773, 44.848852748211335 ], [ 0.904762472973894, 44.849041413348175 ], [ 0.904329191944278, 44.84917073199356 ], [ 0.90421449279201, 44.849205227616153 ], [ 0.904114740922202, 44.849149957315298 ], [ 0.903689529266752, 44.848964518957779 ], [ 0.903639653780146, 44.848936883583953 ], [ 0.903627242573363, 44.848927726490999 ], [ 0.903502208134839, 44.848872127420769 ], [ 0.903414868705355, 44.848826013601474 ], [ 0.903157649152366, 44.848993597311434 ], [ 0.903257169111884, 44.849057861457204 ], [ 0.903306813836795, 44.849094489989035 ], [ 0.903242451031205, 44.849138634159416 ], [ 0.903229578457926, 44.849147462989087 ], [ 0.903139239623276, 44.849218257739849 ] ] ] ] } },
{ "type": "Feature", "properties": { "NOM": null, "TYPOLOGIE": null, "COMMUNE": "Le Buisson-de-Cadouin", "COMMUNAUTE": "CC des Bastides Dordogne Périgord", "INSEE_COMM": 24068, "ID_CDECOMM": 21, "SURFACE_UR": 9.87235, "COVISIBILI": "non", "SUP_URBA_H": null, "SITUATION_": "boise", "SITUATION1": "pente" }, "geometry": { "type": "MultiPolygon", "coordinates": [ [ [ [ 0.863222031003084, 44.822586309299545 ], [ 0.862146095555267, 44.822643906122124 ], [ 0.861665225171779, 44.822664467815983 ], [ 0.861525520022946, 44.822689588353128 ], [ 0.861514782440497, 44.822617477066352 ], [ 0.861618952743989, 44.822501921893256 ], [ 0.861867096788718, 44.822199375495117 ], [ 0.862075908320737, 44.821950278838379 ], [ 0.862206533165307, 44.821790096842335 ], [ 0.862283532272007, 44.821746145792076 ], [ 0.862196980675117, 44.821673021670158 ], [ 0.861688413360339, 44.821306386791143 ], [ 0.86152747419203, 44.821178292064872 ], [ 0.861243266845532, 44.820931601535108 ], [ 0.86097169730935, 44.820685079267484 ], [ 0.860872751133506, 44.820602792383532 ], [ 0.860786677900806, 44.820511681614654 ], [ 0.860701554521418, 44.820384599631794 ], [ 0.860519148578797, 44.820112280898861 ], [ 0.860319835150614, 44.820001662984765 ], [ 0.860157715460269, 44.81991853025697 ], [ 0.860007756362084, 44.819853551940213 ], [ 0.859621056527003, 44.819659461405429 ], [ 0.859558118725826, 44.819649622996657 ], [ 0.859473517570198, 44.819981341159256 ], [ 0.859387489791902, 44.820367016009669 ], [ 0.859315046619465, 44.820716888868887 ], [ 0.85931100711978, 44.820869766231603 ], [ 0.859270766068392, 44.821435973514447 ], [ 0.859260548031401, 44.821822663443811 ], [ 0.859233416749947, 44.822371054515145 ], [ 0.859328799308081, 44.822588234816067 ], [ 0.859399623875333, 44.822778098381228 ], [ 0.85948332234172, 44.822959138260032 ], [ 0.859581557883782, 44.823068404854652 ], [ 0.859618039942931, 44.823122868999434 ], [ 0.859642361355063, 44.823159178423303 ], [ 0.859652383913059, 44.823258268295717 ], [ 0.859693424774235, 44.823618656627175 ], [ 0.859738267169973, 44.82383516022027 ], [ 0.859749715383731, 44.823880293320244 ], [ 0.859774987436749, 44.823880631532091 ], [ 0.85985151623075, 44.823854667736953 ], [ 0.859932129845182, 44.824152613750194 ], [ 0.860026805583951, 44.824396772011355 ], [ 0.860034691383899, 44.824576797113671 ], [ 0.860141054517083, 44.824857095604813 ], [ 0.860223333541624, 44.825092091901645 ], [ 0.860338247610065, 44.82504864930187 ], [ 0.860771679992188, 44.824910510954624 ], [ 0.861115944582099, 44.824798166706451 ], [ 0.861218221128973, 44.824754554244294 ], [ 0.861347668417441, 44.824639337101544 ], [ 0.861517159224617, 44.824443691294263 ], [ 0.861660190339601, 44.8242926714885 ], [ 0.861933614200783, 44.823990462492397 ], [ 0.86206376982479, 44.8238482661368 ], [ 0.862428249486675, 44.823448317008534 ], [ 0.862661860758254, 44.823217542317913 ], [ 0.862986528368321, 44.822889027529001 ], [ 0.863258990269404, 44.82262278662833 ], [ 0.863222031003084, 44.822586309299545 ] ] ] ] } },
{ "type": "Feature", "properties": { "NOM": null, "TYPOLOGIE": null, "COMMUNE": "Beaumontois-en-Périgord (Beaumont-du-Périgord)", "COMMUNAUTE": "CC des Bastides Dordogne Périgord", "INSEE_COMM": 24028, "ID_CDECOMM": 21, "SURFACE_UR": 6.6482, "COVISIBILI": "non", "SUP_URBA_H": null, "SITUATION_": "non boise", "SITUATION1": "vallee" }, "geometry": { "type": "MultiPolygon", "coordinates": [ [ [ [ 0.756017541106222, 44.787763298988963 ], [ 0.756081187098906, 44.787746218850508 ], [ 0.756183731885921, 44.787693711786595 ], [ 0.756221868604145, 44.787685262133884 ], [ 0.756372637378066, 44.787714410309562 ], [ 0.756397892519272, 44.78771477211032 ], [ 0.756525692071431, 44.787662626523684 ], [ 0.756691120084293, 44.787620015809658 ], [ 0.756804514112059, 44.787630635957107 ], [ 0.75694214766839, 44.787677587337278 ], [ 0.757017405265012, 44.787696657168418 ], [ 0.757030794511443, 44.787669860739925 ], [ 0.757372500245379, 44.787647765271046 ], [ 0.757500552557302, 44.787586626135869 ], [ 0.757641739710655, 44.787507682771349 ], [ 0.757397565653451, 44.787207317547519 ], [ 0.757374595252036, 44.787126024218168 ], [ 0.757341789732469, 44.786945633511984 ], [ 0.757320342573644, 44.786810385683587 ], [ 0.757486528920263, 44.786740796539135 ], [ 0.757475932101156, 44.786668676436165 ], [ 0.757298641672992, 44.786684130274452 ], [ 0.75703626026928, 44.786581416692414 ], [ 0.757218373737051, 44.786395107400075 ], [ 0.757184553700855, 44.786250686359253 ], [ 0.757152257034302, 44.786052310840276 ], [ 0.757155557281721, 44.785935409477823 ], [ 0.757149530614778, 44.785701425958791 ], [ 0.757139442156077, 44.785611321034438 ], [ 0.757168504273545, 44.785476796495395 ], [ 0.757224089586917, 44.78529767151521 ], [ 0.757227643490208, 44.785171777778146 ], [ 0.757315081943009, 44.784759211755286 ], [ 0.756747125032778, 44.784742082223197 ], [ 0.756721871225754, 44.784741720505373 ], [ 0.756696617419057, 44.784741358781751 ], [ 0.756672633295494, 44.784696035020495 ], [ 0.756612038292038, 44.784605206612994 ], [ 0.756476952209584, 44.784468330846629 ], [ 0.756255765130377, 44.784249256930543 ], [ 0.756144664200985, 44.784157704620831 ], [ 0.755883312946445, 44.784019018825639 ], [ 0.755847465255003, 44.783946536740075 ], [ 0.75581060137355, 44.783910024249145 ], [ 0.755723484804322, 44.783863795460761 ], [ 0.755648232781628, 44.783844724789141 ], [ 0.755283075183256, 44.783803506085071 ], [ 0.755220450074259, 44.78378461614647 ], [ 0.755022236095349, 44.783646833481761 ], [ 0.754624285504913, 44.783425221490205 ], [ 0.75435133204901, 44.78325038144235 ], [ 0.754239981879932, 44.783167819658267 ], [ 0.753620169400642, 44.783644712349862 ], [ 0.754641824852446, 44.784145156586078 ], [ 0.754803176209185, 44.784246427132977 ], [ 0.754913512478771, 44.784364957993887 ], [ 0.755008934558685, 44.784564239307784 ], [ 0.755057408436828, 44.784636902734903 ], [ 0.755180881262155, 44.784737629596094 ], [ 0.755255880158876, 44.784765692998505 ], [ 0.755556638842562, 44.784850968891057 ], [ 0.755606384216912, 44.784878670066867 ], [ 0.755668248381193, 44.784924537011392 ], [ 0.755728079936101, 44.785042343162395 ], [ 0.755749268500105, 44.785186583595639 ], [ 0.755733592433121, 44.785294311494134 ], [ 0.755615121157862, 44.785463538388861 ], [ 0.75527665103953, 44.785818528479787 ], [ 0.755184702541212, 44.785943154957579 ], [ 0.755065211443697, 44.786148350934276 ], [ 0.754982330181414, 44.786399052025835 ], [ 0.75494995748577, 44.786650477348168 ], [ 0.754971907312598, 44.786767740797309 ], [ 0.754994111446019, 44.786876011837826 ], [ 0.755044875163912, 44.786867743652394 ], [ 0.755222929326038, 44.786825316203569 ], [ 0.755259794738628, 44.786861828938974 ], [ 0.755307762593933, 44.786952477153854 ], [ 0.755330984095014, 44.787024778489794 ], [ 0.755355730604049, 44.787043125351687 ], [ 0.755380731283113, 44.787052479796387 ], [ 0.7555478583213, 44.787396725558828 ], [ 0.755683457397059, 44.787515617812886 ], [ 0.755781682579392, 44.787615982175261 ], [ 0.755930164321972, 44.787726062692322 ], [ 0.755967538911606, 44.787744590375283 ], [ 0.756017541106222, 44.787763298988963 ] ] ] ] } },
{ "type": "Feature", "properties": { "NOM": null, "TYPOLOGIE": null, "COMMUNE": "Beaumontois-en-Périgord (Beaumont-du-Périgord)", "COMMUNAUTE": "CC des Bastides Dordogne Périgord", "INSEE_COMM": 24028, "ID_CDECOMM": 21, "SURFACE_UR": 10.24275, "COVISIBILI": "oui", "SUP_URBA_H": null, "SITUATION_": "non boise", "SITUATION1": "plateau plaine" }, "geometry": { "type": "MultiPolygon", "coordinates": [ [ [ [ 0.77814211896195, 44.757662779663953 ], [ 0.777968932230008, 44.757534388977788 ], [ 0.777883340839252, 44.757434224110412 ], [ 0.777687167842071, 44.75722454494327 ], [ 0.777625566660001, 44.757169698557611 ], [ 0.777600826035483, 44.757151356935921 ], [ 0.777514233976831, 44.757087161217818 ], [ 0.777502114177756, 44.757068998041596 ], [ 0.777353671180559, 44.756958948070654 ], [ 0.777328930737544, 44.756940606390032 ], [ 0.777316560522092, 44.756931435547742 ], [ 0.777291820103298, 44.756913093859026 ], [ 0.776674066707204, 44.756427572848096 ], [ 0.776054318340524, 44.756013987268148 ], [ 0.776054569046249, 44.756004994922044 ], [ 0.776042199244658, 44.755995823941362 ], [ 0.776004839150632, 44.755977303336969 ], [ 0.775992469363251, 44.755968132350802 ], [ 0.775632994969856, 44.755729150199755 ], [ 0.775633245741719, 44.75572015785589 ], [ 0.77513570273658, 44.755452231500357 ], [ 0.775123333206577, 44.755443060419339 ], [ 0.774588686939806, 44.755147618390986 ], [ 0.774389773574695, 44.755036849327844 ], [ 0.77354440051987, 44.754566076884146 ], [ 0.773519411268477, 44.754556726706504 ], [ 0.773331615446205, 44.754500088695373 ], [ 0.773206167287111, 44.754471322177551 ], [ 0.773143820002418, 44.754443450366622 ], [ 0.772931035863308, 44.754377461410463 ], [ 0.77240501082672, 44.75422606525666 ], [ 0.771954457647758, 44.754084733575986 ], [ 0.770999105523277, 44.75393623277153 ], [ 0.77026991183624, 44.753826920537591 ], [ 0.769968290164503, 44.753777655441461 ], [ 0.769688133266019, 44.753863633062082 ], [ 0.769165928832178, 44.75402713212253 ], [ 0.769088949517857, 44.754071017172407 ], [ 0.76897008060536, 44.754258240977194 ], [ 0.768863327338638, 44.754463628766992 ], [ 0.768821689078313, 44.75459797521718 ], [ 0.768792922681113, 44.754723508801582 ], [ 0.768776020786865, 44.754876198820206 ], [ 0.768833832977063, 44.755065934923486 ], [ 0.768879780790154, 44.755228514585433 ], [ 0.768914871437062, 44.755327968514699 ], [ 0.768997169817507, 44.755545040447053 ], [ 0.769056998034562, 44.755662837878063 ], [ 0.769044125798658, 44.7556716507696 ], [ 0.769850141602755, 44.756645669772269 ], [ 0.770686583260176, 44.756081814740369 ], [ 0.771300116099839, 44.755361858862315 ], [ 0.772743919874449, 44.755652224805836 ], [ 0.772878414079187, 44.755357267774286 ], [ 0.778013906887397, 44.757732934493305 ], [ 0.77814211896195, 44.757662779663953 ] ] ] ] } },
{ "type": "Feature", "properties": { "NOM": null, "TYPOLOGIE": null, "COMMUNE": "Calès", "COMMUNAUTE": "CC des Bastides Dordogne Périgord", "INSEE_COMM": 24073, "ID_CDECOMM": 21, "SURFACE_UR": 1.87685, "COVISIBILI": "non", "SUP_URBA_H": null, "SITUATION_": "non boise", "SITUATION1": "vallee" }, "geometry": { "type": "MultiPolygon", "coordinates": [ [ [ [ 0.811826729693544, 44.872644497684597 ], [ 0.812942598421006, 44.872551941994139 ], [ 0.812846437894977, 44.871902884964271 ], [ 0.812288019612262, 44.871967149459749 ], [ 0.812121272623559, 44.871587005247449 ], [ 0.81181652605614, 44.871627779689284 ], [ 0.811709824952431, 44.871365415133297 ], [ 0.810500538267981, 44.871636592428651 ], [ 0.810726823579476, 44.872152505710602 ], [ 0.81094513257995, 44.872497379434293 ], [ 0.81115374415712, 44.872734163663459 ], [ 0.811826729693544, 44.872644497684597 ] ] ] ] } },
{ "type": "Feature", "properties": { "NOM": null, "TYPOLOGIE": null, "COMMUNE": "Lalinde", "COMMUNAUTE": "CC des Bastides Dordogne Périgord", "INSEE_COMM": 24223, "ID_CDECOMM": 21, "SURFACE_UR": 2.8067, "COVISIBILI": "non", "SUP_URBA_H": null, "SITUATION_": "boise", "SITUATION1": "vallee" }, "geometry": { "type": "MultiPolygon", "coordinates": [ [ [ [ 0.702000443238552, 44.832713102845446 ], [ 0.700404699629395, 44.833238240938336 ], [ 0.699590097038598, 44.833424085871052 ], [ 0.698979799204619, 44.83354098571558 ], [ 0.699025872501318, 44.833694607428384 ], [ 0.699036929930575, 44.833748749681611 ], [ 0.69923307378556, 44.834390401254694 ], [ 0.700795431306192, 44.834143669024684 ], [ 0.702243244212468, 44.833922211335292 ], [ 0.70235777301534, 44.833896917767547 ], [ 0.702000443238552, 44.832713102845446 ] ] ] ] } },
{ "type": "Feature", "properties": { "NOM": null, "TYPOLOGIE": null, "COMMUNE": "Lolme", "COMMUNAUTE": "CC des Bastides Dordogne Périgord", "INSEE_COMM": 24244, "ID_CDECOMM": 21, "SURFACE_UR": 2.32855, "COVISIBILI": null, "SUP_URBA_H": null, "SITUATION_": null, "SITUATION1": null }, "geometry": { "type": "MultiPolygon", "coordinates": [ [ [ [ 0.837195794800855, 44.701943957857161 ], [ 0.837207440607612, 44.701980098637463 ], [ 0.837724007724884, 44.702472889825266 ], [ 0.838362137832495, 44.702193713957904 ], [ 0.83893649759455, 44.701940654081838 ], [ 0.839319321114531, 44.701774943275858 ], [ 0.839561766833304, 44.701670292158447 ], [ 0.839740208127847, 44.701600752923611 ], [ 0.839778273865768, 44.701592274685233 ], [ 0.839297008274385, 44.700722160139627 ], [ 0.838384642264907, 44.700880668770942 ], [ 0.838220012522803, 44.700905415903065 ], [ 0.838020684830589, 44.70081274848318 ], [ 0.837968808243224, 44.70086601596649 ], [ 0.83785172469177, 44.700999356141608 ], [ 0.8379138041454, 44.701036183093635 ], [ 0.83757780570252, 44.701337459608872 ], [ 0.837513319777987, 44.701390555288413 ], [ 0.837486899708686, 44.701435173485393 ], [ 0.837160376081272, 44.70185352008 ], [ 0.837195794800855, 44.701943957857161 ] ] ] ] } },
{ "type": "Feature", "properties": { "NOM": null, "TYPOLOGIE": null, "COMMUNE": "Beaumontois-en-Périgord (Sainte-Sabine-Born)", "COMMUNAUTE": "CC des Bastides Dordogne Périgord", "INSEE_COMM": 24497, "ID_CDECOMM": 21, "SURFACE_UR": 2.21325, "COVISIBILI": "non", "SUP_URBA_H": null, "SITUATION_": "non boise", "SITUATION1": "plateau plaine" }, "geometry": { "type": "MultiPolygon", "coordinates": [ [ [ [ 0.743185776149275, 44.701163940553435 ], [ 0.743726819751692, 44.700766956689861 ], [ 0.744387802531571, 44.700587601619461 ], [ 0.74434043696042, 44.700478968170735 ], [ 0.744521036262258, 44.700337646603458 ], [ 0.744215804615212, 44.699982401179902 ], [ 0.744115880795723, 44.699504181365278 ], [ 0.744742346598488, 44.699207380086627 ], [ 0.744315134289495, 44.69870643912666 ], [ 0.743036731590777, 44.69930866047045 ], [ 0.743649474635745, 44.699938230283408 ], [ 0.74281692159548, 44.700384971019325 ], [ 0.742644759209085, 44.700229552515893 ], [ 0.742606423932821, 44.700246989302457 ], [ 0.742259614361088, 44.700466864050377 ], [ 0.743185776149275, 44.701163940553435 ] ] ] ] } },
{ "type": "Feature", "properties": { "NOM": null, "TYPOLOGIE": null, "COMMUNE": "Rampieux", "COMMUNAUTE": "CC des Bastides Dordogne Périgord", "INSEE_COMM": 24347, "ID_CDECOMM": 21, "SURFACE_UR": 0.8219, "COVISIBILI": "non", "SUP_URBA_H": null, "SITUATION_": "non boise", "SITUATION1": "plateau plaine" }, "geometry": { "type": "MultiPolygon", "coordinates": [ [ [ [ 0.809163934202151, 44.712317565349004 ], [ 0.80896398131478, 44.71271060168705 ], [ 0.808790719255138, 44.713050033970923 ], [ 0.808940333985636, 44.71311507846152 ], [ 0.809327105936175, 44.713273367517068 ], [ 0.809763834005886, 44.713450338915308 ], [ 0.809802892761674, 44.713405901953877 ], [ 0.81001275728707, 44.713111953609754 ], [ 0.810182826433605, 44.71288941878651 ], [ 0.810274778556719, 44.71275575799411 ], [ 0.809351134663233, 44.712392126074718 ], [ 0.809276205379402, 44.712364100273724 ], [ 0.809163934202151, 44.712317565349004 ] ] ] ] } },
{ "type": "Feature", "properties": { "NOM": null, "TYPOLOGIE": null, "COMMUNE": "Lavalade", "COMMUNAUTE": "CC des Bastides Dordogne Périgord", "INSEE_COMM": 24231, "ID_CDECOMM": 21, "SURFACE_UR": 2.2508, "COVISIBILI": "non", "SUP_URBA_H": null, "SITUATION_": "non boise", "SITUATION1": "plateau plaine" }, "geometry": { "type": "MultiPolygon", "coordinates": [ [ [ [ 0.871017990666003, 44.694465157128036 ], [ 0.871097300980038, 44.694808041682926 ], [ 0.871057362718186, 44.694888469761629 ], [ 0.871056657019058, 44.694915446885425 ], [ 0.871090714617191, 44.695059828177996 ], [ 0.871126183729993, 44.6951502552146 ], [ 0.871172378383218, 44.695312789008739 ], [ 0.87117910517347, 44.695537766187186 ], [ 0.871194675855576, 44.695906789199235 ], [ 0.871283162183468, 44.695898971041949 ], [ 0.871650419970326, 44.695840888261557 ], [ 0.871903506193015, 44.695808272428202 ], [ 0.872031076588172, 44.695270238618313 ], [ 0.872074069650806, 44.695072909253859 ], [ 0.872283389634129, 44.69430207942866 ], [ 0.87190911903806, 44.69318166054429 ], [ 0.87089282050903, 44.693464990672901 ], [ 0.871246092304404, 44.694423214892744 ], [ 0.871131923918296, 44.694448682255924 ], [ 0.871056046834651, 44.694456668059487 ], [ 0.871017990666003, 44.694465157128036 ] ] ] ] } },
{ "type": "Feature", "properties": { "NOM": null, "TYPOLOGIE": null, "COMMUNE": "Sainte-Sabine-Born", "COMMUNAUTE": "CC des Bastides Dordogne Périgord", "INSEE_COMM": 24497, "ID_CDECOMM": 21, "SURFACE_UR": 0.87085, "COVISIBILI": "non", "SUP_URBA_H": null, "SITUATION_": "non boise", "SITUATION1": "plateau plaine" }, "geometry": { "type": "MultiPolygon", "coordinates": [ [ [ [ 0.748912866683521, 44.706482150901934 ], [ 0.749155501039241, 44.706377698241646 ], [ 0.74956281912157, 44.706248630242385 ], [ 0.749906579840133, 44.706136636922388 ], [ 0.749938928738541, 44.705885221868158 ], [ 0.749971022697218, 44.705642798911242 ], [ 0.750021582204858, 44.7051937397705 ], [ 0.749959046374067, 44.705174847667131 ], [ 0.749784048142567, 44.705118352759683 ], [ 0.749683940156396, 44.705089923578534 ], [ 0.749558868994428, 44.70505213895602 ], [ 0.749506904689123, 44.705105364841323 ], [ 0.749375719775998, 44.705283389831614 ], [ 0.749218296784219, 44.705497019630528 ], [ 0.749008397601899, 44.705781859040854 ], [ 0.748982160054648, 44.705817463941329 ], [ 0.748912866683521, 44.706482150901934 ] ] ] ] } },
{ "type": "Feature", "properties": { "NOM": null, "TYPOLOGIE": null, "COMMUNE": "Pressignac-Vicq", "COMMUNAUTE": "CC des Bastides Dordogne Périgord", "INSEE_COMM": 24338, "ID_CDECOMM": 21, "SURFACE_UR": 2.1774, "COVISIBILI": "oui", "SUP_URBA_H": null, "SITUATION_": "non boise", "SITUATION1": "plateau plaine" }, "geometry": { "type": "MultiPolygon", "coordinates": [ [ [ [ 0.748514222116064, 44.903464920871748 ], [ 0.749305651218439, 44.903233383836422 ], [ 0.749313575466474, 44.902954605799238 ], [ 0.74937121643776, 44.901372048254544 ], [ 0.748764119025917, 44.901354331426198 ], [ 0.748783296351532, 44.900679869077081 ], [ 0.748391563879867, 44.900656247472568 ], [ 0.74834593185407, 44.900925486869696 ], [ 0.748169300228662, 44.900904955415633 ], [ 0.748181424430786, 44.901813776910068 ], [ 0.748195987644784, 44.902191839612669 ], [ 0.748389099220396, 44.902968314738558 ], [ 0.748514222116064, 44.903464920871748 ] ] ] ] } },
{ "type": "Feature", "properties": { "NOM": null, "TYPOLOGIE": null, "COMMUNE": "Lanquais", "COMMUNAUTE": "CC des Bastides Dordogne Périgord", "INSEE_COMM": 24228, "ID_CDECOMM": 21, "SURFACE_UR": 1.1584, "COVISIBILI": "non", "SUP_URBA_H": null, "SITUATION_": "boise", "SITUATION1": "pente" }, "geometry": { "type": "MultiPolygon", "coordinates": [ [ [ [ 0.674942705205462, 44.815324023960372 ], [ 0.675038887658733, 44.815064577095981 ], [ 0.675107932339117, 44.814867696285624 ], [ 0.675229647139065, 44.814599637270845 ], [ 0.675191746988723, 44.814599066835463 ], [ 0.675019688496434, 44.814434542434689 ], [ 0.674872096087394, 44.814297375176395 ], [ 0.67483713520349, 44.814197888846934 ], [ 0.674802441635582, 44.814089410168258 ], [ 0.674870150045382, 44.813937491294325 ], [ 0.674618554286095, 44.81389771795952 ], [ 0.674067236803518, 44.813736477425032 ], [ 0.674029604563574, 44.813726914251731 ], [ 0.674016971381078, 44.813726723970767 ], [ 0.673811967408972, 44.814245425271814 ], [ 0.673887835552793, 44.814669397418783 ], [ 0.674942705205462, 44.815324023960372 ] ] ] ] } },
{ "type": "Feature", "properties": { "NOM": null, "TYPOLOGIE": null, "COMMUNE": "Lolme", "COMMUNAUTE": "CC des Bastides Dordogne Périgord", "INSEE_COMM": 24244, "ID_CDECOMM": 21, "SURFACE_UR": 2.0679, "COVISIBILI": "non", "SUP_URBA_H": null, "SITUATION_": "clairiere", "SITUATION1": "pente" }, "geometry": { "type": "MultiPolygon", "coordinates": [ [ [ [ 0.839056669930754, 44.717261774562758 ], [ 0.839455574881364, 44.716970340855497 ], [ 0.839532929142966, 44.716908422728046 ], [ 0.839880420404528, 44.716652271375132 ], [ 0.839855677331723, 44.716633943987141 ], [ 0.840126773763662, 44.716403740830543 ], [ 0.840139625852568, 44.716394919794936 ], [ 0.84033360794637, 44.716217642337718 ], [ 0.840172297996651, 44.716116499600901 ], [ 0.83943902283314, 44.715701734287414 ], [ 0.83946496728706, 44.715675100035497 ], [ 0.839018161891029, 44.71539915876496 ], [ 0.838427445108048, 44.715786934005642 ], [ 0.838613252782396, 44.715915399283432 ], [ 0.837937953717802, 44.716634859815123 ], [ 0.838247957232957, 44.716836980107168 ], [ 0.838359539798668, 44.716910462591969 ], [ 0.83849610597743, 44.716993280320004 ], [ 0.838669546349067, 44.717112581727974 ], [ 0.838768999039051, 44.71716790762877 ], [ 0.83885632091483, 44.71720507728277 ], [ 0.839056669930754, 44.717261774562758 ] ] ] ] } },
{ "type": "Feature", "properties": { "NOM": null, "TYPOLOGIE": null, "COMMUNE": "Marsalès", "COMMUNAUTE": "CC des Bastides Dordogne Périgord", "INSEE_COMM": 24257, "ID_CDECOMM": 21, "SURFACE_UR": 0.65835, "COVISIBILI": "non", "SUP_URBA_H": null, "SITUATION_": "non boise", "SITUATION1": "plateau plaine" }, "geometry": { "type": "MultiPolygon", "coordinates": [ [ [ [ 0.88448415614602, 44.689219269365083 ], [ 0.883705406428669, 44.689586807053573 ], [ 0.883915526261189, 44.69023725239046 ], [ 0.884877082544572, 44.690115000539151 ], [ 0.88448415614602, 44.689219269365083 ] ] ] ] } },
{ "type": "Feature", "properties": { "NOM": null, "TYPOLOGIE": null, "COMMUNE": "Marsalès", "COMMUNAUTE": "CC des Bastides Dordogne Périgord", "INSEE_COMM": 24257, "ID_CDECOMM": 21, "SURFACE_UR": 2.182, "COVISIBILI": "oui", "SUP_URBA_H": null, "SITUATION_": "non boise", "SITUATION1": "plateau plaine" }, "geometry": { "type": "MultiPolygon", "coordinates": [ [ [ [ 0.875305834158677, 44.692048375041679 ], [ 0.875445912201801, 44.69199626076739 ], [ 0.876146298512737, 44.691735686732606 ], [ 0.876049901434519, 44.691563494122207 ], [ 0.875881149360785, 44.691264404980366 ], [ 0.875687890096463, 44.690938004049613 ], [ 0.875531278971854, 44.690657066438163 ], [ 0.87541131505543, 44.690421592282497 ], [ 0.875322134352896, 44.690456390863275 ], [ 0.874761366299028, 44.690682830895391 ], [ 0.874557556181585, 44.690761084580842 ], [ 0.873729234222781, 44.691091912839788 ], [ 0.873838464405546, 44.691255282500869 ], [ 0.874046198258948, 44.69150991516878 ], [ 0.87409498043246, 44.691573531425945 ], [ 0.874352203446706, 44.691864802695193 ], [ 0.874487119174483, 44.692010521807845 ], [ 0.874683190836963, 44.692229016514133 ], [ 0.874732678256745, 44.692265655393378 ], [ 0.875305834158677, 44.692048375041679 ] ] ] ] } },
{ "type": "Feature", "properties": { "NOM": null, "TYPOLOGIE": null, "COMMUNE": "Saint-Avit-Sénieur", "COMMUNAUTE": "CC des Bastides Dordogne Périgord", "INSEE_COMM": 24379, "ID_CDECOMM": 21, "SURFACE_UR": 4.3639, "COVISIBILI": "non", "SUP_URBA_H": null, "SITUATION_": "clairiere", "SITUATION1": "plateau plaine" }, "geometry": { "type": "MultiPolygon", "coordinates": [ [ [ [ 0.82547955056049, 44.775305932105809 ], [ 0.825260060860295, 44.775950626928207 ], [ 0.825347950994155, 44.775969823272241 ], [ 0.825486341762076, 44.775989711618053 ], [ 0.825739330332923, 44.775975186533522 ], [ 0.826156688356515, 44.775953916640411 ], [ 0.826523545527932, 44.775931953594778 ], [ 0.826586913903387, 44.775923825508649 ], [ 0.826713407914472, 44.775916561777038 ], [ 0.826634254504695, 44.775573634757819 ], [ 0.826616285364669, 44.775303512554629 ], [ 0.826609485143657, 44.775087518544531 ], [ 0.826610941329618, 44.775033563266625 ], [ 0.826612397512783, 44.774979607989913 ], [ 0.826836478403477, 44.774164052383973 ], [ 0.827120997954482, 44.772980493769921 ], [ 0.827064911454147, 44.772718845989623 ], [ 0.826868501713122, 44.772509252113529 ], [ 0.826607030359602, 44.772370733788811 ], [ 0.826305988251948, 44.772294643846692 ], [ 0.825573292372869, 44.772302597144652 ], [ 0.825048399096903, 44.773033063581259 ], [ 0.82542008995928, 44.773299038394349 ], [ 0.825456749201982, 44.773344520136163 ], [ 0.825479569587488, 44.773434791539081 ], [ 0.825584205083241, 44.773769072526548 ], [ 0.825645625009018, 44.77430067037961 ], [ 0.825653635670489, 44.774471701661341 ], [ 0.825603132731707, 44.774938794879304 ], [ 0.825602889873293, 44.774947787422725 ], [ 0.82558832207726, 44.775019554768953 ], [ 0.82547955056049, 44.775305932105809 ] ] ] ] } },
{ "type": "Feature", "properties": { "NOM": null, "TYPOLOGIE": null, "COMMUNE": "Saint-Romain-de-Monpazier", "COMMUNAUTE": "CC des Bastides Dordogne Périgord", "INSEE_COMM": 24495, "ID_CDECOMM": 21, "SURFACE_UR": 0.65535, "COVISIBILI": null, "SUP_URBA_H": null, "SITUATION_": null, "SITUATION1": null }, "geometry": { "type": "MultiPolygon", "coordinates": [ [ [ [ 0.857441338265665, 44.71956114116157 ], [ 0.857542476332067, 44.719553503391417 ], [ 0.857618864234565, 44.719527542093296 ], [ 0.857771877301238, 44.719466626934498 ], [ 0.858027452350125, 44.719344118923246 ], [ 0.858116927095835, 44.719300341740073 ], [ 0.858232101506273, 44.719238918167541 ], [ 0.858526698690606, 44.71907195471411 ], [ 0.858733244461076, 44.718894813805257 ], [ 0.85883651685822, 44.718806243210189 ], [ 0.858650416095557, 44.718686804175341 ], [ 0.85874202514176, 44.718562094867977 ], [ 0.858653976029043, 44.718551918129343 ], [ 0.858488591403052, 44.718603672876355 ], [ 0.858197794994857, 44.718626757760326 ], [ 0.85812117116962, 44.71866171185345 ], [ 0.85785061245292, 44.718873974782959 ], [ 0.857438226778505, 44.71920127569873 ], [ 0.857067000192834, 44.719403189616159 ], [ 0.857216450095006, 44.719477161268742 ], [ 0.857303787751812, 44.719514316371693 ], [ 0.85739112552406, 44.719551471406177 ], [ 0.857441338265665, 44.71956114116157 ] ] ] ] } },
{ "type": "Feature", "properties": { "NOM": null, "TYPOLOGIE": null, "COMMUNE": "Mauzac-et-Grand-Castang", "COMMUNAUTE": "CC des Bastides Dordogne Périgord", "INSEE_COMM": 24260, "ID_CDECOMM": 21, "SURFACE_UR": 2.37045, "COVISIBILI": "non", "SUP_URBA_H": null, "SITUATION_": "boise", "SITUATION1": "pente" }, "geometry": { "type": "MultiPolygon", "coordinates": [ [ [ [ 0.794059049632076, 44.869150130068874 ], [ 0.793989611702433, 44.869374067531986 ], [ 0.793975724049852, 44.869418855021834 ], [ 0.795023614693626, 44.869496458409444 ], [ 0.796197969790652, 44.869575815492425 ], [ 0.796493786584469, 44.868941204399704 ], [ 0.796549824318571, 44.868744067557962 ], [ 0.796538913618688, 44.86868094148096 ], [ 0.796557261095572, 44.868474282877933 ], [ 0.795081660503483, 44.868309759092469 ], [ 0.794299851255669, 44.868217879004142 ], [ 0.79424405438922, 44.868406021847306 ], [ 0.794243806126592, 44.868415014664116 ], [ 0.794201151345356, 44.868585348443972 ], [ 0.794171390544044, 44.868746865989209 ], [ 0.794059049632076, 44.869150130068874 ] ] ] ] } },
{ "type": "Feature", "properties": { "NOM": null, "TYPOLOGIE": null, "COMMUNE": "Lanquais", "COMMUNAUTE": "CC des Bastides Dordogne Périgord", "INSEE_COMM": 24228, "ID_CDECOMM": 21, "SURFACE_UR": 0.66925, "COVISIBILI": "non", "SUP_URBA_H": null, "SITUATION_": "non boise", "SITUATION1": "pente" }, "geometry": { "type": "MultiPolygon", "coordinates": [ [ [ [ 0.67484598747693, 44.815601455465107 ], [ 0.674942705205462, 44.815324023960372 ], [ 0.674049396537536, 44.814761794578224 ], [ 0.674116108660693, 44.815068675904683 ], [ 0.674040911892309, 44.815472380051617 ], [ 0.674006822978131, 44.815768746910251 ], [ 0.674155824043099, 44.816283784297156 ], [ 0.674585906407618, 44.816272267799619 ], [ 0.674519724766645, 44.815947401907572 ], [ 0.674437703190869, 44.8157302539542 ], [ 0.674416712102711, 44.815585995929972 ], [ 0.67484598747693, 44.815601455465107 ] ] ] ] } },
{ "type": "Feature", "properties": { "NOM": null, "TYPOLOGIE": null, "COMMUNE": "Vergt-de-Biron", "COMMUNAUTE": "CC des Bastides Dordogne Périgord", "INSEE_COMM": 24572, "ID_CDECOMM": 21, "SURFACE_UR": 0.93815, "COVISIBILI": "non", "SUP_URBA_H": null, "SITUATION_": "boise", "SITUATION1": "pente" }, "geometry": { "type": "MultiPolygon", "coordinates": [ [ [ [ 0.825662531242429, 44.621690899535054 ], [ 0.825762286556993, 44.621728250566242 ], [ 0.826635635301854, 44.622037084361729 ], [ 0.827510663466587, 44.621347458534451 ], [ 0.826640951169458, 44.620903752515851 ], [ 0.825959619421152, 44.621416125499145 ], [ 0.825881897335601, 44.621496015800687 ], [ 0.825842915127101, 44.621540456908022 ], [ 0.825662531242429, 44.621690899535054 ] ] ] ] } },
{ "type": "Feature", "properties": { "NOM": null, "TYPOLOGIE": null, "COMMUNE": "Lalinde", "COMMUNAUTE": "CC des Bastides Dordogne Périgord", "INSEE_COMM": 24223, "ID_CDECOMM": 21, "SURFACE_UR": 2.38205, "COVISIBILI": "non", "SUP_URBA_H": null, "SITUATION_": "non boise", "SITUATION1": "vallee" }, "geometry": { "type": "MultiPolygon", "coordinates": [ [ [ [ 0.776261271216427, 44.85186116961237 ], [ 0.776176630510044, 44.852174842861118 ], [ 0.775944385866188, 44.852792303222699 ], [ 0.775902943026835, 44.852917665269786 ], [ 0.775876402652432, 44.852962271510926 ], [ 0.775862504585386, 44.853007056428581 ], [ 0.775924962927748, 44.853034927977163 ], [ 0.776489350223064, 44.853204835841773 ], [ 0.776501992619423, 44.853205014450729 ], [ 0.776540672922077, 44.853178572103126 ], [ 0.776617782392858, 44.85313468009015 ], [ 0.776823323393582, 44.853020632036795 ], [ 0.777041756843883, 44.852897769431721 ], [ 0.777273082555782, 44.852766092199687 ], [ 0.777285975771665, 44.852757277996922 ], [ 0.777560244563959, 44.852446281294313 ], [ 0.777414461755126, 44.851778499564446 ], [ 0.777403575927114, 44.851715372029787 ], [ 0.777344630945774, 44.851561603279549 ], [ 0.777332992530129, 44.851525453896279 ], [ 0.777337257868653, 44.851372577701149 ], [ 0.777354917829065, 44.851192901877127 ], [ 0.777375086615135, 44.850923298906437 ], [ 0.777339669954801, 44.850832836222402 ], [ 0.777276460637675, 44.850831943643001 ], [ 0.776633733814656, 44.850750895560665 ], [ 0.776457250102371, 44.850730409690925 ], [ 0.776406682752238, 44.850729695226491 ], [ 0.776403921218152, 44.850828615067442 ], [ 0.776339796578407, 44.85131350712102 ], [ 0.776309491314087, 44.851493004162464 ], [ 0.776261271216427, 44.85186116961237 ] ] ] ] } },
{ "type": "Feature", "properties": { "NOM": null, "TYPOLOGIE": null, "COMMUNE": "Vergt-de-Biron", "COMMUNAUTE": "CC des Bastides Dordogne Périgord", "INSEE_COMM": 24572, "ID_CDECOMM": 21, "SURFACE_UR": 1.96705, "COVISIBILI": "non", "SUP_URBA_H": null, "SITUATION_": "clairiere", "SITUATION1": "plateau plaine" }, "geometry": { "type": "MultiPolygon", "coordinates": [ [ [ [ 0.846030161851208, 44.644393989747364 ], [ 0.846030161851208, 44.644393989747364 ], [ 0.84682822762101, 44.644233884339606 ], [ 0.846831333339139, 44.644116987000238 ], [ 0.846874614696204, 44.643910680143492 ], [ 0.847089041915819, 44.643427834426383 ], [ 0.847447684377291, 44.643207804555779 ], [ 0.846495999335769, 44.642511277757357 ], [ 0.846483643048368, 44.642502115122177 ], [ 0.84633345612774, 44.642464100150576 ], [ 0.846002872929511, 44.642576562378657 ], [ 0.84597744339786, 44.642585213278267 ], [ 0.845937267265675, 44.642674622417886 ], [ 0.845696925021172, 44.643184100730736 ], [ 0.845656987098963, 44.643264517694419 ], [ 0.84565220537594, 44.643444359624858 ], [ 0.845673331843985, 44.643597566548785 ], [ 0.845704663142054, 44.643840865096124 ], [ 0.845735994711708, 44.644084163662932 ], [ 0.845759034234686, 44.644165433815076 ], [ 0.845790127152217, 44.644417724505644 ], [ 0.846030161851208, 44.644393989747364 ] ] ] ] } },
{ "type": "Feature", "properties": { "NOM": null, "TYPOLOGIE": null, "COMMUNE": "Saint-Capraise-de-Lalinde", "COMMUNAUTE": "CC des Bastides Dordogne Périgord", "INSEE_COMM": 24382, "ID_CDECOMM": 21, "SURFACE_UR": 6.5055, "COVISIBILI": "non", "SUP_URBA_H": null, "SITUATION_": "non boise", "SITUATION1": "vallee" }, "geometry": { "type": "MultiPolygon", "coordinates": [ [ [ [ 0.642093357425416, 44.843271583500353 ], [ 0.641999599765151, 44.84302723795048 ], [ 0.640789554679358, 44.84331454717605 ], [ 0.639745179537959, 44.843559406110849 ], [ 0.639756727478137, 44.843595569783545 ], [ 0.638381247533497, 44.843916297435072 ], [ 0.638365129289327, 44.844446847056446 ], [ 0.638589719284984, 44.844963104681668 ], [ 0.638802219450016, 44.845461182902966 ], [ 0.638878607046061, 44.845444363997601 ], [ 0.639605378909545, 44.84524861227532 ], [ 0.639860366220812, 44.845180557375308 ], [ 0.640434085403066, 44.845027431706143 ], [ 0.640650604680803, 44.844976777358418 ], [ 0.641313618417112, 44.844798028673026 ], [ 0.642040100761421, 44.844611253366651 ], [ 0.642358827470494, 44.84452617765038 ], [ 0.64247340532861, 44.844500945594731 ], [ 0.642473677861693, 44.844491953217194 ], [ 0.643008917972801, 44.844356217299399 ], [ 0.643493323266282, 44.844228696090894 ], [ 0.643531515523517, 44.844220285027781 ], [ 0.643161634225154, 44.843072051897821 ], [ 0.642093357425416, 44.843271583500353 ] ] ] ] } },
{ "type": "Feature", "properties": { "NOM": null, "TYPOLOGIE": null, "COMMUNE": "Beaumontois-en-Périgord (Nojals-et-Clotte)", "COMMUNAUTE": "CC des Bastides Dordogne Périgord", "INSEE_COMM": 24310, "ID_CDECOMM": 21, "SURFACE_UR": 2.7182, "COVISIBILI": "non", "SUP_URBA_H": null, "SITUATION_": "non boise", "SITUATION1": "pente" }, "geometry": { "type": "MultiPolygon", "coordinates": [ [ [ [ 0.768333111907449, 44.707596906947032 ], [ 0.768383298688058, 44.707606617040689 ], [ 0.769012212721224, 44.706769970076998 ], [ 0.76908129834723, 44.706555055942474 ], [ 0.769232832033843, 44.706098430598978 ], [ 0.769388922956871, 44.705929732671642 ], [ 0.770297504516959, 44.70546588136947 ], [ 0.769939131403638, 44.705199910264199 ], [ 0.769691728011397, 44.705025473386968 ], [ 0.769642549320894, 44.704979795393776 ], [ 0.768833081912831, 44.705508021611429 ], [ 0.768970524584262, 44.705554955942006 ], [ 0.769029041558835, 44.705717711332362 ], [ 0.76888379798787, 44.705949533067887 ], [ 0.768621771995824, 44.70584685133143 ], [ 0.767608518284227, 44.706444134229429 ], [ 0.767415096126036, 44.706594306619436 ], [ 0.767269339858915, 44.706844110559643 ], [ 0.767270866124291, 44.707239943880772 ], [ 0.767380070119375, 44.707394426576613 ], [ 0.76762722492505, 44.70757786096717 ], [ 0.767973244361043, 44.707834668213358 ], [ 0.768220632263019, 44.707559322917945 ], [ 0.768333111907449, 44.707596906947032 ] ] ] ] } },
{ "type": "Feature", "properties": { "NOM": null, "TYPOLOGIE": null, "COMMUNE": "Lanquais", "COMMUNAUTE": "CC des Bastides Dordogne Périgord", "INSEE_COMM": 24228, "ID_CDECOMM": 21, "SURFACE_UR": 1.15675, "COVISIBILI": "non", "SUP_URBA_H": null, "SITUATION_": "non boise", "SITUATION1": "vallee" }, "geometry": { "type": "MultiPolygon", "coordinates": [ [ [ [ 0.674049396537536, 44.814761794578224 ], [ 0.673887835552793, 44.814669397418783 ], [ 0.673811967408972, 44.814245425271814 ], [ 0.674016971381078, 44.813726723970767 ], [ 0.674020179168484, 44.813618815905578 ], [ 0.673716983398534, 44.813614248737856 ], [ 0.673590384458215, 44.813621337843088 ], [ 0.673158717534672, 44.813686804464382 ], [ 0.673181576824631, 44.813768116254153 ], [ 0.673240463713313, 44.813912945523292 ], [ 0.673275154144934, 44.814021424685656 ], [ 0.673285380475839, 44.814102546097907 ], [ 0.673296944006286, 44.814138705817491 ], [ 0.673305030927352, 44.814291765945768 ], [ 0.673287316335017, 44.814462430035739 ], [ 0.673259375229705, 44.814551972703491 ], [ 0.673193266423862, 44.81464993658679 ], [ 0.67312715738663, 44.814747900434526 ], [ 0.673010514391598, 44.814845102671008 ], [ 0.672854900598486, 44.814977702914597 ], [ 0.67390354661205, 44.815416332824888 ], [ 0.674006822978131, 44.815768746910251 ], [ 0.674040911892309, 44.815472380051617 ], [ 0.674116108660693, 44.815068675904683 ], [ 0.674049396537536, 44.814761794578224 ] ] ] ] } },
{ "type": "Feature", "properties": { "NOM": null, "TYPOLOGIE": null, "COMMUNE": "Vergt-de-Biron", "COMMUNAUTE": "CC des Bastides Dordogne Périgord", "INSEE_COMM": 24572, "ID_CDECOMM": 21, "SURFACE_UR": 2.11755, "COVISIBILI": "non", "SUP_URBA_H": null, "SITUATION_": "clairiere", "SITUATION1": "plateau plaine" }, "geometry": { "type": "MultiPolygon", "coordinates": [ [ [ [ 0.844356865628202, 44.607841543512684 ], [ 0.845170589419999, 44.607546743084235 ], [ 0.844789225949278, 44.607208749873813 ], [ 0.844727006612697, 44.607180920482719 ], [ 0.844627503621674, 44.607134594996815 ], [ 0.844440368031823, 44.607069090329134 ], [ 0.844266298454024, 44.606985772238744 ], [ 0.844229493298891, 44.606949292168068 ], [ 0.844094621199181, 44.606812534497564 ], [ 0.843922705796248, 44.606648288442408 ], [ 0.84344104274024, 44.606767683772006 ], [ 0.842551558071352, 44.607070437471521 ], [ 0.842645073896029, 44.607341563223891 ], [ 0.842748544632868, 44.607711771195824 ], [ 0.842817605678359, 44.607955579181628 ], [ 0.842874319172804, 44.608190224284535 ], [ 0.84288475228445, 44.608271322680061 ], [ 0.843036760292556, 44.608237405954192 ], [ 0.843150526840792, 44.608220960213337 ], [ 0.843264771960514, 44.608186530471691 ], [ 0.843391843761754, 44.608143279541075 ], [ 0.843609181323121, 44.608020296943081 ], [ 0.844356865628202, 44.607841543512684 ] ] ] ] } },
{ "type": "Feature", "properties": { "NOM": null, "TYPOLOGIE": null, "COMMUNE": "Lolme", "COMMUNAUTE": "CC des Bastides Dordogne Périgord", "INSEE_COMM": 24244, "ID_CDECOMM": 21, "SURFACE_UR": 0.83865, "COVISIBILI": "non", "SUP_URBA_H": null, "SITUATION_": "clairiere", "SITUATION1": "pente" }, "geometry": { "type": "MultiPolygon", "coordinates": [ [ [ [ 0.839935165716438, 44.719324714281427 ], [ 0.839949460443096, 44.719261939094679 ], [ 0.839951142702862, 44.719198992572636 ], [ 0.839904778573203, 44.719045437102125 ], [ 0.839921236200491, 44.718901730695428 ], [ 0.839942980827073, 44.718560192419588 ], [ 0.839959197896736, 44.71842547839487 ], [ 0.839972771421353, 44.718389680300476 ], [ 0.839859501477266, 44.718379145888221 ], [ 0.839645814329586, 44.71834925573004 ], [ 0.839691936816804, 44.718511803616686 ], [ 0.839186964795573, 44.718522932565811 ], [ 0.838366685551285, 44.718529771731902 ], [ 0.838341460991508, 44.71852942869539 ], [ 0.838324518274199, 44.718691119544573 ], [ 0.838411601655153, 44.718737281933663 ], [ 0.838511297516428, 44.718783615756251 ], [ 0.83897242307215, 44.718996784483991 ], [ 0.838878364529407, 44.71921140088704 ], [ 0.839584180216083, 44.719238985023438 ], [ 0.839672467317448, 44.719240184632945 ], [ 0.839935165716438, 44.719324714281427 ] ] ] ] } },
{ "type": "Feature", "properties": { "NOM": null, "TYPOLOGIE": null, "COMMUNE": "Marsalès", "COMMUNAUTE": "CC des Bastides Dordogne Périgord", "INSEE_COMM": 24257, "ID_CDECOMM": 21, "SURFACE_UR": 4.50115, "COVISIBILI": "non", "SUP_URBA_H": null, "SITUATION_": "non boise", "SITUATION1": "plateau plaine" }, "geometry": { "type": "MultiPolygon", "coordinates": [ [ [ [ 0.887980933038718, 44.691999943430169 ], [ 0.889029594142154, 44.691923778093937 ], [ 0.888891387794465, 44.691903970403217 ], [ 0.88875294916121, 44.691893154947294 ], [ 0.888590459726113, 44.691837045767869 ], [ 0.888390616215874, 44.691762454202021 ], [ 0.888303765983716, 44.691707339264454 ], [ 0.888167652711668, 44.691606599019828 ], [ 0.88808382529815, 44.691434582653869 ], [ 0.888012604708509, 44.69126273206345 ], [ 0.887939706267947, 44.690668072734937 ], [ 0.887791821278031, 44.689559685987518 ], [ 0.887730835579012, 44.688992170019148 ], [ 0.889518408471612, 44.688134120681703 ], [ 0.889359180943492, 44.687952119244571 ], [ 0.889286102622458, 44.687852208891691 ], [ 0.889262285237563, 44.687797923181996 ], [ 0.889063384489346, 44.687687363442095 ], [ 0.888417194890975, 44.6873190494724 ], [ 0.886821507449527, 44.688071661537037 ], [ 0.886782992633192, 44.688098140818838 ], [ 0.887003379208564, 44.688352914782357 ], [ 0.887224000400756, 44.688598695949466 ], [ 0.887432482926514, 44.688826326035716 ], [ 0.8875919392418, 44.688999337925893 ], [ 0.887640502044831, 44.689071940542533 ], [ 0.887627198572578, 44.689098751857479 ], [ 0.887612964869516, 44.689161532745949 ], [ 0.887653156093148, 44.689557861573611 ], [ 0.887675112295334, 44.689684086839492 ], [ 0.887673717012744, 44.689738041216529 ], [ 0.8877150717904, 44.690089408138356 ], [ 0.88697061727275, 44.690106597251621 ], [ 0.886693051555214, 44.690111938569338 ], [ 0.886579364409337, 44.690119437140304 ], [ 0.88630160234978, 44.690619525235256 ], [ 0.886221542498383, 44.690789384628154 ], [ 0.886207074005779, 44.690861157774663 ], [ 0.88620567728169, 44.690915112157818 ], [ 0.887342098789986, 44.690858109841656 ], [ 0.887337911885453, 44.691019973047105 ], [ 0.887347261668933, 44.691146032559892 ], [ 0.887284230262204, 44.691145203042687 ], [ 0.886501244527158, 44.691188868428306 ], [ 0.886198228041153, 44.691202868890066 ], [ 0.886208273660229, 44.691301951306237 ], [ 0.886247990923359, 44.69171626580841 ], [ 0.886424946132413, 44.691700605228846 ], [ 0.887384661223106, 44.691650270676355 ], [ 0.887915059944289, 44.691621267414298 ], [ 0.887980933038718, 44.691999943430169 ] ] ] ] } },
{ "type": "Feature", "properties": { "NOM": null, "TYPOLOGIE": null, "COMMUNE": "Sainte-Sabine-Born", "COMMUNAUTE": "CC des Bastides Dordogne Périgord", "INSEE_COMM": 24497, "ID_CDECOMM": 21, "SURFACE_UR": 4.8236, "COVISIBILI": "non", "SUP_URBA_H": null, "SITUATION_": "non boise", "SITUATION1": "plateau plaine" }, "geometry": { "type": "MultiPolygon", "coordinates": [ [ [ [ 0.74454641416014, 44.698556854074646 ], [ 0.745006671171262, 44.698338611104965 ], [ 0.745173122539116, 44.698251058391627 ], [ 0.746397475839351, 44.697773973397318 ], [ 0.745759511186964, 44.697144055328515 ], [ 0.745071388025989, 44.696504413128153 ], [ 0.745081860579074, 44.69613573886906 ], [ 0.74495646704358, 44.695666148399617 ], [ 0.744821623443006, 44.695529263761742 ], [ 0.744301847033667, 44.695179913187239 ], [ 0.744191964092354, 44.695052384330907 ], [ 0.743841194868328, 44.694525559858562 ], [ 0.743494267290234, 44.693863853785203 ], [ 0.742579950939163, 44.694084515440323 ], [ 0.742868439753544, 44.694583455689511 ], [ 0.743218688772435, 44.695128267349176 ], [ 0.743568688921184, 44.695682070088843 ], [ 0.743798761186442, 44.696018239763603 ], [ 0.744142810579677, 44.696338065261855 ], [ 0.744302357465562, 44.696493299364747 ], [ 0.744511822559094, 44.696667246221992 ], [ 0.744620942877224, 44.696821751026178 ], [ 0.74455535208619, 44.696910760565217 ], [ 0.744406451911456, 44.697268438449179 ], [ 0.744350912018036, 44.697447550685325 ], [ 0.744310790204495, 44.697527932504507 ], [ 0.744140761461231, 44.697741372702822 ], [ 0.744088287376678, 44.697812580135484 ], [ 0.743985128080825, 44.697892050520601 ], [ 0.743882479746714, 44.697953536694143 ], [ 0.74454641416014, 44.698556854074646 ] ] ] ] } },
{ "type": "Feature", "properties": { "NOM": null, "TYPOLOGIE": null, "COMMUNE": "Saint-Cassien", "COMMUNAUTE": "CC des Bastides Dordogne Périgord", "INSEE_COMM": 24384, "ID_CDECOMM": 21, "SURFACE_UR": 4.32285, "COVISIBILI": "non", "SUP_URBA_H": null, "SITUATION_": "non boise", "SITUATION1": "plateau plaine" }, "geometry": { "type": "MultiPolygon", "coordinates": [ [ [ [ 0.847380334682364, 44.678954638222038 ], [ 0.847274488764256, 44.679142111683404 ], [ 0.8471422401221, 44.679374205324613 ], [ 0.847023550038202, 44.679570500334471 ], [ 0.846944343176016, 44.679704361028577 ], [ 0.846864896888117, 44.679847213923445 ], [ 0.846825412646817, 44.679909648101656 ], [ 0.846719563072296, 44.680097121101419 ], [ 0.84674333601615, 44.680151415687078 ], [ 0.846768065265206, 44.680169741262112 ], [ 0.846805876345185, 44.680170252859156 ], [ 0.847311219032186, 44.680132111648255 ], [ 0.847690046409068, 44.680110248408369 ], [ 0.84781608323938, 44.680111952626284 ], [ 0.848053698178082, 44.679710368427159 ], [ 0.848107934120993, 44.679567173916276 ], [ 0.848245194533349, 44.679146241799636 ], [ 0.848286348373748, 44.679020861371015 ], [ 0.848536984525981, 44.679078221793361 ], [ 0.848659727123677, 44.678729056912239 ], [ 0.848767477531006, 44.678469644139675 ], [ 0.848834075012219, 44.678335611897225 ], [ 0.849298487489396, 44.678413849902682 ], [ 0.849493741221241, 44.678182604868432 ], [ 0.850014330458963, 44.677568947266082 ], [ 0.850365346157708, 44.677168889864916 ], [ 0.84962797095118, 44.676925051818507 ], [ 0.849515498639425, 44.676887550932534 ], [ 0.84872795793199, 44.676634033786847 ], [ 0.848625224680567, 44.676704609215548 ], [ 0.848494420017425, 44.676882750794313 ], [ 0.848390492062361, 44.676998287225288 ], [ 0.848274438288312, 44.677095668717683 ], [ 0.848184306643758, 44.677166414105521 ], [ 0.84810701664786, 44.677228337558191 ], [ 0.848054693735638, 44.677299593974595 ], [ 0.847947897737312, 44.677523036932513 ], [ 0.847907460853099, 44.677621440417177 ], [ 0.847811833505167, 44.677899007145932 ], [ 0.847729047361404, 44.678167752002118 ], [ 0.847687653992078, 44.678302124418451 ], [ 0.847647216089796, 44.678400527839678 ], [ 0.847578704274047, 44.678606497338542 ], [ 0.847525662594839, 44.678704730286235 ], [ 0.84748594094944, 44.678776156920854 ], [ 0.847380334682364, 44.678954638222038 ] ] ] ] } },
{ "type": "Feature", "properties": { "NOM": null, "TYPOLOGIE": null, "COMMUNE": "Saint-Capraise-de-Lalinde", "COMMUNAUTE": "CC des Bastides Dordogne Périgord", "INSEE_COMM": 24382, "ID_CDECOMM": 21, "SURFACE_UR": 1.8678, "COVISIBILI": "non", "SUP_URBA_H": null, "SITUATION_": "non boise", "SITUATION1": "vallee" }, "geometry": { "type": "MultiPolygon", "coordinates": [ [ [ [ 0.64099589202889, 44.845683811044111 ], [ 0.641480040707213, 44.845565290966853 ], [ 0.641939179488191, 44.845437388493494 ], [ 0.642359850443389, 44.845326887175091 ], [ 0.642856905802646, 44.845199562606567 ], [ 0.643213827530847, 44.845106073556323 ], [ 0.643392151753546, 44.845063824791168 ], [ 0.643812817030143, 44.844953317959025 ], [ 0.644399163161201, 44.844800365454908 ], [ 0.644870656912554, 44.844681636895693 ], [ 0.645023698405041, 44.844638998269161 ], [ 0.645482821482898, 44.844511081122526 ], [ 0.645788630368537, 44.844434794354157 ], [ 0.646145542318843, 44.84434129586495 ], [ 0.646362325676788, 44.844281637954595 ], [ 0.646936017844112, 44.844128478586519 ], [ 0.646828238549089, 44.843928905606255 ], [ 0.646780669132984, 44.843829215781859 ], [ 0.646436401416839, 44.843922909740208 ], [ 0.646206707678446, 44.843991366708458 ], [ 0.645862709989744, 44.844076066500833 ], [ 0.645327479482462, 44.844211816225751 ], [ 0.644906822772774, 44.844322328788991 ], [ 0.644639205506241, 44.844390201666656 ], [ 0.644231458375462, 44.844491912926834 ], [ 0.643734412431268, 44.84461924363972 ], [ 0.643199443981636, 44.844745990706905 ], [ 0.643033760716313, 44.844788432982732 ], [ 0.642919182522153, 44.844813665622539 ], [ 0.642919182522153, 44.844813665622539 ], [ 0.642690025823789, 44.844864130546611 ], [ 0.64238393781704, 44.844949401132368 ], [ 0.642103401757086, 44.845026066364063 ], [ 0.641657452229707, 44.845136178726463 ], [ 0.641300527708849, 44.845229662750647 ], [ 0.641032901727586, 44.845297526920454 ], [ 0.640829021763375, 44.845348376104013 ], [ 0.640900498376331, 44.845493418586138 ], [ 0.64099589202889, 44.845683811044111 ] ] ] ] } },
{ "type": "Feature", "properties": { "NOM": null, "TYPOLOGIE": null, "COMMUNE": "Lalinde", "COMMUNAUTE": "CC des Bastides Dordogne Périgord", "INSEE_COMM": 24223, "ID_CDECOMM": 21, "SURFACE_UR": 8.89255, "COVISIBILI": "non", "SUP_URBA_H": null, "SITUATION_": "boise", "SITUATION1": "pente" }, "geometry": { "type": "MultiPolygon", "coordinates": [ [ [ [ 0.739487428364105, 44.877388980833622 ], [ 0.739811333228023, 44.877123769746525 ], [ 0.740148396622636, 44.876840755059767 ], [ 0.74048879674425, 44.876440833968587 ], [ 0.741393447867031, 44.876219993285773 ], [ 0.74246430478869, 44.875938568809303 ], [ 0.743122839674078, 44.87503043411958 ], [ 0.742908606606214, 44.875000354455011 ], [ 0.742908606606214, 44.875000354455011 ], [ 0.742883312186894, 44.874999989546247 ], [ 0.74282033269183, 44.874990084525201 ], [ 0.742707277540671, 44.874961464128937 ], [ 0.74260661311279, 44.874942018828612 ], [ 0.742581575311676, 44.874932661127723 ], [ 0.742519109145394, 44.874904770489522 ], [ 0.742519109145394, 44.874904770489522 ], [ 0.742444252472655, 44.874867704588453 ], [ 0.742381786447259, 44.874839813873322 ], [ 0.742381786447259, 44.874839813873322 ], [ 0.74230744321884, 44.874784762436498 ], [ 0.741822418831602, 44.874489875944342 ], [ 0.741735429539718, 44.87443464155249 ], [ 0.741735429539718, 44.87443464155249 ], [ 0.741610755966994, 44.874369866576878 ], [ 0.741610755966994, 44.874369866576878 ], [ 0.741598108903949, 44.874369683974749 ], [ 0.741498216208893, 44.874323259513751 ], [ 0.741423360989547, 44.87428619292983 ], [ 0.741360896121539, 44.87425830164414 ], [ 0.741348249084513, 44.874258119013426 ], [ 0.741060706058855, 44.874137012789063 ], [ 0.740910739942403, 44.874071871699911 ], [ 0.740910739942403, 44.874071871699911 ], [ 0.740673016005409, 44.87397847333748 ], [ 0.740673016005409, 44.87397847333748 ], [ 0.740647978958392, 44.873969115202158 ], [ 0.740622941919744, 44.873959757061236 ], [ 0.740510660726134, 44.873904156285342 ], [ 0.740435806720957, 44.873867089038754 ], [ 0.740423416706921, 44.873857913588061 ], [ 0.740411026696946, 44.873848738136012 ], [ 0.740411026696946, 44.873848738136012 ], [ 0.740386503626542, 44.873821394513868 ], [ 0.740374627509071, 44.873794233630136 ], [ 0.740374884448131, 44.873785240916362 ], [ 0.740362751403121, 44.873767072745444 ], [ 0.740351389193866, 44.873721926432729 ], [ 0.740351903078708, 44.873703941005786 ], [ 0.740378995461892, 44.87364135750002 ], [ 0.740392927033748, 44.873596576675482 ], [ 0.740267229059876, 44.873567771057779 ], [ 0.740228774504731, 44.873585208211423 ], [ 0.739920109154093, 44.873760675813585 ], [ 0.739643213371112, 44.874152516162702 ], [ 0.739419730148781, 44.874446167445775 ], [ 0.738945102034449, 44.874673211472341 ], [ 0.738652718267053, 44.87516378644397 ], [ 0.73782612646991, 44.876636239446441 ], [ 0.737835685712889, 44.876744335100092 ], [ 0.737923741749465, 44.877204428018793 ], [ 0.738051247979354, 44.87717028729805 ], [ 0.738076800671405, 44.877161660592186 ], [ 0.738191401730562, 44.877136329424182 ], [ 0.738331298029234, 44.87711136409407 ], [ 0.738368983768184, 44.877120905738927 ], [ 0.738481526544908, 44.87716751603957 ], [ 0.738718702048102, 44.876838078382974 ], [ 0.738817825315276, 44.876911483566154 ], [ 0.739140234881575, 44.877141057089204 ], [ 0.739190054172162, 44.877168766783811 ], [ 0.739202187573816, 44.877186935108028 ], [ 0.739487428364105, 44.877388980833622 ] ] ] ] } },
{ "type": "Feature", "properties": { "NOM": null, "TYPOLOGIE": null, "COMMUNE": "Lalinde", "COMMUNAUTE": "CC des Bastides Dordogne Périgord", "INSEE_COMM": 24223, "ID_CDECOMM": 21, "SURFACE_UR": 3.0163, "COVISIBILI": "non", "SUP_URBA_H": null, "SITUATION_": "non boise", "SITUATION1": "vallee" }, "geometry": { "type": "MultiPolygon", "coordinates": [ [ [ [ 0.712858085131496, 44.834546664210684 ], [ 0.712627728184446, 44.834642235547143 ], [ 0.712103037832255, 44.834859424450784 ], [ 0.711600744421445, 44.835175900515644 ], [ 0.711713180663907, 44.835222537284821 ], [ 0.711750572334111, 44.835241080351558 ], [ 0.711825617093559, 44.835269173940475 ], [ 0.712176610833166, 44.835373299160359 ], [ 0.712276932323107, 44.835401764375106 ], [ 0.712289309222174, 44.835410942838458 ], [ 0.712389369581734, 44.835448400460258 ], [ 0.712615289537614, 44.835505702250458 ], [ 0.712879124580626, 44.835563561246104 ], [ 0.712916778035399, 44.835573111409978 ], [ 0.713092929565653, 44.835602691153291 ], [ 0.713407318487047, 44.835661292326371 ], [ 0.713495525036351, 44.835671585586262 ], [ 0.713558716211753, 44.835672514648294 ], [ 0.71369747575883, 44.835683550970664 ], [ 0.713962095769047, 44.83571442984428 ], [ 0.714125871019978, 44.835734829664879 ], [ 0.714756218426744, 44.835798070147987 ], [ 0.714793872359098, 44.835807619672892 ], [ 0.715046116112423, 44.835829317766859 ], [ 0.715386045704537, 44.835879292070892 ], [ 0.715486891251249, 44.835889769340497 ], [ 0.715613013422627, 44.83590061766855 ], [ 0.715629041299793, 44.835783900506357 ], [ 0.715012138353969, 44.834821227908321 ], [ 0.715012399185116, 44.834812235395432 ], [ 0.715041848499462, 44.834668726474995 ], [ 0.713779613710434, 44.834596200284039 ], [ 0.712997102905526, 44.83454870890106 ], [ 0.712858085131496, 44.834546664210684 ] ] ] ] } },
{ "type": "Feature", "properties": { "NOM": null, "TYPOLOGIE": null, "COMMUNE": "Rampieux", "COMMUNAUTE": "CC des Bastides Dordogne Périgord", "INSEE_COMM": 24347, "ID_CDECOMM": 21, "SURFACE_UR": 1.62495, "COVISIBILI": "non", "SUP_URBA_H": null, "SITUATION_": "non boise", "SITUATION1": "pente" }, "geometry": { "type": "MultiPolygon", "coordinates": [ [ [ [ 0.794695489013985, 44.710424827939406 ], [ 0.795736468058324, 44.709728732940953 ], [ 0.795775040664924, 44.70970228536919 ], [ 0.795966666576671, 44.709615008380538 ], [ 0.795979524054162, 44.709606192498221 ], [ 0.795918204508806, 44.709542365331046 ], [ 0.795758972220379, 44.709369220776587 ], [ 0.795734494059286, 44.709341891425147 ], [ 0.795709768566599, 44.70932355428063 ], [ 0.795624713681543, 44.70920542096399 ], [ 0.795714220951294, 44.709161694469699 ], [ 0.795702105601734, 44.709143533685321 ], [ 0.795615814159347, 44.709070361426285 ], [ 0.795528533409646, 44.709033157943878 ], [ 0.795166554127507, 44.708893159117679 ], [ 0.795067158871196, 44.708837794432455 ], [ 0.794829796581412, 44.70875351204166 ], [ 0.794761054141454, 44.708959450492245 ], [ 0.794810009208668, 44.709014109610663 ], [ 0.793812310990115, 44.709512896801421 ], [ 0.794069942892209, 44.709777378701965 ], [ 0.794005901402401, 44.709812464775375 ], [ 0.794153757343365, 44.709940474296275 ], [ 0.794695489013985, 44.710424827939406 ] ] ] ] } },
{ "type": "Feature", "properties": { "NOM": null, "TYPOLOGIE": null, "COMMUNE": "Lalinde", "COMMUNAUTE": "CC des Bastides Dordogne Périgord", "INSEE_COMM": 24223, "ID_CDECOMM": 21, "SURFACE_UR": 4.98175, "COVISIBILI": "non", "SUP_URBA_H": null, "SITUATION_": "non boise", "SITUATION1": "vallee" }, "geometry": { "type": "MultiPolygon", "coordinates": [ [ [ [ 0.721665116683009, 44.836484115861907 ], [ 0.721841275695668, 44.836513681664741 ], [ 0.722143819495475, 44.836545095525445 ], [ 0.722156457956055, 44.836545280351345 ], [ 0.722421346347578, 44.836567146434334 ], [ 0.722509555978729, 44.836577432499837 ], [ 0.722635681057601, 44.836588272812499 ], [ 0.722686234945875, 44.83658901188231 ], [ 0.722875292884192, 44.836609768263706 ], [ 0.723064350962601, 44.83663052432172 ], [ 0.723379534570153, 44.836662119520007 ], [ 0.72344246753968, 44.836672035467515 ], [ 0.723581231508405, 44.836683059378295 ], [ 0.72359387000485, 44.836683244039762 ], [ 0.72365747125955, 44.835793536721631 ], [ 0.722810446031468, 44.835790154233578 ], [ 0.722856488744385, 44.835071121053168 ], [ 0.722401256458355, 44.83507346182752 ], [ 0.721264864464069, 44.835020854121097 ], [ 0.72058344619238, 44.834974895843644 ], [ 0.719800664269885, 44.834936445177654 ], [ 0.719459956108255, 44.834913462048803 ], [ 0.719206345097481, 44.836250200877522 ], [ 0.719307192026199, 44.836260674660927 ], [ 0.719357745574895, 44.836261415253944 ], [ 0.719370383962277, 44.836261600398565 ], [ 0.719547061284412, 44.836273184800476 ], [ 0.719711100285834, 44.836284583815676 ], [ 0.719824585767283, 44.836295242231088 ], [ 0.720064195261838, 44.836316743777545 ], [ 0.720215336087764, 44.836336949509111 ], [ 0.720757228178434, 44.836398860396201 ], [ 0.721337556430359, 44.836443338322283 ], [ 0.721438404105149, 44.836453810160812 ], [ 0.721665116683009, 44.836484115861907 ] ] ] ] } },
{ "type": "Feature", "properties": { "NOM": null, "TYPOLOGIE": null, "COMMUNE": "Liorac-sur-Louyre", "COMMUNAUTE": "CC des Bastides Dordogne Périgord", "INSEE_COMM": 24242, "ID_CDECOMM": 21, "SURFACE_UR": 8.8164, "COVISIBILI": "non", "SUP_URBA_H": null, "SITUATION_": "clairiere", "SITUATION1": "plateau plaine" }, "geometry": { "type": "MultiPolygon", "coordinates": [ [ [ [ 0.642081379366305, 44.883297394520078 ], [ 0.642294499596393, 44.883363638845559 ], [ 0.642368756011399, 44.88341875739669 ], [ 0.642225185476882, 44.884397196829276 ], [ 0.642162961143578, 44.88519694956257 ], [ 0.641292621279472, 44.885102632483125 ], [ 0.641288705574852, 44.884814677788079 ], [ 0.639912135713161, 44.884721580146298 ], [ 0.639910392918454, 44.885612227826293 ], [ 0.639767320073884, 44.886572679884438 ], [ 0.639777784224483, 44.886644814269346 ], [ 0.641179427405758, 44.886747294247876 ], [ 0.641272697808936, 44.885759086629555 ], [ 0.642171074435371, 44.885763866481703 ], [ 0.642271246794857, 44.884964695313641 ], [ 0.643652026984907, 44.885336725694877 ], [ 0.644492444969936, 44.885583509910482 ], [ 0.644574605977728, 44.885377843639759 ], [ 0.645190335977409, 44.885522218770333 ], [ 0.64526568725156, 44.885541365291189 ], [ 0.645487280008642, 44.884492142553015 ], [ 0.645502379252139, 44.884411403335307 ], [ 0.645401459059381, 44.884400862403368 ], [ 0.645224372314621, 44.884398152475562 ], [ 0.6450984264041, 44.884378231583078 ], [ 0.644997778668901, 44.884358697754763 ], [ 0.644734872425304, 44.884264706517804 ], [ 0.644609744139807, 44.884217807489613 ], [ 0.644222528900767, 44.884049938295412 ], [ 0.644022325201432, 44.883974898860849 ], [ 0.643922223553291, 44.88393737900843 ], [ 0.643884549220675, 44.883927805302257 ], [ 0.64379359984632, 44.883170689837691 ], [ 0.643788308852197, 44.88292769805372 ], [ 0.643780837831676, 44.882756646444449 ], [ 0.643738418613986, 44.88248609591259 ], [ 0.643616020488388, 44.882349270614483 ], [ 0.642003822348051, 44.882099644606861 ], [ 0.642083561646464, 44.883225454385965 ], [ 0.642081379366305, 44.883297394520078 ] ] ] ] } },
{ "type": "Feature", "properties": { "NOM": null, "TYPOLOGIE": null, "COMMUNE": "Saint-Félix-de-Villadeix", "COMMUNAUTE": "CC des Bastides Dordogne Périgord", "INSEE_COMM": 24405, "ID_CDECOMM": 21, "SURFACE_UR": 5.72805, "COVISIBILI": "oui", "SUP_URBA_H": null, "SITUATION_": "non boise", "SITUATION1": "pente" }, "geometry": { "type": "MultiPolygon", "coordinates": [ [ [ [ 0.690944662944949, 44.945878986068742 ], [ 0.691052796741407, 44.946078523818699 ], [ 0.691650617960686, 44.945997445936392 ], [ 0.691769562092354, 44.946260121206649 ], [ 0.691829697285281, 44.946368976682315 ], [ 0.691975029935832, 44.946596056880182 ], [ 0.692177907975577, 44.946590075669278 ], [ 0.692355724348446, 44.946574724847657 ], [ 0.692508743959614, 44.946541011685262 ], [ 0.692877304323207, 44.946501503978233 ], [ 0.692915824022501, 44.946484082675553 ], [ 0.693445347087235, 44.946141073596735 ], [ 0.693793873027413, 44.945921329667136 ], [ 0.694117864120063, 44.945674230115287 ], [ 0.694571129264532, 44.945339080606793 ], [ 0.694920704072746, 44.945083361782885 ], [ 0.69488430264065, 44.945028840960227 ], [ 0.694897230189095, 44.945020036013531 ], [ 0.694717870155282, 44.944657503258199 ], [ 0.694035662978685, 44.944593396119885 ], [ 0.693795862832898, 44.944562845262915 ], [ 0.693784259011832, 44.944526685842575 ], [ 0.69368670939772, 44.943967437043284 ], [ 0.693677488730284, 44.943850342015992 ], [ 0.692909567735258, 44.943685990339709 ], [ 0.692413339468327, 44.94375958768314 ], [ 0.692600100176852, 44.943870324445932 ], [ 0.692381124611922, 44.943993025184376 ], [ 0.692110436976888, 44.944150943981811 ], [ 0.692082991210591, 44.944222510267885 ], [ 0.692216716518705, 44.944413430363035 ], [ 0.691917519952778, 44.944678886410017 ], [ 0.691436266929809, 44.945103576793549 ], [ 0.691189040979705, 44.945324819903306 ], [ 0.690876375856197, 44.945617063423114 ], [ 0.690848397309921, 44.945706615128749 ], [ 0.690944662944949, 44.945878986068742 ] ] ] ] } },
{ "type": "Feature", "properties": { "NOM": null, "TYPOLOGIE": null, "COMMUNE": "Saint-Félix-de-Villadeix", "COMMUNAUTE": "CC des Bastides Dordogne Périgord", "INSEE_COMM": 24405, "ID_CDECOMM": 21, "SURFACE_UR": 2.7469, "COVISIBILI": null, "SUP_URBA_H": null, "SITUATION_": "non boise", "SITUATION1": "vallee" }, "geometry": { "type": "MultiPolygon", "coordinates": [ [ [ [ 0.645264174530906, 44.937416777099685 ], [ 0.645238852392777, 44.937416389934675 ], [ 0.645170095824511, 44.9375952759817 ], [ 0.64520753404077, 44.937613842150149 ], [ 0.64521965004608, 44.93763202113648 ], [ 0.645370220816383, 44.937679307567997 ], [ 0.645445370038125, 44.937707447057612 ], [ 0.645583552552595, 44.937745546938586 ], [ 0.6456837517942, 44.937783066054791 ], [ 0.645745967683176, 44.937820004509348 ], [ 0.645819754990862, 44.937893107256464 ], [ 0.645930708756454, 44.937993768586047 ], [ 0.64605377930392, 44.938112608707243 ], [ 0.646164189118545, 44.938231255219748 ], [ 0.646398216205248, 44.938450755972497 ], [ 0.64655818339006, 44.938606146728119 ], [ 0.646644361832497, 44.938688435088331 ], [ 0.646975190947257, 44.938639507361508 ], [ 0.647120593117106, 44.938857652889396 ], [ 0.647303164105782, 44.939103356426486 ], [ 0.647448840970245, 44.939312508852481 ], [ 0.647546050216116, 44.939448946135641 ], [ 0.647740197976088, 44.939730813181583 ], [ 0.649207891318704, 44.940625906032224 ], [ 0.6493295787922, 44.939952997070883 ], [ 0.649399956274112, 44.939720151964359 ], [ 0.649430173430858, 44.939558669262794 ], [ 0.649369312636643, 44.939476769267323 ], [ 0.648954593707587, 44.938948625165992 ], [ 0.648804560438683, 44.938883358157064 ], [ 0.648628932712601, 44.938826697269363 ], [ 0.648272781116842, 44.938875243472317 ], [ 0.648032214331604, 44.938871571704055 ], [ 0.647906688755671, 44.938833668140745 ], [ 0.647346181239611, 44.938519217015248 ], [ 0.646897725318755, 44.938269452642665 ], [ 0.646474323479745, 44.938029066072275 ], [ 0.645863732467375, 44.937695848358473 ], [ 0.645465116566448, 44.937473830409928 ], [ 0.645264174530906, 44.937416777099685 ] ] ] ] } },
{ "type": "Feature", "properties": { "NOM": null, "TYPOLOGIE": null, "COMMUNE": "Marsalès", "COMMUNAUTE": "CC des Bastides Dordogne Périgord", "INSEE_COMM": 24257, "ID_CDECOMM": 21, "SURFACE_UR": 3.88895, "COVISIBILI": "non", "SUP_URBA_H": null, "SITUATION_": null, "SITUATION1": "plateau plaine" }, "geometry": { "type": "MultiPolygon", "coordinates": [ [ [ [ 0.879845993464134, 44.698828158750416 ], [ 0.879537086795613, 44.699066951159203 ], [ 0.879363381281168, 44.698956706883308 ], [ 0.879226798596217, 44.698873940084582 ], [ 0.879139946357537, 44.698818817741795 ], [ 0.879152788290847, 44.698809992173992 ], [ 0.879078310228335, 44.698764029037577 ], [ 0.87904048632034, 44.69876352847772 ], [ 0.879014334488874, 44.698799164406914 ], [ 0.878815152608973, 44.699183335044431 ], [ 0.878589815523902, 44.699603141220415 ], [ 0.878549884592846, 44.699683572208443 ], [ 0.878536340203146, 44.699719374948458 ], [ 0.878900573557289, 44.69977816932802 ], [ 0.87883098030762, 44.700029122389324 ], [ 0.879722892106794, 44.700166860510059 ], [ 0.880275552636165, 44.700255128755117 ], [ 0.880300769251851, 44.700255462181062 ], [ 0.880552000426359, 44.700294765649758 ], [ 0.880517433576586, 44.700654127579682 ], [ 0.880577436852587, 44.700771861982417 ], [ 0.880585370347192, 44.700951876345421 ], [ 0.880607314864802, 44.701078103088932 ], [ 0.880653541574735, 44.701240632724343 ], [ 0.880651204195546, 44.701330556584843 ], [ 0.880648866808879, 44.701420480448796 ], [ 0.880685991320325, 44.70144795761906 ], [ 0.880805766808211, 44.701692418690783 ], [ 0.880841956738192, 44.701755865365243 ], [ 0.881730401323622, 44.701542717595849 ], [ 0.881624632175928, 44.701244469771353 ], [ 0.881600816625478, 44.701190182319408 ], [ 0.881483841993887, 44.700837813526135 ], [ 0.881471467157023, 44.700828654562841 ], [ 0.881378542716858, 44.700521580794224 ], [ 0.88136663520772, 44.700494437051432 ], [ 0.881290759182014, 44.700016674569042 ], [ 0.881393026881685, 44.699964052906111 ], [ 0.881531484018927, 44.699974877699461 ], [ 0.880776858780989, 44.699892941465379 ], [ 0.881148112800928, 44.69919619860859 ], [ 0.881248751003336, 44.698720766765526 ], [ 0.8811476536453, 44.698728426313032 ], [ 0.880932850875984, 44.698743578491488 ], [ 0.880477561560086, 44.698791533041522 ], [ 0.880224934420692, 44.698806183759615 ], [ 0.879934249369001, 44.698829326058458 ], [ 0.879845993464134, 44.698828158750416 ] ] ] ] } },
{ "type": "Feature", "properties": { "NOM": null, "TYPOLOGIE": null, "COMMUNE": "Saint-Romain-de-Monpazier", "COMMUNAUTE": "CC des Bastides Dordogne Périgord", "INSEE_COMM": 24495, "ID_CDECOMM": 21, "SURFACE_UR": 2.81705, "COVISIBILI": null, "SUP_URBA_H": null, "SITUATION_": null, "SITUATION1": null }, "geometry": { "type": "MultiPolygon", "coordinates": [ [ [ [ 0.858062023798975, 44.720424054052309 ], [ 0.858970106424495, 44.719959470450107 ], [ 0.859481017466334, 44.719723440638845 ], [ 0.859991641810583, 44.719019634176043 ], [ 0.86066313218641, 44.718434923512262 ], [ 0.86082969921228, 44.718338203466509 ], [ 0.859841864295577, 44.718001125615771 ], [ 0.859666478952831, 44.717953796623647 ], [ 0.859068048143922, 44.718638432442667 ], [ 0.85884628167856, 44.718914321238557 ], [ 0.858730159332372, 44.719011715064973 ], [ 0.858601186773446, 44.719117931976207 ], [ 0.858370364249889, 44.719258764578619 ], [ 0.858178565215199, 44.719355142438665 ], [ 0.857910377893597, 44.719477481520677 ], [ 0.857616964248004, 44.719599481328096 ], [ 0.857565326400891, 44.719643766079052 ], [ 0.857513925987908, 44.719679058401979 ], [ 0.85748775071781, 44.719714689363862 ], [ 0.857461100366151, 44.719768305129499 ], [ 0.857459912743861, 44.71981326715391 ], [ 0.857483712870591, 44.719867560247813 ], [ 0.857494662873457, 44.719930676415132 ], [ 0.857440174283936, 44.720082869984076 ], [ 0.857451124279857, 44.720145986161775 ], [ 0.857450411697135, 44.720172963380719 ], [ 0.857462311826303, 44.720200109933621 ], [ 0.857499437404588, 44.720227595145772 ], [ 0.857524187810279, 44.720245918613799 ], [ 0.857674590524062, 44.72028392004902 ], [ 0.857762167215409, 44.720312082397022 ], [ 0.858062023798975, 44.720424054052309 ] ] ] ] } },
{ "type": "Feature", "properties": { "NOM": null, "TYPOLOGIE": null, "COMMUNE": "Lalinde", "COMMUNAUTE": "CC des Bastides Dordogne Périgord", "INSEE_COMM": 24223, "ID_CDECOMM": 21, "SURFACE_UR": 6.575, "COVISIBILI": "non", "SUP_URBA_H": null, "SITUATION_": "non boise", "SITUATION1": "vallee" }, "geometry": { "type": "MultiPolygon", "coordinates": [ [ [ [ 0.731633730207015, 44.838500725014988 ], [ 0.734727191503002, 44.839094428529251 ], [ 0.735443755456877, 44.83923976789147 ], [ 0.735846404536571, 44.839308580959248 ], [ 0.735846147028783, 44.839317573537251 ], [ 0.736261693751351, 44.83937757577349 ], [ 0.736179656095878, 44.83915147879226 ], [ 0.736198988901695, 44.838917854989404 ], [ 0.736139889475279, 44.838332238201602 ], [ 0.736169801419097, 44.83817073830199 ], [ 0.731757559786414, 44.837710849258251 ], [ 0.725894797969127, 44.83713066986008 ], [ 0.725865893362715, 44.837256196720595 ], [ 0.725836988626769, 44.837381723579981 ], [ 0.727459870136153, 44.837666283687987 ], [ 0.728013128046432, 44.837773305994148 ], [ 0.72920786330531, 44.837997623029587 ], [ 0.73114442750753, 44.838367662123716 ], [ 0.731143136215612, 44.838412624942286 ], [ 0.731470198705098, 44.838471358565869 ], [ 0.731470198705098, 44.838471358565869 ], [ 0.731482837630932, 44.83847154232479 ], [ 0.731520496210633, 44.838481086157856 ], [ 0.731633730207015, 44.838500725014988 ] ] ] ] } },
{ "type": "Feature", "properties": { "NOM": null, "TYPOLOGIE": null, "COMMUNE": "Lalinde", "COMMUNAUTE": "CC des Bastides Dordogne Périgord", "INSEE_COMM": 24223, "ID_CDECOMM": 21, "SURFACE_UR": 4.61375, "COVISIBILI": "non", "SUP_URBA_H": null, "SITUATION_": "boise", "SITUATION1": "vallee" }, "geometry": { "type": "MultiPolygon", "coordinates": [ [ [ [ 0.701540887399941, 44.836754666203575 ], [ 0.70145873070282, 44.836537536177403 ], [ 0.701267576588174, 44.836588683037796 ], [ 0.700761481115243, 44.83487187248565 ], [ 0.700680908983716, 44.834600787176676 ], [ 0.700630094043248, 44.834609030514905 ], [ 0.698521915526869, 44.834928633186692 ], [ 0.698521915526869, 44.834928633186692 ], [ 0.6986582916139, 44.835452446475351 ], [ 0.698658028153802, 44.835461438953139 ], [ 0.69876044363195, 44.835849802644425 ], [ 0.698772818449124, 44.835858982574102 ], [ 0.69882916046663, 44.836093724285746 ], [ 0.698897351048774, 44.836355630871779 ], [ 0.698909726000272, 44.836364810787984 ], [ 0.699090868462681, 44.837087208222883 ], [ 0.699065327978023, 44.837095825878485 ], [ 0.699010032403509, 44.837256940931496 ], [ 0.698997130410143, 44.837265745993612 ], [ 0.699275705957035, 44.837251883996402 ], [ 0.699275705957035, 44.837251883996402 ], [ 0.699389716522975, 44.837244577979497 ], [ 0.700102741424139, 44.8370752196439 ], [ 0.700396058983197, 44.836989603408782 ], [ 0.700396058983197, 44.836989603408782 ], [ 0.700587215261449, 44.836938458047946 ], [ 0.700816549710769, 44.836878881677166 ], [ 0.700969000581503, 44.836854151311705 ], [ 0.700969000581503, 44.836854151311705 ], [ 0.701362897132417, 44.836788015439708 ], [ 0.701540887399941, 44.836754666203575 ] ] ] ] } },
{ "type": "Feature", "properties": { "NOM": null, "TYPOLOGIE": null, "COMMUNE": "Marsalès", "COMMUNAUTE": "CC des Bastides Dordogne Périgord", "INSEE_COMM": 24257, "ID_CDECOMM": 21, "SURFACE_UR": 2.67535, "COVISIBILI": "non", "SUP_URBA_H": null, "SITUATION_": "non boise", "SITUATION1": "plateau plaine" }, "geometry": { "type": "MultiPolygon", "coordinates": [ [ [ [ 0.879644624887615, 44.690567635655512 ], [ 0.87997402075522, 44.690509024805806 ], [ 0.880214471967684, 44.690476223139775 ], [ 0.880543866702975, 44.690417610585818 ], [ 0.881151996220641, 44.690308708484167 ], [ 0.881633595822405, 44.690216122334711 ], [ 0.882000805677696, 44.690158005075752 ], [ 0.882241954459341, 44.690098221832798 ], [ 0.881863541994133, 44.689616463921993 ], [ 0.881387559271745, 44.68900747895097 ], [ 0.881031560452141, 44.689119715036398 ], [ 0.880815626227781, 44.689179828906049 ], [ 0.880271238708847, 44.689262585559845 ], [ 0.879540567974244, 44.689234929320925 ], [ 0.879150021228058, 44.689220765715568 ], [ 0.879231712839837, 44.689473719981045 ], [ 0.879277692412955, 44.689645242385424 ], [ 0.879347948655459, 44.689853067916957 ], [ 0.879454620262921, 44.690115348096839 ], [ 0.879478195276126, 44.690178628336866 ], [ 0.879645092563543, 44.690549650897395 ], [ 0.879644624887615, 44.690567635655512 ] ] ] ] } },
{ "type": "Feature", "properties": { "NOM": null, "TYPOLOGIE": null, "COMMUNE": "Marsalès", "COMMUNAUTE": "CC des Bastides Dordogne Périgord", "INSEE_COMM": 24257, "ID_CDECOMM": 21, "SURFACE_UR": 0.2793, "COVISIBILI": "oui", "SUP_URBA_H": null, "SITUATION_": "non boise", "SITUATION1": "pente" }, "geometry": { "type": "MultiPolygon", "coordinates": [ [ [ [ 0.890850975593225, 44.685848791260426 ], [ 0.890876649831583, 44.68583113747097 ], [ 0.890892039111264, 44.685723394302187 ], [ 0.89089528731023, 44.685597500871509 ], [ 0.890910676490009, 44.68548975771121 ], [ 0.890915780709119, 44.685291925200396 ], [ 0.890918564813456, 44.685184016565437 ], [ 0.890972000618746, 44.685067777485415 ], [ 0.890694228172126, 44.685082121325848 ], [ 0.890391477813909, 44.68508714098941 ], [ 0.890328453170472, 44.685086313234571 ], [ 0.890310741925755, 44.685283980138003 ], [ 0.890260089920661, 44.685292310284311 ], [ 0.890408100353562, 44.685420190327086 ], [ 0.890482337902509, 44.685475137891267 ], [ 0.890629653155614, 44.685629994809929 ], [ 0.890653935048817, 44.685666295397034 ], [ 0.890764596170771, 44.685775693652268 ], [ 0.890850975593225, 44.685848791260426 ] ] ] ] } },
{ "type": "Feature", "properties": { "NOM": null, "TYPOLOGIE": null, "COMMUNE": "Gaugeac", "COMMUNAUTE": "CC des Bastides Dordogne Périgord", "INSEE_COMM": 24195, "ID_CDECOMM": 21, "SURFACE_UR": 7.27225, "COVISIBILI": "non", "SUP_URBA_H": null, "SITUATION_": "boise", "SITUATION1": "vallee" }, "geometry": { "type": "MultiPolygon", "coordinates": [ [ [ [ 0.880588810153364, 44.659572952894131 ], [ 0.880021613974214, 44.659574444390039 ], [ 0.879934354451883, 44.659537308332332 ], [ 0.879921755292833, 44.659537141605689 ], [ 0.879923390940915, 44.659474195838527 ], [ 0.879860395217425, 44.65947336218494 ], [ 0.879796464759487, 44.659508497503587 ], [ 0.879681436474048, 44.659569942534034 ], [ 0.879668603603449, 44.659578768030521 ], [ 0.879592774882011, 44.659586759718486 ], [ 0.879542611931146, 44.659577100395083 ], [ 0.879203837130094, 44.65951864355484 ], [ 0.879141075156698, 44.659508817239022 ], [ 0.878928058728745, 44.65946101989887 ], [ 0.878688908963396, 44.659448857411107 ], [ 0.878486387229019, 44.65948215632784 ], [ 0.878397959325859, 44.659489980300343 ], [ 0.87813173966444, 44.659549420783499 ], [ 0.878155534293431, 44.659603708134178 ], [ 0.878117502834001, 44.659612199587578 ], [ 0.878197041213949, 44.659946081308306 ], [ 0.878196339386583, 44.659973058057965 ], [ 0.877969552867261, 44.659970053173772 ], [ 0.877640802224466, 44.660010673204035 ], [ 0.877450174918858, 44.660071113950835 ], [ 0.877145685421618, 44.660148035514894 ], [ 0.87709458591108, 44.660174344065638 ], [ 0.87692728289858, 44.660307055995119 ], [ 0.877049998344699, 44.660434618108958 ], [ 0.877381092648279, 44.660304077348265 ], [ 0.877508490213486, 44.660251793964811 ], [ 0.877597387520424, 44.66022598620841 ], [ 0.8777240826496, 44.660200679324461 ], [ 0.877711951390461, 44.660182527845301 ], [ 0.877762582593351, 44.660174203506465 ], [ 0.878002437172597, 44.660159391267065 ], [ 0.878368050617142, 44.660155239883053 ], [ 0.878405848496964, 44.660155740593169 ], [ 0.878680928178355, 44.660240342340053 ], [ 0.878881348029503, 44.660287973336857 ], [ 0.879256522509693, 44.66040088514589 ], [ 0.879368981645519, 44.660438355343267 ], [ 0.879456475937514, 44.660466499611999 ], [ 0.879424031020214, 44.660744925974441 ], [ 0.879575457894795, 44.660737935035549 ], [ 0.880649212142768, 44.660644197981135 ], [ 0.880863869154775, 44.660629046217053 ], [ 0.88082770559978, 44.660565600534525 ], [ 0.880792242712976, 44.660475178066015 ], [ 0.88073251538856, 44.660348453290133 ], [ 0.880772415201727, 44.660268022867548 ], [ 0.881000604041985, 44.660217068434193 ], [ 0.881026036162035, 44.660208409381916 ], [ 0.881178161786461, 44.660174439461912 ], [ 0.881494544945067, 44.660124650058094 ], [ 0.881747697742536, 44.660083019428392 ], [ 0.882013682774014, 44.660032562445629 ], [ 0.882076912478227, 44.660024402609373 ], [ 0.882152741437252, 44.660016409209923 ], [ 0.882341263987118, 44.660036890656293 ], [ 0.882416859658859, 44.660037889335761 ], [ 0.882654613371219, 44.660103997311083 ], [ 0.882692178032036, 44.660113488811945 ], [ 0.883307212414758, 44.660211563850069 ], [ 0.88330674616541, 44.660229548378268 ], [ 0.883457238763082, 44.660258521155221 ], [ 0.883683094483335, 44.66029748380393 ], [ 0.883696626074488, 44.660261681039472 ], [ 0.883746790352268, 44.660271338477358 ], [ 0.883872550673797, 44.660281993573797 ], [ 0.884347598239303, 44.660432187294369 ], [ 0.884485725474566, 44.660452000181394 ], [ 0.884887508373084, 44.660511271646385 ], [ 0.885213928500521, 44.660560552669089 ], [ 0.885455179454223, 44.660491770572257 ], [ 0.885556905635794, 44.660457130202474 ], [ 0.885747990989103, 44.660378690849953 ], [ 0.885977106550287, 44.660291757008018 ], [ 0.886079064727741, 44.660248123886127 ], [ 0.886461464635767, 44.660082250774416 ], [ 0.886486895852057, 44.660073590459099 ], [ 0.887572945165404, 44.659503195511085 ], [ 0.887908889551754, 44.659183785377181 ], [ 0.887908889551754, 44.659183785377181 ], [ 0.887909121934686, 44.659174793105656 ], [ 0.887922650558976, 44.659138989832385 ], [ 0.887922650558976, 44.659138989832385 ], [ 0.887922882939518, 44.659129997561017 ], [ 0.887923580080696, 44.659103020747125 ], [ 0.887923580080696, 44.659103020747125 ], [ 0.88791144575991, 44.659084870392377 ], [ 0.887911678142026, 44.659075878121278 ], [ 0.887911678142026, 44.659075878121278 ], [ 0.88788764191352, 44.659030585137685 ], [ 0.887888339070403, 44.659003608325293 ], [ 0.887799216033125, 44.659038416663165 ], [ 0.887689775499559, 44.658884055581517 ], [ 0.887602047115223, 44.658864910139648 ], [ 0.887488655840478, 44.658863417447051 ], [ 0.886934996197142, 44.658829141355199 ], [ 0.886656189680788, 44.658888436535598 ], [ 0.886443634440316, 44.658822669202181 ], [ 0.885949015060038, 44.658942086571045 ], [ 0.885910054419219, 44.658986549779996 ], [ 0.885971420837717, 44.659050325832887 ], [ 0.885945990005592, 44.659058986026189 ], [ 0.88579037946032, 44.65922784652173 ], [ 0.885495246311924, 44.659430848975703 ], [ 0.885353862127131, 44.659536929097335 ], [ 0.885276404627958, 44.659607870567378 ], [ 0.885173981343398, 44.659669487467774 ], [ 0.885034691563896, 44.659694636786938 ], [ 0.88484477192486, 44.659728113550351 ], [ 0.884743978195262, 44.659726784189992 ], [ 0.884693348431784, 44.659735111740758 ], [ 0.88461705438922, 44.659761091421565 ], [ 0.884479394677798, 44.659723294180047 ], [ 0.884191243634162, 44.659656525210039 ], [ 0.884178411453018, 44.65966535123431 ], [ 0.884015087871488, 44.659645205459235 ], [ 0.883801833731952, 44.659606409794023 ], [ 0.883588346810404, 44.659576605979453 ], [ 0.883009484175451, 44.659541977508809 ], [ 0.882933655979522, 44.659549971498507 ], [ 0.882933189615957, 44.659567956019245 ], [ 0.882895158903725, 44.659576449124529 ], [ 0.88270617126212, 44.659573953154144 ], [ 0.882655774560532, 44.659573287507264 ], [ 0.882367159912425, 44.659524498295809 ], [ 0.882039581688329, 44.659520170171497 ], [ 0.881912890041712, 44.659545482021827 ], [ 0.881749100879634, 44.659543317405657 ], [ 0.881585545127884, 44.659532160289103 ], [ 0.881497350989857, 44.659530994494745 ], [ 0.881042146802193, 44.65958794365411 ], [ 0.880903555895502, 44.659586110975567 ], [ 0.880815128165547, 44.659593936889891 ], [ 0.880777797697305, 44.659575452497911 ], [ 0.880588810153364, 44.659572952894131 ] ] ] ] } },
{ "type": "Feature", "properties": { "NOM": null, "TYPOLOGIE": null, "COMMUNE": "Saint-Avit-Rivière", "COMMUNAUTE": "CC des Bastides Dordogne Périgord", "INSEE_COMM": 24378, "ID_CDECOMM": 21, "SURFACE_UR": 8.691, "COVISIBILI": "non", "SUP_URBA_H": null, "SITUATION_": "boise", "SITUATION1": "plateau plaine" }, "geometry": { "type": "MultiPolygon", "coordinates": [ [ [ [ 0.902599714685347, 44.75937895310831 ], [ 0.902600175617778, 44.759360967775336 ], [ 0.902618097927719, 44.759154300679093 ], [ 0.902635559188025, 44.758965618928379 ], [ 0.902649793949836, 44.758902834493895 ], [ 0.902570716090897, 44.758047217717561 ], [ 0.902559247068478, 44.758002090183034 ], [ 0.902800204851161, 44.757960246970008 ], [ 0.903041392663772, 44.757909410569489 ], [ 0.903575955079124, 44.756755923155268 ], [ 0.903557391693233, 44.756494807849442 ], [ 0.903559003797591, 44.756431859248913 ], [ 0.903573006584694, 44.756378067420677 ], [ 0.903655180476072, 44.756127257688028 ], [ 0.903579685192669, 44.756117280384508 ], [ 0.903517041167078, 44.756098474493768 ], [ 0.903441315629172, 44.756097489751376 ], [ 0.903036524607637, 44.756128207532925 ], [ 0.902909854520052, 44.75614455102599 ], [ 0.902758172916242, 44.756151573309793 ], [ 0.902530765671378, 44.756157610017489 ], [ 0.902492902870838, 44.756157117314238 ], [ 0.902455040070963, 44.756156624598034 ], [ 0.902366693540512, 44.756155474876223 ], [ 0.902278347013683, 44.756154325083706 ], [ 0.90219000049048, 44.75615317522039 ], [ 0.901950202802908, 44.756150053806195 ], [ 0.901660843841511, 44.756110303947246 ], [ 0.901459139759835, 44.756098681802641 ], [ 0.901107138259229, 44.756040123397952 ], [ 0.901081896453352, 44.756039794604831 ], [ 0.900240451081883, 44.755866909030736 ], [ 0.900164956756495, 44.75585692939157 ], [ 0.900089231603682, 44.755855942348219 ], [ 0.899861363641017, 44.75587995925828 ], [ 0.899848281007183, 44.755897780055811 ], [ 0.899626336821365, 44.756182748098588 ], [ 0.899561384724489, 44.756253866645991 ], [ 0.899521905304694, 44.756316321584045 ], [ 0.899391307468474, 44.756485536473868 ], [ 0.899365372584965, 44.756512185315373 ], [ 0.899234773822018, 44.756681400032775 ], [ 0.899104405288188, 44.756841621956966 ], [ 0.899026368633903, 44.756930560922363 ], [ 0.898854669723888, 44.757225178540374 ], [ 0.899179354506406, 44.757364347768089 ], [ 0.899428775559657, 44.757484543485525 ], [ 0.899778474831786, 44.757633032715987 ], [ 0.899914768715114, 44.757733761416141 ], [ 0.899888833503686, 44.757760410394567 ], [ 0.899836039396387, 44.75784967895526 ], [ 0.899692124833923, 44.758045707775793 ], [ 0.902599714685347, 44.75937895310831 ] ] ] ] } },
{ "type": "Feature", "properties": { "NOM": null, "TYPOLOGIE": null, "COMMUNE": "Lalinde", "COMMUNAUTE": "CC des Bastides Dordogne Périgord", "INSEE_COMM": 24223, "ID_CDECOMM": 21, "SURFACE_UR": 10.7612, "COVISIBILI": "non", "SUP_URBA_H": null, "SITUATION_": "non boise", "SITUATION1": "vallee" }, "geometry": { "type": "MultiPolygon", "coordinates": [ [ [ [ 0.712858085131496, 44.834546664210684 ], [ 0.712997102905526, 44.83454870890106 ], [ 0.713779613710434, 44.834596200284039 ], [ 0.715041848499462, 44.834668726474995 ], [ 0.715130314597923, 44.834670025912978 ], [ 0.715193504670766, 44.834670954039602 ], [ 0.715206142685586, 44.834671139660564 ], [ 0.715206403484893, 44.834662147147824 ], [ 0.715446264983073, 44.834674666184547 ], [ 0.715458902999567, 44.834674851776604 ], [ 0.715458381481804, 44.834692836803491 ], [ 0.716859639078336, 44.834767383643126 ], [ 0.716888302050011, 44.834650851783124 ], [ 0.717204889231197, 44.833324038638089 ], [ 0.717233811213423, 44.833198514245566 ], [ 0.71713270970093, 44.833197031093796 ], [ 0.717169446082854, 44.83280173139751 ], [ 0.716866404238692, 44.832788288978648 ], [ 0.716411972043599, 44.832763627537247 ], [ 0.715243457061907, 44.832512566302249 ], [ 0.715066010053425, 44.832527952547387 ], [ 0.715066792488634, 44.832500975033945 ], [ 0.715028879914369, 44.83250041811916 ], [ 0.714876707940631, 44.832516175338078 ], [ 0.714598421465118, 44.832521083019301 ], [ 0.714522335400358, 44.832528961358499 ], [ 0.714471524376194, 44.832537211056568 ], [ 0.714395438271688, 44.832545089308439 ], [ 0.714407814886751, 44.832554267523676 ], [ 0.714065557589791, 44.832585222796077 ], [ 0.71358037114853, 44.83274902075744 ], [ 0.71309596525992, 44.832885839095006 ], [ 0.712843735513967, 44.832864136572873 ], [ 0.712653649130846, 44.832879333053796 ], [ 0.712552809532635, 44.832868853210044 ], [ 0.712121302195023, 44.832925478460304 ], [ 0.711729013600069, 44.832937697595689 ], [ 0.711248522966243, 44.832939620365352 ], [ 0.710780146906137, 44.83295971216414 ], [ 0.710439716024417, 44.832927708734708 ], [ 0.710364055035884, 44.833790243733418 ], [ 0.710361177734096, 44.833889161215083 ], [ 0.71033833840808, 44.83423968250527 ], [ 0.71033389155881, 44.834392555005778 ], [ 0.710712506633411, 44.834416124688246 ], [ 0.710724883058441, 44.834425303323187 ], [ 0.711002394912643, 44.834447382902397 ], [ 0.711229878034142, 44.834450732489884 ], [ 0.71146947634014, 44.834472252663758 ], [ 0.711734612112607, 44.834485151851986 ], [ 0.712037661903083, 44.834498608358665 ], [ 0.712252246054875, 44.834510762361901 ], [ 0.712782257259029, 44.834545548851246 ], [ 0.712858085131496, 44.834546664210684 ] ] ] ] } },
{ "type": "Feature", "properties": { "NOM": null, "TYPOLOGIE": null, "COMMUNE": "Baneuil", "COMMUNAUTE": "CC des Bastides Dordogne Périgord", "INSEE_COMM": 24023, "ID_CDECOMM": 21, "SURFACE_UR": 19.3948, "COVISIBILI": "non", "SUP_URBA_H": null, "SITUATION_": "non boise", "SITUATION1": "vallee" }, "geometry": { "type": "MultiPolygon", "coordinates": [ [ [ [ 0.699010032403509, 44.837256940931496 ], [ 0.699010032403509, 44.837256940931496 ], [ 0.699065327978023, 44.837095825878485 ], [ 0.699090868462681, 44.837087208222883 ], [ 0.699056903894721, 44.836951758710256 ], [ 0.699022939491189, 44.836816309194695 ], [ 0.698966069101407, 44.836599552478162 ], [ 0.698898141326067, 44.836328653427032 ], [ 0.698829687337692, 44.836075739324791 ], [ 0.698749122607984, 44.835804652796092 ], [ 0.698681196847819, 44.835533753699252 ], [ 0.698590103251241, 44.835190539838138 ], [ 0.698521652047323, 44.834937625662235 ], [ 0.698476369569886, 44.83475702623619 ], [ 0.698463731557033, 44.834756838752078 ], [ 0.698209653673474, 44.834798051136879 ], [ 0.698082746366134, 44.834814160873364 ], [ 0.697930299356394, 44.834838887849159 ], [ 0.697841305974698, 44.834855559939768 ], [ 0.697663582669472, 44.834879911432957 ], [ 0.697460583124079, 44.834903887444121 ], [ 0.697244417987796, 44.834945660404031 ], [ 0.697117510067824, 44.834961769032731 ], [ 0.696939522376247, 44.834995111834651 ], [ 0.696710982199449, 44.835027703620355 ], [ 0.696469539871833, 44.835069099692667 ], [ 0.696291815291481, 44.83509344898129 ], [ 0.696088550512286, 44.835126414944554 ], [ 0.695872647398564, 44.835159192753693 ], [ 0.69573310050129, 44.835175112011591 ], [ 0.695593289573246, 44.835200023562926 ], [ 0.695415300215667, 44.835233363912657 ], [ 0.69531366734371, 44.835249846135625 ], [ 0.695148579804897, 44.835274381431589 ], [ 0.694945577751007, 44.835298352825447 ], [ 0.694729673304419, 44.835331128403361 ], [ 0.69458986153987, 44.835356038686527 ], [ 0.694348416226535, 44.835397430129085 ], [ 0.694170689680485, 44.835421776008914 ], [ 0.694005601133312, 44.835446309598694 ], [ 0.693878426917425, 44.835471406976986 ], [ 0.693713338095695, 44.835495940130563 ], [ 0.693586427911371, 44.835512044706803 ], [ 0.693433977013767, 44.835536765485529 ], [ 0.693281525981464, 44.835561486054146 ], [ 0.69311643663229, 44.835586018316747 ], [ 0.692925806382272, 44.835619166563824 ], [ 0.692748078513057, 44.835643510157375 ], [ 0.692582988688029, 44.835668041623698 ], [ 0.692392357842585, 44.835701188951496 ], [ 0.692239905902182, 44.835725908084513 ], [ 0.692074815611283, 44.835750438792296 ], [ 0.691909725175638, 44.835774969253663 ], [ 0.691757272821028, 44.835799687721433 ], [ 0.691617723155913, 44.835815601785399 ], [ 0.691388911898884, 44.83585717503567 ], [ 0.691084006146935, 44.83590661032553 ], [ 0.690881000058529, 44.835930574257198 ], [ 0.690690367310556, 44.835963718651989 ], [ 0.690474457804686, 44.835996485923339 ], [ 0.690532883304177, 44.836159292198644 ], [ 0.690505223735969, 44.836239847564038 ], [ 0.690450169144243, 44.836391965820084 ], [ 0.690458570983997, 44.836536033617669 ], [ 0.690478022604644, 44.83673424460158 ], [ 0.690496415248316, 44.836968425454756 ], [ 0.690512954604728, 44.837265553584103 ], [ 0.69053161234493, 44.837490742016094 ], [ 0.690539220233908, 44.837661787272772 ], [ 0.690546563394494, 44.837841825008447 ], [ 0.690565486235045, 44.838058021019428 ], [ 0.690572829532129, 44.838238058782515 ], [ 0.690590958296037, 44.838481232233931 ], [ 0.690600155122039, 44.838598322732331 ], [ 0.6906233147008, 44.838670639263903 ], [ 0.690648592441885, 44.838671016024875 ], [ 0.690788414243951, 44.83864611069319 ], [ 0.690979056072625, 44.838612966089926 ], [ 0.691271337816351, 44.838563342723226 ], [ 0.69171607887644, 44.838489000353995 ], [ 0.691944636099483, 44.838456418850988 ], [ 0.692135276596958, 44.83842327225539 ], [ 0.69232591686857, 44.838390125331323 ], [ 0.692656112661956, 44.838341062860806 ], [ 0.69279593274594, 44.838316154992121 ], [ 0.692859391140987, 44.838308103166007 ], [ 0.693062669380539, 44.838275143097647 ], [ 0.693266211720369, 44.838233190180333 ], [ 0.693520044543924, 44.83820098157809 ], [ 0.693685405703467, 44.838167456207501 ], [ 0.693888682945493, 44.838134494621357 ], [ 0.694104598701649, 44.838101720646023 ], [ 0.69430787545793, 44.838068758289545 ], [ 0.694485874494609, 44.83803541968247 ], [ 0.694625428880093, 44.838019501979197 ], [ 0.694689150785421, 44.838002456625425 ], [ 0.695019870331998, 44.83793540214343 ], [ 0.695223145944883, 44.837902438105324 ], [ 0.695234464548144, 44.837947588354538 ], [ 0.695412462647289, 44.837914248256354 ], [ 0.695692098103644, 44.837864425375017 ], [ 0.695920914371277, 44.837822843175523 ], [ 0.696098647782161, 44.837798494453608 ], [ 0.696263742351441, 44.837773957710205 ], [ 0.696416198094085, 44.837749233001901 ], [ 0.69668319316058, 44.837699219895761 ], [ 0.696873828270933, 44.837666065134627 ], [ 0.697013644790593, 44.837641151935607 ], [ 0.697229820512361, 44.837599379377792 ], [ 0.697382275352464, 44.837574653338322 ], [ 0.697649005090425, 44.83753363038435 ], [ 0.697750641422551, 44.837517145996209 ], [ 0.697890457179714, 44.837492231689154 ], [ 0.698131908911724, 44.837450832466992 ], [ 0.698360721674878, 44.837409245221984 ], [ 0.69843681685048, 44.837401377691428 ], [ 0.698425759280134, 44.837347235297038 ], [ 0.698427603822508, 44.837284287908503 ], [ 0.698718818184169, 44.837270614803792 ], [ 0.698845467441176, 44.837263496803423 ], [ 0.699010032403509, 44.837256940931496 ] ] ] ] } },
{ "type": "Feature", "properties": { "NOM": null, "TYPOLOGIE": null, "COMMUNE": "Pezuls", "COMMUNAUTE": "CC des Bastides Dordogne Périgord", "INSEE_COMM": 24327, "ID_CDECOMM": 21, "SURFACE_UR": 4.1954, "COVISIBILI": "non", "SUP_URBA_H": null, "SITUATION_": "boise", "SITUATION1": "plateau plaine" }, "geometry": { "type": "MultiPolygon", "coordinates": [ [ [ [ 0.820769449714396, 44.917947137627095 ], [ 0.820952997652226, 44.917715748004987 ], [ 0.820970537561458, 44.917536060333873 ], [ 0.821025560165683, 44.917374879455281 ], [ 0.818793091341365, 44.917056360363546 ], [ 0.819227688353268, 44.915973761977696 ], [ 0.8200592141216, 44.91519349085835 ], [ 0.821420506344725, 44.915419078115654 ], [ 0.821447039779185, 44.915374459849801 ], [ 0.821474061268287, 44.915311855468779 ], [ 0.820321424997465, 44.914396408704881 ], [ 0.820035458817263, 44.914203560800402 ], [ 0.819910850152549, 44.914129879713002 ], [ 0.819660900805842, 44.914009496261919 ], [ 0.819556474163758, 44.914125016157094 ], [ 0.819293624953643, 44.914013451203445 ], [ 0.819044845284127, 44.914315913242554 ], [ 0.819282382718568, 44.914427131304137 ], [ 0.819657430895727, 44.914603211061667 ], [ 0.819513567704158, 44.914772168102566 ], [ 0.819823626381196, 44.915010330027577 ], [ 0.819412020611404, 44.915247583582655 ], [ 0.819624249619935, 44.915358453481701 ], [ 0.819494751562356, 44.915464632899322 ], [ 0.819287358121782, 44.915641714100502 ], [ 0.819158103188347, 44.91573890008317 ], [ 0.819106009996581, 44.915792163315885 ], [ 0.818989655532985, 44.915880529825664 ], [ 0.8188849795248, 44.916005042215758 ], [ 0.818700939635355, 44.916254414352565 ], [ 0.81818886064777, 44.915995481236514 ], [ 0.818162813481305, 44.916022112629506 ], [ 0.81803013119696, 44.916245200001512 ], [ 0.817565011980508, 44.916121855302066 ], [ 0.817328801563074, 44.916892300197048 ], [ 0.817694873199456, 44.916933317053847 ], [ 0.817883503775289, 44.91698089113963 ], [ 0.817908817630461, 44.916981238958897 ], [ 0.818085280817687, 44.917010652688838 ], [ 0.817858370248467, 44.917439362911821 ], [ 0.817946235590073, 44.917467559436126 ], [ 0.818981668388202, 44.917571745265406 ], [ 0.819158134011252, 44.917601157293532 ], [ 0.819271558837706, 44.917620707238768 ], [ 0.819271070009578, 44.917638693353688 ], [ 0.819253280171112, 44.917827373813907 ], [ 0.819720372101048, 44.917878767041266 ], [ 0.819758343512821, 44.91787928813843 ], [ 0.819948444888246, 44.917872900368707 ], [ 0.820277530464369, 44.9178774154325 ], [ 0.820378787575441, 44.917878804485973 ], [ 0.82039144471468, 44.917878978111126 ], [ 0.820492457613307, 44.917889360121606 ], [ 0.820769449714396, 44.917947137627095 ] ] ] ] } }
]
}
