{
"type": "FeatureCollection",
"crs": { "type": "name", "properties": { "name": "urn:ogc:def:crs:OGC:1.3:CRS84" } },
"name": "Zone diffuse",
"color": "#FFED00",
"active": "true",
"interactive": "false",
"description": "Zones constructibles concernant des espaces libres, situés entre des bâtis égrenés et le long d’une voie existante",

"features": [
{ "type": "Feature", "properties": { "COMMUNE": "Beaumontois-en-Périgord (Beaumont-du-Périgord)", "COMMUNAUTE": "CC des Bastides Dordogne Périgord", "INSEE_COMM": 24028, "ID_CDECOMM": 21, "SURFACE_UR": 3.0111, "COVISIBILI": "non", "SITUATION_": "boise", "SITUATION1": "pente" }, "geometry": { "type": "MultiPolygon", "coordinates": [ [ [ [ 522695.29474, 6411149.85677 ], [ 522699.19114, 6411137.83591 ], [ 522704.9777, 6411112.8118 ], [ 522715.62648, 6411071.76263 ], [ 522651.53401, 6411053.31281 ], [ 522635.51711, 6411049.44958 ], [ 522636.49951, 6411047.44334 ], [ 522643.32651, 6411027.40581 ], [ 522649.0716, 6410997.38683 ], [ 522662.80026, 6410966.30254 ], [ 522665.67281, 6410951.29305 ], [ 522668.6117, 6410944.27536 ], [ 522700.89806, 6410862.08583 ], [ 522706.78414, 6410849.04941 ], [ 522719.6548, 6410834.95598 ], [ 522631.36283, 6410789.73287 ], [ 522622.46321, 6410800.79621 ], [ 522611.64027, 6410820.86691 ], [ 522582.28451, 6410895.03976 ], [ 522584.29907, 6410897.02112 ], [ 522583.31667, 6410899.02736 ], [ 522560.99526, 6410978.13704 ], [ 522554.27606, 6411011.16123 ], [ 522573.33138, 6411019.99446 ], [ 522614.96144, 6411100.57141 ], [ 522695.29474, 6411149.85677 ] ] ] ] } },
{ "type": "Feature", "properties": { "COMMUNE": "Le Buisson-de-Cadouin", "COMMUNAUTE": "CC des Bastides Dordogne Périgord", "INSEE_COMM": 24068, "ID_CDECOMM": 21, "SURFACE_UR": 8.0817, "COVISIBILI": "non", "SITUATION_": "clairiere", "SITUATION1": "plateau plaine" }, "geometry": { "type": "MultiPolygon", "coordinates": [ [ [ [ 530800.50959, 6410898.74579 ], [ 530831.37019, 6410885.50193 ], [ 530839.56943, 6410910.41001 ], [ 530853.53859, 6410908.29593 ], [ 530917.40707, 6410899.77322 ], [ 530921.3947, 6410898.74106 ], [ 530926.27348, 6410884.7139 ], [ 530929.1294, 6410867.7064 ], [ 530930.02884, 6410855.71037 ], [ 530927.96452, 6410847.73514 ], [ 530992.80709, 6410836.20721 ], [ 530970.44791, 6410790.43673 ], [ 530950.12816, 6410749.64456 ], [ 530928.77625, 6410704.86477 ], [ 530941.48098, 6410670.7917 ], [ 530960.04687, 6410620.68522 ], [ 530967.00656, 6410616.63125 ], [ 530961.97017, 6410611.67783 ], [ 530961.96188, 6410610.67886 ], [ 530962.87791, 6410600.68079 ], [ 530963.84371, 6410596.67658 ], [ 530930.72799, 6410578.96873 ], [ 530929.72072, 6410577.97805 ], [ 530924.70922, 6410576.02157 ], [ 530918.68214, 6410572.07543 ], [ 530867.53498, 6410548.52303 ], [ 530803.34299, 6410518.08563 ], [ 530742.16454, 6410489.62129 ], [ 530699.04241, 6410469.99844 ], [ 530697.08593, 6410475.00992 ], [ 530681.45062, 6410517.09968 ], [ 530663.60167, 6410533.23263 ], [ 530720.70954, 6410552.73935 ], [ 530707.97993, 6410583.81548 ], [ 530690.03973, 6410588.95968 ], [ 530656.58035, 6410650.17932 ], [ 530688.78004, 6410677.88525 ], [ 530706.88614, 6410692.7206 ], [ 530764.23458, 6410741.19767 ], [ 530805.49976, 6410777.81974 ], [ 530809.74454, 6410807.75589 ], [ 530784.97738, 6410832.9377 ], [ 530765.00604, 6410834.10258 ], [ 530744.16014, 6410850.26041 ], [ 530766.32024, 6410872.05543 ], [ 530792.19422, 6410859.85203 ], [ 530797.40481, 6410885.78397 ], [ 530800.50959, 6410898.74579 ] ] ] ] } },
{ "type": "Feature", "properties": { "COMMUNE": "Saint-Avit-Sénieur", "COMMUNAUTE": "CC des Bastides Dordogne Périgord", "INSEE_COMM": 24379, "ID_CDECOMM": 21, "SURFACE_UR": 6.17825, "COVISIBILI": "non", "SITUATION_": "clairiere", "SITUATION1": "plateau plaine" }, "geometry": { "type": "MultiPolygon", "coordinates": [ [ [ [ 529491.9428, 6410921.59935 ], [ 529512.78041, 6410904.44257 ], [ 529530.61278, 6410886.31169 ], [ 529537.55588, 6410880.25977 ], [ 529542.51761, 6410876.22239 ], [ 529547.47104, 6410871.18603 ], [ 529555.58732, 6410886.10433 ], [ 529568.46625, 6410873.00981 ], [ 529579.57948, 6410887.90323 ], [ 529603.32279, 6410859.73281 ], [ 529615.20273, 6410846.64658 ], [ 529614.00467, 6410822.67943 ], [ 529621.98823, 6410821.6141 ], [ 529650.01779, 6410828.3747 ], [ 529674.00165, 6410829.17461 ], [ 529677.00689, 6410830.14871 ], [ 529708.68399, 6410794.9191 ], [ 529646.4319, 6410757.47221 ], [ 529620.4169, 6410752.69298 ], [ 529625.93798, 6410695.70152 ], [ 529575.91423, 6410687.12544 ], [ 529547.93444, 6410686.3587 ], [ 529490.19257, 6410710.81521 ], [ 529489.21018, 6410712.82146 ], [ 529446.08806, 6410693.19857 ], [ 529445.22179, 6410709.19049 ], [ 529427.24841, 6410710.33876 ], [ 529413.27096, 6410711.45386 ], [ 529389.30369, 6410712.65189 ], [ 529388.34618, 6410717.65507 ], [ 529372.35418, 6410716.7888 ], [ 529350.36828, 6410715.97229 ], [ 529339.39607, 6410718.06148 ], [ 529321.43099, 6410720.20872 ], [ 529307.46183, 6410722.32279 ], [ 529272.69654, 6410746.58853 ], [ 529257.79476, 6410756.7027 ], [ 529272.97857, 6410780.55374 ], [ 529287.1551, 6410803.41409 ], [ 529305.39392, 6410834.23309 ], [ 529309.40643, 6410836.19786 ], [ 529324.34139, 6410830.07959 ], [ 529327.36322, 6410833.05164 ], [ 529331.37574, 6410835.01642 ], [ 529341.42362, 6410841.92632 ], [ 529366.53919, 6410858.70158 ], [ 529372.56626, 6410862.64772 ], [ 529374.58081, 6410864.62909 ], [ 529410.74324, 6410888.30595 ], [ 529438.86404, 6410906.0553 ], [ 529464.67997, 6410886.8591 ], [ 529491.9428, 6410921.59935 ] ] ] ] } },
{ "type": "Feature", "properties": { "COMMUNE": "Saint-Avit-Sénieur", "COMMUNAUTE": "CC des Bastides Dordogne Périgord", "INSEE_COMM": 24379, "ID_CDECOMM": 21, "SURFACE_UR": 7.7925, "COVISIBILI": "non", "SITUATION_": "clairiere", "SITUATION1": "ligne de crete" }, "geometry": { "type": "MultiPolygon", "coordinates": [ [ [ [ 526326.49246, 6410986.83962 ], [ 526341.47719, 6410986.71525 ], [ 526379.43021, 6410985.40118 ], [ 526391.41799, 6410985.30168 ], [ 526437.30481, 6410976.92845 ], [ 526442.92546, 6410931.92479 ], [ 526443.77515, 6410913.93493 ], [ 526444.75754, 6410911.92868 ], [ 526445.58234, 6410890.9419 ], [ 526594.55507, 6410904.69104 ], [ 526612.32939, 6410879.56739 ], [ 526629.4365, 6410894.41106 ], [ 526633.40754, 6410891.38097 ], [ 526655.23585, 6410873.21698 ], [ 526700.94848, 6410843.86524 ], [ 526727.73852, 6410821.66388 ], [ 526708.56709, 6410798.84499 ], [ 526704.5214, 6410792.8843 ], [ 526701.47469, 6410786.91532 ], [ 526649.91283, 6410713.414 ], [ 526589.08276, 6410726.90651 ], [ 526562.22637, 6410741.11605 ], [ 526553.277, 6410746.18556 ], [ 526532.48086, 6410768.33716 ], [ 526522.58227, 6410779.40881 ], [ 526493.55374, 6410772.65645 ], [ 526455.37677, 6410746.99817 ], [ 526453.40369, 6410750.01168 ], [ 526451.52185, 6410764.01393 ], [ 526298.08043, 6410693.35633 ], [ 526276.26871, 6410713.51826 ], [ 526228.69082, 6410758.87017 ], [ 526258.83445, 6410779.59991 ], [ 526284.89093, 6410789.37408 ], [ 526283.92512, 6410793.37828 ], [ 526267.73867, 6410889.42091 ], [ 526278.76895, 6410894.32458 ], [ 526294.80242, 6410900.18577 ], [ 526297.80766, 6410901.15987 ], [ 526318.84434, 6410907.97857 ], [ 526334.86123, 6410911.84181 ], [ 526329.27376, 6410960.84138 ], [ 526326.49246, 6410986.83962 ] ] ] ] } },
{ "type": "Feature", "properties": { "COMMUNE": "Saint-Avit-Sénieur", "COMMUNAUTE": "CC des Bastides Dordogne Périgord", "INSEE_COMM": 24379, "ID_CDECOMM": 21, "SURFACE_UR": 5.9589, "COVISIBILI": "non", "SITUATION_": "non boise", "SITUATION1": "plateau plaine" }, "geometry": { "type": "MultiPolygon", "coordinates": [ [ [ [ 527566.78846, 6410923.59498 ], [ 527595.57646, 6410901.37701 ], [ 527630.38323, 6410882.10622 ], [ 527644.31921, 6410875.99626 ], [ 527794.98301, 6410852.76657 ], [ 527806.85467, 6410838.68139 ], [ 527809.80184, 6410832.66265 ], [ 527796.76531, 6410826.7766 ], [ 527790.74654, 6410823.82943 ], [ 527752.6691, 6410810.15889 ], [ 527743.96391, 6410724.31327 ], [ 527717.01628, 6410727.53411 ], [ 527707.03476, 6410728.61601 ], [ 527699.0512, 6410729.68133 ], [ 527649.22652, 6410745.08061 ], [ 527638.25431, 6410747.16979 ], [ 527549.61864, 6410780.87405 ], [ 527499.32947, 6410740.33067 ], [ 527498.32219, 6410739.33998 ], [ 527440.9572, 6410688.86488 ], [ 527401.68172, 6410651.2272 ], [ 527394.7635, 6410660.27604 ], [ 527384.71562, 6410653.36613 ], [ 527379.67094, 6410647.41374 ], [ 527368.58261, 6410635.51724 ], [ 527364.57838, 6410634.55144 ], [ 527356.65288, 6410642.60959 ], [ 527343.77395, 6410655.70408 ], [ 527342.77497, 6410655.71237 ], [ 527314.21092, 6410704.90268 ], [ 527318.23173, 6410707.86644 ], [ 527333.2994, 6410717.73181 ], [ 527340.32545, 6410721.66967 ], [ 527357.41597, 6410734.51539 ], [ 527392.5877, 6410759.19955 ], [ 527394.59396, 6410760.18194 ], [ 527394.61884, 6410763.17887 ], [ 527394.63543, 6410765.17682 ], [ 527392.75359, 6410779.17907 ], [ 527389.83959, 6410789.19371 ], [ 527385.02716, 6410811.21265 ], [ 527392.03662, 6410813.15255 ], [ 527443.34966, 6410856.68458 ], [ 527492.63985, 6410897.23627 ], [ 527508.59867, 6410894.10666 ], [ 527524.48285, 6410881.98626 ], [ 527533.57322, 6410893.89935 ], [ 527553.76852, 6410919.70688 ], [ 527560.83604, 6410928.63962 ], [ 527564.80709, 6410925.60952 ], [ 527566.78846, 6410923.59498 ] ] ] ] } },
{ "type": "Feature", "properties": { "COMMUNE": "Beaumontois-en-Périgord (Beaumont-du-Périgord)", "COMMUNAUTE": "CC des Bastides Dordogne Périgord", "INSEE_COMM": 24028, "ID_CDECOMM": 21, "SURFACE_UR": 8.881, "COVISIBILI": "non", "SITUATION_": "non boise", "SITUATION1": "pente" }, "geometry": { "type": "MultiPolygon", "coordinates": [ [ [ [ 523368.01943, 6410832.57115 ], [ 523371.05785, 6410837.54115 ], [ 523376.1274, 6410846.49046 ], [ 523379.17411, 6410852.45942 ], [ 523387.29038, 6410867.3777 ], [ 523395.40665, 6410882.29598 ], [ 523396.41392, 6410883.28666 ], [ 523410.61532, 6410909.1439 ], [ 523428.87069, 6410941.9608 ], [ 523424.89135, 6410943.99192 ], [ 523425.9318, 6410948.9785 ], [ 523444.41111, 6411008.76771 ], [ 523446.59154, 6411030.72857 ], [ 523446.70765, 6411044.71421 ], [ 523456.08, 6411090.59242 ], [ 523461.27396, 6411114.52635 ], [ 523471.62871, 6411158.39831 ], [ 523478.8704, 6411188.30951 ], [ 523496.81062, 6411183.16537 ], [ 523518.74677, 6411177.98806 ], [ 523521.74372, 6411177.96318 ], [ 523629.81632, 6411199.04503 ], [ 523637.19444, 6411125.05455 ], [ 523622.93499, 6411092.20448 ], [ 523607.66827, 6411058.36372 ], [ 523595.56436, 6411044.47759 ], [ 523596.52188, 6411039.47442 ], [ 523594.31657, 6411014.51664 ], [ 523597.08129, 6410986.52047 ], [ 523585.08521, 6410985.62101 ], [ 523585.06033, 6410982.62408 ], [ 523584.98568, 6410973.63331 ], [ 523594.51936, 6410918.60677 ], [ 523603.40238, 6410905.54547 ], [ 523608.33095, 6410897.51221 ], [ 523634.88879, 6410847.33957 ], [ 523651.6061, 6410815.23141 ], [ 523641.48357, 6410799.33074 ], [ 523609.28391, 6410771.62482 ], [ 523690.55357, 6410693.02479 ], [ 523674.34592, 6410666.18517 ], [ 523683.23724, 6410654.12284 ], [ 523691.14616, 6410644.06675 ], [ 523695.09233, 6410638.03973 ], [ 523596.56171, 6410562.93038 ], [ 523502.74484, 6410694.58384 ], [ 523594.22452, 6410762.75844 ], [ 523518.31469, 6410885.27188 ], [ 523437.64965, 6410796.02759 ], [ 523368.01943, 6410832.57115 ] ] ] ] } },
{ "type": "Feature", "properties": { "COMMUNE": "Beaumontois-en-Périgord (Beaumont-du-Périgord)", "COMMUNAUTE": "CC des Bastides Dordogne Périgord", "INSEE_COMM": 24028, "ID_CDECOMM": 21, "SURFACE_UR": 10.7162, "COVISIBILI": "oui", "SITUATION_": "non boise", "SITUATION1": "pente" }, "geometry": { "type": "MultiPolygon", "coordinates": [ [ [ [ 523234.69404, 6410657.84628 ], [ 523222.83065, 6410672.93041 ], [ 523216.95287, 6410686.9658 ], [ 523202.18376, 6410713.06352 ], [ 523140.10585, 6410696.5951 ], [ 523133.29543, 6410718.63058 ], [ 523131.35552, 6410725.63998 ], [ 523122.48908, 6410740.69923 ], [ 523113.64752, 6410758.7554 ], [ 523176.55025, 6410754.23708 ], [ 523184.53382, 6410753.17176 ], [ 523176.69125, 6410771.21964 ], [ 523174.74304, 6410777.23007 ], [ 523173.76894, 6410780.23529 ], [ 523167.9575, 6410802.26248 ], [ 523164.0611, 6410814.28334 ], [ 523162.1046, 6410819.2948 ], [ 523159.19888, 6410830.30839 ], [ 523154.32837, 6410845.33447 ], [ 523147.50966, 6410866.37098 ], [ 523138.72616, 6410891.41997 ], [ 523127.98616, 6410921.48042 ], [ 523126.02966, 6410926.49188 ], [ 523102.44387, 6410973.6427 ], [ 523099.51327, 6410981.65937 ], [ 523071.95644, 6411031.84028 ], [ 523057.19563, 6411058.93698 ], [ 523054.24015, 6411063.95672 ], [ 523048.39553, 6411081.98802 ], [ 523044.49913, 6411094.00888 ], [ 523039.6452, 6411111.03291 ], [ 523037.78823, 6411128.03206 ], [ 523029.295, 6411188.04517 ], [ 523024.56548, 6411220.05382 ], [ 523021.63488, 6411228.07049 ], [ 523006.99018, 6411269.15283 ], [ 523045.93392, 6411266.83149 ], [ 523090.8135, 6411257.46757 ], [ 523115.76319, 6411254.26334 ], [ 523134.70239, 6411249.11091 ], [ 523144.66734, 6411246.03107 ], [ 523186.54168, 6411235.69304 ], [ 523202.94008, 6411285.5091 ], [ 523219.1892, 6411317.34362 ], [ 523257.0759, 6411308.03774 ], [ 523290.00916, 6411303.7682 ], [ 523333.92293, 6411298.40846 ], [ 523327.85439, 6411289.46744 ], [ 523320.79516, 6411281.53369 ], [ 523308.69955, 6411268.64652 ], [ 523293.56553, 6411250.78936 ], [ 523271.42203, 6411230.9923 ], [ 523288.34669, 6411223.85851 ], [ 523300.28472, 6411217.76515 ], [ 523330.12979, 6411202.53176 ], [ 523316.96056, 6411180.66211 ], [ 523306.82974, 6411163.76247 ], [ 523288.59924, 6411133.94249 ], [ 523284.50379, 6411121.98796 ], [ 523279.36788, 6411105.04686 ], [ 523274.13245, 6411076.11805 ], [ 523266.841, 6411040.21301 ], [ 523264.69375, 6411022.24806 ], [ 523264.6274, 6411014.25626 ], [ 523266.46779, 6410995.25916 ], [ 523276.16734, 6410960.21212 ], [ 523281.92901, 6410932.19108 ], [ 523280.91344, 6410930.20142 ], [ 523288.2501, 6410851.2161 ], [ 523239.21702, 6410841.63269 ], [ 523242.0398, 6410820.62935 ], [ 523214.93457, 6410804.86965 ], [ 523245.11514, 6410709.71002 ], [ 523314.19422, 6410727.11937 ], [ 523318.06575, 6410712.10158 ], [ 523260.75882, 6410668.61939 ], [ 523234.69404, 6410657.84628 ] ] ] ] } },
{ "type": "Feature", "properties": { "COMMUNE": "Beaumontois-en-Périgord (Labouquerie)", "COMMUNAUTE": "CC des Bastides Dordogne Périgord", "INSEE_COMM": 24219, "ID_CDECOMM": 21, "SURFACE_UR": 0.9009, "COVISIBILI": "non", "SITUATION_": "clairiere", "SITUATION1": "plateau plaine" }, "geometry": { "type": "MultiPolygon", "coordinates": [ [ [ [ 524337.64535, 6408250.98746 ], [ 524153.18198, 6408294.47879 ], [ 524157.50137, 6408333.40557 ], [ 524166.52538, 6408337.32681 ], [ 524169.53062, 6408338.3009 ], [ 524170.52961, 6408338.29261 ], [ 524180.54431, 6408341.20658 ], [ 524268.31375, 6408323.49413 ], [ 524265.20898, 6408310.53237 ], [ 524338.01857, 6408295.94125 ], [ 524337.64535, 6408250.98746 ] ] ] ] } },
{ "type": "Feature", "properties": { "COMMUNE": "Beaumontois-en-Périgord (Labouquerie)", "COMMUNAUTE": "CC des Bastides Dordogne Périgord", "INSEE_COMM": 24219, "ID_CDECOMM": 21, "SURFACE_UR": 1.43845, "COVISIBILI": "non", "SITUATION_": "boise", "SITUATION1": "plateau plaine" }, "geometry": { "type": "MultiPolygon", "coordinates": [ [ [ [ 524245.14062, 6409022.01704 ], [ 524246.13961, 6409022.00875 ], [ 524273.24483, 6409037.76839 ], [ 524281.27816, 6409042.6969 ], [ 524331.44291, 6409068.25551 ], [ 524406.69005, 6409106.59343 ], [ 524416.72963, 6409112.50433 ], [ 524436.80051, 6409123.32716 ], [ 524440.82132, 6409126.2909 ], [ 524458.28879, 6409064.20523 ], [ 524286.59196, 6408960.7313 ], [ 524246.13131, 6409021.00978 ], [ 524246.13131, 6409021.00978 ], [ 524245.14062, 6409022.01704 ] ] ] ] } },
{ "type": "Feature", "properties": { "COMMUNE": "Beaumontois-en-Périgord (Beaumont-du-Périgord)", "COMMUNAUTE": "CC des Bastides Dordogne Périgord", "INSEE_COMM": 24028, "ID_CDECOMM": 21, "SURFACE_UR": 1.81665, "COVISIBILI": "non", "SITUATION_": "non boise", "SITUATION1": "plateau plaine" }, "geometry": { "type": "MultiPolygon", "coordinates": [ [ [ [ 522077.78627, 6408370.65223 ], [ 522072.70843, 6408360.70397 ], [ 522082.44115, 6408329.65291 ], [ 522063.17022, 6408294.84645 ], [ 522049.30887, 6408309.94713 ], [ 521964.81005, 6408360.60062 ], [ 521905.15309, 6408395.06323 ], [ 521905.17797, 6408398.06015 ], [ 521908.50665, 6408437.99415 ], [ 521912.67674, 6408458.9394 ], [ 521921.00863, 6408499.83091 ], [ 521941.96238, 6408496.65985 ], [ 521943.99352, 6408500.63915 ], [ 522022.75554, 6408481.00356 ], [ 521995.302, 6408423.28708 ], [ 522077.78627, 6408370.65223 ] ] ] ] } },
{ "type": "Feature", "properties": { "COMMUNE": "Beaumontois-en-Périgord (Beaumont-du-Périgord)", "COMMUNAUTE": "CC des Bastides Dordogne Périgord", "INSEE_COMM": 24028, "ID_CDECOMM": 21, "SURFACE_UR": 0.57375, "COVISIBILI": "non", "SITUATION_": "non boise", "SITUATION1": "plateau plaine" }, "geometry": { "type": "MultiPolygon", "coordinates": [ [ [ [ 522061.54249, 6407376.74166 ], [ 522080.53144, 6407377.58306 ], [ 522094.60842, 6407388.45564 ], [ 522099.71114, 6407401.4008 ], [ 522160.01046, 6407323.97411 ], [ 522144.70229, 6407285.13862 ], [ 522060.26154, 6407342.78492 ], [ 522061.54249, 6407376.74166 ] ] ] ] } },
{ "type": "Feature", "properties": { "COMMUNE": "Beaumontois-en-Périgord (Labouquerie)", "COMMUNAUTE": "CC des Bastides Dordogne Périgord", "INSEE_COMM": 24219, "ID_CDECOMM": 21, "SURFACE_UR": 0.98275, "COVISIBILI": "oui", "SITUATION_": "non boise", "SITUATION1": "plateau plaine" }, "geometry": { "type": "MultiPolygon", "coordinates": [ [ [ [ 523335.26063, 6408451.12582 ], [ 523390.22124, 6408452.66761 ], [ 523463.13864, 6408451.06319 ], [ 523466.13559, 6408451.03831 ], [ 523457.04523, 6408439.12528 ], [ 523439.8386, 6408412.29401 ], [ 523429.70779, 6408395.39441 ], [ 523409.40469, 6408356.60035 ], [ 523339.37641, 6408345.19324 ], [ 523337.80142, 6408396.15743 ], [ 523335.26063, 6408451.12582 ] ] ] ] } },
{ "type": "Feature", "properties": { "COMMUNE": "Naussannes", "COMMUNAUTE": "CC des Bastides Dordogne Périgord", "INSEE_COMM": 24307, "ID_CDECOMM": 21, "SURFACE_UR": 0.49775, "COVISIBILI": "non", "SITUATION_": "non boise", "SITUATION1": "plateau plaine" }, "geometry": { "type": "MultiPolygon", "coordinates": [ [ [ [ 517454.15145, 6410052.44832 ], [ 517456.09966, 6410046.43791 ], [ 517466.89775, 6410023.37035 ], [ 517467.88015, 6410021.36412 ], [ 517480.62646, 6409992.28614 ], [ 517489.45975, 6409973.23105 ], [ 517478.3963, 6409964.33152 ], [ 517455.27042, 6409946.54076 ], [ 517443.20799, 6409937.64952 ], [ 517437.3136, 6409949.68693 ], [ 517436.32291, 6409950.69419 ], [ 517433.3923, 6409958.71084 ], [ 517427.48132, 6409968.75031 ], [ 517423.53514, 6409974.77731 ], [ 517402.77209, 6410000.9247 ], [ 517454.15145, 6410052.44832 ] ] ] ] } },
{ "type": "Feature", "properties": { "COMMUNE": "Naussannes", "COMMUNAUTE": "CC des Bastides Dordogne Périgord", "INSEE_COMM": 24307, "ID_CDECOMM": 21, "SURFACE_UR": 0.79645, "COVISIBILI": "non", "SITUATION_": "non boise", "SITUATION1": "plateau plaine" }, "geometry": { "type": "MultiPolygon", "coordinates": [ [ [ [ 518324.90369, 6409881.37869 ], [ 518384.57728, 6409848.91423 ], [ 518403.45843, 6409836.76907 ], [ 518384.04654, 6409784.98006 ], [ 518341.3142, 6409812.30874 ], [ 518304.86155, 6409753.66784 ], [ 518288.93588, 6409760.79327 ], [ 518272.02782, 6409769.92494 ], [ 518267.06607, 6409773.96227 ], [ 518268.26408, 6409797.92929 ], [ 518283.35662, 6409810.79158 ], [ 518287.37743, 6409813.75534 ], [ 518290.37438, 6409813.73047 ], [ 518296.38486, 6409815.67868 ], [ 518301.40465, 6409818.63414 ], [ 518307.41513, 6409820.58235 ], [ 518306.44103, 6409823.58755 ], [ 518324.90369, 6409881.37869 ] ] ] ] } },
{ "type": "Feature", "properties": { "COMMUNE": "Naussannes", "COMMUNAUTE": "CC des Bastides Dordogne Périgord", "INSEE_COMM": 24307, "ID_CDECOMM": 21, "SURFACE_UR": 0.75585, "COVISIBILI": "non", "SITUATION_": "non boise", "SITUATION1": "plateau plaine" }, "geometry": { "type": "MultiPolygon", "coordinates": [ [ [ [ 520321.4103, 6408606.01914 ], [ 520364.32507, 6408600.66775 ], [ 520371.31795, 6408600.60971 ], [ 520386.2861, 6408598.4874 ], [ 520424.21425, 6408594.17643 ], [ 520457.05627, 6408578.91824 ], [ 520429.2959, 6408484.23982 ], [ 520411.51326, 6408508.36438 ], [ 520401.60637, 6408518.43701 ], [ 520393.67256, 6408525.49615 ], [ 520391.69118, 6408527.51067 ], [ 520363.91871, 6408551.71815 ], [ 520349.08325, 6408569.82401 ], [ 520322.3844, 6408603.01394 ], [ 520321.4103, 6408606.01914 ] ] ] ] } },
{ "type": "Feature", "properties": { "COMMUNE": "Naussannes", "COMMUNAUTE": "CC des Bastides Dordogne Périgord", "INSEE_COMM": 24307, "ID_CDECOMM": 21, "SURFACE_UR": 0.2959, "COVISIBILI": "non", "SITUATION_": "non boise", "SITUATION1": "plateau plaine" }, "geometry": { "type": "MultiPolygon", "coordinates": [ [ [ [ 518507.30286, 6409829.91313 ], [ 518545.15639, 6409816.6115 ], [ 518541.96042, 6409792.66105 ], [ 518540.93655, 6409789.67243 ], [ 518536.80794, 6409773.72204 ], [ 518531.72181, 6409762.7748 ], [ 518526.6108, 6409748.83065 ], [ 518488.75727, 6409762.13228 ], [ 518500.09437, 6409803.9979 ], [ 518507.30286, 6409829.91313 ] ] ] ] } },
{ "type": "Feature", "properties": { "COMMUNE": "Beaumontois-en-Périgord (Labouquerie)", "COMMUNAUTE": "CC des Bastides Dordogne Périgord", "INSEE_COMM": 24219, "ID_CDECOMM": 21, "SURFACE_UR": 1.56505, "COVISIBILI": "non", "SITUATION_": "boise", "SITUATION1": "plateau plaine" }, "geometry": { "type": "MultiPolygon", "coordinates": [ [ [ [ 524188.03481, 6408401.08691 ], [ 524344.55985, 6408361.82371 ], [ 524350.28835, 6408329.8068 ], [ 524347.04259, 6408299.86249 ], [ 524345.97725, 6408291.879 ], [ 524353.90276, 6408283.82086 ], [ 524356.88312, 6408281.79803 ], [ 524365.84908, 6408278.72646 ], [ 524372.84195, 6408278.6684 ], [ 524376.84618, 6408279.63419 ], [ 524408.39062, 6408228.42114 ], [ 524332.23575, 6408201.08028 ], [ 524338.56969, 6408241.98841 ], [ 524339.64331, 6408250.97087 ], [ 524337.64535, 6408250.98746 ], [ 524338.01857, 6408295.94125 ], [ 524265.20898, 6408310.53237 ], [ 524268.31375, 6408323.49413 ], [ 524180.54431, 6408341.20658 ], [ 524170.52961, 6408338.29261 ], [ 524169.53062, 6408338.3009 ], [ 524165.60105, 6408346.32586 ], [ 524155.86004, 6408376.378 ], [ 524188.03481, 6408401.08691 ] ] ] ] } },
{ "type": "Feature", "properties": { "COMMUNE": "Beaumontois-en-Périgord (Labouquerie)", "COMMUNAUTE": "CC des Bastides Dordogne Périgord", "INSEE_COMM": 24219, "ID_CDECOMM": 21, "SURFACE_UR": 1.9054, "COVISIBILI": "non", "SITUATION_": "non boise", "SITUATION1": "plateau plaine" }, "geometry": { "type": "MultiPolygon", "coordinates": [ [ [ [ 525988.5205, 6405296.10127 ], [ 526020.17271, 6405257.87495 ], [ 526011.14041, 6405252.95474 ], [ 525997.08003, 6405244.0801 ], [ 525983.28507, 6405267.17256 ], [ 525961.16649, 6405250.37251 ], [ 525919.91799, 6405215.74854 ], [ 525918.84437, 6405206.76609 ], [ 525938.67469, 6405188.61873 ], [ 525963.46673, 6405166.43401 ], [ 525937.39371, 6405154.66199 ], [ 525970.00342, 6405111.43252 ], [ 525952.97928, 6405106.57866 ], [ 525878.84736, 6405082.2181 ], [ 525844.94008, 6405089.49289 ], [ 525863.47744, 6405156.27469 ], [ 525862.51992, 6405161.27784 ], [ 525857.81531, 6405196.28331 ], [ 525856.89098, 6405205.28235 ], [ 525847.44858, 6405271.29741 ], [ 525929.46452, 6405282.60499 ], [ 525933.46045, 6405282.57182 ], [ 525942.45127, 6405282.49718 ], [ 525946.4472, 6405282.464 ], [ 525967.45067, 6405285.28675 ], [ 525972.46216, 6405287.24323 ], [ 525981.48616, 6405291.16447 ], [ 525985.49868, 6405293.12924 ], [ 525988.5205, 6405296.10127 ] ] ] ] } },
{ "type": "Feature", "properties": { "COMMUNE": "Beaumontois-en-Périgord (Nojals-et-Clotte)", "COMMUNAUTE": "CC des Bastides Dordogne Périgord", "INSEE_COMM": 24310, "ID_CDECOMM": 21, "SURFACE_UR": 1.3746, "COVISIBILI": "non", "SITUATION_": "non boise", "SITUATION1": "plateau plaine" }, "geometry": { "type": "MultiPolygon", "coordinates": [ [ [ [ 522488.64612, 6405873.63698 ], [ 522510.17587, 6405819.5101 ], [ 522513.10647, 6405811.49345 ], [ 522535.66838, 6405761.35415 ], [ 522547.43224, 6405734.28242 ], [ 522577.58415, 6405756.01094 ], [ 522599.28806, 6405722.86244 ], [ 522520.06994, 6405687.55476 ], [ 522499.01668, 6405678.73821 ], [ 522490.99165, 6405674.80868 ], [ 522485.19681, 6405698.83373 ], [ 522477.43717, 6405726.87126 ], [ 522457.89709, 6405779.98258 ], [ 522450.0711, 6405800.02834 ], [ 522437.32485, 6405829.10631 ], [ 522437.35802, 6405833.10219 ], [ 522435.58398, 6405860.09099 ], [ 522488.64612, 6405873.63698 ] ] ] ] } },
{ "type": "Feature", "properties": { "COMMUNE": "Naussannes", "COMMUNAUTE": "CC des Bastides Dordogne Périgord", "INSEE_COMM": 24307, "ID_CDECOMM": 21, "SURFACE_UR": 2.2178, "COVISIBILI": "non", "SITUATION_": "non boise", "SITUATION1": "plateau plaine" }, "geometry": { "type": "MultiPolygon", "coordinates": [ [ [ [ 520006.94465, 6409476.79532 ], [ 520078.74699, 6409461.2138 ], [ 520074.65983, 6409450.25827 ], [ 520085.16764, 6409392.22669 ], [ 520082.1707, 6409392.25157 ], [ 520061.17548, 6409390.42773 ], [ 520047.16485, 6409387.54689 ], [ 520045.16688, 6409387.56347 ], [ 520039.1564, 6409385.61527 ], [ 520032.13864, 6409382.67639 ], [ 520005.0666, 6409370.91258 ], [ 519999.05612, 6409368.96438 ], [ 519983.00606, 6409361.10526 ], [ 519946.85195, 6409338.42738 ], [ 519914.66889, 6409312.71942 ], [ 519910.63979, 6409308.7567 ], [ 519899.50171, 6409290.8664 ], [ 519898.54419, 6409295.86955 ], [ 519891.83328, 6409329.89263 ], [ 519889.95971, 6409344.89379 ], [ 519886.15452, 6409367.9033 ], [ 519881.37523, 6409393.91802 ], [ 519880.4343, 6409400.91912 ], [ 519878.75146, 6409438.89663 ], [ 519877.89346, 6409455.88744 ], [ 520006.94465, 6409476.79532 ] ] ] ] } },
{ "type": "Feature", "properties": { "COMMUNE": "Beaumontois-en-Périgord (Labouquerie)", "COMMUNAUTE": "CC des Bastides Dordogne Périgord", "INSEE_COMM": 24219, "ID_CDECOMM": 21, "SURFACE_UR": 2.20625, "COVISIBILI": "non", "SITUATION_": "non boise", "SITUATION1": "plateau plaine" }, "geometry": { "type": "MultiPolygon", "coordinates": [ [ [ [ 524779.44887, 6408398.17449 ], [ 524785.35153, 6408387.13602 ], [ 524834.19383, 6408373.74292 ], [ 524839.18045, 6408372.70247 ], [ 524861.09171, 6408364.5282 ], [ 524880.03919, 6408360.3747 ], [ 524866.69579, 6408317.52668 ], [ 524864.63147, 6408309.55148 ], [ 524858.66246, 6408312.59817 ], [ 524854.60018, 6408304.63956 ], [ 524819.76021, 6408319.91448 ], [ 524796.35234, 6408268.15865 ], [ 524763.48546, 6408280.42006 ], [ 524680.49529, 6408272.11776 ], [ 524665.5935, 6408282.23192 ], [ 524628.82191, 6408305.51521 ], [ 524631.05211, 6408333.46987 ], [ 524647.04411, 6408334.33613 ], [ 524653.0463, 6408335.28533 ], [ 524662.04544, 6408336.20965 ], [ 524661.1128, 6408344.20973 ], [ 524659.44659, 6408384.18526 ], [ 524713.46628, 6408392.7281 ], [ 524724.46338, 6408393.63584 ], [ 524768.45177, 6408397.26676 ], [ 524779.44887, 6408398.17449 ] ] ] ] } },
{ "type": "Feature", "properties": { "COMMUNE": "Beaumontois-en-Périgord (Nojals-et-Clotte)", "COMMUNAUTE": "CC des Bastides Dordogne Périgord", "INSEE_COMM": 24310, "ID_CDECOMM": 21, "SURFACE_UR": 4.181, "COVISIBILI": "non", "SITUATION_": "clairiere", "SITUATION1": "plateau plaine" }, "geometry": { "type": "MultiPolygon", "coordinates": [ [ [ [ 522259.00621, 6406372.0662 ], [ 522287.75276, 6406344.85347 ], [ 522305.59344, 6406327.72168 ], [ 522264.44444, 6406305.0854 ], [ 522284.13381, 6406269.95555 ], [ 522294.96503, 6406250.88387 ], [ 522310.73311, 6406224.77793 ], [ 522315.65338, 6406215.74572 ], [ 522366.85855, 6406246.29082 ], [ 522385.91385, 6406255.12397 ], [ 522433.50836, 6406211.77011 ], [ 522459.31602, 6406191.57505 ], [ 522423.95357, 6406143.91475 ], [ 522418.86743, 6406132.96754 ], [ 522415.67144, 6406109.01713 ], [ 522412.40911, 6406077.07495 ], [ 522414.85869, 6406011.11801 ], [ 522415.79962, 6406004.11692 ], [ 522415.78303, 6406002.11898 ], [ 522367.69921, 6405986.53357 ], [ 522366.72511, 6405989.53878 ], [ 522363.77792, 6405995.55748 ], [ 522334.36413, 6406062.73733 ], [ 522328.50293, 6406078.77063 ], [ 522310.8447, 6406117.87977 ], [ 522304.9835, 6406133.91307 ], [ 522303.00213, 6406135.9276 ], [ 522290.23929, 6406163.00763 ], [ 522278.26809, 6406165.10509 ], [ 522263.29995, 6406167.22745 ], [ 522243.31202, 6406166.39435 ], [ 522227.32002, 6406165.52809 ], [ 522207.26197, 6406276.588 ], [ 522226.25921, 6406278.42836 ], [ 522217.41765, 6406296.48448 ], [ 522212.51397, 6406307.51462 ], [ 522167.43539, 6406292.90329 ], [ 522158.7514, 6406329.93985 ], [ 522207.82592, 6406344.51801 ], [ 522223.88427, 6406353.37604 ], [ 522259.00621, 6406372.0662 ] ] ] ] } },
{ "type": "Feature", "properties": { "COMMUNE": "Naussannes", "COMMUNAUTE": "CC des Bastides Dordogne Périgord", "INSEE_COMM": 24307, "ID_CDECOMM": 21, "SURFACE_UR": 0.91655, "COVISIBILI": "non", "SITUATION_": "non boise", "SITUATION1": "plateau plaine" }, "geometry": { "type": "MultiPolygon", "coordinates": [ [ [ [ 518119.09054, 6409037.89873 ], [ 518141.02669, 6409032.7215 ], [ 518145.01433, 6409031.68938 ], [ 518145.77282, 6409002.71093 ], [ 518129.36618, 6408951.89606 ], [ 518128.32573, 6408946.9095 ], [ 518136.31759, 6408946.84318 ], [ 518144.30116, 6408945.77789 ], [ 518156.30553, 6408947.67635 ], [ 518174.32868, 6408952.52199 ], [ 518181.88932, 6408900.5092 ], [ 518140.84811, 6408890.85937 ], [ 518130.8417, 6408888.94433 ], [ 518108.83092, 6408885.13082 ], [ 518088.83469, 6408883.29867 ], [ 518078.83657, 6408882.3826 ], [ 518059.85591, 6408882.5401 ], [ 518056.86725, 6408883.56394 ], [ 518054.88587, 6408885.57846 ], [ 518055.90973, 6408888.56708 ], [ 518078.12783, 6408917.35486 ], [ 518090.2483, 6408933.23892 ], [ 518098.37285, 6408949.15613 ], [ 518100.40398, 6408953.13543 ], [ 518103.90678, 6409014.04778 ], [ 518105.93792, 6409018.02708 ], [ 518119.09054, 6409037.89873 ] ] ] ] } },
{ "type": "Feature", "properties": { "COMMUNE": "Beaumontois-en-Périgord (Labouquerie)", "COMMUNAUTE": "CC des Bastides Dordogne Périgord", "INSEE_COMM": 24219, "ID_CDECOMM": 21, "SURFACE_UR": 1.5612, "COVISIBILI": "non", "SITUATION_": "non boise", "SITUATION1": "plateau plaine" }, "geometry": { "type": "MultiPolygon", "coordinates": [ [ [ [ 525193.57727, 6405693.32764 ], [ 525221.18382, 6405649.14059 ], [ 525230.06684, 6405636.0793 ], [ 525195.91899, 6405614.38399 ], [ 525207.78236, 6405599.29987 ], [ 525225.58157, 6405577.17316 ], [ 525233.45731, 6405563.12118 ], [ 525251.1321, 6405526.0099 ], [ 525216.0848, 6405516.31056 ], [ 525228.91398, 6405497.22225 ], [ 525236.82289, 6405487.16616 ], [ 525182.7203, 6405468.63371 ], [ 525163.08072, 6405509.75747 ], [ 525158.17704, 6405520.78763 ], [ 525141.50123, 6405557.89062 ], [ 525130.6866, 6405578.96028 ], [ 525127.86383, 6405599.96357 ], [ 525124.19136, 6405638.95665 ], [ 525145.25292, 6405648.77214 ], [ 525149.24885, 6405648.73896 ], [ 525154.27693, 6405652.69336 ], [ 525154.28522, 6405653.69233 ], [ 525156.29977, 6405655.67368 ], [ 525162.33513, 6405660.61876 ], [ 525169.37777, 6405666.55452 ], [ 525193.57727, 6405693.32764 ] ] ] ] } },
{ "type": "Feature", "properties": { "COMMUNE": "Beaumontois-en-Périgord (Beaumont-du-Périgord)", "COMMUNAUTE": "CC des Bastides Dordogne Périgord", "INSEE_COMM": 24028, "ID_CDECOMM": 21, "SURFACE_UR": 4.05395, "COVISIBILI": "non", "SITUATION_": "non boise", "SITUATION1": "plateau plaine" }, "geometry": { "type": "MultiPolygon", "coordinates": [ [ [ [ 522480.30828, 6409201.51035 ], [ 522485.96214, 6409160.5027 ], [ 522498.88257, 6409152.40312 ], [ 522500.84736, 6409148.39064 ], [ 522412.73787, 6409125.14505 ], [ 522364.25593, 6409061.60884 ], [ 522316.23391, 6408933.13112 ], [ 522284.55222, 6408847.47655 ], [ 522283.55324, 6408847.48484 ], [ 522274.36335, 6408823.58414 ], [ 522189.82306, 6408869.24278 ], [ 522193.84387, 6408872.20653 ], [ 522206.08046, 6408902.07619 ], [ 522220.54723, 6408959.90051 ], [ 522188.64615, 6408968.15765 ], [ 522197.91067, 6409001.04911 ], [ 522199.97498, 6409009.02431 ], [ 522204.9616, 6409007.98387 ], [ 522205.97717, 6409009.97353 ], [ 522217.33918, 6409054.83608 ], [ 522221.4761, 6409071.78544 ], [ 522278.34345, 6409062.32201 ], [ 522298.72948, 6409111.10582 ], [ 522303.71609, 6409110.06539 ], [ 522323.64598, 6409103.9057 ], [ 522327.7829, 6409120.85506 ], [ 522331.91152, 6409136.80546 ], [ 522334.9997, 6409147.76928 ], [ 522354.95447, 6409144.60651 ], [ 522355.26962, 6409182.56748 ], [ 522452.29531, 6409196.74768 ], [ 522480.30828, 6409201.51035 ] ] ] ] } },
{ "type": "Feature", "properties": { "COMMUNE": "Beaumontois-en-Périgord (Labouquerie)", "COMMUNAUTE": "CC des Bastides Dordogne Périgord", "INSEE_COMM": 24219, "ID_CDECOMM": 21, "SURFACE_UR": 0.9515, "COVISIBILI": "non", "SITUATION_": "clairiere", "SITUATION1": "pente" }, "geometry": { "type": "MultiPolygon", "coordinates": [ [ [ [ 526153.02888, 6407421.6945 ], [ 526152.93764, 6407410.7058 ], [ 526151.80595, 6407394.73052 ], [ 526153.77074, 6407390.71804 ], [ 526164.64341, 6407376.64119 ], [ 526179.6779, 6407382.51064 ], [ 526182.63337, 6407377.49089 ], [ 526216.61532, 6407379.20687 ], [ 526216.59043, 6407376.20995 ], [ 526241.52349, 6407371.00776 ], [ 526235.33884, 6407348.08114 ], [ 526224.36663, 6407350.17031 ], [ 526223.33448, 6407346.18271 ], [ 526217.05029, 6407311.2684 ], [ 526185.13266, 6407317.52762 ], [ 526129.14825, 6407312.99716 ], [ 526129.25607, 6407325.98381 ], [ 526130.43753, 6407347.95293 ], [ 526115.47769, 6407351.07424 ], [ 526090.54463, 6407356.27643 ], [ 526095.78836, 6407386.20416 ], [ 526101.03209, 6407416.1319 ], [ 526153.02888, 6407421.6945 ] ] ] ] } },
{ "type": "Feature", "properties": { "COMMUNE": "Beaumontois-en-Périgord (Beaumont-du-Périgord)", "COMMUNAUTE": "CC des Bastides Dordogne Périgord", "INSEE_COMM": 24028, "ID_CDECOMM": 21, "SURFACE_UR": 2.0575, "COVISIBILI": "non", "SITUATION_": "non boise", "SITUATION1": "plateau plaine" }, "geometry": { "type": "MultiPolygon", "coordinates": [ [ [ [ 522124.27028, 6407110.47622 ], [ 522117.25253, 6407107.53736 ], [ 522109.2275, 6407103.60782 ], [ 522108.22022, 6407102.61714 ], [ 522101.20247, 6407099.67828 ], [ 522100.19519, 6407098.6876 ], [ 522095.1754, 6407095.73216 ], [ 522092.17016, 6407094.75807 ], [ 522089.16493, 6407093.78398 ], [ 522087.15867, 6407092.80159 ], [ 522066.10541, 6407083.98501 ], [ 522053.07717, 6407079.09797 ], [ 522032.11514, 6407081.27007 ], [ 521995.19427, 6407086.57178 ], [ 521955.26816, 6407090.8994 ], [ 521947.2846, 6407091.96472 ], [ 521947.31777, 6407095.9606 ], [ 521946.34367, 6407098.96581 ], [ 521931.35065, 6407098.09124 ], [ 521918.35559, 6407097.20008 ], [ 521916.35763, 6407097.21667 ], [ 521909.36475, 6407097.27472 ], [ 521898.35936, 6407095.368 ], [ 521896.35311, 6407094.38562 ], [ 521881.3352, 6407090.51413 ], [ 521873.29359, 6407084.58665 ], [ 521844.48898, 6407104.80658 ], [ 521854.06864, 6407175.65889 ], [ 521933.95403, 6407170.99955 ], [ 521937.78409, 6407150.98695 ], [ 521992.70322, 6407147.53391 ], [ 522032.97765, 6407185.16308 ], [ 522110.7075, 6407161.53986 ], [ 522125.28585, 6407112.46587 ], [ 522125.26926, 6407110.46792 ], [ 522124.27028, 6407110.47622 ] ] ] ] } },
{ "type": "Feature", "properties": { "COMMUNE": "Beaumontois-en-Périgord (Labouquerie)", "COMMUNAUTE": "CC des Bastides Dordogne Périgord", "INSEE_COMM": 24219, "ID_CDECOMM": 21, "SURFACE_UR": 0.927, "COVISIBILI": "non", "SITUATION_": "clairiere", "SITUATION1": "plateau plaine" }, "geometry": { "type": "MultiPolygon", "coordinates": [ [ [ [ 526004.57788, 6407230.11175 ], [ 526009.5645, 6407229.07131 ], [ 526051.41388, 6407215.73636 ], [ 526049.23345, 6407193.77554 ], [ 526047.85293, 6407147.83107 ], [ 526045.71397, 6407130.86511 ], [ 525986.91509, 6407148.33694 ], [ 525981.92848, 6407149.37738 ], [ 525978.84859, 6407139.41253 ], [ 525932.0043, 6407152.78894 ], [ 525921.5961, 6407222.80828 ], [ 525947.50325, 6407214.60088 ], [ 525955.47852, 6407212.53659 ], [ 525966.45901, 6407211.44639 ], [ 525971.45392, 6407211.40493 ], [ 525977.4561, 6407212.35414 ], [ 525982.46759, 6407214.31062 ], [ 525986.47181, 6407215.27643 ], [ 525989.48534, 6407217.24949 ], [ 525996.51968, 6407222.18631 ], [ 526004.57788, 6407230.11175 ] ] ] ] } },
{ "type": "Feature", "properties": { "COMMUNE": "Beaumontois-en-Périgord (Nojals-et-Clotte)", "COMMUNAUTE": "CC des Bastides Dordogne Périgord", "INSEE_COMM": 24310, "ID_CDECOMM": 21, "SURFACE_UR": 1.97965, "COVISIBILI": "non", "SITUATION_": "non boise", "SITUATION1": "plateau plaine" }, "geometry": { "type": "MultiPolygon", "coordinates": [ [ [ [ 522578.53261, 6405509.24037 ], [ 522579.5233, 6405508.2331 ], [ 522594.52461, 6405510.10663 ], [ 522631.52011, 6405513.79561 ], [ 522682.01203, 6405458.42922 ], [ 522687.95616, 6405452.38563 ], [ 522756.06937, 6405473.79894 ], [ 522765.40401, 6405394.79734 ], [ 522694.37678, 6405383.39862 ], [ 522673.37329, 6405380.57589 ], [ 522673.38158, 6405381.57486 ], [ 522673.36499, 6405379.57692 ], [ 522673.34841, 6405377.57898 ], [ 522634.36324, 6405374.90556 ], [ 522617.38055, 6405375.04657 ], [ 522602.38753, 6405374.17202 ], [ 522581.39233, 6405372.34826 ], [ 522565.00677, 6405444.41513 ], [ 522568.41839, 6405494.33876 ], [ 522578.53261, 6405509.24037 ] ] ] ] } },
{ "type": "Feature", "properties": { "COMMUNE": "Beaumontois-en-Périgord (Nojals-et-Clotte)", "COMMUNAUTE": "CC des Bastides Dordogne Périgord", "INSEE_COMM": 24310, "ID_CDECOMM": 21, "SURFACE_UR": 1.3092, "COVISIBILI": null, "SITUATION_": null, "SITUATION1": null }, "geometry": { "type": "MultiPolygon", "coordinates": [ [ [ [ 523904.08544, 6407773.04917 ], [ 523914.10843, 6407776.96212 ], [ 523927.13667, 6407781.84915 ], [ 523967.20377, 6407794.50402 ], [ 523979.88367, 6407757.43421 ], [ 523985.76145, 6407743.39882 ], [ 523992.40599, 6407701.38391 ], [ 523993.3718, 6407697.37973 ], [ 524006.05169, 6407660.30992 ], [ 524018.77306, 6407628.23497 ], [ 524028.51407, 6407598.18285 ], [ 524032.21972, 6407563.18563 ], [ 524014.21316, 6407560.33802 ], [ 524008.21097, 6407559.38881 ], [ 523988.19816, 6407555.55882 ], [ 523970.7224, 6407616.64544 ], [ 523952.09007, 6407658.75988 ], [ 523937.37074, 6407690.85141 ], [ 523920.69491, 6407727.9544 ], [ 523924.69914, 6407728.9202 ], [ 523920.76956, 6407736.94515 ], [ 523914.89178, 6407750.98054 ], [ 523904.08544, 6407773.04917 ] ] ] ] } },
{ "type": "Feature", "properties": { "COMMUNE": "Naussannes", "COMMUNAUTE": "CC des Bastides Dordogne Périgord", "INSEE_COMM": 24307, "ID_CDECOMM": 21, "SURFACE_UR": 1.12025, "COVISIBILI": "non", "SITUATION_": "non boise", "SITUATION1": "plateau plaine" }, "geometry": { "type": "MultiPolygon", "coordinates": [ [ [ [ 518595.03591, 6406799.09893 ], [ 518613.6268, 6406751.98984 ], [ 518605.59348, 6406747.06132 ], [ 518552.35719, 6406712.53682 ], [ 518508.17808, 6406685.92945 ], [ 518496.4225, 6406714.00009 ], [ 518490.56129, 6406730.03334 ], [ 518476.50091, 6406721.15869 ], [ 518429.29997, 6406691.57929 ], [ 518420.25938, 6406685.66009 ], [ 518416.23857, 6406682.69635 ], [ 518413.31626, 6406691.71194 ], [ 518400.8934, 6406759.74964 ], [ 518409.90082, 6406761.67296 ], [ 518415.90301, 6406762.62218 ], [ 518417.90926, 6406763.60457 ], [ 518458.93387, 6406771.25639 ], [ 518470.94653, 6406774.15381 ], [ 518495.58937, 6406733.98776 ], [ 518526.73196, 6406754.7091 ], [ 518530.74447, 6406756.67387 ], [ 518573.94119, 6406785.28747 ], [ 518576.95472, 6406787.26053 ], [ 518584.98804, 6406792.18905 ], [ 518595.03591, 6406799.09893 ] ] ] ] } },
{ "type": "Feature", "properties": { "COMMUNE": "Naussannes", "COMMUNAUTE": "CC des Bastides Dordogne Périgord", "INSEE_COMM": 24307, "ID_CDECOMM": 21, "SURFACE_UR": 2.0082, "COVISIBILI": "non", "SITUATION_": "non boise", "SITUATION1": "plateau plaine" }, "geometry": { "type": "MultiPolygon", "coordinates": [ [ [ [ 520041.40632, 6409054.91415 ], [ 520056.47398, 6409064.7795 ], [ 520074.27322, 6409042.65289 ], [ 520079.21837, 6409036.6176 ], [ 520088.11799, 6409025.55429 ], [ 520106.90791, 6409002.42041 ], [ 520135.59644, 6408968.21493 ], [ 520153.40397, 6408947.08729 ], [ 520160.3305, 6408939.03748 ], [ 520128.11427, 6408909.33365 ], [ 520093.55625, 6408958.57345 ], [ 520045.38948, 6408932.99816 ], [ 520012.73819, 6408971.23268 ], [ 519986.58221, 6408949.47088 ], [ 519983.59355, 6408950.49472 ], [ 519930.77188, 6408965.91872 ], [ 519922.62246, 6408947.00459 ], [ 519885.75963, 6408959.29901 ], [ 519867.83599, 6408966.44105 ], [ 519848.91338, 6408973.59138 ], [ 519848.92167, 6408974.59035 ], [ 519861.13337, 6409001.46309 ], [ 519905.96318, 6408986.10542 ], [ 519927.29012, 6409027.88812 ], [ 519966.1758, 6409018.57403 ], [ 520040.40733, 6409054.92244 ], [ 520041.40632, 6409054.91415 ] ] ] ] } },
{ "type": "Feature", "properties": { "COMMUNE": "Naussannes", "COMMUNAUTE": "CC des Bastides Dordogne Périgord", "INSEE_COMM": 24307, "ID_CDECOMM": 21, "SURFACE_UR": 5.25855, "COVISIBILI": "non", "SITUATION_": "non boise", "SITUATION1": "plateau plaine" }, "geometry": { "type": "MultiPolygon", "coordinates": [ [ [ [ 519738.29236, 6409247.24749 ], [ 519771.95921, 6409211.00262 ], [ 519901.08503, 6409240.90123 ], [ 519903.97416, 6409227.88973 ], [ 519905.92237, 6409221.87932 ], [ 519911.68406, 6409193.85836 ], [ 519914.58978, 6409182.8448 ], [ 519917.58673, 6409182.81993 ], [ 519915.56389, 6409179.83959 ], [ 519823.47506, 6409158.62498 ], [ 519814.08616, 6409110.74896 ], [ 519873.83436, 6409087.27516 ], [ 519857.44428, 6409038.4582 ], [ 519757.86118, 6409077.24821 ], [ 519744.82465, 6409071.36216 ], [ 519689.08067, 6409095.80176 ], [ 519657.36585, 6409006.15134 ], [ 519653.37821, 6409007.18347 ], [ 519614.45936, 6409012.50167 ], [ 519587.52831, 6409017.72038 ], [ 519598.80736, 6409052.59318 ], [ 519612.12585, 6409092.44426 ], [ 519617.23687, 6409106.38841 ], [ 519622.27324, 6409111.34181 ], [ 519612.5488, 6409143.39181 ], [ 519534.77744, 6409162.01997 ], [ 519522.44135, 6409120.16265 ], [ 519491.4646, 6409119.42069 ], [ 519478.7515, 6409152.49453 ], [ 519449.72296, 6409145.74215 ], [ 519437.15083, 6409195.7985 ], [ 519475.27802, 6409215.46289 ], [ 519516.96162, 6409182.14863 ], [ 519530.85615, 6409171.04387 ], [ 519537.90708, 6409177.97864 ], [ 519613.36151, 6409241.29102 ], [ 519657.92594, 6409193.96628 ], [ 519670.87954, 6409189.86261 ], [ 519671.87853, 6409189.85432 ], [ 519685.98867, 6409204.72283 ], [ 519710.1467, 6409226.50122 ], [ 519717.19763, 6409233.43599 ], [ 519738.29236, 6409247.24749 ] ] ] ] } },
{ "type": "Feature", "properties": { "COMMUNE": "Naussannes", "COMMUNAUTE": "CC des Bastides Dordogne Périgord", "INSEE_COMM": 24307, "ID_CDECOMM": 21, "SURFACE_UR": 2.1692, "COVISIBILI": "non", "SITUATION_": "non boise", "SITUATION1": "plateau plaine" }, "geometry": { "type": "MultiPolygon", "coordinates": [ [ [ [ 518715.89468, 6407879.05569 ], [ 518735.82456, 6407872.89605 ], [ 518746.7719, 6407867.81 ], [ 518760.71619, 6407862.69908 ], [ 518821.47995, 6407841.21498 ], [ 518802.10124, 6407793.42193 ], [ 518806.08058, 6407791.39083 ], [ 518925.38624, 6407721.46699 ], [ 518894.9192, 6407661.7775 ], [ 518837.37629, 6407710.20894 ], [ 518808.58825, 6407732.42671 ], [ 518783.77126, 6407751.61441 ], [ 518780.79919, 6407754.6362 ], [ 518750.04636, 6407780.86643 ], [ 518735.16943, 6407793.97741 ], [ 518734.20362, 6407797.98158 ], [ 518732.23883, 6407801.99404 ], [ 518732.26371, 6407804.99095 ], [ 518724.28844, 6407807.05522 ], [ 518696.38328, 6407815.27912 ], [ 518693.38633, 6407815.30399 ], [ 518691.38007, 6407814.3216 ], [ 518677.28652, 6407801.45106 ], [ 518664.20024, 6407789.57119 ], [ 518619.7436, 6407849.88248 ], [ 518654.9153, 6407874.56656 ], [ 518678.02457, 6407890.3594 ], [ 518688.0061, 6407889.27752 ], [ 518715.89468, 6407879.05569 ] ] ] ] } },
{ "type": "Feature", "properties": { "COMMUNE": "Monsac", "COMMUNAUTE": "CC des Bastides Dordogne Périgord", "INSEE_COMM": 24281, "ID_CDECOMM": 21, "SURFACE_UR": 2.95275, "COVISIBILI": "non", "SITUATION_": "non boise", "SITUATION1": "plateau plaine" }, "geometry": { "type": "MultiPolygon", "coordinates": [ [ [ [ 519269.08122, 6410732.719 ], [ 519268.71633, 6410688.76421 ], [ 519268.69974, 6410686.76627 ], [ 519268.48413, 6410660.79298 ], [ 519268.36803, 6410646.80737 ], [ 519268.2768, 6410635.81867 ], [ 519256.28072, 6410634.91917 ], [ 519250.27853, 6410633.96994 ], [ 519237.28346, 6410633.07873 ], [ 519222.29043, 6410632.20411 ], [ 519208.29638, 6410631.32119 ], [ 519200.30452, 6410631.38751 ], [ 519184.3125, 6410630.52117 ], [ 519166.32252, 6410629.67141 ], [ 519151.32949, 6410628.79679 ], [ 519124.34037, 6410627.02266 ], [ 519100.35649, 6410626.22264 ], [ 519081.36753, 6410625.38117 ], [ 519074.36636, 6410624.44023 ], [ 519063.37755, 6410624.53141 ], [ 519051.38147, 6410623.63191 ], [ 519040.38436, 6410622.72413 ], [ 519029.39555, 6410622.81531 ], [ 519021.3954, 6410621.88266 ], [ 519010.40659, 6410621.97384 ], [ 518999.40949, 6410621.06606 ], [ 518992.40832, 6410620.12511 ], [ 518983.40089, 6410618.20177 ], [ 518967.40058, 6410616.33646 ], [ 518954.40551, 6410615.44525 ], [ 518945.39808, 6410613.52191 ], [ 518935.39996, 6410612.60584 ], [ 518923.39558, 6410610.70737 ], [ 518916.39441, 6410609.76642 ], [ 518911.39121, 6410608.80889 ], [ 518905.38902, 6410607.85966 ], [ 518898.37955, 6410605.91974 ], [ 518890.36281, 6410602.98914 ], [ 518883.35335, 6410601.04922 ], [ 518875.32002, 6410596.12068 ], [ 518866.29601, 6410592.19939 ], [ 518863.28247, 6410590.22632 ], [ 518867.72622, 6410644.13766 ], [ 518857.31791, 6410714.15691 ], [ 518927.3628, 6410727.56226 ], [ 518928.89636, 6410671.60323 ], [ 519024.85675, 6410677.80024 ], [ 519069.82755, 6410679.42516 ], [ 519205.78871, 6410690.28543 ], [ 519208.12669, 6410731.22673 ], [ 519269.08122, 6410732.719 ] ] ] ] } },
{ "type": "Feature", "properties": { "COMMUNE": "Beaumontois-en-Périgord (Nojals-et-Clotte)", "COMMUNAUTE": "CC des Bastides Dordogne Périgord", "INSEE_COMM": 24310, "ID_CDECOMM": 21, "SURFACE_UR": 2.50515, "COVISIBILI": "non", "SITUATION_": "non boise", "SITUATION1": "plateau plaine" }, "geometry": { "type": "MultiPolygon", "coordinates": [ [ [ [ 522493.1208, 6405209.23879 ], [ 522498.1323, 6405211.19526 ], [ 522503.11891, 6405210.15481 ], [ 522530.02507, 6405201.9391 ], [ 522560.91886, 6405192.69123 ], [ 522617.35115, 6405251.16597 ], [ 522623.30357, 6405246.12135 ], [ 522641.15254, 6405229.98853 ], [ 522780.66994, 6405187.86949 ], [ 522746.35624, 6405146.19476 ], [ 522741.30328, 6405139.24345 ], [ 522736.32496, 6405141.28286 ], [ 522721.21583, 6405126.42273 ], [ 522706.1067, 6405111.5626 ], [ 522701.07033, 6405106.60923 ], [ 522678.91027, 6405084.81437 ], [ 522656.75852, 6405064.01848 ], [ 522650.70657, 6405057.07546 ], [ 522563.45966, 6405137.723 ], [ 522490.09898, 6405206.26676 ], [ 522493.1208, 6405209.23879 ] ] ] ] } },
{ "type": "Feature", "properties": { "COMMUNE": "Beaumontois-en-Périgord (Beaumont-du-Périgord)", "COMMUNAUTE": "CC des Bastides Dordogne Périgord", "INSEE_COMM": 24028, "ID_CDECOMM": 21, "SURFACE_UR": 3.3457, "COVISIBILI": "oui", "SITUATION_": "non boise", "SITUATION1": "pente" }, "geometry": { "type": "MultiPolygon", "coordinates": [ [ [ [ 522500.84736, 6409148.39064 ], [ 522505.78422, 6409141.35636 ], [ 522529.32024, 6409088.21178 ], [ 522535.32243, 6409089.16099 ], [ 522551.94021, 6409045.06521 ], [ 522536.84766, 6409032.20295 ], [ 522522.83703, 6409029.32214 ], [ 522499.76921, 6409018.52417 ], [ 522439.50682, 6408980.0618 ], [ 522394.41163, 6408963.45244 ], [ 522394.3204, 6408952.46374 ], [ 522391.07465, 6408922.51944 ], [ 522390.0259, 6408916.53389 ], [ 522390.00932, 6408914.53595 ], [ 522382.00917, 6408913.60332 ], [ 522377.00596, 6408912.64581 ], [ 522367.04102, 6408915.72565 ], [ 522362.80458, 6408886.78862 ], [ 522344.55751, 6408854.97076 ], [ 522380.45452, 6408846.68044 ], [ 522377.24194, 6408820.73203 ], [ 522284.55222, 6408847.47655 ], [ 522316.23391, 6408933.13112 ], [ 522364.25593, 6409061.60884 ], [ 522412.73787, 6409125.14505 ], [ 522500.84736, 6409148.39064 ] ] ] ] } },
{ "type": "Feature", "properties": { "COMMUNE": "Beaumontois-en-Périgord (Nojals-et-Clotte)", "COMMUNAUTE": "CC des Bastides Dordogne Périgord", "INSEE_COMM": 24310, "ID_CDECOMM": 21, "SURFACE_UR": 1.0197, "COVISIBILI": "non", "SITUATION_": "clairiere", "SITUATION1": "pente" }, "geometry": { "type": "MultiPolygon", "coordinates": [ [ [ [ 523785.79916, 6407725.07825 ], [ 523827.32513, 6407672.78332 ], [ 523835.19258, 6407657.73238 ], [ 523838.20612, 6407659.70544 ], [ 523846.23944, 6407664.63395 ], [ 523855.24687, 6407666.55725 ], [ 523861.25735, 6407668.50542 ], [ 523875.12699, 6407654.40369 ], [ 523883.00273, 6407640.35172 ], [ 523930.89581, 6407632.96078 ], [ 523923.48825, 6407583.07022 ], [ 523884.57772, 6407589.38754 ], [ 523880.32468, 6407558.45257 ], [ 523879.33399, 6407559.45984 ], [ 523811.63544, 6407587.99509 ], [ 523813.71634, 6407597.96822 ], [ 523813.80757, 6407608.95692 ], [ 523811.92572, 6407622.95912 ], [ 523808.03761, 6407635.97894 ], [ 523791.32031, 6407668.08706 ], [ 523789.41358, 6407679.09234 ], [ 523786.57421, 6407698.0977 ], [ 523785.77428, 6407722.08134 ], [ 523785.79916, 6407725.07825 ] ] ] ] } },
{ "type": "Feature", "properties": { "COMMUNE": "Beaumontois-en-Périgord (Labouquerie)", "COMMUNAUTE": "CC des Bastides Dordogne Périgord", "INSEE_COMM": 24219, "ID_CDECOMM": 21, "SURFACE_UR": 1.1585, "COVISIBILI": "oui", "SITUATION_": "non boise", "SITUATION1": "pente" }, "geometry": { "type": "MultiPolygon", "coordinates": [ [ [ [ 523453.75506, 6408764.84022 ], [ 523448.62745, 6408748.89812 ], [ 523440.37849, 6408717.99631 ], [ 523434.15238, 6408690.07482 ], [ 523434.03626, 6408676.0892 ], [ 523434.91914, 6408662.09529 ], [ 523436.83416, 6408652.08897 ], [ 523439.715, 6408638.07847 ], [ 523455.34209, 6408594.98993 ], [ 523465.29044, 6408589.91213 ], [ 523432.21621, 6408577.19917 ], [ 523425.2648, 6408582.25209 ], [ 523411.37858, 6408594.35588 ], [ 523404.46034, 6408603.40469 ], [ 523398.5245, 6408610.44727 ], [ 523392.61355, 6408620.48676 ], [ 523374.93873, 6408657.59804 ], [ 523364.13239, 6408679.66667 ], [ 523363.17487, 6408684.66983 ], [ 523362.30029, 6408699.66272 ], [ 523360.54285, 6408728.64952 ], [ 523358.76052, 6408754.63941 ], [ 523408.72622, 6408756.22268 ], [ 523415.72739, 6408757.16359 ], [ 523435.73191, 6408759.99464 ], [ 523453.75506, 6408764.84022 ] ] ] ] } },
{ "type": "Feature", "properties": { "COMMUNE": "Naussannes", "COMMUNAUTE": "CC des Bastides Dordogne Périgord", "INSEE_COMM": 24307, "ID_CDECOMM": 21, "SURFACE_UR": 1.26825, "COVISIBILI": "non", "SITUATION_": "non boise", "SITUATION1": "plateau plaine" }, "geometry": { "type": "MultiPolygon", "coordinates": [ [ [ [ 520010.35428, 6408804.41273 ], [ 519997.39238, 6408807.51742 ], [ 519990.37463, 6408804.57855 ], [ 519975.34014, 6408798.70909 ], [ 519972.11928, 6408771.76173 ], [ 519966.86728, 6408740.83507 ], [ 519966.83411, 6408736.83919 ], [ 519962.65573, 6408714.89498 ], [ 519960.53337, 6408699.92699 ], [ 519959.49293, 6408694.94042 ], [ 519956.31353, 6408672.98793 ], [ 519955.26479, 6408667.00239 ], [ 519953.15073, 6408653.03337 ], [ 519919.21021, 6408656.31219 ], [ 519926.93287, 6408744.16363 ], [ 519887.01504, 6408749.49013 ], [ 519892.21728, 6408774.42296 ], [ 519900.52427, 6408812.31755 ], [ 519903.62903, 6408825.2793 ], [ 519907.79911, 6408846.22454 ], [ 519898.8912, 6408856.28887 ], [ 519914.11643, 6408885.13468 ], [ 519954.01767, 6408877.81024 ], [ 519958.97112, 6408872.77392 ], [ 519944.7034, 6408838.92497 ], [ 520010.35428, 6408804.41273 ] ] ] ] } },
{ "type": "Feature", "properties": { "COMMUNE": "Beaumontois-en-Périgord (Labouquerie)", "COMMUNAUTE": "CC des Bastides Dordogne Périgord", "INSEE_COMM": 24219, "ID_CDECOMM": 21, "SURFACE_UR": 1.496, "COVISIBILI": "non", "SITUATION_": "clairiere", "SITUATION1": "plateau plaine" }, "geometry": { "type": "MultiPolygon", "coordinates": [ [ [ [ 526012.67018, 6408565.76425 ], [ 526040.48407, 6408546.55155 ], [ 526053.59524, 6408561.42836 ], [ 526092.30669, 6408531.13573 ], [ 526102.38774, 6408542.04152 ], [ 526151.93869, 6408493.67614 ], [ 526122.70282, 6408461.94946 ], [ 526105.57084, 6408444.1089 ], [ 526109.47553, 6408433.08702 ], [ 526111.44861, 6408430.07351 ], [ 526111.44032, 6408429.07454 ], [ 526109.44235, 6408429.09112 ], [ 526086.44919, 6408427.2839 ], [ 526069.44992, 6408425.42693 ], [ 526048.44643, 6408422.60415 ], [ 526043.45152, 6408422.64561 ], [ 526035.47626, 6408424.7099 ], [ 526029.49067, 6408425.75863 ], [ 526024.52893, 6408429.79599 ], [ 526021.56517, 6408433.81676 ], [ 526016.64491, 6408442.84899 ], [ 526009.77645, 6408457.89164 ], [ 526004.88937, 6408470.91977 ], [ 526001.98366, 6408481.93336 ], [ 525998.11214, 6408496.95114 ], [ 525996.16395, 6408502.96157 ], [ 525994.22404, 6408509.97097 ], [ 525993.36606, 6408526.96182 ], [ 525993.43241, 6408534.95361 ], [ 525995.46355, 6408538.93292 ], [ 525997.49469, 6408542.91223 ], [ 526010.65563, 6408563.78289 ], [ 526012.67018, 6408565.76425 ] ] ] ] } },
{ "type": "Feature", "properties": { "COMMUNE": "Beaumontois-en-Périgord (Labouquerie)", "COMMUNAUTE": "CC des Bastides Dordogne Périgord", "INSEE_COMM": 24219, "ID_CDECOMM": 21, "SURFACE_UR": 3.4969, "COVISIBILI": "non", "SITUATION_": "clairiere", "SITUATION1": "plateau plaine" }, "geometry": { "type": "MultiPolygon", "coordinates": [ [ [ [ 525452.3695, 6407382.55526 ], [ 525455.31668, 6407376.53653 ], [ 525458.28045, 6407372.51575 ], [ 525465.21526, 6407365.46487 ], [ 525524.7229, 6407313.02053 ], [ 525552.51192, 6407290.81085 ], [ 525558.46435, 6407285.76621 ], [ 525563.44267, 6407283.72678 ], [ 525570.41066, 6407280.67179 ], [ 525581.37458, 6407277.58362 ], [ 525599.33137, 6407274.43737 ], [ 525627.28628, 6407272.20714 ], [ 525639.25748, 6407270.10965 ], [ 525645.23478, 6407268.06193 ], [ 525652.21107, 6407266.00591 ], [ 525659.17906, 6407262.95092 ], [ 525677.06121, 6407250.81392 ], [ 525682.02294, 6407246.77654 ], [ 525698.86464, 6407229.65297 ], [ 525726.56243, 6407196.45458 ], [ 525740.44035, 6407183.35179 ], [ 525754.31828, 6407170.24899 ], [ 525771.15997, 6407153.12542 ], [ 525780.06787, 6407143.06103 ], [ 525782.00778, 6407136.05162 ], [ 525781.9746, 6407132.05573 ], [ 525779.93517, 6407127.07746 ], [ 525775.86459, 6407118.11989 ], [ 525765.75866, 6407104.21723 ], [ 525763.72752, 6407100.23793 ], [ 525727.04718, 6407134.50996 ], [ 525677.2059, 6407147.91141 ], [ 525652.28112, 6407154.11264 ], [ 525616.40071, 6407164.40102 ], [ 525620.50446, 6407177.35449 ], [ 525606.51042, 6407176.47166 ], [ 525583.54212, 6407177.66144 ], [ 525546.60467, 6407180.9653 ], [ 525498.65354, 6407181.3635 ], [ 525509.8331, 6407204.24863 ], [ 525522.01994, 6407228.12442 ], [ 525488.18726, 6407244.39005 ], [ 525494.28068, 6407256.32795 ], [ 525472.33625, 6407260.50635 ], [ 525463.35371, 6407261.57998 ], [ 525423.44419, 6407267.90565 ], [ 525419.37362, 6407258.94808 ], [ 525385.47458, 6407267.22191 ], [ 525397.65313, 6407290.09874 ], [ 525419.87126, 6407318.88645 ], [ 525423.85889, 6407317.85429 ], [ 525434.03118, 6407339.74874 ], [ 525452.3695, 6407382.55526 ] ] ] ] } },
{ "type": "Feature", "properties": { "COMMUNE": "Beaumontois-en-Périgord (Labouquerie)", "COMMUNAUTE": "CC des Bastides Dordogne Périgord", "INSEE_COMM": 24219, "ID_CDECOMM": 21, "SURFACE_UR": 20.8025, "COVISIBILI": "non", "SITUATION_": "boise", "SITUATION1": "pente" }, "geometry": { "type": "MultiPolygon", "coordinates": [ [ [ [ 523785.83233, 6407729.07414 ], [ 523785.85721, 6407732.07106 ], [ 523787.02207, 6407752.04222 ], [ 523788.11228, 6407763.02262 ], [ 523809.34801, 6407793.81659 ], [ 523832.59829, 6407826.59191 ], [ 523800.78015, 6407844.83883 ], [ 523787.44505, 6407802.98981 ], [ 523784.38175, 6407795.02292 ], [ 523779.41172, 6407798.06131 ], [ 523761.51298, 6407808.20033 ], [ 523742.61526, 6407818.34764 ], [ 523754.28414, 6407900.17216 ], [ 523753.5008, 6407926.15374 ], [ 523752.80039, 6407962.12505 ], [ 523752.85844, 6407969.11785 ], [ 523777.30676, 6408025.86023 ], [ 523803.32176, 6408030.63945 ], [ 523819.38012, 6408039.49749 ], [ 523886.61879, 6408075.90377 ], [ 523866.92113, 6408110.03473 ], [ 523922.96366, 6408121.55793 ], [ 523933.99393, 6408126.46155 ], [ 523923.15442, 6408144.5343 ], [ 523906.40394, 6408172.64654 ], [ 523890.63586, 6408198.75254 ], [ 523887.68868, 6408204.77126 ], [ 523880.8285, 6408220.81289 ], [ 523873.98492, 6408238.85246 ], [ 523869.11441, 6408253.87852 ], [ 523859.43975, 6408291.92243 ], [ 523847.85836, 6408340.97164 ], [ 523838.26663, 6408389.00528 ], [ 523833.44589, 6408410.02518 ], [ 523829.60754, 6408429.03884 ], [ 523819.97435, 6408472.07762 ], [ 523821.99719, 6408475.05795 ], [ 523943.57072, 6408557.96811 ], [ 523972.22604, 6408519.76661 ], [ 523984.28847, 6408528.65784 ], [ 523992.33009, 6408534.58532 ], [ 524016.46324, 6408553.36675 ], [ 524053.71587, 6408588.02393 ], [ 524067.34499, 6408544.95197 ], [ 524068.34397, 6408544.94367 ], [ 524066.32942, 6408542.96231 ], [ 524077.23529, 6408532.88135 ], [ 524054.95081, 6408496.10181 ], [ 524086.66943, 6408465.8672 ], [ 524133.24837, 6408420.52358 ], [ 524099.87556, 6408371.84761 ], [ 524093.82362, 6408364.90457 ], [ 524094.78113, 6408359.90141 ], [ 524097.68684, 6408348.88782 ], [ 524101.62472, 6408341.86183 ], [ 524106.56157, 6408334.82755 ], [ 524113.51298, 6408329.77462 ], [ 524047.3894, 6408307.34567 ], [ 524035.66701, 6408339.41233 ], [ 523915.15509, 6408384.37074 ], [ 523898.08116, 6408373.52304 ], [ 523900.92052, 6408354.51767 ], [ 523900.90394, 6408352.51972 ], [ 523902.82726, 6408343.51238 ], [ 523911.42, 6408295.48703 ], [ 523923.03457, 6408250.43372 ], [ 523938.51237, 6408189.36367 ], [ 523972.6934, 6408215.05496 ], [ 524018.25677, 6408167.72169 ], [ 524027.17297, 6408158.65629 ], [ 524045.03024, 6408143.5224 ], [ 524102.64775, 6408104.08138 ], [ 524129.91055, 6408138.82149 ], [ 524143.84654, 6408132.71153 ], [ 524202.54596, 6408103.25194 ], [ 524218.46333, 6408095.12745 ], [ 524240.3497, 6408083.95626 ], [ 524249.29907, 6408078.88675 ], [ 524307.00781, 6408050.43442 ], [ 524321.87643, 6408036.32438 ], [ 524331.78332, 6408026.25171 ], [ 524344.67056, 6408014.1562 ], [ 524347.63433, 6408010.13543 ], [ 524372.37666, 6407981.95682 ], [ 524381.34261, 6407978.88525 ], [ 524436.12905, 6407959.44856 ], [ 524455.05165, 6407952.29815 ], [ 524474.97324, 6407945.13944 ], [ 524469.92027, 6407938.18811 ], [ 524458.83194, 6407926.29167 ], [ 524468.772, 6407920.21489 ], [ 524436.55576, 6407890.51113 ], [ 524411.8549, 6407923.68461 ], [ 524406.90975, 6407929.71992 ], [ 524366.32471, 6407975.01378 ], [ 524362.32878, 6407975.04696 ], [ 524352.33066, 6407974.13093 ], [ 524317.29994, 6407966.42946 ], [ 524353.98029, 6407932.15748 ], [ 524231.76442, 6407892.21154 ], [ 524225.83688, 6407900.25309 ], [ 524210.99314, 6407917.36004 ], [ 524200.08728, 6407927.44101 ], [ 524186.19276, 6407938.54584 ], [ 524175.25372, 6407944.63091 ], [ 524141.4542, 6407964.89238 ], [ 524101.68567, 6407988.20053 ], [ 524079.80759, 6408000.37069 ], [ 524040.03077, 6408022.67986 ], [ 524006.69114, 6407977.9998 ], [ 523988.527, 6407956.1717 ], [ 523969.37217, 6407935.35087 ], [ 523977.19815, 6407915.30506 ], [ 524024.29504, 6407812.01274 ], [ 524010.25123, 6407805.13606 ], [ 524012.20773, 6407800.1246 ], [ 524025.96125, 6407772.03725 ], [ 524040.7884, 6407752.93235 ], [ 524044.73457, 6407746.90534 ], [ 524054.59169, 6407730.83883 ], [ 524113.85053, 6407648.42541 ], [ 524115.81532, 6407644.41293 ], [ 524128.62792, 6407623.32667 ], [ 524133.56477, 6407616.29239 ], [ 524149.33284, 6407590.18639 ], [ 524150.25718, 6407581.18735 ], [ 524110.23155, 6407573.52735 ], [ 524080.20403, 6407566.78338 ], [ 524065.21101, 6407565.90883 ], [ 524050.20969, 6407564.0353 ], [ 524041.21056, 6407563.11098 ], [ 524038.42095, 6407588.11018 ], [ 524037.52979, 6407601.10511 ], [ 524033.6168, 6407611.12802 ], [ 524017.99801, 6407655.21552 ], [ 524011.13784, 6407671.25714 ], [ 524000.40614, 6407702.31653 ], [ 524001.40512, 6407702.30824 ], [ 523990.831, 6407752.3481 ], [ 523987.917, 6407762.36271 ], [ 523979.12521, 6407786.41271 ], [ 523977.177, 6407792.42313 ], [ 523976.2112, 6407796.42731 ], [ 523971.20799, 6407795.46981 ], [ 523967.20377, 6407794.50402 ], [ 523927.13667, 6407781.84915 ], [ 523914.10843, 6407776.96212 ], [ 523904.08544, 6407773.04917 ], [ 523902.08747, 6407773.06576 ], [ 523898.18277, 6407784.08764 ], [ 523898.19107, 6407785.08661 ], [ 523896.20969, 6407787.10114 ], [ 523890.29044, 6407796.14166 ], [ 523885.34529, 6407802.17697 ], [ 523878.41048, 6407809.22784 ], [ 523870.47667, 6407816.287 ], [ 523861.56048, 6407825.3524 ], [ 523860.5532, 6407824.36172 ], [ 523860.54491, 6407823.36275 ], [ 523795.86362, 6407733.98606 ], [ 523790.80236, 6407726.03576 ], [ 523789.78679, 6407724.0461 ], [ 523785.83233, 6407729.07414 ] ] ] ] } },
{ "type": "Feature", "properties": { "COMMUNE": "Beaumontois-en-Périgord (Beaumont-du-Périgord)", "COMMUNAUTE": "CC des Bastides Dordogne Périgord", "INSEE_COMM": 24028, "ID_CDECOMM": 21, "SURFACE_UR": 31.1394, "COVISIBILI": "oui", "SITUATION_": "non boise", "SITUATION1": "plateau plaine" }, "geometry": { "type": "MultiPolygon", "coordinates": [ [ [ [ 523706.5158, 6409246.27819 ], [ 523709.52104, 6409247.25228 ], [ 523760.62672, 6409265.8098 ], [ 523794.86955, 6409178.60883 ], [ 523800.72245, 6409161.57652 ], [ 523816.38271, 6409122.48385 ], [ 523869.51124, 6409144.0217 ], [ 523875.27291, 6409116.00068 ], [ 523941.25551, 6409121.44713 ], [ 523937.3674, 6409134.46696 ], [ 523926.69375, 6409172.51919 ], [ 524017.63432, 6409175.76035 ], [ 524025.12026, 6409114.75661 ], [ 524063.09818, 6409116.43939 ], [ 524151.03351, 6409118.70644 ], [ 524150.13405, 6409130.70242 ], [ 524139.18298, 6409255.67366 ], [ 524139.22445, 6409260.66853 ], [ 524152.22781, 6409262.55865 ], [ 524191.22959, 6409267.23006 ], [ 524229.23239, 6409271.90976 ], [ 524281.138, 6409266.4836 ], [ 524282.48533, 6409308.43221 ], [ 524282.62632, 6409325.41476 ], [ 524275.00768, 6409370.43494 ], [ 524274.03358, 6409373.44016 ], [ 524269.44507, 6409422.43135 ], [ 524267.5798, 6409438.43152 ], [ 524319.54347, 6409439.99818 ], [ 524440.42864, 6409439.99358 ], [ 524438.33115, 6409428.02248 ], [ 524438.14039, 6409405.04608 ], [ 524438.89885, 6409376.06754 ], [ 524440.54018, 6409333.09508 ], [ 524485.50268, 6409333.72082 ], [ 524487.81124, 6409250.7811 ], [ 524513.79307, 6409251.56443 ], [ 524514.78376, 6409250.55716 ], [ 524535.26476, 6409190.44455 ], [ 524536.23886, 6409187.43933 ], [ 524501.19984, 6409178.73886 ], [ 524489.18717, 6409175.84147 ], [ 524474.1029, 6409163.9782 ], [ 524465.02913, 6409154.06311 ], [ 524459.98445, 6409148.11074 ], [ 524442.87734, 6409133.26713 ], [ 524425.80341, 6409122.41942 ], [ 524393.67839, 6409103.70433 ], [ 524358.58131, 6409088.01105 ], [ 524316.44159, 6409066.38198 ], [ 524277.29882, 6409044.72803 ], [ 524245.1655, 6409025.01396 ], [ 524246.13961, 6409022.00875 ], [ 524245.14062, 6409022.01704 ], [ 524244.12505, 6409020.02739 ], [ 524229.02421, 6409006.16617 ], [ 524221.99815, 6409002.22834 ], [ 524217.98564, 6409000.26356 ], [ 524196.89919, 6408987.45108 ], [ 524184.82017, 6408976.5619 ], [ 524174.8967, 6408984.63663 ], [ 523896.75207, 6408815.11063 ], [ 523866.28125, 6408875.30614 ], [ 523785.22269, 6408858.9954 ], [ 523774.84762, 6408933.01065 ], [ 523843.94327, 6408952.41785 ], [ 523829.55568, 6409024.46834 ], [ 523738.41233, 6409117.13692 ], [ 523687.32324, 6409100.57734 ], [ 523748.47142, 6408764.39152 ], [ 523636.34489, 6408736.3502 ], [ 523590.06451, 6408817.65683 ], [ 523525.66146, 6408882.1302 ], [ 523458.8412, 6408775.78746 ], [ 523421.17845, 6408812.06564 ], [ 523412.25396, 6408820.13207 ], [ 523396.36147, 6408831.25347 ], [ 523396.39464, 6408835.24936 ], [ 523397.41851, 6408838.23799 ], [ 523401.77936, 6408882.15963 ], [ 523401.95352, 6408903.13807 ], [ 523399.32979, 6408948.11674 ], [ 523396.86364, 6409012.0759 ], [ 523472.57895, 6408986.47127 ], [ 523473.56964, 6408985.464 ], [ 523540.36876, 6408968.92476 ], [ 523549.47571, 6408982.83574 ], [ 523585.4059, 6408978.54128 ], [ 523552.76293, 6409017.77493 ], [ 523547.84267, 6409026.80715 ], [ 523509.42974, 6409093.06284 ], [ 523439.77466, 6409126.6095 ], [ 523440.37181, 6409198.53558 ], [ 523473.32993, 6409197.26293 ], [ 523522.25519, 6409193.85963 ], [ 523523.24587, 6409192.85236 ], [ 523658.34072, 6409219.70399 ], [ 523657.35003, 6409220.71126 ], [ 523703.51056, 6409245.30409 ], [ 523706.5158, 6409246.27819 ] ] ] ] } },
{ "type": "Feature", "properties": { "COMMUNE": "Beaumontois-en-Périgord (Beaumont-du-Périgord)", "COMMUNAUTE": "CC des Bastides Dordogne Périgord", "INSEE_COMM": 24028, "ID_CDECOMM": 21, "SURFACE_UR": 21.3785, "COVISIBILI": "non", "SITUATION_": "non boise", "SITUATION1": "pente" }, "geometry": { "type": "MultiPolygon", "coordinates": [ [ [ [ 523360.0281, 6409749.67493 ], [ 523397.93138, 6409742.36697 ], [ 523432.11242, 6409768.05832 ], [ 523407.54424, 6409817.21537 ], [ 523515.8905, 6409871.26327 ], [ 523516.08126, 6409894.23967 ], [ 523611.53572, 6409839.49893 ], [ 523619.13403, 6409912.36598 ], [ 523554.84708, 6409990.825 ], [ 523489.92151, 6409992.36303 ], [ 523489.9298, 6409993.362 ], [ 523452.04766, 6410123.55205 ], [ 523452.08913, 6410128.54692 ], [ 523493.03083, 6410126.20896 ], [ 523502.83445, 6410224.03378 ], [ 523605.69648, 6410219.1837 ], [ 523634.79967, 6410234.92679 ], [ 523645.71383, 6410225.8448 ], [ 523663.95262, 6410256.66373 ], [ 523678.14572, 6410281.52198 ], [ 523679.18617, 6410286.50856 ], [ 523710.07999, 6410277.2607 ], [ 523727.02122, 6410272.12485 ], [ 523735.00479, 6410271.05953 ], [ 523759.93789, 6410265.85733 ], [ 523766.0396, 6410278.79424 ], [ 523775.17144, 6410295.70216 ], [ 523777.42651, 6410326.65378 ], [ 523806.38871, 6410325.4143 ], [ 523824.37039, 6410325.26503 ], [ 523834.39339, 6410329.17799 ], [ 523839.42148, 6410333.13242 ], [ 523859.45919, 6410339.95938 ], [ 523916.55878, 6410358.46718 ], [ 523922.43656, 6410344.43178 ], [ 523928.25629, 6410323.40356 ], [ 523920.89019, 6410278.50777 ], [ 523920.48379, 6410229.55802 ], [ 523913.5075, 6410231.61402 ], [ 523894.56831, 6410236.76647 ], [ 523895.26871, 6410200.7951 ], [ 523911.21926, 6410196.66651 ], [ 523945.11002, 6410187.39377 ], [ 523940.60817, 6410126.48951 ], [ 523925.59855, 6410123.61699 ], [ 523906.593, 6410120.77764 ], [ 523890.61758, 6410121.90931 ], [ 523878.68784, 6410129.00165 ], [ 523869.73847, 6410134.07116 ], [ 523852.83041, 6410143.20291 ], [ 523838.88612, 6410148.31389 ], [ 523811.97994, 6410156.5296 ], [ 523794.03143, 6410160.67477 ], [ 523793.01586, 6410158.68512 ], [ 523724.26853, 6410181.23478 ], [ 523680.42486, 6410074.70115 ], [ 523656.21705, 6410046.92891 ], [ 523659.96417, 6410016.92652 ], [ 523660.95486, 6410015.91925 ], [ 523663.74446, 6409990.92002 ], [ 523664.66051, 6409980.92199 ], [ 523665.54338, 6409966.92806 ], [ 523668.26664, 6409933.93704 ], [ 523669.24074, 6409930.93182 ], [ 523671.06454, 6409909.93678 ], [ 523672.01376, 6409903.93464 ], [ 523671.98887, 6409900.93772 ], [ 523672.97956, 6409899.93046 ], [ 523668.72653, 6409868.99544 ], [ 523624.55566, 6409843.38702 ], [ 523623.41569, 6409826.41275 ], [ 523710.12811, 6409801.71586 ], [ 523671.4784, 6409719.11618 ], [ 523675.32505, 6409701.10148 ], [ 523609.16828, 6409674.67654 ], [ 523668.39396, 6409588.2672 ], [ 523669.39295, 6409588.25891 ], [ 523676.83742, 6409522.26029 ], [ 523662.82679, 6409519.37948 ], [ 523667.67241, 6409501.35649 ], [ 523658.6484, 6409497.43523 ], [ 523659.6225, 6409494.43002 ], [ 523663.56037, 6409487.40403 ], [ 523681.26007, 6409453.28964 ], [ 523684.22384, 6409449.26887 ], [ 523702.91423, 6409414.14721 ], [ 523717.68333, 6409388.0495 ], [ 523691.61856, 6409377.27642 ], [ 523698.47044, 6409360.23581 ], [ 523714.08094, 6409315.1493 ], [ 523693.02767, 6409306.33271 ], [ 523700.7873, 6409278.2951 ], [ 523703.54373, 6409249.29999 ], [ 523703.51056, 6409245.30409 ], [ 523657.35003, 6409220.71126 ], [ 523615.53457, 6409478.81135 ], [ 523586.19542, 6409554.98215 ], [ 523516.16338, 6409663.46013 ], [ 523477.36439, 6409562.87894 ], [ 523479.77249, 6409491.92693 ], [ 523480.7383, 6409487.92274 ], [ 523478.71545, 6409484.94241 ], [ 523444.36025, 6409438.27262 ], [ 523442.29593, 6409430.29742 ], [ 523444.24414, 6409424.28699 ], [ 523368.57028, 6409454.88649 ], [ 523367.5713, 6409454.89478 ], [ 523298.15674, 6409517.41166 ], [ 523307.28857, 6409534.31957 ], [ 523326.56781, 6409570.12505 ], [ 523341.80965, 6409600.96884 ], [ 523346.99531, 6409623.90376 ], [ 523350.05861, 6409631.87067 ], [ 523348.07723, 6409633.88521 ], [ 523358.57297, 6409694.73967 ], [ 523360.0281, 6409749.67493 ] ] ] ] } },
{ "type": "Feature", "properties": { "COMMUNE": "Beaumontois-en-Périgord (Beaumont-du-Périgord)", "COMMUNAUTE": "CC des Bastides Dordogne Périgord", "INSEE_COMM": 24028, "ID_CDECOMM": 21, "SURFACE_UR": 5.13855, "COVISIBILI": "non", "SITUATION_": "non boise", "SITUATION1": "pente" }, "geometry": { "type": "MultiPolygon", "coordinates": [ [ [ [ 522719.6548, 6410834.95598 ], [ 522726.57304, 6410825.90716 ], [ 522746.27071, 6410791.7762 ], [ 522759.05015, 6410766.69404 ], [ 522769.08144, 6410771.60599 ], [ 522789.15233, 6410782.42887 ], [ 522797.19395, 6410788.35637 ], [ 522811.19629, 6410790.23823 ], [ 522837.32742, 6410809.00314 ], [ 522835.4041, 6410818.0105 ], [ 522825.67137, 6410849.06162 ], [ 522867.60376, 6410845.71642 ], [ 522911.47606, 6410835.36182 ], [ 522958.32043, 6410821.98542 ], [ 522975.29484, 6410820.84547 ], [ 522993.24336, 6410816.70032 ], [ 523001.21034, 6410813.63705 ], [ 523007.17106, 6410809.5914 ], [ 523016.11214, 6410803.52293 ], [ 523036.91661, 6410782.37032 ], [ 523042.74464, 6410762.34108 ], [ 523032.7714, 6410764.42196 ], [ 523019.83438, 6410770.5236 ], [ 523019.41141, 6410719.57592 ], [ 523017.30563, 6410706.60584 ], [ 523027.21252, 6410696.53317 ], [ 523030.18459, 6410693.51137 ], [ 523033.14836, 6410689.49059 ], [ 523047.00971, 6410674.38989 ], [ 523053.95283, 6410668.33799 ], [ 523065.86598, 6410659.24772 ], [ 523079.79368, 6410652.1388 ], [ 523083.76473, 6410649.10871 ], [ 523090.68297, 6410640.05989 ], [ 523081.66724, 6410637.1376 ], [ 523076.67233, 6410637.17907 ], [ 523057.72483, 6410641.33252 ], [ 523040.7753, 6410645.46939 ], [ 522993.88947, 6410653.85093 ], [ 522985.91419, 6410655.91521 ], [ 522955.97789, 6410660.15988 ], [ 522929.99605, 6410659.37651 ], [ 522917.00098, 6410658.48534 ], [ 522887.01491, 6410656.73616 ], [ 522874.02814, 6410656.84396 ], [ 522851.1013, 6410663.02853 ], [ 522839.1301, 6410665.12598 ], [ 522829.15686, 6410667.20685 ], [ 522803.29942, 6410681.40809 ], [ 522748.58759, 6410709.83544 ], [ 522742.62687, 6410713.88109 ], [ 522733.6692, 6410717.95162 ], [ 522708.76928, 6410727.14969 ], [ 522685.85902, 6410735.3322 ], [ 522679.89001, 6410738.37888 ], [ 522673.92099, 6410741.42555 ], [ 522654.1155, 6410762.56985 ], [ 522633.34421, 6410787.71834 ], [ 522631.36283, 6410789.73287 ], [ 522719.6548, 6410834.95598 ] ] ] ] } },
{ "type": "Feature", "properties": { "COMMUNE": "Naussannes", "COMMUNAUTE": "CC des Bastides Dordogne Périgord", "INSEE_COMM": 24307, "ID_CDECOMM": 21, "SURFACE_UR": 2.9269, "COVISIBILI": "non", "SITUATION_": "non boise", "SITUATION1": "plateau plaine" }, "geometry": { "type": "MultiPolygon", "coordinates": [ [ [ [ 519618.21227, 6406455.92879 ], [ 519621.15945, 6406449.91009 ], [ 519631.99898, 6406431.83743 ], [ 519635.92027, 6406422.81353 ], [ 519644.72867, 6406400.76157 ], [ 519646.63541, 6406389.75633 ], [ 519650.58987, 6406384.72831 ], [ 519650.56499, 6406381.7314 ], [ 519649.44991, 6406367.75412 ], [ 519649.37527, 6406358.76339 ], [ 519939.08831, 6406357.35765 ], [ 519938.97221, 6406343.37208 ], [ 519939.76387, 6406318.38954 ], [ 519937.6581, 6406305.41952 ], [ 519936.56789, 6406294.43915 ], [ 519933.35533, 6406268.49081 ], [ 519929.04427, 6406230.56314 ], [ 519927.92089, 6406215.58688 ], [ 519927.87943, 6406210.59204 ], [ 519925.68243, 6406186.63335 ], [ 519925.56633, 6406172.64778 ], [ 519925.42535, 6406155.6653 ], [ 519889.47029, 6406156.96279 ], [ 519863.50506, 6406158.17735 ], [ 519867.02446, 6406221.08756 ], [ 519883.65502, 6406298.87451 ], [ 519885.7525, 6406310.84556 ], [ 519880.80735, 6406316.88084 ], [ 519859.82873, 6406317.05498 ], [ 519843.83673, 6406316.18868 ], [ 519837.84284, 6406316.23844 ], [ 519807.86509, 6406315.48823 ], [ 519790.8741, 6406314.63023 ], [ 519784.88021, 6406314.67998 ], [ 519779.87701, 6406313.72247 ], [ 519714.88514, 6406307.26867 ], [ 519687.90433, 6406306.49359 ], [ 519682.90942, 6406306.53505 ], [ 519661.9391, 6406307.70815 ], [ 519651.97416, 6406310.78798 ], [ 519645.98856, 6406311.8367 ], [ 519646.00514, 6406313.83464 ], [ 519646.02173, 6406315.83258 ], [ 519643.29016, 6406347.82448 ], [ 519642.35752, 6406355.82453 ], [ 519643.44772, 6406366.8049 ], [ 519644.49646, 6406372.79043 ], [ 519646.56906, 6406381.76457 ], [ 519643.58041, 6406382.78841 ], [ 519609.61503, 6406383.07034 ], [ 519609.44917, 6406363.09095 ], [ 519559.53324, 6406367.50143 ], [ 519536.99619, 6406420.63753 ], [ 519618.21227, 6406455.92879 ] ] ] ] } },
{ "type": "Feature", "properties": { "COMMUNE": "Sainte-Sabine-Born", "COMMUNAUTE": "CC des Bastides Dordogne Périgord", "INSEE_COMM": 24497, "ID_CDECOMM": 21, "SURFACE_UR": 0.85335, "COVISIBILI": "non", "SITUATION_": "non boise", "SITUATION1": "plateau plaine" }, "geometry": { "type": "MultiPolygon", "coordinates": [ [ [ [ 522120.83645, 6401762.65076 ], [ 522119.41465, 6401711.71156 ], [ 522129.32155, 6401701.6389 ], [ 522144.28968, 6401699.51652 ], [ 522169.22274, 6401694.31428 ], [ 522155.79658, 6401641.4767 ], [ 522079.77456, 6401630.11953 ], [ 522076.32583, 6401696.08476 ], [ 522071.40554, 6401705.11697 ], [ 522067.8656, 6401760.09352 ], [ 522120.83645, 6401762.65076 ] ] ] ] } },
{ "type": "Feature", "properties": { "COMMUNE": "Sainte-Sabine-Born", "COMMUNAUTE": "CC des Bastides Dordogne Périgord", "INSEE_COMM": 24497, "ID_CDECOMM": 21, "SURFACE_UR": 0.6408, "COVISIBILI": "non", "SITUATION_": "boise", "SITUATION1": "plateau plaine" }, "geometry": { "type": "MultiPolygon", "coordinates": [ [ [ [ 519183.84683, 6403594.29534 ], [ 519183.71414, 6403578.31187 ], [ 519118.64767, 6403562.86743 ], [ 519116.6497, 6403562.88402 ], [ 519100.04849, 6403608.97749 ], [ 519110.61051, 6403677.82331 ], [ 519129.6492, 6403684.65852 ], [ 519183.85512, 6403595.29431 ], [ 519183.84683, 6403594.29534 ] ] ] ] } },
{ "type": "Feature", "properties": { "COMMUNE": "Sainte-Sabine-Born", "COMMUNAUTE": "CC des Bastides Dordogne Périgord", "INSEE_COMM": 24497, "ID_CDECOMM": 21, "SURFACE_UR": 1.97825, "COVISIBILI": "oui", "SITUATION_": "non boise", "SITUATION1": "plateau plaine" }, "geometry": { "type": "MultiPolygon", "coordinates": [ [ [ [ 519701.47739, 6403849.74769 ], [ 519732.30483, 6403832.50815 ], [ 519742.24489, 6403826.43141 ], [ 519813.85642, 6403787.87352 ], [ 519797.50783, 6403744.05163 ], [ 519798.46535, 6403739.04849 ], [ 519769.0139, 6403681.34887 ], [ 519706.36832, 6403716.83522 ], [ 519691.19286, 6403693.98336 ], [ 519661.91556, 6403657.26206 ], [ 519612.33967, 6403702.63027 ], [ 519656.77584, 6403760.20549 ], [ 519701.47739, 6403849.74769 ] ] ] ] } },
{ "type": "Feature", "properties": { "COMMUNE": "Sainte-Sabine-Born", "COMMUNAUTE": "CC des Bastides Dordogne Périgord", "INSEE_COMM": 24497, "ID_CDECOMM": 21, "SURFACE_UR": 0.43745, "COVISIBILI": "non", "SITUATION_": "non boise", "SITUATION1": "plateau plaine" }, "geometry": { "type": "MultiPolygon", "coordinates": [ [ [ [ 520158.7803, 6401771.94946 ], [ 520181.68225, 6401762.76796 ], [ 520187.65955, 6401760.72025 ], [ 520257.36438, 6401733.16747 ], [ 520224.9908, 6401684.48338 ], [ 520145.60289, 6401749.08098 ], [ 520151.68796, 6401760.01988 ], [ 520158.7803, 6401771.94946 ] ] ] ] } },
{ "type": "Feature", "properties": { "COMMUNE": "Rampieux", "COMMUNAUTE": "CC des Bastides Dordogne Périgord", "INSEE_COMM": 24347, "ID_CDECOMM": 21, "SURFACE_UR": 0.14855, "COVISIBILI": "non", "SITUATION_": "non boise", "SITUATION1": "plateau plaine" }, "geometry": { "type": "MultiPolygon", "coordinates": [ [ [ [ 525537.91376, 6404208.89142 ], [ 525518.20784, 6404242.02339 ], [ 525502.44807, 6404269.12836 ], [ 525521.51995, 6404279.95939 ], [ 525554.03846, 6404225.74116 ], [ 525552.02391, 6404223.75982 ], [ 525537.91376, 6404208.89142 ] ] ] ] } },
{ "type": "Feature", "properties": { "COMMUNE": "Rampieux", "COMMUNAUTE": "CC des Bastides Dordogne Périgord", "INSEE_COMM": 24347, "ID_CDECOMM": 21, "SURFACE_UR": 1.17505, "COVISIBILI": null, "SITUATION_": null, "SITUATION1": null }, "geometry": { "type": "MultiPolygon", "coordinates": [ [ [ [ 525295.22042, 6403375.71034 ], [ 525345.94453, 6403348.31498 ], [ 525336.74635, 6403323.41541 ], [ 525335.69761, 6403317.42988 ], [ 525409.38999, 6403288.84471 ], [ 525409.34852, 6403283.84986 ], [ 525410.24798, 6403271.85392 ], [ 525411.13084, 6403257.86004 ], [ 525411.79807, 6403217.89294 ], [ 525357.89455, 6403223.33586 ], [ 525356.8458, 6403217.35034 ], [ 525355.43212, 6403167.41014 ], [ 525313.51638, 6403172.75349 ], [ 525317.91041, 6403220.67085 ], [ 525324.46829, 6403288.55103 ], [ 525324.47658, 6403289.55 ], [ 525323.70154, 6403316.53048 ], [ 525289.78594, 6403322.80642 ], [ 525294.08874, 6403359.73512 ], [ 525295.22042, 6403375.71034 ] ] ] ] } },
{ "type": "Feature", "properties": { "COMMUNE": "Sainte-Sabine-Born", "COMMUNAUTE": "CC des Bastides Dordogne Périgord", "INSEE_COMM": 24497, "ID_CDECOMM": 21, "SURFACE_UR": 0.9929, "COVISIBILI": "non", "SITUATION_": "non boise", "SITUATION1": "plateau plaine" }, "geometry": { "type": "MultiPolygon", "coordinates": [ [ [ [ 521853.52839, 6402176.4747 ], [ 521771.69486, 6402187.14462 ], [ 521790.85789, 6402208.96436 ], [ 521782.92407, 6402216.02352 ], [ 521783.96039, 6402340.89485 ], [ 521824.06886, 6402358.54451 ], [ 521829.91351, 6402340.51326 ], [ 521833.76021, 6402322.49861 ], [ 521836.64108, 6402308.48813 ], [ 521836.60792, 6402304.49225 ], [ 521838.53956, 6402296.4839 ], [ 521841.33753, 6402272.48371 ], [ 521852.63718, 6402189.46961 ], [ 521852.57915, 6402182.47682 ], [ 521853.52839, 6402176.4747 ] ] ] ] } },
{ "type": "Feature", "properties": { "COMMUNE": "Beaumontois-en-Périgord (Sainte-Sabine-Born)", "COMMUNAUTE": "CC des Bastides Dordogne Périgord", "INSEE_COMM": 24497, "ID_CDECOMM": 21, "SURFACE_UR": 1.33715, "COVISIBILI": "non", "SITUATION_": "boise", "SITUATION1": "plateau plaine" }, "geometry": { "type": "MultiPolygon", "coordinates": [ [ [ [ 522356.06588, 6402659.83289 ], [ 522347.1331, 6402666.90033 ], [ 522320.35136, 6402690.10058 ], [ 522308.42993, 6402698.19187 ], [ 522366.88503, 6402759.64675 ], [ 522416.55212, 6402725.26705 ], [ 522406.47937, 6402715.36033 ], [ 522390.35468, 6402698.5106 ], [ 522457.9122, 6402652.99292 ], [ 522442.73674, 6402630.14109 ], [ 522405.38473, 6402583.49642 ], [ 522341.65721, 6402609.00162 ], [ 522325.78959, 6402623.11994 ], [ 522344.96098, 6402645.93859 ], [ 522352.0202, 6402653.87226 ], [ 522356.06588, 6402659.83289 ] ] ] ] } },
{ "type": "Feature", "properties": { "COMMUNE": "Rampieux", "COMMUNAUTE": "CC des Bastides Dordogne Périgord", "INSEE_COMM": 24347, "ID_CDECOMM": 21, "SURFACE_UR": 0.52545, "COVISIBILI": "non", "SITUATION_": "non boise", "SITUATION1": "plateau plaine" }, "geometry": { "type": "MultiPolygon", "coordinates": [ [ [ [ 525584.28161, 6404258.45828 ], [ 525569.48765, 6404281.55907 ], [ 525572.51777, 6404285.53006 ], [ 525557.7404, 6404310.62879 ], [ 525585.86946, 6404329.37691 ], [ 525609.00362, 6404348.16652 ], [ 525624.12105, 6404364.0256 ], [ 525634.1938, 6404373.93234 ], [ 525668.9591, 6404349.66663 ], [ 525644.75961, 6404322.89355 ], [ 525614.52475, 6404291.1754 ], [ 525584.28161, 6404258.45828 ] ] ] ] } },
{ "type": "Feature", "properties": { "COMMUNE": "Rampieux", "COMMUNAUTE": "CC des Bastides Dordogne Périgord", "INSEE_COMM": 24347, "ID_CDECOMM": 21, "SURFACE_UR": 1.7796, "COVISIBILI": "oui", "SITUATION_": "non boise", "SITUATION1": "plateau plaine" }, "geometry": { "type": "MultiPolygon", "coordinates": [ [ [ [ 525616.54849, 6404534.92431 ], [ 525660.06039, 6404601.49859 ], [ 525686.81725, 6404575.30132 ], [ 525691.82045, 6404576.25881 ], [ 525710.15876, 6404619.06521 ], [ 525715.23661, 6404629.01344 ], [ 525727.34879, 6404643.89844 ], [ 525737.44643, 6404656.80209 ], [ 525772.17026, 6404627.54153 ], [ 525711.27756, 6404513.15768 ], [ 525796.72549, 6404456.50177 ], [ 525761.37133, 6404409.84051 ], [ 525740.49225, 6404422.00241 ], [ 525737.51189, 6404424.02524 ], [ 525711.70425, 6404444.22039 ], [ 525693.86358, 6404461.35224 ], [ 525685.92149, 6404467.41245 ], [ 525660.14703, 6404491.60348 ], [ 525658.17395, 6404494.61699 ], [ 525616.54849, 6404534.92431 ] ] ] ] } },
{ "type": "Feature", "properties": { "COMMUNE": "Rampieux", "COMMUNAUTE": "CC des Bastides Dordogne Périgord", "INSEE_COMM": 24347, "ID_CDECOMM": 21, "SURFACE_UR": 0.77165, "COVISIBILI": "non", "SITUATION_": "clairiere", "SITUATION1": "plateau plaine" }, "geometry": { "type": "MultiPolygon", "coordinates": [ [ [ [ 526850.45526, 6403461.70062 ], [ 527000.84509, 6403405.50468 ], [ 526998.38265, 6403349.57891 ], [ 526960.51264, 6403360.8828 ], [ 526921.58559, 6403365.20219 ], [ 526906.75018, 6403383.30809 ], [ 526888.93442, 6403403.43681 ], [ 526878.06176, 6403417.51365 ], [ 526858.27292, 6403440.65587 ], [ 526854.31847, 6403445.68391 ], [ 526848.41583, 6403456.72235 ], [ 526850.45526, 6403461.70062 ], [ 526850.45526, 6403461.70062 ] ] ] ] } },
{ "type": "Feature", "properties": { "COMMUNE": "Rampieux", "COMMUNAUTE": "CC des Bastides Dordogne Périgord", "INSEE_COMM": 24347, "ID_CDECOMM": 21, "SURFACE_UR": 1.48175, "COVISIBILI": "non", "SITUATION_": "non boise", "SITUATION1": "plateau plaine" }, "geometry": { "type": "MultiPolygon", "coordinates": [ [ [ [ 524599.92367, 6404102.79128 ], [ 524643.62631, 6404192.34185 ], [ 524645.65745, 6404196.32114 ], [ 524617.76062, 6404205.54418 ], [ 524617.7855, 6404208.54109 ], [ 524617.30903, 6404271.48452 ], [ 524670.13893, 6404257.05921 ], [ 524689.02835, 6404245.9129 ], [ 524717.86611, 6404229.68878 ], [ 524694.46655, 6404178.93211 ], [ 524694.46655, 6404178.93211 ], [ 524694.46655, 6404178.93211 ], [ 524712.40218, 6404052.90422 ], [ 524626.88788, 6404101.5683 ], [ 524620.80275, 6404090.62941 ], [ 524599.92367, 6404102.79128 ] ] ] ] } },
{ "type": "Feature", "properties": { "COMMUNE": "Saint-Avit-Sénieur", "COMMUNAUTE": "CC des Bastides Dordogne Périgord", "INSEE_COMM": 24379, "ID_CDECOMM": 21, "SURFACE_UR": 0.6432, "COVISIBILI": "oui", "SITUATION_": "non boise", "SITUATION1": "pente" }, "geometry": { "type": "MultiPolygon", "coordinates": [ [ [ [ 527578.67955, 6408625.69426 ], [ 527568.22524, 6408569.83462 ], [ 527553.30688, 6408577.95082 ], [ 527522.4131, 6408587.19869 ], [ 527497.48834, 6408593.39987 ], [ 527489.52966, 6408597.46212 ], [ 527484.55134, 6408599.50154 ], [ 527468.59252, 6408602.63116 ], [ 527459.60999, 6408603.70477 ], [ 527468.13268, 6408667.5728 ], [ 527469.13996, 6408668.56348 ], [ 527512.92096, 6408647.2201 ], [ 527555.74445, 6408630.87989 ], [ 527578.67955, 6408625.69426 ] ] ] ] } },
{ "type": "Feature", "properties": { "COMMUNE": "Saint-Avit-Sénieur", "COMMUNAUTE": "CC des Bastides Dordogne Périgord", "INSEE_COMM": 24379, "ID_CDECOMM": 21, "SURFACE_UR": 1.2916, "COVISIBILI": "oui", "SITUATION_": "non boise", "SITUATION1": "plateau plaine" }, "geometry": { "type": "MultiPolygon", "coordinates": [ [ [ [ 527414.27893, 6408679.00937 ], [ 527415.27791, 6408679.00107 ], [ 527422.78503, 6408740.87945 ], [ 527594.41077, 6408715.47758 ], [ 527578.67955, 6408625.69426 ], [ 527555.74445, 6408630.87989 ], [ 527512.92096, 6408647.2201 ], [ 527469.13996, 6408668.56348 ], [ 527468.13268, 6408667.5728 ], [ 527468.15757, 6408670.56972 ], [ 527415.26132, 6408677.00312 ], [ 527414.27893, 6408679.00937 ] ] ] ] } },
{ "type": "Feature", "properties": { "COMMUNE": "Rampieux", "COMMUNAUTE": "CC des Bastides Dordogne Périgord", "INSEE_COMM": 24347, "ID_CDECOMM": 21, "SURFACE_UR": 1.58685, "COVISIBILI": "non", "SITUATION_": "non boise", "SITUATION1": "pente" }, "geometry": { "type": "MultiPolygon", "coordinates": [ [ [ [ 524103.10374, 6401299.61732 ], [ 524122.91752, 6401279.47196 ], [ 524122.89264, 6401276.47505 ], [ 524072.28029, 6401196.97226 ], [ 524069.25847, 6401194.00024 ], [ 524051.07782, 6401170.17429 ], [ 524003.35064, 6401197.54478 ], [ 523984.46951, 6401209.69007 ], [ 523938.75686, 6401239.0419 ], [ 523978.18143, 6401294.66067 ], [ 524012.39552, 6401324.34768 ], [ 524051.17334, 6401302.04673 ], [ 524073.14262, 6401300.86522 ], [ 524087.12005, 6401299.75008 ], [ 524103.10374, 6401299.61732 ] ] ] ] } },
{ "type": "Feature", "properties": { "COMMUNE": "Sainte-Sabine-Born", "COMMUNAUTE": "CC des Bastides Dordogne Périgord", "INSEE_COMM": 24497, "ID_CDECOMM": 21, "SURFACE_UR": 0.6576, "COVISIBILI": "non", "SITUATION_": "non boise", "SITUATION1": "plateau plaine" }, "geometry": { "type": "MultiPolygon", "coordinates": [ [ [ [ 518485.64442, 6402286.35821 ], [ 518487.65067, 6402287.3406 ], [ 518522.49896, 6402273.06477 ], [ 518530.44936, 6402268.00358 ], [ 518533.43801, 6402266.97973 ], [ 518496.85303, 6402192.35558 ], [ 518481.83516, 6402188.4841 ], [ 518434.75873, 6402173.88933 ], [ 518419.72428, 6402168.01991 ], [ 518469.58612, 6402277.50018 ], [ 518485.64442, 6402286.35821 ] ] ] ] } },
{ "type": "Feature", "properties": { "COMMUNE": "Sainte-Sabine-Born", "COMMUNAUTE": "CC des Bastides Dordogne Périgord", "INSEE_COMM": 24497, "ID_CDECOMM": 21, "SURFACE_UR": 0.7518, "COVISIBILI": "non", "SITUATION_": "non boise", "SITUATION1": "plateau plaine" }, "geometry": { "type": "MultiPolygon", "coordinates": [ [ [ [ 520356.33401, 6404388.78638 ], [ 520386.29517, 6404387.5386 ], [ 520407.22402, 6404381.37063 ], [ 520452.21965, 6404385.99227 ], [ 520454.12639, 6404374.98703 ], [ 520490.13949, 6404380.68227 ], [ 520492.03793, 6404368.67806 ], [ 520439.99967, 6404358.12067 ], [ 520434.99647, 6404357.16317 ], [ 520407.9825, 6404352.39225 ], [ 520319.93115, 6404336.13961 ], [ 520287.91398, 6404330.41119 ], [ 520278.91485, 6404329.48686 ], [ 520277.91587, 6404329.49515 ], [ 520276.92518, 6404330.50242 ], [ 520279.05583, 6404346.46932 ], [ 520284.33271, 6404380.39278 ], [ 520284.34929, 6404382.39072 ], [ 520353.33707, 6404388.81126 ], [ 520356.33401, 6404388.78638 ] ] ] ] } },
{ "type": "Feature", "properties": { "COMMUNE": "Sainte-Sabine-Born", "COMMUNAUTE": "CC des Bastides Dordogne Périgord", "INSEE_COMM": 24497, "ID_CDECOMM": 21, "SURFACE_UR": 0.5261, "COVISIBILI": "oui", "SITUATION_": "non boise", "SITUATION1": "pente" }, "geometry": { "type": "MultiPolygon", "coordinates": [ [ [ [ 519537.33204, 6401044.81425 ], [ 519624.35938, 6401058.07822 ], [ 519626.34905, 6401057.06266 ], [ 519627.31487, 6401053.0585 ], [ 519624.19359, 6401038.09884 ], [ 519623.02053, 6401017.12879 ], [ 519623.93662, 6401007.13081 ], [ 519535.02737, 6401007.86899 ], [ 519529.99931, 6401003.91459 ], [ 519518.92763, 6400994.01614 ], [ 519514.95658, 6400997.04622 ], [ 519496.11687, 6401014.18628 ], [ 519509.31914, 6401040.05165 ], [ 519522.32246, 6401041.94176 ], [ 519537.33204, 6401044.81425 ] ] ] ] } },
{ "type": "Feature", "properties": { "COMMUNE": "Sainte-Sabine-Born", "COMMUNAUTE": "CC des Bastides Dordogne Périgord", "INSEE_COMM": 24497, "ID_CDECOMM": 21, "SURFACE_UR": 1.953, "COVISIBILI": "non", "SITUATION_": "non boise", "SITUATION1": "plateau plaine" }, "geometry": { "type": "MultiPolygon", "coordinates": [ [ [ [ 521777.79422, 6404606.76362 ], [ 521797.5914, 6404584.62041 ], [ 521818.37926, 6404561.46993 ], [ 521821.33474, 6404556.4502 ], [ 521840.14123, 6404535.31425 ], [ 521854.00257, 6404520.21359 ], [ 521755.17353, 6404409.14189 ], [ 521749.22111, 6404414.18651 ], [ 521734.33591, 6404426.29855 ], [ 521714.48897, 6404442.44795 ], [ 521711.5169, 6404445.46974 ], [ 521682.72889, 6404467.68759 ], [ 521664.87992, 6404483.8204 ], [ 521655.96372, 6404492.88577 ], [ 521668.08419, 6404508.76974 ], [ 521683.23478, 6404528.62471 ], [ 521688.27945, 6404534.57706 ], [ 521698.37708, 6404547.48071 ], [ 521705.44459, 6404556.41338 ], [ 521723.31844, 6404543.27748 ], [ 521726.34027, 6404546.2495 ], [ 521777.79422, 6404606.76362 ] ] ] ] } },
{ "type": "Feature", "properties": { "COMMUNE": "Sainte-Sabine-Born", "COMMUNAUTE": "CC des Bastides Dordogne Périgord", "INSEE_COMM": 24497, "ID_CDECOMM": 21, "SURFACE_UR": 1.43955, "COVISIBILI": "oui", "SITUATION_": "non boise", "SITUATION1": "plateau plaine" }, "geometry": { "type": "MultiPolygon", "coordinates": [ [ [ [ 519204.82159, 6403714.00557 ], [ 519261.12499, 6403636.61238 ], [ 519309.90093, 6403615.22771 ], [ 519354.21654, 6403537.93403 ], [ 519345.22571, 6403538.00867 ], [ 519315.23139, 6403535.26056 ], [ 519292.22164, 6403531.45543 ], [ 519246.00758, 6403620.7533 ], [ 519183.85512, 6403595.29431 ], [ 519129.6492, 6403684.65852 ], [ 519151.70972, 6403694.46575 ], [ 519166.72762, 6403698.33723 ], [ 519176.7506, 6403702.25017 ], [ 519175.76821, 6403704.25639 ], [ 519187.77257, 6403706.15481 ], [ 519199.8101, 6403712.0491 ], [ 519204.82159, 6403714.00557 ] ] ] ] } },
{ "type": "Feature", "properties": { "COMMUNE": "Sainte-Sabine-Born", "COMMUNAUTE": "CC des Bastides Dordogne Périgord", "INSEE_COMM": 24497, "ID_CDECOMM": 21, "SURFACE_UR": 1.95605, "COVISIBILI": "non", "SITUATION_": "non boise", "SITUATION1": "plateau plaine" }, "geometry": { "type": "MultiPolygon", "coordinates": [ [ [ [ 519620.02723, 6401619.57352 ], [ 519549.69644, 6401692.08818 ], [ 519494.20944, 6401747.49596 ], [ 519520.48136, 6401783.24321 ], [ 519557.76693, 6401821.89615 ], [ 519702.52391, 6401688.82126 ], [ 519655.23195, 6401648.25334 ], [ 519630.06677, 6401625.48439 ], [ 519627.88644, 6401603.52366 ], [ 519620.02723, 6401619.57352 ] ] ] ] } },
{ "type": "Feature", "properties": { "COMMUNE": "Sainte-Sabine-Born", "COMMUNAUTE": "CC des Bastides Dordogne Périgord", "INSEE_COMM": 24497, "ID_CDECOMM": 21, "SURFACE_UR": 1.1425, "COVISIBILI": "non", "SITUATION_": "non boise", "SITUATION1": "plateau plaine" }, "geometry": { "type": "MultiPolygon", "coordinates": [ [ [ [ 520266.25218, 6404609.32244 ], [ 520348.8691, 6404572.67123 ], [ 520344.79854, 6404563.71368 ], [ 520337.68127, 6404548.78721 ], [ 520318.32743, 6404503.9912 ], [ 520312.21744, 6404490.0554 ], [ 520317.19576, 6404488.01599 ], [ 520314.19052, 6404487.0419 ], [ 520264.27462, 6404491.45244 ], [ 520251.0059, 6404457.59533 ], [ 520250.01521, 6404458.60259 ], [ 520230.08533, 6404464.76227 ], [ 520220.1204, 6404467.84211 ], [ 520205.16885, 6404471.96238 ], [ 520204.18645, 6404473.96861 ], [ 520221.48427, 6404511.78843 ], [ 520228.60983, 6404527.71387 ], [ 520242.84436, 6404557.56682 ], [ 520256.07992, 6404587.42806 ], [ 520261.15775, 6404597.37628 ], [ 520266.25218, 6404609.32244 ] ] ] ] } },
{ "type": "Feature", "properties": { "COMMUNE": "Sainte-Sabine-Born", "COMMUNAUTE": "CC des Bastides Dordogne Périgord", "INSEE_COMM": 24497, "ID_CDECOMM": 21, "SURFACE_UR": 0.8696, "COVISIBILI": "non", "SITUATION_": "non boise", "SITUATION1": "plateau plaine" }, "geometry": { "type": "MultiPolygon", "coordinates": [ [ [ [ 519655.58801, 6404459.54111 ], [ 519668.3094, 6404427.46632 ], [ 519697.31304, 6404431.2217 ], [ 519706.32875, 6404434.14397 ], [ 519765.3433, 6404442.6454 ], [ 519766.30911, 6404438.64123 ], [ 519773.11124, 6404415.60691 ], [ 519753.11502, 6404413.77483 ], [ 519748.12012, 6404413.8163 ], [ 519734.10949, 6404410.9355 ], [ 519727.10004, 6404408.99561 ], [ 519718.09262, 6404407.07231 ], [ 519704.07371, 6404403.19254 ], [ 519693.06003, 6404400.28686 ], [ 519681.03908, 6404396.3905 ], [ 519662.00038, 6404389.55529 ], [ 519646.9659, 6404383.68587 ], [ 519614.88239, 6404369.96569 ], [ 519602.86144, 6404366.06933 ], [ 519590.8239, 6404360.17504 ], [ 519585.11197, 6404394.18971 ], [ 519583.19694, 6404404.19598 ], [ 519586.35974, 6404424.15046 ], [ 519631.57099, 6404454.7453 ], [ 519655.58801, 6404459.54111 ] ] ] ] } },
{ "type": "Feature", "properties": { "COMMUNE": "Beaumontois-en-Périgord (Sainte-Sabine-Born)", "COMMUNAUTE": "CC des Bastides Dordogne Périgord", "INSEE_COMM": 24497, "ID_CDECOMM": 21, "SURFACE_UR": 1.29885, "COVISIBILI": "non", "SITUATION_": "non boise", "SITUATION1": "ligne de crete" }, "geometry": { "type": "MultiPolygon", "coordinates": [ [ [ [ 520792.24614, 6401178.25609 ], [ 520912.21086, 6401067.36574 ], [ 520905.15168, 6401059.43206 ], [ 520903.13714, 6401057.45071 ], [ 520916.0244, 6401045.35524 ], [ 520961.64589, 6401005.01488 ], [ 520972.55178, 6400994.93394 ], [ 520971.51135, 6400989.94739 ], [ 520968.43979, 6400980.98155 ], [ 520961.20652, 6400952.06951 ], [ 520959.15882, 6400946.09228 ], [ 520946.72339, 6400892.24748 ], [ 520944.67569, 6400886.27025 ], [ 520941.70362, 6400889.29205 ], [ 520906.05535, 6400927.55151 ], [ 520895.15776, 6400938.63142 ], [ 520875.35224, 6400959.77568 ], [ 520913.63681, 6400998.42027 ], [ 520915.65964, 6401001.40058 ], [ 520915.66793, 6401002.39955 ], [ 520911.69688, 6401005.42964 ], [ 520907.73412, 6401009.4587 ], [ 520901.82314, 6401019.49817 ], [ 520895.91215, 6401029.53763 ], [ 520889.01048, 6401040.58436 ], [ 520871.2278, 6401064.70894 ], [ 520851.43057, 6401086.85217 ], [ 520808.77286, 6401123.17175 ], [ 520773.06655, 6401154.43843 ], [ 520774.0904, 6401157.42704 ], [ 520784.17969, 6401169.33172 ], [ 520792.24614, 6401178.25609 ] ] ] ] } },
{ "type": "Feature", "properties": { "COMMUNE": "Beaumontois-en-Périgord (Nojals-et-Clotte)", "COMMUNAUTE": "CC des Bastides Dordogne Périgord", "INSEE_COMM": 24310, "ID_CDECOMM": 21, "SURFACE_UR": 2.0868, "COVISIBILI": "oui", "SITUATION_": "non boise", "SITUATION1": "plateau plaine" }, "geometry": { "type": "MultiPolygon", "coordinates": [ [ [ [ 524617.3422, 6404275.4804 ], [ 524617.30903, 6404271.48452 ], [ 524617.86844, 6404218.53079 ], [ 524617.7855, 6404208.54109 ], [ 524617.76062, 6404205.54418 ], [ 524632.70387, 6404200.42488 ], [ 524645.65745, 6404196.32114 ], [ 524643.62631, 6404192.34185 ], [ 524634.4779, 6404173.43609 ], [ 524623.30664, 6404151.55 ], [ 524510.66226, 6404181.45765 ], [ 524493.3727, 6404144.63679 ], [ 524488.30315, 6404135.68754 ], [ 524490.29282, 6404134.67198 ], [ 524468.84146, 6404077.90491 ], [ 524451.46897, 6404031.09435 ], [ 524431.0166, 6403974.31899 ], [ 524393.21289, 6403993.61468 ], [ 524417.61972, 6404045.36201 ], [ 524439.98712, 6404092.13109 ], [ 524467.42407, 6404147.84941 ], [ 524471.48634, 6404155.80799 ], [ 524490.79045, 6404194.61019 ], [ 524509.09557, 6404233.4207 ], [ 524510.1692, 6404242.40313 ], [ 524538.59684, 6404297.1142 ], [ 524575.47621, 6404286.81753 ], [ 524615.35253, 6404276.49596 ], [ 524617.3422, 6404275.4804 ] ] ] ] } },
{ "type": "Feature", "properties": { "COMMUNE": "Rampieux", "COMMUNAUTE": "CC des Bastides Dordogne Périgord", "INSEE_COMM": 24347, "ID_CDECOMM": 21, "SURFACE_UR": 1.5495, "COVISIBILI": "oui", "SITUATION_": "non boise", "SITUATION1": "plateau plaine" }, "geometry": { "type": "MultiPolygon", "coordinates": [ [ [ [ 525097.79794, 6404144.61213 ], [ 525104.15676, 6404188.51705 ], [ 525104.21482, 6404195.50984 ], [ 525131.02144, 6404175.30641 ], [ 525156.84567, 6404157.10922 ], [ 525165.77844, 6404150.04176 ], [ 525174.76928, 6404149.96709 ], [ 525183.76011, 6404149.89241 ], [ 525192.75094, 6404149.81774 ], [ 525199.74381, 6404149.75966 ], [ 525231.71951, 6404150.49313 ], [ 525247.70322, 6404150.36037 ], [ 525284.67382, 6404151.05235 ], [ 525312.6536, 6404151.81901 ], [ 525313.40376, 6404121.84159 ], [ 525283.43432, 6404122.0905 ], [ 525265.46095, 6404123.23882 ], [ 525230.43854, 6404116.53642 ], [ 525230.32242, 6404102.55084 ], [ 525147.41526, 6404104.23846 ], [ 525145.18507, 6404076.28388 ], [ 525143.07928, 6404063.31386 ], [ 525122.11726, 6404065.48604 ], [ 525113.13472, 6404066.55968 ], [ 525109.14709, 6404067.59184 ], [ 525104.17706, 6404070.63023 ], [ 525086.25346, 6404077.77237 ], [ 525026.50533, 6404101.24651 ], [ 525034.76259, 6404133.14719 ], [ 525047.78252, 6404137.03521 ], [ 525059.78688, 6404138.93359 ], [ 525083.79561, 6404142.73034 ], [ 525097.79794, 6404144.61213 ] ] ] ] } },
{ "type": "Feature", "properties": { "COMMUNE": "Sainte-Croix", "COMMUNAUTE": "CC des Bastides Dordogne Périgord", "INSEE_COMM": 24393, "ID_CDECOMM": 21, "SURFACE_UR": 1.7293, "COVISIBILI": "non", "SITUATION_": "clairiere", "SITUATION1": "plateau plaine" }, "geometry": { "type": "MultiPolygon", "coordinates": [ [ [ [ 526754.34263, 6406806.28788 ], [ 526747.20142, 6407029.13352 ], [ 526727.26327, 6407034.29426 ], [ 526724.61469, 6407076.27601 ], [ 526787.5505, 6407075.75352 ], [ 526797.54031, 6407075.67059 ], [ 526797.53201, 6407074.67161 ], [ 526833.49533, 6407074.37304 ], [ 526822.04206, 6407018.52177 ], [ 526800.08106, 6407020.70218 ], [ 526799.99812, 6407010.71245 ], [ 526800.96392, 6407006.70826 ], [ 526801.91314, 6407000.70613 ], [ 526800.54092, 6406955.76063 ], [ 526801.39889, 6406938.76979 ], [ 526805.24552, 6406920.7551 ], [ 526806.17815, 6406912.75502 ], [ 526808.5779, 6406840.80407 ], [ 526810.50951, 6406832.7957 ], [ 526813.46498, 6406827.77596 ], [ 526817.40284, 6406820.74997 ], [ 526817.39455, 6406819.751 ], [ 526817.37796, 6406817.75305 ], [ 526809.22023, 6406797.83994 ], [ 526789.29037, 6406803.99965 ], [ 526754.34263, 6406806.28788 ] ] ] ] } },
{ "type": "Feature", "properties": { "COMMUNE": "Sainte-Croix", "COMMUNAUTE": "CC des Bastides Dordogne Périgord", "INSEE_COMM": 24393, "ID_CDECOMM": 21, "SURFACE_UR": 1.69545, "COVISIBILI": "non", "SITUATION_": "clairiere", "SITUATION1": "plateau plaine" }, "geometry": { "type": "MultiPolygon", "coordinates": [ [ [ [ 527310.01097, 6406468.99357 ], [ 527297.34305, 6406387.17731 ], [ 527278.3873, 6406390.33182 ], [ 527274.26696, 6406375.3804 ], [ 527267.04185, 6406347.46722 ], [ 527261.89765, 6406329.52718 ], [ 527257.91831, 6406331.5583 ], [ 527233.65247, 6406296.79331 ], [ 527211.8076, 6406312.95935 ], [ 527190.96171, 6406329.11709 ], [ 527192.97626, 6406331.09845 ], [ 527205.06356, 6406342.9866 ], [ 527211.1238, 6406350.92861 ], [ 527206.18696, 6406357.96289 ], [ 527203.23978, 6406363.98161 ], [ 527200.3009, 6406370.99931 ], [ 527198.33612, 6406375.01179 ], [ 527193.41586, 6406384.04401 ], [ 527191.44278, 6406387.05752 ], [ 527176.60737, 6406405.16344 ], [ 527171.64564, 6406409.20081 ], [ 527166.68391, 6406413.23817 ], [ 527159.74911, 6406420.28904 ], [ 527152.83089, 6406429.33785 ], [ 527199.28997, 6406489.89367 ], [ 527247.183, 6406482.50275 ], [ 527246.07619, 6406469.52439 ], [ 527255.06702, 6406469.44974 ], [ 527293.02829, 6406469.13457 ], [ 527295.02625, 6406469.11798 ], [ 527302.01912, 6406469.05992 ], [ 527310.01097, 6406468.99357 ] ] ] ] } },
{ "type": "Feature", "properties": { "COMMUNE": "Sainte-Croix", "COMMUNAUTE": "CC des Bastides Dordogne Périgord", "INSEE_COMM": 24393, "ID_CDECOMM": 21, "SURFACE_UR": 2.0521, "COVISIBILI": "non", "SITUATION_": "clairiere", "SITUATION1": "plateau plaine" }, "geometry": { "type": "MultiPolygon", "coordinates": [ [ [ [ 527211.40146, 6407346.97129 ], [ 527211.40146, 6407346.97129 ], [ 527203.47597, 6407355.02942 ], [ 527193.58569, 6407367.10004 ], [ 527186.65918, 6407375.14989 ], [ 527173.79684, 6407390.24231 ], [ 527160.88473, 6407399.34089 ], [ 527119.12659, 6407423.6646 ], [ 527078.36743, 6407447.98 ], [ 527118.59209, 6407479.61541 ], [ 527118.59209, 6407479.61541 ], [ 527119.64084, 6407485.60096 ], [ 527114.74547, 6407497.63011 ], [ 527160.8562, 6407516.22911 ], [ 527171.87817, 6407520.13377 ], [ 527176.67401, 6407496.11693 ], [ 527199.70863, 6407502.91899 ], [ 527208.51699, 6407480.86693 ], [ 527212.42167, 6407469.84504 ], [ 527210.39053, 6407465.86574 ], [ 527208.36769, 6407462.8854 ], [ 527213.29624, 6407454.85214 ], [ 527239.90378, 6407410.67337 ], [ 527249.76917, 6407395.60583 ], [ 527261.64082, 6407381.52067 ], [ 527264.588, 6407375.50195 ], [ 527266.54449, 6407370.49049 ], [ 527266.51131, 6407366.4946 ], [ 527266.49472, 6407364.49665 ], [ 527269.4419, 6407358.47793 ], [ 527284.4598, 6407362.34942 ], [ 527297.47143, 6407365.23852 ], [ 527310.16788, 6407330.16662 ], [ 527323.83014, 6407291.09054 ], [ 527295.77572, 6407281.33303 ], [ 527287.76728, 6407279.40143 ], [ 527280.92372, 6407297.44101 ], [ 527234.96229, 6407296.82356 ], [ 527236.10228, 6407313.79781 ], [ 527235.15306, 6407319.79995 ], [ 527211.40146, 6407346.97129 ], [ 527211.40146, 6407346.97129 ] ] ] ] } },
{ "type": "Feature", "properties": { "COMMUNE": "Beaumontois-en-Périgord (Beaumont-du-Périgord)", "COMMUNAUTE": "CC des Bastides Dordogne Périgord", "INSEE_COMM": 24028, "ID_CDECOMM": 21, "SURFACE_UR": 0.68955, "COVISIBILI": "non", "SITUATION_": "non boise", "SITUATION1": "plateau plaine" }, "geometry": { "type": "MultiPolygon", "coordinates": [ [ [ [ 522118.7287, 6408609.08317 ], [ 522092.3322, 6408558.3512 ], [ 522059.4736, 6408571.61149 ], [ 522046.16339, 6408532.75938 ], [ 521993.33344, 6408547.18451 ], [ 522011.91224, 6408618.96124 ], [ 522061.77842, 6408608.55688 ], [ 522073.94866, 6408630.43476 ], [ 522118.7287, 6408609.08317 ] ] ] ] } },
{ "type": "Feature", "properties": { "COMMUNE": "Beaumontois-en-Périgord (Sainte-Sabine-Born)", "COMMUNAUTE": "CC des Bastides Dordogne Périgord", "INSEE_COMM": 24497, "ID_CDECOMM": 21, "SURFACE_UR": 0.12055, "COVISIBILI": "non", "SITUATION_": "non boise", "SITUATION1": "plateau plaine" }, "geometry": { "type": "MultiPolygon", "coordinates": [ [ [ [ 518725.20215, 6401297.32006 ], [ 518737.13189, 6401290.22775 ], [ 518753.03269, 6401280.10537 ], [ 518768.99151, 6401276.97577 ], [ 518758.88566, 6401263.07314 ], [ 518755.83898, 6401257.10421 ], [ 518756.82967, 6401256.09695 ], [ 518754.81514, 6401254.1156 ], [ 518715.98752, 6401270.42254 ], [ 518712.01647, 6401273.45262 ], [ 518725.20215, 6401297.32006 ] ] ] ] } },
{ "type": "Feature", "properties": { "COMMUNE": "Sainte-Sabine-Born", "COMMUNAUTE": "CC des Bastides Dordogne Périgord", "INSEE_COMM": 24497, "ID_CDECOMM": 21, "SURFACE_UR": 2.54405, "COVISIBILI": "oui", "SITUATION_": "non boise", "SITUATION1": "plateau plaine" }, "geometry": { "type": "MultiPolygon", "coordinates": [ [ [ [ 519421.9636, 6403033.85743 ], [ 519509.85737, 6403031.12968 ], [ 519505.75363, 6403018.17628 ], [ 519503.63957, 6403004.20732 ], [ 519503.52347, 6402990.22179 ], [ 519505.42192, 6402978.21759 ], [ 519508.30276, 6402964.20717 ], [ 519504.29025, 6402962.24241 ], [ 519502.29229, 6402962.259 ], [ 519481.36344, 6402968.42697 ], [ 519475.37784, 6402969.47569 ], [ 519463.39007, 6402969.57522 ], [ 519453.37538, 6402966.66125 ], [ 519439.35647, 6402962.78149 ], [ 519435.36054, 6402962.81466 ], [ 519428.37597, 6402963.87168 ], [ 519413.4493, 6402970.98885 ], [ 519404.46676, 6402972.06246 ], [ 519395.46763, 6402971.13813 ], [ 519387.4509, 6402968.20758 ], [ 519369.36973, 6402956.36926 ], [ 519365.27429, 6402944.41483 ], [ 519369.88772, 6402898.42088 ], [ 519347.86038, 6402892.60953 ], [ 519328.84656, 6402888.77124 ], [ 519312.83798, 6402885.90703 ], [ 519294.82315, 6402882.06044 ], [ 519284.84992, 6402884.14131 ], [ 519259.92515, 6402890.34245 ], [ 519246.96327, 6402893.44716 ], [ 519250.05143, 6402904.41092 ], [ 519256.28581, 6402933.3312 ], [ 519253.35521, 6402941.34781 ], [ 519249.35929, 6402941.38099 ], [ 519242.35813, 6402940.44007 ], [ 519215.32758, 6402933.67122 ], [ 519198.30344, 6402928.81737 ], [ 519171.30606, 6402926.04439 ], [ 519159.31829, 6402926.14391 ], [ 519129.39031, 6402931.38754 ], [ 519128.60694, 6402957.36897 ], [ 519159.69146, 6402971.09742 ], [ 519238.68562, 6402979.43296 ], [ 519265.6747, 6402981.20697 ], [ 519308.66407, 6402984.84623 ], [ 519421.9636, 6403033.85743 ] ] ] ] } },
{ "type": "Feature", "properties": { "COMMUNE": "Beaumontois-en-Périgord (Sainte-Sabine-Born)", "COMMUNAUTE": "CC des Bastides Dordogne Périgord", "INSEE_COMM": 24497, "ID_CDECOMM": 21, "SURFACE_UR": 0.8271, "COVISIBILI": "non", "SITUATION_": "non boise", "SITUATION1": "plateau plaine" }, "geometry": { "type": "MultiPolygon", "coordinates": [ [ [ [ 520946.01029, 6402732.48265 ], [ 520991.01421, 6402738.1032 ], [ 521005.76672, 6402710.00769 ], [ 521007.72322, 6402704.99626 ], [ 521015.58237, 6402688.94642 ], [ 521037.20339, 6402645.8083 ], [ 521050.99845, 6402622.71585 ], [ 521063.84427, 6402605.62552 ], [ 521009.67546, 6402579.10123 ], [ 520976.27383, 6402647.31324 ], [ 520946.01029, 6402732.48265 ] ] ] ] } },
{ "type": "Feature", "properties": { "COMMUNE": "Rampieux", "COMMUNAUTE": "CC des Bastides Dordogne Périgord", "INSEE_COMM": 24347, "ID_CDECOMM": 21, "SURFACE_UR": 0.5024, "COVISIBILI": "oui", "SITUATION_": "non boise", "SITUATION1": "pente" }, "geometry": { "type": "MultiPolygon", "coordinates": [ [ [ [ 525405.69528, 6404047.14613 ], [ 525400.40179, 6404011.22468 ], [ 525398.22966, 6403990.26289 ], [ 525399.04617, 6403968.27724 ], [ 525399.02129, 6403965.28033 ], [ 525399.99539, 6403962.27512 ], [ 525401.83577, 6403943.27809 ], [ 525367.92016, 6403949.55402 ], [ 525356.94795, 6403951.64323 ], [ 525345.97575, 6403953.73244 ], [ 525347.04937, 6403962.71488 ], [ 525348.13129, 6403972.69628 ], [ 525349.17175, 6403977.68284 ], [ 525352.20187, 6403981.65383 ], [ 525355.49739, 6404017.59188 ], [ 525361.79816, 6404054.504 ], [ 525376.81605, 6404058.37543 ], [ 525405.69528, 6404047.14613 ] ] ] ] } },
{ "type": "Feature", "properties": { "COMMUNE": "Rampieux", "COMMUNAUTE": "CC des Bastides Dordogne Périgord", "INSEE_COMM": 24347, "ID_CDECOMM": 21, "SURFACE_UR": 1.8552, "COVISIBILI": "non", "SITUATION_": "clairiere", "SITUATION1": "plateau plaine" }, "geometry": { "type": "MultiPolygon", "coordinates": [ [ [ [ 526767.95095, 6403632.22241 ], [ 526758.48735, 6403575.35573 ], [ 526760.46872, 6403573.3412 ], [ 526781.19019, 6403542.19892 ], [ 526753.92742, 6403507.45891 ], [ 526733.66581, 6403473.6598 ], [ 526690.00098, 6403508.98875 ], [ 526685.03926, 6403513.0261 ], [ 526656.27618, 6403538.24092 ], [ 526624.54106, 6403566.47753 ], [ 526643.79539, 6403599.28596 ], [ 526652.92721, 6403616.19381 ], [ 526656.9729, 6403622.15446 ], [ 526656.9729, 6403622.15446 ], [ 526656.9729, 6403622.15446 ], [ 526650.0381, 6403629.20531 ], [ 526643.11159, 6403637.25514 ], [ 526697.42977, 6403681.76091 ], [ 526704.3148, 6403668.71623 ], [ 526767.95095, 6403632.22241 ] ] ] ] } },
{ "type": "Feature", "properties": { "COMMUNE": "Sainte-Sabine-Born", "COMMUNAUTE": "CC des Bastides Dordogne Périgord", "INSEE_COMM": 24497, "ID_CDECOMM": 21, "SURFACE_UR": 0.9943, "COVISIBILI": "non", "SITUATION_": "non boise", "SITUATION1": "plateau plaine" }, "geometry": { "type": "MultiPolygon", "coordinates": [ [ [ [ 518319.73465, 6402398.62872 ], [ 518372.99994, 6402316.26542 ], [ 518365.90761, 6402304.33584 ], [ 518340.7756, 6402285.56275 ], [ 518364.50248, 6402255.39464 ], [ 518327.29152, 6402225.73239 ], [ 518325.32671, 6402229.74486 ], [ 518315.44466, 6402242.81439 ], [ 518309.52537, 6402251.85487 ], [ 518302.61539, 6402261.90261 ], [ 518294.71472, 6402272.95761 ], [ 518276.94857, 6402299.08009 ], [ 518275.02521, 6402308.0874 ], [ 518292.12393, 6402321.93199 ], [ 518281.29263, 6402341.00363 ], [ 518268.46336, 6402360.09185 ], [ 518309.7034, 6402393.71681 ], [ 518311.71794, 6402395.69816 ], [ 518318.75225, 6402400.63496 ], [ 518319.73465, 6402398.62872 ] ] ] ] } },
{ "type": "Feature", "properties": { "COMMUNE": "Beaumontois-en-Périgord (Sainte-Sabine-Born)", "COMMUNAUTE": "CC des Bastides Dordogne Périgord", "INSEE_COMM": 24497, "ID_CDECOMM": 21, "SURFACE_UR": 3.2353, "COVISIBILI": "non", "SITUATION_": "non boise", "SITUATION1": "plateau plaine" }, "geometry": { "type": "MultiPolygon", "coordinates": [ [ [ [ 517398.45062, 6400332.2746 ], [ 517398.45062, 6400332.2746 ], [ 517398.45062, 6400332.2746 ], [ 517464.6816, 6400367.69022 ], [ 517456.83067, 6400384.739 ], [ 517450.96941, 6400400.77223 ], [ 517483.08593, 6400418.48833 ], [ 517487.10671, 6400421.45207 ], [ 517521.22947, 6400440.15055 ], [ 517531.0452, 6400419.08931 ], [ 517652.46039, 6400483.01896 ], [ 517665.24819, 6400458.93595 ], [ 517683.93869, 6400423.81454 ], [ 517686.8859, 6400417.79586 ], [ 517692.89635, 6400419.74405 ], [ 517714.96506, 6400430.55028 ], [ 517724.988, 6400434.46323 ], [ 517745.05046, 6400444.28708 ], [ 517766.1285, 6400456.10055 ], [ 517779.18155, 6400463.98448 ], [ 517795.2564, 6400474.84043 ], [ 517809.3333, 6400485.71298 ], [ 517825.39987, 6400495.56996 ], [ 517829.42065, 6400498.53369 ], [ 517840.47574, 6400506.43421 ], [ 517849.508, 6400511.35441 ], [ 517871.17889, 6400474.21015 ], [ 517880.08682, 6400464.14584 ], [ 517843.94119, 6400442.4671 ], [ 517838.92143, 6400439.51166 ], [ 517796.74876, 6400413.88681 ], [ 517766.63017, 6400396.15419 ], [ 517726.4472, 6400369.51375 ], [ 517706.35987, 6400356.693 ], [ 517688.58547, 6400381.81644 ], [ 517681.63406, 6400386.86932 ], [ 517661.88656, 6400415.00624 ], [ 517623.78446, 6400398.33886 ], [ 517595.71359, 6400386.58341 ], [ 517586.68963, 6400382.66216 ], [ 517557.57005, 6400364.92119 ], [ 517552.542, 6400360.96678 ], [ 517535.44333, 6400347.12218 ], [ 517523.38927, 6400339.22994 ], [ 517432.90928, 6400271.04738 ], [ 517432.86784, 6400266.05254 ], [ 517423.03553, 6400285.11584 ], [ 517418.11523, 6400294.14801 ], [ 517401.39782, 6400326.25592 ], [ 517398.45062, 6400332.2746 ] ] ] ] } },
{ "type": "Feature", "properties": { "COMMUNE": "Sainte-Sabine-Born", "COMMUNAUTE": "CC des Bastides Dordogne Périgord", "INSEE_COMM": 24497, "ID_CDECOMM": 21, "SURFACE_UR": 3.90535, "COVISIBILI": "non", "SITUATION_": "non boise", "SITUATION1": "plateau plaine" }, "geometry": { "type": "MultiPolygon", "coordinates": [ [ [ [ 521969.17788, 6401666.00432 ], [ 521982.68276, 6401607.94791 ], [ 521999.66543, 6401607.80688 ], [ 522030.79545, 6401506.64543 ], [ 522048.27966, 6401446.55789 ], [ 521998.14824, 6401424.99534 ], [ 521980.10027, 6401417.15291 ], [ 521951.01376, 6401403.4079 ], [ 521904.14047, 6401533.67221 ], [ 521887.5143, 6401576.76895 ], [ 521885.71531, 6401600.76083 ], [ 521883.79196, 6401609.76815 ], [ 521835.94867, 6401623.15295 ], [ 521760.19195, 6401643.76282 ], [ 521776.59846, 6401694.57757 ], [ 521809.48192, 6401684.31412 ], [ 521811.53791, 6401691.29032 ], [ 521822.80029, 6401724.16508 ], [ 521830.88333, 6401735.08739 ], [ 521836.90208, 6401738.03453 ], [ 521798.22371, 6401772.32304 ], [ 521818.35256, 6401790.1386 ], [ 521825.40346, 6401797.07332 ], [ 521848.56241, 6401818.85987 ], [ 521850.57695, 6401820.84122 ], [ 521853.59876, 6401823.81324 ], [ 521852.60807, 6401824.82051 ], [ 521858.61025, 6401825.76971 ], [ 521856.01537, 6401753.86044 ], [ 521885.19718, 6401658.70939 ], [ 521969.17788, 6401666.00432 ] ] ] ] } },
{ "type": "Feature", "properties": { "COMMUNE": "Beaumontois-en-Périgord (Sainte-Sabine-Born)", "COMMUNAUTE": "CC des Bastides Dordogne Périgord", "INSEE_COMM": 24497, "ID_CDECOMM": 21, "SURFACE_UR": 1.59725, "COVISIBILI": "non", "SITUATION_": "non boise", "SITUATION1": "plateau plaine" }, "geometry": { "type": "MultiPolygon", "coordinates": [ [ [ [ 522745.64066, 6403014.25313 ], [ 522754.58173, 6403008.18466 ], [ 522759.55176, 6403005.14627 ], [ 522762.53211, 6403003.12345 ], [ 522775.44423, 6402994.02488 ], [ 522785.3594, 6402984.95121 ], [ 522793.2849, 6402976.89309 ], [ 522792.26933, 6402974.90345 ], [ 522800.21972, 6402969.84224 ], [ 522788.11583, 6402955.95623 ], [ 522793.08586, 6402952.91785 ], [ 522827.86775, 6402930.65018 ], [ 522834.83574, 6402927.59521 ], [ 522835.84301, 6402928.58588 ], [ 522846.05675, 6402955.47507 ], [ 522859.0435, 6402955.36723 ], [ 522862.05703, 6402957.34028 ], [ 522872.00538, 6402952.26247 ], [ 522879.95576, 6402947.20126 ], [ 522902.79134, 6402930.02799 ], [ 522899.65341, 6402913.07041 ], [ 522896.53206, 6402898.11077 ], [ 522892.39515, 6402881.16149 ], [ 522890.3723, 6402878.18118 ], [ 522868.20397, 6402855.38741 ], [ 522865.2319, 6402858.4092 ], [ 522833.43867, 6402879.65301 ], [ 522820.50997, 6402886.75364 ], [ 522819.51098, 6402886.76193 ], [ 522778.62739, 6402896.09278 ], [ 522695.99393, 6402930.74626 ], [ 522692.97211, 6402927.77425 ], [ 522662.2359, 6402956.00253 ], [ 522682.29846, 6402965.8263 ], [ 522713.39128, 6402980.55366 ], [ 522721.41631, 6402984.48317 ], [ 522730.44861, 6402989.40335 ], [ 522740.61258, 6403010.29873 ], [ 522745.64895, 6403015.2521 ], [ 522745.64066, 6403014.25313 ] ] ] ] } },
{ "type": "Feature", "properties": { "COMMUNE": null, "COMMUNAUTE": null, "INSEE_COMM": null, "ID_CDECOMM": null, "SURFACE_UR": 29.5201, "COVISIBILI": null, "SITUATION_": null, "SITUATION1": null }, "geometry": { "type": "MultiPolygon", "coordinates": [ [ [ [ 520729.19107, 6397913.92645 ], [ 525727.16474, 6397882.4014 ], [ 525726.68377, 6397824.46121 ], [ 520727.69469, 6397853.99672 ], [ 520729.19107, 6397913.92645 ] ] ] ] } },
{ "type": "Feature", "properties": { "COMMUNE": "Soulaures", "COMMUNAUTE": "CC des Bastides Dordogne Périgord", "INSEE_COMM": 24542, "ID_CDECOMM": 21, "SURFACE_UR": 1.01405, "COVISIBILI": "non", "SITUATION_": "clairiere", "SITUATION1": "plateau plaine" }, "geometry": { "type": "MultiPolygon", "coordinates": [ [ [ [ 535307.81087, 6396655.90839 ], [ 535309.36063, 6396601.94727 ], [ 535310.26001, 6396589.9513 ], [ 535310.20191, 6396582.95849 ], [ 535312.07536, 6396567.95731 ], [ 535312.98304, 6396556.96032 ], [ 535312.91664, 6396548.96854 ], [ 535313.79112, 6396533.97565 ], [ 535260.6463, 6396510.43995 ], [ 535230.23419, 6396577.62826 ], [ 535216.80463, 6396644.67557 ], [ 535265.79586, 6396649.26397 ], [ 535276.80118, 6396651.17067 ], [ 535286.80752, 6396653.08567 ], [ 535307.81087, 6396655.90839 ] ] ] ] } },
{ "type": "Feature", "properties": { "COMMUNE": "Soulaures", "COMMUNAUTE": "CC des Bastides Dordogne Périgord", "INSEE_COMM": 24542, "ID_CDECOMM": 21, "SURFACE_UR": 0.6861, "COVISIBILI": "non", "SITUATION_": "boise", "SITUATION1": "plateau plaine" }, "geometry": { "type": "MultiPolygon", "coordinates": [ [ [ [ 533901.75688, 6395645.5637 ], [ 533925.67414, 6395638.37183 ], [ 533932.65036, 6395636.31583 ], [ 533976.53878, 6395627.95912 ], [ 533986.50362, 6395624.87926 ], [ 533982.44134, 6395616.92066 ], [ 533975.27426, 6395596.00031 ], [ 533971.20368, 6395587.04273 ], [ 533962.07185, 6395570.13486 ], [ 533950.92548, 6395551.24562 ], [ 533937.78116, 6395532.37298 ], [ 533928.69912, 6395521.45894 ], [ 533920.64095, 6395513.53351 ], [ 533915.61289, 6395509.57909 ], [ 533907.61281, 6395508.64647 ], [ 533904.33058, 6395594.59124 ], [ 533901.75688, 6395645.5637 ] ] ] ] } },
{ "type": "Feature", "properties": { "COMMUNE": "Saint-Marcory", "COMMUNAUTE": "CC des Bastides Dordogne Périgord", "INSEE_COMM": 24446, "ID_CDECOMM": 21, "SURFACE_UR": 0.2763, "COVISIBILI": "oui", "SITUATION_": "non boise", "SITUATION1": "pente" }, "geometry": { "type": "MultiPolygon", "coordinates": [ [ [ [ 536145.89254, 6404819.1251 ], [ 536148.88948, 6404819.10021 ], [ 536145.46938, 6404768.17741 ], [ 536169.42833, 6404765.98036 ], [ 536166.40649, 6404763.00833 ], [ 536113.04566, 6404713.49928 ], [ 536119.48759, 6404767.39412 ], [ 536119.51248, 6404770.39104 ], [ 536119.52907, 6404772.38899 ], [ 536120.64421, 6404786.36634 ], [ 536122.93257, 6404821.31385 ], [ 536145.89254, 6404819.1251 ] ] ] ] } },
{ "type": "Feature", "properties": { "COMMUNE": "Soulaures", "COMMUNAUTE": "CC des Bastides Dordogne Périgord", "INSEE_COMM": 24542, "ID_CDECOMM": 21, "SURFACE_UR": 0.3135, "COVISIBILI": "non", "SITUATION_": "boise", "SITUATION1": "plateau plaine" }, "geometry": { "type": "MultiPolygon", "coordinates": [ [ [ [ 534466.81455, 6395116.37576 ], [ 534480.09166, 6395151.23194 ], [ 534523.92197, 6395135.88241 ], [ 534549.90355, 6395136.66573 ], [ 534551.58613, 6395098.68821 ], [ 534532.58906, 6395096.84787 ], [ 534519.60241, 6395096.95569 ], [ 534508.63861, 6395100.04385 ], [ 534496.67584, 6395103.1403 ], [ 534476.76278, 6395111.29796 ], [ 534466.81455, 6395116.37576 ] ] ] ] } },
{ "type": "Feature", "properties": { "COMMUNE": "Soulaures", "COMMUNAUTE": "CC des Bastides Dordogne Périgord", "INSEE_COMM": 24542, "ID_CDECOMM": 21, "SURFACE_UR": 1.4664, "COVISIBILI": "non", "SITUATION_": "clairiere", "SITUATION1": "plateau plaine" }, "geometry": { "type": "MultiPolygon", "coordinates": [ [ [ [ 534963.72448, 6397567.89375 ], [ 534964.64046, 6397557.89572 ], [ 534963.4008, 6397528.93379 ], [ 534963.351, 6397522.93995 ], [ 534962.30223, 6397516.9544 ], [ 534962.26903, 6397512.95851 ], [ 534962.21924, 6397506.96467 ], [ 534958.87374, 6397465.03267 ], [ 534958.79074, 6397455.04294 ], [ 534961.60508, 6397433.04064 ], [ 534894.59077, 6397423.60666 ], [ 534894.43309, 6397404.62616 ], [ 534899.12918, 6397368.62165 ], [ 534882.09682, 6397362.76882 ], [ 534878.09262, 6397361.80303 ], [ 534842.04653, 6397352.1119 ], [ 534814.01715, 6397345.35134 ], [ 534805.40814, 6397391.37877 ], [ 534796.76594, 6397433.4103 ], [ 534909.78288, 6397448.45657 ], [ 534907.5412, 6397539.38803 ], [ 534963.72448, 6397567.89375 ] ] ] ] } },
{ "type": "Feature", "properties": { "COMMUNE": "Saint-Marcory", "COMMUNAUTE": "CC des Bastides Dordogne Périgord", "INSEE_COMM": 24446, "ID_CDECOMM": 21, "SURFACE_UR": 1.59005, "COVISIBILI": "non", "SITUATION_": "non boise", "SITUATION1": "plateau plaine" }, "geometry": { "type": "MultiPolygon", "coordinates": [ [ [ [ 535208.81994, 6405545.21854 ], [ 535220.6003, 6405520.14463 ], [ 535224.55474, 6405515.11658 ], [ 535239.39842, 6405498.00958 ], [ 535247.3073, 6405487.95348 ], [ 535248.28969, 6405485.94723 ], [ 535257.17266, 6405472.88591 ], [ 535277.88577, 6405440.74452 ], [ 535291.61431, 6405409.66018 ], [ 535292.5884, 6405406.65496 ], [ 535240.50034, 6405390.10373 ], [ 535238.40282, 6405378.13262 ], [ 535235.38928, 6405376.15955 ], [ 535236.37167, 6405374.15331 ], [ 535222.33616, 6405368.27559 ], [ 535210.3069, 6405363.38026 ], [ 535210.32349, 6405365.37821 ], [ 535197.29526, 6405360.49117 ], [ 535131.27615, 6405470.93414 ], [ 535132.28343, 6405471.92482 ], [ 535163.3514, 6405483.65538 ], [ 535154.51821, 6405502.71055 ], [ 535155.64164, 6405517.68688 ], [ 535208.81994, 6405545.21854 ] ] ] ] } },
{ "type": "Feature", "properties": { "COMMUNE": "Soulaures", "COMMUNAUTE": "CC des Bastides Dordogne Périgord", "INSEE_COMM": 24542, "ID_CDECOMM": 21, "SURFACE_UR": 4.13135, "COVISIBILI": "non", "SITUATION_": "boise", "SITUATION1": "plateau plaine" }, "geometry": { "type": "MultiPolygon", "coordinates": [ [ [ [ 533467.86447, 6394285.47584 ], [ 533473.83341, 6394282.42917 ], [ 533567.43802, 6394245.6866 ], [ 533588.35004, 6394237.52066 ], [ 533561.8374, 6394172.80319 ], [ 533551.65682, 6394149.90979 ], [ 533550.63296, 6394146.92117 ], [ 533545.66299, 6394149.95956 ], [ 533538.67849, 6394151.01658 ], [ 533534.6992, 6394153.0477 ], [ 533531.6608, 6394148.07773 ], [ 533529.53838, 6394133.10975 ], [ 533527.48235, 6394126.13354 ], [ 533522.50409, 6394128.17295 ], [ 533478.67381, 6394143.52244 ], [ 533440.52525, 6394000.97647 ], [ 533372.64481, 6394007.53497 ], [ 533321.03837, 6394048.92466 ], [ 533348.6745, 6394128.6181 ], [ 533318.58911, 6394114.88166 ], [ 533361.18496, 6394191.45362 ], [ 533403.74763, 6394264.02969 ], [ 533421.66279, 6394255.88843 ], [ 533437.59659, 6394249.76172 ], [ 533449.53447, 6394243.66835 ], [ 533464.82607, 6394280.50587 ], [ 533467.86447, 6394285.47584 ] ] ] ] } },
{ "type": "Feature", "properties": { "COMMUNE": "Capdrot", "COMMUNAUTE": "CC des Bastides Dordogne Périgord", "INSEE_COMM": 24080, "ID_CDECOMM": 21, "SURFACE_UR": 0.78445, "COVISIBILI": "oui", "SITUATION_": "non boise", "SITUATION1": "plateau plaine" }, "geometry": { "type": "MultiPolygon", "coordinates": [ [ [ [ 533848.93573, 6401313.5734 ], [ 533850.71794, 6401287.58343 ], [ 533852.61632, 6401275.57913 ], [ 533852.50844, 6401262.59244 ], [ 533852.27609, 6401234.6211 ], [ 533847.2729, 6401233.6636 ], [ 533846.11625, 6401214.69135 ], [ 533847.06544, 6401208.68919 ], [ 533849.9628, 6401196.6766 ], [ 533851.91926, 6401191.66513 ], [ 533855.85709, 6401184.63912 ], [ 533883.47166, 6401141.45091 ], [ 533821.80054, 6401173.93238 ], [ 533783.01464, 6401195.23434 ], [ 533780.02601, 6401196.2582 ], [ 533782.05716, 6401200.23752 ], [ 533788.1921, 6401217.17035 ], [ 533799.52109, 6401258.03714 ], [ 533806.6633, 6401275.96065 ], [ 533808.73594, 6401284.93485 ], [ 533812.93931, 6401309.87608 ], [ 533848.93573, 6401313.5734 ] ] ] ] } },
{ "type": "Feature", "properties": { "COMMUNE": "Saint-Marcory", "COMMUNAUTE": "CC des Bastides Dordogne Périgord", "INSEE_COMM": 24446, "ID_CDECOMM": 21, "SURFACE_UR": 1.5047, "COVISIBILI": "non", "SITUATION_": "non boise", "SITUATION1": "plateau plaine" }, "geometry": { "type": "MultiPolygon", "coordinates": [ [ [ [ 535814.33411, 6403511.13432 ], [ 535838.97673, 6403470.96799 ], [ 535860.58093, 6403425.8317 ], [ 535876.29911, 6403393.73182 ], [ 535881.21104, 6403383.70061 ], [ 535782.95422, 6403341.55772 ], [ 535780.98945, 6403345.57021 ], [ 535780.00707, 6403347.57645 ], [ 535772.12308, 6403360.62947 ], [ 535739.62137, 6403416.84572 ], [ 535718.93318, 6403451.98399 ], [ 535784.20706, 6403492.40269 ], [ 535814.33411, 6403511.13432 ] ] ] ] } },
{ "type": "Feature", "properties": { "COMMUNE": "Capdrot", "COMMUNAUTE": "CC des Bastides Dordogne Périgord", "INSEE_COMM": 24080, "ID_CDECOMM": 21, "SURFACE_UR": 1.0866, "COVISIBILI": "oui", "SITUATION_": "non boise", "SITUATION1": "plateau plaine" }, "geometry": { "type": "MultiPolygon", "coordinates": [ [ [ [ 533662.81815, 6400676.72894 ], [ 533663.74244, 6400667.72987 ], [ 533668.73733, 6400667.6884 ], [ 533672.5092, 6400640.68288 ], [ 533674.41587, 6400629.67756 ], [ 533675.38996, 6400626.67233 ], [ 533626.40685, 6400623.08283 ], [ 533628.67864, 6400656.03244 ], [ 533599.74976, 6400661.26792 ], [ 533555.80621, 6400542.74675 ], [ 533551.8269, 6400544.77791 ], [ 533537.89098, 6400550.88798 ], [ 533517.97779, 6400559.04581 ], [ 533571.0947, 6400699.46974 ], [ 533575.09061, 6400699.43654 ], [ 533632.97328, 6400691.9624 ], [ 533638.2752, 6400728.88303 ], [ 533668.20305, 6400723.63934 ], [ 533658.87203, 6400682.75597 ], [ 533662.81815, 6400676.72894 ] ] ] ] } },
{ "type": "Feature", "properties": { "COMMUNE": "Capdrot", "COMMUNAUTE": "CC des Bastides Dordogne Périgord", "INSEE_COMM": 24080, "ID_CDECOMM": 21, "SURFACE_UR": 2.84615, "COVISIBILI": "non", "SITUATION_": "clairiere", "SITUATION1": "plateau plaine" }, "geometry": { "type": "MultiPolygon", "coordinates": [ [ [ [ 535829.97279, 6402747.7364 ], [ 535853.62473, 6402708.57737 ], [ 535873.31393, 6402673.44741 ], [ 535949.06548, 6402531.9535 ], [ 535812.01444, 6402510.11363 ], [ 535778.79586, 6402600.30322 ], [ 535745.59722, 6402572.60574 ], [ 535745.21221, 6402646.53801 ], [ 535731.61645, 6402693.60586 ], [ 535754.66765, 6402702.40582 ], [ 535767.68758, 6402706.29387 ], [ 535775.7292, 6402712.22134 ], [ 535805.87283, 6402732.9509 ], [ 535829.97279, 6402747.7364 ] ] ] ] } },
{ "type": "Feature", "properties": { "COMMUNE": "Saint-Marcory", "COMMUNAUTE": "CC des Bastides Dordogne Périgord", "INSEE_COMM": 24446, "ID_CDECOMM": 21, "SURFACE_UR": 1.05255, "COVISIBILI": "oui", "SITUATION_": "non boise", "SITUATION1": "pente" }, "geometry": { "type": "MultiPolygon", "coordinates": [ [ [ [ 536241.68185, 6404684.45786 ], [ 536240.66628, 6404682.46821 ], [ 536231.32697, 6404640.58596 ], [ 536219.09859, 6404611.71525 ], [ 536206.8619, 6404581.84558 ], [ 536195.6325, 6404552.96658 ], [ 536193.59305, 6404547.9883 ], [ 536190.55462, 6404543.01832 ], [ 536132.66353, 6404549.49331 ], [ 536147.50386, 6404652.27151 ], [ 536149.63458, 6404668.23851 ], [ 536146.69571, 6404675.25621 ], [ 536147.72788, 6404679.24381 ], [ 536241.68185, 6404684.45786 ] ] ] ] } },
{ "type": "Feature", "properties": { "COMMUNE": "Saint-Avit-Sénieur", "COMMUNAUTE": "CC des Bastides Dordogne Périgord", "INSEE_COMM": 24379, "ID_CDECOMM": 21, "SURFACE_UR": 0.6116, "COVISIBILI": "non", "SITUATION_": "clairiere", "SITUATION1": "pente" }, "geometry": { "type": "MultiPolygon", "coordinates": [ [ [ [ 530207.4902, 6408903.58075 ], [ 530186.45353, 6408896.76212 ], [ 530184.45556, 6408896.77871 ], [ 530182.4576, 6408896.7953 ], [ 530173.47506, 6408897.86894 ], [ 530131.44318, 6408889.22656 ], [ 530120.4378, 6408887.31985 ], [ 530111.69582, 6408917.36379 ], [ 530121.71052, 6408920.27776 ], [ 530112.94365, 6408947.32477 ], [ 530158.03883, 6408963.93407 ], [ 530165.07318, 6408968.87088 ], [ 530192.15352, 6408981.6336 ], [ 530193.1442, 6408980.62633 ], [ 530203.77631, 6408937.57911 ], [ 530207.4902, 6408903.58075 ] ] ] ] } },
{ "type": "Feature", "properties": { "COMMUNE": "Soulaures", "COMMUNAUTE": "CC des Bastides Dordogne Périgord", "INSEE_COMM": 24542, "ID_CDECOMM": 21, "SURFACE_UR": 1.6561, "COVISIBILI": "non", "SITUATION_": "clairiere", "SITUATION1": "plateau plaine" }, "geometry": { "type": "MultiPolygon", "coordinates": [ [ [ [ 534231.74358, 6396884.63238 ], [ 534234.7322, 6396883.60853 ], [ 534273.64241, 6396877.29121 ], [ 534263.17134, 6396819.43373 ], [ 534255.18784, 6396820.49905 ], [ 534227.26636, 6396826.72513 ], [ 534224.23624, 6396822.75412 ], [ 534209.06076, 6396799.90216 ], [ 534192.93609, 6396783.05233 ], [ 534192.92779, 6396782.05336 ], [ 534196.89049, 6396778.02429 ], [ 534198.87185, 6396776.00975 ], [ 534208.72051, 6396758.94427 ], [ 534212.65831, 6396751.91828 ], [ 534223.48935, 6396732.84656 ], [ 534232.32245, 6396713.79143 ], [ 534233.30482, 6396711.78519 ], [ 534174.09149, 6396679.30845 ], [ 534136.51222, 6396725.57638 ], [ 534123.80771, 6396759.64928 ], [ 534122.83363, 6396762.65449 ], [ 534125.89694, 6396770.62139 ], [ 534159.16184, 6396806.31071 ], [ 534143.46041, 6396840.4085 ], [ 534171.79682, 6396884.13107 ], [ 534231.74358, 6396884.63238 ] ] ] ] } },
{ "type": "Feature", "properties": { "COMMUNE": "Saint-Marcory", "COMMUNAUTE": "CC des Bastides Dordogne Périgord", "INSEE_COMM": 24446, "ID_CDECOMM": 21, "SURFACE_UR": 3.76995, "COVISIBILI": "non", "SITUATION_": "non boise", "SITUATION1": "plateau plaine" }, "geometry": { "type": "MultiPolygon", "coordinates": [ [ [ [ 536904.76461, 6405251.4032 ], [ 536938.59721, 6405235.13753 ], [ 536940.58687, 6405234.12197 ], [ 536936.50797, 6405224.1654 ], [ 536920.32514, 6405200.32275 ], [ 536924.28787, 6405196.29367 ], [ 537005.53221, 6405114.69643 ], [ 536997.34952, 6405091.78639 ], [ 537048.09841, 6405067.38789 ], [ 537059.04571, 6405062.30176 ], [ 537049.85574, 6405038.40103 ], [ 536983.32558, 6404967.02242 ], [ 536905.00351, 6405039.60399 ], [ 536904.01282, 6405040.61126 ], [ 536874.21764, 6405061.83861 ], [ 536858.04311, 6405038.99493 ], [ 536854.12186, 6405048.01889 ], [ 536812.25593, 6405059.35605 ], [ 536800.19349, 6405050.46483 ], [ 536769.40762, 6405072.69945 ], [ 536764.43761, 6405075.73785 ], [ 536723.72831, 6405106.04723 ], [ 536726.75845, 6405110.01824 ], [ 536737.8551, 6405122.91365 ], [ 536744.89775, 6405128.84943 ], [ 536748.90197, 6405129.81522 ], [ 536752.9062, 6405130.78101 ], [ 536758.90008, 6405130.73123 ], [ 536765.88465, 6405129.67418 ], [ 536785.80619, 6405122.51544 ], [ 536797.76077, 6405118.41999 ], [ 536805.74432, 6405117.35464 ], [ 536807.75058, 6405118.33703 ], [ 536904.76461, 6405251.4032 ] ] ] ] } },
{ "type": "Feature", "properties": { "COMMUNE": "Capdrot", "COMMUNAUTE": "CC des Bastides Dordogne Périgord", "INSEE_COMM": 24080, "ID_CDECOMM": 21, "SURFACE_UR": 1.56335, "COVISIBILI": "non", "SITUATION_": "clairiere", "SITUATION1": "plateau plaine" }, "geometry": { "type": "MultiPolygon", "coordinates": [ [ [ [ 538024.75164, 6403213.04544 ], [ 538030.72063, 6403209.99873 ], [ 538056.59453, 6403197.79533 ], [ 538093.41572, 6403180.50579 ], [ 538087.39695, 6403177.55865 ], [ 538083.39273, 6403176.59287 ], [ 538070.3728, 6403172.70484 ], [ 538037.35667, 6403166.9848 ], [ 538030.33892, 6403164.04596 ], [ 538001.27722, 6403153.29788 ], [ 538001.26892, 6403152.2989 ], [ 537988.24069, 6403147.4119 ], [ 537987.25001, 6403148.41917 ], [ 537983.25409, 6403148.45236 ], [ 537967.27041, 6403148.58511 ], [ 537948.29809, 6403149.74173 ], [ 537946.30013, 6403149.75832 ], [ 537918.12124, 6403125.01631 ], [ 537916.11498, 6403124.03393 ], [ 537900.04003, 6403113.17798 ], [ 537855.89405, 6403090.56667 ], [ 537853.8878, 6403089.58429 ], [ 537846.86175, 6403085.64648 ], [ 537814.76162, 6403069.92841 ], [ 537808.75115, 6403067.98025 ], [ 537798.00301, 6403097.04173 ], [ 537788.24555, 6403125.09595 ], [ 537823.30113, 6403135.79426 ], [ 537831.30956, 6403137.72583 ], [ 537829.34479, 6403141.73832 ], [ 537828.3873, 6403146.74148 ], [ 537820.53653, 6403163.7904 ], [ 537955.63117, 6403190.64155 ], [ 538020.74742, 6403212.07965 ], [ 538024.75164, 6403213.04544 ] ] ] ] } },
{ "type": "Feature", "properties": { "COMMUNE": "Capdrot", "COMMUNAUTE": "CC des Bastides Dordogne Périgord", "INSEE_COMM": 24080, "ID_CDECOMM": 21, "SURFACE_UR": 1.7348, "COVISIBILI": "non", "SITUATION_": "clairiere", "SITUATION1": "plateau plaine" }, "geometry": { "type": "MultiPolygon", "coordinates": [ [ [ [ 538232.0305, 6401226.22423 ], [ 538264.70621, 6401190.98626 ], [ 538266.68756, 6401188.97171 ], [ 538283.76983, 6401200.81837 ], [ 538311.48385, 6401169.61779 ], [ 538296.30821, 6401146.7658 ], [ 538293.12862, 6401124.81322 ], [ 538292.04661, 6401114.83175 ], [ 538282.09834, 6401119.90961 ], [ 538247.29184, 6401139.18056 ], [ 538236.08721, 6401113.29845 ], [ 538229.9522, 6401096.36564 ], [ 538168.04044, 6401099.877 ], [ 538166.04248, 6401099.89359 ], [ 538165.7602, 6401065.92841 ], [ 538129.80528, 6401067.22609 ], [ 538129.8717, 6401075.21789 ], [ 538128.98065, 6401088.21288 ], [ 538129.03046, 6401094.20674 ], [ 538130.07926, 6401100.19229 ], [ 538132.11042, 6401104.1716 ], [ 538134.14989, 6401109.14989 ], [ 538163.28632, 6401128.88879 ], [ 538163.28632, 6401128.88879 ], [ 538146.41992, 6401143.01551 ], [ 538146.41992, 6401143.01551 ], [ 538141.42503, 6401143.057 ], [ 538149.5829, 6401162.97014 ], [ 538129.68636, 6401173.12584 ], [ 538131.75903, 6401182.10003 ], [ 538131.79224, 6401186.09594 ], [ 538118.80552, 6401186.2038 ], [ 538103.78763, 6401182.33236 ], [ 538101.8561, 6401190.34076 ], [ 538114.87603, 6401194.2288 ], [ 538122.11795, 6401224.14 ], [ 538159.97951, 6401211.837 ], [ 538195.85141, 6401200.54956 ], [ 538232.0305, 6401226.22423 ] ] ] ] } },
{ "type": "Feature", "properties": { "COMMUNE": "Capdrot", "COMMUNAUTE": "CC des Bastides Dordogne Périgord", "INSEE_COMM": 24080, "ID_CDECOMM": 21, "SURFACE_UR": 3.6093, "COVISIBILI": "non", "SITUATION_": "clairiere", "SITUATION1": "plateau plaine" }, "geometry": { "type": "MultiPolygon", "coordinates": [ [ [ [ 535498.86565, 6400291.83765 ], [ 535540.00633, 6400313.475 ], [ 535542.89536, 6400300.46344 ], [ 535543.76984, 6400285.47051 ], [ 535560.83546, 6400295.31924 ], [ 535573.86367, 6400300.20628 ], [ 535575.83672, 6400297.19277 ], [ 535587.40116, 6400246.14547 ], [ 535549.27401, 6400226.48119 ], [ 535551.17237, 6400214.47689 ], [ 535568.15499, 6400214.33587 ], [ 535580.13442, 6400213.23735 ], [ 535583.13135, 6400213.21247 ], [ 535592.78083, 6400172.17152 ], [ 535599.54127, 6400144.14214 ], [ 535587.45394, 6400132.25398 ], [ 535607.14299, 6400097.12394 ], [ 535620.1961, 6400105.0079 ], [ 535652.31575, 6400002.83868 ], [ 535650.24309, 6399993.86449 ], [ 535610.1014, 6399972.21885 ], [ 535597.0317, 6399962.33694 ], [ 535595.98292, 6399956.35138 ], [ 535594.83454, 6399938.37812 ], [ 535592.95279, 6399952.38037 ], [ 535590.04715, 6399963.39398 ], [ 535575.26999, 6399988.49279 ], [ 535522.51509, 6400011.90887 ], [ 535449.85534, 6400044.48163 ], [ 535494.39134, 6400114.04491 ], [ 535456.96968, 6400179.29353 ], [ 535527.421, 6400241.64831 ], [ 535497.85007, 6400289.84799 ], [ 535497.86667, 6400291.84595 ], [ 535498.86565, 6400291.83765 ] ] ] ] } },
{ "type": "Feature", "properties": { "COMMUNE": "Soulaures", "COMMUNAUTE": "CC des Bastides Dordogne Périgord", "INSEE_COMM": 24542, "ID_CDECOMM": 21, "SURFACE_UR": 2.6108, "COVISIBILI": "non", "SITUATION_": "boise", "SITUATION1": "pente" }, "geometry": { "type": "MultiPolygon", "coordinates": [ [ [ [ 533853.55526, 6395375.22382 ], [ 533921.87029, 6395300.72762 ], [ 533923.85164, 6395298.71309 ], [ 533833.64023, 6395142.6127 ], [ 533810.59747, 6395134.81168 ], [ 533810.59747, 6395134.81168 ], [ 533750.65912, 6395135.30932 ], [ 533742.52627, 6395118.39315 ], [ 533735.45048, 6395108.46149 ], [ 533730.38923, 6395100.51119 ], [ 533712.08409, 6395061.70059 ], [ 533651.32933, 6395084.18389 ], [ 533650.37185, 6395089.18704 ], [ 533652.47767, 6395102.15708 ], [ 533655.53268, 6395109.125 ], [ 533660.58563, 6395116.07634 ], [ 533663.59914, 6395118.0494 ], [ 533672.64798, 6395124.96755 ], [ 533683.68647, 6395130.87015 ], [ 533709.76763, 6395143.64114 ], [ 533726.83315, 6395153.48986 ], [ 533738.8955, 6395162.38108 ], [ 533748.97651, 6395173.28683 ], [ 533779.34401, 6395220.98866 ], [ 533796.64188, 6395258.80858 ], [ 533826.12658, 6395320.50431 ], [ 533842.40889, 6395356.33459 ], [ 533853.55526, 6395375.22382 ] ] ] ] } },
{ "type": "Feature", "properties": { "COMMUNE": "Saint-Marcory", "COMMUNAUTE": "CC des Bastides Dordogne Périgord", "INSEE_COMM": 24446, "ID_CDECOMM": 21, "SURFACE_UR": 3.92395, "COVISIBILI": "non", "SITUATION_": "non boise", "SITUATION1": "plateau plaine" }, "geometry": { "type": "MultiPolygon", "coordinates": [ [ [ [ 535730.72978, 6404631.75536 ], [ 535738.72992, 6404632.68797 ], [ 535752.96456, 6404662.54106 ], [ 535766.9254, 6404659.428 ], [ 535766.9254, 6404659.428 ], [ 535788.86979, 6404655.2496 ], [ 535788.86979, 6404655.2496 ], [ 535788.86979, 6404655.2496 ], [ 535786.78885, 6404645.27645 ], [ 535787.78784, 6404645.26816 ], [ 535787.78784, 6404645.26816 ], [ 535798.73514, 6404640.18204 ], [ 535798.73514, 6404640.18204 ], [ 535786.53165, 6404614.30825 ], [ 535771.27314, 6404581.46654 ], [ 535770.24097, 6404577.47894 ], [ 535766.17867, 6404569.52033 ], [ 535763.12365, 6404562.55239 ], [ 535747.86515, 6404529.71068 ], [ 535706.12703, 6404436.14723 ], [ 535701.16532, 6404440.1846 ], [ 535684.94102, 6404411.34708 ], [ 535625.42038, 6404341.90833 ], [ 535564.78126, 6404378.3774 ], [ 535550.16161, 6404422.45668 ], [ 535546.26525, 6404434.47755 ], [ 535539.42172, 6404452.51715 ], [ 535667.73592, 6404625.28514 ], [ 535681.72994, 6404626.16798 ], [ 535694.73329, 6404628.05809 ], [ 535698.72921, 6404628.02491 ], [ 535704.73139, 6404628.97411 ], [ 535707.72833, 6404628.94923 ], [ 535730.72978, 6404631.75536 ] ] ] ] } },
{ "type": "Feature", "properties": { "COMMUNE": "Capdrot", "COMMUNAUTE": "CC des Bastides Dordogne Périgord", "INSEE_COMM": 24080, "ID_CDECOMM": 21, "SURFACE_UR": 4.1232, "COVISIBILI": "oui", "SITUATION_": "clairiere", "SITUATION1": "plateau plaine" }, "geometry": { "type": "MultiPolygon", "coordinates": [ [ [ [ 533793.61405, 6400186.11122 ], [ 533846.56816, 6400186.67062 ], [ 533847.21861, 6400144.70536 ], [ 533860.20532, 6400144.59753 ], [ 533868.10585, 6400133.54245 ], [ 533868.06436, 6400128.54758 ], [ 533870.94512, 6400114.53704 ], [ 533871.85282, 6400103.54002 ], [ 533864.7521, 6400090.61139 ], [ 533848.74356, 6400087.74717 ], [ 533842.7248, 6400084.80001 ], [ 533831.68626, 6400078.89739 ], [ 533822.65398, 6400073.97716 ], [ 533821.655, 6400073.98546 ], [ 533816.58543, 6400065.03615 ], [ 533813.547, 6400060.06615 ], [ 533807.49505, 6400053.12309 ], [ 533806.49607, 6400053.13139 ], [ 533799.43685, 6400045.19764 ], [ 533794.40047, 6400040.24423 ], [ 533773.29747, 6400025.43378 ], [ 533741.26381, 6400017.70738 ], [ 533697.33371, 6400021.06924 ], [ 533700.44681, 6400035.03001 ], [ 533633.6398, 6400050.57033 ], [ 533638.68448, 6400056.52272 ], [ 533590.80824, 6400065.91163 ], [ 533588.7688, 6400060.93335 ], [ 533586.72105, 6400054.9561 ], [ 533585.69718, 6400051.96748 ], [ 533584.6982, 6400051.97578 ], [ 533552.83047, 6400064.22914 ], [ 533537.91218, 6400072.34547 ], [ 533528.94626, 6400075.41711 ], [ 533530.16929, 6400102.38114 ], [ 533531.20975, 6400107.36772 ], [ 533534.38095, 6400128.3213 ], [ 533541.53146, 6400147.24372 ], [ 533545.63524, 6400160.1972 ], [ 533551.65401, 6400163.14431 ], [ 533566.63039, 6400162.02081 ], [ 533570.618, 6400160.98863 ], [ 533584.5954, 6400159.87343 ], [ 533637.54122, 6400159.43377 ], [ 533671.42347, 6400149.16202 ], [ 533671.46496, 6400154.1569 ], [ 533671.80519, 6400195.11489 ], [ 533729.6629, 6400184.64409 ], [ 533733.65881, 6400184.61091 ], [ 533767.64064, 6400186.32687 ], [ 533784.62326, 6400186.18587 ], [ 533793.61405, 6400186.11122 ] ] ] ] } },
{ "type": "Feature", "properties": { "COMMUNE": "Saint-Marcory", "COMMUNAUTE": "CC des Bastides Dordogne Périgord", "INSEE_COMM": 24446, "ID_CDECOMM": 21, "SURFACE_UR": 1.5979, "COVISIBILI": "non", "SITUATION_": "non boise", "SITUATION1": "plateau plaine" }, "geometry": { "type": "MultiPolygon", "coordinates": [ [ [ [ 536015.80426, 6405274.7701 ], [ 536059.65986, 6405262.4174 ], [ 536045.32565, 6405220.5766 ], [ 536033.92201, 6405170.71912 ], [ 536032.87325, 6405164.73357 ], [ 536029.76844, 6405151.77179 ], [ 536026.7549, 6405149.79872 ], [ 536025.73103, 6405146.8101 ], [ 536024.69886, 6405142.82249 ], [ 536022.63452, 6405134.84729 ], [ 536017.54835, 6405123.90005 ], [ 536016.55767, 6405124.90732 ], [ 536012.47048, 6405113.95178 ], [ 535976.48561, 6404991.36826 ], [ 535972.19099, 6404955.43836 ], [ 535973.1153, 6404946.4393 ], [ 535975.0054, 6404933.43604 ], [ 535976.9121, 6404922.43073 ], [ 535948.99041, 6404928.65685 ], [ 535931.03365, 6404931.80309 ], [ 535933.28052, 6404961.75573 ], [ 535934.36247, 6404971.73718 ], [ 535936.46, 6404983.70828 ], [ 535937.55025, 6404994.68871 ], [ 535938.6156, 6405002.67221 ], [ 535943.79304, 6405024.60817 ], [ 535955.22987, 6405078.46154 ], [ 535958.34297, 6405092.4223 ], [ 535963.537, 6405116.35621 ], [ 535965.58475, 6405122.33346 ], [ 535967.64909, 6405130.30867 ], [ 535975.85666, 6405156.21564 ], [ 535979.96874, 6405170.16811 ], [ 535982.00819, 6405175.14639 ], [ 535983.04036, 6405179.13399 ], [ 535994.30295, 6405212.0089 ], [ 535995.31852, 6405213.99855 ], [ 536000.46277, 6405231.93862 ], [ 536010.6849, 6405259.82695 ], [ 536014.77209, 6405270.78249 ], [ 536015.80426, 6405274.7701 ] ] ] ] } },
{ "type": "Feature", "properties": { "COMMUNE": "Saint-Avit-Sénieur", "COMMUNAUTE": "CC des Bastides Dordogne Périgord", "INSEE_COMM": 24379, "ID_CDECOMM": 21, "SURFACE_UR": 6.39405, "COVISIBILI": "oui", "SITUATION_": "clairiere", "SITUATION1": "plateau plaine" }, "geometry": { "type": "MultiPolygon", "coordinates": [ [ [ [ 528253.02261, 6408984.74673 ], [ 528263.91187, 6408972.66779 ], [ 528269.49932, 6408923.66825 ], [ 528268.4091, 6408912.68781 ], [ 528289.32135, 6408904.52184 ], [ 528299.19504, 6408890.45325 ], [ 528345.10671, 6408885.07685 ], [ 528353.08198, 6408883.01255 ], [ 528382.99336, 6408875.7709 ], [ 528408.99176, 6408878.55218 ], [ 528409.99074, 6408878.54389 ], [ 528412.77203, 6408852.54565 ], [ 528415.5699, 6408828.54537 ], [ 528392.55547, 6408703.85595 ], [ 528389.46728, 6408692.89211 ], [ 528378.13841, 6408652.02537 ], [ 528371.98692, 6408633.09461 ], [ 528347.02897, 6408635.29991 ], [ 528325.78493, 6408603.50689 ], [ 528347.52198, 6408574.35414 ], [ 528316.29642, 6408543.64304 ], [ 528264.23794, 6408650.97294 ], [ 528235.04352, 6408624.24115 ], [ 528233.07044, 6408627.25466 ], [ 528229.13258, 6408634.28066 ], [ 528215.3542, 6408659.37115 ], [ 528203.54061, 6408680.44915 ], [ 528268.03117, 6408746.84966 ], [ 528207.00673, 6408857.25114 ], [ 528206.01604, 6408858.25841 ], [ 528193.22006, 6408881.34265 ], [ 528210.23592, 6408885.19756 ], [ 528177.76721, 6408945.40976 ], [ 528180.82222, 6408952.37771 ], [ 528171.00659, 6408973.43912 ], [ 528164.15473, 6408990.47976 ], [ 528156.2873, 6409005.53074 ], [ 528142.51721, 6409031.6202 ], [ 528110.01532, 6409087.83651 ], [ 528106.05258, 6409091.86558 ], [ 528100.13334, 6409100.90612 ], [ 528100.13334, 6409100.90612 ], [ 528097.16957, 6409104.9269 ], [ 528091.26692, 6409115.96539 ], [ 528093.27318, 6409116.94778 ], [ 528123.4417, 6409140.67438 ], [ 528127.4708, 6409144.6371 ], [ 528133.49787, 6409148.58324 ], [ 528197.53585, 6409040.15482 ], [ 528226.10817, 6408991.96349 ], [ 528253.02261, 6408984.74673 ] ] ] ] } },
{ "type": "Feature", "properties": { "COMMUNE": "Saint-Avit-Sénieur", "COMMUNAUTE": "CC des Bastides Dordogne Périgord", "INSEE_COMM": 24379, "ID_CDECOMM": 21, "SURFACE_UR": 3.77655, "COVISIBILI": "oui", "SITUATION_": "clairiere", "SITUATION1": "pente" }, "geometry": { "type": "MultiPolygon", "coordinates": [ [ [ [ 528156.55014, 6409398.15291 ], [ 528148.62464, 6409406.21106 ], [ 528147.86621, 6409435.18964 ], [ 528171.90812, 6409442.9824 ], [ 528188.97376, 6409452.83116 ], [ 528206.03939, 6409462.67992 ], [ 528221.74108, 6409428.58206 ], [ 528222.71518, 6409425.57684 ], [ 528241.76218, 6409433.41106 ], [ 528296.89695, 6409455.93134 ], [ 528326.97423, 6409468.66921 ], [ 528332.96812, 6409468.61945 ], [ 528341.96725, 6409469.54378 ], [ 528359.03288, 6409479.39254 ], [ 528412.08674, 6409491.93966 ], [ 528423.70126, 6409446.88623 ], [ 528419.69703, 6409445.92043 ], [ 528391.66749, 6409439.15983 ], [ 528403.36495, 6409404.09616 ], [ 528340.31299, 6409390.63301 ], [ 528332.30454, 6409388.70141 ], [ 528333.25376, 6409382.69926 ], [ 528338.04959, 6409358.68238 ], [ 528340.92212, 6409343.67287 ], [ 528345.73454, 6409321.65394 ], [ 528329.59324, 6409302.80611 ], [ 528323.54129, 6409295.86304 ], [ 528317.51422, 6409291.9169 ], [ 528288.39445, 6409274.17586 ], [ 528276.57256, 6409294.2549 ], [ 528263.77658, 6409317.33915 ], [ 528260.82111, 6409322.35891 ], [ 528244.08726, 6409352.46917 ], [ 528231.03414, 6409344.58518 ], [ 528228.07038, 6409348.60597 ], [ 528224.04957, 6409345.64221 ], [ 528093.28251, 6409358.71639 ], [ 528087.18909, 6409346.77845 ], [ 528079.06452, 6409330.86119 ], [ 528058.99365, 6409320.03834 ], [ 528030.23055, 6409345.25324 ], [ 528022.29676, 6409352.31241 ], [ 528016.47706, 6409373.34066 ], [ 528016.75078, 6409406.30684 ], [ 528030.7614, 6409409.18766 ], [ 528042.77407, 6409412.08506 ], [ 528111.67891, 6409408.51588 ], [ 528114.66756, 6409407.49202 ], [ 528134.62231, 6409404.32922 ], [ 528156.55014, 6409398.15291 ] ] ] ] } },
{ "type": "Feature", "properties": { "COMMUNE": "Saint-Avit-Sénieur", "COMMUNAUTE": "CC des Bastides Dordogne Périgord", "INSEE_COMM": 24379, "ID_CDECOMM": 21, "SURFACE_UR": 6.1553, "COVISIBILI": "oui", "SITUATION_": "clairiere", "SITUATION1": "plateau plaine" }, "geometry": { "type": "MultiPolygon", "coordinates": [ [ [ [ 529283.76884, 6409072.09699 ], [ 529284.39455, 6409027.1348 ], [ 529293.3605, 6409024.06322 ], [ 529299.3378, 6409022.0155 ], [ 529298.29734, 6409017.02892 ], [ 529302.2435, 6409011.00188 ], [ 529304.20828, 6409006.98939 ], [ 529306.14818, 6408999.97997 ], [ 529307.05592, 6408988.98295 ], [ 529303.76865, 6408954.04369 ], [ 529302.60377, 6408934.07247 ], [ 529300.43991, 6408914.10955 ], [ 529295.445, 6408914.15102 ], [ 529294.37966, 6408906.16751 ], [ 529294.23865, 6408889.18493 ], [ 529294.19718, 6408884.19005 ], [ 529306.17666, 6408883.09154 ], [ 529336.13781, 6408881.84372 ], [ 529355.11016, 6408880.68715 ], [ 529358.10711, 6408880.66226 ], [ 529376.5284, 6408933.45866 ], [ 529377.53568, 6408934.44934 ], [ 529379.23503, 6408898.46963 ], [ 529380.85142, 6408852.50017 ], [ 529380.85142, 6408852.50017 ], [ 529381.7011, 6408834.51032 ], [ 529381.7011, 6408834.51032 ], [ 529381.67621, 6408831.51339 ], [ 529384.39113, 6408797.52334 ], [ 529384.39113, 6408797.52334 ], [ 529387.95572, 6408745.54343 ], [ 529385.94946, 6408744.56105 ], [ 529380.94626, 6408743.60355 ], [ 529388.85516, 6408733.54743 ], [ 529397.71327, 6408717.48917 ], [ 529416.36213, 6408677.37256 ], [ 529405.00006, 6408632.50991 ], [ 529372.10003, 6408640.77544 ], [ 529364.12477, 6408642.83975 ], [ 529340.19899, 6408649.03268 ], [ 529252.47111, 6408671.74008 ], [ 529245.48653, 6408672.79711 ], [ 529214.55958, 6408678.04913 ], [ 529184.63162, 6408683.29284 ], [ 529180.36196, 6408650.35984 ], [ 529120.48943, 6408658.84932 ], [ 529123.7684, 6408692.7896 ], [ 529125.96544, 6408716.74841 ], [ 529151.90578, 6408712.53685 ], [ 529164.87595, 6408710.43107 ], [ 529170.31878, 6408764.33427 ], [ 529199.27265, 6408762.09577 ], [ 529198.44786, 6408783.08255 ], [ 529191.26061, 6408880.04952 ], [ 529190.45241, 6408903.03425 ], [ 529189.52808, 6408912.03333 ], [ 529210.07176, 6408979.79777 ], [ 529239.93338, 6408966.56225 ], [ 529245.08589, 6408985.50131 ], [ 529265.99814, 6408977.33532 ], [ 529267.98781, 6408976.31976 ], [ 529270.14337, 6408995.2837 ], [ 529273.44723, 6409032.22091 ], [ 529278.70757, 6409064.14666 ], [ 529283.76884, 6409072.09699 ] ] ] ] } },
{ "type": "Feature", "properties": { "COMMUNE": "Soulaures", "COMMUNAUTE": "CC des Bastides Dordogne Périgord", "INSEE_COMM": 24542, "ID_CDECOMM": 21, "SURFACE_UR": 0.599, "COVISIBILI": "non", "SITUATION_": "clairiere", "SITUATION1": "plateau plaine" }, "geometry": { "type": "MultiPolygon", "coordinates": [ [ [ [ 533868.92067, 6397345.20603 ], [ 533903.76861, 6397330.93011 ], [ 533905.76656, 6397330.91353 ], [ 533911.76871, 6397331.86274 ], [ 533916.77188, 6397332.82024 ], [ 533913.65878, 6397318.85949 ], [ 533910.62866, 6397314.88848 ], [ 533888.40227, 6397285.10175 ], [ 533880.29429, 6397271.18248 ], [ 533871.33671, 6397275.25302 ], [ 533866.26715, 6397266.30373 ], [ 533836.88197, 6397216.5956 ], [ 533833.84356, 6397211.62561 ], [ 533830.80514, 6397206.65563 ], [ 533824.83619, 6397209.70231 ], [ 533799.9697, 6397222.89631 ], [ 533800.98528, 6397224.88597 ], [ 533815.18668, 6397250.74315 ], [ 533835.45661, 6397285.54134 ], [ 533844.58845, 6397302.44924 ], [ 533868.92067, 6397345.20603 ] ] ] ] } },
{ "type": "Feature", "properties": { "COMMUNE": "Saint-Marcory", "COMMUNAUTE": "CC des Bastides Dordogne Périgord", "INSEE_COMM": 24446, "ID_CDECOMM": 21, "SURFACE_UR": 0.6187, "COVISIBILI": "oui", "SITUATION_": "non boise", "SITUATION1": "pente" }, "geometry": { "type": "MultiPolygon", "coordinates": [ [ [ [ 536284.22482, 6404874.92183 ], [ 536318.95683, 6404846.6602 ], [ 536309.84155, 6404831.75024 ], [ 536292.64315, 6404805.91794 ], [ 536308.50238, 6404790.80059 ], [ 536360.03452, 6404740.4205 ], [ 536254.38318, 6404770.2701 ], [ 536252.75029, 6404814.24156 ], [ 536253.83224, 6404824.22301 ], [ 536253.85714, 6404827.21993 ], [ 536253.88203, 6404830.21686 ], [ 536254.9142, 6404834.20446 ], [ 536259.00139, 6404845.15999 ], [ 536265.08654, 6404856.09894 ], [ 536268.11667, 6404860.06995 ], [ 536272.16238, 6404866.03061 ], [ 536277.19047, 6404869.98503 ], [ 536281.21958, 6404873.94774 ], [ 536284.22482, 6404874.92183 ] ] ] ] } },
{ "type": "Feature", "properties": { "COMMUNE": "Capdrot", "COMMUNAUTE": "CC des Bastides Dordogne Périgord", "INSEE_COMM": 24080, "ID_CDECOMM": 21, "SURFACE_UR": 6.29735, "COVISIBILI": "oui", "SITUATION_": "non boise", "SITUATION1": "ligne de crete" }, "geometry": { "type": "MultiPolygon", "coordinates": [ [ [ [ 533681.47432, 6401599.69164 ], [ 533762.21735, 6401578.04132 ], [ 533816.06263, 6401565.60573 ], [ 533773.7404, 6401521.99911 ], [ 533751.33966, 6401471.23379 ], [ 533740.06046, 6401436.36085 ], [ 533732.88505, 6401414.44143 ], [ 533713.38168, 6401351.66351 ], [ 533733.31976, 6401346.50274 ], [ 533718.81958, 6401284.68233 ], [ 533706.42523, 6401235.83203 ], [ 533704.36088, 6401227.8568 ], [ 533720.29475, 6401221.73024 ], [ 533703.97087, 6401180.90493 ], [ 533685.58266, 6401132.10439 ], [ 533682.59402, 6401133.12824 ], [ 533656.23057, 6401086.39201 ], [ 533587.49189, 6401109.94098 ], [ 533580.62351, 6401124.98373 ], [ 533522.80719, 6401140.44983 ], [ 533589.11, 6401304.74135 ], [ 533631.22157, 6401443.25874 ], [ 533681.47432, 6401599.69164 ] ] ] ] } },
{ "type": "Feature", "properties": { "COMMUNE": "Capdrot", "COMMUNAUTE": "CC des Bastides Dordogne Périgord", "INSEE_COMM": 24080, "ID_CDECOMM": 21, "SURFACE_UR": 4.34875, "COVISIBILI": "non", "SITUATION_": "non boise", "SITUATION1": "plateau plaine" }, "geometry": { "type": "MultiPolygon", "coordinates": [ [ [ [ 534826.47651, 6399085.58053 ], [ 534830.44752, 6399082.55043 ], [ 534842.36884, 6399074.45909 ], [ 534851.30983, 6399068.39059 ], [ 534856.27152, 6399064.35322 ], [ 534877.07574, 6399043.20057 ], [ 534897.88826, 6399023.04689 ], [ 534927.61687, 6398993.82778 ], [ 534963.29784, 6398959.56403 ], [ 534965.27919, 6398957.54949 ], [ 534954.04147, 6398927.6715 ], [ 534923.7734, 6398891.95727 ], [ 534890.18474, 6398817.30792 ], [ 534897.15267, 6398814.25293 ], [ 534889.05297, 6398801.33262 ], [ 534871.8131, 6398770.50543 ], [ 534846.48183, 6398727.7569 ], [ 534841.22967, 6398696.83017 ], [ 534841.15498, 6398687.8394 ], [ 534840.04811, 6398674.86103 ], [ 534828.20979, 6398692.9421 ], [ 534821.29995, 6398702.98991 ], [ 534788.47482, 6398720.2462 ], [ 534802.66797, 6398745.10443 ], [ 534759.57614, 6398849.36273 ], [ 534763.62184, 6398855.3234 ], [ 534767.67583, 6398862.28304 ], [ 534788.92821, 6398895.07501 ], [ 534779.64388, 6398980.07079 ], [ 534772.80043, 6398998.11039 ], [ 534771.83465, 6399002.11458 ], [ 534798.1483, 6399042.85688 ], [ 534826.47651, 6399085.58053 ] ] ] ] } },
{ "type": "Feature", "properties": { "COMMUNE": "Capdrot", "COMMUNAUTE": "CC des Bastides Dordogne Périgord", "INSEE_COMM": 24080, "ID_CDECOMM": 21, "SURFACE_UR": 2.43545, "COVISIBILI": "non", "SITUATION_": "non boise", "SITUATION1": "plateau plaine" }, "geometry": { "type": "MultiPolygon", "coordinates": [ [ [ [ 533384.03349, 6400790.93818 ], [ 533426.46358, 6400847.53116 ], [ 533434.55498, 6400859.45247 ], [ 533446.6672, 6400874.33749 ], [ 533463.84899, 6400898.1718 ], [ 533466.85423, 6400899.14587 ], [ 533474.92904, 6400909.06922 ], [ 533487.08274, 6400928.94913 ], [ 533491.14504, 6400936.90773 ], [ 533496.20632, 6400944.85804 ], [ 533491.21972, 6400945.89852 ], [ 533446.34035, 6400955.26285 ], [ 533469.81474, 6401015.01049 ], [ 533521.65378, 6401001.59215 ], [ 533516.5676, 6400990.64492 ], [ 533504.34751, 6400962.7732 ], [ 533500.27692, 6400953.81562 ], [ 533512.25637, 6400952.71703 ], [ 533602.03171, 6400935.98632 ], [ 533612.0049, 6400933.90535 ], [ 533591.67681, 6400892.11438 ], [ 533587.6311, 6400886.15373 ], [ 533569.32586, 6400847.34309 ], [ 533536.40105, 6400852.6119 ], [ 533486.66278, 6400758.11594 ], [ 533444.79694, 6400769.45332 ], [ 533384.03349, 6400790.93818 ] ] ] ] } },
{ "type": "Feature", "properties": { "COMMUNE": "Capdrot", "COMMUNAUTE": "CC des Bastides Dordogne Périgord", "INSEE_COMM": 24080, "ID_CDECOMM": 21, "SURFACE_UR": 5.09295, "COVISIBILI": "non", "SITUATION_": "clairiere", "SITUATION1": "plateau plaine" }, "geometry": { "type": "MultiPolygon", "coordinates": [ [ [ [ 535276.04988, 6400047.92294 ], [ 535421.12039, 6399952.80818 ], [ 535413.99475, 6399936.88264 ], [ 535442.8655, 6399924.65438 ], [ 535451.82309, 6399920.58382 ], [ 535472.75182, 6399914.41577 ], [ 535497.71795, 6399913.20941 ], [ 535540.64077, 6399908.85681 ], [ 535583.58019, 6399906.50216 ], [ 535584.49617, 6399896.50412 ], [ 535583.45569, 6399891.51754 ], [ 535582.40692, 6399885.53198 ], [ 535579.39338, 6399883.55892 ], [ 535572.35904, 6399878.62211 ], [ 535566.30708, 6399871.67905 ], [ 535563.28525, 6399868.70701 ], [ 535558.24056, 6399862.75464 ], [ 535517.96608, 6399825.1254 ], [ 535516.9588, 6399824.13472 ], [ 535505.92025, 6399818.23211 ], [ 535487.88887, 6399812.38758 ], [ 535480.88773, 6399811.44667 ], [ 535465.90307, 6399811.5711 ], [ 535459.90091, 6399810.62189 ], [ 535444.94115, 6399813.74325 ], [ 535431.98764, 6399817.84699 ], [ 535426.01038, 6399819.89471 ], [ 535414.08075, 6399826.98708 ], [ 535397.18114, 6399837.11784 ], [ 535381.2722, 6399846.24134 ], [ 535380.24003, 6399842.25374 ], [ 535356.93156, 6399802.48552 ], [ 535349.84742, 6399791.55486 ], [ 535348.88995, 6399796.55803 ], [ 535350.14621, 6399827.51797 ], [ 535350.26241, 6399841.50362 ], [ 535331.12415, 6399822.6807 ], [ 535207.97305, 6399910.62013 ], [ 535181.06706, 6399918.83589 ], [ 535161.13731, 6399924.99564 ], [ 535163.31785, 6399946.95651 ], [ 535136.39526, 6399953.17433 ], [ 535133.41493, 6399955.19716 ], [ 535126.45529, 6399959.25113 ], [ 535121.56, 6399971.2803 ], [ 535125.78829, 6399999.21843 ], [ 535125.93768, 6400017.19999 ], [ 535241.47047, 6399974.2808 ], [ 535276.04988, 6400047.92294 ] ] ] ] } },
{ "type": "Feature", "properties": { "COMMUNE": "Lavalade", "COMMUNAUTE": "CC des Bastides Dordogne Périgord", "INSEE_COMM": 24231, "ID_CDECOMM": 21, "SURFACE_UR": 1.23375, "COVISIBILI": "oui", "SITUATION_": "non boise", "SITUATION1": "ligne de crete" }, "geometry": { "type": "MultiPolygon", "coordinates": [ [ [ [ 529802.05096, 6402307.27411 ], [ 529877.60014, 6402261.68964 ], [ 529889.52154, 6402253.59827 ], [ 529907.85988, 6402296.40482 ], [ 529935.70688, 6402281.18787 ], [ 529916.35297, 6402236.39166 ], [ 529878.76857, 6402161.77558 ], [ 529865.88137, 6402173.87114 ], [ 529854.96725, 6402182.95319 ], [ 529845.05211, 6402192.02694 ], [ 529831.14935, 6402202.13285 ], [ 529824.18967, 6402206.18683 ], [ 529814.24965, 6402212.26365 ], [ 529793.36232, 6402223.42662 ], [ 529757.56495, 6402243.70483 ], [ 529760.60337, 6402248.67481 ], [ 529761.60235, 6402248.66651 ], [ 529768.68645, 6402259.59715 ], [ 529768.69475, 6402260.59612 ], [ 529772.73214, 6402265.5578 ], [ 529772.74044, 6402266.55678 ], [ 529786.89206, 6402286.42011 ], [ 529802.05096, 6402307.27411 ] ] ] ] } },
{ "type": "Feature", "properties": { "COMMUNE": "Saint-Cassien", "COMMUNAUTE": "CC des Bastides Dordogne Périgord", "INSEE_COMM": 24384, "ID_CDECOMM": 21, "SURFACE_UR": 0.21355, "COVISIBILI": "non", "SITUATION_": "non boise", "SITUATION1": "plateau plaine" }, "geometry": { "type": "MultiPolygon", "coordinates": [ [ [ [ 528244.08624, 6400328.12423 ], [ 528285.87745, 6400307.79628 ], [ 528311.75136, 6400295.59287 ], [ 528300.56354, 6400271.70881 ], [ 528266.71439, 6400285.97654 ], [ 528240.82389, 6400296.18201 ], [ 528230.87558, 6400301.25984 ], [ 528244.08624, 6400328.12423 ] ] ] ] } },
{ "type": "Feature", "properties": { "COMMUNE": "Lolme", "COMMUNAUTE": "CC des Bastides Dordogne Périgord", "INSEE_COMM": 24244, "ID_CDECOMM": 21, "SURFACE_UR": 0.7019, "COVISIBILI": "non", "SITUATION_": "non boise", "SITUATION1": "ligne de crete" }, "geometry": { "type": "MultiPolygon", "coordinates": [ [ [ [ 528585.3785, 6402808.90714 ], [ 528590.34851, 6402805.86874 ], [ 528602.28651, 6402799.77536 ], [ 528624.13965, 6402784.60828 ], [ 528659.92045, 6402762.33224 ], [ 528666.88013, 6402758.27828 ], [ 528668.8615, 6402756.26375 ], [ 528669.86048, 6402756.25545 ], [ 528676.82016, 6402752.20149 ], [ 528690.73123, 6402743.0946 ], [ 528696.69193, 6402739.04894 ], [ 528700.67126, 6402737.01781 ], [ 528667.28189, 6402686.34409 ], [ 528614.5682, 6402714.75499 ], [ 528626.72185, 6402734.63484 ], [ 528565.03393, 6402765.11835 ], [ 528585.3785, 6402808.90714 ] ] ] ] } },
{ "type": "Feature", "properties": { "COMMUNE": "Gaugeac", "COMMUNAUTE": "CC des Bastides Dordogne Périgord", "INSEE_COMM": 24195, "ID_CDECOMM": 21, "SURFACE_UR": 0.738, "COVISIBILI": "non", "SITUATION_": "clairiere", "SITUATION1": "plateau plaine" }, "geometry": { "type": "MultiPolygon", "coordinates": [ [ [ [ 531583.55317, 6398000.58636 ], [ 531584.54385, 6397999.57908 ], [ 531577.43486, 6397985.65158 ], [ 531571.30825, 6397969.71782 ], [ 531569.26881, 6397964.73956 ], [ 531565.20653, 6397956.78099 ], [ 531558.01458, 6397932.86375 ], [ 531548.94912, 6397923.94771 ], [ 531543.80489, 6397906.00771 ], [ 531539.75091, 6397899.04811 ], [ 531535.69693, 6397892.08851 ], [ 531528.62112, 6397882.1569 ], [ 531473.95948, 6397916.57855 ], [ 531509.39657, 6397973.22943 ], [ 531506.44942, 6397979.24817 ], [ 531502.495, 6397984.27624 ], [ 531526.76912, 6398020.04003 ], [ 531553.53408, 6397994.84157 ], [ 531571.53226, 6397996.69009 ], [ 531583.55317, 6398000.58636 ] ] ] ] } },
{ "type": "Feature", "properties": { "COMMUNE": "Lolme", "COMMUNAUTE": "CC des Bastides Dordogne Périgord", "INSEE_COMM": 24244, "ID_CDECOMM": 21, "SURFACE_UR": 0.75755, "COVISIBILI": "non", "SITUATION_": "non boise", "SITUATION1": "plateau plaine" }, "geometry": { "type": "MultiPolygon", "coordinates": [ [ [ [ 529035.62783, 6403612.39224 ], [ 529038.63307, 6403613.36632 ], [ 529053.68413, 6403621.23365 ], [ 529065.72166, 6403627.12792 ], [ 529079.76545, 6403634.00457 ], [ 529087.79047, 6403637.93408 ], [ 529100.83527, 6403644.81903 ], [ 529109.85928, 6403648.74025 ], [ 529116.86873, 6403650.68011 ], [ 529124.87716, 6403652.61169 ], [ 529157.19651, 6403574.41811 ], [ 529150.17877, 6403571.47927 ], [ 529078.13606, 6403558.09102 ], [ 529060.12124, 6403554.24448 ], [ 529055.22587, 6403566.27362 ], [ 529049.2154, 6403564.32545 ], [ 529035.61124, 6403610.3943 ], [ 529035.62783, 6403612.39224 ] ] ] ] } },
{ "type": "Feature", "properties": { "COMMUNE": "Lolme", "COMMUNAUTE": "CC des Bastides Dordogne Périgord", "INSEE_COMM": 24244, "ID_CDECOMM": 21, "SURFACE_UR": 1.5065, "COVISIBILI": "non", "SITUATION_": "boise", "SITUATION1": "plateau plaine" }, "geometry": { "type": "MultiPolygon", "coordinates": [ [ [ [ 528517.88023, 6403102.18637 ], [ 528571.38554, 6403048.7929 ], [ 528573.36691, 6403046.77837 ], [ 528601.15587, 6403024.56871 ], [ 528601.13099, 6403021.5718 ], [ 528605.02737, 6403009.55096 ], [ 528611.86263, 6402990.51243 ], [ 528611.82116, 6402985.51758 ], [ 528611.78798, 6402981.5217 ], [ 528605.83557, 6402986.56633 ], [ 528576.83197, 6402982.81104 ], [ 528565.81831, 6402979.90539 ], [ 528540.80233, 6402975.11794 ], [ 528533.88412, 6402984.16676 ], [ 528512.73135, 6402963.36259 ], [ 528444.43212, 6403039.85683 ], [ 528434.53356, 6403050.92847 ], [ 528485.14614, 6403130.43134 ], [ 528507.96508, 6403111.26007 ], [ 528517.88023, 6403102.18637 ] ] ] ] } },
{ "type": "Feature", "properties": { "COMMUNE": "Marsalès", "COMMUNAUTE": "CC des Bastides Dordogne Périgord", "INSEE_COMM": 24257, "ID_CDECOMM": 21, "SURFACE_UR": 4.69655, "COVISIBILI": "non", "SITUATION_": "non boise", "SITUATION1": "plateau plaine" }, "geometry": { "type": "MultiPolygon", "coordinates": [ [ [ [ 532810.83707, 6401062.44593 ], [ 532815.16488, 6401102.37176 ], [ 532815.23126, 6401110.36356 ], [ 532816.28832, 6401117.34809 ], [ 532820.61613, 6401157.27392 ], [ 532822.73026, 6401171.24298 ], [ 532826.95021, 6401198.18212 ], [ 532827.99067, 6401203.1687 ], [ 532831.24483, 6401234.11205 ], [ 532833.35895, 6401248.08111 ], [ 532834.39942, 6401253.06769 ], [ 532838.67745, 6401286.99967 ], [ 532841.92331, 6401316.94404 ], [ 532949.68031, 6401300.06399 ], [ 532947.10982, 6401231.15125 ], [ 532970.03656, 6401224.96649 ], [ 532957.47628, 6401156.13676 ], [ 533085.14646, 6401131.09887 ], [ 533084.12259, 6401128.11024 ], [ 533084.11429, 6401127.11127 ], [ 533082.07485, 6401122.13299 ], [ 533068.806, 6401088.27572 ], [ 533067.75723, 6401082.29016 ], [ 533064.62753, 6401066.33145 ], [ 533060.44077, 6401043.38821 ], [ 533056.27061, 6401022.44292 ], [ 532810.83707, 6401062.44593 ] ] ] ] } },
{ "type": "Feature", "properties": { "COMMUNE": "Lolme", "COMMUNAUTE": "CC des Bastides Dordogne Périgord", "INSEE_COMM": 24244, "ID_CDECOMM": 21, "SURFACE_UR": 1.49705, "COVISIBILI": "non", "SITUATION_": "non boise", "SITUATION1": "plateau plaine" }, "geometry": { "type": "MultiPolygon", "coordinates": [ [ [ [ 528982.06806, 6403538.90806 ], [ 528962.0221, 6403531.08222 ], [ 528942.98341, 6403524.24705 ], [ 528904.88115, 6403507.5798 ], [ 528898.86239, 6403504.63266 ], [ 528874.80392, 6403494.84206 ], [ 528841.76292, 6403486.1251 ], [ 528832.73891, 6403482.20389 ], [ 528806.6576, 6403469.43296 ], [ 528788.97456, 6403505.54527 ], [ 528785.00353, 6403508.57537 ], [ 528769.95247, 6403500.70804 ], [ 528756.34001, 6403545.77791 ], [ 528899.67527, 6403602.53187 ], [ 528906.29487, 6403557.52008 ], [ 528965.35913, 6403572.01516 ], [ 528982.06806, 6403538.90806 ] ] ] ] } },
{ "type": "Feature", "properties": { "COMMUNE": "Saint-Romain-de-Monpazier", "COMMUNAUTE": "CC des Bastides Dordogne Périgord", "INSEE_COMM": 24495, "ID_CDECOMM": 21, "SURFACE_UR": 0.546, "COVISIBILI": "non", "SITUATION_": "clairiere", "SITUATION1": "plateau plaine" }, "geometry": { "type": "MultiPolygon", "coordinates": [ [ [ [ 534025.37225, 6404273.2723 ], [ 534062.24327, 6404261.97671 ], [ 534049.80752, 6404208.13165 ], [ 534047.75148, 6404201.15543 ], [ 534052.7132, 6404197.11806 ], [ 534058.64901, 6404190.07548 ], [ 534042.47452, 6404167.23179 ], [ 534027.33218, 6404148.3757 ], [ 533980.72854, 6404190.72242 ], [ 534003.99545, 6404225.49574 ], [ 534008.98205, 6404224.45529 ], [ 534013.00286, 6404227.41904 ], [ 534025.37225, 6404273.2723 ] ] ] ] } },
{ "type": "Feature", "properties": { "COMMUNE": "Lolme", "COMMUNAUTE": "CC des Bastides Dordogne Périgord", "INSEE_COMM": 24244, "ID_CDECOMM": 21, "SURFACE_UR": 0.4659, "COVISIBILI": "non", "SITUATION_": "clairiere", "SITUATION1": "plateau plaine" }, "geometry": { "type": "MultiPolygon", "coordinates": [ [ [ [ 528571.38554, 6403048.7929 ], [ 528517.88023, 6403102.18637 ], [ 528521.90933, 6403106.14907 ], [ 528524.92286, 6403108.12212 ], [ 528522.94149, 6403110.13666 ], [ 528525.95502, 6403112.10971 ], [ 528527.94468, 6403111.09415 ], [ 528537.00186, 6403119.01125 ], [ 528544.04449, 6403124.947 ], [ 528534.13764, 6403135.01967 ], [ 528540.17299, 6403139.96475 ], [ 528551.06224, 6403127.88584 ], [ 528561.96807, 6403117.80487 ], [ 528592.15314, 6403143.52923 ], [ 528615.89641, 6403115.35892 ], [ 528571.38554, 6403048.7929 ] ] ] ] } },
{ "type": "Feature", "properties": { "COMMUNE": "Gaugeac", "COMMUNAUTE": "CC des Bastides Dordogne Périgord", "INSEE_COMM": 24195, "ID_CDECOMM": 21, "SURFACE_UR": 0.74425, "COVISIBILI": "oui", "SITUATION_": "non boise", "SITUATION1": "plateau plaine" }, "geometry": { "type": "MultiPolygon", "coordinates": [ [ [ [ 532192.91887, 6400159.44913 ], [ 532168.87701, 6400151.65654 ], [ 532139.83196, 6400142.90649 ], [ 532123.80682, 6400138.04442 ], [ 532120.80159, 6400137.07035 ], [ 532111.79419, 6400135.14711 ], [ 532103.26802, 6400191.16439 ], [ 532101.32814, 6400198.17381 ], [ 532095.66615, 6400238.1826 ], [ 532119.63333, 6400236.98441 ], [ 532154.57269, 6400233.69697 ], [ 532159.56758, 6400233.65547 ], [ 532165.55315, 6400232.60669 ], [ 532179.53056, 6400231.49151 ], [ 532192.91887, 6400159.44913 ] ] ] ] } },
{ "type": "Feature", "properties": { "COMMUNE": "Lavalade", "COMMUNAUTE": "CC des Bastides Dordogne Périgord", "INSEE_COMM": 24231, "ID_CDECOMM": 21, "SURFACE_UR": 0.71305, "COVISIBILI": "non", "SITUATION_": "non boise", "SITUATION1": "plateau plaine" }, "geometry": { "type": "MultiPolygon", "coordinates": [ [ [ [ 531261.11309, 6401639.78137 ], [ 531304.91055, 6401620.43569 ], [ 531290.67595, 6401590.58262 ], [ 531271.34689, 6401548.78335 ], [ 531260.14242, 6401522.90129 ], [ 531254.04898, 6401510.96338 ], [ 531255.01478, 6401506.95918 ], [ 531258.96921, 6401501.93111 ], [ 531264.89672, 6401493.88952 ], [ 531261.81682, 6401483.92467 ], [ 531255.70679, 6401469.98881 ], [ 531252.64348, 6401462.02191 ], [ 531251.62791, 6401460.03226 ], [ 531250.52938, 6401448.05286 ], [ 531210.75272, 6401470.36227 ], [ 531250.83292, 6401604.90023 ], [ 531261.11309, 6401639.78137 ] ] ] ] } },
{ "type": "Feature", "properties": { "COMMUNE": "Lolme", "COMMUNAUTE": "CC des Bastides Dordogne Périgord", "INSEE_COMM": 24244, "ID_CDECOMM": 21, "SURFACE_UR": 1.107, "COVISIBILI": "non", "SITUATION_": "non boise", "SITUATION1": "pente" }, "geometry": { "type": "MultiPolygon", "coordinates": [ [ [ [ 529903.95601, 6404232.5783 ], [ 529889.84586, 6404217.70987 ], [ 529884.80948, 6404212.75649 ], [ 529889.7795, 6404209.71809 ], [ 529903.65739, 6404196.61529 ], [ 529911.60776, 6404191.55405 ], [ 529918.59233, 6404190.497 ], [ 529898.28092, 6404150.70405 ], [ 529765.05985, 6404108.85173 ], [ 529734.37349, 6404143.07398 ], [ 529805.74902, 6404196.42941 ], [ 529903.95601, 6404232.5783 ] ] ] ] } },
{ "type": "Feature", "properties": { "COMMUNE": "Marsalès", "COMMUNAUTE": "CC des Bastides Dordogne Périgord", "INSEE_COMM": 24257, "ID_CDECOMM": 21, "SURFACE_UR": 0.7474, "COVISIBILI": "non", "SITUATION_": "clairiere", "SITUATION1": "plateau plaine" }, "geometry": { "type": "MultiPolygon", "coordinates": [ [ [ [ 531244.84354, 6403169.45049 ], [ 531261.46951, 6403126.35362 ], [ 531275.16489, 6403091.27342 ], [ 531192.96648, 6403057.98883 ], [ 531162.59536, 6403130.17206 ], [ 531184.68076, 6403142.97614 ], [ 531189.69225, 6403144.93259 ], [ 531188.70986, 6403146.93883 ], [ 531192.73067, 6403149.90256 ], [ 531200.7474, 6403152.83309 ], [ 531201.74638, 6403152.82479 ], [ 531244.84354, 6403169.45049 ] ] ] ] } },
{ "type": "Feature", "properties": { "COMMUNE": "Lavalade", "COMMUNAUTE": "CC des Bastides Dordogne Périgord", "INSEE_COMM": 24231, "ID_CDECOMM": 21, "SURFACE_UR": 0.7765, "COVISIBILI": "non", "SITUATION_": "non boise", "SITUATION1": "plateau plaine" }, "geometry": { "type": "MultiPolygon", "coordinates": [ [ [ [ 531184.00998, 6402460.63689 ], [ 531238.60548, 6402418.22366 ], [ 531188.86736, 6402323.72779 ], [ 531156.06695, 6402343.98115 ], [ 531153.0866, 6402346.004 ], [ 531124.26551, 6402364.22621 ], [ 531139.40783, 6402383.08224 ], [ 531147.50751, 6402396.00248 ], [ 531164.73073, 6402424.83158 ], [ 531180.97157, 6402455.66693 ], [ 531184.00998, 6402460.63689 ] ] ] ] } },
{ "type": "Feature", "properties": { "COMMUNE": "Rampieux", "COMMUNAUTE": "CC des Bastides Dordogne Périgord", "INSEE_COMM": 24347, "ID_CDECOMM": 21, "SURFACE_UR": 0.68655, "COVISIBILI": "non", "SITUATION_": "non boise", "SITUATION1": "ligne de crete" }, "geometry": { "type": "MultiPolygon", "coordinates": [ [ [ [ 528238.18568, 6401903.66199 ], [ 528251.01483, 6401884.57364 ], [ 528271.74457, 6401854.43021 ], [ 528276.75606, 6401856.38668 ], [ 528284.78937, 6401861.31517 ], [ 528319.90295, 6401879.0063 ], [ 528341.63996, 6401849.85355 ], [ 528260.24155, 6401792.58513 ], [ 528200.03369, 6401881.00088 ], [ 528224.13362, 6401895.78636 ], [ 528238.18568, 6401903.66199 ] ] ] ] } },
{ "type": "Feature", "properties": { "COMMUNE": "Saint-Avit-Sénieur", "COMMUNAUTE": "CC des Bastides Dordogne Périgord", "INSEE_COMM": 24379, "ID_CDECOMM": 21, "SURFACE_UR": 3.42595, "COVISIBILI": "non", "SITUATION_": "clairiere", "SITUATION1": "plateau plaine" }, "geometry": { "type": "MultiPolygon", "coordinates": [ [ [ [ 528067.62627, 6409878.4325 ], [ 528072.62117, 6409878.39103 ], [ 528078.80584, 6409901.31771 ], [ 528089.77805, 6409899.22853 ], [ 528090.85168, 6409908.21102 ], [ 528102.86435, 6409911.10843 ], [ 528107.90902, 6409917.06081 ], [ 528112.85416, 6409911.02549 ], [ 528140.40263, 6409859.84551 ], [ 528144.3322, 6409851.82053 ], [ 528157.19454, 6409836.72808 ], [ 528158.18523, 6409835.72081 ], [ 528162.15627, 6409832.69071 ], [ 528195.79816, 6409793.44867 ], [ 528209.60142, 6409771.3551 ], [ 528214.51338, 6409761.32387 ], [ 528224.35389, 6409743.25937 ], [ 528227.29277, 6409736.24166 ], [ 528246.94062, 6409696.11676 ], [ 528262.76673, 6409677.00353 ], [ 528259.45459, 6409639.06733 ], [ 528247.4751, 6409640.16583 ], [ 528202.55411, 6409644.53495 ], [ 528198.55818, 6409644.56812 ], [ 528203.76875, 6409670.50002 ], [ 528191.78097, 6409670.59954 ], [ 528155.87569, 6409677.89094 ], [ 528097.58275, 6409756.30036 ], [ 528073.70673, 6409768.48711 ], [ 528037.90099, 6409787.76622 ], [ 528034.94551, 6409792.78597 ], [ 528020.90171, 6409785.90925 ], [ 528009.88803, 6409783.00355 ], [ 527974.88219, 6409778.29894 ], [ 527963.62434, 6409866.30832 ], [ 528055.63848, 6409878.53202 ], [ 528060.64169, 6409879.48953 ], [ 528067.62627, 6409878.4325 ] ] ] ] } },
{ "type": "Feature", "properties": { "COMMUNE": "Saint-Avit-Sénieur", "COMMUNAUTE": "CC des Bastides Dordogne Périgord", "INSEE_COMM": 24379, "ID_CDECOMM": 21, "SURFACE_UR": 1.2289, "COVISIBILI": "non", "SITUATION_": "boise", "SITUATION1": "plateau plaine" }, "geometry": { "type": "MultiPolygon", "coordinates": [ [ [ [ 528262.76673, 6409677.00353 ], [ 528270.68393, 6409667.9464 ], [ 528283.62092, 6409661.84472 ], [ 528290.59721, 6409659.78872 ], [ 528315.54686, 6409656.58445 ], [ 528323.52213, 6409654.52015 ], [ 528351.46873, 6409651.291 ], [ 528369.42552, 6409648.14478 ], [ 528388.38958, 6409645.98925 ], [ 528404.3567, 6409643.8586 ], [ 528436.29093, 6409639.5973 ], [ 528467.22618, 6409635.34429 ], [ 528474.21076, 6409634.28725 ], [ 528476.19213, 6409632.27271 ], [ 528476.15895, 6409628.27681 ], [ 528468.08415, 6409618.3534 ], [ 528464.07993, 6409617.3876 ], [ 528459.06014, 6409614.43215 ], [ 528432.00469, 6409604.66632 ], [ 528397.94807, 6409593.95958 ], [ 528390.9469, 6409593.01866 ], [ 528386.92609, 6409590.05491 ], [ 528377.91867, 6409588.1316 ], [ 528294.77094, 6409560.84866 ], [ 528292.80616, 6409564.86115 ], [ 528286.9118, 6409576.89862 ], [ 528280.02676, 6409589.94336 ], [ 528274.19877, 6409609.97263 ], [ 528272.30863, 6409622.9759 ], [ 528272.37499, 6409630.96771 ], [ 528272.43305, 6409637.96054 ], [ 528266.43916, 6409638.0103 ], [ 528259.45459, 6409639.06733 ], [ 528262.76673, 6409677.00353 ] ] ] ] } },
{ "type": "Feature", "properties": { "COMMUNE": "Saint-Avit-Sénieur", "COMMUNAUTE": "CC des Bastides Dordogne Périgord", "INSEE_COMM": 24379, "ID_CDECOMM": 21, "SURFACE_UR": 3.20365, "COVISIBILI": "non", "SITUATION_": "clairiere", "SITUATION1": "plateau plaine" }, "geometry": { "type": "MultiPolygon", "coordinates": [ [ [ [ 530220.5658, 6409275.11687 ], [ 530231.38869, 6409255.0461 ], [ 530240.27169, 6409241.98476 ], [ 530244.21785, 6409235.95772 ], [ 530249.17128, 6409230.92136 ], [ 530265.98806, 6409210.80082 ], [ 530274.84617, 6409194.74254 ], [ 530288.54988, 6409160.66122 ], [ 530307.14066, 6409113.55174 ], [ 530310.07124, 6409105.53504 ], [ 530311.96966, 6409093.53074 ], [ 530312.81933, 6409075.54087 ], [ 530314.74264, 6409066.5335 ], [ 530316.55811, 6409044.53944 ], [ 530314.40254, 6409025.57548 ], [ 530318.38187, 6409023.54435 ], [ 530321.36223, 6409021.52151 ], [ 530328.31362, 6409016.46856 ], [ 530348.60374, 6408933.37936 ], [ 530349.56124, 6408928.37618 ], [ 530354.22435, 6408888.37567 ], [ 530330.22391, 6408885.57783 ], [ 530309.2287, 6408883.75408 ], [ 530310.11985, 6408870.7591 ], [ 530291.12261, 6408868.91876 ], [ 530290.23147, 6408881.91374 ], [ 530287.42531, 6408904.91507 ], [ 530286.50928, 6408914.91313 ], [ 530282.50506, 6408913.94733 ], [ 530270.52558, 6408915.04585 ], [ 530257.54711, 6408916.15267 ], [ 530251.56152, 6408917.20142 ], [ 530243.56137, 6408916.26881 ], [ 530207.4902, 6408903.58075 ], [ 530203.77631, 6408937.57911 ], [ 530193.1442, 6408980.62633 ], [ 530192.15352, 6408981.6336 ], [ 530220.23283, 6408994.38801 ], [ 530234.86916, 6408952.3066 ], [ 530262.88212, 6408957.06921 ], [ 530279.8731, 6408957.92716 ], [ 530280.92185, 6408963.91272 ], [ 530283.13549, 6408989.8695 ], [ 530282.17798, 6408994.87268 ], [ 530278.42261, 6409023.87616 ], [ 530271.62053, 6409046.91068 ], [ 530281.66841, 6409053.82056 ], [ 530281.67671, 6409054.81953 ], [ 530275.77407, 6409065.85804 ], [ 530272.82689, 6409071.87678 ], [ 530264.95117, 6409085.92881 ], [ 530251.94782, 6409084.0387 ], [ 530229.94534, 6409081.22427 ], [ 530230.08636, 6409098.20686 ], [ 530225.20758, 6409112.234 ], [ 530265.34934, 6409133.87966 ], [ 530264.35865, 6409134.88693 ], [ 530260.4042, 6409139.91499 ], [ 530238.70864, 6409174.06268 ], [ 530202.57111, 6409153.38281 ], [ 530201.58872, 6409155.38905 ], [ 530187.74399, 6409172.48778 ], [ 530153.56295, 6409146.79644 ], [ 530135.78866, 6409171.92016 ], [ 530141.80743, 6409174.86731 ], [ 530158.87307, 6409184.71605 ], [ 530151.97974, 6409196.76183 ], [ 530145.06152, 6409205.81068 ], [ 530124.30688, 6409232.95724 ], [ 530140.37354, 6409242.81428 ], [ 530189.55589, 6409270.37914 ], [ 530189.47294, 6409260.38938 ], [ 530220.5658, 6409275.11687 ] ] ] ] } },
{ "type": "Feature", "properties": { "COMMUNE": "Lolme", "COMMUNAUTE": "CC des Bastides Dordogne Périgord", "INSEE_COMM": 24244, "ID_CDECOMM": 21, "SURFACE_UR": 0.61385, "COVISIBILI": "non", "SITUATION_": "boise", "SITUATION1": "pente" }, "geometry": { "type": "MultiPolygon", "coordinates": [ [ [ [ 528081.84847, 6403168.74696 ], [ 528079.84222, 6403167.76458 ], [ 528059.79626, 6403159.93874 ], [ 528003.05346, 6403184.38691 ], [ 527953.28693, 6403206.77906 ], [ 527954.51816, 6403234.74195 ], [ 527955.76597, 6403264.70278 ], [ 528006.53148, 6403242.30233 ], [ 528057.29699, 6403219.90188 ], [ 528044.03653, 6403187.04369 ], [ 528081.86506, 6403170.7449 ], [ 528081.84847, 6403168.74696 ] ] ] ] } },
{ "type": "Feature", "properties": { "COMMUNE": "Saint-Avit-Rivière", "COMMUNAUTE": "CC des Bastides Dordogne Périgord", "INSEE_COMM": 24378, "ID_CDECOMM": 21, "SURFACE_UR": 0.1695, "COVISIBILI": "non", "SITUATION_": "non boise", "SITUATION1": "vallee" }, "geometry": { "type": "MultiPolygon", "coordinates": [ [ [ [ 532489.99657, 6408022.44928 ], [ 532469.57377, 6408089.55493 ], [ 532495.63024, 6408099.32896 ], [ 532509.01869, 6408027.28651 ], [ 532489.99657, 6408022.44928 ] ] ] ] } },
{ "type": "Feature", "properties": { "COMMUNE": "Marsalès", "COMMUNAUTE": "CC des Bastides Dordogne Périgord", "INSEE_COMM": 24257, "ID_CDECOMM": 21, "SURFACE_UR": 0.5664, "COVISIBILI": "non", "SITUATION_": "non boise", "SITUATION1": "plateau plaine" }, "geometry": { "type": "MultiPolygon", "coordinates": [ [ [ [ 532480.09534, 6400935.31823 ], [ 532460.59201, 6400872.54049 ], [ 532452.56699, 6400868.61099 ], [ 532380.0315, 6400916.16875 ], [ 532418.44904, 6400970.79699 ], [ 532480.09534, 6400935.31823 ] ] ] ] } },
{ "type": "Feature", "properties": { "COMMUNE": "Gaugeac", "COMMUNAUTE": "CC des Bastides Dordogne Périgord", "INSEE_COMM": 24195, "ID_CDECOMM": 21, "SURFACE_UR": 0.51185, "COVISIBILI": "non", "SITUATION_": "non boise", "SITUATION1": "pente" }, "geometry": { "type": "MultiPolygon", "coordinates": [ [ [ [ 531279.24833, 6398289.84003 ], [ 531216.86374, 6398236.41018 ], [ 531191.17241, 6398270.59107 ], [ 531183.26356, 6398280.64721 ], [ 531166.46347, 6398302.76573 ], [ 531165.45619, 6398301.77505 ], [ 531165.47279, 6398303.773 ], [ 531180.60678, 6398321.62999 ], [ 531238.48938, 6398314.15572 ], [ 531240.49563, 6398315.13809 ], [ 531238.47278, 6398312.15778 ], [ 531245.44073, 6398309.10275 ], [ 531268.30936, 6398295.92518 ], [ 531279.24833, 6398289.84003 ] ] ] ] } },
{ "type": "Feature", "properties": { "COMMUNE": "Saint-Avit-Rivière", "COMMUNAUTE": "CC des Bastides Dordogne Périgord", "INSEE_COMM": 24378, "ID_CDECOMM": 21, "SURFACE_UR": 0.5895, "COVISIBILI": "non", "SITUATION_": "non boise", "SITUATION1": "plateau plaine" }, "geometry": { "type": "MultiPolygon", "coordinates": [ [ [ [ 531869.5732, 6406817.75957 ], [ 531910.43187, 6406805.43168 ], [ 531883.00313, 6406750.71209 ], [ 531877.56027, 6406696.80893 ], [ 531847.44153, 6406679.0763 ], [ 531834.64557, 6406702.16059 ], [ 531832.68079, 6406706.17308 ], [ 531828.75123, 6406714.19807 ], [ 531827.81861, 6406722.19817 ], [ 531828.91714, 6406734.17757 ], [ 531832.99602, 6406744.13413 ], [ 531838.07388, 6406754.08239 ], [ 531846.22334, 6406772.99654 ], [ 531852.30848, 6406783.93548 ], [ 531858.40191, 6406795.87339 ], [ 531859.42577, 6406798.86202 ], [ 531868.54933, 6406814.77094 ], [ 531869.5732, 6406817.75957 ] ] ] ] } },
{ "type": "Feature", "properties": { "COMMUNE": "Lolme", "COMMUNAUTE": "CC des Bastides Dordogne Périgord", "INSEE_COMM": 24244, "ID_CDECOMM": 21, "SURFACE_UR": 2.1706, "COVISIBILI": "non", "SITUATION_": "clairiere", "SITUATION1": "ligne de crete" }, "geometry": { "type": "MultiPolygon", "coordinates": [ [ [ [ 528729.82885, 6402879.63834 ], [ 528757.45191, 6402837.44926 ], [ 528745.27337, 6402814.57249 ], [ 528743.25053, 6402811.59217 ], [ 528765.02072, 6402786.43537 ], [ 528775.90167, 6402773.35749 ], [ 528786.77432, 6402759.28063 ], [ 528789.72979, 6402754.26089 ], [ 528814.39739, 6402717.09155 ], [ 528813.39011, 6402716.10087 ], [ 528820.30002, 6402706.05309 ], [ 528854.0248, 6402676.80085 ], [ 528840.88046, 6402657.92826 ], [ 528793.18655, 6402689.29459 ], [ 528737.52569, 6402723.72422 ], [ 528721.63325, 6402734.84564 ], [ 528716.66324, 6402737.88404 ], [ 528689.83178, 6402755.09055 ], [ 528634.17922, 6402790.51914 ], [ 528629.2092, 6402793.55753 ], [ 528605.36639, 6402809.74018 ], [ 528632.68723, 6402851.47295 ], [ 528597.9303, 6402876.7376 ], [ 528606.88794, 6402872.66705 ], [ 528617.83525, 6402867.58093 ], [ 528624.81981, 6402866.52389 ], [ 528641.80247, 6402866.38285 ], [ 528667.80084, 6402869.16405 ], [ 528672.87869, 6402879.11228 ], [ 528684.06654, 6402902.99632 ], [ 528719.08061, 6402908.69976 ], [ 528730.83612, 6402880.62902 ], [ 528729.82885, 6402879.63834 ] ] ] ] } },
{ "type": "Feature", "properties": { "COMMUNE": "Vergt-de-Biron", "COMMUNAUTE": "CC des Bastides Dordogne Périgord", "INSEE_COMM": 24572, "ID_CDECOMM": 21, "SURFACE_UR": 2.0553, "COVISIBILI": "non", "SITUATION_": "clairiere", "SITUATION1": "plateau plaine" }, "geometry": { "type": "MultiPolygon", "coordinates": [ [ [ [ 529965.15954, 6397767.27128 ], [ 529979.15351, 6397768.15404 ], [ 529992.1485, 6397769.04511 ], [ 529994.14645, 6397769.02851 ], [ 529997.14338, 6397769.0036 ], [ 530011.14565, 6397770.88534 ], [ 530017.72371, 6397720.87866 ], [ 530023.51018, 6397695.85457 ], [ 530021.51223, 6397695.87117 ], [ 530007.49337, 6397691.99149 ], [ 529997.47872, 6397689.07758 ], [ 529997.22156, 6397658.10947 ], [ 529985.15088, 6397648.21936 ], [ 529983.13634, 6397646.23802 ], [ 529965.0718, 6397636.39771 ], [ 529960.04374, 6397632.44333 ], [ 529957.04681, 6397632.46823 ], [ 529957.04681, 6397632.46823 ], [ 529948.06431, 6397633.54191 ], [ 529938.08284, 6397634.62389 ], [ 529938.08284, 6397634.62389 ], [ 529935.08591, 6397634.64879 ], [ 529912.12604, 6397636.83764 ], [ 529904.07616, 6397629.91125 ], [ 529909.99536, 6397620.8707 ], [ 529914.92388, 6397612.83743 ], [ 529916.88865, 6397608.82494 ], [ 529865.61732, 6397570.28839 ], [ 529854.01119, 6397616.34068 ], [ 529878.23549, 6397646.1106 ], [ 529880.25833, 6397649.09092 ], [ 529880.34129, 6397659.08063 ], [ 529875.37129, 6397662.11905 ], [ 529869.4272, 6397668.16268 ], [ 529863.508, 6397677.20322 ], [ 529860.55255, 6397682.22298 ], [ 529858.61267, 6397689.23238 ], [ 529855.69039, 6397698.24803 ], [ 529854.81585, 6397713.2409 ], [ 529855.0813, 6397745.20799 ], [ 529853.11653, 6397749.22047 ], [ 529848.17142, 6397755.2558 ], [ 529863.1063, 6397749.13747 ], [ 529864.09698, 6397748.1302 ], [ 529874.05356, 6397744.05131 ], [ 529874.05356, 6397744.05131 ], [ 529892.96776, 6397735.90183 ], [ 529896.06423, 6397747.86458 ], [ 529899.05287, 6397746.84071 ], [ 529901.20844, 6397765.80457 ], [ 529906.19502, 6397764.76409 ], [ 529909.19195, 6397764.73919 ], [ 529912.18059, 6397763.71532 ], [ 529912.18059, 6397763.71532 ], [ 529933.18399, 6397766.53792 ], [ 529934.18296, 6397766.52962 ], [ 529935.18194, 6397766.52132 ], [ 529937.17989, 6397766.50472 ], [ 529937.17989, 6397766.50472 ], [ 529965.15954, 6397767.27128 ], [ 529965.15954, 6397767.27128 ] ] ] ] } },
{ "type": "Feature", "properties": { "COMMUNE": "Vergt-de-Biron", "COMMUNAUTE": "CC des Bastides Dordogne Périgord", "INSEE_COMM": 24572, "ID_CDECOMM": 21, "SURFACE_UR": 4.45, "COVISIBILI": "non", "SITUATION_": "non boise", "SITUATION1": "vallee" }, "geometry": { "type": "MultiPolygon", "coordinates": [ [ [ [ 529058.29629, 6396957.59174 ], [ 529054.73531, 6396889.68665 ], [ 528983.8163, 6396891.27495 ], [ 528987.31092, 6396951.18827 ], [ 529000.30591, 6396952.07934 ], [ 529001.30488, 6396952.07104 ], [ 529003.30284, 6396952.05443 ], [ 529015.29884, 6396952.9538 ], [ 529015.40668, 6396965.94042 ], [ 529016.68768, 6396999.89711 ], [ 529017.9438, 6397030.85689 ], [ 528953.04352, 6397035.39229 ], [ 528943.06205, 6397036.47426 ], [ 528920.0939, 6397037.66414 ], [ 528890.1412, 6397039.91108 ], [ 528882.35207, 6396944.06804 ], [ 528872.35401, 6396943.15207 ], [ 528860.358, 6396942.2527 ], [ 528848.3537, 6396940.35437 ], [ 528836.35769, 6396939.455 ], [ 528834.35974, 6396939.4716 ], [ 528828.78062, 6396989.46991 ], [ 528716.76257, 6396974.41601 ], [ 528717.42147, 6396933.44993 ], [ 528663.48505, 6396934.89711 ], [ 528658.17965, 6397017.86143 ], [ 528662.18385, 6397018.8272 ], [ 528688.24847, 6397029.60007 ], [ 528708.29435, 6397037.42583 ], [ 528739.36215, 6397049.15617 ], [ 528745.3726, 6397051.10431 ], [ 528757.40178, 6397055.99956 ], [ 528766.43404, 6397060.91971 ], [ 528781.48504, 6397068.78697 ], [ 528790.5173, 6397073.70712 ], [ 528794.5298, 6397075.67186 ], [ 528801.54752, 6397078.61067 ], [ 528815.54977, 6397080.49241 ], [ 528829.53544, 6397080.37621 ], [ 528880.56618, 6397089.9426 ], [ 528880.55788, 6397088.94363 ], [ 528886.55174, 6397088.89383 ], [ 528898.56434, 6397091.79114 ], [ 528906.56444, 6397092.72371 ], [ 528916.57079, 6397094.63865 ], [ 528918.45262, 6397080.63646 ], [ 529063.51155, 6397104.40719 ], [ 529068.19122, 6397066.40481 ], [ 529099.15119, 6397065.14853 ], [ 529097.74576, 6397016.20728 ], [ 529096.33204, 6396966.26706 ], [ 529067.36173, 6396966.50777 ], [ 529059.36992, 6396966.57417 ], [ 529058.29629, 6396957.59174 ] ] ] ] } },
{ "type": "Feature", "properties": { "COMMUNE": "Marsalès", "COMMUNAUTE": "CC des Bastides Dordogne Périgord", "INSEE_COMM": 24257, "ID_CDECOMM": 21, "SURFACE_UR": 5.51175, "COVISIBILI": "non", "SITUATION_": "non boise", "SITUATION1": "plateau plaine" }, "geometry": { "type": "MultiPolygon", "coordinates": [ [ [ [ 533451.68278, 6401959.25899 ], [ 533448.9629, 6401872.36462 ], [ 533447.73158, 6401844.40157 ], [ 533448.69737, 6401840.39736 ], [ 533457.655, 6401836.32675 ], [ 533504.52406, 6401825.94687 ], [ 533507.521, 6401825.92197 ], [ 533490.8403, 6401742.14074 ], [ 533429.00314, 6401754.64309 ], [ 533396.75691, 6401601.05802 ], [ 533317.00451, 6401621.70159 ], [ 533295.24595, 6401527.97212 ], [ 533285.28105, 6401531.05205 ], [ 533246.42043, 6401543.36349 ], [ 533248.46817, 6401549.34075 ], [ 533256.64256, 6401571.25182 ], [ 533260.74635, 6401584.20531 ], [ 533268.99541, 6401615.10717 ], [ 533273.17388, 6401637.05145 ], [ 533275.27141, 6401649.02257 ], [ 533287.8815, 6401723.84619 ], [ 533292.06826, 6401746.78945 ], [ 533297.2955, 6401774.71929 ], [ 533304.63686, 6401816.6182 ], [ 533308.79044, 6401835.56555 ], [ 533311.96993, 6401857.51814 ], [ 533313.0021, 6401861.50574 ], [ 533321.36734, 6401906.39329 ], [ 533327.63504, 6401939.30971 ], [ 533330.76475, 6401955.26844 ], [ 533451.68278, 6401959.25899 ] ] ] ] } },
{ "type": "Feature", "properties": { "COMMUNE": "Saint-Cassien", "COMMUNAUTE": "CC des Bastides Dordogne Périgord", "INSEE_COMM": 24384, "ID_CDECOMM": 21, "SURFACE_UR": 3.8672, "COVISIBILI": "non", "SITUATION_": "non boise", "SITUATION1": "plateau plaine" }, "geometry": { "type": "MultiPolygon", "coordinates": [ [ [ [ 529282.23097, 6400945.90021 ], [ 529288.22484, 6400945.85043 ], [ 529288.19995, 6400942.85351 ], [ 529287.18439, 6400940.86386 ], [ 529291.1803, 6400940.83066 ], [ 529292.17928, 6400940.82237 ], [ 529300.16282, 6400939.75701 ], [ 529301.1618, 6400939.74871 ], [ 529309.15363, 6400939.68233 ], [ 529316.14648, 6400939.62424 ], [ 529316.13818, 6400938.62527 ], [ 529317.13716, 6400938.61697 ], [ 529319.13512, 6400938.60037 ], [ 529333.12912, 6400939.48317 ], [ 529369.09594, 6400819.29934 ], [ 529376.89698, 6400796.25657 ], [ 529382.74154, 6400778.22526 ], [ 529384.68973, 6400772.21483 ], [ 529383.68246, 6400771.22415 ], [ 529359.6406, 6400763.43152 ], [ 529350.62491, 6400760.50929 ], [ 529331.58625, 6400753.67414 ], [ 529304.52257, 6400742.90948 ], [ 529301.51734, 6400741.9354 ], [ 529308.20328, 6400704.91531 ], [ 529313.03227, 6400684.89435 ], [ 529317.85297, 6400663.87443 ], [ 529322.61561, 6400635.86169 ], [ 529320.60106, 6400633.88034 ], [ 529298.54058, 6400624.07317 ], [ 529288.51761, 6400620.16026 ], [ 529273.47486, 6400613.29192 ], [ 529263.4436, 6400608.38003 ], [ 529257.40825, 6400603.43496 ], [ 529250.32416, 6400592.50434 ], [ 529247.25257, 6400583.53848 ], [ 529243.40596, 6400601.55319 ], [ 529239.61742, 6400626.56071 ], [ 529235.7957, 6400647.57233 ], [ 529233.90558, 6400660.57558 ], [ 529232.98955, 6400670.57361 ], [ 529232.0984, 6400683.56856 ], [ 529231.19896, 6400695.56453 ], [ 529229.33373, 6400711.5647 ], [ 529227.51826, 6400733.55871 ], [ 529222.81369, 6400768.56426 ], [ 529220.97333, 6400787.56134 ], [ 529218.1423, 6400807.5657 ], [ 529218.39114, 6400837.5349 ], [ 529218.44091, 6400843.52874 ], [ 529215.64306, 6400867.52899 ], [ 529214.73532, 6400878.526 ], [ 529204.9695, 6400905.58125 ], [ 529198.15084, 6400926.61778 ], [ 529197.23481, 6400936.61581 ], [ 529196.30219, 6400944.61589 ], [ 529239.26658, 6400945.25805 ], [ 529282.23097, 6400945.90021 ] ] ] ] } },
{ "type": "Feature", "properties": { "COMMUNE": "Saint-Romain-de-Monpazier", "COMMUNAUTE": "CC des Bastides Dordogne Périgord", "INSEE_COMM": 24495, "ID_CDECOMM": 21, "SURFACE_UR": 2.36585, "COVISIBILI": "non", "SITUATION_": "clairiere", "SITUATION1": "plateau plaine" }, "geometry": { "type": "MultiPolygon", "coordinates": [ [ [ [ 532238.77124, 6404838.58535 ], [ 532181.46435, 6404795.10352 ], [ 532156.78848, 6404831.27403 ], [ 532148.87959, 6404841.33015 ], [ 532143.93446, 6404847.36548 ], [ 532137.9074, 6404843.41938 ], [ 532120.06677, 6404860.5513 ], [ 532098.32147, 6404888.70512 ], [ 532069.61649, 6404920.91293 ], [ 532047.85461, 6404947.0688 ], [ 532105.37718, 6405016.52397 ], [ 532108.29946, 6405007.50831 ], [ 532116.13369, 6404988.46142 ], [ 532119.08086, 6404982.44269 ], [ 532124.0177, 6404975.40838 ], [ 532128.94623, 6404967.3751 ], [ 532135.89762, 6404962.32214 ], [ 532141.86662, 6404959.27543 ], [ 532154.81189, 6404954.17269 ], [ 532158.80781, 6404954.13949 ], [ 532159.7902, 6404952.13325 ], [ 532176.66503, 6404939.00552 ], [ 532187.57915, 6404929.92347 ], [ 532194.51395, 6404922.87257 ], [ 532198.46839, 6404917.84451 ], [ 532206.5183, 6404924.77094 ], [ 532212.56196, 6404930.71499 ], [ 532251.72129, 6404954.36673 ], [ 532294.09677, 6404884.08173 ], [ 532295.07916, 6404882.07549 ], [ 532241.78478, 6404840.5584 ], [ 532238.77124, 6404838.58535 ] ] ] ] } },
{ "type": "Feature", "properties": { "COMMUNE": "Saint-Avit-Rivière", "COMMUNAUTE": "CC des Bastides Dordogne Périgord", "INSEE_COMM": 24378, "ID_CDECOMM": 21, "SURFACE_UR": 3.8219, "COVISIBILI": "non", "SITUATION_": "clairiere", "SITUATION1": "plateau plaine" }, "geometry": { "type": "MultiPolygon", "coordinates": [ [ [ [ 532966.77957, 6407930.57317 ], [ 532966.77957, 6407930.57317 ], [ 532981.59838, 6407910.46918 ], [ 532985.55282, 6407905.44111 ], [ 533026.84637, 6407825.17451 ], [ 533048.65805, 6407805.01243 ], [ 533048.65805, 6407805.01243 ], [ 533047.65906, 6407805.02073 ], [ 533047.65906, 6407805.02073 ], [ 533078.24588, 6407758.81059 ], [ 533089.10194, 6407742.7357 ], [ 533098.97561, 6407728.66706 ], [ 533064.86092, 6407710.96761 ], [ 533059.82454, 6407706.01422 ], [ 533049.87621, 6407711.09208 ], [ 533048.87723, 6407711.10038 ], [ 533046.89585, 6407713.11493 ], [ 533039.92787, 6407716.16994 ], [ 533036.94752, 6407718.19279 ], [ 533023.03645, 6407727.29974 ], [ 533021.07167, 6407731.31224 ], [ 533017.05086, 6407728.3485 ], [ 532999.98522, 6407718.49981 ], [ 532981.88742, 6407704.6635 ], [ 532926.26801, 6407744.08824 ], [ 532887.9631, 6407823.33096 ], [ 532886.98071, 6407825.33721 ], [ 532886.98071, 6407825.33721 ], [ 532885.04082, 6407832.34664 ], [ 532884.04184, 6407832.35494 ], [ 532884.05013, 6407833.35392 ], [ 532884.05843, 6407834.35289 ], [ 532868.45633, 6407880.43856 ], [ 532867.47394, 6407882.44481 ], [ 532866.49155, 6407884.45106 ], [ 532866.50815, 6407886.44901 ], [ 532873.51761, 6407888.38888 ], [ 532884.52299, 6407890.29556 ], [ 532886.52925, 6407891.27794 ], [ 532889.52619, 6407891.25304 ], [ 532894.52939, 6407892.21053 ], [ 532899.5326, 6407893.16802 ], [ 532899.58237, 6407899.16188 ], [ 532900.62283, 6407904.14846 ], [ 532898.65805, 6407908.16096 ], [ 532897.70055, 6407913.16414 ], [ 532896.8343, 6407929.15605 ], [ 532893.90372, 6407937.17276 ], [ 532889.97416, 6407945.19776 ], [ 532884.07153, 6407956.23628 ], [ 532880.10878, 6407960.26538 ], [ 532875.18854, 6407969.29765 ], [ 532873.28183, 6407980.30298 ], [ 532867.3709, 6407990.34253 ], [ 532865.40612, 6407994.35503 ], [ 532858.47132, 6408001.40595 ], [ 532852.52721, 6408007.44959 ], [ 532911.8487, 6408052.91294 ], [ 532943.55064, 6408020.68017 ], [ 532965.35402, 6407999.51912 ], [ 532980.206, 6407983.41104 ], [ 532985.15114, 6407977.37569 ], [ 532979.11577, 6407972.4306 ], [ 532976.09394, 6407969.45856 ], [ 532960.96819, 6407952.60043 ], [ 532967.8781, 6407942.55259 ], [ 532967.86981, 6407941.55361 ], [ 532970.82527, 6407936.53384 ], [ 532970.82527, 6407936.53384 ], [ 532966.78787, 6407931.57215 ], [ 532966.77957, 6407930.57317 ], [ 532966.77957, 6407930.57317 ] ] ] ] } },
{ "type": "Feature", "properties": { "COMMUNE": "Saint-Romain-de-Monpazier", "COMMUNAUTE": "CC des Bastides Dordogne Périgord", "INSEE_COMM": 24495, "ID_CDECOMM": 21, "SURFACE_UR": 3.59945, "COVISIBILI": "non", "SITUATION_": "clairiere", "SITUATION1": "plateau plaine" }, "geometry": { "type": "MultiPolygon", "coordinates": [ [ [ [ 531843.85291, 6405284.44169 ], [ 531846.70883, 6405267.43424 ], [ 531868.70299, 6405269.24964 ], [ 531881.69803, 6405270.14074 ], [ 531900.87299, 6405173.07431 ], [ 531908.54131, 6405134.04795 ], [ 531919.331, 6405109.9813 ], [ 531933.02639, 6405074.90105 ], [ 531920.98055, 6405068.00781 ], [ 531912.96382, 6405065.07727 ], [ 531902.96572, 6405064.16128 ], [ 531887.98101, 6405064.28575 ], [ 531880.00576, 6405066.35008 ], [ 531878.94871, 6405059.36556 ], [ 531868.71004, 6405029.47933 ], [ 531818.57851, 6405007.91681 ], [ 531742.34077, 6404970.58646 ], [ 531730.47743, 6404985.67064 ], [ 531699.99017, 6405043.86834 ], [ 531723.04138, 6405052.66825 ], [ 531757.08967, 6405062.37586 ], [ 531770.10131, 6405065.26491 ], [ 531776.11178, 6405067.21307 ], [ 531791.11308, 6405069.08655 ], [ 531788.1825, 6405077.10323 ], [ 531776.41042, 6405103.17612 ], [ 531776.4436, 6405107.17202 ], [ 531762.33821, 6405213.1877 ], [ 531843.85291, 6405284.44169 ] ] ] ] } },
{ "type": "Feature", "properties": { "COMMUNE": "Lavalade", "COMMUNAUTE": "CC des Bastides Dordogne Périgord", "INSEE_COMM": 24231, "ID_CDECOMM": 21, "SURFACE_UR": 3.4065, "COVISIBILI": "non", "SITUATION_": "non boise", "SITUATION1": "plateau plaine" }, "geometry": { "type": "MultiPolygon", "coordinates": [ [ [ [ 530422.76353, 6402704.73192 ], [ 530485.89835, 6402728.18447 ], [ 530529.76579, 6402596.9458 ], [ 530574.6488, 6402467.69678 ], [ 530610.70686, 6402358.50175 ], [ 530550.27861, 6402300.0601 ], [ 530499.33893, 6402301.48227 ], [ 530477.35308, 6402300.66585 ], [ 530468.36226, 6402300.74054 ], [ 530474.56353, 6402325.66513 ], [ 530485.64357, 6402336.56257 ], [ 530503.74964, 6402351.39784 ], [ 530511.81614, 6402360.32223 ], [ 530513.83899, 6402363.30256 ], [ 530517.89298, 6402370.26219 ], [ 530523.93664, 6402376.20626 ], [ 530520.97288, 6402380.22705 ], [ 530511.27342, 6402415.27407 ], [ 530498.47747, 6402438.35829 ], [ 530495.57177, 6402449.37187 ], [ 530494.63915, 6402457.37194 ], [ 530493.64017, 6402457.38023 ], [ 530484.88162, 6402485.42611 ], [ 530468.38837, 6402544.50649 ], [ 530462.56869, 6402565.53467 ], [ 530456.74071, 6402585.56389 ], [ 530446.05885, 6402622.61711 ], [ 530439.26507, 6402646.65051 ], [ 530422.76353, 6402704.73192 ] ] ] ] } },
{ "type": "Feature", "properties": { "COMMUNE": "Lolme", "COMMUNAUTE": "CC des Bastides Dordogne Périgord", "INSEE_COMM": 24244, "ID_CDECOMM": 21, "SURFACE_UR": 1.1424, "COVISIBILI": "non", "SITUATION_": "non boise", "SITUATION1": "pente" }, "geometry": { "type": "MultiPolygon", "coordinates": [ [ [ [ 528395.97615, 6403220.08642 ], [ 528396.95854, 6403218.08019 ], [ 528400.92957, 6403215.05009 ], [ 528410.96085, 6403219.96198 ], [ 528421.98281, 6403223.86661 ], [ 528438.55074, 6403173.77702 ], [ 528436.55278, 6403173.79361 ], [ 528419.46229, 6403160.94802 ], [ 528422.42605, 6403156.92725 ], [ 528395.2794, 6403136.17286 ], [ 528395.2794, 6403136.17286 ], [ 528391.31665, 6403140.20193 ], [ 528389.3104, 6403139.21955 ], [ 528380.2864, 6403135.29833 ], [ 528378.28015, 6403134.31595 ], [ 528366.20114, 6403123.42682 ], [ 528311.8166, 6403070.92936 ], [ 528271.17361, 6403109.2304 ], [ 528271.20679, 6403113.22628 ], [ 528257.3206, 6403125.33008 ], [ 528252.334, 6403126.37053 ], [ 528246.38988, 6403132.41413 ], [ 528288.50465, 6403151.04614 ], [ 528329.62873, 6403170.68542 ], [ 528341.51695, 6403158.59821 ], [ 528342.54911, 6403162.5858 ], [ 528369.77871, 6403193.32991 ], [ 528393.98648, 6403221.10199 ], [ 528395.97615, 6403220.08642 ] ] ] ] } },
{ "type": "Feature", "properties": { "COMMUNE": "Lolme", "COMMUNAUTE": "CC des Bastides Dordogne Périgord", "INSEE_COMM": 24244, "ID_CDECOMM": 21, "SURFACE_UR": 1.2915, "COVISIBILI": "oui", "SITUATION_": "non boise", "SITUATION1": "ligne de crete" }, "geometry": { "type": "MultiPolygon", "coordinates": [ [ [ [ 529677.84565, 6402268.34401 ], [ 529695.77751, 6402262.20081 ], [ 529714.69177, 6402254.05137 ], [ 529732.59875, 6402244.91124 ], [ 529745.52742, 6402237.81055 ], [ 529763.41781, 6402226.67247 ], [ 529783.29786, 6402214.51883 ], [ 529778.2366, 6402206.56852 ], [ 529774.19091, 6402200.60786 ], [ 529763.05282, 6402182.71759 ], [ 529776.96388, 6402173.61066 ], [ 529761.79668, 6402151.75768 ], [ 529759.78213, 6402149.77633 ], [ 529733.94968, 6402166.97463 ], [ 529705.63814, 6402126.24901 ], [ 529695.5405, 6402113.34532 ], [ 529663.74735, 6402134.5893 ], [ 529676.89999, 6402154.46092 ], [ 529668.95792, 6402160.52115 ], [ 529673.06998, 6402174.4736 ], [ 529656.36106, 6402207.58082 ], [ 529648.46047, 6402218.63592 ], [ 529645.49671, 6402222.65671 ], [ 529639.5609, 6402229.69931 ], [ 529631.63542, 6402237.75749 ], [ 529636.69668, 6402245.7078 ], [ 529644.80466, 6402259.62706 ], [ 529653.9282, 6402275.53598 ], [ 529677.84565, 6402268.34401 ] ] ] ] } },
{ "type": "Feature", "properties": { "COMMUNE": "Lavalade", "COMMUNAUTE": "CC des Bastides Dordogne Périgord", "INSEE_COMM": 24231, "ID_CDECOMM": 21, "SURFACE_UR": 1.6799, "COVISIBILI": "non", "SITUATION_": "non boise", "SITUATION1": "plateau plaine" }, "geometry": { "type": "MultiPolygon", "coordinates": [ [ [ [ 530653.44459, 6401850.63242 ], [ 530651.44663, 6401850.64901 ], [ 530645.46105, 6401851.69778 ], [ 530636.47853, 6401852.77144 ], [ 530604.55266, 6401858.03186 ], [ 530594.57946, 6401860.1128 ], [ 530591.80651, 6401887.11001 ], [ 530589.95787, 6401905.10816 ], [ 530584.46175, 6401965.09644 ], [ 530578.56742, 6401977.13393 ], [ 530579.04858, 6402035.07447 ], [ 530579.09006, 6402040.06935 ], [ 530601.05102, 6402037.88884 ], [ 530609.04286, 6402037.82245 ], [ 530609.00138, 6402032.82758 ], [ 530609.95888, 6402027.8244 ], [ 530610.92468, 6402023.8202 ], [ 530613.84695, 6402014.80453 ], [ 530615.78684, 6402007.79511 ], [ 530618.72571, 6402000.77739 ], [ 530623.67083, 6401994.74205 ], [ 530629.59834, 6401986.70046 ], [ 530634.55176, 6401981.6641 ], [ 530637.51552, 6401977.6433 ], [ 530642.48553, 6401974.60489 ], [ 530645.45758, 6401971.58307 ], [ 530693.34224, 6401963.19295 ], [ 530696.62124, 6401997.1332 ], [ 530697.83591, 6402023.09825 ], [ 530750.74036, 6402017.66356 ], [ 530734.17596, 6401947.86809 ], [ 530714.22955, 6401952.02996 ], [ 530708.04487, 6401929.10332 ], [ 530683.08697, 6401931.30873 ], [ 530677.67727, 6401881.40148 ], [ 530654.70074, 6401881.59234 ], [ 530653.44459, 6401850.63242 ] ] ] ] } },
{ "type": "Feature", "properties": { "COMMUNE": "Lavalade", "COMMUNAUTE": "CC des Bastides Dordogne Périgord", "INSEE_COMM": 24231, "ID_CDECOMM": 21, "SURFACE_UR": 6.02925, "COVISIBILI": "non", "SITUATION_": "non boise", "SITUATION1": "plateau plaine" }, "geometry": { "type": "MultiPolygon", "coordinates": [ [ [ [ 531090.38716, 6401653.18818 ], [ 531088.33113, 6401646.21196 ], [ 531084.24395, 6401635.25643 ], [ 531072.9897, 6401603.38052 ], [ 531042.13748, 6401617.62343 ], [ 531035.16951, 6401620.67845 ], [ 531022.23256, 6401626.78018 ], [ 531027.32701, 6401638.72639 ], [ 531039.60513, 6401673.59092 ], [ 530904.14214, 6401722.67035 ], [ 530789.59963, 6401764.58266 ], [ 530772.65846, 6401769.71861 ], [ 530841.05365, 6401825.09691 ], [ 530815.36224, 6401859.27782 ], [ 530842.45084, 6401873.03941 ], [ 530815.81023, 6401913.22247 ], [ 530858.94887, 6401934.84308 ], [ 530842.33953, 6401979.93803 ], [ 530845.34477, 6401980.91211 ], [ 530856.36673, 6401984.81673 ], [ 530863.37618, 6401986.75659 ], [ 530874.40644, 6401991.66018 ], [ 530924.49646, 6402008.22784 ], [ 530935.40227, 6401998.1468 ], [ 530948.04057, 6401956.08196 ], [ 530950.00534, 6401952.06947 ], [ 530951.98671, 6401950.05492 ], [ 530964.8656, 6401936.96036 ], [ 530970.8097, 6401930.91672 ], [ 530986.68552, 6401917.79727 ], [ 530993.6286, 6401911.74532 ], [ 530997.58304, 6401906.71725 ], [ 531009.44635, 6401891.63304 ], [ 531016.33966, 6401879.58725 ], [ 531024.24024, 6401868.53214 ], [ 531031.15843, 6401859.48327 ], [ 531041.05696, 6401848.41156 ], [ 531047.98345, 6401840.36167 ], [ 531046.97618, 6401839.37099 ], [ 531078.61167, 6401799.14643 ], [ 531062.13023, 6401739.3407 ], [ 531058.03476, 6401727.3862 ], [ 531051.88325, 6401708.45546 ], [ 531101.72437, 6401695.05385 ], [ 531088.43898, 6401659.19863 ], [ 531090.38716, 6401653.18818 ] ] ] ] } },
{ "type": "Feature", "properties": { "COMMUNE": "Gaugeac", "COMMUNAUTE": "CC des Bastides Dordogne Périgord", "INSEE_COMM": 24195, "ID_CDECOMM": 21, "SURFACE_UR": 2.67415, "COVISIBILI": "non", "SITUATION_": "boise", "SITUATION1": "plateau plaine" }, "geometry": { "type": "MultiPolygon", "coordinates": [ [ [ [ 532806.3509, 6398597.84229 ], [ 532874.97333, 6398560.30742 ], [ 532938.62576, 6398525.81097 ], [ 532980.40026, 6398503.48485 ], [ 532984.39617, 6398503.45164 ], [ 532989.40765, 6398505.40808 ], [ 532970.77055, 6398426.63858 ], [ 532978.48855, 6398393.60602 ], [ 532980.40353, 6398383.59968 ], [ 532981.35272, 6398377.59753 ], [ 532970.33908, 6398374.69194 ], [ 532967.37533, 6398378.71274 ], [ 532964.41159, 6398382.73354 ], [ 532960.44058, 6398385.76367 ], [ 532958.45092, 6398386.77925 ], [ 532913.56333, 6398395.14464 ], [ 532885.63345, 6398400.37197 ], [ 532879.66448, 6398403.41871 ], [ 532873.7204, 6398409.46236 ], [ 532869.78258, 6398416.48839 ], [ 532865.86135, 6398425.51236 ], [ 532856.07901, 6398450.56973 ], [ 532850.20131, 6398464.60518 ], [ 532755.32337, 6398468.39079 ], [ 532764.5133, 6398492.29145 ], [ 532770.63992, 6398508.22522 ], [ 532782.92636, 6398544.08865 ], [ 532795.24598, 6398583.94798 ], [ 532802.27202, 6398587.88576 ], [ 532806.3509, 6398597.84229 ] ] ] ] } },
{ "type": "Feature", "properties": { "COMMUNE": "Lolme", "COMMUNAUTE": "CC des Bastides Dordogne Périgord", "INSEE_COMM": 24244, "ID_CDECOMM": 21, "SURFACE_UR": 3.01945, "COVISIBILI": "non", "SITUATION_": "boise", "SITUATION1": "ligne de crete" }, "geometry": { "type": "MultiPolygon", "coordinates": [ [ [ [ 529123.53014, 6402768.47227 ], [ 529116.37138, 6402748.55093 ], [ 529172.06542, 6402718.11717 ], [ 529194.94242, 6402705.93869 ], [ 529166.4567, 6402644.2348 ], [ 529142.02497, 6402589.49053 ], [ 529116.10955, 6402596.69905 ], [ 529078.24785, 6402609.00198 ], [ 529076.26648, 6402611.01652 ], [ 529073.28613, 6402613.03935 ], [ 529065.31917, 6402616.10264 ], [ 529052.35731, 6402619.20741 ], [ 529024.41076, 6402622.43664 ], [ 529011.41572, 6402621.54552 ], [ 528966.43674, 6402618.92197 ], [ 528932.45483, 6402617.20612 ], [ 528928.45891, 6402617.23931 ], [ 528932.57096, 6402631.19171 ], [ 528951.00881, 6402685.98577 ], [ 528968.47256, 6402743.78504 ], [ 529002.413, 6402740.50603 ], [ 529005.39335, 6402738.4832 ], [ 529048.20019, 6402720.14496 ], [ 529057.39838, 6402745.04456 ], [ 529060.46997, 6402754.01041 ], [ 529069.69305, 6402781.90693 ], [ 529123.53014, 6402768.47227 ] ] ] ] } },
{ "type": "Feature", "properties": { "COMMUNE": "Vergt-de-Biron", "COMMUNAUTE": "CC des Bastides Dordogne Périgord", "INSEE_COMM": 24572, "ID_CDECOMM": 21, "SURFACE_UR": 1.96955, "COVISIBILI": "oui", "SITUATION_": "non boise", "SITUATION1": "ligne de crete" }, "geometry": { "type": "MultiPolygon", "coordinates": [ [ [ [ 529790.64642, 6396362.07319 ], [ 529800.5864, 6396355.99636 ], [ 529818.49331, 6396346.8562 ], [ 529836.40021, 6396337.71604 ], [ 529853.30814, 6396328.58419 ], [ 529870.17459, 6396314.45748 ], [ 529874.13731, 6396310.42839 ], [ 529880.08139, 6396304.38476 ], [ 529892.89387, 6396283.29846 ], [ 529837.70964, 6396254.7849 ], [ 529807.64083, 6396243.0463 ], [ 529785.54723, 6396229.24334 ], [ 529767.60714, 6396234.38762 ], [ 529767.46612, 6396217.40512 ], [ 529764.43601, 6396213.43414 ], [ 529743.54877, 6396224.59715 ], [ 529732.6264, 6396232.68022 ], [ 529715.677, 6396236.81723 ], [ 529698.82714, 6396252.94187 ], [ 529696.83748, 6396253.95744 ], [ 529693.86544, 6396256.97926 ], [ 529678.1058, 6396284.08428 ], [ 529676.14933, 6396289.09573 ], [ 529670.29649, 6396306.12803 ], [ 529674.47489, 6396328.07218 ], [ 529674.49978, 6396331.06909 ], [ 529678.49568, 6396331.03588 ], [ 529698.52497, 6396336.86368 ], [ 529723.56572, 6396344.64791 ], [ 529725.47243, 6396333.64264 ], [ 529725.46413, 6396332.64366 ], [ 529776.61098, 6396356.19559 ], [ 529790.64642, 6396362.07319 ] ] ] ] } },
{ "type": "Feature", "properties": { "COMMUNE": "Gaugeac", "COMMUNAUTE": "CC des Bastides Dordogne Périgord", "INSEE_COMM": 24195, "ID_CDECOMM": 21, "SURFACE_UR": 4.39875, "COVISIBILI": "oui", "SITUATION_": "non boise", "SITUATION1": "plateau plaine" }, "geometry": { "type": "MultiPolygon", "coordinates": [ [ [ [ 532389.45709, 6400246.73096 ], [ 532406.44802, 6400247.58882 ], [ 532416.43781, 6400247.50581 ], [ 532426.42759, 6400247.42281 ], [ 532472.42209, 6400252.03585 ], [ 532498.42042, 6400254.81695 ], [ 532512.41442, 6400255.69972 ], [ 532543.41594, 6400259.4383 ], [ 532560.41517, 6400261.29513 ], [ 532591.43328, 6400267.03166 ], [ 532601.12437, 6400230.98555 ], [ 532605.01242, 6400217.96567 ], [ 532612.73043, 6400184.93309 ], [ 532621.41424, 6400147.89631 ], [ 532632.1043, 6400111.84191 ], [ 532608.04584, 6400102.05138 ], [ 532584.00398, 6400094.2588 ], [ 532546.9754, 6400086.57414 ], [ 532516.93967, 6400078.83137 ], [ 532511.12834, 6400100.85862 ], [ 532487.08648, 6400093.06604 ], [ 532482.09159, 6400093.10754 ], [ 532483.84893, 6400064.12067 ], [ 532442.83274, 6400057.46818 ], [ 532417.81679, 6400052.68083 ], [ 532412.8136, 6400051.72336 ], [ 532387.80595, 6400047.93498 ], [ 532358.7858, 6400042.18186 ], [ 532332.72607, 6400152.29319 ], [ 532408.7314, 6400161.65208 ], [ 532389.45709, 6400246.73096 ] ] ] ] } },
{ "type": "Feature", "properties": { "COMMUNE": "Lavalade", "COMMUNAUTE": "CC des Bastides Dordogne Périgord", "INSEE_COMM": 24231, "ID_CDECOMM": 21, "SURFACE_UR": 1.7066, "COVISIBILI": "non", "SITUATION_": "non boise", "SITUATION1": "plateau plaine" }, "geometry": { "type": "MultiPolygon", "coordinates": [ [ [ [ 530737.49924, 6401024.72422 ], [ 530814.42892, 6401025.08417 ], [ 530789.74826, 6400940.37053 ], [ 530789.73997, 6400939.37155 ], [ 530720.73575, 6400930.95342 ], [ 530700.73129, 6400928.12248 ], [ 530684.72274, 6400925.25834 ], [ 530677.72159, 6400924.31746 ], [ 530674.71636, 6400923.34338 ], [ 530670.70385, 6400921.37863 ], [ 530649.63403, 6400910.56419 ], [ 530608.61783, 6400903.91163 ], [ 530591.61859, 6400902.05477 ], [ 530573.62868, 6400901.20517 ], [ 530563.63059, 6400900.28919 ], [ 530546.64795, 6400900.43027 ], [ 530540.65408, 6400900.48006 ], [ 530559.2413, 6400973.2558 ], [ 530674.09069, 6400968.30552 ], [ 530692.08061, 6400969.15511 ], [ 530697.0921, 6400971.11157 ], [ 530703.11086, 6400974.0587 ], [ 530707.13166, 6400977.02242 ], [ 530713.17531, 6400982.96647 ], [ 530729.30001, 6400999.81625 ], [ 530733.33741, 6401004.77793 ], [ 530736.39241, 6401011.74585 ], [ 530737.49924, 6401024.72422 ] ] ] ] } },
{ "type": "Feature", "properties": { "COMMUNE": "Marsalès", "COMMUNAUTE": "CC des Bastides Dordogne Périgord", "INSEE_COMM": 24257, "ID_CDECOMM": 21, "SURFACE_UR": 1.35415, "COVISIBILI": "non", "SITUATION_": "boise", "SITUATION1": "pente" }, "geometry": { "type": "MultiPolygon", "coordinates": [ [ [ [ 532412.39638, 6402768.12723 ], [ 532426.26596, 6402754.02543 ], [ 532434.16655, 6402742.97034 ], [ 532441.04327, 6402728.92663 ], [ 532446.92101, 6402714.89123 ], [ 532453.76455, 6402696.85163 ], [ 532459.634, 6402681.81725 ], [ 532462.56457, 6402673.80058 ], [ 532450.51045, 6402665.90839 ], [ 532438.47292, 6402660.01415 ], [ 532418.43525, 6402653.18733 ], [ 532409.37806, 6402645.27025 ], [ 532400.33747, 6402639.35111 ], [ 532388.26675, 6402629.46098 ], [ 532387.25948, 6402628.47031 ], [ 532368.22908, 6402622.63416 ], [ 532351.26302, 6402624.77319 ], [ 532330.23466, 6402618.95364 ], [ 532326.47102, 6402646.95806 ], [ 532318.70316, 6402673.9967 ], [ 532318.73634, 6402677.99259 ], [ 532311.94257, 6402702.02602 ], [ 532341.07061, 6402720.76581 ], [ 532383.26005, 6402748.38847 ], [ 532387.28085, 6402751.35219 ], [ 532412.39638, 6402768.12723 ] ] ] ] } },
{ "type": "Feature", "properties": { "COMMUNE": "Vergt-de-Biron", "COMMUNAUTE": "CC des Bastides Dordogne Périgord", "INSEE_COMM": 24572, "ID_CDECOMM": 21, "SURFACE_UR": 2.2706, "COVISIBILI": "non", "SITUATION_": "non boise", "SITUATION1": "vallee" }, "geometry": { "type": "MultiPolygon", "coordinates": [ [ [ [ 529418.71219, 6397169.39055 ], [ 529454.66704, 6397168.09276 ], [ 529457.66397, 6397168.06786 ], [ 529469.92069, 6397080.05053 ], [ 529479.36297, 6397014.03546 ], [ 529457.33572, 6397008.22425 ], [ 529453.33982, 6397008.25745 ], [ 529442.60823, 6397039.31685 ], [ 529412.66383, 6397042.56277 ], [ 529412.58087, 6397032.57307 ], [ 529388.5142, 6397021.7836 ], [ 529363.46514, 6397013.00038 ], [ 529356.49719, 6397016.0554 ], [ 529361.51696, 6397019.01081 ], [ 529377.60012, 6397030.86565 ], [ 529381.62091, 6397033.82936 ], [ 529392.71748, 6397046.72467 ], [ 529334.7105, 6397039.21433 ], [ 529323.71347, 6397038.30667 ], [ 529311.71746, 6397037.40731 ], [ 529299.73804, 6397038.50588 ], [ 529299.70958, 6397155.39375 ], [ 529312.77922, 6397165.27555 ], [ 529336.77125, 6397167.07428 ], [ 529339.77647, 6397168.04835 ], [ 529365.74985, 6397167.83254 ], [ 529376.73859, 6397167.74123 ], [ 529400.71402, 6397167.54202 ], [ 529418.71219, 6397169.39055 ] ] ] ] } },
{ "type": "Feature", "properties": { "COMMUNE": "Gaugeac", "COMMUNAUTE": "CC des Bastides Dordogne Périgord", "INSEE_COMM": 24195, "ID_CDECOMM": 21, "SURFACE_UR": 2.58165, "COVISIBILI": "non", "SITUATION_": "non boise", "SITUATION1": "plateau plaine" }, "geometry": { "type": "MultiPolygon", "coordinates": [ [ [ [ 532918.80235, 6398905.61207 ], [ 532916.72142, 6398895.63893 ], [ 532911.63526, 6398884.69172 ], [ 532906.5242, 6398870.74759 ], [ 532898.32495, 6398845.83965 ], [ 532890.14228, 6398822.92966 ], [ 532877.79776, 6398780.0734 ], [ 532869.64829, 6398761.15931 ], [ 532861.51541, 6398744.24316 ], [ 532857.44482, 6398735.2856 ], [ 532855.39708, 6398729.30836 ], [ 532843.19362, 6398703.43466 ], [ 532838.08257, 6398689.49054 ], [ 532840.07222, 6398688.47496 ], [ 532829.85842, 6398661.58568 ], [ 532823.74839, 6398647.64986 ], [ 532818.66223, 6398636.70265 ], [ 532733.09037, 6398678.37455 ], [ 532844.15285, 6398939.20085 ], [ 532918.80235, 6398905.61207 ] ] ] ] } },
{ "type": "Feature", "properties": { "COMMUNE": "Gaugeac", "COMMUNAUTE": "CC des Bastides Dordogne Périgord", "INSEE_COMM": 24195, "ID_CDECOMM": 21, "SURFACE_UR": 0.97455, "COVISIBILI": "non", "SITUATION_": "boise", "SITUATION1": "plateau plaine" }, "geometry": { "type": "MultiPolygon", "coordinates": [ [ [ [ 531165.45619, 6398301.77505 ], [ 531113.21072, 6398266.24369 ], [ 531061.85294, 6398337.6024 ], [ 531102.0941, 6398371.23543 ], [ 531106.07342, 6398369.20428 ], [ 531130.87362, 6398348.01833 ], [ 531133.85396, 6398345.99548 ], [ 531201.94204, 6398364.4115 ], [ 531203.9317, 6398363.39592 ], [ 531221.84692, 6398355.25472 ], [ 531230.80453, 6398351.18412 ], [ 531240.76111, 6398347.10522 ], [ 531257.68565, 6398339.97129 ], [ 531250.60155, 6398329.0407 ], [ 531240.49563, 6398315.13809 ], [ 531238.48938, 6398314.15572 ], [ 531180.60678, 6398321.62999 ], [ 531165.47279, 6398303.773 ], [ 531165.45619, 6398301.77505 ] ] ] ] } },
{ "type": "Feature", "properties": { "COMMUNE": "Lavalade", "COMMUNAUTE": "CC des Bastides Dordogne Périgord", "INSEE_COMM": 24231, "ID_CDECOMM": 21, "SURFACE_UR": 1.60775, "COVISIBILI": "non", "SITUATION_": "clairiere", "SITUATION1": "plateau plaine" }, "geometry": { "type": "MultiPolygon", "coordinates": [ [ [ [ 530425.62963, 6401485.87587 ], [ 530430.57476, 6401479.84053 ], [ 530476.32871, 6401455.48341 ], [ 530461.21958, 6401440.62327 ], [ 530442.11454, 6401425.79633 ], [ 530432.2077, 6401435.86905 ], [ 530416.12448, 6401424.01414 ], [ 530401.98115, 6401405.1498 ], [ 530400.96558, 6401403.16015 ], [ 530395.92921, 6401398.20677 ], [ 530364.6788, 6401364.4989 ], [ 530360.70777, 6401367.52902 ], [ 530350.79263, 6401376.60277 ], [ 530323.02861, 6401401.80949 ], [ 530315.08655, 6401407.86972 ], [ 530299.21072, 6401420.98916 ], [ 530286.32354, 6401433.08473 ], [ 530271.45499, 6401447.19485 ], [ 530324.7659, 6401490.70991 ], [ 530386.05207, 6401532.16063 ], [ 530425.62963, 6401485.87587 ] ] ] ] } },
{ "type": "Feature", "properties": { "COMMUNE": "Marsalès", "COMMUNAUTE": "CC des Bastides Dordogne Périgord", "INSEE_COMM": 24257, "ID_CDECOMM": 21, "SURFACE_UR": 0.85565, "COVISIBILI": "non", "SITUATION_": "clairiere", "SITUATION1": "plateau plaine" }, "geometry": { "type": "MultiPolygon", "coordinates": [ [ [ [ 533330.74023, 6403395.88812 ], [ 533339.72276, 6403394.81445 ], [ 533344.70936, 6403393.77398 ], [ 533350.67836, 6403390.72726 ], [ 533385.50163, 6403373.45423 ], [ 533416.33728, 6403357.21337 ], [ 533428.28357, 6403352.11891 ], [ 533400.87972, 6403300.3964 ], [ 533363.09269, 6403321.69023 ], [ 533347.8923, 6403295.84143 ], [ 533343.91297, 6403297.87257 ], [ 533307.9082, 6403293.1765 ], [ 533288.01156, 6403303.33222 ], [ 533286.02189, 6403304.34779 ], [ 533303.29491, 6403339.17075 ], [ 533310.39561, 6403352.0993 ], [ 533330.74023, 6403395.88812 ] ] ] ] } },
{ "type": "Feature", "properties": { "COMMUNE": "Marsalès", "COMMUNAUTE": "CC des Bastides Dordogne Périgord", "INSEE_COMM": 24257, "ID_CDECOMM": 21, "SURFACE_UR": 1.2583, "COVISIBILI": "non", "SITUATION_": "clairiere", "SITUATION1": "plateau plaine" }, "geometry": { "type": "MultiPolygon", "coordinates": [ [ [ [ 534922.3644, 6403412.64244 ], [ 534923.35508, 6403411.63517 ], [ 534943.35128, 6403413.46722 ], [ 534960.35883, 6403416.32313 ], [ 534969.9504, 6403368.28947 ], [ 534895.97609, 6403362.90945 ], [ 534863.98384, 6403360.17796 ], [ 534805.21824, 6403381.64579 ], [ 534816.43103, 6403408.52683 ], [ 534826.62824, 6403433.41821 ], [ 534821.64164, 6403434.45865 ], [ 534794.66918, 6403434.68261 ], [ 534814.00654, 6403477.48086 ], [ 534817.14452, 6403494.43852 ], [ 534818.35921, 6403520.40353 ], [ 534892.10122, 6403497.81231 ], [ 534851.33726, 6403401.2437 ], [ 534917.26165, 6403399.69726 ], [ 534922.3644, 6403412.64244 ] ] ] ] } },
{ "type": "Feature", "properties": { "COMMUNE": "Saint-Avit-Rivière", "COMMUNAUTE": "CC des Bastides Dordogne Périgord", "INSEE_COMM": 24378, "ID_CDECOMM": 21, "SURFACE_UR": 0.50555, "COVISIBILI": "non", "SITUATION_": "non boise", "SITUATION1": "vallee" }, "geometry": { "type": "MultiPolygon", "coordinates": [ [ [ [ 532521.93557, 6408139.07228 ], [ 532536.96177, 6408143.9427 ], [ 532544.91214, 6408138.88144 ], [ 532549.82409, 6408128.85019 ], [ 532562.29652, 6408066.8058 ], [ 532564.19493, 6408054.80149 ], [ 532567.06744, 6408039.79196 ], [ 532519.02509, 6408029.20149 ], [ 532503.69675, 6408108.25337 ], [ 532512.92815, 6408137.149 ], [ 532521.93557, 6408139.07228 ] ] ] ] } },
{ "type": "Feature", "properties": { "COMMUNE": "Lolme", "COMMUNAUTE": "CC des Bastides Dordogne Périgord", "INSEE_COMM": 24244, "ID_CDECOMM": 21, "SURFACE_UR": 1.3617, "COVISIBILI": "oui", "SITUATION_": "non boise", "SITUATION1": "ligne de crete" }, "geometry": { "type": "MultiPolygon", "coordinates": [ [ [ [ 529425.82183, 6402477.23906 ], [ 529531.075, 6402399.43871 ], [ 529540.02434, 6402394.36917 ], [ 529569.91908, 6402385.12948 ], [ 529554.36202, 6402316.32469 ], [ 529547.38575, 6402318.38072 ], [ 529519.48067, 6402326.60484 ], [ 529506.52711, 6402330.70861 ], [ 529496.5705, 6402334.78748 ], [ 529493.58185, 6402335.81134 ], [ 529485.62319, 6402339.87362 ], [ 529471.72872, 6402350.9785 ], [ 529467.75769, 6402354.00861 ], [ 529459.82391, 6402361.06781 ], [ 529448.90979, 6402370.14985 ], [ 529443.94807, 6402374.18724 ], [ 529423.1271, 6402393.34199 ], [ 529416.1923, 6402400.39289 ], [ 529413.21195, 6402402.41573 ], [ 529379.48719, 6402431.66807 ], [ 529425.82183, 6402477.23906 ] ] ] ] } },
{ "type": "Feature", "properties": { "COMMUNE": "Marsalès", "COMMUNAUTE": "CC des Bastides Dordogne Périgord", "INSEE_COMM": 24257, "ID_CDECOMM": 21, "SURFACE_UR": 2.20645, "COVISIBILI": "non", "SITUATION_": "non boise", "SITUATION1": "plateau plaine" }, "geometry": { "type": "MultiPolygon", "coordinates": [ [ [ [ 532699.81263, 6400926.49932 ], [ 532752.09143, 6400966.02672 ], [ 532764.15386, 6400974.9179 ], [ 532804.36523, 6400884.66978 ], [ 532842.18537, 6400867.37177 ], [ 532949.95893, 6400852.48964 ], [ 532953.21309, 6400883.43298 ], [ 533027.05456, 6400872.82898 ], [ 533019.54725, 6400810.95059 ], [ 533018.39892, 6400792.97733 ], [ 533015.99438, 6400744.04413 ], [ 533008.89366, 6400731.11555 ], [ 532990.02923, 6400745.25893 ], [ 532968.15126, 6400757.42925 ], [ 532958.20296, 6400762.50713 ], [ 532951.2433, 6400766.56114 ], [ 532938.32295, 6400774.66086 ], [ 532919.44193, 6400786.80628 ], [ 532914.47192, 6400789.84471 ], [ 532897.57226, 6400799.97557 ], [ 532845.88258, 6400831.37545 ], [ 532828.99121, 6400842.50529 ], [ 532824.02121, 6400845.54372 ], [ 532818.06052, 6400849.58942 ], [ 532760.41015, 6400885.035 ], [ 532730.59844, 6400904.26455 ], [ 532699.81263, 6400926.49932 ] ] ] ] } },
{ "type": "Feature", "properties": { "COMMUNE": "Marsalès", "COMMUNAUTE": "CC des Bastides Dordogne Périgord", "INSEE_COMM": 24257, "ID_CDECOMM": 21, "SURFACE_UR": 2.36995, "COVISIBILI": "non", "SITUATION_": "non boise", "SITUATION1": "plateau plaine" }, "geometry": { "type": "MultiPolygon", "coordinates": [ [ [ [ 532312.35978, 6401188.47106 ], [ 532366.98004, 6401149.05452 ], [ 532375.91278, 6401141.98699 ], [ 532394.78552, 6401128.84261 ], [ 532406.69859, 6401119.75223 ], [ 532439.48236, 6401097.50086 ], [ 532443.45339, 6401094.47073 ], [ 532389.66949, 6400994.01413 ], [ 532347.87001, 6401013.34326 ], [ 532324.49523, 6400965.58335 ], [ 532281.71338, 6400986.91874 ], [ 532302.01654, 6401025.71277 ], [ 532240.35364, 6401059.19356 ], [ 532312.35978, 6401188.47106 ] ] ] ] } },
{ "type": "Feature", "properties": { "COMMUNE": "Saint-Avit-Rivière", "COMMUNAUTE": "CC des Bastides Dordogne Périgord", "INSEE_COMM": 24378, "ID_CDECOMM": 21, "SURFACE_UR": 0.51465, "COVISIBILI": "non", "SITUATION_": "non boise", "SITUATION1": "pente" }, "geometry": { "type": "MultiPolygon", "coordinates": [ [ [ [ 532214.83833, 6408212.55511 ], [ 532215.83731, 6408212.54682 ], [ 532217.7855, 6408206.53637 ], [ 532220.73267, 6408200.51762 ], [ 532221.70676, 6408197.51239 ], [ 532228.59179, 6408184.46762 ], [ 532231.54726, 6408179.44785 ], [ 532235.48511, 6408172.42183 ], [ 532237.46648, 6408170.40729 ], [ 532240.43854, 6408167.38547 ], [ 532243.4106, 6408164.36365 ], [ 532249.34642, 6408157.32103 ], [ 532251.3112, 6408153.30853 ], [ 532268.94444, 6408111.20219 ], [ 532214.82525, 6408090.67174 ], [ 532186.7673, 6408200.79972 ], [ 532214.83833, 6408212.55511 ] ] ] ] } },
{ "type": "Feature", "properties": { "COMMUNE": "Saint-Romain-de-Monpazier", "COMMUNAUTE": "CC des Bastides Dordogne Périgord", "INSEE_COMM": 24495, "ID_CDECOMM": 21, "SURFACE_UR": 0.25635, "COVISIBILI": "non", "SITUATION_": "clairiere", "SITUATION1": "plateau plaine" }, "geometry": { "type": "MultiPolygon", "coordinates": [ [ [ [ 533732.84517, 6404296.6809 ], [ 533732.84517, 6404296.6809 ], [ 533815.76056, 6404295.9925 ], [ 533815.60293, 6404277.012 ], [ 533814.5127, 6404266.03158 ], [ 533808.51052, 6404265.08237 ], [ 533792.52683, 6404265.21507 ], [ 533732.588, 6404265.71271 ], [ 533732.84517, 6404296.6809 ] ] ] ] } },
{ "type": "Feature", "properties": { "COMMUNE": "Lolme", "COMMUNAUTE": "CC des Bastides Dordogne Périgord", "INSEE_COMM": 24244, "ID_CDECOMM": 21, "SURFACE_UR": 1.1504, "COVISIBILI": "non", "SITUATION_": "non boise", "SITUATION1": "plateau plaine" }, "geometry": { "type": "MultiPolygon", "coordinates": [ [ [ [ 529135.46276, 6404325.87727 ], [ 529140.47426, 6404327.83373 ], [ 529144.47018, 6404327.80054 ], [ 529159.43, 6404324.67918 ], [ 529180.90988, 6404264.55833 ], [ 529160.8888, 6404259.7294 ], [ 529144.87193, 6404255.86625 ], [ 529093.8078, 6404242.30376 ], [ 529086.79006, 6404239.36492 ], [ 529089.73723, 6404233.34619 ], [ 529102.45854, 6404201.27124 ], [ 529116.17883, 6404169.18798 ], [ 529126.96854, 6404145.12139 ], [ 529100.90381, 6404134.34841 ], [ 529097.89857, 6404133.37432 ], [ 529085.86933, 6404128.47902 ], [ 529077.85261, 6404125.54848 ], [ 529076.87851, 6404128.55369 ], [ 529065.14788, 6404159.62138 ], [ 529040.613, 6404212.7743 ], [ 529053.74076, 6404229.64897 ], [ 529078.9807, 6404261.40867 ], [ 529084.03367, 6404268.35999 ], [ 529081.08649, 6404274.37872 ], [ 529076.19113, 6404286.40786 ], [ 529112.36179, 6404311.0835 ], [ 529130.44298, 6404322.92183 ], [ 529135.46276, 6404325.87727 ] ] ] ] } },
{ "type": "Feature", "properties": { "COMMUNE": "Lavalade", "COMMUNAUTE": "CC des Bastides Dordogne Périgord", "INSEE_COMM": 24231, "ID_CDECOMM": 21, "SURFACE_UR": 0.9384, "COVISIBILI": "non", "SITUATION_": "non boise", "SITUATION1": "pente" }, "geometry": { "type": "MultiPolygon", "coordinates": [ [ [ [ 530613.96039, 6401547.25114 ], [ 530627.88803, 6401540.14214 ], [ 530632.86633, 6401538.1027 ], [ 530640.84158, 6401536.03836 ], [ 530652.81274, 6401533.94082 ], [ 530659.51524, 6401498.91862 ], [ 530662.37114, 6401481.91116 ], [ 530664.24466, 6401466.90994 ], [ 530664.22807, 6401464.91199 ], [ 530665.98545, 6401435.92513 ], [ 530667.69305, 6401400.94443 ], [ 530652.75813, 6401407.06275 ], [ 530608.94408, 6401424.41046 ], [ 530561.15069, 6401443.78931 ], [ 530575.36869, 6401471.64442 ], [ 530588.57111, 6401497.50987 ], [ 530600.75796, 6401521.38568 ], [ 530613.96039, 6401547.25114 ] ] ] ] } },
{ "type": "Feature", "properties": { "COMMUNE": "Marsalès", "COMMUNAUTE": "CC des Bastides Dordogne Périgord", "INSEE_COMM": 24257, "ID_CDECOMM": 21, "SURFACE_UR": 2.9444, "COVISIBILI": "non", "SITUATION_": "non boise", "SITUATION1": "plateau plaine" }, "geometry": { "type": "MultiPolygon", "coordinates": [ [ [ [ 531801.33359, 6401728.20454 ], [ 531864.59287, 6401766.64173 ], [ 531928.65538, 6401661.20984 ], [ 531932.30283, 6401619.21967 ], [ 531933.17735, 6401604.22673 ], [ 531949.9028, 6401573.1174 ], [ 531963.68109, 6401548.02682 ], [ 531939.39861, 6401511.26392 ], [ 531938.39963, 6401511.27222 ], [ 531935.41928, 6401513.29507 ], [ 531927.51041, 6401523.35122 ], [ 531923.4979, 6401521.38646 ], [ 531916.33081, 6401500.46608 ], [ 531914.27478, 6401493.48985 ], [ 531910.171, 6401480.53637 ], [ 531823.86546, 6401554.18363 ], [ 531819.994, 6401569.20145 ], [ 531806.45631, 6401623.26232 ], [ 531803.55063, 6401634.27595 ], [ 531760.28416, 6401717.55608 ], [ 531801.33359, 6401728.20454 ] ] ] ] } },
{ "type": "Feature", "properties": { "COMMUNE": "Lolme", "COMMUNAUTE": "CC des Bastides Dordogne Périgord", "INSEE_COMM": 24244, "ID_CDECOMM": 21, "SURFACE_UR": 0.8455, "COVISIBILI": "non", "SITUATION_": "non boise", "SITUATION1": "pente" }, "geometry": { "type": "MultiPolygon", "coordinates": [ [ [ [ 529257.01378, 6404045.13633 ], [ 529289.44096, 6403979.92937 ], [ 529289.25848, 6403957.95199 ], [ 529288.12678, 6403941.97673 ], [ 529273.09231, 6403936.10735 ], [ 529264.10148, 6403936.18202 ], [ 529213.19496, 6403941.6 ], [ 529206.45094, 6403971.62723 ], [ 529197.70067, 6404000.67209 ], [ 529193.79599, 6404011.69396 ], [ 529191.83951, 6404016.70542 ], [ 529185.97834, 6404032.73875 ], [ 529182.06537, 6404042.76165 ], [ 529236.0269, 6404044.31159 ], [ 529244.03533, 6404046.24316 ], [ 529245.02601, 6404045.23589 ], [ 529248.02296, 6404045.211 ], [ 529257.01378, 6404045.13633 ] ] ] ] } },
{ "type": "Feature", "properties": { "COMMUNE": "Vergt-de-Biron", "COMMUNAUTE": "CC des Bastides Dordogne Périgord", "INSEE_COMM": 24572, "ID_CDECOMM": 21, "SURFACE_UR": 2.6008, "COVISIBILI": "oui", "SITUATION_": "non boise", "SITUATION1": "ligne de crete" }, "geometry": { "type": "MultiPolygon", "coordinates": [ [ [ [ 529656.65216, 6396587.9705 ], [ 529704.0721, 6396523.63794 ], [ 529711.08982, 6396526.57674 ], [ 529718.13242, 6396532.51246 ], [ 529719.14799, 6396534.5021 ], [ 529723.09412, 6396528.47507 ], [ 529757.75964, 6396492.22159 ], [ 529759.741, 6396490.20705 ], [ 529762.70475, 6396486.18627 ], [ 529787.7538, 6396494.96947 ], [ 529799.62538, 6396480.88427 ], [ 529777.44052, 6396456.09263 ], [ 529671.49931, 6396450.97873 ], [ 529636.2946, 6396422.29913 ], [ 529629.26029, 6396417.36239 ], [ 529622.30894, 6396422.41535 ], [ 529619.37837, 6396430.43202 ], [ 529610.43736, 6396436.50055 ], [ 529596.52636, 6396445.6075 ], [ 529577.63706, 6396456.75389 ], [ 529568.69605, 6396462.82242 ], [ 529563.68458, 6396460.86599 ], [ 529545.62007, 6396451.0257 ], [ 529543.61382, 6396450.04333 ], [ 529541.63246, 6396452.05788 ], [ 529488.25184, 6396520.43611 ], [ 529489.25911, 6396521.42678 ], [ 529497.2758, 6396524.35729 ], [ 529552.39367, 6396544.87911 ], [ 529656.65216, 6396587.9705 ] ] ] ] } },
{ "type": "Feature", "properties": { "COMMUNE": "Saint-Romain-de-Monpazier", "COMMUNAUTE": "CC des Bastides Dordogne Périgord", "INSEE_COMM": 24495, "ID_CDECOMM": 21, "SURFACE_UR": 2.44945, "COVISIBILI": "non", "SITUATION_": "clairiere", "SITUATION1": "plateau plaine" }, "geometry": { "type": "MultiPolygon", "coordinates": [ [ [ [ 531509.93963, 6404294.16722 ], [ 531484.19841, 6404322.35421 ], [ 531531.38275, 6404349.93545 ], [ 531561.49319, 6404366.66905 ], [ 531577.55983, 6404376.52602 ], [ 531627.09408, 6404326.16246 ], [ 531618.05348, 6404320.2433 ], [ 531685.14631, 6404218.78275 ], [ 531658.04941, 6404204.0222 ], [ 531612.82984, 6404172.42849 ], [ 531604.94584, 6404185.48152 ], [ 531598.88559, 6404177.53952 ], [ 531574.71927, 6404154.7623 ], [ 531566.66107, 6404146.8369 ], [ 531536.93222, 6404176.05606 ], [ 531548.01225, 6404186.95349 ], [ 531518.26682, 6404214.1747 ], [ 531494.48208, 6404237.35023 ], [ 531531.7181, 6404270.00931 ], [ 531509.93963, 6404294.16722 ] ] ] ] } },
{ "type": "Feature", "properties": { "COMMUNE": "Marsalès", "COMMUNAUTE": "CC des Bastides Dordogne Périgord", "INSEE_COMM": 24257, "ID_CDECOMM": 21, "SURFACE_UR": 3.756, "COVISIBILI": "non", "SITUATION_": "clairiere", "SITUATION1": "pente" }, "geometry": { "type": "MultiPolygon", "coordinates": [ [ [ [ 532670.25287, 6402660.08663 ], [ 532813.34278, 6402566.98604 ], [ 532698.12347, 6402407.09768 ], [ 532622.5743, 6402452.68219 ], [ 532644.87539, 6402491.45951 ], [ 532600.15356, 6402519.80421 ], [ 532551.35287, 6402538.19239 ], [ 532544.38489, 6402541.2474 ], [ 532533.4293, 6402545.33458 ], [ 532530.44895, 6402547.35742 ], [ 532517.53687, 6402556.45607 ], [ 532492.70339, 6402573.64608 ], [ 532492.70339, 6402573.64608 ], [ 532465.89685, 6402593.8496 ], [ 532470.93322, 6402598.80297 ], [ 532474.97062, 6402603.76463 ], [ 532479.01632, 6402609.72527 ], [ 532485.0019, 6402608.6765 ], [ 532492.94397, 6402602.61627 ], [ 532504.88195, 6402596.52284 ], [ 532509.86026, 6402594.4834 ], [ 532513.88936, 6402598.44609 ], [ 532523.96212, 6402608.35282 ], [ 532537.04841, 6402620.2326 ], [ 532554.17209, 6402637.07403 ], [ 532567.04269, 6402622.98053 ], [ 532606.63689, 6402578.69377 ], [ 532616.57691, 6402572.61695 ], [ 532624.65171, 6402582.54027 ], [ 532635.82299, 6402604.42637 ], [ 532636.83856, 6402606.41601 ], [ 532640.8096, 6402603.3859 ], [ 532645.89575, 6402614.33309 ], [ 532662.16148, 6402648.16536 ], [ 532670.25287, 6402660.08663 ] ] ] ] } },
{ "type": "Feature", "properties": { "COMMUNE": "Marsalès", "COMMUNAUTE": "CC des Bastides Dordogne Périgord", "INSEE_COMM": 24257, "ID_CDECOMM": 21, "SURFACE_UR": 0.4507, "COVISIBILI": "non", "SITUATION_": "non boise", "SITUATION1": "plateau plaine" }, "geometry": { "type": "MultiPolygon", "coordinates": [ [ [ [ 531904.82405, 6402159.93109 ], [ 531910.80963, 6402158.88232 ], [ 531923.77978, 6402156.77648 ], [ 531931.75502, 6402154.71214 ], [ 531940.74584, 6402154.63745 ], [ 531963.72238, 6402154.44656 ], [ 531974.70286, 6402153.3563 ], [ 531979.69776, 6402153.3148 ], [ 531984.68436, 6402152.27433 ], [ 531989.66266, 6402150.23488 ], [ 531996.63893, 6402148.17884 ], [ 532007.56133, 6402140.09574 ], [ 532014.51271, 6402135.04276 ], [ 532017.46816, 6402130.02299 ], [ 532018.42566, 6402125.01981 ], [ 532018.25142, 6402104.04131 ], [ 531957.32195, 6402105.54654 ], [ 531948.32284, 6402104.62226 ], [ 531935.3361, 6402104.73015 ], [ 531937.53318, 6402128.68897 ], [ 531907.58038, 6402130.9359 ], [ 531907.58038, 6402130.9359 ], [ 531904.82405, 6402159.93109 ] ] ] ] } },
{ "type": "Feature", "properties": { "COMMUNE": "Lolme", "COMMUNAUTE": "CC des Bastides Dordogne Périgord", "INSEE_COMM": 24244, "ID_CDECOMM": 21, "SURFACE_UR": 1.9941, "COVISIBILI": "non", "SITUATION_": "non boise", "SITUATION1": "pente" }, "geometry": { "type": "MultiPolygon", "coordinates": [ [ [ [ 529091.93713, 6403054.4601 ], [ 529099.77966, 6403036.41225 ], [ 529107.63878, 6403020.36233 ], [ 529125.30522, 6402982.25209 ], [ 529129.23479, 6402974.22713 ], [ 529137.06903, 6402955.1803 ], [ 529142.96337, 6402943.14287 ], [ 529145.88565, 6402934.12724 ], [ 529147.81726, 6402926.11887 ], [ 529148.74158, 6402917.11984 ], [ 529148.70011, 6402912.12498 ], [ 529149.57467, 6402897.13212 ], [ 529150.44923, 6402882.13925 ], [ 529149.32582, 6402867.16298 ], [ 529146.20446, 6402852.20331 ], [ 529142.94209, 6402820.26112 ], [ 529136.81549, 6402804.32737 ], [ 529127.65048, 6402783.42365 ], [ 529123.54673, 6402770.47021 ], [ 529123.53014, 6402768.47227 ], [ 529069.69305, 6402781.90693 ], [ 529077.87567, 6402804.81688 ], [ 529079.9151, 6402809.79515 ], [ 529079.55482, 6402886.72421 ], [ 529074.65116, 6402897.75438 ], [ 529056.96813, 6402933.86668 ], [ 529049.15048, 6402954.91145 ], [ 529021.70161, 6403018.07894 ], [ 529030.73391, 6403022.99913 ], [ 529091.93713, 6403054.4601 ] ] ] ] } },
{ "type": "Feature", "properties": { "COMMUNE": "Lolme", "COMMUNAUTE": "CC des Bastides Dordogne Périgord", "INSEE_COMM": 24244, "ID_CDECOMM": 21, "SURFACE_UR": 1.50095, "COVISIBILI": "non", "SITUATION_": "clairiere", "SITUATION1": "plateau plaine" }, "geometry": { "type": "MultiPolygon", "coordinates": [ [ [ [ 529564.78131, 6404653.99352 ], [ 529573.73066, 6404648.92399 ], [ 529606.40669, 6404613.68617 ], [ 529608.37977, 6404610.67266 ], [ 529612.32592, 6404604.64564 ], [ 529622.14153, 6404583.58425 ], [ 529628.04417, 6404572.54577 ], [ 529629.01827, 6404569.54056 ], [ 529651.50542, 6404510.41036 ], [ 529649.50746, 6404510.42695 ], [ 529644.52914, 6404512.46638 ], [ 529638.53526, 6404512.51616 ], [ 529631.5341, 6404511.57526 ], [ 529612.50371, 6404505.73906 ], [ 529608.49119, 6404503.7743 ], [ 529586.43067, 6404493.9671 ], [ 529575.39212, 6404488.06453 ], [ 529557.33582, 6404479.22312 ], [ 529553.31501, 6404476.25939 ], [ 529534.20996, 6404461.43243 ], [ 529501.51734, 6404494.67231 ], [ 529499.53597, 6404496.68685 ], [ 529471.82995, 6404528.88627 ], [ 529483.88407, 6404536.77849 ], [ 529494.89774, 6404539.68414 ], [ 529553.94543, 6404552.18129 ], [ 529554.91952, 6404549.17608 ], [ 529576.95516, 6404555.98636 ], [ 529575.98106, 6404558.99158 ], [ 529530.56713, 6404624.30643 ], [ 529564.78131, 6404653.99352 ] ] ] ] } },
{ "type": "Feature", "properties": { "COMMUNE": "Marsalès", "COMMUNAUTE": "CC des Bastides Dordogne Périgord", "INSEE_COMM": 24257, "ID_CDECOMM": 21, "SURFACE_UR": 2.35835, "COVISIBILI": "non", "SITUATION_": "non boise", "SITUATION1": "plateau plaine" }, "geometry": { "type": "MultiPolygon", "coordinates": [ [ [ [ 531887.07136, 6402307.93721 ], [ 531886.08897, 6402309.94346 ], [ 531883.14181, 6402315.96222 ], [ 531856.49293, 6402355.14635 ], [ 531915.54888, 6402368.64232 ], [ 531916.54786, 6402368.63402 ], [ 531974.59654, 6402381.13931 ], [ 531978.40166, 6402358.12976 ], [ 531983.16426, 6402330.11695 ], [ 531954.14406, 6402324.36377 ], [ 531955.10985, 6402320.35957 ], [ 531958.03212, 6402311.34388 ], [ 531974.62483, 6402264.25093 ], [ 531989.25276, 6402221.17047 ], [ 531991.21753, 6402217.15797 ], [ 531994.21447, 6402217.13308 ], [ 532000.24984, 6402222.07816 ], [ 531999.25915, 6402223.08544 ], [ 532006.30179, 6402229.0212 ], [ 532017.36524, 6402237.92069 ], [ 532031.45052, 6402249.79222 ], [ 532055.20203, 6402222.62068 ], [ 532054.7374, 6402166.67803 ], [ 532055.4211, 6402128.70864 ], [ 532051.42518, 6402128.74184 ], [ 532023.47863, 6402131.97114 ], [ 532019.54079, 6402138.99717 ], [ 532007.636, 6402149.08652 ], [ 532000.70122, 6402156.13745 ], [ 531974.75264, 6402159.35015 ], [ 531963.76386, 6402159.44144 ], [ 531927.81718, 6402161.73816 ], [ 531923.83785, 6402163.76931 ], [ 531920.86581, 6402166.79114 ], [ 531903.48983, 6402239.86576 ], [ 531901.56655, 6402248.87314 ], [ 531896.76247, 6402271.89109 ], [ 531894.88896, 6402286.89232 ], [ 531887.07136, 6402307.93721 ] ] ] ] } },
{ "type": "Feature", "properties": { "COMMUNE": "Saint-Cassien", "COMMUNAUTE": "CC des Bastides Dordogne Périgord", "INSEE_COMM": 24384, "ID_CDECOMM": 21, "SURFACE_UR": 0.8755, "COVISIBILI": "non", "SITUATION_": "non boise", "SITUATION1": "plateau plaine" }, "geometry": { "type": "MultiPolygon", "coordinates": [ [ [ [ 528261.55168, 6399784.50087 ], [ 528295.46717, 6399778.22491 ], [ 528283.33013, 6399760.34299 ], [ 528242.04026, 6399720.72433 ], [ 528216.67598, 6399673.98011 ], [ 528189.30545, 6399626.25351 ], [ 528177.16012, 6399607.37263 ], [ 528138.25804, 6399614.68905 ], [ 528140.28917, 6399618.66835 ], [ 528140.34723, 6399625.66115 ], [ 528140.44676, 6399637.64881 ], [ 528147.53914, 6399649.57838 ], [ 528150.56925, 6399653.54937 ], [ 528162.66481, 6399666.43643 ], [ 528170.75617, 6399678.35771 ], [ 528172.77901, 6399681.33803 ], [ 528177.85684, 6399691.28625 ], [ 528193.13181, 6399726.1258 ], [ 528199.24179, 6399740.06161 ], [ 528205.29372, 6399747.00463 ], [ 528211.31247, 6399749.95176 ], [ 528232.38225, 6399760.76619 ], [ 528247.44987, 6399770.63144 ], [ 528255.49975, 6399777.55785 ], [ 528261.55168, 6399784.50087 ] ] ] ] } },
{ "type": "Feature", "properties": { "COMMUNE": "Saint-Avit-Rivière", "COMMUNAUTE": "CC des Bastides Dordogne Périgord", "INSEE_COMM": 24378, "ID_CDECOMM": 21, "SURFACE_UR": 2.1541, "COVISIBILI": "non", "SITUATION_": "clairiere", "SITUATION1": "plateau plaine" }, "geometry": { "type": "MultiPolygon", "coordinates": [ [ [ [ 536232.0023, 6406405.89065 ], [ 536246.92894, 6406398.77339 ], [ 536261.86388, 6406392.6551 ], [ 536268.80697, 6406386.60318 ], [ 536320.4968, 6406355.20356 ], [ 536418.82347, 6406285.45298 ], [ 536409.47585, 6406242.5717 ], [ 536407.40321, 6406233.59752 ], [ 536405.38866, 6406231.61616 ], [ 536401.22678, 6406211.66983 ], [ 536382.09679, 6406193.84589 ], [ 536374.03856, 6406185.92046 ], [ 536365.97203, 6406176.99604 ], [ 536305.63156, 6406249.42831 ], [ 536273.43183, 6406221.72246 ], [ 536267.48772, 6406227.76608 ], [ 536263.52498, 6406231.79517 ], [ 536261.53532, 6406232.81073 ], [ 536258.57156, 6406236.83152 ], [ 536252.64405, 6406244.8731 ], [ 536251.66166, 6406246.87935 ], [ 536254.6669, 6406247.85343 ], [ 536247.79849, 6406262.89613 ], [ 536239.97258, 6406282.94201 ], [ 536247.01524, 6406288.87779 ], [ 536266.93679, 6406281.71905 ], [ 536267.99385, 6406288.70358 ], [ 536270.04159, 6406294.68084 ], [ 536272.14742, 6406307.65093 ], [ 536271.2646, 6406321.64488 ], [ 536270.332, 6406329.64498 ], [ 536256.37944, 6406333.75702 ], [ 536224.44522, 6406338.01839 ], [ 536232.0023, 6406405.89065 ] ] ] ] } },
{ "type": "Feature", "properties": { "COMMUNE": "Saint-Avit-Rivière", "COMMUNAUTE": "CC des Bastides Dordogne Périgord", "INSEE_COMM": 24378, "ID_CDECOMM": 21, "SURFACE_UR": 1.82135, "COVISIBILI": "non", "SITUATION_": "clairiere", "SITUATION1": "plateau plaine" }, "geometry": { "type": "MultiPolygon", "coordinates": [ [ [ [ 533453.65086, 6406166.21234 ], [ 533499.47954, 6406150.84597 ], [ 533499.47125, 6406149.847 ], [ 533501.32818, 6406132.84782 ], [ 533501.31159, 6406130.84987 ], [ 533503.27637, 6406126.83737 ], [ 533515.26414, 6406126.73779 ], [ 533522.2487, 6406125.68072 ], [ 533529.24157, 6406125.62263 ], [ 533551.25233, 6406129.43596 ], [ 533555.23996, 6406128.40379 ], [ 533559.21099, 6406125.37367 ], [ 533565.18829, 6406123.32592 ], [ 533573.13036, 6406117.26568 ], [ 533596.93998, 6406097.08701 ], [ 533600.89442, 6406092.05893 ], [ 533613.75674, 6406076.96642 ], [ 533623.68018, 6406068.89163 ], [ 533602.63521, 6406061.07411 ], [ 533592.62881, 6406059.15915 ], [ 533588.64948, 6406061.19029 ], [ 533576.71149, 6406067.28373 ], [ 533573.73943, 6406070.30555 ], [ 533564.82327, 6406079.37102 ], [ 533521.50208, 6406035.77296 ], [ 533519.47923, 6406032.79264 ], [ 533512.38681, 6406020.86303 ], [ 533509.3235, 6406012.89612 ], [ 533503.32962, 6406012.94592 ], [ 533495.34607, 6406014.01128 ], [ 533469.37257, 6406014.22705 ], [ 533460.41493, 6406018.29764 ], [ 533456.419, 6406018.33084 ], [ 533411.55612, 6406029.69301 ], [ 533416.84138, 6406064.61564 ], [ 533424.43984, 6406137.48273 ], [ 533438.53342, 6406150.35322 ], [ 533441.56354, 6406154.32422 ], [ 533446.51697, 6406149.28786 ], [ 533448.49834, 6406147.27331 ], [ 533453.65086, 6406166.21234 ] ] ] ] } },
{ "type": "Feature", "properties": { "COMMUNE": "Saint-Avit-Rivière", "COMMUNAUTE": "CC des Bastides Dordogne Périgord", "INSEE_COMM": 24378, "ID_CDECOMM": 21, "SURFACE_UR": 0.6318, "COVISIBILI": "non", "SITUATION_": "non boise", "SITUATION1": "vallee" }, "geometry": { "type": "MultiPolygon", "coordinates": [ [ [ [ 531956.19342, 6408225.69276 ], [ 531966.19153, 6408226.60877 ], [ 531967.16563, 6408223.60355 ], [ 531980.95227, 6408199.51197 ], [ 531998.992, 6408206.35545 ], [ 532010.04716, 6408214.256 ], [ 532015.91662, 6408199.22157 ], [ 532027.7053, 6408175.14659 ], [ 531973.55292, 6408150.62022 ], [ 531972.57053, 6408152.62647 ], [ 531972.57883, 6408153.62544 ], [ 531965.7021, 6408167.66919 ], [ 531909.53517, 6408141.16146 ], [ 531890.86975, 6408179.28019 ], [ 531899.89376, 6408183.20142 ], [ 531927.97308, 6408195.9558 ], [ 531931.96901, 6408195.92261 ], [ 531927.1649, 6408218.94054 ], [ 531927.18149, 6408220.93849 ], [ 531943.19008, 6408223.80267 ], [ 531947.186, 6408223.76948 ], [ 531947.21089, 6408226.76641 ], [ 531953.19648, 6408225.71766 ], [ 531953.19648, 6408225.71766 ], [ 531956.19342, 6408225.69276 ] ] ] ] } },
{ "type": "Feature", "properties": { "COMMUNE": "Sainte-Croix", "COMMUNAUTE": "CC des Bastides Dordogne Périgord", "INSEE_COMM": 24393, "ID_CDECOMM": 21, "SURFACE_UR": 1.90565, "COVISIBILI": "non", "SITUATION_": "non boise", "SITUATION1": "plateau plaine" }, "geometry": { "type": "MultiPolygon", "coordinates": [ [ [ [ 528576.6839, 6405130.74961 ], [ 528567.69307, 6405130.82427 ], [ 528558.68566, 6405128.90099 ], [ 528544.66675, 6405125.02124 ], [ 528524.62078, 6405117.19537 ], [ 528504.54993, 6405106.37258 ], [ 528498.53116, 6405103.42544 ], [ 528489.50716, 6405099.50421 ], [ 528475.47996, 6405094.62548 ], [ 528468.4705, 6405092.68561 ], [ 528463.45072, 6405089.73017 ], [ 528448.43283, 6405085.85871 ], [ 528441.43167, 6405084.91781 ], [ 528437.42745, 6405083.95202 ], [ 528423.45831, 6405086.0661 ], [ 528382.54988, 6405092.40005 ], [ 528375.55701, 6405092.45812 ], [ 528340.56781, 6405089.75154 ], [ 528336.59677, 6405092.78164 ], [ 528334.62369, 6405095.79515 ], [ 528327.72207, 6405106.84191 ], [ 528320.81215, 6405116.8897 ], [ 528407.83959, 6405130.15361 ], [ 528474.02944, 6405160.57426 ], [ 528451.46762, 6405210.71368 ], [ 528456.48741, 6405213.66912 ], [ 528461.49061, 6405214.62661 ], [ 528551.69747, 6405249.84303 ], [ 528568.54743, 6405233.71845 ], [ 528568.44789, 6405221.73077 ], [ 528569.38881, 6405214.72967 ], [ 528576.6839, 6405130.74961 ] ] ] ] } },
{ "type": "Feature", "properties": { "COMMUNE": "Sainte-Croix", "COMMUNAUTE": "CC des Bastides Dordogne Périgord", "INSEE_COMM": 24393, "ID_CDECOMM": 21, "SURFACE_UR": 2.78055, "COVISIBILI": "non", "SITUATION_": "clairiere", "SITUATION1": "plateau plaine" }, "geometry": { "type": "MultiPolygon", "coordinates": [ [ [ [ 528216.11676, 6407668.31372 ], [ 528195.93702, 6407403.73488 ], [ 528208.47586, 6407349.68246 ], [ 528210.39917, 6407340.6751 ], [ 528129.25775, 6407314.37466 ], [ 528129.27434, 6407316.37261 ], [ 528119.41724, 6407332.43914 ], [ 528109.58503, 6407351.50258 ], [ 528108.60264, 6407353.50883 ], [ 528108.6607, 6407360.50164 ], [ 528102.69999, 6407364.54731 ], [ 528084.92569, 6407389.67095 ], [ 528065.14514, 6407413.81222 ], [ 528063.16377, 6407415.82675 ], [ 528070.62113, 6407471.71124 ], [ 528108.69854, 6407485.38169 ], [ 528150.78017, 6407500.01794 ], [ 528157.74815, 6407496.96295 ], [ 528158.9545, 6407521.92901 ], [ 528161.3506, 6407569.86318 ], [ 528161.41696, 6407577.85497 ], [ 528161.49161, 6407586.84574 ], [ 528163.94578, 6407641.77273 ], [ 528164.02043, 6407650.7635 ], [ 528165.07747, 6407657.74802 ], [ 528166.12622, 6407663.73357 ], [ 528167.16668, 6407668.72015 ], [ 528169.2227, 6407675.69638 ], [ 528182.19287, 6407673.5906 ], [ 528202.14761, 6407670.42779 ], [ 528216.11676, 6407668.31372 ] ] ] ] } },
{ "type": "Feature", "properties": { "COMMUNE": "Vergt-de-Biron", "COMMUNAUTE": "CC des Bastides Dordogne Périgord", "INSEE_COMM": 24572, "ID_CDECOMM": 21, "SURFACE_UR": 11.9842, "COVISIBILI": "non", "SITUATION_": "non boise", "SITUATION1": "plateau plaine" }, "geometry": { "type": "MultiPolygon", "coordinates": [ [ [ [ 528599.85849, 6395288.01142 ], [ 528600.86576, 6395289.00209 ], [ 528595.88747, 6395291.04153 ], [ 528593.88952, 6395291.05814 ], [ 528581.95988, 6395298.15053 ], [ 528572.0199, 6395304.22736 ], [ 528584.04907, 6395309.12259 ], [ 528607.10844, 6395318.92135 ], [ 528675.27929, 6395347.32698 ], [ 528699.33764, 6395357.11744 ], [ 528737.4397, 6395373.78447 ], [ 528797.61045, 6395401.25753 ], [ 528765.18343, 6395466.46446 ], [ 528784.18055, 6395468.30468 ], [ 528795.17757, 6395469.21234 ], [ 528818.23694, 6395479.0111 ], [ 528830.23294, 6395479.91046 ], [ 528848.28085, 6395487.75279 ], [ 528851.27777, 6395487.72789 ], [ 528850.38663, 6395500.72279 ], [ 528850.48617, 6395512.71042 ], [ 528870.54032, 6395521.53512 ], [ 528896.61322, 6395533.30692 ], [ 528927.68928, 6395546.03618 ], [ 528931.71006, 6395548.99989 ], [ 528937.61267, 6395537.96142 ], [ 528948.45209, 6395519.88866 ], [ 528968.55602, 6395534.70717 ], [ 529004.58548, 6395542.40008 ], [ 529035.58689, 6395546.13862 ], [ 529038.58382, 6395546.11372 ], [ 529037.60973, 6395549.11893 ], [ 529067.7117, 6395564.8534 ], [ 529069.72624, 6395566.83474 ], [ 529068.74386, 6395568.84098 ], [ 529066.78738, 6395573.85243 ], [ 529064.81431, 6395576.86594 ], [ 529063.84852, 6395580.87012 ], [ 529060.91795, 6395588.88677 ], [ 529051.04433, 6395602.95536 ], [ 529158.37431, 6395655.01251 ], [ 529170.13805, 6395627.94071 ], [ 529190.2088, 6395638.76335 ], [ 529194.16322, 6395633.7353 ], [ 529209.98922, 6395614.62206 ], [ 529216.92398, 6395607.57116 ], [ 529215.90012, 6395604.58255 ], [ 529206.78492, 6395589.67272 ], [ 529129.17535, 6395507.39746 ], [ 529122.14105, 6395502.46073 ], [ 529118.11197, 6395498.49805 ], [ 529073.75891, 6395450.91278 ], [ 529064.67689, 6395439.99883 ], [ 529068.6479, 6395436.96872 ], [ 529070.57949, 6395428.96036 ], [ 529070.54631, 6395424.96449 ], [ 529072.51938, 6395421.95098 ], [ 529072.51108, 6395420.95201 ], [ 529104.49017, 6395301.80072 ], [ 529165.56036, 6395317.27784 ], [ 529179.13956, 6395268.21212 ], [ 529170.04924, 6395256.2992 ], [ 529172.91345, 6395240.29079 ], [ 529172.90515, 6395239.29182 ], [ 529173.82947, 6395230.2928 ], [ 529177.49357, 6395190.30082 ], [ 529127.50335, 6395185.72106 ], [ 529094.52059, 6395183.99707 ], [ 529091.52366, 6395184.02197 ], [ 529091.6232, 6395196.0096 ], [ 529087.64389, 6395198.04075 ], [ 529082.65731, 6395199.08122 ], [ 529051.78033, 6395210.32723 ], [ 528985.13933, 6395245.84735 ], [ 528925.24231, 6395251.34027 ], [ 528923.31072, 6395259.34863 ], [ 528919.63832, 6395298.34163 ], [ 528903.6796, 6395301.47136 ], [ 528881.73533, 6395305.64986 ], [ 528873.73523, 6395304.7173 ], [ 528860.73197, 6395302.82728 ], [ 528837.73066, 6395300.02131 ], [ 528827.70773, 6395296.10844 ], [ 528805.68051, 6395290.29726 ], [ 528769.62617, 6395279.60744 ], [ 528750.60417, 6395274.77032 ], [ 528743.60305, 6395273.82946 ], [ 528743.59476, 6395272.83049 ], [ 528738.60818, 6395273.87096 ], [ 528652.68804, 6395273.5859 ], [ 528602.85541, 6395287.98652 ], [ 528599.85849, 6395288.01142 ] ] ] ] } },
{ "type": "Feature", "properties": { "COMMUNE": "Marsalès", "COMMUNAUTE": "CC des Bastides Dordogne Périgord", "INSEE_COMM": 24257, "ID_CDECOMM": 21, "SURFACE_UR": 4.6343, "COVISIBILI": "non", "SITUATION_": "non boise", "SITUATION1": "plateau plaine" }, "geometry": { "type": "MultiPolygon", "coordinates": [ [ [ [ 533126.0563, 6400764.10953 ], [ 533124.98264, 6400755.12705 ], [ 533124.87477, 6400742.14036 ], [ 533123.75133, 6400727.16403 ], [ 533123.71814, 6400723.16813 ], [ 533123.60197, 6400709.18247 ], [ 533123.58538, 6400707.18452 ], [ 533123.58538, 6400707.18452 ], [ 533124.50968, 6400698.18544 ], [ 533124.50968, 6400698.18544 ], [ 533124.46819, 6400693.19056 ], [ 533124.46819, 6400693.19056 ], [ 533125.39249, 6400684.19148 ], [ 533125.37589, 6400682.19352 ], [ 533127.22449, 6400664.19536 ], [ 533112.2647, 6400667.3168 ], [ 533112.2647, 6400667.3168 ], [ 533087.32342, 6400671.52023 ], [ 533081.33785, 6400672.56901 ], [ 533074.3533, 6400673.62609 ], [ 533063.40602, 6400678.71228 ], [ 533055.43908, 6400681.77561 ], [ 533033.66069, 6400705.93364 ], [ 533030.68864, 6400708.95547 ], [ 533026.74251, 6400714.98253 ], [ 533025.80162, 6400721.98366 ], [ 533024.86902, 6400729.98376 ], [ 533024.9354, 6400737.97557 ], [ 533026.01736, 6400747.95702 ], [ 533027.18229, 6400767.92823 ], [ 533031.62627, 6400821.83972 ], [ 533036.02047, 6400869.75734 ], [ 533036.06196, 6400874.75222 ], [ 533042.38774, 6400914.66145 ], [ 533045.52573, 6400931.61913 ], [ 533056.91279, 6400979.47866 ], [ 533150.67576, 6400961.7158 ], [ 533136.17559, 6400899.89552 ], [ 533144.15913, 6400898.83013 ], [ 533163.10654, 6400894.67652 ], [ 533255.85392, 6400874.924 ], [ 533263.83746, 6400873.85861 ], [ 533277.79827, 6400870.74547 ], [ 533277.70699, 6400859.75674 ], [ 533272.52125, 6400836.8218 ], [ 533270.42372, 6400824.85069 ], [ 533261.32504, 6400811.93872 ], [ 533251.80317, 6400748.07898 ], [ 533250.80419, 6400748.08728 ], [ 533250.80419, 6400748.08728 ], [ 533232.84747, 6400751.23362 ], [ 533231.84849, 6400751.24192 ], [ 533229.85053, 6400751.25852 ], [ 533228.85155, 6400751.26683 ], [ 533219.86904, 6400752.34051 ], [ 533219.86904, 6400752.34051 ], [ 533216.8721, 6400752.36541 ], [ 533178.9524, 6400757.67573 ], [ 533178.9524, 6400757.67573 ], [ 533174.95648, 6400757.70893 ], [ 533174.95648, 6400757.70893 ], [ 533173.9575, 6400757.71723 ], [ 533168.9709, 6400758.75771 ], [ 533168.9709, 6400758.75771 ], [ 533133.04086, 6400763.05244 ], [ 533133.04086, 6400763.05244 ], [ 533126.0563, 6400764.10953 ] ] ] ] } },
{ "type": "Feature", "properties": { "COMMUNE": "Marsalès", "COMMUNAUTE": "CC des Bastides Dordogne Périgord", "INSEE_COMM": 24257, "ID_CDECOMM": 21, "SURFACE_UR": 16.13125, "COVISIBILI": "non", "SITUATION_": "non boise", "SITUATION1": "plateau plaine" }, "geometry": { "type": "MultiPolygon", "coordinates": [ [ [ [ 532888.23295, 6400758.09331 ], [ 532881.17372, 6400750.15961 ], [ 532872.08334, 6400738.24661 ], [ 532870.05219, 6400734.26731 ], [ 532857.92339, 6400717.38433 ], [ 532851.87973, 6400711.44028 ], [ 532839.77582, 6400697.55424 ], [ 532843.76344, 6400696.52206 ], [ 532844.57987, 6400674.5363 ], [ 532825.5246, 6400665.70323 ], [ 532818.49856, 6400661.76544 ], [ 532799.36031, 6400642.94262 ], [ 532797.33746, 6400639.96229 ], [ 532798.09581, 6400610.98371 ], [ 532797.03875, 6400603.99918 ], [ 532792.8437, 6400580.05698 ], [ 532776.89323, 6400584.18569 ], [ 532756.98003, 6400592.3435 ], [ 532733.07922, 6400601.5335 ], [ 532684.28691, 6400620.92076 ], [ 532681.27338, 6400618.94771 ], [ 532631.03404, 6400584.39861 ], [ 532600.88214, 6400562.67017 ], [ 532583.78334, 6400548.82563 ], [ 532610.08368, 6400467.68453 ], [ 532566.01246, 6400454.06411 ], [ 532582.53874, 6400398.97937 ], [ 532585.39462, 6400381.97189 ], [ 532568.45347, 6400387.10788 ], [ 532560.46994, 6400388.17326 ], [ 532553.48539, 6400389.23034 ], [ 532545.48526, 6400388.29777 ], [ 532536.47786, 6400386.37452 ], [ 532532.46535, 6400384.40978 ], [ 532510.37166, 6400370.60674 ], [ 532504.3446, 6400366.66064 ], [ 532497.31856, 6400362.72285 ], [ 532481.25193, 6400352.86591 ], [ 532468.22373, 6400347.97894 ], [ 532461.20598, 6400345.04012 ], [ 532445.18914, 6400341.17703 ], [ 532438.18799, 6400340.23616 ], [ 532421.18876, 6400338.37932 ], [ 532412.18136, 6400336.45608 ], [ 532392.19349, 6400335.62312 ], [ 532381.19643, 6400334.71545 ], [ 532357.19605, 6400331.91774 ], [ 532335.19364, 6400329.10343 ], [ 532332.1967, 6400329.12833 ], [ 532324.21317, 6400330.19371 ], [ 532316.25453, 6400334.25601 ], [ 532310.30214, 6400339.30069 ], [ 532292.46158, 6400356.43267 ], [ 532286.50919, 6400361.47735 ], [ 532362.12955, 6400444.7687 ], [ 532387.03763, 6400436.56939 ], [ 532417.43845, 6400488.26707 ], [ 532446.88177, 6400544.96793 ], [ 532504.35458, 6400608.42921 ], [ 532395.88075, 6400659.28272 ], [ 532396.90462, 6400662.27134 ], [ 532400.93372, 6400666.23404 ], [ 532419.0315, 6400680.07029 ], [ 532446.18647, 6400701.82363 ], [ 532498.49844, 6400745.34692 ], [ 532500.513, 6400747.32827 ], [ 532516.0453, 6400813.13613 ], [ 532537.91996, 6400920.85116 ], [ 532581.49835, 6400995.4174 ], [ 532585.47767, 6400993.38625 ], [ 532617.25416, 6400970.1442 ], [ 532622.21587, 6400966.1068 ], [ 532663.93236, 6400936.78789 ], [ 532704.64987, 6400907.47729 ], [ 532711.60124, 6400902.42431 ], [ 532727.50193, 6400892.30174 ], [ 532735.45227, 6400887.24046 ], [ 532742.41194, 6400883.18646 ], [ 532785.1523, 6400856.85617 ], [ 532862.67438, 6400808.2579 ], [ 532870.62472, 6400803.19662 ], [ 532890.51303, 6400792.04187 ], [ 532888.23295, 6400758.09331 ] ] ] ] } },
{ "type": "Feature", "properties": { "COMMUNE": "Marsalès", "COMMUNAUTE": "CC des Bastides Dordogne Périgord", "INSEE_COMM": 24257, "ID_CDECOMM": 21, "SURFACE_UR": 15.97475, "COVISIBILI": "non", "SITUATION_": "non boise", "SITUATION1": "plateau plaine" }, "geometry": { "type": "MultiPolygon", "coordinates": [ [ [ [ 532393.92759, 6401145.83349 ], [ 532427.71532, 6401244.45816 ], [ 532351.91736, 6401260.0736 ], [ 532333.33834, 6401188.29676 ], [ 532288.62489, 6401217.64055 ], [ 532275.71284, 6401226.73923 ], [ 532279.8581, 6401244.68759 ], [ 532283.00439, 6401262.64425 ], [ 532291.3281, 6401302.53687 ], [ 532246.4819, 6401315.89704 ], [ 532211.57571, 6401323.18037 ], [ 532088.96676, 6401356.16846 ], [ 532092.05497, 6401367.13229 ], [ 532100.25422, 6401392.04027 ], [ 532104.42438, 6401412.98556 ], [ 532106.5302, 6401425.95564 ], [ 532106.56338, 6401429.95154 ], [ 532108.82684, 6401461.90216 ], [ 532106.18667, 6401504.88301 ], [ 532105.32874, 6401521.87389 ], [ 532103.50502, 6401542.86898 ], [ 532102.59731, 6401553.86601 ], [ 532099.74142, 6401570.87349 ], [ 532096.86893, 6401585.88302 ], [ 532092.9228, 6401591.91008 ], [ 532097.94258, 6401594.86551 ], [ 532103.96965, 6401598.81161 ], [ 532116.01548, 6401605.70484 ], [ 532124.0488, 6401610.63333 ], [ 532130.07587, 6401614.57943 ], [ 532141.09783, 6401618.48404 ], [ 532156.16549, 6401628.3493 ], [ 532167.20404, 6401634.25186 ], [ 532180.85788, 6401594.17664 ], [ 532188.65888, 6401571.1338 ], [ 532192.55524, 6401559.11289 ], [ 532196.52626, 6401556.08277 ], [ 532206.42479, 6401545.01104 ], [ 532211.3699, 6401538.97569 ], [ 532215.24137, 6401523.95785 ], [ 532219.06305, 6401502.94617 ], [ 532223.70117, 6401459.94872 ], [ 532226.49898, 6401435.9484 ], [ 532224.30189, 6401411.98959 ], [ 532193.27546, 6401405.25405 ], [ 532222.17948, 6401397.02156 ], [ 532256.00372, 6401379.75678 ], [ 532269.95625, 6401375.64468 ], [ 532299.83436, 6401364.40695 ], [ 532306.81891, 6401363.34987 ], [ 532323.76837, 6401359.21287 ], [ 532344.70545, 6401354.0437 ], [ 532350.69103, 6401352.99492 ], [ 532359.67355, 6401351.92125 ], [ 532384.63144, 6401349.7158 ], [ 532389.62633, 6401349.6743 ], [ 532389.65122, 6401352.67123 ], [ 532394.55153, 6401461.52637 ], [ 532394.55983, 6401462.52535 ], [ 532394.65939, 6401474.51306 ], [ 532394.85852, 6401498.48847 ], [ 532394.14994, 6401533.46092 ], [ 532388.3469, 6401556.48716 ], [ 532378.58943, 6401584.54148 ], [ 532382.60194, 6401586.50624 ], [ 532358.02571, 6401634.66457 ], [ 532396.0782, 6401645.33791 ], [ 532427.12954, 6401655.07038 ], [ 532436.13695, 6401656.99363 ], [ 532439.0841, 6401650.97487 ], [ 532443.97943, 6401638.94567 ], [ 532461.70385, 6401607.82802 ], [ 532469.58782, 6401594.77493 ], [ 532476.41474, 6401574.73732 ], [ 532531.20925, 6401556.29926 ], [ 532559.0977, 6401546.0771 ], [ 532632.83134, 6401522.48646 ], [ 532622.3686, 6401465.62783 ], [ 532620.27108, 6401453.65672 ], [ 532679.16107, 6401447.17316 ], [ 532672.81871, 6401405.26598 ], [ 532630.89477, 6401409.61049 ], [ 532555.03042, 6401417.23412 ], [ 532541.0613, 6401419.34827 ], [ 532536.68371, 6401373.42859 ], [ 532535.59346, 6401362.44816 ], [ 532559.55237, 6401360.251 ], [ 532621.4393, 6401353.74254 ], [ 532626.4342, 6401353.70104 ], [ 532625.31906, 6401339.72368 ], [ 532625.16971, 6401321.74212 ], [ 532535.32795, 6401330.48093 ], [ 532535.27817, 6401324.48708 ], [ 532536.21077, 6401316.48697 ], [ 532542.047, 6401297.45664 ], [ 532562.56092, 6401241.3397 ], [ 532571.54343, 6401240.26602 ], [ 532593.51268, 6401239.08444 ], [ 532652.42756, 6401235.5978 ], [ 532648.10804, 6401196.67095 ], [ 532648.05826, 6401190.6771 ], [ 532645.94414, 6401176.70804 ], [ 532641.58314, 6401132.78631 ], [ 532642.52404, 6401125.78518 ], [ 532643.49813, 6401122.77995 ], [ 532639.43583, 6401114.82135 ], [ 532626.29145, 6401095.94872 ], [ 532609.10138, 6401071.11543 ], [ 532590.89573, 6401044.2925 ], [ 532572.68178, 6401016.47059 ], [ 532542.87835, 6401036.69911 ], [ 532515.06459, 6401055.91205 ], [ 532488.2498, 6401075.11669 ], [ 532479.31707, 6401082.18422 ], [ 532454.48364, 6401099.37431 ], [ 532436.60988, 6401112.51039 ], [ 532393.92759, 6401145.83349 ] ] ] ] } },
{ "type": "Feature", "properties": { "COMMUNE": "Lolme", "COMMUNAUTE": "CC des Bastides Dordogne Périgord", "INSEE_COMM": 24244, "ID_CDECOMM": 21, "SURFACE_UR": 1.55995, "COVISIBILI": null, "SITUATION_": null, "SITUATION1": null }, "geometry": { "type": "MultiPolygon", "coordinates": [ [ [ [ 528177.78841, 6403292.83021 ], [ 528184.77297, 6403291.77317 ], [ 528209.73089, 6403289.56783 ], [ 528239.68371, 6403287.32101 ], [ 528244.42977, 6403257.31039 ], [ 528245.37898, 6403251.30827 ], [ 528188.22145, 6403225.8079 ], [ 528210.66714, 6403161.68295 ], [ 528225.44448, 6403136.58423 ], [ 528193.46053, 6403134.85177 ], [ 528179.18449, 6403100.00393 ], [ 528177.13677, 6403094.0267 ], [ 528157.20693, 6403100.18644 ], [ 528146.64117, 6403151.22522 ], [ 528124.97051, 6403188.36965 ], [ 528091.85486, 6403170.66194 ], [ 528090.84759, 6403169.67127 ], [ 528090.86418, 6403171.66921 ], [ 528081.84847, 6403168.74696 ], [ 528081.86506, 6403170.7449 ], [ 528044.03653, 6403187.04369 ], [ 528057.29699, 6403219.90188 ], [ 528076.21126, 6403211.75249 ], [ 528083.17923, 6403208.6975 ], [ 528096.23233, 6403216.58142 ], [ 528113.31453, 6403228.42804 ], [ 528125.37694, 6403237.31923 ], [ 528149.48518, 6403253.10366 ], [ 528165.46886, 6403252.97093 ], [ 528175.45866, 6403252.88797 ], [ 528180.47015, 6403254.84443 ], [ 528175.59138, 6403268.8715 ], [ 528173.6266, 6403272.88398 ], [ 528175.7075, 6403282.8571 ], [ 528177.78841, 6403292.83021 ] ] ] ] } },
{ "type": "Feature", "properties": { "COMMUNE": "Lolme", "COMMUNAUTE": "CC des Bastides Dordogne Périgord", "INSEE_COMM": 24244, "ID_CDECOMM": 21, "SURFACE_UR": 1.43305, "COVISIBILI": "non", "SITUATION_": "non boise", "SITUATION1": "plateau plaine" }, "geometry": { "type": "MultiPolygon", "coordinates": [ [ [ [ 529772.61318, 6404296.60874 ], [ 529781.54594, 6404289.54126 ], [ 529792.46837, 6404281.45822 ], [ 529798.43737, 6404278.41152 ], [ 529808.3774, 6404272.33472 ], [ 529816.33606, 6404268.27245 ], [ 529830.23884, 6404258.16657 ], [ 529836.19125, 6404253.12193 ], [ 529842.21001, 6404256.06907 ], [ 529850.26822, 6404263.99447 ], [ 529859.33369, 6404272.91055 ], [ 529861.31507, 6404270.89601 ], [ 529867.35872, 6404276.84007 ], [ 529875.2842, 6404268.78191 ], [ 529878.25626, 6404265.7601 ], [ 529882.22729, 6404262.73 ], [ 529884.23355, 6404263.71238 ], [ 529886.21492, 6404261.69784 ], [ 529887.20561, 6404260.69057 ], [ 529886.18174, 6404257.70195 ], [ 529888.16311, 6404255.68741 ], [ 529891.14346, 6404253.66458 ], [ 529906.98613, 6404236.54929 ], [ 529903.95601, 6404232.5783 ], [ 529805.74902, 6404196.42941 ], [ 529734.37349, 6404143.07398 ], [ 529717.54013, 6404161.19653 ], [ 529751.94509, 6404213.85997 ], [ 529737.09311, 6404229.96798 ], [ 529727.19455, 6404241.03964 ], [ 529710.36119, 6404259.16219 ], [ 529731.55545, 6404284.96124 ], [ 529756.7954, 6404316.72093 ], [ 529772.61318, 6404296.60874 ] ] ] ] } },
{ "type": "Feature", "properties": { "COMMUNE": "Lavalade", "COMMUNAUTE": "CC des Bastides Dordogne Périgord", "INSEE_COMM": 24231, "ID_CDECOMM": 21, "SURFACE_UR": 2.03085, "COVISIBILI": "non", "SITUATION_": "non boise", "SITUATION1": "plateau plaine" }, "geometry": { "type": "MultiPolygon", "coordinates": [ [ [ [ 529725.98741, 6401448.72874 ], [ 529724.03093, 6401453.74021 ], [ 529724.04752, 6401455.73816 ], [ 529722.08274, 6401459.75065 ], [ 529713.20806, 6401473.81097 ], [ 529713.20806, 6401473.81097 ], [ 529702.3769, 6401492.88275 ], [ 529718.4767, 6401506.73562 ], [ 529730.53082, 6401514.62784 ], [ 529737.55685, 6401518.56565 ], [ 529743.58391, 6401522.51175 ], [ 529748.60369, 6401525.46719 ], [ 529769.6818, 6401537.28062 ], [ 529777.72341, 6401543.20808 ], [ 529803.87107, 6401563.97079 ], [ 529812.91996, 6401570.88892 ], [ 529814.92621, 6401571.8713 ], [ 529815.91689, 6401570.86403 ], [ 529826.60703, 6401534.80968 ], [ 529837.35524, 6401505.74816 ], [ 529842.20912, 6401488.72411 ], [ 529845.10651, 6401476.71152 ], [ 529846.05572, 6401470.70938 ], [ 529847.86288, 6401447.71638 ], [ 529849.55391, 6401410.73774 ], [ 529851.41915, 6401394.73756 ], [ 529853.26779, 6401376.73944 ], [ 529855.14961, 6401362.7372 ], [ 529857.05632, 6401351.73189 ], [ 529859.9703, 6401341.71726 ], [ 529826.01331, 6401342.99837 ], [ 529821.05159, 6401347.03576 ], [ 529812.28475, 6401374.08274 ], [ 529799.3312, 6401378.18651 ], [ 529793.34562, 6401379.23527 ], [ 529788.34243, 6401378.27779 ], [ 529788.34243, 6401378.27779 ], [ 529786.34447, 6401378.29438 ], [ 529779.33503, 6401376.35452 ], [ 529771.31831, 6401373.42398 ], [ 529762.41874, 6401384.48738 ], [ 529761.42806, 6401385.49465 ], [ 529758.4726, 6401390.51442 ], [ 529753.44452, 6401386.56001 ], [ 529752.45384, 6401387.56728 ], [ 529739.67449, 6401412.64951 ], [ 529739.67449, 6401412.64951 ], [ 529739.69108, 6401414.64745 ], [ 529732.85583, 6401433.68605 ], [ 529731.88174, 6401436.69127 ], [ 529729.91696, 6401440.70376 ], [ 529729.91696, 6401440.70376 ], [ 529726.97809, 6401447.72147 ], [ 529726.97809, 6401447.72147 ], [ 529725.98741, 6401448.72874 ] ] ] ] } },
{ "type": "Feature", "properties": { "COMMUNE": "Gaugeac", "COMMUNAUTE": "CC des Bastides Dordogne Périgord", "INSEE_COMM": 24195, "ID_CDECOMM": 21, "SURFACE_UR": 1.15025, "COVISIBILI": "non", "SITUATION_": "non boise", "SITUATION1": "pente" }, "geometry": { "type": "MultiPolygon", "coordinates": [ [ [ [ 531997.00851, 6397862.27983 ], [ 532010.72038, 6397829.19749 ], [ 532030.25189, 6397775.08692 ], [ 532015.25064, 6397773.2135 ], [ 531972.23656, 6397766.57768 ], [ 531971.30396, 6397774.57776 ], [ 531966.30908, 6397774.61927 ], [ 531958.31726, 6397774.68569 ], [ 531953.32238, 6397774.7272 ], [ 531948.32749, 6397774.76871 ], [ 531921.36342, 6397775.99183 ], [ 531896.3973, 6397777.19835 ], [ 531879.42299, 6397778.33846 ], [ 531892.86601, 6397833.17403 ], [ 531883.89181, 6397835.2467 ], [ 531872.93626, 6397839.33391 ], [ 531867.96626, 6397842.37233 ], [ 531883.03388, 6397852.23754 ], [ 531887.08787, 6397859.19714 ], [ 531914.11002, 6397864.96683 ], [ 531918.11423, 6397865.93259 ], [ 531924.09979, 6397864.88381 ], [ 531925.09047, 6397863.87653 ], [ 531934.02319, 6397856.80901 ], [ 531938.98488, 6397852.77161 ], [ 531943.97977, 6397852.7301 ], [ 531944.03784, 6397859.72291 ], [ 531945.03682, 6397859.7146 ], [ 531952.06285, 6397863.65238 ], [ 531997.00851, 6397862.27983 ] ] ] ] } },
{ "type": "Feature", "properties": { "COMMUNE": "Gaugeac", "COMMUNAUTE": "CC des Bastides Dordogne Périgord", "INSEE_COMM": 24195, "ID_CDECOMM": 21, "SURFACE_UR": 1.3903, "COVISIBILI": "non", "SITUATION_": "non boise", "SITUATION1": "pente" }, "geometry": { "type": "MultiPolygon", "coordinates": [ [ [ [ 532236.2617, 6399123.08115 ], [ 532249.09076, 6399103.99273 ], [ 532261.87004, 6399078.91046 ], [ 532251.87197, 6399077.9945 ], [ 532256.7424, 6399062.96839 ], [ 532270.4045, 6399023.89218 ], [ 532229.35515, 6399013.24383 ], [ 532211.33207, 6399008.39838 ], [ 532175.24442, 6398993.71262 ], [ 532173.28795, 6398998.72409 ], [ 532163.26499, 6398994.81121 ], [ 532165.22975, 6398990.79871 ], [ 532150.17871, 6398982.93144 ], [ 532102.02036, 6398958.35556 ], [ 532097.00058, 6398955.40015 ], [ 532095.03582, 6398959.41264 ], [ 532082.25653, 6398984.4949 ], [ 532087.27631, 6398987.45032 ], [ 532093.30336, 6398991.39641 ], [ 532126.44386, 6399012.10091 ], [ 532142.46899, 6399016.96296 ], [ 532139.50525, 6399020.98376 ], [ 532138.56435, 6399027.98488 ], [ 532136.60788, 6399032.99635 ], [ 532130.6472, 6399037.04205 ], [ 532119.89076, 6399065.10463 ], [ 532185.04003, 6399090.53837 ], [ 532201.10664, 6399100.39529 ], [ 532204.12847, 6399103.36731 ], [ 532218.18053, 6399111.24288 ], [ 532236.2617, 6399123.08115 ] ] ] ] } },
{ "type": "Feature", "properties": { "COMMUNE": "Gaugeac", "COMMUNAUTE": "CC des Bastides Dordogne Périgord", "INSEE_COMM": 24195, "ID_CDECOMM": 21, "SURFACE_UR": 2.38935, "COVISIBILI": "non", "SITUATION_": "clairiere", "SITUATION1": "plateau plaine" }, "geometry": { "type": "MultiPolygon", "coordinates": [ [ [ [ 531154.45471, 6399623.59912 ], [ 531157.36039, 6399612.58551 ], [ 531162.17276, 6399590.56659 ], [ 531167.01832, 6399572.54357 ], [ 531167.89285, 6399557.55066 ], [ 531168.81716, 6399548.5516 ], [ 531170.61601, 6399524.55963 ], [ 531169.35984, 6399493.59976 ], [ 531169.32666, 6399489.60386 ], [ 531169.21051, 6399475.61823 ], [ 531166.99685, 6399449.66152 ], [ 531165.85683, 6399432.68727 ], [ 531164.84956, 6399431.6966 ], [ 531159.81319, 6399426.74323 ], [ 531156.77477, 6399421.77327 ], [ 531155.72602, 6399415.78773 ], [ 531154.60259, 6399400.81143 ], [ 531155.43565, 6399380.82366 ], [ 531156.33507, 6399368.82768 ], [ 531157.2096, 6399353.83477 ], [ 531159.04163, 6399333.83871 ], [ 531162.58954, 6399279.86094 ], [ 531162.48169, 6399266.87429 ], [ 531160.44225, 6399261.89602 ], [ 531158.436, 6399260.91365 ], [ 531154.4235, 6399258.9489 ], [ 531149.42031, 6399257.99143 ], [ 531140.42951, 6399258.06614 ], [ 531126.45212, 6399259.18132 ], [ 531119.46757, 6399260.23839 ], [ 531113.482, 6399261.28717 ], [ 531105.49847, 6399262.35254 ], [ 531101.51916, 6399264.38369 ], [ 531072.57369, 6399267.62132 ], [ 531053.6097, 6399269.77698 ], [ 531050.70403, 6399280.79058 ], [ 531049.77142, 6399288.79067 ], [ 531062.88257, 6399303.66736 ], [ 531074.02066, 6399321.55758 ], [ 531075.05283, 6399325.54517 ], [ 531080.2966, 6399355.47287 ], [ 531083.34331, 6399361.44181 ], [ 531071.66254, 6399398.50343 ], [ 531135.78794, 6399420.9486 ], [ 531127.22855, 6399472.96992 ], [ 531105.62436, 6399518.10634 ], [ 531079.08336, 6399570.27706 ], [ 531154.45471, 6399623.59912 ] ] ] ] } },
{ "type": "Feature", "properties": { "COMMUNE": "Vergt-de-Biron", "COMMUNAUTE": "CC des Bastides Dordogne Périgord", "INSEE_COMM": 24572, "ID_CDECOMM": 21, "SURFACE_UR": 3.3088, "COVISIBILI": "non", "SITUATION_": "non boise", "SITUATION1": "pente" }, "geometry": { "type": "MultiPolygon", "coordinates": [ [ [ [ 528798.04899, 6395213.43475 ], [ 528846.95729, 6395208.03314 ], [ 528850.95319, 6395207.99994 ], [ 528859.93567, 6395206.92626 ], [ 528857.82989, 6395193.95626 ], [ 528855.61628, 6395167.99967 ], [ 528855.5748, 6395163.00482 ], [ 528854.468, 6395150.02653 ], [ 528855.18495, 6395116.05328 ], [ 528863.18504, 6395116.98584 ], [ 528901.2871, 6395133.65286 ], [ 528901.26221, 6395130.65595 ], [ 528916.99697, 6395100.55406 ], [ 528922.91616, 6395091.51353 ], [ 528931.965, 6395098.4316 ], [ 528938.65092, 6395061.41164 ], [ 528948.23422, 6395012.37915 ], [ 528860.16684, 6394994.12927 ], [ 528861.13263, 6394990.12509 ], [ 528853.91585, 6394963.21104 ], [ 528824.00467, 6394970.45287 ], [ 528822.15603, 6394988.45091 ], [ 528766.17196, 6394983.92095 ], [ 528757.72035, 6395048.92863 ], [ 528758.03555, 6395086.88945 ], [ 528757.06975, 6395090.89363 ], [ 528755.3787, 6395127.87208 ], [ 528753.4637, 6395137.87837 ], [ 528733.51738, 6395142.04027 ], [ 528688.63816, 6395151.40455 ], [ 528702.87265, 6395181.2574 ], [ 528792.73892, 6395175.51544 ], [ 528798.04899, 6395213.43475 ] ] ] ] } },
{ "type": "Feature", "properties": { "COMMUNE": "Vergt-de-Biron", "COMMUNAUTE": "CC des Bastides Dordogne Périgord", "INSEE_COMM": 24572, "ID_CDECOMM": 21, "SURFACE_UR": 2.01425, "COVISIBILI": "non", "SITUATION_": "non boise", "SITUATION1": "plateau plaine" }, "geometry": { "type": "MultiPolygon", "coordinates": [ [ [ [ 528915.82299, 6393996.62737 ], [ 528949.88765, 6394008.33271 ], [ 528991.73673, 6393994.99744 ], [ 529078.31568, 6393954.31641 ], [ 529082.21204, 6393942.29558 ], [ 529094.81713, 6393896.23511 ], [ 529105.7229, 6393886.15411 ], [ 529108.51244, 6393861.15499 ], [ 529110.45233, 6393854.14561 ], [ 528966.25169, 6393813.38449 ], [ 528968.34088, 6393824.35653 ], [ 528969.36474, 6393827.34513 ], [ 528970.41348, 6393833.33064 ], [ 528972.54415, 6393849.29752 ], [ 528976.6064, 6393857.25606 ], [ 528982.6666, 6393865.19799 ], [ 528986.72057, 6393872.15756 ], [ 528993.82122, 6393885.08603 ], [ 528995.85234, 6393889.0653 ], [ 528996.8762, 6393892.0539 ], [ 528990.94042, 6393899.09649 ], [ 528967.05629, 6393910.28439 ], [ 528959.12256, 6393917.34359 ], [ 528953.17849, 6393923.38721 ], [ 528951.20542, 6393926.40072 ], [ 528950.22304, 6393928.40696 ], [ 528948.25827, 6393932.41943 ], [ 528946.2935, 6393936.43191 ], [ 528930.61682, 6393973.52657 ], [ 528921.75048, 6393988.58581 ], [ 528917.81265, 6393995.6118 ], [ 528915.82299, 6393996.62737 ] ] ] ] } },
{ "type": "Feature", "properties": { "COMMUNE": "Molières", "COMMUNAUTE": "CC des Bastides Dordogne Périgord", "INSEE_COMM": 24273, "ID_CDECOMM": 21, "SURFACE_UR": 13.04185, "COVISIBILI": "oui", "SITUATION_": "clairiere", "SITUATION1": "ligne de crete" }, "geometry": { "type": "MultiPolygon", "coordinates": [ [ [ [ 526900.09624, 6414734.49617 ], [ 526899.09726, 6414734.50446 ], [ 526927.14345, 6414743.26312 ], [ 526952.1927, 6414752.04665 ], [ 526952.24248, 6414758.04052 ], [ 526939.67055, 6414808.09724 ], [ 527040.9412, 6414852.21387 ], [ 527034.93901, 6414851.26464 ], [ 527022.95951, 6414852.36311 ], [ 527010.98831, 6414854.46056 ], [ 527004.01202, 6414856.51656 ], [ 526998.04301, 6414859.56324 ], [ 526994.06367, 6414861.59437 ], [ 526989.10195, 6414865.63174 ], [ 527008.25686, 6414886.45276 ], [ 527087.86518, 6414968.71299 ], [ 527134.35771, 6415033.26521 ], [ 527148.27709, 6415025.15731 ], [ 527161.1809, 6415015.05973 ], [ 527174.08471, 6415004.96216 ], [ 527179.05474, 6415001.92376 ], [ 527185.02374, 6414998.87708 ], [ 527196.06234, 6415004.77975 ], [ 527218.09805, 6415011.59019 ], [ 527234.09007, 6415012.45651 ], [ 527237.13681, 6415018.42551 ], [ 527239.21774, 6415028.39871 ], [ 527243.36302, 6415046.34717 ], [ 527247.50001, 6415063.29664 ], [ 527250.56333, 6415071.2636 ], [ 527262.51794, 6415067.16819 ], [ 527277.4695, 6415063.0479 ], [ 527296.40039, 6415056.89649 ], [ 527297.42427, 6415059.88514 ], [ 527303.46795, 6415065.82926 ], [ 527308.53754, 6415074.77861 ], [ 527312.59155, 6415081.7383 ], [ 527324.75359, 6415102.61736 ], [ 527328.8159, 6415110.57603 ], [ 527344.01637, 6415136.42511 ], [ 527344.98216, 6415132.4209 ], [ 527347.84636, 6415116.41236 ], [ 527352.60896, 6415088.3995 ], [ 527353.54156, 6415080.39938 ], [ 527330.96654, 6415008.65531 ], [ 527323.60859, 6414964.75828 ], [ 527318.62197, 6414965.79872 ], [ 527311.63738, 6414966.85574 ], [ 527305.66838, 6414969.90242 ], [ 527300.69835, 6414972.94081 ], [ 527294.72935, 6414975.9875 ], [ 527287.78625, 6414982.03941 ], [ 527283.81521, 6414985.06951 ], [ 527277.282, 6414920.18564 ], [ 527274.22697, 6414913.21766 ], [ 527259.9591, 6414879.36847 ], [ 527201.36262, 6414800.93005 ], [ 527172.12661, 6414769.20318 ], [ 527162.04551, 6414758.29733 ], [ 527152.97169, 6414748.38216 ], [ 526998.81302, 6414711.69782 ], [ 527019.50127, 6414676.55946 ], [ 527021.44945, 6414670.549 ], [ 527118.14671, 6414524.88458 ], [ 527123.03377, 6414511.8564 ], [ 527124.01615, 6414509.85016 ], [ 527122.96739, 6414503.86458 ], [ 527122.95909, 6414502.8656 ], [ 527125.89796, 6414495.84788 ], [ 527130.76842, 6414480.82174 ], [ 527133.71559, 6414474.803 ], [ 527138.60264, 6414461.77482 ], [ 527103.464, 6414441.08647 ], [ 527102.47331, 6414442.09374 ], [ 527043.35079, 6414420.6054 ], [ 527041.40261, 6414426.61585 ], [ 527034.50099, 6414437.66265 ], [ 527023.66153, 6414455.73547 ], [ 527015.79412, 6414470.78647 ], [ 527012.83036, 6414474.80726 ], [ 526997.06235, 6414500.91336 ], [ 526993.14109, 6414509.93733 ], [ 526975.40001, 6414539.05694 ], [ 526971.47046, 6414547.08194 ], [ 526956.68484, 6414571.18179 ], [ 526952.75529, 6414579.20678 ], [ 526947.81845, 6414586.24108 ], [ 526932.80052, 6414582.36954 ], [ 526917.78259, 6414578.49799 ], [ 526906.76888, 6414575.59226 ], [ 526870.06372, 6414606.86736 ], [ 526837.65653, 6414554.18682 ], [ 526773.84607, 6414569.70212 ], [ 526775.87723, 6414573.68145 ], [ 526779.93953, 6414581.64012 ], [ 526784.03503, 6414593.59469 ], [ 526787.08176, 6414599.56369 ], [ 526792.16794, 6414610.511 ], [ 526799.29357, 6414626.43662 ], [ 526814.56041, 6414660.27752 ], [ 526819.65489, 6414672.22381 ], [ 526822.70162, 6414678.19281 ], [ 526823.7172, 6414680.18247 ], [ 526824.73278, 6414682.17214 ], [ 526826.74733, 6414684.15351 ], [ 526828.76189, 6414686.13489 ], [ 526834.79728, 6414691.08004 ], [ 526840.82436, 6414695.0262 ], [ 526846.86804, 6414700.97033 ], [ 526852.89513, 6414704.9165 ], [ 526859.93779, 6414710.85233 ], [ 526864.9576, 6414713.80781 ], [ 526871.99196, 6414718.74467 ], [ 526878.01905, 6414722.69083 ], [ 526882.03987, 6414725.65461 ], [ 526884.05443, 6414727.63598 ], [ 526889.06594, 6414729.59248 ], [ 526900.09624, 6414734.49617 ] ] ], [ [ [ 527283.00215, 6414285.74308 ], [ 527335.88187, 6414277.3118 ], [ 527354.36471, 6414217.21557 ], [ 527349.3615, 6414216.25805 ], [ 527341.37794, 6414217.32336 ], [ 527336.38302, 6414217.36482 ], [ 527323.42944, 6414221.46852 ], [ 527303.49956, 6414227.62822 ], [ 527286.56664, 6414233.76304 ], [ 527277.59238, 6414235.83562 ], [ 527270.6161, 6414237.89162 ], [ 527266.63676, 6414239.92274 ], [ 527264.64709, 6414240.9383 ], [ 527283.00215, 6414285.74308 ] ] ], [ [ [ 527142.6185, 6414343.85392 ], [ 527167.7922, 6414367.62212 ], [ 527176.84943, 6414375.53932 ], [ 527194.68177, 6414357.40847 ], [ 527196.65485, 6414354.39495 ], [ 527208.56797, 6414345.30465 ], [ 527166.24562, 6414301.69784 ], [ 527144.43393, 6414321.85981 ], [ 527142.6185, 6414343.85392 ] ] ] ] } },
{ "type": "Feature", "properties": { "COMMUNE": "Calès", "COMMUNAUTE": "CC des Bastides Dordogne Périgord", "INSEE_COMM": 24073, "ID_CDECOMM": 21, "SURFACE_UR": 20.70095, "COVISIBILI": "non", "SITUATION_": "clairiere", "SITUATION1": "ligne de crete" }, "geometry": { "type": "MultiPolygon", "coordinates": [ [ [ [ 527294.93298, 6419932.27033 ], [ 527296.86457, 6419924.26188 ], [ 527328.56657, 6419892.02913 ], [ 527393.78268, 6419925.45561 ], [ 527388.10406, 6419963.46669 ], [ 527459.18962, 6419981.85868 ], [ 527461.32864, 6419998.8248 ], [ 527510.31208, 6420002.41446 ], [ 527514.96682, 6419961.41472 ], [ 527487.91126, 6419951.64876 ], [ 527505.27899, 6419877.57482 ], [ 527487.24749, 6419871.73017 ], [ 527532.96348, 6419722.4921 ], [ 527549.1331, 6419624.45089 ], [ 527561.82949, 6419589.37872 ], [ 527529.74583, 6419575.65829 ], [ 527537.43071, 6419538.62962 ], [ 527613.31536, 6419413.11842 ], [ 527625.42764, 6419428.00366 ], [ 527685.06801, 6419391.54282 ], [ 527700.26021, 6419416.393 ], [ 527707.40245, 6419434.31664 ], [ 527717.6578, 6419466.20115 ], [ 527725.97327, 6419505.09512 ], [ 527726.00646, 6419509.09105 ], [ 527776.88, 6419499.67735 ], [ 527839.10745, 6419534.12765 ], [ 527888.80775, 6419503.74361 ], [ 527923.56478, 6419478.47885 ], [ 527959.30419, 6419451.20784 ], [ 527966.23071, 6419443.15794 ], [ 527944.27794, 6419446.3373 ], [ 527913.76908, 6419381.65221 ], [ 527886.89606, 6419393.86387 ], [ 527870.07927, 6419413.98447 ], [ 527858.18273, 6419425.07277 ], [ 527838.09518, 6419412.25183 ], [ 527820.33748, 6419439.37359 ], [ 527812.47836, 6419455.42364 ], [ 527790.37624, 6419440.62132 ], [ 527767.26684, 6419424.82831 ], [ 527749.17726, 6419411.99079 ], [ 527734.04314, 6419394.13349 ], [ 527718.95051, 6419381.27109 ], [ 527686.80046, 6419359.55881 ], [ 527659.69513, 6419343.79897 ], [ 527634.61265, 6419331.01948 ], [ 527616.61434, 6419329.17076 ], [ 527601.67105, 6419334.29005 ], [ 527587.81803, 6419350.38984 ], [ 527574.97228, 6419367.48032 ], [ 527534.69761, 6419329.85065 ], [ 527527.73791, 6419333.90462 ], [ 527519.69625, 6419327.97706 ], [ 527507.808, 6419340.06434 ], [ 527503.89503, 6419350.08733 ], [ 527511.9118, 6419353.01794 ], [ 527451.85325, 6419459.41581 ], [ 527426.9782, 6419471.61087 ], [ 527410.92474, 6419583.63783 ], [ 527347.48756, 6419644.1074 ], [ 527231.03285, 6419576.13939 ], [ 527240.93143, 6419565.06768 ], [ 527253.78547, 6419548.97618 ], [ 527272.62513, 6419531.83595 ], [ 527277.41262, 6419506.81994 ], [ 527282.2499, 6419487.79783 ], [ 527286.12138, 6419472.77993 ], [ 527283.01657, 6419459.81804 ], [ 527277.94697, 6419450.86865 ], [ 527270.90429, 6419444.9328 ], [ 527258.88329, 6419441.03636 ], [ 527256.93511, 6419447.04684 ], [ 527190.51756, 6419509.53923 ], [ 527196.56955, 6419516.48236 ], [ 527124.12491, 6419575.02857 ], [ 527148.32456, 6419601.8021 ], [ 527155.32575, 6419602.74305 ], [ 527157.53114, 6419627.70102 ], [ 527168.77718, 6419658.57827 ], [ 527180.20576, 6419711.43313 ], [ 527183.31057, 6419724.39503 ], [ 527175.62569, 6419761.4237 ], [ 527149.66868, 6419763.63723 ], [ 527148.6697, 6419763.64552 ], [ 527120.87237, 6419784.8563 ], [ 527097.68, 6419759.07345 ], [ 527084.79276, 6419771.16902 ], [ 527087.92247, 6419787.12787 ], [ 527054.72862, 6419880.31512 ], [ 526993.62461, 6419860.84121 ], [ 526986.31309, 6419942.8241 ], [ 527049.54782, 6419978.26514 ], [ 527093.57286, 6419866.00602 ], [ 527154.75984, 6419895.46974 ], [ 527154.77643, 6419897.46771 ], [ 527210.86892, 6419914.98509 ], [ 527219.76851, 6419903.92167 ], [ 527294.93298, 6419932.27033 ] ] ] ] } },
{ "type": "Feature", "properties": { "COMMUNE": "Calès", "COMMUNAUTE": "CC des Bastides Dordogne Périgord", "INSEE_COMM": 24073, "ID_CDECOMM": 21, "SURFACE_UR": 42.33565, "COVISIBILI": "non", "SITUATION_": "non boise", "SITUATION1": "vallee" }, "geometry": { "type": "MultiPolygon", "coordinates": [ [ [ [ 527203.45265, 6421668.38281 ], [ 527150.59771, 6421679.81105 ], [ 527133.39923, 6421653.97842 ], [ 527115.10221, 6421616.16628 ], [ 527095.64856, 6421559.38173 ], [ 527190.28664, 6421526.62662 ], [ 527221.19711, 6421519.37672 ], [ 527215.92838, 6421486.45171 ], [ 527200.20516, 6421397.66654 ], [ 527151.31296, 6421405.06568 ], [ 527147.0847, 6421377.12731 ], [ 527178.31379, 6421287.95247 ], [ 527193.04965, 6421257.8586 ], [ 527147.03826, 6421251.2471 ], [ 527130.19656, 6421268.37076 ], [ 527109.37552, 6421287.52555 ], [ 527085.55752, 6421306.70522 ], [ 527056.7446, 6421325.92634 ], [ 527037.82196, 6421333.07675 ], [ 527035.82399, 6421333.09333 ], [ 527056.31811, 6421394.86449 ], [ 526982.55915, 6421415.45769 ], [ 526990.10794, 6421482.33155 ], [ 526745.36487, 6421485.36175 ], [ 526744.54842, 6421507.34768 ], [ 526719.71484, 6421524.53767 ], [ 526700.87517, 6421541.67791 ], [ 526683.03448, 6421558.80986 ], [ 526659.24137, 6421580.98647 ], [ 526637.39644, 6421597.1526 ], [ 526633.45029, 6421603.17967 ], [ 526789.21731, 6421592.89549 ], [ 526772.44198, 6421618.01102 ], [ 526767.75404, 6421655.01487 ], [ 526757.98821, 6421682.07033 ], [ 526746.33226, 6421722.12917 ], [ 526814.36282, 6421733.55321 ], [ 526823.94613, 6421684.5201 ], [ 526828.01674, 6421693.47779 ], [ 526872.83832, 6421677.12098 ], [ 526878.35261, 6421859.90185 ], [ 526968.38575, 6421874.14044 ], [ 527007.19349, 6421975.72175 ], [ 526951.30504, 6422103.06529 ], [ 526906.47516, 6422118.42313 ], [ 526874.574, 6422126.68031 ], [ 526837.8555, 6422036.07122 ], [ 526752.1087, 6422056.7639 ], [ 526852.40214, 6422223.77245 ], [ 526871.60689, 6422250.5875 ], [ 526851.67696, 6422256.74722 ], [ 526856.80464, 6422272.68951 ], [ 526832.93685, 6422285.87528 ], [ 526829.07366, 6422301.89219 ], [ 526854.08978, 6422306.67984 ], [ 526864.22898, 6422324.57865 ], [ 526846.33851, 6422335.71671 ], [ 526830.42112, 6422343.84123 ], [ 526807.53572, 6422355.02074 ], [ 526781.71144, 6422373.21802 ], [ 526815.86778, 6422395.91277 ], [ 526836.93774, 6422406.7275 ], [ 526867.99756, 6422417.45932 ], [ 526898.04179, 6422426.20145 ], [ 526915.09922, 6422435.05137 ], [ 526936.16089, 6422444.86711 ], [ 526953.14364, 6422444.72617 ], [ 526975.1794, 6422451.53666 ], [ 527008.15422, 6422452.26205 ], [ 527031.13088, 6422452.07137 ], [ 527053.10856, 6422451.88897 ], [ 527056.33288, 6422358.95027 ], [ 527128.069, 6422335.37669 ], [ 527139.31505, 6422366.254 ], [ 527220.00055, 6422337.61088 ], [ 527215.81378, 6422314.66741 ], [ 527300.42055, 6422277.00027 ], [ 527293.29489, 6422261.07456 ], [ 527362.05895, 6422240.52279 ], [ 527351.56297, 6422179.66767 ], [ 527483.65306, 6422205.54582 ], [ 527540.29653, 6422169.1098 ], [ 527571.25678, 6422167.85379 ], [ 527572.23917, 6422165.84753 ], [ 527590.94609, 6422132.72352 ], [ 527600.7534, 6422110.66296 ], [ 527621.37531, 6422067.53253 ], [ 527655.59305, 6421977.33377 ], [ 527669.26355, 6421939.25631 ], [ 527691.87513, 6421895.11031 ], [ 527697.77777, 6421884.07174 ], [ 527607.72804, 6421867.83523 ], [ 527567.31394, 6422053.99448 ], [ 527550.73775, 6422103.08565 ], [ 527523.17273, 6422152.26802 ], [ 527518.13631, 6422147.31455 ], [ 527361.07158, 6422121.64368 ], [ 527334.00771, 6422110.87872 ], [ 527304.04645, 6422112.12643 ], [ 527281.51619, 6421925.49053 ], [ 527220.59468, 6421927.99425 ], [ 527215.16001, 6421875.08956 ], [ 527215.14341, 6421873.09159 ], [ 527227.49964, 6421797.06103 ], [ 527203.45265, 6421668.38281 ] ] ] ] } },
{ "type": "Feature", "properties": { "COMMUNE": "Cause-de-Clérans", "COMMUNAUTE": "CC des Bastides Dordogne Périgord", "INSEE_COMM": 24088, "ID_CDECOMM": 21, "SURFACE_UR": 1.88075, "COVISIBILI": "non", "SITUATION_": "non boise", "SITUATION1": "plateau plaine" }, "geometry": { "type": "MultiPolygon", "coordinates": [ [ [ [ 515240.70722, 6419616.70657 ], [ 515235.71227, 6419616.74802 ], [ 515219.72016, 6419615.88169 ], [ 515180.76789, 6419617.20403 ], [ 515178.76991, 6419617.22061 ], [ 515175.77295, 6419617.24548 ], [ 515175.77295, 6419617.24548 ], [ 515155.79317, 6419617.4113 ], [ 515147.80126, 6419617.47763 ], [ 515126.8225, 6419617.65174 ], [ 515121.82755, 6419617.69319 ], [ 515107.85, 6419618.80825 ], [ 515085.9137, 6419623.98556 ], [ 515072.95172, 6419627.09029 ], [ 515042.02452, 6419632.34222 ], [ 515033.05021, 6419634.4148 ], [ 514985.16507, 6419642.80462 ], [ 514975.19177, 6419644.8855 ], [ 514980.21987, 6419648.83997 ], [ 515030.59215, 6419699.37354 ], [ 515123.37375, 6419683.61775 ], [ 515123.39033, 6419685.61571 ], [ 515137.74927, 6419730.45385 ], [ 515167.66919, 6419724.21123 ], [ 515151.50297, 6419702.36627 ], [ 515199.40468, 6419695.97441 ], [ 515264.24775, 6419684.44668 ], [ 515257.08901, 6419664.52507 ], [ 515249.94685, 6419646.60142 ], [ 515240.74038, 6419620.7025 ], [ 515240.70722, 6419616.70657 ] ] ] ] } },
{ "type": "Feature", "properties": { "COMMUNE": "Mauzac-et-Grand-Castang", "COMMUNAUTE": "CC des Bastides Dordogne Périgord", "INSEE_COMM": 24260, "ID_CDECOMM": 21, "SURFACE_UR": 1.51265, "COVISIBILI": "non", "SITUATION_": "non boise", "SITUATION1": "vallee" }, "geometry": { "type": "MultiPolygon", "coordinates": [ [ [ [ 526362.8074, 6419570.35729 ], [ 526369.7837, 6419568.30129 ], [ 526374.76203, 6419566.26187 ], [ 526374.46828, 6419651.18365 ], [ 526362.10374, 6419726.21509 ], [ 526405.09327, 6419729.85453 ], [ 526411.88703, 6419705.82092 ], [ 526418.63102, 6419675.79342 ], [ 526419.59682, 6419671.7892 ], [ 526423.4766, 6419657.77029 ], [ 526426.33251, 6419640.76272 ], [ 526429.08885, 6419611.76737 ], [ 526430.04635, 6419606.76416 ], [ 526430.01317, 6419602.76824 ], [ 526430.77984, 6419574.78845 ], [ 526430.76325, 6419572.79048 ], [ 526429.58173, 6419550.82116 ], [ 526424.3462, 6419521.89214 ], [ 526408.97978, 6419476.06332 ], [ 526405.94134, 6419471.09328 ], [ 526381.50938, 6419416.34824 ], [ 526380.5021, 6419415.35754 ], [ 526349.63315, 6419427.60233 ], [ 526382.5133, 6419537.22507 ], [ 526361.61759, 6419547.38899 ], [ 526362.8074, 6419570.35729 ] ] ] ] } },
{ "type": "Feature", "properties": { "COMMUNE": "Baneuil", "COMMUNAUTE": "CC des Bastides Dordogne Périgord", "INSEE_COMM": 24023, "ID_CDECOMM": 21, "SURFACE_UR": 14.11175, "COVISIBILI": "non", "SITUATION_": "boise", "SITUATION1": "pente" }, "geometry": { "type": "MultiPolygon", "coordinates": [ [ [ [ 517730.22045, 6419600.03895 ], [ 517737.19679, 6419597.98293 ], [ 517740.18546, 6419596.95907 ], [ 517745.16382, 6419594.91964 ], [ 517755.12054, 6419590.84078 ], [ 517764.07826, 6419586.77022 ], [ 517776.01637, 6419580.67681 ], [ 517785.9565, 6419574.59999 ], [ 517784.94922, 6419573.6093 ], [ 517800.85841, 6419564.48577 ], [ 517809.79126, 6419557.41826 ], [ 517828.66424, 6419544.27392 ], [ 517835.6157, 6419539.22096 ], [ 517844.54855, 6419532.15345 ], [ 517856.47007, 6419524.06207 ], [ 517868.39159, 6419515.9707 ], [ 517878.33172, 6419509.89387 ], [ 517890.26983, 6419503.80046 ], [ 517913.18023, 6419495.61787 ], [ 517927.08314, 6419485.51194 ], [ 517938.99637, 6419476.42159 ], [ 517941.97675, 6419474.39874 ], [ 517943.94985, 6419471.38521 ], [ 517949.85256, 6419460.34665 ], [ 517956.72109, 6419445.30386 ], [ 517962.6238, 6419434.2653 ], [ 517968.65091, 6419438.21147 ], [ 517973.74536, 6419450.15779 ], [ 517981.86996, 6419466.07516 ], [ 517993.04128, 6419487.96155 ], [ 517999.14302, 6419500.89856 ], [ 518021.03784, 6419490.72629 ], [ 518099.40232, 6419423.13932 ], [ 518113.37987, 6419422.02424 ], [ 518143.34953, 6419421.77544 ], [ 518169.32324, 6419421.55982 ], [ 518191.2927, 6419420.37839 ], [ 518192.29169, 6419420.37009 ], [ 518198.3105, 6419423.31728 ], [ 518198.39343, 6419433.3071 ], [ 518196.51155, 6419447.30944 ], [ 518196.56131, 6419453.30333 ], [ 518194.65456, 6419464.30872 ], [ 518192.77268, 6419478.31106 ], [ 518190.85763, 6419488.31747 ], [ 518187.96848, 6419501.32912 ], [ 518183.13939, 6419521.35023 ], [ 518181.22434, 6419531.35664 ], [ 518179.27612, 6419537.36712 ], [ 518179.301, 6419540.36407 ], [ 518181.33215, 6419544.34341 ], [ 518183.3633, 6419548.32275 ], [ 518190.44745, 6419559.2535 ], [ 518196.5409, 6419571.19153 ], [ 518209.65214, 6419586.06845 ], [ 518199.81982, 6419605.13205 ], [ 518192.89325, 6419613.18196 ], [ 518186.96566, 6419621.22358 ], [ 518179.08156, 6419634.2767 ], [ 518172.19644, 6419647.32152 ], [ 518184.15114, 6419643.22607 ], [ 518192.13475, 6419642.16074 ], [ 518209.10098, 6419640.02179 ], [ 518222.07125, 6419637.91602 ], [ 518242.01785, 6419633.75422 ], [ 518271.93776, 6419627.51153 ], [ 518291.90095, 6419625.3477 ], [ 518291.88436, 6419623.34973 ], [ 518293.84917, 6419619.33722 ], [ 518297.71243, 6419603.32033 ], [ 518301.55082, 6419584.30649 ], [ 518301.48448, 6419576.31463 ], [ 518296.34026, 6419558.37442 ], [ 518292.21991, 6419543.42286 ], [ 518284.99478, 6419515.50941 ], [ 518300.8625, 6419501.39096 ], [ 518325.6547, 6419479.20615 ], [ 518336.59379, 6419473.1211 ], [ 518359.47924, 6419461.94168 ], [ 518386.33575, 6419447.73217 ], [ 518404.21798, 6419435.59521 ], [ 518384.19679, 6419430.76605 ], [ 518368.17985, 6419426.90272 ], [ 518355.16815, 6419424.01351 ], [ 518326.13951, 6419417.26098 ], [ 518307.12561, 6419413.42251 ], [ 518311.04691, 6419404.39852 ], [ 518319.83875, 6419380.34837 ], [ 518336.52296, 6419344.24413 ], [ 518306.39581, 6419325.51209 ], [ 518284.30198, 6419311.70875 ], [ 518281.42112, 6419325.71938 ], [ 518270.42395, 6419324.81162 ], [ 518244.40878, 6419320.03234 ], [ 518223.39685, 6419316.21057 ], [ 518196.39099, 6419312.43856 ], [ 518176.34487, 6419304.61256 ], [ 518153.29349, 6419295.81247 ], [ 518149.24778, 6419289.85175 ], [ 518143.18751, 6419281.90965 ], [ 518135.12925, 6419273.98414 ], [ 518133.1064, 6419271.00378 ], [ 518130.06797, 6419266.03375 ], [ 518129.03581, 6419262.04611 ], [ 518128.02023, 6419260.05644 ], [ 518124.00769, 6419258.09165 ], [ 518123.99111, 6419256.09369 ], [ 518118.9547, 6419251.14024 ], [ 518131.75911, 6419229.05483 ], [ 518140.62561, 6419213.99546 ], [ 518144.53863, 6419203.97247 ], [ 518150.29207, 6419174.95223 ], [ 518156.15331, 6419158.91876 ], [ 518166.91827, 6419131.85502 ], [ 518144.88248, 6419125.0446 ], [ 518122.85497, 6419119.23315 ], [ 518098.82949, 6419113.4383 ], [ 518090.821, 6419111.50668 ], [ 518067.75304, 6419100.70862 ], [ 518049.7049, 6419092.86604 ], [ 518033.67962, 6419088.00382 ], [ 518003.62704, 6419078.26279 ], [ 517997.74921, 6419092.2983 ], [ 517987.94177, 6419114.35883 ], [ 517982.05564, 6419127.39535 ], [ 517977.01924, 6419122.44191 ], [ 517968.02005, 6419121.51756 ], [ 517935.99437, 6419114.79007 ], [ 517916.98871, 6419111.95069 ], [ 517903.98527, 6419110.06053 ], [ 517872.97516, 6419105.32271 ], [ 517871.18451, 6419130.31384 ], [ 517870.28503, 6419142.30992 ], [ 517855.3002, 6419142.43431 ], [ 517828.31093, 6419140.66026 ], [ 517811.32812, 6419140.80124 ], [ 517796.35988, 6419142.92359 ], [ 517773.39973, 6419145.11229 ], [ 517771.54273, 6419162.11157 ], [ 517770.62667, 6419172.10969 ], [ 517768.7365, 6419185.11304 ], [ 517766.8795, 6419202.11232 ], [ 517765.03908, 6419221.10956 ], [ 517762.19139, 6419239.11612 ], [ 517791.15376, 6419237.87664 ], [ 517875.06051, 6419236.18106 ], [ 517950.95876, 6419232.55384 ], [ 517960.95694, 6419233.46989 ], [ 517981.95229, 6419235.2937 ], [ 518005.9446, 6419237.09263 ], [ 518028.94621, 6419239.89884 ], [ 518047.1685, 6419268.72004 ], [ 518015.49112, 6419303.9498 ], [ 517976.90374, 6419349.22742 ], [ 517943.23667, 6419385.47274 ], [ 517914.53966, 6419418.67965 ], [ 517886.81676, 6419448.88132 ], [ 517858.96947, 6419464.09826 ], [ 517815.22128, 6419489.4377 ], [ 517764.50506, 6419517.83215 ], [ 517724.68648, 6419535.14656 ], [ 517696.80602, 6419546.36757 ], [ 517700.93465, 6419562.31811 ], [ 517704.04772, 6419576.27898 ], [ 517709.20851, 6419596.21717 ], [ 517711.28113, 6419605.19142 ], [ 517730.22045, 6419600.03895 ] ] ] ] } },
{ "type": "Feature", "properties": { "COMMUNE": "Mauzac-et-Grand-Castang", "COMMUNAUTE": "CC des Bastides Dordogne Périgord", "INSEE_COMM": 24260, "ID_CDECOMM": 21, "SURFACE_UR": 5.57545, "COVISIBILI": "oui", "SITUATION_": "non boise", "SITUATION1": "pente" }, "geometry": { "type": "MultiPolygon", "coordinates": [ [ [ [ 525015.30352, 6419476.64259 ], [ 525014.32113, 6419478.64885 ], [ 525015.32841, 6419479.63954 ], [ 525015.33671, 6419480.63852 ], [ 525015.345, 6419481.6375 ], [ 525003.5148, 6419500.71767 ], [ 524988.72082, 6419523.81865 ], [ 524967.0335, 6419558.96546 ], [ 524964.08632, 6419564.98423 ], [ 524971.1207, 6419569.92109 ], [ 524968.14863, 6419572.94291 ], [ 524957.27593, 6419587.01988 ], [ 524938.48601, 6419610.15403 ], [ 525056.18039, 6419707.08407 ], [ 525135.63954, 6419771.36282 ], [ 525177.87073, 6419803.98095 ], [ 525211.49611, 6419762.74072 ], [ 525206.34355, 6419743.80152 ], [ 525216.40807, 6419752.70944 ], [ 525224.44974, 6419758.63699 ], [ 525236.51224, 6419767.52832 ], [ 525247.57575, 6419776.42794 ], [ 525263.66738, 6419789.28203 ], [ 525270.71006, 6419795.21787 ], [ 525286.80998, 6419809.07095 ], [ 525293.85266, 6419815.00679 ], [ 525301.91092, 6419822.93231 ], [ 525333.09519, 6419848.64878 ], [ 525338.12331, 6419852.60324 ], [ 525350.2024, 6419863.49254 ], [ 525360.25863, 6419871.40147 ], [ 525409.51591, 6419907.95748 ], [ 525430.61906, 6419922.76807 ], [ 525439.66801, 6419929.68631 ], [ 525443.66396, 6419929.65314 ], [ 525481.87432, 6419959.30749 ], [ 525499.99711, 6419976.14092 ], [ 525510.06164, 6419985.04883 ], [ 525527.17714, 6420000.89157 ], [ 525534.19494, 6420003.83047 ], [ 525541.17954, 6420002.77344 ], [ 525554.13317, 6419998.6697 ], [ 525559.11981, 6419997.62926 ], [ 525558.11253, 6419996.63857 ], [ 525553.06782, 6419990.68613 ], [ 525502.6871, 6419939.15369 ], [ 525451.37377, 6419895.62139 ], [ 525432.28518, 6419882.79218 ], [ 525431.2696, 6419880.80251 ], [ 525429.25504, 6419878.82113 ], [ 525419.19051, 6419869.91322 ], [ 525416.21014, 6419871.93606 ], [ 525400.09363, 6419856.08503 ], [ 525385.01758, 6419845.22061 ], [ 525361.84178, 6419821.43577 ], [ 525331.63991, 6419793.71304 ], [ 525303.4443, 6419766.97271 ], [ 525297.39231, 6419760.02959 ], [ 525282.29137, 6419746.16823 ], [ 525258.12489, 6419723.39066 ], [ 525249.05935, 6419714.47445 ], [ 525232.95113, 6419699.6224 ], [ 525222.8866, 6419690.71448 ], [ 525217.8419, 6419684.76205 ], [ 525212.81378, 6419680.80759 ], [ 525208.78465, 6419676.84483 ], [ 525197.70455, 6419665.94724 ], [ 525176.56822, 6419647.14072 ], [ 525158.44543, 6419630.30729 ], [ 525151.39446, 6419623.37246 ], [ 525138.29979, 6419610.4935 ], [ 525125.20512, 6419597.61453 ], [ 525110.10418, 6419583.75317 ], [ 525092.98039, 6419566.91145 ], [ 525081.90858, 6419557.01284 ], [ 525074.84931, 6419549.07903 ], [ 525073.83373, 6419547.08936 ], [ 525070.80359, 6419543.11831 ], [ 525064.7516, 6419536.17519 ], [ 525057.68403, 6419527.2424 ], [ 525052.63933, 6419521.28997 ], [ 525042.55821, 6419510.38409 ], [ 525029.43036, 6419493.50919 ], [ 525017.32638, 6419479.62295 ], [ 525016.3108, 6419477.63328 ], [ 525015.30352, 6419476.64259 ] ] ] ] } },
{ "type": "Feature", "properties": { "COMMUNE": "Bayac", "COMMUNAUTE": "CC des Bastides Dordogne Périgord", "INSEE_COMM": 24027, "ID_CDECOMM": 21, "SURFACE_UR": 7.1386, "COVISIBILI": "non", "SITUATION_": "clairiere", "SITUATION1": "ligne de crete" }, "geometry": { "type": "MultiPolygon", "coordinates": [ [ [ [ 518994.45134, 6413634.2185 ], [ 518996.44931, 6413634.20193 ], [ 519037.39933, 6413632.86314 ], [ 519056.38001, 6413632.70566 ], [ 519135.10065, 6413608.0755 ], [ 519121.74069, 6413563.2294 ], [ 519161.64197, 6413555.90504 ], [ 519238.43098, 6413539.28325 ], [ 519310.52363, 6413558.66598 ], [ 519329.42138, 6413548.51875 ], [ 519372.23668, 6413531.17978 ], [ 519378.33009, 6413543.11774 ], [ 519384.29082, 6413539.07211 ], [ 519415.10173, 6413519.83465 ], [ 519541.69893, 6413485.81584 ], [ 519545.28021, 6413435.83396 ], [ 519545.24704, 6413431.83806 ], [ 519547.24501, 6413431.82148 ], [ 519550.23366, 6413430.79764 ], [ 519555.21199, 6413428.75825 ], [ 519565.16036, 6413423.68049 ], [ 519578.08909, 6413416.57991 ], [ 519584.0664, 6413414.53223 ], [ 519592.0251, 6413410.47002 ], [ 519601.97346, 6413405.39226 ], [ 519605.9611, 6413404.36014 ], [ 519607.95907, 6413404.34356 ], [ 519603.67288, 6413369.4126 ], [ 519540.84475, 6413382.92146 ], [ 519432.21267, 6413414.79313 ], [ 519412.29935, 6413422.9507 ], [ 519360.24442, 6413410.39503 ], [ 519332.3807, 6413423.61378 ], [ 519310.40307, 6413423.79613 ], [ 519315.09561, 6413507.67683 ], [ 519213.98269, 6413482.54062 ], [ 519148.13273, 6413493.0774 ], [ 519142.58219, 6413426.18756 ], [ 518980.94594, 6413451.50565 ], [ 518980.9957, 6413457.49949 ], [ 518993.40644, 6413508.34773 ], [ 518998.48428, 6413518.29603 ], [ 518995.49562, 6413519.31987 ], [ 518981.50157, 6413518.43693 ], [ 518979.49531, 6413517.45453 ], [ 518976.49836, 6413517.47939 ], [ 518974.50039, 6413517.49597 ], [ 518950.5248, 6413517.69489 ], [ 518939.52769, 6413516.78708 ], [ 518933.54208, 6413517.83579 ], [ 518932.5431, 6413517.84407 ], [ 518931.54411, 6413517.85236 ], [ 518930.55342, 6413518.85963 ], [ 518930.57001, 6413520.85757 ], [ 518929.61249, 6413525.86073 ], [ 518929.65396, 6413530.85561 ], [ 518929.7203, 6413538.8474 ], [ 518930.85197, 6413554.8227 ], [ 518930.95978, 6413567.80937 ], [ 518932.00852, 6413573.79493 ], [ 518933.05726, 6413579.78049 ], [ 518935.09669, 6413584.75878 ], [ 518937.12783, 6413588.7381 ], [ 518940.16624, 6413593.70811 ], [ 518945.19433, 6413597.66257 ], [ 518950.21412, 6413600.61805 ], [ 518959.24644, 6413605.53833 ], [ 518968.27875, 6413610.45861 ], [ 518974.30582, 6413614.40478 ], [ 518982.33915, 6413619.33335 ], [ 518985.35269, 6413621.30643 ], [ 518987.37553, 6413624.28678 ], [ 518992.4202, 6413630.23918 ], [ 518994.45134, 6413634.2185 ] ] ] ] } },
{ "type": "Feature", "properties": { "COMMUNE": "Monsac", "COMMUNAUTE": "CC des Bastides Dordogne Périgord", "INSEE_COMM": 24281, "ID_CDECOMM": 21, "SURFACE_UR": 0.68765, "COVISIBILI": "oui", "SITUATION_": "non boise", "SITUATION1": "pente" }, "geometry": { "type": "MultiPolygon", "coordinates": [ [ [ [ 518240.51997, 6411269.74649 ], [ 518241.51066, 6411268.73922 ], [ 518271.48844, 6411269.48954 ], [ 518299.31898, 6411252.27492 ], [ 518293.23386, 6411241.33595 ], [ 518251.70337, 6411172.7467 ], [ 518248.71471, 6411173.77054 ], [ 518247.71573, 6411173.77883 ], [ 518243.7198, 6411173.81198 ], [ 518238.72489, 6411173.85342 ], [ 518230.73302, 6411173.91973 ], [ 518222.73287, 6411172.98707 ], [ 518215.7317, 6411172.04612 ], [ 518205.71699, 6411169.13209 ], [ 518200.71379, 6411168.17456 ], [ 518195.71058, 6411167.21703 ], [ 518186.70315, 6411165.29369 ], [ 518176.68844, 6411162.37966 ], [ 518169.68727, 6411161.43871 ], [ 518240.51997, 6411269.74649 ] ] ] ] } },
{ "type": "Feature", "properties": { "COMMUNE": "Monsac", "COMMUNAUTE": "CC des Bastides Dordogne Périgord", "INSEE_COMM": 24281, "ID_CDECOMM": 21, "SURFACE_UR": 2.73925, "COVISIBILI": "non", "SITUATION_": "clairiere", "SITUATION1": "pente" }, "geometry": { "type": "MultiPolygon", "coordinates": [ [ [ [ 516710.89941, 6412344.42409 ], [ 516711.94815, 6412350.40964 ], [ 516712.9803, 6412354.39724 ], [ 516715.02802, 6412360.3745 ], [ 516718.06643, 6412365.34449 ], [ 516724.11838, 6412372.28755 ], [ 516726.14123, 6412375.26789 ], [ 516730.17863, 6412380.22959 ], [ 516733.20046, 6412383.20163 ], [ 516734.20773, 6412384.19231 ], [ 516792.90734, 6412354.73287 ], [ 516787.75487, 6412335.79384 ], [ 516730.74206, 6412207.39062 ], [ 516717.81331, 6412214.49123 ], [ 516704.88456, 6412221.59183 ], [ 516693.7216, 6412200.70461 ], [ 516656.59334, 6412181.03194 ], [ 516584.9401, 6412214.59505 ], [ 516599.14977, 6412241.45125 ], [ 516584.24792, 6412251.56536 ], [ 516580.38466, 6412267.5821 ], [ 516557.67336, 6412299.73995 ], [ 516557.67336, 6412299.73995 ], [ 516555.73344, 6412306.74935 ], [ 516550.8546, 6412320.77643 ], [ 516556.84022, 6412319.72771 ], [ 516565.83108, 6412319.65308 ], [ 516575.82921, 6412320.56914 ], [ 516580.82414, 6412320.52768 ], [ 516589.815, 6412320.45306 ], [ 516601.8111, 6412321.35253 ], [ 516607.80501, 6412321.30278 ], [ 516617.81973, 6412324.21678 ], [ 516635.90924, 6412337.05419 ], [ 516646.96441, 6412344.95476 ], [ 516675.02718, 6412355.7113 ], [ 516678.01584, 6412354.68745 ], [ 516702.86607, 6412339.49556 ], [ 516710.8082, 6412333.43538 ], [ 516709.85896, 6412339.43752 ], [ 516710.89941, 6412344.42409 ] ] ] ] } },
{ "type": "Feature", "properties": { "COMMUNE": "Monsac", "COMMUNAUTE": "CC des Bastides Dordogne Périgord", "INSEE_COMM": 24281, "ID_CDECOMM": 21, "SURFACE_UR": 1.10005, "COVISIBILI": "non", "SITUATION_": "non boise", "SITUATION1": "pente" }, "geometry": { "type": "MultiPolygon", "coordinates": [ [ [ [ 518111.51196, 6411976.14013 ], [ 518112.42801, 6411966.14211 ], [ 518107.63598, 6411870.27388 ], [ 518095.49062, 6411851.39285 ], [ 518093.46778, 6411848.41251 ], [ 518089.4138, 6411841.45285 ], [ 518080.42295, 6411841.52745 ], [ 518050.5944, 6411858.75877 ], [ 518024.76179, 6411875.95692 ], [ 518004.88991, 6411889.10942 ], [ 518007.97808, 6411900.07325 ], [ 518009.01024, 6411904.06085 ], [ 518011.07454, 6411912.03604 ], [ 518011.08284, 6411913.03502 ], [ 518014.19589, 6411926.99576 ], [ 518014.22077, 6411929.99268 ], [ 518015.24463, 6411932.98131 ], [ 518016.27678, 6411936.9689 ], [ 518016.29337, 6411938.96685 ], [ 518016.35142, 6411945.95966 ], [ 518017.41674, 6411953.94315 ], [ 518018.45719, 6411958.92972 ], [ 518018.54012, 6411968.91945 ], [ 518111.51196, 6411976.14013 ] ] ] ] } },
{ "type": "Feature", "properties": { "COMMUNE": "Monsac", "COMMUNAUTE": "CC des Bastides Dordogne Périgord", "INSEE_COMM": 24281, "ID_CDECOMM": 21, "SURFACE_UR": 3.47665, "COVISIBILI": "non", "SITUATION_": "clairiere", "SITUATION1": "plateau plaine" }, "geometry": { "type": "MultiPolygon", "coordinates": [ [ [ [ 517813.09152, 6412974.6623 ], [ 517792.47772, 6413018.79129 ], [ 517789.52223, 6413023.81104 ], [ 517808.60245, 6413035.64116 ], [ 517810.60871, 6413036.62355 ], [ 517821.66388, 6413044.52412 ], [ 517826.68368, 6413047.47958 ], [ 517831.71178, 6413051.43401 ], [ 517832.7771, 6413059.41751 ], [ 517870.97071, 6413087.07366 ], [ 517891.66744, 6413052.9344 ], [ 517895.63021, 6413048.90533 ], [ 517901.67388, 6413054.84942 ], [ 518005.68825, 6412948.08746 ], [ 518034.38515, 6412914.88084 ], [ 517960.49732, 6412799.60527 ], [ 517857.28291, 6412882.38355 ], [ 517813.09152, 6412974.6623 ] ] ] ] } },
{ "type": "Feature", "properties": { "COMMUNE": "Monsac", "COMMUNAUTE": "CC des Bastides Dordogne Périgord", "INSEE_COMM": 24281, "ID_CDECOMM": 21, "SURFACE_UR": 3.96205, "COVISIBILI": "non", "SITUATION_": "clairiere", "SITUATION1": "plateau plaine" }, "geometry": { "type": "MultiPolygon", "coordinates": [ [ [ [ 518111.51196, 6411976.14013 ], [ 518110.61249, 6411988.13609 ], [ 518104.03424, 6412038.14276 ], [ 518095.02681, 6412036.21941 ], [ 518080.00889, 6412032.34787 ], [ 518073.0077, 6412031.40694 ], [ 518070.00246, 6412030.43285 ], [ 518061.01989, 6412031.50646 ], [ 518052.02074, 6412030.58212 ], [ 518048.0248, 6412030.61529 ], [ 518039.00907, 6412027.693 ], [ 518022.96727, 6412020.83288 ], [ 518025.03158, 6412028.80808 ], [ 518026.11349, 6412038.78951 ], [ 518028.21927, 6412051.75958 ], [ 518028.24414, 6412054.7565 ], [ 518030.32504, 6412064.72964 ], [ 518031.36549, 6412069.71621 ], [ 518032.38106, 6412071.70587 ], [ 518035.44435, 6412079.67277 ], [ 518036.4848, 6412084.65935 ], [ 518037.50037, 6412086.649 ], [ 518042.61968, 6412101.59213 ], [ 518045.67468, 6412108.56006 ], [ 518136.25877, 6412068.84569 ], [ 518146.55543, 6412105.72481 ], [ 518271.0883, 6412063.73088 ], [ 518325.61387, 6412133.21142 ], [ 518382.21589, 6412091.78109 ], [ 518388.76926, 6412038.77749 ], [ 518364.37073, 6411988.02879 ], [ 518304.06688, 6411944.57129 ], [ 518159.51289, 6411981.73613 ], [ 518157.24956, 6411949.78557 ], [ 518111.51196, 6411976.14013 ] ] ] ] } },
{ "type": "Feature", "properties": { "COMMUNE": "Monsac", "COMMUNAUTE": "CC des Bastides Dordogne Périgord", "INSEE_COMM": 24281, "ID_CDECOMM": 21, "SURFACE_UR": 1.9144, "COVISIBILI": "non", "SITUATION_": "non boise", "SITUATION1": "pente" }, "geometry": { "type": "MultiPolygon", "coordinates": [ [ [ [ 517935.85993, 6411636.92491 ], [ 517979.76548, 6411630.5662 ], [ 517998.69642, 6411624.4148 ], [ 518003.67475, 6411622.37539 ], [ 518014.63041, 6411618.28828 ], [ 518012.5661, 6411610.31308 ], [ 518009.53598, 6411606.34207 ], [ 518007.31411, 6411579.3864 ], [ 518008.31309, 6411579.3781 ], [ 518026.27822, 6411577.23089 ], [ 518029.27517, 6411577.20601 ], [ 518037.26704, 6411577.13967 ], [ 518054.24148, 6411575.99972 ], [ 518067.22827, 6411575.89191 ], [ 518040.59956, 6411497.18869 ], [ 518080.43452, 6411481.87243 ], [ 518062.07965, 6411437.06789 ], [ 518042.07509, 6411434.23683 ], [ 518027.07375, 6411432.36327 ], [ 518025.09237, 6411434.3778 ], [ 518018.15753, 6411441.42866 ], [ 518011.22269, 6411448.47952 ], [ 517999.29293, 6411455.57184 ], [ 517993.31561, 6411457.61954 ], [ 517988.32898, 6411458.65997 ], [ 517982.32678, 6411457.71076 ], [ 517980.33711, 6411458.72632 ], [ 517973.35251, 6411459.78334 ], [ 517967.37519, 6411461.83104 ], [ 517961.39788, 6411463.87874 ], [ 517958.40922, 6411464.90259 ], [ 517952.44019, 6411467.94926 ], [ 517948.46913, 6411470.97935 ], [ 517943.4908, 6411473.01876 ], [ 517939.51145, 6411475.04988 ], [ 517937.53006, 6411477.06441 ], [ 517941.78307, 6411507.99939 ], [ 517942.8484, 6411515.98288 ], [ 517949.21547, 6411560.88689 ], [ 517930.24307, 6411562.04342 ], [ 517935.85993, 6411636.92491 ] ] ] ] } },
{ "type": "Feature", "properties": { "COMMUNE": "Monsac", "COMMUNAUTE": "CC des Bastides Dordogne Périgord", "INSEE_COMM": 24281, "ID_CDECOMM": 21, "SURFACE_UR": 1.7803, "COVISIBILI": "non", "SITUATION_": "clairiere", "SITUATION1": "ligne de crete" }, "geometry": { "type": "MultiPolygon", "coordinates": [ [ [ [ 516991.20379, 6412413.02947 ], [ 517007.02999, 6412393.91631 ], [ 517010.99275, 6412389.88724 ], [ 517015.95451, 6412385.84989 ], [ 517024.87074, 6412376.7845 ], [ 517034.78595, 6412367.71082 ], [ 517046.79864, 6412370.60824 ], [ 517059.06839, 6412404.47383 ], [ 517084.93419, 6412391.27158 ], [ 517090.03691, 6412404.21677 ], [ 517112.93892, 6412395.03529 ], [ 517134.85853, 6412387.86006 ], [ 517160.76579, 6412379.65267 ], [ 517163.74616, 6412377.62985 ], [ 517197.62041, 6412366.35921 ], [ 517188.27298, 6412323.47799 ], [ 517187.24912, 6412320.48936 ], [ 517178.29143, 6412324.55988 ], [ 517168.33476, 6412328.6387 ], [ 517154.38214, 6412332.75068 ], [ 517149.40381, 6412334.79009 ], [ 517144.41718, 6412335.83052 ], [ 517141.37047, 6412329.86156 ], [ 517133.17958, 6412305.95254 ], [ 517122.96584, 6412279.06318 ], [ 516999.4981, 6412329.04108 ], [ 516956.832, 6412364.3617 ], [ 516951.97804, 6412381.38571 ], [ 516948.0899, 6412394.40553 ], [ 516944.19347, 6412406.42638 ], [ 516943.22766, 6412410.43057 ], [ 516991.20379, 6412413.02947 ] ] ] ] } },
{ "type": "Feature", "properties": { "COMMUNE": "Monsac", "COMMUNAUTE": "CC des Bastides Dordogne Périgord", "INSEE_COMM": 24281, "ID_CDECOMM": 21, "SURFACE_UR": 8.84025, "COVISIBILI": "oui", "SITUATION_": "non boise", "SITUATION1": "pente" }, "geometry": { "type": "MultiPolygon", "coordinates": [ [ [ [ 518415.49242, 6411767.81545 ], [ 518428.84793, 6411691.77747 ], [ 518423.85301, 6411691.81892 ], [ 518413.87148, 6411692.90078 ], [ 518404.88892, 6411693.97435 ], [ 518399.89401, 6411694.01579 ], [ 518392.89284, 6411693.07484 ], [ 518386.89065, 6411692.1256 ], [ 518374.86968, 6411688.22917 ], [ 518371.86444, 6411687.25506 ], [ 518366.82806, 6411682.30164 ], [ 518362.80725, 6411679.33788 ], [ 518357.75429, 6411672.38651 ], [ 518353.7086, 6411666.42583 ], [ 518351.67746, 6411662.44652 ], [ 518350.6536, 6411659.45789 ], [ 518347.59031, 6411651.49097 ], [ 518343.54462, 6411645.53029 ], [ 518340.48962, 6411638.56234 ], [ 518337.42633, 6411630.59543 ], [ 518335.40349, 6411627.61509 ], [ 518334.39621, 6411626.6244 ], [ 518331.36609, 6411622.65338 ], [ 518331.30805, 6411615.66057 ], [ 518344.96209, 6411575.58562 ], [ 518348.65119, 6411538.59048 ], [ 518346.65323, 6411538.60705 ], [ 518326.66528, 6411537.77385 ], [ 518329.52125, 6411520.76645 ], [ 518334.51616, 6411520.72501 ], [ 518339.85493, 6411441.75644 ], [ 518339.77201, 6411431.76671 ], [ 518336.40188, 6411386.83781 ], [ 518326.07205, 6411345.96283 ], [ 518290.08379, 6411343.2643 ], [ 518288.92725, 6411324.29211 ], [ 518285.94689, 6411326.31492 ], [ 518282.97481, 6411329.33671 ], [ 518279.02035, 6411334.36473 ], [ 518276.06486, 6411339.38445 ], [ 518272.1104, 6411344.41247 ], [ 518269.14662, 6411348.43323 ], [ 518266.19113, 6411353.45296 ], [ 518264.22634, 6411357.46542 ], [ 518263.24394, 6411359.47166 ], [ 518260.27187, 6411362.49344 ], [ 518258.24073, 6411358.51413 ], [ 518256.21789, 6411355.53379 ], [ 518197.80035, 6411418.95809 ], [ 518133.20203, 6411339.57076 ], [ 518177.85772, 6411303.23476 ], [ 518099.03315, 6411194.99329 ], [ 518084.13134, 6411205.10734 ], [ 518072.20989, 6411213.19858 ], [ 518059.30603, 6411223.29607 ], [ 518048.38355, 6411231.37907 ], [ 518040.44144, 6411237.43925 ], [ 518036.47038, 6411240.46934 ], [ 518031.52522, 6411246.50463 ], [ 518023.60798, 6411255.56173 ], [ 518013.70107, 6411265.63438 ], [ 518011.72798, 6411268.64788 ], [ 518006.7911, 6411275.68215 ], [ 518003.83562, 6411280.70189 ], [ 518000.87184, 6411284.72266 ], [ 517999.89773, 6411287.72787 ], [ 517997.94122, 6411292.73932 ], [ 517996.9837, 6411297.74247 ], [ 517996.00131, 6411299.74871 ], [ 517996.01789, 6411301.74665 ], [ 517996.03448, 6411303.7446 ], [ 517997.05834, 6411306.73322 ], [ 517997.08322, 6411309.73014 ], [ 517998.11537, 6411313.71774 ], [ 517999.14752, 6411317.70534 ], [ 518001.19525, 6411323.68259 ], [ 518003.24297, 6411329.65983 ], [ 518006.29797, 6411336.62776 ], [ 518008.3374, 6411341.60604 ], [ 518009.36956, 6411345.59364 ], [ 518011.4007, 6411349.57294 ], [ 518015.47956, 6411359.5295 ], [ 518020.58228, 6411372.47468 ], [ 518024.67773, 6411384.42918 ], [ 518026.75033, 6411393.40334 ], [ 518027.78249, 6411397.39094 ], [ 518027.80737, 6411400.38786 ], [ 518027.83224, 6411403.38478 ], [ 518027.89859, 6411411.37656 ], [ 518028.03127, 6411427.36012 ], [ 518039.03668, 6411429.26684 ], [ 518054.03802, 6411431.1404 ], [ 518068.04868, 6411434.02122 ], [ 518083.0583, 6411436.8938 ], [ 518088.0698, 6411438.85031 ], [ 518093.07301, 6411439.80784 ], [ 518112.05368, 6411439.65035 ], [ 518128.0374, 6411439.51774 ], [ 518143.02215, 6411439.39341 ], [ 518151.01401, 6411439.3271 ], [ 518152.04616, 6411443.3147 ], [ 518174.62915, 6411516.05735 ], [ 518186.95695, 6411556.91576 ], [ 518189.02126, 6411564.89097 ], [ 518181.03769, 6411565.95625 ], [ 518166.07782, 6411569.07749 ], [ 518148.1293, 6411573.22258 ], [ 518165.41055, 6411609.04469 ], [ 518194.61325, 6411636.77556 ], [ 518204.68601, 6411646.6824 ], [ 518236.81931, 6411666.39662 ], [ 518284.02858, 6411696.97521 ], [ 518345.29825, 6411736.42852 ], [ 518415.49242, 6411767.81545 ] ] ] ] } },
{ "type": "Feature", "properties": { "COMMUNE": "Monsac", "COMMUNAUTE": "CC des Bastides Dordogne Périgord", "INSEE_COMM": 24281, "ID_CDECOMM": 21, "SURFACE_UR": 6.25765, "COVISIBILI": "oui", "SITUATION_": "non boise", "SITUATION1": "pente" }, "geometry": { "type": "MultiPolygon", "coordinates": [ [ [ [ 517613.92274, 6412089.16608 ], [ 517613.91444, 6412088.16711 ], [ 517615.87095, 6412083.15566 ], [ 517623.73844, 6412068.10473 ], [ 517628.65043, 6412058.07353 ], [ 517638.47443, 6412038.01115 ], [ 517645.36781, 6412025.96542 ], [ 517649.2974, 6412017.94047 ], [ 517652.2446, 6412011.92175 ], [ 517653.21871, 6412008.91654 ], [ 517654.16794, 6412002.91441 ], [ 517664.249, 6412013.82019 ], [ 517682.49608, 6412045.63806 ], [ 517742.12001, 6412007.17954 ], [ 517743.11071, 6412006.17227 ], [ 517762.99088, 6411994.01875 ], [ 517782.87105, 6411981.86522 ], [ 517787.92402, 6411988.81657 ], [ 517803.1161, 6412013.6665 ], [ 517811.21578, 6412026.58681 ], [ 517816.27704, 6412034.53713 ], [ 517818.31647, 6412039.51541 ], [ 517828.4307, 6412054.41708 ], [ 517882.13537, 6412024.99906 ], [ 517853.75747, 6411976.28158 ], [ 517837.54983, 6411949.44199 ], [ 517813.22592, 6411907.68415 ], [ 517810.24555, 6411909.70697 ], [ 517802.30343, 6411915.76715 ], [ 517792.35505, 6411920.84494 ], [ 517782.40667, 6411925.92273 ], [ 517769.48622, 6411934.02232 ], [ 517761.53581, 6411939.08352 ], [ 517757.54816, 6411940.11567 ], [ 517755.53361, 6411938.13431 ], [ 517750.44747, 6411927.18707 ], [ 517747.40905, 6411922.21708 ], [ 517740.30007, 6411908.28951 ], [ 517735.21393, 6411897.34227 ], [ 517734.20665, 6411896.35159 ], [ 517730.12779, 6411886.39503 ], [ 517726.06551, 6411878.43641 ], [ 517716.90051, 6411857.53261 ], [ 517706.62873, 6411823.65046 ], [ 517682.74432, 6411834.83818 ], [ 517669.3429, 6411784.99734 ], [ 517671.34087, 6411784.98076 ], [ 517675.33681, 6411784.94759 ], [ 517678.33376, 6411784.92271 ], [ 517685.32665, 6411784.86466 ], [ 517688.31531, 6411783.84081 ], [ 517692.31125, 6411783.80764 ], [ 517718.2102, 6411774.60128 ], [ 517713.0826, 6411758.65918 ], [ 517711.04317, 6411753.6809 ], [ 517803.58382, 6411708.95489 ], [ 517800.54541, 6411703.9849 ], [ 517786.38548, 6411683.12257 ], [ 517780.27548, 6411669.18671 ], [ 517817.07204, 6411648.90043 ], [ 517805.6603, 6411598.04404 ], [ 517778.65456, 6411594.27205 ], [ 517719.94669, 6411622.73254 ], [ 517719.95498, 6411623.73151 ], [ 517717.9736, 6411625.74604 ], [ 517714.99323, 6411627.76887 ], [ 517712.02116, 6411630.79066 ], [ 517710.03977, 6411632.80519 ], [ 517707.0677, 6411635.82699 ], [ 517703.11322, 6411640.85502 ], [ 517701.14013, 6411643.86852 ], [ 517698.17635, 6411647.88929 ], [ 517694.23017, 6411653.9163 ], [ 517693.23948, 6411654.92356 ], [ 517691.24151, 6411654.94015 ], [ 517689.25184, 6411655.95571 ], [ 517687.25387, 6411655.97229 ], [ 517686.25488, 6411655.98058 ], [ 517686.26318, 6411656.97956 ], [ 517670.40382, 6411672.09683 ], [ 517626.5729, 6411687.44629 ], [ 517608.64095, 6411693.58939 ], [ 517614.79241, 6411712.52011 ], [ 517572.97605, 6411729.85093 ], [ 517573.99991, 6411732.83956 ], [ 517542.20656, 6411754.08334 ], [ 517535.25513, 6411759.13625 ], [ 517557.46497, 6411786.92506 ], [ 517586.07505, 6411863.61379 ], [ 517592.20992, 6411880.54657 ], [ 517597.30435, 6411892.49279 ], [ 517598.29505, 6411891.48552 ], [ 517637.13104, 6411876.17752 ], [ 517646.08873, 6411872.107 ], [ 517647.12918, 6411877.09357 ], [ 517648.21109, 6411887.07501 ], [ 517650.30027, 6411898.04713 ], [ 517652.39775, 6411910.01822 ], [ 517652.42263, 6411913.01514 ], [ 517654.5284, 6411925.9852 ], [ 517656.65076, 6411940.95321 ], [ 517657.67462, 6411943.94184 ], [ 517679.56934, 6411933.76967 ], [ 517681.62536, 6411940.7459 ], [ 517683.6565, 6411944.7252 ], [ 517694.8941, 6411974.60318 ], [ 517691.91373, 6411976.626 ], [ 517684.9706, 6411982.67789 ], [ 517679.02645, 6411988.72148 ], [ 517673.07401, 6411993.7661 ], [ 517663.1588, 6412002.83978 ], [ 517655.04253, 6411987.92152 ], [ 517640.14899, 6411999.03461 ], [ 517640.15728, 6412000.03359 ], [ 517572.66585, 6412053.54304 ], [ 517578.70122, 6412058.48815 ], [ 517579.7085, 6412059.47883 ], [ 517581.72305, 6412061.4602 ], [ 517583.7376, 6412063.44156 ], [ 517586.76773, 6412067.41257 ], [ 517589.78126, 6412069.38564 ], [ 517595.81663, 6412074.33075 ], [ 517601.852, 6412079.27586 ], [ 517603.86655, 6412081.25722 ], [ 517610.9092, 6412087.19302 ], [ 517613.92274, 6412089.16608 ] ] ] ] } },
{ "type": "Feature", "properties": { "COMMUNE": "Monsac", "COMMUNAUTE": "CC des Bastides Dordogne Périgord", "INSEE_COMM": 24281, "ID_CDECOMM": 21, "SURFACE_UR": 0.40395, "COVISIBILI": "non", "SITUATION_": "non boise", "SITUATION1": "pente" }, "geometry": { "type": "MultiPolygon", "coordinates": [ [ [ [ 518672.01864, 6411379.0579 ], [ 518704.9602, 6411375.78744 ], [ 518718.74693, 6411351.69605 ], [ 518692.38361, 6411304.95985 ], [ 518675.2931, 6411292.11412 ], [ 518644.3661, 6411297.36594 ], [ 518635.41672, 6411302.4354 ], [ 518628.45701, 6411306.48932 ], [ 518630.49644, 6411311.4676 ], [ 518631.51201, 6411313.45726 ], [ 518632.52757, 6411315.44691 ], [ 518633.53485, 6411316.4376 ], [ 518635.5494, 6411318.41896 ], [ 518639.57021, 6411321.38273 ], [ 518644.58171, 6411323.33923 ], [ 518650.60878, 6411327.28538 ], [ 518651.62435, 6411329.27504 ], [ 518654.65447, 6411333.24606 ], [ 518656.66072, 6411334.22846 ], [ 518659.67426, 6411336.20154 ], [ 518660.68153, 6411337.19222 ], [ 518662.68779, 6411338.17462 ], [ 518665.70962, 6411341.14667 ], [ 518669.72214, 6411343.11146 ], [ 518669.72214, 6411343.11146 ], [ 518670.72112, 6411343.10317 ], [ 518670.72941, 6411344.10214 ], [ 518671.73669, 6411345.09282 ], [ 518672.73567, 6411345.08453 ], [ 518672.74396, 6411346.08351 ], [ 518673.75124, 6411347.07419 ], [ 518673.86734, 6411361.05981 ], [ 518673.9088, 6411366.05467 ], [ 518673.93368, 6411369.05159 ], [ 518672.95958, 6411372.0568 ], [ 518672.01864, 6411379.0579 ] ] ] ] } },
{ "type": "Feature", "properties": { "COMMUNE": "Monsac", "COMMUNAUTE": "CC des Bastides Dordogne Périgord", "INSEE_COMM": 24281, "ID_CDECOMM": 21, "SURFACE_UR": 1.1212, "COVISIBILI": "non", "SITUATION_": "non boise", "SITUATION1": "pente" }, "geometry": { "type": "MultiPolygon", "coordinates": [ [ [ [ 517342.75362, 6411676.81465 ], [ 517354.66679, 6411667.72439 ], [ 517377.50246, 6411650.55113 ], [ 517398.34845, 6411634.39343 ], [ 517402.31951, 6411631.36335 ], [ 517392.11406, 6411605.47298 ], [ 517378.91167, 6411579.60749 ], [ 517374.89085, 6411576.64374 ], [ 517382.8081, 6411567.58664 ], [ 517396.66119, 6411551.48699 ], [ 517398.63428, 6411548.47349 ], [ 517403.57945, 6411542.43819 ], [ 517407.54222, 6411538.40913 ], [ 517418.41495, 6411524.3323 ], [ 517441.22573, 6411504.16212 ], [ 517432.93533, 6411468.26544 ], [ 517447.84546, 6411459.15031 ], [ 517439.78725, 6411451.22486 ], [ 517428.69892, 6411439.32841 ], [ 517424.66152, 6411434.36671 ], [ 517405.54815, 6411418.5407 ], [ 517392.64428, 6411428.63823 ], [ 517387.68253, 6411432.67558 ], [ 517381.74667, 6411439.71814 ], [ 517375.81081, 6411446.7607 ], [ 517373.83772, 6411449.77421 ], [ 517373.85431, 6411451.77215 ], [ 517372.86362, 6411452.77942 ], [ 517373.88748, 6411455.76804 ], [ 517373.93723, 6411461.76188 ], [ 517388.94687, 6411464.63441 ], [ 517389.01321, 6411472.62619 ], [ 517390.28584, 6411505.584 ], [ 517376.51567, 6411531.67338 ], [ 517337.95332, 6411579.94747 ], [ 517332.99157, 6411583.98482 ], [ 517351.12255, 6411601.81707 ], [ 517341.23221, 6411613.88766 ], [ 517346.27689, 6411619.84004 ], [ 517338.4094, 6411634.89097 ], [ 517330.50045, 6411644.94703 ], [ 517324.56459, 6411651.98959 ], [ 517323.58219, 6411653.99583 ], [ 517326.61232, 6411657.96685 ], [ 517342.75362, 6411676.81465 ] ] ] ] } },
{ "type": "Feature", "properties": { "COMMUNE": "Bayac", "COMMUNAUTE": "CC des Bastides Dordogne Périgord", "INSEE_COMM": 24027, "ID_CDECOMM": 21, "SURFACE_UR": 2.35745, "COVISIBILI": "non", "SITUATION_": "non boise", "SITUATION1": "pente" }, "geometry": { "type": "MultiPolygon", "coordinates": [ [ [ [ 518732.8192, 6415694.42596 ], [ 518731.8368, 6415696.4322 ], [ 518733.85965, 6415699.41257 ], [ 518736.9893, 6415715.37137 ], [ 518739.02873, 6415720.34969 ], [ 518741.06817, 6415725.32801 ], [ 518742.08374, 6415727.31768 ], [ 518744.09829, 6415729.29907 ], [ 518747.12012, 6415732.27114 ], [ 518750.15025, 6415736.2422 ], [ 518752.1648, 6415738.22358 ], [ 518753.18038, 6415740.21325 ], [ 518759.21575, 6415745.15842 ], [ 518765.26771, 6415752.10155 ], [ 518771.31137, 6415758.0457 ], [ 518777.36333, 6415764.98883 ], [ 518781.38415, 6415767.95261 ], [ 518784.40598, 6415770.92469 ], [ 518798.52445, 6415786.79233 ], [ 518800.47266, 6415780.78187 ], [ 518821.06983, 6415734.65478 ], [ 518859.28003, 6415764.30922 ], [ 518890.74992, 6415704.10525 ], [ 518889.70117, 6415698.11966 ], [ 518887.68662, 6415696.13828 ], [ 518882.65852, 6415692.1838 ], [ 518879.64498, 6415690.21071 ], [ 518878.646, 6415690.21899 ], [ 518877.63872, 6415689.2283 ], [ 518876.63144, 6415688.23761 ], [ 518880.61909, 6415687.20548 ], [ 518882.60876, 6415686.18992 ], [ 518885.59742, 6415685.16608 ], [ 518890.55917, 6415681.12872 ], [ 518893.53953, 6415679.1059 ], [ 518894.53022, 6415678.09864 ], [ 518897.51059, 6415676.07581 ], [ 518897.494, 6415674.07785 ], [ 518898.48469, 6415673.07059 ], [ 518900.45778, 6415670.05707 ], [ 518901.44018, 6415668.05083 ], [ 518902.43916, 6415668.04254 ], [ 518903.44644, 6415669.03323 ], [ 518904.42884, 6415667.02698 ], [ 518834.99304, 6415606.66111 ], [ 518886.65823, 6415572.26485 ], [ 518817.33025, 6415524.88571 ], [ 518794.61901, 6415557.04367 ], [ 518765.9885, 6415598.24216 ], [ 518773.08091, 6415610.1719 ], [ 518779.12457, 6415616.11605 ], [ 518783.16197, 6415621.07779 ], [ 518789.20564, 6415627.02194 ], [ 518788.29788, 6415638.019 ], [ 518786.30821, 6415639.03456 ], [ 518784.31853, 6415640.05011 ], [ 518767.47679, 6415657.17365 ], [ 518755.5885, 6415669.26086 ], [ 518746.68058, 6415679.32524 ], [ 518739.73745, 6415685.37713 ], [ 518735.78298, 6415690.40518 ], [ 518732.81091, 6415693.42698 ], [ 518732.8192, 6415694.42596 ] ] ] ] } },
{ "type": "Feature", "properties": { "COMMUNE": "Saint-Capraise-de-Lalinde", "COMMUNAUTE": "CC des Bastides Dordogne Périgord", "INSEE_COMM": 24382, "ID_CDECOMM": 21, "SURFACE_UR": 0.3309, "COVISIBILI": "non", "SITUATION_": "boise", "SITUATION1": "pente" }, "geometry": { "type": "MultiPolygon", "coordinates": [ [ [ [ 514374.47197, 6419249.25134 ], [ 514408.3298, 6419235.9827 ], [ 514375.65747, 6419151.3345 ], [ 514341.77477, 6419161.60619 ], [ 514374.47197, 6419249.25134 ] ] ] ] } },
{ "type": "Feature", "properties": { "COMMUNE": "Baneuil", "COMMUNAUTE": "CC des Bastides Dordogne Périgord", "INSEE_COMM": 24023, "ID_CDECOMM": 21, "SURFACE_UR": 0.629, "COVISIBILI": "non", "SITUATION_": "non boise", "SITUATION1": "plateau plaine" }, "geometry": { "type": "MultiPolygon", "coordinates": [ [ [ [ 517841.52881, 6418686.98153 ], [ 517857.45457, 6418679.85597 ], [ 517887.30812, 6418665.62144 ], [ 517883.18778, 6418650.66989 ], [ 517873.91493, 6418616.77915 ], [ 517848.04075, 6418628.98255 ], [ 517829.13461, 6418638.13095 ], [ 517825.02256, 6418624.17837 ], [ 517819.94469, 6418614.23002 ], [ 517763.16822, 6418634.68235 ], [ 517777.61845, 6418690.50922 ], [ 517826.44448, 6418675.11814 ], [ 517841.52881, 6418686.98153 ] ] ] ] } },
{ "type": "Feature", "properties": { "COMMUNE": "Baneuil", "COMMUNAUTE": "CC des Bastides Dordogne Périgord", "INSEE_COMM": 24023, "ID_CDECOMM": 21, "SURFACE_UR": 0.32095, "COVISIBILI": "non", "SITUATION_": "non boise", "SITUATION1": "pente" }, "geometry": { "type": "MultiPolygon", "coordinates": [ [ [ [ 517723.96776, 6418846.80648 ], [ 517728.9544, 6418845.76603 ], [ 517748.90929, 6418842.60323 ], [ 517764.87652, 6418840.47258 ], [ 517747.52055, 6418795.65938 ], [ 517702.03534, 6418732.09773 ], [ 517699.16277, 6418747.10733 ], [ 517723.96776, 6418846.80648 ] ] ] ] } },
{ "type": "Feature", "properties": { "COMMUNE": "Saint-Agne", "COMMUNAUTE": "CC des Bastides Dordogne Périgord", "INSEE_COMM": 24361, "ID_CDECOMM": 21, "SURFACE_UR": 0.44635, "COVISIBILI": "non", "SITUATION_": "non boise", "SITUATION1": "pente" }, "geometry": { "type": "MultiPolygon", "coordinates": [ [ [ [ 513203.13193, 6417630.51918 ], [ 513210.06681, 6417623.46829 ], [ 513214.0296, 6417619.4392 ], [ 513214.99543, 6417615.43499 ], [ 513213.97157, 6417612.44634 ], [ 513211.92386, 6417606.46903 ], [ 513209.87615, 6417600.49172 ], [ 513212.77363, 6417588.47908 ], [ 513213.65656, 6417574.48505 ], [ 513139.74807, 6417577.09643 ], [ 513141.26102, 6417639.02497 ], [ 513189.23729, 6417641.62402 ], [ 513202.14123, 6417631.52645 ], [ 513203.13193, 6417630.51918 ] ] ] ] } },
{ "type": "Feature", "properties": { "COMMUNE": "Lanquais", "COMMUNAUTE": "CC des Bastides Dordogne Périgord", "INSEE_COMM": 24228, "ID_CDECOMM": 21, "SURFACE_UR": 0.9184, "COVISIBILI": "non", "SITUATION_": "non boise", "SITUATION1": "vallee" }, "geometry": { "type": "MultiPolygon", "coordinates": [ [ [ [ 516365.78893, 6417226.63158 ], [ 516364.91432, 6417241.62458 ], [ 516364.21384, 6417277.59618 ], [ 516363.23144, 6417279.60243 ], [ 516384.42576, 6417305.4018 ], [ 516385.43304, 6417306.39249 ], [ 516388.43829, 6417307.3666 ], [ 516395.43949, 6417308.30754 ], [ 516402.4324, 6417308.24949 ], [ 516419.3986, 6417306.11057 ], [ 516451.34132, 6417302.84829 ], [ 516481.30265, 6417301.60056 ], [ 516484.66012, 6417224.64588 ], [ 516441.70367, 6417225.00243 ], [ 516421.72392, 6417225.16826 ], [ 516365.78893, 6417226.63158 ] ] ] ] } },
{ "type": "Feature", "properties": { "COMMUNE": "Lanquais", "COMMUNAUTE": "CC des Bastides Dordogne Périgord", "INSEE_COMM": 24228, "ID_CDECOMM": 21, "SURFACE_UR": 2.35045, "COVISIBILI": "non", "SITUATION_": "non boise", "SITUATION1": "vallee" }, "geometry": { "type": "MultiPolygon", "coordinates": [ [ [ [ 516578.72247, 6417242.84708 ], [ 516515.73652, 6417237.37558 ], [ 516511.28056, 6417302.35078 ], [ 516555.30234, 6417309.97779 ], [ 516569.31303, 6417312.85864 ], [ 516587.32797, 6417316.70531 ], [ 516613.3431, 6417321.48462 ], [ 516631.34975, 6417324.33231 ], [ 516636.3281, 6417322.29289 ], [ 516643.08055, 6417293.26441 ], [ 516652.74703, 6417254.22124 ], [ 516658.4839, 6417223.20309 ], [ 516668.91719, 6417156.18018 ], [ 516675.59501, 6417118.16087 ], [ 516681.31529, 6417085.14476 ], [ 516634.23022, 6417069.5508 ], [ 516611.18718, 6417061.74967 ], [ 516601.17244, 6417058.83564 ], [ 516597.1599, 6417056.87085 ], [ 516588.14414, 6417053.94854 ], [ 516597.50817, 6417098.82803 ], [ 516595.67603, 6417118.82423 ], [ 516586.24172, 6417185.83885 ], [ 516578.72247, 6417242.84708 ] ] ] ] } },
{ "type": "Feature", "properties": { "COMMUNE": "Lanquais", "COMMUNAUTE": "CC des Bastides Dordogne Périgord", "INSEE_COMM": 24228, "ID_CDECOMM": 21, "SURFACE_UR": 2.62995, "COVISIBILI": "non", "SITUATION_": "clairiere", "SITUATION1": "plateau plaine" }, "geometry": { "type": "MultiPolygon", "coordinates": [ [ [ [ 517242.58313, 6416459.07738 ], [ 517243.54895, 6416455.07317 ], [ 517249.45994, 6416445.03361 ], [ 517259.31713, 6416428.96701 ], [ 517277.0667, 6416400.84631 ], [ 517277.05841, 6416399.84733 ], [ 517291.79444, 6416369.75354 ], [ 517304.59883, 6416347.66818 ], [ 517324.30491, 6416314.536 ], [ 517336.14349, 6416296.45485 ], [ 517357.83925, 6416262.3071 ], [ 517374.42398, 6416214.2151 ], [ 517389.00245, 6416165.1407 ], [ 517382.99194, 6416163.19249 ], [ 517343.93196, 6416151.52814 ], [ 517307.87722, 6416140.83789 ], [ 517286.84875, 6416135.01815 ], [ 517270.27231, 6416184.10913 ], [ 517258.56641, 6416218.17395 ], [ 517271.5947, 6416223.06105 ], [ 517293.64704, 6416231.86944 ], [ 517264.09206, 6416282.0672 ], [ 517213.80714, 6416362.40851 ], [ 517204.77479, 6416357.48824 ], [ 517175.16177, 6416400.69315 ], [ 517242.58313, 6416459.07738 ] ] ] ] } },
{ "type": "Feature", "properties": { "COMMUNE": "Verdon", "COMMUNAUTE": "CC des Bastides Dordogne Périgord", "INSEE_COMM": 24570, "ID_CDECOMM": 21, "SURFACE_UR": 0.72585, "COVISIBILI": "non", "SITUATION_": "non boise", "SITUATION1": "pente" }, "geometry": { "type": "MultiPolygon", "coordinates": [ [ [ [ 512858.10602, 6415059.832 ], [ 512857.97339, 6415043.84833 ], [ 512886.9274, 6415041.60999 ], [ 512883.81439, 6415027.64915 ], [ 512933.59788, 6415007.25511 ], [ 512925.34073, 6414975.35409 ], [ 512918.14888, 6414951.43661 ], [ 512915.15192, 6414951.46148 ], [ 512899.25933, 6414962.58288 ], [ 512869.43068, 6414979.81419 ], [ 512859.48227, 6414984.89198 ], [ 512847.5276, 6414988.98736 ], [ 512835.54806, 6414990.08581 ], [ 512827.56447, 6414991.1511 ], [ 512818.59018, 6414993.22366 ], [ 512813.62841, 6414997.26102 ], [ 512812.65429, 6415000.26625 ], [ 512812.72889, 6415009.25706 ], [ 512812.73718, 6415010.25604 ], [ 512812.10294, 6415054.21941 ], [ 512858.10602, 6415059.832 ] ] ] ] } },
{ "type": "Feature", "properties": { "COMMUNE": "Saint-Capraise-de-Lalinde", "COMMUNAUTE": "CC des Bastides Dordogne Périgord", "INSEE_COMM": 24382, "ID_CDECOMM": 21, "SURFACE_UR": 1.5771, "COVISIBILI": "non", "SITUATION_": "boise", "SITUATION1": "pente" }, "geometry": { "type": "MultiPolygon", "coordinates": [ [ [ [ 513856.15856, 6419393.41975 ], [ 513834.85648, 6419354.63353 ], [ 513803.38214, 6419293.9526 ], [ 513802.35828, 6419290.96394 ], [ 513791.40256, 6419295.05106 ], [ 513790.42016, 6419297.05731 ], [ 513729.66424, 6419319.54061 ], [ 513736.74835, 6419330.47138 ], [ 513753.97157, 6419359.30094 ], [ 513772.23523, 6419393.11713 ], [ 513717.52297, 6419421.54458 ], [ 513711.55391, 6419424.59127 ], [ 513746.13299, 6419498.23411 ], [ 513815.82179, 6419468.68332 ], [ 513816.82907, 6419469.67402 ], [ 513825.74535, 6419460.60856 ], [ 513808.47239, 6419425.78511 ], [ 513856.15856, 6419393.41975 ] ] ] ] } },
{ "type": "Feature", "properties": { "COMMUNE": "Saint-Capraise-de-Lalinde", "COMMUNAUTE": "CC des Bastides Dordogne Périgord", "INSEE_COMM": 24382, "ID_CDECOMM": 21, "SURFACE_UR": 1.90735, "COVISIBILI": "non", "SITUATION_": "non boise", "SITUATION1": "pente" }, "geometry": { "type": "MultiPolygon", "coordinates": [ [ [ [ 513791.40256, 6419295.05106 ], [ 513788.41389, 6419296.07491 ], [ 513778.2582, 6419276.17816 ], [ 513764.00708, 6419244.32679 ], [ 513757.92195, 6419233.38772 ], [ 513744.6864, 6419203.52602 ], [ 513725.3823, 6419164.72322 ], [ 513722.38534, 6419164.74809 ], [ 513606.75967, 6419196.67816 ], [ 513658.71118, 6419317.13224 ], [ 513662.80661, 6419329.08687 ], [ 513667.90933, 6419342.03219 ], [ 513681.85372, 6419336.92122 ], [ 513728.66525, 6419319.5489 ], [ 513729.66424, 6419319.54061 ], [ 513790.42016, 6419297.05731 ], [ 513791.40256, 6419295.05106 ] ] ] ] } },
{ "type": "Feature", "properties": { "COMMUNE": "Saint-Agne", "COMMUNAUTE": "CC des Bastides Dordogne Périgord", "INSEE_COMM": 24361, "ID_CDECOMM": 21, "SURFACE_UR": 1.7284, "COVISIBILI": "oui", "SITUATION_": "non boise", "SITUATION1": "vallee" }, "geometry": { "type": "MultiPolygon", "coordinates": [ [ [ [ 512554.80444, 6418841.75252 ], [ 512551.81576, 6418842.77637 ], [ 512531.45469, 6418796.98897 ], [ 512487.63183, 6418813.3374 ], [ 512428.85731, 6418833.80609 ], [ 512308.33617, 6418877.76527 ], [ 512283.85481, 6418817.02629 ], [ 512254.95876, 6418826.2575 ], [ 512238.02569, 6418832.39231 ], [ 512243.1201, 6418844.33865 ], [ 512261.52464, 6418895.13753 ], [ 512277.8566, 6418936.96216 ], [ 512551.83234, 6418844.77433 ], [ 512554.80444, 6418841.75252 ] ] ] ] } },
{ "type": "Feature", "properties": { "COMMUNE": "Lanquais", "COMMUNAUTE": "CC des Bastides Dordogne Périgord", "INSEE_COMM": 24228, "ID_CDECOMM": 21, "SURFACE_UR": 0.47945, "COVISIBILI": "non", "SITUATION_": "clairiere", "SITUATION1": "plateau plaine" }, "geometry": { "type": "MultiPolygon", "coordinates": [ [ [ [ 517895.60858, 6416055.03619 ], [ 517920.83203, 6416084.79826 ], [ 517932.52133, 6416048.73548 ], [ 517949.05628, 6415994.6496 ], [ 517934.97925, 6415983.77692 ], [ 517920.83587, 6415964.91241 ], [ 517908.68218, 6415945.03233 ], [ 517884.22997, 6416008.17536 ], [ 517896.47488, 6416039.04422 ], [ 517895.60858, 6416055.03619 ] ] ] ] } },
{ "type": "Feature", "properties": { "COMMUNE": "Baneuil", "COMMUNAUTE": "CC des Bastides Dordogne Périgord", "INSEE_COMM": 24023, "ID_CDECOMM": 21, "SURFACE_UR": 0.8017, "COVISIBILI": "non", "SITUATION_": "boise", "SITUATION1": "pente" }, "geometry": { "type": "MultiPolygon", "coordinates": [ [ [ [ 517212.03063, 6419277.65078 ], [ 517218.9655, 6419270.59986 ], [ 517241.80956, 6419254.42542 ], [ 517257.70216, 6419243.30393 ], [ 517218.47625, 6419211.65991 ], [ 517194.27663, 6419184.88642 ], [ 517182.18097, 6419171.99916 ], [ 517166.04789, 6419154.15016 ], [ 517147.30759, 6419183.2782 ], [ 517134.50317, 6419205.3636 ], [ 517115.75457, 6419233.49266 ], [ 517153.83223, 6419247.1633 ], [ 517212.03063, 6419277.65078 ] ] ] ] } },
{ "type": "Feature", "properties": { "COMMUNE": "Saint-Capraise-de-Lalinde", "COMMUNAUTE": "CC des Bastides Dordogne Périgord", "INSEE_COMM": 24382, "ID_CDECOMM": 21, "SURFACE_UR": 1.1172, "COVISIBILI": "non", "SITUATION_": "non boise", "SITUATION1": "ligne de crete" }, "geometry": { "type": "MultiPolygon", "coordinates": [ [ [ [ 513869.07905, 6419626.09148 ], [ 513878.06166, 6419625.01789 ], [ 513908.99715, 6419620.76497 ], [ 513903.95246, 6419614.81252 ], [ 513956.84084, 6419607.38027 ], [ 513953.77755, 6419599.41328 ], [ 513944.4882, 6419563.52452 ], [ 513936.37194, 6419548.6061 ], [ 513930.32826, 6419542.66195 ], [ 513937.31289, 6419541.60494 ], [ 513929.31269, 6419540.67227 ], [ 513873.51855, 6419559.1182 ], [ 513873.52684, 6419560.11718 ], [ 513863.54524, 6419561.19906 ], [ 513851.55738, 6419561.29854 ], [ 513834.56628, 6419560.44049 ], [ 513776.60006, 6419557.92436 ], [ 513779.84573, 6419587.86897 ], [ 513786.15469, 6419625.78056 ], [ 513844.10433, 6419626.29873 ], [ 513869.07905, 6419626.09148 ] ] ] ] } },
{ "type": "Feature", "properties": { "COMMUNE": "Baneuil", "COMMUNAUTE": "CC des Bastides Dordogne Périgord", "INSEE_COMM": 24023, "ID_CDECOMM": 21, "SURFACE_UR": 2.6125, "COVISIBILI": "non", "SITUATION_": "non boise", "SITUATION1": "plateau plaine" }, "geometry": { "type": "MultiPolygon", "coordinates": [ [ [ [ 517764.87652, 6418840.47258 ], [ 517771.86115, 6418839.41555 ], [ 517784.83141, 6418837.30978 ], [ 517798.80066, 6418835.19571 ], [ 517805.78528, 6418834.13868 ], [ 517780.92224, 6418727.44666 ], [ 517739.02278, 6418734.78784 ], [ 517691.78396, 6418580.32715 ], [ 517699.55196, 6418553.28831 ], [ 517759.15125, 6418511.83249 ], [ 517776.05941, 6418502.70068 ], [ 517786.98194, 6418494.61761 ], [ 517796.90548, 6418486.54283 ], [ 517807.81971, 6418477.46077 ], [ 517818.74224, 6418469.3777 ], [ 517761.28577, 6418407.91354 ], [ 517734.0726, 6418379.16699 ], [ 517716.05765, 6418375.32033 ], [ 517688.04452, 6418370.55762 ], [ 517661.06355, 6418369.78255 ], [ 517660.12261, 6418376.78371 ], [ 517658.20756, 6418386.79011 ], [ 517689.25083, 6418395.52387 ], [ 517721.6082, 6418442.21062 ], [ 517677.25081, 6418514.51047 ], [ 517664.83616, 6418583.548 ], [ 517688.89093, 6418713.22488 ], [ 517747.52055, 6418795.65938 ], [ 517764.87652, 6418840.47258 ] ] ] ] } },
{ "type": "Feature", "properties": { "COMMUNE": "Lalinde", "COMMUNAUTE": "CC des Bastides Dordogne Périgord", "INSEE_COMM": 24223, "ID_CDECOMM": 21, "SURFACE_UR": 0.70235, "COVISIBILI": "non", "SITUATION_": "non boise", "SITUATION1": "pente" }, "geometry": { "type": "MultiPolygon", "coordinates": [ [ [ [ 519016.42816, 6418688.22161 ], [ 518985.17763, 6418654.51317 ], [ 518957.93134, 6418621.77056 ], [ 518947.84196, 6418609.86566 ], [ 518943.80456, 6418604.9039 ], [ 518942.87192, 6418612.90404 ], [ 518940.89053, 6418614.91858 ], [ 518939.92472, 6418618.92279 ], [ 518917.44566, 6418679.05231 ], [ 518911.58444, 6418695.08574 ], [ 518947.72208, 6418715.76598 ], [ 518979.8389, 6418733.48244 ], [ 518993.75835, 6418725.37455 ], [ 519001.69218, 6418718.31538 ], [ 519004.66425, 6418715.29357 ], [ 519013.49755, 6418696.23833 ], [ 519016.42816, 6418688.22161 ] ] ] ] } },
{ "type": "Feature", "properties": { "COMMUNE": "Lalinde", "COMMUNAUTE": "CC des Bastides Dordogne Périgord", "INSEE_COMM": 24223, "ID_CDECOMM": 21, "SURFACE_UR": 1.37325, "COVISIBILI": "non", "SITUATION_": "non boise", "SITUATION1": "vallee" }, "geometry": { "type": "MultiPolygon", "coordinates": [ [ [ [ 518430.24104, 6417876.86088 ], [ 518470.10093, 6417864.5416 ], [ 518483.05456, 6417860.43794 ], [ 518478.86788, 6417837.49453 ], [ 518472.64176, 6417809.57279 ], [ 518492.57999, 6417804.41214 ], [ 518491.52295, 6417797.42756 ], [ 518485.30513, 6417770.5048 ], [ 518485.28025, 6417767.50786 ], [ 518482.15889, 6417752.54801 ], [ 518476.97323, 6417729.61289 ], [ 518476.94835, 6417726.61595 ], [ 518472.80313, 6417708.66744 ], [ 518471.77097, 6417704.67981 ], [ 518468.64962, 6417689.71996 ], [ 518467.62575, 6417686.7313 ], [ 518464.63709, 6417687.75515 ], [ 518443.69158, 6417691.92511 ], [ 518436.44989, 6417662.0137 ], [ 518388.58983, 6417673.40029 ], [ 518394.84083, 6417704.31897 ], [ 518402.15716, 6417743.22121 ], [ 518418.79608, 6417822.00809 ], [ 518426.07095, 6417855.91543 ], [ 518430.24104, 6417876.86088 ] ] ] ] } },
{ "type": "Feature", "properties": { "COMMUNE": "Lanquais", "COMMUNAUTE": "CC des Bastides Dordogne Périgord", "INSEE_COMM": 24228, "ID_CDECOMM": 21, "SURFACE_UR": 0.3499, "COVISIBILI": "non", "SITUATION_": "boise", "SITUATION1": "plateau plaine" }, "geometry": { "type": "MultiPolygon", "coordinates": [ [ [ [ 517891.60434, 6416054.07038 ], [ 517893.59402, 6416053.05481 ], [ 517895.60858, 6416055.03619 ], [ 517896.47488, 6416039.04422 ], [ 517884.22997, 6416008.17536 ], [ 517908.68218, 6415945.03233 ], [ 517896.52849, 6415925.15225 ], [ 517885.57281, 6415929.23939 ], [ 517854.71203, 6415942.4832 ], [ 517844.73876, 6415944.56409 ], [ 517891.60434, 6416054.07038 ] ] ] ] } },
{ "type": "Feature", "properties": { "COMMUNE": "Baneuil", "COMMUNAUTE": "CC des Bastides Dordogne Périgord", "INSEE_COMM": 24023, "ID_CDECOMM": 21, "SURFACE_UR": 0.189, "COVISIBILI": "non", "SITUATION_": "non boise", "SITUATION1": "plateau plaine" }, "geometry": { "type": "MultiPolygon", "coordinates": [ [ [ [ 517869.1898, 6418769.6731 ], [ 517869.17321, 6418767.67514 ], [ 517869.01565, 6418748.69449 ], [ 517865.96893, 6418742.72547 ], [ 517858.0019, 6418745.78876 ], [ 517856.98632, 6418743.79909 ], [ 517854.99664, 6418744.81466 ], [ 517850.85142, 6418726.86616 ], [ 517818.97502, 6418738.12033 ], [ 517822.32028, 6418780.05269 ], [ 517869.1898, 6418769.6731 ] ] ] ] } },
{ "type": "Feature", "properties": { "COMMUNE": "Lanquais", "COMMUNAUTE": "CC des Bastides Dordogne Périgord", "INSEE_COMM": 24228, "ID_CDECOMM": 21, "SURFACE_UR": 0.5917, "COVISIBILI": "non", "SITUATION_": "boise", "SITUATION1": "pente" }, "geometry": { "type": "MultiPolygon", "coordinates": [ [ [ [ 516414.34153, 6414650.68155 ], [ 516409.83979, 6414589.77701 ], [ 516408.67496, 6414569.80573 ], [ 516408.59204, 6414559.81594 ], [ 516411.50608, 6414549.80128 ], [ 516418.10926, 6414502.79125 ], [ 516389.13039, 6414502.03272 ], [ 516381.13851, 6414502.09906 ], [ 516377.4162, 6414535.09852 ], [ 516373.64413, 6414562.10411 ], [ 516364.39226, 6414651.09613 ], [ 516414.34153, 6414650.68155 ] ] ] ] } },
{ "type": "Feature", "properties": { "COMMUNE": "Lanquais", "COMMUNAUTE": "CC des Bastides Dordogne Périgord", "INSEE_COMM": 24228, "ID_CDECOMM": 21, "SURFACE_UR": 4.3333, "COVISIBILI": "non", "SITUATION_": "non boise", "SITUATION1": "ligne de crete" }, "geometry": { "type": "MultiPolygon", "coordinates": [ [ [ [ 516539.45915, 6414558.72973 ], [ 516645.42624, 6414566.84161 ], [ 516649.41389, 6414565.80947 ], [ 516737.20023, 6414550.09511 ], [ 516745.19212, 6414550.02877 ], [ 516743.3434, 6414568.02697 ], [ 516742.34442, 6414568.03526 ], [ 516740.52887, 6414590.02938 ], [ 516735.00761, 6414647.02091 ], [ 516769.01458, 6414651.73388 ], [ 516770.72233, 6414616.75304 ], [ 516815.72643, 6414622.37378 ], [ 516828.72983, 6414624.26394 ], [ 516832.3775, 6414582.27367 ], [ 516840.38597, 6414584.20529 ], [ 516841.32691, 6414577.20415 ], [ 516844.26582, 6414570.18642 ], [ 516849.19441, 6414562.15313 ], [ 516850.16852, 6414559.14791 ], [ 516853.09084, 6414550.13222 ], [ 516854.90639, 6414528.13811 ], [ 516855.78099, 6414513.14514 ], [ 516854.67421, 6414500.16671 ], [ 516853.64205, 6414496.17909 ], [ 516851.61091, 6414492.19975 ], [ 516838.56606, 6414485.3147 ], [ 516840.53915, 6414482.30118 ], [ 516851.39532, 6414466.22631 ], [ 516857.23168, 6414447.19597 ], [ 516861.16128, 6414439.17097 ], [ 516810.14669, 6414431.60203 ], [ 516805.34248, 6414454.62 ], [ 516684.32427, 6414438.64068 ], [ 516679.32935, 6414438.68214 ], [ 516663.31241, 6414434.81889 ], [ 516595.33165, 6414429.38887 ], [ 516560.55788, 6414452.65558 ], [ 516538.27774, 6414536.7605 ], [ 516539.45915, 6414558.72973 ] ] ] ] } },
{ "type": "Feature", "properties": { "COMMUNE": "Saint-Agne", "COMMUNAUTE": "CC des Bastides Dordogne Périgord", "INSEE_COMM": 24361, "ID_CDECOMM": 21, "SURFACE_UR": 7.57155, "COVISIBILI": "non", "SITUATION_": "non boise", "SITUATION1": "pente" }, "geometry": { "type": "MultiPolygon", "coordinates": [ [ [ [ 513276.72107, 6417950.6036 ], [ 513277.66203, 6417943.60244 ], [ 513277.64545, 6417941.60448 ], [ 513278.5947, 6417935.6023 ], [ 513279.51908, 6417926.60318 ], [ 513280.4103, 6417913.60813 ], [ 513280.40201, 6417912.60915 ], [ 513280.39372, 6417911.61017 ], [ 513280.38543, 6417910.61119 ], [ 513280.34398, 6417905.61628 ], [ 513282.20103, 6417888.61702 ], [ 513282.18445, 6417886.61906 ], [ 513282.17616, 6417885.62008 ], [ 513282.16787, 6417884.6211 ], [ 513283.14199, 6417881.61586 ], [ 513283.1337, 6417880.61688 ], [ 513286.02289, 6417867.60526 ], [ 513287.94626, 6417858.59785 ], [ 513288.94525, 6417858.58956 ], [ 513287.94626, 6417858.59785 ], [ 513270.88886, 6417849.74794 ], [ 513279.77198, 6417836.68658 ], [ 513288.67168, 6417825.62318 ], [ 513300.49374, 6417805.54408 ], [ 513309.33541, 6417787.48781 ], [ 513320.15847, 6417767.417 ], [ 513327.0602, 6417756.37018 ], [ 513287.0178, 6417746.71195 ], [ 513280.18239, 6417765.75062 ], [ 513181.23289, 6417760.57739 ], [ 513179.51676, 6417794.55933 ], [ 513130.45032, 6417780.97977 ], [ 513140.61849, 6417681.98945 ], [ 513052.71588, 6417683.71789 ], [ 513039.89907, 6417583.91925 ], [ 513014.94096, 6417586.12444 ], [ 512984.97963, 6417587.3721 ], [ 512987.0605, 6417597.34533 ], [ 512991.19737, 6417614.29486 ], [ 512993.32798, 6417630.26198 ], [ 512994.37671, 6417636.24757 ], [ 512998.69595, 6417675.17468 ], [ 512998.7374, 6417680.16959 ], [ 512997.30312, 6417748.11688 ], [ 512996.329, 6417751.12212 ], [ 512994.41392, 6417761.12851 ], [ 512987.81891, 6417809.13763 ], [ 512985.98673, 6417829.13384 ], [ 512977.97825, 6417827.20219 ], [ 512927.99571, 6417823.62072 ], [ 512940.70476, 6417910.43263 ], [ 512942.81879, 6417924.40179 ], [ 512940.30262, 6417982.36757 ], [ 512941.34306, 6417987.35419 ], [ 513012.00592, 6417954.79825 ], [ 513020.64864, 6417912.76643 ], [ 513130.4461, 6417900.86581 ], [ 513134.95601, 6417962.76949 ], [ 513276.72107, 6417950.6036 ] ] ] ] } },
{ "type": "Feature", "properties": { "COMMUNE": "Verdon", "COMMUNAUTE": "CC des Bastides Dordogne Périgord", "INSEE_COMM": 24570, "ID_CDECOMM": 21, "SURFACE_UR": 5.29215, "COVISIBILI": "oui", "SITUATION_": "non boise", "SITUATION1": "ligne de crete" }, "geometry": { "type": "MultiPolygon", "coordinates": [ [ [ [ 512477.90264, 6415232.82483 ], [ 512515.72318, 6415215.5272 ], [ 512519.77715, 6415222.4869 ], [ 512539.69055, 6415214.32929 ], [ 512537.62627, 6415206.35404 ], [ 512539.63253, 6415207.33644 ], [ 512544.62746, 6415207.29499 ], [ 512561.61022, 6415207.15409 ], [ 512572.8809, 6415241.02821 ], [ 512602.85048, 6415240.77954 ], [ 512602.77588, 6415231.78873 ], [ 512639.63888, 6415219.49429 ], [ 512657.58747, 6415215.34917 ], [ 512676.55991, 6415214.1927 ], [ 512683.81808, 6415246.10202 ], [ 512720.68108, 6415233.80758 ], [ 512722.66247, 6415231.79304 ], [ 512724.63558, 6415228.77953 ], [ 512725.59312, 6415223.77634 ], [ 512726.54236, 6415217.77417 ], [ 512726.52579, 6415215.77622 ], [ 512728.51547, 6415214.76066 ], [ 512725.4439, 6415205.79471 ], [ 512764.31317, 6415194.48267 ], [ 512762.21572, 6415182.5115 ], [ 512766.17022, 6415177.48344 ], [ 512768.1599, 6415176.46789 ], [ 512771.15686, 6415176.44302 ], [ 512776.12692, 6415173.40464 ], [ 512783.10324, 6415171.34866 ], [ 512787.08261, 6415169.31754 ], [ 512792.05267, 6415166.27916 ], [ 512797.99684, 6415160.23555 ], [ 512801.91818, 6415151.21158 ], [ 512803.85813, 6415144.20215 ], [ 512805.74004, 6415130.19986 ], [ 512842.70252, 6415129.89317 ], [ 512844.70049, 6415129.87659 ], [ 512859.65212, 6415125.75634 ], [ 512858.10602, 6415059.832 ], [ 512812.10294, 6415054.21941 ], [ 512812.73718, 6415010.25604 ], [ 512805.76086, 6415012.31202 ], [ 512794.79689, 6415015.40014 ], [ 512791.80822, 6415016.42398 ], [ 512771.50521, 6414977.62958 ], [ 512739.67859, 6414994.87747 ], [ 512757.99192, 6415034.68743 ], [ 512753.02186, 6415037.72582 ], [ 512741.04232, 6415038.82426 ], [ 512729.10422, 6415044.91761 ], [ 512728.14668, 6415049.92079 ], [ 512722.16935, 6415051.96848 ], [ 512703.88918, 6415016.15443 ], [ 512654.22174, 6415050.53417 ], [ 512626.54855, 6415086.72951 ], [ 512647.69305, 6415106.53503 ], [ 512672.56822, 6415094.34005 ], [ 512681.74975, 6415117.24198 ], [ 512676.11228, 6415160.24782 ], [ 512641.18093, 6415164.53385 ], [ 512649.43808, 6415196.43487 ], [ 512619.54311, 6415205.67435 ], [ 512588.34244, 6415177.95989 ], [ 512573.13384, 6415151.11178 ], [ 512461.5044, 6415183.00848 ], [ 512319.25453, 6415257.11925 ], [ 512303.38681, 6415271.23758 ], [ 512268.91965, 6415331.46645 ], [ 512286.17596, 6415364.29186 ], [ 512287.17494, 6415364.28358 ], [ 512315.93831, 6415339.06872 ], [ 512328.84223, 6415328.97117 ], [ 512352.64382, 6415307.79368 ], [ 512375.47958, 6415290.62039 ], [ 512396.31737, 6415273.46368 ], [ 512411.23584, 6415265.34751 ], [ 512430.13368, 6415255.20023 ], [ 512457.98923, 6415240.98244 ], [ 512477.90264, 6415232.82483 ] ] ] ] } },
{ "type": "Feature", "properties": { "COMMUNE": "Lanquais", "COMMUNAUTE": "CC des Bastides Dordogne Périgord", "INSEE_COMM": 24228, "ID_CDECOMM": 21, "SURFACE_UR": 1.38655, "COVISIBILI": "oui", "SITUATION_": "non boise", "SITUATION1": "pente" }, "geometry": { "type": "MultiPolygon", "coordinates": [ [ [ [ 516171.0103, 6416508.93283 ], [ 516173.64674, 6416585.83772 ], [ 516225.71014, 6416599.39228 ], [ 516228.73197, 6416602.36435 ], [ 516231.75381, 6416605.33641 ], [ 516237.78919, 6416610.28156 ], [ 516245.81425, 6416614.21115 ], [ 516249.83508, 6416617.17492 ], [ 516240.91053, 6416625.24139 ], [ 516226.04181, 6416639.35149 ], [ 516222.07074, 6416642.38159 ], [ 516214.1203, 6416647.44283 ], [ 516220.20543, 6416658.38186 ], [ 516279.46075, 6416695.8539 ], [ 516325.06589, 6416653.51532 ], [ 516346.54609, 6416593.39409 ], [ 516288.42243, 6416571.89744 ], [ 516276.84089, 6416620.94697 ], [ 516260.79906, 6416614.08678 ], [ 516252.77399, 6416610.15719 ], [ 516243.74165, 6416605.23691 ], [ 516236.71558, 6416601.29903 ], [ 516230.67191, 6416595.3549 ], [ 516224.60336, 6416586.41383 ], [ 516221.56494, 6416581.4438 ], [ 516218.49335, 6416572.47786 ], [ 516213.39892, 6416560.53155 ], [ 516210.35221, 6416554.56255 ], [ 516203.27638, 6416544.63079 ], [ 516189.14132, 6416526.76523 ], [ 516184.07176, 6416517.81586 ], [ 516178.92757, 6416499.87568 ], [ 516178.85295, 6416490.88486 ], [ 516178.8032, 6416484.89098 ], [ 516186.80338, 6416485.82362 ], [ 516190.71641, 6416475.80066 ], [ 516187.71116, 6416474.82655 ], [ 516191.6159, 6416463.8046 ], [ 516192.61488, 6416463.79631 ], [ 516194.5714, 6416458.78483 ], [ 516192.57343, 6416458.80141 ], [ 516195.51234, 6416451.78368 ], [ 516188.49456, 6416448.84478 ], [ 516187.51216, 6416450.85103 ], [ 516183.49963, 6416448.88624 ], [ 516176.47355, 6416444.94836 ], [ 516173.4683, 6416443.97425 ], [ 516172.47761, 6416444.98152 ], [ 516171.53666, 6416451.98267 ], [ 516168.68066, 6416468.99021 ], [ 516165.79149, 6416482.00183 ], [ 516153.69586, 6416469.11458 ], [ 516144.5806, 6416454.20451 ], [ 516140.51832, 6416446.24583 ], [ 516136.43117, 6416435.29022 ], [ 516131.34502, 6416424.34289 ], [ 516121.24737, 6416411.43907 ], [ 516109.66582, 6416460.48859 ], [ 516128.70461, 6416467.32391 ], [ 516156.78403, 6416480.07849 ], [ 516171.0103, 6416508.93283 ] ] ] ] } },
{ "type": "Feature", "properties": { "COMMUNE": "Lanquais", "COMMUNAUTE": "CC des Bastides Dordogne Périgord", "INSEE_COMM": 24228, "ID_CDECOMM": 21, "SURFACE_UR": 2.0865, "COVISIBILI": "oui", "SITUATION_": "non boise", "SITUATION1": "pente" }, "geometry": { "type": "MultiPolygon", "coordinates": [ [ [ [ 515787.68958, 6416547.08104 ], [ 515801.31887, 6416504.00882 ], [ 515736.35985, 6416501.55081 ], [ 515733.68626, 6416540.53591 ], [ 515667.80288, 6416547.07701 ], [ 515663.40065, 6416498.16014 ], [ 515688.32557, 6416491.95898 ], [ 515686.77106, 6416425.03561 ], [ 515647.794, 6416423.361 ], [ 515652.35376, 6416491.25849 ], [ 515628.40295, 6416494.45441 ], [ 515631.61549, 6416520.40303 ], [ 515633.7627, 6416538.36809 ], [ 515654.87409, 6416554.17765 ], [ 515666.42676, 6416622.0171 ], [ 515621.54697, 6416631.38103 ], [ 515633.09135, 6416698.2215 ], [ 515695.96119, 6416689.70732 ], [ 515718.92131, 6416687.51866 ], [ 515742.87212, 6416684.32273 ], [ 515741.77363, 6416672.34326 ], [ 515740.76636, 6416671.35257 ], [ 515730.32875, 6416617.49055 ], [ 515745.78189, 6416553.42315 ], [ 515787.68958, 6416547.08104 ] ] ] ] } },
{ "type": "Feature", "properties": { "COMMUNE": "Saint-Capraise-de-Lalinde", "COMMUNAUTE": "CC des Bastides Dordogne Périgord", "INSEE_COMM": 24382, "ID_CDECOMM": 21, "SURFACE_UR": 1.42135, "COVISIBILI": "non", "SITUATION_": "non boise", "SITUATION1": "vallee" }, "geometry": { "type": "MultiPolygon", "coordinates": [ [ [ [ 516174.01387, 6418315.1896 ], [ 516172.9983, 6418313.19993 ], [ 516149.14696, 6418328.38365 ], [ 516127.24385, 6418337.5569 ], [ 516114.31505, 6418344.65756 ], [ 516085.45219, 6418357.88477 ], [ 516052.60996, 6418373.14312 ], [ 516015.78837, 6418390.43259 ], [ 515970.99974, 6418410.78534 ], [ 515986.32451, 6418451.61921 ], [ 516023.22903, 6418444.31955 ], [ 516059.12626, 6418436.02921 ], [ 516092.03483, 6418428.76271 ], [ 516119.96503, 6418423.53564 ], [ 516133.93428, 6418421.42159 ], [ 516158.85923, 6418415.22041 ], [ 516177.81513, 6418412.06593 ], [ 516178.7312, 6418402.06782 ], [ 516179.58923, 6418385.07684 ], [ 516179.5146, 6418376.08601 ], [ 516178.44099, 6418367.10347 ], [ 516176.21914, 6418340.14755 ], [ 516173.03147, 6418317.19585 ], [ 516174.01387, 6418315.1896 ] ] ] ] } },
{ "type": "Feature", "properties": { "COMMUNE": "Saint-Capraise-de-Lalinde", "COMMUNAUTE": "CC des Bastides Dordogne Périgord", "INSEE_COMM": 24382, "ID_CDECOMM": 21, "SURFACE_UR": 2.60635, "COVISIBILI": "non", "SITUATION_": "non boise", "SITUATION1": "pente" }, "geometry": { "type": "MultiPolygon", "coordinates": [ [ [ [ 513937.31289, 6419541.60494 ], [ 513970.22978, 6419535.33747 ], [ 514017.10764, 6419525.95699 ], [ 514047.04414, 6419521.71236 ], [ 514058.02472, 6419520.62218 ], [ 514055.98529, 6419515.64385 ], [ 514039.68644, 6419477.81516 ], [ 514027.44158, 6419446.94619 ], [ 514015.2133, 6419418.07518 ], [ 514079.93201, 6419391.56278 ], [ 514053.5355, 6419340.83022 ], [ 513966.90536, 6419375.51686 ], [ 513968.9365, 6419379.49621 ], [ 513998.28852, 6419425.20899 ], [ 513939.514, 6419445.67775 ], [ 513962.78919, 6419481.45045 ], [ 513941.83529, 6419484.62148 ], [ 513908.91012, 6419489.88997 ], [ 513856.15856, 6419393.41975 ], [ 513808.47239, 6419425.78511 ], [ 513825.74535, 6419460.60856 ], [ 513816.82907, 6419469.67402 ], [ 513844.1914, 6419516.40236 ], [ 513864.44475, 6419549.20298 ], [ 513873.51855, 6419559.1182 ], [ 513929.31269, 6419540.67227 ], [ 513937.31289, 6419541.60494 ] ] ] ] } },
{ "type": "Feature", "properties": { "COMMUNE": "Saint-Capraise-de-Lalinde", "COMMUNAUTE": "CC des Bastides Dordogne Périgord", "INSEE_COMM": 24382, "ID_CDECOMM": 21, "SURFACE_UR": 1.8593, "COVISIBILI": "non", "SITUATION_": "clairiere", "SITUATION1": "pente" }, "geometry": { "type": "MultiPolygon", "coordinates": [ [ [ [ 514552.48666, 6418910.09482 ], [ 514605.49936, 6418917.64728 ], [ 514602.80086, 6418953.6355 ], [ 514579.81584, 6418952.8272 ], [ 514577.95051, 6418968.82749 ], [ 514589.04716, 6418981.72306 ], [ 514588.46271, 6419031.68046 ], [ 514579.49669, 6419034.75202 ], [ 514594.77168, 6419069.59203 ], [ 514618.86348, 6419083.37881 ], [ 514643.16254, 6419122.14014 ], [ 514677.02865, 6419109.87048 ], [ 514675.00581, 6419106.89011 ], [ 514665.89055, 6419091.97999 ], [ 514657.78257, 6419078.06057 ], [ 514647.61858, 6419057.16485 ], [ 514643.54801, 6419048.20717 ], [ 514639.45257, 6419036.25255 ], [ 514638.38726, 6419028.26898 ], [ 514636.24005, 6419010.30389 ], [ 514636.06594, 6418989.32527 ], [ 514636.00791, 6418982.33239 ], [ 514641.62876, 6418937.32846 ], [ 514643.62673, 6418937.31188 ], [ 514645.33453, 6418902.33092 ], [ 514646.20087, 6418886.33892 ], [ 514643.20391, 6418886.36379 ], [ 514637.17681, 6418882.41761 ], [ 514613.12648, 6418873.62574 ], [ 514613.04357, 6418863.63593 ], [ 514604.04439, 6418862.71156 ], [ 514574.08303, 6418863.95926 ], [ 514548.18395, 6418873.16565 ], [ 514478.44545, 6418896.72256 ], [ 514477.47963, 6418900.72678 ], [ 514488.75038, 6418934.60097 ], [ 514496.93297, 6418957.51124 ], [ 514497.98999, 6418964.49582 ], [ 514497.01588, 6418967.50106 ], [ 514516.92932, 6418959.34339 ], [ 514518.92729, 6418959.32681 ], [ 514542.81182, 6418948.13904 ], [ 514552.48666, 6418910.09482 ] ] ] ] } },
{ "type": "Feature", "properties": { "COMMUNE": "Lalinde", "COMMUNAUTE": "CC des Bastides Dordogne Périgord", "INSEE_COMM": 24223, "ID_CDECOMM": 21, "SURFACE_UR": 4.4868, "COVISIBILI": "non", "SITUATION_": "non boise", "SITUATION1": "vallee" }, "geometry": { "type": "MultiPolygon", "coordinates": [ [ [ [ 518554.33911, 6417902.8057 ], [ 518561.58081, 6417932.71711 ], [ 518561.5891, 6417933.71609 ], [ 518562.60467, 6417935.70577 ], [ 518558.66678, 6417942.73179 ], [ 518559.75699, 6417953.71229 ], [ 518560.86379, 6417966.69075 ], [ 518563.90221, 6417971.6608 ], [ 518611.76227, 6417960.2742 ], [ 518625.73148, 6417958.16021 ], [ 518688.61778, 6417951.64419 ], [ 518684.4228, 6417927.7018 ], [ 518703.39523, 6417926.54535 ], [ 518710.38812, 6417926.48734 ], [ 518735.35446, 6417925.28116 ], [ 518770.2443, 6417916.00026 ], [ 518774.23195, 6417914.96813 ], [ 518813.14261, 6417908.65102 ], [ 518839.08304, 6417904.43961 ], [ 518838.00942, 6417895.45707 ], [ 518951.81908, 6417885.52142 ], [ 518959.81096, 6417885.45512 ], [ 518984.81047, 6417888.24486 ], [ 519033.72757, 6417883.84282 ], [ 519046.72267, 6417884.73406 ], [ 519070.69831, 6417884.53515 ], [ 519095.73099, 6417891.32081 ], [ 519096.72998, 6417891.31252 ], [ 519111.73963, 6417894.18515 ], [ 519138.69564, 6417891.96341 ], [ 519147.68651, 6417891.88881 ], [ 519154.6877, 6417892.82978 ], [ 519157.13728, 6417826.87217 ], [ 519167.06079, 6417818.79745 ], [ 519111.05957, 6417812.26871 ], [ 519057.06461, 6417806.72238 ], [ 519020.09387, 6417806.03006 ], [ 518983.13972, 6417807.3357 ], [ 518933.20705, 6417809.74806 ], [ 518893.29741, 6417816.07346 ], [ 518843.43109, 6417826.47766 ], [ 518708.85007, 6417861.56187 ], [ 518600.19291, 6417890.4367 ], [ 518600.19291, 6417890.4367 ], [ 518554.33911, 6417902.8057 ] ] ] ] } },
{ "type": "Feature", "properties": { "COMMUNE": "Lalinde", "COMMUNAUTE": "CC des Bastides Dordogne Périgord", "INSEE_COMM": 24223, "ID_CDECOMM": 21, "SURFACE_UR": 4.40155, "COVISIBILI": "non", "SITUATION_": "non boise", "SITUATION1": "vallee" }, "geometry": { "type": "MultiPolygon", "coordinates": [ [ [ [ 518703.09523, 6417409.04017 ], [ 518696.11063, 6417410.09717 ], [ 518689.11774, 6417410.15518 ], [ 518680.12687, 6417410.22977 ], [ 518674.13296, 6417410.2795 ], [ 518671.16089, 6417413.3013 ], [ 518666.15767, 6417412.34376 ], [ 518658.1575, 6417411.41108 ], [ 518642.18203, 6417412.54267 ], [ 518639.18508, 6417412.56753 ], [ 518615.23432, 6417415.76338 ], [ 518611.23838, 6417415.79653 ], [ 518604.25378, 6417416.85352 ], [ 518584.30725, 6417421.0152 ], [ 518561.38036, 6417427.1997 ], [ 518536.4555, 6417433.40077 ], [ 518507.54299, 6417440.63398 ], [ 518436.8058, 6417464.19895 ], [ 518403.98029, 6417481.45511 ], [ 518403.98029, 6417481.45511 ], [ 518436.03523, 6417612.06466 ], [ 518507.82945, 6417595.48427 ], [ 518626.53451, 6417573.51944 ], [ 518637.48188, 6417568.43337 ], [ 518652.38372, 6417558.31925 ], [ 518685.2507, 6417546.05798 ], [ 518715.17878, 6417540.81445 ], [ 518714.08028, 6417528.83497 ], [ 518714.03881, 6417523.84006 ], [ 518711.8418, 6417499.8811 ], [ 518711.79204, 6417493.88722 ], [ 518711.75058, 6417488.89232 ], [ 518710.71842, 6417484.90468 ], [ 518709.61162, 6417471.92622 ], [ 518708.48823, 6417456.9498 ], [ 518707.38973, 6417444.97032 ], [ 518706.29952, 6417433.98982 ], [ 518706.27464, 6417430.99288 ], [ 518705.24248, 6417427.00525 ], [ 518704.15227, 6417416.02475 ], [ 518703.09523, 6417409.04017 ] ] ] ] } },
{ "type": "Feature", "properties": { "COMMUNE": "Lanquais", "COMMUNAUTE": "CC des Bastides Dordogne Périgord", "INSEE_COMM": 24228, "ID_CDECOMM": 21, "SURFACE_UR": 2.00385, "COVISIBILI": "non", "SITUATION_": "clairiere", "SITUATION1": "pente" }, "geometry": { "type": "MultiPolygon", "coordinates": [ [ [ [ 516413.51234, 6414550.78368 ], [ 516462.48751, 6414553.37432 ], [ 516509.473, 6414556.98053 ], [ 516539.45915, 6414558.72973 ], [ 516538.27774, 6414536.7605 ], [ 516560.55788, 6414452.65558 ], [ 516595.33165, 6414429.38887 ], [ 516595.32336, 6414428.38989 ], [ 516599.20321, 6414414.37102 ], [ 516583.21115, 6414413.50471 ], [ 516581.20489, 6414412.52231 ], [ 516580.07323, 6414396.54695 ], [ 516467.07179, 6414383.49821 ], [ 516464.37335, 6414419.48632 ], [ 516462.49975, 6414434.48758 ], [ 516456.66339, 6414453.51792 ], [ 516456.69656, 6414457.51383 ], [ 516458.72769, 6414461.49317 ], [ 516452.72549, 6414460.54394 ], [ 516438.83091, 6414471.64878 ], [ 516430.93023, 6414482.70388 ], [ 516424.01196, 6414491.75273 ], [ 516420.06577, 6414497.77977 ], [ 516419.10825, 6414502.78295 ], [ 516418.10926, 6414502.79125 ], [ 516411.50608, 6414549.80128 ], [ 516413.51234, 6414550.78368 ] ] ] ] } },
{ "type": "Feature", "properties": { "COMMUNE": "Lalinde", "COMMUNAUTE": "CC des Bastides Dordogne Périgord", "INSEE_COMM": 24223, "ID_CDECOMM": 21, "SURFACE_UR": 1.3296, "COVISIBILI": "non", "SITUATION_": "non boise", "SITUATION1": "vallee" }, "geometry": { "type": "MultiPolygon", "coordinates": [ [ [ [ 518355.52449, 6417902.45697 ], [ 518358.61267, 6417913.42089 ], [ 518373.54769, 6417907.3027 ], [ 518380.73962, 6417931.22023 ], [ 518380.74791, 6417932.21921 ], [ 518380.74791, 6417932.21921 ], [ 518380.7645, 6417934.21717 ], [ 518382.80393, 6417939.1955 ], [ 518383.86097, 6417946.18008 ], [ 518385.88382, 6417949.16045 ], [ 518552.34944, 6417903.82126 ], [ 518554.33911, 6417902.8057 ], [ 518600.19291, 6417890.4367 ], [ 518600.19291, 6417890.4367 ], [ 518598.14518, 6417884.45939 ], [ 518588.83917, 6417846.5727 ], [ 518585.7344, 6417833.61081 ], [ 518576.76012, 6417835.68336 ], [ 518564.79718, 6417838.77976 ], [ 518542.86927, 6417844.95597 ], [ 518542.86927, 6417844.95597 ], [ 518538.88162, 6417845.9881 ], [ 518537.88264, 6417845.99639 ], [ 518530.90633, 6417848.05237 ], [ 518524.92071, 6417849.10107 ], [ 518524.929, 6417850.10005 ], [ 518516.95371, 6417852.16432 ], [ 518502.9928, 6417855.27729 ], [ 518502.9928, 6417855.27729 ], [ 518500.99483, 6417855.29386 ], [ 518487.04221, 6417859.40581 ], [ 518483.05456, 6417860.43794 ], [ 518470.10093, 6417864.5416 ], [ 518430.24104, 6417876.86088 ], [ 518413.29976, 6417881.99667 ], [ 518382.40586, 6417891.24441 ], [ 518355.52449, 6417902.45697 ] ] ] ] } },
{ "type": "Feature", "properties": { "COMMUNE": "Lalinde", "COMMUNAUTE": "CC des Bastides Dordogne Périgord", "INSEE_COMM": 24223, "ID_CDECOMM": 21, "SURFACE_UR": 2.6405, "COVISIBILI": "non", "SITUATION_": "non boise", "SITUATION1": "vallee" }, "geometry": { "type": "MultiPolygon", "coordinates": [ [ [ [ 518380.73962, 6417931.22023 ], [ 518366.787, 6417935.33218 ], [ 518335.88481, 6417943.58094 ], [ 518335.88481, 6417943.58094 ], [ 518323.92186, 6417946.67733 ], [ 518305.99818, 6417953.81937 ], [ 518291.06316, 6417959.93757 ], [ 518291.06316, 6417959.93757 ], [ 518268.16944, 6417970.11799 ], [ 518212.39201, 6417990.56198 ], [ 518203.40941, 6417991.6356 ], [ 518203.40941, 6417991.6356 ], [ 518181.44827, 6417993.81601 ], [ 518181.44827, 6417993.81601 ], [ 518177.61818, 6418013.8288 ], [ 518177.61818, 6418013.8288 ], [ 518175.70313, 6418023.8352 ], [ 518175.72801, 6418026.83214 ], [ 518163.97236, 6418054.90313 ], [ 518158.07795, 6418066.94067 ], [ 518158.07795, 6418066.94067 ], [ 518156.12144, 6418071.95216 ], [ 518156.12144, 6418071.95216 ], [ 518155.14733, 6418074.9574 ], [ 518153.18253, 6418078.96991 ], [ 518160.15885, 6418076.91389 ], [ 518169.12487, 6418073.84231 ], [ 518171.11455, 6418072.82674 ], [ 518171.11455, 6418072.82674 ], [ 518175.09391, 6418070.79561 ], [ 518180.07227, 6418068.75618 ], [ 518180.07227, 6418068.75618 ], [ 518182.07024, 6418068.73959 ], [ 518190.03727, 6418065.67631 ], [ 518195.01562, 6418063.63688 ], [ 518203.97334, 6418059.56631 ], [ 518205.97131, 6418059.54973 ], [ 518205.97131, 6418059.54973 ], [ 518206.96201, 6418058.54245 ], [ 518210.94137, 6418056.51132 ], [ 518219.90738, 6418053.43974 ], [ 518229.87238, 6418050.35986 ], [ 518229.87238, 6418050.35986 ], [ 518235.84972, 6418048.31214 ], [ 518254.77244, 6418041.1617 ], [ 518280.67973, 6418032.95434 ], [ 518310.55806, 6418021.71693 ], [ 518315.54469, 6418020.67651 ], [ 518332.46939, 6418013.54275 ], [ 518353.39002, 6418006.37585 ], [ 518357.37767, 6418005.34372 ], [ 518369.34061, 6418002.24733 ], [ 518373.32826, 6418001.21519 ], [ 518377.31591, 6418000.18306 ], [ 518377.34079, 6418003.18001 ], [ 518398.2863, 6417999.01004 ], [ 518399.31846, 6418002.99768 ], [ 518414.27836, 6417999.87642 ], [ 518420.26398, 6417998.82772 ], [ 518473.25165, 6418003.38338 ], [ 518478.24658, 6418003.34194 ], [ 518499.21698, 6418002.16892 ], [ 518502.19734, 6418000.1461 ], [ 518517.07431, 6417987.03503 ], [ 518542.87377, 6417965.84095 ], [ 518551.76511, 6417953.77859 ], [ 518552.74751, 6417951.77234 ], [ 518558.66678, 6417942.73179 ], [ 518562.60467, 6417935.70577 ], [ 518561.5891, 6417933.71609 ], [ 518561.58081, 6417932.71711 ], [ 518554.33911, 6417902.8057 ], [ 518552.34944, 6417903.82126 ], [ 518385.88382, 6417949.16045 ], [ 518383.86097, 6417946.18008 ], [ 518382.80393, 6417939.1955 ], [ 518380.7645, 6417934.21717 ], [ 518380.74791, 6417932.21921 ], [ 518380.74791, 6417932.21921 ], [ 518380.73962, 6417931.22023 ] ] ] ] } },
{ "type": "Feature", "properties": { "COMMUNE": "Lanquais", "COMMUNAUTE": "CC des Bastides Dordogne Périgord", "INSEE_COMM": 24228, "ID_CDECOMM": 21, "SURFACE_UR": 1.8238, "COVISIBILI": "oui", "SITUATION_": "non boise", "SITUATION1": "pente" }, "geometry": { "type": "MultiPolygon", "coordinates": [ [ [ [ 515822.02797, 6416350.98246 ], [ 515831.71106, 6416313.93728 ], [ 515834.3349, 6416268.95831 ], [ 515865.19569, 6416255.71454 ], [ 515857.43997, 6416163.86643 ], [ 515828.45277, 6416162.10892 ], [ 515827.59474, 6416179.09986 ], [ 515825.58848, 6416178.11747 ], [ 515829.64247, 6416185.07716 ], [ 515796.33195, 6416264.27848 ], [ 515770.20905, 6416246.51241 ], [ 515737.87666, 6416202.82262 ], [ 515716.79015, 6416190.00999 ], [ 515714.88338, 6416201.01535 ], [ 515713.92585, 6416206.01854 ], [ 515712.01079, 6416216.02493 ], [ 515710.12061, 6416229.02825 ], [ 515707.25631, 6416245.0368 ], [ 515705.31638, 6416252.04624 ], [ 515702.37746, 6416259.06397 ], [ 515698.47272, 6416270.08592 ], [ 515693.54412, 6416278.11921 ], [ 515686.63412, 6416288.16705 ], [ 515711.64196, 6416291.95569 ], [ 515704.02318, 6416336.97612 ], [ 515822.02797, 6416350.98246 ] ] ] ] } },
{ "type": "Feature", "properties": { "COMMUNE": "Saint-Capraise-de-Lalinde", "COMMUNAUTE": "CC des Bastides Dordogne Périgord", "INSEE_COMM": 24382, "ID_CDECOMM": 21, "SURFACE_UR": 0.72705, "COVISIBILI": "non", "SITUATION_": "clairiere", "SITUATION1": "pente" }, "geometry": { "type": "MultiPolygon", "coordinates": [ [ [ [ 515744.9262, 6418737.35312 ], [ 515787.91585, 6418740.99252 ], [ 515793.9927, 6418750.93259 ], [ 515794.10049, 6418763.91935 ], [ 515798.11302, 6418765.88415 ], [ 515810.14234, 6418770.77956 ], [ 515810.12576, 6418768.7816 ], [ 515810.05942, 6418760.78975 ], [ 515810.98379, 6418751.79062 ], [ 515811.92474, 6418744.78945 ], [ 515812.92373, 6418744.78116 ], [ 515812.85739, 6418736.78931 ], [ 515811.85841, 6418736.7976 ], [ 515810.53605, 6418697.8456 ], [ 515781.56539, 6418698.08605 ], [ 515781.4659, 6418686.09827 ], [ 515781.40786, 6418679.1054 ], [ 515779.25234, 6418660.14133 ], [ 515751.28896, 6418661.37247 ], [ 515748.23396, 6418654.40447 ], [ 515744.26288, 6418657.43458 ], [ 515729.28635, 6418658.55793 ], [ 515711.28798, 6418656.70921 ], [ 515697.30215, 6418656.82529 ], [ 515691.29993, 6418655.87606 ], [ 515682.31732, 6418656.94966 ], [ 515694.69488, 6418703.80231 ], [ 515727.59516, 6418695.53684 ], [ 515729.63459, 6418700.51517 ], [ 515731.72377, 6418711.48738 ], [ 515739.70739, 6418710.42207 ], [ 515743.836, 6418726.37261 ], [ 515744.9262, 6418737.35312 ] ] ] ] } },
{ "type": "Feature", "properties": { "COMMUNE": "Lanquais", "COMMUNAUTE": "CC des Bastides Dordogne Périgord", "INSEE_COMM": 24228, "ID_CDECOMM": 21, "SURFACE_UR": 1.8485, "COVISIBILI": "non", "SITUATION_": "non boise", "SITUATION1": "plateau plaine" }, "geometry": { "type": "MultiPolygon", "coordinates": [ [ [ [ 513799.44875, 6417254.92348 ], [ 513809.18163, 6417223.87217 ], [ 513813.19416, 6417225.83697 ], [ 513862.32692, 6417247.40835 ], [ 513876.03087, 6417213.32694 ], [ 513890.73381, 6417179.23725 ], [ 513943.88739, 6417203.7724 ], [ 513959.59761, 6417170.6734 ], [ 513924.5087, 6417155.97884 ], [ 513925.4994, 6417154.97157 ], [ 513869.34057, 6417129.4623 ], [ 513854.57131, 6417155.56015 ], [ 513799.46121, 6417136.03648 ], [ 513787.64746, 6417157.11455 ], [ 513723.6128, 6417145.65733 ], [ 513723.62109, 6417146.65631 ], [ 513697.28677, 6417223.80165 ], [ 513727.331, 6417232.54378 ], [ 513799.44875, 6417254.92348 ] ] ] ] } },
{ "type": "Feature", "properties": { "COMMUNE": "Saint-Capraise-de-Lalinde", "COMMUNAUTE": "CC des Bastides Dordogne Périgord", "INSEE_COMM": 24382, "ID_CDECOMM": 21, "SURFACE_UR": 1.3656, "COVISIBILI": "non", "SITUATION_": "boise", "SITUATION1": "pente" }, "geometry": { "type": "MultiPolygon", "coordinates": [ [ [ [ 515381.09609, 6419438.70935 ], [ 515415.06999, 6419439.42643 ], [ 515415.92803, 6419422.43544 ], [ 515426.90862, 6419421.34525 ], [ 515471.80507, 6419413.97928 ], [ 515464.2898, 6419351.10143 ], [ 515463.19961, 6419340.12092 ], [ 515458.11346, 6419329.17357 ], [ 515461.05239, 6419322.15582 ], [ 515461.98505, 6419314.15567 ], [ 515461.90213, 6419304.16585 ], [ 515459.80466, 6419292.19464 ], [ 515454.7351, 6419283.24526 ], [ 515444.5711, 6419262.34954 ], [ 515438.49425, 6419252.40947 ], [ 515435.46412, 6419248.43841 ], [ 515431.41842, 6419242.47768 ], [ 515433.39153, 6419239.46415 ], [ 515400.60731, 6419261.71537 ], [ 515401.11307, 6419322.65329 ], [ 515362.30176, 6419340.95832 ], [ 515381.09609, 6419438.70935 ] ] ] ] } },
{ "type": "Feature", "properties": { "COMMUNE": "Lanquais", "COMMUNAUTE": "CC des Bastides Dordogne Périgord", "INSEE_COMM": 24228, "ID_CDECOMM": 21, "SURFACE_UR": 1.54135, "COVISIBILI": "non", "SITUATION_": "non boise", "SITUATION1": "plateau plaine" }, "geometry": { "type": "MultiPolygon", "coordinates": [ [ [ [ 513886.95757, 6417085.35793 ], [ 513932.09024, 6416986.07752 ], [ 513948.80773, 6416953.96921 ], [ 513910.56436, 6416920.31889 ], [ 513896.50393, 6416911.44412 ], [ 513883.63316, 6416925.53762 ], [ 513881.66005, 6416928.55114 ], [ 513877.63095, 6416924.58838 ], [ 513867.54159, 6416912.68351 ], [ 513865.5602, 6416914.69805 ], [ 513855.54546, 6416911.78401 ], [ 513827.83911, 6416943.9835 ], [ 513813.78697, 6416936.10771 ], [ 513794.03106, 6416963.24598 ], [ 513786.13865, 6416975.30007 ], [ 513777.32186, 6416996.35327 ], [ 513865.49801, 6417027.59114 ], [ 513851.87696, 6417071.66235 ], [ 513886.95757, 6417085.35793 ] ] ] ] } },
{ "type": "Feature", "properties": { "COMMUNE": "Saint-Agne", "COMMUNAUTE": "CC des Bastides Dordogne Périgord", "INSEE_COMM": 24361, "ID_CDECOMM": 21, "SURFACE_UR": 4.3662, "COVISIBILI": "non", "SITUATION_": "non boise", "SITUATION1": "vallee" }, "geometry": { "type": "MultiPolygon", "coordinates": [ [ [ [ 511420.41318, 6419267.76879 ], [ 511451.20341, 6419366.41941 ], [ 511574.69671, 6419319.43848 ], [ 511580.67406, 6419317.39078 ], [ 511601.5948, 6419310.22385 ], [ 511653.40958, 6419293.80914 ], [ 511670.34266, 6419287.67434 ], [ 511746.05856, 6419262.06987 ], [ 511808.82077, 6419240.56907 ], [ 511762.94623, 6419130.05501 ], [ 511724.08515, 6419142.36604 ], [ 511705.1541, 6419148.51741 ], [ 511701.16644, 6419149.54955 ], [ 511679.24671, 6419156.72477 ], [ 511616.47622, 6419177.22658 ], [ 511552.74817, 6419202.73159 ], [ 511547.76981, 6419204.771 ], [ 511511.94713, 6419222.05207 ], [ 511476.13274, 6419240.33213 ], [ 511431.35232, 6419261.68373 ], [ 511420.41318, 6419267.76879 ] ] ] ] } },
{ "type": "Feature", "properties": { "COMMUNE": "Saint-Agne", "COMMUNAUTE": "CC des Bastides Dordogne Périgord", "INSEE_COMM": 24361, "ID_CDECOMM": 21, "SURFACE_UR": 3.58625, "COVISIBILI": "oui", "SITUATION_": "non boise", "SITUATION1": "vallee" }, "geometry": { "type": "MultiPolygon", "coordinates": [ [ [ [ 511640.33782, 6417959.18586 ], [ 511636.78551, 6417892.27897 ], [ 511643.52976, 6417862.25151 ], [ 511642.45618, 6417853.26897 ], [ 511654.72189, 6417766.24985 ], [ 511657.60281, 6417752.23924 ], [ 511662.53973, 6417745.20493 ], [ 511665.50354, 6417741.18414 ], [ 511687.16629, 6417703.04051 ], [ 511622.13263, 6417691.59148 ], [ 511617.38636, 6417721.60235 ], [ 511614.50544, 6417735.61296 ], [ 511597.49779, 6417732.75691 ], [ 511570.47539, 6417726.98681 ], [ 511563.4659, 6417725.04686 ], [ 511571.10967, 6417683.02334 ], [ 511564.10018, 6417681.0834 ], [ 511539.07577, 6417675.29671 ], [ 511511.0461, 6417668.53591 ], [ 511506.4573, 6417717.52744 ], [ 511501.89338, 6417769.5159 ], [ 511501.96797, 6417778.50674 ], [ 511479.89079, 6417766.7013 ], [ 511465.12148, 6417792.79913 ], [ 511522.31243, 6417822.29615 ], [ 511521.61183, 6417858.26777 ], [ 511521.65328, 6417863.26267 ], [ 511520.83664, 6417885.24855 ], [ 511529.82753, 6417885.17396 ], [ 511530.05961, 6417913.14544 ], [ 511529.43362, 6417958.10789 ], [ 511640.33782, 6417959.18586 ] ] ] ] } },
{ "type": "Feature", "properties": { "COMMUNE": "Lanquais", "COMMUNAUTE": "CC des Bastides Dordogne Périgord", "INSEE_COMM": 24228, "ID_CDECOMM": 21, "SURFACE_UR": 6.30375, "COVISIBILI": "non", "SITUATION_": "clairiere", "SITUATION1": "plateau plaine" }, "geometry": { "type": "MultiPolygon", "coordinates": [ [ [ [ 514291.90374, 6416402.64406 ], [ 514346.95578, 6416415.17485 ], [ 514358.47935, 6416359.13248 ], [ 514362.28461, 6416336.12277 ], [ 514481.29667, 6416351.11992 ], [ 514492.90314, 6416305.06735 ], [ 514404.71044, 6416271.83157 ], [ 514370.56251, 6416250.13588 ], [ 514378.22278, 6416210.11036 ], [ 514382.95241, 6416178.10155 ], [ 514397.15789, 6416084.07308 ], [ 514361.11977, 6416075.38071 ], [ 514353.103, 6416072.45009 ], [ 514355.02636, 6416063.44269 ], [ 514357.80777, 6416037.44434 ], [ 514359.65651, 6416019.44613 ], [ 514360.59746, 6416012.44498 ], [ 514357.45127, 6415994.48821 ], [ 514284.48381, 6415990.09849 ], [ 514275.59242, 6416002.16086 ], [ 514260.80659, 6416026.26073 ], [ 514229.71366, 6416011.53302 ], [ 514214.66254, 6416003.66554 ], [ 514208.62717, 6415998.72038 ], [ 514192.55219, 6415987.86424 ], [ 514186.51682, 6415982.91908 ], [ 514180.46487, 6415975.97596 ], [ 514174.41291, 6415969.03285 ], [ 514162.24269, 6415947.15477 ], [ 514123.37341, 6415958.46686 ], [ 514125.40455, 6415962.4462 ], [ 514136.60895, 6415988.32848 ], [ 514144.75007, 6416006.2438 ], [ 514175.27512, 6416072.92675 ], [ 514218.33102, 6416084.55804 ], [ 514207.84789, 6416145.587 ], [ 514211.85213, 6416146.55282 ], [ 514207.14736, 6416181.55857 ], [ 514202.40114, 6416211.56942 ], [ 514246.43945, 6416221.19446 ], [ 514264.45437, 6416225.04116 ], [ 514273.47012, 6416227.96348 ], [ 514263.72897, 6416258.01579 ], [ 514313.79437, 6416271.587 ], [ 514322.81012, 6416274.50933 ], [ 514314.1177, 6416310.54722 ], [ 514303.50192, 6416355.59252 ], [ 514298.68109, 6416376.61255 ], [ 514291.90374, 6416402.64406 ] ] ] ] } },
{ "type": "Feature", "properties": { "COMMUNE": "Lanquais", "COMMUNAUTE": "CC des Bastides Dordogne Périgord", "INSEE_COMM": 24228, "ID_CDECOMM": 21, "SURFACE_UR": 3.4197, "COVISIBILI": "oui", "SITUATION_": "non boise", "SITUATION1": "plateau plaine" }, "geometry": { "type": "MultiPolygon", "coordinates": [ [ [ [ 515698.86993, 6415595.72487 ], [ 515696.83879, 6415591.74553 ], [ 515689.68835, 6415572.82296 ], [ 515688.68936, 6415572.83125 ], [ 515674.2724, 6415521.0004 ], [ 515665.29811, 6415523.07298 ], [ 515633.68281, 6415445.40961 ], [ 515579.8951, 6415464.83793 ], [ 515570.94568, 6415469.90745 ], [ 515565.97562, 6415472.94584 ], [ 515540.06002, 6415480.15427 ], [ 515527.09808, 6415483.25899 ], [ 515511.14747, 6415487.38756 ], [ 515502.18147, 6415490.45912 ], [ 515495.22173, 6415494.51307 ], [ 515488.27028, 6415499.56601 ], [ 515486.31377, 6415504.57749 ], [ 515487.42883, 6415518.55491 ], [ 515489.48484, 6415525.53118 ], [ 515489.50972, 6415528.52812 ], [ 515482.5251, 6415529.58514 ], [ 515464.55164, 6415530.73335 ], [ 515450.57413, 6415531.84841 ], [ 515425.53315, 6415524.06385 ], [ 515413.52044, 6415521.1664 ], [ 515391.50958, 6415517.35288 ], [ 515384.69079, 6415538.38949 ], [ 515375.94865, 6415568.43349 ], [ 515396.96053, 6415572.2553 ], [ 515420.96936, 6415576.05223 ], [ 515442.9968, 6415581.86371 ], [ 515466.01494, 6415586.66791 ], [ 515463.07602, 6415593.68564 ], [ 515453.31832, 6415621.73998 ], [ 515497.38979, 6415635.36089 ], [ 515509.3942, 6415637.25935 ], [ 515525.40286, 6415640.12363 ], [ 515527.39254, 6415639.10807 ], [ 515590.1048, 6415611.61329 ], [ 515682.88615, 6415595.85752 ], [ 515698.86993, 6415595.72487 ] ] ] ] } },
{ "type": "Feature", "properties": { "COMMUNE": "Saint-Agne", "COMMUNAUTE": "CC des Bastides Dordogne Périgord", "INSEE_COMM": 24361, "ID_CDECOMM": 21, "SURFACE_UR": 3.11195, "COVISIBILI": "non", "SITUATION_": "non boise", "SITUATION1": "vallee" }, "geometry": { "type": "MultiPolygon", "coordinates": [ [ [ [ 513068.55812, 6418629.68706 ], [ 513067.56742, 6418630.69433 ], [ 513055.61272, 6418634.78973 ], [ 513035.69927, 6418642.94737 ], [ 513025.74255, 6418647.02619 ], [ 513011.49145, 6418615.17482 ], [ 513000.52745, 6418618.26295 ], [ 512996.4486, 6418608.30629 ], [ 512991.3459, 6418595.36097 ], [ 512952.52628, 6418612.66695 ], [ 512928.69978, 6418630.84756 ], [ 512906.85468, 6418647.01364 ], [ 512888.95579, 6418657.15266 ], [ 512860.0846, 6418669.38083 ], [ 512826.22677, 6418682.64943 ], [ 512778.42455, 6418701.02898 ], [ 512771.4565, 6418704.08395 ], [ 512768.46783, 6418705.1078 ], [ 512787.87137, 6418755.89839 ], [ 512793.91503, 6418761.84254 ], [ 512831.75224, 6418746.54283 ], [ 512836.7306, 6418744.50342 ], [ 512858.09067, 6418790.28251 ], [ 512937.7196, 6418754.65501 ], [ 513005.36895, 6418720.12595 ], [ 513057.13396, 6418697.7173 ], [ 513089.9928, 6418684.45699 ], [ 513114.91777, 6418678.25586 ], [ 513100.53403, 6418630.42078 ], [ 513099.4853, 6418624.43518 ], [ 513068.55812, 6418629.68706 ] ] ] ] } },
{ "type": "Feature", "properties": { "COMMUNE": "Verdon", "COMMUNAUTE": "CC des Bastides Dordogne Périgord", "INSEE_COMM": 24570, "ID_CDECOMM": 21, "SURFACE_UR": 2.0917, "COVISIBILI": "non", "SITUATION_": "clairiere", "SITUATION1": "plateau plaine" }, "geometry": { "type": "MultiPolygon", "coordinates": [ [ [ [ 512833.56593, 6415955.18292 ], [ 512898.22649, 6415921.67779 ], [ 512889.09469, 6415904.76974 ], [ 512885.03243, 6415896.81105 ], [ 512870.04763, 6415896.93539 ], [ 512870.99688, 6415890.93322 ], [ 512867.95018, 6415884.96421 ], [ 512863.78016, 6415864.01879 ], [ 512858.55312, 6415836.0888 ], [ 512812.64948, 6415842.46398 ], [ 512720.86709, 6415858.21126 ], [ 512709.62955, 6415828.33304 ], [ 512697.36816, 6415795.46618 ], [ 512672.60074, 6415820.6479 ], [ 512654.7682, 6415838.77873 ], [ 512689.00729, 6415871.46324 ], [ 512683.49416, 6415929.45381 ], [ 512683.65995, 6415949.43341 ], [ 512684.73354, 6415958.41594 ], [ 512684.91591, 6415980.39349 ], [ 512739.86016, 6415979.9376 ], [ 512737.50574, 6415936.99804 ], [ 512741.46853, 6415932.96897 ], [ 512751.42523, 6415928.89016 ], [ 512767.40072, 6415927.75856 ], [ 512783.3845, 6415927.62593 ], [ 512791.38469, 6415928.5586 ], [ 512823.26106, 6415917.30457 ], [ 512833.56593, 6415955.18292 ] ] ] ] } },
{ "type": "Feature", "properties": { "COMMUNE": "Verdon", "COMMUNAUTE": "CC des Bastides Dordogne Périgord", "INSEE_COMM": 24570, "ID_CDECOMM": 21, "SURFACE_UR": 0.96945, "COVISIBILI": "oui", "SITUATION_": "non boise", "SITUATION1": "pente" }, "geometry": { "type": "MultiPolygon", "coordinates": [ [ [ [ 512683.81808, 6415246.10202 ], [ 512684.85022, 6415250.08965 ], [ 512685.19838, 6415292.04678 ], [ 512644.81193, 6415361.31621 ], [ 512617.89733, 6415368.53286 ], [ 512623.02489, 6415384.47509 ], [ 512625.18036, 6415403.43912 ], [ 512630.49858, 6415442.35788 ], [ 512633.48725, 6415441.33403 ], [ 512639.44801, 6415437.28838 ], [ 512645.40048, 6415432.24375 ], [ 512651.34466, 6415426.20014 ], [ 512657.27226, 6415418.15857 ], [ 512661.21018, 6415411.13256 ], [ 512663.15841, 6415405.1221 ], [ 512664.11595, 6415400.11892 ], [ 512669.0197, 6415389.0887 ], [ 512677.90281, 6415376.02736 ], [ 512686.83565, 6415368.95991 ], [ 512699.73958, 6415358.86236 ], [ 512715.59901, 6415343.74504 ], [ 512723.49971, 6415332.68996 ], [ 512732.34967, 6415315.63271 ], [ 512743.06496, 6415282.57521 ], [ 512723.95988, 6415267.74801 ], [ 512731.90203, 6415261.68782 ], [ 512727.79832, 6415248.73425 ], [ 512721.68007, 6415233.79929 ], [ 512720.68108, 6415233.80758 ], [ 512683.81808, 6415246.10202 ] ] ] ] } },
{ "type": "Feature", "properties": { "COMMUNE": "Saint-Agne", "COMMUNAUTE": "CC des Bastides Dordogne Périgord", "INSEE_COMM": 24361, "ID_CDECOMM": 21, "SURFACE_UR": 2.3605, "COVISIBILI": "oui", "SITUATION_": "non boise", "SITUATION1": "vallee" }, "geometry": { "type": "MultiPolygon", "coordinates": [ [ [ [ 511482.31026, 6418539.9462 ], [ 511586.08068, 6418524.0995 ], [ 511573.76128, 6418484.23968 ], [ 511569.63271, 6418468.28912 ], [ 511564.4637, 6418447.35195 ], [ 511560.2854, 6418425.4075 ], [ 511544.62919, 6418344.6143 ], [ 511539.56795, 6418336.66389 ], [ 511539.29442, 6418303.69749 ], [ 511541.29239, 6418303.68092 ], [ 511537.45827, 6418202.80863 ], [ 511547.12489, 6418163.76547 ], [ 511482.19897, 6418165.30318 ], [ 511482.20726, 6418166.30216 ], [ 511476.45371, 6418195.32236 ], [ 511472.88048, 6418246.30358 ], [ 511475.07738, 6418270.26256 ], [ 511501.14224, 6418281.03587 ], [ 511514.15395, 6418283.92506 ], [ 511518.15819, 6418284.89089 ], [ 511517.18407, 6418287.89613 ], [ 511510.20773, 6418289.95211 ], [ 511502.25727, 6418295.01332 ], [ 511486.45581, 6418317.12353 ], [ 511474.71662, 6418347.19244 ], [ 511467.7983, 6418356.24129 ], [ 511458.8903, 6418366.3057 ], [ 511509.07178, 6418393.86278 ], [ 511516.08956, 6418396.80171 ], [ 511507.38877, 6418431.84067 ], [ 511493.87539, 6418488.89866 ], [ 511489.02965, 6418506.92178 ], [ 511484.20877, 6418527.94184 ], [ 511482.31026, 6418539.9462 ] ] ] ] } },
{ "type": "Feature", "properties": { "COMMUNE": "Lanquais", "COMMUNAUTE": "CC des Bastides Dordogne Périgord", "INSEE_COMM": 24228, "ID_CDECOMM": 21, "SURFACE_UR": 5.094, "COVISIBILI": "non", "SITUATION_": "clairiere", "SITUATION1": "plateau plaine" }, "geometry": { "type": "MultiPolygon", "coordinates": [ [ [ [ 516839.62705, 6416659.23481 ], [ 516852.58071, 6416655.13109 ], [ 516870.52101, 6416649.98693 ], [ 516882.49227, 6416647.88946 ], [ 516926.41452, 6416643.52869 ], [ 516942.37344, 6416640.39908 ], [ 516964.32627, 6416637.21971 ], [ 516988.24391, 6416630.02784 ], [ 517025.1235, 6416619.73122 ], [ 517049.04943, 6416613.53833 ], [ 517063.99277, 6416608.41904 ], [ 517110.83735, 6416595.04257 ], [ 517119.81165, 6416592.96998 ], [ 517151.71289, 6416584.71278 ], [ 517160.69548, 6416583.63917 ], [ 517166.6894, 6416583.58942 ], [ 517178.68554, 6416584.48889 ], [ 517196.69218, 6416587.33657 ], [ 517187.61837, 6416577.4214 ], [ 517183.58096, 6416572.45967 ], [ 517176.47196, 6416558.53199 ], [ 517170.37853, 6416546.59398 ], [ 517154.50254, 6416559.7134 ], [ 517088.29577, 6416527.29435 ], [ 517055.31262, 6416525.57003 ], [ 517043.68526, 6416448.73978 ], [ 517086.7329, 6416459.372 ], [ 517150.02954, 6416381.91983 ], [ 517136.9515, 6416371.03885 ], [ 517110.83688, 6416354.27179 ], [ 517096.14231, 6416389.36048 ], [ 517052.08738, 6416377.73757 ], [ 517021.10221, 6416375.99667 ], [ 516975.11565, 6416372.38219 ], [ 516976.64535, 6416436.30862 ], [ 516914.73304, 6416439.81967 ], [ 516921.49814, 6416532.67506 ], [ 516853.7163, 6416551.22057 ], [ 516863.09691, 6416598.09801 ], [ 516821.26384, 6416613.43097 ], [ 516839.62705, 6416659.23481 ] ] ] ] } },
{ "type": "Feature", "properties": { "COMMUNE": "Lanquais", "COMMUNAUTE": "CC des Bastides Dordogne Périgord", "INSEE_COMM": 24228, "ID_CDECOMM": 21, "SURFACE_UR": 2.9791, "COVISIBILI": "non", "SITUATION_": "non boise", "SITUATION1": "pente" }, "geometry": { "type": "MultiPolygon", "coordinates": [ [ [ [ 516429.5287, 6416841.46854 ], [ 516413.61954, 6416850.59204 ], [ 516399.69176, 6416857.70098 ], [ 516387.82, 6416871.78621 ], [ 516384.84792, 6416874.80802 ], [ 516361.04636, 6416895.98561 ], [ 516349.12485, 6416904.07696 ], [ 516349.15801, 6416908.07288 ], [ 516361.24536, 6416919.96114 ], [ 516358.25669, 6416920.985 ], [ 516360.27954, 6416923.96536 ], [ 516362.30239, 6416926.94572 ], [ 516364.31695, 6416928.92709 ], [ 516366.34809, 6416932.90643 ], [ 516367.37195, 6416935.89508 ], [ 516367.41341, 6416940.88998 ], [ 516366.61343, 6416964.8738 ], [ 516365.74711, 6416980.86578 ], [ 516364.92225, 6417001.85267 ], [ 516364.03106, 6417014.8477 ], [ 516364.12227, 6417025.83649 ], [ 516418.06757, 6417025.38873 ], [ 516417.76078, 6416988.42646 ], [ 516407.66311, 6416975.52263 ], [ 516420.56702, 6416965.42503 ], [ 516456.27351, 6416934.15813 ], [ 516539.59969, 6416862.53401 ], [ 516581.85566, 6416898.14905 ], [ 516586.80913, 6416893.11269 ], [ 516601.68614, 6416880.00156 ], [ 516608.61272, 6416871.95168 ], [ 516619.50207, 6416859.8727 ], [ 516624.53017, 6416863.82716 ], [ 516644.33578, 6416842.68274 ], [ 516639.08379, 6416811.75581 ], [ 516644.79579, 6416777.74073 ], [ 516664.60968, 6416757.59528 ], [ 516622.70198, 6416763.93742 ], [ 516613.72769, 6416766.01001 ], [ 516602.76371, 6416769.09816 ], [ 516583.841, 6416776.24857 ], [ 516567.93183, 6416785.37206 ], [ 516539.11876, 6416804.59315 ], [ 516524.20858, 6416813.70835 ], [ 516514.2353, 6416815.78923 ], [ 516489.29379, 6416819.99245 ], [ 516473.32658, 6416822.12308 ], [ 516456.38526, 6416827.25894 ], [ 516443.45647, 6416834.3596 ], [ 516429.5287, 6416841.46854 ] ] ] ] } },
{ "type": "Feature", "properties": { "COMMUNE": "Saint-Capraise-de-Lalinde", "COMMUNAUTE": "CC des Bastides Dordogne Périgord", "INSEE_COMM": 24382, "ID_CDECOMM": 21, "SURFACE_UR": 3.1012, "COVISIBILI": "non", "SITUATION_": "non boise", "SITUATION1": "vallee" }, "geometry": { "type": "MultiPolygon", "coordinates": [ [ [ [ 513823.0511, 6418895.16804 ], [ 513842.95625, 6418886.01141 ], [ 513879.81104, 6418872.71791 ], [ 513907.69152, 6418861.49699 ], [ 513937.56169, 6418849.26051 ], [ 514001.28968, 6418823.7554 ], [ 513993.99831, 6418787.85008 ], [ 513986.76498, 6418758.93763 ], [ 513981.55449, 6418733.00555 ], [ 513974.30457, 6418702.09514 ], [ 513967.03808, 6418669.18677 ], [ 513947.08318, 6418672.34952 ], [ 513922.10019, 6418671.55779 ], [ 513899.12346, 6418671.74846 ], [ 513867.21387, 6418679.00661 ], [ 513838.30125, 6418686.23989 ], [ 513842.42155, 6418701.19146 ], [ 513847.62375, 6418726.12456 ], [ 513852.80936, 6418749.05969 ], [ 513807.97096, 6418763.41848 ], [ 513790.03062, 6418768.56261 ], [ 513823.0511, 6418895.16804 ] ] ] ] } },
{ "type": "Feature", "properties": { "COMMUNE": "Baneuil", "COMMUNAUTE": "CC des Bastides Dordogne Périgord", "INSEE_COMM": 24023, "ID_CDECOMM": 21, "SURFACE_UR": 1.6891, "COVISIBILI": "non", "SITUATION_": "non boise", "SITUATION1": "pente" }, "geometry": { "type": "MultiPolygon", "coordinates": [ [ [ [ 517602.0453, 6418721.9382 ], [ 517594.06169, 6418723.00353 ], [ 517589.06675, 6418723.04499 ], [ 517586.07807, 6418724.06885 ], [ 517580.11731, 6418728.11453 ], [ 517571.18447, 6418735.18204 ], [ 517563.2589, 6418743.24024 ], [ 517553.32707, 6418750.31604 ], [ 517548.3653, 6418754.35343 ], [ 517540.41486, 6418759.41468 ], [ 517529.49233, 6418767.49775 ], [ 517523.53157, 6418771.54343 ], [ 517515.58112, 6418776.60468 ], [ 517509.62866, 6418781.64935 ], [ 517500.69581, 6418788.71685 ], [ 517490.75568, 6418794.79367 ], [ 517482.81353, 6418800.8539 ], [ 517475.87037, 6418806.90584 ], [ 517480.92336, 6418813.85725 ], [ 517491.98686, 6418822.75687 ], [ 517523.17111, 6418848.47332 ], [ 517522.38772, 6418874.45514 ], [ 517522.61162, 6418901.42765 ], [ 517521.72044, 6418914.42271 ], [ 517541.57582, 6418899.27212 ], [ 517568.36606, 6418877.07062 ], [ 517567.25927, 6418864.09215 ], [ 517588.08876, 6418845.93633 ], [ 517586.19859, 6418858.93968 ], [ 517598.20303, 6418860.83813 ], [ 517609.21678, 6418863.74386 ], [ 517624.21819, 6418865.61743 ], [ 517629.21313, 6418865.57596 ], [ 517641.1927, 6418864.47747 ], [ 517653.16398, 6418862.37999 ], [ 517661.14759, 6418861.31467 ], [ 517612.25079, 6418747.8288 ], [ 517602.0453, 6418721.9382 ] ] ] ] } },
{ "type": "Feature", "properties": { "COMMUNE": "Saint-Capraise-de-Lalinde", "COMMUNAUTE": "CC des Bastides Dordogne Périgord", "INSEE_COMM": 24382, "ID_CDECOMM": 21, "SURFACE_UR": 1.0118, "COVISIBILI": "non", "SITUATION_": "boise", "SITUATION1": "pente" }, "geometry": { "type": "MultiPolygon", "coordinates": [ [ [ [ 514449.46655, 6419136.73526 ], [ 514446.38668, 6419126.77031 ], [ 514457.34239, 6419122.68319 ], [ 514484.94928, 6419078.49584 ], [ 514526.74928, 6419059.16698 ], [ 514518.92729, 6418959.32681 ], [ 514516.92932, 6418959.34339 ], [ 514497.01588, 6418967.50106 ], [ 514497.02417, 6418968.50004 ], [ 514496.05005, 6418971.50528 ], [ 514494.07694, 6418974.5188 ], [ 514491.10485, 6418977.54062 ], [ 514487.13377, 6418980.57073 ], [ 514470.25045, 6418992.69945 ], [ 514454.35784, 6419003.8209 ], [ 514450.39505, 6419007.84999 ], [ 514449.41264, 6419009.85624 ], [ 514447.46441, 6419015.86672 ], [ 514446.49858, 6419019.87094 ], [ 514446.53174, 6419023.86686 ], [ 514448.73698, 6419048.82483 ], [ 514451.02513, 6419083.77263 ], [ 514452.10702, 6419093.75416 ], [ 514429.23807, 6419106.93161 ], [ 514390.45162, 6419128.23356 ], [ 514386.48054, 6419131.26366 ], [ 514381.53534, 6419137.29901 ], [ 514378.57983, 6419142.31879 ], [ 514376.6233, 6419147.33028 ], [ 514396.58649, 6419145.16651 ], [ 514400.69022, 6419158.12012 ], [ 514449.46655, 6419136.73526 ] ] ] ] } },
{ "type": "Feature", "properties": { "COMMUNE": "Lalinde", "COMMUNAUTE": "CC des Bastides Dordogne Périgord", "INSEE_COMM": 24223, "ID_CDECOMM": 21, "SURFACE_UR": 2.52425, "COVISIBILI": "oui", "SITUATION_": "non boise", "SITUATION1": "pente" }, "geometry": { "type": "MultiPolygon", "coordinates": [ [ [ [ 518838.45495, 6418550.83015 ], [ 518874.48477, 6418558.52364 ], [ 518880.49527, 6418560.47188 ], [ 518885.50678, 6418562.4284 ], [ 518906.56841, 6418572.24417 ], [ 518922.64341, 6418583.10036 ], [ 518930.70164, 6418591.0259 ], [ 518943.80456, 6418604.9039 ], [ 518947.84196, 6418609.86566 ], [ 518957.93134, 6418621.77056 ], [ 518985.17763, 6418654.51317 ], [ 519016.42816, 6418688.22161 ], [ 519026.50924, 6418699.12753 ], [ 519038.60488, 6418712.01483 ], [ 519061.74742, 6418731.80384 ], [ 519066.21156, 6418667.82758 ], [ 519068.94313, 6418635.83531 ], [ 519075.76563, 6418494.91263 ], [ 518959.09997, 6418521.85584 ], [ 518939.16173, 6418527.0165 ], [ 518933.17611, 6418528.06521 ], [ 518871.23072, 6418527.58008 ], [ 518835.22578, 6418522.88354 ], [ 518838.45495, 6418550.83015 ] ] ] ] } },
{ "type": "Feature", "properties": { "COMMUNE": "Baneuil", "COMMUNAUTE": "CC des Bastides Dordogne Périgord", "INSEE_COMM": 24023, "ID_CDECOMM": 21, "SURFACE_UR": 1.04465, "COVISIBILI": "non", "SITUATION_": "boise", "SITUATION1": "pente" }, "geometry": { "type": "MultiPolygon", "coordinates": [ [ [ [ 517968.49478, 6418336.25992 ], [ 517966.51339, 6418338.27446 ], [ 517955.62403, 6418350.35346 ], [ 517942.745, 6418363.44803 ], [ 517949.82084, 6418373.37979 ], [ 517955.8977, 6418383.31985 ], [ 517962.96525, 6418392.25263 ], [ 517968.02653, 6418400.20302 ], [ 517973.07952, 6418407.15442 ], [ 517977.12523, 6418413.11514 ], [ 517984.20937, 6418424.04589 ], [ 517987.25609, 6418430.01489 ], [ 517991.3018, 6418435.97561 ], [ 517998.40252, 6418448.90432 ], [ 518005.35398, 6418443.85136 ], [ 518012.30543, 6418438.7984 ], [ 518021.26315, 6418434.72784 ], [ 518032.20226, 6418428.64273 ], [ 518048.12802, 6418421.51717 ], [ 518051.11669, 6418420.49331 ], [ 518058.08473, 6418417.43831 ], [ 518069.04042, 6418413.35116 ], [ 518083.98378, 6418408.23186 ], [ 518088.97043, 6418407.19141 ], [ 518100.94999, 6418406.09291 ], [ 518116.9338, 6418405.96022 ], [ 518122.91943, 6418404.91148 ], [ 518126.90709, 6418403.87933 ], [ 518132.88444, 6418401.83161 ], [ 518140.84317, 6418397.76934 ], [ 518143.82355, 6418395.7465 ], [ 518149.77601, 6418390.70183 ], [ 518152.7398, 6418386.68103 ], [ 518121.34823, 6418335.99006 ], [ 518034.85092, 6418386.66063 ], [ 517995.79917, 6418375.99526 ], [ 517968.49478, 6418336.25992 ] ] ] ] } },
{ "type": "Feature", "properties": { "COMMUNE": "Baneuil", "COMMUNAUTE": "CC des Bastides Dordogne Périgord", "INSEE_COMM": 24023, "ID_CDECOMM": 21, "SURFACE_UR": 1.30335, "COVISIBILI": "oui", "SITUATION_": "non boise", "SITUATION1": "pente" }, "geometry": { "type": "MultiPolygon", "coordinates": [ [ [ [ 518024.25121, 6418192.93288 ], [ 518036.21418, 6418189.83642 ], [ 518063.19515, 6418190.61149 ], [ 518088.23619, 6418198.39602 ], [ 518117.58002, 6418243.10968 ], [ 518105.69168, 6418255.19697 ], [ 518125.02905, 6418297.9956 ], [ 518168.41677, 6418349.58602 ], [ 518169.37429, 6418344.58282 ], [ 518170.27376, 6418332.58675 ], [ 518169.16697, 6418319.60829 ], [ 518168.06846, 6418307.62881 ], [ 518165.95439, 6418293.65965 ], [ 518163.82372, 6418277.69254 ], [ 518161.75111, 6418268.71829 ], [ 518159.68679, 6418260.74303 ], [ 518158.64634, 6418255.75641 ], [ 518157.60588, 6418250.7698 ], [ 518151.48756, 6418235.83484 ], [ 518150.47199, 6418233.84517 ], [ 518144.37025, 6418220.90817 ], [ 518139.2758, 6418208.96186 ], [ 518060.79911, 6418142.67698 ], [ 518023.76193, 6418133.99299 ], [ 517966.92743, 6418147.45245 ], [ 517966.11088, 6418169.43833 ], [ 517961.27351, 6418188.46044 ], [ 517957.32731, 6418194.4875 ], [ 517953.38112, 6418200.51456 ], [ 517949.41834, 6418204.54365 ], [ 517949.44322, 6418207.5406 ], [ 517963.42905, 6418207.4245 ], [ 517977.40658, 6418206.30941 ], [ 517983.40051, 6418206.25965 ], [ 517986.40577, 6418207.23376 ], [ 517994.39767, 6418207.16741 ], [ 518001.39059, 6418207.10936 ], [ 518008.2674, 6418193.06557 ], [ 518024.25121, 6418192.93288 ] ] ] ] } },
{ "type": "Feature", "properties": { "COMMUNE": "Lanquais", "COMMUNAUTE": "CC des Bastides Dordogne Périgord", "INSEE_COMM": 24228, "ID_CDECOMM": 21, "SURFACE_UR": 5.29165, "COVISIBILI": "non", "SITUATION_": "non boise", "SITUATION1": "plateau plaine" }, "geometry": { "type": "MultiPolygon", "coordinates": [ [ [ [ 516365.74711, 6416980.86578 ], [ 516366.61343, 6416964.8738 ], [ 516367.41341, 6416940.88998 ], [ 516367.37195, 6416935.89508 ], [ 516366.34809, 6416932.90643 ], [ 516364.31695, 6416928.92709 ], [ 516362.30239, 6416926.94572 ], [ 516360.27954, 6416923.96536 ], [ 516358.25669, 6416920.985 ], [ 516325.42279, 6416937.24231 ], [ 516322.34291, 6416927.27738 ], [ 516320.30348, 6416922.29906 ], [ 516316.2329, 6416913.34141 ], [ 516315.11783, 6416899.36397 ], [ 516314.72811, 6416852.4119 ], [ 516315.56956, 6416833.42298 ], [ 516321.36448, 6416809.3977 ], [ 516153.24047, 6416895.71231 ], [ 516131.8057, 6416840.94252 ], [ 516131.62328, 6416818.96495 ], [ 516131.42428, 6416794.98942 ], [ 516130.34238, 6416785.00791 ], [ 516124.14946, 6416761.08213 ], [ 516109.8071, 6416718.24206 ], [ 516077.96389, 6416733.49209 ], [ 516079.00434, 6416738.4787 ], [ 516080.0282, 6416741.46735 ], [ 516082.05934, 6416745.44669 ], [ 516084.09048, 6416749.42603 ], [ 516088.15276, 6416757.3847 ], [ 516093.2472, 6416769.33101 ], [ 516097.32606, 6416779.28765 ], [ 516099.38208, 6416786.26393 ], [ 516102.45366, 6416795.22987 ], [ 516104.50139, 6416801.20717 ], [ 516104.51797, 6416803.20513 ], [ 516105.60816, 6416814.18563 ], [ 516105.69108, 6416824.17543 ], [ 516106.81444, 6416839.15184 ], [ 516107.86318, 6416845.13743 ], [ 516112.00009, 6416862.08694 ], [ 516115.10484, 6416875.04881 ], [ 516118.2013, 6416887.0117 ], [ 516119.27491, 6416895.99423 ], [ 516122.35479, 6416905.95916 ], [ 516125.41809, 6416913.92613 ], [ 516130.49594, 6416923.87447 ], [ 516138.61221, 6416938.79285 ], [ 516143.66519, 6416945.74425 ], [ 516150.73272, 6416954.67703 ], [ 516158.81583, 6416965.59949 ], [ 516161.83766, 6416968.57155 ], [ 516166.86577, 6416972.52602 ], [ 516169.87931, 6416974.4991 ], [ 516171.88558, 6416975.4815 ], [ 516177.979, 6416987.41952 ], [ 516174.99862, 6416989.44235 ], [ 516171.01926, 6416991.47348 ], [ 516165.07508, 6416997.51711 ], [ 516160.12161, 6417002.55347 ], [ 516158.14851, 6417005.567 ], [ 516155.19301, 6417010.58677 ], [ 516150.28928, 6417021.61702 ], [ 516146.40112, 6417034.63693 ], [ 516142.50467, 6417046.65786 ], [ 516140.54816, 6417051.66935 ], [ 516138.59993, 6417057.67982 ], [ 516137.66728, 6417065.67995 ], [ 516137.71703, 6417071.67383 ], [ 516137.77507, 6417078.6667 ], [ 516137.84141, 6417086.65854 ], [ 516138.90673, 6417094.6421 ], [ 516140.99591, 6417105.6143 ], [ 516142.04465, 6417111.59989 ], [ 516145.14111, 6417123.56278 ], [ 516148.22928, 6417134.52669 ], [ 516150.277, 6417140.50399 ], [ 516152.32473, 6417146.48129 ], [ 516153.34859, 6417149.46995 ], [ 516156.36214, 6417151.44303 ], [ 516159.37568, 6417153.41612 ], [ 516168.39144, 6417156.33844 ], [ 516172.39568, 6417157.30425 ], [ 516178.3896, 6417157.2545 ], [ 516190.37745, 6417157.155 ], [ 516209.35821, 6417156.99746 ], [ 516217.34181, 6417155.93215 ], [ 516222.32846, 6417154.89171 ], [ 516228.31409, 6417153.84298 ], [ 516236.28111, 6417150.7797 ], [ 516267.22484, 6417147.52572 ], [ 516288.18699, 6417145.35363 ], [ 516279.64783, 6417079.48725 ], [ 516277.57523, 6417070.51301 ], [ 516275.46946, 6417057.54285 ], [ 516266.03911, 6417004.6715 ], [ 516365.74711, 6416980.86578 ] ] ] ] } },
{ "type": "Feature", "properties": { "COMMUNE": "Saint-Capraise-de-Lalinde", "COMMUNAUTE": "CC des Bastides Dordogne Périgord", "INSEE_COMM": 24382, "ID_CDECOMM": 21, "SURFACE_UR": 6.75335, "COVISIBILI": "non", "SITUATION_": "non boise", "SITUATION1": "vallee" }, "geometry": { "type": "MultiPolygon", "coordinates": [ [ [ [ 513725.3823, 6419164.72322 ], [ 513724.35015, 6419160.73559 ], [ 513756.25146, 6419152.47845 ], [ 513791.14145, 6419143.19746 ], [ 513816.04155, 6419133.99938 ], [ 513848.90869, 6419121.73802 ], [ 513853.88705, 6419119.69861 ], [ 513875.73215, 6419103.53251 ], [ 513907.50082, 6419079.29166 ], [ 513933.317, 6419060.09546 ], [ 513945.23854, 6419052.00412 ], [ 513965.07737, 6419034.85563 ], [ 513969.04845, 6419031.82552 ], [ 513982.92652, 6419018.72269 ], [ 514027.69861, 6418996.37203 ], [ 514060.53258, 6418980.11475 ], [ 514074.45209, 6418972.00683 ], [ 514102.33257, 6418960.7859 ], [ 514119.26563, 6418954.65108 ], [ 514134.20072, 6418948.53283 ], [ 514144.14915, 6418943.45502 ], [ 514155.09657, 6418938.36892 ], [ 514165.02842, 6418931.29314 ], [ 514176.94995, 6418923.2018 ], [ 514183.90142, 6418918.14886 ], [ 514198.77018, 6418904.03876 ], [ 514211.64096, 6418889.94524 ], [ 514219.56655, 6418881.88706 ], [ 514236.45815, 6418870.75733 ], [ 514243.40962, 6418865.70438 ], [ 514274.20415, 6418844.46877 ], [ 514257.28768, 6418852.60156 ], [ 514234.41872, 6418865.779 ], [ 514218.50952, 6418874.90248 ], [ 514207.5621, 6418879.98858 ], [ 514187.63208, 6418886.14828 ], [ 514149.77001, 6418898.45109 ], [ 514144.79165, 6418900.4905 ], [ 514101.9678, 6418916.83069 ], [ 514057.15426, 6418934.18644 ], [ 514015.34598, 6418952.5163 ], [ 513962.57369, 6418973.9343 ], [ 513943.65923, 6418982.08367 ], [ 513878.92395, 6419006.59809 ], [ 513830.12275, 6419024.98597 ], [ 513807.22063, 6419034.16748 ], [ 513772.3638, 6419047.4444 ], [ 513762.40708, 6419051.52322 ], [ 513718.59252, 6419068.87067 ], [ 513674.78625, 6419087.21711 ], [ 513632.95309, 6419102.55001 ], [ 513622.01396, 6419108.63509 ], [ 513611.05825, 6419112.72221 ], [ 513606.97939, 6419102.76555 ], [ 513604.96484, 6419100.78416 ], [ 513600.97717, 6419101.8163 ], [ 513597.98021, 6419101.84117 ], [ 513570.08314, 6419111.06412 ], [ 513506.34684, 6419135.57024 ], [ 513478.46635, 6419146.79116 ], [ 513410.75897, 6419174.32737 ], [ 513357.98666, 6419195.74535 ], [ 513345.04955, 6419201.84701 ], [ 513306.21335, 6419217.15504 ], [ 513293.26795, 6419222.25771 ], [ 513222.58017, 6419251.81676 ], [ 513182.75326, 6419268.13205 ], [ 513163.83051, 6419275.28243 ], [ 513160.85012, 6419277.30526 ], [ 513158.86873, 6419279.31981 ], [ 513156.89562, 6419282.33333 ], [ 513229.71401, 6419268.74143 ], [ 513288.57144, 6419258.26252 ], [ 513304.5221, 6419254.13396 ], [ 513344.40703, 6419244.81154 ], [ 513361.35667, 6419240.67468 ], [ 513388.27962, 6419234.45697 ], [ 513419.20682, 6419229.20508 ], [ 513468.09094, 6419220.80703 ], [ 513494.03148, 6419216.59557 ], [ 513523.97626, 6419213.34993 ], [ 513572.86038, 6419204.95187 ], [ 513588.81932, 6419201.82229 ], [ 513605.76897, 6419197.68544 ], [ 513606.75967, 6419196.67816 ], [ 513722.38534, 6419164.74809 ], [ 513725.3823, 6419164.72322 ] ] ] ] } },
{ "type": "Feature", "properties": { "COMMUNE": "Saint-Capraise-de-Lalinde", "COMMUNAUTE": "CC des Bastides Dordogne Périgord", "INSEE_COMM": 24382, "ID_CDECOMM": 21, "SURFACE_UR": 5.5045, "COVISIBILI": "non", "SITUATION_": "non boise", "SITUATION1": "pente" }, "geometry": { "type": "MultiPolygon", "coordinates": [ [ [ [ 515264.9398, 6419406.70469 ], [ 515280.89045, 6419402.57611 ], [ 515299.8132, 6419395.4257 ], [ 515313.74929, 6419389.31573 ], [ 515321.71633, 6419386.25246 ], [ 515323.77234, 6419393.22875 ], [ 515334.25141, 6419452.0858 ], [ 515347.17193, 6419443.98616 ], [ 515345.06617, 6419431.01597 ], [ 515365.05423, 6419431.84913 ], [ 515366.10297, 6419437.83473 ], [ 515381.09609, 6419438.70935 ], [ 515362.30176, 6419340.95832 ], [ 515401.11307, 6419322.65329 ], [ 515400.60731, 6419261.71537 ], [ 515433.39153, 6419239.46415 ], [ 515442.18343, 6419215.41396 ], [ 515445.12236, 6419208.39621 ], [ 515446.08818, 6419204.39199 ], [ 515453.80648, 6419171.35925 ], [ 515454.71427, 6419160.36216 ], [ 515457.46249, 6419130.36782 ], [ 515459.34439, 6419116.36549 ], [ 515462.23357, 6419103.35385 ], [ 515469.95187, 6419070.32111 ], [ 515456.05724, 6419081.42599 ], [ 515453.07685, 6419083.44883 ], [ 515448.08191, 6419083.49028 ], [ 515441.07241, 6419081.55036 ], [ 515435.04531, 6419077.60418 ], [ 515432.04835, 6419077.62905 ], [ 515428.06069, 6419078.6612 ], [ 515419.09466, 6419081.73276 ], [ 515421.75998, 6419041.74861 ], [ 515422.62631, 6419025.7566 ], [ 515350.72402, 6419029.35051 ], [ 515311.7386, 6419026.67691 ], [ 515301.25548, 6419087.70602 ], [ 515288.25205, 6419085.81584 ], [ 515288.29351, 6419090.81075 ], [ 515283.62192, 6419129.81251 ], [ 515282.68926, 6419137.81266 ], [ 515274.93779, 6419166.84947 ], [ 515266.24538, 6419202.88744 ], [ 515268.55013, 6419239.8332 ], [ 515263.77904, 6419266.84718 ], [ 515265.94284, 6419286.81024 ], [ 515260.16448, 6419312.83352 ], [ 515280.75779, 6419386.59239 ], [ 515282.79723, 6419391.57072 ], [ 515264.9398, 6419406.70469 ] ] ] ] } },
{ "type": "Feature", "properties": { "COMMUNE": "Baneuil", "COMMUNAUTE": "CC des Bastides Dordogne Périgord", "INSEE_COMM": 24023, "ID_CDECOMM": 21, "SURFACE_UR": 1.49905, "COVISIBILI": "non", "SITUATION_": "non boise", "SITUATION1": "pente" }, "geometry": { "type": "MultiPolygon", "coordinates": [ [ [ [ 517358.40589, 6419580.14725 ], [ 517384.36301, 6419577.93368 ], [ 517394.34461, 6419576.85177 ], [ 517398.34056, 6419576.8186 ], [ 517401.32924, 6419575.79474 ], [ 517402.31994, 6419574.78747 ], [ 517407.28171, 6419570.75007 ], [ 517408.26411, 6419568.74382 ], [ 517409.23822, 6419565.73858 ], [ 517410.17087, 6419557.73842 ], [ 517414.06732, 6419545.71747 ], [ 517416.97307, 6419534.70378 ], [ 517422.83432, 6419518.67031 ], [ 517429.66968, 6419499.6316 ], [ 517435.53923, 6419484.59711 ], [ 517438.46156, 6419475.58139 ], [ 517444.32281, 6419459.54792 ], [ 517446.27104, 6419453.53744 ], [ 517445.27205, 6419453.54573 ], [ 517443.26578, 6419452.56333 ], [ 517423.26113, 6419449.73224 ], [ 517400.25122, 6419445.92704 ], [ 517395.23969, 6419443.97054 ], [ 517373.21218, 6419438.15909 ], [ 517350.16081, 6419429.35898 ], [ 517348.14625, 6419427.3776 ], [ 517345.10782, 6419422.40756 ], [ 517342.07768, 6419418.43651 ], [ 517339.03925, 6419413.46648 ], [ 517335.99253, 6419407.49746 ], [ 517334.96867, 6419404.50881 ], [ 517332.95411, 6419402.52743 ], [ 517328.92498, 6419398.56467 ], [ 517317.86977, 6419390.66403 ], [ 517310.83538, 6419385.72717 ], [ 517299.78846, 6419378.82551 ], [ 517296.76662, 6419375.85344 ], [ 517292.73749, 6419371.89068 ], [ 517289.70736, 6419367.91963 ], [ 517286.67722, 6419363.94858 ], [ 517283.62221, 6419356.98058 ], [ 517279.53504, 6419346.02495 ], [ 517275.47275, 6419338.06626 ], [ 517267.37304, 6419325.14583 ], [ 517263.31903, 6419318.18613 ], [ 517261.30447, 6419316.20475 ], [ 517257.41632, 6419329.22469 ], [ 517261.74397, 6419369.15081 ], [ 517319.2585, 6419437.6079 ], [ 517335.98864, 6419527.38363 ], [ 517356.98399, 6419529.20745 ], [ 517370.97812, 6419530.09033 ], [ 517358.40589, 6419580.14725 ] ] ] ] } },
{ "type": "Feature", "properties": { "COMMUNE": "Baneuil", "COMMUNAUTE": "CC des Bastides Dordogne Périgord", "INSEE_COMM": 24023, "ID_CDECOMM": 21, "SURFACE_UR": 7.0353, "COVISIBILI": "non", "SITUATION_": "non boise", "SITUATION1": "plateau plaine" }, "geometry": { "type": "MultiPolygon", "coordinates": [ [ [ [ 517261.30447, 6419316.20475 ], [ 517260.2889, 6419314.21508 ], [ 517255.25249, 6419309.26163 ], [ 517249.20881, 6419303.31749 ], [ 517238.1453, 6419294.41787 ], [ 517231.10263, 6419288.48203 ], [ 517222.07027, 6419283.56175 ], [ 517212.03063, 6419277.65078 ], [ 517153.83223, 6419247.1633 ], [ 517115.75457, 6419233.49266 ], [ 517082.70503, 6419223.77649 ], [ 517053.67631, 6419217.02409 ], [ 517026.64558, 6419210.25511 ], [ 517023.95542, 6419247.24232 ], [ 517021.16576, 6419272.24175 ], [ 517021.20722, 6419277.23666 ], [ 517019.3668, 6419296.23391 ], [ 517019.43314, 6419304.22577 ], [ 517020.51505, 6419314.2073 ], [ 517022.61253, 6419326.1785 ], [ 517024.68514, 6419335.15275 ], [ 517027.83137, 6419353.10955 ], [ 517028.88011, 6419359.09516 ], [ 517029.90397, 6419362.08381 ], [ 517003.16346, 6419390.2792 ], [ 516996.2203, 6419396.33114 ], [ 516992.24922, 6419399.36126 ], [ 516990.28441, 6419403.37377 ], [ 516989.34347, 6419410.37494 ], [ 516988.46886, 6419425.36797 ], [ 516988.58495, 6419439.35372 ], [ 516988.65958, 6419448.34456 ], [ 516988.70104, 6419453.33947 ], [ 516990.74048, 6419458.3178 ], [ 516994.82765, 6419469.27343 ], [ 516996.90026, 6419478.24769 ], [ 516996.93343, 6419482.24362 ], [ 516996.07541, 6419499.23461 ], [ 517119.96659, 6419500.20432 ], [ 517243.86607, 6419502.173 ], [ 517256.86951, 6419504.06316 ], [ 517278.86385, 6419505.87869 ], [ 517301.85717, 6419507.68593 ], [ 517310.85636, 6419508.61028 ], [ 517308.99107, 6419524.61058 ], [ 517335.98864, 6419527.38363 ], [ 517319.2585, 6419437.6079 ], [ 517261.74397, 6419369.15081 ], [ 517257.41632, 6419329.22469 ], [ 517261.30447, 6419316.20475 ] ] ] ] } },
{ "type": "Feature", "properties": { "COMMUNE": "Saint-Capraise-de-Lalinde", "COMMUNAUTE": "CC des Bastides Dordogne Périgord", "INSEE_COMM": 24382, "ID_CDECOMM": 21, "SURFACE_UR": 12.26995, "COVISIBILI": "oui", "SITUATION_": "non boise", "SITUATION1": "pente" }, "geometry": { "type": "MultiPolygon", "coordinates": [ [ [ [ 514643.16254, 6419122.14014 ], [ 514616.27275, 6419132.35381 ], [ 514632.45555, 6419156.19673 ], [ 514645.64966, 6419181.06351 ], [ 514621.74856, 6419190.25332 ], [ 514645.13983, 6419240.01175 ], [ 514683.29208, 6419262.6733 ], [ 514691.53271, 6419292.57644 ], [ 514663.61906, 6419299.80145 ], [ 514638.71067, 6419308.00058 ], [ 514627.48137, 6419279.12129 ], [ 514616.26036, 6419251.24098 ], [ 514597.3459, 6419259.39036 ], [ 514491.74329, 6419295.23353 ], [ 514493.87391, 6419311.20066 ], [ 514490.87695, 6419311.22553 ], [ 514475.42784, 6419255.40688 ], [ 514486.37527, 6419250.32078 ], [ 514469.95205, 6419197.50737 ], [ 514449.46655, 6419136.73526 ], [ 514400.69022, 6419158.12012 ], [ 514419.14457, 6419214.91288 ], [ 514451.75887, 6419292.5682 ], [ 514431.82884, 6419298.7279 ], [ 514408.3298, 6419235.9827 ], [ 514374.47197, 6419249.25134 ], [ 514388.78943, 6419289.09456 ], [ 514373.85434, 6419295.21281 ], [ 514392.18434, 6419337.02084 ], [ 514400.22599, 6419342.94841 ], [ 514404.31314, 6419353.90406 ], [ 514412.53719, 6419381.80924 ], [ 514418.53112, 6419381.7595 ], [ 514411.78692, 6419411.787 ], [ 514450.83038, 6419421.4535 ], [ 514443.09548, 6419452.48828 ], [ 514441.10579, 6419453.50384 ], [ 514458.33731, 6419483.33238 ], [ 514467.47744, 6419501.23944 ], [ 514481.712, 6419531.09285 ], [ 514454.89683, 6419550.29736 ], [ 514458.88449, 6419549.26522 ], [ 514463.87944, 6419549.22376 ], [ 514466.88469, 6419550.19788 ], [ 514471.88793, 6419551.15541 ], [ 514483.92553, 6419557.04981 ], [ 514488.93706, 6419559.00633 ], [ 514493.932, 6419558.96488 ], [ 514497.91967, 6419557.93273 ], [ 514502.88974, 6419554.89433 ], [ 514539.68651, 6419534.60793 ], [ 514564.55345, 6419521.4139 ], [ 514581.45335, 6419511.28314 ], [ 514594.36559, 6419502.18452 ], [ 514607.27783, 6419493.0859 ], [ 514612.23961, 6419489.04852 ], [ 514617.21797, 6419487.0091 ], [ 514623.18703, 6419483.96241 ], [ 514631.15407, 6419480.89914 ], [ 514639.12939, 6419478.83485 ], [ 514649.11099, 6419477.75296 ], [ 514662.08126, 6419475.64722 ], [ 514669.0576, 6419473.59122 ], [ 514674.02767, 6419470.55282 ], [ 514676.99977, 6419467.531 ], [ 514682.93566, 6419460.48838 ], [ 514691.81878, 6419447.42699 ], [ 514706.64609, 6419428.32197 ], [ 514710.60059, 6419423.29389 ], [ 514715.56237, 6419419.25651 ], [ 514719.54174, 6419417.22538 ], [ 514737.47379, 6419411.08226 ], [ 514747.43881, 6419408.0024 ], [ 514753.39958, 6419403.95673 ], [ 514756.37167, 6419400.93491 ], [ 514766.32839, 6419396.85608 ], [ 514763.46408, 6419412.86466 ], [ 514762.59774, 6419428.85667 ], [ 514762.6392, 6419433.85159 ], [ 514764.67863, 6419438.82992 ], [ 514766.71806, 6419443.80825 ], [ 514770.76376, 6419449.76898 ], [ 514774.79288, 6419453.73174 ], [ 514791.90005, 6419468.57554 ], [ 514820.20745, 6419388.41652 ], [ 514883.68673, 6419332.94189 ], [ 514883.47117, 6419306.96835 ], [ 514882.24003, 6419279.00513 ], [ 514880.04308, 6419255.04614 ], [ 514876.85542, 6419232.09442 ], [ 514873.64289, 6419206.14576 ], [ 514867.38365, 6419174.22807 ], [ 514864.20429, 6419152.27534 ], [ 514872.15474, 6419147.2141 ], [ 514877.09165, 6419140.17977 ], [ 514883.03584, 6419134.13614 ], [ 514888.00591, 6419131.09774 ], [ 514901.96687, 6419127.98472 ], [ 514913.92986, 6419124.88828 ], [ 514916.96828, 6419129.85832 ], [ 514930.89608, 6419122.74938 ], [ 514921.69791, 6419097.84944 ], [ 514861.89955, 6419115.32958 ], [ 514855.7481, 6419096.39866 ], [ 514851.6112, 6419079.44913 ], [ 514814.77299, 6419094.74062 ], [ 514826.02717, 6419126.61685 ], [ 514792.16105, 6419138.88652 ], [ 514808.36872, 6419165.72639 ], [ 514816.48499, 6419180.64479 ], [ 514820.58872, 6419193.5984 ], [ 514824.70075, 6419207.55099 ], [ 514831.90094, 6419232.46751 ], [ 514839.07625, 6419254.38708 ], [ 514810.0973, 6419253.62853 ], [ 514767.11592, 6419250.98808 ], [ 514766.08376, 6419247.00044 ], [ 514760.99762, 6419236.05309 ], [ 514746.76306, 6419206.19969 ], [ 514736.62394, 6419188.30092 ], [ 514728.53255, 6419176.37946 ], [ 514714.40576, 6419159.51283 ], [ 514702.29354, 6419144.62759 ], [ 514698.24784, 6419138.66686 ], [ 514694.20214, 6419132.70612 ], [ 514683.0972, 6419118.81157 ], [ 514678.04422, 6419111.86015 ], [ 514677.02865, 6419109.87048 ], [ 514643.16254, 6419122.14014 ] ] ] ] } },
{ "type": "Feature", "properties": { "COMMUNE": "Baneuil", "COMMUNAUTE": "CC des Bastides Dordogne Périgord", "INSEE_COMM": 24023, "ID_CDECOMM": 21, "SURFACE_UR": 2.4859, "COVISIBILI": "non", "SITUATION_": "non boise", "SITUATION1": "pente" }, "geometry": { "type": "MultiPolygon", "coordinates": [ [ [ [ 517611.64488, 6418434.132 ], [ 517586.77798, 6418447.32607 ], [ 517519.17021, 6418486.85025 ], [ 517521.20965, 6418491.82858 ], [ 517526.27922, 6418500.77795 ], [ 517529.32594, 6418506.74696 ], [ 517532.38095, 6418513.71495 ], [ 517538.47439, 6418525.65297 ], [ 517547.43211, 6418521.58241 ], [ 517565.33927, 6418512.44231 ], [ 517575.28768, 6418507.36448 ], [ 517582.35523, 6418516.29726 ], [ 517591.45393, 6418529.20939 ], [ 517604.36614, 6418520.11075 ], [ 517610.3269, 6418516.06506 ], [ 517611.35906, 6418520.0527 ], [ 517611.37564, 6418522.05066 ], [ 517610.42641, 6418528.05284 ], [ 517606.47192, 6418533.08092 ], [ 517602.50914, 6418537.11002 ], [ 517593.60117, 6418547.17447 ], [ 517589.62181, 6418549.2056 ], [ 517583.66105, 6418553.25129 ], [ 517579.74802, 6418563.27427 ], [ 517578.7905, 6418568.27747 ], [ 517577.83297, 6418573.28067 ], [ 517576.86715, 6418577.28489 ], [ 517576.95008, 6418587.27471 ], [ 517571.95514, 6418587.31617 ], [ 517557.9776, 6418588.43125 ], [ 517561.0492, 6418597.39721 ], [ 517563.08864, 6418602.37553 ], [ 517568.20796, 6418617.31879 ], [ 517589.18672, 6418617.14464 ], [ 517603.16426, 6418616.02956 ], [ 517621.14604, 6418615.88029 ], [ 517637.12986, 6418615.74761 ], [ 517641.12581, 6418615.71444 ], [ 517636.19721, 6418623.74776 ], [ 517632.24272, 6418628.77584 ], [ 517628.29652, 6418634.8029 ], [ 517671.10375, 6418616.46464 ], [ 517664.83616, 6418583.548 ], [ 517677.25081, 6418514.51047 ], [ 517721.6082, 6418442.21062 ], [ 517689.25083, 6418395.52387 ], [ 517658.20756, 6418386.79011 ], [ 517658.22415, 6418388.78807 ], [ 517656.38373, 6418407.7853 ], [ 517650.38151, 6418406.83608 ], [ 517637.37808, 6418404.94592 ], [ 517627.37991, 6418404.02987 ], [ 517617.38174, 6418403.11381 ], [ 517613.38578, 6418403.14699 ], [ 517605.44364, 6418409.20722 ], [ 517605.46851, 6418412.20416 ], [ 517607.51625, 6418418.18146 ], [ 517608.60645, 6418429.16197 ], [ 517611.64488, 6418434.132 ] ] ] ] } },
{ "type": "Feature", "properties": { "COMMUNE": "Lanquais", "COMMUNAUTE": "CC des Bastides Dordogne Périgord", "INSEE_COMM": 24228, "ID_CDECOMM": 21, "SURFACE_UR": 3.69135, "COVISIBILI": "non", "SITUATION_": "non boise", "SITUATION1": "vallee" }, "geometry": { "type": "MultiPolygon", "coordinates": [ [ [ [ 514178.33853, 6417766.28993 ], [ 514215.25133, 6417759.98931 ], [ 514215.23475, 6417757.99135 ], [ 514227.18944, 6417753.89594 ], [ 514250.1247, 6417748.71036 ], [ 514303.92909, 6417731.28001 ], [ 514325.84878, 6417724.10476 ], [ 514347.75189, 6417714.93154 ], [ 514390.54254, 6417694.59544 ], [ 514404.47863, 6417688.48549 ], [ 514427.39731, 6417681.30194 ], [ 514444.33035, 6417675.16712 ], [ 514477.19745, 6417662.90577 ], [ 514499.11714, 6417655.73051 ], [ 514526.01519, 6417646.51584 ], [ 514574.84122, 6417631.1249 ], [ 514598.75888, 6417623.93306 ], [ 514586.44769, 6417585.07228 ], [ 514576.16765, 6417550.19085 ], [ 514547.27163, 6417559.4221 ], [ 514462.58983, 6417588.09825 ], [ 514393.82551, 6417608.64991 ], [ 514383.86879, 6417612.72873 ], [ 514367.94303, 6417619.85425 ], [ 514314.18839, 6417643.27848 ], [ 514257.44507, 6417667.72657 ], [ 514250.27806, 6417646.806 ], [ 514186.54183, 6417671.31212 ], [ 514132.80376, 6417696.73431 ], [ 514144.94913, 6417715.61547 ], [ 514178.33853, 6417766.28993 ] ] ] ] } },
{ "type": "Feature", "properties": { "COMMUNE": "Saint-Agne", "COMMUNAUTE": "CC des Bastides Dordogne Périgord", "INSEE_COMM": 24361, "ID_CDECOMM": 21, "SURFACE_UR": 4.4595, "COVISIBILI": "non", "SITUATION_": "non boise", "SITUATION1": "vallee" }, "geometry": { "type": "MultiPolygon", "coordinates": [ [ [ [ 512448.41808, 6419144.34863 ], [ 512471.30363, 6419133.16918 ], [ 512452.94882, 6419088.36418 ], [ 512422.32432, 6419009.69325 ], [ 512416.19776, 6418993.75927 ], [ 512413.13448, 6418985.79228 ], [ 512402.9125, 6418957.90367 ], [ 512495.55315, 6418925.16537 ], [ 512615.07531, 6418881.21446 ], [ 512598.68531, 6418832.39696 ], [ 512596.6376, 6418826.41965 ], [ 512584.6829, 6418830.51505 ], [ 512554.80444, 6418841.75252 ], [ 512551.83234, 6418844.77433 ], [ 512277.8566, 6418936.96216 ], [ 512279.89602, 6418941.9405 ], [ 512281.93544, 6418946.91883 ], [ 512273.9684, 6418949.98209 ], [ 512242.09196, 6418961.23613 ], [ 512204.23816, 6418974.53787 ], [ 512216.49956, 6419007.40482 ], [ 512255.35235, 6418994.09479 ], [ 512255.36064, 6418995.09377 ], [ 512259.43948, 6419005.05044 ], [ 512265.56604, 6419020.98442 ], [ 512296.43521, 6419008.73968 ], [ 512306.39193, 6419004.66086 ], [ 512328.86703, 6419064.41744 ], [ 512371.75293, 6419175.95532 ], [ 512448.41808, 6419144.34863 ] ] ] ] } },
{ "type": "Feature", "properties": { "COMMUNE": "Saint-Agne", "COMMUNAUTE": "CC des Bastides Dordogne Périgord", "INSEE_COMM": 24361, "ID_CDECOMM": 21, "SURFACE_UR": 2.95935, "COVISIBILI": "non", "SITUATION_": "non boise", "SITUATION1": "plateau plaine" }, "geometry": { "type": "MultiPolygon", "coordinates": [ [ [ [ 513520.62774, 6417124.36358 ], [ 513517.61419, 6417122.39049 ], [ 513511.5954, 6417119.44328 ], [ 513508.57357, 6417116.47121 ], [ 513500.52364, 6417109.54466 ], [ 513496.5194, 6417108.57884 ], [ 513489.50991, 6417106.6389 ], [ 513478.49619, 6417103.73315 ], [ 513473.46809, 6417099.77867 ], [ 513461.43051, 6417093.88426 ], [ 513381.47418, 6417210.43748 ], [ 513368.92671, 6417263.49123 ], [ 513348.27128, 6417302.62556 ], [ 513344.33336, 6417309.65158 ], [ 513343.34266, 6417310.65885 ], [ 513341.38614, 6417315.67034 ], [ 513339.42132, 6417319.68284 ], [ 513337.45651, 6417323.69534 ], [ 513311.86417, 6417369.86399 ], [ 513352.01433, 6417392.50897 ], [ 513357.04243, 6417396.46345 ], [ 513364.87682, 6417377.41649 ], [ 513368.80645, 6417369.39149 ], [ 513403.10361, 6417409.06888 ], [ 513423.7922, 6417373.93047 ], [ 513446.45389, 6417335.77853 ], [ 513456.29454, 6417317.71398 ], [ 513464.1538, 6417301.66397 ], [ 513466.10204, 6417295.65351 ], [ 513499.38783, 6417213.45524 ], [ 513496.18362, 6417188.50559 ], [ 513499.13913, 6417183.48581 ], [ 513498.14014, 6417183.4941 ], [ 513519.65362, 6417127.36881 ], [ 513520.62774, 6417124.36358 ] ] ] ] } },
{ "type": "Feature", "properties": { "COMMUNE": "Lanquais", "COMMUNAUTE": "CC des Bastides Dordogne Périgord", "INSEE_COMM": 24228, "ID_CDECOMM": 21, "SURFACE_UR": 1.32545, "COVISIBILI": "oui", "SITUATION_": "non boise", "SITUATION1": "ligne de crete" }, "geometry": { "type": "MultiPolygon", "coordinates": [ [ [ [ 516954.16597, 6414209.61717 ], [ 516958.12045, 6414204.58911 ], [ 516966.0377, 6414195.53197 ], [ 516960.99302, 6414189.57956 ], [ 516947.89841, 6414176.70063 ], [ 516943.86101, 6414171.73891 ], [ 516929.74254, 6414155.87134 ], [ 516912.59395, 6414136.03274 ], [ 516908.59801, 6414136.06591 ], [ 516898.57499, 6414132.15292 ], [ 516899.54909, 6414129.14769 ], [ 516904.32013, 6414102.13382 ], [ 516878.3631, 6414104.34736 ], [ 516879.24599, 6414090.35338 ], [ 516854.22161, 6414084.5668 ], [ 516783.06977, 6414058.18312 ], [ 516769.3742, 6414093.26344 ], [ 516764.48708, 6414106.29162 ], [ 516753.747, 6414136.35218 ], [ 516745.93755, 6414158.39604 ], [ 516753.92943, 6414158.3297 ], [ 516765.94213, 6414161.22714 ], [ 516778.92064, 6414160.12036 ], [ 516808.85703, 6414155.87569 ], [ 516812.83639, 6414153.84457 ], [ 516818.66446, 6414133.81525 ], [ 516820.64584, 6414131.80071 ], [ 516824.60862, 6414127.77163 ], [ 516860.65501, 6414137.4629 ], [ 516869.67075, 6414140.38521 ], [ 516877.6958, 6414144.31479 ], [ 516876.72999, 6414148.31899 ], [ 516870.85217, 6414162.35444 ], [ 516874.86469, 6414164.31923 ], [ 516878.86892, 6414165.28504 ], [ 516880.87519, 6414166.26743 ], [ 516918.16933, 6414205.91977 ], [ 516937.26614, 6414219.74791 ], [ 516936.27545, 6414220.75519 ], [ 516945.30778, 6414225.67545 ], [ 516955.19812, 6414213.60479 ], [ 516957.17951, 6414211.59025 ], [ 516954.16597, 6414209.61717 ] ] ] ] } },
{ "type": "Feature", "properties": { "COMMUNE": "Lanquais", "COMMUNAUTE": "CC des Bastides Dordogne Périgord", "INSEE_COMM": 24228, "ID_CDECOMM": 21, "SURFACE_UR": 11.0283, "COVISIBILI": "oui", "SITUATION_": "non boise", "SITUATION1": "pente" }, "geometry": { "type": "MultiPolygon", "coordinates": [ [ [ [ 515940.98571, 6415998.33 ], [ 515943.93292, 6415992.31124 ], [ 515953.7155, 6415967.25384 ], [ 515955.64714, 6415959.24542 ], [ 515959.527, 6415945.22653 ], [ 515963.36541, 6415926.21275 ], [ 515964.26489, 6415914.21671 ], [ 515966.08045, 6415892.22257 ], [ 515966.00583, 6415883.23175 ], [ 515965.88974, 6415869.24604 ], [ 515961.58701, 6415832.31696 ], [ 515961.47922, 6415819.33022 ], [ 515959.38175, 6415807.35905 ], [ 515958.20864, 6415786.38877 ], [ 515956.01167, 6415762.42984 ], [ 515953.88932, 6415747.46173 ], [ 515952.824, 6415739.47819 ], [ 515840.79658, 6415723.42416 ], [ 515767.77109, 6415712.04167 ], [ 515758.77192, 6415711.11731 ], [ 515722.75867, 6415705.42191 ], [ 515719.35543, 6415656.49679 ], [ 515703.98094, 6415609.66912 ], [ 515698.86993, 6415595.72487 ], [ 515682.88615, 6415595.85752 ], [ 515590.1048, 6415611.61329 ], [ 515527.39254, 6415639.10807 ], [ 515525.40286, 6415640.12363 ], [ 515524.64432, 6415669.10233 ], [ 515522.96142, 6415707.08014 ], [ 515523.03604, 6415716.07095 ], [ 515522.34383, 6415753.04149 ], [ 515521.51067, 6415773.02937 ], [ 515530.82491, 6415811.91496 ], [ 515540.99718, 6415833.8096 ], [ 515572.56273, 6415905.47911 ], [ 515621.43844, 6415896.08203 ], [ 515638.39634, 6415892.94414 ], [ 515641.64204, 6415922.88866 ], [ 515652.61431, 6415920.7995 ], [ 515667.60739, 6415921.67411 ], [ 515668.64784, 6415926.66072 ], [ 515704.54502, 6415918.3704 ], [ 515707.67464, 6415934.3292 ], [ 515708.74825, 6415943.31173 ], [ 515767.67186, 6415940.82458 ], [ 515768.59623, 6415931.82548 ], [ 515767.55578, 6415926.83887 ], [ 515773.54141, 6415925.79014 ], [ 515805.55043, 6415930.51972 ], [ 515816.55586, 6415932.42648 ], [ 515830.57484, 6415936.30632 ], [ 515855.58267, 6415940.09495 ], [ 515872.60689, 6415944.9489 ], [ 515883.61233, 6415946.85566 ], [ 515902.63452, 6415951.69302 ], [ 515924.65368, 6415956.50551 ], [ 515911.94877, 6415990.57861 ], [ 515940.98571, 6415998.33 ] ] ] ] } },
{ "type": "Feature", "properties": { "COMMUNE": "Lanquais", "COMMUNAUTE": "CC des Bastides Dordogne Périgord", "INSEE_COMM": 24228, "ID_CDECOMM": 21, "SURFACE_UR": 3.84625, "COVISIBILI": "non", "SITUATION_": "clairiere", "SITUATION1": "pente" }, "geometry": { "type": "MultiPolygon", "coordinates": [ [ [ [ 516588.4612, 6415768.17004 ], [ 516610.43061, 6415766.98864 ], [ 516616.41623, 6415765.93991 ], [ 516708.2981, 6415762.18012 ], [ 516710.10535, 6415739.187 ], [ 516710.03901, 6415731.19517 ], [ 516709.98097, 6415724.20231 ], [ 516718.97185, 6415724.12768 ], [ 516732.97424, 6415726.00955 ], [ 516763.99257, 6415731.74638 ], [ 516780.00122, 6415734.61065 ], [ 516788.9921, 6415734.53602 ], [ 516794.96943, 6415732.48831 ], [ 516806.89922, 6415725.39595 ], [ 516810.83712, 6415718.36992 ], [ 516814.7999, 6415714.34084 ], [ 516822.68399, 6415701.28777 ], [ 516825.64778, 6415697.26698 ], [ 516830.59296, 6415691.23164 ], [ 516837.5527, 6415687.17768 ], [ 516846.5104, 6415683.10713 ], [ 516852.47115, 6415679.06146 ], [ 516860.41329, 6415673.00125 ], [ 516828.38768, 6415666.27374 ], [ 516793.37341, 6415660.57008 ], [ 516788.57749, 6415684.58705 ], [ 516780.57731, 6415683.6544 ], [ 516747.54443, 6415675.9362 ], [ 516755.32901, 6415650.89538 ], [ 516762.1312, 6415627.86081 ], [ 516769.90749, 6415601.82101 ], [ 516740.86227, 6415593.07066 ], [ 516731.088, 6415619.12704 ], [ 516724.35215, 6415650.15345 ], [ 516631.25571, 6415627.94807 ], [ 516628.24217, 6415625.97499 ], [ 516604.11725, 6415608.19236 ], [ 516597.09117, 6415604.25448 ], [ 516568.9786, 6415587.50401 ], [ 516561.21059, 6415614.54278 ], [ 516551.52753, 6415651.58794 ], [ 516538.90556, 6415695.65083 ], [ 516531.93753, 6415698.70581 ], [ 516525.9519, 6415699.75454 ], [ 516514.01382, 6415705.84792 ], [ 516499.08707, 6415712.96515 ], [ 516486.15829, 6415720.0658 ], [ 516479.23173, 6415728.11568 ], [ 516472.24711, 6415729.1727 ], [ 516457.30378, 6415734.29198 ], [ 516447.32221, 6415735.37387 ], [ 516436.32507, 6415734.4661 ], [ 516431.33843, 6415735.50654 ], [ 516423.3797, 6415739.56879 ], [ 516452.58248, 6415767.29976 ], [ 516504.55464, 6415769.86553 ], [ 516566.50838, 6415771.3494 ], [ 516588.4612, 6415768.17004 ] ] ] ] } },
{ "type": "Feature", "properties": { "COMMUNE": "Saint-Agne", "COMMUNAUTE": "CC des Bastides Dordogne Périgord", "INSEE_COMM": 24361, "ID_CDECOMM": 21, "SURFACE_UR": 11.4582, "COVISIBILI": "oui", "SITUATION_": "non boise", "SITUATION1": "vallee" }, "geometry": { "type": "MultiPolygon", "coordinates": [ [ [ [ 512941.34306, 6417987.35419 ], [ 512943.4488, 6418000.32437 ], [ 512930.47854, 6418002.43009 ], [ 512919.49796, 6418003.52026 ], [ 512915.55175, 6418009.5473 ], [ 512892.5999, 6418012.7349 ], [ 512903.95351, 6418056.5989 ], [ 512922.29174, 6418099.40589 ], [ 512913.33401, 6418103.47642 ], [ 512884.44626, 6418113.70663 ], [ 512855.55851, 6418123.93683 ], [ 512819.68613, 6418135.22403 ], [ 512811.7191, 6418138.28729 ], [ 512796.75915, 6418141.40857 ], [ 512791.7725, 6418142.449 ], [ 512789.77453, 6418142.46558 ], [ 512763.81742, 6418144.67906 ], [ 512742.85526, 6418146.85109 ], [ 512732.86538, 6418146.93398 ], [ 512727.87044, 6418146.97543 ], [ 512713.8929, 6418148.09046 ], [ 512705.901, 6418148.15677 ], [ 512696.90182, 6418147.23239 ], [ 512684.90568, 6418146.33288 ], [ 512674.4433, 6418089.47382 ], [ 512671.34687, 6418077.51091 ], [ 512702.27404, 6418072.25904 ], [ 512701.21702, 6418065.27446 ], [ 512689.82198, 6418016.41555 ], [ 512624.99554, 6418029.9411 ], [ 512628.10026, 6418042.90299 ], [ 512600.1369, 6418044.13406 ], [ 512572.16524, 6418044.36615 ], [ 512563.80861, 6418000.47728 ], [ 512527.88649, 6418005.77059 ], [ 512519.62105, 6417972.87051 ], [ 512464.74304, 6417981.31825 ], [ 512467.86434, 6417996.27811 ], [ 512472.09239, 6418024.21643 ], [ 512416.04132, 6418011.69385 ], [ 512325.95006, 6417990.46225 ], [ 512322.94481, 6417989.48814 ], [ 512327.50443, 6418057.38572 ], [ 512279.54473, 6418056.7846 ], [ 512175.63342, 6418055.64866 ], [ 512166.63425, 6418054.72428 ], [ 512144.65652, 6418054.90663 ], [ 512133.65936, 6418053.99882 ], [ 512132.38683, 6418021.04072 ], [ 512124.39493, 6418021.10703 ], [ 512122.39696, 6418021.12361 ], [ 512122.34722, 6418015.12972 ], [ 512122.27262, 6418006.13889 ], [ 512121.27363, 6418006.14717 ], [ 512132.14645, 6417992.07026 ], [ 512065.18941, 6417989.62865 ], [ 512069.32627, 6418006.57818 ], [ 512072.44757, 6418021.53804 ], [ 512077.59171, 6418039.47826 ], [ 512078.59899, 6418040.46895 ], [ 512080.65499, 6418047.44525 ], [ 512066.66087, 6418046.56231 ], [ 512053.64916, 6418043.67311 ], [ 512048.64594, 6418042.71557 ], [ 512031.63828, 6418039.85954 ], [ 511997.65612, 6418038.14338 ], [ 511996.54506, 6418145.05098 ], [ 512050.49869, 6418145.60238 ], [ 512066.77261, 6418180.43412 ], [ 512084.35222, 6418252.21989 ], [ 512118.14374, 6418230.95946 ], [ 512127.13463, 6418230.88486 ], [ 512127.08489, 6418224.89097 ], [ 512122.94803, 6418207.94144 ], [ 512122.92316, 6418204.9445 ], [ 512157.85458, 6418200.65847 ], [ 512166.83718, 6418199.58489 ], [ 512226.735, 6418194.09266 ], [ 512208.0818, 6418113.32435 ], [ 512280.07523, 6418120.71941 ], [ 512325.05455, 6418123.34336 ], [ 512338.0331, 6418122.23663 ], [ 512370.99141, 6418120.96412 ], [ 512363.56746, 6418069.0751 ], [ 512364.49184, 6418060.07598 ], [ 512404.47622, 6418062.74137 ], [ 512429.46749, 6418064.53211 ], [ 512449.48869, 6418069.36124 ], [ 512463.50768, 6418073.24112 ], [ 512473.52242, 6418076.15518 ], [ 512482.54647, 6418080.07651 ], [ 512502.59254, 6418087.90258 ], [ 512523.64589, 6418096.71935 ], [ 512540.69499, 6418104.57029 ], [ 512547.71278, 6418107.50921 ], [ 512569.76511, 6418116.31768 ], [ 512581.78612, 6418120.21414 ], [ 512615.85118, 6418131.9201 ], [ 512628.87118, 6418135.80826 ], [ 512646.88612, 6418139.65499 ], [ 512666.38083, 6418201.43435 ], [ 512794.16009, 6418189.38455 ], [ 512854.96571, 6418172.89521 ], [ 512893.86821, 6418165.57906 ], [ 512983.66935, 6418151.84627 ], [ 512986.64973, 6418149.82344 ], [ 512995.82299, 6418171.72643 ], [ 513001.96613, 6418189.65836 ], [ 513048.71132, 6418164.29423 ], [ 513087.51434, 6418144.99029 ], [ 513040.73193, 6418045.47346 ], [ 513013.9956, 6417953.78269 ], [ 512941.34306, 6417987.35419 ] ] ] ] } },
{ "type": "Feature", "properties": { "COMMUNE": "Saint-Agne", "COMMUNAUTE": "CC des Bastides Dordogne Périgord", "INSEE_COMM": 24361, "ID_CDECOMM": 21, "SURFACE_UR": 9.73555, "COVISIBILI": "oui", "SITUATION_": "non boise", "SITUATION1": "vallee" }, "geometry": { "type": "MultiPolygon", "coordinates": [ [ [ [ 513645.04894, 6418393.12363 ], [ 513645.02407, 6418390.12669 ], [ 513626.90136, 6418373.29322 ], [ 513625.89408, 6418372.30253 ], [ 513607.77966, 6418356.46804 ], [ 513604.75782, 6418353.49596 ], [ 513603.75054, 6418352.50527 ], [ 513583.62157, 6418334.68939 ], [ 513582.62258, 6418334.69768 ], [ 513581.60701, 6418332.70801 ], [ 513577.58619, 6418329.74422 ], [ 513573.55708, 6418325.78146 ], [ 513569.51138, 6418319.82073 ], [ 513568.50411, 6418318.83003 ], [ 513566.49784, 6418317.84763 ], [ 513564.49986, 6418317.86421 ], [ 513561.5029, 6418317.88908 ], [ 513559.51321, 6418318.90464 ], [ 513556.53283, 6418320.92747 ], [ 513554.55144, 6418322.94202 ], [ 513553.56903, 6418324.94827 ], [ 513551.58763, 6418326.96281 ], [ 513548.61554, 6418329.98463 ], [ 513546.62585, 6418331.00019 ], [ 513543.63718, 6418332.02404 ], [ 513542.63819, 6418332.03233 ], [ 513539.64123, 6418332.0572 ], [ 513538.64224, 6418332.06549 ], [ 513535.65356, 6418333.08934 ], [ 513534.65458, 6418333.09763 ], [ 513533.65559, 6418333.10592 ], [ 513532.66489, 6418334.11319 ], [ 513531.69077, 6418337.11842 ], [ 513530.71666, 6418340.12366 ], [ 513530.72495, 6418341.12264 ], [ 513529.73425, 6418342.12991 ], [ 513529.74254, 6418343.12889 ], [ 513529.75912, 6418345.12685 ], [ 513530.78297, 6418348.11551 ], [ 513530.79955, 6418350.11347 ], [ 513529.80886, 6418351.12074 ], [ 513529.81715, 6418352.11973 ], [ 513526.82018, 6418352.14459 ], [ 513523.81493, 6418351.17048 ], [ 513518.80341, 6418349.21397 ], [ 513500.75531, 6418341.37133 ], [ 513491.73955, 6418338.44899 ], [ 513489.73328, 6418337.46659 ], [ 513463.6684, 6418326.69332 ], [ 513460.66315, 6418325.71921 ], [ 513446.62758, 6418319.84137 ], [ 513412.53764, 6418305.1385 ], [ 513409.53239, 6418304.16438 ], [ 513407.53441, 6418304.18096 ], [ 513401.52391, 6418302.23274 ], [ 513393.50713, 6418299.30211 ], [ 513386.50593, 6418298.36115 ], [ 513385.49865, 6418297.37046 ], [ 513380.49542, 6418296.41293 ], [ 513366.49301, 6418294.53102 ], [ 513346.48838, 6418291.69987 ], [ 513334.49224, 6418290.80036 ], [ 513332.48597, 6418289.81796 ], [ 513319.48255, 6418287.92776 ], [ 513317.48457, 6418287.94434 ], [ 513311.48236, 6418286.99509 ], [ 513307.47812, 6418286.02927 ], [ 513300.46033, 6418283.09035 ], [ 513299.46134, 6418283.09864 ], [ 513298.45406, 6418282.10795 ], [ 513293.42597, 6418278.15347 ], [ 513292.41869, 6418277.16278 ], [ 513291.41141, 6418276.17208 ], [ 513290.39584, 6418274.18241 ], [ 513287.34914, 6418268.21339 ], [ 513286.33357, 6418266.22372 ], [ 513285.3263, 6418265.23302 ], [ 513284.30244, 6418262.24437 ], [ 513282.2713, 6418258.26502 ], [ 513281.23087, 6418253.2784 ], [ 513280.22359, 6418252.28771 ], [ 513279.18315, 6418247.30109 ], [ 513277.13544, 6418241.32378 ], [ 513273.05659, 6418231.36712 ], [ 513273.0483, 6418230.36814 ], [ 513273.04001, 6418229.36916 ], [ 513270.984, 6418222.39287 ], [ 513269.95186, 6418218.40523 ], [ 513269.94357, 6418217.40625 ], [ 513268.90313, 6418212.41963 ], [ 513266.83054, 6418203.44538 ], [ 513264.74138, 6418192.47316 ], [ 513263.68436, 6418185.48858 ], [ 513261.60349, 6418175.51534 ], [ 513258.40757, 6418151.56466 ], [ 513258.39928, 6418150.56567 ], [ 513257.35884, 6418145.57906 ], [ 513257.34227, 6418143.58109 ], [ 513257.33398, 6418142.58211 ], [ 513257.32569, 6418141.58313 ], [ 513257.3174, 6418140.58415 ], [ 513256.26867, 6418134.59855 ], [ 513254.20438, 6418126.62328 ], [ 513251.12451, 6418116.65833 ], [ 513251.10793, 6418114.66037 ], [ 513253.07275, 6418110.64786 ], [ 513253.99713, 6418101.64874 ], [ 513169.20752, 6418117.33806 ], [ 513176.41596, 6418143.25356 ], [ 513177.43982, 6418146.24221 ], [ 513183.57467, 6418163.17516 ], [ 513186.66282, 6418174.13909 ], [ 513194.84539, 6418197.04935 ], [ 513198.89937, 6418204.00906 ], [ 513210.03745, 6418221.89955 ], [ 513220.15168, 6418236.80137 ], [ 513215.61268, 6418291.78681 ], [ 513208.63634, 6418293.8428 ], [ 513185.80055, 6418311.01614 ], [ 513169.90793, 6418322.13757 ], [ 513164.92957, 6418324.17698 ], [ 513153.98215, 6418329.26307 ], [ 513148.03796, 6418335.3067 ], [ 513144.05859, 6418337.33782 ], [ 513142.07719, 6418339.35236 ], [ 513159.40816, 6418381.16867 ], [ 513162.47973, 6418390.13464 ], [ 513166.55858, 6418400.0913 ], [ 513175.73184, 6418421.99429 ], [ 513126.94723, 6418442.3801 ], [ 513117.18946, 6418470.43449 ], [ 513137.5837, 6418520.21779 ], [ 513140.66357, 6418530.18274 ], [ 513138.68217, 6418532.19728 ], [ 513117.93553, 6418560.34285 ], [ 513096.18162, 6418587.49772 ], [ 513090.25401, 6418595.53931 ], [ 513078.40707, 6418612.62148 ], [ 513068.55812, 6418629.68706 ], [ 513099.4853, 6418624.43518 ], [ 513098.47802, 6418623.44449 ], [ 513110.4493, 6418621.34705 ], [ 513139.36193, 6418614.11379 ], [ 513168.26626, 6418605.88154 ], [ 513170.25595, 6418604.86598 ], [ 513204.08891, 6418588.60043 ], [ 513219.02399, 6418582.48219 ], [ 513238.91257, 6418571.32761 ], [ 513260.79912, 6418560.15644 ], [ 513279.69699, 6418550.00912 ], [ 513321.44724, 6418524.68641 ], [ 513341.32753, 6418512.53284 ], [ 513270.24608, 6418374.25465 ], [ 513404.61206, 6418313.19667 ], [ 513465.7368, 6418455.55367 ], [ 513507.57823, 6418441.21976 ], [ 513530.01192, 6418495.98138 ], [ 513575.83273, 6418479.61634 ], [ 513605.71118, 6418468.37885 ], [ 513609.77345, 6418476.33755 ], [ 513616.88243, 6418490.26526 ], [ 513620.93641, 6418497.22497 ], [ 513644.29448, 6418542.98747 ], [ 513696.07605, 6418522.57677 ], [ 513683.88094, 6418497.7017 ], [ 513672.68482, 6418472.81835 ], [ 513639.11305, 6418400.16625 ], [ 513645.04894, 6418393.12363 ] ] ] ] } },
{ "type": "Feature", "properties": { "COMMUNE": "Lanquais", "COMMUNAUTE": "CC des Bastides Dordogne Périgord", "INSEE_COMM": 24228, "ID_CDECOMM": 21, "SURFACE_UR": 2.7764, "COVISIBILI": "non", "SITUATION_": "clairiere", "SITUATION1": "plateau plaine" }, "geometry": { "type": "MultiPolygon", "coordinates": [ [ [ [ 516930.14949, 6416732.41305 ], [ 516935.03663, 6416719.38485 ], [ 516957.54896, 6416663.25124 ], [ 516965.37501, 6416643.2053 ], [ 516954.41103, 6416646.29345 ], [ 516929.46953, 6416650.49668 ], [ 516896.53613, 6416654.76624 ], [ 516872.59361, 6416658.96117 ], [ 516861.62134, 6416661.05034 ], [ 516852.65534, 6416664.12191 ], [ 516831.74295, 6416672.28788 ], [ 516813.82752, 6416680.42898 ], [ 516806.86778, 6416684.48295 ], [ 516781.00192, 6416697.68528 ], [ 516761.1051, 6416707.84093 ], [ 516751.16499, 6416713.91773 ], [ 516739.24348, 6416722.00907 ], [ 516716.41604, 6416740.18143 ], [ 516709.46459, 6416745.23438 ], [ 516694.52954, 6416751.35264 ], [ 516685.56353, 6416754.42421 ], [ 516668.59734, 6416756.56313 ], [ 516664.60968, 6416757.59528 ], [ 516644.79579, 6416777.74073 ], [ 516639.08379, 6416811.75581 ], [ 516644.33578, 6416842.68274 ], [ 516648.29856, 6416838.65365 ], [ 516659.1962, 6416827.57365 ], [ 516685.96155, 6416802.37526 ], [ 516704.10916, 6416822.20561 ], [ 516738.84982, 6416794.94293 ], [ 516755.06579, 6416822.7817 ], [ 516809.79448, 6416796.35215 ], [ 516930.14949, 6416732.41305 ] ] ] ] } },
{ "type": "Feature", "properties": { "COMMUNE": "Saint-Capraise-de-Lalinde", "COMMUNAUTE": "CC des Bastides Dordogne Périgord", "INSEE_COMM": 24382, "ID_CDECOMM": 21, "SURFACE_UR": 6.1547, "COVISIBILI": "oui", "SITUATION_": "non boise", "SITUATION1": "plateau plaine" }, "geometry": { "type": "MultiPolygon", "coordinates": [ [ [ [ 514791.90005, 6419468.57554 ], [ 514794.93847, 6419473.54558 ], [ 514805.05271, 6419488.44741 ], [ 514816.2157, 6419509.33484 ], [ 514821.27697, 6419517.28525 ], [ 514825.31438, 6419522.247 ], [ 514849.51396, 6419549.02054 ], [ 514873.72183, 6419576.79308 ], [ 514880.78108, 6419584.7269 ], [ 514884.81849, 6419589.68865 ], [ 514902.01686, 6419615.52125 ], [ 514916.1851, 6419637.3828 ], [ 514923.27751, 6419649.31255 ], [ 514926.28277, 6419650.28666 ], [ 514929.27974, 6419650.26179 ], [ 514935.27367, 6419650.21204 ], [ 514949.23464, 6419647.09902 ], [ 514976.16588, 6419641.88026 ], [ 514983.14222, 6419639.82426 ], [ 514999.10117, 6419636.69466 ], [ 515025.04172, 6419632.48317 ], [ 515041.00066, 6419629.35356 ], [ 515071.92786, 6419624.10163 ], [ 515098.85081, 6419617.88388 ], [ 515107.83342, 6419616.81028 ], [ 515117.81502, 6419615.72839 ], [ 515126.79762, 6419614.65479 ], [ 515163.7685, 6419615.34701 ], [ 515195.72785, 6419614.08271 ], [ 515221.70156, 6419613.86715 ], [ 515235.69569, 6419614.75006 ], [ 515247.69185, 6419615.64955 ], [ 515252.26395, 6419564.65999 ], [ 515182.33474, 6419565.24036 ], [ 515133.3677, 6419563.64865 ], [ 515133.376, 6419564.64763 ], [ 515092.39258, 6419561.99061 ], [ 515076.40876, 6419562.12327 ], [ 515078.31554, 6419551.11788 ], [ 515074.24497, 6419542.1602 ], [ 515065.26236, 6419543.2338 ], [ 515060.85186, 6419493.31784 ], [ 515055.6828, 6419472.38067 ], [ 515049.3904, 6419436.46705 ], [ 514989.5174, 6419444.95636 ], [ 514986.40436, 6419430.99548 ], [ 514952.46362, 6419434.27431 ], [ 514952.42217, 6419429.2794 ], [ 514934.46525, 6419432.42558 ], [ 514931.40195, 6419424.45859 ], [ 514925.30024, 6419411.52157 ], [ 514917.19226, 6419397.60214 ], [ 514906.05415, 6419379.71166 ], [ 514895.94819, 6419365.80881 ], [ 514888.87236, 6419355.87703 ], [ 514883.82767, 6419349.92459 ], [ 514883.68673, 6419332.94189 ], [ 514820.20745, 6419388.41652 ], [ 514791.90005, 6419468.57554 ] ] ] ] } },
{ "type": "Feature", "properties": { "COMMUNE": "Lalinde", "COMMUNAUTE": "CC des Bastides Dordogne Périgord", "INSEE_COMM": 24223, "ID_CDECOMM": 21, "SURFACE_UR": 4.2936, "COVISIBILI": "oui", "SITUATION_": "non boise", "SITUATION1": "pente" }, "geometry": { "type": "MultiPolygon", "coordinates": [ [ [ [ 518541.81293, 6418078.74238 ], [ 518538.76622, 6418072.77336 ], [ 518494.88551, 6418082.12884 ], [ 518485.91123, 6418084.20139 ], [ 518474.94727, 6418087.2895 ], [ 518469.91917, 6418083.33501 ], [ 518463.90867, 6418081.38678 ], [ 518440.84079, 6418070.5886 ], [ 518432.82403, 6418067.65796 ], [ 518423.82487, 6418066.73357 ], [ 518418.82994, 6418066.775 ], [ 518381.88408, 6418069.0796 ], [ 518364.90962, 6418070.21947 ], [ 518358.91571, 6418070.2692 ], [ 518367.19785, 6418105.16724 ], [ 518383.15674, 6418102.03769 ], [ 518387.15268, 6418102.00454 ], [ 518436.03661, 6418093.6066 ], [ 518439.19943, 6418113.56136 ], [ 518440.22329, 6418116.55002 ], [ 518441.29691, 6418125.53256 ], [ 518448.28152, 6418124.47557 ], [ 518475.21265, 6418119.2569 ], [ 518484.49378, 6418154.14665 ], [ 518489.68775, 6418178.08075 ], [ 518491.77694, 6418189.05297 ], [ 518499.05181, 6418222.96032 ], [ 518499.08498, 6418226.95624 ], [ 518531.99344, 6418219.68988 ], [ 518539.23514, 6418249.6013 ], [ 518543.39694, 6418269.54778 ], [ 518547.55875, 6418289.49425 ], [ 518549.63136, 6418298.46851 ], [ 518555.86577, 6418327.38924 ], [ 518555.87407, 6418328.38822 ], [ 518556.90622, 6418332.37585 ], [ 518561.05144, 6418350.32437 ], [ 518564.20597, 6418369.28015 ], [ 518568.35119, 6418387.22866 ], [ 518595.28233, 6418382.00999 ], [ 518634.17641, 6418373.69492 ], [ 518641.16102, 6418372.63792 ], [ 518642.17659, 6418374.62759 ], [ 518729.86338, 6418346.92578 ], [ 518714.53857, 6418306.09186 ], [ 518702.26048, 6418271.22697 ], [ 518695.1183, 6418253.30333 ], [ 518659.20459, 6418259.59557 ], [ 518646.99285, 6418232.72253 ], [ 518645.96899, 6418229.73388 ], [ 518634.75623, 6418202.85255 ], [ 518622.56108, 6418177.97748 ], [ 518609.38352, 6418155.10865 ], [ 518580.14757, 6418123.3816 ], [ 518556.98845, 6418101.59463 ], [ 518541.81293, 6418078.74238 ] ] ] ] } },
{ "type": "Feature", "properties": { "COMMUNE": "Pontours", "COMMUNAUTE": "CC des Bastides Dordogne Périgord", "INSEE_COMM": 24334, "ID_CDECOMM": 21, "SURFACE_UR": 0.88125, "COVISIBILI": "oui", "SITUATION_": "non boise", "SITUATION1": "plateau plaine" }, "geometry": { "type": "MultiPolygon", "coordinates": [ [ [ [ 522333.67556, 6416448.80062 ], [ 522263.69688, 6416443.38707 ], [ 522261.02343, 6416482.37216 ], [ 522252.38925, 6416525.40291 ], [ 522224.73289, 6416563.59628 ], [ 522294.70329, 6416568.01085 ], [ 522300.65572, 6416562.9662 ], [ 522317.52232, 6416548.83955 ], [ 522323.4001, 6416534.80409 ], [ 522326.3224, 6416525.7884 ], [ 522330.01972, 6416489.79196 ], [ 522333.67556, 6416448.80062 ] ] ] ] } },
{ "type": "Feature", "properties": { "COMMUNE": "Bayac", "COMMUNAUTE": "CC des Bastides Dordogne Périgord", "INSEE_COMM": 24027, "ID_CDECOMM": 21, "SURFACE_UR": 1.8678, "COVISIBILI": "oui", "SITUATION_": "clairiere", "SITUATION1": "pente" }, "geometry": { "type": "MultiPolygon", "coordinates": [ [ [ [ 520053.15098, 6415162.96758 ], [ 520083.9536, 6415142.73105 ], [ 520050.57244, 6415093.05563 ], [ 520040.40843, 6415072.15996 ], [ 520014.5012, 6415080.3673 ], [ 520014.4929, 6415079.36832 ], [ 520004.35378, 6415061.46959 ], [ 519974.73632, 6414983.78962 ], [ 519875.07017, 6415012.58989 ], [ 519886.37416, 6415050.45991 ], [ 519892.35147, 6415048.41222 ], [ 519897.51227, 6415068.35036 ], [ 519909.84842, 6415110.208 ], [ 519949.73313, 6415100.88565 ], [ 519951.78086, 6415106.86294 ], [ 519961.02882, 6415137.75669 ], [ 519966.07351, 6415143.70912 ], [ 519970.06115, 6415142.67699 ], [ 519983.2304, 6415164.54677 ], [ 519996.15084, 6415156.44718 ], [ 520009.22057, 6415166.32922 ], [ 520038.00864, 6415144.11131 ], [ 520053.15098, 6415162.96758 ] ] ] ] } },
{ "type": "Feature", "properties": { "COMMUNE": "Molières", "COMMUNAUTE": "CC des Bastides Dordogne Périgord", "INSEE_COMM": 24273, "ID_CDECOMM": 21, "SURFACE_UR": 0.981, "COVISIBILI": "non", "SITUATION_": "clairiere", "SITUATION1": "ligne de crete" }, "geometry": { "type": "MultiPolygon", "coordinates": [ [ [ [ 525992.20063, 6416327.5205 ], [ 526005.17913, 6416326.41371 ], [ 526028.12259, 6416322.22705 ], [ 526037.10515, 6416321.15343 ], [ 526051.07434, 6416319.03936 ], [ 526055.06198, 6416318.00721 ], [ 526071.60837, 6416145.03444 ], [ 526042.7042, 6416153.26678 ], [ 526020.76803, 6416158.44413 ], [ 526020.79292, 6416161.44107 ], [ 526019.89349, 6416173.43712 ], [ 526017.97019, 6416182.44452 ], [ 526014.14019, 6416202.45729 ], [ 526012.22519, 6416212.46367 ], [ 526010.29359, 6416220.4721 ], [ 526003.49152, 6416243.50668 ], [ 526000.57754, 6416253.52136 ], [ 525998.62935, 6416259.53182 ], [ 525996.70605, 6416268.53923 ], [ 525994.79934, 6416279.54459 ], [ 525993.85844, 6416286.54574 ], [ 525992.92582, 6416294.54587 ], [ 525992.0264, 6416306.54192 ], [ 525992.13426, 6416319.52866 ], [ 525992.20063, 6416327.5205 ] ] ] ] } },
{ "type": "Feature", "properties": { "COMMUNE": "Badefols-sur-Dordogne", "COMMUNAUTE": "CC des Bastides Dordogne Périgord", "INSEE_COMM": 24022, "ID_CDECOMM": 21, "SURFACE_UR": 0.76015, "COVISIBILI": "non", "SITUATION_": "clairiere", "SITUATION1": "plateau plaine" }, "geometry": { "type": "MultiPolygon", "coordinates": [ [ [ [ 526078.30316, 6418154.06694 ], [ 526083.34787, 6418160.01936 ], [ 526088.36768, 6418162.97484 ], [ 526094.39478, 6418166.92101 ], [ 526130.53248, 6418187.60105 ], [ 526143.58567, 6418195.48509 ], [ 526167.67747, 6418209.27179 ], [ 526208.15461, 6418150.99097 ], [ 526117.78136, 6418095.79431 ], [ 526078.30316, 6418154.06694 ] ] ] ] } },
{ "type": "Feature", "properties": { "COMMUNE": "Badefols-sur-Dordogne", "COMMUNAUTE": "CC des Bastides Dordogne Périgord", "INSEE_COMM": 24022, "ID_CDECOMM": 21, "SURFACE_UR": 1.86305, "COVISIBILI": "non", "SITUATION_": "clairiere", "SITUATION1": "plateau plaine" }, "geometry": { "type": "MultiPolygon", "coordinates": [ [ [ [ 526006.88232, 6418215.60191 ], [ 526077.18464, 6418259.97553 ], [ 526102.83469, 6418220.79964 ], [ 526145.96528, 6418241.42164 ], [ 526167.67747, 6418209.27179 ], [ 526143.58567, 6418195.48509 ], [ 526130.53248, 6418187.60105 ], [ 526094.39478, 6418166.92101 ], [ 526088.36768, 6418162.97484 ], [ 526083.34787, 6418160.01936 ], [ 526078.30316, 6418154.06694 ], [ 526117.78136, 6418095.79431 ], [ 526053.52274, 6418057.36481 ], [ 526033.67578, 6418073.51438 ], [ 525983.92564, 6418097.90458 ], [ 525978.94731, 6418099.94401 ], [ 525970.03111, 6418109.00948 ], [ 525998.35945, 6418151.73346 ], [ 526033.45668, 6418167.42689 ], [ 526006.88232, 6418215.60191 ] ] ] ] } },
{ "type": "Feature", "properties": { "COMMUNE": "Pontours", "COMMUNAUTE": "CC des Bastides Dordogne Périgord", "INSEE_COMM": 24334, "ID_CDECOMM": 21, "SURFACE_UR": 0.2375, "COVISIBILI": "non", "SITUATION_": "non boise", "SITUATION1": "plateau plaine" }, "geometry": { "type": "MultiPolygon", "coordinates": [ [ [ [ 525607.69504, 6415621.3881 ], [ 525580.58143, 6415604.62936 ], [ 525559.95121, 6415646.76064 ], [ 525551.26732, 6415683.79751 ], [ 525577.29069, 6415689.57577 ], [ 525577.2741, 6415687.57781 ], [ 525592.92598, 6415647.48596 ], [ 525607.69504, 6415621.3881 ] ] ] ] } },
{ "type": "Feature", "properties": { "COMMUNE": "Badefols-sur-Dordogne", "COMMUNAUTE": "CC des Bastides Dordogne Périgord", "INSEE_COMM": 24022, "ID_CDECOMM": 21, "SURFACE_UR": 1.65845, "COVISIBILI": "non", "SITUATION_": "boise", "SITUATION1": "plateau plaine" }, "geometry": { "type": "MultiPolygon", "coordinates": [ [ [ [ 525786.55009, 6417549.06668 ], [ 525817.64307, 6417563.7943 ], [ 525908.40476, 6417425.17201 ], [ 525869.36138, 6417415.50564 ], [ 525866.34783, 6417413.53255 ], [ 525874.1157, 6417386.49373 ], [ 525876.0556, 6417379.48428 ], [ 525889.80908, 6417351.39672 ], [ 525852.63923, 6417326.72906 ], [ 525820.212, 6417391.93646 ], [ 525756.04956, 6417485.38071 ], [ 525752.1034, 6417491.40776 ], [ 525794.43411, 6417536.01358 ], [ 525785.53451, 6417547.07701 ], [ 525786.55009, 6417549.06668 ] ] ] ] } },
{ "type": "Feature", "properties": { "COMMUNE": "Beaumontois-en-Périgord (Beaumont-du-Périgord)", "COMMUNAUTE": "CC des Bastides Dordogne Périgord", "INSEE_COMM": 24028, "ID_CDECOMM": 21, "SURFACE_UR": 0.42415, "COVISIBILI": "oui", "SITUATION_": "non boise", "SITUATION1": "plateau plaine" }, "geometry": { "type": "MultiPolygon", "coordinates": [ [ [ [ 522990.107, 6411281.28149 ], [ 522996.00137, 6411269.24405 ], [ 522976.44844, 6411200.47235 ], [ 522933.4756, 6411198.83096 ], [ 522934.56581, 6411209.81139 ], [ 522935.67261, 6411222.78977 ], [ 522931.10067, 6411273.77893 ], [ 522948.12484, 6411278.63284 ], [ 522990.107, 6411281.28149 ] ] ] ] } },
{ "type": "Feature", "properties": { "COMMUNE": "Badefols-sur-Dordogne", "COMMUNAUTE": "CC des Bastides Dordogne Périgord", "INSEE_COMM": 24022, "ID_CDECOMM": 21, "SURFACE_UR": 2.2078, "COVISIBILI": "oui", "SITUATION_": "clairiere", "SITUATION1": "plateau plaine" }, "geometry": { "type": "MultiPolygon", "coordinates": [ [ [ [ 524971.61691, 6417945.46094 ], [ 524967.64586, 6417948.49106 ], [ 524935.93551, 6417979.72482 ], [ 524984.20206, 6418017.28807 ], [ 524990.14619, 6418011.24443 ], [ 524999.0375, 6417999.18202 ], [ 525005.94744, 6417989.13416 ], [ 525013.83977, 6417977.08005 ], [ 525015.79625, 6417972.06856 ], [ 525018.75173, 6417967.04878 ], [ 525025.62848, 6417953.005 ], [ 525027.58497, 6417947.99351 ], [ 525078.69913, 6417967.55021 ], [ 525107.18852, 6417909.36883 ], [ 525103.29557, 6417801.50377 ], [ 525078.32924, 6417802.71007 ], [ 525049.36697, 6417803.94953 ], [ 525040.3844, 6417805.02314 ], [ 525035.36459, 6417802.06766 ], [ 524994.17391, 6417774.43619 ], [ 524975.50844, 6417812.55502 ], [ 524970.60478, 6417823.58527 ], [ 525004.66153, 6417834.29212 ], [ 524971.61691, 6417945.46094 ] ] ] ] } },
{ "type": "Feature", "properties": { "COMMUNE": "Pontours", "COMMUNAUTE": "CC des Bastides Dordogne Périgord", "INSEE_COMM": 24334, "ID_CDECOMM": 21, "SURFACE_UR": 0.5425, "COVISIBILI": "non", "SITUATION_": "non boise", "SITUATION1": "plateau plaine" }, "geometry": { "type": "MultiPolygon", "coordinates": [ [ [ [ 523140.31106, 6416256.28315 ], [ 523200.275, 6416258.78262 ], [ 523237.82994, 6416209.51755 ], [ 523272.4045, 6416162.27532 ], [ 523250.23605, 6416139.48119 ], [ 523237.36539, 6416153.57469 ], [ 523225.46883, 6416164.66296 ], [ 523194.79895, 6416200.88325 ], [ 523173.02868, 6416226.04015 ], [ 523171.0556, 6416229.05367 ], [ 523164.10418, 6416234.10661 ], [ 523160.12484, 6416236.13773 ], [ 523141.30174, 6416255.27588 ], [ 523140.31106, 6416256.28315 ] ] ] ] } },
{ "type": "Feature", "properties": { "COMMUNE": "Beaumontois-en-Périgord (Beaumont-du-Périgord)", "COMMUNAUTE": "CC des Bastides Dordogne Périgord", "INSEE_COMM": 24028, "ID_CDECOMM": 21, "SURFACE_UR": 0.58645, "COVISIBILI": "oui", "SITUATION_": "non boise", "SITUATION1": "plateau plaine" }, "geometry": { "type": "MultiPolygon", "coordinates": [ [ [ [ 522981.49766, 6411327.30896 ], [ 522989.13289, 6411284.28671 ], [ 522949.157, 6411282.62044 ], [ 522932.1577, 6411280.76346 ], [ 522915.10865, 6411272.91263 ], [ 522884.02407, 6411259.18404 ], [ 522860.99771, 6411253.38091 ], [ 522852.44642, 6411306.40119 ], [ 522908.47239, 6411315.92658 ], [ 522944.48553, 6411321.62192 ], [ 522981.49766, 6411327.30896 ] ] ] ] } },
{ "type": "Feature", "properties": { "COMMUNE": "Pontours", "COMMUNAUTE": "CC des Bastides Dordogne Périgord", "INSEE_COMM": 24334, "ID_CDECOMM": 21, "SURFACE_UR": 1.30085, "COVISIBILI": "non", "SITUATION_": "non boise", "SITUATION1": "vallee" }, "geometry": { "type": "MultiPolygon", "coordinates": [ [ [ [ 524448.51854, 6418114.64623 ], [ 524467.29186, 6418089.51416 ], [ 524468.28255, 6418088.50689 ], [ 524472.23701, 6418083.47881 ], [ 524472.22871, 6418082.47983 ], [ 524477.16557, 6418075.4455 ], [ 524482.07753, 6418065.41423 ], [ 524486.9978, 6418056.38194 ], [ 524491.88487, 6418043.35373 ], [ 524512.34921, 6417981.24277 ], [ 524446.23368, 6417959.81246 ], [ 524450.16325, 6417951.78745 ], [ 524421.10973, 6417942.03811 ], [ 524384.9022, 6418033.25218 ], [ 524415.962, 6418043.98392 ], [ 524394.39083, 6418093.11642 ], [ 524448.51854, 6418114.64623 ] ] ] ] } },
{ "type": "Feature", "properties": { "COMMUNE": "Beaumontois-en-Périgord (Beaumont-du-Périgord)", "COMMUNAUTE": "CC des Bastides Dordogne Périgord", "INSEE_COMM": 24028, "ID_CDECOMM": 21, "SURFACE_UR": 0.38625, "COVISIBILI": "non", "SITUATION_": "non boise", "SITUATION1": "pente" }, "geometry": { "type": "MultiPolygon", "coordinates": [ [ [ [ 521733.5193, 6412631.42848 ], [ 521750.36102, 6412614.30497 ], [ 521753.34139, 6412612.28215 ], [ 521785.06004, 6412582.0476 ], [ 521740.89746, 6412557.43801 ], [ 521727.86921, 6412552.55091 ], [ 521690.38887, 6412610.8065 ], [ 521733.5193, 6412631.42848 ] ] ] ] } },
{ "type": "Feature", "properties": { "COMMUNE": "Saint-Avit-Sénieur", "COMMUNAUTE": "CC des Bastides Dordogne Périgord", "INSEE_COMM": 24379, "ID_CDECOMM": 21, "SURFACE_UR": 0.92085, "COVISIBILI": "non", "SITUATION_": "clairiere", "SITUATION1": "ligne de crete" }, "geometry": { "type": "MultiPolygon", "coordinates": [ [ [ [ 526663.82952, 6411065.9613 ], [ 526697.77832, 6411063.68142 ], [ 526722.72799, 6411060.4772 ], [ 526719.6481, 6411050.51231 ], [ 526710.44161, 6411024.61356 ], [ 526697.25578, 6411000.74593 ], [ 526671.94946, 6410960.99419 ], [ 526654.75111, 6410935.16178 ], [ 526634.48117, 6410900.36346 ], [ 526625.60645, 6410914.42375 ], [ 526622.80028, 6410937.42507 ], [ 526592.11384, 6410971.64731 ], [ 526632.50442, 6411023.26238 ], [ 526656.41364, 6411015.07157 ], [ 526663.82952, 6411065.9613 ] ] ] ] } },
{ "type": "Feature", "properties": { "COMMUNE": "Pontours", "COMMUNAUTE": "CC des Bastides Dordogne Périgord", "INSEE_COMM": 24334, "ID_CDECOMM": 21, "SURFACE_UR": 1.3003, "COVISIBILI": "non", "SITUATION_": "clairiere", "SITUATION1": "plateau plaine" }, "geometry": { "type": "MultiPolygon", "coordinates": [ [ [ [ 525335.1437, 6415163.08951 ], [ 525335.55852, 6415213.03845 ], [ 525337.0221, 6415268.97298 ], [ 525342.5148, 6415328.87026 ], [ 525346.88407, 6415373.79115 ], [ 525348.92352, 6415378.76946 ], [ 525351.95366, 6415382.7405 ], [ 525358.94654, 6415382.68245 ], [ 525367.9291, 6415381.60883 ], [ 525377.91065, 6415380.52693 ], [ 525378.90963, 6415380.51863 ], [ 525379.9335, 6415383.50728 ], [ 525388.02493, 6415395.42869 ], [ 525405.8822, 6415380.29473 ], [ 525399.79703, 6415369.35572 ], [ 525397.76588, 6415365.37639 ], [ 525406.71525, 6415360.30686 ], [ 525402.66124, 6415353.34717 ], [ 525388.01518, 6415153.65918 ], [ 525335.1437, 6415163.08951 ] ] ] ] } },
{ "type": "Feature", "properties": { "COMMUNE": "Bayac", "COMMUNAUTE": "CC des Bastides Dordogne Périgord", "INSEE_COMM": 24027, "ID_CDECOMM": 21, "SURFACE_UR": 1.46815, "COVISIBILI": "oui", "SITUATION_": "clairiere", "SITUATION1": "ligne de crete" }, "geometry": { "type": "MultiPolygon", "coordinates": [ [ [ [ 521207.83997, 6415257.28735 ], [ 521206.79122, 6415251.30176 ], [ 521205.71759, 6415242.31924 ], [ 521204.46147, 6415211.35919 ], [ 521203.40443, 6415204.37462 ], [ 521251.16488, 6415181.0002 ], [ 521235.59951, 6415111.19603 ], [ 521221.64691, 6415115.308 ], [ 521218.67485, 6415118.3298 ], [ 521214.70379, 6415121.3599 ], [ 521208.72648, 6415123.40759 ], [ 521193.79978, 6415130.52479 ], [ 521185.79132, 6415128.59315 ], [ 521160.402, 6415078.85145 ], [ 521157.35529, 6415072.88244 ], [ 521119.60126, 6415098.17192 ], [ 521093.26273, 6415054.43238 ], [ 521056.50769, 6415079.71356 ], [ 521073.61483, 6415094.55732 ], [ 521086.7758, 6415115.42811 ], [ 521087.79967, 6415118.41676 ], [ 521088.81524, 6415120.40643 ], [ 521093.85992, 6415126.35885 ], [ 521102.95031, 6415138.27199 ], [ 521113.04798, 6415151.17582 ], [ 521122.13007, 6415162.08999 ], [ 521125.15191, 6415165.06205 ], [ 521127.15817, 6415166.04445 ], [ 521134.18423, 6415169.98234 ], [ 521139.23721, 6415176.93375 ], [ 521145.256, 6415179.88095 ], [ 521149.27682, 6415182.84472 ], [ 521152.29865, 6415185.81679 ], [ 521156.32777, 6415189.77955 ], [ 521161.37245, 6415195.73198 ], [ 521165.41816, 6415201.69269 ], [ 521170.47114, 6415208.6441 ], [ 521175.53241, 6415216.59448 ], [ 521180.5688, 6415221.54793 ], [ 521184.61451, 6415227.50864 ], [ 521188.66021, 6415233.46936 ], [ 521193.72148, 6415241.41974 ], [ 521196.7682, 6415247.38874 ], [ 521207.83997, 6415257.28735 ] ] ] ] } },
{ "type": "Feature", "properties": { "COMMUNE": "Bayac", "COMMUNAUTE": "CC des Bastides Dordogne Périgord", "INSEE_COMM": 24027, "ID_CDECOMM": 21, "SURFACE_UR": 2.76725, "COVISIBILI": "oui", "SITUATION_": "clairiere", "SITUATION1": "ligne de crete" }, "geometry": { "type": "MultiPolygon", "coordinates": [ [ [ [ 520453.48087, 6414767.0202 ], [ 520488.12183, 6414727.76991 ], [ 520474.03653, 6414715.89822 ], [ 520562.7719, 6414694.18194 ], [ 520556.43793, 6414653.27355 ], [ 520571.4061, 6414651.15126 ], [ 520586.38256, 6414650.02794 ], [ 520606.35394, 6414648.86318 ], [ 520607.36122, 6414649.85387 ], [ 520610.34158, 6414647.83104 ], [ 520612.33955, 6414647.81446 ], [ 520627.37407, 6414653.684 ], [ 520644.40655, 6414659.53695 ], [ 520654.43786, 6414664.44895 ], [ 520663.47018, 6414669.36924 ], [ 520669.50556, 6414674.3144 ], [ 520672.52739, 6414677.28647 ], [ 520681.5763, 6414684.20471 ], [ 520690.63351, 6414692.12194 ], [ 520700.69799, 6414701.02985 ], [ 520707.74894, 6414707.96468 ], [ 520713.8092, 6414715.90677 ], [ 520722.88299, 6414725.82195 ], [ 520729.95052, 6414734.75474 ], [ 520731.9319, 6414732.7402 ], [ 520773.44133, 6414678.44721 ], [ 520741.21673, 6414647.74413 ], [ 520740.20945, 6414646.75344 ], [ 520725.10858, 6414632.89208 ], [ 520710.99839, 6414618.02345 ], [ 520681.78733, 6414589.29347 ], [ 520456.24928, 6414619.13821 ], [ 520479.60743, 6414664.90058 ], [ 520480.63129, 6414667.88922 ], [ 520469.66736, 6414670.97734 ], [ 520454.71578, 6414675.09759 ], [ 520447.73948, 6414677.15357 ], [ 520438.78181, 6414681.22409 ], [ 520426.83547, 6414686.31845 ], [ 520413.88186, 6414690.42212 ], [ 520401.34296, 6414744.47472 ], [ 520453.48087, 6414767.0202 ] ] ] ] } },
{ "type": "Feature", "properties": { "COMMUNE": "Saint-Avit-Sénieur", "COMMUNAUTE": "CC des Bastides Dordogne Périgord", "INSEE_COMM": 24379, "ID_CDECOMM": 21, "SURFACE_UR": 6.5514, "COVISIBILI": "non", "SITUATION_": "boise", "SITUATION1": "ligne de crete" }, "geometry": { "type": "MultiPolygon", "coordinates": [ [ [ [ 525265.58764, 6412682.03487 ], [ 525324.34516, 6412659.56809 ], [ 525395.03243, 6412630.00894 ], [ 525462.74762, 6412603.47161 ], [ 525515.46978, 6412576.05969 ], [ 525535.3665, 6412565.90406 ], [ 525583.06886, 6412535.53667 ], [ 525555.36644, 6412447.85064 ], [ 525553.31042, 6412440.87439 ], [ 525540.01676, 6412404.02007 ], [ 525503.15392, 6412416.31465 ], [ 525444.37151, 6412435.78451 ], [ 525399.5251, 6412449.14441 ], [ 525392.23364, 6412413.2393 ], [ 525377.24889, 6412413.3637 ], [ 525347.25453, 6412410.61557 ], [ 525356.85913, 6412484.4652 ], [ 525296.87039, 6412478.96894 ], [ 525271.87923, 6412477.17831 ], [ 525271.99534, 6412491.16398 ], [ 525239.07038, 6412496.43254 ], [ 525235.08274, 6412497.46469 ], [ 525223.10324, 6412498.56319 ], [ 525210.13305, 6412500.66895 ], [ 525195.14001, 6412499.79437 ], [ 525194.14103, 6412499.80266 ], [ 525176.14275, 6412497.95399 ], [ 525161.18289, 6412501.07531 ], [ 525164.34571, 6412521.02997 ], [ 525164.34571, 6412521.02997 ], [ 525171.68694, 6412562.92893 ], [ 525188.99312, 6412601.74803 ], [ 525189.00141, 6412602.74701 ], [ 525194.07927, 6412612.69531 ], [ 525195.07825, 6412612.68702 ], [ 525215.94907, 6412599.52617 ], [ 525233.01472, 6412609.37495 ], [ 525242.17145, 6412629.27985 ], [ 525243.18702, 6412631.26951 ], [ 525243.20361, 6412633.26746 ], [ 525265.58764, 6412682.03487 ] ] ] ] } },
{ "type": "Feature", "properties": { "COMMUNE": "Pontours", "COMMUNAUTE": "CC des Bastides Dordogne Périgord", "INSEE_COMM": 24334, "ID_CDECOMM": 21, "SURFACE_UR": 1.265, "COVISIBILI": "non", "SITUATION_": "non boise", "SITUATION1": "plateau plaine" }, "geometry": { "type": "MultiPolygon", "coordinates": [ [ [ [ 525668.26121, 6415816.69877 ], [ 525668.25292, 6415815.69979 ], [ 525680.21584, 6415812.60334 ], [ 525704.05871, 6415796.42063 ], [ 525718.94392, 6415784.30849 ], [ 525724.89634, 6415779.26383 ], [ 525730.83217, 6415772.22122 ], [ 525736.75141, 6415763.18065 ], [ 525740.66438, 6415753.15768 ], [ 525741.60529, 6415746.15653 ], [ 525740.52334, 6415736.17503 ], [ 525739.39161, 6415720.19966 ], [ 525739.27546, 6415706.21395 ], [ 525739.22568, 6415700.22007 ], [ 525743.12205, 6415688.19915 ], [ 525746.06093, 6415681.18141 ], [ 525749.0164, 6415676.16164 ], [ 525749.9739, 6415671.15845 ], [ 525712.90364, 6415658.47856 ], [ 525682.82626, 6415645.74061 ], [ 525660.78224, 6415637.93123 ], [ 525634.75057, 6415631.15399 ], [ 525622.72958, 6415627.25758 ], [ 525611.71586, 6415624.35187 ], [ 525599.88569, 6415643.43199 ], [ 525596.91362, 6415646.45381 ], [ 525579.27207, 6415687.56123 ], [ 525580.28764, 6415689.55089 ], [ 525615.33505, 6415699.25044 ], [ 525622.92869, 6415651.23309 ], [ 525655.92836, 6415654.95534 ], [ 525654.15439, 6415681.94436 ], [ 525674.15896, 6415684.77544 ], [ 525681.22652, 6415693.70821 ], [ 525686.35419, 6415709.65041 ], [ 525688.46831, 6415723.61954 ], [ 525685.56262, 6415734.63319 ], [ 525676.7128, 6415751.69047 ], [ 525666.80592, 6415761.7632 ], [ 525656.84927, 6415765.84204 ], [ 525668.25292, 6415815.69979 ], [ 525668.26121, 6415816.69877 ] ] ] ] } },
{ "type": "Feature", "properties": { "COMMUNE": "Beaumontois-en-Périgord (Beaumont-du-Périgord)", "COMMUNAUTE": "CC des Bastides Dordogne Périgord", "INSEE_COMM": 24028, "ID_CDECOMM": 21, "SURFACE_UR": 2.2656, "COVISIBILI": "non", "SITUATION_": "clairiere", "SITUATION1": "pente" }, "geometry": { "type": "MultiPolygon", "coordinates": [ [ [ [ 522670.95877, 6411226.9851 ], [ 522695.29474, 6411149.85677 ], [ 522614.96144, 6411100.57141 ], [ 522573.33138, 6411019.99446 ], [ 522554.27606, 6411011.16123 ], [ 522548.51439, 6411039.18227 ], [ 522544.64286, 6411054.20005 ], [ 522541.73714, 6411065.21364 ], [ 522537.77438, 6411069.2427 ], [ 522531.86342, 6411079.2822 ], [ 522528.90794, 6411084.30195 ], [ 522516.1285, 6411109.3841 ], [ 522507.27035, 6411125.44231 ], [ 522482.70217, 6411174.59935 ], [ 522481.73636, 6411178.60354 ], [ 522484.76648, 6411182.57456 ], [ 522489.79457, 6411186.529 ], [ 522497.81131, 6411189.45959 ], [ 522526.81498, 6411193.21502 ], [ 522535.82242, 6411195.13835 ], [ 522564.82609, 6411198.89378 ], [ 522595.83602, 6411203.6316 ], [ 522617.87999, 6411211.44098 ], [ 522647.93241, 6411221.18197 ], [ 522670.95877, 6411226.9851 ] ] ] ] } },
{ "type": "Feature", "properties": { "COMMUNE": "Badefols-sur-Dordogne", "COMMUNAUTE": "CC des Bastides Dordogne Périgord", "INSEE_COMM": 24022, "ID_CDECOMM": 21, "SURFACE_UR": 1.9231, "COVISIBILI": "non", "SITUATION_": "clairiere", "SITUATION1": "plateau plaine" }, "geometry": { "type": "MultiPolygon", "coordinates": [ [ [ [ 525987.92565, 6416775.12986 ], [ 525984.58854, 6416734.19656 ], [ 525986.28783, 6416698.21669 ], [ 525985.19758, 6416687.2362 ], [ 525984.1903, 6416686.24551 ], [ 525991.10852, 6416677.19664 ], [ 525996.05366, 6416671.1613 ], [ 525999.00913, 6416666.14152 ], [ 526008.81645, 6416644.08102 ], [ 526014.7025, 6416631.04452 ], [ 526017.62479, 6416622.02882 ], [ 526019.5066, 6416608.02652 ], [ 526011.54791, 6416612.08878 ], [ 525990.37012, 6416588.28742 ], [ 525946.68859, 6416621.61866 ], [ 525915.00317, 6416655.84936 ], [ 525863.50399, 6416710.22552 ], [ 525911.87008, 6416759.77646 ], [ 525920.86923, 6416760.7008 ], [ 525914.91681, 6416765.74546 ], [ 525898.13319, 6416789.86197 ], [ 525877.39511, 6416819.00655 ], [ 525865.53175, 6416834.09077 ], [ 525902.46099, 6416829.788 ], [ 525927.41072, 6416826.58373 ], [ 525987.92565, 6416775.12986 ] ] ] ] } },
{ "type": "Feature", "properties": { "COMMUNE": "Beaumontois-en-Périgord (Beaumont-du-Périgord)", "COMMUNAUTE": "CC des Bastides Dordogne Périgord", "INSEE_COMM": 24028, "ID_CDECOMM": 21, "SURFACE_UR": 7.3332, "COVISIBILI": "non", "SITUATION_": "non boise", "SITUATION1": "plateau plaine" }, "geometry": { "type": "MultiPolygon", "coordinates": [ [ [ [ 519942.31011, 6411318.56507 ], [ 519973.14589, 6411302.32451 ], [ 519997.01367, 6411289.1389 ], [ 519989.78029, 6411260.22671 ], [ 520066.40341, 6411223.62534 ], [ 520060.16072, 6411193.70588 ], [ 520081.12277, 6411191.53385 ], [ 520105.09007, 6411190.33591 ], [ 520109.01136, 6411181.31199 ], [ 520112.97412, 6411177.28294 ], [ 520111.61024, 6411133.33641 ], [ 520154.53333, 6411128.98404 ], [ 520171.52433, 6411129.84208 ], [ 520195.5165, 6411131.64106 ], [ 520212.5075, 6411132.4991 ], [ 520250.46055, 6411131.1851 ], [ 520253.4575, 6411131.16023 ], [ 520298.41172, 6411130.78717 ], [ 520298.06341, 6411088.83029 ], [ 520320.02445, 6411086.64996 ], [ 520319.93322, 6411075.66125 ], [ 520326.87634, 6411069.60938 ], [ 520303.1036, 6410973.89863 ], [ 520296.11901, 6410974.95563 ], [ 520293.02255, 6410962.99283 ], [ 520291.9821, 6410958.00625 ], [ 520266.05831, 6410964.21564 ], [ 520263.06965, 6410965.23948 ], [ 520250.11605, 6410969.34315 ], [ 520249.09219, 6410966.35452 ], [ 520235.97272, 6410950.47872 ], [ 520140.46845, 6410999.2253 ], [ 520132.50976, 6411003.28751 ], [ 519942.30945, 6411077.79596 ], [ 519946.38002, 6411086.75356 ], [ 519950.45888, 6411096.71013 ], [ 519956.60205, 6411114.6419 ], [ 519961.76283, 6411134.57992 ], [ 519963.81885, 6411141.55615 ], [ 519959.94731, 6411156.5739 ], [ 519902.24681, 6411186.02494 ], [ 519864.40986, 6411201.32456 ], [ 519819.67955, 6411228.66988 ], [ 519845.06047, 6411277.41232 ], [ 519907.83053, 6411256.91059 ], [ 519942.31011, 6411318.56507 ] ] ] ] } },
{ "type": "Feature", "properties": { "COMMUNE": "Beaumontois-en-Périgord (Beaumont-du-Périgord)", "COMMUNAUTE": "CC des Bastides Dordogne Périgord", "INSEE_COMM": 24028, "ID_CDECOMM": 21, "SURFACE_UR": 1.2428, "COVISIBILI": "non", "SITUATION_": "non boise", "SITUATION1": "pente" }, "geometry": { "type": "MultiPolygon", "coordinates": [ [ [ [ 521523.16514, 6412685.12448 ], [ 521532.1477, 6412684.05089 ], [ 521540.12297, 6412681.98662 ], [ 521549.08894, 6412678.91508 ], [ 521550.25379, 6412698.88629 ], [ 521600.17806, 6412695.47484 ], [ 521598.98004, 6412671.50773 ], [ 521621.95665, 6412671.31705 ], [ 521631.94648, 6412671.23415 ], [ 521631.92989, 6412669.2362 ], [ 521588.56725, 6412620.64291 ], [ 521676.84644, 6412543.98296 ], [ 521648.84174, 6412540.2192 ], [ 521636.85394, 6412540.31868 ], [ 521631.80927, 6412534.36629 ], [ 521630.80199, 6412533.3756 ], [ 521577.96371, 6412546.80167 ], [ 521557.35827, 6412591.92965 ], [ 521531.31007, 6412583.15442 ], [ 521523.16514, 6412685.12448 ] ] ] ] } },
{ "type": "Feature", "properties": { "COMMUNE": "Saint-Avit-Sénieur", "COMMUNAUTE": "CC des Bastides Dordogne Périgord", "INSEE_COMM": 24379, "ID_CDECOMM": 21, "SURFACE_UR": 4.03925, "COVISIBILI": "oui", "SITUATION_": "non boise", "SITUATION1": "plateau plaine" }, "geometry": { "type": "MultiPolygon", "coordinates": [ [ [ [ 526776.08702, 6411711.41176 ], [ 526809.79529, 6411680.16156 ], [ 526817.67932, 6411667.10853 ], [ 526829.80811, 6411683.99163 ], [ 526846.70786, 6411673.86091 ], [ 526863.60762, 6411663.73018 ], [ 526866.58797, 6411661.70735 ], [ 526878.5177, 6411654.61501 ], [ 526882.48874, 6411651.58491 ], [ 526899.3802, 6411640.45521 ], [ 527056.34017, 6411533.25356 ], [ 527058.16395, 6411512.25847 ], [ 527060.95354, 6411487.25918 ], [ 527058.93069, 6411484.27883 ], [ 526996.77815, 6411458.81955 ], [ 526971.83678, 6411463.02276 ], [ 526941.90049, 6411467.26742 ], [ 526931.92726, 6411469.3483 ], [ 526914.96115, 6411471.48721 ], [ 526902.98996, 6411473.58467 ], [ 526872.09616, 6411482.83251 ], [ 526832.23641, 6411495.1519 ], [ 526837.39721, 6411515.08997 ], [ 526839.46982, 6411524.06418 ], [ 526844.61403, 6411542.0043 ], [ 526846.67005, 6411548.98055 ], [ 526851.77279, 6411561.92578 ], [ 526842.77366, 6411561.00143 ], [ 526838.65331, 6411546.04995 ], [ 526833.49251, 6411526.11188 ], [ 526832.46865, 6411523.12325 ], [ 526785.51649, 6411523.51296 ], [ 526788.91156, 6411571.43896 ], [ 526793.28903, 6411617.35871 ], [ 526774.39132, 6411627.50602 ], [ 526725.59878, 6411646.89287 ], [ 526776.08702, 6411711.41176 ] ] ] ] } },
{ "type": "Feature", "properties": { "COMMUNE": "Pontours", "COMMUNAUTE": "CC des Bastides Dordogne Périgord", "INSEE_COMM": 24334, "ID_CDECOMM": 21, "SURFACE_UR": 0.2679, "COVISIBILI": "oui", "SITUATION_": "non boise", "SITUATION1": "plateau plaine" }, "geometry": { "type": "MultiPolygon", "coordinates": [ [ [ [ 522538.49341, 6416690.86875 ], [ 522538.49341, 6416690.86875 ], [ 522544.41266, 6416681.82818 ], [ 522542.40639, 6416680.84578 ], [ 522548.29247, 6416667.8093 ], [ 522550.24066, 6416661.79884 ], [ 522552.22204, 6416659.7843 ], [ 522557.1506, 6416651.751 ], [ 522563.06986, 6416642.71044 ], [ 522562.03769, 6416638.72281 ], [ 522555.01162, 6416634.78493 ], [ 522550.00011, 6416632.82842 ], [ 522542.99062, 6416630.88849 ], [ 522539.99367, 6416630.91337 ], [ 522535.98944, 6416629.94755 ], [ 522530.99451, 6416629.989 ], [ 522527.00687, 6416631.02114 ], [ 522521.02126, 6416632.06987 ], [ 522510.05731, 6416635.158 ], [ 522500.09235, 6416638.23785 ], [ 522491.13467, 6416642.30838 ], [ 522480.19561, 6416648.39346 ], [ 522469.27314, 6416656.4765 ], [ 522510.20663, 6416653.13964 ], [ 522501.31531, 6416665.20202 ], [ 522538.49341, 6416690.86875 ] ] ] ] } },
{ "type": "Feature", "properties": { "COMMUNE": "Bayac", "COMMUNAUTE": "CC des Bastides Dordogne Périgord", "INSEE_COMM": 24027, "ID_CDECOMM": 21, "SURFACE_UR": 3.0945, "COVISIBILI": "oui", "SITUATION_": "clairiere", "SITUATION1": "ligne de crete" }, "geometry": { "type": "MultiPolygon", "coordinates": [ [ [ [ 521000.0218, 6415135.1299 ], [ 521027.7694, 6415107.92536 ], [ 521053.53562, 6415082.73537 ], [ 521043.47942, 6415074.82643 ], [ 521037.44405, 6415069.88127 ], [ 521040.42441, 6415067.85845 ], [ 521101.86374, 6415007.40577 ], [ 521048.51118, 6414958.89515 ], [ 521099.04463, 6414908.52345 ], [ 521061.77534, 6414871.86795 ], [ 521045.95748, 6414891.98016 ], [ 521027.18415, 6414917.11213 ], [ 521009.38492, 6414939.23887 ], [ 521002.39204, 6414939.2969 ], [ 520996.36496, 6414935.35072 ], [ 520955.13291, 6414902.72429 ], [ 520902.55172, 6414947.11869 ], [ 520902.60978, 6414954.11154 ], [ 520881.07174, 6415007.23978 ], [ 520928.33916, 6415044.81138 ], [ 520918.46544, 6415058.87997 ], [ 520934.55701, 6415071.73407 ], [ 520940.58409, 6415075.68025 ], [ 520937.62032, 6415079.70103 ], [ 521000.0218, 6415135.1299 ] ] ] ] } },
{ "type": "Feature", "properties": { "COMMUNE": "Bayac", "COMMUNAUTE": "CC des Bastides Dordogne Périgord", "INSEE_COMM": 24027, "ID_CDECOMM": 21, "SURFACE_UR": 0.7883, "COVISIBILI": "non", "SITUATION_": "clairiere", "SITUATION1": "pente" }, "geometry": { "type": "MultiPolygon", "coordinates": [ [ [ [ 519994.81155, 6416198.46546 ], [ 519992.86335, 6416204.47592 ], [ 519991.93071, 6416212.47604 ], [ 519989.9991, 6416220.48446 ], [ 519989.04988, 6416226.48662 ], [ 519985.19494, 6416243.50243 ], [ 519981.38146, 6416265.51314 ], [ 519981.38146, 6416265.51314 ], [ 520010.31883, 6416261.27685 ], [ 520027.28498, 6416259.13798 ], [ 520041.221, 6416253.02806 ], [ 520067.08677, 6416239.82582 ], [ 520079.99063, 6416229.72827 ], [ 520097.87282, 6416217.59131 ], [ 520097.83135, 6416212.59641 ], [ 520095.33574, 6416152.67421 ], [ 520094.18747, 6416134.70087 ], [ 520094.10453, 6416124.71107 ], [ 520067.13195, 6416124.93487 ], [ 520068.4544, 6416163.88678 ], [ 520047.74114, 6416196.0282 ], [ 520031.78227, 6416199.15776 ], [ 519994.81155, 6416198.46546 ] ] ] ] } },
{ "type": "Feature", "properties": { "COMMUNE": "Pontours", "COMMUNAUTE": "CC des Bastides Dordogne Périgord", "INSEE_COMM": 24334, "ID_CDECOMM": 21, "SURFACE_UR": 0.56935, "COVISIBILI": "non", "SITUATION_": "non boise", "SITUATION1": "plateau plaine" }, "geometry": { "type": "MultiPolygon", "coordinates": [ [ [ [ 522732.07244, 6416662.28789 ], [ 522733.06313, 6416661.28062 ], [ 522734.98645, 6416652.27322 ], [ 522743.8197, 6416633.21798 ], [ 522751.68715, 6416618.16696 ], [ 522755.60843, 6416609.14297 ], [ 522761.43643, 6416589.11363 ], [ 522779.21907, 6416564.98888 ], [ 522775.19825, 6416562.0251 ], [ 522767.09853, 6416549.10469 ], [ 522745.62215, 6416489.34 ], [ 522743.48316, 6416472.37392 ], [ 522702.79854, 6416505.68018 ], [ 522711.10563, 6416543.57509 ], [ 522722.04469, 6416537.49001 ], [ 522727.32165, 6416571.41388 ], [ 522729.31132, 6416570.39832 ], [ 522730.33519, 6416573.38696 ], [ 522744.31268, 6416572.27191 ], [ 522748.56577, 6416603.20713 ], [ 522724.61502, 6416606.40305 ], [ 522727.85254, 6416635.3486 ], [ 522726.87844, 6416638.35383 ], [ 522719.02758, 6416655.40281 ], [ 522732.07244, 6416662.28789 ] ] ] ] } },
{ "type": "Feature", "properties": { "COMMUNE": "Pontours", "COMMUNAUTE": "CC des Bastides Dordogne Périgord", "INSEE_COMM": 24334, "ID_CDECOMM": 21, "SURFACE_UR": 1.2188, "COVISIBILI": "non", "SITUATION_": "non boise", "SITUATION1": "ligne de crete" }, "geometry": { "type": "MultiPolygon", "coordinates": [ [ [ [ 525935.41312, 6415865.43248 ], [ 525934.40584, 6415864.44179 ], [ 525929.39432, 6415862.4853 ], [ 525924.38281, 6415860.5288 ], [ 525915.39195, 6415860.60344 ], [ 525910.38873, 6415859.64593 ], [ 525914.44275, 6415866.60561 ], [ 525902.49642, 6415871.70003 ], [ 525917.75497, 6415904.54195 ], [ 525923.71569, 6415900.49628 ], [ 525940.93902, 6415929.3257 ], [ 525902.16116, 6415951.62668 ], [ 525975.49846, 6416120.8561 ], [ 525981.45088, 6416115.81144 ], [ 526015.18404, 6416087.55804 ], [ 526007.87588, 6416049.65487 ], [ 526005.81154, 6416041.67962 ], [ 525994.50744, 6416003.80962 ], [ 525987.39839, 6415989.88196 ], [ 525960.04417, 6415944.15282 ], [ 525952.89365, 6415925.23026 ], [ 525945.70993, 6415902.31179 ], [ 525939.56669, 6415884.37991 ], [ 525941.56466, 6415884.36333 ], [ 525937.49405, 6415875.40569 ], [ 525935.41312, 6415865.43248 ] ] ] ] } },
{ "type": "Feature", "properties": { "COMMUNE": "Pontours", "COMMUNAUTE": "CC des Bastides Dordogne Périgord", "INSEE_COMM": 24334, "ID_CDECOMM": 21, "SURFACE_UR": 1.1113, "COVISIBILI": "oui", "SITUATION_": "non boise", "SITUATION1": "ligne de crete" }, "geometry": { "type": "MultiPolygon", "coordinates": [ [ [ [ 525765.75213, 6415285.39493 ], [ 525766.776, 6415288.38357 ], [ 525766.80919, 6415292.37949 ], [ 525807.66458, 6415399.9375 ], [ 525816.82966, 6415420.84143 ], [ 525823.98018, 6415439.76398 ], [ 525826.09431, 6415453.7331 ], [ 525821.74652, 6415531.69494 ], [ 525857.70165, 6415530.39741 ], [ 525862.42278, 6415497.38963 ], [ 525865.13765, 6415463.39946 ], [ 525864.98001, 6415444.41886 ], [ 525864.87216, 6415431.43213 ], [ 525860.57754, 6415395.50205 ], [ 525855.50795, 6415386.55271 ], [ 525843.31273, 6415361.67775 ], [ 525833.19015, 6415345.77701 ], [ 525824.04166, 6415326.87105 ], [ 525817.88182, 6415306.94123 ], [ 525807.64308, 6415277.05479 ], [ 525765.75213, 6415285.39493 ] ] ] ] } },
{ "type": "Feature", "properties": { "COMMUNE": "Badefols-sur-Dordogne", "COMMUNAUTE": "CC des Bastides Dordogne Périgord", "INSEE_COMM": 24022, "ID_CDECOMM": 21, "SURFACE_UR": 1.63495, "COVISIBILI": "non", "SITUATION_": "non boise", "SITUATION1": "plateau plaine" }, "geometry": { "type": "MultiPolygon", "coordinates": [ [ [ [ 526889.11664, 6417983.49352 ], [ 526889.10834, 6417982.49454 ], [ 526884.10512, 6417981.53702 ], [ 526880.10089, 6417980.5712 ], [ 526876.06347, 6417975.60946 ], [ 526872.04264, 6417972.64568 ], [ 526820.75923, 6418052.99528 ], [ 526815.88047, 6418067.02247 ], [ 526860.9592, 6418081.6341 ], [ 526855.06486, 6418093.67162 ], [ 526853.10838, 6418098.68311 ], [ 526843.25959, 6418115.74869 ], [ 526839.32173, 6418122.77472 ], [ 526837.35695, 6418126.78723 ], [ 526834.46786, 6418139.79886 ], [ 526832.51137, 6418144.81034 ], [ 526831.69492, 6418166.79622 ], [ 526833.70949, 6418168.7776 ], [ 526845.77197, 6418177.66894 ], [ 526851.80736, 6418182.6141 ], [ 526855.83648, 6418186.57686 ], [ 526858.86662, 6418190.54791 ], [ 526859.89879, 6418194.53555 ], [ 526859.98176, 6418204.52536 ], [ 526856.11858, 6418220.54222 ], [ 526851.29789, 6418241.56228 ], [ 526845.50312, 6418265.58757 ], [ 526853.57796, 6418275.51106 ], [ 526862.65179, 6418285.42625 ], [ 526925.18124, 6418235.95385 ], [ 526890.79263, 6418185.2877 ], [ 526869.86374, 6418191.4557 ], [ 526860.86459, 6418190.53133 ], [ 526877.57352, 6418157.42401 ], [ 526902.11668, 6418105.26972 ], [ 526924.56231, 6418041.14424 ], [ 526929.45766, 6418029.11501 ], [ 526887.33439, 6418009.48361 ], [ 526882.32288, 6418007.5271 ], [ 526883.28867, 6418003.52289 ], [ 526886.20266, 6417993.50821 ], [ 526889.11664, 6417983.49352 ] ] ] ] } },
{ "type": "Feature", "properties": { "COMMUNE": "Badefols-sur-Dordogne", "COMMUNAUTE": "CC des Bastides Dordogne Périgord", "INSEE_COMM": 24022, "ID_CDECOMM": 21, "SURFACE_UR": 2.48545, "COVISIBILI": "non", "SITUATION_": "non boise", "SITUATION1": "plateau plaine" }, "geometry": { "type": "MultiPolygon", "coordinates": [ [ [ [ 526100.64129, 6417475.52671 ], [ 526180.29948, 6417563.7809 ], [ 526229.71431, 6417619.31758 ], [ 526233.70195, 6417618.28544 ], [ 526234.68434, 6417616.27919 ], [ 526240.59528, 6417606.23964 ], [ 526248.47929, 6417593.18657 ], [ 526250.45237, 6417590.17305 ], [ 526255.38921, 6417583.13873 ], [ 526262.32402, 6417576.08783 ], [ 526275.19466, 6417561.99433 ], [ 526277.16773, 6417558.9808 ], [ 526282.06309, 6417546.95158 ], [ 526283.02059, 6417541.94839 ], [ 526284.93559, 6417531.942 ], [ 526285.8682, 6417523.94187 ], [ 526285.78523, 6417513.95206 ], [ 526286.68466, 6417501.956 ], [ 526286.50213, 6417479.97843 ], [ 526285.46996, 6417475.9908 ], [ 526285.39528, 6417466.99997 ], [ 526285.3538, 6417462.00507 ], [ 526286.28641, 6417454.00493 ], [ 526287.23561, 6417448.00276 ], [ 526288.20971, 6417444.99753 ], [ 526232.10897, 6417426.48116 ], [ 526110.07526, 6417408.51208 ], [ 526100.64129, 6417475.52671 ] ] ] ] } },
{ "type": "Feature", "properties": { "COMMUNE": "Pontours", "COMMUNAUTE": "CC des Bastides Dordogne Périgord", "INSEE_COMM": 24334, "ID_CDECOMM": 21, "SURFACE_UR": 2.09545, "COVISIBILI": "non", "SITUATION_": "non boise", "SITUATION1": "plateau plaine" }, "geometry": { "type": "MultiPolygon", "coordinates": [ [ [ [ 522774.74084, 6416266.31049 ], [ 522772.75117, 6416267.32605 ], [ 522752.93738, 6416287.47146 ], [ 522779.15154, 6416316.22631 ], [ 522741.4224, 6416344.51279 ], [ 522753.57611, 6416364.3929 ], [ 522792.30424, 6416336.09813 ], [ 522823.59627, 6416374.80132 ], [ 522725.25259, 6416442.55376 ], [ 522743.43339, 6416466.38004 ], [ 522765.38616, 6416463.20071 ], [ 522782.31083, 6416456.0669 ], [ 522797.25412, 6416450.94764 ], [ 522829.15526, 6416442.6905 ], [ 522831.13664, 6416440.67596 ], [ 522831.13664, 6416440.67596 ], [ 522848.09449, 6416437.53807 ], [ 522858.08434, 6416437.45516 ], [ 522861.08129, 6416437.43029 ], [ 522895.99598, 6416431.14623 ], [ 522897.98565, 6416430.13067 ], [ 522897.97735, 6416429.13169 ], [ 522898.97634, 6416429.1234 ], [ 522899.95873, 6416427.11715 ], [ 522907.77641, 6416406.07224 ], [ 522911.73916, 6416402.04316 ], [ 522914.69464, 6416397.02339 ], [ 522916.65943, 6416393.01089 ], [ 522918.63251, 6416389.99737 ], [ 522928.50622, 6416375.92874 ], [ 522929.48862, 6416373.92249 ], [ 522930.47931, 6416372.91522 ], [ 522930.46272, 6416370.91726 ], [ 522916.29444, 6416349.05578 ], [ 522907.16256, 6416332.14774 ], [ 522900.12819, 6416327.21088 ], [ 522898.11363, 6416325.2295 ], [ 522892.07825, 6416320.28434 ], [ 522873.0063, 6416309.45309 ], [ 522854.96651, 6416302.60947 ], [ 522835.91945, 6416294.77516 ], [ 522790.79925, 6416275.16865 ], [ 522779.76065, 6416269.26597 ], [ 522774.74084, 6416266.31049 ] ] ] ] } },
{ "type": "Feature", "properties": { "COMMUNE": "Pontours", "COMMUNAUTE": "CC des Bastides Dordogne Périgord", "INSEE_COMM": 24334, "ID_CDECOMM": 21, "SURFACE_UR": 0.77575, "COVISIBILI": "oui", "SITUATION_": "non boise", "SITUATION1": "plateau plaine" }, "geometry": { "type": "MultiPolygon", "coordinates": [ [ [ [ 522736.0352, 6416658.25881 ], [ 522765.02234, 6416660.01634 ], [ 522767.77874, 6416631.02104 ], [ 522791.6963, 6416623.82921 ], [ 522806.65618, 6416620.7079 ], [ 522801.36263, 6416584.78608 ], [ 522860.17829, 6416569.31222 ], [ 522876.12886, 6416565.18365 ], [ 522897.44764, 6416605.96772 ], [ 522901.43528, 6416604.93557 ], [ 522914.29766, 6416589.84309 ], [ 522921.191, 6416577.7973 ], [ 522897.9655, 6416548.01859 ], [ 522877.67059, 6416510.22317 ], [ 522872.73374, 6416517.25748 ], [ 522869.78656, 6416523.27623 ], [ 522867.83006, 6416528.28771 ], [ 522865.84868, 6416530.30226 ], [ 522864.858, 6416531.30953 ], [ 522859.87966, 6416533.34894 ], [ 522843.95398, 6416540.47445 ], [ 522818.05504, 6416549.68084 ], [ 522793.15508, 6416558.87893 ], [ 522787.19436, 6416562.92459 ], [ 522784.21399, 6416564.94742 ], [ 522781.25022, 6416568.96821 ], [ 522765.43237, 6416589.08047 ], [ 522763.48417, 6416595.09093 ], [ 522751.74521, 6416625.15982 ], [ 522744.86845, 6416639.20357 ], [ 522737.99999, 6416654.24631 ], [ 522737.0176, 6416656.25256 ], [ 522736.0352, 6416658.25881 ] ] ] ] } },
{ "type": "Feature", "properties": { "COMMUNE": "Badefols-sur-Dordogne", "COMMUNAUTE": "CC des Bastides Dordogne Périgord", "INSEE_COMM": 24022, "ID_CDECOMM": 21, "SURFACE_UR": 1.19215, "COVISIBILI": "non", "SITUATION_": "non boise", "SITUATION1": "plateau plaine" }, "geometry": { "type": "MultiPolygon", "coordinates": [ [ [ [ 525704.73777, 6417682.61943 ], [ 525719.40728, 6417644.53377 ], [ 525726.32551, 6417635.48489 ], [ 525734.23442, 6417625.42874 ], [ 525753.02432, 6417602.29462 ], [ 525755.97149, 6417596.27585 ], [ 525775.67741, 6417563.14363 ], [ 525784.54382, 6417548.08428 ], [ 525786.55009, 6417549.06668 ], [ 525785.53451, 6417547.07701 ], [ 525794.43411, 6417536.01358 ], [ 525752.1034, 6417491.40776 ], [ 525750.12203, 6417493.42231 ], [ 525705.61571, 6417547.74045 ], [ 525684.01968, 6417593.87601 ], [ 525655.3229, 6417627.08287 ], [ 525638.45631, 6417641.20958 ], [ 525650.5271, 6417651.09987 ], [ 525666.62701, 6417664.95291 ], [ 525687.73014, 6417679.76347 ], [ 525704.73777, 6417682.61943 ] ] ] ] } },
{ "type": "Feature", "properties": { "COMMUNE": "Badefols-sur-Dordogne", "COMMUNAUTE": "CC des Bastides Dordogne Périgord", "INSEE_COMM": 24022, "ID_CDECOMM": 21, "SURFACE_UR": 0.7923, "COVISIBILI": "non", "SITUATION_": "non boise", "SITUATION1": "vallee" }, "geometry": { "type": "MultiPolygon", "coordinates": [ [ [ [ 524460.54784, 6418119.54164 ], [ 524488.58579, 6418127.30131 ], [ 524511.62053, 6418134.10346 ], [ 524520.61969, 6418135.02781 ], [ 524525.62291, 6418135.98533 ], [ 524533.62309, 6418136.91797 ], [ 524544.62852, 6418138.82472 ], [ 524554.63496, 6418140.73976 ], [ 524563.62583, 6418140.66514 ], [ 524576.61264, 6418140.55734 ], [ 524580.60858, 6418140.52417 ], [ 524544.44601, 6418116.84714 ], [ 524530.38555, 6418107.9724 ], [ 524560.7236, 6418031.79278 ], [ 524547.62894, 6418018.91383 ], [ 524530.49687, 6418001.07313 ], [ 524530.48027, 6417999.07517 ], [ 524519.42507, 6417991.17454 ], [ 524515.50379, 6418000.19853 ], [ 524511.58252, 6418009.22253 ], [ 524506.70373, 6418023.24973 ], [ 524495.95548, 6418052.31139 ], [ 524494.98138, 6418055.31662 ], [ 524492.06739, 6418065.33131 ], [ 524487.13883, 6418073.36462 ], [ 524484.19165, 6418079.38338 ], [ 524474.30135, 6418091.45408 ], [ 524466.40902, 6418103.50819 ], [ 524460.54784, 6418119.54164 ] ] ] ] } },
{ "type": "Feature", "properties": { "COMMUNE": "Saint-Avit-Sénieur", "COMMUNAUTE": "CC des Bastides Dordogne Périgord", "INSEE_COMM": 24379, "ID_CDECOMM": 21, "SURFACE_UR": 2.79435, "COVISIBILI": "non", "SITUATION_": "clairiere", "SITUATION1": "pente" }, "geometry": { "type": "MultiPolygon", "coordinates": [ [ [ [ 524386.26869, 6413144.89896 ], [ 524392.27918, 6413146.84716 ], [ 524394.25226, 6413143.83365 ], [ 524397.24092, 6413142.80979 ], [ 524425.1378, 6413133.58682 ], [ 524429.10055, 6413129.55774 ], [ 524431.07364, 6413126.54423 ], [ 524431.04046, 6413122.54832 ], [ 524432.03945, 6413122.54003 ], [ 524432.03945, 6413122.54003 ], [ 524459.98609, 6413119.31092 ], [ 524470.90855, 6413111.22789 ], [ 524470.90026, 6413110.22891 ], [ 524469.90128, 6413110.2372 ], [ 524458.82123, 6413099.33968 ], [ 524461.80159, 6413097.31685 ], [ 524472.73235, 6413090.23279 ], [ 524488.63314, 6413080.11035 ], [ 524490.62281, 6413079.09479 ], [ 524505.52462, 6413068.98064 ], [ 524510.49465, 6413065.94224 ], [ 524516.49684, 6413066.89147 ], [ 524537.4589, 6413064.71937 ], [ 524560.41892, 6413062.53069 ], [ 524570.40046, 6413061.44879 ], [ 524568.32785, 6413052.47459 ], [ 524565.09037, 6413023.52914 ], [ 524561.97731, 6413009.56835 ], [ 524561.89437, 6412999.57858 ], [ 524560.7461, 6412981.60529 ], [ 524624.5649, 6412967.0889 ], [ 524609.31475, 6412935.24604 ], [ 524660.13018, 6412918.83949 ], [ 524629.82893, 6412879.12921 ], [ 524607.61078, 6412850.34133 ], [ 524603.77243, 6412869.35505 ], [ 524602.91445, 6412886.34594 ], [ 524600.08338, 6412906.35035 ], [ 524597.13619, 6412912.36909 ], [ 524585.29768, 6412930.45018 ], [ 524568.49744, 6412952.56863 ], [ 524559.58953, 6412962.63303 ], [ 524531.26137, 6412919.90923 ], [ 524510.14173, 6412903.10077 ], [ 524470.58881, 6412952.38232 ], [ 524445.87134, 6412983.5579 ], [ 524450.90773, 6412988.51132 ], [ 524426.1322, 6413012.69407 ], [ 524420.22954, 6413023.73256 ], [ 524417.26577, 6413027.75335 ], [ 524409.37343, 6413039.8074 ], [ 524397.51004, 6413054.89156 ], [ 524388.76801, 6413084.93549 ], [ 524381.99906, 6413111.9659 ], [ 524383.08098, 6413121.94738 ], [ 524383.18051, 6413133.9351 ], [ 524386.26869, 6413144.89896 ] ] ] ] } },
{ "type": "Feature", "properties": { "COMMUNE": "Bayac", "COMMUNAUTE": "CC des Bastides Dordogne Périgord", "INSEE_COMM": 24027, "ID_CDECOMM": 21, "SURFACE_UR": 4.265, "COVISIBILI": "non", "SITUATION_": "clairiere", "SITUATION1": "ligne de crete" }, "geometry": { "type": "MultiPolygon", "coordinates": [ [ [ [ 520096.5054, 6415210.56215 ], [ 520091.46901, 6415205.60869 ], [ 520076.34325, 6415188.75039 ], [ 520066.26218, 6415177.8445 ], [ 520063.3067, 6415182.86427 ], [ 520026.8834, 6415248.10458 ], [ 520125.31464, 6415311.22693 ], [ 520099.72258, 6415357.39548 ], [ 520154.87404, 6415381.91407 ], [ 520176.53652, 6415343.77051 ], [ 520184.56986, 6415348.69909 ], [ 520197.60642, 6415354.58521 ], [ 520211.65025, 6415361.46202 ], [ 520216.66176, 6415363.41854 ], [ 520220.68258, 6415366.38232 ], [ 520225.70238, 6415369.33781 ], [ 520228.73251, 6415373.30886 ], [ 520231.75434, 6415376.28093 ], [ 520231.77093, 6415378.27889 ], [ 520233.79378, 6415381.25925 ], [ 520235.82492, 6415385.23859 ], [ 520238.88823, 6415393.20555 ], [ 520241.98471, 6415405.16843 ], [ 520249.19324, 6415431.08387 ], [ 520252.28142, 6415442.04777 ], [ 520260.50553, 6415469.95288 ], [ 520262.59473, 6415480.92507 ], [ 520264.65905, 6415488.90032 ], [ 520266.73167, 6415497.87456 ], [ 520267.77212, 6415502.86116 ], [ 520267.938, 6415522.84075 ], [ 520269.14434, 6415547.80694 ], [ 520308.63094, 6415490.53357 ], [ 520317.50568, 6415476.47326 ], [ 520322.40936, 6415465.44304 ], [ 520329.28613, 6415451.39931 ], [ 520329.09537, 6415428.42279 ], [ 520331.10163, 6415429.40519 ], [ 520359.73211, 6415388.20667 ], [ 520297.25599, 6415323.78695 ], [ 520272.49704, 6415349.96763 ], [ 520255.35672, 6415331.12794 ], [ 520245.28394, 6415321.22104 ], [ 520284.88666, 6415277.93338 ], [ 520239.70015, 6415250.33497 ], [ 520225.2665, 6415196.50616 ], [ 520228.27174, 6415197.48027 ], [ 520258.01732, 6415170.25917 ], [ 520232.84367, 6415146.4909 ], [ 520190.36841, 6415204.7881 ], [ 520192.3332, 6415200.77561 ], [ 520161.62182, 6415232.00091 ], [ 520155.66938, 6415237.04554 ], [ 520096.5054, 6415210.56215 ], [ 520096.5054, 6415210.56215 ] ] ] ] } },
{ "type": "Feature", "properties": { "COMMUNE": "Molières", "COMMUNAUTE": "CC des Bastides Dordogne Périgord", "INSEE_COMM": 24273, "ID_CDECOMM": 21, "SURFACE_UR": 2.9449, "COVISIBILI": null, "SITUATION_": null, "SITUATION1": null }, "geometry": { "type": "MultiPolygon", "coordinates": [ [ [ [ 526049.36216, 6415631.70828 ], [ 526068.32626, 6415629.55275 ], [ 526077.30882, 6415628.47913 ], [ 526093.26768, 6415625.3495 ], [ 526100.25227, 6415624.29247 ], [ 526112.86908, 6415459.34484 ], [ 526113.85147, 6415457.3386 ], [ 526130.81759, 6415455.1997 ], [ 526145.77745, 6415452.0784 ], [ 526149.76508, 6415451.04626 ], [ 526158.74763, 6415449.97267 ], [ 526160.51329, 6415421.98467 ], [ 526140.55022, 6415424.14844 ], [ 526139.55124, 6415424.15673 ], [ 526143.42272, 6415409.13889 ], [ 526150.19989, 6415383.1074 ], [ 526155.02887, 6415363.08636 ], [ 526144.99755, 6415358.17437 ], [ 526136.9642, 6415353.2458 ], [ 526135.99011, 6415356.25103 ], [ 526132.97657, 6415354.27794 ], [ 526107.87754, 6415339.50052 ], [ 526109.82572, 6415333.49007 ], [ 526113.73039, 6415322.46813 ], [ 526116.65267, 6415313.45245 ], [ 526121.50654, 6415296.42836 ], [ 526124.44541, 6415289.41063 ], [ 526115.40479, 6415283.49137 ], [ 526101.39413, 6415280.6105 ], [ 526094.40125, 6415280.66854 ], [ 526080.42377, 6415281.78361 ], [ 526078.4341, 6415282.79918 ], [ 526078.4341, 6415282.79918 ], [ 526064.47322, 6415285.91222 ], [ 526043.51944, 6415289.08331 ], [ 526040.59716, 6415298.099 ], [ 526035.7184, 6415312.12618 ], [ 526026.93496, 6415337.17529 ], [ 526024.97847, 6415342.18677 ], [ 526057.02893, 6415351.91118 ], [ 526052.15846, 6415366.93733 ], [ 526048.25379, 6415377.95928 ], [ 526044.36571, 6415390.97918 ], [ 526035.57397, 6415415.02931 ], [ 526032.65999, 6415425.04398 ], [ 526027.78952, 6415440.07014 ], [ 526026.81542, 6415443.07537 ], [ 526032.83422, 6415446.02255 ], [ 526033.87468, 6415451.00915 ], [ 526034.93174, 6415457.99371 ], [ 526039.05213, 6415472.94522 ], [ 526042.12375, 6415481.91116 ], [ 526039.1351, 6415482.93501 ], [ 526039.15169, 6415484.93297 ], [ 526038.20249, 6415490.93514 ], [ 526037.2118, 6415491.94241 ], [ 526029.22822, 6415493.00774 ], [ 526014.25176, 6415494.13112 ], [ 526001.28156, 6415496.23689 ], [ 526000.34065, 6415503.23803 ], [ 526000.45681, 6415517.22374 ], [ 526000.50659, 6415523.21762 ], [ 525999.7565, 6415553.19529 ], [ 526018.7455, 6415554.03669 ], [ 526027.74465, 6415554.96103 ], [ 526036.7355, 6415554.8864 ], [ 526036.68572, 6415548.89252 ], [ 526049.67252, 6415548.78471 ], [ 526061.66862, 6415549.68417 ], [ 526063.66659, 6415549.66758 ], [ 526063.73296, 6415557.65942 ], [ 526063.79934, 6415565.65125 ], [ 526062.87502, 6415574.65036 ], [ 526058.95376, 6415583.67434 ], [ 526057.03046, 6415592.68174 ], [ 526052.17658, 6415609.70585 ], [ 526049.27919, 6415621.71849 ], [ 526046.35691, 6415630.73418 ], [ 526049.36216, 6415631.70828 ] ] ] ] } },
{ "type": "Feature", "properties": { "COMMUNE": "Badefols-sur-Dordogne", "COMMUNAUTE": "CC des Bastides Dordogne Périgord", "INSEE_COMM": 24022, "ID_CDECOMM": 21, "SURFACE_UR": 3.18215, "COVISIBILI": "oui", "SITUATION_": "clairiere", "SITUATION1": "ligne de crete" }, "geometry": { "type": "MultiPolygon", "coordinates": [ [ [ [ 525476.70077, 6417171.00101 ], [ 525474.59495, 6417158.03085 ], [ 525425.53684, 6417145.45045 ], [ 525433.8025, 6417178.35047 ], [ 525366.49376, 6417253.8379 ], [ 525353.42399, 6417243.95591 ], [ 525330.61327, 6417264.12625 ], [ 525279.00621, 6417305.51567 ], [ 525275.05175, 6417310.54374 ], [ 525271.09729, 6417315.57181 ], [ 525254.26388, 6417333.69444 ], [ 525248.32805, 6417340.73706 ], [ 525246.34667, 6417342.7516 ], [ 525243.36631, 6417344.77444 ], [ 525209.61653, 6417371.02988 ], [ 525189.76127, 6417386.18044 ], [ 525163.94529, 6417405.37668 ], [ 525160.96493, 6417407.39952 ], [ 525146.07142, 6417418.5127 ], [ 525199.42414, 6417467.02324 ], [ 525203.37859, 6417461.99517 ], [ 525208.33204, 6417456.9588 ], [ 525212.29479, 6417452.92971 ], [ 525218.25552, 6417448.88403 ], [ 525222.22657, 6417445.85392 ], [ 525229.19457, 6417442.79893 ], [ 525237.14497, 6417437.73768 ], [ 525247.08504, 6417431.66087 ], [ 525255.02714, 6417425.60065 ], [ 525299.69939, 6417391.26214 ], [ 525316.58258, 6417379.1334 ], [ 525319.55464, 6417376.11158 ], [ 525328.48743, 6417369.04408 ], [ 525344.37993, 6417357.92261 ], [ 525352.30544, 6417349.86442 ], [ 525409.71559, 6417285.44869 ], [ 525434.45791, 6417257.26992 ], [ 525437.50465, 6417263.23893 ], [ 525460.81315, 6417303.00741 ], [ 525513.4192, 6417261.60969 ], [ 525487.09714, 6417219.86813 ], [ 525491.67725, 6417169.87764 ], [ 525476.70077, 6417171.00101 ] ] ] ] } },
{ "type": "Feature", "properties": { "COMMUNE": "Badefols-sur-Dordogne", "COMMUNAUTE": "CC des Bastides Dordogne Périgord", "INSEE_COMM": 24022, "ID_CDECOMM": 21, "SURFACE_UR": 8.64965, "COVISIBILI": "non", "SITUATION_": "non boise", "SITUATION1": "pente" }, "geometry": { "type": "MultiPolygon", "coordinates": [ [ [ [ 525305.43216, 6418081.55789 ], [ 525324.91066, 6418141.3392 ], [ 525338.22102, 6418180.19165 ], [ 525339.28638, 6418188.17521 ], [ 525300.40062, 6418197.48946 ], [ 525293.42431, 6418199.54547 ], [ 525284.05182, 6418153.66697 ], [ 525277.86709, 6418130.74016 ], [ 525236.05075, 6418148.07113 ], [ 525231.08071, 6418151.10953 ], [ 525227.10966, 6418154.13965 ], [ 525185.5505, 6418202.43903 ], [ 525157.8195, 6418231.64168 ], [ 525128.09883, 6418261.85989 ], [ 525121.16401, 6418268.91081 ], [ 525117.22614, 6418275.93685 ], [ 525171.33727, 6418295.46867 ], [ 525222.45145, 6418315.02538 ], [ 525276.57918, 6418336.55516 ], [ 525307.66387, 6418350.28383 ], [ 525334.68625, 6418356.05381 ], [ 525346.72385, 6418361.94819 ], [ 525355.7562, 6418366.86846 ], [ 525342.18035, 6418296.0486 ], [ 525406.06563, 6418289.52397 ], [ 525412.24207, 6418311.4518 ], [ 525591.19318, 6418325.95109 ], [ 525587.17235, 6418322.98732 ], [ 525567.05161, 6418306.1705 ], [ 525583.76887, 6418274.06212 ], [ 525536.66722, 6418256.47022 ], [ 525550.56176, 6418245.36533 ], [ 525557.50488, 6418239.31339 ], [ 525557.48828, 6418237.31543 ], [ 525566.42937, 6418231.2469 ], [ 525536.04499, 6418181.54663 ], [ 525526.09662, 6418186.62446 ], [ 525493.27944, 6418204.87979 ], [ 525465.9335, 6418160.14954 ], [ 525465.90032, 6418156.15362 ], [ 525465.85883, 6418151.15871 ], [ 525464.7437, 6418137.18127 ], [ 525464.63585, 6418124.19451 ], [ 525465.4772, 6418105.20558 ], [ 525465.44401, 6418101.20966 ], [ 525465.31127, 6418085.22596 ], [ 525466.23559, 6418076.22684 ], [ 525465.13705, 6418064.24736 ], [ 525452.82566, 6418025.38661 ], [ 525423.22457, 6417949.70454 ], [ 525416.95688, 6417916.78793 ], [ 525411.77943, 6417894.85181 ], [ 525380.70304, 6417882.12213 ], [ 525399.84626, 6418021.8302 ], [ 525342.97048, 6418030.29473 ], [ 525297.07524, 6418037.66906 ], [ 525280.10908, 6418039.808 ], [ 525276.12144, 6418040.84015 ], [ 525265.14919, 6418042.92933 ], [ 525267.18864, 6418047.90765 ], [ 525269.26128, 6418056.8819 ], [ 525272.3495, 6418067.84581 ], [ 525276.51136, 6418087.79226 ], [ 525305.43216, 6418081.55789 ] ] ] ] } },
{ "type": "Feature", "properties": { "COMMUNE": "Molières", "COMMUNAUTE": "CC des Bastides Dordogne Périgord", "INSEE_COMM": 24273, "ID_CDECOMM": 21, "SURFACE_UR": 3.4889, "COVISIBILI": "oui", "SITUATION_": "clairiere", "SITUATION1": "ligne de crete" }, "geometry": { "type": "MultiPolygon", "coordinates": [ [ [ [ 526019.03064, 6416069.54324 ], [ 526043.98036, 6416066.33897 ], [ 526062.94446, 6416064.18344 ], [ 526070.91145, 6416061.12015 ], [ 526055.69438, 6416033.27312 ], [ 526047.57805, 6416018.35478 ], [ 526035.66491, 6416027.44511 ], [ 526030.61191, 6416020.49372 ], [ 526018.41668, 6415995.61875 ], [ 526013.3388, 6415985.67042 ], [ 526008.26091, 6415975.72209 ], [ 526006.22146, 6415970.74378 ], [ 526005.21418, 6415969.75309 ], [ 526010.1925, 6415967.71367 ], [ 526023.14611, 6415963.60994 ], [ 526023.12122, 6415960.613 ], [ 526025.11089, 6415959.59743 ], [ 526023.04655, 6415951.62219 ], [ 526021.02369, 6415948.64183 ], [ 526014.0474, 6415950.69784 ], [ 526014.06399, 6415952.6958 ], [ 526009.08566, 6415954.73523 ], [ 526008.09498, 6415955.7425 ], [ 525999.98695, 6415941.82313 ], [ 525986.83422, 6415921.95136 ], [ 525994.78461, 6415916.89011 ], [ 526003.73399, 6415911.82058 ], [ 526000.67066, 6415903.85362 ], [ 525994.5689, 6415890.91665 ], [ 525988.46714, 6415877.97967 ], [ 525978.32795, 6415860.08097 ], [ 525979.31864, 6415859.0737 ], [ 525991.24838, 6415851.98133 ], [ 525997.20909, 6415847.93565 ], [ 525994.18725, 6415844.96359 ], [ 525989.13425, 6415838.0122 ], [ 525985.09683, 6415833.05048 ], [ 525983.08227, 6415831.0691 ], [ 525917.78664, 6415667.76725 ], [ 525914.63205, 6415648.81153 ], [ 525912.56771, 6415640.83628 ], [ 525910.50337, 6415632.86103 ], [ 525908.46392, 6415627.88272 ], [ 525912.45156, 6415626.85057 ], [ 525912.37689, 6415617.85975 ], [ 525913.21824, 6415598.87086 ], [ 525913.99321, 6415571.89012 ], [ 525924.98204, 6415571.7989 ], [ 525931.63476, 6415530.7827 ], [ 525933.56636, 6415522.77428 ], [ 525925.56619, 6415521.84165 ], [ 525927.41482, 6415503.84343 ], [ 525952.11902, 6415350.78401 ], [ 525909.01337, 6415333.15899 ], [ 525901.99559, 6415330.2201 ], [ 525884.96308, 6415324.36721 ], [ 525883.98899, 6415327.37244 ], [ 525881.05841, 6415335.38915 ], [ 525879.11022, 6415341.39962 ], [ 525877.18692, 6415350.40701 ], [ 525877.2367, 6415356.40089 ], [ 525876.32898, 6415367.39795 ], [ 525875.41296, 6415377.39603 ], [ 525874.54673, 6415393.38799 ], [ 525874.6048, 6415400.38085 ], [ 525872.73958, 6415416.3811 ], [ 525871.83186, 6415427.37816 ], [ 525870.99051, 6415446.36706 ], [ 525871.04029, 6415452.36093 ], [ 525870.14916, 6415465.35595 ], [ 525869.28292, 6415481.34791 ], [ 525868.40839, 6415496.34089 ], [ 525865.61055, 6415520.34127 ], [ 525864.71943, 6415533.3363 ], [ 525861.83033, 6415546.34791 ], [ 525858.92464, 6415557.36156 ], [ 525858.95783, 6415561.35747 ], [ 525857.01793, 6415568.36691 ], [ 525857.05942, 6415573.36181 ], [ 525856.1434, 6415583.35989 ], [ 525857.20046, 6415590.34446 ], [ 525858.23263, 6415594.33208 ], [ 525860.29697, 6415602.30733 ], [ 525863.3437, 6415608.27632 ], [ 525867.4309, 6415619.23192 ], [ 525876.57939, 6415638.13789 ], [ 525886.76835, 6415662.03046 ], [ 525890.84725, 6415671.98708 ], [ 525893.90228, 6415678.95506 ], [ 525900.01234, 6415692.89101 ], [ 525902.05179, 6415697.86932 ], [ 525904.10784, 6415704.84559 ], [ 525908.18674, 6415714.80221 ], [ 525913.35589, 6415735.73931 ], [ 525916.41092, 6415742.70729 ], [ 525922.57905, 6415763.6361 ], [ 525924.6268, 6415769.61339 ], [ 525928.714, 6415780.56899 ], [ 525931.76073, 6415786.53798 ], [ 525932.8012, 6415791.52459 ], [ 525932.82609, 6415794.52152 ], [ 525934.94021, 6415808.49065 ], [ 525937.17878, 6415837.44447 ], [ 525939.30949, 6415853.41155 ], [ 525939.38416, 6415862.40237 ], [ 525941.4568, 6415871.37659 ], [ 525945.59378, 6415888.32607 ], [ 525949.70587, 6415902.27861 ], [ 525952.78579, 6415912.24353 ], [ 525955.84912, 6415920.21048 ], [ 525960.9353, 6415931.15779 ], [ 525967.02047, 6415942.09681 ], [ 525971.08278, 6415950.05547 ], [ 525974.12121, 6415955.02549 ], [ 525980.20638, 6415965.96451 ], [ 525987.31543, 6415979.89217 ], [ 525997.46291, 6415998.78985 ], [ 526001.54181, 6416008.74647 ], [ 526004.62173, 6416018.71138 ], [ 526009.75769, 6416035.65257 ], [ 526012.83761, 6416045.61749 ], [ 526015.91753, 6416055.5824 ], [ 526017.99017, 6416064.55663 ], [ 526019.03064, 6416069.54324 ] ] ] ] } },
{ "type": "Feature", "properties": { "COMMUNE": "Pontours", "COMMUNAUTE": "CC des Bastides Dordogne Périgord", "INSEE_COMM": 24334, "ID_CDECOMM": 21, "SURFACE_UR": 1.0175, "COVISIBILI": "non", "SITUATION_": "non boise", "SITUATION1": "ligne de crete" }, "geometry": { "type": "MultiPolygon", "coordinates": [ [ [ [ 525656.08896, 6416155.47722 ], [ 525698.28691, 6416184.09933 ], [ 525710.09219, 6416162.02226 ], [ 525698.01312, 6416151.133 ], [ 525749.43762, 6416087.76605 ], [ 525754.46573, 6416091.7205 ], [ 525788.14082, 6416056.47425 ], [ 525758.95456, 6416030.74128 ], [ 525749.09747, 6416046.80789 ], [ 525746.142, 6416051.82766 ], [ 525729.3086, 6416069.95028 ], [ 525701.56934, 6416098.15391 ], [ 525689.68939, 6416111.24016 ], [ 525674.84566, 6416128.34721 ], [ 525665.93777, 6416138.41164 ], [ 525662.974, 6416142.43244 ], [ 525661.00092, 6416145.44596 ], [ 525660.03512, 6416149.45017 ], [ 525657.08795, 6416155.46893 ], [ 525656.08896, 6416155.47722 ] ] ], [ [ [ 525615.42098, 6416190.78152 ], [ 525617.41066, 6416189.76596 ], [ 525635.31771, 6416180.62587 ], [ 525650.12824, 6416159.5229 ], [ 525658.98636, 6416143.46459 ], [ 525671.81552, 6416124.37617 ], [ 525679.74932, 6416117.31697 ], [ 525689.63961, 6416105.24628 ], [ 525688.63233, 6416104.25559 ], [ 525665.42338, 6416076.4749 ], [ 525589.23998, 6416166.02264 ], [ 525615.42098, 6416190.78152 ] ] ] ] } },
{ "type": "Feature", "properties": { "COMMUNE": "Badefols-sur-Dordogne", "COMMUNAUTE": "CC des Bastides Dordogne Périgord", "INSEE_COMM": 24022, "ID_CDECOMM": 21, "SURFACE_UR": 0.47635, "COVISIBILI": "non", "SITUATION_": "boise", "SITUATION1": "pente" }, "geometry": { "type": "MultiPolygon", "coordinates": [ [ [ [ 525562.34411, 6417859.63424 ], [ 525555.16039, 6417836.71573 ], [ 525538.83648, 6417795.8902 ], [ 525537.75453, 6417785.90869 ], [ 525481.90262, 6417797.36187 ], [ 525512.58567, 6417883.02545 ], [ 525515.60751, 6417885.99751 ], [ 525560.35443, 6417860.64981 ], [ 525562.34411, 6417859.63424 ] ] ] ] } },
{ "type": "Feature", "properties": { "COMMUNE": "Badefols-sur-Dordogne", "COMMUNAUTE": "CC des Bastides Dordogne Périgord", "INSEE_COMM": 24022, "ID_CDECOMM": 21, "SURFACE_UR": 1.37065, "COVISIBILI": "non", "SITUATION_": "boise", "SITUATION1": "plateau plaine" }, "geometry": { "type": "MultiPolygon", "coordinates": [ [ [ [ 525681.3965, 6417037.42727 ], [ 525691.28679, 6417025.35658 ], [ 525701.16048, 6417011.28793 ], [ 525707.07972, 6417002.24735 ], [ 525723.87164, 6416979.12982 ], [ 525730.79816, 6416971.07993 ], [ 525772.38218, 6416925.77751 ], [ 525777.32732, 6416919.74216 ], [ 525788.22489, 6416908.66216 ], [ 525791.19696, 6416905.64034 ], [ 525803.06862, 6416891.5551 ], [ 525746.76043, 6416848.06438 ], [ 525720.02015, 6416876.25974 ], [ 525706.15051, 6416890.36156 ], [ 525672.49201, 6416927.60579 ], [ 525647.74969, 6416955.78456 ], [ 525629.95879, 6416978.91038 ], [ 525645.05141, 6416991.77273 ], [ 525651.0868, 6416996.71787 ], [ 525640.21412, 6417010.79482 ], [ 525681.3965, 6417037.42727 ] ] ] ] } },
{ "type": "Feature", "properties": { "COMMUNE": "Badefols-sur-Dordogne", "COMMUNAUTE": "CC des Bastides Dordogne Périgord", "INSEE_COMM": 24022, "ID_CDECOMM": 21, "SURFACE_UR": 3.36745, "COVISIBILI": "non", "SITUATION_": "clairiere", "SITUATION1": "plateau plaine" }, "geometry": { "type": "MultiPolygon", "coordinates": [ [ [ [ 525474.59495, 6417158.03085 ], [ 525474.56176, 6417154.03493 ], [ 525473.42174, 6417137.06056 ], [ 525473.30559, 6417123.07483 ], [ 525473.26411, 6417118.07993 ], [ 525475.17082, 6417107.07456 ], [ 525542.29361, 6417129.49549 ], [ 525531.62004, 6417167.54797 ], [ 525520.63951, 6417168.63817 ], [ 525491.67725, 6417169.87764 ], [ 525487.09714, 6417219.86813 ], [ 525513.4192, 6417261.60969 ], [ 525516.39956, 6417259.58685 ], [ 525538.26108, 6417245.41868 ], [ 525563.93601, 6417209.23977 ], [ 525571.84492, 6417199.18363 ], [ 525595.4887, 6417159.02538 ], [ 525594.36527, 6417144.04897 ], [ 525594.34868, 6417142.05101 ], [ 525596.29687, 6417136.04054 ], [ 525597.27096, 6417133.0353 ], [ 525597.23778, 6417129.03938 ], [ 525597.20459, 6417125.04346 ], [ 525603.10724, 6417114.00492 ], [ 525607.09488, 6417112.97277 ], [ 525610.07524, 6417110.94993 ], [ 525627.90763, 6417092.81901 ], [ 525658.64386, 6417064.59048 ], [ 525662.60661, 6417060.56139 ], [ 525671.51451, 6417050.49695 ], [ 525679.42342, 6417040.4408 ], [ 525681.3965, 6417037.42727 ], [ 525640.21412, 6417010.79482 ], [ 525626.37767, 6417028.89256 ], [ 525619.35989, 6417025.95367 ], [ 525580.25015, 6417008.29545 ], [ 525571.2261, 6417004.37416 ], [ 525519.07978, 6416980.82987 ], [ 525508.37303, 6417014.88642 ], [ 525492.33949, 6417009.02522 ], [ 525488.41822, 6417018.04921 ], [ 525485.50423, 6417028.06389 ], [ 525452.47136, 6417020.34571 ], [ 525447.60918, 6417036.37086 ], [ 525442.747, 6417052.39601 ], [ 525437.81845, 6417060.42932 ], [ 525414.16637, 6417099.58858 ], [ 525425.53684, 6417145.45045 ], [ 525474.59495, 6417158.03085 ] ] ] ] } },
{ "type": "Feature", "properties": { "COMMUNE": "Badefols-sur-Dordogne", "COMMUNAUTE": "CC des Bastides Dordogne Périgord", "INSEE_COMM": 24022, "ID_CDECOMM": 21, "SURFACE_UR": 2.9684, "COVISIBILI": "non", "SITUATION_": "clairiere", "SITUATION1": "pente" }, "geometry": { "type": "MultiPolygon", "coordinates": [ [ [ [ 525691.77394, 6418046.38118 ], [ 525691.6329, 6418029.3985 ], [ 525691.44208, 6418006.42194 ], [ 525690.34354, 6417994.44246 ], [ 525681.90365, 6417940.56383 ], [ 525675.62766, 6417906.64823 ], [ 525664.38163, 6417875.77104 ], [ 525630.67332, 6417907.02141 ], [ 525628.70024, 6417910.03494 ], [ 525622.74782, 6417915.0796 ], [ 525610.66044, 6417903.19135 ], [ 525585.4701, 6417877.42516 ], [ 525583.46383, 6417876.44277 ], [ 525566.38153, 6417864.59598 ], [ 525563.35968, 6417861.62391 ], [ 525562.34411, 6417859.63424 ], [ 525560.35443, 6417860.64981 ], [ 525515.60751, 6417885.99751 ], [ 525553.08434, 6417947.6275 ], [ 525533.21249, 6417960.78011 ], [ 525552.53337, 6418001.58076 ], [ 525526.6676, 6418014.78313 ], [ 525567.18287, 6418081.38315 ], [ 525542.34928, 6418098.57315 ], [ 525500.4085, 6418100.91941 ], [ 525541.88127, 6418162.51623 ], [ 525569.68693, 6418142.30441 ], [ 525563.61005, 6418132.36435 ], [ 525575.34068, 6418101.29643 ], [ 525576.33137, 6418100.28915 ], [ 525573.20997, 6418085.32931 ], [ 525611.85513, 6418047.04461 ], [ 525620.81281, 6418042.97405 ], [ 525646.76153, 6418039.76149 ], [ 525648.11727, 6418082.70939 ], [ 525698.00845, 6418075.30187 ], [ 525691.77394, 6418046.38118 ] ] ] ] } },
{ "type": "Feature", "properties": { "COMMUNE": "Bayac", "COMMUNAUTE": "CC des Bastides Dordogne Périgord", "INSEE_COMM": 24027, "ID_CDECOMM": 21, "SURFACE_UR": 0.95915, "COVISIBILI": "non", "SITUATION_": "clairiere", "SITUATION1": "plateau plaine" }, "geometry": { "type": "MultiPolygon", "coordinates": [ [ [ [ 519818.26367, 6414668.38984 ], [ 519859.29665, 6414677.04082 ], [ 519919.33519, 6414688.53124 ], [ 519914.96603, 6414643.61036 ], [ 519914.93286, 6414639.61444 ], [ 519913.4943, 6414586.67687 ], [ 519836.32374, 6414557.34575 ], [ 519818.26367, 6414668.38984 ] ] ] ] } },
{ "type": "Feature", "properties": { "COMMUNE": "Lalinde", "COMMUNAUTE": "CC des Bastides Dordogne Périgord", "INSEE_COMM": 24223, "ID_CDECOMM": 21, "SURFACE_UR": 2.29795, "COVISIBILI": "non", "SITUATION_": "non boise", "SITUATION1": "plateau plaine" }, "geometry": { "type": "MultiPolygon", "coordinates": [ [ [ [ 521799.11697, 6418727.07351 ], [ 521800.38139, 6418759.03263 ], [ 521804.35713, 6418876.88759 ], [ 521804.38201, 6418879.88454 ], [ 521806.52099, 6418896.85065 ], [ 521808.53555, 6418898.83203 ], [ 521812.54808, 6418900.79683 ], [ 521816.54403, 6418900.76367 ], [ 521824.52762, 6418899.69837 ], [ 521868.39174, 6418888.34481 ], [ 521905.28785, 6418880.04622 ], [ 521932.1858, 6418870.83155 ], [ 521944.12386, 6418864.73818 ], [ 521949.08561, 6418860.7008 ], [ 521951.0587, 6418857.68728 ], [ 521950.63566, 6418806.73921 ], [ 521948.29761, 6418765.79755 ], [ 521948.07365, 6418738.82505 ], [ 521948.01558, 6418731.83217 ], [ 521868.08015, 6418730.49742 ], [ 521868.08015, 6418730.49742 ], [ 521799.11697, 6418727.07351 ] ] ] ] } },
{ "type": "Feature", "properties": { "COMMUNE": "Lalinde", "COMMUNAUTE": "CC des Bastides Dordogne Périgord", "INSEE_COMM": 24223, "ID_CDECOMM": 21, "SURFACE_UR": 1.99345, "COVISIBILI": "non", "SITUATION_": "non boise", "SITUATION1": "pente" }, "geometry": { "type": "MultiPolygon", "coordinates": [ [ [ [ 521624.37487, 6419099.17134 ], [ 521633.55652, 6419122.07331 ], [ 521651.79539, 6419152.89253 ], [ 521672.05713, 6419186.69211 ], [ 521694.32513, 6419221.4741 ], [ 521719.29977, 6419221.26685 ], [ 521722.29673, 6419221.24198 ], [ 521759.26749, 6419221.93423 ], [ 521784.25043, 6419222.72596 ], [ 521822.17871, 6419218.41501 ], [ 521863.11224, 6419215.07817 ], [ 521858.6435, 6419158.16937 ], [ 521822.68001, 6419158.46781 ], [ 521821.68932, 6419159.47508 ], [ 521821.67273, 6419157.47712 ], [ 521738.27583, 6419100.22425 ], [ 521624.37487, 6419099.17134 ] ] ] ] } },
{ "type": "Feature", "properties": { "COMMUNE": "Lalinde", "COMMUNAUTE": "CC des Bastides Dordogne Périgord", "INSEE_COMM": 24223, "ID_CDECOMM": 21, "SURFACE_UR": 3.3873, "COVISIBILI": "non", "SITUATION_": "boise", "SITUATION1": "plateau plaine" }, "geometry": { "type": "MultiPolygon", "coordinates": [ [ [ [ 520804.36428, 6418884.1866 ], [ 520833.69151, 6418926.90242 ], [ 520852.8796, 6418951.71946 ], [ 520895.29318, 6419006.31531 ], [ 520899.33059, 6419011.27706 ], [ 521015.18341, 6418886.43346 ], [ 521032.81679, 6418844.32702 ], [ 521008.67525, 6418824.54634 ], [ 521036.96569, 6418742.38945 ], [ 520954.99082, 6418736.07632 ], [ 520952.99284, 6418736.09289 ], [ 520925.00466, 6418734.32704 ], [ 520899.05592, 6418737.53951 ], [ 520891.42899, 6418781.56101 ], [ 520912.87217, 6418837.3299 ], [ 520804.36428, 6418884.1866 ] ] ] ] } },
{ "type": "Feature", "properties": { "COMMUNE": "Lalinde", "COMMUNAUTE": "CC des Bastides Dordogne Périgord", "INSEE_COMM": 24223, "ID_CDECOMM": 21, "SURFACE_UR": 2.8119, "COVISIBILI": "non", "SITUATION_": "non boise", "SITUATION1": "pente" }, "geometry": { "type": "MultiPolygon", "coordinates": [ [ [ [ 521801.6541, 6418791.99074 ], [ 521800.38139, 6418759.03263 ], [ 521799.11697, 6418727.07351 ], [ 521688.17982, 6418721.99982 ], [ 521677.18268, 6418721.09202 ], [ 521614.20512, 6418716.61938 ], [ 521608.20291, 6418715.67014 ], [ 521564.21437, 6418712.03897 ], [ 521582.69379, 6418771.82865 ], [ 521594.00612, 6418810.69774 ], [ 521595.05487, 6418816.68334 ], [ 521596.07045, 6418818.67301 ], [ 521598.10989, 6418823.65134 ], [ 521603.24583, 6418840.59258 ], [ 521554.42825, 6418856.98249 ], [ 521559.57248, 6418874.92271 ], [ 521589.40104, 6418857.69133 ], [ 521630.35115, 6418856.35246 ], [ 521684.50374, 6418880.87934 ], [ 521801.6541, 6418791.99074 ] ] ] ] } },
{ "type": "Feature", "properties": { "COMMUNE": "Lalinde", "COMMUNAUTE": "CC des Bastides Dordogne Périgord", "INSEE_COMM": 24223, "ID_CDECOMM": 21, "SURFACE_UR": 0.71655, "COVISIBILI": null, "SITUATION_": null, "SITUATION1": null }, "geometry": { "type": "MultiPolygon", "coordinates": [ [ [ [ 524381.29807, 6419163.20801 ], [ 524458.87052, 6419120.604 ], [ 524485.72699, 6419106.39437 ], [ 524471.57528, 6419086.53082 ], [ 524534.18783, 6419047.04813 ], [ 524521.11806, 6419037.16611 ], [ 524510.06285, 6419029.26547 ], [ 524447.40881, 6419063.75325 ], [ 524450.45555, 6419069.72226 ], [ 524420.61041, 6419084.95575 ], [ 524394.74463, 6419098.1581 ], [ 524382.81488, 6419105.25048 ], [ 524381.29807, 6419163.20801 ] ] ] ] } },
{ "type": "Feature", "properties": { "COMMUNE": "Lalinde", "COMMUNAUTE": "CC des Bastides Dordogne Périgord", "INSEE_COMM": 24223, "ID_CDECOMM": 21, "SURFACE_UR": 1.9742, "COVISIBILI": "non", "SITUATION_": "non boise", "SITUATION1": "vallee" }, "geometry": { "type": "MultiPolygon", "coordinates": [ [ [ [ 523403.3892, 6418100.34273 ], [ 523420.35535, 6418098.20382 ], [ 523430.34521, 6418098.1209 ], [ 523450.66855, 6418019.02728 ], [ 523439.67971, 6418019.11849 ], [ 523420.6907, 6418018.27704 ], [ 523397.69745, 6418016.46978 ], [ 523388.70658, 6418016.5444 ], [ 523378.73332, 6418018.62527 ], [ 523369.74246, 6418018.69989 ], [ 523358.74532, 6418017.79212 ], [ 523340.7553, 6418016.94238 ], [ 523336.75936, 6418016.97554 ], [ 523333.7707, 6418017.9994 ], [ 523323.78914, 6418019.08129 ], [ 523317.86159, 6418027.12288 ], [ 523313.88224, 6418029.15401 ], [ 523297.93166, 6418033.28259 ], [ 523283.97075, 6418036.39561 ], [ 523234.12933, 6418049.79693 ], [ 523142.51303, 6418085.52404 ], [ 523108.67197, 6418100.79066 ], [ 523106.68229, 6418101.80622 ], [ 523105.6999, 6418103.81247 ], [ 523106.72377, 6418106.80112 ], [ 523110.70312, 6418104.77 ], [ 523119.6608, 6418100.69945 ], [ 523159.6451, 6418103.36475 ], [ 523269.56665, 6418106.44866 ], [ 523283.56074, 6418107.33156 ], [ 523317.52624, 6418107.04966 ], [ 523336.50696, 6418106.89213 ], [ 523347.4875, 6418105.80194 ], [ 523403.3892, 6418100.34273 ] ] ] ] } },
{ "type": "Feature", "properties": { "COMMUNE": "Lalinde", "COMMUNAUTE": "CC des Bastides Dordogne Périgord", "INSEE_COMM": 24223, "ID_CDECOMM": 21, "SURFACE_UR": 4.3267, "COVISIBILI": "oui", "SITUATION_": "non boise", "SITUATION1": "plateau plaine" }, "geometry": { "type": "MultiPolygon", "coordinates": [ [ [ [ 519904.26084, 6418648.88588 ], [ 519939.03457, 6418625.6192 ], [ 519940.09162, 6418632.60378 ], [ 519940.12479, 6418636.59971 ], [ 519945.36024, 6418665.52873 ], [ 519948.48161, 6418680.48859 ], [ 519966.41358, 6418674.3455 ], [ 519992.32085, 6418666.13814 ], [ 519993.37789, 6418673.12272 ], [ 520036.31768, 6418670.76834 ], [ 520084.26069, 6418669.3715 ], [ 520089.25562, 6418669.33006 ], [ 520087.39035, 6418685.33034 ], [ 520114.38784, 6418688.10349 ], [ 520146.38026, 6418690.83519 ], [ 520155.37942, 6418691.75957 ], [ 520156.7931, 6418741.70036 ], [ 520161.78803, 6418741.65891 ], [ 520196.77741, 6418744.36575 ], [ 520230.7595, 6418746.08189 ], [ 520233.62375, 6418730.07332 ], [ 520233.59058, 6418726.07739 ], [ 520245.08906, 6418667.03802 ], [ 520246.06316, 6418664.03278 ], [ 520249.01865, 6418659.01301 ], [ 520261.03135, 6418661.91049 ], [ 520275.04203, 6418664.79138 ], [ 520284.0412, 6418665.71577 ], [ 520275.00886, 6418660.79546 ], [ 520218.64268, 6418610.31158 ], [ 520122.23414, 6418550.16945 ], [ 520009.39026, 6418556.10098 ], [ 519950.37548, 6418547.59919 ], [ 519888.44667, 6418549.11206 ], [ 519904.26084, 6418648.88588 ] ] ] ] } },
{ "type": "Feature", "properties": { "COMMUNE": "Lalinde", "COMMUNAUTE": "CC des Bastides Dordogne Périgord", "INSEE_COMM": 24223, "ID_CDECOMM": 21, "SURFACE_UR": 3.76405, "COVISIBILI": "non", "SITUATION_": "boise", "SITUATION1": "pente" }, "geometry": { "type": "MultiPolygon", "coordinates": [ [ [ [ 521251.55215, 6418596.74556 ], [ 521251.52727, 6418593.74862 ], [ 521259.17078, 6418551.72508 ], [ 521262.98425, 6418529.71433 ], [ 521265.81531, 6418509.70984 ], [ 521268.65467, 6418490.70432 ], [ 521277.22252, 6418439.68167 ], [ 521277.21423, 6418438.68268 ], [ 521277.19764, 6418436.68472 ], [ 521262.20456, 6418435.81009 ], [ 521260.8738, 6418395.85912 ], [ 521223.91134, 6418396.16584 ], [ 521224.85227, 6418389.16468 ], [ 521224.82738, 6418386.16774 ], [ 521230.68858, 6418370.1343 ], [ 521237.59024, 6418359.08748 ], [ 521243.50121, 6418349.04793 ], [ 521237.44923, 6418342.10479 ], [ 521223.30585, 6418323.24021 ], [ 521221.29129, 6418321.25882 ], [ 521212.3336, 6418325.32935 ], [ 521205.37388, 6418329.38331 ], [ 521185.48541, 6418340.53789 ], [ 521171.49961, 6418340.65395 ], [ 521170.50063, 6418340.66224 ], [ 521156.53972, 6418343.77524 ], [ 521147.54056, 6418342.85086 ], [ 521138.57457, 6418345.92241 ], [ 521134.58692, 6418346.95455 ], [ 521126.61992, 6418350.01781 ], [ 521118.63634, 6418351.08311 ], [ 521117.63735, 6418351.0914 ], [ 521102.47108, 6418570.00924 ], [ 521175.62096, 6418596.3766 ], [ 521245.66607, 6418609.78206 ], [ 521251.55215, 6418596.74556 ] ] ] ] } },
{ "type": "Feature", "properties": { "COMMUNE": "Lalinde", "COMMUNAUTE": "CC des Bastides Dordogne Périgord", "INSEE_COMM": 24223, "ID_CDECOMM": 21, "SURFACE_UR": 2.01375, "COVISIBILI": "non", "SITUATION_": "non boise", "SITUATION1": "vallee" }, "geometry": { "type": "MultiPolygon", "coordinates": [ [ [ [ 524159.92974, 6419213.99893 ], [ 524176.95397, 6419218.85288 ], [ 524183.98006, 6419222.79076 ], [ 524185.94484, 6419218.77825 ], [ 524186.91894, 6419215.77301 ], [ 524209.44764, 6419161.63728 ], [ 524221.18659, 6419131.56832 ], [ 524227.06437, 6419117.53282 ], [ 524239.82719, 6419090.45252 ], [ 524240.80129, 6419087.44728 ], [ 524246.64588, 6419069.41586 ], [ 524248.60237, 6419064.40436 ], [ 524259.57462, 6419062.31519 ], [ 524251.43341, 6419044.39985 ], [ 524248.40327, 6419040.4288 ], [ 524238.39682, 6419038.51375 ], [ 524237.38954, 6419037.52306 ], [ 524236.39056, 6419037.53136 ], [ 524225.45978, 6419044.61544 ], [ 524224.4608, 6419044.62373 ], [ 524220.48145, 6419046.65486 ], [ 524215.49481, 6419047.6953 ], [ 524214.49583, 6419047.7036 ], [ 524205.53814, 6419051.77415 ], [ 524205.52985, 6419050.77517 ], [ 524184.60922, 6419057.94217 ], [ 524182.61954, 6419058.95773 ], [ 524169.66591, 6419063.06146 ], [ 524155.72159, 6419068.17245 ], [ 524148.76188, 6419072.22642 ], [ 524145.77321, 6419073.25028 ], [ 524138.82179, 6419078.30323 ], [ 524112.99749, 6419096.50049 ], [ 524097.11327, 6419108.62094 ], [ 524102.14138, 6419112.57541 ], [ 524092.21789, 6419120.65018 ], [ 524080.28813, 6419127.74255 ], [ 524073.32842, 6419131.79652 ], [ 524068.35008, 6419133.83595 ], [ 524058.3934, 6419137.91479 ], [ 524046.43876, 6419142.01022 ], [ 524027.49951, 6419147.16267 ], [ 524020.51491, 6419148.21969 ], [ 524027.54099, 6419152.15758 ], [ 524047.62025, 6419163.97953 ], [ 524088.76117, 6419185.61717 ], [ 524104.81961, 6419194.47534 ], [ 524114.84265, 6419198.38835 ], [ 524126.87195, 6419203.28376 ], [ 524132.89076, 6419206.23095 ], [ 524138.90126, 6419208.17916 ], [ 524149.91499, 6419211.0849 ], [ 524159.92974, 6419213.99893 ] ] ] ] } },
{ "type": "Feature", "properties": { "COMMUNE": "Lalinde", "COMMUNAUTE": "CC des Bastides Dordogne Périgord", "INSEE_COMM": 24223, "ID_CDECOMM": 21, "SURFACE_UR": 15.52855, "COVISIBILI": "oui", "SITUATION_": "non boise", "SITUATION1": "pente" }, "geometry": { "type": "MultiPolygon", "coordinates": [ [ [ [ 520908.40249, 6418539.64999 ], [ 520907.44497, 6418544.65318 ], [ 520894.45816, 6418544.76095 ], [ 520881.48794, 6418546.86667 ], [ 520864.78719, 6418580.97296 ], [ 520874.00201, 6418607.87085 ], [ 520873.00302, 6418607.87914 ], [ 520852.0658, 6418613.04813 ], [ 520849.01908, 6418607.07911 ], [ 520806.15394, 6418618.42435 ], [ 520802.16629, 6418619.45648 ], [ 520790.22823, 6418625.54984 ], [ 520784.27579, 6418630.59449 ], [ 520766.40188, 6418643.73045 ], [ 520760.44944, 6418648.7751 ], [ 520746.55488, 6418659.87994 ], [ 520732.66032, 6418670.98479 ], [ 520725.68401, 6418673.04078 ], [ 520699.75186, 6418678.25121 ], [ 520704.79655, 6418684.20365 ], [ 520716.87561, 6418695.09298 ], [ 520729.93707, 6418703.97605 ], [ 520737.94555, 6418705.9077 ], [ 520751.93964, 6418706.79063 ], [ 520765.91714, 6418705.6756 ], [ 520781.88432, 6418703.54501 ], [ 520790.86689, 6418702.47142 ], [ 520801.82256, 6418698.38431 ], [ 520811.77094, 6418693.30651 ], [ 520818.73896, 6418690.25154 ], [ 520821.78568, 6418696.22056 ], [ 520822.80955, 6418699.20922 ], [ 520836.26913, 6418756.0434 ], [ 520868.11225, 6418740.79342 ], [ 520925.00466, 6418734.32704 ], [ 520952.99284, 6418736.09289 ], [ 520954.99082, 6418736.07632 ], [ 521040.96163, 6418742.35629 ], [ 521078.93967, 6418744.03925 ], [ 521074.19357, 6418774.05015 ], [ 521062.45458, 6418804.11907 ], [ 521045.82019, 6418846.21722 ], [ 521061.83713, 6418850.08052 ], [ 521054.9023, 6418857.13141 ], [ 521020.28616, 6418899.37878 ], [ 521054.50051, 6418929.06638 ], [ 521057.47258, 6418926.04457 ], [ 521075.28843, 6418905.91572 ], [ 521090.12392, 6418887.80971 ], [ 521100.01424, 6418875.73904 ], [ 521106.9159, 6418864.69221 ], [ 521113.82585, 6418854.64437 ], [ 521130.60125, 6418829.5289 ], [ 521139.45111, 6418812.47161 ], [ 521144.34651, 6418800.44238 ], [ 521147.26881, 6418791.42668 ], [ 521149.19214, 6418782.41927 ], [ 521159.18199, 6418782.33637 ], [ 521219.3036, 6418803.81659 ], [ 521270.38457, 6418819.37752 ], [ 521264.53996, 6418837.40893 ], [ 521332.7364, 6418868.81264 ], [ 521361.27567, 6418816.6252 ], [ 521365.2882, 6418818.59 ], [ 521368.30175, 6418820.56309 ], [ 521374.32054, 6418823.5103 ], [ 521435.64851, 6418869.95676 ], [ 521455.33791, 6418834.82661 ], [ 521446.29727, 6418828.90733 ], [ 521495.19313, 6418701.62218 ], [ 521420.21116, 6418695.25104 ], [ 521381.23414, 6418693.57638 ], [ 521374.24124, 6418693.63441 ], [ 521370.26189, 6418695.66553 ], [ 521363.30217, 6418699.71948 ], [ 521325.19971, 6418683.05181 ], [ 521296.81804, 6418754.2199 ], [ 521286.88625, 6418761.29567 ], [ 521282.8986, 6418762.32781 ], [ 521276.91298, 6418763.37653 ], [ 521269.90349, 6418761.43659 ], [ 521231.85081, 6418750.7628 ], [ 521215.83386, 6418746.89951 ], [ 521211.82133, 6418744.9347 ], [ 521211.81303, 6418743.93572 ], [ 521213.58705, 6418716.94664 ], [ 521215.41914, 6418696.95043 ], [ 521217.23463, 6418674.95626 ], [ 521219.05842, 6418653.96107 ], [ 521220.85732, 6418629.96893 ], [ 521248.8538, 6418632.73377 ], [ 521250.69417, 6418613.73654 ], [ 521251.6351, 6418606.73538 ], [ 521251.55215, 6418596.74556 ], [ 521245.66607, 6418609.78206 ], [ 521175.62096, 6418596.3766 ], [ 521102.47108, 6418570.00924 ], [ 521117.63735, 6418351.0914 ], [ 521117.571, 6418343.09955 ], [ 521117.52952, 6418338.10464 ], [ 521056.56654, 6418335.61336 ], [ 521039.53402, 6418329.76039 ], [ 520993.44799, 6418314.15801 ], [ 520982.64162, 6418336.22678 ], [ 520981.65093, 6418337.23405 ], [ 520976.73895, 6418347.26531 ], [ 520972.81766, 6418356.2893 ], [ 520971.82697, 6418357.29657 ], [ 520967.88908, 6418364.3226 ], [ 520965.00825, 6418378.3332 ], [ 520965.03313, 6418381.33015 ], [ 520964.03415, 6418381.33844 ], [ 520959.2217, 6418403.35747 ], [ 520957.52232, 6418439.33738 ], [ 520957.53062, 6418440.33636 ], [ 520955.69853, 6418460.33257 ], [ 520955.78148, 6418470.32238 ], [ 520954.78249, 6418470.33067 ], [ 520953.89963, 6418484.3247 ], [ 520953.90792, 6418485.32368 ], [ 520952.07584, 6418505.31989 ], [ 520950.39305, 6418543.29776 ], [ 520921.40588, 6418541.54019 ], [ 520910.40875, 6418540.63239 ], [ 520908.40249, 6418539.64999 ] ] ] ] } },
{ "type": "Feature", "properties": { "COMMUNE": "Lalinde", "COMMUNAUTE": "CC des Bastides Dordogne Périgord", "INSEE_COMM": 24223, "ID_CDECOMM": 21, "SURFACE_UR": 5.1544, "COVISIBILI": "oui", "SITUATION_": "non boise", "SITUATION1": "pente" }, "geometry": { "type": "MultiPolygon", "coordinates": [ [ [ [ 524723.12194, 6419301.23686 ], [ 524719.16748, 6419306.26494 ], [ 524709.15273, 6419303.35091 ], [ 524691.37009, 6419327.47574 ], [ 524669.32604, 6419319.66631 ], [ 524657.31332, 6419316.76887 ], [ 524649.32143, 6419316.83521 ], [ 524635.36882, 6419320.94723 ], [ 524621.39131, 6419322.0623 ], [ 524608.34642, 6419315.17722 ], [ 524599.31407, 6419310.25694 ], [ 524591.34707, 6419313.32023 ], [ 524571.23462, 6419297.50236 ], [ 524555.1513, 6419285.64725 ], [ 524545.2444, 6419295.71999 ], [ 524524.4648, 6419319.86969 ], [ 524520.43568, 6419315.90693 ], [ 524513.51744, 6419324.95581 ], [ 524508.60547, 6419334.98709 ], [ 524505.68318, 6419344.00281 ], [ 524555.82327, 6419366.56479 ], [ 524586.91627, 6419381.29247 ], [ 524612.98116, 6419392.06567 ], [ 524637.06467, 6419404.85343 ], [ 524640.09481, 6419408.82448 ], [ 524649.14375, 6419415.74272 ], [ 524670.22201, 6419427.55637 ], [ 524686.26385, 6419434.41657 ], [ 524723.30929, 6419444.09958 ], [ 524728.32081, 6419446.05608 ], [ 524750.34828, 6419451.86755 ], [ 524772.38404, 6419458.67799 ], [ 524793.42911, 6419466.49571 ], [ 524817.48773, 6419476.28652 ], [ 524829.52534, 6419482.1809 ], [ 524839.55668, 6419487.09289 ], [ 524857.63798, 6419498.93141 ], [ 524894.79126, 6419521.60119 ], [ 524897.80481, 6419523.57427 ], [ 524904.83919, 6419528.51114 ], [ 524968.14863, 6419572.94291 ], [ 524971.1207, 6419569.92109 ], [ 524964.08632, 6419564.98423 ], [ 524967.0335, 6419558.96546 ], [ 524988.72082, 6419523.81865 ], [ 525003.5148, 6419500.71767 ], [ 525004.50549, 6419499.7104 ], [ 524853.51274, 6419363.09473 ], [ 524804.28037, 6419329.53566 ], [ 524723.12194, 6419301.23686 ] ] ] ] } },
{ "type": "Feature", "properties": { "COMMUNE": "Mauzac-et-Grand-Castang", "COMMUNAUTE": "CC des Bastides Dordogne Périgord", "INSEE_COMM": 24260, "ID_CDECOMM": 21, "SURFACE_UR": 2.50685, "COVISIBILI": "non", "SITUATION_": "non boise", "SITUATION1": "vallee" }, "geometry": { "type": "MultiPolygon", "coordinates": [ [ [ [ 526160.0485, 6419215.3789 ], [ 526159.04122, 6419214.38821 ], [ 526106.70401, 6419167.86731 ], [ 526102.67488, 6419163.90456 ], [ 526096.63949, 6419158.95941 ], [ 526088.58952, 6419152.03288 ], [ 526081.53855, 6419145.09806 ], [ 526076.52703, 6419143.14157 ], [ 526064.49771, 6419138.24617 ], [ 526046.4496, 6419130.4036 ], [ 526015.36489, 6419116.67494 ], [ 526004.33456, 6419111.77126 ], [ 525998.30746, 6419107.82509 ], [ 525986.24496, 6419098.93377 ], [ 525979.21058, 6419093.99691 ], [ 525974.19076, 6419091.04143 ], [ 525971.16892, 6419088.06937 ], [ 525968.16366, 6419087.09527 ], [ 525952.10522, 6419078.23712 ], [ 525925.00816, 6419063.47631 ], [ 525901.92363, 6419050.68028 ], [ 525896.90382, 6419047.7248 ], [ 525878.83911, 6419037.88426 ], [ 525875.82556, 6419035.91118 ], [ 525858.76813, 6419027.06132 ], [ 525856.76186, 6419026.07893 ], [ 525832.67006, 6419012.29222 ], [ 525823.62941, 6419006.37296 ], [ 525819.60857, 6419003.40919 ], [ 525812.57419, 6418998.47233 ], [ 525796.48257, 6418985.61826 ], [ 525775.37942, 6418970.80769 ], [ 525755.28356, 6418956.9878 ], [ 525728.15331, 6418938.23106 ], [ 525710.06372, 6418925.39357 ], [ 525686.38674, 6418961.55594 ], [ 525771.77342, 6419017.793 ], [ 525787.85674, 6419029.64809 ], [ 525859.15807, 6419074.01347 ], [ 525894.32999, 6419098.69776 ], [ 526018.87624, 6419178.58694 ], [ 526049.91947, 6419187.32069 ], [ 526098.3354, 6419242.8656 ], [ 526107.40923, 6419252.78078 ], [ 526115.38453, 6419250.71647 ], [ 526160.0485, 6419215.3789 ] ] ] ] } },
{ "type": "Feature", "properties": { "COMMUNE": "Lalinde", "COMMUNAUTE": "CC des Bastides Dordogne Périgord", "INSEE_COMM": 24223, "ID_CDECOMM": 21, "SURFACE_UR": 2.60195, "COVISIBILI": "non", "SITUATION_": "non boise", "SITUATION1": "vallee" }, "geometry": { "type": "MultiPolygon", "coordinates": [ [ [ [ 523580.82119, 6418533.45688 ], [ 523594.85675, 6418539.33469 ], [ 523612.89656, 6418546.17832 ], [ 523642.95737, 6418556.91837 ], [ 523641.97498, 6418558.92462 ], [ 523653.99599, 6418562.82105 ], [ 523666.02529, 6418567.71646 ], [ 523676.04833, 6418571.62947 ], [ 523704.11117, 6418582.38611 ], [ 523722.15098, 6418589.22973 ], [ 523743.19604, 6418597.04746 ], [ 523756.22433, 6418601.93458 ], [ 523770.2516, 6418606.81341 ], [ 523799.31343, 6418617.56175 ], [ 523815.35527, 6418624.42195 ], [ 523823.36374, 6418626.35358 ], [ 523841.40355, 6418633.19721 ], [ 523847.41405, 6418635.14542 ], [ 523852.41728, 6418636.10294 ], [ 523879.42307, 6418639.875 ], [ 523949.4516, 6418651.28236 ], [ 523963.20512, 6418623.19479 ], [ 523899.03777, 6418595.75398 ], [ 523874.97916, 6418585.96316 ], [ 523869.96764, 6418584.00666 ], [ 523870.94174, 6418581.00142 ], [ 523846.88313, 6418571.21061 ], [ 523822.81623, 6418560.42081 ], [ 523793.7544, 6418549.67247 ], [ 523780.72611, 6418544.78535 ], [ 523768.69681, 6418539.88994 ], [ 523748.65074, 6418532.06392 ], [ 523732.61719, 6418526.2027 ], [ 523729.60365, 6418524.22961 ], [ 523692.52505, 6418510.55065 ], [ 523669.47372, 6418501.75052 ], [ 523637.41494, 6418491.02705 ], [ 523618.38444, 6418485.1907 ], [ 523600.35293, 6418479.34606 ], [ 523587.32465, 6418474.45894 ], [ 523581.31414, 6418472.51073 ], [ 523556.26485, 6418463.72718 ], [ 523544.25214, 6418460.82973 ], [ 523537.23435, 6418457.89083 ], [ 523528.3928, 6418475.94711 ], [ 523525.44562, 6418481.96588 ], [ 523512.6662, 6418507.0482 ], [ 523532.71227, 6418514.87422 ], [ 523558.76885, 6418524.64846 ], [ 523576.80865, 6418531.49209 ], [ 523580.82119, 6418533.45688 ] ] ] ] } },
{ "type": "Feature", "properties": { "COMMUNE": "Lalinde", "COMMUNAUTE": "CC des Bastides Dordogne Périgord", "INSEE_COMM": 24223, "ID_CDECOMM": 21, "SURFACE_UR": 1.6228, "COVISIBILI": null, "SITUATION_": null, "SITUATION1": null }, "geometry": { "type": "MultiPolygon", "coordinates": [ [ [ [ 521251.52727, 6418593.74862 ], [ 521251.6351, 6418606.73538 ], [ 521250.69417, 6418613.73654 ], [ 521248.8538, 6418632.73377 ], [ 521220.85732, 6418629.96893 ], [ 521219.05842, 6418653.96107 ], [ 521217.23463, 6418674.95626 ], [ 521215.41914, 6418696.95043 ], [ 521213.58705, 6418716.94664 ], [ 521211.81303, 6418743.93572 ], [ 521211.82133, 6418744.9347 ], [ 521215.83386, 6418746.89951 ], [ 521231.85081, 6418750.7628 ], [ 521269.90349, 6418761.43659 ], [ 521276.91298, 6418763.37653 ], [ 521282.8986, 6418762.32781 ], [ 521286.88625, 6418761.29567 ], [ 521296.81804, 6418754.2199 ], [ 521325.19971, 6418683.05181 ], [ 521334.97391, 6418656.99539 ], [ 521333.84221, 6418641.01998 ], [ 521342.45983, 6418595.9912 ], [ 521337.4566, 6418595.03367 ], [ 521301.48483, 6418594.33312 ], [ 521251.52727, 6418593.74862 ] ] ] ] } },
{ "type": "Feature", "properties": { "COMMUNE": "Lalinde", "COMMUNAUTE": "CC des Bastides Dordogne Périgord", "INSEE_COMM": 24223, "ID_CDECOMM": 21, "SURFACE_UR": 5.1203, "COVISIBILI": "non", "SITUATION_": "non boise", "SITUATION1": "pente" }, "geometry": { "type": "MultiPolygon", "coordinates": [ [ [ [ 521948.01558, 6418731.83217 ], [ 521948.07365, 6418738.82505 ], [ 521948.29761, 6418765.79755 ], [ 521950.63566, 6418806.73921 ], [ 521951.0587, 6418857.68728 ], [ 521949.08561, 6418860.7008 ], [ 521955.1127, 6418864.64699 ], [ 521956.21123, 6418876.62648 ], [ 521956.36883, 6418895.60713 ], [ 521956.50155, 6418911.59084 ], [ 521980.50208, 6418914.38882 ], [ 521985.49701, 6418914.34736 ], [ 522031.50012, 6418919.9599 ], [ 522035.50435, 6418920.92573 ], [ 522050.50573, 6418922.79934 ], [ 522058.50591, 6418923.732 ], [ 522070.50203, 6418924.63149 ], [ 522092.5046, 6418927.44605 ], [ 522095.50985, 6418928.42016 ], [ 522125.5043, 6418931.1684 ], [ 522130.50752, 6418932.12593 ], [ 522132.41425, 6418921.12055 ], [ 522133.35517, 6418914.11939 ], [ 522134.29609, 6418907.11823 ], [ 522132.87407, 6418856.17845 ], [ 522128.68735, 6418833.23504 ], [ 522124.52551, 6418813.28856 ], [ 522121.41242, 6418799.32769 ], [ 522120.38855, 6418796.33904 ], [ 522118.36569, 6418793.35867 ], [ 522113.321, 6418787.40624 ], [ 522110.29086, 6418783.43518 ], [ 522108.25971, 6418779.45583 ], [ 522107.23584, 6418776.46718 ], [ 522107.1363, 6418764.4794 ], [ 522105.9963, 6418747.505 ], [ 522103.95686, 6418742.52668 ], [ 522099.94433, 6418740.56188 ], [ 522095.94009, 6418739.59605 ], [ 522067.91043, 6418732.83531 ], [ 522057.90399, 6418730.92025 ], [ 522046.89856, 6418729.01348 ], [ 522031.90548, 6418728.13885 ], [ 522021.90733, 6418727.22277 ], [ 522035.44521, 6418673.16171 ], [ 522037.36852, 6418664.15429 ], [ 522055.03506, 6418626.04377 ], [ 522058.92317, 6418613.02385 ], [ 522063.77708, 6418595.99972 ], [ 522063.76879, 6418595.00074 ], [ 522062.76151, 6418594.01004 ], [ 522069.58851, 6418573.97238 ], [ 522070.56261, 6418570.96715 ], [ 522054.52907, 6418565.1059 ], [ 522052.52281, 6418564.1235 ], [ 522047.51958, 6418563.16597 ], [ 522024.42679, 6418549.37091 ], [ 522017.35924, 6418540.43811 ], [ 522013.21399, 6418522.4896 ], [ 522004.107, 6418508.57848 ], [ 521989.97189, 6418490.71287 ], [ 521978.94158, 6418485.80916 ], [ 521977.9343, 6418484.81847 ], [ 521958.4274, 6418541.92621 ], [ 521961.74785, 6418580.86162 ], [ 521962.93762, 6418603.8299 ], [ 521962.97079, 6418607.82583 ], [ 521962.05476, 6418617.82393 ], [ 521957.27549, 6418643.8389 ], [ 521956.32628, 6418649.84108 ], [ 521948.71596, 6418695.86055 ], [ 521949.71494, 6418695.85226 ], [ 521947.90775, 6418718.84541 ], [ 521948.01558, 6418731.83217 ] ] ] ] } },
{ "type": "Feature", "properties": { "COMMUNE": "Lalinde", "COMMUNAUTE": "CC des Bastides Dordogne Périgord", "INSEE_COMM": 24223, "ID_CDECOMM": 21, "SURFACE_UR": 6.8954, "COVISIBILI": "non", "SITUATION_": "non boise", "SITUATION1": "plateau plaine" }, "geometry": { "type": "MultiPolygon", "coordinates": [ [ [ [ 521868.39174, 6418888.34481 ], [ 521824.52762, 6418899.69837 ], [ 521816.54403, 6418900.76367 ], [ 521812.54808, 6418900.79683 ], [ 521808.53555, 6418898.83203 ], [ 521806.52099, 6418896.85065 ], [ 521804.38201, 6418879.88454 ], [ 521804.35713, 6418876.88759 ], [ 521801.6541, 6418791.99074 ], [ 521684.50374, 6418880.87934 ], [ 521630.35115, 6418856.35246 ], [ 521589.40104, 6418857.69133 ], [ 521559.57248, 6418874.92271 ], [ 521564.7416, 6418895.85988 ], [ 521569.94389, 6418920.79297 ], [ 521577.16075, 6418947.70745 ], [ 521590.65353, 6419008.53756 ], [ 521593.72514, 6419017.50353 ], [ 521602.77407, 6419024.42179 ], [ 521605.01259, 6419053.37568 ], [ 521611.13092, 6419068.31067 ], [ 521623.35929, 6419097.18167 ], [ 521624.37487, 6419099.17134 ], [ 521738.27583, 6419100.22425 ], [ 521821.67273, 6419157.47712 ], [ 521822.49753, 6419136.49021 ], [ 521822.48923, 6419135.49123 ], [ 521822.34822, 6419118.50854 ], [ 521817.01321, 6419077.59173 ], [ 521811.74455, 6419044.66678 ], [ 521894.58571, 6419034.98787 ], [ 521891.38968, 6419011.03718 ], [ 521889.34194, 6419005.05987 ], [ 521887.32738, 6419003.07848 ], [ 521883.10748, 6418976.13914 ], [ 521878.89587, 6418950.19877 ], [ 521877.8803, 6418948.2091 ], [ 521873.6438, 6418919.27179 ], [ 521871.52141, 6418904.30364 ], [ 521869.45708, 6418896.32837 ], [ 521869.44879, 6418895.32939 ], [ 521868.39174, 6418888.34481 ] ] ] ] } },
{ "type": "Feature", "properties": { "COMMUNE": "Lalinde", "COMMUNAUTE": "CC des Bastides Dordogne Périgord", "INSEE_COMM": 24223, "ID_CDECOMM": 21, "SURFACE_UR": 2.28715, "COVISIBILI": "non", "SITUATION_": "non boise", "SITUATION1": "vallee" }, "geometry": { "type": "MultiPolygon", "coordinates": [ [ [ [ 524412.41248, 6419300.81876 ], [ 524452.42168, 6419306.48097 ], [ 524456.29319, 6419291.46307 ], [ 524482.33318, 6419299.23934 ], [ 524483.29069, 6419294.23613 ], [ 524485.23059, 6419287.22668 ], [ 524520.43568, 6419315.90693 ], [ 524524.4648, 6419319.86969 ], [ 524545.2444, 6419295.71999 ], [ 524555.1513, 6419285.64725 ], [ 524577.93716, 6419262.47994 ], [ 524618.53055, 6419218.18476 ], [ 524621.50262, 6419215.16294 ], [ 524631.40122, 6419204.09122 ], [ 524635.37228, 6419201.0611 ], [ 524629.32859, 6419195.11696 ], [ 524628.32131, 6419194.12627 ], [ 524626.31504, 6419193.14388 ], [ 524610.19853, 6419177.29284 ], [ 524596.09659, 6419163.42318 ], [ 524580.99566, 6419149.56182 ], [ 524579.01428, 6419151.57637 ], [ 524526.44965, 6419197.96902 ], [ 524502.28319, 6419175.19144 ], [ 524492.21037, 6419165.28454 ], [ 524490.2041, 6419164.30215 ], [ 524488.18954, 6419162.32077 ], [ 524479.25674, 6419169.38827 ], [ 524463.37252, 6419181.50872 ], [ 524427.64132, 6419209.77873 ], [ 524423.67026, 6419212.80884 ], [ 524418.70852, 6419216.84623 ], [ 524417.71783, 6419217.85351 ], [ 524414.73746, 6419219.87635 ], [ 524397.86255, 6419233.00407 ], [ 524394.89048, 6419236.0259 ], [ 524399.04405, 6419254.97338 ], [ 524412.41248, 6419300.81876 ] ] ] ] } },
{ "type": "Feature", "properties": { "COMMUNE": "Lalinde", "COMMUNAUTE": "CC des Bastides Dordogne Périgord", "INSEE_COMM": 24223, "ID_CDECOMM": 21, "SURFACE_UR": 4.4166, "COVISIBILI": "non", "SITUATION_": "non boise", "SITUATION1": "vallee" }, "geometry": { "type": "MultiPolygon", "coordinates": [ [ [ [ 524217.62419, 6418822.89125 ], [ 524198.85916, 6418849.02232 ], [ 524198.85916, 6418849.02232 ], [ 524189.97614, 6418862.08371 ], [ 524188.98545, 6418863.09098 ], [ 524155.40984, 6418910.32504 ], [ 524097.15824, 6418993.72974 ], [ 524095.18516, 6418996.74327 ], [ 524095.19345, 6418997.74225 ], [ 524069.44381, 6419024.93034 ], [ 524043.6444, 6419046.12455 ], [ 524043.6444, 6419046.12455 ], [ 524039.67334, 6419049.15466 ], [ 524039.67334, 6419049.15466 ], [ 524038.67435, 6419049.16295 ], [ 524038.68265, 6419050.16193 ], [ 524038.68265, 6419050.16193 ], [ 524034.7116, 6419053.19204 ], [ 524034.7116, 6419053.19204 ], [ 524033.72091, 6419054.19932 ], [ 524033.72091, 6419054.19932 ], [ 524030.74054, 6419056.22216 ], [ 524030.74054, 6419056.22216 ], [ 524029.74985, 6419057.22943 ], [ 524029.74985, 6419057.22943 ], [ 524026.77778, 6419060.25125 ], [ 524026.77778, 6419060.25125 ], [ 524025.77879, 6419060.25954 ], [ 524021.80774, 6419063.28966 ], [ 523968.4633, 6419015.77799 ], [ 523967.45602, 6419014.7873 ], [ 523957.39151, 6419005.87938 ], [ 523906.14459, 6418970.33891 ], [ 523873.58456, 6419019.56264 ], [ 523868.6394, 6419025.59799 ], [ 523876.76402, 6419041.51536 ], [ 523884.86375, 6419054.43579 ], [ 523889.92504, 6419062.38619 ], [ 523894.97804, 6419069.33761 ], [ 523904.06846, 6419081.25076 ], [ 523910.12044, 6419088.19389 ], [ 523920.17666, 6419096.10282 ], [ 523959.30302, 6419115.75909 ], [ 524010.48357, 6419143.3077 ], [ 524020.51491, 6419148.21969 ], [ 524027.49951, 6419147.16267 ], [ 524046.43876, 6419142.01022 ], [ 524058.3934, 6419137.91479 ], [ 524068.35008, 6419133.83595 ], [ 524073.32842, 6419131.79652 ], [ 524080.28813, 6419127.74255 ], [ 524092.21789, 6419120.65018 ], [ 524102.14138, 6419112.57541 ], [ 524097.11327, 6419108.62094 ], [ 524083.01133, 6419094.75128 ], [ 524066.90312, 6419079.89922 ], [ 524064.88856, 6419077.91784 ], [ 524092.56981, 6419042.72131 ], [ 524093.5605, 6419041.71403 ], [ 524094.55118, 6419040.70676 ], [ 524099.48804, 6419033.67243 ], [ 524099.48804, 6419033.67243 ], [ 524106.41458, 6419025.62253 ], [ 524108.42914, 6419027.60391 ], [ 524118.31945, 6419015.53321 ], [ 524130.39023, 6419025.42353 ], [ 524134.41106, 6419028.38731 ], [ 524141.44544, 6419033.32417 ], [ 524144.46728, 6419036.29624 ], [ 524150.49438, 6419040.24242 ], [ 524183.34477, 6419025.98304 ], [ 524191.31176, 6419022.91976 ], [ 524190.30448, 6419021.92907 ], [ 524195.26623, 6419017.89169 ], [ 524206.17211, 6419007.81066 ], [ 524207.1628, 6419006.80339 ], [ 524209.18566, 6419009.78375 ], [ 524217.11947, 6419002.72454 ], [ 524250.83611, 6418972.47316 ], [ 524258.78652, 6418967.41192 ], [ 524276.66041, 6418954.2759 ], [ 524306.42258, 6418929.0526 ], [ 524298.24819, 6418907.14134 ], [ 524294.17758, 6418898.18367 ], [ 524281.04974, 6418881.30878 ], [ 524278.07767, 6418884.3306 ], [ 524262.91038, 6418862.47738 ], [ 524254.83554, 6418852.5539 ], [ 524249.78254, 6418845.60249 ], [ 524242.73157, 6418838.66766 ], [ 524217.62419, 6418822.89125 ] ] ] ] } },
{ "type": "Feature", "properties": { "COMMUNE": "Lalinde", "COMMUNAUTE": "CC des Bastides Dordogne Périgord", "INSEE_COMM": 24223, "ID_CDECOMM": 21, "SURFACE_UR": 12.2745, "COVISIBILI": "non", "SITUATION_": "non boise", "SITUATION1": "pente" }, "geometry": { "type": "MultiPolygon", "coordinates": [ [ [ [ 519774.61788, 6417834.73673 ], [ 519772.61991, 6417834.75331 ], [ 519767.62499, 6417834.79475 ], [ 519752.62362, 6417832.92112 ], [ 519726.62513, 6417830.13968 ], [ 519719.62394, 6417829.19872 ], [ 519710.62478, 6417828.27433 ], [ 519688.63052, 6417826.45872 ], [ 519684.94974, 6417864.45315 ], [ 519684.95804, 6417865.45213 ], [ 519684.10005, 6417882.44309 ], [ 519684.10834, 6417883.44207 ], [ 519673.27709, 6417902.51388 ], [ 519649.45902, 6417921.69345 ], [ 519642.4993, 6417925.74739 ], [ 519697.51813, 6417934.28235 ], [ 519736.51172, 6417937.95502 ], [ 519860.65958, 6417969.89361 ], [ 519862.66584, 6417970.87601 ], [ 519872.68887, 6417974.78905 ], [ 519909.73426, 6417984.47218 ], [ 519911.74052, 6417985.45458 ], [ 519930.76271, 6417990.292 ], [ 519940.77744, 6417993.20606 ], [ 519955.7954, 6417997.07765 ], [ 519959.79963, 6417998.04348 ], [ 519976.80726, 6418000.89952 ], [ 519990.81793, 6418003.78042 ], [ 519990.82623, 6418004.7794 ], [ 520003.81304, 6418004.67164 ], [ 520011.81321, 6418005.60432 ], [ 520067.75638, 6418005.14014 ], [ 520068.67243, 6417995.14205 ], [ 520128.66959, 6418001.63758 ], [ 520147.65861, 6418002.47908 ], [ 520173.64881, 6418004.26153 ], [ 520188.65017, 6418006.13516 ], [ 520193.65339, 6418007.0927 ], [ 520193.65339, 6418007.0927 ], [ 520213.65798, 6418009.92386 ], [ 520249.6795, 6418016.61833 ], [ 520259.68594, 6418018.5334 ], [ 520285.70103, 6418023.31279 ], [ 520292.71051, 6418025.25273 ], [ 520352.83209, 6418046.73298 ], [ 520416.9662, 6418070.17802 ], [ 520422.9767, 6418072.12625 ], [ 520454.10283, 6418090.84993 ], [ 520470.16953, 6418100.70712 ], [ 520484.27974, 6418115.57579 ], [ 520500.4045, 6418132.42584 ], [ 520508.29686, 6418120.37175 ], [ 520517.18819, 6418108.30938 ], [ 520526.16247, 6418106.23681 ], [ 520533.14707, 6418105.17981 ], [ 520564.12391, 6418105.92183 ], [ 520595.10075, 6418106.66384 ], [ 520625.0703, 6418106.41517 ], [ 520657.04612, 6418107.1489 ], [ 520663.04003, 6418107.09916 ], [ 520679.03209, 6418107.96551 ], [ 520687.01568, 6418106.90022 ], [ 520691.01162, 6418106.86706 ], [ 520697.99622, 6418105.81006 ], [ 520712.97271, 6418104.68674 ], [ 520722.95426, 6418103.60486 ], [ 520735.96595, 6418106.49404 ], [ 520751.89995, 6418100.36753 ], [ 520763.52283, 6418056.31289 ], [ 520754.51537, 6418054.38953 ], [ 520751.51012, 6418053.41542 ], [ 520750.51114, 6418053.42371 ], [ 520750.51114, 6418053.42371 ], [ 520724.48776, 6418047.64534 ], [ 520724.44629, 6418042.65044 ], [ 520570.28739, 6418005.9657 ], [ 520475.19303, 6417983.7766 ], [ 520431.14645, 6417973.15253 ], [ 520302.03684, 6417945.25136 ], [ 520303.91869, 6417931.24905 ], [ 520305.80055, 6417917.24674 ], [ 520309.60572, 6417894.23702 ], [ 520276.59774, 6417889.51565 ], [ 520243.59806, 6417885.79326 ], [ 520176.61629, 6417880.35473 ], [ 520121.60576, 6417872.81877 ], [ 520110.60863, 6417871.91097 ], [ 520105.60541, 6417870.95343 ], [ 520080.6059, 6417868.16371 ], [ 520065.60454, 6417866.29008 ], [ 520050.60317, 6417864.41645 ], [ 520046.60723, 6417864.44961 ], [ 520036.60909, 6417863.53351 ], [ 520029.6079, 6417862.59255 ], [ 520008.61262, 6417860.76865 ], [ 520007.61364, 6417860.77694 ], [ 519983.61311, 6417857.97893 ], [ 519969.60244, 6417855.09803 ], [ 519951.59583, 6417852.25028 ], [ 519943.59565, 6417851.31761 ], [ 519897.60916, 6417847.70297 ], [ 519854.60304, 6417842.06549 ], [ 519842.59863, 6417840.16699 ], [ 519823.60133, 6417838.32652 ], [ 519814.60217, 6417837.40213 ], [ 519801.60707, 6417836.5109 ], [ 519787.61298, 6417835.62796 ], [ 519786.614, 6417835.63625 ], [ 519782.61806, 6417835.66941 ], [ 519774.61788, 6417834.73673 ] ] ] ] } },
{ "type": "Feature", "properties": { "COMMUNE": "Lalinde", "COMMUNAUTE": "CC des Bastides Dordogne Périgord", "INSEE_COMM": 24223, "ID_CDECOMM": 21, "SURFACE_UR": 11.46355, "COVISIBILI": "oui", "SITUATION_": "non boise", "SITUATION1": "pente" }, "geometry": { "type": "MultiPolygon", "coordinates": [ [ [ [ 520284.0412, 6418665.71577 ], [ 520314.02735, 6418667.46506 ], [ 520328.02144, 6418668.348 ], [ 520338.01129, 6418668.26511 ], [ 520369.98712, 6418668.99884 ], [ 520370.94464, 6418663.99564 ], [ 520378.33105, 6418591.00368 ], [ 520381.12066, 6418566.00428 ], [ 520351.13451, 6418564.25499 ], [ 520340.13737, 6418563.34719 ], [ 520338.1394, 6418563.36376 ], [ 520290.15493, 6418559.76571 ], [ 520253.12611, 6418552.08055 ], [ 520268.54589, 6418484.01719 ], [ 520278.27033, 6418451.9669 ], [ 520254.23662, 6418445.17296 ], [ 520227.18108, 6418435.40695 ], [ 520224.17583, 6418434.43284 ], [ 520226.11574, 6418427.42339 ], [ 520231.00285, 6418414.39519 ], [ 520232.94276, 6418407.38574 ], [ 520233.87539, 6418399.3856 ], [ 520235.62454, 6418369.39958 ], [ 520236.46594, 6418350.41065 ], [ 520338.53662, 6418370.54379 ], [ 520349.1937, 6418330.49336 ], [ 520343.19149, 6418329.54411 ], [ 520370.40832, 6418238.40473 ], [ 520390.4212, 6418242.23487 ], [ 520397.43068, 6418244.17481 ], [ 520423.45407, 6418249.95318 ], [ 520429.1411, 6418212.94114 ], [ 520414.11485, 6418208.07057 ], [ 520388.92457, 6418182.30429 ], [ 520366.73954, 6418157.51212 ], [ 520292.67363, 6418141.14282 ], [ 520260.68952, 6418139.41011 ], [ 520259.72371, 6418143.41432 ], [ 520169.96433, 6418162.14198 ], [ 520161.01493, 6418167.21149 ], [ 520175.47348, 6418224.03737 ], [ 520173.55845, 6418234.04376 ], [ 520178.90173, 6418275.95952 ], [ 520185.37669, 6418333.8507 ], [ 520230.26468, 6418325.48585 ], [ 520230.31444, 6418331.47974 ], [ 520230.38079, 6418339.47159 ], [ 520228.77264, 6418386.44029 ], [ 520225.92498, 6418404.44682 ], [ 520137.98939, 6418402.17929 ], [ 520140.14494, 6418421.14336 ], [ 520119.88782, 6418508.2288 ], [ 520113.18522, 6418543.25117 ], [ 520085.20533, 6418542.48428 ], [ 520054.22849, 6418541.74225 ], [ 520050.23255, 6418541.77541 ], [ 519991.31729, 6418545.26139 ], [ 519984.94186, 6418499.35797 ], [ 519978.42543, 6418436.47188 ], [ 519976.36111, 6418428.49661 ], [ 519922.47396, 6418435.93707 ], [ 519907.56754, 6418325.16619 ], [ 519906.49391, 6418316.18364 ], [ 519927.43943, 6418312.01366 ], [ 519949.39222, 6418308.83436 ], [ 519968.36465, 6418307.67789 ], [ 519963.15408, 6418281.74583 ], [ 519960.06589, 6418270.7819 ], [ 519959.04203, 6418267.79324 ], [ 519956.94453, 6418255.82205 ], [ 519953.82316, 6418240.8622 ], [ 519948.77018, 6418233.91077 ], [ 519939.55538, 6418207.01288 ], [ 519937.45788, 6418195.04168 ], [ 519932.42149, 6418190.08822 ], [ 519927.43485, 6418191.12864 ], [ 519882.54687, 6418199.49348 ], [ 519865.54753, 6418197.63643 ], [ 519805.60842, 6418198.13374 ], [ 519820.00061, 6418246.96778 ], [ 519835.42496, 6418299.78946 ], [ 519847.76942, 6418342.64619 ], [ 519858.24861, 6418401.50319 ], [ 519863.49235, 6418431.43119 ], [ 519872.79009, 6418468.3189 ], [ 519872.82327, 6418472.31483 ], [ 519884.20192, 6418519.17578 ], [ 519885.25066, 6418525.16138 ], [ 519888.44667, 6418549.11206 ], [ 519950.37548, 6418547.59919 ], [ 520009.39026, 6418556.10098 ], [ 520122.23414, 6418550.16945 ], [ 520218.64268, 6418610.31158 ], [ 520275.00886, 6418660.79546 ], [ 520284.0412, 6418665.71577 ] ] ] ] } },
{ "type": "Feature", "properties": { "COMMUNE": "Lalinde", "COMMUNAUTE": "CC des Bastides Dordogne Périgord", "INSEE_COMM": 24223, "ID_CDECOMM": 21, "SURFACE_UR": 7.66155, "COVISIBILI": "non", "SITUATION_": "non boise", "SITUATION1": "vallee" }, "geometry": { "type": "MultiPolygon", "coordinates": [ [ [ [ 524381.29807, 6419163.20801 ], [ 524381.33955, 6419168.20292 ], [ 524382.604, 6419200.16205 ], [ 524382.62889, 6419203.159 ], [ 524383.64447, 6419205.14867 ], [ 524383.73572, 6419216.13747 ], [ 524383.82698, 6419227.12627 ], [ 524394.89048, 6419236.0259 ], [ 524397.86255, 6419233.00407 ], [ 524414.73746, 6419219.87635 ], [ 524417.71783, 6419217.85351 ], [ 524418.70852, 6419216.84623 ], [ 524423.67026, 6419212.80884 ], [ 524427.64132, 6419209.77873 ], [ 524463.37252, 6419181.50872 ], [ 524479.25674, 6419169.38827 ], [ 524488.18954, 6419162.32077 ], [ 524490.2041, 6419164.30215 ], [ 524492.21037, 6419165.28454 ], [ 524502.28319, 6419175.19144 ], [ 524526.44965, 6419197.96902 ], [ 524579.01428, 6419151.57637 ], [ 524580.99566, 6419149.56182 ], [ 524596.09659, 6419163.42318 ], [ 524610.19853, 6419177.29284 ], [ 524626.31504, 6419193.14388 ], [ 524628.32131, 6419194.12627 ], [ 524629.32859, 6419195.11696 ], [ 524635.37228, 6419201.0611 ], [ 524631.40122, 6419204.09122 ], [ 524621.50262, 6419215.16294 ], [ 524628.5453, 6419221.09879 ], [ 524647.62558, 6419232.92902 ], [ 524652.61221, 6419231.88857 ], [ 524656.63304, 6419234.85235 ], [ 524676.7455, 6419250.67022 ], [ 524680.77462, 6419254.63298 ], [ 524694.85168, 6419265.50569 ], [ 524702.89334, 6419271.43324 ], [ 524706.91417, 6419274.39702 ], [ 524729.04948, 6419293.19525 ], [ 524723.12194, 6419301.23686 ], [ 524804.28037, 6419329.53566 ], [ 524853.51274, 6419363.09473 ], [ 525004.50549, 6419499.7104 ], [ 525015.345, 6419481.6375 ], [ 525015.33671, 6419480.63852 ], [ 525015.32841, 6419479.63954 ], [ 525014.32113, 6419478.64885 ], [ 525016.28591, 6419474.63633 ], [ 525027.13372, 6419457.56242 ], [ 525030.0975, 6419453.54162 ], [ 524991.81248, 6419414.89643 ], [ 524940.45769, 6419366.36922 ], [ 524888.10392, 6419317.8503 ], [ 524802.52644, 6419238.63659 ], [ 524717.95625, 6419160.41357 ], [ 524695.82094, 6419141.61535 ], [ 524573.96474, 6419024.73884 ], [ 524560.87838, 6419012.85886 ], [ 524528.58729, 6418974.16392 ], [ 524519.46369, 6418958.25484 ], [ 524513.39511, 6418949.31376 ], [ 524495.50463, 6418960.45181 ], [ 524492.51597, 6418961.47567 ], [ 524480.53643, 6418962.57416 ], [ 524476.57368, 6418966.60325 ], [ 524471.61193, 6418970.64064 ], [ 524468.62327, 6418971.6645 ], [ 524466.63359, 6418972.68006 ], [ 524448.73481, 6418982.81914 ], [ 524447.74412, 6418983.82641 ], [ 524420.88765, 6418998.03604 ], [ 524401.97329, 6419006.18544 ], [ 524384.03303, 6419011.32961 ], [ 524377.05673, 6419013.38561 ], [ 524386.23011, 6419035.28859 ], [ 524386.41262, 6419057.26619 ], [ 524386.4458, 6419061.26211 ], [ 524386.4541, 6419062.26109 ], [ 524385.4717, 6419064.26735 ], [ 524383.63965, 6419084.26357 ], [ 524383.7309, 6419095.25237 ], [ 524382.81488, 6419105.25048 ], [ 524394.74463, 6419098.1581 ], [ 524420.61041, 6419084.95575 ], [ 524450.45555, 6419069.72226 ], [ 524447.40881, 6419063.75325 ], [ 524510.06285, 6419029.26547 ], [ 524521.11806, 6419037.16611 ], [ 524534.18783, 6419047.04813 ], [ 524471.57528, 6419086.53082 ], [ 524485.72699, 6419106.39437 ], [ 524458.87052, 6419120.604 ], [ 524381.29807, 6419163.20801 ] ] ] ] } },
{ "type": "Feature", "properties": { "COMMUNE": "Pressignac-Vicq", "COMMUNAUTE": "CC des Bastides Dordogne Périgord", "INSEE_COMM": 24338, "ID_CDECOMM": 21, "SURFACE_UR": 2.3715, "COVISIBILI": "oui", "SITUATION_": "non boise", "SITUATION1": "pente" }, "geometry": { "type": "MultiPolygon", "coordinates": [ [ [ [ 519968.67169, 6424241.04665 ], [ 519945.74473, 6424247.23121 ], [ 519908.63288, 6424229.55614 ], [ 519900.59122, 6424223.62854 ], [ 519898.66789, 6424232.63599 ], [ 519855.5787, 6424217.00863 ], [ 519745.51585, 6424196.94167 ], [ 519740.22689, 6424281.90518 ], [ 519754.21273, 6424281.78914 ], [ 519762.41197, 6424306.69748 ], [ 519804.43582, 6424314.34124 ], [ 519826.43844, 6424317.15585 ], [ 519834.43035, 6424317.08954 ], [ 519842.41396, 6424316.02425 ], [ 519849.39858, 6424314.96724 ], [ 519857.3739, 6424312.90296 ], [ 519864.34193, 6424309.84799 ], [ 519882.27395, 6424303.70488 ], [ 519914.13375, 6424290.45283 ], [ 519925.08944, 6424286.36571 ], [ 519936.04514, 6424282.27859 ], [ 519945.01944, 6424280.20602 ], [ 519957.9897, 6424278.1003 ], [ 519970.96825, 6424276.99356 ], [ 519977.97775, 6424278.93351 ], [ 519990.98948, 6424281.82271 ], [ 520047.06551, 6424297.34232 ], [ 520059.43031, 6424222.31064 ], [ 520057.41575, 6424220.32924 ], [ 520009.42285, 6424215.73218 ], [ 519968.67169, 6424241.04665 ] ] ] ] } },
{ "type": "Feature", "properties": { "COMMUNE": "Pressignac-Vicq", "COMMUNAUTE": "CC des Bastides Dordogne Périgord", "INSEE_COMM": 24338, "ID_CDECOMM": 21, "SURFACE_UR": 5.39035, "COVISIBILI": "non", "SITUATION_": "non boise", "SITUATION1": "plateau plaine" }, "geometry": { "type": "MultiPolygon", "coordinates": [ [ [ [ 519901.78842, 6424006.82381 ], [ 519904.59462, 6423983.82228 ], [ 519907.50035, 6423972.80857 ], [ 519914.26933, 6423945.77795 ], [ 519862.29708, 6423943.212 ], [ 519864.08771, 6423918.22079 ], [ 519861.8658, 6423891.26476 ], [ 519853.68314, 6423868.3544 ], [ 519800.80314, 6423876.78558 ], [ 519794.80921, 6423876.83531 ], [ 519778.63465, 6423853.99127 ], [ 519745.22848, 6423801.31857 ], [ 519726.30577, 6423808.46895 ], [ 519717.34805, 6423812.53948 ], [ 519695.44496, 6423821.7127 ], [ 519693.46357, 6423823.72725 ], [ 519685.50485, 6423827.7895 ], [ 519669.53763, 6423829.92008 ], [ 519658.57364, 6423833.00821 ], [ 519647.60966, 6423836.09634 ], [ 519659.0298, 6423887.9524 ], [ 519686.93511, 6423879.72844 ], [ 519702.87745, 6423874.6009 ], [ 519725.79611, 6423867.41737 ], [ 519748.72307, 6423861.23282 ], [ 519775.07827, 6423906.97065 ], [ 519799.72577, 6423987.68954 ], [ 519833.71624, 6423990.40468 ], [ 519831.74315, 6423993.41822 ], [ 519826.8975, 6424011.4414 ], [ 519825.96486, 6424019.44157 ], [ 519826.01462, 6424025.43548 ], [ 519829.06964, 6424032.40352 ], [ 519833.09877, 6424036.3663 ], [ 519838.11859, 6424039.32182 ], [ 519822.56606, 6424091.40168 ], [ 519832.58912, 6424095.31474 ], [ 519838.66598, 6424105.25486 ], [ 519839.68156, 6424107.24454 ], [ 519848.78027, 6424120.15676 ], [ 519830.23907, 6424173.26048 ], [ 519842.24352, 6424175.15899 ], [ 519864.32078, 6424186.96446 ], [ 519874.37701, 6424194.87346 ], [ 519902.50625, 6424213.62211 ], [ 519900.59122, 6424223.62854 ], [ 519908.63288, 6424229.55614 ], [ 519945.74473, 6424247.23121 ], [ 519968.67169, 6424241.04665 ], [ 519931.96997, 6424152.43533 ], [ 519946.60645, 6424110.3536 ], [ 520039.52891, 6424111.58072 ], [ 520139.27012, 6424091.77112 ], [ 520139.12913, 6424074.78837 ], [ 520101.19247, 6424078.1003 ], [ 520101.1427, 6424072.10639 ], [ 520093.15909, 6424073.17168 ], [ 520082.17023, 6424073.26286 ], [ 520070.18237, 6424073.36232 ], [ 520070.2736, 6424084.35116 ], [ 520045.35696, 6424091.55128 ], [ 520041.36931, 6424092.58342 ], [ 520043.25117, 6424078.58105 ], [ 520041.09561, 6424059.6169 ], [ 520038.78246, 6424021.67203 ], [ 520037.68395, 6424009.69249 ], [ 519968.77866, 6424013.26137 ], [ 519901.78842, 6424006.82381 ] ] ] ] } },
{ "type": "Feature", "properties": { "COMMUNE": "Pressignac-Vicq", "COMMUNAUTE": "CC des Bastides Dordogne Périgord", "INSEE_COMM": 24338, "ID_CDECOMM": 21, "SURFACE_UR": 5.2434, "COVISIBILI": "oui", "SITUATION_": "non boise", "SITUATION1": "pente" }, "geometry": { "type": "MultiPolygon", "coordinates": [ [ [ [ 520106.3919, 6424463.69219 ], [ 520110.23857, 6424445.67729 ], [ 520113.1443, 6424434.66358 ], [ 520115.04275, 6424422.65917 ], [ 520119.91328, 6424407.63294 ], [ 520120.84591, 6424399.63276 ], [ 520117.84066, 6424398.65864 ], [ 520117.7826, 6424391.66574 ], [ 520107.78442, 6424390.74965 ], [ 520103.77188, 6424388.78483 ], [ 520098.77694, 6424388.82627 ], [ 520092.77472, 6424387.87702 ], [ 520083.817, 6424391.94756 ], [ 520074.85099, 6424395.01912 ], [ 520066.88397, 6424398.08239 ], [ 520061.90562, 6424400.1218 ], [ 520055.93657, 6424403.16849 ], [ 520053.95518, 6424405.18304 ], [ 520048.98512, 6424408.22144 ], [ 520044.01506, 6424411.25984 ], [ 520038.0709, 6424417.30349 ], [ 520030.17852, 6424429.35763 ], [ 520028.23031, 6424435.36812 ], [ 520019.23112, 6424434.44373 ], [ 519951.46581, 6424454.98708 ], [ 519948.48543, 6424457.00992 ], [ 519959.00612, 6424520.86212 ], [ 519937.39331, 6424564.99985 ], [ 520011.41796, 6424576.37432 ], [ 519978.02464, 6424645.58616 ], [ 519977.03395, 6424646.59344 ], [ 519954.6295, 6424715.71411 ], [ 519841.94288, 6424740.62639 ], [ 519803.43393, 6424675.00828 ], [ 519801.42766, 6424674.02587 ], [ 519798.47217, 6424679.04567 ], [ 519797.49806, 6424682.05091 ], [ 519794.53427, 6424686.07172 ], [ 519789.5725, 6424690.10911 ], [ 519760.71796, 6424704.33528 ], [ 519789.22873, 6424769.03729 ], [ 519822.07923, 6424754.77796 ], [ 519847.34422, 6424789.53526 ], [ 519851.48116, 6424806.48487 ], [ 519856.65028, 6424827.42213 ], [ 519895.55276, 6424820.10598 ], [ 519900.80481, 6424851.0331 ], [ 519911.78539, 6424849.94294 ], [ 519913.89119, 6424862.91318 ], [ 519970.75887, 6424853.44985 ], [ 519974.66359, 6424842.42785 ], [ 519963.11903, 6424775.58696 ], [ 520038.10121, 6424781.95821 ], [ 520039.89184, 6424756.96698 ], [ 520043.34869, 6424691.99974 ], [ 520045.18079, 6424672.00344 ], [ 520046.13001, 6424666.00124 ], [ 520051.05031, 6424656.96892 ], [ 520067.88382, 6424638.84626 ], [ 520071.84659, 6424634.81716 ], [ 520075.81766, 6424631.78705 ], [ 520077.82393, 6424632.76946 ], [ 520077.80735, 6424630.77149 ], [ 520107.0803, 6424546.60801 ], [ 519973.80848, 6424498.76011 ], [ 520018.42289, 6424457.42869 ], [ 520104.51004, 6424477.69456 ], [ 520106.4002, 6424464.69117 ], [ 520106.3919, 6424463.69219 ] ] ] ] } },
{ "type": "Feature", "properties": { "COMMUNE": "Saint-Félix-de-Villadeix", "COMMUNAUTE": "CC des Bastides Dordogne Périgord", "INSEE_COMM": 24405, "ID_CDECOMM": 21, "SURFACE_UR": 0.57715, "COVISIBILI": "non", "SITUATION_": "non boise", "SITUATION1": "plateau plaine" }, "geometry": { "type": "MultiPolygon", "coordinates": [ [ [ [ 516880.1781, 6428284.87904 ], [ 517002.35401, 6428319.83098 ], [ 517014.92635, 6428269.77379 ], [ 516919.79793, 6428243.58885 ], [ 516880.1781, 6428284.87904 ] ] ] ] } },
{ "type": "Feature", "properties": { "COMMUNE": "Cause-de-Clérans", "COMMUNAUTE": "CC des Bastides Dordogne Périgord", "INSEE_COMM": 24088, "ID_CDECOMM": 21, "SURFACE_UR": 0.5043, "COVISIBILI": "non", "SITUATION_": "boise", "SITUATION1": "plateau plaine" }, "geometry": { "type": "MultiPolygon", "coordinates": [ [ [ [ 517465.64148, 6423351.67962 ], [ 517512.61895, 6423354.28681 ], [ 517515.31739, 6423318.29846 ], [ 517494.3137, 6423315.47566 ], [ 517498.15211, 6423296.46177 ], [ 517463.23717, 6423302.74593 ], [ 517413.27103, 6423301.16261 ], [ 517408.45021, 6423322.18276 ], [ 517406.60978, 6423341.18006 ], [ 517406.67612, 6423349.17194 ], [ 517465.64148, 6423351.67962 ] ] ] ] } },
{ "type": "Feature", "properties": { "COMMUNE": "Pressignac-Vicq", "COMMUNAUTE": "CC des Bastides Dordogne Périgord", "INSEE_COMM": 24338, "ID_CDECOMM": 21, "SURFACE_UR": 0.64325, "COVISIBILI": "non", "SITUATION_": "non boise", "SITUATION1": "plateau plaine" }, "geometry": { "type": "MultiPolygon", "coordinates": [ [ [ [ 518569.8379, 6422176.61864 ], [ 518579.80289, 6422173.53881 ], [ 518583.79054, 6422172.50668 ], [ 518589.77617, 6422171.45797 ], [ 518625.69824, 6422166.16469 ], [ 518628.6952, 6422166.13983 ], [ 518628.99376, 6422202.10325 ], [ 518744.65234, 6422174.1693 ], [ 518743.54554, 6422161.1908 ], [ 518742.3724, 6422140.22042 ], [ 518741.21583, 6422121.24801 ], [ 518734.23122, 6422122.30501 ], [ 518688.41051, 6422138.66999 ], [ 518680.44349, 6422141.73325 ], [ 518637.61974, 6422158.07336 ], [ 518628.65374, 6422161.14491 ], [ 518625.65678, 6422161.16977 ], [ 518619.66285, 6422161.21949 ], [ 518612.66165, 6422160.27852 ], [ 518562.60448, 6422147.70611 ], [ 518569.8379, 6422176.61864 ] ] ] ] } },
{ "type": "Feature", "properties": { "COMMUNE": "Baneuil", "COMMUNAUTE": "CC des Bastides Dordogne Périgord", "INSEE_COMM": 24023, "ID_CDECOMM": 21, "SURFACE_UR": 0.2805, "COVISIBILI": "non", "SITUATION_": "clairiere", "SITUATION1": "pente" }, "geometry": { "type": "MultiPolygon", "coordinates": [ [ [ [ 519071.67395, 6419686.81396 ], [ 519100.71089, 6419694.56546 ], [ 519102.68399, 6419691.55194 ], [ 519119.70821, 6419696.40595 ], [ 519164.7704, 6419709.01976 ], [ 519170.54039, 6419681.99751 ], [ 519086.39335, 6419654.7222 ], [ 519074.62115, 6419680.7952 ], [ 519071.67395, 6419686.81396 ] ] ] ] } },
{ "type": "Feature", "properties": { "COMMUNE": "Cause-de-Clérans", "COMMUNAUTE": "CC des Bastides Dordogne Périgord", "INSEE_COMM": 24088, "ID_CDECOMM": 21, "SURFACE_UR": 0.83045, "COVISIBILI": "non", "SITUATION_": "non boise", "SITUATION1": "plateau plaine" }, "geometry": { "type": "MultiPolygon", "coordinates": [ [ [ [ 514763.75026, 6419808.48661 ], [ 514813.61679, 6419798.08225 ], [ 514826.54561, 6419790.98159 ], [ 514860.38687, 6419775.71496 ], [ 514896.19295, 6419756.43583 ], [ 514923.01641, 6419738.23029 ], [ 514893.63948, 6419689.52057 ], [ 514867.83988, 6419710.71477 ], [ 514838.08578, 6419736.93704 ], [ 514831.10944, 6419738.99304 ], [ 514806.19275, 6419746.19318 ], [ 514757.36666, 6419761.58417 ], [ 514762.66836, 6419798.50507 ], [ 514763.75026, 6419808.48661 ] ] ] ] } },
{ "type": "Feature", "properties": { "COMMUNE": "Cause-de-Clérans", "COMMUNAUTE": "CC des Bastides Dordogne Périgord", "INSEE_COMM": 24088, "ID_CDECOMM": 21, "SURFACE_UR": 0.9876, "COVISIBILI": "non", "SITUATION_": "boise", "SITUATION1": "plateau plaine" }, "geometry": { "type": "MultiPolygon", "coordinates": [ [ [ [ 517348.8756, 6423366.63567 ], [ 517335.40386, 6423428.68885 ], [ 517399.38076, 6423433.15304 ], [ 517440.53842, 6423456.78868 ], [ 517438.69799, 6423475.78598 ], [ 517488.63927, 6423474.37235 ], [ 517489.10754, 6423410.42901 ], [ 517481.04927, 6423402.50347 ], [ 517474.01487, 6423397.56659 ], [ 517459.97924, 6423391.68878 ], [ 517447.96646, 6423388.79134 ], [ 517348.8756, 6423366.63567 ] ] ] ] } },
{ "type": "Feature", "properties": { "COMMUNE": "Cause-de-Clérans", "COMMUNAUTE": "CC des Bastides Dordogne Périgord", "INSEE_COMM": 24088, "ID_CDECOMM": 21, "SURFACE_UR": 0.1949, "COVISIBILI": "non", "SITUATION_": "boise", "SITUATION1": "pente" }, "geometry": { "type": "MultiPolygon", "coordinates": [ [ [ [ 514544.35008, 6420457.69291 ], [ 514543.49203, 6420474.68392 ], [ 514543.62468, 6420490.66765 ], [ 514557.61053, 6420490.55158 ], [ 514574.62651, 6420494.40657 ], [ 514589.63622, 6420497.27916 ], [ 514596.63744, 6420498.22011 ], [ 514599.53492, 6420486.20744 ], [ 514601.31734, 6420460.2173 ], [ 514574.33634, 6420459.44216 ], [ 514544.35008, 6420457.69291 ] ] ] ] } },
{ "type": "Feature", "properties": { "COMMUNE": "Cause-de-Clérans", "COMMUNAUTE": "CC des Bastides Dordogne Périgord", "INSEE_COMM": 24088, "ID_CDECOMM": 21, "SURFACE_UR": 0.3552, "COVISIBILI": "non", "SITUATION_": "boise", "SITUATION1": "pente" }, "geometry": { "type": "MultiPolygon", "coordinates": [ [ [ [ 514652.19947, 6420451.80261 ], [ 514674.20211, 6420454.61717 ], [ 514693.19949, 6420456.45761 ], [ 514736.18919, 6420460.09704 ], [ 514737.86383, 6420421.12012 ], [ 514700.85148, 6420415.43298 ], [ 514652.83367, 6420407.83906 ], [ 514652.19947, 6420451.80261 ] ] ] ] } },
{ "type": "Feature", "properties": { "COMMUNE": "Cause-de-Clérans", "COMMUNAUTE": "CC des Bastides Dordogne Périgord", "INSEE_COMM": 24088, "ID_CDECOMM": 21, "SURFACE_UR": 0.3844, "COVISIBILI": "non", "SITUATION_": "boise", "SITUATION1": "plateau plaine" }, "geometry": { "type": "MultiPolygon", "coordinates": [ [ [ [ 517701.73124, 6423509.5684 ], [ 517694.93733, 6423533.6021 ], [ 517714.95033, 6423537.43218 ], [ 517712.0114, 6423544.44996 ], [ 517739.04222, 6423551.21894 ], [ 517743.10452, 6423559.17765 ], [ 517739.22465, 6423573.19662 ], [ 517784.37829, 6423596.79907 ], [ 517808.20482, 6423578.6183 ], [ 517793.99503, 6423551.7618 ], [ 517752.0291, 6423551.11113 ], [ 517753.77001, 6423520.126 ], [ 517701.73124, 6423509.5684 ] ] ] ] } },
{ "type": "Feature", "properties": { "COMMUNE": "Cause-de-Clérans", "COMMUNAUTE": "CC des Bastides Dordogne Périgord", "INSEE_COMM": 24088, "ID_CDECOMM": 21, "SURFACE_UR": 0.33215, "COVISIBILI": "non", "SITUATION_": "non boise", "SITUATION1": "plateau plaine" }, "geometry": { "type": "MultiPolygon", "coordinates": [ [ [ [ 518029.31036, 6423977.40354 ], [ 518067.30522, 6423981.08433 ], [ 518064.18385, 6423966.12443 ], [ 518081.11695, 6423959.98953 ], [ 518081.00914, 6423947.00272 ], [ 518097.86761, 6423931.87694 ], [ 518095.84475, 6423928.89657 ], [ 518085.7719, 6423918.98965 ], [ 518081.74276, 6423915.02688 ], [ 518078.71262, 6423911.05582 ], [ 518081.63496, 6423902.04007 ], [ 518066.60862, 6423897.16955 ], [ 518065.6345, 6423900.1748 ], [ 518025.07391, 6423948.46613 ], [ 518032.16636, 6423960.3959 ], [ 518033.18194, 6423962.38558 ], [ 518029.31036, 6423977.40354 ] ] ] ] } },
{ "type": "Feature", "properties": { "COMMUNE": "Cause-de-Clérans", "COMMUNAUTE": "CC des Bastides Dordogne Périgord", "INSEE_COMM": 24088, "ID_CDECOMM": 21, "SURFACE_UR": 0.18965, "COVISIBILI": "non", "SITUATION_": "non boise", "SITUATION1": "plateau plaine" }, "geometry": { "type": "MultiPolygon", "coordinates": [ [ [ [ 518259.7623, 6423937.52631 ], [ 518257.76432, 6423937.54289 ], [ 518241.77216, 6423936.6766 ], [ 518222.74985, 6423931.83925 ], [ 518205.70065, 6423923.98836 ], [ 518203.68608, 6423922.00697 ], [ 518202.01982, 6423961.98298 ], [ 518218.04515, 6423966.84521 ], [ 518221.05871, 6423968.8183 ], [ 518232.04762, 6423968.72708 ], [ 518244.01064, 6423965.6306 ], [ 518251.98599, 6423963.56628 ], [ 518260.94374, 6423959.49569 ], [ 518259.7623, 6423937.52631 ] ] ] ] } },
{ "type": "Feature", "properties": { "COMMUNE": "Cause-de-Clérans", "COMMUNAUTE": "CC des Bastides Dordogne Périgord", "INSEE_COMM": 24088, "ID_CDECOMM": 21, "SURFACE_UR": 0.49115, "COVISIBILI": "non", "SITUATION_": "non boise", "SITUATION1": "plateau plaine" }, "geometry": { "type": "MultiPolygon", "coordinates": [ [ [ [ 517789.14492, 6423448.8995 ], [ 517798.19389, 6423455.81775 ], [ 517802.21473, 6423458.78154 ], [ 517804.24589, 6423462.76089 ], [ 517846.60987, 6423511.36286 ], [ 517892.14883, 6423461.03211 ], [ 517822.80379, 6423411.65508 ], [ 517789.14492, 6423448.8995 ] ] ] ] } },
{ "type": "Feature", "properties": { "COMMUNE": "Cause-de-Clérans", "COMMUNAUTE": "CC des Bastides Dordogne Périgord", "INSEE_COMM": 24088, "ID_CDECOMM": 21, "SURFACE_UR": 0.31345, "COVISIBILI": "non", "SITUATION_": "non boise", "SITUATION1": "plateau plaine" }, "geometry": { "type": "MultiPolygon", "coordinates": [ [ [ [ 514751.94479, 6419830.56371 ], [ 514745.727, 6419803.64093 ], [ 514679.94297, 6419822.1698 ], [ 514684.12132, 6419844.11425 ], [ 514688.28309, 6419864.06074 ], [ 514754.11687, 6419851.52577 ], [ 514752.99352, 6419836.54932 ], [ 514751.94479, 6419830.56371 ], [ 514751.94479, 6419830.56371 ] ] ] ] } },
{ "type": "Feature", "properties": { "COMMUNE": "Saint-Marcel-du-Périgord", "COMMUNAUTE": "CC des Bastides Dordogne Périgord", "INSEE_COMM": 24445, "ID_CDECOMM": 21, "SURFACE_UR": 1.52155, "COVISIBILI": "non", "SITUATION_": "boise", "SITUATION1": "pente" }, "geometry": { "type": "MultiPolygon", "coordinates": [ [ [ [ 517192.37759, 6425335.07328 ], [ 517134.07946, 6425292.59787 ], [ 517067.87231, 6425260.17865 ], [ 516964.82683, 6425243.05105 ], [ 516984.11449, 6425279.85596 ], [ 516989.20066, 6425290.80334 ], [ 517001.20516, 6425292.7018 ], [ 517012.21895, 6425295.60754 ], [ 517028.24429, 6425300.46979 ], [ 517055.3166, 6425312.23372 ], [ 517084.41176, 6425326.97802 ], [ 517101.47756, 6425336.8269 ], [ 517108.52026, 6425342.76277 ], [ 517107.10272, 6425412.70836 ], [ 517161.33026, 6425446.22607 ], [ 517166.8101, 6425384.2392 ], [ 517181.44672, 6425342.1574 ], [ 517192.37759, 6425335.07328 ] ] ] ] } },
{ "type": "Feature", "properties": { "COMMUNE": "Saint-Marcel-du-Périgord", "COMMUNAUTE": "CC des Bastides Dordogne Périgord", "INSEE_COMM": 24445, "ID_CDECOMM": 21, "SURFACE_UR": 0.82735, "COVISIBILI": "oui", "SITUATION_": "non boise", "SITUATION1": "pente" }, "geometry": { "type": "MultiPolygon", "coordinates": [ [ [ [ 519501.00935, 6426755.55233 ], [ 519433.1444, 6426764.10782 ], [ 519385.93477, 6426733.52875 ], [ 519366.96226, 6426734.68521 ], [ 519414.82712, 6426844.18426 ], [ 519448.81766, 6426846.89943 ], [ 519463.71127, 6426835.78625 ], [ 519464.71026, 6426835.77796 ], [ 519475.64938, 6426829.69287 ], [ 519501.00935, 6426755.55233 ] ] ] ] } },
{ "type": "Feature", "properties": { "COMMUNE": "Saint-Félix-de-Villadeix", "COMMUNAUTE": "CC des Bastides Dordogne Périgord", "INSEE_COMM": 24405, "ID_CDECOMM": 21, "SURFACE_UR": 1.62935, "COVISIBILI": null, "SITUATION_": null, "SITUATION1": null }, "geometry": { "type": "MultiPolygon", "coordinates": [ [ [ [ 517879.24783, 6428285.57764 ], [ 517902.32423, 6428297.37476 ], [ 517923.41923, 6428311.18645 ], [ 517931.2785, 6428295.1363 ], [ 517948.07069, 6428272.01859 ], [ 517967.17599, 6428286.84585 ], [ 517977.99908, 6428266.77487 ], [ 517991.77769, 6428241.68407 ], [ 517999.77794, 6428242.61672 ], [ 518008.66109, 6428229.55524 ], [ 518004.64023, 6428226.59144 ], [ 518011.55027, 6428216.54351 ], [ 517993.46884, 6428204.70493 ], [ 517987.4417, 6428200.75873 ], [ 517936.29393, 6428177.20595 ], [ 517886.2032, 6428160.63779 ], [ 517846.30145, 6428167.96241 ], [ 517847.39167, 6428178.94298 ], [ 517847.48289, 6428189.93185 ], [ 517849.5638, 6428199.90515 ], [ 517863.55803, 6428200.78804 ], [ 517856.72262, 6428219.82686 ], [ 517833.06186, 6428257.98743 ], [ 517828.1581, 6428269.01776 ], [ 517876.24255, 6428284.60353 ], [ 517879.24783, 6428285.57764 ] ] ] ] } },
{ "type": "Feature", "properties": { "COMMUNE": "Saint-Félix-de-Villadeix", "COMMUNAUTE": "CC des Bastides Dordogne Périgord", "INSEE_COMM": 24405, "ID_CDECOMM": 21, "SURFACE_UR": 0.5275, "COVISIBILI": "non", "SITUATION_": "clairiere", "SITUATION1": "plateau plaine" }, "geometry": { "type": "MultiPolygon", "coordinates": [ [ [ [ 516182.4374, 6430043.0167 ], [ 516225.47717, 6430052.65007 ], [ 516253.333, 6430038.43207 ], [ 516262.22447, 6430026.36958 ], [ 516285.84386, 6429983.21407 ], [ 516250.72974, 6429965.52245 ], [ 516235.69505, 6429959.65289 ], [ 516231.67419, 6429956.68908 ], [ 516219.91009, 6429983.76128 ], [ 516223.91437, 6429984.72711 ], [ 516221.94954, 6429988.73964 ], [ 516215.93069, 6429985.79242 ], [ 516194.25954, 6430022.93742 ], [ 516182.4374, 6430043.0167 ] ] ] ] } },
{ "type": "Feature", "properties": { "COMMUNE": "Saint-Marcel-du-Périgord", "COMMUNAUTE": "CC des Bastides Dordogne Périgord", "INSEE_COMM": 24445, "ID_CDECOMM": 21, "SURFACE_UR": 2.2321, "COVISIBILI": "oui", "SITUATION_": "clairiere", "SITUATION1": "ligne de crete" }, "geometry": { "type": "MultiPolygon", "coordinates": [ [ [ [ 517286.76821, 6425513.12053 ], [ 517291.65538, 6425500.09225 ], [ 517371.63284, 6425506.42173 ], [ 517353.46854, 6425484.59331 ], [ 517350.4384, 6425480.62224 ], [ 517350.38864, 6425474.62832 ], [ 517351.37934, 6425473.62105 ], [ 517352.37004, 6425472.61377 ], [ 517355.35044, 6425470.59092 ], [ 517355.14313, 6425445.61627 ], [ 517349.86623, 6425411.69221 ], [ 517307.75098, 6425393.05978 ], [ 517213.48911, 6425350.88291 ], [ 517192.37759, 6425335.07328 ], [ 517181.44672, 6425342.1574 ], [ 517166.8101, 6425384.2392 ], [ 517161.33026, 6425446.22607 ], [ 517201.49727, 6425470.86902 ], [ 517242.67157, 6425496.50265 ], [ 517286.76821, 6425513.12053 ] ] ] ] } },
{ "type": "Feature", "properties": { "COMMUNE": "Saint-Félix-de-Villadeix", "COMMUNAUTE": "CC des Bastides Dordogne Périgord", "INSEE_COMM": 24405, "ID_CDECOMM": 21, "SURFACE_UR": 0.4567, "COVISIBILI": "non", "SITUATION_": "boise", "SITUATION1": "plateau plaine" }, "geometry": { "type": "MultiPolygon", "coordinates": [ [ [ [ 515580.17506, 6429823.22701 ], [ 515622.83344, 6429786.90691 ], [ 515602.79547, 6429780.0798 ], [ 515593.77964, 6429777.15745 ], [ 515589.76707, 6429775.19264 ], [ 515568.69695, 6429764.37787 ], [ 515525.93079, 6429787.71111 ], [ 515514.99987, 6429794.79523 ], [ 515544.15315, 6429816.53255 ], [ 515525.40436, 6429844.66176 ], [ 515548.46419, 6429854.46096 ], [ 515580.17506, 6429823.22701 ] ] ] ] } },
{ "type": "Feature", "properties": { "COMMUNE": "Saint-Félix-de-Villadeix", "COMMUNAUTE": "CC des Bastides Dordogne Périgord", "INSEE_COMM": 24405, "ID_CDECOMM": 21, "SURFACE_UR": 2.45675, "COVISIBILI": "non", "SITUATION_": "clairiere", "SITUATION1": "plateau plaine" }, "geometry": { "type": "MultiPolygon", "coordinates": [ [ [ [ 515755.49268, 6429760.82952 ], [ 515742.43111, 6429751.9464 ], [ 515726.82026, 6429797.03355 ], [ 515721.94964, 6429812.05984 ], [ 515715.14735, 6429835.09461 ], [ 515709.33577, 6429857.12211 ], [ 515705.43927, 6429869.14314 ], [ 515704.44028, 6429869.15143 ], [ 515698.57066, 6429884.18601 ], [ 515751.62525, 6429896.73345 ], [ 515803.67256, 6429908.2902 ], [ 515812.54745, 6429894.22974 ], [ 515858.60907, 6429906.83521 ], [ 515927.72223, 6429928.2409 ], [ 515963.76901, 6429937.93231 ], [ 515966.60018, 6429917.92766 ], [ 515962.52958, 6429908.96993 ], [ 515978.24821, 6429876.86962 ], [ 515942.1351, 6429859.1863 ], [ 515903.03329, 6429842.52683 ], [ 515816.77138, 6429801.28232 ], [ 515789.64924, 6429783.52437 ], [ 515755.49268, 6429760.82952 ] ] ] ] } },
{ "type": "Feature", "properties": { "COMMUNE": "Saint-Félix-de-Villadeix", "COMMUNAUTE": "CC des Bastides Dordogne Périgord", "INSEE_COMM": 24405, "ID_CDECOMM": 21, "SURFACE_UR": 4.08535, "COVISIBILI": "non", "SITUATION_": "non boise", "SITUATION1": "pente" }, "geometry": { "type": "MultiPolygon", "coordinates": [ [ [ [ 516272.72744, 6428884.35972 ], [ 516310.93802, 6428914.0143 ], [ 516291.19855, 6428943.15079 ], [ 516295.29403, 6428955.10548 ], [ 516298.33247, 6428960.07555 ], [ 516342.2717, 6428957.71275 ], [ 516350.12271, 6428940.66362 ], [ 516351.02221, 6428928.66747 ], [ 516356.68453, 6428888.65819 ], [ 516365.26092, 6428838.63415 ], [ 516367.14283, 6428824.63173 ], [ 516371.86419, 6428791.62367 ], [ 516375.87676, 6428793.58848 ], [ 516378.7245, 6428775.58181 ], [ 516378.64988, 6428766.59092 ], [ 516382.38882, 6428735.58912 ], [ 516434.46925, 6428751.14178 ], [ 516494.54994, 6428767.62708 ], [ 516567.65902, 6428788.99954 ], [ 516575.47686, 6428767.95445 ], [ 516587.19948, 6428735.88733 ], [ 516554.14142, 6428725.17208 ], [ 516571.65901, 6428669.0795 ], [ 516566.64745, 6428667.12298 ], [ 516565.67333, 6428670.12824 ], [ 516535.62055, 6428660.3871 ], [ 516467.50645, 6428638.97319 ], [ 516436.44639, 6428628.24136 ], [ 516380.32024, 6428606.72795 ], [ 516300.11063, 6428813.1994 ], [ 516290.33625, 6428839.25601 ], [ 516272.72744, 6428884.35972 ] ] ] ] } },
{ "type": "Feature", "properties": { "COMMUNE": "Liorac-sur-Louyre", "COMMUNAUTE": "CC des Bastides Dordogne Périgord", "INSEE_COMM": 24242, "ID_CDECOMM": 21, "SURFACE_UR": 1.07375, "COVISIBILI": "oui", "SITUATION_": "clairiere", "SITUATION1": "ligne de crete" }, "geometry": { "type": "MultiPolygon", "coordinates": [ [ [ [ 514597.24749, 6425989.01459 ], [ 514597.84856, 6425941.05499 ], [ 514537.00538, 6425832.66298 ], [ 514498.45507, 6425762.05005 ], [ 514461.01152, 6425704.41564 ], [ 514429.15981, 6425718.66674 ], [ 514521.40283, 6425878.74898 ], [ 514570.04256, 6425961.26684 ], [ 514597.24749, 6425989.01459 ] ] ] ] } },
{ "type": "Feature", "properties": { "COMMUNE": "Cause-de-Clérans", "COMMUNAUTE": "CC des Bastides Dordogne Périgord", "INSEE_COMM": 24088, "ID_CDECOMM": 21, "SURFACE_UR": 0.6292, "COVISIBILI": "non", "SITUATION_": "non boise", "SITUATION1": "plateau plaine" }, "geometry": { "type": "MultiPolygon", "coordinates": [ [ [ [ 517877.96836, 6423558.05807 ], [ 517896.04142, 6423568.89763 ], [ 517899.04669, 6423569.87174 ], [ 517934.19383, 6423591.55915 ], [ 517938.14004, 6423585.53207 ], [ 517950.97765, 6423567.44252 ], [ 517952.95905, 6423565.42796 ], [ 517959.88565, 6423557.37803 ], [ 517964.84743, 6423553.34062 ], [ 517981.7059, 6423538.21486 ], [ 517956.46574, 6423506.45466 ], [ 517916.2656, 6423477.81582 ], [ 517906.46642, 6423500.87541 ], [ 517896.60919, 6423516.94211 ], [ 517887.74266, 6423532.00152 ], [ 517877.89372, 6423549.06721 ], [ 517878.92588, 6423553.05485 ], [ 517877.96836, 6423558.05807 ] ] ] ] } },
{ "type": "Feature", "properties": { "COMMUNE": "Saint-Félix-de-Villadeix", "COMMUNAUTE": "CC des Bastides Dordogne Périgord", "INSEE_COMM": 24405, "ID_CDECOMM": 21, "SURFACE_UR": 2.62095, "COVISIBILI": "non", "SITUATION_": "clairiere", "SITUATION1": "pente" }, "geometry": { "type": "MultiPolygon", "coordinates": [ [ [ [ 516974.89442, 6429946.52432 ], [ 516972.71401, 6429924.56314 ], [ 516976.71828, 6429925.52897 ], [ 516996.54896, 6429907.38133 ], [ 516992.45347, 6429895.42662 ], [ 516973.06624, 6429846.6337 ], [ 516965.11572, 6429851.69498 ], [ 516943.2456, 6429864.86425 ], [ 516927.35286, 6429875.9858 ], [ 516911.42696, 6429883.11139 ], [ 516904.45057, 6429885.16741 ], [ 516898.46488, 6429886.21615 ], [ 516879.49224, 6429887.37268 ], [ 516836.56856, 6429891.72518 ], [ 516803.61826, 6429893.99678 ], [ 516787.6509, 6429896.12742 ], [ 516784.59587, 6429889.15937 ], [ 516792.52151, 6429881.10113 ], [ 516796.47604, 6429876.07301 ], [ 516799.40669, 6429868.05623 ], [ 516803.30318, 6429856.03519 ], [ 516804.25242, 6429850.03297 ], [ 516805.18509, 6429842.03276 ], [ 516805.07729, 6429829.0459 ], [ 516778.07951, 6429826.27281 ], [ 516720.07968, 6429819.7608 ], [ 516717.24023, 6429838.76646 ], [ 516711.56963, 6429877.77678 ], [ 516724.77217, 6429903.64271 ], [ 516767.68756, 6429898.29123 ], [ 516760.91846, 6429925.32197 ], [ 516796.88233, 6429925.02348 ], [ 516794.98384, 6429937.02793 ], [ 516836.90853, 6429932.68373 ], [ 516841.07864, 6429953.62933 ], [ 516845.25704, 6429975.57393 ], [ 516866.50131, 6430007.36746 ], [ 516874.59278, 6430019.289 ], [ 516871.91088, 6430057.27546 ], [ 516900.62474, 6430026.06634 ], [ 516943.20846, 6429980.75529 ], [ 516974.89442, 6429946.52432 ] ] ] ] } },
{ "type": "Feature", "properties": { "COMMUNE": "Saint-Félix-de-Villadeix", "COMMUNAUTE": "CC des Bastides Dordogne Périgord", "INSEE_COMM": 24405, "ID_CDECOMM": 21, "SURFACE_UR": 2.60145, "COVISIBILI": "non", "SITUATION_": "non boise", "SITUATION1": "plateau plaine" }, "geometry": { "type": "MultiPolygon", "coordinates": [ [ [ [ 516633.46232, 6430698.6518 ], [ 516561.53453, 6430699.24878 ], [ 516476.09741, 6430637.01718 ], [ 516439.96769, 6430617.33587 ], [ 516435.37069, 6430665.32883 ], [ 516430.4752, 6430677.35816 ], [ 516429.49279, 6430679.36443 ], [ 516465.73859, 6430713.0316 ], [ 516555.09708, 6430766.23912 ], [ 516583.13533, 6430773.99888 ], [ 516675.75187, 6430738.26316 ], [ 516728.29243, 6430688.87322 ], [ 516766.58169, 6430607.6317 ], [ 516750.50653, 6430596.77547 ], [ 516705.33608, 6430571.17486 ], [ 516689.66721, 6430609.26912 ], [ 516680.87523, 6430633.3195 ], [ 516654.21739, 6430671.50497 ], [ 516633.46232, 6430698.6518 ] ] ] ] } },
{ "type": "Feature", "properties": { "COMMUNE": "Liorac-sur-Louyre", "COMMUNAUTE": "CC des Bastides Dordogne Périgord", "INSEE_COMM": 24242, "ID_CDECOMM": 21, "SURFACE_UR": 1.52505, "COVISIBILI": "non", "SITUATION_": "non boise", "SITUATION1": "pente" }, "geometry": { "type": "MultiPolygon", "coordinates": [ [ [ [ 512922.18777, 6426635.31645 ], [ 512961.13195, 6426632.9952 ], [ 512979.39172, 6426545.92592 ], [ 512940.50557, 6426555.24008 ], [ 512916.57946, 6426561.43294 ], [ 512915.5556, 6426558.44427 ], [ 512913.45815, 6426546.47302 ], [ 512912.34312, 6426532.49551 ], [ 512916.9651, 6426487.4997 ], [ 512920.69584, 6426455.49899 ], [ 512925.5499, 6426438.47479 ], [ 512930.42883, 6426424.44754 ], [ 512938.31303, 6426411.39441 ], [ 512942.27585, 6426407.36531 ], [ 512941.2437, 6426403.37766 ], [ 512927.87552, 6426357.53207 ], [ 512885.31665, 6426405.83983 ], [ 512891.36034, 6426411.78401 ], [ 512911.43138, 6426422.60707 ], [ 512884.73208, 6426455.79741 ], [ 512836.18753, 6426505.15389 ], [ 512862.36029, 6426528.91403 ], [ 512848.50699, 6426545.01386 ], [ 512882.82089, 6426586.68943 ], [ 512887.86559, 6426592.6419 ], [ 512894.94143, 6426602.57373 ], [ 512908.08582, 6426621.4467 ], [ 512911.08281, 6426621.42183 ], [ 512916.06948, 6426620.3814 ], [ 512919.05818, 6426619.35755 ], [ 512922.06345, 6426620.33167 ], [ 512922.18777, 6426635.31645 ] ] ] ] } },
{ "type": "Feature", "properties": { "COMMUNE": "Liorac-sur-Louyre", "COMMUNAUTE": "CC des Bastides Dordogne Périgord", "INSEE_COMM": 24242, "ID_CDECOMM": 21, "SURFACE_UR": 0.7055, "COVISIBILI": "non", "SITUATION_": "clairiere", "SITUATION1": "plateau plaine" }, "geometry": { "type": "MultiPolygon", "coordinates": [ [ [ [ 515246.08666, 6424237.2821 ], [ 515246.77888, 6424200.31133 ], [ 515257.64343, 6424185.23534 ], [ 515262.66326, 6424188.19084 ], [ 515266.61777, 6424183.16274 ], [ 515273.53609, 6424174.11383 ], [ 515267.50898, 6424170.16764 ], [ 515256.42887, 6424159.27 ], [ 515249.39447, 6424154.33311 ], [ 515245.37363, 6424151.36931 ], [ 515243.39223, 6424153.38387 ], [ 515240.37867, 6424151.41077 ], [ 515239.37968, 6424151.41906 ], [ 515206.62023, 6424176.66732 ], [ 515204.58079, 6424171.68897 ], [ 515196.40645, 6424149.77761 ], [ 515151.54303, 6424161.13956 ], [ 515162.99623, 6424216.99157 ], [ 515167.14973, 6424235.93914 ], [ 515212.03803, 6424227.57414 ], [ 515217.03299, 6424227.53269 ], [ 515246.08666, 6424237.2821 ] ] ] ] } },
{ "type": "Feature", "properties": { "COMMUNE": "Cause-de-Clérans", "COMMUNAUTE": "CC des Bastides Dordogne Périgord", "INSEE_COMM": 24088, "ID_CDECOMM": 21, "SURFACE_UR": 0.46715, "COVISIBILI": "non", "SITUATION_": "boise", "SITUATION1": "pente" }, "geometry": { "type": "MultiPolygon", "coordinates": [ [ [ [ 516084.99551, 6421071.31197 ], [ 516088.00077, 6421072.28608 ], [ 516101.02909, 6421077.17321 ], [ 516136.06836, 6421085.87385 ], [ 516141.06331, 6421085.83239 ], [ 516158.91246, 6421069.6994 ], [ 516155.89061, 6421066.72733 ], [ 516162.81721, 6421058.67741 ], [ 516169.71893, 6421047.63055 ], [ 516172.67444, 6421042.61076 ], [ 516177.57818, 6421031.58048 ], [ 516181.48293, 6421020.5585 ], [ 516116.58176, 6421025.0934 ], [ 516104.63535, 6421030.18782 ], [ 516070.75261, 6421040.45957 ], [ 516084.99551, 6421071.31197 ] ] ] ] } },
{ "type": "Feature", "properties": { "COMMUNE": "Cause-de-Clérans", "COMMUNAUTE": "CC des Bastides Dordogne Périgord", "INSEE_COMM": 24088, "ID_CDECOMM": 21, "SURFACE_UR": 0.19815, "COVISIBILI": "non", "SITUATION_": "non boise", "SITUATION1": "pente" }, "geometry": { "type": "MultiPolygon", "coordinates": [ [ [ [ 514288.45129, 6420440.83459 ], [ 514328.34454, 6420432.51111 ], [ 514320.97855, 6420387.6149 ], [ 514280.03657, 6420389.95277 ], [ 514288.45129, 6420440.83459 ] ] ] ] } },
{ "type": "Feature", "properties": { "COMMUNE": "Cause-de-Clérans", "COMMUNAUTE": "CC des Bastides Dordogne Périgord", "INSEE_COMM": 24088, "ID_CDECOMM": 21, "SURFACE_UR": 0.46745, "COVISIBILI": "non", "SITUATION_": "non boise", "SITUATION1": "plateau plaine" }, "geometry": { "type": "MultiPolygon", "coordinates": [ [ [ [ 516149.01807, 6421201.65644 ], [ 516173.1182, 6421216.44219 ], [ 516227.02219, 6421210.99951 ], [ 516228.07093, 6421216.98512 ], [ 516278.97795, 6421211.56732 ], [ 516275.72394, 6421180.62371 ], [ 516189.86886, 6421188.32969 ], [ 516187.68846, 6421166.36863 ], [ 516189.68644, 6421166.35205 ], [ 516184.55053, 6421149.41079 ], [ 516146.73817, 6421167.70758 ], [ 516153.80573, 6421176.64039 ], [ 516149.01807, 6421201.65644 ] ] ] ] } },
{ "type": "Feature", "properties": { "COMMUNE": "Cause-de-Clérans", "COMMUNAUTE": "CC des Bastides Dordogne Périgord", "INSEE_COMM": 24088, "ID_CDECOMM": 21, "SURFACE_UR": 0.301, "COVISIBILI": "non", "SITUATION_": "non boise", "SITUATION1": "vallee" }, "geometry": { "type": "MultiPolygon", "coordinates": [ [ [ [ 514227.17719, 6420521.26724 ], [ 514239.14019, 6420518.17081 ], [ 514263.04961, 6420509.97998 ], [ 514254.75095, 6420473.08392 ], [ 514244.45431, 6420436.20445 ], [ 514206.60049, 6420449.50626 ], [ 514214.8577, 6420481.4074 ], [ 514227.17719, 6420521.26724 ] ] ] ] } },
{ "type": "Feature", "properties": { "COMMUNE": "Liorac-sur-Louyre", "COMMUNAUTE": "CC des Bastides Dordogne Périgord", "INSEE_COMM": 24242, "ID_CDECOMM": 21, "SURFACE_UR": 4.5096, "COVISIBILI": "oui", "SITUATION_": "non boise", "SITUATION1": "ligne de crete" }, "geometry": { "type": "MultiPolygon", "coordinates": [ [ [ [ 513177.17436, 6424735.99625 ], [ 513143.0677, 6424719.29533 ], [ 513099.16179, 6424725.65399 ], [ 513098.02187, 6424708.67951 ], [ 513062.04987, 6424707.97896 ], [ 513006.10631, 6424708.44318 ], [ 512835.13775, 6424692.87792 ], [ 512834.16363, 6424695.88317 ], [ 512794.8671, 6424776.13366 ], [ 512810.86755, 6424777.99901 ], [ 512850.89355, 6424785.65932 ], [ 512862.88975, 6424786.55883 ], [ 512867.88471, 6424786.51738 ], [ 512868.81738, 6424778.5172 ], [ 512899.86074, 6424787.2511 ], [ 512894.23982, 6424832.25523 ], [ 512893.2574, 6424834.26149 ], [ 512963.25317, 6424841.67312 ], [ 512969.15594, 6424830.63453 ], [ 512983.15012, 6424831.51746 ], [ 512994.2468, 6424844.4131 ], [ 513067.23954, 6424851.79985 ], [ 513167.23823, 6424862.95871 ], [ 513177.17436, 6424735.99625 ] ] ] ] } },
{ "type": "Feature", "properties": { "COMMUNE": "Cause-de-Clérans", "COMMUNAUTE": "CC des Bastides Dordogne Périgord", "INSEE_COMM": 24088, "ID_CDECOMM": 21, "SURFACE_UR": 1.2472, "COVISIBILI": "non", "SITUATION_": "clairiere", "SITUATION1": "pente" }, "geometry": { "type": "MultiPolygon", "coordinates": [ [ [ [ 517634.02829, 6421852.70071 ], [ 517620.68483, 6421809.85221 ], [ 517613.65873, 6421805.91432 ], [ 517601.62109, 6421800.01993 ], [ 517598.60754, 6421798.04685 ], [ 517597.57538, 6421794.0592 ], [ 517598.27583, 6421758.08749 ], [ 517599.00117, 6421725.11272 ], [ 517601.79083, 6421700.11325 ], [ 517495.9725, 6421709.98315 ], [ 517486.00748, 6421713.06303 ], [ 517483.5661, 6421780.01983 ], [ 517498.58413, 6421783.89137 ], [ 517573.64107, 6421799.25315 ], [ 517584.12853, 6421859.10926 ], [ 517634.02829, 6421852.70071 ] ] ] ] } },
{ "type": "Feature", "properties": { "COMMUNE": "Cause-de-Clérans", "COMMUNAUTE": "CC des Bastides Dordogne Périgord", "INSEE_COMM": 24088, "ID_CDECOMM": 21, "SURFACE_UR": 0.31005, "COVISIBILI": "non", "SITUATION_": "non boise", "SITUATION1": "plateau plaine" }, "geometry": { "type": "MultiPolygon", "coordinates": [ [ [ [ 515221.74434, 6421545.03433 ], [ 515238.64426, 6421534.90354 ], [ 515265.48433, 6421518.69593 ], [ 515246.02264, 6421460.9124 ], [ 515204.18943, 6421476.24539 ], [ 515221.74434, 6421545.03433 ] ] ] ] } },
{ "type": "Feature", "properties": { "COMMUNE": "Cause-de-Clérans", "COMMUNAUTE": "CC des Bastides Dordogne Périgord", "INSEE_COMM": 24088, "ID_CDECOMM": 21, "SURFACE_UR": 0.5341, "COVISIBILI": "non", "SITUATION_": "non boise", "SITUATION1": "pente" }, "geometry": { "type": "MultiPolygon", "coordinates": [ [ [ [ 515806.01606, 6420921.77156 ], [ 515813.02557, 6420923.71148 ], [ 515811.10222, 6420932.71892 ], [ 515813.11678, 6420934.7003 ], [ 515816.12204, 6420935.67441 ], [ 515819.13559, 6420937.6475 ], [ 515817.1542, 6420939.66205 ], [ 515827.17726, 6420943.57507 ], [ 515841.1797, 6420945.45696 ], [ 515847.18193, 6420946.40619 ], [ 515851.18618, 6420947.37201 ], [ 515851.19447, 6420948.37099 ], [ 515855.19043, 6420948.33783 ], [ 515861.20095, 6420950.28604 ], [ 515874.21269, 6420953.1752 ], [ 515880.22321, 6420955.12342 ], [ 515885.11037, 6420942.09518 ], [ 515884.53825, 6420873.16532 ], [ 515883.5061, 6420869.17768 ], [ 515880.48426, 6420866.20561 ], [ 515878.4614, 6420863.22524 ], [ 515873.43329, 6420859.27076 ], [ 515866.42378, 6420857.33084 ], [ 515865.42479, 6420857.33913 ], [ 515823.71597, 6420887.65687 ], [ 515806.01606, 6420921.77156 ] ] ] ] } },
{ "type": "Feature", "properties": { "COMMUNE": "Pressignac-Vicq", "COMMUNAUTE": "CC des Bastides Dordogne Périgord", "INSEE_COMM": 24338, "ID_CDECOMM": 21, "SURFACE_UR": 1.77245, "COVISIBILI": "non", "SITUATION_": "boise", "SITUATION1": "plateau plaine" }, "geometry": { "type": "MultiPolygon", "coordinates": [ [ [ [ 518276.45233, 6424503.8517 ], [ 518338.22397, 6424483.35778 ], [ 518353.18397, 6424480.23642 ], [ 518370.18342, 6424482.0934 ], [ 518401.08583, 6424473.84441 ], [ 518401.99359, 6424462.84727 ], [ 518401.95213, 6424457.85234 ], [ 518404.72519, 6424430.85484 ], [ 518406.55731, 6424410.85854 ], [ 518408.37285, 6424388.86426 ], [ 518409.33038, 6424383.86104 ], [ 518413.99361, 6424343.86014 ], [ 518414.91797, 6424334.86097 ], [ 518417.79055, 6424319.8513 ], [ 518421.62065, 6424299.83841 ], [ 518423.55229, 6424291.82994 ], [ 518428.45603, 6424280.79963 ], [ 518393.46643, 6424278.09295 ], [ 518380.90249, 6424329.14904 ], [ 518376.90652, 6424329.18221 ], [ 518373.12617, 6424355.18902 ], [ 518372.2184, 6424366.18616 ], [ 518299.36663, 6424375.78246 ], [ 518297.71695, 6424417.75646 ], [ 518298.74912, 6424421.74411 ], [ 518300.76369, 6424423.72549 ], [ 518297.79988, 6424427.74632 ], [ 518273.85725, 6424431.9413 ], [ 518254.91787, 6424437.09381 ], [ 518276.45233, 6424503.8517 ] ] ] ] } },
{ "type": "Feature", "properties": { "COMMUNE": "Pressignac-Vicq", "COMMUNAUTE": "CC des Bastides Dordogne Périgord", "INSEE_COMM": 24338, "ID_CDECOMM": 21, "SURFACE_UR": 5.0304, "COVISIBILI": "non", "SITUATION_": "non boise", "SITUATION1": "pente" }, "geometry": { "type": "MultiPolygon", "coordinates": [ [ [ [ 519253.02229, 6423961.25472 ], [ 519252.04818, 6423964.25997 ], [ 519236.02291, 6423959.39765 ], [ 519233.13376, 6423972.40933 ], [ 519230.2695, 6423988.41796 ], [ 519229.34515, 6423997.41711 ], [ 519229.35344, 6423998.4161 ], [ 519216.94715, 6424068.45283 ], [ 519216.00621, 6424075.45402 ], [ 519173.99067, 6424068.80922 ], [ 519162.48383, 6424126.84984 ], [ 519148.14591, 6424204.89503 ], [ 519170.14852, 6424207.70965 ], [ 519186.1738, 6424212.57197 ], [ 519206.20332, 6424218.40012 ], [ 519216.21808, 6424221.3142 ], [ 519262.27935, 6424233.91975 ], [ 519281.285, 6424236.75924 ], [ 519291.29147, 6424238.67433 ], [ 519307.30016, 6424241.53867 ], [ 519319.29631, 6424242.4382 ], [ 519339.28436, 6424243.27142 ], [ 519346.27728, 6424243.2134 ], [ 519362.26108, 6424243.08079 ], [ 519388.23477, 6424242.8653 ], [ 519400.22263, 6424242.76584 ], [ 519395.89493, 6424202.83957 ], [ 519394.42321, 6424145.90568 ], [ 519378.4394, 6424146.03829 ], [ 519373.71361, 6424058.16071 ], [ 519369.25322, 6424002.25068 ], [ 519368.17129, 6423992.26911 ], [ 519258.06699, 6423967.2072 ], [ 519253.02229, 6423961.25472 ] ] ] ] } },
{ "type": "Feature", "properties": { "COMMUNE": "Saint-Marcel-du-Périgord", "COMMUNAUTE": "CC des Bastides Dordogne Périgord", "INSEE_COMM": 24445, "ID_CDECOMM": 21, "SURFACE_UR": 4.9233, "COVISIBILI": "oui", "SITUATION_": "clairiere", "SITUATION1": "pente" }, "geometry": { "type": "MultiPolygon", "coordinates": [ [ [ [ 519391.06984, 6426509.69764 ], [ 519431.20359, 6426530.34485 ], [ 519434.16739, 6426526.32403 ], [ 519448.99464, 6426507.21896 ], [ 519434.15909, 6426525.32505 ], [ 519444.78304, 6426481.27845 ], [ 519449.63699, 6426464.25423 ], [ 519458.36248, 6426432.21206 ], [ 519418.34484, 6426425.55067 ], [ 519424.21437, 6426410.51614 ], [ 519427.13669, 6426401.5004 ], [ 519428.05274, 6426391.50224 ], [ 519427.90345, 6426373.52048 ], [ 519423.81626, 6426362.56477 ], [ 519421.80169, 6426360.58338 ], [ 519412.72784, 6426350.6681 ], [ 519410.70498, 6426347.68772 ], [ 519409.67282, 6426343.70006 ], [ 519404.64469, 6426339.74555 ], [ 519402.61354, 6426335.76618 ], [ 519392.42459, 6426311.87338 ], [ 519393.3904, 6426307.86914 ], [ 519383.92674, 6426251.00149 ], [ 519384.90084, 6426247.99624 ], [ 519387.68217, 6426221.99772 ], [ 519389.58062, 6426209.9933 ], [ 519398.34758, 6426182.94607 ], [ 519352.3609, 6426179.33137 ], [ 519337.34288, 6426175.45974 ], [ 519271.393, 6426174.00878 ], [ 519213.47651, 6426177.48644 ], [ 519217.85398, 6426223.40667 ], [ 519221.99094, 6426240.3563 ], [ 519228.13416, 6426258.28833 ], [ 519210.69975, 6426324.37064 ], [ 519268.81531, 6426344.86866 ], [ 519266.10863, 6426379.85806 ], [ 519265.27552, 6426399.84609 ], [ 519275.29029, 6426402.76017 ], [ 519289.30932, 6426406.64009 ], [ 519296.31054, 6426407.58106 ], [ 519303.32006, 6426409.52102 ], [ 519313.33483, 6426412.4351 ], [ 519325.36418, 6426417.33058 ], [ 519318.46248, 6426428.37745 ], [ 519322.49991, 6426433.33923 ], [ 519329.5509, 6426440.27412 ], [ 519334.62049, 6426449.22356 ], [ 519340.70566, 6426460.16269 ], [ 519345.78355, 6426470.11112 ], [ 519353.88329, 6426483.03165 ], [ 519360.93427, 6426489.96654 ], [ 519375.01136, 6426500.83936 ], [ 519379.0239, 6426502.80419 ], [ 519387.049, 6426506.73383 ], [ 519391.06984, 6426509.69764 ] ] ] ] } },
{ "type": "Feature", "properties": { "COMMUNE": "Cause-de-Clérans", "COMMUNAUTE": "CC des Bastides Dordogne Périgord", "INSEE_COMM": 24088, "ID_CDECOMM": 21, "SURFACE_UR": 0.9938, "COVISIBILI": "oui", "SITUATION_": "non boise", "SITUATION1": "ligne de crete" }, "geometry": { "type": "MultiPolygon", "coordinates": [ [ [ [ 514046.04098, 6419882.37824 ], [ 514041.0792, 6419886.41562 ], [ 514035.32568, 6419915.43586 ], [ 514041.34449, 6419918.38307 ], [ 514057.39463, 6419926.24229 ], [ 514080.4377, 6419934.04348 ], [ 514083.44296, 6419935.01759 ], [ 514107.49331, 6419943.80947 ], [ 514122.50301, 6419946.68206 ], [ 514140.50969, 6419949.52979 ], [ 514169.53011, 6419955.28327 ], [ 514213.56853, 6419964.90833 ], [ 514228.12226, 6419912.83687 ], [ 514179.09719, 6419904.25225 ], [ 514181.03713, 6419897.24279 ], [ 514145.93988, 6419881.54922 ], [ 514145.06524, 6419896.54225 ], [ 514086.02541, 6419885.04358 ], [ 514086.90833, 6419871.04953 ], [ 514064.01449, 6419881.23003 ], [ 514046.04098, 6419882.37824 ] ] ] ] } },
{ "type": "Feature", "properties": { "COMMUNE": "Saint-Marcel-du-Périgord", "COMMUNAUTE": "CC des Bastides Dordogne Périgord", "INSEE_COMM": 24445, "ID_CDECOMM": 21, "SURFACE_UR": 6.7093, "COVISIBILI": "non", "SITUATION_": "clairiere", "SITUATION1": "pente" }, "geometry": { "type": "MultiPolygon", "coordinates": [ [ [ [ 518467.2269, 6426062.79183 ], [ 518472.22186, 6426062.75036 ], [ 518473.20427, 6426060.74409 ], [ 518484.20978, 6426062.65084 ], [ 518488.20575, 6426062.61766 ], [ 518481.86797, 6426141.59566 ], [ 518538.63626, 6426120.14447 ], [ 518511.27376, 6426073.41586 ], [ 518508.09434, 6426051.46302 ], [ 518530.15503, 6426061.27056 ], [ 518533.09395, 6426054.25279 ], [ 518529.0814, 6426052.28797 ], [ 518542.00192, 6426044.18834 ], [ 518562.86458, 6426030.0285 ], [ 518556.72966, 6426013.09545 ], [ 518552.65906, 6426004.13772 ], [ 518548.62993, 6426000.17493 ], [ 518545.61638, 6425998.20182 ], [ 518538.59028, 6425994.26388 ], [ 518527.6014, 6425994.35505 ], [ 518520.63336, 6425997.41002 ], [ 518516.57935, 6425990.45026 ], [ 518524.5132, 6425983.39106 ], [ 518544.37688, 6425969.2395 ], [ 518557.2808, 6425959.1419 ], [ 518522.98344, 6425919.46422 ], [ 518441.3602, 6425835.22195 ], [ 518417.977, 6425786.46237 ], [ 518435.5525, 6425737.36275 ], [ 518355.30963, 6425699.06577 ], [ 518329.75047, 6425749.23071 ], [ 518239.4928, 6425708.0197 ], [ 518224.90597, 6425756.09544 ], [ 518272.01621, 6425774.68639 ], [ 518270.0431, 6425777.69994 ], [ 518249.6033, 6425842.80821 ], [ 518241.01872, 6425891.83319 ], [ 518258.0016, 6425891.6922 ], [ 518280.98674, 6425892.50044 ], [ 518287.98798, 6425893.44137 ], [ 518295.99651, 6425895.37299 ], [ 518302.00706, 6425897.32121 ], [ 518309.03318, 6425901.2591 ], [ 518315.04373, 6425903.20731 ], [ 518319.05629, 6425905.17211 ], [ 518321.08744, 6425909.15147 ], [ 518307.6323, 6425973.20271 ], [ 518372.86541, 6426008.62715 ], [ 518374.04685, 6426030.59656 ], [ 518455.06482, 6426041.91263 ], [ 518462.07436, 6426043.85255 ], [ 518460.21736, 6426060.85191 ], [ 518467.2269, 6426062.79183 ] ] ] ] } },
{ "type": "Feature", "properties": { "COMMUNE": "Saint-Félix-de-Villadeix", "COMMUNAUTE": "CC des Bastides Dordogne Périgord", "INSEE_COMM": 24405, "ID_CDECOMM": 21, "SURFACE_UR": 1.31, "COVISIBILI": "non", "SITUATION_": "clairiere", "SITUATION1": "ligne de crete" }, "geometry": { "type": "MultiPolygon", "coordinates": [ [ [ [ 515786.31549, 6427696.52228 ], [ 515789.31247, 6427696.49741 ], [ 515816.24387, 6427691.27861 ], [ 515822.26271, 6427694.22582 ], [ 515875.99285, 6427667.80442 ], [ 515861.7582, 6427637.95088 ], [ 515862.62454, 6427621.95879 ], [ 515849.49666, 6427605.0838 ], [ 515827.51878, 6427605.26621 ], [ 515818.59416, 6427613.33273 ], [ 515807.48915, 6427599.43811 ], [ 515811.31931, 6427579.4252 ], [ 515817.23036, 6427569.38558 ], [ 515826.13011, 6427558.3221 ], [ 515831.08363, 6427553.28571 ], [ 515839.00926, 6427545.22748 ], [ 515816.84069, 6427522.43318 ], [ 515789.10099, 6427550.63698 ], [ 515779.32661, 6427576.69356 ], [ 515766.5967, 6427607.76995 ], [ 515748.57334, 6427602.92425 ], [ 515743.04367, 6427658.91729 ], [ 515740.33686, 6427693.90671 ], [ 515762.20696, 6427680.73747 ], [ 515768.19264, 6427679.68874 ], [ 515764.45368, 6427710.69051 ], [ 515782.45216, 6427712.53924 ], [ 515783.4097, 6427707.53601 ], [ 515786.31549, 6427696.52228 ] ] ] ] } },
{ "type": "Feature", "properties": { "COMMUNE": "Cause-de-Clérans", "COMMUNAUTE": "CC des Bastides Dordogne Périgord", "INSEE_COMM": 24088, "ID_CDECOMM": 21, "SURFACE_UR": 2.0438, "COVISIBILI": "non", "SITUATION_": "non boise", "SITUATION1": "pente" }, "geometry": { "type": "MultiPolygon", "coordinates": [ [ [ [ 514144.79581, 6419984.46103 ], [ 514120.12782, 6420021.63065 ], [ 514102.37815, 6420049.75139 ], [ 514077.70188, 6420085.92203 ], [ 514099.84544, 6420105.7193 ], [ 514095.99871, 6420123.73415 ], [ 514095.09921, 6420135.73024 ], [ 514057.02156, 6420122.05951 ], [ 514039.28846, 6420152.17822 ], [ 514029.48925, 6420175.23773 ], [ 514077.61482, 6420195.81844 ], [ 514093.49916, 6420183.698 ], [ 514100.46722, 6420180.64302 ], [ 514136.49715, 6420188.33644 ], [ 514158.50807, 6420192.14998 ], [ 514174.37583, 6420178.03158 ], [ 514198.12773, 6420150.86007 ], [ 514150.89337, 6420117.2843 ], [ 514203.37553, 6420060.90187 ], [ 514226.05382, 6420024.74781 ], [ 514195.89347, 6420002.01991 ], [ 514191.88093, 6420000.05511 ], [ 514144.79581, 6419984.46103 ] ] ] ] } },
{ "type": "Feature", "properties": { "COMMUNE": "Cause-de-Clérans", "COMMUNAUTE": "CC des Bastides Dordogne Périgord", "INSEE_COMM": 24088, "ID_CDECOMM": 21, "SURFACE_UR": 0.53405, "COVISIBILI": "non", "SITUATION_": "non boise", "SITUATION1": "plateau plaine" }, "geometry": { "type": "MultiPolygon", "coordinates": [ [ [ [ 516119.98932, 6421194.90402 ], [ 516099.94319, 6421187.07798 ], [ 516086.09829, 6421204.17679 ], [ 516079.25461, 6421222.21654 ], [ 516120.63607, 6421272.82474 ], [ 516132.88928, 6421304.69272 ], [ 516172.81571, 6421300.36511 ], [ 516164.27654, 6421234.49852 ], [ 516114.22755, 6421222.92531 ], [ 516118.04938, 6421201.91349 ], [ 516119.98932, 6421194.90402 ] ] ] ] } },
{ "type": "Feature", "properties": { "COMMUNE": "Cause-de-Clérans", "COMMUNAUTE": "CC des Bastides Dordogne Périgord", "INSEE_COMM": 24088, "ID_CDECOMM": 21, "SURFACE_UR": 0.8153, "COVISIBILI": "non", "SITUATION_": "non boise", "SITUATION1": "plateau plaine" }, "geometry": { "type": "MultiPolygon", "coordinates": [ [ [ [ 515213.0971, 6420984.63763 ], [ 515216.08578, 6420983.61377 ], [ 515196.8065, 6420947.8079 ], [ 515196.8065, 6420947.8079 ], [ 515194.78365, 6420944.82753 ], [ 515147.06429, 6420973.19704 ], [ 515122.19733, 6420986.3911 ], [ 515085.38395, 6421004.67957 ], [ 515087.39852, 6421006.66095 ], [ 515099.50247, 6421020.54723 ], [ 515119.63979, 6421039.3621 ], [ 515127.59854, 6421035.29984 ], [ 515134.5666, 6421032.24485 ], [ 515140.64344, 6421042.18494 ], [ 515161.53103, 6421031.02201 ], [ 515171.71991, 6421054.9147 ], [ 515223.43522, 6421026.51203 ], [ 515217.22572, 6421000.5882 ], [ 515213.0971, 6420984.63763 ] ] ] ] } },
{ "type": "Feature", "properties": { "COMMUNE": "Baneuil", "COMMUNAUTE": "CC des Bastides Dordogne Périgord", "INSEE_COMM": 24023, "ID_CDECOMM": 21, "SURFACE_UR": 4.9103, "COVISIBILI": "non", "SITUATION_": "non boise", "SITUATION1": "ligne de crete" }, "geometry": { "type": "MultiPolygon", "coordinates": [ [ [ [ 518885.07155, 6421277.85325 ], [ 518886.07054, 6421277.84496 ], [ 518899.0076, 6421271.74332 ], [ 518930.85077, 6421256.49336 ], [ 518945.78581, 6421250.37514 ], [ 518947.77549, 6421249.35958 ], [ 518941.68205, 6421237.4215 ], [ 518951.68021, 6421238.33761 ], [ 518969.69515, 6421242.18436 ], [ 518988.71736, 6421247.0218 ], [ 518989.69976, 6421245.01555 ], [ 519007.38295, 6421208.90296 ], [ 519016.22455, 6421190.84667 ], [ 519004.18695, 6421184.95223 ], [ 518979.12106, 6421174.17061 ], [ 518986.98026, 6421158.12057 ], [ 518994.83945, 6421142.07053 ], [ 519001.72455, 6421129.02574 ], [ 518984.65884, 6421119.1768 ], [ 518968.60871, 6421111.31754 ], [ 518905.3657, 6421074.8773 ], [ 518917.08815, 6421042.81038 ], [ 518923.93177, 6421024.77066 ], [ 518896.85961, 6421013.00664 ], [ 518870.78644, 6421001.23432 ], [ 518846.72783, 6420991.4434 ], [ 518842.7153, 6420989.47859 ], [ 518819.68885, 6420983.67531 ], [ 518799.66765, 6420978.84615 ], [ 518806.39517, 6420946.82067 ], [ 518811.24082, 6420928.79753 ], [ 518769.25022, 6420925.14969 ], [ 518765.44502, 6420948.15945 ], [ 518759.77454, 6420987.16953 ], [ 518750.23251, 6421041.1975 ], [ 518747.38483, 6421059.20406 ], [ 518741.66459, 6421092.22024 ], [ 518737.87598, 6421117.22797 ], [ 518749.8887, 6421120.12547 ], [ 518768.9275, 6421126.96088 ], [ 518784.96104, 6421132.82218 ], [ 518802.00187, 6421139.67417 ], [ 518810.02693, 6421143.6038 ], [ 518821.06555, 6421149.50653 ], [ 518836.12499, 6421158.37306 ], [ 518826.25952, 6421173.44069 ], [ 518818.37544, 6421186.49378 ], [ 518805.54619, 6421205.5822 ], [ 518817.62526, 6421216.47157 ], [ 518834.74072, 6421232.31441 ], [ 518845.81251, 6421242.21308 ], [ 518852.86347, 6421249.14794 ], [ 518871.9852, 6421265.97319 ], [ 518885.07155, 6421277.85325 ] ] ] ] } },
{ "type": "Feature", "properties": { "COMMUNE": "Pressignac-Vicq", "COMMUNAUTE": "CC des Bastides Dordogne Périgord", "INSEE_COMM": 24338, "ID_CDECOMM": 21, "SURFACE_UR": 6.402, "COVISIBILI": "non", "SITUATION_": "non boise", "SITUATION1": "plateau plaine" }, "geometry": { "type": "MultiPolygon", "coordinates": [ [ [ [ 519096.82205, 6423438.04727 ], [ 519084.08402, 6423468.12456 ], [ 519082.1358, 6423474.13505 ], [ 519079.313, 6423495.1386 ], [ 519078.41354, 6423507.13471 ], [ 519076.54826, 6423523.13505 ], [ 519073.65911, 6423536.14672 ], [ 519069.77097, 6423549.16668 ], [ 519100.89717, 6423567.89047 ], [ 519141.06402, 6423592.53357 ], [ 519152.10264, 6423598.43631 ], [ 519163.15785, 6423606.33703 ], [ 519178.2339, 6423617.20154 ], [ 519216.38618, 6423639.86325 ], [ 519244.49054, 6423655.61495 ], [ 519256.53645, 6423662.50839 ], [ 519287.65435, 6423680.23319 ], [ 519318.77225, 6423697.95799 ], [ 519344.7874, 6423702.73742 ], [ 519323.09166, 6423736.88526 ], [ 519302.3866, 6423770.02582 ], [ 519275.45164, 6423895.13106 ], [ 519269.44942, 6423894.1818 ], [ 519266.54368, 6423905.19551 ], [ 519260.73221, 6423927.22291 ], [ 519253.02229, 6423961.25472 ], [ 519258.06699, 6423967.2072 ], [ 519368.17129, 6423992.26911 ], [ 519365.89963, 6423959.31917 ], [ 519373.25292, 6423882.33099 ], [ 519387.96405, 6423849.24015 ], [ 519402.67518, 6423816.14931 ], [ 519416.51172, 6423798.05154 ], [ 519434.29446, 6423773.9267 ], [ 519436.27585, 6423771.91216 ], [ 519458.98717, 6423739.754 ], [ 519475.7875, 6423717.63542 ], [ 519452.64491, 6423697.84634 ], [ 519439.59172, 6423689.96221 ], [ 519430.56765, 6423686.04086 ], [ 519413.45216, 6423670.198 ], [ 519408.43235, 6423667.24249 ], [ 519406.42608, 6423666.26008 ], [ 519403.41253, 6423664.28697 ], [ 519374.27601, 6423644.54763 ], [ 519364.22808, 6423637.63762 ], [ 519359.20826, 6423634.6821 ], [ 519348.16134, 6423627.78038 ], [ 519323.05395, 6423612.00382 ], [ 519317.02684, 6423608.05761 ], [ 519296.93098, 6423594.23758 ], [ 519281.85494, 6423583.37306 ], [ 519268.78516, 6423573.49096 ], [ 519263.76534, 6423570.53544 ], [ 519241.65491, 6423554.73402 ], [ 519217.54651, 6423538.94918 ], [ 519197.44236, 6423524.13016 ], [ 519189.40069, 6423518.20256 ], [ 519162.24557, 6423496.44866 ], [ 519134.0334, 6423467.71016 ], [ 519123.96059, 6423457.80319 ], [ 519109.89183, 6423447.92937 ], [ 519101.84187, 6423441.00278 ], [ 519097.82933, 6423439.03797 ], [ 519096.82205, 6423438.04727 ] ] ] ] } },
{ "type": "Feature", "properties": { "COMMUNE": "Saint-Félix-de-Villadeix", "COMMUNAUTE": "CC des Bastides Dordogne Périgord", "INSEE_COMM": 24405, "ID_CDECOMM": 21, "SURFACE_UR": 0.8723, "COVISIBILI": "oui", "SITUATION_": "clairiere", "SITUATION1": "pente" }, "geometry": { "type": "MultiPolygon", "coordinates": [ [ [ [ 517583.79988, 6427115.13784 ], [ 517592.62498, 6427095.08346 ], [ 517619.70562, 6427107.84639 ], [ 517639.76843, 6427117.67041 ], [ 517659.38344, 6427073.54912 ], [ 517610.23371, 6427049.97977 ], [ 517599.18673, 6427043.07808 ], [ 517563.02392, 6427019.40093 ], [ 517558.12846, 6427031.43023 ], [ 517544.42449, 6427065.51189 ], [ 517522.29735, 6427047.71256 ], [ 517520.34912, 6427053.72307 ], [ 517508.50216, 6427070.80536 ], [ 517513.52201, 6427073.76086 ], [ 517510.57478, 6427079.77966 ], [ 517526.6499, 6427090.63584 ], [ 517523.71926, 6427098.65262 ], [ 517537.73835, 6427102.53247 ], [ 517531.84389, 6427114.57007 ], [ 517548.89313, 6427122.42099 ], [ 517560.93082, 6427128.3154 ], [ 517569.97152, 6427134.23469 ], [ 517576.89814, 6427126.18475 ], [ 517583.79988, 6427115.13784 ] ] ] ] } },
{ "type": "Feature", "properties": { "COMMUNE": "Saint-Marcel-du-Périgord", "COMMUNAUTE": "CC des Bastides Dordogne Périgord", "INSEE_COMM": 24445, "ID_CDECOMM": 21, "SURFACE_UR": 0.50935, "COVISIBILI": "oui", "SITUATION_": "non boise", "SITUATION1": "pente" }, "geometry": { "type": "MultiPolygon", "coordinates": [ [ [ [ 519448.99464, 6426507.21896 ], [ 519489.73757, 6426480.90549 ], [ 519560.56629, 6426468.32919 ], [ 519597.47914, 6426462.02861 ], [ 519621.4383, 6426459.83172 ], [ 519619.01732, 6426408.89996 ], [ 519557.13803, 6426416.40674 ], [ 519560.40041, 6426448.34945 ], [ 519510.47582, 6426451.76082 ], [ 519510.52558, 6426457.75474 ], [ 519486.54983, 6426457.95365 ], [ 519477.7414, 6426480.00596 ], [ 519460.8664, 6426493.13369 ], [ 519456.90362, 6426497.16279 ], [ 519450.97603, 6426505.20441 ], [ 519448.99464, 6426507.21896 ] ] ] ] } },
{ "type": "Feature", "properties": { "COMMUNE": "Saint-Marcel-du-Périgord", "COMMUNAUTE": "CC des Bastides Dordogne Périgord", "INSEE_COMM": 24445, "ID_CDECOMM": 21, "SURFACE_UR": 2.31665, "COVISIBILI": "oui", "SITUATION_": "clairiere", "SITUATION1": "ligne de crete" }, "geometry": { "type": "MultiPolygon", "coordinates": [ [ [ [ 519834.77176, 6428930.72711 ], [ 519796.46172, 6428889.08452 ], [ 519786.57964, 6428902.15425 ], [ 519778.68724, 6428914.20842 ], [ 519773.76693, 6428923.24076 ], [ 519766.89011, 6428937.28462 ], [ 519763.96778, 6428946.30038 ], [ 519762.98538, 6428948.30665 ], [ 519762.01956, 6428952.31089 ], [ 519762.04445, 6428955.30786 ], [ 519765.0746, 6428959.27895 ], [ 519767.09746, 6428962.25934 ], [ 519777.12885, 6428967.1714 ], [ 519785.16225, 6428972.10004 ], [ 519702.88462, 6429049.71008 ], [ 519702.89291, 6429050.70906 ], [ 519691.98695, 6429060.79012 ], [ 519684.14431, 6429078.83822 ], [ 519690.2212, 6429088.77838 ], [ 519709.31816, 6429102.60676 ], [ 519698.42879, 6429114.68579 ], [ 519686.54042, 6429126.77311 ], [ 519674.64376, 6429137.86144 ], [ 519664.72019, 6429145.93623 ], [ 519651.83283, 6429158.03184 ], [ 519647.87834, 6429163.05994 ], [ 519642.94973, 6429171.09329 ], [ 519640.98493, 6429175.10582 ], [ 519637.03043, 6429180.13391 ], [ 519633.09253, 6429187.15999 ], [ 519651.27343, 6429210.98654 ], [ 519825.66933, 6429037.70179 ], [ 519831.62181, 6429032.65712 ], [ 519852.43475, 6429012.5033 ], [ 519876.30271, 6428999.31753 ], [ 519877.31, 6429000.30823 ], [ 519886.30922, 6429001.23263 ], [ 519890.29689, 6429000.20049 ], [ 519876.17, 6428983.33371 ], [ 519858.98809, 6428959.49887 ], [ 519834.77176, 6428930.72711 ] ] ] ] } },
{ "type": "Feature", "properties": { "COMMUNE": "Saint-Marcel-du-Périgord", "COMMUNAUTE": "CC des Bastides Dordogne Périgord", "INSEE_COMM": 24445, "ID_CDECOMM": 21, "SURFACE_UR": 1.1631, "COVISIBILI": "oui", "SITUATION_": "clairiere", "SITUATION1": "ligne de crete" }, "geometry": { "type": "MultiPolygon", "coordinates": [ [ [ [ 516561.15124, 6425477.18347 ], [ 516563.24873, 6425489.15471 ], [ 516574.21277, 6425486.06654 ], [ 516576.23563, 6425489.04691 ], [ 516588.19038, 6425484.95146 ], [ 516592.26927, 6425494.90815 ], [ 516601.24362, 6425492.83555 ], [ 516589.03183, 6425465.96244 ], [ 516588.99866, 6425461.9665 ], [ 516587.91675, 6425451.98493 ], [ 516582.66475, 6425421.05784 ], [ 516596.60919, 6425415.94682 ], [ 516600.58028, 6425412.91669 ], [ 516611.54433, 6425409.82852 ], [ 516623.51566, 6425407.73104 ], [ 516629.50132, 6425406.6823 ], [ 516644.48621, 6425406.55791 ], [ 516656.48241, 6425407.45739 ], [ 516690.48133, 6425411.1714 ], [ 516694.16221, 6425373.17677 ], [ 516664.19244, 6425373.42554 ], [ 516656.17562, 6425370.49492 ], [ 516651.23041, 6425376.5303 ], [ 516636.19577, 6425370.66077 ], [ 516640.06736, 6425355.64281 ], [ 516633.63395, 6425302.74632 ], [ 516622.62845, 6425300.83957 ], [ 516612.61364, 6425297.92553 ], [ 516607.61039, 6425296.96801 ], [ 516603.55638, 6425290.00828 ], [ 516601.56668, 6425291.02385 ], [ 516589.61194, 6425295.1193 ], [ 516582.67704, 6425302.17024 ], [ 516580.71222, 6425306.18277 ], [ 516577.77328, 6425313.20055 ], [ 516577.8562, 6425323.1904 ], [ 516580.93609, 6425333.15538 ], [ 516586.1881, 6425364.08248 ], [ 516590.30844, 6425379.0341 ], [ 516538.50178, 6425396.44805 ], [ 516555.85778, 6425441.26144 ], [ 516561.15124, 6425477.18347 ] ] ] ] } },
{ "type": "Feature", "properties": { "COMMUNE": "Saint-Marcel-du-Périgord", "COMMUNAUTE": "CC des Bastides Dordogne Périgord", "INSEE_COMM": 24445, "ID_CDECOMM": 21, "SURFACE_UR": 0.80465, "COVISIBILI": "non", "SITUATION_": "boise", "SITUATION1": "pente" }, "geometry": { "type": "MultiPolygon", "coordinates": [ [ [ [ 518170.75114, 6425009.25197 ], [ 518167.92002, 6425029.25657 ], [ 518234.8608, 6425029.69989 ], [ 518219.98372, 6425042.81111 ], [ 518203.4238, 6425093.90037 ], [ 518207.41148, 6425092.86821 ], [ 518264.22135, 6425076.41171 ], [ 518289.92977, 6425044.22853 ], [ 518319.36049, 6424979.04565 ], [ 518313.37483, 6424980.09439 ], [ 518301.4118, 6424983.19087 ], [ 518296.42513, 6424984.23133 ], [ 518291.43847, 6424985.27178 ], [ 518291.43847, 6424985.27178 ], [ 518271.50008, 6424990.43258 ], [ 518270.50109, 6424990.44087 ], [ 518259.53706, 6424993.52906 ], [ 518258.53806, 6424993.53735 ], [ 518247.56573, 6424995.62656 ], [ 518247.56573, 6424995.62656 ], [ 518246.56674, 6424995.63485 ], [ 518236.59341, 6424997.71576 ], [ 518225.62108, 6424999.80496 ], [ 518207.66409, 6425002.9512 ], [ 518206.6651, 6425002.95949 ], [ 518198.68146, 6425004.02482 ], [ 518189.70711, 6425006.09744 ], [ 518188.70812, 6425006.10573 ], [ 518171.75013, 6425009.24368 ], [ 518170.75114, 6425009.25197 ], [ 518170.75114, 6425009.25197 ] ] ] ] } },
{ "type": "Feature", "properties": { "COMMUNE": "Saint-Félix-de-Villadeix", "COMMUNAUTE": "CC des Bastides Dordogne Périgord", "INSEE_COMM": 24405, "ID_CDECOMM": 21, "SURFACE_UR": 4.748, "COVISIBILI": "non", "SITUATION_": "clairiere", "SITUATION1": "plateau plaine" }, "geometry": { "type": "MultiPolygon", "coordinates": [ [ [ [ 516361.11474, 6427857.5949 ], [ 516380.75469, 6427816.47058 ], [ 516414.82001, 6427828.17652 ], [ 516418.83257, 6427830.14133 ], [ 516435.45894, 6427787.04391 ], [ 516465.93858, 6427727.8466 ], [ 516503.96671, 6427735.52342 ], [ 516486.74335, 6427706.69374 ], [ 516487.67601, 6427698.69355 ], [ 516488.65013, 6427695.6883 ], [ 516485.61169, 6427690.71823 ], [ 516487.46872, 6427673.71886 ], [ 516487.36093, 6427660.73203 ], [ 516464.3426, 6427655.9278 ], [ 516430.32703, 6427650.2158 ], [ 516382.93082, 6427717.54595 ], [ 516371.13359, 6427740.62216 ], [ 516162.41834, 6427751.34599 ], [ 516140.40729, 6427747.53245 ], [ 516129.40177, 6427745.62568 ], [ 516125.51357, 6427758.64569 ], [ 516122.5083, 6427757.67157 ], [ 516120.56006, 6427763.68208 ], [ 516096.51786, 6427755.88918 ], [ 516093.48771, 6427751.9181 ], [ 516064.42566, 6427741.16969 ], [ 516052.7445, 6427778.23172 ], [ 516045.92565, 6427799.2685 ], [ 516035.99374, 6427806.34432 ], [ 516032.23821, 6427835.34812 ], [ 516030.348, 6427848.35154 ], [ 516188.30524, 6427861.02732 ], [ 516289.03788, 6427840.21012 ], [ 516361.11474, 6427857.5949 ] ] ] ] } },
{ "type": "Feature", "properties": { "COMMUNE": "Saint-Félix-de-Villadeix", "COMMUNAUTE": "CC des Bastides Dordogne Périgord", "INSEE_COMM": 24405, "ID_CDECOMM": 21, "SURFACE_UR": 2.52625, "COVISIBILI": "non", "SITUATION_": "clairiere", "SITUATION1": "pente" }, "geometry": { "type": "MultiPolygon", "coordinates": [ [ [ [ 518605.39558, 6429227.6553 ], [ 518658.15968, 6429205.23834 ], [ 518720.85564, 6429175.74558 ], [ 518728.54072, 6429138.7167 ], [ 518733.32004, 6429112.70155 ], [ 518691.27117, 6429102.06074 ], [ 518686.25963, 6429100.10419 ], [ 518673.16492, 6429087.22507 ], [ 518639.13286, 6429079.51492 ], [ 518628.13567, 6429078.60709 ], [ 518628.86097, 6429045.63217 ], [ 518636.71192, 6429028.58307 ], [ 518641.62394, 6429018.55175 ], [ 518644.58774, 6429014.53093 ], [ 518651.50604, 6429005.48203 ], [ 518655.45225, 6428999.45495 ], [ 518651.45628, 6428999.48809 ], [ 518617.42422, 6428991.77794 ], [ 518587.40472, 6428986.03262 ], [ 518559.38311, 6428980.27085 ], [ 518558.45046, 6428988.27105 ], [ 518559.53239, 6428998.25265 ], [ 518566.67464, 6429016.17639 ], [ 518573.8003, 6429032.10216 ], [ 518573.85006, 6429038.0961 ], [ 518535.9214, 6429042.40719 ], [ 518535.18779, 6429074.38312 ], [ 518529.51725, 6429113.39344 ], [ 518530.69869, 6429135.3629 ], [ 518589.55649, 6429124.88376 ], [ 518600.85225, 6429161.75519 ], [ 518603.19027, 6429202.69715 ], [ 518604.32195, 6429218.67269 ], [ 518605.39558, 6429227.6553 ] ] ] ] } },
{ "type": "Feature", "properties": { "COMMUNE": "Saint-Félix-de-Villadeix", "COMMUNAUTE": "CC des Bastides Dordogne Périgord", "INSEE_COMM": 24405, "ID_CDECOMM": 21, "SURFACE_UR": 2.71745, "COVISIBILI": "non", "SITUATION_": "boise", "SITUATION1": "pente" }, "geometry": { "type": "MultiPolygon", "coordinates": [ [ [ [ 516429.49279, 6430679.36443 ], [ 516406.9553, 6430732.50158 ], [ 516441.94507, 6430735.20835 ], [ 516461.94989, 6430738.0395 ], [ 516525.17691, 6430772.48179 ], [ 516554.2805, 6430788.22518 ], [ 516598.5017, 6430819.82804 ], [ 516635.51435, 6430825.5152 ], [ 516668.51443, 6430829.23755 ], [ 516665.74131, 6430856.23515 ], [ 516724.80652, 6430870.73081 ], [ 516752.83649, 6430877.49158 ], [ 516805.98235, 6430901.02789 ], [ 516811.95975, 6430898.98016 ], [ 516815.01478, 6430905.94822 ], [ 516847.88219, 6430893.68672 ], [ 516855.81613, 6430886.62746 ], [ 516876.72045, 6430877.46244 ], [ 516873.69858, 6430874.49034 ], [ 516871.69229, 6430873.50793 ], [ 516864.68273, 6430871.56799 ], [ 516861.66915, 6430869.59489 ], [ 516840.64046, 6430863.77507 ], [ 516828.61932, 6430859.87861 ], [ 516806.58334, 6430853.06809 ], [ 516775.53151, 6430843.33522 ], [ 516757.5081, 6430838.48952 ], [ 516737.47011, 6430831.66242 ], [ 516722.45199, 6430827.79083 ], [ 516702.42229, 6430821.96272 ], [ 516689.40216, 6430818.07455 ], [ 516669.38076, 6430813.24542 ], [ 516662.32974, 6430806.31053 ], [ 516675.20891, 6430793.21588 ], [ 516682.13556, 6430785.16592 ], [ 516693.07478, 6430779.08078 ], [ 516736.83165, 6430754.74021 ], [ 516748.61233, 6430729.66597 ], [ 516757.4043, 6430705.6156 ], [ 516780.1242, 6430674.45621 ], [ 516803.76017, 6430633.29865 ], [ 516773.61613, 6430612.56861 ], [ 516766.58169, 6430607.6317 ], [ 516728.29243, 6430688.87322 ], [ 516675.75187, 6430738.26316 ], [ 516583.13533, 6430773.99888 ], [ 516555.09708, 6430766.23912 ], [ 516465.73859, 6430713.0316 ], [ 516429.49279, 6430679.36443 ] ] ] ] } },
{ "type": "Feature", "properties": { "COMMUNE": "Saint-Félix-de-Villadeix", "COMMUNAUTE": "CC des Bastides Dordogne Périgord", "INSEE_COMM": 24405, "ID_CDECOMM": 21, "SURFACE_UR": 7.9945, "COVISIBILI": "non", "SITUATION_": "non boise", "SITUATION1": "plateau plaine" }, "geometry": { "type": "MultiPolygon", "coordinates": [ [ [ [ 516808.64846, 6428333.42747 ], [ 516765.50925, 6428311.80629 ], [ 516755.63538, 6428325.87504 ], [ 516718.00523, 6428366.14964 ], [ 516697.20875, 6428388.30151 ], [ 516665.68866, 6428442.51219 ], [ 516686.89143, 6428469.31074 ], [ 516693.96732, 6428479.24258 ], [ 516720.83239, 6428466.03186 ], [ 516718.90903, 6428475.03933 ], [ 516712.04873, 6428491.08119 ], [ 516693.4824, 6428541.18813 ], [ 516653.43968, 6428531.52992 ], [ 516602.37483, 6428517.96696 ], [ 516581.32131, 6428509.1502 ], [ 516557.26251, 6428499.35932 ], [ 516544.44969, 6428520.44586 ], [ 516525.70094, 6428548.57506 ], [ 516514.83637, 6428563.65109 ], [ 516490.16827, 6428600.82094 ], [ 516476.35646, 6428621.91577 ], [ 516513.4022, 6428631.59886 ], [ 516537.43613, 6428638.39278 ], [ 516555.4678, 6428644.23746 ], [ 516589.50826, 6428652.94644 ], [ 516593.52083, 6428654.91125 ], [ 516603.54395, 6428658.82428 ], [ 516632.56456, 6428664.57775 ], [ 516665.91683, 6428590.37072 ], [ 516787.08547, 6428624.332 ], [ 516813.59401, 6428568.16478 ], [ 516895.00185, 6428626.43344 ], [ 516913.55159, 6428574.32851 ], [ 516938.92016, 6428501.18679 ], [ 516939.89428, 6428498.18154 ], [ 516961.38295, 6428439.05882 ], [ 516912.29951, 6428423.48131 ], [ 516918.02815, 6428391.46395 ], [ 516815.82384, 6428355.34717 ], [ 516826.70499, 6428342.26911 ], [ 516808.64846, 6428333.42747 ] ] ] ] } },
{ "type": "Feature", "properties": { "COMMUNE": "Saint-Félix-de-Villadeix", "COMMUNAUTE": "CC des Bastides Dordogne Périgord", "INSEE_COMM": 24405, "ID_CDECOMM": 21, "SURFACE_UR": 3.20365, "COVISIBILI": "oui", "SITUATION_": "non boise", "SITUATION1": "ligne de crete" }, "geometry": { "type": "MultiPolygon", "coordinates": [ [ [ [ 517309.15896, 6429173.47635 ], [ 517307.03658, 6429158.5081 ], [ 517303.98155, 6429151.54006 ], [ 517313.03056, 6429158.45835 ], [ 517351.15825, 6429178.12302 ], [ 517359.08387, 6429170.06478 ], [ 517369.01579, 6429162.98894 ], [ 517367.98362, 6429159.00127 ], [ 517366.95146, 6429155.01361 ], [ 517402.51728, 6429106.76364 ], [ 517458.09618, 6429062.34378 ], [ 517515.4038, 6429105.82662 ], [ 517534.10278, 6429071.70346 ], [ 517489.82357, 6429033.10776 ], [ 517482.84718, 6429035.16378 ], [ 517478.87608, 6429038.19392 ], [ 517457.77278, 6429023.38322 ], [ 517456.73232, 6429018.39657 ], [ 517452.74463, 6429019.42873 ], [ 517447.70819, 6429014.47525 ], [ 517431.60817, 6429000.62208 ], [ 517404.43627, 6428976.87025 ], [ 517340.04884, 6429043.34248 ], [ 517304.35863, 6429076.60762 ], [ 517281.61391, 6429104.77002 ], [ 517269.75864, 6429120.85334 ], [ 517238.71514, 6429112.1195 ], [ 517217.6616, 6429103.30273 ], [ 517191.53015, 6429084.53754 ], [ 517170.41857, 6429068.72786 ], [ 517150.2894, 6429050.9119 ], [ 517136.44442, 6429068.0108 ], [ 517133.54694, 6429080.02353 ], [ 517130.62458, 6429089.03931 ], [ 517128.65146, 6429092.05286 ], [ 517116.81277, 6429110.13415 ], [ 517095.11679, 6429144.28219 ], [ 517086.28338, 6429163.3376 ], [ 517104.33164, 6429171.18025 ], [ 517135.40831, 6429183.91006 ], [ 517169.82589, 6429117.68659 ], [ 517206.87994, 6429128.36866 ], [ 517224.9365, 6429137.2103 ], [ 517255.04734, 6429153.94435 ], [ 517309.15896, 6429173.47635 ] ] ] ] } },
{ "type": "Feature", "properties": { "COMMUNE": "Cause-de-Clérans", "COMMUNAUTE": "CC des Bastides Dordogne Périgord", "INSEE_COMM": 24088, "ID_CDECOMM": 21, "SURFACE_UR": 3.0025, "COVISIBILI": "non", "SITUATION_": "non boise", "SITUATION1": "plateau plaine" }, "geometry": { "type": "MultiPolygon", "coordinates": [ [ [ [ 515331.96894, 6421464.1953 ], [ 515302.23139, 6421492.41558 ], [ 515287.35433, 6421505.52674 ], [ 515274.46695, 6421517.62233 ], [ 515263.52781, 6421523.70744 ], [ 515276.82145, 6421560.56206 ], [ 515404.87863, 6421461.59207 ], [ 515408.84972, 6421458.56195 ], [ 515413.86125, 6421460.51846 ], [ 515492.95557, 6421480.84211 ], [ 515493.8219, 6421464.85008 ], [ 515516.34265, 6421409.71527 ], [ 515532.98554, 6421368.61598 ], [ 515460.67687, 6421323.2597 ], [ 515436.65137, 6421317.46479 ], [ 515353.1797, 6421251.22106 ], [ 515307.49978, 6421284.56891 ], [ 515369.76879, 6421324.01421 ], [ 515374.78862, 6421326.9697 ], [ 515374.84665, 6421333.96259 ], [ 515375.28608, 6421386.90873 ], [ 515375.41045, 6421401.89349 ], [ 515368.48385, 6421409.9434 ], [ 515349.8264, 6421449.0613 ], [ 515343.86562, 6421453.10698 ], [ 515331.96894, 6421464.1953 ] ] ] ] } },
{ "type": "Feature", "properties": { "COMMUNE": "Cause-de-Clérans", "COMMUNAUTE": "CC des Bastides Dordogne Périgord", "INSEE_COMM": 24088, "ID_CDECOMM": 21, "SURFACE_UR": 2.61385, "COVISIBILI": "non", "SITUATION_": "non boise", "SITUATION1": "plateau plaine" }, "geometry": { "type": "MultiPolygon", "coordinates": [ [ [ [ 517345.32888, 6424142.9303 ], [ 517384.26468, 6424139.60992 ], [ 517383.08326, 6424117.64053 ], [ 517401.00706, 6424110.49835 ], [ 517442.85691, 6424097.16324 ], [ 517423.41998, 6424042.37659 ], [ 517450.30154, 6424031.16384 ], [ 517464.22938, 6424024.05484 ], [ 517463.2138, 6424022.06516 ], [ 517435.8347, 6423973.33877 ], [ 517468.66874, 6423957.08134 ], [ 517445.24414, 6423903.32685 ], [ 517410.40382, 6423918.60189 ], [ 517394.46971, 6423924.72849 ], [ 517367.56328, 6423932.94428 ], [ 517349.1751, 6423884.14326 ], [ 517320.2541, 6423890.37766 ], [ 517320.11313, 6423873.39491 ], [ 517319.0478, 6423865.41132 ], [ 517317.96588, 6423855.42975 ], [ 517317.93271, 6423851.43381 ], [ 517290.019, 6423858.65891 ], [ 517298.40896, 6423906.54387 ], [ 517322.35159, 6423902.3489 ], [ 517326.50511, 6423921.29646 ], [ 517328.59431, 6423932.26871 ], [ 517330.65863, 6423940.24401 ], [ 517337.80913, 6423959.16669 ], [ 517338.833, 6423962.15535 ], [ 517330.85765, 6423964.21967 ], [ 517316.81372, 6423957.34287 ], [ 517306.78234, 6423952.43087 ], [ 517266.96365, 6423969.74533 ], [ 517274.13073, 6423990.66598 ], [ 517307.07258, 6423987.39536 ], [ 517323.11449, 6423994.25558 ], [ 517332.32102, 6424020.15457 ], [ 517356.83582, 6424084.88961 ], [ 517347.90294, 6424091.95715 ], [ 517344.92255, 6424093.98 ], [ 517341.93387, 6424095.00386 ], [ 517342.98262, 6424100.98948 ], [ 517345.07182, 6424111.96174 ], [ 517345.21279, 6424128.9445 ], [ 517345.32888, 6424142.9303 ] ] ] ] } },
{ "type": "Feature", "properties": { "COMMUNE": "Saint-Félix-de-Villadeix", "COMMUNAUTE": "CC des Bastides Dordogne Périgord", "INSEE_COMM": 24405, "ID_CDECOMM": 21, "SURFACE_UR": 4.12225, "COVISIBILI": "oui", "SITUATION_": "non boise", "SITUATION1": "plateau plaine" }, "geometry": { "type": "MultiPolygon", "coordinates": [ [ [ [ 517522.27034, 6430173.76248 ], [ 517525.5244, 6430204.70628 ], [ 517529.51209, 6430203.67412 ], [ 517537.54553, 6430208.60273 ], [ 517539.51864, 6430205.58918 ], [ 517546.54479, 6430209.52709 ], [ 517550.49931, 6430204.49897 ], [ 517562.52044, 6430208.39543 ], [ 517565.4511, 6430200.37864 ], [ 517569.4305, 6430198.34749 ], [ 517580.22874, 6430175.27952 ], [ 517579.14682, 6430165.29792 ], [ 517589.92847, 6430140.23197 ], [ 517578.85658, 6430130.33329 ], [ 517581.86186, 6430131.3074 ], [ 517594.84882, 6430131.1996 ], [ 517599.84381, 6430131.15814 ], [ 517606.8202, 6430129.10212 ], [ 517620.78127, 6430125.98906 ], [ 517638.73834, 6430122.84283 ], [ 517592.29524, 6430064.2839 ], [ 517575.4201, 6430077.41173 ], [ 517554.24215, 6430053.61012 ], [ 517594.80297, 6430005.31865 ], [ 517643.986, 6430032.88404 ], [ 517667.07901, 6430046.67917 ], [ 517695.70992, 6430005.48013 ], [ 517711.48655, 6429980.37272 ], [ 517717.5137, 6429984.31893 ], [ 517724.50668, 6429984.26088 ], [ 517727.01441, 6429925.29564 ], [ 517737.02925, 6429928.20968 ], [ 517740.93402, 6429917.18763 ], [ 517739.93502, 6429917.19592 ], [ 517737.88728, 6429911.21857 ], [ 517744.77245, 6429898.17367 ], [ 517721.61309, 6429876.38662 ], [ 517689.37985, 6429844.68432 ], [ 517674.56904, 6429865.78748 ], [ 517657.78512, 6429889.90419 ], [ 517649.88437, 6429900.95941 ], [ 517642.96602, 6429910.00835 ], [ 517636.99692, 6429913.05507 ], [ 517627.065, 6429920.13092 ], [ 517594.27226, 6429941.38334 ], [ 517563.4858, 6429963.61816 ], [ 517526.73024, 6429988.8997 ], [ 517461.17791, 6430035.40048 ], [ 517455.2171, 6430039.44619 ], [ 517452.17865, 6430034.47612 ], [ 517380.55771, 6430072.03575 ], [ 517387.58385, 6430075.97366 ], [ 517397.61528, 6430080.88569 ], [ 517413.64898, 6430086.74695 ], [ 517424.66282, 6430089.65271 ], [ 517445.67492, 6430093.47453 ], [ 517454.68247, 6430095.39788 ], [ 517461.65886, 6430093.34186 ], [ 517472.60637, 6430088.2557 ], [ 517477.57647, 6430085.21727 ], [ 517504.58255, 6430088.98935 ], [ 517505.65618, 6430097.97196 ], [ 517510.75896, 6430110.91736 ], [ 517513.88034, 6430125.87732 ], [ 517520.07333, 6430149.80332 ], [ 517521.18013, 6430162.78189 ], [ 517522.27034, 6430173.76248 ] ] ] ] } },
{ "type": "Feature", "properties": { "COMMUNE": "Saint-Félix-de-Villadeix", "COMMUNAUTE": "CC des Bastides Dordogne Périgord", "INSEE_COMM": 24405, "ID_CDECOMM": 21, "SURFACE_UR": 2.4289, "COVISIBILI": "non", "SITUATION_": "clairiere", "SITUATION1": "plateau plaine" }, "geometry": { "type": "MultiPolygon", "coordinates": [ [ [ [ 515336.59818, 6429726.34174 ], [ 515315.57781, 6429721.5209 ], [ 515288.53029, 6429712.75384 ], [ 515258.06713, 6429773.94916 ], [ 515263.07869, 6429775.90568 ], [ 515271.08724, 6429777.83733 ], [ 515282.09278, 6429779.74412 ], [ 515306.10185, 6429783.5411 ], [ 515328.12123, 6429788.35365 ], [ 515338.13606, 6429791.26771 ], [ 515346.14461, 6429793.19937 ], [ 515353.15417, 6429795.13931 ], [ 515360.17201, 6429798.07824 ], [ 515366.19915, 6429802.02446 ], [ 515373.23358, 6429806.96137 ], [ 515388.30143, 6429816.82689 ], [ 515407.39843, 6429830.65522 ], [ 515430.49971, 6429845.44937 ], [ 515438.53313, 6429850.37799 ], [ 515449.57183, 6429856.28072 ], [ 515463.61582, 6429863.15758 ], [ 515480.6485, 6429869.01057 ], [ 515510.06709, 6429922.71554 ], [ 515548.24451, 6429948.3742 ], [ 515576.30761, 6429959.13094 ], [ 515585.94937, 6429917.0905 ], [ 515558.8521, 6429902.32952 ], [ 515615.45498, 6429860.89841 ], [ 515580.17506, 6429823.22701 ], [ 515548.46419, 6429854.46096 ], [ 515525.40436, 6429844.66176 ], [ 515544.15315, 6429816.53255 ], [ 515514.99987, 6429794.79523 ], [ 515474.23999, 6429819.11087 ], [ 515446.0857, 6429797.36526 ], [ 515375.63365, 6429735.00931 ], [ 515371.6045, 6429731.04651 ], [ 515349.84214, 6429757.20261 ], [ 515327.72328, 6429740.40219 ], [ 515330.63737, 6429730.38744 ], [ 515335.63235, 6429730.34598 ], [ 515336.59818, 6429726.34174 ] ] ] ] } },
{ "type": "Feature", "properties": { "COMMUNE": "Cause-de-Clérans", "COMMUNAUTE": "CC des Bastides Dordogne Périgord", "INSEE_COMM": 24088, "ID_CDECOMM": 21, "SURFACE_UR": 0.42385, "COVISIBILI": "non", "SITUATION_": "non boise", "SITUATION1": "plateau plaine" }, "geometry": { "type": "MultiPolygon", "coordinates": [ [ [ [ 515010.4013, 6420275.99387 ], [ 515020.40777, 6420277.90893 ], [ 515030.77483, 6420202.894 ], [ 515019.77766, 6420201.98622 ], [ 515017.77968, 6420202.0028 ], [ 515011.18472, 6420250.01202 ], [ 515007.4292, 6420279.01569 ], [ 515003.71513, 6420313.01428 ], [ 515002.78247, 6420321.01443 ], [ 514998.086, 6420357.01927 ], [ 514999.10157, 6420359.00895 ], [ 515013.06255, 6420355.89593 ], [ 515077.91394, 6420345.36719 ], [ 515078.88806, 6420342.36195 ], [ 515077.69008, 6420318.39465 ], [ 515067.6919, 6420317.47857 ], [ 515068.56652, 6420302.48554 ], [ 515044.5742, 6420300.68655 ], [ 515043.69958, 6420315.67959 ], [ 515005.71311, 6420312.99769 ], [ 515006.67894, 6420308.99347 ], [ 515010.4013, 6420275.99387 ] ] ] ] } },
{ "type": "Feature", "properties": { "COMMUNE": "Liorac-sur-Louyre", "COMMUNAUTE": "CC des Bastides Dordogne Périgord", "INSEE_COMM": 24242, "ID_CDECOMM": 21, "SURFACE_UR": 5.5062, "COVISIBILI": "non", "SITUATION_": "non boise", "SITUATION1": "ligne de crete" }, "geometry": { "type": "MultiPolygon", "coordinates": [ [ [ [ 513977.06028, 6424692.39342 ], [ 513937.05914, 6424687.7301 ], [ 513939.31412, 6424718.6821 ], [ 513851.37795, 6424716.41468 ], [ 513848.39755, 6424718.43753 ], [ 513844.40158, 6424718.47069 ], [ 513806.43989, 6424718.78572 ], [ 513772.47415, 6424719.06758 ], [ 513657.59836, 6424721.01994 ], [ 513413.95206, 6424736.02953 ], [ 513414.46603, 6424797.96668 ], [ 513456.39883, 6424794.62155 ], [ 513489.32412, 6424789.35304 ], [ 513535.23631, 6424783.97677 ], [ 513561.18523, 6424780.76427 ], [ 513565.17291, 6424779.73212 ], [ 513563.47336, 6424815.71222 ], [ 513603.42476, 6424814.38163 ], [ 513653.36607, 6424812.96814 ], [ 513733.31861, 6424816.30087 ], [ 513739.32914, 6424818.2491 ], [ 513790.42696, 6424835.80806 ], [ 513822.44445, 6424841.53669 ], [ 513868.48099, 6424851.1452 ], [ 513868.73798, 6424882.11378 ], [ 513872.73395, 6424882.08062 ], [ 513883.72287, 6424881.98943 ], [ 513888.72612, 6424882.94696 ], [ 513890.69923, 6424879.93342 ], [ 513955.18605, 6424825.44928 ], [ 513957.17575, 6424824.43372 ], [ 513975.43535, 6424737.36438 ], [ 513977.06028, 6424692.39342 ] ] ] ] } },
{ "type": "Feature", "properties": { "COMMUNE": "Liorac-sur-Louyre", "COMMUNAUTE": "CC des Bastides Dordogne Périgord", "INSEE_COMM": 24242, "ID_CDECOMM": 21, "SURFACE_UR": 2.05325, "COVISIBILI": "non", "SITUATION_": "non boise", "SITUATION1": "pente" }, "geometry": { "type": "MultiPolygon", "coordinates": [ [ [ [ 513888.72612, 6424882.94696 ], [ 513890.7241, 6424882.93038 ], [ 513896.94189, 6424909.85328 ], [ 513913.09157, 6424929.70036 ], [ 513936.36683, 6424965.4732 ], [ 513943.71626, 6425008.37159 ], [ 513960.73228, 6425012.2266 ], [ 513964.72825, 6425012.19344 ], [ 513980.74529, 6425016.05674 ], [ 513990.76008, 6425018.97079 ], [ 513999.79247, 6425023.89111 ], [ 514005.81958, 6425027.83732 ], [ 514010.86428, 6425033.78978 ], [ 514014.90999, 6425039.75054 ], [ 514021.8532, 6425033.69859 ], [ 514040.94182, 6425046.5279 ], [ 514051.83955, 6425035.44785 ], [ 514055.81894, 6425033.41671 ], [ 514059.80661, 6425032.38457 ], [ 514067.78197, 6425030.32027 ], [ 514073.77593, 6425030.27053 ], [ 514089.75151, 6425029.13889 ], [ 514091.73292, 6425027.12434 ], [ 514092.70704, 6425024.11909 ], [ 514091.68317, 6425021.13042 ], [ 514080.487, 6424996.24695 ], [ 514074.39357, 6424984.30886 ], [ 514074.26092, 6424968.32507 ], [ 514075.24333, 6424966.31881 ], [ 514048.20422, 6424958.55076 ], [ 513995.29079, 6424962.98609 ], [ 513994.10113, 6424940.01769 ], [ 514004.8745, 6424913.95285 ], [ 513998.2422, 6424837.08064 ], [ 513990.26684, 6424839.14493 ], [ 513956.20162, 6424827.43897 ], [ 513957.17575, 6424824.43372 ], [ 513955.18605, 6424825.44928 ], [ 513890.69923, 6424879.93342 ], [ 513888.72612, 6424882.94696 ] ] ] ] } },
{ "type": "Feature", "properties": { "COMMUNE": "Cause-de-Clérans", "COMMUNAUTE": "CC des Bastides Dordogne Périgord", "INSEE_COMM": 24088, "ID_CDECOMM": 21, "SURFACE_UR": 1.01445, "COVISIBILI": "non", "SITUATION_": "non boise", "SITUATION1": "plateau plaine" }, "geometry": { "type": "MultiPolygon", "coordinates": [ [ [ [ 515976.97939, 6420334.90809 ], [ 515982.88212, 6420323.86953 ], [ 515984.83864, 6420318.85803 ], [ 515988.76827, 6420310.833 ], [ 516000.58202, 6420289.75486 ], [ 516001.56442, 6420287.7486 ], [ 516015.21032, 6420246.67422 ], [ 516025.97532, 6420219.61047 ], [ 516033.94236, 6420216.54719 ], [ 516015.88593, 6420207.70559 ], [ 516022.72961, 6420189.66586 ], [ 516029.56499, 6420170.62714 ], [ 515994.53404, 6420162.92549 ], [ 515990.58783, 6420168.95255 ], [ 515988.68106, 6420179.95794 ], [ 515984.84265, 6420198.97179 ], [ 515978.84871, 6420199.02154 ], [ 515951.86771, 6420198.24643 ], [ 515946.88106, 6420199.28687 ], [ 515941.88611, 6420199.32832 ], [ 515938.91402, 6420202.35015 ], [ 515933.02787, 6420215.38667 ], [ 515920.38926, 6420257.45175 ], [ 515932.402, 6420260.3492 ], [ 515957.43477, 6420267.13479 ], [ 515937.87786, 6420318.24875 ], [ 515953.91143, 6420324.10998 ], [ 515976.97939, 6420334.90809 ] ] ] ] } },
{ "type": "Feature", "properties": { "COMMUNE": "Liorac-sur-Louyre", "COMMUNAUTE": "CC des Bastides Dordogne Périgord", "INSEE_COMM": 24242, "ID_CDECOMM": 21, "SURFACE_UR": 4.1135, "COVISIBILI": "non", "SITUATION_": "clairiere", "SITUATION1": "plateau plaine" }, "geometry": { "type": "MultiPolygon", "coordinates": [ [ [ [ 515252.01881, 6424831.67056 ], [ 515325.85303, 6424820.06815 ], [ 515340.81304, 6424816.94683 ], [ 515351.79366, 6424815.85663 ], [ 515390.70461, 6424809.53935 ], [ 515371.67807, 6424683.81632 ], [ 515379.17254, 6424623.81082 ], [ 515378.17355, 6424623.81911 ], [ 515327.15863, 6424616.25008 ], [ 515329.11516, 6424611.23857 ], [ 515333.94429, 6424591.21739 ], [ 515312.92401, 6424586.39657 ], [ 515280.88993, 6424578.67001 ], [ 515278.88366, 6424577.6876 ], [ 515269.86786, 6424574.76527 ], [ 515264.85632, 6424572.80875 ], [ 515244.79357, 6424562.98471 ], [ 515244.72724, 6424554.99283 ], [ 515245.70965, 6424552.98656 ], [ 515263.59201, 6424540.84948 ], [ 515278.46911, 6424527.7383 ], [ 515307.16627, 6424494.5313 ], [ 515229.20344, 6424490.1831 ], [ 515230.29364, 6424501.16365 ], [ 515218.32231, 6424503.26112 ], [ 515217.48085, 6424522.25015 ], [ 515198.51659, 6424524.40565 ], [ 515199.76431, 6424554.36695 ], [ 515180.55553, 6424647.43849 ], [ 515230.48026, 6424644.02697 ], [ 515234.99856, 6424706.92993 ], [ 515240.49098, 6424766.82766 ], [ 515248.85601, 6424811.71571 ], [ 515250.98665, 6424827.68291 ], [ 515252.01881, 6424831.67056 ] ] ] ] } },
{ "type": "Feature", "properties": { "COMMUNE": "Cause-de-Clérans", "COMMUNAUTE": "CC des Bastides Dordogne Périgord", "INSEE_COMM": 24088, "ID_CDECOMM": 21, "SURFACE_UR": 0.4843, "COVISIBILI": "non", "SITUATION_": "non boise", "SITUATION1": "plateau plaine" }, "geometry": { "type": "MultiPolygon", "coordinates": [ [ [ [ 516020.00656, 6420463.42865 ], [ 515984.82635, 6420437.7453 ], [ 515972.07994, 6420466.8236 ], [ 516000.24235, 6420489.56804 ], [ 516002.25691, 6420491.54943 ], [ 516001.27451, 6420493.55568 ], [ 515976.57339, 6420526.72942 ], [ 516000.72326, 6420547.50906 ], [ 516024.43368, 6420515.3426 ], [ 516026.41507, 6420513.32805 ], [ 516032.45876, 6420519.2722 ], [ 516035.47231, 6420521.24529 ], [ 516037.49516, 6420524.22566 ], [ 516052.59608, 6420538.08705 ], [ 516057.54957, 6420533.05067 ], [ 516061.51236, 6420529.02158 ], [ 516071.40276, 6420516.95086 ], [ 516045.20516, 6420490.1939 ], [ 516020.00656, 6420463.42865 ] ] ] ] } },
{ "type": "Feature", "properties": { "COMMUNE": "Cause-de-Clérans", "COMMUNAUTE": "CC des Bastides Dordogne Périgord", "INSEE_COMM": 24088, "ID_CDECOMM": 21, "SURFACE_UR": 0.87265, "COVISIBILI": "non", "SITUATION_": "non boise", "SITUATION1": "pente" }, "geometry": { "type": "MultiPolygon", "coordinates": [ [ [ [ 514299.68887, 6420229.94139 ], [ 514284.48019, 6420203.0932 ], [ 514247.27717, 6420174.42944 ], [ 514219.73657, 6420226.60868 ], [ 514212.82655, 6420236.65654 ], [ 514196.31629, 6420293.73951 ], [ 514194.50899, 6420316.7327 ], [ 514204.51546, 6420318.64776 ], [ 514213.52295, 6420320.57112 ], [ 514237.52356, 6420323.3691 ], [ 514246.52275, 6420324.29347 ], [ 514247.472, 6420318.29128 ], [ 514240.3713, 6420305.36253 ], [ 514241.34542, 6420302.35729 ], [ 514248.12279, 6420276.3257 ], [ 514254.11673, 6420276.27596 ], [ 514271.00006, 6420264.14723 ], [ 514276.97741, 6420262.09952 ], [ 514282.95477, 6420260.05181 ], [ 514286.95072, 6420260.01865 ], [ 514301.96043, 6420262.89125 ], [ 514311.97519, 6420265.80529 ], [ 514313.8654, 6420252.80193 ], [ 514299.68887, 6420229.94139 ] ] ] ] } },
{ "type": "Feature", "properties": { "COMMUNE": "Cause-de-Clérans", "COMMUNAUTE": "CC des Bastides Dordogne Périgord", "INSEE_COMM": 24088, "ID_CDECOMM": 21, "SURFACE_UR": 0.11, "COVISIBILI": "oui", "SITUATION_": "non boise", "SITUATION1": "pente" }, "geometry": { "type": "MultiPolygon", "coordinates": [ [ [ [ 516422.68324, 6421192.39158 ], [ 516422.85736, 6421213.37023 ], [ 516423.85635, 6421213.36194 ], [ 516423.87294, 6421215.35991 ], [ 516429.88346, 6421217.30812 ], [ 516429.90834, 6421220.30507 ], [ 516436.91785, 6421222.245 ], [ 516436.93443, 6421224.24297 ], [ 516438.93241, 6421224.22638 ], [ 516441.95426, 6421227.19846 ], [ 516444.95952, 6421228.17256 ], [ 516449.96276, 6421229.13009 ], [ 516458.95367, 6421229.05546 ], [ 516458.89562, 6421222.06257 ], [ 516457.8303, 6421214.079 ], [ 516456.65718, 6421193.10863 ], [ 516422.68324, 6421192.39158 ] ] ] ] } },
{ "type": "Feature", "properties": { "COMMUNE": "Pressignac-Vicq", "COMMUNAUTE": "CC des Bastides Dordogne Périgord", "INSEE_COMM": 24338, "ID_CDECOMM": 21, "SURFACE_UR": 1.98155, "COVISIBILI": "non", "SITUATION_": "non boise", "SITUATION1": "plateau plaine" }, "geometry": { "type": "MultiPolygon", "coordinates": [ [ [ [ 518853.31263, 6423108.38167 ], [ 518902.10544, 6423088.99486 ], [ 518928.04595, 6423084.78343 ], [ 518927.9713, 6423075.79257 ], [ 518929.72877, 6423046.80544 ], [ 518929.67901, 6423040.81153 ], [ 518934.3505, 6423001.80968 ], [ 518936.27384, 6422992.80224 ], [ 518937.23136, 6422987.79903 ], [ 518940.15368, 6422978.78331 ], [ 518942.12678, 6422975.76978 ], [ 518945.08227, 6422970.74999 ], [ 518950.02745, 6422964.71464 ], [ 518954.98092, 6422959.67828 ], [ 518956.89596, 6422949.67186 ], [ 518922.76452, 6422929.97395 ], [ 518915.69697, 6422921.04111 ], [ 518852.7027, 6422914.57035 ], [ 518850.69644, 6422913.58794 ], [ 518845.7015, 6422913.62938 ], [ 518842.71283, 6422914.65323 ], [ 518833.73024, 6422915.7268 ], [ 518826.73733, 6422915.78482 ], [ 518808.76385, 6422916.93298 ], [ 518807.76486, 6422916.94127 ], [ 518805.89128, 6422931.94262 ], [ 518804.93376, 6422936.94583 ], [ 518804.97523, 6422941.94075 ], [ 518819.96833, 6422942.81542 ], [ 518830.9572, 6422942.72425 ], [ 518842.95334, 6422943.62378 ], [ 518843.01139, 6422950.61668 ], [ 518846.01665, 6422951.5908 ], [ 518841.08806, 6422959.62411 ], [ 518838.14915, 6422966.64187 ], [ 518836.19264, 6422971.65337 ], [ 518831.28064, 6422981.68466 ], [ 518829.32413, 6422986.69616 ], [ 518824.37066, 6422991.73252 ], [ 518811.50822, 6423006.82503 ], [ 518808.56102, 6423012.8438 ], [ 518807.6035, 6423017.84701 ], [ 518807.73619, 6423033.83077 ], [ 518809.77563, 6423038.80912 ], [ 518827.95645, 6423062.63557 ], [ 518838.08731, 6423079.53543 ], [ 518840.11017, 6423082.51581 ], [ 518853.31263, 6423108.38167 ] ] ] ] } },
{ "type": "Feature", "properties": { "COMMUNE": "Cause-de-Clérans", "COMMUNAUTE": "CC des Bastides Dordogne Périgord", "INSEE_COMM": 24088, "ID_CDECOMM": 21, "SURFACE_UR": 1.89, "COVISIBILI": "non", "SITUATION_": "non boise", "SITUATION1": "plateau plaine" }, "geometry": { "type": "MultiPolygon", "coordinates": [ [ [ [ 515425.181, 6420537.30018 ], [ 515427.18727, 6420538.28258 ], [ 515497.68437, 6420485.74678 ], [ 515468.39033, 6420447.02688 ], [ 515534.98267, 6420405.51306 ], [ 515501.39418, 6420330.86295 ], [ 515372.95571, 6420383.87963 ], [ 515421.66169, 6420474.38911 ], [ 515394.82993, 6420491.59569 ], [ 515349.06711, 6420514.9537 ], [ 515345.09603, 6420517.98381 ], [ 515348.10958, 6420519.9569 ], [ 515357.13365, 6420523.87821 ], [ 515364.14316, 6420525.81814 ], [ 515373.15064, 6420527.74149 ], [ 515390.15005, 6420529.5985 ], [ 515425.181, 6420537.30018 ] ] ] ] } },
{ "type": "Feature", "properties": { "COMMUNE": "Baneuil", "COMMUNAUTE": "CC des Bastides Dordogne Périgord", "INSEE_COMM": 24023, "ID_CDECOMM": 21, "SURFACE_UR": 3.4868, "COVISIBILI": "non", "SITUATION_": "clairiere", "SITUATION1": "pente" }, "geometry": { "type": "MultiPolygon", "coordinates": [ [ [ [ 517711.80524, 6420390.44153 ], [ 517673.32121, 6420327.82074 ], [ 517637.84244, 6420266.17405 ], [ 517606.43427, 6420213.48504 ], [ 517591.1426, 6420176.64707 ], [ 517562.56555, 6420103.95353 ], [ 517543.18671, 6420056.15992 ], [ 517540.10682, 6420046.19497 ], [ 517531.8993, 6420020.28776 ], [ 517526.75509, 6420002.34754 ], [ 517522.65133, 6419989.39393 ], [ 517487.77793, 6420000.67299 ], [ 517468.84689, 6420006.82445 ], [ 517472.95065, 6420019.77805 ], [ 517482.17374, 6420047.67493 ], [ 517490.37297, 6420072.58316 ], [ 517496.50788, 6420089.51611 ], [ 517499.59606, 6420100.48004 ], [ 517506.7963, 6420125.39656 ], [ 517509.92595, 6420141.3554 ], [ 517511.99027, 6420149.33068 ], [ 517514.10434, 6420163.29985 ], [ 517515.16967, 6420171.28342 ], [ 517517.23399, 6420179.2587 ], [ 517520.289, 6420186.2267 ], [ 517523.34402, 6420193.1947 ], [ 517525.37517, 6420197.17405 ], [ 517519.42269, 6420202.21872 ], [ 517497.52786, 6420212.39099 ], [ 517505.7105, 6420235.30125 ], [ 517511.83712, 6420251.23522 ], [ 517516.94816, 6420265.17951 ], [ 517521.04363, 6420277.13414 ], [ 517523.18258, 6420294.10026 ], [ 517524.32254, 6420311.07468 ], [ 517563.09239, 6420287.77465 ], [ 517582.22245, 6420305.59878 ], [ 517594.37618, 6420325.47892 ], [ 517599.43746, 6420333.42932 ], [ 517613.59746, 6420354.29186 ], [ 517620.6899, 6420366.22161 ], [ 517630.78759, 6420379.12546 ], [ 517638.85414, 6420388.04996 ], [ 517647.94456, 6420399.96312 ], [ 517655.00382, 6420407.89693 ], [ 517673.17636, 6420430.72427 ], [ 517685.28862, 6420445.6095 ], [ 517703.37824, 6420458.44701 ], [ 517704.37722, 6420458.43871 ], [ 517728.31151, 6420453.24477 ], [ 517723.12583, 6420430.30963 ], [ 517719.00548, 6420415.35805 ], [ 517712.8374, 6420394.42917 ], [ 517711.80524, 6420390.44153 ] ] ] ] } },
{ "type": "Feature", "properties": { "COMMUNE": "Cause-de-Clérans", "COMMUNAUTE": "CC des Bastides Dordogne Périgord", "INSEE_COMM": 24088, "ID_CDECOMM": 21, "SURFACE_UR": 0.90705, "COVISIBILI": "non", "SITUATION_": "non boise", "SITUATION1": "plateau plaine" }, "geometry": { "type": "MultiPolygon", "coordinates": [ [ [ [ 518209.03318, 6423844.03634 ], [ 518267.68343, 6423808.58254 ], [ 518238.47218, 6423779.85247 ], [ 518242.44327, 6423776.82234 ], [ 518237.41514, 6423772.86786 ], [ 518219.30889, 6423758.03237 ], [ 518208.25364, 6423750.13171 ], [ 518199.21296, 6423744.21244 ], [ 518195.2087, 6423743.24663 ], [ 518186.1929, 6423740.32431 ], [ 518176.33567, 6423756.39101 ], [ 518149.41266, 6423762.60885 ], [ 518157.87729, 6423819.48467 ], [ 518141.93489, 6423824.61229 ], [ 518145.04796, 6423838.57321 ], [ 518149.11857, 6423847.5309 ], [ 518160.28163, 6423868.41837 ], [ 518162.31278, 6423872.39773 ], [ 518186.16418, 6423857.2139 ], [ 518209.03318, 6423844.03634 ] ] ] ] } },
{ "type": "Feature", "properties": { "COMMUNE": "Saint-Marcel-du-Périgord", "COMMUNAUTE": "CC des Bastides Dordogne Périgord", "INSEE_COMM": 24445, "ID_CDECOMM": 21, "SURFACE_UR": 1.47675, "COVISIBILI": "non", "SITUATION_": "non boise", "SITUATION1": "pente" }, "geometry": { "type": "MultiPolygon", "coordinates": [ [ [ [ 516773.8574, 6425104.76864 ], [ 516761.59586, 6425071.90162 ], [ 516741.65747, 6425077.0624 ], [ 516728.70374, 6425081.16614 ], [ 516722.74295, 6425085.21184 ], [ 516720.72009, 6425082.23147 ], [ 516709.47413, 6425051.35413 ], [ 516703.33092, 6425033.42215 ], [ 516681.40284, 6425039.59849 ], [ 516667.38379, 6425035.71865 ], [ 516652.44865, 6425041.83694 ], [ 516613.59574, 6425055.14716 ], [ 516607.60179, 6425055.19691 ], [ 516601.63271, 6425058.24362 ], [ 516618.83945, 6425085.07526 ], [ 516579.22801, 6425127.36435 ], [ 516536.26305, 6425126.72193 ], [ 516536.49521, 6425154.69352 ], [ 516539.01557, 6425217.61303 ], [ 516585.71117, 6425186.25474 ], [ 516588.69157, 6425184.23189 ], [ 516594.62748, 6425177.18924 ], [ 516614.39174, 6425151.04977 ], [ 516623.29147, 6425139.9863 ], [ 516642.10649, 6425119.84903 ], [ 516650.04868, 6425113.78878 ], [ 516654.02806, 6425111.75764 ], [ 516659.98885, 6425107.71194 ], [ 516669.93732, 6425102.63409 ], [ 516675.88981, 6425097.58941 ], [ 516679.8692, 6425095.55827 ], [ 516680.89307, 6425098.54693 ], [ 516680.91794, 6425101.54389 ], [ 516683.9315, 6425103.51698 ], [ 516690.94932, 6425106.45589 ], [ 516713.91786, 6425105.26618 ], [ 516717.93041, 6425107.23098 ], [ 516727.02913, 6425120.14316 ], [ 516773.8574, 6425104.76864 ] ] ] ] } },
{ "type": "Feature", "properties": { "COMMUNE": "Saint-Félix-de-Villadeix", "COMMUNAUTE": "CC des Bastides Dordogne Périgord", "INSEE_COMM": 24405, "ID_CDECOMM": 21, "SURFACE_UR": 0.51495, "COVISIBILI": "non", "SITUATION_": "clairiere", "SITUATION1": "pente" }, "geometry": { "type": "MultiPolygon", "coordinates": [ [ [ [ 515953.93475, 6427067.724 ], [ 515946.41116, 6427003.84688 ], [ 515924.30893, 6426989.04449 ], [ 515894.89039, 6426935.33966 ], [ 515881.02055, 6426949.44156 ], [ 515866.21804, 6426971.54364 ], [ 515868.2409, 6426974.52401 ], [ 515873.28562, 6426980.47648 ], [ 515876.30747, 6426983.44856 ], [ 515882.35948, 6426990.39172 ], [ 515900.50719, 6427010.22221 ], [ 515901.52276, 6427012.21189 ], [ 515904.58607, 6427020.17891 ], [ 515907.78204, 6427044.12972 ], [ 515909.87123, 6427055.102 ], [ 515923.94835, 6427065.97477 ], [ 515932.94759, 6427066.89913 ], [ 515953.93475, 6427067.724 ] ] ] ] } },
{ "type": "Feature", "properties": { "COMMUNE": "Cause-de-Clérans", "COMMUNAUTE": "CC des Bastides Dordogne Périgord", "INSEE_COMM": 24088, "ID_CDECOMM": 21, "SURFACE_UR": 1.4043, "COVISIBILI": "non", "SITUATION_": "non boise", "SITUATION1": "pente" }, "geometry": { "type": "MultiPolygon", "coordinates": [ [ [ [ 516418.79145, 6421566.06954 ], [ 516421.89621, 6421579.03145 ], [ 516448.82748, 6421573.81265 ], [ 516451.96542, 6421590.7705 ], [ 516454.09607, 6421606.73766 ], [ 516496.03707, 6421604.39142 ], [ 516494.76444, 6421571.43325 ], [ 516490.61094, 6421552.48572 ], [ 516485.40869, 6421527.55258 ], [ 516463.47237, 6421532.72993 ], [ 516456.2141, 6421500.82049 ], [ 516425.29516, 6421507.07145 ], [ 516408.71431, 6421435.27728 ], [ 516407.66557, 6421429.29167 ], [ 516406.60024, 6421421.3081 ], [ 516440.54932, 6421419.0282 ], [ 516436.3129, 6421390.09084 ], [ 516403.34623, 6421390.36448 ], [ 516398.06936, 6421356.44049 ], [ 516397.0372, 6421352.45285 ], [ 516366.09339, 6421355.70685 ], [ 516351.52313, 6421405.78041 ], [ 516353.52111, 6421405.76383 ], [ 516357.55853, 6421410.72558 ], [ 516382.40492, 6421515.41987 ], [ 516406.33923, 6421510.22595 ], [ 516418.79145, 6421566.06954 ] ] ] ] } },
{ "type": "Feature", "properties": { "COMMUNE": "Liorac-sur-Louyre", "COMMUNAUTE": "CC des Bastides Dordogne Périgord", "INSEE_COMM": 24242, "ID_CDECOMM": 21, "SURFACE_UR": 4.6267, "COVISIBILI": null, "SITUATION_": null, "SITUATION1": null }, "geometry": { "type": "MultiPolygon", "coordinates": [ [ [ [ 513999.55222, 6424031.83149 ], [ 514002.50774, 6424026.81169 ], [ 514005.47156, 6424022.79087 ], [ 514022.30519, 6424004.66819 ], [ 514029.11575, 6423982.63247 ], [ 514031.03912, 6423973.62502 ], [ 514034.94389, 6423962.60302 ], [ 514037.84967, 6423951.5893 ], [ 514037.77506, 6423942.59843 ], [ 514035.5864, 6423919.63834 ], [ 514037.19474, 6423872.66943 ], [ 513968.21459, 6423867.24755 ], [ 513966.9586, 6423836.28728 ], [ 513963.72121, 6423807.34157 ], [ 513958.72625, 6423807.38302 ], [ 513879.77276, 6423804.04201 ], [ 513882.01945, 6423833.995 ], [ 513882.58318, 6423901.92602 ], [ 513834.64817, 6423904.32193 ], [ 513738.83617, 6423916.10663 ], [ 513724.85858, 6423917.22167 ], [ 513670.97106, 6423924.66224 ], [ 513674.17529, 6423949.61201 ], [ 513680.75783, 6424020.49027 ], [ 513791.67077, 6424022.56702 ], [ 513791.60445, 6424014.57513 ], [ 513789.52357, 6424004.60185 ], [ 513789.46553, 6423997.60895 ], [ 513783.32236, 6423979.67695 ], [ 513795.29368, 6423977.5795 ], [ 513822.29133, 6423980.35262 ], [ 513837.28449, 6423981.22725 ], [ 513848.26511, 6423980.13707 ], [ 513884.18735, 6423974.84369 ], [ 513898.18153, 6423975.72662 ], [ 513900.34531, 6423995.68975 ], [ 513904.50708, 6424015.63631 ], [ 513999.55222, 6424031.83149 ] ] ] ] } },
{ "type": "Feature", "properties": { "COMMUNE": "Liorac-sur-Louyre", "COMMUNAUTE": "CC des Bastides Dordogne Périgord", "INSEE_COMM": 24242, "ID_CDECOMM": 21, "SURFACE_UR": 3.63005, "COVISIBILI": "non", "SITUATION_": "non boise", "SITUATION1": "plateau plaine" }, "geometry": { "type": "MultiPolygon", "coordinates": [ [ [ [ 513355.25615, 6424645.60258 ], [ 513384.23942, 6424526.47452 ], [ 513383.87467, 6424482.51912 ], [ 513427.79715, 6424478.15842 ], [ 513431.93826, 6424375.2214 ], [ 513377.26727, 6424408.64389 ], [ 513370.93344, 6424367.73519 ], [ 513269.28496, 6424398.55034 ], [ 513279.38265, 6424411.45426 ], [ 513249.51237, 6424423.69079 ], [ 513240.96908, 6424477.71065 ], [ 513262.98007, 6424481.52422 ], [ 513249.7071, 6424567.5531 ], [ 513243.18667, 6424624.55334 ], [ 513241.255, 6424632.56181 ], [ 513245.25926, 6424633.52764 ], [ 513268.27752, 6424638.33191 ], [ 513291.29579, 6424643.13617 ], [ 513355.25615, 6424645.60258 ] ] ] ] } },
{ "type": "Feature", "properties": { "COMMUNE": "Liorac-sur-Louyre", "COMMUNAUTE": "CC des Bastides Dordogne Périgord", "INSEE_COMM": 24242, "ID_CDECOMM": 21, "SURFACE_UR": 1.74795, "COVISIBILI": "non", "SITUATION_": "non boise", "SITUATION1": "pente" }, "geometry": { "type": "MultiPolygon", "coordinates": [ [ [ [ 514532.25944, 6424658.81327 ], [ 514806.033, 6424662.53549 ], [ 514824.74855, 6424630.4104 ], [ 514832.51663, 6424603.37144 ], [ 514823.49254, 6424599.45012 ], [ 514766.55, 6424599.9227 ], [ 514762.55403, 6424599.95586 ], [ 514752.55582, 6424599.03979 ], [ 514736.55536, 6424597.17447 ], [ 514715.58482, 6424598.34757 ], [ 514682.6098, 6424597.62218 ], [ 514682.47714, 6424581.6384 ], [ 514634.50066, 6424579.0394 ], [ 514631.50368, 6424579.06427 ], [ 514629.63006, 6424594.06565 ], [ 514579.69704, 6424596.47816 ], [ 514578.69805, 6424596.48645 ], [ 514575.69278, 6424595.51234 ], [ 514571.91237, 6424621.51914 ], [ 514532.25115, 6424657.81428 ], [ 514532.25944, 6424658.81327 ] ] ] ] } },
{ "type": "Feature", "properties": { "COMMUNE": "Liorac-sur-Louyre", "COMMUNAUTE": "CC des Bastides Dordogne Périgord", "INSEE_COMM": 24242, "ID_CDECOMM": 21, "SURFACE_UR": 5.4137, "COVISIBILI": "oui", "SITUATION_": "non boise", "SITUATION1": "pente" }, "geometry": { "type": "MultiPolygon", "coordinates": [ [ [ [ 513090.90207, 6426379.15756 ], [ 513092.65969, 6426350.1704 ], [ 513155.48852, 6426336.66134 ], [ 513142.46845, 6426332.77316 ], [ 513121.39841, 6426321.9584 ], [ 513116.37858, 6426319.00289 ], [ 513101.33566, 6426312.13433 ], [ 513101.31079, 6426309.13738 ], [ 513092.27012, 6426303.21807 ], [ 513075.25408, 6426299.36305 ], [ 513064.24029, 6426296.45727 ], [ 513062.23401, 6426295.47487 ], [ 513060.21945, 6426293.49347 ], [ 513060.20287, 6426291.4955 ], [ 513067.09636, 6426279.44965 ], [ 513072.00015, 6426268.41936 ], [ 513073.89039, 6426255.41596 ], [ 513050.88039, 6426251.61068 ], [ 513046.8927, 6426252.64282 ], [ 513045.86055, 6426248.65517 ], [ 513044.82841, 6426244.66752 ], [ 513025.59888, 6426214.85545 ], [ 513017.46602, 6426197.93901 ], [ 513015.33542, 6426181.97182 ], [ 513010.3073, 6426178.01732 ], [ 513002.2822, 6426174.08769 ], [ 512997.36183, 6426183.12001 ], [ 512995.35556, 6426182.13761 ], [ 512966.26042, 6426167.39322 ], [ 512952.20821, 6426159.51738 ], [ 512943.37475, 6426178.57271 ], [ 512921.28087, 6426164.76928 ], [ 512928.75892, 6426102.76586 ], [ 512864.70732, 6426089.31059 ], [ 512778.83536, 6426095.0184 ], [ 512773.973, 6426111.04362 ], [ 512770.05992, 6426121.06663 ], [ 512761.18501, 6426135.12703 ], [ 512747.38145, 6426157.22076 ], [ 512742.44451, 6426164.25511 ], [ 512699.26401, 6426137.63894 ], [ 512682.49663, 6426163.75348 ], [ 512735.7748, 6426203.27357 ], [ 512731.95288, 6426224.28543 ], [ 512730.96218, 6426225.2927 ], [ 512793.14012, 6426253.74935 ], [ 512795.1464, 6426254.73175 ], [ 512895.39384, 6426295.86022 ], [ 512905.17656, 6426270.80268 ], [ 513001.6021, 6426332.943 ], [ 513003.62495, 6426335.92338 ], [ 513006.63022, 6426336.89749 ], [ 513007.60435, 6426333.89225 ], [ 513014.58072, 6426331.83625 ], [ 513033.66106, 6426343.66658 ], [ 513077.84885, 6426371.27344 ], [ 513090.90207, 6426379.15756 ] ] ] ] } },
{ "type": "Feature", "properties": { "COMMUNE": "Liorac-sur-Louyre", "COMMUNAUTE": "CC des Bastides Dordogne Périgord", "INSEE_COMM": 24242, "ID_CDECOMM": 21, "SURFACE_UR": 1.457, "COVISIBILI": "non", "SITUATION_": "non boise", "SITUATION1": "pente" }, "geometry": { "type": "MultiPolygon", "coordinates": [ [ [ [ 512418.02036, 6426196.91866 ], [ 512415.05654, 6426200.93946 ], [ 512415.05654, 6426200.93946 ], [ 512405.19092, 6426216.00714 ], [ 512405.19092, 6426216.00714 ], [ 512399.27156, 6426225.04774 ], [ 512399.27156, 6426225.04774 ], [ 512398.28914, 6426227.054 ], [ 512397.29844, 6426228.06128 ], [ 512395.3336, 6426232.0738 ], [ 512395.3336, 6426232.0738 ], [ 512392.36149, 6426235.09562 ], [ 512392.36149, 6426235.09562 ], [ 512392.36977, 6426236.09461 ], [ 512391.37078, 6426236.1029 ], [ 512391.38736, 6426238.10087 ], [ 512390.39665, 6426239.10814 ], [ 512390.39665, 6426239.10814 ], [ 512390.39665, 6426239.10814 ], [ 512389.39766, 6426239.11643 ], [ 512387.43282, 6426243.12895 ], [ 512387.43282, 6426243.12895 ], [ 512387.44111, 6426244.12794 ], [ 512384.47728, 6426248.14875 ], [ 512384.47728, 6426248.14875 ], [ 512384.47728, 6426248.14875 ], [ 512382.50416, 6426251.16228 ], [ 512381.51346, 6426252.16956 ], [ 512381.51346, 6426252.16956 ], [ 512381.51346, 6426252.16956 ], [ 512375.59409, 6426261.21016 ], [ 512374.60339, 6426262.21743 ], [ 512373.62926, 6426265.22268 ], [ 512372.63026, 6426265.23097 ], [ 512372.63026, 6426265.23097 ], [ 512372.63026, 6426265.23097 ], [ 512372.63855, 6426266.22995 ], [ 512369.67472, 6426270.25076 ], [ 512367.69331, 6426272.26531 ], [ 512367.69331, 6426272.26531 ], [ 512360.7418, 6426277.31826 ], [ 512359.74281, 6426277.32655 ], [ 512359.74281, 6426277.32655 ], [ 512353.79029, 6426282.37121 ], [ 512351.80888, 6426284.38576 ], [ 512342.90911, 6426295.44921 ], [ 512342.90911, 6426295.44921 ], [ 512340.93598, 6426298.46274 ], [ 512340.97742, 6426303.45767 ], [ 512340.08617, 6426316.45277 ], [ 512338.44457, 6426359.42573 ], [ 512335.53047, 6426369.44045 ], [ 512333.56564, 6426373.45297 ], [ 512330.59352, 6426376.4748 ], [ 512364.82451, 6426408.16051 ], [ 512403.42887, 6426364.88086 ], [ 512464.80286, 6426296.43592 ], [ 512462.7883, 6426294.45452 ], [ 512451.70821, 6426283.55686 ], [ 512465.47862, 6426257.46719 ], [ 512456.42966, 6426250.54889 ], [ 512452.41711, 6426248.58408 ], [ 512444.45003, 6426251.64735 ], [ 512441.19612, 6426220.70366 ], [ 512418.02036, 6426196.91866 ] ] ] ] } },
{ "type": "Feature", "properties": { "COMMUNE": "Cause-de-Clérans", "COMMUNAUTE": "CC des Bastides Dordogne Périgord", "INSEE_COMM": 24088, "ID_CDECOMM": 21, "SURFACE_UR": 0.5559, "COVISIBILI": "non", "SITUATION_": "boise", "SITUATION1": "plateau plaine" }, "geometry": { "type": "MultiPolygon", "coordinates": [ [ [ [ 517570.31166, 6423323.83626 ], [ 517576.22269, 6423313.79665 ], [ 517596.17763, 6423310.63384 ], [ 517607.46507, 6423346.50608 ], [ 517623.47381, 6423349.37035 ], [ 517629.46775, 6423349.32059 ], [ 517632.14961, 6423311.33428 ], [ 517632.99104, 6423292.34527 ], [ 517631.94229, 6423286.35965 ], [ 517631.85108, 6423275.37081 ], [ 517619.8466, 6423273.47236 ], [ 517607.867, 6423274.57086 ], [ 517608.89086, 6423277.55952 ], [ 517599.90824, 6423278.63315 ], [ 517552.05617, 6423291.01903 ], [ 517547.14414, 6423301.05034 ], [ 517544.20521, 6423308.06812 ], [ 517542.28186, 6423317.07557 ], [ 517539.40098, 6423331.08624 ], [ 517532.72316, 6423369.10573 ], [ 517564.75722, 6423376.83223 ], [ 517570.31166, 6423323.83626 ] ] ] ] } },
{ "type": "Feature", "properties": { "COMMUNE": "Cause-de-Clérans", "COMMUNAUTE": "CC des Bastides Dordogne Périgord", "INSEE_COMM": 24088, "ID_CDECOMM": 21, "SURFACE_UR": 0.55345, "COVISIBILI": "non", "SITUATION_": "boise", "SITUATION1": "pente" }, "geometry": { "type": "MultiPolygon", "coordinates": [ [ [ [ 514416.04834, 6420406.80697 ], [ 514427.11183, 6420415.70663 ], [ 514432.13165, 6420418.66212 ], [ 514447.19111, 6420427.52861 ], [ 514452.21092, 6420430.48411 ], [ 514462.23398, 6420434.39714 ], [ 514472.25704, 6420438.31017 ], [ 514479.26654, 6420440.2501 ], [ 514487.26675, 6420441.18276 ], [ 514500.27848, 6420444.07193 ], [ 514526.29365, 6420448.85129 ], [ 514549.28699, 6420450.65858 ], [ 514550.87873, 6420401.69182 ], [ 514502.86092, 6420394.0979 ], [ 514494.99336, 6420409.14897 ], [ 514468.92015, 6420397.37673 ], [ 514421.81843, 6420379.78469 ], [ 514416.04834, 6420406.80697 ] ] ] ] } },
{ "type": "Feature", "properties": { "COMMUNE": "Pressignac-Vicq", "COMMUNAUTE": "CC des Bastides Dordogne Périgord", "INSEE_COMM": 24338, "ID_CDECOMM": 21, "SURFACE_UR": 4.4466, "COVISIBILI": "non", "SITUATION_": "non boise", "SITUATION1": "plateau plaine" }, "geometry": { "type": "MultiPolygon", "coordinates": [ [ [ [ 518248.56473, 6424995.61826 ], [ 518253.55969, 6424995.57679 ], [ 518257.54736, 6424994.54463 ], [ 518258.54636, 6424994.53634 ], [ 518261.53504, 6424993.51247 ], [ 518272.35809, 6424973.44153 ], [ 518281.19146, 6424954.38615 ], [ 518288.06001, 6424939.34331 ], [ 518292.95545, 6424927.314 ], [ 518296.87679, 6424918.28995 ], [ 518301.76394, 6424905.26166 ], [ 518316.44198, 6424868.17477 ], [ 518317.41609, 6424865.16951 ], [ 518323.42663, 6424867.11773 ], [ 518328.44647, 6424870.07322 ], [ 518334.45701, 6424872.02143 ], [ 518342.47383, 6424874.95204 ], [ 518355.47731, 6424876.84219 ], [ 518364.49312, 6424879.76451 ], [ 518412.54427, 6424891.35425 ], [ 518418.4387, 6424879.31665 ], [ 518420.39522, 6424874.30513 ], [ 518428.25447, 6424858.255 ], [ 518417.75038, 6424796.4008 ], [ 518415.6197, 6424780.43361 ], [ 518416.56065, 6424773.43241 ], [ 518418.46741, 6424762.42697 ], [ 518424.36184, 6424750.38938 ], [ 518407.28775, 6424739.54152 ], [ 518401.26063, 6424735.59534 ], [ 518394.22622, 6424730.65846 ], [ 518391.20436, 6424727.68639 ], [ 518386.18452, 6424724.7309 ], [ 518378.20088, 6424725.79623 ], [ 518370.20065, 6424724.8636 ], [ 518375.09609, 6424712.83429 ], [ 518376.0702, 6424709.82904 ], [ 518378.98425, 6424699.8143 ], [ 518379.95007, 6424695.81006 ], [ 518382.83094, 6424681.79938 ], [ 518357.85614, 6424682.00672 ], [ 518341.86397, 6424681.14043 ], [ 518329.87607, 6424681.23995 ], [ 518325.8801, 6424681.27313 ], [ 518297.90832, 6424681.50535 ], [ 518292.13828, 6424708.52773 ], [ 518282.12348, 6424705.61371 ], [ 518274.14813, 6424707.67803 ], [ 518271.15115, 6424707.70291 ], [ 518244.26959, 6424718.91568 ], [ 518236.31911, 6424723.97696 ], [ 518238.1557, 6424824.86627 ], [ 518234.17631, 6424826.89742 ], [ 518231.20422, 6424829.91926 ], [ 518227.24142, 6424833.94838 ], [ 518222.27134, 6424836.9868 ], [ 518213.2887, 6424838.06043 ], [ 518205.29676, 6424838.12678 ], [ 518180.26391, 6424831.34121 ], [ 518181.18826, 6424822.34204 ], [ 518165.19609, 6424821.47575 ], [ 518148.18835, 6424818.61978 ], [ 518130.1899, 6424816.77109 ], [ 518109.16131, 6424810.95134 ], [ 518117.70058, 6424876.81808 ], [ 518165.6605, 6424877.41898 ], [ 518209.63274, 6424879.05204 ], [ 518217.62468, 6424878.98569 ], [ 518223.61863, 6424878.93593 ], [ 518223.88401, 6424910.90349 ], [ 518246.91059, 6424916.70666 ], [ 518247.05986, 6424934.68841 ], [ 518247.23401, 6424955.66712 ], [ 518243.23804, 6424955.7003 ], [ 518243.38732, 6424973.68204 ], [ 518247.38329, 6424973.64887 ], [ 518248.56473, 6424995.61826 ] ] ] ] } },
{ "type": "Feature", "properties": { "COMMUNE": "Baneuil", "COMMUNAUTE": "CC des Bastides Dordogne Périgord", "INSEE_COMM": 24023, "ID_CDECOMM": 21, "SURFACE_UR": 2.0561, "COVISIBILI": "non", "SITUATION_": "clairiere", "SITUATION1": "pente" }, "geometry": { "type": "MultiPolygon", "coordinates": [ [ [ [ 519279.94859, 6419863.91615 ], [ 519276.95993, 6419864.94 ], [ 519259.03623, 6419872.08206 ], [ 519231.13927, 6419881.30497 ], [ 519232.37047, 6419909.26819 ], [ 519233.54362, 6419930.23854 ], [ 519234.78312, 6419959.20074 ], [ 519235.83187, 6419965.18634 ], [ 519234.91582, 6419975.18446 ], [ 519234.24858, 6420015.15204 ], [ 519235.27244, 6420018.1407 ], [ 519236.37924, 6420031.11919 ], [ 519227.71182, 6420070.1541 ], [ 519219.08586, 6420114.18393 ], [ 519194.12779, 6420116.38909 ], [ 519186.48423, 6420158.41267 ], [ 519171.19711, 6420242.45982 ], [ 519201.24963, 6420252.201 ], [ 519207.28502, 6420257.14619 ], [ 519222.37763, 6420270.00864 ], [ 519247.47668, 6420284.78618 ], [ 519250.48194, 6420285.76029 ], [ 519253.28814, 6420262.75883 ], [ 519253.19691, 6420251.77002 ], [ 519253.10568, 6420240.78121 ], [ 519252.06523, 6420235.79458 ], [ 519248.89411, 6420214.84081 ], [ 519245.73957, 6420195.88501 ], [ 519243.60061, 6420178.91888 ], [ 519240.37143, 6420150.97223 ], [ 519239.32268, 6420144.98662 ], [ 519239.21487, 6420131.99985 ], [ 519239.1734, 6420127.00494 ], [ 519241.12161, 6420120.99446 ], [ 519243.08641, 6420116.98196 ], [ 519248.01499, 6420108.94866 ], [ 519252.96016, 6420102.91332 ], [ 519257.91362, 6420097.87697 ], [ 519265.83087, 6420088.81982 ], [ 519277.71918, 6420076.73257 ], [ 519280.68296, 6420072.71178 ], [ 519285.61984, 6420065.67746 ], [ 519288.55874, 6420058.65971 ], [ 519289.52455, 6420054.6555 ], [ 519290.49866, 6420051.65026 ], [ 519290.47378, 6420048.65331 ], [ 519289.40844, 6420040.66974 ], [ 519278.39472, 6420037.76396 ], [ 519278.38642, 6420036.76498 ], [ 519278.27031, 6420022.77923 ], [ 519277.97174, 6419986.81586 ], [ 519278.67216, 6419950.8442 ], [ 519280.16422, 6419889.88969 ], [ 519279.95689, 6419864.91513 ], [ 519279.94859, 6419863.91615 ] ] ] ] } },
{ "type": "Feature", "properties": { "COMMUNE": "Lalinde", "COMMUNAUTE": "CC des Bastides Dordogne Périgord", "INSEE_COMM": 24223, "ID_CDECOMM": 21, "SURFACE_UR": 4.2635, "COVISIBILI": "non", "SITUATION_": "non boise", "SITUATION1": "plateau plaine" }, "geometry": { "type": "MultiPolygon", "coordinates": [ [ [ [ 518842.93239, 6421496.99531 ], [ 518857.87572, 6421491.87607 ], [ 518874.80873, 6421485.74128 ], [ 518884.78202, 6421483.66043 ], [ 518884.81519, 6421487.65636 ], [ 518883.91572, 6421499.65246 ], [ 518888.92724, 6421501.60898 ], [ 518916.93205, 6421505.37286 ], [ 518926.9385, 6421507.28794 ], [ 518927.85455, 6421497.28982 ], [ 518969.73736, 6421487.95087 ], [ 518964.60973, 6421472.00858 ], [ 518962.57858, 6421468.02922 ], [ 518972.55186, 6421465.94837 ], [ 518985.5304, 6421464.84164 ], [ 519011.50405, 6421464.62616 ], [ 519046.51005, 6421469.331 ], [ 519111.52713, 6421478.78211 ], [ 519119.26192, 6421447.74731 ], [ 519125.19779, 6421440.7047 ], [ 519122.76855, 6421388.77413 ], [ 519122.7105, 6421381.78125 ], [ 519115.71759, 6421381.83926 ], [ 519057.83442, 6421389.31286 ], [ 519045.16651, 6421307.49567 ], [ 519041.9788, 6421284.54391 ], [ 519039.82325, 6421265.5798 ], [ 519038.74133, 6421255.59826 ], [ 519038.73304, 6421254.59927 ], [ 519032.73912, 6421254.649 ], [ 519026.73691, 6421253.69974 ], [ 519026.73691, 6421253.69974 ], [ 519019.73571, 6421252.75878 ], [ 519010.73653, 6421251.83439 ], [ 518991.72261, 6421247.99592 ], [ 518988.71736, 6421247.0218 ], [ 518988.71736, 6421247.0218 ], [ 518969.69515, 6421242.18436 ], [ 518957.68243, 6421239.28686 ], [ 518957.68243, 6421239.28686 ], [ 518951.68021, 6421238.33761 ], [ 518950.68123, 6421238.3459 ], [ 518950.68123, 6421238.3459 ], [ 518941.67376, 6421236.42252 ], [ 518945.76923, 6421248.37717 ], [ 518944.78683, 6421250.38342 ], [ 518926.87142, 6421258.52447 ], [ 518926.87142, 6421258.52447 ], [ 518924.88174, 6421259.54003 ], [ 518920.90238, 6421261.57115 ], [ 518919.90339, 6421261.57944 ], [ 518890.0416, 6421274.81486 ], [ 518885.07155, 6421277.85325 ], [ 518875.19779, 6421291.9219 ], [ 518889.32459, 6421308.78859 ], [ 518902.43582, 6421323.6656 ], [ 518912.5335, 6421336.5695 ], [ 518922.62289, 6421348.47442 ], [ 518937.87308, 6421380.31758 ], [ 518887.05745, 6421396.724 ], [ 518883.07809, 6421398.75512 ], [ 518888.08961, 6421400.71164 ], [ 518891.10316, 6421402.68475 ], [ 518895.13228, 6421406.64753 ], [ 518905.20508, 6421416.55449 ], [ 518907.22793, 6421419.53486 ], [ 518911.28193, 6421426.49459 ], [ 518913.31308, 6421430.47395 ], [ 518837.55596, 6421451.0835 ], [ 518842.93239, 6421496.99531 ] ] ] ] } },
{ "type": "Feature", "properties": { "COMMUNE": "Saint-Félix-de-Villadeix", "COMMUNAUTE": "CC des Bastides Dordogne Périgord", "INSEE_COMM": 24405, "ID_CDECOMM": 21, "SURFACE_UR": 2.1195, "COVISIBILI": "non", "SITUATION_": "non boise", "SITUATION1": "pente" }, "geometry": { "type": "MultiPolygon", "coordinates": [ [ [ [ 517363.13525, 6427732.38819 ], [ 517378.14505, 6427735.26076 ], [ 517404.28038, 6427634.13912 ], [ 517424.07784, 6427611.99555 ], [ 517439.1291, 6427619.86306 ], [ 517479.21326, 6427634.51617 ], [ 517487.2218, 6427636.44781 ], [ 517535.26476, 6427647.03863 ], [ 517536.214, 6427641.03641 ], [ 517538.15394, 6427634.02692 ], [ 517547.91999, 6427606.97133 ], [ 517496.8303, 6427590.41146 ], [ 517478.80694, 6427585.56579 ], [ 517464.78784, 6427581.68593 ], [ 517454.76473, 6427577.77291 ], [ 517449.69513, 6427568.82348 ], [ 517432.55467, 6427549.98369 ], [ 517426.53582, 6427547.03648 ], [ 517415.7459, 6427571.1034 ], [ 517402.00874, 6427601.18912 ], [ 517390.98664, 6427597.28439 ], [ 517383.98538, 6427596.34344 ], [ 517376.99242, 6427596.40149 ], [ 517366.00348, 6427596.49271 ], [ 517348.04646, 6427599.63893 ], [ 517342.06078, 6427600.68768 ], [ 517340.0545, 6427599.70527 ], [ 517336.05023, 6427598.73946 ], [ 517324.00425, 6427591.84605 ], [ 517310.95928, 6427584.96094 ], [ 517308.95299, 6427583.97854 ], [ 517305.97259, 6427586.00139 ], [ 517295.01682, 6427590.08856 ], [ 517290.03844, 6427592.12799 ], [ 517286.07563, 6427596.15711 ], [ 517274.27012, 6427618.23434 ], [ 517266.38596, 6427631.28752 ], [ 517262.46461, 6427640.31158 ], [ 517258.58473, 6427654.33057 ], [ 517256.63649, 6427660.34108 ], [ 517311.75533, 6427680.86374 ], [ 517319.77216, 6427683.79437 ], [ 517319.01364, 6427712.7733 ], [ 517319.12144, 6427725.76014 ], [ 517324.11641, 6427725.71867 ], [ 517363.13525, 6427732.38819 ] ] ] ] } },
{ "type": "Feature", "properties": { "COMMUNE": "Saint-Félix-de-Villadeix", "COMMUNAUTE": "CC des Bastides Dordogne Périgord", "INSEE_COMM": 24405, "ID_CDECOMM": 21, "SURFACE_UR": 3.75505, "COVISIBILI": "non", "SITUATION_": "boise", "SITUATION1": "pente" }, "geometry": { "type": "MultiPolygon", "coordinates": [ [ [ [ 516989.08082, 6428165.08736 ], [ 516995.98257, 6428154.04045 ], [ 517008.82025, 6428135.95087 ], [ 517016.73758, 6428126.89365 ], [ 517025.63732, 6428115.83015 ], [ 517037.51747, 6428102.74381 ], [ 517052.36143, 6428085.63663 ], [ 517062.25187, 6428073.56586 ], [ 517067.1888, 6428066.53148 ], [ 517075.08955, 6428055.47628 ], [ 517090.92421, 6428037.36183 ], [ 517101.80536, 6428024.28377 ], [ 517105.75159, 6428018.25668 ], [ 517108.70711, 6428013.23686 ], [ 517111.65434, 6428007.21806 ], [ 517115.5674, 6427997.19501 ], [ 517116.52494, 6427992.19178 ], [ 517119.42242, 6427980.17905 ], [ 517121.3209, 6427968.17461 ], [ 517122.25356, 6427960.17442 ], [ 517141.30909, 6427969.00776 ], [ 517147.01284, 6427933.99343 ], [ 517151.84197, 6427913.97222 ], [ 517166.53667, 6427878.88327 ], [ 517159.51054, 6427874.94536 ], [ 517176.20322, 6427839.83983 ], [ 517157.13111, 6427829.00852 ], [ 517155.00045, 6427813.0413 ], [ 517121.1673, 6427829.30703 ], [ 517091.32184, 6427844.54061 ], [ 517078.43441, 6427856.63626 ], [ 517069.52638, 6427866.70077 ], [ 517106.70478, 6427892.36764 ], [ 517095.88168, 6427912.43861 ], [ 517053.81215, 6428019.68685 ], [ 517028.00412, 6428039.8822 ], [ 516977.5529, 6428100.24437 ], [ 516956.71497, 6428117.40129 ], [ 516944.01825, 6428152.47366 ], [ 516931.10594, 6428161.57235 ], [ 516928.07579, 6428157.60127 ], [ 516917.16147, 6428166.68337 ], [ 516919.20921, 6428172.66072 ], [ 516903.29992, 6428181.78428 ], [ 516905.32278, 6428184.76466 ], [ 516866.55269, 6428208.06476 ], [ 516869.59113, 6428213.03483 ], [ 516841.74365, 6428228.25182 ], [ 516827.82405, 6428236.35981 ], [ 516819.74918, 6428226.43627 ], [ 516806.5964, 6428206.5643 ], [ 516803.616, 6428208.58716 ], [ 516782.65369, 6428210.75926 ], [ 516778.68259, 6428213.78939 ], [ 516767.89264, 6428237.85631 ], [ 516777.94893, 6428245.76529 ], [ 516776.99139, 6428250.76853 ], [ 516798.11954, 6428268.57618 ], [ 516781.31075, 6428289.69589 ], [ 516765.50925, 6428311.80629 ], [ 516826.70499, 6428342.26911 ], [ 516880.1781, 6428284.87904 ], [ 516919.79793, 6428243.58885 ], [ 516956.44566, 6428205.32051 ], [ 516988.08182, 6428165.09565 ], [ 516989.08082, 6428165.08736 ] ] ] ] } },
{ "type": "Feature", "properties": { "COMMUNE": "Liorac-sur-Louyre", "COMMUNAUTE": "CC des Bastides Dordogne Périgord", "INSEE_COMM": 24242, "ID_CDECOMM": 21, "SURFACE_UR": 5.25705, "COVISIBILI": "oui", "SITUATION_": "clairiere", "SITUATION1": "ligne de crete" }, "geometry": { "type": "MultiPolygon", "coordinates": [ [ [ [ 514662.41406, 6426257.21949 ], [ 514678.07465, 6426218.12638 ], [ 514680.98873, 6426208.11165 ], [ 514687.80759, 6426187.07491 ], [ 514688.77342, 6426183.07068 ], [ 514697.52395, 6426154.02547 ], [ 514701.48676, 6426149.99636 ], [ 514721.28425, 6426127.85286 ], [ 514723.39, 6426140.82309 ], [ 514723.41487, 6426143.82005 ], [ 514777.30248, 6426136.37945 ], [ 514830.03357, 6426109.9664 ], [ 514926.72037, 6426083.18855 ], [ 514908.59756, 6426066.35502 ], [ 514906.5747, 6426063.37465 ], [ 514896.37751, 6426038.48291 ], [ 514896.32777, 6426032.48899 ], [ 514902.28857, 6426028.44331 ], [ 514886.19691, 6426015.58914 ], [ 514866.09269, 6426000.77017 ], [ 514861.15576, 6426007.80453 ], [ 514853.26329, 6426019.85869 ], [ 514847.23618, 6426015.91249 ], [ 514823.18573, 6426007.1206 ], [ 514821.17945, 6426006.13819 ], [ 514821.12971, 6426000.14428 ], [ 514816.10159, 6425996.18979 ], [ 514807.10236, 6425995.26542 ], [ 514802.0991, 6425994.30789 ], [ 514787.10592, 6425993.43326 ], [ 514783.10165, 6425992.46744 ], [ 514780.10467, 6425992.49231 ], [ 514760.10823, 6425990.66016 ], [ 514756.12055, 6425991.69231 ], [ 514755.13814, 6425993.69857 ], [ 514751.15045, 6425994.73072 ], [ 514738.18012, 6425996.83647 ], [ 514730.19647, 6425997.90178 ], [ 514731.17059, 6425994.89654 ], [ 514714.14626, 6425990.04255 ], [ 514694.10837, 6425983.21546 ], [ 514688.31337, 6426007.24087 ], [ 514686.38999, 6426016.24832 ], [ 514682.55982, 6426036.2612 ], [ 514660.54052, 6426031.44867 ], [ 514640.51092, 6426025.62057 ], [ 514602.41654, 6426009.95184 ], [ 514596.38943, 6426006.00564 ], [ 514590.36231, 6426002.05944 ], [ 514588.34774, 6426000.07805 ], [ 514587.3902, 6426005.08127 ], [ 514586.39949, 6426006.08855 ], [ 514591.56026, 6426026.02681 ], [ 514596.6547, 6426037.97319 ], [ 514610.96392, 6426076.81757 ], [ 514606.97623, 6426077.84972 ], [ 514595.01319, 6426080.94616 ], [ 514571.5804, 6426026.19263 ], [ 514516.93842, 6425942.72551 ], [ 514480.48557, 6425884.08382 ], [ 514423.74614, 6425788.64547 ], [ 514432.71221, 6425785.5739 ], [ 514438.68958, 6425783.52618 ], [ 514441.67827, 6425782.50233 ], [ 514403.25231, 6425726.87418 ], [ 514395.13602, 6425711.95572 ], [ 514359.28834, 6425726.23998 ], [ 514406.82129, 6425795.77931 ], [ 514445.26383, 6425853.40544 ], [ 514466.54112, 6425889.19482 ], [ 514508.03867, 6425953.78897 ], [ 514572.7369, 6426045.16507 ], [ 514587.29481, 6426113.97902 ], [ 514581.72364, 6426164.97705 ], [ 514583.92058, 6426188.93613 ], [ 514598.88061, 6426185.81481 ], [ 514609.83638, 6426181.72767 ], [ 514622.815, 6426180.6209 ], [ 514645.14932, 6426223.39491 ], [ 514661.3902, 6426254.23082 ], [ 514662.41406, 6426257.21949 ] ] ] ] } },
{ "type": "Feature", "properties": { "COMMUNE": "Liorac-sur-Louyre", "COMMUNAUTE": "CC des Bastides Dordogne Périgord", "INSEE_COMM": 24242, "ID_CDECOMM": 21, "SURFACE_UR": 3.50715, "COVISIBILI": "non", "SITUATION_": "non boise", "SITUATION1": "pente" }, "geometry": { "type": "MultiPolygon", "coordinates": [ [ [ [ 511856.0387, 6424570.12577 ], [ 511855.44191, 6424498.19875 ], [ 511820.52692, 6424504.48278 ], [ 511789.97695, 6424434.8024 ], [ 511768.44712, 6424248.15776 ], [ 511780.02058, 6424198.10899 ], [ 511785.79073, 6424171.08663 ], [ 511729.76431, 6424161.56094 ], [ 511714.72141, 6424154.69236 ], [ 511708.7026, 6424151.74514 ], [ 511655.44936, 6424115.22195 ], [ 511654.48352, 6424119.22618 ], [ 511654.48352, 6424119.22618 ], [ 511652.63473, 6424137.22451 ], [ 511652.63473, 6424137.22451 ], [ 511652.63473, 6424137.22451 ], [ 511651.76007, 6424152.21759 ], [ 511651.76836, 6424153.21657 ], [ 511652.89168, 6424168.19308 ], [ 511652.89997, 6424169.19206 ], [ 511654.95597, 6424176.16839 ], [ 511658.99338, 6424181.13016 ], [ 511668.03404, 6424187.04948 ], [ 511669.04132, 6424188.04018 ], [ 511670.04031, 6424188.03189 ], [ 511679.07268, 6424192.95223 ], [ 511680.07996, 6424193.94292 ], [ 511690.1279, 6424200.85294 ], [ 511701.17483, 6424207.75467 ], [ 511701.17483, 6424207.75467 ], [ 511703.1811, 6424208.73708 ], [ 511708.21751, 6424213.69056 ], [ 511708.21751, 6424213.69056 ], [ 511713.25391, 6424218.64405 ], [ 511715.28505, 6424222.62342 ], [ 511715.28505, 6424222.62342 ], [ 511719.34732, 6424230.58215 ], [ 511719.34732, 6424230.58215 ], [ 511720.37118, 6424233.57082 ], [ 511721.37017, 6424233.56253 ], [ 511721.37846, 6424234.56152 ], [ 511723.43447, 6424241.53784 ], [ 511723.43447, 6424241.53784 ], [ 511724.48319, 6424247.52347 ], [ 511724.48319, 6424247.52347 ], [ 511724.49148, 6424248.52246 ], [ 511724.53292, 6424253.51739 ], [ 511724.53292, 6424253.51739 ], [ 511725.59822, 6424261.50099 ], [ 511725.59822, 6424261.50099 ], [ 511724.60752, 6424262.50826 ], [ 511722.74216, 6424278.50862 ], [ 511722.74216, 6424278.50862 ], [ 511718.87881, 6424294.52555 ], [ 511717.97099, 6424305.52269 ], [ 511718.97828, 6424306.51339 ], [ 511719.01143, 6424310.50933 ], [ 511719.0363, 6424313.50629 ], [ 511719.04459, 6424314.50527 ], [ 511725.22089, 6424336.43324 ], [ 511726.26132, 6424341.41988 ], [ 511726.26132, 6424341.41988 ], [ 511727.3432, 6424351.40145 ], [ 511727.3432, 6424351.40145 ], [ 511727.3432, 6424351.40145 ], [ 511726.55972, 6424377.38338 ], [ 511724.74409, 6424399.37766 ], [ 511724.74409, 6424399.37766 ], [ 511719.97292, 6424426.39173 ], [ 511719.98121, 6424427.39072 ], [ 511712.36227, 6424472.41141 ], [ 511712.36227, 6424472.41141 ], [ 511710.48033, 6424486.41379 ], [ 511710.48033, 6424486.41379 ], [ 511709.66369, 6424508.39978 ], [ 511710.74557, 6424518.38135 ], [ 511711.74456, 6424518.37307 ], [ 511716.85556, 6424532.31743 ], [ 511717.85455, 6424532.30914 ], [ 511719.91056, 6424539.28547 ], [ 511719.91056, 6424539.28547 ], [ 511719.91885, 6424540.28446 ], [ 511721.0173, 6424552.264 ], [ 511721.03388, 6424554.26198 ], [ 511721.04217, 6424555.26096 ], [ 511722.09918, 6424562.24558 ], [ 511729.12528, 6424566.1835 ], [ 511733.12954, 6424567.14933 ], [ 511733.12954, 6424567.14933 ], [ 511742.15362, 6424571.07068 ], [ 511745.1506, 6424571.04582 ], [ 511748.14757, 6424571.02095 ], [ 511760.13548, 6424570.92148 ], [ 511765.13044, 6424570.88004 ], [ 511782.1133, 6424570.73913 ], [ 511782.1133, 6424570.73913 ], [ 511799.09616, 6424570.59823 ], [ 511800.09515, 6424570.58994 ], [ 511806.08911, 6424570.5402 ], [ 511807.0881, 6424570.53192 ], [ 511809.08608, 6424570.51534 ], [ 511819.076, 6424570.43245 ], [ 511819.076, 6424570.43245 ], [ 511821.07399, 6424570.41587 ], [ 511822.07298, 6424570.40758 ], [ 511854.04072, 6424570.14234 ], [ 511855.03971, 6424570.13406 ], [ 511856.0387, 6424570.12577 ] ] ] ] } },
{ "type": "Feature", "properties": { "COMMUNE": "Cause-de-Clérans", "COMMUNAUTE": "CC des Bastides Dordogne Périgord", "INSEE_COMM": 24088, "ID_CDECOMM": 21, "SURFACE_UR": 1.99525, "COVISIBILI": "non", "SITUATION_": "non boise", "SITUATION1": "plateau plaine" }, "geometry": { "type": "MultiPolygon", "coordinates": [ [ [ [ 516336.98206, 6421579.73627 ], [ 516312.89021, 6421565.9495 ], [ 516309.87666, 6421563.97641 ], [ 516306.92114, 6421568.9962 ], [ 516250.85333, 6421554.47579 ], [ 516229.82478, 6421548.65602 ], [ 516224.82983, 6421548.69748 ], [ 516214.86481, 6421551.77735 ], [ 516214.83164, 6421547.78141 ], [ 516218.7281, 6421535.76044 ], [ 516181.6328, 6421520.0835 ], [ 516137.62749, 6421514.45443 ], [ 516106.75001, 6421525.7003 ], [ 516083.90591, 6421541.87475 ], [ 516078.94412, 6421545.91215 ], [ 516091.16417, 6421573.78419 ], [ 516130.0004, 6421558.47606 ], [ 516183.13759, 6421581.01322 ], [ 516231.2964, 6421605.58981 ], [ 516268.48291, 6421632.25558 ], [ 516252.69807, 6421656.36386 ], [ 516284.84817, 6421678.07617 ], [ 516299.6589, 6421656.97312 ], [ 516334.78939, 6421676.66259 ], [ 516336.77078, 6421674.64803 ], [ 516366.92291, 6421696.37692 ], [ 516374.83191, 6421686.32075 ], [ 516391.61574, 6421662.20417 ], [ 516364.47717, 6421642.44837 ], [ 516362.4709, 6421641.46597 ], [ 516354.5619, 6421651.52215 ], [ 516318.42412, 6421630.842 ], [ 516334.21726, 6421607.73269 ], [ 516372.35301, 6421628.39626 ], [ 516374.36757, 6421630.37765 ], [ 516383.25898, 6421618.31521 ], [ 516386.18132, 6421609.29948 ], [ 516387.14715, 6421605.29525 ], [ 516383.1346, 6421603.33045 ], [ 516369.0907, 6421596.45365 ], [ 516359.05934, 6421591.54165 ], [ 516349.02798, 6421586.62965 ], [ 516345.00714, 6421583.66587 ], [ 516336.98206, 6421579.73627 ] ] ] ] } },
{ "type": "Feature", "properties": { "COMMUNE": "Liorac-sur-Louyre", "COMMUNAUTE": "CC des Bastides Dordogne Périgord", "INSEE_COMM": 24242, "ID_CDECOMM": 21, "SURFACE_UR": 2.34405, "COVISIBILI": "oui", "SITUATION_": "non boise", "SITUATION1": "plateau plaine" }, "geometry": { "type": "MultiPolygon", "coordinates": [ [ [ [ 514397.70226, 6424696.89501 ], [ 514399.66708, 6424692.88248 ], [ 514401.61532, 6424686.87198 ], [ 514398.55202, 6424678.90496 ], [ 514396.3219, 6424650.94993 ], [ 514396.23071, 6424639.96108 ], [ 514406.20405, 6424637.8802 ], [ 514413.19699, 6424637.82216 ], [ 514414.23744, 6424642.8088 ], [ 514414.41983, 6424664.7865 ], [ 514416.44268, 6424667.76688 ], [ 514438.4288, 6424668.58347 ], [ 514451.39911, 6424666.47772 ], [ 514467.3747, 6424665.34608 ], [ 514511.40496, 6424673.97217 ], [ 514522.41045, 6424675.87894 ], [ 514529.37024, 6424671.82496 ], [ 514531.26044, 6424658.82156 ], [ 514532.25944, 6424658.81327 ], [ 514532.25115, 6424657.81428 ], [ 514571.91237, 6424621.51914 ], [ 514575.69278, 6424595.51234 ], [ 514566.68527, 6424593.58898 ], [ 514549.66095, 6424588.735 ], [ 514537.63989, 6424584.83854 ], [ 514538.55597, 6424574.84039 ], [ 514522.55552, 6424572.97507 ], [ 514501.56011, 6424571.1512 ], [ 514477.63404, 6424577.34409 ], [ 514458.70294, 6424583.49553 ], [ 514452.71728, 6424584.54427 ], [ 514447.73061, 6424585.5847 ], [ 514393.84307, 6424593.02531 ], [ 514382.86245, 6424594.11549 ], [ 514376.81047, 6424587.17233 ], [ 514373.78033, 6424583.20126 ], [ 514363.66605, 6424568.29937 ], [ 514351.69473, 6424570.39683 ], [ 514314.78177, 6424576.6975 ], [ 514292.83711, 6424580.87584 ], [ 514268.91933, 6424588.06771 ], [ 514268.93591, 6424590.06569 ], [ 514270.29139, 6424633.0138 ], [ 514277.30091, 6424634.95374 ], [ 514297.32221, 6424639.78286 ], [ 514326.35101, 6424646.53534 ], [ 514331.35426, 6424647.49287 ], [ 514352.31651, 6424645.3208 ], [ 514359.30117, 6424644.26378 ], [ 514354.60466, 6424680.26874 ], [ 514360.61519, 6424682.21696 ], [ 514391.69172, 6424694.94678 ], [ 514393.698, 6424695.92918 ], [ 514397.70226, 6424696.89501 ] ] ] ] } },
{ "type": "Feature", "properties": { "COMMUNE": "Cause-de-Clérans", "COMMUNAUTE": "CC des Bastides Dordogne Périgord", "INSEE_COMM": 24088, "ID_CDECOMM": 21, "SURFACE_UR": 0.8347, "COVISIBILI": "non", "SITUATION_": "non boise", "SITUATION1": "plateau plaine" }, "geometry": { "type": "MultiPolygon", "coordinates": [ [ [ [ 516210.38203, 6420169.12634 ], [ 516210.38203, 6420169.12634 ], [ 516212.34684, 6420165.11383 ], [ 516216.23501, 6420152.09388 ], [ 516217.04329, 6420129.10899 ], [ 516218.0174, 6420126.10375 ], [ 516205.97978, 6420120.20935 ], [ 516200.96825, 6420118.25284 ], [ 516190.94519, 6420114.33983 ], [ 516180.1719, 6420140.40459 ], [ 516190.21154, 6420146.31557 ], [ 516188.2716, 6420153.32504 ], [ 516175.50033, 6420179.40638 ], [ 516170.5883, 6420189.43767 ], [ 516139.50355, 6420175.70895 ], [ 516143.4083, 6420164.68698 ], [ 516097.29726, 6420146.08772 ], [ 516083.60162, 6420181.1682 ], [ 516070.91325, 6420217.23938 ], [ 516082.94258, 6420222.13479 ], [ 516095.01337, 6420232.02512 ], [ 516100.03319, 6420234.98061 ], [ 516105.04472, 6420236.93712 ], [ 516113.05322, 6420238.86875 ], [ 516117.04917, 6420238.83558 ], [ 516123.04311, 6420238.78583 ], [ 516127.03077, 6420237.75368 ], [ 516139.81863, 6420213.6703 ], [ 516156.85949, 6420220.52222 ], [ 516170.91167, 6420228.398 ], [ 516183.74928, 6420210.30852 ], [ 516185.71409, 6420206.296 ], [ 516185.71409, 6420206.296 ], [ 516190.64271, 6420198.26268 ], [ 516195.59619, 6420193.22631 ], [ 516207.42652, 6420174.14613 ], [ 516210.38203, 6420169.12634 ] ] ] ] } },
{ "type": "Feature", "properties": { "COMMUNE": "Cause-de-Clérans", "COMMUNAUTE": "CC des Bastides Dordogne Périgord", "INSEE_COMM": 24088, "ID_CDECOMM": 21, "SURFACE_UR": 1.72295, "COVISIBILI": "oui", "SITUATION_": "non boise", "SITUATION1": "pente" }, "geometry": { "type": "MultiPolygon", "coordinates": [ [ [ [ 515602.82744, 6420996.3888 ], [ 515605.97366, 6421014.34563 ], [ 515610.19348, 6421041.28502 ], [ 515609.21936, 6421044.29026 ], [ 515608.27841, 6421051.29144 ], [ 515607.34575, 6421059.2916 ], [ 515607.38721, 6421064.28652 ], [ 515607.44525, 6421071.2794 ], [ 515607.495, 6421077.2733 ], [ 515599.50308, 6421077.33963 ], [ 515567.61832, 6421087.59479 ], [ 515558.65229, 6421090.66637 ], [ 515558.71862, 6421098.65824 ], [ 515556.86159, 6421115.65754 ], [ 515556.02843, 6421135.6455 ], [ 515557.02742, 6421135.63721 ], [ 515563.01306, 6421134.58848 ], [ 515567.00902, 6421134.55531 ], [ 515575.00094, 6421134.48898 ], [ 515580.02076, 6421137.44448 ], [ 515586.03958, 6421140.39168 ], [ 515598.0772, 6421146.28608 ], [ 515605.10329, 6421150.22398 ], [ 515627.19715, 6421164.02734 ], [ 515642.24832, 6421171.89484 ], [ 515678.85442, 6421128.63176 ], [ 515683.78304, 6421120.59843 ], [ 515699.54301, 6421093.49321 ], [ 515715.30298, 6421066.388 ], [ 515724.1778, 6421052.3276 ], [ 515736.04131, 6421037.24335 ], [ 515761.75801, 6421006.05929 ], [ 515758.68642, 6420997.09331 ], [ 515753.70805, 6420999.13273 ], [ 515732.82047, 6421010.29567 ], [ 515722.86374, 6421014.37452 ], [ 515717.90196, 6421018.41191 ], [ 515714.91328, 6421019.43577 ], [ 515705.9887, 6421027.50226 ], [ 515702.0342, 6421032.53034 ], [ 515689.14683, 6421044.62594 ], [ 515683.20264, 6421050.66959 ], [ 515685.2172, 6421052.65097 ], [ 515678.27402, 6421058.70291 ], [ 515673.29566, 6421060.74233 ], [ 515671.24793, 6421054.76502 ], [ 515677.217, 6421051.71832 ], [ 515673.163, 6421044.7586 ], [ 515668.09343, 6421035.8092 ], [ 515657.92112, 6421013.91448 ], [ 515648.67318, 6420983.02062 ], [ 515623.74819, 6420989.2218 ], [ 515602.82744, 6420996.3888 ] ] ] ] } },
{ "type": "Feature", "properties": { "COMMUNE": "Saint-Félix-de-Villadeix", "COMMUNAUTE": "CC des Bastides Dordogne Périgord", "INSEE_COMM": 24405, "ID_CDECOMM": 21, "SURFACE_UR": 0.61905, "COVISIBILI": "non", "SITUATION_": "non boise", "SITUATION1": "plateau plaine" }, "geometry": { "type": "MultiPolygon", "coordinates": [ [ [ [ 517238.33245, 6428343.84774 ], [ 517243.29426, 6428339.81032 ], [ 517258.17139, 6428326.6991 ], [ 517275.07968, 6428317.56724 ], [ 517287.93394, 6428301.47563 ], [ 517288.89977, 6428297.47139 ], [ 517293.7289, 6428277.45016 ], [ 517295.61909, 6428264.44674 ], [ 517296.53516, 6428254.44856 ], [ 517295.48641, 6428248.46293 ], [ 517293.45525, 6428244.48356 ], [ 517288.40223, 6428237.53211 ], [ 517286.37937, 6428234.55173 ], [ 517277.32207, 6428226.63445 ], [ 517276.27333, 6428220.64882 ], [ 517276.25674, 6428218.65084 ], [ 517275.22458, 6428214.66318 ], [ 517266.18387, 6428208.74388 ], [ 517264.23563, 6428214.7544 ], [ 517263.30298, 6428222.75459 ], [ 517259.45625, 6428240.76954 ], [ 517257.58265, 6428255.77095 ], [ 517256.60024, 6428257.77722 ], [ 517255.62612, 6428260.78247 ], [ 517254.652, 6428263.78773 ], [ 517251.67989, 6428266.80957 ], [ 517250.69748, 6428268.81584 ], [ 517183.24676, 6428327.32101 ], [ 517238.33245, 6428343.84774 ] ] ] ] } },
{ "type": "Feature", "properties": { "COMMUNE": "Calès", "COMMUNAUTE": "CC des Bastides Dordogne Périgord", "INSEE_COMM": 24073, "ID_CDECOMM": 21, "SURFACE_UR": 4.04315, "COVISIBILI": "non", "SITUATION_": "boise", "SITUATION1": "pente" }, "geometry": { "type": "MultiPolygon", "coordinates": [ [ [ [ 527010.92242, 6421101.51988 ], [ 527004.64641, 6421067.60419 ], [ 527053.58008, 6421065.19997 ], [ 527052.21603, 6421021.253 ], [ 527062.11461, 6421010.18127 ], [ 527023.42304, 6420922.5858 ], [ 527033.94724, 6420866.55155 ], [ 527007.88236, 6420855.7783 ], [ 527010.68019, 6420831.77783 ], [ 527038.66836, 6420833.54365 ], [ 527037.24623, 6420782.6038 ], [ 527053.8639, 6420738.5076 ], [ 526963.69805, 6420708.28531 ], [ 526958.99352, 6420743.29117 ], [ 526960.36587, 6420788.23711 ], [ 526908.51822, 6420800.65603 ], [ 526919.89701, 6420847.51704 ], [ 526906.91021, 6420847.62482 ], [ 526937.81732, 6420960.26119 ], [ 526912.93396, 6420971.45728 ], [ 526933.33681, 6421022.2396 ], [ 526921.44855, 6421034.32689 ], [ 526934.72575, 6421069.18353 ], [ 526945.74777, 6421073.08826 ], [ 526968.15689, 6421124.853 ], [ 527010.92242, 6421101.51988 ] ] ] ] } },
{ "type": "Feature", "properties": { "COMMUNE": "Calès", "COMMUNAUTE": "CC des Bastides Dordogne Périgord", "INSEE_COMM": 24073, "ID_CDECOMM": 21, "SURFACE_UR": 1.6397, "COVISIBILI": "non", "SITUATION_": "clairiere", "SITUATION1": "ligne de crete" }, "geometry": { "type": "MultiPolygon", "coordinates": [ [ [ [ 526991.80249, 6420122.60779 ], [ 526978.84058, 6420125.71252 ], [ 526982.24409, 6420174.63779 ], [ 526970.39732, 6420191.71999 ], [ 526959.56613, 6420210.79186 ], [ 526942.97335, 6420257.88499 ], [ 526966.13254, 6420279.67192 ], [ 526968.59514, 6420335.59837 ], [ 527004.55859, 6420335.2999 ], [ 527046.52425, 6420335.95066 ], [ 527038.27021, 6420184.16333 ], [ 527022.84569, 6420131.34162 ], [ 527018.47639, 6420086.42056 ], [ 526992.56086, 6420093.629 ], [ 526989.6054, 6420098.64879 ], [ 526991.80249, 6420122.60779 ] ] ] ] } },
{ "type": "Feature", "properties": { "COMMUNE": "Sainte-Foy-de-Longas", "COMMUNAUTE": "CC des Bastides Dordogne Périgord", "INSEE_COMM": 24407, "ID_CDECOMM": 21, "SURFACE_UR": 0.90395, "COVISIBILI": "non", "SITUATION_": "clairiere", "SITUATION1": "pente" }, "geometry": { "type": "MultiPolygon", "coordinates": [ [ [ [ 523180.91715, 6427763.03751 ], [ 523214.89942, 6427764.7536 ], [ 523216.68998, 6427739.76231 ], [ 523218.62988, 6427732.75281 ], [ 523220.49511, 6427716.75241 ], [ 523221.35306, 6427699.76132 ], [ 523223.09383, 6427668.77609 ], [ 523222.85322, 6427639.80543 ], [ 523222.72877, 6427624.8206 ], [ 523222.49645, 6427596.84893 ], [ 523215.15505, 6427554.94945 ], [ 523192.29443, 6427569.12597 ], [ 523172.72946, 6427619.2412 ], [ 523170.54559, 6427717.16694 ], [ 523180.91715, 6427763.03751 ] ] ] ] } },
{ "type": "Feature", "properties": { "COMMUNE": "Sainte-Foy-de-Longas", "COMMUNAUTE": "CC des Bastides Dordogne Périgord", "INSEE_COMM": 24407, "ID_CDECOMM": 21, "SURFACE_UR": 0.6786, "COVISIBILI": "non", "SITUATION_": "clairiere", "SITUATION1": "plateau plaine" }, "geometry": { "type": "MultiPolygon", "coordinates": [ [ [ [ 524616.67639, 6426453.34624 ], [ 524625.55113, 6426439.28578 ], [ 524638.31395, 6426412.20532 ], [ 524645.2073, 6426400.15942 ], [ 524659.9598, 6426372.06339 ], [ 524669.80862, 6426354.99768 ], [ 524676.67708, 6426339.95482 ], [ 524685.53522, 6426323.89639 ], [ 524703.31787, 6426299.77143 ], [ 524716.18027, 6426284.67882 ], [ 524729.07585, 6426273.58216 ], [ 524721.08393, 6426273.64849 ], [ 524686.1442, 6426276.93567 ], [ 524652.20345, 6426280.21456 ], [ 524658.64548, 6426334.11015 ], [ 524608.7375, 6426339.51968 ], [ 524611.00931, 6426372.46969 ], [ 524613.32261, 6426410.41464 ], [ 524616.67639, 6426453.34624 ] ] ] ] } },
{ "type": "Feature", "properties": { "COMMUNE": "Pezuls", "COMMUNAUTE": "CC des Bastides Dordogne Périgord", "INSEE_COMM": 24327, "ID_CDECOMM": 21, "SURFACE_UR": 1.75995, "COVISIBILI": "non", "SITUATION_": "clairiere", "SITUATION1": "plateau plaine" }, "geometry": { "type": "MultiPolygon", "coordinates": [ [ [ [ 525760.66796, 6424898.31027 ], [ 525713.90638, 6424921.67674 ], [ 525693.78553, 6424904.85982 ], [ 525670.64282, 6424885.07082 ], [ 525660.72763, 6424894.14463 ], [ 525661.75151, 6424897.1333 ], [ 525662.7837, 6424901.12095 ], [ 525653.95878, 6424921.17532 ], [ 525651.0116, 6424927.19412 ], [ 525648.02294, 6424928.21799 ], [ 525633.17089, 6424944.32617 ], [ 525574.57912, 6424986.7729 ], [ 525645.13072, 6425061.11642 ], [ 525741.69236, 6425019.35354 ], [ 525748.63549, 6425013.30157 ], [ 525750.63346, 6425013.28499 ], [ 525722.36303, 6424977.55366 ], [ 525711.25797, 6424963.65906 ], [ 525716.23631, 6424961.61963 ], [ 525753.04951, 6424943.33102 ], [ 525775.94325, 6424933.15042 ], [ 525760.66796, 6424898.31027 ] ] ] ] } },
{ "type": "Feature", "properties": { "COMMUNE": "Pezuls", "COMMUNAUTE": "CC des Bastides Dordogne Périgord", "INSEE_COMM": 24327, "ID_CDECOMM": 21, "SURFACE_UR": 1.58155, "COVISIBILI": "non", "SITUATION_": "boise", "SITUATION1": "pente" }, "geometry": { "type": "MultiPolygon", "coordinates": [ [ [ [ 526409.30882, 6426612.30173 ], [ 526419.07462, 6426585.24615 ], [ 526429.84771, 6426559.18127 ], [ 526438.66431, 6426538.12792 ], [ 526440.61249, 6426532.11741 ], [ 526442.46938, 6426515.11803 ], [ 526448.44671, 6426513.07032 ], [ 526497.58802, 6426535.64085 ], [ 526538.76537, 6426441.3878 ], [ 526557.10708, 6426364.30822 ], [ 526522.29189, 6426382.58014 ], [ 526512.3518, 6426388.65697 ], [ 526474.73883, 6426430.92948 ], [ 526466.83822, 6426441.98466 ], [ 526462.91696, 6426451.00871 ], [ 526457.93862, 6426453.04814 ], [ 526425.04671, 6426462.31259 ], [ 526420.21776, 6426482.3338 ], [ 526420.24266, 6426485.33076 ], [ 526403.37605, 6426499.45752 ], [ 526394.50133, 6426513.51799 ], [ 526389.50638, 6426513.55946 ], [ 526379.72397, 6426538.61709 ], [ 526377.97497, 6426568.60332 ], [ 526373.2373, 6426599.61342 ], [ 526394.27418, 6426606.43218 ], [ 526408.30153, 6426611.31103 ], [ 526409.30882, 6426612.30173 ] ] ] ] } },
{ "type": "Feature", "properties": { "COMMUNE": "Pezuls", "COMMUNAUTE": "CC des Bastides Dordogne Périgord", "INSEE_COMM": 24327, "ID_CDECOMM": 21, "SURFACE_UR": 1.53305, "COVISIBILI": "oui", "SITUATION_": "non boise", "SITUATION1": "pente" }, "geometry": { "type": "MultiPolygon", "coordinates": [ [ [ [ 526794.67533, 6426339.3585 ], [ 526829.59011, 6426333.07442 ], [ 526827.45104, 6426316.1082 ], [ 526827.33484, 6426302.12237 ], [ 526827.20204, 6426286.13856 ], [ 526827.16885, 6426282.14261 ], [ 526830.15751, 6426281.11875 ], [ 526838.12451, 6426278.05547 ], [ 526867.02047, 6426268.82416 ], [ 526880.9648, 6426263.71316 ], [ 526878.90872, 6426256.73682 ], [ 526867.77876, 6426239.84522 ], [ 526881.68989, 6426230.73827 ], [ 526884.67025, 6426228.71542 ], [ 526888.6911, 6426231.67922 ], [ 526863.21011, 6426170.94821 ], [ 526854.03662, 6426149.04509 ], [ 526851.03966, 6426149.06996 ], [ 526852.97124, 6426141.06147 ], [ 526831.92609, 6426133.24366 ], [ 526829.97792, 6426139.25417 ], [ 526794.14715, 6426155.53642 ], [ 526791.17509, 6426158.55825 ], [ 526775.27428, 6426168.68077 ], [ 526761.35485, 6426176.78873 ], [ 526745.44574, 6426185.91227 ], [ 526779.93422, 6426248.56665 ], [ 526792.31216, 6426295.4196 ], [ 526794.37654, 6426303.39493 ], [ 526791.37958, 6426303.4198 ], [ 526794.67533, 6426339.3585 ] ] ] ] } },
{ "type": "Feature", "properties": { "COMMUNE": "Pezuls", "COMMUNAUTE": "CC des Bastides Dordogne Périgord", "INSEE_COMM": 24327, "ID_CDECOMM": 21, "SURFACE_UR": 0.98715, "COVISIBILI": "non", "SITUATION_": "clairiere", "SITUATION1": "ligne de crete" }, "geometry": { "type": "MultiPolygon", "coordinates": [ [ [ [ 526959.32242, 6425113.14888 ], [ 526960.25501, 6425105.1487 ], [ 526958.23214, 6425102.16832 ], [ 526946.0202, 6425075.29515 ], [ 526937.7295, 6425039.39793 ], [ 526937.7295, 6425039.39793 ], [ 526936.61432, 6425025.4204 ], [ 526906.68622, 6425030.66405 ], [ 526900.7089, 6425032.71177 ], [ 526892.7336, 6425034.77607 ], [ 526842.93667, 6424933.28562 ], [ 526833.80469, 6424916.37745 ], [ 526829.75895, 6424910.41669 ], [ 526832.73931, 6424908.39384 ], [ 526825.68, 6424900.45998 ], [ 526813.53447, 6424881.57871 ], [ 526775.72238, 6424899.87551 ], [ 526777.76185, 6424904.85387 ], [ 526781.8325, 6424913.81159 ], [ 526784.87095, 6424918.78165 ], [ 526789.90739, 6424923.73514 ], [ 526802.00312, 6424936.62248 ], [ 526808.05514, 6424943.56565 ], [ 526809.05413, 6424943.55736 ], [ 526825.16241, 6424958.40952 ], [ 526829.21645, 6424965.36927 ], [ 526871.81298, 6425041.94308 ], [ 526911.35446, 6425111.54885 ], [ 526927.34655, 6425112.41519 ], [ 526959.32242, 6425113.14888 ] ] ] ] } },
{ "type": "Feature", "properties": { "COMMUNE": "Sainte-Foy-de-Longas", "COMMUNAUTE": "CC des Bastides Dordogne Périgord", "INSEE_COMM": 24407, "ID_CDECOMM": 21, "SURFACE_UR": 4.27115, "COVISIBILI": "non", "SITUATION_": "boise", "SITUATION1": "plateau plaine" }, "geometry": { "type": "MultiPolygon", "coordinates": [ [ [ [ 524784.40302, 6427521.94419 ], [ 524752.81196, 6427447.2771 ], [ 524721.69897, 6427550.43826 ], [ 524682.62217, 6427536.77579 ], [ 524638.53382, 6427521.15681 ], [ 524589.32606, 6427490.59446 ], [ 524547.99081, 6427565.86685 ], [ 524540.19803, 6427589.90891 ], [ 524535.34415, 6427606.93317 ], [ 524532.45505, 6427619.9449 ], [ 524527.64265, 6427641.96411 ], [ 524526.66025, 6427643.97037 ], [ 524561.73279, 6427656.66702 ], [ 524500.43432, 6427734.10323 ], [ 524601.63939, 6427770.22836 ], [ 524637.35411, 6427739.9602 ], [ 524645.27965, 6427731.90196 ], [ 524653.23009, 6427726.84068 ], [ 524602.94864, 6427687.29571 ], [ 524569.75791, 6427660.59664 ], [ 524575.66058, 6427649.55802 ], [ 524594.75757, 6427663.38632 ], [ 524622.89526, 6427683.13393 ], [ 524637.9631, 6427692.99944 ], [ 524651.02466, 6427701.88255 ], [ 524655.96152, 6427694.84817 ], [ 524668.78244, 6427674.7606 ], [ 524697.39635, 6427631.56363 ], [ 524702.33322, 6427624.52925 ], [ 524738.40475, 6427637.2176 ], [ 524759.1512, 6427609.07179 ], [ 524764.07977, 6427601.03842 ], [ 524767.06844, 6427600.01456 ], [ 524783.96, 6427588.88472 ], [ 524821.71418, 6427563.59492 ], [ 524804.63177, 6427551.74802 ], [ 524792.5775, 6427543.85561 ], [ 524784.40302, 6427521.94419 ] ] ] ] } },
{ "type": "Feature", "properties": { "COMMUNE": "Sainte-Foy-de-Longas", "COMMUNAUTE": "CC des Bastides Dordogne Périgord", "INSEE_COMM": 24407, "ID_CDECOMM": 21, "SURFACE_UR": 1.19075, "COVISIBILI": "non", "SITUATION_": "clairiere", "SITUATION1": "plateau plaine" }, "geometry": { "type": "MultiPolygon", "coordinates": [ [ [ [ 524439.08715, 6426843.45334 ], [ 524481.10281, 6426850.09801 ], [ 524483.95041, 6426832.09135 ], [ 524484.91621, 6426828.08711 ], [ 524553.9212, 6426836.50587 ], [ 524558.65891, 6426805.49578 ], [ 524555.66194, 6426805.52066 ], [ 524547.67002, 6426805.58699 ], [ 524534.64166, 6426800.69984 ], [ 524501.61691, 6426793.98055 ], [ 524479.59765, 6426789.16803 ], [ 524462.58993, 6426786.31203 ], [ 524449.59476, 6426785.42083 ], [ 524434.61821, 6426786.54419 ], [ 524404.68171, 6426790.78889 ], [ 524390.30585, 6426743.95254 ], [ 524371.34164, 6426746.10806 ], [ 524373.83749, 6426806.03075 ], [ 524365.87046, 6426809.09405 ], [ 524361.97408, 6426821.11507 ], [ 524355.09732, 6426835.15895 ], [ 524344.28268, 6426856.2289 ], [ 524337.43081, 6426873.26974 ], [ 524359.43349, 6426876.08429 ], [ 524360.39928, 6426872.08005 ], [ 524362.36407, 6426868.06751 ], [ 524439.08715, 6426843.45334 ] ] ] ] } },
{ "type": "Feature", "properties": { "COMMUNE": "Sainte-Foy-de-Longas", "COMMUNAUTE": "CC des Bastides Dordogne Périgord", "INSEE_COMM": 24407, "ID_CDECOMM": 21, "SURFACE_UR": 1.29425, "COVISIBILI": "non", "SITUATION_": "clairiere", "SITUATION1": "plateau plaine" }, "geometry": { "type": "MultiPolygon", "coordinates": [ [ [ [ 522579.6815, 6426944.80406 ], [ 522588.6973, 6426947.72641 ], [ 522605.58887, 6426936.59661 ], [ 522622.62148, 6426942.44961 ], [ 522630.64658, 6426946.37923 ], [ 522635.66642, 6426949.33475 ], [ 522671.7911, 6426848.13024 ], [ 522716.92817, 6426869.7349 ], [ 522735.66838, 6426840.60674 ], [ 522739.58137, 6426830.5837 ], [ 522701.42894, 6426807.92202 ], [ 522677.31214, 6426791.1382 ], [ 522666.24029, 6426781.23951 ], [ 522660.17998, 6426773.29735 ], [ 522648.01787, 6426752.4181 ], [ 522639.9181, 6426739.49758 ], [ 522634.92315, 6426739.53903 ], [ 522633.94075, 6426741.5453 ], [ 522630.03606, 6426752.56732 ], [ 522624.20805, 6426772.59682 ], [ 522622.30133, 6426783.60226 ], [ 522620.39461, 6426794.60771 ], [ 522621.55953, 6426814.57917 ], [ 522622.70786, 6426832.55266 ], [ 522615.89745, 6426854.58842 ], [ 522611.01865, 6426868.6157 ], [ 522606.14815, 6426883.64197 ], [ 522601.26935, 6426897.66925 ], [ 522594.25983, 6426895.72931 ], [ 522590.37172, 6426908.74931 ], [ 522580.62242, 6426937.80286 ], [ 522578.69081, 6426945.81134 ], [ 522579.6815, 6426944.80406 ] ] ] ] } },
{ "type": "Feature", "properties": { "COMMUNE": "Calès", "COMMUNAUTE": "CC des Bastides Dordogne Périgord", "INSEE_COMM": 24073, "ID_CDECOMM": 21, "SURFACE_UR": 6.4761, "COVISIBILI": "non", "SITUATION_": "non boise", "SITUATION1": "vallee" }, "geometry": { "type": "MultiPolygon", "coordinates": [ [ [ [ 526942.2878, 6421257.94164 ], [ 526926.03853, 6421226.10682 ], [ 526904.10234, 6421231.28413 ], [ 526891.41757, 6421147.46902 ], [ 526840.55565, 6421037.99539 ], [ 526768.74489, 6421052.57809 ], [ 526744.43737, 6421012.81773 ], [ 526726.19014, 6420980.9995 ], [ 526699.92613, 6420946.25064 ], [ 526692.68433, 6420916.33918 ], [ 526687.54006, 6420898.39894 ], [ 526641.50378, 6420888.79047 ], [ 526634.82617, 6420926.80987 ], [ 526622.03849, 6420950.89324 ], [ 526599.40201, 6420992.04223 ], [ 526597.42893, 6420995.05576 ], [ 526700.44884, 6421009.18659 ], [ 526688.13409, 6421090.21201 ], [ 526698.2152, 6421101.11792 ], [ 526672.77754, 6421286.15368 ], [ 526715.78368, 6421291.79109 ], [ 526713.91846, 6421307.7914 ], [ 526800.84676, 6421309.06809 ], [ 526858.75471, 6421304.59129 ], [ 526895.5927, 6421289.29979 ], [ 526942.2878, 6421257.94164 ] ] ] ] } },
{ "type": "Feature", "properties": { "COMMUNE": "Pezuls", "COMMUNAUTE": "CC des Bastides Dordogne Périgord", "INSEE_COMM": 24327, "ID_CDECOMM": 21, "SURFACE_UR": 2.14165, "COVISIBILI": "oui", "SITUATION_": "boise", "SITUATION1": "pente" }, "geometry": { "type": "MultiPolygon", "coordinates": [ [ [ [ 526784.79408, 6425991.76873 ], [ 526793.62728, 6425972.71335 ], [ 526809.44508, 6425952.60096 ], [ 526811.40986, 6425948.58842 ], [ 526828.02745, 6425904.49203 ], [ 526831.9238, 6425892.47102 ], [ 526833.80558, 6425878.46861 ], [ 526768.20741, 6425799.08845 ], [ 526757.00275, 6425773.20597 ], [ 526726.06734, 6425777.45891 ], [ 526725.07665, 6425778.46619 ], [ 526708.11047, 6425780.60509 ], [ 526708.12707, 6425782.60307 ], [ 526712.21431, 6425793.55877 ], [ 526717.25905, 6425799.51125 ], [ 526728.45541, 6425824.39475 ], [ 526734.54063, 6425835.33387 ], [ 526736.5884, 6425841.31122 ], [ 526752.7216, 6425859.16035 ], [ 526768.86309, 6425878.00848 ], [ 526765.86613, 6425878.03335 ], [ 526678.77992, 6425857.77584 ], [ 526697.64147, 6425963.51932 ], [ 526704.99127, 6426006.41776 ], [ 526783.8117, 6425993.775 ], [ 526784.79408, 6425991.76873 ] ] ] ] } },
{ "type": "Feature", "properties": { "COMMUNE": "Sainte-Foy-de-Longas", "COMMUNAUTE": "CC des Bastides Dordogne Périgord", "INSEE_COMM": 24407, "ID_CDECOMM": 21, "SURFACE_UR": 1.42925, "COVISIBILI": "non", "SITUATION_": "clairiere", "SITUATION1": "pente" }, "geometry": { "type": "MultiPolygon", "coordinates": [ [ [ [ 521384.94058, 6427201.48523 ], [ 521385.0899, 6427219.46701 ], [ 521386.26309, 6427240.43747 ], [ 521388.52653, 6427272.3885 ], [ 521525.32182, 6427263.26095 ], [ 521530.23381, 6427253.22963 ], [ 521536.12821, 6427241.19203 ], [ 521536.07843, 6427235.19811 ], [ 521537.99346, 6427225.19165 ], [ 521539.93337, 6427218.18216 ], [ 521539.90018, 6427214.18621 ], [ 521541.85669, 6427209.17469 ], [ 521545.80287, 6427203.1476 ], [ 521553.71184, 6427193.09141 ], [ 521563.61878, 6427183.01864 ], [ 521557.59166, 6427179.07242 ], [ 521545.554, 6427173.17797 ], [ 521449.3689, 6427140.00817 ], [ 521450.78267, 6427189.94927 ], [ 521452.86361, 6427199.92257 ], [ 521454.93625, 6427208.89688 ], [ 521454.94455, 6427209.89587 ], [ 521450.95688, 6427210.92801 ], [ 521434.92327, 6427205.06672 ], [ 521426.91475, 6427203.13506 ], [ 521404.92038, 6427201.31945 ], [ 521384.94058, 6427201.48523 ] ] ] ] } },
{ "type": "Feature", "properties": { "COMMUNE": "Sainte-Foy-de-Longas", "COMMUNAUTE": "CC des Bastides Dordogne Périgord", "INSEE_COMM": 24407, "ID_CDECOMM": 21, "SURFACE_UR": 1.5285, "COVISIBILI": "non", "SITUATION_": "clairiere", "SITUATION1": "plateau plaine" }, "geometry": { "type": "MultiPolygon", "coordinates": [ [ [ [ 524526.66025, 6427643.97037 ], [ 524526.67685, 6427645.96835 ], [ 524480.06451, 6427687.31659 ], [ 524429.57237, 6427742.68383 ], [ 524398.14403, 6427807.88343 ], [ 524416.14246, 6427809.73216 ], [ 524427.13136, 6427809.64095 ], [ 524441.10063, 6427807.5269 ], [ 524449.08426, 6427806.46157 ], [ 524467.06609, 6427806.31233 ], [ 524478.07158, 6427808.2191 ], [ 524487.0625, 6427808.14447 ], [ 524503.03805, 6427807.01282 ], [ 524537.95293, 6427800.72868 ], [ 524560.88823, 6427795.54304 ], [ 524565.87488, 6427794.50259 ], [ 524579.79437, 6427786.3946 ], [ 524596.67763, 6427774.26577 ], [ 524601.63939, 6427770.22836 ], [ 524500.43432, 6427734.10323 ], [ 524561.73279, 6427656.66702 ], [ 524526.66025, 6427643.97037 ] ] ] ] } },
{ "type": "Feature", "properties": { "COMMUNE": "Sainte-Foy-de-Longas", "COMMUNAUTE": "CC des Bastides Dordogne Périgord", "INSEE_COMM": 24407, "ID_CDECOMM": 21, "SURFACE_UR": 0.7292, "COVISIBILI": "non", "SITUATION_": "boise", "SITUATION1": "vallee" }, "geometry": { "type": "MultiPolygon", "coordinates": [ [ [ [ 522297.44791, 6427606.52371 ], [ 522296.51529, 6427614.5239 ], [ 522284.66844, 6427631.60618 ], [ 522293.70084, 6427636.52652 ], [ 522305.76339, 6427645.41793 ], [ 522318.84152, 6427656.29903 ], [ 522343.95732, 6427673.07458 ], [ 522348.97716, 6427676.0301 ], [ 522355.84565, 6427660.98724 ], [ 522367.61783, 6427634.91407 ], [ 522377.43352, 6427613.85242 ], [ 522392.352, 6427605.73616 ], [ 522398.2132, 6427589.70261 ], [ 522404.05781, 6427571.67108 ], [ 522386.06769, 6427570.82131 ], [ 522368.08586, 6427570.97053 ], [ 522335.14407, 6427574.24107 ], [ 522309.2035, 6427578.45256 ], [ 522297.23221, 6427580.55001 ], [ 522297.44791, 6427606.52371 ] ] ] ] } },
{ "type": "Feature", "properties": { "COMMUNE": "Sainte-Foy-de-Longas", "COMMUNAUTE": "CC des Bastides Dordogne Périgord", "INSEE_COMM": 24407, "ID_CDECOMM": 21, "SURFACE_UR": 1.21725, "COVISIBILI": "non", "SITUATION_": "non boise", "SITUATION1": "vallee" }, "geometry": { "type": "MultiPolygon", "coordinates": [ [ [ [ 523003.08177, 6428003.28806 ], [ 523007.01966, 6427996.26198 ], [ 523014.82076, 6427973.21892 ], [ 523025.52757, 6427939.16211 ], [ 523028.45816, 6427931.14533 ], [ 523025.33674, 6427916.18537 ], [ 523019.16027, 6427894.25737 ], [ 522997.98234, 6427870.45574 ], [ 522971.9837, 6427867.67432 ], [ 522965.95656, 6427863.72811 ], [ 522922.85063, 6427846.10281 ], [ 522921.90971, 6427853.10402 ], [ 522922.01757, 6427866.09087 ], [ 522922.2001, 6427888.06861 ], [ 522922.29136, 6427899.05749 ], [ 522923.50607, 6427925.0229 ], [ 522925.67828, 6427945.98508 ], [ 522925.91058, 6427973.95676 ], [ 522926.01844, 6427986.94361 ], [ 522953.97359, 6427984.71351 ], [ 523003.08177, 6428003.28806 ] ] ] ] } },
{ "type": "Feature", "properties": { "COMMUNE": "Trémolat", "COMMUNAUTE": "CC des Bastides Dordogne Périgord", "INSEE_COMM": 24558, "ID_CDECOMM": 21, "SURFACE_UR": 2.14815, "COVISIBILI": "non", "SITUATION_": "boise", "SITUATION1": "pente" }, "geometry": { "type": "MultiPolygon", "coordinates": [ [ [ [ 526773.42215, 6423780.95335 ], [ 526776.47719, 6423787.92137 ], [ 526783.48669, 6423789.86131 ], [ 526835.50863, 6423798.42107 ], [ 526856.48733, 6423798.24697 ], [ 526860.48328, 6423798.21381 ], [ 526864.41284, 6423790.18876 ], [ 526880.1809, 6423764.0825 ], [ 526884.06898, 6423751.06252 ], [ 526885.03478, 6423747.05829 ], [ 526902.1171, 6423758.90518 ], [ 526919.24091, 6423775.74699 ], [ 526930.08871, 6423758.67304 ], [ 526938.78918, 6423723.63394 ], [ 526940.72908, 6423716.62446 ], [ 526959.7347, 6423719.4639 ], [ 526966.7359, 6423720.40485 ], [ 526999.75221, 6423726.12517 ], [ 527001.38512, 6423682.15324 ], [ 526979.39913, 6423681.33664 ], [ 526959.41112, 6423680.50347 ], [ 526949.41296, 6423679.58739 ], [ 526948.36419, 6423673.60177 ], [ 526941.26343, 6423660.673 ], [ 526939.20738, 6423653.69668 ], [ 526938.12542, 6423643.71512 ], [ 526938.08394, 6423638.7202 ], [ 526932.07343, 6423636.77197 ], [ 526917.08034, 6423635.89734 ], [ 526913.06781, 6423633.93254 ], [ 526915.05748, 6423632.91697 ], [ 526912.00244, 6423625.94895 ], [ 526909.96299, 6423620.9706 ], [ 526911.91947, 6423615.95909 ], [ 526905.91726, 6423615.00985 ], [ 526880.87624, 6423607.22524 ], [ 526877.95395, 6423616.24097 ], [ 526871.92685, 6423612.29478 ], [ 526839.24241, 6423646.53386 ], [ 526833.27339, 6423649.58056 ], [ 526832.31589, 6423654.58378 ], [ 526834.41342, 6423666.55502 ], [ 526836.48607, 6423675.5293 ], [ 526839.57429, 6423686.49327 ], [ 526834.62085, 6423691.52965 ], [ 526828.67672, 6423697.5733 ], [ 526824.73885, 6423704.59936 ], [ 526780.33209, 6423770.90546 ], [ 526773.42215, 6423780.95335 ] ] ] ] } },
{ "type": "Feature", "properties": { "COMMUNE": "Pezuls", "COMMUNAUTE": "CC des Bastides Dordogne Périgord", "INSEE_COMM": 24327, "ID_CDECOMM": 21, "SURFACE_UR": 1.6806, "COVISIBILI": "non", "SITUATION_": "boise", "SITUATION1": "pente" }, "geometry": { "type": "MultiPolygon", "coordinates": [ [ [ [ 526620.47421, 6424491.55125 ], [ 526620.47421, 6424491.55125 ], [ 526617.47725, 6424491.57612 ], [ 526617.47725, 6424491.57612 ], [ 526611.48333, 6424491.62587 ], [ 526608.48637, 6424491.65074 ], [ 526599.4955, 6424491.72535 ], [ 526599.4955, 6424491.72535 ], [ 526593.49328, 6424490.77611 ], [ 526577.50121, 6424489.90977 ], [ 526576.50222, 6424489.91806 ], [ 526572.50628, 6424489.95122 ], [ 526557.52149, 6424490.07557 ], [ 526557.52149, 6424490.07557 ], [ 526557.52149, 6424490.07557 ], [ 526538.55734, 6424492.23106 ], [ 526538.55734, 6424492.23106 ], [ 526533.57071, 6424493.2715 ], [ 526533.57071, 6424493.2715 ], [ 526526.5944, 6424495.3275 ], [ 526526.5944, 6424495.3275 ], [ 526525.59541, 6424495.33579 ], [ 526518.6191, 6424497.39179 ], [ 526517.62012, 6424497.40008 ], [ 526507.65515, 6424500.47994 ], [ 526497.69847, 6424504.55879 ], [ 526497.69847, 6424504.55879 ], [ 526493.71912, 6424506.58992 ], [ 526493.71912, 6424506.58992 ], [ 526493.72742, 6424507.58891 ], [ 526481.78937, 6424513.6823 ], [ 526479.80799, 6424515.69686 ], [ 526479.80799, 6424515.69686 ], [ 526468.94359, 6424530.77284 ], [ 526464.98084, 6424534.80194 ], [ 526464.98084, 6424534.80194 ], [ 526463.99015, 6424535.80922 ], [ 526459.045, 6424541.84458 ], [ 526453.09256, 6424546.88925 ], [ 526453.09256, 6424546.88925 ], [ 526444.15977, 6424553.95677 ], [ 526491.31124, 6424577.54279 ], [ 526552.96629, 6424543.06327 ], [ 526595.80654, 6424528.72099 ], [ 526652.43841, 6424611.17255 ], [ 526683.8882, 6424668.85673 ], [ 526699.83879, 6424664.72814 ], [ 526690.59901, 6424634.83318 ], [ 526676.356, 6424603.98068 ], [ 526671.30299, 6424597.02923 ], [ 526664.22712, 6424587.09741 ], [ 526650.05048, 6424564.2368 ], [ 526687.72986, 6424529.95625 ], [ 526713.52097, 6424507.76301 ], [ 526692.29335, 6424477.96753 ], [ 526624.49504, 6424494.51505 ], [ 526621.50638, 6424495.53891 ], [ 526620.47421, 6424491.55125 ] ] ] ] } },
{ "type": "Feature", "properties": { "COMMUNE": "Sainte-Foy-de-Longas", "COMMUNAUTE": "CC des Bastides Dordogne Périgord", "INSEE_COMM": 24407, "ID_CDECOMM": 21, "SURFACE_UR": 3.3706, "COVISIBILI": "non", "SITUATION_": "clairiere", "SITUATION1": "ligne de crete" }, "geometry": { "type": "MultiPolygon", "coordinates": [ [ [ [ 523825.19799, 6427508.92521 ], [ 523836.22008, 6427512.82996 ], [ 523849.22355, 6427514.72016 ], [ 523850.25573, 6427518.70782 ], [ 523858.33062, 6427528.63138 ], [ 523874.43893, 6427543.48354 ], [ 523897.17509, 6427514.32218 ], [ 523902.09536, 6427505.28983 ], [ 523946.55208, 6427444.97742 ], [ 523982.34978, 6427424.69917 ], [ 523991.37388, 6427428.62051 ], [ 524004.2197, 6427411.52992 ], [ 524008.16588, 6427405.50282 ], [ 524004.14502, 6427402.53902 ], [ 524006.10981, 6427398.52649 ], [ 524023.8676, 6427371.40456 ], [ 524036.53087, 6427332.33623 ], [ 524049.18585, 6427292.26891 ], [ 524046.17228, 6427290.2958 ], [ 524054.99724, 6427270.24142 ], [ 524058.91852, 6427261.21736 ], [ 524061.8823, 6427257.19653 ], [ 524032.76223, 6427239.45519 ], [ 523968.73559, 6427228.99696 ], [ 523962.94909, 6427254.02141 ], [ 523956.18848, 6427282.05112 ], [ 523951.35118, 6427301.07335 ], [ 523949.41129, 6427308.08286 ], [ 523942.41006, 6427307.14191 ], [ 523929.44808, 6427310.24666 ], [ 523899.54475, 6427318.4873 ], [ 523896.49799, 6427312.51824 ], [ 523896.44821, 6427306.52431 ], [ 523885.45932, 6427306.61551 ], [ 523855.48961, 6427306.86425 ], [ 523855.50621, 6427308.86223 ], [ 523861.6412, 6427325.79528 ], [ 523870.89763, 6427357.68829 ], [ 523877.04093, 6427375.62033 ], [ 523835.91307, 6427475.86739 ], [ 523832.03328, 6427489.8864 ], [ 523825.19799, 6427508.92521 ] ] ] ] } },
{ "type": "Feature", "properties": { "COMMUNE": "Sainte-Foy-de-Longas", "COMMUNAUTE": "CC des Bastides Dordogne Périgord", "INSEE_COMM": 24407, "ID_CDECOMM": 21, "SURFACE_UR": 0.9662, "COVISIBILI": "oui", "SITUATION_": "non boise", "SITUATION1": "pente" }, "geometry": { "type": "MultiPolygon", "coordinates": [ [ [ [ 523097.41004, 6428053.45718 ], [ 523097.41834, 6428054.45617 ], [ 523101.4143, 6428054.42301 ], [ 523108.43212, 6428057.36194 ], [ 523128.46172, 6428063.19007 ], [ 523137.53561, 6428073.10534 ], [ 523114.94047, 6428119.2495 ], [ 523117.96234, 6428122.2216 ], [ 523122.97388, 6428124.17812 ], [ 523204.2655, 6428168.46109 ], [ 523225.91972, 6428129.31813 ], [ 523226.85234, 6428121.31793 ], [ 523225.82845, 6428118.32926 ], [ 523223.80558, 6428115.34887 ], [ 523218.75255, 6428108.3974 ], [ 523229.78293, 6428113.30115 ], [ 523235.80177, 6428116.24837 ], [ 523243.66094, 6428100.19823 ], [ 523246.60814, 6428094.17943 ], [ 523246.59984, 6428093.18044 ], [ 523238.60791, 6428093.24676 ], [ 523237.56744, 6428088.26011 ], [ 523233.45532, 6428074.30743 ], [ 523229.3432, 6428060.35475 ], [ 523224.37313, 6428063.39317 ], [ 523218.42897, 6428069.43684 ], [ 523209.52102, 6428079.50134 ], [ 523203.59345, 6428087.543 ], [ 523198.56531, 6428083.5885 ], [ 523195.55174, 6428081.61539 ], [ 523177.44546, 6428066.77979 ], [ 523164.36731, 6428055.89869 ], [ 523145.25374, 6428040.07239 ], [ 523140.32516, 6428048.10575 ], [ 523139.32617, 6428048.11404 ], [ 523135.26383, 6428040.15529 ], [ 523099.27527, 6428037.45678 ], [ 523098.27628, 6428037.46508 ], [ 523098.30117, 6428040.46204 ], [ 523095.36228, 6428047.47983 ], [ 523097.36026, 6428047.46325 ], [ 523097.36855, 6428048.46224 ], [ 523097.41004, 6428053.45718 ] ] ] ] } },
{ "type": "Feature", "properties": { "COMMUNE": "Sainte-Foy-de-Longas", "COMMUNAUTE": "CC des Bastides Dordogne Périgord", "INSEE_COMM": 24407, "ID_CDECOMM": 21, "SURFACE_UR": 1.8517, "COVISIBILI": "oui", "SITUATION_": "non boise", "SITUATION1": "pente" }, "geometry": { "type": "MultiPolygon", "coordinates": [ [ [ [ 522746.38264, 6428010.41361 ], [ 522785.34327, 6428010.09029 ], [ 522789.34753, 6428011.05612 ], [ 522789.39731, 6428017.05005 ], [ 522787.68971, 6428052.03124 ], [ 522786.7322, 6428057.03447 ], [ 522801.73366, 6428058.90809 ], [ 522813.73814, 6428060.80659 ], [ 522826.74991, 6428063.69578 ], [ 522832.78534, 6428068.64098 ], [ 522840.83534, 6428075.56758 ], [ 522845.84689, 6428077.52411 ], [ 522866.94185, 6428091.33585 ], [ 522872.84453, 6428080.29724 ], [ 522877.76481, 6428071.26489 ], [ 522884.65819, 6428059.21899 ], [ 522891.53497, 6428045.17512 ], [ 522913.53766, 6428047.9897 ], [ 522924.56804, 6428052.89345 ], [ 522939.51972, 6428048.77314 ], [ 522973.40243, 6428038.50138 ], [ 522978.38909, 6428037.46094 ], [ 522984.35815, 6428034.41423 ], [ 522990.3355, 6428032.36651 ], [ 522994.28168, 6428026.33942 ], [ 522999.21026, 6428018.30605 ], [ 523000.16777, 6428013.30282 ], [ 523000.12628, 6428008.30788 ], [ 523003.08177, 6428003.28806 ], [ 522953.97359, 6427984.71351 ], [ 522926.01844, 6427986.94361 ], [ 522905.00645, 6427983.12176 ], [ 522879.96531, 6427975.33711 ], [ 522861.98348, 6427975.48633 ], [ 522847.99761, 6427975.60239 ], [ 522843.00265, 6427975.64385 ], [ 522836.00142, 6427974.70289 ], [ 522836.97552, 6427971.69763 ], [ 522811.00176, 6427971.91318 ], [ 522766.03888, 6427971.28725 ], [ 522730.07522, 6427971.5857 ], [ 522721.0843, 6427971.66031 ], [ 522714.40664, 6428009.67991 ], [ 522747.37333, 6428009.40633 ], [ 522746.38264, 6428010.41361 ] ] ] ] } },
{ "type": "Feature", "properties": { "COMMUNE": "Sainte-Foy-de-Longas", "COMMUNAUTE": "CC des Bastides Dordogne Périgord", "INSEE_COMM": 24407, "ID_CDECOMM": 21, "SURFACE_UR": 2.2613, "COVISIBILI": "non", "SITUATION_": "boise", "SITUATION1": "plateau plaine" }, "geometry": { "type": "MultiPolygon", "coordinates": [ [ [ [ 524553.9212, 6426836.50587 ], [ 524558.92444, 6426837.4634 ], [ 524572.11876, 6426862.33031 ], [ 524574.14993, 6426866.30968 ], [ 524627.03831, 6426858.8773 ], [ 524673.13291, 6426875.47867 ], [ 524685.16228, 6426880.37411 ], [ 524735.18646, 6426888.95041 ], [ 524757.20573, 6426893.76293 ], [ 524783.18776, 6426894.54633 ], [ 524783.25415, 6426902.53824 ], [ 524801.25256, 6426904.38696 ], [ 524804.05038, 6426880.38637 ], [ 524802.81904, 6426852.42299 ], [ 524802.74436, 6426843.4321 ], [ 524814.80692, 6426852.32349 ], [ 524822.60798, 6426829.28043 ], [ 524828.47745, 6426814.24585 ], [ 524829.44325, 6426810.24161 ], [ 524825.43899, 6426809.27579 ], [ 524821.44303, 6426809.30896 ], [ 524812.44382, 6426808.3846 ], [ 524789.33428, 6426792.5915 ], [ 524771.25289, 6426780.7529 ], [ 524731.07755, 6426755.11088 ], [ 524722.28579, 6426779.16122 ], [ 524719.36351, 6426788.17699 ], [ 524706.22727, 6426770.303 ], [ 524719.36351, 6426788.17699 ], [ 524696.28716, 6426776.37985 ], [ 524659.24986, 6426767.69575 ], [ 524648.5431, 6426801.75256 ], [ 524645.62081, 6426810.76833 ], [ 524643.64773, 6426813.78187 ], [ 524625.63272, 6426809.93517 ], [ 524617.6242, 6426808.00353 ], [ 524601.63207, 6426807.13721 ], [ 524594.63914, 6426807.19525 ], [ 524558.65891, 6426805.49578 ], [ 524553.9212, 6426836.50587 ] ] ] ] } },
{ "type": "Feature", "properties": { "COMMUNE": "Mauzac-et-Grand-Castang", "COMMUNAUTE": "CC des Bastides Dordogne Périgord", "INSEE_COMM": 24260, "ID_CDECOMM": 21, "SURFACE_UR": 1.49115, "COVISIBILI": "non", "SITUATION_": "non boise", "SITUATION1": "pente" }, "geometry": { "type": "MultiPolygon", "coordinates": [ [ [ [ 524743.94348, 6425056.60841 ], [ 524766.62149, 6425020.45417 ], [ 524770.55106, 6425012.42911 ], [ 524784.34604, 6424989.33632 ], [ 524795.18554, 6424971.26334 ], [ 524806.02505, 6424953.19037 ], [ 524815.89046, 6424938.12265 ], [ 524821.78481, 6424926.08505 ], [ 524823.7413, 6424921.07353 ], [ 524835.48851, 6424892.00341 ], [ 524841.34967, 6424875.96987 ], [ 524844.25536, 6424864.95614 ], [ 524850.10822, 6424847.92362 ], [ 524857.90927, 6424824.88058 ], [ 524867.64191, 6424793.82908 ], [ 524870.56419, 6424784.81332 ], [ 524860.54111, 6424780.9003 ], [ 524862.481, 6424773.89081 ], [ 524859.47574, 6424772.9167 ], [ 524826.42616, 6424763.20048 ], [ 524795.23024, 6424856.37158 ], [ 524778.63746, 6424903.46492 ], [ 524759.92222, 6424935.59005 ], [ 524700.77953, 6425031.99031 ], [ 524713.82446, 6425038.87542 ], [ 524743.94348, 6425056.60841 ] ] ] ] } },
{ "type": "Feature", "properties": { "COMMUNE": "Lalinde", "COMMUNAUTE": "CC des Bastides Dordogne Périgord", "INSEE_COMM": 24223, "ID_CDECOMM": 21, "SURFACE_UR": 3.79175, "COVISIBILI": "non", "SITUATION_": "boise", "SITUATION1": "plateau plaine" }, "geometry": { "type": "MultiPolygon", "coordinates": [ [ [ [ 521765.25382, 6422229.03067 ], [ 521814.47792, 6422261.59094 ], [ 521848.58449, 6422278.2918 ], [ 521881.66719, 6422292.00401 ], [ 521955.52949, 6422163.51228 ], [ 521991.91138, 6422093.27666 ], [ 522001.85977, 6422088.19883 ], [ 522042.03023, 6421992.95545 ], [ 521939.01015, 6421978.82459 ], [ 521901.02844, 6422097.02801 ], [ 521886.01046, 6422093.15643 ], [ 521879.00925, 6422092.21548 ], [ 521877.01128, 6422092.23206 ], [ 521873.01533, 6422092.26522 ], [ 521871.01735, 6422092.2818 ], [ 521856.03255, 6422092.40615 ], [ 521851.03761, 6422092.4476 ], [ 521851.03761, 6422092.4476 ], [ 521829.0516, 6422091.631 ], [ 521765.25382, 6422229.03067 ] ] ] ] } },
{ "type": "Feature", "properties": { "COMMUNE": "Mauzac-et-Grand-Castang", "COMMUNAUTE": "CC des Bastides Dordogne Périgord", "INSEE_COMM": 24260, "ID_CDECOMM": 21, "SURFACE_UR": 1.068, "COVISIBILI": "non", "SITUATION_": "clairiere", "SITUATION1": "plateau plaine" }, "geometry": { "type": "MultiPolygon", "coordinates": [ [ [ [ 523597.96758, 6425170.02195 ], [ 523586.987, 6425171.11214 ], [ 523572.01877, 6425173.23449 ], [ 523517.99041, 6425163.69235 ], [ 523510.18104, 6425185.73639 ], [ 523475.20481, 6425304.91429 ], [ 523487.20097, 6425305.81378 ], [ 523518.2443, 6425314.54763 ], [ 523538.70863, 6425252.43634 ], [ 523598.67284, 6425254.93582 ], [ 523597.96758, 6425170.02195 ] ] ] ] } },
{ "type": "Feature", "properties": { "COMMUNE": "Pressignac-Vicq", "COMMUNAUTE": "CC des Bastides Dordogne Périgord", "INSEE_COMM": 24338, "ID_CDECOMM": 21, "SURFACE_UR": 2.2323, "COVISIBILI": "oui", "SITUATION_": "non boise", "SITUATION1": "ligne de crete" }, "geometry": { "type": "MultiPolygon", "coordinates": [ [ [ [ 523046.92586, 6424019.68794 ], [ 523048.0078, 6424029.6695 ], [ 523045.16016, 6424047.67611 ], [ 523087.00981, 6424034.34108 ], [ 523103.95942, 6424030.20419 ], [ 523103.81011, 6424012.22245 ], [ 523090.7652, 6424005.33734 ], [ 523085.02368, 6423915.4701 ], [ 523126.02721, 6423800.23856 ], [ 523066.04646, 6423795.7411 ], [ 523060.14379, 6423806.77968 ], [ 523049.32082, 6423826.85059 ], [ 523046.35704, 6423830.8714 ], [ 523037.50717, 6423847.92877 ], [ 523032.5703, 6423854.96313 ], [ 523027.65002, 6423863.99545 ], [ 523013.80521, 6423881.09427 ], [ 523004.89727, 6423891.15875 ], [ 522992.03486, 6423906.25131 ], [ 522988.08868, 6423912.27839 ], [ 522987.13946, 6423918.28059 ], [ 522986.16536, 6423921.28584 ], [ 522983.16839, 6423921.31071 ], [ 522970.22303, 6423926.41342 ], [ 522959.25905, 6423929.50157 ], [ 522950.27645, 6423930.57518 ], [ 522977.58093, 6423970.31074 ], [ 522982.00824, 6424022.22482 ], [ 523042.92162, 6424018.72212 ], [ 523046.92586, 6424019.68794 ] ] ] ] } },
{ "type": "Feature", "properties": { "COMMUNE": "Mauzac-et-Grand-Castang", "COMMUNAUTE": "CC des Bastides Dordogne Périgord", "INSEE_COMM": 24260, "ID_CDECOMM": 21, "SURFACE_UR": 3.734, "COVISIBILI": "oui", "SITUATION_": "non boise", "SITUATION1": "ligne de crete" }, "geometry": { "type": "MultiPolygon", "coordinates": [ [ [ [ 523616.37034, 6424137.84547 ], [ 523664.89768, 6424086.49093 ], [ 523734.7107, 6424071.92473 ], [ 523734.42035, 6424036.96024 ], [ 523733.38818, 6424032.97259 ], [ 523837.56849, 6423946.18923 ], [ 523869.1545, 6423899.97057 ], [ 523799.05114, 6423879.57229 ], [ 523738.17925, 6423888.06995 ], [ 523714.17865, 6423885.27199 ], [ 523671.75309, 6423949.56359 ], [ 523598.19299, 6423994.13251 ], [ 523525.93881, 6424075.65561 ], [ 523573.10693, 6424101.23954 ], [ 523576.10389, 6424101.21466 ], [ 523616.37034, 6424137.84547 ] ] ] ] } },
{ "type": "Feature", "properties": { "COMMUNE": "Saint-Marcel-du-Périgord", "COMMUNAUTE": "CC des Bastides Dordogne Périgord", "INSEE_COMM": 24445, "ID_CDECOMM": 21, "SURFACE_UR": 3.45515, "COVISIBILI": "oui", "SITUATION_": "clairiere", "SITUATION1": "pente" }, "geometry": { "type": "MultiPolygon", "coordinates": [ [ [ [ 520174.69384, 6427876.89872 ], [ 520201.45093, 6427850.70124 ], [ 520208.51022, 6427858.63513 ], [ 520215.55292, 6427864.57104 ], [ 520296.76147, 6427898.86426 ], [ 520375.13895, 6427953.16211 ], [ 520380.98359, 6427935.13059 ], [ 520380.94211, 6427930.13565 ], [ 520392.73922, 6427907.05946 ], [ 520360.14112, 6427831.4016 ], [ 520360.93274, 6427806.41861 ], [ 520362.55746, 6427761.44757 ], [ 520303.61702, 6427761.93659 ], [ 520244.67658, 6427762.4256 ], [ 520242.73666, 6427769.4351 ], [ 520119.86912, 6427771.45355 ], [ 520038.03485, 6427782.12307 ], [ 520035.46919, 6427834.09531 ], [ 520047.45708, 6427833.99586 ], [ 520050.44575, 6427832.972 ], [ 520076.34486, 6427823.76562 ], [ 520083.33779, 6427823.7076 ], [ 520089.32344, 6427822.65888 ], [ 520103.30931, 6427822.54284 ], [ 520174.69384, 6427876.89872 ] ] ] ] } },
{ "type": "Feature", "properties": { "COMMUNE": "Mauzac-et-Grand-Castang", "COMMUNAUTE": "CC des Bastides Dordogne Périgord", "INSEE_COMM": 24260, "ID_CDECOMM": 21, "SURFACE_UR": 1.80825, "COVISIBILI": "oui", "SITUATION_": "non boise", "SITUATION1": "pente" }, "geometry": { "type": "MultiPolygon", "coordinates": [ [ [ [ 524913.85636, 6419772.20476 ], [ 524898.11317, 6419801.30792 ], [ 524879.4145, 6419835.43088 ], [ 525133.21159, 6419960.20366 ], [ 525134.16909, 6419955.20046 ], [ 525158.89486, 6419925.02367 ], [ 525164.8224, 6419916.98205 ], [ 525160.79327, 6419913.01929 ], [ 525111.61066, 6419885.45412 ], [ 524994.15686, 6419817.49455 ], [ 524913.85636, 6419772.20476 ] ] ] ] } },
{ "type": "Feature", "properties": { "COMMUNE": "Sainte-Foy-de-Longas", "COMMUNAUTE": "CC des Bastides Dordogne Périgord", "INSEE_COMM": 24407, "ID_CDECOMM": 21, "SURFACE_UR": 0.2902, "COVISIBILI": "oui", "SITUATION_": "non boise", "SITUATION1": "pente" }, "geometry": { "type": "MultiPolygon", "coordinates": [ [ [ [ 524151.22106, 6428631.1584 ], [ 524146.20121, 6428628.20288 ], [ 524141.20625, 6428628.24434 ], [ 524138.22587, 6428630.26719 ], [ 524133.2724, 6428635.30359 ], [ 524118.27924, 6428634.42897 ], [ 524066.29021, 6428629.86516 ], [ 524064.67391, 6428675.83525 ], [ 524086.66002, 6428676.65184 ], [ 524094.64365, 6428675.58652 ], [ 524103.61798, 6428673.51392 ], [ 524132.45596, 6428657.28965 ], [ 524143.35359, 6428646.20957 ], [ 524151.23765, 6428633.15638 ], [ 524151.22106, 6428631.1584 ] ] ] ] } },
{ "type": "Feature", "properties": { "COMMUNE": "Sainte-Foy-de-Longas", "COMMUNAUTE": "CC des Bastides Dordogne Périgord", "INSEE_COMM": 24407, "ID_CDECOMM": 21, "SURFACE_UR": 0.5716, "COVISIBILI": "non", "SITUATION_": "non boise", "SITUATION1": "vallee" }, "geometry": { "type": "MultiPolygon", "coordinates": [ [ [ [ 524151.22106, 6428631.1584 ], [ 524157.25649, 6428636.1036 ], [ 524171.36683, 6428650.97236 ], [ 524182.44701, 6428661.87004 ], [ 524192.5199, 6428671.77702 ], [ 524202.39365, 6428657.70826 ], [ 524213.44063, 6428664.60998 ], [ 524238.08351, 6428624.44313 ], [ 524248.93135, 6428607.36911 ], [ 524217.82986, 6428591.64231 ], [ 524180.71783, 6428573.96727 ], [ 524168.68015, 6428568.07283 ], [ 524161.89465, 6428593.1056 ], [ 524151.22106, 6428631.1584 ] ] ] ] } },
{ "type": "Feature", "properties": { "COMMUNE": "Mauzac-et-Grand-Castang", "COMMUNAUTE": "CC des Bastides Dordogne Périgord", "INSEE_COMM": 24260, "ID_CDECOMM": 21, "SURFACE_UR": 0.58955, "COVISIBILI": "non", "SITUATION_": "clairiere", "SITUATION1": "plateau plaine" }, "geometry": { "type": "MultiPolygon", "coordinates": [ [ [ [ 524493.33266, 6422668.95074 ], [ 524515.43482, 6422683.75309 ], [ 524523.33547, 6422672.69792 ], [ 524532.25169, 6422663.63243 ], [ 524536.19786, 6422657.60536 ], [ 524543.06633, 6422642.56254 ], [ 524566.23385, 6422665.34847 ], [ 524588.08713, 6422650.18128 ], [ 524601.02419, 6422644.07957 ], [ 524604.03774, 6422646.05266 ], [ 524607.043, 6422647.02677 ], [ 524623.80179, 6422619.91323 ], [ 524629.70446, 6422608.87464 ], [ 524635.54906, 6422590.84317 ], [ 524619.4906, 6422581.98499 ], [ 524602.35848, 6422564.14423 ], [ 524595.24943, 6422550.2165 ], [ 524587.46493, 6422575.25744 ], [ 524579.63066, 6422594.30448 ], [ 524569.77352, 6422610.37116 ], [ 524554.92145, 6422626.47929 ], [ 524545.98034, 6422632.54782 ], [ 524538.02162, 6422636.6101 ], [ 524523.09488, 6422643.72737 ], [ 524515.14447, 6422648.78863 ], [ 524508.18474, 6422652.84261 ], [ 524498.26953, 6422661.91639 ], [ 524493.33266, 6422668.95074 ] ] ] ] } },
{ "type": "Feature", "properties": { "COMMUNE": "Mauzac-et-Grand-Castang", "COMMUNAUTE": "CC des Bastides Dordogne Périgord", "INSEE_COMM": 24260, "ID_CDECOMM": 21, "SURFACE_UR": 0.99225, "COVISIBILI": null, "SITUATION_": null, "SITUATION1": null }, "geometry": { "type": "MultiPolygon", "coordinates": [ [ [ [ 524432.50173, 6421840.24165 ], [ 524405.63693, 6421853.45232 ], [ 524390.72679, 6421862.56756 ], [ 524387.70494, 6421859.59548 ], [ 524364.73654, 6421860.78518 ], [ 524364.76143, 6421863.78213 ], [ 524323.04455, 6421893.10093 ], [ 524320.08078, 6421897.12174 ], [ 524335.25639, 6421919.97399 ], [ 524337.26266, 6421920.95639 ], [ 524349.34175, 6421931.84571 ], [ 524351.3978, 6421938.82201 ], [ 524369.75288, 6421983.62704 ], [ 524402.6116, 6421970.36661 ], [ 524399.32429, 6421935.42705 ], [ 524402.30466, 6421933.4042 ], [ 524421.14438, 6421916.26393 ], [ 524426.94749, 6421893.23755 ], [ 524434.85643, 6421883.18137 ], [ 524457.65062, 6421861.01301 ], [ 524456.62674, 6421858.02435 ], [ 524476.52352, 6421847.86867 ], [ 524471.36267, 6421827.93045 ], [ 524444.45639, 6421836.14621 ], [ 524432.50173, 6421840.24165 ] ] ] ] } },
{ "type": "Feature", "properties": { "COMMUNE": "Mauzac-et-Grand-Castang", "COMMUNAUTE": "CC des Bastides Dordogne Périgord", "INSEE_COMM": 24260, "ID_CDECOMM": 21, "SURFACE_UR": 1.17865, "COVISIBILI": "non", "SITUATION_": "clairiere", "SITUATION1": "pente" }, "geometry": { "type": "MultiPolygon", "coordinates": [ [ [ [ 524264.92478, 6422593.91951 ], [ 524269.91142, 6422592.87907 ], [ 524264.75886, 6422573.93982 ], [ 524266.71536, 6422568.92832 ], [ 524269.65425, 6422561.91055 ], [ 524274.38372, 6422529.90159 ], [ 524274.03529, 6422487.94425 ], [ 524270.84752, 6422464.99248 ], [ 524214.12094, 6422491.43871 ], [ 524206.11245, 6422489.50708 ], [ 524186.08294, 6422483.67901 ], [ 524139.01439, 6422470.08294 ], [ 524131.97171, 6422464.14708 ], [ 524116.38611, 6422512.231 ], [ 524211.63832, 6422553.40062 ], [ 524197.88478, 6422581.48827 ], [ 524209.87263, 6422581.38876 ], [ 524214.86757, 6422581.34731 ], [ 524223.85845, 6422581.27268 ], [ 524222.91754, 6422588.27386 ], [ 524227.91247, 6422588.2324 ], [ 524253.90273, 6422590.01478 ], [ 524254.92661, 6422593.00344 ], [ 524255.93389, 6422593.99414 ], [ 524264.92478, 6422593.91951 ] ] ] ] } },
{ "type": "Feature", "properties": { "COMMUNE": "Mauzac-et-Grand-Castang", "COMMUNAUTE": "CC des Bastides Dordogne Périgord", "INSEE_COMM": 24260, "ID_CDECOMM": 21, "SURFACE_UR": 0.5095, "COVISIBILI": "non", "SITUATION_": "boise", "SITUATION1": "pente" }, "geometry": { "type": "MultiPolygon", "coordinates": [ [ [ [ 525714.57084, 6421152.24174 ], [ 525715.52835, 6421147.23853 ], [ 525721.39782, 6421132.20403 ], [ 525723.33772, 6421125.19456 ], [ 525724.31181, 6421122.18931 ], [ 525730.84011, 6421066.1882 ], [ 525736.83403, 6421066.13844 ], [ 525729.55075, 6421031.23207 ], [ 525734.2719, 6420998.22416 ], [ 525709.23086, 6420990.43962 ], [ 525702.39559, 6421009.47835 ], [ 525699.48989, 6421020.49205 ], [ 525694.636, 6421037.51623 ], [ 525692.73758, 6421049.52061 ], [ 525691.83816, 6421061.51671 ], [ 525691.87134, 6421065.51264 ], [ 525691.92942, 6421072.50552 ], [ 525693.05285, 6421087.48198 ], [ 525695.26653, 6421113.43896 ], [ 525694.46666, 6421137.42285 ], [ 525694.52474, 6421144.41574 ], [ 525714.57084, 6421152.24174 ] ] ] ] } },
{ "type": "Feature", "properties": { "COMMUNE": "Pressignac-Vicq", "COMMUNAUTE": "CC des Bastides Dordogne Périgord", "INSEE_COMM": 24338, "ID_CDECOMM": 21, "SURFACE_UR": 2.7769, "COVISIBILI": "non", "SITUATION_": "non boise", "SITUATION1": "plateau plaine" }, "geometry": { "type": "MultiPolygon", "coordinates": [ [ [ [ 519970.75887, 6424853.44985 ], [ 519972.75685, 6424853.43328 ], [ 519981.83898, 6424864.34752 ], [ 519981.93021, 6424875.33637 ], [ 519982.97067, 6424880.32301 ], [ 519985.34188, 6424925.26081 ], [ 519985.44141, 6424937.24864 ], [ 519985.54095, 6424949.23647 ], [ 519987.55551, 6424951.21786 ], [ 519984.61661, 6424958.23563 ], [ 519979.65485, 6424962.27302 ], [ 519976.70765, 6424968.2918 ], [ 519969.77279, 6424975.34272 ], [ 519973.06006, 6425010.28236 ], [ 520041.19034, 6425033.69439 ], [ 520052.16263, 6425031.60525 ], [ 520053.16162, 6425031.59696 ], [ 520061.13693, 6425029.53268 ], [ 520081.07523, 6425024.37197 ], [ 520090.05783, 6425023.29839 ], [ 520093.0465, 6425022.27453 ], [ 520120.96012, 6425015.04955 ], [ 520120.81081, 6424997.0678 ], [ 520112.6696, 6424979.15236 ], [ 520099.40074, 6424945.29459 ], [ 520089.8873, 6424882.43308 ], [ 520116.85998, 6424882.20928 ], [ 520112.54057, 6424843.28198 ], [ 520080.56465, 6424842.54823 ], [ 520043.59379, 6424841.85593 ], [ 520038.12609, 6424784.95517 ], [ 520038.10121, 6424781.95821 ], [ 519963.11903, 6424775.58696 ], [ 519974.66359, 6424842.42785 ], [ 519970.75887, 6424853.44985 ] ] ] ] } },
{ "type": "Feature", "properties": { "COMMUNE": "Saint-Marcel-du-Périgord", "COMMUNAUTE": "CC des Bastides Dordogne Périgord", "INSEE_COMM": 24445, "ID_CDECOMM": 21, "SURFACE_UR": 0.53435, "COVISIBILI": "non", "SITUATION_": "clairiere", "SITUATION1": "plateau plaine" }, "geometry": { "type": "MultiPolygon", "coordinates": [ [ [ [ 520188.61756, 6426906.69929 ], [ 520230.68296, 6426919.33801 ], [ 520237.12015, 6426852.34783 ], [ 520261.1042, 6426853.1479 ], [ 520260.99637, 6426840.16106 ], [ 520277.93772, 6426835.02522 ], [ 520273.80905, 6426819.07457 ], [ 520282.75848, 6426814.00504 ], [ 520280.61949, 6426797.03883 ], [ 520267.64921, 6426799.14456 ], [ 520266.61704, 6426795.1569 ], [ 520252.65607, 6426798.2699 ], [ 520241.70036, 6426802.35703 ], [ 520244.78857, 6426813.32102 ], [ 520232.90023, 6426825.40833 ], [ 520230.95202, 6426831.41883 ], [ 520232.99147, 6426836.39719 ], [ 520221.06166, 6426843.48956 ], [ 520175.38185, 6426876.83742 ], [ 520170.59427, 6426901.85355 ], [ 520188.61756, 6426906.69929 ] ] ] ] } },
{ "type": "Feature", "properties": { "COMMUNE": "Mauzac-et-Grand-Castang", "COMMUNAUTE": "CC des Bastides Dordogne Périgord", "INSEE_COMM": 24260, "ID_CDECOMM": 21, "SURFACE_UR": 0.7343, "COVISIBILI": "oui", "SITUATION_": "non boise", "SITUATION1": "pente" }, "geometry": { "type": "MultiPolygon", "coordinates": [ [ [ [ 525496.94354, 6420209.9443 ], [ 525527.85404, 6420202.69435 ], [ 525538.87607, 6420206.59906 ], [ 525542.80564, 6420198.57402 ], [ 525541.79836, 6420197.58333 ], [ 525537.77753, 6420194.61956 ], [ 525536.78684, 6420195.62683 ], [ 525520.7035, 6420183.77173 ], [ 525518.68894, 6420181.79035 ], [ 525515.67538, 6420179.81726 ], [ 525494.56393, 6420164.00769 ], [ 525503.44695, 6420150.94628 ], [ 525479.33854, 6420135.16158 ], [ 525471.28858, 6420128.23505 ], [ 525460.22506, 6420119.33542 ], [ 525446.12311, 6420105.46577 ], [ 525423.97949, 6420085.66856 ], [ 525404.24865, 6420115.80389 ], [ 525406.29641, 6420121.7812 ], [ 525410.46657, 6420142.72666 ], [ 525414.59526, 6420158.67721 ], [ 525412.62218, 6420161.69075 ], [ 525493.94658, 6420209.96918 ], [ 525496.94354, 6420209.9443 ] ] ] ] } },
{ "type": "Feature", "properties": { "COMMUNE": "Pressignac-Vicq", "COMMUNAUTE": "CC des Bastides Dordogne Périgord", "INSEE_COMM": 24338, "ID_CDECOMM": 21, "SURFACE_UR": 8.651, "COVISIBILI": "non", "SITUATION_": "clairiere", "SITUATION1": "plateau plaine" }, "geometry": { "type": "MultiPolygon", "coordinates": [ [ [ [ 522045.49781, 6424335.70756 ], [ 522096.57062, 6424350.26954 ], [ 522132.23918, 6424194.12103 ], [ 522150.21267, 6424192.97282 ], [ 522165.1892, 6424191.84948 ], [ 522230.28102, 6424210.29134 ], [ 522241.04592, 6424183.22753 ], [ 522241.95367, 6424172.2304 ], [ 522242.86141, 6424161.23327 ], [ 522244.80962, 6424155.22277 ], [ 522246.76612, 6424150.21127 ], [ 522257.68033, 6424141.1292 ], [ 522270.59252, 6424132.03056 ], [ 522289.46546, 6424118.88623 ], [ 522300.08105, 6424073.84068 ], [ 522301.02198, 6424066.83949 ], [ 522383.04682, 6424079.14649 ], [ 522384.94526, 6424067.14208 ], [ 522386.87688, 6424059.13362 ], [ 522395.6438, 6424032.08639 ], [ 522401.50501, 6424016.05288 ], [ 522402.47082, 6424012.04865 ], [ 522415.46596, 6424012.93986 ], [ 522422.46717, 6424013.88081 ], [ 522425.38948, 6424004.86507 ], [ 522433.19059, 6423981.82208 ], [ 522424.15823, 6423976.90177 ], [ 522424.0338, 6423961.91699 ], [ 522422.90209, 6423945.94151 ], [ 522443.6237, 6423914.79886 ], [ 522432.54358, 6423903.90122 ], [ 522423.47804, 6423894.98496 ], [ 522408.38538, 6423882.12251 ], [ 522390.28747, 6423868.28594 ], [ 522370.20818, 6423856.46393 ], [ 522324.08884, 6423836.86558 ], [ 522318.07002, 6423833.91837 ], [ 522289.99883, 6423822.16268 ], [ 522264.94118, 6423812.38008 ], [ 522256.9161, 6423808.45047 ], [ 522233.70352, 6423900.55609 ], [ 522231.21255, 6423961.51907 ], [ 522219.24128, 6423963.61653 ], [ 522221.30202, 6424091.47838 ], [ 522154.36153, 6424091.03484 ], [ 522150.35729, 6424090.06902 ], [ 522138.36943, 6424090.1685 ], [ 522074.47568, 6424095.69401 ], [ 522000.68328, 6424112.29125 ], [ 522000.73305, 6424118.28517 ], [ 522012.41039, 6424201.10978 ], [ 522008.72964, 6424239.10439 ], [ 522006.96392, 6424267.09257 ], [ 522005.0323, 6424275.10104 ], [ 522003.24999, 6424301.09124 ], [ 522001.45109, 6424325.08348 ], [ 522044.46564, 6424331.7199 ], [ 522045.49781, 6424335.70756 ] ] ] ] } },
{ "type": "Feature", "properties": { "COMMUNE": "Mauzac-et-Grand-Castang", "COMMUNAUTE": "CC des Bastides Dordogne Périgord", "INSEE_COMM": 24260, "ID_CDECOMM": 21, "SURFACE_UR": 2.883, "COVISIBILI": "non", "SITUATION_": "boise", "SITUATION1": "plateau plaine" }, "geometry": { "type": "MultiPolygon", "coordinates": [ [ [ [ 525005.53579, 6421307.98537 ], [ 525025.30812, 6421282.84493 ], [ 525033.20875, 6421271.78977 ], [ 525041.10109, 6421259.73563 ], [ 525053.93029, 6421240.64714 ], [ 525054.90439, 6421237.6419 ], [ 525070.69736, 6421214.5326 ], [ 525073.66943, 6421211.51078 ], [ 525086.49863, 6421192.42229 ], [ 525104.2398, 6421163.30251 ], [ 525115.07932, 6421145.22959 ], [ 525125.92713, 6421128.15565 ], [ 525130.8474, 6421119.12334 ], [ 525140.69623, 6421102.0577 ], [ 525145.6165, 6421093.02539 ], [ 525153.49224, 6421078.97328 ], [ 525165.29756, 6421056.89614 ], [ 525176.11219, 6421035.82627 ], [ 525183.98794, 6421021.77416 ], [ 525187.91752, 6421013.74913 ], [ 525182.8894, 6421009.79466 ], [ 525149.68225, 6420981.0978 ], [ 525146.71018, 6420984.11962 ], [ 525090.65564, 6421091.48351 ], [ 525046.44305, 6421060.87989 ], [ 525032.64805, 6421083.9726 ], [ 524991.30453, 6421158.24565 ], [ 524971.59028, 6421190.37897 ], [ 524928.24878, 6421264.66861 ], [ 524926.2757, 6421267.68214 ], [ 525005.53579, 6421307.98537 ] ] ] ] } },
{ "type": "Feature", "properties": { "COMMUNE": "Mauzac-et-Grand-Castang", "COMMUNAUTE": "CC des Bastides Dordogne Périgord", "INSEE_COMM": 24260, "ID_CDECOMM": 21, "SURFACE_UR": 4.2672, "COVISIBILI": "non", "SITUATION_": "non boise", "SITUATION1": "vallee" }, "geometry": { "type": "MultiPolygon", "coordinates": [ [ [ [ 526148.41343, 6420581.17863 ], [ 526148.38854, 6420578.18168 ], [ 526147.35637, 6420574.19405 ], [ 526150.14591, 6420549.19459 ], [ 526153.93444, 6420524.18685 ], [ 526153.90955, 6420521.1899 ], [ 526125.93793, 6420521.42211 ], [ 526112.07166, 6420415.63774 ], [ 526110.79059, 6420381.68062 ], [ 526109.70034, 6420370.7001 ], [ 526109.64226, 6420363.70722 ], [ 525941.87894, 6420373.09234 ], [ 525915.91359, 6420374.30694 ], [ 525921.07446, 6420394.24513 ], [ 525922.12322, 6420400.23074 ], [ 525925.27782, 6420419.18653 ], [ 525925.3193, 6420424.18145 ], [ 525925.44375, 6420439.16619 ], [ 525925.51842, 6420448.15703 ], [ 525924.64388, 6420463.15007 ], [ 525921.84604, 6420487.15054 ], [ 525919.43814, 6420558.1032 ], [ 525920.47861, 6420563.08982 ], [ 525923.54194, 6420571.05681 ], [ 526147.44763, 6420585.18286 ], [ 526148.41343, 6420581.17863 ] ] ] ] } },
{ "type": "Feature", "properties": { "COMMUNE": "Sainte-Foy-de-Longas", "COMMUNAUTE": "CC des Bastides Dordogne Périgord", "INSEE_COMM": 24407, "ID_CDECOMM": 21, "SURFACE_UR": 1.29835, "COVISIBILI": "non", "SITUATION_": "non boise", "SITUATION1": "plateau plaine" }, "geometry": { "type": "MultiPolygon", "coordinates": [ [ [ [ 521159.59434, 6429420.26344 ], [ 521154.60767, 6429421.30387 ], [ 521140.64667, 6429424.41688 ], [ 521129.69095, 6429428.50402 ], [ 521127.70126, 6429429.51958 ], [ 521145.83243, 6429447.35219 ], [ 521149.82839, 6429447.31904 ], [ 521182.77024, 6429444.04854 ], [ 521203.78225, 6429447.87043 ], [ 521223.79526, 6429451.70061 ], [ 521231.74572, 6429446.63936 ], [ 521232.7696, 6429449.62804 ], [ 521239.75425, 6429448.57102 ], [ 521239.72106, 6429444.57507 ], [ 521261.674, 6429441.39574 ], [ 521261.71548, 6429446.39069 ], [ 521289.65406, 6429442.16264 ], [ 521289.57111, 6429432.17275 ], [ 521285.31798, 6429401.23723 ], [ 521348.18334, 6429271.83712 ], [ 521323.09241, 6429258.05849 ], [ 521310.04746, 6429251.17332 ], [ 521309.08994, 6429256.17656 ], [ 521300.27322, 6429277.22993 ], [ 521296.39339, 6429291.24894 ], [ 521291.58923, 6429314.26714 ], [ 521288.65032, 6429321.28493 ], [ 521262.90051, 6429348.47315 ], [ 521254.98323, 6429357.53037 ], [ 521243.09488, 6429369.61771 ], [ 521239.1238, 6429372.64783 ], [ 521210.31065, 6429391.86901 ], [ 521194.40973, 6429401.99152 ], [ 521188.45726, 6429407.0362 ], [ 521182.49649, 6429411.08189 ], [ 521159.59434, 6429420.26344 ] ] ] ] } },
{ "type": "Feature", "properties": { "COMMUNE": "Sainte-Foy-de-Longas", "COMMUNAUTE": "CC des Bastides Dordogne Périgord", "INSEE_COMM": 24407, "ID_CDECOMM": 21, "SURFACE_UR": 1.3371, "COVISIBILI": "non", "SITUATION_": "non boise", "SITUATION1": "plateau plaine" }, "geometry": { "type": "MultiPolygon", "coordinates": [ [ [ [ 521013.14428, 6429349.54636 ], [ 521016.11637, 6429346.52453 ], [ 521022.04396, 6429338.48288 ], [ 521036.85464, 6429317.37978 ], [ 521048.71811, 6429302.29547 ], [ 521160.06598, 6429236.43283 ], [ 521191.04302, 6429237.17486 ], [ 521197.82858, 6429212.14211 ], [ 521221.84585, 6429216.93812 ], [ 521221.82097, 6429213.94115 ], [ 521222.77848, 6429208.93792 ], [ 521218.77422, 6429207.97208 ], [ 521220.68095, 6429196.96663 ], [ 521207.66088, 6429193.07842 ], [ 521189.64585, 6429189.23167 ], [ 521180.63833, 6429187.30829 ], [ 521154.65626, 6429186.52481 ], [ 521131.67945, 6429186.71545 ], [ 521121.69783, 6429187.79733 ], [ 521112.75668, 6429193.86586 ], [ 521100.85173, 6429203.95522 ], [ 521078.03253, 6429223.12666 ], [ 521062.15651, 6429236.24614 ], [ 521020.4726, 6429269.56091 ], [ 521007.57695, 6429280.65755 ], [ 520996.70418, 6429294.73457 ], [ 520988.77861, 6429302.7928 ], [ 520978.85505, 6429310.8676 ], [ 520964.96871, 6429322.97151 ], [ 520959.01624, 6429328.01619 ], [ 520986.05537, 6429335.78431 ], [ 520993.0732, 6429338.72325 ], [ 521013.14428, 6429349.54636 ], [ 521013.14428, 6429349.54636 ] ] ] ] } },
{ "type": "Feature", "properties": { "COMMUNE": "Sainte-Foy-de-Longas", "COMMUNAUTE": "CC des Bastides Dordogne Périgord", "INSEE_COMM": 24407, "ID_CDECOMM": 21, "SURFACE_UR": 1.0719, "COVISIBILI": "non", "SITUATION_": "non boise", "SITUATION1": "plateau plaine" }, "geometry": { "type": "MultiPolygon", "coordinates": [ [ [ [ 524106.43135, 6430816.47209 ], [ 524133.41245, 6430817.24723 ], [ 524139.41471, 6430818.19648 ], [ 524157.43807, 6430823.0422 ], [ 524165.4549, 6430825.97285 ], [ 524171.49035, 6430830.91806 ], [ 524180.54767, 6430838.83537 ], [ 524183.57784, 6430842.80646 ], [ 524186.6329, 6430849.77452 ], [ 524192.56877, 6430842.73184 ], [ 524189.5303, 6430837.76176 ], [ 524205.44781, 6430829.63718 ], [ 524216.39524, 6430824.55102 ], [ 524211.35049, 6430818.59853 ], [ 524205.29016, 6430810.65635 ], [ 524199.22982, 6430802.71417 ], [ 524195.18406, 6430796.75339 ], [ 524191.1466, 6430791.79159 ], [ 524184.20344, 6430797.84358 ], [ 524172.19063, 6430794.94609 ], [ 524168.16147, 6430790.98329 ], [ 524165.18108, 6430793.00615 ], [ 524159.17883, 6430792.0569 ], [ 524168.01211, 6430773.00146 ], [ 524174.89719, 6430759.95654 ], [ 524180.78328, 6430746.91991 ], [ 524183.75537, 6430743.89807 ], [ 524189.70783, 6430738.85337 ], [ 524191.68093, 6430735.83981 ], [ 524218.22226, 6430683.66844 ], [ 524230.01933, 6430660.59216 ], [ 524231.97582, 6430655.58062 ], [ 524235.73946, 6430627.57572 ], [ 524231.73519, 6430626.60989 ], [ 524231.73519, 6430626.60989 ], [ 524215.72641, 6430623.74557 ], [ 524202.7561, 6430625.85133 ], [ 524188.7785, 6430626.9664 ], [ 524171.04556, 6430657.08535 ], [ 524171.09535, 6430663.0793 ], [ 524170.51123, 6430713.03713 ], [ 524124.01494, 6430768.37129 ], [ 524106.43135, 6430816.47209 ] ] ] ] } },
{ "type": "Feature", "properties": { "COMMUNE": "Pressignac-Vicq", "COMMUNAUTE": "CC des Bastides Dordogne Périgord", "INSEE_COMM": 24338, "ID_CDECOMM": 21, "SURFACE_UR": 1.85915, "COVISIBILI": "non", "SITUATION_": "boise", "SITUATION1": "pente" }, "geometry": { "type": "MultiPolygon", "coordinates": [ [ [ [ 521652.52071, 6424895.44217 ], [ 521603.59517, 6424898.84533 ], [ 521582.02392, 6424947.97803 ], [ 521584.08826, 6424955.95334 ], [ 521567.08887, 6424954.09629 ], [ 521553.08644, 6424952.21438 ], [ 521524.09918, 6424950.45681 ], [ 521493.10565, 6424947.71684 ], [ 521497.3007, 6424971.65935 ], [ 521485.31284, 6424971.75882 ], [ 521412.81806, 6425024.31126 ], [ 521380.20815, 6425067.54123 ], [ 521401.3943, 6425092.3418 ], [ 521407.37164, 6425090.29409 ], [ 521412.34169, 6425087.25568 ], [ 521421.3077, 6425084.18411 ], [ 521428.26744, 6425080.13014 ], [ 521443.17761, 6425071.01492 ], [ 521462.05884, 6425058.86958 ], [ 521463.04953, 6425057.8623 ], [ 521488.8988, 6425042.66197 ], [ 521506.79764, 6425032.5229 ], [ 521519.71812, 6425024.42324 ], [ 521553.51781, 6425004.16166 ], [ 521576.395, 6424991.98316 ], [ 521595.30941, 6424983.83376 ], [ 521607.25579, 6424978.73935 ], [ 521630.21594, 6424976.55071 ], [ 521643.19449, 6424975.44396 ], [ 521654.17507, 6424974.35378 ], [ 521672.11538, 6424969.20963 ], [ 521679.1, 6424968.15262 ], [ 521652.52071, 6424895.44217 ] ] ] ] } },
{ "type": "Feature", "properties": { "COMMUNE": "Mauzac-et-Grand-Castang", "COMMUNAUTE": "CC des Bastides Dordogne Périgord", "INSEE_COMM": 24260, "ID_CDECOMM": 21, "SURFACE_UR": 2.22855, "COVISIBILI": "non", "SITUATION_": "non boise", "SITUATION1": "pente" }, "geometry": { "type": "MultiPolygon", "coordinates": [ [ [ [ 522880.26081, 6424883.25531 ], [ 522884.12402, 6424867.23837 ], [ 522892.72498, 6424820.2114 ], [ 522895.60581, 6424806.20072 ], [ 522900.46803, 6424790.17549 ], [ 522908.30233, 6424771.12843 ], [ 522915.15423, 6424754.08763 ], [ 522858.13724, 6424745.56933 ], [ 522857.12995, 6424744.57864 ], [ 522853.4279, 6424659.6897 ], [ 522868.33806, 6424650.57447 ], [ 522890.19967, 6424636.40626 ], [ 522839.19321, 6424629.83619 ], [ 522783.31623, 6424638.29237 ], [ 522784.36499, 6424644.27799 ], [ 522773.38441, 6424645.36818 ], [ 522775.49023, 6424658.33841 ], [ 522777.79512, 6424695.28431 ], [ 522778.87706, 6424705.26588 ], [ 522783.87201, 6424705.22443 ], [ 522790.10649, 6424734.14528 ], [ 522793.31913, 6424760.09404 ], [ 522793.55969, 6424789.06463 ], [ 522792.59389, 6424793.06887 ], [ 522789.73794, 6424810.07651 ], [ 522775.10154, 6424852.15829 ], [ 522774.11915, 6424854.16455 ], [ 522880.26081, 6424883.25531 ] ] ] ] } },
{ "type": "Feature", "properties": { "COMMUNE": "Mauzac-et-Grand-Castang", "COMMUNAUTE": "CC des Bastides Dordogne Périgord", "INSEE_COMM": 24260, "ID_CDECOMM": 21, "SURFACE_UR": 2.8731, "COVISIBILI": "non", "SITUATION_": "clairiere", "SITUATION1": "plateau plaine" }, "geometry": { "type": "MultiPolygon", "coordinates": [ [ [ [ 524471.36267, 6421827.93045 ], [ 524507.23494, 6421816.64312 ], [ 524509.23292, 6421816.62653 ], [ 524544.1145, 6421806.34647 ], [ 524573.93478, 6421788.116 ], [ 524610.73137, 6421767.82951 ], [ 524677.52246, 6421750.29121 ], [ 524677.33165, 6421727.31459 ], [ 524665.02027, 6421688.45373 ], [ 524637.44201, 6421615.7518 ], [ 524613.60736, 6421632.93354 ], [ 524579.82432, 6421655.19311 ], [ 524518.15261, 6421687.6747 ], [ 524471.40762, 6421713.03902 ], [ 524464.4396, 6421716.09402 ], [ 524442.56144, 6421728.26425 ], [ 524441.57905, 6421730.27051 ], [ 524440.64643, 6421738.27067 ], [ 524438.86415, 6421764.26083 ], [ 524437.97301, 6421777.25591 ], [ 524438.00619, 6421781.25185 ], [ 524437.08187, 6421790.251 ], [ 524432.50173, 6421840.24165 ], [ 524444.45639, 6421836.14621 ], [ 524471.36267, 6421827.93045 ] ] ] ] } },
{ "type": "Feature", "properties": { "COMMUNE": "Pressignac-Vicq", "COMMUNAUTE": "CC des Bastides Dordogne Périgord", "INSEE_COMM": 24338, "ID_CDECOMM": 21, "SURFACE_UR": 1.2832, "COVISIBILI": "oui", "SITUATION_": "non boise", "SITUATION1": "pente" }, "geometry": { "type": "MultiPolygon", "coordinates": [ [ [ [ 522048.21965, 6424904.14713 ], [ 522045.32224, 6424916.15984 ], [ 522041.48391, 6424935.17374 ], [ 522037.6207, 6424951.19068 ], [ 522034.75647, 6424967.19933 ], [ 522029.91086, 6424985.22253 ], [ 522028.99483, 6424995.22068 ], [ 522028.05391, 6425002.22188 ], [ 522027.20425, 6425020.21192 ], [ 522027.25403, 6425026.20584 ], [ 522030.33396, 6425036.17083 ], [ 522121.24191, 6425035.41642 ], [ 522114.75366, 6424855.64035 ], [ 522107.76904, 6424856.69736 ], [ 522098.84451, 6424864.76387 ], [ 522078.98919, 6424879.91446 ], [ 522071.04706, 6424885.9747 ], [ 522056.16178, 6424898.08689 ], [ 522048.21965, 6424904.14713 ] ] ] ] } },
{ "type": "Feature", "properties": { "COMMUNE": "Mauzac-et-Grand-Castang", "COMMUNAUTE": "CC des Bastides Dordogne Périgord", "INSEE_COMM": 24260, "ID_CDECOMM": 21, "SURFACE_UR": 0.8934, "COVISIBILI": "non", "SITUATION_": "boise", "SITUATION1": "pente" }, "geometry": { "type": "MultiPolygon", "coordinates": [ [ [ [ 525789.88967, 6421319.45728 ], [ 525706.71659, 6421289.17711 ], [ 525714.55085, 6421270.13008 ], [ 525726.36446, 6421249.05191 ], [ 525734.0079, 6421207.02826 ], [ 525728.99637, 6421205.07176 ], [ 525706.9357, 6421195.26437 ], [ 525687.88858, 6421187.43007 ], [ 525675.2668, 6421231.49315 ], [ 525668.45642, 6421253.52884 ], [ 525660.62216, 6421272.57586 ], [ 525645.92773, 6421307.66468 ], [ 525654.93521, 6421309.58801 ], [ 525693.98695, 6421320.2534 ], [ 525775.0874, 6421341.55931 ], [ 525785.10215, 6421344.47333 ], [ 525789.88967, 6421319.45728 ] ] ] ] } },
{ "type": "Feature", "properties": { "COMMUNE": "Pressignac-Vicq", "COMMUNAUTE": "CC des Bastides Dordogne Périgord", "INSEE_COMM": 24338, "ID_CDECOMM": 21, "SURFACE_UR": 3.54455, "COVISIBILI": "non", "SITUATION_": "boise", "SITUATION1": "plateau plaine" }, "geometry": { "type": "MultiPolygon", "coordinates": [ [ [ [ 522256.9161, 6423808.45047 ], [ 522236.86998, 6423800.62439 ], [ 522217.82286, 6423792.79003 ], [ 522212.81133, 6423790.83351 ], [ 522204.78624, 6423786.90389 ], [ 522199.76642, 6423783.94838 ], [ 522192.72374, 6423778.01251 ], [ 522189.70189, 6423775.04042 ], [ 522166.49291, 6423747.25951 ], [ 522133.24429, 6423713.56759 ], [ 522068.17737, 6423698.1227 ], [ 522062.27468, 6423709.16127 ], [ 522035.02467, 6423796.30512 ], [ 522098.00238, 6423800.77776 ], [ 522106.97668, 6423798.70518 ], [ 522114.22674, 6423829.61569 ], [ 522115.2589, 6423833.60334 ], [ 522125.24878, 6423833.52044 ], [ 522139.24291, 6423834.40336 ], [ 522147.2431, 6423835.33602 ], [ 522157.23298, 6423835.25312 ], [ 522200.19776, 6423835.89562 ], [ 522204.19371, 6423835.86246 ], [ 522212.18561, 6423835.79614 ], [ 522211.51842, 6423875.76384 ], [ 522125.63864, 6423880.47275 ], [ 522145.33277, 6423966.22798 ], [ 522146.37323, 6423971.21462 ], [ 522150.61803, 6424001.15102 ], [ 522149.66052, 6424006.15424 ], [ 522149.88448, 6424033.12685 ], [ 522149.94254, 6424040.11974 ], [ 522150.14991, 6424065.09438 ], [ 522150.35729, 6424090.06902 ], [ 522154.36153, 6424091.03484 ], [ 522221.30202, 6424091.47838 ], [ 522219.24128, 6423963.61653 ], [ 522231.21255, 6423961.51907 ], [ 522233.70352, 6423900.55609 ], [ 522256.9161, 6423808.45047 ] ] ] ] } },
{ "type": "Feature", "properties": { "COMMUNE": "Mauzac-et-Grand-Castang", "COMMUNAUTE": "CC des Bastides Dordogne Périgord", "INSEE_COMM": 24260, "ID_CDECOMM": 21, "SURFACE_UR": 1.8297, "COVISIBILI": "non", "SITUATION_": "boise", "SITUATION1": "plateau plaine" }, "geometry": { "type": "MultiPolygon", "coordinates": [ [ [ [ 523562.29107, 6425325.17167 ], [ 523566.29532, 6425326.13749 ], [ 523582.24595, 6425322.00889 ], [ 523606.11382, 6425308.82307 ], [ 523622.02296, 6425299.69953 ], [ 523638.9145, 6425288.56972 ], [ 523646.84833, 6425281.51048 ], [ 523651.81008, 6425277.47308 ], [ 523654.78215, 6425274.45124 ], [ 523656.71375, 6425266.44277 ], [ 523656.67227, 6425261.44783 ], [ 523687.32562, 6425223.22931 ], [ 523705.11657, 6425200.10337 ], [ 523714.04939, 6425193.03584 ], [ 523722.9905, 6425186.96729 ], [ 523733.92959, 6425180.88217 ], [ 523787.70073, 6425159.45571 ], [ 523807.63902, 6425154.29495 ], [ 523814.61534, 6425152.23893 ], [ 523820.57609, 6425148.19324 ], [ 523786.62707, 6425150.47312 ], [ 523777.64447, 6425151.54673 ], [ 523770.65155, 6425151.60477 ], [ 523758.66369, 6425151.70427 ], [ 523691.78123, 6425158.25371 ], [ 523680.80895, 6425160.34289 ], [ 523597.87631, 6425159.0331 ], [ 523597.93439, 6425166.02601 ], [ 523597.95098, 6425168.02398 ], [ 523597.96758, 6425170.02195 ], [ 523598.67284, 6425254.93582 ], [ 523538.70863, 6425252.43634 ], [ 523518.2443, 6425314.54763 ], [ 523519.24328, 6425314.53934 ], [ 523528.25078, 6425316.46269 ], [ 523562.29107, 6425325.17167 ] ] ] ] } },
{ "type": "Feature", "properties": { "COMMUNE": "Mauzac-et-Grand-Castang", "COMMUNAUTE": "CC des Bastides Dordogne Périgord", "INSEE_COMM": 24260, "ID_CDECOMM": 21, "SURFACE_UR": 2.63605, "COVISIBILI": "non", "SITUATION_": "clairiere", "SITUATION1": "ligne de crete" }, "geometry": { "type": "MultiPolygon", "coordinates": [ [ [ [ 525769.16922, 6422192.80133 ], [ 525786.1437, 6422191.66137 ], [ 525838.04955, 6422186.23521 ], [ 525850.0291, 6422185.13671 ], [ 525897.94729, 6422180.7427 ], [ 525932.87865, 6422176.45651 ], [ 525926.76028, 6422161.5215 ], [ 525891.26475, 6422097.87678 ], [ 525833.67536, 6422020.42873 ], [ 525802.31682, 6421973.73357 ], [ 525755.79096, 6421905.18515 ], [ 525744.5698, 6421877.30483 ], [ 525735.3798, 6421853.40385 ], [ 525721.45206, 6421860.51284 ], [ 525726.64611, 6421884.44699 ], [ 525739.14834, 6421946.28448 ], [ 525751.52612, 6421993.13721 ], [ 525756.67869, 6422012.07644 ], [ 525763.75456, 6422022.00823 ], [ 525770.9217, 6422042.92884 ], [ 525776.14064, 6422069.85994 ], [ 525776.19042, 6422075.85385 ], [ 525777.23919, 6422081.83946 ], [ 525775.38225, 6422098.83877 ], [ 525767.98771, 6422170.83197 ], [ 525769.05307, 6422178.81555 ], [ 525769.16922, 6422192.80133 ] ] ] ] } },
{ "type": "Feature", "properties": { "COMMUNE": "Mauzac-et-Grand-Castang", "COMMUNAUTE": "CC des Bastides Dordogne Périgord", "INSEE_COMM": 24260, "ID_CDECOMM": 21, "SURFACE_UR": 1.8425, "COVISIBILI": "oui", "SITUATION_": "non boise", "SITUATION1": "vallee" }, "geometry": { "type": "MultiPolygon", "coordinates": [ [ [ [ 525569.07648, 6419993.5504 ], [ 525571.00808, 6419985.54195 ], [ 525571.97388, 6419981.53773 ], [ 525572.88161, 6419970.54063 ], [ 525571.81625, 6419962.55706 ], [ 525552.61151, 6419935.7421 ], [ 525489.90281, 6419843.35089 ], [ 525484.8664, 6419838.39744 ], [ 525469.76546, 6419824.53608 ], [ 525426.61824, 6419801.91607 ], [ 525428.60792, 6419800.90051 ], [ 525428.57473, 6419796.90458 ], [ 525437.49924, 6419788.83808 ], [ 525411.31819, 6419764.07914 ], [ 525397.21624, 6419750.20948 ], [ 525348.92476, 6419709.64926 ], [ 525344.90393, 6419706.68548 ], [ 525332.83313, 6419696.79517 ], [ 525237.28236, 6419619.66236 ], [ 525213.48921, 6419641.83899 ], [ 525337.33515, 6419757.69992 ], [ 525504.50255, 6419917.15949 ], [ 525517.63041, 6419934.03438 ], [ 525520.65226, 6419937.00645 ], [ 525533.76352, 6419951.88338 ], [ 525546.89138, 6419968.75828 ], [ 525557.98808, 6419981.65383 ], [ 525564.03177, 6419987.59797 ], [ 525569.07648, 6419993.5504 ] ] ] ] } },
{ "type": "Feature", "properties": { "COMMUNE": "Mauzac-et-Grand-Castang", "COMMUNAUTE": "CC des Bastides Dordogne Périgord", "INSEE_COMM": 24260, "ID_CDECOMM": 21, "SURFACE_UR": 1.14685, "COVISIBILI": "non", "SITUATION_": "boise", "SITUATION1": "plateau plaine" }, "geometry": { "type": "MultiPolygon", "coordinates": [ [ [ [ 522966.47829, 6424437.96037 ], [ 522946.43217, 6424430.1343 ], [ 522928.39232, 6424423.29064 ], [ 522927.38503, 6424422.29995 ], [ 522924.38807, 6424422.32482 ], [ 522914.40648, 6424423.40671 ], [ 522870.55884, 6424436.75833 ], [ 522818.73589, 6424452.17424 ], [ 522801.80286, 6424458.30909 ], [ 522786.85122, 6424462.4294 ], [ 522769.23442, 6424506.53401 ], [ 522767.29451, 6424513.54349 ], [ 522894.0084, 6424493.50983 ], [ 522923.18643, 6424518.24404 ], [ 522940.10287, 6424510.11121 ], [ 522966.47829, 6424437.96037 ] ] ] ] } },
{ "type": "Feature", "properties": { "COMMUNE": "Mauzac-et-Grand-Castang", "COMMUNAUTE": "CC des Bastides Dordogne Périgord", "INSEE_COMM": 24260, "ID_CDECOMM": 21, "SURFACE_UR": 3.27555, "COVISIBILI": "non", "SITUATION_": "clairiere", "SITUATION1": "plateau plaine" }, "geometry": { "type": "MultiPolygon", "coordinates": [ [ [ [ 525776.06853, 6423143.84286 ], [ 525779.03231, 6423139.82204 ], [ 525782.98678, 6423134.79394 ], [ 525793.8429, 6423118.71896 ], [ 525796.79008, 6423112.70017 ], [ 525806.58084, 6423088.64161 ], [ 525840.28922, 6423057.39112 ], [ 525864.16536, 6423045.20426 ], [ 525869.13541, 6423042.16584 ], [ 525876.07024, 6423035.1149 ], [ 525883.97088, 6423024.05972 ], [ 525884.96987, 6423024.05143 ], [ 525888.92433, 6423019.02333 ], [ 525890.92231, 6423019.00675 ], [ 525897.81566, 6423006.96088 ], [ 525904.72561, 6422996.91298 ], [ 525916.6056, 6422983.82666 ], [ 525931.45767, 6422967.71851 ], [ 525948.31601, 6422952.59276 ], [ 525969.1537, 6422935.43586 ], [ 525986.04522, 6422924.30604 ], [ 526007.91509, 6422911.13679 ], [ 526041.72303, 6422891.87412 ], [ 526016.39988, 6422850.12409 ], [ 525959.73968, 6422884.56228 ], [ 525893.23895, 6422937.06512 ], [ 525825.76412, 6422992.57321 ], [ 525823.74465, 6422869.70639 ], [ 525822.33084, 6422819.76545 ], [ 525830.27296, 6422813.7052 ], [ 525830.07384, 6422789.72957 ], [ 525829.9162, 6422770.74886 ], [ 525768.96968, 6422770.25575 ], [ 525766.40414, 6422822.22783 ], [ 525766.47881, 6422831.21869 ], [ 525770.03993, 6422899.12476 ], [ 525770.26394, 6422926.09735 ], [ 525770.21076, 6423039.9899 ], [ 525769.27814, 6423047.99007 ], [ 525768.56953, 6423082.96283 ], [ 525769.8506, 6423116.92002 ], [ 525769.90868, 6423123.91292 ], [ 525769.93357, 6423126.90987 ], [ 525770.04972, 6423140.89566 ], [ 525769.07562, 6423143.90091 ], [ 525776.06853, 6423143.84286 ] ] ] ] } },
{ "type": "Feature", "properties": { "COMMUNE": "Mauzac-et-Grand-Castang", "COMMUNAUTE": "CC des Bastides Dordogne Périgord", "INSEE_COMM": 24260, "ID_CDECOMM": 21, "SURFACE_UR": 1.4934, "COVISIBILI": "non", "SITUATION_": "non boise", "SITUATION1": "vallee" }, "geometry": { "type": "MultiPolygon", "coordinates": [ [ [ [ 525905.84906, 6420365.39903 ], [ 525903.76812, 6420355.42579 ], [ 525898.61556, 6420336.48658 ], [ 525894.46198, 6420317.53908 ], [ 525892.42252, 6420312.56075 ], [ 525890.31669, 6420299.59056 ], [ 525752.88801, 6420352.68211 ], [ 525755.95134, 6420360.64909 ], [ 525762.07801, 6420376.58306 ], [ 525771.2597, 6420399.48502 ], [ 525778.41024, 6420418.40765 ], [ 525905.84906, 6420365.39903 ] ] ], [ [ [ 525878.97109, 6420256.72553 ], [ 525876.90675, 6420248.75026 ], [ 525874.8507, 6420241.77396 ], [ 525863.70421, 6420222.88452 ], [ 525850.58465, 6420207.0086 ], [ 525847.5545, 6420203.03755 ], [ 525775.00186, 6420248.59717 ], [ 525796.36221, 6420294.37622 ], [ 525878.97109, 6420256.72553 ] ] ] ] } },
{ "type": "Feature", "properties": { "COMMUNE": "Mauzac-et-Grand-Castang", "COMMUNAUTE": "CC des Bastides Dordogne Périgord", "INSEE_COMM": 24260, "ID_CDECOMM": 21, "SURFACE_UR": 3.956, "COVISIBILI": "non", "SITUATION_": "non boise", "SITUATION1": "vallee" }, "geometry": { "type": "MultiPolygon", "coordinates": [ [ [ [ 525887.8873, 6420247.66005 ], [ 525920.82895, 6420244.38943 ], [ 525919.78019, 6420238.40383 ], [ 525917.66606, 6420224.43466 ], [ 525914.39532, 6420191.49311 ], [ 525910.333, 6420183.53442 ], [ 525976.19142, 6420173.99623 ], [ 526025.07536, 6420165.598 ], [ 526050.02513, 6420162.39372 ], [ 526062.00467, 6420161.29522 ], [ 526074.98319, 6420160.18843 ], [ 526082.96678, 6420159.1231 ], [ 526076.59951, 6420114.21864 ], [ 526060.58593, 6419990.4692 ], [ 525830.08564, 6420024.35236 ], [ 525832.15828, 6420033.32661 ], [ 525836.29527, 6420050.27615 ], [ 525844.53605, 6420080.17928 ], [ 525849.63884, 6420093.12459 ], [ 525851.71978, 6420103.09783 ], [ 525854.7997, 6420113.06277 ], [ 525856.86405, 6420121.03805 ], [ 525857.90452, 6420126.02467 ], [ 525864.06436, 6420145.95456 ], [ 525868.16816, 6420158.90816 ], [ 525872.29685, 6420174.85871 ], [ 525876.40895, 6420188.8113 ], [ 525878.4567, 6420194.78861 ], [ 525878.4733, 6420196.78657 ], [ 525880.57912, 6420209.75676 ], [ 525884.741, 6420229.70324 ], [ 525884.78248, 6420234.69815 ], [ 525886.83853, 6420241.67445 ], [ 525887.8873, 6420247.66005 ] ] ] ] } },
{ "type": "Feature", "properties": { "COMMUNE": "Mauzac-et-Grand-Castang", "COMMUNAUTE": "CC des Bastides Dordogne Périgord", "INSEE_COMM": 24260, "ID_CDECOMM": 21, "SURFACE_UR": 6.1607, "COVISIBILI": "non", "SITUATION_": "non boise", "SITUATION1": "ligne de crete" }, "geometry": { "type": "MultiPolygon", "coordinates": [ [ [ [ 524879.4145, 6419835.43088 ], [ 524866.63509, 6419860.51324 ], [ 524862.68892, 6419866.5403 ], [ 524844.98924, 6419900.65497 ], [ 524942.33888, 6419953.79566 ], [ 525052.72512, 6420012.82244 ], [ 525111.98056, 6420050.29452 ], [ 525119.00664, 6420054.2324 ], [ 525125.03375, 6420058.17858 ], [ 525167.21516, 6420084.80282 ], [ 525175.24853, 6420089.73139 ], [ 525319.92387, 6420187.43653 ], [ 525325.91779, 6420187.38678 ], [ 525329.91373, 6420187.35361 ], [ 525330.91272, 6420187.34532 ], [ 525339.9036, 6420187.27068 ], [ 525363.88756, 6420188.07064 ], [ 525365.88553, 6420188.05405 ], [ 525366.88452, 6420188.04576 ], [ 525368.8659, 6420186.03121 ], [ 525424.15029, 6420226.5334 ], [ 525421.16992, 6420228.55624 ], [ 525421.17822, 6420229.55523 ], [ 525417.20717, 6420232.58534 ], [ 525409.27335, 6420239.64456 ], [ 525465.6148, 6420287.13134 ], [ 525508.88648, 6420324.73609 ], [ 525516.81199, 6420316.67789 ], [ 525544.55131, 6420288.47417 ], [ 525561.39303, 6420271.35049 ], [ 525566.34648, 6420266.31411 ], [ 525529.1351, 6420236.65147 ], [ 525525.10597, 6420232.68871 ], [ 525516.05702, 6420225.77046 ], [ 525499.99857, 6420216.9123 ], [ 525490.96622, 6420211.99203 ], [ 525493.94658, 6420209.96918 ], [ 525412.62218, 6420161.69075 ], [ 525412.61388, 6420160.69176 ], [ 525397.53783, 6420149.82735 ], [ 525377.42536, 6420134.00948 ], [ 525370.38268, 6420128.07363 ], [ 525364.34728, 6420123.12848 ], [ 525342.22855, 6420106.32821 ], [ 525328.15148, 6420095.4555 ], [ 525304.03478, 6420078.67182 ], [ 525300.01395, 6420075.70804 ], [ 525294.98583, 6420071.75358 ], [ 525286.95246, 6420066.82501 ], [ 525226.66485, 6420025.3653 ], [ 525220.62945, 6420020.42014 ], [ 525215.60134, 6420016.46567 ], [ 525210.58152, 6420013.51019 ], [ 525162.33981, 6419978.94384 ], [ 525154.29815, 6419973.01629 ], [ 525153.31575, 6419975.02255 ], [ 525133.22818, 6419962.20163 ], [ 525133.21159, 6419960.20366 ], [ 524879.4145, 6419835.43088 ] ] ] ] } },
{ "type": "Feature", "properties": { "COMMUNE": "Pressignac-Vicq", "COMMUNAUTE": "CC des Bastides Dordogne Périgord", "INSEE_COMM": 24338, "ID_CDECOMM": 21, "SURFACE_UR": 2.3388, "COVISIBILI": "non", "SITUATION_": "non boise", "SITUATION1": "pente" }, "geometry": { "type": "MultiPolygon", "coordinates": [ [ [ [ 521851.58486, 6424925.76001 ], [ 521852.55067, 6424921.75578 ], [ 521854.4408, 6424908.75238 ], [ 521901.37666, 6424906.36477 ], [ 521955.27226, 6424899.92319 ], [ 522012.15652, 6424892.45774 ], [ 522068.84168, 6424861.01663 ], [ 522059.51068, 6424820.13281 ], [ 521905.01589, 6424863.37521 ], [ 521862.13405, 6424872.72256 ], [ 521811.25201, 6424881.13724 ], [ 521808.91393, 6424840.19539 ], [ 521756.00073, 6424844.6307 ], [ 521758.35541, 6424887.57053 ], [ 521652.52071, 6424895.44217 ], [ 521679.1, 6424968.15262 ], [ 521684.08665, 6424967.11218 ], [ 521705.02393, 6424961.94316 ], [ 521714.98063, 6424957.86432 ], [ 521726.9353, 6424953.76889 ], [ 521758.81998, 6424943.51375 ], [ 521774.75401, 6424937.38719 ], [ 521801.66863, 6424930.17046 ], [ 521808.64496, 6424928.11446 ], [ 521814.63059, 6424927.06573 ], [ 521851.58486, 6424925.76001 ] ] ] ] } },
{ "type": "Feature", "properties": { "COMMUNE": "Mauzac-et-Grand-Castang", "COMMUNAUTE": "CC des Bastides Dordogne Périgord", "INSEE_COMM": 24260, "ID_CDECOMM": 21, "SURFACE_UR": 7.5275, "COVISIBILI": "non", "SITUATION_": "boise", "SITUATION1": "pente" }, "geometry": { "type": "MultiPolygon", "coordinates": [ [ [ [ 524186.58159, 6424228.02289 ], [ 524192.81959, 6424137.05716 ], [ 524232.05737, 6424049.81374 ], [ 524270.56993, 6423995.54514 ], [ 524280.43537, 6423980.47744 ], [ 524288.31113, 6423966.42531 ], [ 524316.90017, 6423920.23151 ], [ 524279.78829, 6423902.55658 ], [ 524273.76118, 6423898.61039 ], [ 524262.73083, 6423893.70667 ], [ 524257.7193, 6423891.75016 ], [ 524266.53598, 6423870.69684 ], [ 524270.47386, 6423863.67077 ], [ 524276.35165, 6423849.63523 ], [ 524278.31644, 6423845.6227 ], [ 524282.24602, 6423837.59765 ], [ 524299.92915, 6423801.48493 ], [ 524314.72317, 6423778.38389 ], [ 524318.66105, 6423771.35782 ], [ 524341.364, 6423738.20059 ], [ 524361.09488, 6423708.0652 ], [ 524363.05967, 6423704.05267 ], [ 524281.89279, 6423674.75476 ], [ 524258.53927, 6423749.87766 ], [ 524217.22886, 6423828.14677 ], [ 524205.4401, 6423852.22192 ], [ 524195.58296, 6423868.28861 ], [ 524194.60056, 6423870.29487 ], [ 524168.15052, 6423933.45483 ], [ 524135.76463, 6424003.65744 ], [ 524099.49892, 6424087.87902 ], [ 524064.17413, 6424165.09941 ], [ 524050.57819, 6424212.16781 ], [ 524043.70971, 6424227.21064 ], [ 524013.23883, 6424287.40682 ], [ 524027.32421, 6424299.27857 ], [ 524054.48769, 6424322.03136 ], [ 524087.69487, 6424350.72832 ], [ 524093.73028, 6424355.6735 ], [ 524101.79685, 6424364.59804 ], [ 524165.76527, 6424368.06331 ], [ 524172.34339, 6424318.05598 ], [ 524181.82723, 6424257.03493 ], [ 524186.58159, 6424228.02289 ] ] ] ] } },
{ "type": "Feature", "properties": { "COMMUNE": "Mauzac-et-Grand-Castang", "COMMUNAUTE": "CC des Bastides Dordogne Périgord", "INSEE_COMM": 24260, "ID_CDECOMM": 21, "SURFACE_UR": 2.9176, "COVISIBILI": "oui", "SITUATION_": "clairiere", "SITUATION1": "plateau plaine" }, "geometry": { "type": "MultiPolygon", "coordinates": [ [ [ [ 523067.02058, 6424634.93877 ], [ 523069.87653, 6424617.93114 ], [ 523070.84234, 6424613.9269 ], [ 523076.61229, 6424586.90454 ], [ 523080.46722, 6424569.88861 ], [ 523082.26611, 6424545.89637 ], [ 523084.09818, 6424525.90007 ], [ 523097.3173, 6424553.76389 ], [ 523128.31911, 6424557.50281 ], [ 523140.30697, 6424557.40332 ], [ 523152.26165, 6424553.30788 ], [ 523178.15239, 6424543.10246 ], [ 523188.10909, 6424539.0236 ], [ 523195.08541, 6424536.96759 ], [ 523197.0668, 6424534.95304 ], [ 523161.96949, 6424519.25945 ], [ 523097.81027, 6424492.81746 ], [ 523083.77467, 6424486.93962 ], [ 523051.80705, 6424487.20493 ], [ 523051.69921, 6424474.21812 ], [ 523040.66886, 6424469.31439 ], [ 523020.62274, 6424461.48832 ], [ 523015.60291, 6424458.53282 ], [ 523001.56731, 6424452.65498 ], [ 522966.47829, 6424437.96037 ], [ 522940.10287, 6424510.11121 ], [ 522923.18643, 6424518.24404 ], [ 522910.77196, 6424587.28185 ], [ 522906.84237, 6424595.3069 ], [ 522912.79482, 6424590.26222 ], [ 522951.87979, 6424604.92367 ], [ 522980.94169, 6424615.67207 ], [ 522963.20047, 6424644.7919 ], [ 522959.26258, 6424651.81797 ], [ 522981.17396, 6424643.64368 ], [ 522993.13693, 6424640.54723 ], [ 523007.08959, 6424636.43521 ], [ 523032.03941, 6424633.23098 ], [ 523067.02058, 6424634.93877 ] ] ] ] } },
{ "type": "Feature", "properties": { "COMMUNE": "Pressignac-Vicq", "COMMUNAUTE": "CC des Bastides Dordogne Périgord", "INSEE_COMM": 24338, "ID_CDECOMM": 21, "SURFACE_UR": 4.72515, "COVISIBILI": "non", "SITUATION_": "clairiere", "SITUATION1": "plateau plaine" }, "geometry": { "type": "MultiPolygon", "coordinates": [ [ [ [ 522919.27699, 6424408.38047 ], [ 522920.26769, 6424407.37319 ], [ 522922.23248, 6424403.36067 ], [ 522923.22318, 6424402.35339 ], [ 522924.21387, 6424401.34612 ], [ 522927.18595, 6424398.32429 ], [ 522927.17765, 6424397.3253 ], [ 523061.0705, 6424279.3247 ], [ 523061.0622, 6424278.32571 ], [ 523063.07677, 6424280.3071 ], [ 523065.09963, 6424283.28747 ], [ 523067.1142, 6424285.26886 ], [ 523067.1142, 6424285.26886 ], [ 523067.1142, 6424285.26886 ], [ 523071.09356, 6424283.23773 ], [ 523071.08526, 6424282.23874 ], [ 523069.0624, 6424279.25837 ], [ 523069.0624, 6424279.25837 ], [ 523075.01485, 6424274.21369 ], [ 523076.01384, 6424274.2054 ], [ 523077.99522, 6424272.19085 ], [ 523078.99421, 6424272.18256 ], [ 523074.95678, 6424267.22079 ], [ 523074.95678, 6424267.22079 ], [ 523081.90822, 6424262.16783 ], [ 523093.82142, 6424253.07747 ], [ 523093.82142, 6424253.07747 ], [ 523102.77084, 6424248.00792 ], [ 523095.70326, 6424239.07508 ], [ 523084.58167, 6424223.18252 ], [ 523082.55051, 6424219.20316 ], [ 523074.46736, 6424208.28064 ], [ 523067.36661, 6424195.35187 ], [ 523057.23571, 6424178.45202 ], [ 523059.22539, 6424177.43645 ], [ 523056.20354, 6424174.46437 ], [ 523011.53112, 6424208.80297 ], [ 523005.66991, 6424224.83649 ], [ 522976.27265, 6424294.01523 ], [ 522974.30785, 6424298.02775 ], [ 522962.40295, 6424308.1171 ], [ 522933.17514, 6424277.38898 ], [ 522917.2411, 6424283.51555 ], [ 522899.31738, 6424290.65768 ], [ 522885.2486, 6424280.7839 ], [ 522865.12782, 6424263.96696 ], [ 522857.06955, 6424256.0414 ], [ 522835.88343, 6424231.24087 ], [ 522820.81565, 6424221.37537 ], [ 522772.65685, 6424196.79869 ], [ 522747.56602, 6424183.02016 ], [ 522743.55348, 6424181.05535 ], [ 522734.5294, 6424177.13403 ], [ 522731.34165, 6424154.18223 ], [ 522730.24312, 6424142.20269 ], [ 522722.68614, 6424074.32971 ], [ 522720.57203, 6424060.3605 ], [ 522717.47552, 6424048.39754 ], [ 522712.87403, 6423975.50476 ], [ 522659.89449, 6423971.94823 ], [ 522633.90421, 6423970.16582 ], [ 522625.05434, 6423987.22319 ], [ 522632.22145, 6424008.14385 ], [ 522637.41547, 6424032.07804 ], [ 522639.53787, 6424047.04624 ], [ 522654.07118, 6424112.86322 ], [ 522656.11893, 6424118.84055 ], [ 522664.25185, 6424135.75698 ], [ 522669.32145, 6424144.7064 ], [ 522673.35887, 6424149.66816 ], [ 522678.42017, 6424157.61859 ], [ 522681.42543, 6424158.59271 ], [ 522688.47641, 6424165.52757 ], [ 522692.51384, 6424170.48934 ], [ 522696.54297, 6424174.45212 ], [ 522702.57838, 6424179.3973 ], [ 522705.60023, 6424182.36938 ], [ 522719.67731, 6424193.24216 ], [ 522732.7554, 6424204.12322 ], [ 522753.88346, 6424221.93085 ], [ 522769.95851, 6424232.78704 ], [ 522795.08253, 6424250.56152 ], [ 522803.14909, 6424259.48606 ], [ 522810.20836, 6424267.41991 ], [ 522842.57415, 6424315.10592 ], [ 522838.64456, 6424323.13097 ], [ 522841.92356, 6424357.07161 ], [ 522841.97333, 6424363.06552 ], [ 522842.0231, 6424369.05944 ], [ 522839.1008, 6424378.07518 ], [ 522849.51373, 6424428.94055 ], [ 522886.38504, 6424417.64494 ], [ 522897.34903, 6424414.55679 ], [ 522912.29237, 6424409.43749 ], [ 522919.27699, 6424408.38047 ] ] ] ] } },
{ "type": "Feature", "properties": { "COMMUNE": "Mauzac-et-Grand-Castang", "COMMUNAUTE": "CC des Bastides Dordogne Périgord", "INSEE_COMM": 24260, "ID_CDECOMM": 21, "SURFACE_UR": 2.56355, "COVISIBILI": "non", "SITUATION_": "clairiere", "SITUATION1": "pente" }, "geometry": { "type": "MultiPolygon", "coordinates": [ [ [ [ 523949.34656, 6422247.86931 ], [ 523952.33523, 6422246.84545 ], [ 523983.1628, 6422229.60568 ], [ 523986.15147, 6422228.58182 ], [ 523988.18262, 6422232.56118 ], [ 523992.17027, 6422231.52902 ], [ 523995.14235, 6422228.5072 ], [ 523998.11442, 6422225.48537 ], [ 524003.00981, 6422213.4561 ], [ 524004.95801, 6422207.44561 ], [ 524005.89063, 6422199.44545 ], [ 524008.88759, 6422199.42057 ], [ 524031.88089, 6422201.22783 ], [ 524037.87481, 6422201.17808 ], [ 524035.47864, 6422153.24343 ], [ 524035.46205, 6422151.24546 ], [ 524039.4497, 6422150.21331 ], [ 524059.38796, 6422145.05255 ], [ 524067.36327, 6422142.98825 ], [ 524065.24915, 6422129.01906 ], [ 524051.99686, 6422097.15936 ], [ 524047.97602, 6422094.19557 ], [ 524041.81619, 6422074.26564 ], [ 524042.72392, 6422063.26853 ], [ 524036.73829, 6422064.31726 ], [ 524000.71669, 6422057.62288 ], [ 523995.75494, 6422061.66027 ], [ 523976.66634, 6422048.83102 ], [ 523975.63417, 6422044.84338 ], [ 523975.59269, 6422039.84846 ], [ 523976.5419, 6422033.84626 ], [ 523978.47351, 6422025.8378 ], [ 523963.51359, 6422028.95913 ], [ 523958.51866, 6422029.00059 ], [ 523925.58527, 6422033.27015 ], [ 523896.73908, 6422048.49537 ], [ 523886.79899, 6422054.57219 ], [ 523917.95838, 6422077.29178 ], [ 523951.14064, 6422102.99174 ], [ 523949.15926, 6422105.00629 ], [ 523906.52635, 6422144.32321 ], [ 523905.56055, 6422148.32744 ], [ 523891.54154, 6422144.44759 ], [ 523888.53629, 6422143.47348 ], [ 523871.52032, 6422139.6185 ], [ 523846.61201, 6422147.81766 ], [ 523868.93815, 6422189.59258 ], [ 523918.02954, 6422206.16902 ], [ 523949.34656, 6422247.86931 ] ] ] ] } },
{ "type": "Feature", "properties": { "COMMUNE": "Mauzac-et-Grand-Castang", "COMMUNAUTE": "CC des Bastides Dordogne Périgord", "INSEE_COMM": 24260, "ID_CDECOMM": 21, "SURFACE_UR": 4.8451, "COVISIBILI": "non", "SITUATION_": "clairiere", "SITUATION1": "plateau plaine" }, "geometry": { "type": "MultiPolygon", "coordinates": [ [ [ [ 524440.48881, 6421719.28998 ], [ 524450.45379, 6421716.21011 ], [ 524539.9644, 6421667.5126 ], [ 524550.90348, 6421661.42749 ], [ 524574.77131, 6421648.24169 ], [ 524589.68145, 6421639.12645 ], [ 524609.56164, 6421626.9728 ], [ 524635.38597, 6421608.7755 ], [ 524693.96946, 6421565.32996 ], [ 524756.50742, 6421516.85634 ], [ 524764.44953, 6421510.7961 ], [ 524780.35866, 6421501.67257 ], [ 524801.25442, 6421491.5086 ], [ 524814.19977, 6421486.40588 ], [ 524844.0947, 6421477.16626 ], [ 524863.04227, 6421473.01277 ], [ 524882.01472, 6421471.85623 ], [ 524892.02948, 6421474.77026 ], [ 524978.84177, 6421462.06102 ], [ 525011.47649, 6421421.82802 ], [ 525000.40467, 6421411.92941 ], [ 524995.37655, 6421407.97493 ], [ 524989.36604, 6421406.02672 ], [ 524971.25984, 6421391.19123 ], [ 524969.23697, 6421388.21087 ], [ 524972.20904, 6421385.18904 ], [ 524973.16655, 6421380.18583 ], [ 524980.01842, 6421363.14506 ], [ 524980.99252, 6421360.13982 ], [ 524988.7936, 6421337.09686 ], [ 524994.67138, 6421323.06133 ], [ 524998.61755, 6421317.03426 ], [ 525005.53579, 6421307.98537 ], [ 524926.2757, 6421267.68214 ], [ 524899.66809, 6421311.86131 ], [ 524895.7551, 6421321.88431 ], [ 524891.75086, 6421320.9185 ], [ 524872.16934, 6421369.03556 ], [ 524849.15116, 6421364.23136 ], [ 524848.19366, 6421369.23457 ], [ 524838.50245, 6421405.2809 ], [ 524831.75013, 6421434.30947 ], [ 524750.81561, 6421432.98318 ], [ 524753.93701, 6421447.94305 ], [ 524757.10819, 6421468.89683 ], [ 524749.1163, 6421468.96317 ], [ 524674.63198, 6421522.53122 ], [ 524621.00194, 6421560.94037 ], [ 524532.5318, 6421614.62451 ], [ 524458.9718, 6421659.1934 ], [ 524386.28634, 6421688.76925 ], [ 524386.39419, 6421701.75604 ], [ 524407.43098, 6421708.57479 ], [ 524423.51432, 6421720.42993 ], [ 524440.48881, 6421719.28998 ] ] ] ] } },
{ "type": "Feature", "properties": { "COMMUNE": "Mauzac-et-Grand-Castang", "COMMUNAUTE": "CC des Bastides Dordogne Périgord", "INSEE_COMM": 24260, "ID_CDECOMM": 21, "SURFACE_UR": 5.03435, "COVISIBILI": "non", "SITUATION_": "non boise", "SITUATION1": "vallee" }, "geometry": { "type": "MultiPolygon", "coordinates": [ [ [ [ 526218.35415, 6420461.71084 ], [ 526232.89092, 6420407.64137 ], [ 526242.56549, 6420369.59712 ], [ 526250.28358, 6420336.56437 ], [ 526258.04315, 6420308.52653 ], [ 526261.93123, 6420295.5066 ], [ 526266.7934, 6420279.48142 ], [ 526268.74159, 6420273.47095 ], [ 526282.4121, 6420235.39354 ], [ 526286.2504, 6420216.37971 ], [ 526291.0462, 6420192.36268 ], [ 526296.8161, 6420165.3404 ], [ 526296.79121, 6420162.34346 ], [ 526297.71552, 6420153.34432 ], [ 526297.64085, 6420144.35348 ], [ 526297.53299, 6420131.36671 ], [ 526298.53197, 6420131.35842 ], [ 526298.52368, 6420130.35943 ], [ 526295.41886, 6420117.39753 ], [ 526294.3618, 6420110.41294 ], [ 526296.2851, 6420101.40552 ], [ 526307.95764, 6420063.3447 ], [ 526318.68927, 6420032.28505 ], [ 526320.58768, 6420020.28068 ], [ 526325.40837, 6419999.2606 ], [ 526341.00217, 6419952.17578 ], [ 526353.6571, 6419912.1087 ], [ 526330.66386, 6419910.30142 ], [ 526309.66029, 6419907.47857 ], [ 526203.73471, 6419904.36146 ], [ 526213.31465, 6419975.21458 ], [ 526171.39042, 6419979.55883 ], [ 526176.80849, 6420030.46547 ], [ 526173.83642, 6420033.48729 ], [ 526174.93497, 6420045.46679 ], [ 526178.17253, 6420074.41241 ], [ 526178.18083, 6420075.41139 ], [ 526181.3852, 6420100.36107 ], [ 526181.45987, 6420109.35192 ], [ 526183.54911, 6420120.32414 ], [ 526183.59889, 6420126.31803 ], [ 526184.60617, 6420127.30872 ], [ 526185.7462, 6420144.28313 ], [ 526185.7628, 6420146.2811 ], [ 526185.77109, 6420147.28008 ], [ 526185.77939, 6420148.27906 ], [ 526186.87794, 6420160.25856 ], [ 526187.9433, 6420168.24213 ], [ 526189.00866, 6420176.2257 ], [ 526192.23792, 6420204.17233 ], [ 526194.42672, 6420227.13235 ], [ 526195.50867, 6420237.11388 ], [ 526198.8458, 6420278.04729 ], [ 526199.89457, 6420284.03289 ], [ 526199.97753, 6420294.02272 ], [ 526201.0263, 6420300.00832 ], [ 526202.05847, 6420303.99596 ], [ 526203.12383, 6420311.97953 ], [ 526205.34582, 6420338.93548 ], [ 526207.51802, 6420359.89753 ], [ 526208.58338, 6420367.8811 ], [ 526209.65704, 6420376.86365 ], [ 526212.9029, 6420406.80825 ], [ 526216.18195, 6420440.74879 ], [ 526218.35415, 6420461.71084 ] ] ] ] } },
{ "type": "Feature", "properties": { "COMMUNE": "Mauzac-et-Grand-Castang", "COMMUNAUTE": "CC des Bastides Dordogne Périgord", "INSEE_COMM": 24260, "ID_CDECOMM": 21, "SURFACE_UR": 2.92525, "COVISIBILI": "non", "SITUATION_": "clairiere", "SITUATION1": "pente" }, "geometry": { "type": "MultiPolygon", "coordinates": [ [ [ [ 525753.5828, 6423443.74567 ], [ 525756.56317, 6423441.72282 ], [ 525762.50732, 6423435.67915 ], [ 525773.4464, 6423429.59401 ], [ 525806.28855, 6423414.33557 ], [ 525809.26892, 6423412.31272 ], [ 525847.106, 6423397.01281 ], [ 525850.09467, 6423395.98895 ], [ 525861.05035, 6423391.90178 ], [ 525876.99266, 6423386.77417 ], [ 525869.73426, 6423354.8647 ], [ 525867.6948, 6423349.88636 ], [ 525866.63774, 6423342.90176 ], [ 525866.57966, 6423335.90886 ], [ 525864.37427, 6423310.95082 ], [ 525861.09523, 6423277.01022 ], [ 525861.04545, 6423271.01631 ], [ 525857.92404, 6423256.05641 ], [ 525854.869, 6423249.0884 ], [ 525838.68608, 6423225.24545 ], [ 525835.65593, 6423221.27439 ], [ 525820.49689, 6423200.4201 ], [ 525817.46674, 6423196.44904 ], [ 525801.30041, 6423174.60406 ], [ 525788.18913, 6423159.7271 ], [ 525775.08614, 6423145.84912 ], [ 525776.06853, 6423143.84286 ], [ 525769.07562, 6423143.90091 ], [ 525765.20412, 6423158.91885 ], [ 525763.28911, 6423168.92529 ], [ 525752.44958, 6423186.99824 ], [ 525733.73431, 6423219.12332 ], [ 525723.86888, 6423234.19102 ], [ 525714.00345, 6423249.25873 ], [ 525715.03563, 6423253.24637 ], [ 525722.14469, 6423267.17411 ], [ 525752.8693, 6423357.83295 ], [ 525749.88064, 6423358.85682 ], [ 525737.96745, 6423367.9472 ], [ 525739.99032, 6423370.92757 ], [ 525727.06985, 6423379.02726 ], [ 525732.17264, 6423391.9726 ], [ 525753.5828, 6423443.74567 ] ] ] ] } },
{ "type": "Feature", "properties": { "COMMUNE": "Le Buisson-de-Cadouin", "COMMUNAUTE": "CC des Bastides Dordogne Périgord", "INSEE_COMM": 24068, "ID_CDECOMM": 21, "SURFACE_UR": 2.12795, "COVISIBILI": "non", "SITUATION_": "non boise", "SITUATION1": "vallee" }, "geometry": { "type": "MultiPolygon", "coordinates": [ [ [ [ 534270.02119, 6418813.37026 ], [ 534273.03475, 6418815.34334 ], [ 534277.039, 6418816.30915 ], [ 534280.03596, 6418816.28426 ], [ 534284.0319, 6418816.25109 ], [ 534287.02056, 6418815.22722 ], [ 534289.01854, 6418815.21063 ], [ 534293.98857, 6418812.17222 ], [ 534298.04262, 6418819.13191 ], [ 534305.18491, 6418837.05553 ], [ 534308.23997, 6418844.02352 ], [ 534316.38125, 6418861.93884 ], [ 534319.36991, 6418860.91498 ], [ 534338.29256, 6418853.76452 ], [ 534350.3634, 6418863.65481 ], [ 534351.35409, 6418862.64753 ], [ 534356.30752, 6418857.61115 ], [ 534352.27838, 6418853.6484 ], [ 534344.22839, 6418846.72188 ], [ 534364.05044, 6418827.57534 ], [ 534371.08484, 6418832.51219 ], [ 534381.12451, 6418838.42313 ], [ 534382.13179, 6418839.41382 ], [ 534386.15264, 6418842.37759 ], [ 534420.28417, 6418862.07523 ], [ 534428.32586, 6418868.00276 ], [ 534437.28355, 6418863.93219 ], [ 534471.12461, 6418848.66545 ], [ 534526.88528, 6418826.22337 ], [ 534524.83751, 6418820.24606 ], [ 534482.00033, 6418714.70234 ], [ 534461.08801, 6418722.86838 ], [ 534309.75658, 6418786.06598 ], [ 534270.02119, 6418813.37026 ] ] ] ] } },
{ "type": "Feature", "properties": { "COMMUNE": "Le Buisson-de-Cadouin", "COMMUNAUTE": "CC des Bastides Dordogne Périgord", "INSEE_COMM": 24068, "ID_CDECOMM": 21, "SURFACE_UR": 2.5346, "COVISIBILI": "non", "SITUATION_": "non boise", "SITUATION1": "vallee" }, "geometry": { "type": "MultiPolygon", "coordinates": [ [ [ [ 533981.88478, 6418643.926 ], [ 533994.04688, 6418664.80506 ], [ 533998.02622, 6418662.77391 ], [ 534010.18001, 6418682.654 ], [ 534045.98576, 6418663.37468 ], [ 534049.03251, 6418669.34368 ], [ 534050.04809, 6418671.33335 ], [ 534066.34721, 6418709.16193 ], [ 534072.45731, 6418723.0979 ], [ 534090.7959, 6418765.90479 ], [ 534070.8909, 6418775.06155 ], [ 534075.97712, 6418786.00887 ], [ 534076.00202, 6418789.00582 ], [ 534094.30741, 6418827.81679 ], [ 534098.39465, 6418838.77241 ], [ 534115.70109, 6418877.59171 ], [ 534130.08527, 6418925.42673 ], [ 534133.04904, 6418921.40592 ], [ 534142.93102, 6418908.33621 ], [ 534170.63707, 6418876.13656 ], [ 534165.60064, 6418871.18312 ], [ 534174.55002, 6418866.11356 ], [ 534168.41501, 6418849.18063 ], [ 534158.24256, 6418827.28597 ], [ 534144.01607, 6418798.43161 ], [ 534142.98388, 6418794.44397 ], [ 534132.78653, 6418769.55236 ], [ 534124.62865, 6418749.63908 ], [ 534108.32949, 6418711.81047 ], [ 534092.00544, 6418670.98492 ], [ 534093.98681, 6418668.97037 ], [ 534070.89397, 6418655.17542 ], [ 534065.87415, 6418652.21996 ], [ 534028.72085, 6418629.55033 ], [ 533992.57484, 6418607.87139 ], [ 533973.50284, 6418597.04022 ], [ 533941.36936, 6418577.32606 ], [ 533930.32244, 6418570.42444 ], [ 533920.2911, 6418565.51249 ], [ 533885.17727, 6418547.82118 ], [ 533866.09698, 6418535.99102 ], [ 533829.95926, 6418515.31106 ], [ 533825.93843, 6418512.3473 ], [ 533823.93216, 6418511.36491 ], [ 533825.89693, 6418507.35239 ], [ 533823.89067, 6418506.37 ], [ 533792.75617, 6418486.64754 ], [ 533786.72907, 6418482.70139 ], [ 533782.69164, 6418477.73967 ], [ 533767.57409, 6418461.8804 ], [ 533766.6249, 6418467.88259 ], [ 533774.69976, 6418477.80604 ], [ 533784.7892, 6418489.71086 ], [ 533789.85881, 6418498.66021 ], [ 533791.92317, 6418506.63548 ], [ 533826.02972, 6418523.3361 ], [ 533829.02667, 6418523.31121 ], [ 533828.16048, 6418539.30322 ], [ 533822.63963, 6418596.29496 ], [ 533822.67283, 6418600.29088 ], [ 533867.43623, 6418576.94098 ], [ 533876.58478, 6418595.84697 ], [ 533882.67827, 6418607.78498 ], [ 533892.8258, 6418626.68267 ], [ 533942.57583, 6418602.29231 ], [ 533943.56651, 6418601.28503 ], [ 533953.73064, 6418622.18069 ], [ 533953.73064, 6418622.18069 ], [ 533948.76062, 6418625.21911 ], [ 533953.84683, 6418636.16643 ], [ 533963.98606, 6418654.06514 ], [ 533981.88478, 6418643.926 ] ] ] ] } },
{ "type": "Feature", "properties": { "COMMUNE": "Saint-Avit-Sénieur", "COMMUNAUTE": "CC des Bastides Dordogne Périgord", "INSEE_COMM": 24379, "ID_CDECOMM": 21, "SURFACE_UR": 0.95515, "COVISIBILI": "non", "SITUATION_": "non boise", "SITUATION1": "plateau plaine" }, "geometry": { "type": "MultiPolygon", "coordinates": [ [ [ [ 527943.09516, 6411244.16188 ], [ 527899.98963, 6411226.53689 ], [ 527892.78939, 6411201.62053 ], [ 527885.53939, 6411170.7103 ], [ 527831.82661, 6411199.12946 ], [ 527816.89994, 6411206.24668 ], [ 527921.5074, 6411291.29623 ], [ 527922.49809, 6411290.28896 ], [ 527929.36655, 6411275.24626 ], [ 527929.35825, 6411274.24728 ], [ 527965.36308, 6411278.94363 ], [ 527967.33616, 6411275.93011 ], [ 527964.57146, 6411303.92634 ], [ 528000.5597, 6411306.62473 ], [ 528003.3161, 6411277.62952 ], [ 528006.06421, 6411247.63534 ], [ 528007.94605, 6411233.63308 ], [ 527971.96611, 6411231.93367 ], [ 527970.05938, 6411242.939 ], [ 527943.09516, 6411244.16188 ] ] ] ] } },
{ "type": "Feature", "properties": { "COMMUNE": "Badefols-sur-Dordogne", "COMMUNAUTE": "CC des Bastides Dordogne Périgord", "INSEE_COMM": 24022, "ID_CDECOMM": 21, "SURFACE_UR": 0.2927, "COVISIBILI": "non", "SITUATION_": "clairiere", "SITUATION1": "plateau plaine" }, "geometry": { "type": "MultiPolygon", "coordinates": [ [ [ [ 527603.4118, 6418100.4483 ], [ 527599.308, 6418087.49471 ], [ 527596.21978, 6418076.53079 ], [ 527594.19692, 6418073.55043 ], [ 527592.15747, 6418068.57211 ], [ 527588.06197, 6418056.6175 ], [ 527581.97679, 6418045.67846 ], [ 527574.89263, 6418034.74771 ], [ 527537.10548, 6418056.04138 ], [ 527561.45447, 6418100.79654 ], [ 527567.56454, 6418114.73253 ], [ 527603.4118, 6418100.4483 ] ] ] ] } },
{ "type": "Feature", "properties": { "COMMUNE": "Saint-Avit-Sénieur", "COMMUNAUTE": "CC des Bastides Dordogne Périgord", "INSEE_COMM": 24379, "ID_CDECOMM": 21, "SURFACE_UR": 1.21745, "COVISIBILI": "non", "SITUATION_": "non boise", "SITUATION1": "plateau plaine" }, "geometry": { "type": "MultiPolygon", "coordinates": [ [ [ [ 527774.34549, 6411134.66866 ], [ 527784.42655, 6411145.57448 ], [ 527796.17379, 6411116.50465 ], [ 527806.06407, 6411104.434 ], [ 527810.04341, 6411102.40288 ], [ 527813.82368, 6411076.39631 ], [ 527812.80811, 6411074.40665 ], [ 527757.28348, 6411004.9344 ], [ 527717.56474, 6411034.23643 ], [ 527688.28737, 6410997.51479 ], [ 527683.25099, 6410992.56137 ], [ 527661.3978, 6411007.72846 ], [ 527640.5436, 6411022.88725 ], [ 527646.60385, 6411030.82931 ], [ 527644.62247, 6411032.84384 ], [ 527681.97465, 6411079.48891 ], [ 527694.07026, 6411092.37609 ], [ 527701.15437, 6411103.30678 ], [ 527736.92695, 6411080.03179 ], [ 527757.13054, 6411106.8383 ], [ 527774.34549, 6411134.66866 ] ] ] ] } },
{ "type": "Feature", "properties": { "COMMUNE": "Le Buisson-de-Cadouin", "COMMUNAUTE": "CC des Bastides Dordogne Périgord", "INSEE_COMM": 24068, "ID_CDECOMM": 21, "SURFACE_UR": 1.3299, "COVISIBILI": "non", "SITUATION_": "clairiere", "SITUATION1": "pente" }, "geometry": { "type": "MultiPolygon", "coordinates": [ [ [ [ 532336.67135, 6415905.20586 ], [ 532347.70996, 6415911.10849 ], [ 532370.77786, 6415921.90648 ], [ 532369.79547, 6415923.91274 ], [ 532355.22566, 6415973.98615 ], [ 532353.29408, 6415981.99458 ], [ 532476.4346, 6416012.94164 ], [ 532484.06962, 6415969.91915 ], [ 532509.927, 6415955.71775 ], [ 532418.58798, 6415904.52566 ], [ 532403.53684, 6415896.65825 ], [ 532417.35663, 6415876.56252 ], [ 532399.28365, 6415865.72306 ], [ 532376.20744, 6415853.92609 ], [ 532356.41035, 6415876.06955 ], [ 532351.49012, 6415885.10184 ], [ 532336.67135, 6415905.20586 ] ] ] ] } },
{ "type": "Feature", "properties": { "COMMUNE": "Le Buisson-de-Cadouin", "COMMUNAUTE": "CC des Bastides Dordogne Périgord", "INSEE_COMM": 24068, "ID_CDECOMM": 21, "SURFACE_UR": 1.03705, "COVISIBILI": "non", "SITUATION_": "non boise", "SITUATION1": "vallee" }, "geometry": { "type": "MultiPolygon", "coordinates": [ [ [ [ 535976.36373, 6418206.7652 ], [ 535997.26775, 6418197.60017 ], [ 536022.15942, 6418187.40297 ], [ 536021.15213, 6418186.41228 ], [ 536111.72792, 6418145.69815 ], [ 536112.7435, 6418147.68781 ], [ 536159.52987, 6418127.3183 ], [ 536158.51429, 6418125.32863 ], [ 536182.40697, 6418115.13973 ], [ 536178.31972, 6418104.18412 ], [ 536166.11609, 6418078.31015 ], [ 536142.22341, 6418088.49905 ], [ 536095.41214, 6418105.87162 ], [ 536001.79789, 6418141.61574 ], [ 535955.98561, 6418158.98001 ], [ 535976.36373, 6418206.7652 ] ] ] ] } },
{ "type": "Feature", "properties": { "COMMUNE": "Le Buisson-de-Cadouin", "COMMUNAUTE": "CC des Bastides Dordogne Périgord", "INSEE_COMM": 24068, "ID_CDECOMM": 21, "SURFACE_UR": 2.85555, "COVISIBILI": "non", "SITUATION_": "boise", "SITUATION1": "plateau plaine" }, "geometry": { "type": "MultiPolygon", "coordinates": [ [ [ [ 531110.61684, 6415999.30592 ], [ 531134.56755, 6415996.10992 ], [ 531167.5091, 6415992.83928 ], [ 531185.38293, 6415979.70324 ], [ 531204.03997, 6415940.58544 ], [ 531219.74986, 6415907.48641 ], [ 531234.49396, 6415878.39158 ], [ 531095.28674, 6415837.58733 ], [ 531069.24679, 6415829.81114 ], [ 531052.45493, 6415852.92867 ], [ 531042.66426, 6415876.98712 ], [ 531034.83006, 6415896.03409 ], [ 531033.93066, 6415908.03014 ], [ 531027.97825, 6415913.0748 ], [ 531018.13779, 6415931.13938 ], [ 531002.3864, 6415959.24351 ], [ 530983.68786, 6415993.36641 ], [ 530975.80387, 6416006.4195 ], [ 530976.86924, 6416014.40305 ], [ 530987.83317, 6416011.31487 ], [ 531025.76964, 6416008.00276 ], [ 531110.61684, 6415999.30592 ] ] ] ] } },
{ "type": "Feature", "properties": { "COMMUNE": "Le Buisson-de-Cadouin", "COMMUNAUTE": "CC des Bastides Dordogne Périgord", "INSEE_COMM": 24068, "ID_CDECOMM": 21, "SURFACE_UR": 0.46785, "COVISIBILI": "oui", "SITUATION_": "non boise", "SITUATION1": "plateau plaine" }, "geometry": { "type": "MultiPolygon", "coordinates": [ [ [ [ 536829.54423, 6415680.07807 ], [ 536827.51306, 6415676.09874 ], [ 536853.33729, 6415657.90142 ], [ 536839.01118, 6415617.05941 ], [ 536810.13189, 6415628.28876 ], [ 536809.13291, 6415628.29705 ], [ 536754.46259, 6415661.71964 ], [ 536790.82448, 6415709.372 ], [ 536829.54423, 6415680.07807 ] ] ] ] } },
{ "type": "Feature", "properties": { "COMMUNE": "Le Buisson-de-Cadouin", "COMMUNAUTE": "CC des Bastides Dordogne Périgord", "INSEE_COMM": 24068, "ID_CDECOMM": 21, "SURFACE_UR": 0.7021, "COVISIBILI": "non", "SITUATION_": "non boise", "SITUATION1": "vallee" }, "geometry": { "type": "MultiPolygon", "coordinates": [ [ [ [ 536233.67598, 6418273.56298 ], [ 536260.29172, 6418230.3828 ], [ 536274.09493, 6418208.28907 ], [ 536239.94679, 6418186.59354 ], [ 536220.87475, 6418175.76236 ], [ 536203.80898, 6418165.91357 ], [ 536200.81202, 6418165.93845 ], [ 536197.79016, 6418162.9664 ], [ 536195.88348, 6418173.97178 ], [ 536193.91871, 6418177.9843 ], [ 536190.01406, 6418189.00628 ], [ 536187.1499, 6418205.01486 ], [ 536179.13311, 6418202.08428 ], [ 536177.16004, 6418205.09782 ], [ 536178.15902, 6418205.08952 ], [ 536158.51128, 6418245.21469 ], [ 536176.55944, 6418253.05722 ], [ 536177.55013, 6418252.04994 ], [ 536199.62743, 6418263.85522 ], [ 536218.64968, 6418268.69251 ], [ 536233.67598, 6418273.56298 ] ] ] ] } },
{ "type": "Feature", "properties": { "COMMUNE": "Le Buisson-de-Cadouin", "COMMUNAUTE": "CC des Bastides Dordogne Périgord", "INSEE_COMM": 24068, "ID_CDECOMM": 21, "SURFACE_UR": 0.85505, "COVISIBILI": "non", "SITUATION_": "boise", "SITUATION1": "plateau plaine" }, "geometry": { "type": "MultiPolygon", "coordinates": [ [ [ [ 530810.00322, 6418296.61844 ], [ 530824.8718, 6418282.50829 ], [ 530838.73311, 6418267.40746 ], [ 530842.66266, 6418259.38243 ], [ 530845.60982, 6418253.36366 ], [ 530846.55902, 6418247.36148 ], [ 530846.50093, 6418240.36861 ], [ 530839.35037, 6418221.44602 ], [ 530832.23301, 6418206.51936 ], [ 530828.17898, 6418199.55966 ], [ 530815.06772, 6418184.68276 ], [ 530798.91801, 6418164.83583 ], [ 530794.87228, 6418158.87512 ], [ 530791.84214, 6418154.90408 ], [ 530789.81098, 6418150.92474 ], [ 530786.74764, 6418142.95777 ], [ 530785.73206, 6418140.9681 ], [ 530781.73612, 6418141.00128 ], [ 530778.74747, 6418142.02514 ], [ 530772.77846, 6418145.07185 ], [ 530764.81978, 6418149.13412 ], [ 530760.85703, 6418153.16322 ], [ 530754.92951, 6418161.20483 ], [ 530745.04755, 6418174.27453 ], [ 530738.12105, 6418182.32444 ], [ 530810.00322, 6418296.61844 ] ] ] ] } },
{ "type": "Feature", "properties": { "COMMUNE": "Le Buisson-de-Cadouin", "COMMUNAUTE": "CC des Bastides Dordogne Périgord", "INSEE_COMM": 24068, "ID_CDECOMM": 21, "SURFACE_UR": 0.7362, "COVISIBILI": "oui", "SITUATION_": "clairiere", "SITUATION1": "pente" }, "geometry": { "type": "MultiPolygon", "coordinates": [ [ [ [ 532795.09471, 6416609.72498 ], [ 532807.2236, 6416626.6081 ], [ 532824.19802, 6416625.4681 ], [ 532862.25898, 6416637.14064 ], [ 532874.17209, 6416628.05027 ], [ 532882.10587, 6416620.99105 ], [ 532897.04083, 6416614.87273 ], [ 532894.01068, 6416610.9017 ], [ 532863.8586, 6416589.17299 ], [ 532864.84929, 6416588.16572 ], [ 532833.75631, 6416573.43817 ], [ 532807.60016, 6416551.67628 ], [ 532759.3087, 6416511.11627 ], [ 532738.51262, 6416533.26804 ], [ 532749.60932, 6416546.16353 ], [ 532759.71534, 6416560.0663 ], [ 532790.98259, 6416595.77244 ], [ 532792.02307, 6416600.75904 ], [ 532793.08015, 6416607.74361 ], [ 532795.09471, 6416609.72498 ] ] ] ] } },
{ "type": "Feature", "properties": { "COMMUNE": "Le Buisson-de-Cadouin", "COMMUNAUTE": "CC des Bastides Dordogne Périgord", "INSEE_COMM": 24068, "ID_CDECOMM": 21, "SURFACE_UR": 1.2397, "COVISIBILI": "non", "SITUATION_": "boise", "SITUATION1": "pente" }, "geometry": { "type": "MultiPolygon", "coordinates": [ [ [ [ 534965.59762, 6417879.47714 ], [ 534966.92333, 6417798.54307 ], [ 534967.73143, 6417775.55821 ], [ 534893.87283, 6417784.16386 ], [ 534885.28863, 6417833.18858 ], [ 534801.44016, 6417841.87717 ], [ 534806.58448, 6417859.81736 ], [ 534813.80977, 6417887.73077 ], [ 534814.81706, 6417888.72146 ], [ 534883.77202, 6417891.14608 ], [ 534965.59762, 6417879.47714 ] ] ] ] } },
{ "type": "Feature", "properties": { "COMMUNE": "Le Buisson-de-Cadouin", "COMMUNAUTE": "CC des Bastides Dordogne Périgord", "INSEE_COMM": 24068, "ID_CDECOMM": 21, "SURFACE_UR": 1.7447, "COVISIBILI": "oui", "SITUATION_": "non boise", "SITUATION1": "pente" }, "geometry": { "type": "MultiPolygon", "coordinates": [ [ [ [ 531456.48448, 6414940.44024 ], [ 531449.35883, 6414924.51464 ], [ 531425.16748, 6414898.74025 ], [ 531421.10516, 6414890.7816 ], [ 531379.22255, 6414900.12077 ], [ 531351.30082, 6414906.34689 ], [ 531277.52545, 6414924.94229 ], [ 531262.63198, 6414936.05547 ], [ 531259.65993, 6414939.07729 ], [ 531226.87605, 6414961.32854 ], [ 531209.97632, 6414971.45934 ], [ 531222.14668, 6414993.33734 ], [ 531290.95204, 6414977.78035 ], [ 531328.28784, 6415022.42752 ], [ 531380.0109, 6414995.02378 ], [ 531409.84762, 6414978.79128 ], [ 531464.65891, 6414962.35142 ], [ 531456.48448, 6414940.44024 ] ] ] ] } },
{ "type": "Feature", "properties": { "COMMUNE": "Le Buisson-de-Cadouin", "COMMUNAUTE": "CC des Bastides Dordogne Périgord", "INSEE_COMM": 24068, "ID_CDECOMM": 21, "SURFACE_UR": 2.6381, "COVISIBILI": "non", "SITUATION_": "non boise", "SITUATION1": "plateau plaine" }, "geometry": { "type": "MultiPolygon", "coordinates": [ [ [ [ 529899.60828, 6418145.32745 ], [ 529883.84858, 6418172.43263 ], [ 529893.99608, 6418191.33035 ], [ 529872.1512, 6418207.4965 ], [ 529868.17186, 6418209.52763 ], [ 529892.30514, 6418228.30924 ], [ 529792.92949, 6418292.07438 ], [ 529819.27649, 6418336.81292 ], [ 529830.43957, 6418357.70031 ], [ 529835.4096, 6418354.6619 ], [ 529863.62179, 6418383.40015 ], [ 529882.50292, 6418371.25481 ], [ 529960.66755, 6418279.69234 ], [ 529980.7717, 6418294.5112 ], [ 530004.52328, 6418267.33966 ], [ 529979.39931, 6418249.56533 ], [ 530029.84132, 6418188.20451 ], [ 530034.77816, 6418181.17018 ], [ 530005.66655, 6418164.428 ], [ 529993.62066, 6418157.53465 ], [ 529991.63099, 6418158.55022 ], [ 529949.76493, 6418169.88732 ], [ 529899.60828, 6418145.32745 ] ] ] ] } },
{ "type": "Feature", "properties": { "COMMUNE": "Le Buisson-de-Cadouin", "COMMUNAUTE": "CC des Bastides Dordogne Périgord", "INSEE_COMM": 24068, "ID_CDECOMM": 21, "SURFACE_UR": 1.1967, "COVISIBILI": "non", "SITUATION_": "non boise", "SITUATION1": "pente" }, "geometry": { "type": "MultiPolygon", "coordinates": [ [ [ [ 533949.0477, 6417817.98393 ], [ 533954.95031, 6417806.94536 ], [ 533955.9327, 6417804.9391 ], [ 534050.75318, 6417794.16116 ], [ 534084.66889, 6417787.88524 ], [ 534068.22035, 6417732.075 ], [ 534056.24913, 6417734.1725 ], [ 534038.30062, 6417738.31776 ], [ 533995.92833, 6417688.71714 ], [ 533991.19068, 6417719.72704 ], [ 533977.13022, 6417710.85235 ], [ 533976.24742, 6417724.84639 ], [ 533971.2276, 6417721.89092 ], [ 533968.26385, 6417725.91174 ], [ 533948.16798, 6417712.09192 ], [ 533941.29958, 6417727.13471 ], [ 533910.90373, 6417796.3216 ], [ 533949.0477, 6417817.98393 ] ] ] ] } },
{ "type": "Feature", "properties": { "COMMUNE": "Le Buisson-de-Cadouin", "COMMUNAUTE": "CC des Bastides Dordogne Périgord", "INSEE_COMM": 24068, "ID_CDECOMM": 21, "SURFACE_UR": 2.6223, "COVISIBILI": "non", "SITUATION_": "boise", "SITUATION1": "pente" }, "geometry": { "type": "MultiPolygon", "coordinates": [ [ [ [ 534308.35021, 6416812.95371 ], [ 534337.53659, 6416838.68667 ], [ 534324.96474, 6416888.74352 ], [ 534360.91164, 6416886.44697 ], [ 534362.60254, 6416849.46811 ], [ 534363.49364, 6416836.47307 ], [ 534364.47602, 6416834.46681 ], [ 534364.45942, 6416832.46885 ], [ 534366.4408, 6416830.4543 ], [ 534365.29242, 6416812.48095 ], [ 534380.07803, 6416788.38101 ], [ 534388.00353, 6416780.32281 ], [ 534396.91971, 6416771.25734 ], [ 534412.7541, 6416753.14299 ], [ 534414.75207, 6416753.1264 ], [ 534415.71786, 6416749.12218 ], [ 534455.42003, 6416717.82203 ], [ 534523.1104, 6416688.2876 ], [ 534598.96696, 6416679.66539 ], [ 534598.92546, 6416674.67049 ], [ 534599.86635, 6416667.66934 ], [ 534601.53234, 6416627.69354 ], [ 534602.38194, 6416609.7036 ], [ 534608.30946, 6416601.66199 ], [ 534617.10115, 6416577.61181 ], [ 534620.76512, 6416537.61943 ], [ 534582.72065, 6416527.9448 ], [ 534582.65426, 6416519.95296 ], [ 534582.56297, 6416508.96418 ], [ 534584.48624, 6416499.95677 ], [ 534587.38361, 6416487.94413 ], [ 534553.36829, 6416482.23225 ], [ 534548.51445, 6416499.25638 ], [ 534503.93878, 6416665.46864 ], [ 534409.34217, 6416703.21885 ], [ 534335.00746, 6416774.76851 ], [ 534308.33361, 6416810.95575 ], [ 534308.35021, 6416812.95371 ] ] ] ] } },
{ "type": "Feature", "properties": { "COMMUNE": "Le Buisson-de-Cadouin", "COMMUNAUTE": "CC des Bastides Dordogne Périgord", "INSEE_COMM": 24068, "ID_CDECOMM": 21, "SURFACE_UR": 0.92545, "COVISIBILI": "oui", "SITUATION_": "non boise", "SITUATION1": "ligne de crete" }, "geometry": { "type": "MultiPolygon", "coordinates": [ [ [ [ 536798.2809, 6416486.56992 ], [ 536904.94001, 6416457.71082 ], [ 536903.69202, 6416427.74972 ], [ 536901.52805, 6416407.78671 ], [ 536898.37339, 6416388.83098 ], [ 536893.22906, 6416370.89082 ], [ 536843.37936, 6416383.29338 ], [ 536801.51324, 6416394.63058 ], [ 536797.5256, 6416395.66274 ], [ 536804.6015, 6416405.59447 ], [ 536809.64623, 6416411.54687 ], [ 536812.69299, 6416417.51587 ], [ 536816.78854, 6416429.47044 ], [ 536783.9548, 6416445.72788 ], [ 536798.2809, 6416486.56992 ] ] ] ] } },
{ "type": "Feature", "properties": { "COMMUNE": "Urval", "COMMUNAUTE": "CC des Bastides Dordogne Périgord", "INSEE_COMM": 24560, "ID_CDECOMM": 21, "SURFACE_UR": 0.41825, "COVISIBILI": "oui", "SITUATION_": "non boise", "SITUATION1": "pente" }, "geometry": { "type": "MultiPolygon", "coordinates": [ [ [ [ 537911.50987, 6415438.31454 ], [ 537911.21936, 6415403.35027 ], [ 537877.29534, 6415408.62725 ], [ 537877.45305, 6415427.60785 ], [ 537876.54537, 6415438.60492 ], [ 537876.71968, 6415459.58348 ], [ 537876.84418, 6415474.56817 ], [ 537875.9365, 6415485.56523 ], [ 537875.12012, 6415507.55107 ], [ 537874.37845, 6415538.52772 ], [ 537903.34904, 6415538.28712 ], [ 537903.8168, 6415474.34416 ], [ 537911.80868, 6415474.27779 ], [ 537911.50987, 6415438.31454 ] ] ] ] } },
{ "type": "Feature", "properties": { "COMMUNE": "Le Buisson-de-Cadouin", "COMMUNAUTE": "CC des Bastides Dordogne Périgord", "INSEE_COMM": 24068, "ID_CDECOMM": 21, "SURFACE_UR": 0.93515, "COVISIBILI": "non", "SITUATION_": "non boise", "SITUATION1": "plateau plaine" }, "geometry": { "type": "MultiPolygon", "coordinates": [ [ [ [ 532887.79061, 6418267.37798 ], [ 532853.65918, 6418247.68039 ], [ 532830.79873, 6418261.85693 ], [ 532790.5655, 6418229.22235 ], [ 532775.37326, 6418204.37224 ], [ 532770.31195, 6418196.42186 ], [ 532762.24539, 6418187.49739 ], [ 532760.25572, 6418188.51296 ], [ 532731.40966, 6418203.73825 ], [ 532753.69437, 6418240.51807 ], [ 532781.09849, 6418292.24114 ], [ 532797.26481, 6418314.08601 ], [ 532829.49786, 6418345.78797 ], [ 532866.07023, 6418298.52891 ], [ 532887.79061, 6418267.37798 ] ] ] ] } },
{ "type": "Feature", "properties": { "COMMUNE": "Le Buisson-de-Cadouin", "COMMUNAUTE": "CC des Bastides Dordogne Périgord", "INSEE_COMM": 24068, "ID_CDECOMM": 21, "SURFACE_UR": 1.2422, "COVISIBILI": "non", "SITUATION_": "clairiere", "SITUATION1": "plateau plaine" }, "geometry": { "type": "MultiPolygon", "coordinates": [ [ [ [ 533442.81572, 6412921.85454 ], [ 533475.1067, 6412960.54928 ], [ 533492.27191, 6412982.38581 ], [ 533577.63339, 6413035.62556 ], [ 533591.46152, 6413016.52879 ], [ 533600.33622, 6413002.4684 ], [ 533615.10526, 6412976.37048 ], [ 533633.82046, 6412944.24548 ], [ 533561.61996, 6412911.87647 ], [ 533541.8726, 6412940.01384 ], [ 533540.87362, 6412940.02213 ], [ 533458.65841, 6412904.73914 ], [ 533442.81572, 6412921.85454 ] ] ] ] } },
{ "type": "Feature", "properties": { "COMMUNE": "Le Buisson-de-Cadouin", "COMMUNAUTE": "CC des Bastides Dordogne Périgord", "INSEE_COMM": 24068, "ID_CDECOMM": 21, "SURFACE_UR": 0.83155, "COVISIBILI": "non", "SITUATION_": "boise", "SITUATION1": "plateau plaine" }, "geometry": { "type": "MultiPolygon", "coordinates": [ [ [ [ 533633.82046, 6412944.24548 ], [ 533645.64233, 6412924.16633 ], [ 533650.57917, 6412917.13198 ], [ 533667.62824, 6412924.98279 ], [ 533676.63567, 6412926.90608 ], [ 533711.00275, 6412854.68914 ], [ 533652.89585, 6412835.19073 ], [ 533638.87691, 6412831.31096 ], [ 533610.45396, 6412897.48423 ], [ 533586.36224, 6412883.69762 ], [ 533583.3487, 6412881.72455 ], [ 533565.57441, 6412906.84839 ], [ 533561.61996, 6412911.87647 ], [ 533633.82046, 6412944.24548 ] ] ] ] } },
{ "type": "Feature", "properties": { "COMMUNE": "Le Buisson-de-Cadouin", "COMMUNAUTE": "CC des Bastides Dordogne Périgord", "INSEE_COMM": 24068, "ID_CDECOMM": 21, "SURFACE_UR": 0.33625, "COVISIBILI": "non", "SITUATION_": "clairiere", "SITUATION1": "plateau plaine" }, "geometry": { "type": "MultiPolygon", "coordinates": [ [ [ [ 535704.09689, 6415618.49111 ], [ 535675.8182, 6415581.76113 ], [ 535641.65348, 6415558.06765 ], [ 535638.74782, 6415569.08131 ], [ 535638.93872, 6415592.05784 ], [ 535637.13164, 6415615.05095 ], [ 535643.20855, 6415624.99098 ], [ 535652.28242, 6415634.90612 ], [ 535664.38645, 6415648.79229 ], [ 535704.09689, 6415618.49111 ] ] ] ] } },
{ "type": "Feature", "properties": { "COMMUNE": "Le Buisson-de-Cadouin", "COMMUNAUTE": "CC des Bastides Dordogne Périgord", "INSEE_COMM": 24068, "ID_CDECOMM": 21, "SURFACE_UR": 2.9337, "COVISIBILI": "non", "SITUATION_": "clairiere", "SITUATION1": "plateau plaine" }, "geometry": { "type": "MultiPolygon", "coordinates": [ [ [ [ 533555.70073, 6412920.91707 ], [ 533565.57441, 6412906.84839 ], [ 533583.3487, 6412881.72455 ], [ 533586.36224, 6412883.69762 ], [ 533610.45396, 6412897.48423 ], [ 533638.87691, 6412831.31096 ], [ 533652.89585, 6412835.19073 ], [ 533711.00275, 6412854.68914 ], [ 533717.49787, 6412794.69227 ], [ 533724.95878, 6412730.69118 ], [ 533726.81572, 6412713.69192 ], [ 533720.83841, 6412715.73966 ], [ 533664.06234, 6412736.19216 ], [ 533583.36876, 6412763.83662 ], [ 533525.5937, 6412784.2974 ], [ 533479.76495, 6412799.66373 ], [ 533444.90012, 6412811.94186 ], [ 533437.93213, 6412814.99687 ], [ 533437.97361, 6412819.99177 ], [ 533489.12911, 6412844.54316 ], [ 533474.48451, 6412885.62578 ], [ 533555.70073, 6412920.91707 ] ] ] ] } },
{ "type": "Feature", "properties": { "COMMUNE": "Le Buisson-de-Cadouin", "COMMUNAUTE": "CC des Bastides Dordogne Périgord", "INSEE_COMM": 24068, "ID_CDECOMM": 21, "SURFACE_UR": 1.50935, "COVISIBILI": "non", "SITUATION_": "boise", "SITUATION1": "pente" }, "geometry": { "type": "MultiPolygon", "coordinates": [ [ [ [ 534691.20871, 6416598.97561 ], [ 534693.25648, 6416604.9529 ], [ 534703.52852, 6416638.83529 ], [ 534715.80684, 6416673.70006 ], [ 534726.07058, 6416706.58347 ], [ 534741.42885, 6416751.41317 ], [ 534778.14235, 6416721.13687 ], [ 534790.04719, 6416711.04754 ], [ 534815.83824, 6416688.85432 ], [ 534807.77166, 6416679.92985 ], [ 534804.7415, 6416675.95881 ], [ 534789.40813, 6416634.12605 ], [ 534779.18589, 6416606.23755 ], [ 534781.15066, 6416602.22504 ], [ 534784.05633, 6416591.21137 ], [ 534790.96623, 6416581.16351 ], [ 534801.88039, 6416572.08145 ], [ 534812.74474, 6416557.00551 ], [ 534810.72187, 6416554.02516 ], [ 534815.667, 6416547.9898 ], [ 534821.47833, 6416525.96247 ], [ 534824.41719, 6416518.94473 ], [ 534814.36924, 6416512.03481 ], [ 534809.33281, 6416507.08138 ], [ 534796.47878, 6416523.17289 ], [ 534779.67861, 6416545.29146 ], [ 534764.81001, 6416559.4016 ], [ 534730.99387, 6416577.66525 ], [ 534696.18704, 6416596.93617 ], [ 534691.20871, 6416598.97561 ] ] ] ] } },
{ "type": "Feature", "properties": { "COMMUNE": "Calès", "COMMUNAUTE": "CC des Bastides Dordogne Périgord", "INSEE_COMM": 24073, "ID_CDECOMM": 21, "SURFACE_UR": 8.5461, "COVISIBILI": "non", "SITUATION_": "clairiere", "SITUATION1": "plateau plaine" }, "geometry": { "type": "MultiPolygon", "coordinates": [ [ [ [ 527793.70999, 6418398.58387 ], [ 527805.59824, 6418386.4966 ], [ 527812.56623, 6418383.44161 ], [ 527823.48038, 6418374.35957 ], [ 527826.31969, 6418355.35405 ], [ 527826.22842, 6418344.36526 ], [ 527898.73609, 6418413.69696 ], [ 527950.30989, 6418368.31163 ], [ 527943.25062, 6418360.37782 ], [ 528071.19027, 6418247.42228 ], [ 528101.49169, 6418287.13278 ], [ 528177.89903, 6418224.55747 ], [ 528202.40068, 6418167.40825 ], [ 528245.83324, 6418104.10759 ], [ 528232.77178, 6418095.22455 ], [ 528222.74874, 6418091.31155 ], [ 528209.71217, 6418085.42546 ], [ 528190.6485, 6418075.59319 ], [ 528183.58923, 6418067.65938 ], [ 528183.54774, 6418062.66448 ], [ 528183.45647, 6418051.67569 ], [ 528138.51048, 6418053.0478 ], [ 528106.37705, 6418033.33352 ], [ 528071.13049, 6417999.65837 ], [ 528044.8549, 6418083.79666 ], [ 528018.82324, 6418077.01938 ], [ 527989.67016, 6418055.28226 ], [ 527978.64814, 6418051.37754 ], [ 527964.76193, 6418063.4814 ], [ 528029.17816, 6418120.89163 ], [ 527980.6511, 6418172.24597 ], [ 527962.53663, 6418156.41152 ], [ 527896.60037, 6418276.84481 ], [ 527879.90805, 6418311.95011 ], [ 527849.86385, 6418303.20803 ], [ 527799.81839, 6418171.74879 ], [ 527840.65227, 6418156.42412 ], [ 527820.24943, 6418105.64191 ], [ 527770.45787, 6418125.03713 ], [ 527738.55676, 6418133.29431 ], [ 527710.66818, 6418143.51628 ], [ 527761.53008, 6418252.98964 ], [ 527757.57563, 6418258.01771 ], [ 527793.70999, 6418398.58387 ] ] ] ] } },
{ "type": "Feature", "properties": { "COMMUNE": "Molières", "COMMUNAUTE": "CC des Bastides Dordogne Périgord", "INSEE_COMM": 24273, "ID_CDECOMM": 21, "SURFACE_UR": 2.71835, "COVISIBILI": "non", "SITUATION_": "clairiere", "SITUATION1": "plateau plaine" }, "geometry": { "type": "MultiPolygon", "coordinates": [ [ [ [ 528540.24186, 6413856.70687 ], [ 528541.17446, 6413848.70675 ], [ 528472.12019, 6413834.29426 ], [ 528460.09921, 6413830.39785 ], [ 528446.08856, 6413827.51701 ], [ 528426.1089, 6413827.68285 ], [ 528422.11297, 6413827.71602 ], [ 528413.10553, 6413825.7927 ], [ 528403.10741, 6413824.87664 ], [ 528383.08627, 6413820.0476 ], [ 528381.0883, 6413820.06418 ], [ 528369.07562, 6413817.16676 ], [ 528363.23937, 6413836.19709 ], [ 528357.41972, 6413857.22538 ], [ 528361.42395, 6413858.19119 ], [ 528368.43342, 6413860.1311 ], [ 528379.44713, 6413863.03682 ], [ 528401.47453, 6413868.84826 ], [ 528419.49771, 6413873.69389 ], [ 528420.57966, 6413883.67538 ], [ 528419.67195, 6413894.67243 ], [ 528418.86381, 6413917.65722 ], [ 528414.04315, 6413938.67722 ], [ 528504.15903, 6413962.90536 ], [ 528515.99747, 6413944.82425 ], [ 528531.75716, 6413917.71916 ], [ 528537.65978, 6413906.68065 ], [ 528551.67873, 6413910.56047 ], [ 528561.69345, 6413913.47448 ], [ 528569.71021, 6413916.40508 ], [ 528572.73205, 6413919.37713 ], [ 528579.76641, 6413924.31398 ], [ 528582.79655, 6413928.28501 ], [ 528586.85886, 6413936.24367 ], [ 528589.96368, 6413949.20551 ], [ 528592.06121, 6413961.17666 ], [ 528593.18466, 6413976.15304 ], [ 528593.23444, 6413982.14691 ], [ 528595.39836, 6414002.10988 ], [ 528596.48862, 6414013.09035 ], [ 528598.60275, 6414027.05946 ], [ 528599.62662, 6414030.0481 ], [ 528601.69097, 6414038.02334 ], [ 528608.80001, 6414051.95099 ], [ 528614.87688, 6414061.89102 ], [ 528618.9392, 6414069.84968 ], [ 528620.96205, 6414072.83003 ], [ 528622.98491, 6414075.81037 ], [ 528635.90531, 6414067.71075 ], [ 528650.83197, 6414060.59351 ], [ 528660.77201, 6414054.51672 ], [ 528669.73796, 6414051.44515 ], [ 528666.69123, 6414045.47616 ], [ 528664.64348, 6414039.49888 ], [ 528652.45654, 6414015.62291 ], [ 528649.40981, 6414009.65392 ], [ 528639.27063, 6413991.75524 ], [ 528634.20103, 6413982.8059 ], [ 528629.13974, 6413974.85553 ], [ 528627.10858, 6413970.87621 ], [ 528635.05896, 6413965.81498 ], [ 528630.89708, 6413945.86858 ], [ 528626.76009, 6413928.91912 ], [ 528624.66255, 6413916.94797 ], [ 528625.30474, 6413873.98362 ], [ 528610.30341, 6413872.11005 ], [ 528604.30121, 6413871.16083 ], [ 528603.32712, 6413874.16606 ], [ 528601.32086, 6413873.18366 ], [ 528571.30159, 6413867.43857 ], [ 528563.29314, 6413865.50695 ], [ 528564.25063, 6413860.50377 ], [ 528540.24186, 6413856.70687 ] ] ] ] } },
{ "type": "Feature", "properties": { "COMMUNE": "Le Buisson-de-Cadouin", "COMMUNAUTE": "CC des Bastides Dordogne Périgord", "INSEE_COMM": 24068, "ID_CDECOMM": 21, "SURFACE_UR": 2.2699, "COVISIBILI": "non", "SITUATION_": "boise", "SITUATION1": "ligne de crete" }, "geometry": { "type": "MultiPolygon", "coordinates": [ [ [ [ 531930.55215, 6415243.21177 ], [ 531963.05387, 6415186.9952 ], [ 531920.93891, 6415168.36298 ], [ 531879.82293, 6415149.72246 ], [ 531827.68494, 6415127.17727 ], [ 531819.5603, 6415111.25996 ], [ 531797.18434, 6415063.49144 ], [ 531788.05241, 6415046.58345 ], [ 531776.98062, 6415036.6849 ], [ 531763.88595, 6415023.806 ], [ 531757.94185, 6415029.84965 ], [ 531768.11425, 6415051.74424 ], [ 531756.29242, 6415071.82336 ], [ 531733.60626, 6415106.97841 ], [ 531726.71296, 6415119.02422 ], [ 531695.75278, 6415120.28033 ], [ 531699.06507, 6415158.21665 ], [ 531700.18853, 6415173.19305 ], [ 531722.15786, 6415172.01159 ], [ 531724.3467, 6415194.97152 ], [ 531725.48676, 6415211.94587 ], [ 531749.44575, 6415209.74884 ], [ 531748.2974, 6415191.77551 ], [ 531773.19729, 6415182.57733 ], [ 531813.28939, 6415198.22921 ], [ 531840.35322, 6415208.99402 ], [ 531879.44634, 6415224.6542 ], [ 531904.5122, 6415235.4356 ], [ 531930.55215, 6415243.21177 ] ] ] ] } },
{ "type": "Feature", "properties": { "COMMUNE": "Le Buisson-de-Cadouin", "COMMUNAUTE": "CC des Bastides Dordogne Périgord", "INSEE_COMM": 24068, "ID_CDECOMM": 21, "SURFACE_UR": 2.0975, "COVISIBILI": "non", "SITUATION_": "non boise", "SITUATION1": "pente" }, "geometry": { "type": "MultiPolygon", "coordinates": [ [ [ [ 533846.72379, 6417286.34004 ], [ 533840.5224, 6417261.4153 ], [ 533829.3178, 6417235.53305 ], [ 533820.15266, 6417214.62912 ], [ 533813.04359, 6417200.70146 ], [ 533801.92198, 6417184.80903 ], [ 533788.8107, 6417169.93216 ], [ 533784.78987, 6417166.96841 ], [ 533776.7482, 6417161.04089 ], [ 533767.73245, 6417158.11861 ], [ 533763.71992, 6417156.15383 ], [ 533746.6957, 6417151.29996 ], [ 533733.68401, 6417148.41087 ], [ 533714.66183, 6417143.57359 ], [ 533707.66064, 6417142.63268 ], [ 533688.67995, 6417142.7903 ], [ 533656.71247, 6417143.05578 ], [ 533631.73788, 6417143.26317 ], [ 533650.87625, 6417162.08619 ], [ 533655.91267, 6417167.03961 ], [ 533673.05307, 6417185.87921 ], [ 533680.00446, 6417180.82624 ], [ 533686.08966, 6417191.76525 ], [ 533682.11862, 6417194.79538 ], [ 533685.16537, 6417200.76437 ], [ 533682.19331, 6417203.7862 ], [ 533683.24209, 6417209.77179 ], [ 533703.45414, 6417237.57734 ], [ 533694.49649, 6417241.64792 ], [ 533699.59929, 6417254.59319 ], [ 533719.94413, 6417298.38243 ], [ 533738.88333, 6417293.2299 ], [ 533800.89502, 6417301.70638 ], [ 533804.89925, 6417302.67217 ], [ 533813.04881, 6417321.58644 ], [ 533818.12672, 6417331.53477 ], [ 533826.10199, 6417329.47044 ], [ 533830.08963, 6417328.43827 ], [ 533846.93957, 6417312.31355 ], [ 533849.93652, 6417312.28866 ], [ 533848.82134, 6417298.31122 ], [ 533846.72379, 6417286.34004 ] ] ] ] } },
{ "type": "Feature", "properties": { "COMMUNE": "Le Buisson-de-Cadouin", "COMMUNAUTE": "CC des Bastides Dordogne Périgord", "INSEE_COMM": 24068, "ID_CDECOMM": 21, "SURFACE_UR": 0.922, "COVISIBILI": "oui", "SITUATION_": "non boise", "SITUATION1": "pente" }, "geometry": { "type": "MultiPolygon", "coordinates": [ [ [ [ 531845.91161, 6414675.45628 ], [ 531845.90331, 6414674.4573 ], [ 531860.77188, 6414660.34717 ], [ 531876.60623, 6414642.23284 ], [ 531888.46125, 6414626.14964 ], [ 531883.39995, 6414618.19928 ], [ 531884.39063, 6414617.19201 ], [ 531885.38131, 6414616.18474 ], [ 531893.2653, 6414603.13166 ], [ 531899.18451, 6414594.09108 ], [ 531901.10779, 6414585.08368 ], [ 531904.98754, 6414571.0648 ], [ 531904.94604, 6414566.0699 ], [ 531903.93876, 6414565.07922 ], [ 531894.79024, 6414546.17328 ], [ 531885.72471, 6414537.25712 ], [ 531874.67781, 6414530.35551 ], [ 531862.61533, 6414521.46424 ], [ 531834.75998, 6414535.6822 ], [ 531840.85346, 6414547.62017 ], [ 531811.99914, 6414561.84642 ], [ 531821.09787, 6414574.75849 ], [ 531798.24574, 6414589.93395 ], [ 531811.42338, 6414612.80264 ], [ 531818.35817, 6414605.75172 ], [ 531821.38832, 6414609.72275 ], [ 531831.51922, 6414626.62244 ], [ 531845.68755, 6414648.48385 ], [ 531844.69687, 6414649.49112 ], [ 531835.62303, 6414639.57599 ], [ 531820.71298, 6414648.69122 ], [ 531822.74414, 6414652.67054 ], [ 531831.91755, 6414674.57343 ], [ 531832.91654, 6414674.56513 ], [ 531844.91263, 6414675.46457 ], [ 531845.91161, 6414675.45628 ] ] ] ] } },
{ "type": "Feature", "properties": { "COMMUNE": "Le Buisson-de-Cadouin", "COMMUNAUTE": "CC des Bastides Dordogne Périgord", "INSEE_COMM": 24068, "ID_CDECOMM": 21, "SURFACE_UR": 1.14405, "COVISIBILI": "non", "SITUATION_": "non boise", "SITUATION1": "vallee" }, "geometry": { "type": "MultiPolygon", "coordinates": [ [ [ [ 533793.61407, 6418469.65656 ], [ 533805.69317, 6418480.54581 ], [ 533830.81716, 6418498.32008 ], [ 533836.84426, 6418502.26623 ], [ 533842.85477, 6418504.21442 ], [ 533901.06973, 6418536.69964 ], [ 533925.16984, 6418551.48527 ], [ 533990.43578, 6418590.90529 ], [ 534013.03895, 6418545.7603 ], [ 533935.7188, 6418498.44797 ], [ 533907.58956, 6418479.69961 ], [ 533895.66814, 6418487.79102 ], [ 533881.59107, 6418476.91836 ], [ 533875.59717, 6418476.96814 ], [ 533849.28331, 6418436.22558 ], [ 533850.2242, 6418429.22442 ], [ 533848.22623, 6418429.24101 ], [ 533845.18778, 6418424.27099 ], [ 533839.01959, 6418403.34215 ], [ 533821.13747, 6418415.47926 ], [ 533838.34428, 6418442.31073 ], [ 533793.61407, 6418469.65656 ] ] ] ] } },
{ "type": "Feature", "properties": { "COMMUNE": "Le Buisson-de-Cadouin", "COMMUNAUTE": "CC des Bastides Dordogne Périgord", "INSEE_COMM": 24068, "ID_CDECOMM": 21, "SURFACE_UR": 3.151, "COVISIBILI": "non", "SITUATION_": "non boise", "SITUATION1": "vallee" }, "geometry": { "type": "MultiPolygon", "coordinates": [ [ [ [ 535574.56588, 6418425.89647 ], [ 535577.55454, 6418424.87261 ], [ 535613.39357, 6418409.58926 ], [ 535608.30734, 6418398.64194 ], [ 535654.08643, 6418377.28175 ], [ 535685.93781, 6418363.03056 ], [ 535699.87382, 6418356.92054 ], [ 535694.75439, 6418341.9773 ], [ 535690.67545, 6418332.02066 ], [ 535727.51346, 6418316.72902 ], [ 535773.30085, 6418296.36781 ], [ 535778.27918, 6418294.32837 ], [ 535818.09755, 6418277.01388 ], [ 535844.97889, 6418265.80111 ], [ 535820.53842, 6418210.05724 ], [ 535775.72512, 6418227.41321 ], [ 535771.73748, 6418228.44537 ], [ 535769.6897, 6418222.46807 ], [ 535765.61906, 6418213.51042 ], [ 535761.52352, 6418201.55582 ], [ 535757.53587, 6418202.58799 ], [ 535755.5379, 6418202.60458 ], [ 535744.57394, 6418205.69277 ], [ 535738.59662, 6418207.7405 ], [ 535733.65979, 6418214.77485 ], [ 535729.68874, 6418217.80497 ], [ 535720.73936, 6418222.87454 ], [ 535710.77439, 6418225.95443 ], [ 535695.82279, 6418230.07478 ], [ 535686.85681, 6418233.14639 ], [ 535651.00119, 6418246.43177 ], [ 535609.18485, 6418263.76285 ], [ 535568.3592, 6418280.08665 ], [ 535563.37256, 6418281.12711 ], [ 535556.42945, 6418287.17906 ], [ 535528.54083, 6418297.40114 ], [ 535574.56588, 6418425.89647 ] ] ] ] } },
{ "type": "Feature", "properties": { "COMMUNE": "Le Buisson-de-Cadouin", "COMMUNAUTE": "CC des Bastides Dordogne Périgord", "INSEE_COMM": 24068, "ID_CDECOMM": 21, "SURFACE_UR": 2.0295, "COVISIBILI": "non", "SITUATION_": "non boise", "SITUATION1": "pente" }, "geometry": { "type": "MultiPolygon", "coordinates": [ [ [ [ 534414.75207, 6416753.1264 ], [ 534418.74802, 6416753.09322 ], [ 534431.87593, 6416769.96807 ], [ 534444.00485, 6416786.8512 ], [ 534457.14106, 6416804.72503 ], [ 534462.11939, 6416802.6856 ], [ 534474.30641, 6416826.5616 ], [ 534485.24546, 6416820.47648 ], [ 534510.61849, 6416868.22019 ], [ 534511.60087, 6416866.21393 ], [ 534522.46523, 6416851.13799 ], [ 534539.3401, 6416838.01024 ], [ 534540.29759, 6416833.00705 ], [ 534542.22087, 6416823.99963 ], [ 534544.10265, 6416809.99732 ], [ 534548.0903, 6416808.96516 ], [ 534598.8892, 6416790.56051 ], [ 534601.87786, 6416789.53665 ], [ 534599.54791, 6416749.59402 ], [ 534598.34974, 6416725.62678 ], [ 534597.32586, 6416722.63814 ], [ 534598.96696, 6416679.66539 ], [ 534523.1104, 6416688.2876 ], [ 534455.42003, 6416717.82203 ], [ 534415.71786, 6416749.12218 ], [ 534414.75207, 6416753.1264 ] ] ] ] } },
{ "type": "Feature", "properties": { "COMMUNE": "Le Buisson-de-Cadouin", "COMMUNAUTE": "CC des Bastides Dordogne Périgord", "INSEE_COMM": 24068, "ID_CDECOMM": 21, "SURFACE_UR": 1.13875, "COVISIBILI": "oui", "SITUATION_": "clairiere", "SITUATION1": "pente" }, "geometry": { "type": "MultiPolygon", "coordinates": [ [ [ [ 533380.21172, 6416450.01354 ], [ 533375.06742, 6416432.07337 ], [ 533367.93345, 6416415.14878 ], [ 533365.81099, 6416400.18067 ], [ 533363.77983, 6416396.20134 ], [ 533361.74867, 6416392.22201 ], [ 533355.68837, 6416384.27994 ], [ 533346.63943, 6416377.36174 ], [ 533332.54577, 6416364.49114 ], [ 533327.54256, 6416363.53364 ], [ 533327.50936, 6416359.53772 ], [ 533329.35794, 6416341.53949 ], [ 533325.36201, 6416341.57267 ], [ 533324.32153, 6416336.58607 ], [ 533321.32458, 6416336.61095 ], [ 533322.30697, 6416334.6047 ], [ 533306.31493, 6416333.73845 ], [ 533296.38319, 6416340.81427 ], [ 533285.43587, 6416345.90042 ], [ 533273.48126, 6416349.99589 ], [ 533267.49566, 6416351.04464 ], [ 533260.49448, 6416350.10373 ], [ 533251.49532, 6416349.17942 ], [ 533227.41183, 6416336.39177 ], [ 533208.35646, 6416327.55857 ], [ 533196.33546, 6416323.66219 ], [ 533184.32276, 6416320.7648 ], [ 533173.31734, 6416318.85809 ], [ 533169.31311, 6416317.8923 ], [ 533159.31498, 6416316.97627 ], [ 533150.31583, 6416316.05195 ], [ 533138.30313, 6416313.15456 ], [ 533136.38815, 6416323.16095 ], [ 533132.59139, 6416347.16966 ], [ 533165.59934, 6416351.8908 ], [ 533171.59324, 6416351.84103 ], [ 533194.61136, 6416356.64513 ], [ 533229.61728, 6416361.34968 ], [ 533233.61321, 6416361.3165 ], [ 533242.59576, 6416360.24286 ], [ 533249.58035, 6416359.18581 ], [ 533253.58458, 6416360.15161 ], [ 533271.55798, 6416359.0033 ], [ 533268.61083, 6416365.02207 ], [ 533263.90638, 6416400.02785 ], [ 533298.8791, 6416400.73648 ], [ 533299.86978, 6416399.72921 ], [ 533297.90501, 6416403.74172 ], [ 533295.94854, 6416408.75321 ], [ 533292.0522, 6416420.77416 ], [ 533288.18905, 6416436.79102 ], [ 533289.19633, 6416437.78171 ], [ 533300.20175, 6416439.68842 ], [ 533300.18515, 6416437.69046 ], [ 533317.18447, 6416439.54739 ], [ 533380.21172, 6416450.01354 ] ] ] ] } },
{ "type": "Feature", "properties": { "COMMUNE": "Le Buisson-de-Cadouin", "COMMUNAUTE": "CC des Bastides Dordogne Périgord", "INSEE_COMM": 24068, "ID_CDECOMM": 21, "SURFACE_UR": 2.71985, "COVISIBILI": "non", "SITUATION_": "non boise", "SITUATION1": "pente" }, "geometry": { "type": "MultiPolygon", "coordinates": [ [ [ [ 534844.66606, 6417392.94486 ], [ 534903.50666, 6417380.46771 ], [ 534893.09352, 6417329.60264 ], [ 534887.8828, 6417303.67061 ], [ 534886.84232, 6417298.684 ], [ 534885.81843, 6417295.69535 ], [ 534889.80608, 6417294.66319 ], [ 534895.7834, 6417292.61546 ], [ 534944.59263, 6417275.22636 ], [ 534963.53188, 6417270.07386 ], [ 535025.31134, 6417250.57896 ], [ 535065.1629, 6417237.26043 ], [ 535067.02808, 6417221.26015 ], [ 535060.90137, 6417205.32623 ], [ 535054.79125, 6417191.39026 ], [ 535051.80259, 6417192.41413 ], [ 534996.00045, 6417209.8613 ], [ 534942.19629, 6417227.29187 ], [ 534931.01655, 6417204.40656 ], [ 534918.82952, 6417180.53055 ], [ 534879.06926, 6417204.83787 ], [ 534863.16847, 6417214.96039 ], [ 534855.21808, 6417220.02165 ], [ 534847.27599, 6417226.08189 ], [ 534829.00375, 6417191.26686 ], [ 534811.7305, 6417156.44354 ], [ 534753.11399, 6417195.89316 ], [ 534777.34695, 6417226.6625 ], [ 534783.41556, 6417235.60356 ], [ 534794.5372, 6417251.49601 ], [ 534798.60784, 6417260.45366 ], [ 534811.84365, 6417290.31526 ], [ 534823.01508, 6417312.20159 ], [ 534825.05455, 6417317.17991 ], [ 534828.08471, 6417321.15095 ], [ 534836.25089, 6417342.06319 ], [ 534840.39623, 6417360.01167 ], [ 534843.53428, 6417376.96946 ], [ 534844.66606, 6417392.94486 ] ] ] ] } },
{ "type": "Feature", "properties": { "COMMUNE": "Le Buisson-de-Cadouin", "COMMUNAUTE": "CC des Bastides Dordogne Périgord", "INSEE_COMM": 24068, "ID_CDECOMM": 21, "SURFACE_UR": 2.6977, "COVISIBILI": "non", "SITUATION_": "clairiere", "SITUATION1": "pente" }, "geometry": { "type": "MultiPolygon", "coordinates": [ [ [ [ 533869.92327, 6416711.69388 ], [ 533991.58349, 6416684.70825 ], [ 534001.44884, 6416669.64058 ], [ 534022.3445, 6416659.47656 ], [ 534045.15516, 6416639.30616 ], [ 534048.04423, 6416626.29453 ], [ 534049.03492, 6416625.28726 ], [ 534018.85789, 6416600.5616 ], [ 534041.64365, 6416577.39426 ], [ 534067.44301, 6416556.20003 ], [ 534052.39182, 6416548.3326 ], [ 534041.35318, 6416542.42995 ], [ 534037.28254, 6416533.4723 ], [ 534037.19125, 6416522.48352 ], [ 534040.14671, 6416517.46374 ], [ 534046.04934, 6416506.42519 ], [ 534054.93232, 6416493.3638 ], [ 534067.81955, 6416481.26822 ], [ 534074.73776, 6416472.21934 ], [ 534084.61143, 6416458.15068 ], [ 534082.60516, 6416457.16829 ], [ 534070.53433, 6416447.27801 ], [ 534052.72687, 6416468.40588 ], [ 534018.91076, 6416486.66955 ], [ 533998.08149, 6416504.82541 ], [ 534000.09606, 6416506.80678 ], [ 533996.14162, 6416511.83487 ], [ 534005.22376, 6416522.74899 ], [ 533973.53847, 6416556.9798 ], [ 533970.55811, 6416559.00265 ], [ 533922.03948, 6416611.35614 ], [ 533869.19294, 6416623.7836 ], [ 533865.13891, 6416616.82392 ], [ 533857.05575, 6416605.90151 ], [ 533845.23393, 6416625.98067 ], [ 533803.21023, 6416618.33726 ], [ 533779.58319, 6416660.49354 ], [ 533783.56253, 6416658.4624 ], [ 533802.55981, 6416660.30273 ], [ 533822.56438, 6416663.13375 ], [ 533825.57793, 6416665.10683 ], [ 533838.7473, 6416686.97654 ], [ 533869.92327, 6416711.69388 ] ] ] ] } },
{ "type": "Feature", "properties": { "COMMUNE": "Le Buisson-de-Cadouin", "COMMUNAUTE": "CC des Bastides Dordogne Périgord", "INSEE_COMM": 24068, "ID_CDECOMM": 21, "SURFACE_UR": 2.84605, "COVISIBILI": "non", "SITUATION_": "non boise", "SITUATION1": "plateau plaine" }, "geometry": { "type": "MultiPolygon", "coordinates": [ [ [ [ 536155.14666, 6416637.77168 ], [ 536166.30981, 6416658.65901 ], [ 536174.393, 6416669.58143 ], [ 536181.4606, 6416678.51419 ], [ 536186.48043, 6416681.46965 ], [ 536194.48062, 6416682.40227 ], [ 536203.71219, 6416711.29803 ], [ 536220.99375, 6416747.1203 ], [ 536232.17349, 6416770.0056 ], [ 536244.11983, 6416764.91115 ], [ 536273.98151, 6416751.67554 ], [ 536276.97847, 6416751.65066 ], [ 536280.13313, 6416770.60639 ], [ 536282.1311, 6416770.5898 ], [ 536296.10031, 6416768.47571 ], [ 536341.00489, 6416762.10853 ], [ 536338.92391, 6416752.13532 ], [ 536325.6051, 6416712.28395 ], [ 536310.23851, 6416666.45529 ], [ 536299.26626, 6416668.5445 ], [ 536298.10958, 6416649.57218 ], [ 536293.67374, 6416596.65941 ], [ 536292.56685, 6416583.68096 ], [ 536290.49418, 6416574.70673 ], [ 536290.46098, 6416570.71081 ], [ 536301.41663, 6416566.62364 ], [ 536282.0375, 6416518.83021 ], [ 536268.05999, 6416519.94533 ], [ 536266.06202, 6416519.96192 ], [ 536243.16834, 6416530.14251 ], [ 536226.31007, 6416545.26824 ], [ 536214.40524, 6416555.35758 ], [ 536183.59437, 6416574.59536 ], [ 536138.86409, 6416601.94112 ], [ 536137.8734, 6416602.94839 ], [ 536155.14666, 6416637.77168 ] ] ] ] } },
{ "type": "Feature", "properties": { "COMMUNE": "Le Buisson-de-Cadouin", "COMMUNAUTE": "CC des Bastides Dordogne Périgord", "INSEE_COMM": 24068, "ID_CDECOMM": 21, "SURFACE_UR": 1.2753, "COVISIBILI": "non", "SITUATION_": "non boise", "SITUATION1": "pente" }, "geometry": { "type": "MultiPolygon", "coordinates": [ [ [ [ 536026.94517, 6416238.2176 ], [ 536032.0231, 6416248.16592 ], [ 536041.07207, 6416255.08413 ], [ 536048.09817, 6416259.02198 ], [ 536035.33545, 6416286.10228 ], [ 536057.39614, 6416295.90958 ], [ 536054.51538, 6416309.92018 ], [ 536052.55891, 6416314.93167 ], [ 536049.62835, 6416322.9484 ], [ 536076.02527, 6416373.6807 ], [ 536081.0534, 6416377.63514 ], [ 536082.05239, 6416377.62685 ], [ 536096.25399, 6416403.48419 ], [ 536095.2633, 6416404.49147 ], [ 536097.30278, 6416409.46978 ], [ 536104.27908, 6416407.41375 ], [ 536146.60169, 6416451.02047 ], [ 536151.55512, 6416445.98409 ], [ 536146.34439, 6416420.05209 ], [ 536140.07658, 6416387.13552 ], [ 536137.98731, 6416376.16333 ], [ 536142.97394, 6416375.12287 ], [ 536138.7954, 6416353.1785 ], [ 536134.68326, 6416339.22596 ], [ 536130.67901, 6416338.26016 ], [ 536111.20029, 6416278.47897 ], [ 536093.88553, 6416238.6608 ], [ 536097.86487, 6416236.62966 ], [ 536094.85962, 6416235.65556 ], [ 536072.74913, 6416219.85438 ], [ 536026.94517, 6416238.2176 ] ] ] ] } },
{ "type": "Feature", "properties": { "COMMUNE": "Le Buisson-de-Cadouin", "COMMUNAUTE": "CC des Bastides Dordogne Périgord", "INSEE_COMM": 24068, "ID_CDECOMM": 21, "SURFACE_UR": 1.7139, "COVISIBILI": "non", "SITUATION_": "clairiere", "SITUATION1": "plateau plaine" }, "geometry": { "type": "MultiPolygon", "coordinates": [ [ [ [ 530623.44984, 6417727.70962 ], [ 530640.55704, 6417742.55334 ], [ 530624.93012, 6417785.64222 ], [ 530629.94163, 6417787.59872 ], [ 530660.00243, 6417798.3387 ], [ 530661.95061, 6417792.32822 ], [ 530662.9081, 6417787.32503 ], [ 530665.63951, 6417755.33275 ], [ 530667.5628, 6417746.32533 ], [ 530674.45611, 6417734.27951 ], [ 530680.38363, 6417726.2379 ], [ 530695.22732, 6417709.13081 ], [ 530702.2534, 6417713.06868 ], [ 530725.3462, 6417726.86366 ], [ 530743.65154, 6417765.67463 ], [ 530752.80836, 6417785.57961 ], [ 530811.8231, 6417794.0811 ], [ 530809.60938, 6417768.12418 ], [ 530802.39244, 6417741.20975 ], [ 530793.11115, 6417706.32006 ], [ 530790.11419, 6417706.34494 ], [ 530788.91605, 6417682.37769 ], [ 530720.98514, 6417682.94167 ], [ 530720.92706, 6417675.9488 ], [ 530724.82341, 6417663.92786 ], [ 530730.70944, 6417650.89134 ], [ 530745.55313, 6417633.78426 ], [ 530747.50961, 6417628.77276 ], [ 530729.34534, 6417606.94447 ], [ 530708.2339, 6417591.13495 ], [ 530678.52163, 6417622.35217 ], [ 530670.60444, 6417631.40935 ], [ 530668.59818, 6417630.42695 ], [ 530661.67997, 6417639.47584 ], [ 530658.70791, 6417642.49766 ], [ 530674.75804, 6417650.35681 ], [ 530687.80292, 6417657.24186 ], [ 530687.82782, 6417660.2388 ], [ 530679.90233, 6417668.297 ], [ 530644.26254, 6417707.55583 ], [ 530633.37329, 6417719.63483 ], [ 530628.41986, 6417724.67121 ], [ 530623.44984, 6417727.70962 ] ] ] ] } },
{ "type": "Feature", "properties": { "COMMUNE": "Le Buisson-de-Cadouin", "COMMUNAUTE": "CC des Bastides Dordogne Périgord", "INSEE_COMM": 24068, "ID_CDECOMM": 21, "SURFACE_UR": 8.1016, "COVISIBILI": "non", "SITUATION_": "non boise", "SITUATION1": "pente" }, "geometry": { "type": "MultiPolygon", "coordinates": [ [ [ [ 533004.49332, 6417763.88662 ], [ 533019.55277, 6417772.75302 ], [ 533084.79379, 6417809.17612 ], [ 533088.80632, 6417811.1409 ], [ 533081.94621, 6417827.18266 ], [ 533207.27566, 6417881.08969 ], [ 533245.15406, 6417870.78465 ], [ 533331.17457, 6417883.05798 ], [ 533332.98996, 6417861.0638 ], [ 533428.30839, 6417910.22477 ], [ 533474.56042, 6417945.80649 ], [ 533485.39986, 6417927.73357 ], [ 533539.63856, 6417842.36389 ], [ 533552.65025, 6417845.25299 ], [ 533568.67549, 6417850.11516 ], [ 533590.72783, 6417858.92349 ], [ 533636.28273, 6417810.59078 ], [ 533606.08083, 6417782.86818 ], [ 533651.65233, 6417736.53343 ], [ 533638.30868, 6417693.68509 ], [ 533566.85489, 6417751.22432 ], [ 533417.23967, 6417780.44016 ], [ 533382.30843, 6417784.72644 ], [ 533286.23999, 6417765.5432 ], [ 533256.19578, 6417756.80124 ], [ 533195.08348, 6417736.32867 ], [ 533132.8809, 6417704.87559 ], [ 533121.09227, 6417728.95069 ], [ 533057.68324, 6417672.53138 ], [ 533026.43258, 6417638.82318 ], [ 532989.65275, 6417661.1077 ], [ 532971.52166, 6417643.27536 ], [ 532954.68001, 6417660.39906 ], [ 532963.79535, 6417675.30911 ], [ 532983.94101, 6417695.12283 ], [ 532971.03721, 6417705.22048 ], [ 532967.11596, 6417714.24449 ], [ 532966.23316, 6417728.23852 ], [ 532963.3358, 6417740.25118 ], [ 533004.49332, 6417763.88662 ] ] ] ] } },
{ "type": "Feature", "properties": { "COMMUNE": "Le Buisson-de-Cadouin", "COMMUNAUTE": "CC des Bastides Dordogne Périgord", "INSEE_COMM": 24068, "ID_CDECOMM": 21, "SURFACE_UR": 2.00125, "COVISIBILI": "non", "SITUATION_": "non boise", "SITUATION1": "pente" }, "geometry": { "type": "MultiPolygon", "coordinates": [ [ [ [ 533745.4231, 6418080.42706 ], [ 533746.41378, 6418079.41978 ], [ 533756.24594, 6418060.35617 ], [ 533811.47223, 6418093.86526 ], [ 533820.3718, 6418082.8018 ], [ 533825.30032, 6418074.76847 ], [ 533802.2158, 6418061.97252 ], [ 533811.04067, 6418041.91823 ], [ 533820.82303, 6418016.86073 ], [ 533803.96787, 6417912.10042 ], [ 533795.24259, 6417944.14249 ], [ 533751.2541, 6417940.51159 ], [ 533699.27373, 6417936.94705 ], [ 533679.65092, 6417980.06917 ], [ 533678.65193, 6417980.07747 ], [ 533654.94189, 6418012.24397 ], [ 533639.14902, 6418035.35328 ], [ 533635.18628, 6418039.38239 ], [ 533647.23219, 6418046.27571 ], [ 533663.27403, 6418053.13584 ], [ 533660.31857, 6418058.15564 ], [ 533678.38327, 6418067.99613 ], [ 533685.40936, 6418071.93398 ], [ 533693.43443, 6418075.86354 ], [ 533702.37549, 6418069.79499 ], [ 533745.4231, 6418080.42706 ] ] ] ] } },
{ "type": "Feature", "properties": { "COMMUNE": "Le Buisson-de-Cadouin", "COMMUNAUTE": "CC des Bastides Dordogne Périgord", "INSEE_COMM": 24068, "ID_CDECOMM": 21, "SURFACE_UR": 3.60685, "COVISIBILI": "non", "SITUATION_": "non boise", "SITUATION1": "vallee" }, "geometry": { "type": "MultiPolygon", "coordinates": [ [ [ [ 534233.99525, 6418325.13358 ], [ 534252.9096, 6418316.98414 ], [ 534242.73715, 6418295.08949 ], [ 534226.52099, 6418267.25071 ], [ 534221.43476, 6418256.30338 ], [ 534224.42342, 6418255.27952 ], [ 534214.28417, 6418237.38079 ], [ 534180.86115, 6418182.71051 ], [ 534146.03771, 6418199.98349 ], [ 534133.10898, 6418207.08418 ], [ 534123.16061, 6418212.16203 ], [ 534082.40964, 6418237.47662 ], [ 534047.61117, 6418257.74661 ], [ 534101.03874, 6418315.24789 ], [ 534083.13997, 6418325.387 ], [ 534047.34252, 6418345.66529 ], [ 534072.6574, 6418386.41613 ], [ 534093.5365, 6418374.25416 ], [ 534126.35367, 6418355.99879 ], [ 534168.93356, 6418430.57406 ], [ 534153.01617, 6418438.69862 ], [ 534193.55658, 6418508.29558 ], [ 534194.58047, 6418511.28423 ], [ 534275.13322, 6418466.65721 ], [ 534202.15217, 6418340.38372 ], [ 534233.00457, 6418326.14086 ], [ 534233.99525, 6418325.13358 ] ] ] ] } },
{ "type": "Feature", "properties": { "COMMUNE": "Le Buisson-de-Cadouin", "COMMUNAUTE": "CC des Bastides Dordogne Périgord", "INSEE_COMM": 24068, "ID_CDECOMM": 21, "SURFACE_UR": 2.41885, "COVISIBILI": "non", "SITUATION_": "non boise", "SITUATION1": "pente" }, "geometry": { "type": "MultiPolygon", "coordinates": [ [ [ [ 533820.3718, 6418082.8018 ], [ 533824.39263, 6418085.76556 ], [ 533828.41346, 6418088.72932 ], [ 533849.50002, 6418101.54186 ], [ 533863.55219, 6418109.41757 ], [ 533883.63976, 6418122.23841 ], [ 533887.5942, 6418117.21032 ], [ 533868.48072, 6418101.38424 ], [ 533896.0871, 6418057.19676 ], [ 533912.19534, 6418072.04875 ], [ 533926.03173, 6418053.95094 ], [ 533927.03901, 6418054.94162 ], [ 533930.99345, 6418049.91353 ], [ 533929.97787, 6418047.92386 ], [ 533944.78834, 6418026.82081 ], [ 533969.90403, 6418043.59609 ], [ 533978.7206, 6418022.54282 ], [ 533989.49365, 6417996.47804 ], [ 533971.42064, 6417985.63858 ], [ 533965.37694, 6417979.69447 ], [ 533956.31139, 6417970.7783 ], [ 533947.20435, 6417956.86723 ], [ 533940.16166, 6417950.93141 ], [ 533911.99923, 6417928.18713 ], [ 533906.97111, 6417924.23269 ], [ 533885.87626, 6417910.42116 ], [ 533857.81342, 6417899.66466 ], [ 533842.79546, 6417895.79318 ], [ 533826.78682, 6417892.92897 ], [ 533808.79681, 6417892.07932 ], [ 533807.83102, 6417896.08354 ], [ 533803.96787, 6417912.10042 ], [ 533820.82303, 6418016.86073 ], [ 533811.04067, 6418041.91823 ], [ 533802.2158, 6418061.97252 ], [ 533825.30032, 6418074.76847 ], [ 533820.3718, 6418082.8018 ] ] ] ] } },
{ "type": "Feature", "properties": { "COMMUNE": "Le Buisson-de-Cadouin", "COMMUNAUTE": "CC des Bastides Dordogne Périgord", "INSEE_COMM": 24068, "ID_CDECOMM": 21, "SURFACE_UR": 5.86795, "COVISIBILI": "non", "SITUATION_": "non boise", "SITUATION1": "plateau plaine" }, "geometry": { "type": "MultiPolygon", "coordinates": [ [ [ [ 529460.16279, 6417560.53505 ], [ 529487.37599, 6417589.28159 ], [ 529501.49453, 6417605.14918 ], [ 529529.7565, 6417639.88131 ], [ 529542.86776, 6417654.75822 ], [ 529569.07368, 6417682.51407 ], [ 529593.24845, 6417706.29058 ], [ 529595.27131, 6417709.27094 ], [ 529617.56427, 6417747.04977 ], [ 529620.71889, 6417766.00553 ], [ 529624.96376, 6417795.94179 ], [ 529630.20761, 6417825.86975 ], [ 529641.52005, 6417864.73879 ], [ 529647.66332, 6417882.67069 ], [ 529652.69973, 6417887.62414 ], [ 529656.05349, 6417930.55544 ], [ 529659.38236, 6417970.48981 ], [ 529659.44874, 6417978.48166 ], [ 529697.31056, 6417966.17875 ], [ 529714.2435, 6417960.04388 ], [ 529718.42199, 6417981.9883 ], [ 529792.09787, 6417951.40518 ], [ 529767.72395, 6417903.65312 ], [ 529749.41862, 6417864.84213 ], [ 529743.35834, 6417856.90004 ], [ 529739.33751, 6417853.93627 ], [ 529732.12058, 6417827.02183 ], [ 529711.726, 6417777.23864 ], [ 529693.37918, 6417733.43275 ], [ 529687.33549, 6417727.48863 ], [ 529691.32313, 6417726.45647 ], [ 529712.2852, 6417724.28436 ], [ 529726.26267, 6417723.16927 ], [ 529759.20425, 6417719.89866 ], [ 529747.9333, 6417686.02453 ], [ 529743.94566, 6417687.05669 ], [ 529736.59596, 6417644.15856 ], [ 529722.63508, 6417647.2716 ], [ 529706.31113, 6417606.44607 ], [ 529696.35448, 6417610.52493 ], [ 529649.45202, 6417616.90858 ], [ 529638.23916, 6417590.02732 ], [ 529619.88404, 6417545.22246 ], [ 529608.64628, 6417515.34426 ], [ 529602.51961, 6417499.41032 ], [ 529600.52994, 6417500.42589 ], [ 529549.77262, 6417523.82538 ], [ 529526.87067, 6417533.00695 ], [ 529475.08946, 6417553.41779 ], [ 529460.16279, 6417560.53505 ] ] ] ] } },
{ "type": "Feature", "properties": { "COMMUNE": "Le Buisson-de-Cadouin", "COMMUNAUTE": "CC des Bastides Dordogne Périgord", "INSEE_COMM": 24068, "ID_CDECOMM": 21, "SURFACE_UR": 0.67, "COVISIBILI": "non", "SITUATION_": "boise", "SITUATION1": "plateau plaine" }, "geometry": { "type": "MultiPolygon", "coordinates": [ [ [ [ 535666.40102, 6415650.77366 ], [ 535680.50302, 6415664.64325 ], [ 535688.5696, 6415673.5677 ], [ 535714.72583, 6415695.32958 ], [ 535741.85614, 6415714.08623 ], [ 535772.00831, 6415735.81493 ], [ 535773.00729, 6415735.80663 ], [ 535806.71552, 6415704.55624 ], [ 535709.14992, 6415625.44249 ], [ 535704.09689, 6415618.49111 ], [ 535664.38645, 6415648.79229 ], [ 535666.40102, 6415650.77366 ] ] ] ] } },
{ "type": "Feature", "properties": { "COMMUNE": "Le Buisson-de-Cadouin", "COMMUNAUTE": "CC des Bastides Dordogne Périgord", "INSEE_COMM": 24068, "ID_CDECOMM": 21, "SURFACE_UR": 14.95155, "COVISIBILI": "oui", "SITUATION_": "non boise", "SITUATION1": "pente" }, "geometry": { "type": "MultiPolygon", "coordinates": [ [ [ [ 534847.06461, 6417681.65035 ], [ 534857.02127, 6417677.57148 ], [ 534928.73251, 6417651.00077 ], [ 534976.54276, 6417633.61995 ], [ 534988.4891, 6417628.52551 ], [ 535004.44799, 6417625.39586 ], [ 535043.35036, 6417618.0795 ], [ 535047.58699, 6417647.01677 ], [ 535056.18475, 6417719.87603 ], [ 535019.23885, 6417722.18089 ], [ 535015.65788, 6417772.16313 ], [ 534967.71483, 6417773.56025 ], [ 534966.92333, 6417798.54307 ], [ 534965.59762, 6417879.47714 ], [ 535023.44754, 6417868.00725 ], [ 535024.46313, 6417869.99692 ], [ 535029.68215, 6417896.92794 ], [ 535034.96757, 6417931.85081 ], [ 535044.23233, 6417964.74254 ], [ 535046.222, 6417963.72697 ], [ 535052.19932, 6417961.67924 ], [ 535062.16429, 6417958.59935 ], [ 535051.68475, 6417899.7424 ], [ 535050.61937, 6417891.75885 ], [ 535098.47943, 6417880.37191 ], [ 535090.24685, 6417851.46781 ], [ 535114.16443, 6417844.27587 ], [ 535114.14783, 6417842.27791 ], [ 535172.91374, 6417820.80992 ], [ 535172.86394, 6417814.81603 ], [ 535194.88314, 6417819.62845 ], [ 535255.79642, 6417816.12553 ], [ 535278.76481, 6417814.93577 ], [ 535283.91743, 6417833.87493 ], [ 535289.28585, 6417878.78761 ], [ 535292.3243, 6417883.75763 ], [ 535312.19614, 6417870.60498 ], [ 535332.06797, 6417857.45233 ], [ 535350.94912, 6417845.30695 ], [ 535347.55378, 6417797.38074 ], [ 535346.3722, 6417775.41145 ], [ 535345.19062, 6417753.44216 ], [ 535344.01734, 6417732.47186 ], [ 535340.0463, 6417735.50198 ], [ 535323.12992, 6417743.63484 ], [ 535322.09774, 6417739.64721 ], [ 535318.97629, 6417724.68738 ], [ 535298.51518, 6417666.91238 ], [ 535296.50061, 6417664.931 ], [ 535298.48198, 6417662.91645 ], [ 535272.06845, 6417610.18612 ], [ 535262.4883, 6417539.33313 ], [ 535259.39175, 6417527.37024 ], [ 535245.01586, 6417480.53427 ], [ 535140.7312, 6417434.44482 ], [ 535099.80595, 6417438.78082 ], [ 534982.15795, 6417467.73105 ], [ 534923.33395, 6417482.20616 ], [ 534908.74227, 6417409.39668 ], [ 534847.9203, 6417423.88838 ], [ 534850.45774, 6417488.80555 ], [ 534850.57393, 6417502.79128 ], [ 534848.65065, 6417511.7987 ], [ 534841.74904, 6417522.84555 ], [ 534837.78629, 6417526.87465 ], [ 534836.0788, 6417561.85557 ], [ 534835.21261, 6417577.84756 ], [ 534836.34439, 6417593.82297 ], [ 534840.75531, 6417643.73884 ], [ 534847.06461, 6417681.65035 ] ] ] ] } },
{ "type": "Feature", "properties": { "COMMUNE": "Le Buisson-de-Cadouin", "COMMUNAUTE": "CC des Bastides Dordogne Périgord", "INSEE_COMM": 24068, "ID_CDECOMM": 21, "SURFACE_UR": 2.1154, "COVISIBILI": "non", "SITUATION_": "boise", "SITUATION1": "plateau plaine" }, "geometry": { "type": "MultiPolygon", "coordinates": [ [ [ [ 530607.81521, 6418371.22771 ], [ 530610.72088, 6418360.21403 ], [ 530612.66906, 6418354.20356 ], [ 530611.47092, 6418330.2363 ], [ 530626.39759, 6418323.11902 ], [ 530627.2887, 6418310.12397 ], [ 530642.25686, 6418308.0016 ], [ 530640.17591, 6418298.02837 ], [ 530637.07938, 6418286.06548 ], [ 530635.03163, 6418280.08818 ], [ 530630.0533, 6418282.12761 ], [ 530625.05838, 6418282.16908 ], [ 530591.02654, 6418274.45921 ], [ 530594.93949, 6418264.43622 ], [ 530585.92374, 6418261.51392 ], [ 530587.82213, 6418249.50955 ], [ 530584.82518, 6418249.53443 ], [ 530578.63212, 6418225.60864 ], [ 530531.67986, 6418225.99844 ], [ 530537.88952, 6418251.9222 ], [ 530486.07512, 6418268.33716 ], [ 530494.19146, 6418283.25554 ], [ 530453.39907, 6418303.5752 ], [ 530457.52778, 6418319.52573 ], [ 530467.76657, 6418349.41224 ], [ 530472.84447, 6418359.36059 ], [ 530484.93186, 6418371.24884 ], [ 530531.29174, 6418419.81743 ], [ 530586.9942, 6418390.38253 ], [ 530601.86279, 6418376.27238 ], [ 530607.81521, 6418371.22771 ] ] ] ] } },
{ "type": "Feature", "properties": { "COMMUNE": "Le Buisson-de-Cadouin", "COMMUNAUTE": "CC des Bastides Dordogne Périgord", "INSEE_COMM": 24068, "ID_CDECOMM": 21, "SURFACE_UR": 1.69085, "COVISIBILI": "non", "SITUATION_": "non boise", "SITUATION1": "plateau plaine" }, "geometry": { "type": "MultiPolygon", "coordinates": [ [ [ [ 530780.65415, 6418131.01976 ], [ 530782.61063, 6418126.00826 ], [ 530781.52037, 6418115.02776 ], [ 530778.34915, 6418094.07404 ], [ 530778.28276, 6418086.08219 ], [ 530779.17387, 6418073.08713 ], [ 530777.14271, 6418069.1078 ], [ 530782.03805, 6418057.07855 ], [ 530790.84635, 6418035.02632 ], [ 530800.64533, 6418011.96681 ], [ 530806.64753, 6418012.91603 ], [ 530808.76997, 6418027.88416 ], [ 530811.77522, 6418028.85826 ], [ 530843.83399, 6418039.58166 ], [ 530856.56354, 6418008.50542 ], [ 530866.42061, 6417992.43878 ], [ 530878.31714, 6417981.35046 ], [ 530888.23229, 6417972.27669 ], [ 530882.12221, 6417958.34072 ], [ 530865.25566, 6417972.46745 ], [ 530830.85869, 6417920.80242 ], [ 530821.91763, 6417926.87095 ], [ 530816.9642, 6417931.90732 ], [ 530810.03769, 6417939.95723 ], [ 530773.35743, 6417974.22946 ], [ 530758.48054, 6417987.34062 ], [ 530761.50239, 6417990.31269 ], [ 530724.81382, 6418023.58593 ], [ 530713.71392, 6418130.57646 ], [ 530735.0909, 6418178.35339 ], [ 530737.07227, 6418176.33884 ], [ 530746.93764, 6418161.27118 ], [ 530758.80928, 6418147.18592 ], [ 530766.74306, 6418140.1267 ], [ 530780.65415, 6418131.01976 ] ] ] ] } },
{ "type": "Feature", "properties": { "COMMUNE": "Le Buisson-de-Cadouin", "COMMUNAUTE": "CC des Bastides Dordogne Périgord", "INSEE_COMM": 24068, "ID_CDECOMM": 21, "SURFACE_UR": 3.449, "COVISIBILI": "non", "SITUATION_": "non boise", "SITUATION1": "plateau plaine" }, "geometry": { "type": "MultiPolygon", "coordinates": [ [ [ [ 529659.38236, 6417970.48981 ], [ 529656.05349, 6417930.55544 ], [ 529652.69973, 6417887.62414 ], [ 529647.66332, 6417882.67069 ], [ 529641.52005, 6417864.73879 ], [ 529630.20761, 6417825.86975 ], [ 529624.96376, 6417795.94179 ], [ 529620.71889, 6417766.00553 ], [ 529612.64403, 6417756.08206 ], [ 529604.67706, 6417759.14535 ], [ 529593.73802, 6417765.23046 ], [ 529568.88789, 6417780.4225 ], [ 529540.06671, 6417798.64465 ], [ 529524.16595, 6417808.76714 ], [ 529510.24656, 6417816.87509 ], [ 529500.28991, 6417820.95395 ], [ 529485.35493, 6417827.07222 ], [ 529486.38711, 6417831.05986 ], [ 529489.73257, 6417872.99218 ], [ 529494.25957, 6417936.8938 ], [ 529490.28852, 6417939.92391 ], [ 529487.30817, 6417941.94675 ], [ 529477.39301, 6417951.02051 ], [ 529471.49038, 6417962.05906 ], [ 529476.57658, 6417973.00639 ], [ 529479.62332, 6417978.9754 ], [ 529492.82585, 6418004.8411 ], [ 529510.06581, 6418035.66854 ], [ 529552.87277, 6418017.33028 ], [ 529575.76642, 6418007.14974 ], [ 529615.58472, 6417989.83534 ], [ 529659.38236, 6417970.48981 ] ] ] ] } },
{ "type": "Feature", "properties": { "COMMUNE": "Le Buisson-de-Cadouin", "COMMUNAUTE": "CC des Bastides Dordogne Périgord", "INSEE_COMM": 24068, "ID_CDECOMM": 21, "SURFACE_UR": 2.14745, "COVISIBILI": "non", "SITUATION_": "clairiere", "SITUATION1": "pente" }, "geometry": { "type": "MultiPolygon", "coordinates": [ [ [ [ 530424.84614, 6411618.18141 ], [ 530428.88354, 6411623.14312 ], [ 530437.94904, 6411632.05927 ], [ 530461.09982, 6411652.84703 ], [ 530466.1528, 6411659.79841 ], [ 530475.24318, 6411671.71149 ], [ 530489.41143, 6411693.57288 ], [ 530492.48303, 6411702.5388 ], [ 530501.68125, 6411727.4386 ], [ 530504.77774, 6411739.40145 ], [ 530510.88776, 6411753.33738 ], [ 530514.94176, 6411760.29705 ], [ 530517.97188, 6411764.26808 ], [ 530539.14959, 6411788.06937 ], [ 530542.08018, 6411780.05266 ], [ 530552.85331, 6411753.98799 ], [ 530573.41717, 6411703.8649 ], [ 530593.00694, 6411656.74704 ], [ 530605.75314, 6411627.66885 ], [ 530610.64851, 6411615.63964 ], [ 530558.51065, 6411593.09447 ], [ 530539.165, 6411549.29704 ], [ 530538.09137, 6411540.31453 ], [ 530529.142, 6411545.38407 ], [ 530516.20501, 6411551.48577 ], [ 530504.22552, 6411552.58428 ], [ 530453.60924, 6411592.96642 ], [ 530453.62583, 6411594.96437 ], [ 530424.84614, 6411618.18141 ] ] ] ] } },
{ "type": "Feature", "properties": { "COMMUNE": "Le Buisson-de-Cadouin", "COMMUNAUTE": "CC des Bastides Dordogne Périgord", "INSEE_COMM": 24068, "ID_CDECOMM": 21, "SURFACE_UR": 2.4428, "COVISIBILI": "non", "SITUATION_": "non boise", "SITUATION1": "pente" }, "geometry": { "type": "MultiPolygon", "coordinates": [ [ [ [ 536571.3693, 6416832.12712 ], [ 536573.22617, 6416815.12786 ], [ 536569.17213, 6416808.16818 ], [ 536563.09521, 6416798.22815 ], [ 536540.81872, 6416762.44737 ], [ 536522.42197, 6416712.64768 ], [ 536508.04606, 6416665.81175 ], [ 536498.79789, 6416634.91803 ], [ 536489.56632, 6416606.02226 ], [ 536462.61859, 6416609.24319 ], [ 536442.66377, 6416612.40604 ], [ 536424.70692, 6416615.5523 ], [ 536417.71401, 6416615.61037 ], [ 536413.91727, 6416639.61907 ], [ 536412.0438, 6416654.62037 ], [ 536412.1185, 6416663.61119 ], [ 536412.20979, 6416674.59997 ], [ 536415.42255, 6416700.54857 ], [ 536415.45575, 6416704.54449 ], [ 536421.79827, 6416746.45188 ], [ 536425.91041, 6416760.40442 ], [ 536434.0849, 6416782.31563 ], [ 536435.12538, 6416787.30223 ], [ 536439.19603, 6416796.25987 ], [ 536448.3529, 6416816.16482 ], [ 536463.61989, 6416850.00571 ], [ 536571.3693, 6416832.12712 ] ] ] ] } },
{ "type": "Feature", "properties": { "COMMUNE": "Molières", "COMMUNAUTE": "CC des Bastides Dordogne Périgord", "INSEE_COMM": 24273, "ID_CDECOMM": 21, "SURFACE_UR": 3.8557, "COVISIBILI": "oui", "SITUATION_": "clairiere", "SITUATION1": "plateau plaine" }, "geometry": { "type": "MultiPolygon", "coordinates": [ [ [ [ 529094.46772, 6416352.72306 ], [ 529098.48854, 6416355.68682 ], [ 529105.55611, 6416364.6196 ], [ 529107.54578, 6416363.60403 ], [ 529120.44958, 6416353.50643 ], [ 529127.39268, 6416347.4545 ], [ 529134.33578, 6416341.40257 ], [ 529153.192, 6416326.26031 ], [ 529157.16304, 6416323.2302 ], [ 529174.03789, 6416310.10249 ], [ 529190.89615, 6416294.97681 ], [ 529203.79166, 6416283.88023 ], [ 529207.7544, 6416279.85114 ], [ 529343.48339, 6416262.73964 ], [ 529353.5811, 6416275.64345 ], [ 529357.63511, 6416282.60314 ], [ 529357.6849, 6416288.59702 ], [ 529360.69845, 6416290.5701 ], [ 529371.79514, 6416303.46562 ], [ 529372.79412, 6416303.45733 ], [ 529379.74551, 6416298.40438 ], [ 529380.7362, 6416297.39711 ], [ 529387.82036, 6416308.32783 ], [ 529391.7997, 6416306.2967 ], [ 529398.75109, 6416301.24375 ], [ 529404.7118, 6416297.19808 ], [ 529422.60223, 6416286.06003 ], [ 529443.47301, 6416272.89914 ], [ 529446.45337, 6416270.8763 ], [ 529479.25387, 6416250.62304 ], [ 529465.09384, 6416229.76056 ], [ 529459.04186, 6416222.81746 ], [ 529457.019, 6416219.8371 ], [ 529456.00342, 6416217.84744 ], [ 529460.94025, 6416210.81311 ], [ 529471.78801, 6416193.73924 ], [ 529486.59851, 6416172.63627 ], [ 529497.43796, 6416154.56341 ], [ 529503.35718, 6416145.52283 ], [ 529507.31163, 6416140.49476 ], [ 529484.16905, 6416120.7059 ], [ 529469.06813, 6416106.84458 ], [ 529462.02546, 6416100.90875 ], [ 529460.0192, 6416099.92636 ], [ 529448.17246, 6416117.00853 ], [ 529438.29879, 6416131.07717 ], [ 529423.48, 6416151.18116 ], [ 529412.59905, 6416164.25912 ], [ 529404.65697, 6416170.31934 ], [ 529399.67865, 6416172.35877 ], [ 529395.68271, 6416172.39194 ], [ 529389.64732, 6416167.4468 ], [ 529368.53591, 6416151.63727 ], [ 529352.46919, 6416141.78016 ], [ 529346.4338, 6416136.83502 ], [ 529188.34223, 6416228.06175 ], [ 529183.3888, 6416233.09811 ], [ 529172.49956, 6416245.17709 ], [ 529162.601, 6416256.24879 ], [ 529147.74901, 6416272.35686 ], [ 529138.84113, 6416282.42129 ], [ 529095.26755, 6416328.73925 ], [ 529095.40861, 6416345.7219 ], [ 529094.45942, 6416351.72408 ], [ 529094.46772, 6416352.72306 ] ] ] ] } },
{ "type": "Feature", "properties": { "COMMUNE": "Saint-Avit-Sénieur", "COMMUNAUTE": "CC des Bastides Dordogne Périgord", "INSEE_COMM": 24379, "ID_CDECOMM": 21, "SURFACE_UR": 4.4883, "COVISIBILI": "non", "SITUATION_": "non boise", "SITUATION1": "plateau plaine" }, "geometry": { "type": "MultiPolygon", "coordinates": [ [ [ [ 527430.73551, 6411743.9416 ], [ 527469.67923, 6411741.62025 ], [ 527497.64244, 6411740.38909 ], [ 527498.62483, 6411738.38284 ], [ 527498.59165, 6411734.38694 ], [ 527500.39884, 6411711.39388 ], [ 527519.3878, 6411712.23531 ], [ 527565.35756, 6411713.85181 ], [ 527566.35655, 6411713.84352 ], [ 527650.13004, 6411696.16435 ], [ 527720.88358, 6411674.59707 ], [ 527751.76079, 6411663.35126 ], [ 527731.45766, 6411624.55701 ], [ 527728.38606, 6411615.5911 ], [ 527724.09983, 6411580.66008 ], [ 527722.91007, 6411557.6919 ], [ 527723.66851, 6411528.71328 ], [ 527616.06875, 6411564.57306 ], [ 527625.23377, 6411585.47694 ], [ 527621.25444, 6411587.50806 ], [ 527597.36181, 6411597.69685 ], [ 527589.41143, 6411602.75807 ], [ 527583.42583, 6411603.8068 ], [ 527561.50628, 6411610.98207 ], [ 527544.56506, 6411616.11793 ], [ 527543.79832, 6411644.09757 ], [ 527533.80021, 6411643.18152 ], [ 527517.79161, 6411640.31727 ], [ 527508.78418, 6411638.39394 ], [ 527500.78403, 6411637.46131 ], [ 527480.76292, 6411632.63227 ], [ 527458.74384, 6411627.81982 ], [ 527444.7415, 6411625.93795 ], [ 527418.76796, 6411626.15355 ], [ 527407.78745, 6411627.24375 ], [ 527408.85279, 6411635.22727 ], [ 527379.85743, 6411632.47081 ], [ 527349.85479, 6411628.72367 ], [ 527345.88374, 6411631.75377 ], [ 527344.91794, 6411635.75797 ], [ 527342.203, 6411669.74806 ], [ 527343.26834, 6411677.73158 ], [ 527341.36161, 6411688.73691 ], [ 527339.51295, 6411706.73508 ], [ 527337.6394, 6411721.73631 ], [ 527333.80107, 6411740.75004 ], [ 527430.73551, 6411743.9416 ] ] ] ] } },
{ "type": "Feature", "properties": { "COMMUNE": "Saint-Avit-Sénieur", "COMMUNAUTE": "CC des Bastides Dordogne Périgord", "INSEE_COMM": 24379, "ID_CDECOMM": 21, "SURFACE_UR": 1.21735, "COVISIBILI": "non", "SITUATION_": "clairiere", "SITUATION1": "plateau plaine" }, "geometry": { "type": "MultiPolygon", "coordinates": [ [ [ [ 530012.1906, 6412214.04236 ], [ 530005.4134, 6412240.07385 ], [ 530003.46521, 6412246.08431 ], [ 529990.85172, 6412291.14615 ], [ 529999.87574, 6412295.06742 ], [ 529994.9223, 6412300.10378 ], [ 529978.08062, 6412317.22741 ], [ 529954.30413, 6412341.40194 ], [ 529969.67043, 6412387.23053 ], [ 529971.70987, 6412392.20883 ], [ 530019.51171, 6412373.82912 ], [ 530027.39573, 6412360.77605 ], [ 530013.34362, 6412352.90034 ], [ 530041.09116, 6412325.6957 ], [ 530044.07151, 6412323.67286 ], [ 530051.98872, 6412314.6157 ], [ 530053.9618, 6412311.60218 ], [ 530072.56088, 6412265.49159 ], [ 530082.33503, 6412239.43522 ], [ 530089.19519, 6412223.39351 ], [ 530017.0362, 6412196.01929 ], [ 530013.15641, 6412210.03816 ], [ 530012.1906, 6412214.04236 ] ] ] ] } },
{ "type": "Feature", "properties": { "COMMUNE": "Saint-Avit-Sénieur", "COMMUNAUTE": "CC des Bastides Dordogne Périgord", "INSEE_COMM": 24379, "ID_CDECOMM": 21, "SURFACE_UR": 4.082, "COVISIBILI": "non", "SITUATION_": "clairiere", "SITUATION1": "pente" }, "geometry": { "type": "MultiPolygon", "coordinates": [ [ [ [ 527350.95731, 6412603.78337 ], [ 527357.87553, 6412594.73453 ], [ 527382.62614, 6412567.55484 ], [ 527388.57856, 6412562.5102 ], [ 527402.45649, 6412549.40741 ], [ 527434.18338, 6412520.17172 ], [ 527441.07673, 6412508.12595 ], [ 527444.00732, 6412500.10925 ], [ 527445.95551, 6412494.0988 ], [ 527445.84769, 6412481.1121 ], [ 527443.77507, 6412472.13788 ], [ 527417.34533, 6412417.40972 ], [ 527412.27577, 6412408.46038 ], [ 527398.04948, 6412379.60613 ], [ 527393.99549, 6412372.64646 ], [ 527401.97905, 6412371.58114 ], [ 527422.89962, 6412364.41417 ], [ 527452.80273, 6412356.17359 ], [ 527463.07457, 6412390.0559 ], [ 527489.96415, 6412379.84224 ], [ 527532.79597, 6412364.50102 ], [ 527547.73923, 6412359.38175 ], [ 527577.59257, 6412345.14731 ], [ 527574.51268, 6412335.18241 ], [ 527568.43584, 6412325.24239 ], [ 527560.37763, 6412317.31691 ], [ 527554.35885, 6412314.36973 ], [ 527547.37427, 6412315.42675 ], [ 527536.40205, 6412317.51592 ], [ 527532.40612, 6412317.54909 ], [ 527514.38297, 6412312.70346 ], [ 527508.36419, 6412309.75628 ], [ 527502.32053, 6412303.81217 ], [ 527499.09963, 6412276.86466 ], [ 527499.06646, 6412272.86875 ], [ 527499.03328, 6412268.87284 ], [ 527492.97303, 6412260.93077 ], [ 527488.95222, 6412257.96701 ], [ 527478.96239, 6412258.04993 ], [ 527461.0056, 6412261.19612 ], [ 527453.03862, 6412264.25939 ], [ 527435.13159, 6412273.39944 ], [ 527417.23286, 6412283.53847 ], [ 527390.3101, 6412289.75622 ], [ 527365.37702, 6412294.95841 ], [ 527351.44103, 6412301.06836 ], [ 527339.44495, 6412300.16888 ], [ 527313.51288, 6412305.37936 ], [ 527318.89763, 6412352.28983 ], [ 527322.06876, 6412373.24348 ], [ 527324.24921, 6412395.20439 ], [ 527325.27307, 6412398.19303 ], [ 527327.42034, 6412416.15804 ], [ 527326.6536, 6412444.1377 ], [ 527323.96355, 6412481.12474 ], [ 527321.30667, 6412522.10768 ], [ 527320.42381, 6412536.10166 ], [ 527324.65199, 6412564.03986 ], [ 527322.67061, 6412566.0544 ], [ 527332.98392, 6412604.9316 ], [ 527337.07109, 6412615.88718 ], [ 527340.13439, 6412623.85413 ], [ 527344.06397, 6412615.82914 ], [ 527350.95731, 6412603.78337 ] ] ] ] } },
{ "type": "Feature", "properties": { "COMMUNE": "Le Buisson-de-Cadouin", "COMMUNAUTE": "CC des Bastides Dordogne Périgord", "INSEE_COMM": 24068, "ID_CDECOMM": 21, "SURFACE_UR": 2.63905, "COVISIBILI": "oui", "SITUATION_": "non boise", "SITUATION1": "pente" }, "geometry": { "type": "MultiPolygon", "coordinates": [ [ [ [ 531629.37297, 6414706.22661 ], [ 531629.33977, 6414702.23069 ], [ 531611.35808, 6414702.38 ], [ 531648.77173, 6414636.1322 ], [ 531666.50447, 6414606.01353 ], [ 531669.45163, 6414599.99478 ], [ 531661.21081, 6414570.09177 ], [ 531604.59242, 6414609.52474 ], [ 531564.85716, 6414636.82894 ], [ 531584.62106, 6414610.68961 ], [ 531546.51034, 6414593.02318 ], [ 531521.80131, 6414625.19786 ], [ 531503.0198, 6414649.33095 ], [ 531493.14615, 6414663.3996 ], [ 531484.12211, 6414659.47833 ], [ 531481.08367, 6414654.50832 ], [ 531479.1189, 6414658.52083 ], [ 531469.27844, 6414676.58539 ], [ 531447.61615, 6414714.72906 ], [ 531425.96217, 6414753.87172 ], [ 531407.23044, 6414783.99868 ], [ 531407.23874, 6414784.99766 ], [ 531415.2555, 6414787.92824 ], [ 531426.24432, 6414787.837 ], [ 531434.23618, 6414787.77064 ], [ 531444.20941, 6414785.68974 ], [ 531479.09083, 6414775.40965 ], [ 531499.0373, 6414771.24784 ], [ 531524.97766, 6414767.03627 ], [ 531553.93987, 6414765.79675 ], [ 531551.88382, 6414758.82049 ], [ 531548.82048, 6414750.85354 ], [ 531546.71463, 6414737.8834 ], [ 531574.65296, 6414733.65524 ], [ 531575.71833, 6414741.63878 ], [ 531579.70597, 6414740.60662 ], [ 531599.65243, 6414736.44481 ], [ 531599.66903, 6414738.44277 ], [ 531634.59194, 6414733.15756 ], [ 531633.55147, 6414728.17097 ], [ 531629.37297, 6414706.22661 ] ] ] ] } },
{ "type": "Feature", "properties": { "COMMUNE": "Badefols-sur-Dordogne", "COMMUNAUTE": "CC des Bastides Dordogne Périgord", "INSEE_COMM": 24022, "ID_CDECOMM": 21, "SURFACE_UR": 0.6384, "COVISIBILI": "non", "SITUATION_": "clairiere", "SITUATION1": "plateau plaine" }, "geometry": { "type": "MultiPolygon", "coordinates": [ [ [ [ 527762.74978, 6418399.83989 ], [ 527704.32414, 6418462.26593 ], [ 527728.45741, 6418481.04759 ], [ 527715.59508, 6418496.1401 ], [ 527690.72004, 6418508.33516 ], [ 527681.10357, 6418553.37224 ], [ 527725.16674, 6418565.99417 ], [ 527730.0455, 6418551.96698 ], [ 527730.0455, 6418551.96698 ], [ 527733.94187, 6418539.94603 ], [ 527734.92426, 6418537.93978 ], [ 527733.88379, 6418532.95316 ], [ 527733.8506, 6418528.95724 ], [ 527732.76865, 6418518.97571 ], [ 527735.71582, 6418512.95695 ], [ 527766.42711, 6418481.73149 ], [ 527765.38664, 6418476.74487 ], [ 527762.14907, 6418447.79929 ], [ 527764.05577, 6418436.79391 ], [ 527767.01953, 6418432.77311 ], [ 527763.9479, 6418423.80715 ], [ 527764.8971, 6418417.80497 ], [ 527765.8463, 6418411.80279 ], [ 527762.74978, 6418399.83989 ] ] ] ] } },
{ "type": "Feature", "properties": { "COMMUNE": "Le Buisson-de-Cadouin", "COMMUNAUTE": "CC des Bastides Dordogne Périgord", "INSEE_COMM": 24068, "ID_CDECOMM": 21, "SURFACE_UR": 0.6784, "COVISIBILI": "non", "SITUATION_": "non boise", "SITUATION1": "pente" }, "geometry": { "type": "MultiPolygon", "coordinates": [ [ [ [ 534454.25328, 6417419.16449 ], [ 534458.23262, 6417417.13336 ], [ 534464.18504, 6417412.08869 ], [ 534478.30364, 6417427.95626 ], [ 534504.1196, 6417408.75998 ], [ 534516.03274, 6417399.66962 ], [ 534500.87366, 6417378.81543 ], [ 534550.60719, 6417352.42722 ], [ 534546.47846, 6417336.4767 ], [ 534542.42442, 6417329.51701 ], [ 534514.10423, 6417287.79206 ], [ 534512.08135, 6417284.8117 ], [ 534503.21497, 6417299.87106 ], [ 534492.4087, 6417321.93988 ], [ 534487.50507, 6417332.97014 ], [ 534472.80245, 6417367.0599 ], [ 534466.88323, 6417376.10049 ], [ 534457.02615, 6417392.16713 ], [ 534454.0043, 6417389.19507 ], [ 534445.94601, 6417381.26957 ], [ 534424.0679, 6417393.43982 ], [ 534436.24662, 6417416.31685 ], [ 534453.1547, 6417407.18502 ], [ 534453.22939, 6417416.17585 ], [ 534454.25328, 6417419.16449 ] ] ] ] } },
{ "type": "Feature", "properties": { "COMMUNE": "Le Buisson-de-Cadouin", "COMMUNAUTE": "CC des Bastides Dordogne Périgord", "INSEE_COMM": 24068, "ID_CDECOMM": 21, "SURFACE_UR": 1.83895, "COVISIBILI": "oui", "SITUATION_": "non boise", "SITUATION1": "pente" }, "geometry": { "type": "MultiPolygon", "coordinates": [ [ [ [ 535850.59477, 6417739.25506 ], [ 535844.53445, 6417731.31298 ], [ 535819.344, 6417705.54685 ], [ 535818.32011, 6417702.55821 ], [ 535819.2942, 6417699.55297 ], [ 535823.17395, 6417685.53405 ], [ 535824.09824, 6417676.53493 ], [ 535826.00491, 6417665.52955 ], [ 535829.79336, 6417640.52184 ], [ 535832.77372, 6417638.499 ], [ 535889.57485, 6417621.04349 ], [ 535887.36109, 6417595.08658 ], [ 535891.11634, 6417566.08295 ], [ 535864.13541, 6417565.30794 ], [ 535849.12571, 6417562.43543 ], [ 535848.09352, 6417558.4478 ], [ 535840.12653, 6417561.5111 ], [ 535841.15042, 6417564.49975 ], [ 535834.17411, 6417566.55578 ], [ 535823.21846, 6417570.64295 ], [ 535809.96605, 6417538.7834 ], [ 535785.14078, 6417556.97244 ], [ 535782.15212, 6417557.9963 ], [ 535785.04948, 6417545.98365 ], [ 535758.05195, 6417543.21067 ], [ 535731.6022, 6417606.37044 ], [ 535759.76472, 6417629.11474 ], [ 535747.04349, 6417661.18996 ], [ 535730.42591, 6417705.28614 ], [ 535739.43338, 6417707.20945 ], [ 535766.48071, 6417715.97631 ], [ 535790.51449, 6417722.77009 ], [ 535850.59477, 6417739.25506 ] ] ] ] } },
{ "type": "Feature", "properties": { "COMMUNE": "Le Buisson-de-Cadouin", "COMMUNAUTE": "CC des Bastides Dordogne Périgord", "INSEE_COMM": 24068, "ID_CDECOMM": 21, "SURFACE_UR": 1.276, "COVISIBILI": "oui", "SITUATION_": "non boise", "SITUATION1": "pente" }, "geometry": { "type": "MultiPolygon", "coordinates": [ [ [ [ 531421.10516, 6414890.7816 ], [ 531425.16748, 6414898.74025 ], [ 531449.35883, 6414924.51464 ], [ 531456.48448, 6414940.44024 ], [ 531587.22679, 6414924.36897 ], [ 531587.1438, 6414914.37918 ], [ 531586.07843, 6414906.39565 ], [ 531587.00273, 6414897.39654 ], [ 531630.89159, 6414889.03975 ], [ 531650.83806, 6414884.87794 ], [ 531648.782, 6414877.90168 ], [ 531680.69967, 6414871.64238 ], [ 531716.58007, 6414861.35398 ], [ 531711.51047, 6414852.40464 ], [ 531705.40869, 6414839.46768 ], [ 531700.33909, 6414830.51835 ], [ 531698.36602, 6414833.53187 ], [ 531694.40328, 6414837.56097 ], [ 531691.42293, 6414839.58381 ], [ 531686.45291, 6414842.62222 ], [ 531673.48273, 6414844.72801 ], [ 531633.5815, 6414852.05264 ], [ 531574.74108, 6414864.52977 ], [ 531524.85832, 6414872.93633 ], [ 531512.88712, 6414875.03382 ], [ 531508.88289, 6414874.06802 ], [ 531504.89525, 6414875.10018 ], [ 531500.90762, 6414876.13233 ], [ 531500.89932, 6414875.13335 ], [ 531471.97031, 6414880.36879 ], [ 531450.02587, 6414884.54718 ], [ 531421.10516, 6414890.7816 ] ] ] ] } },
{ "type": "Feature", "properties": { "COMMUNE": "Le Buisson-de-Cadouin", "COMMUNAUTE": "CC des Bastides Dordogne Périgord", "INSEE_COMM": 24068, "ID_CDECOMM": 21, "SURFACE_UR": 1.81865, "COVISIBILI": "non", "SITUATION_": "boise", "SITUATION1": "plateau plaine" }, "geometry": { "type": "MultiPolygon", "coordinates": [ [ [ [ 532949.12388, 6418434.70917 ], [ 532970.90236, 6418410.55111 ], [ 532958.79006, 6418395.66593 ], [ 532984.59767, 6418375.47062 ], [ 532986.58734, 6418374.45505 ], [ 532993.63003, 6418380.39087 ], [ 533023.25929, 6418339.18376 ], [ 533024.23338, 6418336.17852 ], [ 532971.03825, 6418306.64873 ], [ 532918.81721, 6418274.1137 ], [ 532906.76301, 6418266.22139 ], [ 532900.8438, 6418275.262 ], [ 532887.79061, 6418267.37798 ], [ 532866.07023, 6418298.52891 ], [ 532829.49786, 6418345.78797 ], [ 532833.527, 6418349.75071 ], [ 532847.67045, 6418368.61523 ], [ 532873.92621, 6418402.36493 ], [ 532949.12388, 6418434.70917 ] ] ] ] } },
{ "type": "Feature", "properties": { "COMMUNE": "Le Buisson-de-Cadouin", "COMMUNAUTE": "CC des Bastides Dordogne Périgord", "INSEE_COMM": 24068, "ID_CDECOMM": 21, "SURFACE_UR": 2.21125, "COVISIBILI": "non", "SITUATION_": "non boise", "SITUATION1": "vallee" }, "geometry": { "type": "MultiPolygon", "coordinates": [ [ [ [ 534955.79393, 6418743.73716 ], [ 534958.77429, 6418741.71431 ], [ 535017.45723, 6418710.25649 ], [ 535070.21263, 6418686.84029 ], [ 535088.46828, 6418719.65738 ], [ 535093.44662, 6418717.61794 ], [ 535097.42596, 6418715.5868 ], [ 535131.26702, 6418700.32005 ], [ 535155.15141, 6418689.13218 ], [ 535165.31556, 6418710.02785 ], [ 535191.18132, 6418696.82542 ], [ 535199.13172, 6418691.76415 ], [ 535228.99343, 6418678.52854 ], [ 535252.87781, 6418667.34066 ], [ 535265.82314, 6418662.23792 ], [ 535263.79197, 6418658.25859 ], [ 535234.30678, 6418596.56227 ], [ 535232.26731, 6418591.58395 ], [ 535196.33699, 6418595.87849 ], [ 535197.39407, 6418602.86307 ], [ 535203.51248, 6418617.79803 ], [ 535183.59085, 6418624.95679 ], [ 535169.64653, 6418630.06783 ], [ 535160.67225, 6418632.14045 ], [ 535129.76176, 6418639.39046 ], [ 535106.86806, 6418649.57106 ], [ 535067.06628, 6418668.8835 ], [ 535059.96548, 6418655.9548 ], [ 535054.88755, 6418646.00646 ], [ 535050.80031, 6418635.05083 ], [ 535048.75254, 6418629.07353 ], [ 535036.6651, 6418617.18529 ], [ 535019.73213, 6418623.32019 ], [ 534986.87346, 6418636.58068 ], [ 534969.94048, 6418642.71558 ], [ 534941.06946, 6418654.9439 ], [ 534939.07149, 6418654.96049 ], [ 534955.40386, 6418696.78501 ], [ 534943.6484, 6418724.85604 ], [ 534955.79393, 6418743.73716 ] ] ] ] } },
{ "type": "Feature", "properties": { "COMMUNE": "Le Buisson-de-Cadouin", "COMMUNAUTE": "CC des Bastides Dordogne Périgord", "INSEE_COMM": 24068, "ID_CDECOMM": 21, "SURFACE_UR": 1.77175, "COVISIBILI": "non", "SITUATION_": "non boise", "SITUATION1": "pente" }, "geometry": { "type": "MultiPolygon", "coordinates": [ [ [ [ 532201.24114, 6415958.28093 ], [ 532198.30228, 6415965.29867 ], [ 532194.40593, 6415977.31961 ], [ 532194.42253, 6415979.31757 ], [ 532221.54446, 6415997.07524 ], [ 532283.44823, 6415992.56503 ], [ 532326.37962, 6415989.21141 ], [ 532334.18062, 6415966.16851 ], [ 532355.22566, 6415973.98615 ], [ 532369.79547, 6415923.91274 ], [ 532370.77786, 6415921.90648 ], [ 532347.70996, 6415911.10849 ], [ 532336.67135, 6415905.20586 ], [ 532332.66711, 6415904.24006 ], [ 532296.57093, 6415888.55501 ], [ 532275.4844, 6415875.74246 ], [ 532229.34859, 6415854.14648 ], [ 532211.29221, 6415845.30497 ], [ 532208.32015, 6415848.3268 ], [ 532200.52745, 6415872.36867 ], [ 532185.86635, 6415911.4533 ], [ 532209.90834, 6415919.24606 ], [ 532201.24114, 6415958.28093 ] ] ] ] } },
{ "type": "Feature", "properties": { "COMMUNE": "Le Buisson-de-Cadouin", "COMMUNAUTE": "CC des Bastides Dordogne Périgord", "INSEE_COMM": 24068, "ID_CDECOMM": 21, "SURFACE_UR": 7.0845, "COVISIBILI": "non", "SITUATION_": "non boise", "SITUATION1": "pente" }, "geometry": { "type": "MultiPolygon", "coordinates": [ [ [ [ 535140.65065, 6416342.48454 ], [ 535190.27323, 6416422.99549 ], [ 535234.80129, 6416491.56016 ], [ 535194.96634, 6416506.87664 ], [ 535208.21874, 6416538.73618 ], [ 535274.09373, 6416531.19587 ], [ 535302.98963, 6416521.9645 ], [ 535325.97988, 6416643.6576 ], [ 535380.80792, 6416629.21566 ], [ 535369.60328, 6416603.33342 ], [ 535369.56178, 6416598.33852 ], [ 535386.48645, 6416591.20465 ], [ 535403.39452, 6416582.07281 ], [ 535429.30176, 6416573.86531 ], [ 535365.82616, 6416509.45417 ], [ 535356.5448, 6416474.56452 ], [ 535336.24969, 6416436.76917 ], [ 535333.99443, 6416405.81738 ], [ 535376.76824, 6416383.48314 ], [ 535377.78382, 6416385.47281 ], [ 535383.94373, 6416405.40264 ], [ 535387.02369, 6416415.36755 ], [ 535411.88214, 6416401.17446 ], [ 535430.77988, 6416391.02706 ], [ 535469.54115, 6416366.72804 ], [ 535478.48222, 6416360.65951 ], [ 535473.4292, 6416353.70812 ], [ 535460.26808, 6416332.83738 ], [ 535457.25453, 6416330.8643 ], [ 535455.25655, 6416330.88089 ], [ 535453.26688, 6416331.89646 ], [ 535442.31123, 6416335.98362 ], [ 535435.35153, 6416340.03761 ], [ 535431.36389, 6416341.06977 ], [ 535429.34931, 6416339.0884 ], [ 535397.19917, 6416317.37627 ], [ 535393.17003, 6416313.41353 ], [ 535385.11174, 6416305.48805 ], [ 535376.07937, 6416300.5678 ], [ 535370.96824, 6416286.62355 ], [ 535364.84153, 6416270.68964 ], [ 535346.4614, 6416222.88791 ], [ 535339.31081, 6416203.96535 ], [ 535336.25575, 6416196.99738 ], [ 535328.14767, 6416183.07802 ], [ 535278.46396, 6416215.46011 ], [ 535239.71099, 6416240.7581 ], [ 535228.77195, 6416246.84322 ], [ 535180.03742, 6416273.22314 ], [ 535151.19132, 6416288.44838 ], [ 535149.20165, 6416289.46395 ], [ 535136.27292, 6416296.56464 ], [ 535117.36689, 6416305.71306 ], [ 535140.65065, 6416342.48454 ] ] ] ] } },
{ "type": "Feature", "properties": { "COMMUNE": "Le Buisson-de-Cadouin", "COMMUNAUTE": "CC des Bastides Dordogne Périgord", "INSEE_COMM": 24068, "ID_CDECOMM": 21, "SURFACE_UR": 3.4774, "COVISIBILI": "oui", "SITUATION_": "non boise", "SITUATION1": "pente" }, "geometry": { "type": "MultiPolygon", "coordinates": [ [ [ [ 534748.72273, 6417028.08929 ], [ 534730.45879, 6416994.27325 ], [ 534748.33265, 6416981.13721 ], [ 534716.83291, 6416917.45958 ], [ 534678.14109, 6416829.86448 ], [ 534667.71966, 6416778.00044 ], [ 534663.50793, 6416752.06013 ], [ 534661.38546, 6416737.09201 ], [ 534668.87939, 6416677.08684 ], [ 534606.83435, 6416664.61434 ], [ 534605.22645, 6416711.583 ], [ 534605.30945, 6416721.5728 ], [ 534605.60823, 6416757.5361 ], [ 534611.96732, 6416801.44147 ], [ 534624.6108, 6416880.26139 ], [ 534626.66687, 6416887.23767 ], [ 534629.74683, 6416897.20259 ], [ 534638.91199, 6416918.10653 ], [ 534657.23402, 6416958.91544 ], [ 534663.35243, 6416973.85038 ], [ 534672.53419, 6416996.75229 ], [ 534673.56637, 6417000.73991 ], [ 534682.78963, 6417028.63672 ], [ 534687.91736, 6417044.57894 ], [ 534693.07828, 6417064.51708 ], [ 534700.26207, 6417087.43557 ], [ 534713.60576, 6417130.28391 ], [ 534717.6847, 6417140.24054 ], [ 534727.86545, 6417163.13416 ], [ 534732.92678, 6417171.08453 ], [ 534741.00996, 6417182.00696 ], [ 534807.62667, 6417143.48997 ], [ 534783.26092, 6417096.73695 ], [ 534771.0656, 6417071.86197 ], [ 534760.90975, 6417051.9653 ], [ 534748.72273, 6417028.08929 ] ] ] ] } },
{ "type": "Feature", "properties": { "COMMUNE": "Le Buisson-de-Cadouin", "COMMUNAUTE": "CC des Bastides Dordogne Périgord", "INSEE_COMM": 24068, "ID_CDECOMM": 21, "SURFACE_UR": 1.05515, "COVISIBILI": "non", "SITUATION_": "clairiere", "SITUATION1": "plateau plaine" }, "geometry": { "type": "MultiPolygon", "coordinates": [ [ [ [ 532124.43648, 6416574.3328 ], [ 532134.36823, 6416567.25699 ], [ 532158.26915, 6416558.06709 ], [ 532180.1721, 6416548.89378 ], [ 532186.1743, 6416549.84299 ], [ 532183.29353, 6416563.8536 ], [ 532189.29573, 6416564.80281 ], [ 532187.33925, 6416569.8143 ], [ 532199.34365, 6416571.71273 ], [ 532201.30013, 6416566.70123 ], [ 532207.30233, 6416567.65045 ], [ 532208.26812, 6416563.64623 ], [ 532213.27133, 6416564.60374 ], [ 532217.18428, 6416554.58075 ], [ 532216.12721, 6416547.59619 ], [ 532218.08368, 6416542.5847 ], [ 532170.41776, 6416457.06226 ], [ 532163.42488, 6416457.12032 ], [ 532149.43081, 6416456.23747 ], [ 532141.44724, 6416457.30281 ], [ 532135.46994, 6416459.35054 ], [ 532115.59815, 6416472.50318 ], [ 532100.65489, 6416477.6225 ], [ 532070.76007, 6416486.86217 ], [ 532124.43648, 6416574.3328 ] ] ] ] } },
{ "type": "Feature", "properties": { "COMMUNE": "Le Buisson-de-Cadouin", "COMMUNAUTE": "CC des Bastides Dordogne Périgord", "INSEE_COMM": 24068, "ID_CDECOMM": 21, "SURFACE_UR": 0.89785, "COVISIBILI": "non", "SITUATION_": "non boise", "SITUATION1": "plateau plaine" }, "geometry": { "type": "MultiPolygon", "coordinates": [ [ [ [ 532201.24114, 6415958.28093 ], [ 532209.90834, 6415919.24606 ], [ 532185.86635, 6415911.4533 ], [ 532200.52745, 6415872.36867 ], [ 532208.32015, 6415848.3268 ], [ 532211.29221, 6415845.30497 ], [ 532215.22175, 6415837.27995 ], [ 532221.09117, 6415822.24549 ], [ 532150.91338, 6415792.85674 ], [ 532136.87782, 6415786.97899 ], [ 532134.88815, 6415787.99456 ], [ 532121.82668, 6415779.11158 ], [ 532111.92813, 6415790.18331 ], [ 532102.92068, 6415788.26 ], [ 532099.04923, 6415803.27788 ], [ 532151.17893, 6415824.82409 ], [ 532162.4914, 6415863.69306 ], [ 532149.80337, 6415899.76416 ], [ 532141.01998, 6415924.81331 ], [ 532134.0271, 6415924.87138 ], [ 532132.08722, 6415931.88082 ], [ 532201.24114, 6415958.28093 ] ] ] ] } },
{ "type": "Feature", "properties": { "COMMUNE": "Le Buisson-de-Cadouin", "COMMUNAUTE": "CC des Bastides Dordogne Périgord", "INSEE_COMM": 24068, "ID_CDECOMM": 21, "SURFACE_UR": 1.29585, "COVISIBILI": "non", "SITUATION_": "non boise", "SITUATION1": "pente" }, "geometry": { "type": "MultiPolygon", "coordinates": [ [ [ [ 536659.46632, 6416372.83204 ], [ 536713.33687, 6416363.39325 ], [ 536779.18695, 6416352.85593 ], [ 536771.05396, 6416335.93964 ], [ 536764.97704, 6416325.99962 ], [ 536758.90843, 6416317.05857 ], [ 536736.74813, 6416295.26352 ], [ 536720.58176, 6416273.4187 ], [ 536713.51415, 6416264.48595 ], [ 536706.44655, 6416255.5532 ], [ 536702.43401, 6416253.58843 ], [ 536694.37572, 6416245.66295 ], [ 536688.332, 6416239.71885 ], [ 536681.2727, 6416231.78508 ], [ 536678.23424, 6416226.81507 ], [ 536669.11057, 6416210.90605 ], [ 536623.36471, 6416236.26215 ], [ 536637.52482, 6416257.12459 ], [ 536653.64969, 6416273.97451 ], [ 536669.79947, 6416293.82138 ], [ 536648.97846, 6416312.97621 ], [ 536622.20504, 6416337.17571 ], [ 536630.29653, 6416349.0971 ], [ 536637.24793, 6416344.04413 ], [ 536659.46632, 6416372.83204 ] ] ] ] } },
{ "type": "Feature", "properties": { "COMMUNE": "Le Buisson-de-Cadouin", "COMMUNAUTE": "CC des Bastides Dordogne Périgord", "INSEE_COMM": 24068, "ID_CDECOMM": 21, "SURFACE_UR": 3.62645, "COVISIBILI": "non", "SITUATION_": "boise", "SITUATION1": "pente" }, "geometry": { "type": "MultiPolygon", "coordinates": [ [ [ [ 532290.67277, 6414456.96801 ], [ 532330.73167, 6414468.62395 ], [ 532349.3638, 6414426.50924 ], [ 532445.83987, 6414133.98628 ], [ 532488.87911, 6414143.61937 ], [ 532502.88977, 6414146.50017 ], [ 532521.65467, 6414120.36912 ], [ 532544.37402, 6414089.20999 ], [ 532522.22212, 6414068.41394 ], [ 532490.01401, 6414039.70902 ], [ 532463.87448, 6414019.94513 ], [ 532452.97696, 6414031.02514 ], [ 532420.25949, 6414061.26823 ], [ 532413.3164, 6414067.32017 ], [ 532395.48409, 6414085.45109 ], [ 532392.52863, 6414090.47087 ], [ 532386.63432, 6414102.50838 ], [ 532375.85298, 6414127.57409 ], [ 532363.12347, 6414158.65026 ], [ 532356.25507, 6414173.693 ], [ 532321.80519, 6414235.92 ], [ 532308.0435, 6414263.00855 ], [ 532303.13157, 6414273.03981 ], [ 532300.21761, 6414283.05449 ], [ 532301.29128, 6414292.037 ], [ 532306.51856, 6414319.96692 ], [ 532311.62965, 6414333.91115 ], [ 532309.72297, 6414344.9165 ], [ 532307.90758, 6414366.91062 ], [ 532303.311, 6414414.90307 ], [ 532298.55675, 6414443.91493 ], [ 532293.62823, 6414451.94823 ], [ 532290.67277, 6414456.96801 ] ] ] ] } },
{ "type": "Feature", "properties": { "COMMUNE": "Le Buisson-de-Cadouin", "COMMUNAUTE": "CC des Bastides Dordogne Périgord", "INSEE_COMM": 24068, "ID_CDECOMM": 21, "SURFACE_UR": 4.4076, "COVISIBILI": "non", "SITUATION_": "clairiere", "SITUATION1": "plateau plaine" }, "geometry": { "type": "MultiPolygon", "coordinates": [ [ [ [ 531183.30267, 6416571.15745 ], [ 531180.34721, 6416576.17723 ], [ 531176.33468, 6416574.21245 ], [ 531151.302, 6416567.42694 ], [ 531091.23022, 6416551.9409 ], [ 531090.34741, 6416565.93492 ], [ 531090.42209, 6416574.92574 ], [ 531074.63752, 6416599.03397 ], [ 531064.61449, 6416595.12099 ], [ 531063.6487, 6416599.12521 ], [ 531062.68291, 6416603.12942 ], [ 531074.81178, 6416620.01256 ], [ 531111.18181, 6416668.664 ], [ 531126.33253, 6416688.51919 ], [ 531132.31813, 6416687.47045 ], [ 531136.33067, 6416689.43523 ], [ 531135.38977, 6416696.43639 ], [ 531118.88005, 6416753.51927 ], [ 531111.10394, 6416779.55911 ], [ 531105.10174, 6416778.60989 ], [ 531064.06873, 6416769.95913 ], [ 531032.05146, 6416764.23065 ], [ 531031.26823, 6416790.21244 ], [ 531027.7619, 6416849.18545 ], [ 530979.82728, 6416851.58153 ], [ 530998.19071, 6416897.38533 ], [ 531003.56735, 6416943.29696 ], [ 531022.63102, 6416953.12918 ], [ 531033.43728, 6416931.06038 ], [ 531043.26115, 6416910.99783 ], [ 531054.25827, 6416911.90558 ], [ 531055.31534, 6416918.89014 ], [ 531060.41814, 6416931.83542 ], [ 531063.49807, 6416941.80034 ], [ 531073.65388, 6416961.69701 ], [ 531177.04516, 6416780.01068 ], [ 531199.57367, 6416725.87497 ], [ 531209.37265, 6416702.81548 ], [ 531218.38839, 6416705.73778 ], [ 531224.29101, 6416694.69923 ], [ 531236.02157, 6416663.63131 ], [ 531236.7633, 6416632.65463 ], [ 531250.49182, 6416601.57012 ], [ 531183.30267, 6416571.15745 ] ] ] ] } },
{ "type": "Feature", "properties": { "COMMUNE": "Urval", "COMMUNAUTE": "CC des Bastides Dordogne Périgord", "INSEE_COMM": 24560, "ID_CDECOMM": 21, "SURFACE_UR": 0.5878, "COVISIBILI": "non", "SITUATION_": "boise", "SITUATION1": "vallee" }, "geometry": { "type": "MultiPolygon", "coordinates": [ [ [ [ 537822.93109, 6416200.32502 ], [ 537826.95193, 6416203.28878 ], [ 537832.97905, 6416207.23491 ], [ 537835.99261, 6416209.20798 ], [ 537836.9916, 6416209.19969 ], [ 537853.02517, 6416215.06082 ], [ 537855.02315, 6416215.04423 ], [ 537856.02213, 6416215.03593 ], [ 537863.03164, 6416216.97581 ], [ 537871.02352, 6416216.90944 ], [ 537871.02352, 6416216.90944 ], [ 537872.02251, 6416216.90114 ], [ 537879.9978, 6416214.83681 ], [ 537889.96276, 6416211.75691 ], [ 537889.96276, 6416211.75691 ], [ 537891.96073, 6416211.74031 ], [ 537896.94736, 6416210.69985 ], [ 537898.94533, 6416210.68326 ], [ 537898.94533, 6416210.68326 ], [ 537900.9433, 6416210.66666 ], [ 537914.9374, 6416211.54949 ], [ 537917.87626, 6416204.53174 ], [ 537917.79326, 6416194.54195 ], [ 537917.73515, 6416187.54909 ], [ 537917.68535, 6416181.55521 ], [ 537916.66976, 6416179.56555 ], [ 537913.5981, 6416170.59962 ], [ 537907.44648, 6416151.66879 ], [ 537903.35093, 6416139.71422 ], [ 537903.35093, 6416139.71422 ], [ 537903.33433, 6416137.71626 ], [ 537906.22338, 6416124.70463 ], [ 537908.14665, 6416115.69722 ], [ 537908.11345, 6416111.7013 ], [ 537908.10515, 6416110.70232 ], [ 537904.0511, 6416103.74265 ], [ 537903.03552, 6416101.75299 ], [ 537902.01163, 6416098.76435 ], [ 537898.05719, 6416103.79243 ], [ 537888.16693, 6416115.86316 ], [ 537867.42064, 6416144.00881 ], [ 537824.92076, 6416199.30945 ], [ 537822.93109, 6416200.32502 ] ] ] ] } },
{ "type": "Feature", "properties": { "COMMUNE": "Molières", "COMMUNAUTE": "CC des Bastides Dordogne Périgord", "INSEE_COMM": 24273, "ID_CDECOMM": 21, "SURFACE_UR": 2.87885, "COVISIBILI": "non", "SITUATION_": "clairiere", "SITUATION1": "plateau plaine" }, "geometry": { "type": "MultiPolygon", "coordinates": [ [ [ [ 527906.97977, 6414113.72314 ], [ 527916.91981, 6414107.64635 ], [ 527923.8795, 6414103.5924 ], [ 527953.68304, 6414083.36408 ], [ 527956.6634, 6414081.34125 ], [ 527959.64375, 6414079.31841 ], [ 527955.54825, 6414067.36384 ], [ 527985.40157, 6414053.12939 ], [ 528001.31892, 6414045.0049 ], [ 528007.28792, 6414041.95821 ], [ 528012.46538, 6414063.89427 ], [ 528023.34632, 6414050.81634 ], [ 528033.22828, 6414037.74671 ], [ 528038.17341, 6414031.71138 ], [ 528063.93953, 6414006.52133 ], [ 528068.88466, 6414000.486 ], [ 528072.89719, 6414002.45079 ], [ 528078.91598, 6414005.39797 ], [ 528079.87347, 6414000.39479 ], [ 528079.7988, 6413991.40399 ], [ 528078.76662, 6413987.41637 ], [ 528133.66919, 6413981.96542 ], [ 528123.38066, 6413946.08512 ], [ 528119.28516, 6413934.13056 ], [ 528122.27381, 6413933.1067 ], [ 528143.21096, 6413927.93768 ], [ 528150.19554, 6413926.88066 ], [ 528173.12236, 6413920.69607 ], [ 528183.08729, 6413917.61621 ], [ 528193.05223, 6413914.53636 ], [ 528193.02734, 6413911.53943 ], [ 528196.02428, 6413911.51455 ], [ 528236.94109, 6413906.17968 ], [ 528246.91432, 6413904.0988 ], [ 528265.8784, 6413901.9433 ], [ 528268.85875, 6413899.92046 ], [ 528270.83183, 6413896.90695 ], [ 528270.81523, 6413894.90899 ], [ 528267.73531, 6413884.94409 ], [ 528264.6139, 6413869.98429 ], [ 528250.65303, 6413873.09732 ], [ 528239.68082, 6413875.18649 ], [ 528233.69522, 6413876.23522 ], [ 528217.73639, 6413879.36482 ], [ 528208.75384, 6413880.43843 ], [ 528196.79094, 6413883.53487 ], [ 528186.81771, 6413885.61575 ], [ 528184.70358, 6413871.64664 ], [ 528179.50123, 6413846.71365 ], [ 528177.3954, 6413833.74352 ], [ 528174.29888, 6413821.78066 ], [ 528170.31125, 6413822.81281 ], [ 528155.33481, 6413823.93617 ], [ 528148.35023, 6413824.99319 ], [ 528135.37175, 6413826.09996 ], [ 528133.43186, 6413833.10939 ], [ 528124.45761, 6413835.18198 ], [ 528116.47405, 6413836.24729 ], [ 528107.4998, 6413838.31988 ], [ 528108.55686, 6413845.30443 ], [ 528110.6544, 6413857.27558 ], [ 528112.78512, 6413873.24265 ], [ 528105.81713, 6413876.29763 ], [ 528089.8832, 6413882.42417 ], [ 528070.9689, 6413890.57354 ], [ 528062.01125, 6413894.64408 ], [ 528061.03716, 6413897.64931 ], [ 528076.27082, 6413927.49427 ], [ 527951.03789, 6414005.46037 ], [ 527877.45335, 6414047.03207 ], [ 527906.97977, 6414113.72314 ] ] ] ] } },
{ "type": "Feature", "properties": { "COMMUNE": "Molières", "COMMUNAUTE": "CC des Bastides Dordogne Périgord", "INSEE_COMM": 24273, "ID_CDECOMM": 21, "SURFACE_UR": 5.5003, "COVISIBILI": "oui", "SITUATION_": "clairiere", "SITUATION1": "plateau plaine" }, "geometry": { "type": "MultiPolygon", "coordinates": [ [ [ [ 528699.35325, 6416654.71848 ], [ 528682.33734, 6416650.86353 ], [ 528667.32769, 6416647.99098 ], [ 528666.40338, 6416656.99009 ], [ 528665.54546, 6416673.98104 ], [ 528664.58796, 6416678.98424 ], [ 528663.71344, 6416693.97723 ], [ 528662.77254, 6416700.97839 ], [ 528661.86483, 6416711.97546 ], [ 528653.86466, 6416711.04282 ], [ 528653.93104, 6416719.03466 ], [ 528654.94662, 6416721.02433 ], [ 528641.00234, 6416726.13532 ], [ 528620.10666, 6416736.29926 ], [ 528617.11801, 6416737.32312 ], [ 528623.16999, 6416744.26622 ], [ 528635.30715, 6416762.14836 ], [ 528643.39029, 6416773.0708 ], [ 528646.42043, 6416777.04185 ], [ 528721.0123, 6416736.46072 ], [ 528772.81839, 6416719.04685 ], [ 528775.78215, 6416715.02605 ], [ 528779.7366, 6416709.99798 ], [ 528791.76589, 6416714.89338 ], [ 528791.76589, 6416714.89338 ], [ 528786.82076, 6416720.92872 ], [ 528787.82804, 6416721.91941 ], [ 528798.89154, 6416730.81901 ], [ 528800.9061, 6416732.80039 ], [ 528801.88849, 6416730.79414 ], [ 528805.85123, 6416726.76504 ], [ 528814.90017, 6416733.68327 ], [ 528821.95114, 6416740.61809 ], [ 528817.0392, 6416750.64935 ], [ 528809.1386, 6416761.70447 ], [ 528802.22039, 6416770.75334 ], [ 528798.27425, 6416776.78039 ], [ 528807.31488, 6416782.69964 ], [ 528817.3711, 6416790.60856 ], [ 528821.39193, 6416793.57233 ], [ 528880.4348, 6416685.18493 ], [ 528905.51726, 6416697.96436 ], [ 528928.59346, 6416709.76139 ], [ 528956.68117, 6416723.51492 ], [ 528960.702, 6416726.4787 ], [ 528958.60446, 6416714.50752 ], [ 528956.53181, 6416705.53328 ], [ 528955.48304, 6416699.54769 ], [ 528954.35129, 6416683.5723 ], [ 528956.2331, 6416669.57 ], [ 528961.11185, 6416655.54281 ], [ 528964.99991, 6416642.5229 ], [ 528971.85174, 6416625.48219 ], [ 528975.7398, 6416612.46228 ], [ 528977.68798, 6416606.45181 ], [ 528976.65581, 6416602.46419 ], [ 528969.64633, 6416600.52427 ], [ 528962.63685, 6416598.58436 ], [ 528959.60671, 6416594.61332 ], [ 528952.51425, 6416582.6836 ], [ 528948.46853, 6416576.72289 ], [ 528955.40333, 6416569.67199 ], [ 528966.29258, 6416557.59301 ], [ 528975.20875, 6416548.52755 ], [ 528995.99656, 6416525.37687 ], [ 529001.94068, 6416519.33323 ], [ 529007.88479, 6416513.2896 ], [ 528996.813, 6416503.39102 ], [ 528976.67567, 6416484.57625 ], [ 528968.61742, 6416476.65075 ], [ 528960.56747, 6416469.72423 ], [ 528956.60472, 6416473.75332 ], [ 528952.63368, 6416476.78343 ], [ 528948.67924, 6416481.8115 ], [ 528944.71649, 6416485.84059 ], [ 528936.7993, 6416494.89775 ], [ 528920.96492, 6416513.01207 ], [ 528912.06535, 6416524.07548 ], [ 528910.09227, 6416527.08901 ], [ 528909.10988, 6416529.09526 ], [ 528904.08177, 6416525.1408 ], [ 528895.89906, 6416502.2306 ], [ 528888.76512, 6416485.30599 ], [ 528884.67791, 6416474.35038 ], [ 528752.86689, 6416602.32373 ], [ 528735.05113, 6416622.4526 ], [ 528717.21879, 6416640.5835 ], [ 528709.2933, 6416648.64168 ], [ 528705.28907, 6416647.67587 ], [ 528700.35223, 6416654.71019 ], [ 528699.35325, 6416654.71848 ] ] ] ] } },
{ "type": "Feature", "properties": { "COMMUNE": "Le Buisson-de-Cadouin", "COMMUNAUTE": "CC des Bastides Dordogne Périgord", "INSEE_COMM": 24068, "ID_CDECOMM": 21, "SURFACE_UR": 5.38175, "COVISIBILI": "non", "SITUATION_": "clairiere", "SITUATION1": "pente" }, "geometry": { "type": "MultiPolygon", "coordinates": [ [ [ [ 532230.16411, 6415230.73351 ], [ 532289.02113, 6415220.25431 ], [ 532293.33241, 6415258.18234 ], [ 532295.54614, 6415284.13921 ], [ 532341.44957, 6415277.76376 ], [ 532396.22767, 6415257.32795 ], [ 532412.16991, 6415252.20033 ], [ 532450.95598, 6415230.89825 ], [ 532435.65588, 6415193.06147 ], [ 532458.5827, 6415186.8768 ], [ 532451.46533, 6415171.95018 ], [ 532442.34171, 6415156.04117 ], [ 532413.06414, 6415119.3195 ], [ 532408.05263, 6415117.36302 ], [ 532378.94934, 6415101.61991 ], [ 532374.9866, 6415105.64901 ], [ 532369.917, 6415096.69967 ], [ 532361.79235, 6415080.78236 ], [ 532345.57626, 6415052.94367 ], [ 532322.22621, 6415008.1804 ], [ 532320.21164, 6415006.19903 ], [ 532309.15644, 6414998.29844 ], [ 532299.12511, 6414993.3865 ], [ 532287.09582, 6414988.49114 ], [ 532274.07585, 6414984.60306 ], [ 532260.08179, 6414983.72021 ], [ 532231.08638, 6414980.96383 ], [ 532200.10961, 6414980.222 ], [ 532186.31472, 6415003.31465 ], [ 532174.39331, 6415011.40602 ], [ 532178.42244, 6415015.36876 ], [ 532203.41361, 6415017.15934 ], [ 532231.41003, 6415019.92402 ], [ 532238.72656, 6415058.82614 ], [ 532247.63442, 6415048.76169 ], [ 532260.57141, 6415042.65998 ], [ 532284.93704, 6415089.41292 ], [ 532195.4352, 6415139.10945 ], [ 532204.53393, 6415152.02152 ], [ 532215.68042, 6415170.91088 ], [ 532182.83016, 6415185.17033 ], [ 532147.99853, 6415201.44432 ], [ 532110.99466, 6415196.75634 ], [ 532069.99486, 6415192.10153 ], [ 532058.23113, 6415219.17351 ], [ 532037.65081, 6415267.29871 ], [ 532035.69434, 6415272.31019 ], [ 532038.68299, 6415271.28633 ], [ 532048.66452, 6415270.2044 ], [ 532095.51715, 6415257.82679 ], [ 532105.49038, 6415255.74588 ], [ 532161.26747, 6415235.30178 ], [ 532175.23663, 6415233.18769 ], [ 532214.18038, 6415230.86623 ], [ 532221.15666, 6415228.8102 ], [ 532230.16411, 6415230.73351 ] ] ] ] } },
{ "type": "Feature", "properties": { "COMMUNE": "Le Buisson-de-Cadouin", "COMMUNAUTE": "CC des Bastides Dordogne Périgord", "INSEE_COMM": 24068, "ID_CDECOMM": 21, "SURFACE_UR": 7.005, "COVISIBILI": "oui", "SITUATION_": "non boise", "SITUATION1": "pente" }, "geometry": { "type": "MultiPolygon", "coordinates": [ [ [ [ 535523.52557, 6417453.24548 ], [ 535556.64151, 6417470.9534 ], [ 535574.73116, 6417483.79084 ], [ 535578.76861, 6417488.75256 ], [ 535588.84147, 6417498.65942 ], [ 535618.60357, 6417473.43605 ], [ 535641.43086, 6417455.26361 ], [ 535663.25916, 6417437.09946 ], [ 535726.7544, 6417383.6226 ], [ 535729.74306, 6417382.59873 ], [ 535724.64023, 6417369.65346 ], [ 535721.59348, 6417363.68446 ], [ 535719.51251, 6417353.71124 ], [ 535724.41614, 6417342.68098 ], [ 535727.3218, 6417331.6673 ], [ 535725.17443, 6417313.70224 ], [ 535721.02909, 6417295.75377 ], [ 535716.98335, 6417289.79306 ], [ 535709.84105, 6417271.86948 ], [ 535698.68621, 6417251.98111 ], [ 535692.59269, 6417240.04311 ], [ 535680.38076, 6417213.17018 ], [ 535667.13665, 6417182.30961 ], [ 535661.01824, 6417167.37467 ], [ 535651.74517, 6417133.48399 ], [ 535678.6016, 6417119.27429 ], [ 535700.4797, 6417107.10404 ], [ 535687.29369, 6417083.23634 ], [ 535685.30402, 6417084.25191 ], [ 535675.14816, 6417064.35525 ], [ 535654.86135, 6417027.55887 ], [ 535632.95835, 6417036.73219 ], [ 535616.03368, 6417043.86606 ], [ 535605.08633, 6417048.95221 ], [ 535588.19486, 6417060.08201 ], [ 535598.37561, 6417082.97561 ], [ 535569.55441, 6417101.19782 ], [ 535572.69246, 6417118.1556 ], [ 535547.7676, 6417124.35686 ], [ 535569.33559, 6417195.11029 ], [ 535574.48822, 6417214.04945 ], [ 535497.84016, 6417247.65452 ], [ 535493.76122, 6417237.6979 ], [ 535462.88394, 6417248.94383 ], [ 535444.98518, 6417259.08294 ], [ 535447.00805, 6417262.06329 ], [ 535443.03701, 6417265.09341 ], [ 535435.09492, 6417271.15366 ], [ 535492.70111, 6417350.59931 ], [ 535526.99863, 6417390.27651 ], [ 535512.13833, 6417405.38564 ], [ 535538.33607, 6417432.14246 ], [ 535532.43345, 6417443.18102 ], [ 535523.52557, 6417453.24548 ] ] ] ] } },
{ "type": "Feature", "properties": { "COMMUNE": "Le Buisson-de-Cadouin", "COMMUNAUTE": "CC des Bastides Dordogne Périgord", "INSEE_COMM": 24068, "ID_CDECOMM": 21, "SURFACE_UR": 3.4665, "COVISIBILI": "non", "SITUATION_": "non boise", "SITUATION1": "plateau plaine" }, "geometry": { "type": "MultiPolygon", "coordinates": [ [ [ [ 536499.05983, 6417147.42812 ], [ 536511.83915, 6417122.34576 ], [ 536516.74278, 6417111.3155 ], [ 536522.6454, 6417100.27694 ], [ 536525.61746, 6417097.25511 ], [ 536531.57817, 6417093.20941 ], [ 536548.54434, 6417091.07043 ], [ 536579.48802, 6417087.81632 ], [ 536621.41224, 6417083.47197 ], [ 536622.50252, 6417094.45246 ], [ 536629.86063, 6417138.34953 ], [ 536633.85657, 6417138.31635 ], [ 536645.82781, 6417136.21884 ], [ 536656.69216, 6417121.14288 ], [ 536659.66422, 6417118.12105 ], [ 536658.50753, 6417099.14872 ], [ 536656.47636, 6417095.16939 ], [ 536648.40977, 6417086.24493 ], [ 536641.34216, 6417077.31218 ], [ 536632.24339, 6417064.40009 ], [ 536624.1519, 6417052.47869 ], [ 536621.12174, 6417048.50766 ], [ 536617.05109, 6417039.55002 ], [ 536613.97943, 6417030.58408 ], [ 536608.8268, 6417011.64493 ], [ 536601.56, 6416978.73665 ], [ 536590.27235, 6416942.86461 ], [ 536584.03773, 6416913.94395 ], [ 536574.57376, 6416857.07674 ], [ 536572.42639, 6416839.11168 ], [ 536571.3859, 6416834.12508 ], [ 536571.3693, 6416832.12712 ], [ 536463.61989, 6416850.00571 ], [ 536465.65937, 6416854.98402 ], [ 536469.76321, 6416867.93758 ], [ 536474.94074, 6416889.87367 ], [ 536474.02475, 6416899.87177 ], [ 536473.37436, 6416941.83724 ], [ 536472.63268, 6416972.81393 ], [ 536471.91589, 6417006.78756 ], [ 536474.31226, 6417054.72203 ], [ 536476.54263, 6417082.67689 ], [ 536477.68272, 6417099.65126 ], [ 536489.89465, 6417126.52419 ], [ 536499.05983, 6417147.42812 ] ] ] ] } },
{ "type": "Feature", "properties": { "COMMUNE": "Le Buisson-de-Cadouin", "COMMUNAUTE": "CC des Bastides Dordogne Périgord", "INSEE_COMM": 24068, "ID_CDECOMM": 21, "SURFACE_UR": 7.9251, "COVISIBILI": "non", "SITUATION_": "non boise", "SITUATION1": "pente" }, "geometry": { "type": "MultiPolygon", "coordinates": [ [ [ [ 534432.56734, 6418055.73942 ], [ 534439.53534, 6418052.68442 ], [ 534445.51266, 6418050.63669 ], [ 534451.48169, 6418047.58998 ], [ 534471.27883, 6418025.44651 ], [ 534498.13528, 6418011.23682 ], [ 534513.05368, 6418003.12056 ], [ 534492.65068, 6417952.3384 ], [ 534486.53227, 6417937.40344 ], [ 534483.46892, 6417929.43647 ], [ 534481.42945, 6417924.45816 ], [ 534454.5564, 6417936.66988 ], [ 534435.37647, 6417912.85192 ], [ 534407.59574, 6417936.06072 ], [ 534409.61861, 6417939.04108 ], [ 534399.66194, 6417943.11995 ], [ 534385.72592, 6417949.22995 ], [ 534379.7569, 6417952.27666 ], [ 534374.70388, 6417945.32526 ], [ 534365.58021, 6417929.41621 ], [ 534349.33914, 6417898.5805 ], [ 534367.14661, 6417877.45259 ], [ 534375.06381, 6417868.39541 ], [ 534384.97898, 6417859.32164 ], [ 534397.89111, 6417850.22298 ], [ 534399.42432, 6417794.26345 ], [ 534393.38891, 6417789.31831 ], [ 534402.27189, 6417776.2569 ], [ 534409.12371, 6417759.21616 ], [ 534411.08019, 6417754.20467 ], [ 534427.97166, 6417743.07488 ], [ 534462.7702, 6417722.80496 ], [ 534478.67929, 6417713.68142 ], [ 534490.60903, 6417706.58902 ], [ 534510.52237, 6417698.43129 ], [ 534543.38103, 6417685.17082 ], [ 534561.28809, 6417676.0307 ], [ 534562.25388, 6417672.02648 ], [ 534565.20934, 6417667.00669 ], [ 534570.16277, 6417661.97031 ], [ 534585.03138, 6417647.86016 ], [ 534560.80672, 6417618.08979 ], [ 534555.7454, 6417610.13942 ], [ 534553.75572, 6417611.15499 ], [ 534546.66323, 6417599.22527 ], [ 534550.62597, 6417595.19617 ], [ 534543.52518, 6417582.26748 ], [ 534537.50636, 6417579.3203 ], [ 534535.45859, 6417573.343 ], [ 534515.55356, 6417582.49972 ], [ 534511.56591, 6417583.53188 ], [ 534508.46936, 6417571.56899 ], [ 534492.29469, 6417548.72513 ], [ 534483.17932, 6417533.81506 ], [ 534470.00161, 6417510.94633 ], [ 534459.83746, 6417490.05067 ], [ 534445.60267, 6417460.19736 ], [ 534407.85697, 6417486.48604 ], [ 534397.91691, 6417492.56287 ], [ 534402.97823, 6417500.51325 ], [ 534441.59536, 6417579.11757 ], [ 534461.89047, 6417616.91296 ], [ 534474.08579, 6417641.78796 ], [ 534431.30366, 6417663.12321 ], [ 534407.43588, 6417676.30902 ], [ 534411.48162, 6417682.26973 ], [ 534399.56018, 6417690.36111 ], [ 534395.53933, 6417687.39735 ], [ 534350.78413, 6417711.74613 ], [ 534341.84305, 6417717.81466 ], [ 534319.50847, 6417675.04095 ], [ 534327.45057, 6417668.98071 ], [ 534324.40381, 6417663.0117 ], [ 534299.08888, 6417622.26083 ], [ 534285.92777, 6417601.39005 ], [ 534267.01342, 6417609.53949 ], [ 534240.69121, 6417567.79793 ], [ 534228.52908, 6417546.91885 ], [ 534231.50114, 6417543.89703 ], [ 534211.30563, 6417518.0894 ], [ 534202.22347, 6417507.17526 ], [ 534190.11114, 6417492.29007 ], [ 534161.26502, 6417507.51531 ], [ 534131.45312, 6417526.74477 ], [ 534156.68505, 6417557.50583 ], [ 534173.85041, 6417579.34242 ], [ 534181.92529, 6417589.26587 ], [ 534200.10623, 6417613.09213 ], [ 534211.26107, 6417632.98052 ], [ 534205.28375, 6417635.02824 ], [ 534244.13326, 6417741.60405 ], [ 534260.33282, 6417767.44485 ], [ 534274.50122, 6417789.30632 ], [ 534291.58358, 6417801.1531 ], [ 534286.63014, 6417806.18948 ], [ 534275.73259, 6417817.2695 ], [ 534296.86069, 6417835.07699 ], [ 534298.87526, 6417837.05836 ], [ 534289.96738, 6417847.12282 ], [ 534294.98721, 6417850.0783 ], [ 534302.0631, 6417860.01005 ], [ 534309.1307, 6417868.94282 ], [ 534313.18475, 6417875.90251 ], [ 534320.30214, 6417890.82917 ], [ 534325.56265, 6417922.7551 ], [ 534333.77863, 6417949.66125 ], [ 534342.92719, 6417968.56724 ], [ 534348.98751, 6417976.50933 ], [ 534356.05511, 6417985.4421 ], [ 534363.09781, 6417991.37793 ], [ 534391.23542, 6418011.12532 ], [ 534409.35826, 6418027.95871 ], [ 534419.43112, 6418037.86558 ], [ 534432.56734, 6418055.73942 ] ] ] ] } },
{ "type": "Feature", "properties": { "COMMUNE": "Le Buisson-de-Cadouin", "COMMUNAUTE": "CC des Bastides Dordogne Périgord", "INSEE_COMM": 24068, "ID_CDECOMM": 21, "SURFACE_UR": 1.48985, "COVISIBILI": "non", "SITUATION_": "clairiere", "SITUATION1": "plateau plaine" }, "geometry": { "type": "MultiPolygon", "coordinates": [ [ [ [ 533434.62342, 6412657.17464 ], [ 533434.60683, 6412655.17668 ], [ 533448.56769, 6412652.0636 ], [ 533464.61778, 6412659.92269 ], [ 533452.02439, 6412587.09672 ], [ 533423.10368, 6412593.33119 ], [ 533353.39891, 6412620.88438 ], [ 533309.56812, 6412636.23411 ], [ 533291.61133, 6412639.38038 ], [ 533299.95991, 6412682.27014 ], [ 533299.9848, 6412685.26708 ], [ 533301.00867, 6412688.25573 ], [ 533293.0251, 6412689.32107 ], [ 533280.04663, 6412690.4279 ], [ 533230.1307, 6412694.83863 ], [ 533235.31641, 6412717.77368 ], [ 533243.29168, 6412715.70935 ], [ 533277.24049, 6412713.42933 ], [ 533331.14405, 6412707.98644 ], [ 533334.12441, 6412705.96359 ], [ 533337.27898, 6412724.91932 ], [ 533402.08839, 6412709.39537 ], [ 533397.76062, 6412669.46936 ], [ 533434.62342, 6412657.17464 ] ] ] ] } },
{ "type": "Feature", "properties": { "COMMUNE": "Le Buisson-de-Cadouin", "COMMUNAUTE": "CC des Bastides Dordogne Périgord", "INSEE_COMM": 24068, "ID_CDECOMM": 21, "SURFACE_UR": 1.3111, "COVISIBILI": "oui", "SITUATION_": "non boise", "SITUATION1": "plateau plaine" }, "geometry": { "type": "MultiPolygon", "coordinates": [ [ [ [ 536300.25003, 6415945.22498 ], [ 536347.06127, 6415927.85244 ], [ 536434.72304, 6415897.15305 ], [ 536425.72386, 6415896.22873 ], [ 536418.72266, 6415895.28782 ], [ 536399.68383, 6415888.45258 ], [ 536377.64804, 6415881.64222 ], [ 536365.63531, 6415878.74483 ], [ 536359.63309, 6415877.79562 ], [ 536347.65356, 6415878.89415 ], [ 536332.67708, 6415880.01756 ], [ 536325.70077, 6415882.07358 ], [ 536324.66029, 6415877.08698 ], [ 536315.43702, 6415849.19021 ], [ 536309.23561, 6415824.2655 ], [ 536307.08824, 6415806.30045 ], [ 536288.1241, 6415808.45603 ], [ 536237.30032, 6415823.86378 ], [ 536213.38276, 6415831.05573 ], [ 536232.0534, 6415913.82172 ], [ 536287.83891, 6415894.37657 ], [ 536299.24275, 6415944.2343 ], [ 536300.25003, 6415945.22498 ] ] ] ] } },
{ "type": "Feature", "properties": { "COMMUNE": "Le Buisson-de-Cadouin", "COMMUNAUTE": "CC des Bastides Dordogne Périgord", "INSEE_COMM": 24068, "ID_CDECOMM": 21, "SURFACE_UR": 2.03895, "COVISIBILI": "non", "SITUATION_": "clairiere", "SITUATION1": "pente" }, "geometry": { "type": "MultiPolygon", "coordinates": [ [ [ [ 535940.65131, 6415832.32135 ], [ 535941.6337, 6415830.3151 ], [ 535945.62964, 6415830.28192 ], [ 535989.56012, 6415826.91999 ], [ 536009.53154, 6415825.75511 ], [ 536005.4858, 6415819.79441 ], [ 535990.22712, 6415786.95251 ], [ 535986.16477, 6415778.99386 ], [ 535976.90831, 6415747.10117 ], [ 535967.64354, 6415714.2095 ], [ 535965.53767, 6415701.23936 ], [ 535940.57962, 6415703.4447 ], [ 535913.63191, 6415706.6656 ], [ 535885.6769, 6415708.89582 ], [ 535882.67994, 6415708.92071 ], [ 535882.60525, 6415699.92989 ], [ 535808.5558, 6415685.55904 ], [ 535806.71552, 6415704.55624 ], [ 535773.00729, 6415735.80663 ], [ 535773.01559, 6415736.80561 ], [ 535858.46058, 6415800.03522 ], [ 535940.65131, 6415832.32135 ] ] ] ] } },
{ "type": "Feature", "properties": { "COMMUNE": "Le Buisson-de-Cadouin", "COMMUNAUTE": "CC des Bastides Dordogne Périgord", "INSEE_COMM": 24068, "ID_CDECOMM": 21, "SURFACE_UR": 3.0574, "COVISIBILI": "non", "SITUATION_": "clairiere", "SITUATION1": "ligne de crete" }, "geometry": { "type": "MultiPolygon", "coordinates": [ [ [ [ 535772.00831, 6415735.81493 ], [ 535756.09093, 6415743.93948 ], [ 535691.41414, 6415775.44702 ], [ 535715.81309, 6415826.1959 ], [ 535736.158, 6415869.98511 ], [ 535745.09907, 6415863.91657 ], [ 535754.03185, 6415856.84906 ], [ 535761.94903, 6415847.79188 ], [ 535764.98749, 6415852.7619 ], [ 535772.10489, 6415867.68853 ], [ 535783.29293, 6415891.57279 ], [ 535826.11653, 6415875.23243 ], [ 535832.22664, 6415889.16838 ], [ 535822.25338, 6415891.24929 ], [ 535831.67584, 6415943.12157 ], [ 535837.67805, 6415944.07078 ], [ 535851.94605, 6415977.91996 ], [ 535850.06427, 6415991.92227 ], [ 535852.12034, 6415998.89853 ], [ 535871.05128, 6415992.74705 ], [ 535885.97797, 6415985.62976 ], [ 535901.90365, 6415978.50418 ], [ 535907.73987, 6415959.4738 ], [ 535902.72834, 6415957.51732 ], [ 535901.59655, 6415941.54194 ], [ 535922.35946, 6415915.39427 ], [ 535934.1647, 6415893.31717 ], [ 535941.058, 6415881.27135 ], [ 535944.98755, 6415873.24633 ], [ 535939.67723, 6415835.32659 ], [ 535940.65131, 6415832.32135 ], [ 535858.46058, 6415800.03522 ], [ 535773.01559, 6415736.80561 ], [ 535773.00729, 6415735.80663 ], [ 535772.00831, 6415735.81493 ] ] ] ] } },
{ "type": "Feature", "properties": { "COMMUNE": "Le Buisson-de-Cadouin", "COMMUNAUTE": "CC des Bastides Dordogne Périgord", "INSEE_COMM": 24068, "ID_CDECOMM": 21, "SURFACE_UR": 2.17505, "COVISIBILI": "non", "SITUATION_": "non boise", "SITUATION1": "plateau plaine" }, "geometry": { "type": "MultiPolygon", "coordinates": [ [ [ [ 535964.54325, 6416182.78903 ], [ 535985.87884, 6416225.57097 ], [ 535986.91103, 6416229.55859 ], [ 535992.88835, 6416227.51086 ], [ 536001.87092, 6416226.43722 ], [ 536010.85349, 6416225.36359 ], [ 536014.85774, 6416226.32939 ], [ 536018.86198, 6416227.29519 ], [ 536021.87554, 6416229.26826 ], [ 536025.92958, 6416236.22794 ], [ 536026.94517, 6416238.2176 ], [ 536072.74913, 6416219.85438 ], [ 536094.85962, 6416235.65556 ], [ 536097.86487, 6416236.62966 ], [ 536132.70489, 6416221.35462 ], [ 536243.17734, 6416170.48485 ], [ 536240.07248, 6416157.523 ], [ 536233.91257, 6416137.59317 ], [ 536231.8731, 6416132.61487 ], [ 536220.72655, 6416113.7255 ], [ 536221.76704, 6416118.7121 ], [ 536220.80955, 6416123.7153 ], [ 536218.86138, 6416129.72577 ], [ 536214.90694, 6416134.75385 ], [ 536199.96365, 6416139.87318 ], [ 536173.08232, 6416151.08593 ], [ 536164.11635, 6416154.15753 ], [ 536151.15443, 6416157.2623 ], [ 536152.17002, 6416159.25197 ], [ 536145.21031, 6416163.30595 ], [ 536125.32189, 6416174.46064 ], [ 536114.38285, 6416180.54577 ], [ 536101.42093, 6416183.65054 ], [ 536091.46427, 6416187.72942 ], [ 536085.32925, 6416170.79653 ], [ 536072.06854, 6416137.93804 ], [ 536063.90236, 6416117.02582 ], [ 536071.87764, 6416114.9615 ], [ 536062.67928, 6416090.06166 ], [ 536056.53596, 6416072.1298 ], [ 536017.62531, 6416078.44719 ], [ 536017.65851, 6416082.44311 ], [ 535994.73163, 6416088.62778 ], [ 535994.74823, 6416090.62574 ], [ 535977.84847, 6416100.75656 ], [ 535977.85677, 6416101.75554 ], [ 535970.89706, 6416105.80952 ], [ 536001.36463, 6416165.49945 ], [ 535964.54325, 6416182.78903 ] ] ] ] } },
{ "type": "Feature", "properties": { "COMMUNE": "Le Buisson-de-Cadouin", "COMMUNAUTE": "CC des Bastides Dordogne Périgord", "INSEE_COMM": 24068, "ID_CDECOMM": 21, "SURFACE_UR": 8.5982, "COVISIBILI": "non", "SITUATION_": "clairiere", "SITUATION1": "plateau plaine" }, "geometry": { "type": "MultiPolygon", "coordinates": [ [ [ [ 530610.64851, 6411615.63964 ], [ 530610.64022, 6411614.64067 ], [ 530670.55426, 6411611.14605 ], [ 530667.46606, 6411600.18218 ], [ 530659.20876, 6411568.28124 ], [ 530649.88611, 6411528.39678 ], [ 530638.54061, 6411485.53197 ], [ 530637.51674, 6411482.54333 ], [ 530644.50962, 6411482.48527 ], [ 530681.45537, 6411480.18041 ], [ 530707.41231, 6411477.96679 ], [ 530731.36299, 6411474.77078 ], [ 530737.36518, 6411475.71999 ], [ 530745.09988, 6411444.68532 ], [ 530751.06889, 6411441.63861 ], [ 530825.7188, 6411408.05023 ], [ 530839.51376, 6411384.95761 ], [ 530843.41844, 6411373.93568 ], [ 530848.06495, 6411331.93713 ], [ 530849.95507, 6411318.93383 ], [ 530804.85986, 6411302.32448 ], [ 530801.00495, 6411319.34028 ], [ 530785.27839, 6411350.44131 ], [ 530726.23891, 6411338.94297 ], [ 530737.82852, 6411290.8925 ], [ 530773.84994, 6411297.58673 ], [ 530785.47273, 6411253.53217 ], [ 530768.44856, 6411248.67829 ], [ 530774.33462, 6411235.64181 ], [ 530781.33579, 6411236.58272 ], [ 530787.24673, 6411226.54318 ], [ 530849.2002, 6411228.02685 ], [ 530850.166, 6411224.02264 ], [ 530853.10488, 6411217.00491 ], [ 530856.04376, 6411209.98718 ], [ 530845.84656, 6411185.09569 ], [ 530847.73668, 6411172.09239 ], [ 530843.63292, 6411159.13886 ], [ 530821.28203, 6411114.36735 ], [ 530812.98325, 6411077.47153 ], [ 530753.01944, 6411074.9723 ], [ 530749.91466, 6411062.01047 ], [ 530708.93151, 6411059.35363 ], [ 530706.15854, 6411086.35091 ], [ 530703.48511, 6411125.33592 ], [ 530715.4563, 6411123.23843 ], [ 530731.41513, 6411120.10878 ], [ 530741.38835, 6411118.02787 ], [ 530755.57319, 6411141.88721 ], [ 530738.82276, 6411169.9996 ], [ 530704.34781, 6411229.2296 ], [ 530655.04574, 6411307.56461 ], [ 530652.17322, 6411322.57416 ], [ 530596.12239, 6411310.05195 ], [ 530598.02081, 6411298.04763 ], [ 530567.99328, 6411291.30363 ], [ 530545.37339, 6411334.45045 ], [ 530518.82393, 6411385.62227 ], [ 530509.97411, 6411402.67954 ], [ 530486.98923, 6411401.87134 ], [ 530476.97452, 6411398.95735 ], [ 530454.15555, 6411418.12871 ], [ 530448.2446, 6411428.16825 ], [ 530490.38435, 6411449.79739 ], [ 530500.22485, 6411431.73284 ], [ 530545.51085, 6411471.3187 ], [ 530548.54098, 6411475.28973 ], [ 530553.61884, 6411485.23803 ], [ 530553.66032, 6411490.23292 ], [ 530549.73905, 6411499.2569 ], [ 530547.81574, 6411508.26429 ], [ 530551.98587, 6411529.20965 ], [ 530549.0221, 6411533.23045 ], [ 530538.09137, 6411540.31453 ], [ 530539.165, 6411549.29704 ], [ 530558.51065, 6411593.09447 ], [ 530610.64851, 6411615.63964 ] ] ] ] } },
{ "type": "Feature", "properties": { "COMMUNE": "Le Buisson-de-Cadouin", "COMMUNAUTE": "CC des Bastides Dordogne Périgord", "INSEE_COMM": 24068, "ID_CDECOMM": 21, "SURFACE_UR": 5.2312, "COVISIBILI": "non", "SITUATION_": "clairiere", "SITUATION1": "plateau plaine" }, "geometry": { "type": "MultiPolygon", "coordinates": [ [ [ [ 531830.21436, 6414229.01235 ], [ 531840.18759, 6414226.93145 ], [ 531900.93467, 6414203.44896 ], [ 531900.777, 6414184.46837 ], [ 531901.65151, 6414169.4754 ], [ 531901.41914, 6414141.504 ], [ 531930.30666, 6414131.27367 ], [ 531945.15862, 6414115.16559 ], [ 531947.0985, 6414108.15615 ], [ 531944.89307, 6414083.19828 ], [ 531944.84328, 6414077.20441 ], [ 531887.6606, 6414048.70684 ], [ 531891.44907, 6414023.6992 ], [ 531941.36501, 6414019.28855 ], [ 531941.78309, 6413949.35177 ], [ 531998.41806, 6413911.91677 ], [ 531946.34963, 6413777.47775 ], [ 531905.30005, 6413766.82908 ], [ 531892.37137, 6413773.92976 ], [ 531857.34059, 6413766.22825 ], [ 531850.43069, 6413776.2761 ], [ 531806.38417, 6413765.65231 ], [ 531806.49205, 6413778.63902 ], [ 531806.8074, 6413816.60019 ], [ 531809.47755, 6413897.50084 ], [ 531804.76479, 6413931.50757 ], [ 531794.2324, 6413986.54262 ], [ 531812.34686, 6414002.37697 ], [ 531813.6031, 6414033.337 ], [ 531850.58206, 6414035.02805 ], [ 531876.56391, 6414035.81137 ], [ 531861.02001, 6414088.88994 ], [ 531851.28744, 6414119.94122 ], [ 531850.32165, 6414123.94543 ], [ 531848.37347, 6414129.95589 ], [ 531838.6658, 6414164.0041 ], [ 531829.94051, 6414196.04606 ], [ 531829.0826, 6414213.03699 ], [ 531830.21436, 6414229.01235 ] ] ] ] } },
{ "type": "Feature", "properties": { "COMMUNE": "Le Buisson-de-Cadouin", "COMMUNAUTE": "CC des Bastides Dordogne Périgord", "INSEE_COMM": 24068, "ID_CDECOMM": 21, "SURFACE_UR": 0.7737, "COVISIBILI": "non", "SITUATION_": "clairiere", "SITUATION1": "pente" }, "geometry": { "type": "MultiPolygon", "coordinates": [ [ [ [ 535526.75802, 6416038.56495 ], [ 535551.94016, 6416063.33207 ], [ 535572.72797, 6416040.18134 ], [ 535598.9423, 6416068.93609 ], [ 535605.8854, 6416062.88414 ], [ 535609.87304, 6416061.85198 ], [ 535613.83579, 6416057.82289 ], [ 535615.79226, 6416052.8114 ], [ 535616.75805, 6416048.80718 ], [ 535620.75399, 6416048.774 ], [ 535629.72827, 6416046.70139 ], [ 535638.24606, 6415989.68489 ], [ 535639.17865, 6415981.68476 ], [ 535581.13786, 6415970.1781 ], [ 535566.80347, 6415928.33709 ], [ 535563.83142, 6415931.35891 ], [ 535559.87697, 6415936.38699 ], [ 535546.98975, 6415948.48258 ], [ 535560.10936, 6415964.35842 ], [ 535549.23671, 6415978.43538 ], [ 535564.3377, 6415992.29667 ], [ 535559.48386, 6416009.3208 ], [ 535526.75802, 6416038.56495 ] ] ] ] } },
{ "type": "Feature", "properties": { "COMMUNE": "Le Buisson-de-Cadouin", "COMMUNAUTE": "CC des Bastides Dordogne Périgord", "INSEE_COMM": 24068, "ID_CDECOMM": 21, "SURFACE_UR": 0.41945, "COVISIBILI": "oui", "SITUATION_": "non boise", "SITUATION1": "plateau plaine" }, "geometry": { "type": "MultiPolygon", "coordinates": [ [ [ [ 536187.21223, 6416048.06658 ], [ 536189.2102, 6416048.04999 ], [ 536197.32658, 6416062.96832 ], [ 536211.54478, 6416090.82362 ], [ 536217.6549, 6416104.75957 ], [ 536220.72655, 6416113.7255 ], [ 536231.8731, 6416132.61487 ], [ 536234.85346, 6416130.59202 ], [ 536250.80403, 6416126.46337 ], [ 536235.32955, 6416067.648 ], [ 536225.99838, 6416026.76449 ], [ 536220.81255, 6416003.82943 ], [ 536180.94441, 6416015.15002 ], [ 536187.21223, 6416048.06658 ] ] ] ] } },
{ "type": "Feature", "properties": { "COMMUNE": "Le Buisson-de-Cadouin", "COMMUNAUTE": "CC des Bastides Dordogne Périgord", "INSEE_COMM": 24068, "ID_CDECOMM": 21, "SURFACE_UR": 1.05, "COVISIBILI": "non", "SITUATION_": "non boise", "SITUATION1": "plateau plaine" }, "geometry": { "type": "MultiPolygon", "coordinates": [ [ [ [ 536043.14245, 6416023.28763 ], [ 536049.28577, 6416041.21949 ], [ 536053.44771, 6416061.16591 ], [ 536056.53596, 6416072.1298 ], [ 536062.67928, 6416090.06166 ], [ 536147.35239, 6416060.38615 ], [ 536187.21223, 6416048.06658 ], [ 536183.04199, 6416027.12119 ], [ 536148.15218, 6416036.40234 ], [ 536130.94532, 6416009.57091 ], [ 536106.62936, 6415968.81183 ], [ 536088.39862, 6415938.99176 ], [ 536096.13321, 6415907.95702 ], [ 536071.91686, 6415879.1857 ], [ 536069.93548, 6415881.20025 ], [ 536063.10858, 6415901.23791 ], [ 536058.35434, 6415930.2498 ], [ 536058.51204, 6415949.23041 ], [ 536056.73816, 6415976.21945 ], [ 536070.68247, 6415971.10842 ], [ 536094.62493, 6415966.91341 ], [ 536097.76299, 6415983.87118 ], [ 536107.91054, 6416002.76884 ], [ 536104.96338, 6416008.78761 ], [ 536041.08638, 6416016.31136 ], [ 536043.14245, 6416023.28763 ] ] ] ] } },
{ "type": "Feature", "properties": { "COMMUNE": "Le Buisson-de-Cadouin", "COMMUNAUTE": "CC des Bastides Dordogne Périgord", "INSEE_COMM": 24068, "ID_CDECOMM": 21, "SURFACE_UR": 1.10945, "COVISIBILI": "non", "SITUATION_": "non boise", "SITUATION1": "plateau plaine" }, "geometry": { "type": "MultiPolygon", "coordinates": [ [ [ [ 536809.13291, 6415628.29705 ], [ 536810.13189, 6415628.28876 ], [ 536839.01118, 6415617.05941 ], [ 536825.68406, 6415576.2091 ], [ 536841.60144, 6415568.08453 ], [ 536831.46218, 6415550.18586 ], [ 536813.20653, 6415517.36887 ], [ 536805.24785, 6415521.43115 ], [ 536797.27256, 6415523.49548 ], [ 536796.23207, 6415518.50888 ], [ 536779.03351, 6415492.67644 ], [ 536760.81937, 6415464.85435 ], [ 536745.61878, 6415439.00532 ], [ 536734.45564, 6415418.11801 ], [ 536726.34755, 6415404.19867 ], [ 536692.53974, 6415423.46133 ], [ 536746.34918, 6415526.9155 ], [ 536730.45671, 6415538.037 ], [ 536758.79352, 6415581.75981 ], [ 536795.60659, 6415563.47124 ], [ 536804.77176, 6415584.37515 ], [ 536809.13291, 6415628.29705 ] ] ] ] } },
{ "type": "Feature", "properties": { "COMMUNE": "Le Buisson-de-Cadouin", "COMMUNAUTE": "CC des Bastides Dordogne Périgord", "INSEE_COMM": 24068, "ID_CDECOMM": 21, "SURFACE_UR": 1.6747, "COVISIBILI": "oui", "SITUATION_": "non boise", "SITUATION1": "plateau plaine" }, "geometry": { "type": "MultiPolygon", "coordinates": [ [ [ [ 536963.76759, 6415962.69319 ], [ 536964.79977, 6415966.68081 ], [ 536965.85686, 6415973.66537 ], [ 536965.88176, 6415976.66231 ], [ 536966.93885, 6415983.64687 ], [ 536966.95545, 6415985.64483 ], [ 536966.98865, 6415989.64075 ], [ 537016.88814, 6415983.23208 ], [ 537022.87376, 6415982.18332 ], [ 537022.70775, 6415962.20373 ], [ 537025.70471, 6415962.17884 ], [ 537026.6539, 6415956.17667 ], [ 537040.6231, 6415954.06256 ], [ 537033.4725, 6415935.14002 ], [ 537038.45083, 6415933.10059 ], [ 537036.39475, 6415926.12432 ], [ 537034.27228, 6415911.15622 ], [ 537038.25992, 6415910.12406 ], [ 537034.07308, 6415887.18071 ], [ 537029.08645, 6415888.22117 ], [ 537023.16723, 6415897.26176 ], [ 536975.49279, 6415810.74045 ], [ 536909.80042, 6415840.25839 ], [ 536878.64096, 6415817.53903 ], [ 536835.85057, 6415837.87534 ], [ 536845.08214, 6415866.77108 ], [ 536918.00811, 6415866.16549 ], [ 536919.3225, 6415904.11841 ], [ 536921.35367, 6415908.09774 ], [ 536929.51156, 6415928.01096 ], [ 536960.52992, 6415933.74767 ], [ 536960.57143, 6415938.74257 ], [ 536961.62851, 6415945.72713 ], [ 536963.76759, 6415962.69319 ] ] ] ] } },
{ "type": "Feature", "properties": { "COMMUNE": "Molières", "COMMUNAUTE": "CC des Bastides Dordogne Périgord", "INSEE_COMM": 24273, "ID_CDECOMM": 21, "SURFACE_UR": 0.8688, "COVISIBILI": "non", "SITUATION_": "clairiere", "SITUATION1": "plateau plaine" }, "geometry": { "type": "MultiPolygon", "coordinates": [ [ [ [ 527528.94776, 6413826.13822 ], [ 527527.95708, 6413827.14549 ], [ 527517.85938, 6413814.24169 ], [ 527512.89766, 6413818.27906 ], [ 527502.97421, 6413826.3538 ], [ 527496.03111, 6413832.40571 ], [ 527498.09546, 6413840.38095 ], [ 527501.18367, 6413851.34483 ], [ 527508.40058, 6413878.2592 ], [ 527512.47118, 6413887.21683 ], [ 527514.51063, 6413892.19514 ], [ 527516.54179, 6413896.17447 ], [ 527524.60003, 6413904.09996 ], [ 527534.67283, 6413914.00682 ], [ 527550.8059, 6413931.85576 ], [ 527559.87971, 6413941.77092 ], [ 527575.99619, 6413957.6219 ], [ 527582.04817, 6413964.565 ], [ 527589.11572, 6413973.49776 ], [ 527593.14484, 6413977.4605 ], [ 527603.06829, 6413969.38576 ], [ 527617.95347, 6413957.27365 ], [ 527630.86557, 6413948.17506 ], [ 527581.34291, 6413879.65186 ], [ 527539.05375, 6413840.04099 ], [ 527528.98095, 6413830.13413 ], [ 527528.94776, 6413826.13822 ] ] ] ] } },
{ "type": "Feature", "properties": { "COMMUNE": "Molières", "COMMUNAUTE": "CC des Bastides Dordogne Périgord", "INSEE_COMM": 24273, "ID_CDECOMM": 21, "SURFACE_UR": 3.1348, "COVISIBILI": "non", "SITUATION_": "clairiere", "SITUATION1": "plateau plaine" }, "geometry": { "type": "MultiPolygon", "coordinates": [ [ [ [ 527902.68682, 6414318.56344 ], [ 527927.52034, 6414301.37351 ], [ 527932.48206, 6414297.33614 ], [ 527922.39266, 6414285.43132 ], [ 527914.30953, 6414274.50889 ], [ 527886.03101, 6414237.77887 ], [ 527881.99359, 6414232.81714 ], [ 527871.87931, 6414217.91539 ], [ 527865.82733, 6414210.97229 ], [ 527859.76705, 6414203.03021 ], [ 527850.68494, 6414192.11608 ], [ 527839.56337, 6414176.22364 ], [ 527835.52595, 6414171.26191 ], [ 527836.51664, 6414170.25464 ], [ 527832.48752, 6414166.2919 ], [ 527833.4782, 6414165.28463 ], [ 527783.19717, 6414125.74009 ], [ 527802.79515, 6414079.62126 ], [ 527826.6048, 6414059.44269 ], [ 527799.2257, 6414010.71664 ], [ 527797.19454, 6414006.73731 ], [ 527788.25348, 6414012.80581 ], [ 527758.44164, 6414032.03515 ], [ 527747.30348, 6414014.14475 ], [ 527736.18192, 6413998.25231 ], [ 527728.08219, 6413985.33193 ], [ 527726.05933, 6413982.35158 ], [ 527715.91186, 6413963.45391 ], [ 527680.09783, 6413981.73402 ], [ 527683.13626, 6413986.70403 ], [ 527685.16742, 6413990.68336 ], [ 527689.24632, 6414000.63998 ], [ 527697.40413, 6414020.5532 ], [ 527700.48405, 6414030.51811 ], [ 527702.54839, 6414038.49335 ], [ 527704.62103, 6414047.46757 ], [ 527706.71027, 6414058.43975 ], [ 527706.77665, 6414066.43157 ], [ 527707.8669, 6414077.41204 ], [ 527708.04114, 6414098.39058 ], [ 527707.14172, 6414110.38661 ], [ 527707.30767, 6414130.36618 ], [ 527707.38234, 6414139.35698 ], [ 527707.55659, 6414160.33552 ], [ 527708.60535, 6414166.3211 ], [ 527709.62923, 6414169.30974 ], [ 527703.76809, 6414185.34314 ], [ 527706.80652, 6414190.31316 ], [ 527720.94993, 6414209.17766 ], [ 527733.07048, 6414225.06181 ], [ 527741.15361, 6414235.98424 ], [ 527745.19103, 6414240.94597 ], [ 527754.31463, 6414256.85499 ], [ 527761.39048, 6414266.78673 ], [ 527762.40606, 6414268.7764 ], [ 527769.34915, 6414262.72449 ], [ 527789.22095, 6414249.57193 ], [ 527810.07513, 6414234.41313 ], [ 527820.00688, 6414227.33736 ], [ 527820.99756, 6414226.33009 ], [ 527830.07138, 6414236.24525 ], [ 527844.1816, 6414251.11384 ], [ 527864.3355, 6414271.92655 ], [ 527874.4083, 6414281.83341 ], [ 527882.47484, 6414290.75788 ], [ 527891.59014, 6414305.66793 ], [ 527898.68259, 6414317.59763 ], [ 527900.70545, 6414320.57798 ], [ 527902.68682, 6414318.56344 ] ] ] ] } },
{ "type": "Feature", "properties": { "COMMUNE": "Le Buisson-de-Cadouin", "COMMUNAUTE": "CC des Bastides Dordogne Périgord", "INSEE_COMM": 24068, "ID_CDECOMM": 21, "SURFACE_UR": 0.6588, "COVISIBILI": "non", "SITUATION_": "non boise", "SITUATION1": "pente" }, "geometry": { "type": "MultiPolygon", "coordinates": [ [ [ [ 536049.62835, 6416322.9484 ], [ 536052.55891, 6416314.93167 ], [ 536054.51538, 6416309.92018 ], [ 536057.39614, 6416295.90958 ], [ 536035.33545, 6416286.10228 ], [ 536048.09817, 6416259.02198 ], [ 536041.07207, 6416255.08413 ], [ 536032.0231, 6416248.16592 ], [ 536025.92958, 6416236.22794 ], [ 536021.87554, 6416229.26826 ], [ 536018.86198, 6416227.29519 ], [ 536014.85774, 6416226.32939 ], [ 536010.85349, 6416225.36359 ], [ 535966.15642, 6416256.70525 ], [ 535946.30949, 6416272.85483 ], [ 535946.55849, 6416302.82423 ], [ 535965.56412, 6416305.66356 ], [ 535986.55113, 6416306.48834 ], [ 536049.62835, 6416322.9484 ] ] ] ] } },
{ "type": "Feature", "properties": { "COMMUNE": "Trémolat", "COMMUNAUTE": "CC des Bastides Dordogne Périgord", "INSEE_COMM": 24558, "ID_CDECOMM": 21, "SURFACE_UR": 0.85075, "COVISIBILI": "non", "SITUATION_": "boise", "SITUATION1": "pente" }, "geometry": { "type": "MultiPolygon", "coordinates": [ [ [ [ 529073.72755, 6422275.26943 ], [ 529087.79632, 6422285.14318 ], [ 529100.86611, 6422295.02522 ], [ 529114.93488, 6422304.89897 ], [ 529156.61844, 6422271.58421 ], [ 529159.59881, 6422269.56137 ], [ 529195.88589, 6422308.22323 ], [ 529215.75773, 6422295.07059 ], [ 529223.69983, 6422289.01034 ], [ 529158.04387, 6422202.63771 ], [ 529149.10279, 6422208.70625 ], [ 529148.1121, 6422209.71353 ], [ 529131.24552, 6422223.84028 ], [ 529125.29309, 6422228.88495 ], [ 529119.34067, 6422233.92963 ], [ 529093.1762, 6422211.16859 ], [ 529072.38836, 6422234.31936 ], [ 529072.39665, 6422235.31835 ], [ 529093.533, 6422254.12491 ], [ 529078.67269, 6422269.23406 ], [ 529073.72755, 6422275.26943 ] ] ] ] } },
{ "type": "Feature", "properties": { "COMMUNE": "Trémolat", "COMMUNAUTE": "CC des Bastides Dordogne Périgord", "INSEE_COMM": 24558, "ID_CDECOMM": 21, "SURFACE_UR": 2.11765, "COVISIBILI": "non", "SITUATION_": "non boise", "SITUATION1": "vallee" }, "geometry": { "type": "MultiPolygon", "coordinates": [ [ [ [ 529819.50646, 6419687.5277 ], [ 529804.4968, 6419684.65515 ], [ 529797.81093, 6419721.67555 ], [ 529812.8206, 6419724.5481 ], [ 529875.88109, 6419739.01038 ], [ 529865.31546, 6419790.04971 ], [ 529901.34529, 6419797.74302 ], [ 529939.40628, 6419809.41567 ], [ 529947.42305, 6419812.34628 ], [ 530002.54146, 6419832.86879 ], [ 530025.06172, 6419777.73401 ], [ 530033.87003, 6419755.68176 ], [ 530038.81516, 6419749.6464 ], [ 530029.78281, 6419744.72612 ], [ 530022.74843, 6419739.78926 ], [ 530006.68999, 6419730.93111 ], [ 529963.51791, 6419705.31417 ], [ 529950.47302, 6419698.4291 ], [ 529923.40916, 6419687.66421 ], [ 529917.39866, 6419685.716 ], [ 529898.35986, 6419678.88069 ], [ 529877.3231, 6419672.06197 ], [ 529845.26432, 6419661.33854 ], [ 529831.23704, 6419656.45973 ], [ 529825.23484, 6419655.5105 ], [ 529824.30224, 6419663.51066 ], [ 529819.50646, 6419687.5277 ] ] ] ] } },
{ "type": "Feature", "properties": { "COMMUNE": "Trémolat", "COMMUNAUTE": "CC des Bastides Dordogne Périgord", "INSEE_COMM": 24558, "ID_CDECOMM": 21, "SURFACE_UR": 0.5159, "COVISIBILI": "non", "SITUATION_": "clairiere", "SITUATION1": "plateau plaine" }, "geometry": { "type": "MultiPolygon", "coordinates": [ [ [ [ 529750.03885, 6422028.8836 ], [ 529769.66175, 6421985.76142 ], [ 529776.53017, 6421970.71861 ], [ 529760.44683, 6421958.86349 ], [ 529746.37806, 6421948.98975 ], [ 529748.32624, 6421942.97926 ], [ 529715.17717, 6421921.27527 ], [ 529687.75325, 6421987.44042 ], [ 529693.78035, 6421991.3866 ], [ 529704.83557, 6421999.28725 ], [ 529744.02004, 6422025.9364 ], [ 529750.03885, 6422028.8836 ] ] ] ] } },
{ "type": "Feature", "properties": { "COMMUNE": "Trémolat", "COMMUNAUTE": "CC des Bastides Dordogne Périgord", "INSEE_COMM": 24558, "ID_CDECOMM": 21, "SURFACE_UR": 0.90885, "COVISIBILI": "non", "SITUATION_": "boise", "SITUATION1": "pente" }, "geometry": { "type": "MultiPolygon", "coordinates": [ [ [ [ 528960.86709, 6422279.2034 ], [ 529004.0309, 6422303.82145 ], [ 529006.00398, 6422300.80791 ], [ 529013.88799, 6422287.75477 ], [ 529014.86209, 6422284.74953 ], [ 529025.68497, 6422264.67863 ], [ 529033.71834, 6422269.60721 ], [ 529037.74748, 6422273.56998 ], [ 529042.7673, 6422276.52547 ], [ 529053.63167, 6422261.44949 ], [ 529064.67859, 6422268.35117 ], [ 529073.72755, 6422275.26943 ], [ 529078.67269, 6422269.23406 ], [ 529093.533, 6422254.12491 ], [ 529072.39665, 6422235.31835 ], [ 529072.38836, 6422234.31936 ], [ 529093.1762, 6422211.16859 ], [ 529079.08254, 6422198.29788 ], [ 529077.06797, 6422196.3165 ], [ 529060.96804, 6422182.4634 ], [ 529068.88524, 6422173.4062 ], [ 529059.82799, 6422165.48896 ], [ 529042.9697, 6422180.61469 ], [ 529025.11243, 6422195.74871 ], [ 528997.43126, 6422230.94535 ], [ 528977.33538, 6422217.12541 ], [ 528976.42767, 6422228.12253 ], [ 528966.71164, 6422261.17193 ], [ 528963.79766, 6422271.18665 ], [ 528962.79868, 6422271.19494 ], [ 528960.86709, 6422279.2034 ] ] ] ] } },
{ "type": "Feature", "properties": { "COMMUNE": "Trémolat", "COMMUNAUTE": "CC des Bastides Dordogne Périgord", "INSEE_COMM": 24558, "ID_CDECOMM": 21, "SURFACE_UR": 0.8799, "COVISIBILI": "non", "SITUATION_": "non boise", "SITUATION1": "plateau plaine" }, "geometry": { "type": "MultiPolygon", "coordinates": [ [ [ [ 530709.29012, 6421687.23661 ], [ 530784.7534, 6421751.54855 ], [ 530833.77006, 6421759.13404 ], [ 530835.68505, 6421749.12761 ], [ 530846.27557, 6421701.08515 ], [ 530826.20459, 6421690.2622 ], [ 530767.96471, 6421654.77981 ], [ 530740.88423, 6421642.01694 ], [ 530739.89354, 6421643.02422 ], [ 530730.99395, 6421654.08768 ], [ 530709.29012, 6421687.23661 ] ] ] ] } },
{ "type": "Feature", "properties": { "COMMUNE": "Calès", "COMMUNAUTE": "CC des Bastides Dordogne Périgord", "INSEE_COMM": 24073, "ID_CDECOMM": 21, "SURFACE_UR": 1.8633, "COVISIBILI": "non", "SITUATION_": "non boise", "SITUATION1": "vallee" }, "geometry": { "type": "MultiPolygon", "coordinates": [ [ [ [ 527789.63627, 6421516.65701 ], [ 527798.41141, 6421490.60882 ], [ 527804.21448, 6421467.58244 ], [ 527808.99368, 6421441.56741 ], [ 527810.74273, 6421411.58132 ], [ 527815.48044, 6421380.57138 ], [ 527814.29891, 6421358.60203 ], [ 527813.14228, 6421339.62963 ], [ 527809.99597, 6421321.6728 ], [ 527805.83409, 6421301.7263 ], [ 527803.71995, 6421287.75711 ], [ 527758.73244, 6421284.13429 ], [ 527757.21571, 6421342.09192 ], [ 527736.60708, 6421507.10662 ], [ 527723.61198, 6421506.21542 ], [ 527721.76336, 6421524.21371 ], [ 527713.87934, 6421537.26683 ], [ 527705.25356, 6421581.29673 ], [ 527774.25821, 6421589.71548 ], [ 527789.76903, 6421532.64075 ], [ 527789.63627, 6421516.65701 ] ] ] ] } },
{ "type": "Feature", "properties": { "COMMUNE": "Alles-sur-Dordogne", "COMMUNAUTE": "CC des Bastides Dordogne Périgord", "INSEE_COMM": 24005, "ID_CDECOMM": 21, "SURFACE_UR": 1.205, "COVISIBILI": "non", "SITUATION_": "non boise", "SITUATION1": "vallee" }, "geometry": { "type": "MultiPolygon", "coordinates": [ [ [ [ 531920.31578, 6420505.29364 ], [ 531884.04528, 6420468.62986 ], [ 531859.31962, 6420498.80672 ], [ 531782.27845, 6420605.3459 ], [ 531750.40222, 6420616.60013 ], [ 531776.85714, 6420674.32551 ], [ 531780.86968, 6420676.2903 ], [ 531784.87392, 6420677.2561 ], [ 531791.85851, 6420676.19906 ], [ 531800.80788, 6420671.12949 ], [ 531807.74269, 6420664.07855 ], [ 531818.60704, 6420649.00256 ], [ 531850.20112, 6420603.7829 ], [ 531889.69579, 6420547.50806 ], [ 531920.31578, 6420505.29364 ] ] ] ] } },
{ "type": "Feature", "properties": { "COMMUNE": "Alles-sur-Dordogne", "COMMUNAUTE": "CC des Bastides Dordogne Périgord", "INSEE_COMM": 24005, "ID_CDECOMM": 21, "SURFACE_UR": 0.67415, "COVISIBILI": "non", "SITUATION_": "boise", "SITUATION1": "pente" }, "geometry": { "type": "MultiPolygon", "coordinates": [ [ [ [ 532901.54505, 6419802.80519 ], [ 532907.1821, 6419759.79916 ], [ 532908.0317, 6419741.80918 ], [ 532895.9692, 6419732.91788 ], [ 532891.89027, 6419722.96123 ], [ 532900.74835, 6419706.90285 ], [ 532942.7223, 6419708.55242 ], [ 532942.45673, 6419676.58497 ], [ 532943.22335, 6419648.60517 ], [ 532942.14137, 6419638.62364 ], [ 532872.25395, 6419644.19922 ], [ 532869.53086, 6419677.19053 ], [ 532868.58997, 6419684.1917 ], [ 532891.89857, 6419723.96022 ], [ 532883.04049, 6419740.01859 ], [ 532868.49556, 6419793.0891 ], [ 532901.54505, 6419802.80519 ] ] ] ] } },
{ "type": "Feature", "properties": { "COMMUNE": "Alles-sur-Dordogne", "COMMUNAUTE": "CC des Bastides Dordogne Périgord", "INSEE_COMM": 24005, "ID_CDECOMM": 21, "SURFACE_UR": 0.7103, "COVISIBILI": "non", "SITUATION_": "clairiere", "SITUATION1": "plateau plaine" }, "geometry": { "type": "MultiPolygon", "coordinates": [ [ [ [ 532666.08245, 6419239.2973 ], [ 532682.0496, 6419237.16661 ], [ 532709.98797, 6419232.93842 ], [ 532712.97662, 6419231.91455 ], [ 532711.94444, 6419227.92692 ], [ 532712.92683, 6419225.92066 ], [ 532715.89889, 6419222.89883 ], [ 532718.90414, 6419223.87293 ], [ 532724.96444, 6419231.81501 ], [ 532730.02575, 6419239.76539 ], [ 532766.88029, 6419226.4717 ], [ 532748.49192, 6419177.67089 ], [ 532731.58388, 6419186.80275 ], [ 532712.32931, 6419153.99394 ], [ 532688.43668, 6419164.18285 ], [ 532684.36605, 6419155.22519 ], [ 532641.5259, 6419169.56763 ], [ 532666.08245, 6419239.2973 ] ] ] ] } },
{ "type": "Feature", "properties": { "COMMUNE": "Calès", "COMMUNAUTE": "CC des Bastides Dordogne Périgord", "INSEE_COMM": 24073, "ID_CDECOMM": 21, "SURFACE_UR": 1.52695, "COVISIBILI": "non", "SITUATION_": "boise", "SITUATION1": "vallee" }, "geometry": { "type": "MultiPolygon", "coordinates": [ [ [ [ 527806.71691, 6421287.73224 ], [ 527807.76568, 6421293.71785 ], [ 527830.74234, 6421293.52715 ], [ 527849.04267, 6421211.45296 ], [ 527803.51416, 6420902.12467 ], [ 527804.47165, 6420897.12146 ], [ 527769.52377, 6420899.40963 ], [ 527769.57356, 6420905.40352 ], [ 527764.6865, 6420918.43176 ], [ 527753.83872, 6420935.50568 ], [ 527760.83991, 6420936.44663 ], [ 527772.93559, 6420949.33391 ], [ 527782.24175, 6420987.22065 ], [ 527787.70962, 6421044.12124 ], [ 527792.01256, 6421081.05046 ], [ 527796.40677, 6421128.9685 ], [ 527798.60388, 6421152.92751 ], [ 527799.88497, 6421186.88466 ], [ 527803.18893, 6421223.82217 ], [ 527805.46071, 6421256.77204 ], [ 527806.71691, 6421287.73224 ] ] ] ] } },
{ "type": "Feature", "properties": { "COMMUNE": "Alles-sur-Dordogne", "COMMUNAUTE": "CC des Bastides Dordogne Périgord", "INSEE_COMM": 24005, "ID_CDECOMM": 21, "SURFACE_UR": 0.99765, "COVISIBILI": "non", "SITUATION_": "non boise", "SITUATION1": "vallee" }, "geometry": { "type": "MultiPolygon", "coordinates": [ [ [ [ 531598.23801, 6420699.78579 ], [ 531596.33962, 6420711.79018 ], [ 531598.47037, 6420727.75732 ], [ 531601.52541, 6420734.72532 ], [ 531606.55353, 6420738.67978 ], [ 531613.57962, 6420742.61766 ], [ 531635.60708, 6420748.42908 ], [ 531705.6771, 6420764.8312 ], [ 531817.79577, 6420791.87376 ], [ 531821.80831, 6420793.83855 ], [ 531833.41439, 6420747.78579 ], [ 531670.2811, 6420713.17437 ], [ 531669.31531, 6420717.17859 ], [ 531598.23801, 6420699.78579 ] ] ] ] } },
{ "type": "Feature", "properties": { "COMMUNE": "Alles-sur-Dordogne", "COMMUNAUTE": "CC des Bastides Dordogne Périgord", "INSEE_COMM": 24005, "ID_CDECOMM": 21, "SURFACE_UR": 1.5083, "COVISIBILI": "non", "SITUATION_": "non boise", "SITUATION1": "plateau plaine" }, "geometry": { "type": "MultiPolygon", "coordinates": [ [ [ [ 533055.78494, 6419608.70748 ], [ 533058.17296, 6419655.64306 ], [ 533069.50205, 6419696.5101 ], [ 533078.79997, 6419733.3978 ], [ 533079.86535, 6419741.38137 ], [ 533083.07808, 6419767.33003 ], [ 533127.00021, 6419762.9691 ], [ 533120.40877, 6419691.09212 ], [ 533098.6199, 6419473.47984 ], [ 533047.5887, 6419463.91308 ], [ 533056.86172, 6419497.80383 ], [ 533058.01009, 6419515.77722 ], [ 533058.25906, 6419545.74669 ], [ 533055.37829, 6419559.75733 ], [ 533055.78494, 6419608.70748 ] ] ] ] } },
{ "type": "Feature", "properties": { "COMMUNE": "Pezuls", "COMMUNAUTE": "CC des Bastides Dordogne Périgord", "INSEE_COMM": 24327, "ID_CDECOMM": 21, "SURFACE_UR": 0.54605, "COVISIBILI": "oui", "SITUATION_": "non boise", "SITUATION1": "pente" }, "geometry": { "type": "MultiPolygon", "coordinates": [ [ [ [ 528360.02439, 6424515.07811 ], [ 528365.99341, 6424512.0314 ], [ 528377.95635, 6424508.93495 ], [ 528383.91708, 6424504.88925 ], [ 528392.87476, 6424500.81869 ], [ 528401.80756, 6424493.75116 ], [ 528410.74035, 6424486.68363 ], [ 528417.65858, 6424477.63472 ], [ 528432.44423, 6424453.53468 ], [ 528429.38919, 6424446.56666 ], [ 528420.48958, 6424457.63013 ], [ 528418.50821, 6424459.64468 ], [ 528414.47907, 6424455.6819 ], [ 528408.43537, 6424449.73774 ], [ 528393.32612, 6424434.87733 ], [ 528371.27374, 6424426.06887 ], [ 528320.59927, 6424459.45828 ], [ 528360.02439, 6424515.07811 ] ] ] ] } },
{ "type": "Feature", "properties": { "COMMUNE": "Alles-sur-Dordogne", "COMMUNAUTE": "CC des Bastides Dordogne Périgord", "INSEE_COMM": 24005, "ID_CDECOMM": 21, "SURFACE_UR": 0.70805, "COVISIBILI": "non", "SITUATION_": "non boise", "SITUATION1": "vallee" }, "geometry": { "type": "MultiPolygon", "coordinates": [ [ [ [ 531600.1364, 6420687.7814 ], [ 531801.3141, 6420732.06747 ], [ 531805.16896, 6420715.05158 ], [ 531790.15099, 6420711.18006 ], [ 531791.0006, 6420693.19007 ], [ 531643.85937, 6420659.44492 ], [ 531625.85275, 6420656.59727 ], [ 531619.86714, 6420657.64602 ], [ 531611.89186, 6420659.71034 ], [ 531608.9281, 6420663.73115 ], [ 531604.98195, 6420669.75823 ], [ 531600.1364, 6420687.7814 ] ] ] ] } },
{ "type": "Feature", "properties": { "COMMUNE": "Le Buisson-de-Cadouin", "COMMUNAUTE": "CC des Bastides Dordogne Périgord", "INSEE_COMM": 24068, "ID_CDECOMM": 21, "SURFACE_UR": 0.4442, "COVISIBILI": "non", "SITUATION_": "non boise", "SITUATION1": "plateau plaine" }, "geometry": { "type": "MultiPolygon", "coordinates": [ [ [ [ 533135.83852, 6418902.71258 ], [ 533138.84377, 6418903.68667 ], [ 533160.84632, 6418906.50112 ], [ 533177.86225, 6418910.35602 ], [ 533223.95971, 6418807.07099 ], [ 533212.94599, 6418804.16529 ], [ 533187.91329, 6418797.37981 ], [ 533177.10704, 6418819.44866 ], [ 533177.10704, 6418819.44866 ], [ 533175.15056, 6418824.46016 ], [ 533164.33602, 6418845.53003 ], [ 533152.56398, 6418871.60311 ], [ 533135.83852, 6418902.71258 ] ] ] ] } },
{ "type": "Feature", "properties": { "COMMUNE": "Trémolat", "COMMUNAUTE": "CC des Bastides Dordogne Périgord", "INSEE_COMM": 24558, "ID_CDECOMM": 21, "SURFACE_UR": 0.4681, "COVISIBILI": "non", "SITUATION_": "clairiere", "SITUATION1": "plateau plaine" }, "geometry": { "type": "MultiPolygon", "coordinates": [ [ [ [ 528455.09713, 6423812.95273 ], [ 528466.31831, 6423840.83311 ], [ 528503.19781, 6423830.53646 ], [ 528481.68807, 6423766.77552 ], [ 528467.74375, 6423771.88653 ], [ 528467.72716, 6423769.88856 ], [ 528465.72918, 6423769.90514 ], [ 528465.6794, 6423763.91123 ], [ 528467.67737, 6423763.89465 ], [ 528460.52682, 6423744.97197 ], [ 528458.52885, 6423744.98855 ], [ 528453.53392, 6423745.03001 ], [ 528450.53696, 6423745.05489 ], [ 528445.55033, 6423746.09533 ], [ 528442.55337, 6423746.12021 ], [ 528442.52018, 6423742.12426 ], [ 528437.41738, 6423729.17891 ], [ 528430.26683, 6423710.25624 ], [ 528425.16403, 6423697.31088 ], [ 528407.22377, 6423702.45506 ], [ 528407.24037, 6423704.45303 ], [ 528406.29117, 6423710.45524 ], [ 528407.33994, 6423716.44086 ], [ 528419.65137, 6423755.30178 ], [ 528427.64326, 6423755.23545 ], [ 528441.62076, 6423754.12038 ], [ 528445.60841, 6423753.08823 ], [ 528444.65921, 6423759.09043 ], [ 528444.75048, 6423770.07927 ], [ 528443.93404, 6423792.06524 ], [ 528447.00568, 6423801.03123 ], [ 528449.99434, 6423800.00737 ], [ 528455.09713, 6423812.95273 ] ] ] ] } },
{ "type": "Feature", "properties": { "COMMUNE": "Trémolat", "COMMUNAUTE": "CC des Bastides Dordogne Périgord", "INSEE_COMM": 24558, "ID_CDECOMM": 21, "SURFACE_UR": 0.2416, "COVISIBILI": "non", "SITUATION_": "clairiere", "SITUATION1": "plateau plaine" }, "geometry": { "type": "MultiPolygon", "coordinates": [ [ [ [ 529956.93576, 6420837.29444 ], [ 529959.93272, 6420837.26956 ], [ 529975.89988, 6420835.1389 ], [ 529992.86603, 6420832.99995 ], [ 529995.85469, 6420831.97609 ], [ 530024.77546, 6420825.74169 ], [ 530022.7443, 6420821.76235 ], [ 530022.736, 6420820.76336 ], [ 530021.71212, 6420817.77471 ], [ 530017.6332, 6420807.81805 ], [ 530014.55327, 6420797.85309 ], [ 530009.55835, 6420797.89456 ], [ 529995.59745, 6420801.00761 ], [ 529993.59948, 6420801.0242 ], [ 529992.55901, 6420796.03757 ], [ 529992.51752, 6420791.04266 ], [ 529983.53495, 6420792.11628 ], [ 529970.56474, 6420794.22205 ], [ 529952.60791, 6420797.36828 ], [ 529953.71476, 6420810.34677 ], [ 529955.8621, 6420828.31188 ], [ 529955.89529, 6420832.30781 ], [ 529956.93576, 6420837.29444 ] ] ] ] } },
{ "type": "Feature", "properties": { "COMMUNE": "Trémolat", "COMMUNAUTE": "CC des Bastides Dordogne Périgord", "INSEE_COMM": 24558, "ID_CDECOMM": 21, "SURFACE_UR": 2.8703, "COVISIBILI": "non", "SITUATION_": "non boise", "SITUATION1": "vallee" }, "geometry": { "type": "MultiPolygon", "coordinates": [ [ [ [ 528721.83378, 6421406.01723 ], [ 528730.84124, 6421407.94057 ], [ 528740.76471, 6421399.86578 ], [ 528753.66024, 6421388.76916 ], [ 528765.5236, 6421373.6849 ], [ 528783.31449, 6421350.55902 ], [ 528797.12603, 6421329.46428 ], [ 528810.89609, 6421303.37461 ], [ 528804.88558, 6421301.4264 ], [ 528803.88659, 6421301.43469 ], [ 528804.88558, 6421301.4264 ], [ 528809.79753, 6421291.3951 ], [ 528715.6357, 6421261.20607 ], [ 528625.71045, 6421259.95439 ], [ 528617.74346, 6421263.01768 ], [ 528596.75648, 6421262.19282 ], [ 528589.76358, 6421262.25087 ], [ 528582.76239, 6421261.30993 ], [ 528567.76931, 6421260.43532 ], [ 528553.78352, 6421260.55141 ], [ 528553.8416, 6421267.5443 ], [ 528553.8748, 6421271.54023 ], [ 528587.49681, 6421350.1863 ], [ 528587.5383, 6421355.18121 ], [ 528585.78096, 6421384.16832 ], [ 528585.89712, 6421398.15409 ], [ 528634.86399, 6421399.74575 ], [ 528672.85861, 6421403.42659 ], [ 528708.83867, 6421405.12604 ], [ 528721.83378, 6421406.01723 ] ] ] ] } },
{ "type": "Feature", "properties": { "COMMUNE": "Trémolat", "COMMUNAUTE": "CC des Bastides Dordogne Périgord", "INSEE_COMM": 24558, "ID_CDECOMM": 21, "SURFACE_UR": 4.11385, "COVISIBILI": "non", "SITUATION_": "non boise", "SITUATION1": "vallee" }, "geometry": { "type": "MultiPolygon", "coordinates": [ [ [ [ 528918.92577, 6421078.69017 ], [ 528931.60557, 6421041.61999 ], [ 528983.76853, 6421067.16236 ], [ 529012.86356, 6421081.90664 ], [ 529037.23245, 6421008.77354 ], [ 529040.17132, 6421001.75578 ], [ 529041.11222, 6420994.7546 ], [ 529044.91732, 6420971.74482 ], [ 529058.65418, 6420941.65923 ], [ 529068.44488, 6420917.6007 ], [ 529041.35612, 6420903.83883 ], [ 529053.16969, 6420882.76067 ], [ 529078.7616, 6420836.59184 ], [ 529080.74298, 6420834.57729 ], [ 529085.67152, 6420826.54397 ], [ 529107.32558, 6420787.40119 ], [ 529124.3996, 6420798.24903 ], [ 529129.41112, 6420800.20554 ], [ 529130.39351, 6420798.19928 ], [ 529143.19776, 6420776.11385 ], [ 529151.09007, 6420764.05971 ], [ 529202.26234, 6420790.60934 ], [ 529207.18259, 6420781.57703 ], [ 529213.09352, 6420771.53744 ], [ 529224.89879, 6420749.4603 ], [ 529226.87186, 6420746.44677 ], [ 529139.4955, 6420691.22516 ], [ 529133.4684, 6420687.27898 ], [ 529111.70647, 6420713.43497 ], [ 529101.8079, 6420724.50671 ], [ 529070.1474, 6420761.73444 ], [ 529040.45167, 6420794.94966 ], [ 529027.54784, 6420805.04729 ], [ 529025.60796, 6420812.05676 ], [ 529014.80997, 6420835.12459 ], [ 529005.96846, 6420853.18092 ], [ 528994.17979, 6420877.25602 ], [ 528990.24193, 6420884.28207 ], [ 528981.39213, 6420901.33942 ], [ 528924.30892, 6420884.82936 ], [ 528911.76189, 6420937.88328 ], [ 528902.09565, 6420976.92655 ], [ 528894.3776, 6421009.95934 ], [ 528893.4118, 6421013.96356 ], [ 528886.68443, 6421045.98907 ], [ 528882.82125, 6421062.00598 ], [ 528881.85546, 6421066.0102 ], [ 528880.89796, 6421071.01341 ], [ 528911.91628, 6421076.75025 ], [ 528918.92577, 6421078.69017 ] ] ] ] } },
{ "type": "Feature", "properties": { "COMMUNE": "Trémolat", "COMMUNAUTE": "CC des Bastides Dordogne Périgord", "INSEE_COMM": 24558, "ID_CDECOMM": 21, "SURFACE_UR": 3.22935, "COVISIBILI": "non", "SITUATION_": "clairiere", "SITUATION1": "pente" }, "geometry": { "type": "MultiPolygon", "coordinates": [ [ [ [ 529852.16725, 6421454.57948 ], [ 529860.95897, 6421430.52924 ], [ 529850.92763, 6421425.61725 ], [ 529866.76203, 6421407.50285 ], [ 529869.75069, 6421406.47899 ], [ 529870.77456, 6421409.46765 ], [ 529894.83319, 6421419.25846 ], [ 529906.93718, 6421433.14471 ], [ 529922.02153, 6421445.00812 ], [ 529937.0727, 6421452.8756 ], [ 529945.10607, 6421457.80417 ], [ 529969.16469, 6421467.59498 ], [ 529978.18045, 6421470.51729 ], [ 529996.18708, 6421473.36497 ], [ 529996.21197, 6421476.36192 ], [ 530004.21215, 6421477.29456 ], [ 530007.2257, 6421479.26765 ], [ 530056.33364, 6421497.84198 ], [ 530079.38498, 6421506.6421 ], [ 530123.39011, 6421512.2711 ], [ 530131.77522, 6421439.27065 ], [ 530132.71612, 6421432.26947 ], [ 530127.7212, 6421432.31094 ], [ 530118.72203, 6421431.38659 ], [ 530114.71779, 6421430.42078 ], [ 530112.71982, 6421430.43737 ], [ 530113.66072, 6421423.43619 ], [ 530099.65833, 6421421.55432 ], [ 530097.58568, 6421412.58006 ], [ 530095.58771, 6421412.59664 ], [ 530070.59649, 6421410.806 ], [ 530070.61308, 6421412.80397 ], [ 530032.61846, 6421409.12317 ], [ 530020.61404, 6421407.22472 ], [ 530020.67212, 6421414.21761 ], [ 530017.67517, 6421414.24248 ], [ 529986.64854, 6421407.50668 ], [ 529991.5107, 6421391.48148 ], [ 529969.45835, 6421382.67307 ], [ 529964.5464, 6421392.70437 ], [ 529935.47626, 6421380.95706 ], [ 529933.46999, 6421379.97467 ], [ 529945.95892, 6421319.92784 ], [ 529895.89349, 6421306.35672 ], [ 529877.87027, 6421301.51107 ], [ 529838.82687, 6421291.84466 ], [ 529829.81941, 6421289.92133 ], [ 529810.42056, 6421360.01604 ], [ 529813.99837, 6421429.92002 ], [ 529811.13418, 6421445.92864 ], [ 529818.13538, 6421446.86957 ], [ 529816.18719, 6421452.88006 ], [ 529813.31471, 6421467.88969 ], [ 529830.33065, 6421471.74465 ], [ 529833.3276, 6421471.71977 ], [ 529839.18875, 6421455.68627 ], [ 529852.16725, 6421454.57948 ] ] ] ] } },
{ "type": "Feature", "properties": { "COMMUNE": "Trémolat", "COMMUNAUTE": "CC des Bastides Dordogne Périgord", "INSEE_COMM": 24558, "ID_CDECOMM": 21, "SURFACE_UR": 0.9622, "COVISIBILI": "non", "SITUATION_": "clairiere", "SITUATION1": "plateau plaine" }, "geometry": { "type": "MultiPolygon", "coordinates": [ [ [ [ 528539.64083, 6423647.40705 ], [ 528548.65659, 6423650.32938 ], [ 528550.72924, 6423659.30367 ], [ 528548.73127, 6423659.32025 ], [ 528550.84541, 6423673.28946 ], [ 528555.0156, 6423694.23498 ], [ 528583.02869, 6423698.99774 ], [ 528584.06087, 6423702.98539 ], [ 528584.06917, 6423703.98437 ], [ 528583.12826, 6423710.98556 ], [ 528587.1325, 6423711.95138 ], [ 528595.13269, 6423712.88403 ], [ 528602.13389, 6423713.82497 ], [ 528610.13407, 6423714.75762 ], [ 528630.13868, 6423717.58874 ], [ 528626.99237, 6423699.63188 ], [ 528622.88856, 6423686.67824 ], [ 528622.85537, 6423682.6823 ], [ 528633.81102, 6423678.59515 ], [ 528629.757, 6423671.63542 ], [ 528625.71956, 6423666.67366 ], [ 528622.64793, 6423657.70767 ], [ 528621.62405, 6423654.719 ], [ 528621.58256, 6423649.72408 ], [ 528618.47774, 6423636.76214 ], [ 528617.39577, 6423626.78058 ], [ 528613.34175, 6423619.82085 ], [ 528621.16768, 6423599.77481 ], [ 528624.10656, 6423592.75704 ], [ 528629.98431, 6423578.7215 ], [ 528640.8155, 6423559.64957 ], [ 528650.6477, 6423540.58593 ], [ 528653.60317, 6423535.56613 ], [ 528620.50388, 6423519.856 ], [ 528616.55772, 6423525.88308 ], [ 528615.59193, 6423529.88731 ], [ 528614.60953, 6423531.89357 ], [ 528595.94411, 6423570.01255 ], [ 528588.93461, 6423568.07263 ], [ 528586.93664, 6423568.08921 ], [ 528584.96356, 6423571.10275 ], [ 528582.96559, 6423571.11933 ], [ 528579.96034, 6423570.14522 ], [ 528578.96135, 6423570.15352 ], [ 528579.01114, 6423576.14743 ], [ 528579.01943, 6423577.14641 ], [ 528580.27564, 6423608.10666 ], [ 528587.44279, 6423629.02731 ], [ 528569.51913, 6423636.16946 ], [ 528539.64083, 6423647.40705 ] ] ] ] } },
{ "type": "Feature", "properties": { "COMMUNE": "Alles-sur-Dordogne", "COMMUNAUTE": "CC des Bastides Dordogne Périgord", "INSEE_COMM": 24005, "ID_CDECOMM": 21, "SURFACE_UR": 8.18315, "COVISIBILI": "non", "SITUATION_": "non boise", "SITUATION1": "plateau plaine" }, "geometry": { "type": "MultiPolygon", "coordinates": [ [ [ [ 532951.42165, 6419072.08451 ], [ 532977.07678, 6419153.79367 ], [ 532982.0302, 6419148.75728 ], [ 532990.96297, 6419141.68974 ], [ 532996.90708, 6419135.64608 ], [ 533005.83155, 6419127.57956 ], [ 533012.76635, 6419120.52862 ], [ 533020.71673, 6419115.46735 ], [ 533026.67744, 6419111.42165 ], [ 533034.65272, 6419109.35732 ], [ 533055.60649, 6419106.18617 ], [ 533038.11131, 6419285.1616 ], [ 533068.14723, 6419292.9046 ], [ 533076.88912, 6419262.86047 ], [ 533090.69233, 6419240.76672 ], [ 533094.84594, 6419259.71421 ], [ 533098.94977, 6419272.66779 ], [ 533147.80872, 6419261.27251 ], [ 533149.52452, 6419227.29052 ], [ 533197.45917, 6419224.89438 ], [ 533215.416, 6419221.74811 ], [ 533241.3315, 6419214.53955 ], [ 533287.25988, 6419211.16101 ], [ 533277.00967, 6419300.16168 ], [ 533311.09133, 6419313.86539 ], [ 533317.89334, 6419290.83072 ], [ 533351.83392, 6419287.55173 ], [ 533352.72501, 6419274.55666 ], [ 533399.70218, 6419277.16371 ], [ 533430.10115, 6419088.09061 ], [ 533433.65724, 6419035.11137 ], [ 533420.66214, 6419034.22023 ], [ 533410.6806, 6419035.30217 ], [ 533376.74832, 6419039.58015 ], [ 533357.76762, 6419039.73777 ], [ 533335.79826, 6419040.91925 ], [ 533303.82247, 6419040.18573 ], [ 533266.86004, 6419040.49267 ], [ 533240.92795, 6419045.70326 ], [ 533190.05443, 6419055.11717 ], [ 533120.20852, 6419065.68768 ], [ 533120.25001, 6419070.68259 ], [ 532998.41541, 6419076.68954 ], [ 532995.32717, 6419065.72562 ], [ 532951.42165, 6419072.08451 ] ] ] ] } },
{ "type": "Feature", "properties": { "COMMUNE": "Alles-sur-Dordogne", "COMMUNAUTE": "CC des Bastides Dordogne Périgord", "INSEE_COMM": 24005, "ID_CDECOMM": 21, "SURFACE_UR": 7.8299, "COVISIBILI": "non", "SITUATION_": "non boise", "SITUATION1": "vallee" }, "geometry": { "type": "MultiPolygon", "coordinates": [ [ [ [ 532297.69453, 6420353.30149 ], [ 532263.70415, 6420350.58657 ], [ 532243.1404, 6420400.70991 ], [ 532275.27389, 6420420.42414 ], [ 532232.09864, 6420514.69352 ], [ 532202.67681, 6420580.87525 ], [ 532205.69866, 6420583.84732 ], [ 532152.74102, 6420703.17424 ], [ 532176.76645, 6420708.96907 ], [ 532206.80239, 6420716.71209 ], [ 532209.69976, 6420704.69941 ], [ 532215.53599, 6420685.66896 ], [ 532229.28112, 6420656.58232 ], [ 532263.59829, 6420578.37131 ], [ 532353.648, 6420594.60749 ], [ 532371.30608, 6420555.49784 ], [ 532485.32313, 6420570.53596 ], [ 532490.9353, 6420524.53296 ], [ 532455.93763, 6420520.82735 ], [ 532454.79757, 6420503.85293 ], [ 532452.46765, 6420463.9102 ], [ 532455.35672, 6420450.89853 ], [ 532456.19803, 6420431.90956 ], [ 532572.25454, 6420451.92599 ], [ 532583.81082, 6420399.87933 ], [ 532641.85152, 6420411.38602 ], [ 532684.89916, 6420422.01814 ], [ 532707.9173, 6420426.82227 ], [ 532714.92679, 6420428.76217 ], [ 532715.90918, 6420426.75591 ], [ 532716.79198, 6420412.76185 ], [ 532722.37095, 6420362.76293 ], [ 532724.33572, 6420358.75041 ], [ 532728.0495, 6420324.7518 ], [ 532726.93433, 6420310.77433 ], [ 532728.79122, 6420293.77503 ], [ 532730.673, 6420279.77268 ], [ 532685.68549, 6420276.15003 ], [ 532679.4395, 6420366.11656 ], [ 532608.3705, 6420349.7228 ], [ 532544.31929, 6420336.26792 ], [ 532463.27704, 6420321.95506 ], [ 532455.80798, 6420384.95735 ], [ 532428.8105, 6420382.18436 ], [ 532387.76913, 6420372.53462 ], [ 532369.75421, 6420368.688 ], [ 532369.74591, 6420367.68901 ], [ 532300.69148, 6420353.27661 ], [ 532297.69453, 6420353.30149 ] ] ] ] } },
{ "type": "Feature", "properties": { "COMMUNE": "Calès", "COMMUNAUTE": "CC des Bastides Dordogne Périgord", "INSEE_COMM": 24073, "ID_CDECOMM": 21, "SURFACE_UR": 1.73645, "COVISIBILI": "non", "SITUATION_": "non boise", "SITUATION1": "vallee" }, "geometry": { "type": "MultiPolygon", "coordinates": [ [ [ [ 527804.47165, 6420897.12146 ], [ 527814.92116, 6420832.09635 ], [ 527820.67445, 6420803.07609 ], [ 527823.24825, 6420752.10307 ], [ 527822.99103, 6420721.1346 ], [ 527848.97293, 6420721.918 ], [ 527848.81529, 6420702.93733 ], [ 527855.80818, 6420702.87929 ], [ 527860.75332, 6420696.84393 ], [ 527861.65274, 6420684.84784 ], [ 527855.58415, 6420675.90674 ], [ 527852.5706, 6420673.93365 ], [ 527854.44411, 6420658.93232 ], [ 527848.35064, 6420646.99428 ], [ 527848.26766, 6420637.00445 ], [ 527850.0748, 6420614.01125 ], [ 527848.91816, 6420595.03887 ], [ 527844.76457, 6420576.09136 ], [ 527826.78285, 6420576.2406 ], [ 527826.00789, 6420603.22144 ], [ 527814.01177, 6420602.32195 ], [ 527813.38617, 6420647.28448 ], [ 527770.45471, 6420650.63796 ], [ 527770.61235, 6420669.61863 ], [ 527733.63332, 6420667.92745 ], [ 527723.1921, 6420733.95154 ], [ 527799.14815, 6420737.31732 ], [ 527797.52356, 6420782.28815 ], [ 527792.76925, 6420811.30011 ], [ 527782.85408, 6420820.37388 ], [ 527764.89724, 6420823.52007 ], [ 527768.1929, 6420859.45859 ], [ 527769.52377, 6420899.40963 ], [ 527804.47165, 6420897.12146 ] ] ] ] } },
{ "type": "Feature", "properties": { "COMMUNE": "Alles-sur-Dordogne", "COMMUNAUTE": "CC des Bastides Dordogne Périgord", "INSEE_COMM": 24005, "ID_CDECOMM": 21, "SURFACE_UR": 2.04835, "COVISIBILI": "non", "SITUATION_": "clairiere", "SITUATION1": "pente" }, "geometry": { "type": "MultiPolygon", "coordinates": [ [ [ [ 532290.8169, 6419765.91618 ], [ 532251.8482, 6419765.24069 ], [ 532236.46196, 6419837.30016 ], [ 532211.51224, 6419840.50447 ], [ 532245.08454, 6419913.15648 ], [ 532244.13534, 6419919.15868 ], [ 532245.26711, 6419935.1341 ], [ 532245.38329, 6419949.11986 ], [ 532247.46425, 6419959.0931 ], [ 532197.598, 6419969.49767 ], [ 532200.69454, 6419981.46057 ], [ 532206.78803, 6419993.3986 ], [ 532231.162, 6420041.1507 ], [ 532270.09751, 6420037.83026 ], [ 532273.07786, 6420035.80741 ], [ 532316.9751, 6420028.44956 ], [ 532331.57813, 6419982.37193 ], [ 532301.61689, 6419983.61975 ], [ 532295.00057, 6419908.74581 ], [ 532315.00516, 6419911.57687 ], [ 532321.98976, 6419910.51982 ], [ 532315.60581, 6419863.6174 ], [ 532318.50318, 6419851.60473 ], [ 532321.26776, 6419823.60833 ], [ 532274.2657, 6419818.00429 ], [ 532290.8169, 6419765.91618 ] ] ] ] } },
{ "type": "Feature", "properties": { "COMMUNE": "Le Buisson-de-Cadouin", "COMMUNAUTE": "CC des Bastides Dordogne Périgord", "INSEE_COMM": 24068, "ID_CDECOMM": 21, "SURFACE_UR": 1.03845, "COVISIBILI": "oui", "SITUATION_": "non boise", "SITUATION1": "pente" }, "geometry": { "type": "MultiPolygon", "coordinates": [ [ [ [ 533668.49847, 6419163.03784 ], [ 533676.46545, 6419159.97453 ], [ 533688.42836, 6419156.87803 ], [ 533689.44395, 6419158.8677 ], [ 533697.42752, 6419157.80235 ], [ 533700.42447, 6419157.77747 ], [ 533707.40077, 6419155.72143 ], [ 533715.38434, 6419154.65608 ], [ 533729.37012, 6419154.53994 ], [ 533751.33948, 6419153.35845 ], [ 533754.25344, 6419143.34374 ], [ 533754.23684, 6419141.34577 ], [ 533761.25463, 6419144.28465 ], [ 533783.29038, 6419151.09501 ], [ 533791.27396, 6419150.02966 ], [ 533785.01448, 6419118.11201 ], [ 533721.00479, 6419109.65211 ], [ 533724.69365, 6419072.65658 ], [ 533728.43232, 6419041.65495 ], [ 533729.3981, 6419037.65073 ], [ 533731.27988, 6419023.64838 ], [ 533724.28699, 6419023.70645 ], [ 533717.2941, 6419023.76453 ], [ 533704.3156, 6419024.87135 ], [ 533666.40399, 6419031.18049 ], [ 533658.83538, 6419082.19495 ], [ 533668.84182, 6419084.10995 ], [ 533663.20478, 6419127.11596 ], [ 533659.45781, 6419157.11861 ], [ 533667.47459, 6419160.04919 ], [ 533668.49847, 6419163.03784 ] ] ] ] } },
{ "type": "Feature", "properties": { "COMMUNE": "Alles-sur-Dordogne", "COMMUNAUTE": "CC des Bastides Dordogne Périgord", "INSEE_COMM": 24005, "ID_CDECOMM": 21, "SURFACE_UR": 3.27795, "COVISIBILI": "oui", "SITUATION_": "non boise", "SITUATION1": "pente" }, "geometry": { "type": "MultiPolygon", "coordinates": [ [ [ [ 532260.52776, 6420208.74757 ], [ 532260.53606, 6420209.74655 ], [ 532262.54232, 6420210.72895 ], [ 532261.58483, 6420215.73216 ], [ 532303.72477, 6420237.3614 ], [ 532311.78303, 6420245.28691 ], [ 532318.82572, 6420251.22274 ], [ 532313.50401, 6420332.19013 ], [ 532300.69148, 6420353.27661 ], [ 532369.74591, 6420367.68901 ], [ 532375.49916, 6420338.66874 ], [ 532379.92147, 6420269.69743 ], [ 532418.91507, 6420273.36987 ], [ 532413.42222, 6420213.47236 ], [ 532413.39732, 6420210.47541 ], [ 532395.90006, 6420148.67948 ], [ 532389.64059, 6420116.7618 ], [ 532349.63141, 6420111.0997 ], [ 532340.10112, 6420046.24047 ], [ 532312.11296, 6420044.47475 ], [ 532316.9751, 6420028.44956 ], [ 532273.07786, 6420035.80741 ], [ 532270.09751, 6420037.83026 ], [ 532275.09243, 6420037.78878 ], [ 532291.35004, 6420070.6225 ], [ 532257.41776, 6420074.90045 ], [ 532241.15701, 6420161.95297 ], [ 532270.13586, 6420162.71141 ], [ 532266.3225, 6420184.72221 ], [ 532260.52776, 6420208.74757 ] ] ] ] } },
{ "type": "Feature", "properties": { "COMMUNE": "Alles-sur-Dordogne", "COMMUNAUTE": "CC des Bastides Dordogne Périgord", "INSEE_COMM": 24005, "ID_CDECOMM": 21, "SURFACE_UR": 3.53805, "COVISIBILI": "non", "SITUATION_": "non boise", "SITUATION1": "pente" }, "geometry": { "type": "MultiPolygon", "coordinates": [ [ [ [ 531665.85087, 6419819.05974 ], [ 531608.29149, 6419865.49401 ], [ 531665.72323, 6419923.96122 ], [ 531641.97166, 6419951.13281 ], [ 531674.27111, 6419990.8267 ], [ 531700.12853, 6419976.62529 ], [ 531711.19205, 6419985.5249 ], [ 531725.02846, 6419967.42709 ], [ 531744.15024, 6419984.2522 ], [ 531754.90672, 6419956.18945 ], [ 531760.84253, 6419949.1468 ], [ 531762.81561, 6419946.13327 ], [ 531783.94366, 6419963.94077 ], [ 531818.16125, 6419873.74202 ], [ 531895.20755, 6419888.08809 ], [ 531909.64461, 6419822.03082 ], [ 531844.56953, 6419805.58725 ], [ 531743.45632, 6419780.45144 ], [ 531730.71848, 6419810.52875 ], [ 531693.4905, 6419778.8682 ], [ 531665.85087, 6419819.05974 ] ] ] ] } },
{ "type": "Feature", "properties": { "COMMUNE": "Pezuls", "COMMUNAUTE": "CC des Bastides Dordogne Périgord", "INSEE_COMM": 24327, "ID_CDECOMM": 21, "SURFACE_UR": 1.08815, "COVISIBILI": "non", "SITUATION_": "boise", "SITUATION1": "ligne de crete" }, "geometry": { "type": "MultiPolygon", "coordinates": [ [ [ [ 527557.77066, 6425235.06246 ], [ 527575.74412, 6425233.91424 ], [ 527584.75161, 6425235.8376 ], [ 527585.70079, 6425229.83538 ], [ 527587.61576, 6425219.82893 ], [ 527588.56494, 6425213.82671 ], [ 527594.32644, 6425185.80532 ], [ 527696.92614, 6425029.10103 ], [ 527711.93873, 6424912.08686 ], [ 527713.8703, 6424904.07838 ], [ 527717.59231, 6424871.07863 ], [ 527706.67817, 6424880.16072 ], [ 527692.80857, 6424894.26262 ], [ 527682.92662, 6424907.33236 ], [ 527680.98675, 6424914.34185 ], [ 527676.04992, 6424921.37622 ], [ 527674.07685, 6424924.38976 ], [ 527673.11107, 6424928.394 ], [ 527672.2864, 6424949.38103 ], [ 527671.32892, 6424954.38425 ], [ 527670.37143, 6424959.38748 ], [ 527665.50931, 6424975.41273 ], [ 527663.60265, 6424986.41818 ], [ 527658.88164, 6425019.42621 ], [ 527657.93246, 6425025.42843 ], [ 527634.45482, 6425085.56665 ], [ 527620.70973, 6425114.65336 ], [ 527577.22746, 6425171.96044 ], [ 527563.41595, 6425193.05525 ], [ 527563.44916, 6425197.0512 ], [ 527553.51739, 6425204.12702 ], [ 527554.54128, 6425207.11569 ], [ 527551.57752, 6425211.13651 ], [ 527554.61599, 6425216.10658 ], [ 527555.65648, 6425221.09322 ], [ 527557.77066, 6425235.06246 ] ] ] ] } },
{ "type": "Feature", "properties": { "COMMUNE": "Pezuls", "COMMUNAUTE": "CC des Bastides Dordogne Périgord", "INSEE_COMM": 24327, "ID_CDECOMM": 21, "SURFACE_UR": 0.41425, "COVISIBILI": "non", "SITUATION_": "clairiere", "SITUATION1": "pente" }, "geometry": { "type": "MultiPolygon", "coordinates": [ [ [ [ 527934.17249, 6424243.8726 ], [ 527933.1735, 6424243.8809 ], [ 527932.17452, 6424243.88919 ], [ 527930.17654, 6424243.90577 ], [ 527921.20226, 6424245.97836 ], [ 527919.20429, 6424245.99495 ], [ 527912.21969, 6424247.05197 ], [ 527907.23305, 6424248.09241 ], [ 527905.24338, 6424249.10798 ], [ 527903.23711, 6424248.12558 ], [ 527901.23914, 6424248.14216 ], [ 527899.24117, 6424248.15874 ], [ 527898.24218, 6424248.16703 ], [ 527896.24421, 6424248.18362 ], [ 527894.23794, 6424247.20121 ], [ 527889.23471, 6424246.24368 ], [ 527887.23674, 6424246.26027 ], [ 527883.2325, 6424245.29445 ], [ 527875.23231, 6424244.36179 ], [ 527874.23332, 6424244.37008 ], [ 527873.22604, 6424243.37939 ], [ 527860.22263, 6424241.4892 ], [ 527856.21839, 6424240.52338 ], [ 527842.38193, 6424258.6212 ], [ 527869.42094, 6424266.38922 ], [ 527862.67695, 6424296.41683 ], [ 527926.71993, 6424308.87301 ], [ 527928.61003, 6424295.86961 ], [ 527933.39753, 6424270.85351 ], [ 527934.18079, 6424244.87159 ], [ 527934.17249, 6424243.8726 ] ] ] ] } },
{ "type": "Feature", "properties": { "COMMUNE": "Trémolat", "COMMUNAUTE": "CC des Bastides Dordogne Périgord", "INSEE_COMM": 24558, "ID_CDECOMM": 21, "SURFACE_UR": 2.70685, "COVISIBILI": "non", "SITUATION_": "non boise", "SITUATION1": "pente" }, "geometry": { "type": "MultiPolygon", "coordinates": [ [ [ [ 528951.38762, 6420656.82073 ], [ 528971.80206, 6420588.71574 ], [ 528947.76005, 6420580.92289 ], [ 528920.71277, 6420572.15593 ], [ 528919.71379, 6420572.16423 ], [ 528851.58368, 6420548.75251 ], [ 528839.56267, 6420544.85608 ], [ 528812.5154, 6420536.08912 ], [ 528796.49015, 6420531.22688 ], [ 528785.46813, 6420527.32216 ], [ 528826.1112, 6420489.02083 ], [ 528828.0013, 6420476.01747 ], [ 528835.86871, 6420460.96639 ], [ 528829.84991, 6420458.01919 ], [ 528839.64891, 6420434.95966 ], [ 528837.61775, 6420430.98032 ], [ 528832.59794, 6420428.02483 ], [ 528798.44161, 6420405.33016 ], [ 528787.39469, 6420398.42849 ], [ 528782.44125, 6420403.46487 ], [ 528781.44227, 6420403.47316 ], [ 528763.5933, 6420419.60614 ], [ 528744.76195, 6420437.74539 ], [ 528736.82815, 6420444.8046 ], [ 528755.94992, 6420461.62976 ], [ 528758.01428, 6420469.60504 ], [ 528707.98708, 6420580.91505 ], [ 528743.04282, 6420591.61364 ], [ 528813.17921, 6420616.00776 ], [ 528935.39557, 6420655.95442 ], [ 528936.36136, 6420651.95019 ], [ 528951.38762, 6420656.82073 ] ] ] ] } },
{ "type": "Feature", "properties": { "COMMUNE": "Trémolat", "COMMUNAUTE": "CC des Bastides Dordogne Périgord", "INSEE_COMM": 24558, "ID_CDECOMM": 21, "SURFACE_UR": 2.2436, "COVISIBILI": "non", "SITUATION_": "non boise", "SITUATION1": "plateau plaine" }, "geometry": { "type": "MultiPolygon", "coordinates": [ [ [ [ 528968.70431, 6421538.84016 ], [ 528986.77732, 6421549.67972 ], [ 528995.81797, 6421555.59899 ], [ 529001.84507, 6421559.54517 ], [ 529006.86489, 6421562.50066 ], [ 529058.08696, 6421595.04422 ], [ 529076.86853, 6421570.91105 ], [ 529093.66873, 6421548.79244 ], [ 529097.63148, 6421544.76334 ], [ 529114.43168, 6421522.64473 ], [ 529126.30334, 6421508.55944 ], [ 529142.15433, 6421492.44303 ], [ 529157.01465, 6421477.33389 ], [ 529161.96808, 6421472.29751 ], [ 529181.78183, 6421452.15198 ], [ 529167.68817, 6421439.28129 ], [ 529162.66005, 6421435.32682 ], [ 529153.6111, 6421428.40856 ], [ 529144.57045, 6421422.48929 ], [ 529132.50795, 6421413.59795 ], [ 529084.27454, 6421380.03054 ], [ 529071.43709, 6421398.12004 ], [ 529056.62657, 6421419.22308 ], [ 529033.89884, 6421449.38332 ], [ 529017.8321, 6421439.52616 ], [ 529012.92015, 6421449.55746 ], [ 529011.93776, 6421451.56371 ], [ 529004.08694, 6421468.61278 ], [ 529000.14078, 6421474.63985 ], [ 528982.46607, 6421511.75151 ], [ 528968.70431, 6421538.84016 ] ] ] ] } },
{ "type": "Feature", "properties": { "COMMUNE": "Alles-sur-Dordogne", "COMMUNAUTE": "CC des Bastides Dordogne Périgord", "INSEE_COMM": 24005, "ID_CDECOMM": 21, "SURFACE_UR": 1.89525, "COVISIBILI": "non", "SITUATION_": "clairiere", "SITUATION1": "pente" }, "geometry": { "type": "MultiPolygon", "coordinates": [ [ [ [ 532648.31445, 6419024.64886 ], [ 532694.37561, 6419037.25405 ], [ 532712.35733, 6419037.10474 ], [ 532715.43727, 6419047.06967 ], [ 532733.55177, 6419062.90407 ], [ 532744.59039, 6419068.80672 ], [ 532762.58871, 6419070.65537 ], [ 532779.57144, 6419070.51435 ], [ 532804.52116, 6419067.31002 ], [ 532830.48645, 6419066.09537 ], [ 532845.48782, 6419067.9689 ], [ 532857.51712, 6419072.86427 ], [ 532868.56404, 6419079.7659 ], [ 532877.5632, 6419080.69022 ], [ 532938.40996, 6419069.1954 ], [ 532965.27465, 6419055.98466 ], [ 532964.21758, 6419049.00008 ], [ 532954.01196, 6419023.1095 ], [ 532944.88832, 6419007.20045 ], [ 532799.33536, 6419044.37491 ], [ 532776.38362, 6419047.56265 ], [ 532765.87924, 6418985.70871 ], [ 532700.06246, 6419000.24194 ], [ 532695.01774, 6418994.28952 ], [ 532686.98438, 6418989.36097 ], [ 532678.9759, 6418987.42937 ], [ 532669.00266, 6418989.51029 ], [ 532663.04195, 6418993.55599 ], [ 532656.04906, 6418993.61405 ], [ 532642.04668, 6418991.73222 ], [ 532644.96064, 6418981.71751 ], [ 532654.63513, 6418943.67324 ], [ 532583.74044, 6418948.25812 ], [ 532573.75889, 6418949.34006 ], [ 532587.23532, 6419008.17216 ], [ 532644.12763, 6419001.70545 ], [ 532647.30716, 6419023.65817 ], [ 532648.31445, 6419024.64886 ] ] ] ] } },
{ "type": "Feature", "properties": { "COMMUNE": "Pezuls", "COMMUNAUTE": "CC des Bastides Dordogne Périgord", "INSEE_COMM": 24327, "ID_CDECOMM": 21, "SURFACE_UR": 0.6533, "COVISIBILI": "non", "SITUATION_": "clairiere", "SITUATION1": "pente" }, "geometry": { "type": "MultiPolygon", "coordinates": [ [ [ [ 527672.60907, 6424386.91018 ], [ 527640.88213, 6424416.14609 ], [ 527673.15669, 6424452.84325 ], [ 527676.17024, 6424454.81635 ], [ 527677.20241, 6424458.804 ], [ 527698.30558, 6424473.61467 ], [ 527704.32439, 6424476.56188 ], [ 527702.35961, 6424480.57441 ], [ 527697.35638, 6424479.61688 ], [ 527695.40819, 6424485.62738 ], [ 527731.46296, 6424496.31774 ], [ 527732.42876, 6424492.3135 ], [ 527745.40728, 6424491.20673 ], [ 527744.36681, 6424486.22009 ], [ 527746.315, 6424480.2096 ], [ 527760.3008, 6424480.09352 ], [ 527760.27591, 6424477.09656 ], [ 527759.27693, 6424477.10485 ], [ 527755.19801, 6424467.14816 ], [ 527757.19598, 6424467.13158 ], [ 527762.16602, 6424464.09316 ], [ 527779.0907, 6424456.95931 ], [ 527785.05973, 6424453.91261 ], [ 527784.04415, 6424451.92293 ], [ 527793.01013, 6424448.85135 ], [ 527785.85958, 6424429.92866 ], [ 527768.97638, 6424442.05744 ], [ 527750.99463, 6424442.20668 ], [ 527744.95923, 6424437.2615 ], [ 527711.96779, 6424434.53815 ], [ 527694.81079, 6424413.7004 ], [ 527672.60907, 6424386.91018 ] ] ] ] } },
{ "type": "Feature", "properties": { "COMMUNE": "Le Buisson-de-Cadouin", "COMMUNAUTE": "CC des Bastides Dordogne Périgord", "INSEE_COMM": 24068, "ID_CDECOMM": 21, "SURFACE_UR": 0.77495, "COVISIBILI": "non", "SITUATION_": "non boise", "SITUATION1": "vallee" }, "geometry": { "type": "MultiPolygon", "coordinates": [ [ [ [ 534636.10071, 6419105.05084 ], [ 534628.98331, 6419090.12417 ], [ 534622.85659, 6419074.19022 ], [ 534617.75377, 6419061.24492 ], [ 534620.74243, 6419060.22106 ], [ 534664.58166, 6419045.87035 ], [ 534703.45085, 6419034.55806 ], [ 534667.30474, 6419012.87906 ], [ 534647.20881, 6418999.0592 ], [ 534642.18068, 6418995.10474 ], [ 534611.0627, 6418977.3802 ], [ 534605.07707, 6418978.42894 ], [ 534585.13054, 6418982.59076 ], [ 534588.20219, 6418991.55672 ], [ 534587.1949, 6418990.56603 ], [ 534557.29999, 6418999.8057 ], [ 534562.46092, 6419019.74387 ], [ 534593.36311, 6419011.49489 ], [ 534596.36007, 6419011.47 ], [ 534606.53253, 6419033.36466 ], [ 534583.60563, 6419039.54933 ], [ 534582.60664, 6419039.55762 ], [ 534582.61494, 6419040.5566 ], [ 534588.78315, 6419061.48546 ], [ 534601.19426, 6419112.33402 ], [ 534636.10071, 6419105.05084 ] ] ] ] } },
{ "type": "Feature", "properties": { "COMMUNE": "Le Buisson-de-Cadouin", "COMMUNAUTE": "CC des Bastides Dordogne Périgord", "INSEE_COMM": 24068, "ID_CDECOMM": 21, "SURFACE_UR": 0.8481, "COVISIBILI": "non", "SITUATION_": "non boise", "SITUATION1": "vallee" }, "geometry": { "type": "MultiPolygon", "coordinates": [ [ [ [ 534118.98546, 6419032.41734 ], [ 534166.88703, 6419026.02534 ], [ 534163.68258, 6419001.07567 ], [ 534171.66618, 6419000.01033 ], [ 534175.66213, 6418999.97715 ], [ 534174.59675, 6418991.99359 ], [ 534173.56456, 6418988.00596 ], [ 534181.54816, 6418986.94062 ], [ 534236.45094, 6418981.48953 ], [ 534214.00847, 6418925.72901 ], [ 534196.64392, 6418879.91684 ], [ 534177.86236, 6418904.04999 ], [ 534158.115, 6418932.18737 ], [ 534144.27857, 6418950.28517 ], [ 534121.62555, 6418989.43623 ], [ 534119.66907, 6418994.44773 ], [ 534111.82656, 6419012.49576 ], [ 534111.90126, 6419021.4866 ], [ 534112.92514, 6419024.47525 ], [ 534118.98546, 6419032.41734 ] ] ] ] } },
{ "type": "Feature", "properties": { "COMMUNE": "Le Buisson-de-Cadouin", "COMMUNAUTE": "CC des Bastides Dordogne Périgord", "INSEE_COMM": 24068, "ID_CDECOMM": 21, "SURFACE_UR": 2.06575, "COVISIBILI": "non", "SITUATION_": "non boise", "SITUATION1": "vallee" }, "geometry": { "type": "MultiPolygon", "coordinates": [ [ [ [ 534787.66453, 6419069.82468 ], [ 534786.68214, 6419071.83094 ], [ 534858.96607, 6419114.18996 ], [ 534923.22491, 6419152.6194 ], [ 534929.21883, 6419152.56964 ], [ 534939.2004, 6419151.48771 ], [ 534926.79758, 6419101.63814 ], [ 534917.49132, 6419063.75147 ], [ 534904.23061, 6419030.89289 ], [ 534896.06442, 6419009.98063 ], [ 534873.63854, 6418956.21808 ], [ 534856.29059, 6418912.40388 ], [ 534848.33189, 6418916.46616 ], [ 534792.63761, 6418946.90012 ], [ 534799.76331, 6418962.82577 ], [ 534808.92018, 6418982.73076 ], [ 534766.13804, 6419004.06605 ], [ 534766.14634, 6419005.06503 ], [ 534774.20463, 6419012.99053 ], [ 534780.26494, 6419020.93262 ], [ 534782.30442, 6419025.91094 ], [ 534783.3366, 6419029.89857 ], [ 534786.44145, 6419042.86046 ], [ 534788.54732, 6419055.83064 ], [ 534792.65116, 6419068.78422 ], [ 534787.67283, 6419070.82366 ], [ 534787.66453, 6419069.82468 ] ] ] ] } },
{ "type": "Feature", "properties": { "COMMUNE": "Trémolat", "COMMUNAUTE": "CC des Bastides Dordogne Périgord", "INSEE_COMM": 24558, "ID_CDECOMM": 21, "SURFACE_UR": 2.19655, "COVISIBILI": "non", "SITUATION_": "non boise", "SITUATION1": "plateau plaine" }, "geometry": { "type": "MultiPolygon", "coordinates": [ [ [ [ 529196.7977, 6420613.8225 ], [ 529232.9852, 6420640.49651 ], [ 529244.84855, 6420625.41225 ], [ 529256.92764, 6420636.30156 ], [ 529261.94746, 6420639.25704 ], [ 529280.72073, 6420614.12491 ], [ 529298.47012, 6420586.00412 ], [ 529310.37496, 6420575.91478 ], [ 529314.34601, 6420572.88466 ], [ 529317.37615, 6420576.85571 ], [ 529337.22309, 6420560.70613 ], [ 529381.90358, 6420527.36653 ], [ 529398.78675, 6420515.23775 ], [ 529410.92392, 6420533.11994 ], [ 529450.66758, 6420506.81467 ], [ 529419.29245, 6420458.12158 ], [ 529415.24673, 6420452.16085 ], [ 529387.40792, 6420468.37677 ], [ 529370.50815, 6420478.50758 ], [ 529331.28221, 6420446.86353 ], [ 529303.55957, 6420477.06521 ], [ 529293.50334, 6420469.15628 ], [ 529292.49606, 6420468.16558 ], [ 529241.92953, 6420514.54172 ], [ 529213.28258, 6420553.74254 ], [ 529221.32424, 6420559.6701 ], [ 529208.5034, 6420579.75756 ], [ 529205.53133, 6420582.77939 ], [ 529201.57688, 6420587.80747 ], [ 529195.66595, 6420597.84706 ], [ 529204.7066, 6420603.76633 ], [ 529196.7977, 6420613.8225 ] ] ] ] } },
{ "type": "Feature", "properties": { "COMMUNE": "Trémolat", "COMMUNAUTE": "CC des Bastides Dordogne Périgord", "INSEE_COMM": 24558, "ID_CDECOMM": 21, "SURFACE_UR": 1.50525, "COVISIBILI": "non", "SITUATION_": "non boise", "SITUATION1": "pente" }, "geometry": { "type": "MultiPolygon", "coordinates": [ [ [ [ 529424.87219, 6421610.98158 ], [ 529430.92418, 6421617.92472 ], [ 529443.91099, 6421617.81691 ], [ 529471.15742, 6421650.55948 ], [ 529473.19688, 6421655.53781 ], [ 529472.1979, 6421655.54611 ], [ 529468.21855, 6421657.57724 ], [ 529467.21956, 6421657.58554 ], [ 529470.26631, 6421663.55456 ], [ 529472.28087, 6421665.53594 ], [ 529473.29645, 6421667.52562 ], [ 529471.30678, 6421668.54119 ], [ 529469.31711, 6421669.55676 ], [ 529472.36385, 6421675.52578 ], [ 529476.3432, 6421673.49464 ], [ 529477.33388, 6421672.48737 ], [ 529483.37758, 6421678.43152 ], [ 529486.39113, 6421680.40461 ], [ 529492.43483, 6421686.34875 ], [ 529493.42552, 6421685.34148 ], [ 529497.47955, 6421692.30119 ], [ 529498.52002, 6421697.28782 ], [ 529499.5522, 6421701.27546 ], [ 529498.5947, 6421706.27868 ], [ 529506.72765, 6421723.19506 ], [ 529513.75373, 6421727.13295 ], [ 529525.68347, 6421720.04055 ], [ 529527.67314, 6421719.02498 ], [ 529525.64198, 6421715.04563 ], [ 529523.65231, 6421716.0612 ], [ 529516.54324, 6421702.13347 ], [ 529521.48008, 6421695.09912 ], [ 529535.43269, 6421690.98709 ], [ 529537.33108, 6421678.9827 ], [ 529544.2493, 6421669.93379 ], [ 529547.18817, 6421662.91603 ], [ 529546.17259, 6421660.92635 ], [ 529536.81662, 6421617.0457 ], [ 529535.72635, 6421606.06517 ], [ 529532.58004, 6421588.10834 ], [ 529533.56243, 6421586.10208 ], [ 529538.48267, 6421577.06976 ], [ 529526.40357, 6421566.18045 ], [ 529521.35886, 6421560.22801 ], [ 529480.2594, 6421543.58528 ], [ 529477.31224, 6421549.60407 ], [ 529473.2997, 6421547.63927 ], [ 529471.31833, 6421549.65382 ], [ 529465.35761, 6421553.69951 ], [ 529464.25905, 6421541.72 ], [ 529439.28442, 6421541.92731 ], [ 529431.28424, 6421540.99467 ], [ 529395.32077, 6421541.2932 ], [ 529390.32584, 6421541.33467 ], [ 529399.41629, 6421553.24784 ], [ 529395.44524, 6421556.27796 ], [ 529387.51974, 6421564.33617 ], [ 529406.69131, 6421587.15524 ], [ 529409.72145, 6421591.1263 ], [ 529410.72874, 6421592.11699 ], [ 529421.80885, 6421603.01459 ], [ 529423.83171, 6421605.99496 ], [ 529421.85034, 6421608.00951 ], [ 529424.87219, 6421610.98158 ] ] ] ] } },
{ "type": "Feature", "properties": { "COMMUNE": "Trémolat", "COMMUNAUTE": "CC des Bastides Dordogne Périgord", "INSEE_COMM": 24558, "ID_CDECOMM": 21, "SURFACE_UR": 5.1601, "COVISIBILI": "non", "SITUATION_": "boise", "SITUATION1": "pente" }, "geometry": { "type": "MultiPolygon", "coordinates": [ [ [ [ 527342.72633, 6423521.46984 ], [ 527364.62934, 6423512.29657 ], [ 527371.59735, 6423509.24158 ], [ 527395.51493, 6423502.0497 ], [ 527404.48921, 6423499.97711 ], [ 527420.45639, 6423497.84648 ], [ 527447.41241, 6423495.62466 ], [ 527471.53742, 6423513.4074 ], [ 527473.54369, 6423514.38981 ], [ 527475.30934, 6423486.40164 ], [ 527476.23365, 6423477.40248 ], [ 527477.23263, 6423477.39419 ], [ 527493.2413, 6423480.25849 ], [ 527513.22931, 6423481.09166 ], [ 527535.207, 6423480.90925 ], [ 527563.1786, 6423480.6771 ], [ 527569.18081, 6423481.62634 ], [ 527576.18201, 6423482.56729 ], [ 527582.19252, 6423484.51551 ], [ 527603.27079, 6423496.32922 ], [ 527639.77692, 6423441.07827 ], [ 527641.7583, 6423439.06371 ], [ 527645.70446, 6423433.03664 ], [ 527662.82827, 6423449.87844 ], [ 527670.87823, 6423456.805 ], [ 527673.87519, 6423456.78013 ], [ 527702.44751, 6423408.5884 ], [ 527710.88247, 6423341.58178 ], [ 527711.85656, 6423338.57654 ], [ 527636.89944, 6423335.20244 ], [ 527564.78163, 6423312.82274 ], [ 527458.11417, 6423340.68248 ], [ 527455.10892, 6423339.70837 ], [ 527422.1175, 6423336.98502 ], [ 527412.21061, 6423347.05778 ], [ 527399.29847, 6423356.15643 ], [ 527382.44017, 6423371.28215 ], [ 527377.47843, 6423375.31954 ], [ 527372.52499, 6423380.35592 ], [ 527368.57883, 6423386.383 ], [ 527396.74126, 6423409.1275 ], [ 527391.79612, 6423415.16287 ], [ 527378.92546, 6423429.25644 ], [ 527373.92224, 6423428.29891 ], [ 527342.97857, 6423431.55289 ], [ 527339.98161, 6423431.57776 ], [ 527333.0136, 6423434.63275 ], [ 527319.16055, 6423450.73258 ], [ 527314.20711, 6423455.76896 ], [ 527336.70752, 6423518.52263 ], [ 527337.7065, 6423518.51433 ], [ 527342.72633, 6423521.46984 ] ] ] ] } },
{ "type": "Feature", "properties": { "COMMUNE": "Trémolat", "COMMUNAUTE": "CC des Bastides Dordogne Périgord", "INSEE_COMM": 24558, "ID_CDECOMM": 21, "SURFACE_UR": 6.4926, "COVISIBILI": "non", "SITUATION_": "non boise", "SITUATION1": "vallee" }, "geometry": { "type": "MultiPolygon", "coordinates": [ [ [ [ 528971.37032, 6419935.33953 ], [ 528943.5647, 6419955.55137 ], [ 528848.27619, 6420030.27214 ], [ 528847.26891, 6420029.28145 ], [ 528842.30718, 6420033.31884 ], [ 528823.44263, 6420047.46215 ], [ 528836.5539, 6420062.33909 ], [ 528853.6943, 6420081.17879 ], [ 528802.13708, 6420128.56217 ], [ 528793.2126, 6420136.62866 ], [ 528789.24155, 6420139.65878 ], [ 528786.27779, 6420143.67959 ], [ 528783.29743, 6420145.70243 ], [ 528772.43306, 6420160.77838 ], [ 528766.51383, 6420169.81898 ], [ 528759.61221, 6420180.86583 ], [ 528752.72718, 6420193.91066 ], [ 528734.06178, 6420232.02955 ], [ 528735.17693, 6420246.00702 ], [ 528737.5151, 6420286.94873 ], [ 528737.68935, 6420307.92737 ], [ 528732.03565, 6420348.93541 ], [ 528729.15486, 6420362.94605 ], [ 528718.27389, 6420376.02404 ], [ 528724.30099, 6420379.97022 ], [ 528732.23479, 6420372.911 ], [ 528745.11372, 6420359.81643 ], [ 528750.07546, 6420355.77904 ], [ 528763.94508, 6420341.67719 ], [ 528775.84162, 6420330.58887 ], [ 528796.65435, 6420310.43508 ], [ 528815.4857, 6420292.29583 ], [ 528816.47639, 6420291.28856 ], [ 528828.36464, 6420279.20126 ], [ 528836.29843, 6420272.14204 ], [ 528843.23324, 6420265.09112 ], [ 528808.01985, 6420235.41186 ], [ 528832.77873, 6420209.231 ], [ 528878.31714, 6420158.90042 ], [ 528900.12886, 6420138.73834 ], [ 528921.94057, 6420118.57626 ], [ 528934.83609, 6420107.47965 ], [ 528951.69437, 6420092.35394 ], [ 529007.3139, 6420052.92924 ], [ 529037.1009, 6420030.70285 ], [ 529102.64389, 6419983.20337 ], [ 529127.46086, 6419964.01539 ], [ 529134.41226, 6419958.96243 ], [ 529141.37196, 6419954.90845 ], [ 529156.26546, 6419943.79526 ], [ 529162.18469, 6419934.75466 ], [ 529167.13812, 6419929.71829 ], [ 529171.07597, 6419922.69224 ], [ 529181.05752, 6419921.61033 ], [ 529200.31206, 6419954.4192 ], [ 529216.51985, 6419981.25905 ], [ 529245.37424, 6419967.03281 ], [ 529247.4054, 6419971.01215 ], [ 529278.24946, 6419955.77035 ], [ 529283.21949, 6419952.73194 ], [ 529278.14159, 6419942.78357 ], [ 529275.07825, 6419934.81659 ], [ 529269.99205, 6419923.86924 ], [ 529259.79476, 6419898.97761 ], [ 529249.63896, 6419879.08088 ], [ 529246.61711, 6419876.10881 ], [ 529242.61288, 6419875.143 ], [ 529238.61694, 6419875.17617 ], [ 529213.7087, 6419883.37534 ], [ 529205.73342, 6419885.43965 ], [ 529176.78776, 6419888.67708 ], [ 529173.73272, 6419881.70908 ], [ 529166.59047, 6419863.78544 ], [ 529159.44822, 6419845.8618 ], [ 529087.77855, 6419877.42732 ], [ 529089.82631, 6419883.40463 ], [ 529094.9208, 6419895.35095 ], [ 529072.01884, 6419904.53252 ], [ 529061.08809, 6419911.61662 ], [ 529045.18731, 6419921.73912 ], [ 529017.38169, 6419941.95096 ], [ 528991.56575, 6419961.14723 ], [ 528983.49919, 6419952.22272 ], [ 528982.48361, 6419950.23305 ], [ 528971.37032, 6419935.33953 ] ] ] ] } },
{ "type": "Feature", "properties": { "COMMUNE": "Trémolat", "COMMUNAUTE": "CC des Bastides Dordogne Périgord", "INSEE_COMM": 24558, "ID_CDECOMM": 21, "SURFACE_UR": 5.2905, "COVISIBILI": "non", "SITUATION_": "clairiere", "SITUATION1": "plateau plaine" }, "geometry": { "type": "MultiPolygon", "coordinates": [ [ [ [ 529638.8981, 6420315.4323 ], [ 529658.73673, 6420298.28373 ], [ 529679.06494, 6420340.07515 ], [ 529682.0453, 6420338.05231 ], [ 529694.96572, 6420329.95264 ], [ 529701.91712, 6420324.89968 ], [ 529704.90578, 6420323.87581 ], [ 529745.65671, 6420298.56123 ], [ 529777.44996, 6420277.31722 ], [ 529806.27116, 6420259.09504 ], [ 529814.22155, 6420254.03378 ], [ 529818.19259, 6420251.00366 ], [ 529820.18226, 6420249.98809 ], [ 529837.07373, 6420238.8583 ], [ 529847.01379, 6420232.78147 ], [ 529851.98382, 6420229.74306 ], [ 529861.91558, 6420222.66725 ], [ 529873.84531, 6420215.57485 ], [ 529885.76674, 6420207.48347 ], [ 529920.18032, 6420261.14658 ], [ 529937.42859, 6420292.97305 ], [ 529946.55222, 6420308.88214 ], [ 529954.50261, 6420303.82088 ], [ 530020.09539, 6420262.31524 ], [ 530039.96721, 6420249.16261 ], [ 530011.38159, 6420175.47008 ], [ 530009.35042, 6420171.49074 ], [ 530002.36583, 6420172.54777 ], [ 529991.3687, 6420171.64001 ], [ 529976.35074, 6420167.76848 ], [ 529979.46386, 6420181.72936 ], [ 529948.54512, 6420187.98034 ], [ 529943.44232, 6420175.03503 ], [ 529941.38627, 6420168.05874 ], [ 529940.37069, 6420166.06906 ], [ 529867.49459, 6420172.66835 ], [ 529849.23903, 6420139.85119 ], [ 529850.15504, 6420129.85307 ], [ 529854.13438, 6420127.82193 ], [ 529852.88646, 6420097.86075 ], [ 529881.82382, 6420093.62432 ], [ 529893.82824, 6420095.52277 ], [ 529896.60114, 6420068.52535 ], [ 529851.60534, 6420063.90363 ], [ 529815.72487, 6420074.192 ], [ 529785.82171, 6420082.43265 ], [ 529781.7262, 6420070.47803 ], [ 529758.85743, 6420083.65554 ], [ 529750.89874, 6420087.71782 ], [ 529741.94937, 6420092.78737 ], [ 529733.99898, 6420097.84862 ], [ 529730.95224, 6420091.8796 ], [ 529710.04824, 6420101.0446 ], [ 529714.11056, 6420109.00329 ], [ 529737.48551, 6420156.76373 ], [ 529706.72443, 6420181.99537 ], [ 529662.01905, 6420212.33804 ], [ 529634.27152, 6420239.54277 ], [ 529609.50435, 6420264.72466 ], [ 529633.84509, 6420308.48088 ], [ 529638.8981, 6420315.4323 ] ] ] ] } },
{ "type": "Feature", "properties": { "COMMUNE": "Alles-sur-Dordogne", "COMMUNAUTE": "CC des Bastides Dordogne Périgord", "INSEE_COMM": 24005, "ID_CDECOMM": 21, "SURFACE_UR": 9.23215, "COVISIBILI": "non", "SITUATION_": "non boise", "SITUATION1": "vallee" }, "geometry": { "type": "MultiPolygon", "coordinates": [ [ [ [ 531823.13011, 6420231.36128 ], [ 531783.93735, 6420203.71324 ], [ 531746.69276, 6420170.05471 ], [ 531731.58351, 6420155.19438 ], [ 531726.58029, 6420154.23687 ], [ 531721.59366, 6420155.27733 ], [ 531715.60805, 6420156.32608 ], [ 531690.71642, 6420166.52326 ], [ 531669.82073, 6420176.68727 ], [ 531634.02325, 6420196.96553 ], [ 531529.69218, 6420024.99581 ], [ 531570.46798, 6420002.67812 ], [ 531585.36977, 6419992.56388 ], [ 531596.29221, 6419984.48078 ], [ 531586.17789, 6419969.57898 ], [ 531580.0927, 6419958.63994 ], [ 531574.0324, 6419950.69784 ], [ 531546.2351, 6419971.90872 ], [ 531525.02406, 6419944.11138 ], [ 531511.97087, 6419936.22734 ], [ 531434.41837, 6419860.94331 ], [ 531401.70913, 6419892.18548 ], [ 531422.86208, 6419912.98994 ], [ 531423.85276, 6419911.98267 ], [ 531434.90798, 6419919.88329 ], [ 531458.0423, 6419938.6732 ], [ 531464.0943, 6419945.61631 ], [ 531471.14528, 6419952.55113 ], [ 531481.2596, 6419967.45293 ], [ 531492.51399, 6419999.32914 ], [ 531500.48927, 6419997.26482 ], [ 531513.79141, 6420035.11834 ], [ 531497.00783, 6420059.23493 ], [ 531520.37451, 6420105.99635 ], [ 531464.62223, 6420129.43743 ], [ 531487.1144, 6420191.1919 ], [ 531519.98131, 6420178.9304 ], [ 531530.16203, 6420201.82406 ], [ 531549.08465, 6420194.67359 ], [ 531571.42745, 6420238.44637 ], [ 531471.79452, 6420271.24324 ], [ 531489.19219, 6420321.05139 ], [ 531516.91164, 6420410.73592 ], [ 531536.26578, 6420455.53256 ], [ 531592.00977, 6420431.09249 ], [ 531609.39914, 6420479.90166 ], [ 531667.1245, 6420453.44703 ], [ 531671.18682, 6420461.40572 ], [ 531695.07948, 6420451.21683 ], [ 531718.7698, 6420536.9386 ], [ 531725.99505, 6420564.85207 ], [ 531749.87111, 6420552.66521 ], [ 531777.66012, 6420530.45534 ], [ 531678.89141, 6420306.4887 ], [ 531669.75118, 6420288.58166 ], [ 531676.71918, 6420285.52665 ], [ 531655.34217, 6420237.74965 ], [ 531686.16962, 6420220.50981 ], [ 531726.51074, 6420266.13125 ], [ 531755.22404, 6420234.92225 ], [ 531897.99273, 6420343.63256 ], [ 531921.65301, 6420305.47214 ], [ 531911.59678, 6420297.56322 ], [ 531823.13011, 6420231.36128 ] ] ] ] } },
{ "type": "Feature", "properties": { "COMMUNE": "Le Buisson-de-Cadouin", "COMMUNAUTE": "CC des Bastides Dordogne Périgord", "INSEE_COMM": 24068, "ID_CDECOMM": 21, "SURFACE_UR": 3.0826, "COVISIBILI": "oui", "SITUATION_": "non boise", "SITUATION1": "pente" }, "geometry": { "type": "MultiPolygon", "coordinates": [ [ [ [ 533394.10663, 6419325.16464 ], [ 533407.94303, 6419307.06682 ], [ 533412.90475, 6419303.02941 ], [ 533427.65714, 6419274.93347 ], [ 533443.40852, 6419246.82923 ], [ 533456.17954, 6419220.74785 ], [ 533469.95785, 6419195.65715 ], [ 533476.85115, 6419183.6113 ], [ 533479.79001, 6419176.59354 ], [ 533492.51123, 6419144.51826 ], [ 533501.35271, 6419126.46192 ], [ 533527.03583, 6419091.28185 ], [ 533527.98502, 6419085.27966 ], [ 533518.79498, 6419061.37875 ], [ 533510.76991, 6419057.44919 ], [ 533496.68454, 6419045.57754 ], [ 533487.63559, 6419038.65933 ], [ 533470.56986, 6419028.81054 ], [ 533448.60051, 6419029.99202 ], [ 533445.54546, 6419023.02404 ], [ 533467.28244, 6418993.87105 ], [ 533477.1395, 6418977.80438 ], [ 533494.88054, 6418948.68457 ], [ 533502.78113, 6418937.62941 ], [ 533475.71726, 6418926.86459 ], [ 533473.71929, 6418926.88118 ], [ 533483.45186, 6418895.82978 ], [ 533504.26455, 6418875.67593 ], [ 533507.2449, 6418873.65308 ], [ 533550.85165, 6418831.33082 ], [ 533516.62891, 6418800.64443 ], [ 533503.74171, 6418812.74006 ], [ 533479.97356, 6418837.91371 ], [ 533456.11412, 6418852.09855 ], [ 533446.16578, 6418857.17642 ], [ 533439.18949, 6418859.23246 ], [ 533433.20388, 6418860.28121 ], [ 533425.2203, 6418861.34656 ], [ 533421.78041, 6418928.31154 ], [ 533398.67619, 6419033.40375 ], [ 533409.64842, 6419031.31454 ], [ 533438.61066, 6419030.07498 ], [ 533441.60762, 6419030.05009 ], [ 533436.67909, 6419038.08343 ], [ 533432.98192, 6419074.07997 ], [ 533430.15095, 6419094.0845 ], [ 533426.28779, 6419110.1014 ], [ 533418.64448, 6419152.12502 ], [ 533417.74509, 6419164.1211 ], [ 533413.91513, 6419184.13393 ], [ 533409.25217, 6419224.1347 ], [ 533404.53942, 6419258.14157 ], [ 533399.68558, 6419275.16575 ], [ 533396.81311, 6419290.17537 ], [ 533392.98316, 6419310.1882 ], [ 533391.10138, 6419324.19054 ], [ 533394.10663, 6419325.16464 ] ] ] ] } },
{ "type": "Feature", "properties": { "COMMUNE": "Pezuls", "COMMUNAUTE": "CC des Bastides Dordogne Périgord", "INSEE_COMM": 24327, "ID_CDECOMM": 21, "SURFACE_UR": 1.2958, "COVISIBILI": "non", "SITUATION_": "non boise", "SITUATION1": "plateau plaine" }, "geometry": { "type": "MultiPolygon", "coordinates": [ [ [ [ 528359.04895, 6426682.04029 ], [ 528432.60052, 6426636.47226 ], [ 528434.5902, 6426635.45669 ], [ 528431.58493, 6426634.48257 ], [ 528420.56285, 6426630.57782 ], [ 528420.56285, 6426630.57782 ], [ 528416.5503, 6426628.61301 ], [ 528415.55131, 6426628.6213 ], [ 528403.53854, 6426625.72383 ], [ 528385.53185, 6426622.8761 ], [ 528384.53286, 6426622.88439 ], [ 528378.52233, 6426620.93616 ], [ 528346.50489, 6426615.20754 ], [ 528337.49739, 6426613.28418 ], [ 528337.49739, 6426613.28418 ], [ 528329.48888, 6426611.35253 ], [ 528313.48017, 6426608.48822 ], [ 528308.47692, 6426607.53069 ], [ 528302.46639, 6426605.58246 ], [ 528299.46112, 6426604.60834 ], [ 528298.45383, 6426603.61765 ], [ 528295.44027, 6426601.64454 ], [ 528291.41941, 6426598.68074 ], [ 528288.39754, 6426595.70865 ], [ 528287.39855, 6426595.71694 ], [ 528285.38397, 6426593.73554 ], [ 528277.33395, 6426586.80895 ], [ 528265.26308, 6426576.91856 ], [ 528256.23068, 6426571.99823 ], [ 528227.04418, 6426546.26497 ], [ 528197.79958, 6426513.53878 ], [ 528183.28793, 6426570.6055 ], [ 528222.58053, 6426610.24169 ], [ 528257.69454, 6426627.9333 ], [ 528256.85328, 6426646.92238 ], [ 528272.8371, 6426646.78972 ], [ 528272.82879, 6426645.79074 ], [ 528277.84034, 6426647.74726 ], [ 528357.03437, 6426680.0589 ], [ 528359.04895, 6426682.04029 ] ] ] ] } },
{ "type": "Feature", "properties": { "COMMUNE": "Trémolat", "COMMUNAUTE": "CC des Bastides Dordogne Périgord", "INSEE_COMM": 24558, "ID_CDECOMM": 21, "SURFACE_UR": 1.0216, "COVISIBILI": "non", "SITUATION_": "boise", "SITUATION1": "plateau plaine" }, "geometry": { "type": "MultiPolygon", "coordinates": [ [ [ [ 529555.74678, 6420408.03532 ], [ 529578.62386, 6420395.85679 ], [ 529582.57831, 6420390.8287 ], [ 529595.51532, 6420384.727 ], [ 529589.43014, 6420373.78794 ], [ 529581.31379, 6420358.86954 ], [ 529580.30651, 6420357.87885 ], [ 529576.26078, 6420351.91812 ], [ 529593.14395, 6420339.78935 ], [ 529569.82709, 6420299.02179 ], [ 529556.64114, 6420275.15401 ], [ 529519.84466, 6420295.44049 ], [ 529516.856, 6420296.46436 ], [ 529511.7781, 6420286.51599 ], [ 529479.97654, 6420306.76101 ], [ 529464.07576, 6420316.88353 ], [ 529509.68561, 6420395.43 ], [ 529537.50782, 6420377.21611 ], [ 529541.56184, 6420384.17582 ], [ 529555.74678, 6420408.03532 ] ] ] ] } },
{ "type": "Feature", "properties": { "COMMUNE": "Trémolat", "COMMUNAUTE": "CC des Bastides Dordogne Périgord", "INSEE_COMM": 24558, "ID_CDECOMM": 21, "SURFACE_UR": 1.5553, "COVISIBILI": "non", "SITUATION_": "non boise", "SITUATION1": "vallee" }, "geometry": { "type": "MultiPolygon", "coordinates": [ [ [ [ 528695.08347, 6421192.44205 ], [ 528696.1853, 6421084.53526 ], [ 528626.19826, 6421078.12282 ], [ 528624.85078, 6421036.17381 ], [ 528592.87496, 6421035.44017 ], [ 528594.0233, 6421053.41358 ], [ 528596.20382, 6421075.37463 ], [ 528599.49119, 6421110.31417 ], [ 528599.54097, 6421116.30807 ], [ 528575.57363, 6421117.50606 ], [ 528562.59512, 6421118.61284 ], [ 528545.62067, 6421119.75279 ], [ 528545.70365, 6421129.74262 ], [ 528545.75344, 6421135.73652 ], [ 528547.74311, 6421134.72095 ], [ 528547.80119, 6421141.71384 ], [ 528549.0574, 6421172.67403 ], [ 528550.16425, 6421185.65253 ], [ 528559.15512, 6421185.5779 ], [ 528570.13566, 6421184.4877 ], [ 528598.09894, 6421183.25654 ], [ 528599.1726, 6421192.2391 ], [ 528604.15923, 6421191.19866 ], [ 528607.15619, 6421191.17378 ], [ 528609.15416, 6421191.1572 ], [ 528610.15314, 6421191.14891 ], [ 528681.09768, 6421192.55814 ], [ 528695.08347, 6421192.44205 ] ] ] ] } },
{ "type": "Feature", "properties": { "COMMUNE": "Trémolat", "COMMUNAUTE": "CC des Bastides Dordogne Périgord", "INSEE_COMM": 24558, "ID_CDECOMM": 21, "SURFACE_UR": 1.2439, "COVISIBILI": "non", "SITUATION_": "non boise", "SITUATION1": "plateau plaine" }, "geometry": { "type": "MultiPolygon", "coordinates": [ [ [ [ 529345.28494, 6421050.17474 ], [ 529330.42463, 6421065.28388 ], [ 529321.50845, 6421074.34936 ], [ 529335.627, 6421090.217 ], [ 529331.66425, 6421094.2461 ], [ 529316.82884, 6421112.35219 ], [ 529304.94889, 6421125.43849 ], [ 529301.98512, 6421129.4593 ], [ 529300.98614, 6421129.46759 ], [ 529295.04201, 6421135.51125 ], [ 529260.28498, 6421160.77607 ], [ 529266.34527, 6421168.71819 ], [ 529296.64674, 6421208.42875 ], [ 529331.40377, 6421183.16393 ], [ 529334.43392, 6421187.13498 ], [ 529352.30778, 6421173.99893 ], [ 529366.45122, 6421192.86352 ], [ 529432.01914, 6421148.36094 ], [ 529430.00457, 6421146.37956 ], [ 529428.99729, 6421145.38886 ], [ 529416.8933, 6421131.50261 ], [ 529410.8413, 6421124.55948 ], [ 529409.83402, 6421123.56879 ], [ 529407.81945, 6421121.58741 ], [ 529405.80489, 6421119.60602 ], [ 529405.79659, 6421118.60704 ], [ 529405.79659, 6421118.60704 ], [ 529403.78202, 6421116.62566 ], [ 529399.7446, 6421111.66391 ], [ 529398.73731, 6421110.67322 ], [ 529397.72173, 6421108.68355 ], [ 529396.72275, 6421108.69184 ], [ 529394.69988, 6421105.71147 ], [ 529392.68532, 6421103.73009 ], [ 529383.60318, 6421092.81591 ], [ 529381.58861, 6421090.83453 ], [ 529378.55846, 6421086.86347 ], [ 529378.55846, 6421086.86347 ], [ 529375.53662, 6421083.8914 ], [ 529375.52832, 6421082.89241 ], [ 529370.4919, 6421077.93896 ], [ 529370.4919, 6421077.93896 ], [ 529364.44821, 6421071.99481 ], [ 529359.40349, 6421066.04238 ], [ 529359.40349, 6421066.04238 ], [ 529345.28494, 6421050.17474 ] ] ] ] } },
{ "type": "Feature", "properties": { "COMMUNE": "Trémolat", "COMMUNAUTE": "CC des Bastides Dordogne Périgord", "INSEE_COMM": 24558, "ID_CDECOMM": 21, "SURFACE_UR": 3.62455, "COVISIBILI": "non", "SITUATION_": "non boise", "SITUATION1": "vallee" }, "geometry": { "type": "MultiPolygon", "coordinates": [ [ [ [ 528606.20679, 6420595.7466 ], [ 528604.20882, 6420595.76319 ], [ 528600.22118, 6420596.79534 ], [ 528595.22625, 6420596.8368 ], [ 528589.22404, 6420595.88757 ], [ 528579.17611, 6420588.97761 ], [ 528566.05655, 6420573.10167 ], [ 528561.02843, 6420569.1472 ], [ 528556.0667, 6420573.18459 ], [ 528553.09464, 6420576.20642 ], [ 528547.15051, 6420582.25007 ], [ 528543.18776, 6420586.27917 ], [ 528522.35844, 6420604.435 ], [ 528529.42601, 6420613.3678 ], [ 528510.57806, 6420629.50908 ], [ 528509.58737, 6420630.51635 ], [ 528498.67321, 6420639.59841 ], [ 528498.7064, 6420643.59434 ], [ 528488.96548, 6420673.64675 ], [ 528486.0349, 6420681.66349 ], [ 528480.19865, 6420700.69392 ], [ 528471.43182, 6420727.74109 ], [ 528562.46391, 6420741.97127 ], [ 528571.46307, 6420742.89563 ], [ 528570.55536, 6420753.89273 ], [ 528569.63935, 6420763.89086 ], [ 528569.85508, 6420789.86442 ], [ 528570.99513, 6420806.83884 ], [ 528571.02832, 6420810.83477 ], [ 528572.12687, 6420822.81428 ], [ 528659.17962, 6420839.07559 ], [ 528663.74307, 6420787.087 ], [ 528664.69227, 6420781.08481 ], [ 528666.59067, 6420769.08043 ], [ 528671.35327, 6420741.06744 ], [ 528677.36377, 6420743.01566 ], [ 528749.41515, 6420757.40337 ], [ 528767.88971, 6420696.30785 ], [ 528601.65163, 6420648.73416 ], [ 528600.56138, 6420637.75364 ], [ 528602.50126, 6420630.74418 ], [ 528609.3365, 6420611.70546 ], [ 528606.20679, 6420595.7466 ] ] ] ] } },
{ "type": "Feature", "properties": { "COMMUNE": "Trémolat", "COMMUNAUTE": "CC des Bastides Dordogne Périgord", "INSEE_COMM": 24558, "ID_CDECOMM": 21, "SURFACE_UR": 1.2767, "COVISIBILI": "non", "SITUATION_": "non boise", "SITUATION1": "pente" }, "geometry": { "type": "MultiPolygon", "coordinates": [ [ [ [ 529241.95181, 6421840.28403 ], [ 529243.99127, 6421845.26236 ], [ 529244.14893, 6421864.24306 ], [ 529290.23502, 6421879.84535 ], [ 529286.08142, 6421860.89782 ], [ 529323.11026, 6421868.58287 ], [ 529324.90908, 6421844.59067 ], [ 529324.87589, 6421840.59474 ], [ 529315.83523, 6421834.67547 ], [ 529323.69435, 6421818.62538 ], [ 529336.44882, 6421790.54603 ], [ 529340.37008, 6421781.522 ], [ 529341.36907, 6421781.51371 ], [ 529342.34316, 6421778.50847 ], [ 529347.23851, 6421766.4792 ], [ 529348.2458, 6421767.46989 ], [ 529352.15876, 6421757.44688 ], [ 529353.13285, 6421754.44163 ], [ 529357.04582, 6421744.41863 ], [ 529361.96606, 6421735.38631 ], [ 529362.94015, 6421732.38106 ], [ 529358.91932, 6421729.41728 ], [ 529356.91305, 6421728.43488 ], [ 529353.93269, 6421730.45773 ], [ 529350.93573, 6421730.48261 ], [ 529349.93675, 6421730.4909 ], [ 529322.88947, 6421721.72394 ], [ 529320.85831, 6421717.74459 ], [ 529317.87795, 6421719.76744 ], [ 529304.12449, 6421747.85508 ], [ 529244.91883, 6421716.37685 ], [ 529227.26901, 6421756.48547 ], [ 529256.33086, 6421767.23381 ], [ 529241.95181, 6421840.28403 ] ] ] ] } },
{ "type": "Feature", "properties": { "COMMUNE": "Trémolat", "COMMUNAUTE": "CC des Bastides Dordogne Périgord", "INSEE_COMM": 24558, "ID_CDECOMM": 21, "SURFACE_UR": 9.63325, "COVISIBILI": "non", "SITUATION_": "non boise", "SITUATION1": "vallee" }, "geometry": { "type": "MultiPolygon", "coordinates": [ [ [ [ 528833.16291, 6422300.24448 ], [ 528803.00752, 6422398.402 ], [ 528787.98955, 6422394.53045 ], [ 528749.38591, 6422437.81016 ], [ 528732.56082, 6422456.93183 ], [ 528719.69017, 6422471.02541 ], [ 528723.7193, 6422474.98818 ], [ 528779.08668, 6422525.48033 ], [ 528809.28858, 6422553.20313 ], [ 528818.18818, 6422542.13967 ], [ 528829.19361, 6422544.04643 ], [ 528833.19785, 6422545.01224 ], [ 528834.17195, 6422542.007 ], [ 528835.15434, 6422540.00074 ], [ 528837.11912, 6422535.98821 ], [ 528841.04868, 6422527.96317 ], [ 528843.02176, 6422524.94963 ], [ 528847.942, 6422515.91731 ], [ 528849.857, 6422505.91088 ], [ 528852.82077, 6422501.89007 ], [ 528849.54999, 6422468.94846 ], [ 528850.43281, 6422454.95439 ], [ 528855.16221, 6422422.94542 ], [ 528850.13409, 6422418.99095 ], [ 528840.06956, 6422410.08301 ], [ 528840.98557, 6422400.08487 ], [ 528841.94306, 6422395.08166 ], [ 528845.88092, 6422388.0556 ], [ 528848.8032, 6422379.03986 ], [ 528858.6271, 6422358.97726 ], [ 528882.69403, 6422369.76707 ], [ 528897.74519, 6422377.63457 ], [ 528906.76925, 6422381.55587 ], [ 528936.14138, 6422309.38024 ], [ 528910.09308, 6422300.60497 ], [ 528949.99768, 6422173.39399 ], [ 528992.82129, 6422157.05368 ], [ 529014.79897, 6422156.87125 ], [ 529013.78339, 6422154.88158 ], [ 529005.75002, 6422149.95299 ], [ 528999.72291, 6422146.00681 ], [ 528997.70005, 6422143.02644 ], [ 529006.62454, 6422134.95994 ], [ 529059.20566, 6422090.56515 ], [ 529063.17671, 6422087.53502 ], [ 529087.06938, 6422077.34617 ], [ 529092.03942, 6422074.30775 ], [ 529094.01249, 6422071.29422 ], [ 529080.99249, 6422067.40608 ], [ 529078.92814, 6422059.43079 ], [ 529091.58304, 6422019.36363 ], [ 529002.45761, 6421994.12805 ], [ 528984.43438, 6421989.28239 ], [ 528968.41743, 6421985.41913 ], [ 528933.39486, 6421978.71647 ], [ 528934.36895, 6421975.71123 ], [ 528934.36065, 6421974.71224 ], [ 528922.34793, 6421971.8148 ], [ 528914.34775, 6421970.88215 ], [ 528913.39855, 6421976.88435 ], [ 528800.39705, 6421963.83558 ], [ 528801.43752, 6421968.82221 ], [ 528804.56724, 6421984.78108 ], [ 528805.6326, 6421992.76466 ], [ 528806.68137, 6421998.75027 ], [ 528806.73946, 6422005.74316 ], [ 528808.73743, 6422005.72658 ], [ 528807.79653, 6422012.72776 ], [ 528817.79468, 6422013.64382 ], [ 528818.86004, 6422021.6274 ], [ 528814.95538, 6422032.64939 ], [ 528811.0839, 6422047.66732 ], [ 528798.45389, 6422090.73144 ], [ 528792.61763, 6422109.76189 ], [ 528792.65082, 6422113.75783 ], [ 528786.64031, 6422111.80961 ], [ 528783.64336, 6422111.83449 ], [ 528782.66097, 6422113.84075 ], [ 528777.8071, 6422130.86494 ], [ 528776.83301, 6422133.87018 ], [ 528775.85891, 6422136.87543 ], [ 528749.82721, 6422130.09813 ], [ 528745.02313, 6422153.11623 ], [ 528739.23666, 6422178.14058 ], [ 528738.30405, 6422186.14075 ], [ 528746.31253, 6422188.07238 ], [ 528745.33014, 6422190.07864 ], [ 528740.55095, 6422216.09369 ], [ 528738.54468, 6422215.11129 ], [ 528738.56128, 6422217.10926 ], [ 528729.55381, 6422215.18592 ], [ 528729.53722, 6422213.18795 ], [ 528719.53077, 6422211.2729 ], [ 528713.7443, 6422236.29726 ], [ 528709.88112, 6422252.31418 ], [ 528707.96612, 6422262.3206 ], [ 528705.07703, 6422275.33228 ], [ 528789.11627, 6422289.62051 ], [ 528796.14236, 6422293.5584 ], [ 528831.15664, 6422299.26208 ], [ 528833.16291, 6422300.24448 ] ] ] ] } },
{ "type": "Feature", "properties": { "COMMUNE": "Trémolat", "COMMUNAUTE": "CC des Bastides Dordogne Périgord", "INSEE_COMM": 24558, "ID_CDECOMM": 21, "SURFACE_UR": 2.0681, "COVISIBILI": "non", "SITUATION_": "non boise", "SITUATION1": "pente" }, "geometry": { "type": "MultiPolygon", "coordinates": [ [ [ [ 528900.75044, 6422378.60867 ], [ 528897.74519, 6422377.63457 ], [ 528882.69403, 6422369.76707 ], [ 528858.6271, 6422358.97726 ], [ 528854.69754, 6422367.0023 ], [ 528848.8032, 6422379.03986 ], [ 528845.88092, 6422388.0556 ], [ 528841.94306, 6422395.08166 ], [ 528840.98557, 6422400.08487 ], [ 528840.06956, 6422410.08301 ], [ 528850.13409, 6422418.99095 ], [ 528855.16221, 6422422.94542 ], [ 528850.43281, 6422454.95439 ], [ 528849.54999, 6422468.94846 ], [ 528852.82077, 6422501.89007 ], [ 528849.857, 6422505.91088 ], [ 528847.942, 6422515.91731 ], [ 528843.02176, 6422524.94963 ], [ 528841.04868, 6422527.96317 ], [ 528837.11912, 6422535.98821 ], [ 528835.15434, 6422540.00074 ], [ 528834.17195, 6422542.007 ], [ 528833.19785, 6422545.01224 ], [ 528829.19361, 6422544.04643 ], [ 528818.18818, 6422542.13967 ], [ 528809.28858, 6422553.20313 ], [ 528818.34583, 6422561.12038 ], [ 528811.4691, 6422575.1642 ], [ 528802.61929, 6422592.22157 ], [ 528803.78423, 6422612.19297 ], [ 528803.82572, 6422617.18789 ], [ 528799.84637, 6422619.21903 ], [ 528781.90612, 6422624.36321 ], [ 528767.9784, 6422631.47219 ], [ 528761.04359, 6422638.52312 ], [ 528762.05917, 6422640.5128 ], [ 528766.0966, 6422645.47455 ], [ 528773.19737, 6422658.40331 ], [ 528775.22023, 6422661.38368 ], [ 528789.15624, 6422655.27368 ], [ 528789.13965, 6422653.27571 ], [ 528798.09733, 6422649.20515 ], [ 528798.10562, 6422650.20413 ], [ 528804.08294, 6422648.15641 ], [ 528805.04044, 6422643.1532 ], [ 528815.9629, 6422635.07011 ], [ 528831.8471, 6422622.94962 ], [ 528827.80137, 6422616.98888 ], [ 528825.7868, 6422615.00749 ], [ 528822.74006, 6422609.03846 ], [ 528826.67792, 6422602.0124 ], [ 528833.52976, 6422584.97162 ], [ 528834.49555, 6422580.96739 ], [ 528836.43544, 6422573.95792 ], [ 528839.35772, 6422564.94218 ], [ 528845.36823, 6422566.8904 ], [ 528878.39283, 6422573.60965 ], [ 528906.42251, 6422580.37036 ], [ 528907.33022, 6422569.37324 ], [ 528909.3033, 6422566.3597 ], [ 528913.24116, 6422559.33364 ], [ 528905.12481, 6422544.41521 ], [ 528914.90722, 6422519.35768 ], [ 528896.8674, 6422512.51404 ], [ 528908.72246, 6422496.43079 ], [ 528887.6359, 6422483.61812 ], [ 528885.61304, 6422480.63776 ], [ 528889.526, 6422470.61474 ], [ 528894.41306, 6422457.58648 ], [ 528898.32603, 6422447.56347 ], [ 528903.25457, 6422439.53014 ], [ 528906.23493, 6422437.50729 ], [ 528939.07699, 6422422.24888 ], [ 528949.04195, 6422419.16901 ], [ 528955.98506, 6422413.11706 ], [ 528958.94883, 6422409.09624 ], [ 528959.94781, 6422409.08795 ], [ 528966.85774, 6422399.04006 ], [ 528966.84944, 6422398.04108 ], [ 528967.83183, 6422396.03482 ], [ 528970.83708, 6422397.00892 ], [ 528974.72515, 6422383.98896 ], [ 528975.58308, 6422366.99793 ], [ 528977.45658, 6422351.99658 ], [ 528976.4493, 6422351.00589 ], [ 528970.43879, 6422349.05768 ], [ 528958.40118, 6422343.16328 ], [ 528961.34005, 6422336.14551 ], [ 528956.31194, 6422332.19103 ], [ 528948.27856, 6422327.26245 ], [ 528950.16867, 6422314.25907 ], [ 528936.14138, 6422309.38024 ], [ 528910.69051, 6422372.53185 ], [ 528900.75044, 6422378.60867 ], [ 528900.75044, 6422378.60867 ] ] ] ] } },
{ "type": "Feature", "properties": { "COMMUNE": "Trémolat", "COMMUNAUTE": "CC des Bastides Dordogne Périgord", "INSEE_COMM": 24558, "ID_CDECOMM": 21, "SURFACE_UR": 13.4951, "COVISIBILI": "non", "SITUATION_": "non boise", "SITUATION1": "vallee" }, "geometry": { "type": "MultiPolygon", "coordinates": [ [ [ [ 528608.82112, 6422714.71564 ], [ 528639.53244, 6422683.49006 ], [ 528601.33036, 6422654.83461 ], [ 528558.72248, 6422697.14851 ], [ 528552.6373, 6422686.20943 ], [ 528593.18083, 6422635.92023 ], [ 528576.08191, 6422622.07541 ], [ 528575.09122, 6422623.08269 ], [ 528542.48149, 6422666.31266 ], [ 528425.08574, 6422605.34576 ], [ 528451.58539, 6422548.17977 ], [ 528508.7184, 6422570.68378 ], [ 528520.64815, 6422563.59138 ], [ 528527.37553, 6422531.56584 ], [ 528548.4206, 6422539.38358 ], [ 528565.04656, 6422496.28629 ], [ 528578.75854, 6422463.20372 ], [ 528567.73651, 6422459.29899 ], [ 528571.70756, 6422456.26887 ], [ 528581.61444, 6422446.19611 ], [ 528586.56788, 6422441.15972 ], [ 528591.5628, 6422441.11827 ], [ 528598.564, 6422442.05921 ], [ 528622.56454, 6422444.85715 ], [ 528626.57708, 6422446.82195 ], [ 528633.58658, 6422448.76188 ], [ 528642.61893, 6422453.68217 ], [ 528655.68042, 6422462.56524 ], [ 528664.74597, 6422471.48147 ], [ 528665.72006, 6422468.47622 ], [ 528706.98046, 6422384.21327 ], [ 528673.99734, 6422382.48894 ], [ 528653.01035, 6422381.66409 ], [ 528628.01912, 6422379.87342 ], [ 528627.02843, 6422380.88069 ], [ 528596.02669, 6422377.14181 ], [ 528584.03057, 6422376.24233 ], [ 528565.02495, 6422373.40292 ], [ 528547.03491, 6422372.55319 ], [ 528528.0293, 6422369.71378 ], [ 528529.95259, 6422360.70634 ], [ 528504.95306, 6422357.91668 ], [ 528505.88567, 6422349.91652 ], [ 528507.70109, 6422327.92228 ], [ 528508.66689, 6422323.91805 ], [ 528509.62439, 6422318.91483 ], [ 528489.61149, 6422315.08473 ], [ 528482.61029, 6422314.14379 ], [ 528479.7129, 6422326.15648 ], [ 528475.82483, 6422339.17644 ], [ 528473.00212, 6422360.17999 ], [ 528472.06952, 6422368.18016 ], [ 528471.09542, 6422371.1854 ], [ 528470.15452, 6422378.18658 ], [ 528469.23021, 6422387.18573 ], [ 528463.75075, 6422449.17252 ], [ 528462.79325, 6422454.17573 ], [ 528460.97782, 6422476.16997 ], [ 528461.0442, 6422484.16184 ], [ 528460.1116, 6422492.16201 ], [ 528457.32208, 6422517.1615 ], [ 528456.35628, 6422521.16573 ], [ 528455.41538, 6422528.16691 ], [ 528414.33251, 6422513.52211 ], [ 528406.32403, 6422511.59047 ], [ 528371.25167, 6422498.89389 ], [ 528356.2254, 6422494.02334 ], [ 528291.61165, 6422653.40912 ], [ 528266.12758, 6422712.5648 ], [ 528260.22494, 6422723.60338 ], [ 528235.63198, 6422769.76396 ], [ 528171.60234, 6422879.19224 ], [ 528188.69296, 6422892.03808 ], [ 528193.73767, 6422897.99053 ], [ 528181.8992, 6422916.07176 ], [ 528175.8638, 6422911.12658 ], [ 528171.91764, 6422917.15366 ], [ 528206.20675, 6422955.83215 ], [ 528242.45235, 6422989.49913 ], [ 528245.4659, 6422991.47223 ], [ 528272.23937, 6422967.27272 ], [ 528277.30068, 6422975.22314 ], [ 528272.37213, 6422983.25647 ], [ 528310.59081, 6423013.90992 ], [ 528318.64077, 6423020.83648 ], [ 528325.559, 6423011.78758 ], [ 528334.46689, 6423001.7231 ], [ 528347.29605, 6422982.6346 ], [ 528349.26913, 6422979.62106 ], [ 528355.18837, 6422970.58045 ], [ 528368.02583, 6422952.49093 ], [ 528373.94507, 6422943.45032 ], [ 528345.60008, 6422898.72817 ], [ 528392.34497, 6422873.36384 ], [ 528438.08257, 6422847.00882 ], [ 528444.05159, 6422843.96212 ], [ 528475.83659, 6422821.71912 ], [ 528509.61955, 6422799.45953 ], [ 528517.52846, 6422789.40335 ], [ 528522.4902, 6422785.36595 ], [ 528536.39302, 6422775.26002 ], [ 528573.08997, 6422742.98571 ], [ 528575.07134, 6422740.97116 ], [ 528577.1108, 6422745.9495 ], [ 528608.82112, 6422714.71564 ] ] ] ] } }
]
}
