{
"type": "FeatureCollection",
"crs": { "type": "name", "properties": { "name": "urn:ogc:def:crs:OGC:1.3:CRS84" } },
"name": "Zone activité et loisir",
"color": "#927CB8",
"active": "true",
"interactive": "false",
"description": "Espaces constructibles affectés à une activité artisanale ou de loisirs",

"features": [
{ "type": "Feature", "properties": { "COMMUNE": "Saint-Avit-Sénieur", "COMMUNAUTE": "CC des Bastides Dordogne Périgord", "INSEE_COMM": 24379, "ID_CDECOMM": 21, "SURFACE_UR": 0.97655, "COVISIBILI": "non", "SITUATION_": "clairiere", "SITUATION1": "plateau plaine" }, "geometry": { "type": "MultiPolygon", "coordinates": [ [ [ [ 528244.74416, 6410755.12263 ], [ 528244.73587, 6410754.12365 ], [ 528154.76114, 6410746.87823 ], [ 528149.04926, 6410780.89319 ], [ 528148.44842, 6410828.85235 ], [ 528208.37904, 6410827.35578 ], [ 528279.29017, 6410824.76901 ], [ 528282.12952, 6410805.76358 ], [ 528284.0943, 6410801.75109 ], [ 528290.92128, 6410781.71351 ], [ 528270.81723, 6410766.89472 ], [ 528264.78186, 6410761.9496 ], [ 528244.74416, 6410755.12263 ] ] ] ] } },
{ "type": "Feature", "properties": { "COMMUNE": "Trémolat", "COMMUNAUTE": "CC des Bastides Dordogne Périgord", "INSEE_COMM": 24558, "ID_CDECOMM": 21, "SURFACE_UR": 0.2986, "COVISIBILI": "non", "SITUATION_": "non boise", "SITUATION1": "plateau plaine" }, "geometry": { "type": "MultiPolygon", "coordinates": [ [ [ [ 529574.13043, 6420937.38028 ], [ 529608.51911, 6420988.04648 ], [ 529617.63445, 6421002.95659 ], [ 529623.58687, 6420997.91192 ], [ 529634.51762, 6420990.82781 ], [ 529627.42515, 6420978.89806 ], [ 529642.31865, 6420967.78485 ], [ 529645.29901, 6420965.76201 ], [ 529609.91134, 6420915.10411 ], [ 529590.03121, 6420927.25776 ], [ 529574.13043, 6420937.38028 ] ] ] ] } },
{ "type": "Feature", "properties": { "COMMUNE": "Trémolat", "COMMUNAUTE": "CC des Bastides Dordogne Périgord", "INSEE_COMM": 24558, "ID_CDECOMM": 21, "SURFACE_UR": 1.0992, "COVISIBILI": "non", "SITUATION_": "boise", "SITUATION1": "pente" }, "geometry": { "type": "MultiPolygon", "coordinates": [ [ [ [ 527471.53742, 6423513.4074 ], [ 527447.41241, 6423495.62466 ], [ 527420.45639, 6423497.84648 ], [ 527404.48921, 6423499.97711 ], [ 527395.51493, 6423502.0497 ], [ 527371.59735, 6423509.24158 ], [ 527364.62934, 6423512.29657 ], [ 527342.72633, 6423521.46984 ], [ 527317.86784, 6423535.6629 ], [ 527283.16055, 6423566.92162 ], [ 527349.29274, 6423590.35006 ], [ 527358.31681, 6423594.27139 ], [ 527361.31376, 6423594.24651 ], [ 527363.32003, 6423595.22892 ], [ 527391.37461, 6423604.98662 ], [ 527408.19972, 6423585.86496 ], [ 527416.11693, 6423576.80776 ], [ 527429.96998, 6423560.70793 ], [ 527430.96067, 6423559.70065 ], [ 527444.81372, 6423543.60081 ], [ 527471.53742, 6423513.4074 ] ] ] ] } },
{ "type": "Feature", "properties": { "COMMUNE": "Monsac", "COMMUNAUTE": "CC des Bastides Dordogne Périgord", "INSEE_COMM": 24281, "ID_CDECOMM": 21, "SURFACE_UR": 3.5708, "COVISIBILI": "non", "SITUATION_": "boise", "SITUATION1": "pente" }, "geometry": { "type": "MultiPolygon", "coordinates": [ [ [ [ 517960.49732, 6412799.60527 ], [ 517974.27579, 6412774.51484 ], [ 517931.81259, 6412713.92574 ], [ 517880.54925, 6412676.38768 ], [ 517829.88299, 6412710.7757 ], [ 517773.65403, 6412797.16011 ], [ 517742.51578, 6412897.32284 ], [ 517723.84189, 6412934.44242 ], [ 517737.86914, 6412939.32119 ], [ 517765.97339, 6412955.07258 ], [ 517775.99641, 6412958.98555 ], [ 517777.00369, 6412959.97623 ], [ 517793.0372, 6412965.83739 ], [ 517793.0372, 6412965.83739 ], [ 517811.08526, 6412973.67991 ], [ 517813.09152, 6412974.6623 ], [ 517857.28291, 6412882.38355 ], [ 517960.49732, 6412799.60527 ] ] ] ] } },
{ "type": "Feature", "properties": { "COMMUNE": "Trémolat", "COMMUNAUTE": "CC des Bastides Dordogne Périgord", "INSEE_COMM": 24558, "ID_CDECOMM": 21, "SURFACE_UR": 0.4259, "COVISIBILI": "non", "SITUATION_": "non boise", "SITUATION1": "plateau plaine" }, "geometry": { "type": "MultiPolygon", "coordinates": [ [ [ [ 530912.02093, 6421557.67478 ], [ 530912.6516, 6421633.59755 ], [ 530932.623, 6421632.43269 ], [ 530948.59847, 6421631.30101 ], [ 530966.5719, 6421630.15274 ], [ 530982.54737, 6421629.02106 ], [ 530968.28773, 6421596.1707 ], [ 530962.09466, 6421572.24485 ], [ 530957.96595, 6421556.29428 ], [ 530957.94935, 6421554.29632 ], [ 530955.95968, 6421555.31189 ], [ 530955.95968, 6421555.31189 ], [ 530941.98218, 6421556.42698 ], [ 530912.02093, 6421557.67478 ] ] ] ] } },
{ "type": "Feature", "properties": { "COMMUNE": "Monsac", "COMMUNAUTE": "CC des Bastides Dordogne Périgord", "INSEE_COMM": 24281, "ID_CDECOMM": 21, "SURFACE_UR": 1.0492, "COVISIBILI": "non", "SITUATION_": "non boise", "SITUATION1": "pente" }, "geometry": { "type": "MultiPolygon", "coordinates": [ [ [ [ 517990.84608, 6411882.23271 ], [ 517975.64571, 6411856.38381 ], [ 517971.59172, 6411849.42417 ], [ 517963.49205, 6411836.50386 ], [ 517938.09452, 6411785.76356 ], [ 517920.87959, 6411757.9333 ], [ 517918.85675, 6411754.95296 ], [ 517915.79345, 6411746.98606 ], [ 517910.71561, 6411737.0378 ], [ 517908.67618, 6411732.05952 ], [ 517906.62016, 6411725.08329 ], [ 517900.50187, 6411710.14846 ], [ 517898.51219, 6411711.16401 ], [ 517896.52251, 6411712.17957 ], [ 517883.58548, 6411718.28121 ], [ 517874.62779, 6411722.35174 ], [ 517862.68144, 6411727.44611 ], [ 517859.70108, 6411729.46894 ], [ 517859.70937, 6411730.46791 ], [ 517855.73002, 6411732.49902 ], [ 517854.73103, 6411732.50732 ], [ 517842.79298, 6411738.60067 ], [ 517839.81261, 6411740.62349 ], [ 517842.85932, 6411746.59245 ], [ 517847.91229, 6411753.54379 ], [ 517847.92058, 6411754.54277 ], [ 517851.97457, 6411761.50241 ], [ 517855.02127, 6411767.47137 ], [ 517858.0514, 6411771.44238 ], [ 517866.16766, 6411786.36063 ], [ 517876.30677, 6411804.25922 ], [ 517882.40018, 6411816.19713 ], [ 517884.43132, 6411820.17644 ], [ 517887.46974, 6411825.14643 ], [ 517888.4936, 6411828.13505 ], [ 517893.56315, 6411837.08435 ], [ 517898.641, 6411847.03261 ], [ 517911.6195, 6411845.92583 ], [ 517933.69667, 6411857.73107 ], [ 517939.66569, 6411854.6844 ], [ 517940.68126, 6411856.67405 ], [ 517947.77366, 6411868.60368 ], [ 517949.8048, 6411872.58298 ], [ 517956.91379, 6411886.51055 ], [ 517966.03733, 6411902.41949 ], [ 517990.84608, 6411882.23271 ] ] ] ] } },
{ "type": "Feature", "properties": { "COMMUNE": "Trémolat", "COMMUNAUTE": "CC des Bastides Dordogne Périgord", "INSEE_COMM": 24558, "ID_CDECOMM": 21, "SURFACE_UR": 0.2136, "COVISIBILI": "non", "SITUATION_": "non boise", "SITUATION1": "plateau plaine" }, "geometry": { "type": "MultiPolygon", "coordinates": [ [ [ [ 529644.12941, 6421426.33488 ], [ 529654.11926, 6421426.25195 ], [ 529671.1103, 6421427.10996 ], [ 529678.81176, 6421392.07919 ], [ 529676.80549, 6421391.09679 ], [ 529670.81158, 6421391.14654 ], [ 529662.8031, 6421389.21492 ], [ 529616.82489, 6421386.59944 ], [ 529620.9287, 6421399.55305 ], [ 529613.9856, 6421405.605 ], [ 529614.03538, 6421411.59891 ], [ 529617.03234, 6421411.57403 ], [ 529626.14767, 6421426.48415 ], [ 529644.12941, 6421426.33488 ] ] ] ] } },
{ "type": "Feature", "properties": { "COMMUNE": "Le Buisson-de-Cadouin", "COMMUNAUTE": "CC des Bastides Dordogne Périgord", "INSEE_COMM": 24068, "ID_CDECOMM": 21, "SURFACE_UR": 0.57965, "COVISIBILI": "non", "SITUATION_": "non boise", "SITUATION1": "vallee" }, "geometry": { "type": "MultiPolygon", "coordinates": [ [ [ [ 534771.437, 6419160.87306 ], [ 534827.36367, 6419158.4106 ], [ 534903.27007, 6419155.78224 ], [ 534876.16463, 6419140.02249 ], [ 534832.98411, 6419113.40664 ], [ 534816.91733, 6419103.54953 ], [ 534793.81614, 6419088.75557 ], [ 534755.99573, 6419106.05346 ], [ 534771.437, 6419160.87306 ] ] ] ] } },
{ "type": "Feature", "properties": { "COMMUNE": "Beaumontois-en-Périgord (Nojals-et-Clotte)", "COMMUNAUTE": "CC des Bastides Dordogne Périgord", "INSEE_COMM": 24310, "ID_CDECOMM": 21, "SURFACE_UR": 0.38545, "COVISIBILI": "non", "SITUATION_": "non boise", "SITUATION1": "plateau plaine" }, "geometry": { "type": "MultiPolygon", "coordinates": [ [ [ [ 522415.78303, 6406002.11898 ], [ 522419.48039, 6405966.12286 ], [ 522424.9518, 6405903.13795 ], [ 522429.54033, 6405854.14693 ], [ 522429.49057, 6405848.1531 ], [ 522399.08609, 6405916.34022 ], [ 522384.38334, 6405950.42963 ], [ 522367.69921, 6405986.53357 ], [ 522415.78303, 6406002.11898 ] ] ] ] } },
{ "type": "Feature", "properties": { "COMMUNE": "Le Buisson-de-Cadouin", "COMMUNAUTE": "CC des Bastides Dordogne Périgord", "INSEE_COMM": 24068, "ID_CDECOMM": 21, "SURFACE_UR": 1.1762, "COVISIBILI": "non", "SITUATION_": "boise", "SITUATION1": "vallee" }, "geometry": { "type": "MultiPolygon", "coordinates": [ [ [ [ 534636.10071, 6419105.05084 ], [ 534758.43357, 6419158.98293 ], [ 534762.44612, 6419160.94771 ], [ 534771.437, 6419160.87306 ], [ 534755.99573, 6419106.05346 ], [ 534793.81614, 6419088.75557 ], [ 534790.80258, 6419086.78249 ], [ 534754.66476, 6419066.10247 ], [ 534732.57916, 6419053.29818 ], [ 534732.56256, 6419051.30022 ], [ 534703.45085, 6419034.55806 ], [ 534664.58166, 6419045.87035 ], [ 534620.74243, 6419060.22106 ], [ 534617.75377, 6419061.24492 ], [ 534622.85659, 6419074.19022 ], [ 534628.98331, 6419090.12417 ], [ 534636.10071, 6419105.05084 ] ] ] ] } },
{ "type": "Feature", "properties": { "COMMUNE": "Le Buisson-de-Cadouin", "COMMUNAUTE": "CC des Bastides Dordogne Périgord", "INSEE_COMM": 24068, "ID_CDECOMM": 21, "SURFACE_UR": 1.89145, "COVISIBILI": "non", "SITUATION_": "non boise", "SITUATION1": "vallee" }, "geometry": { "type": "MultiPolygon", "coordinates": [ [ [ [ 533990.43578, 6418590.90529 ], [ 534041.64955, 6418622.44961 ], [ 534112.94266, 6418665.81583 ], [ 534136.04385, 6418680.6098 ], [ 534175.20351, 6418704.2619 ], [ 534165.01446, 6418680.36927 ], [ 534157.88047, 6418663.44464 ], [ 534139.55843, 6418622.63568 ], [ 534134.48051, 6418612.68733 ], [ 534109.03278, 6418555.95272 ], [ 534126.92325, 6418544.81462 ], [ 534118.81517, 6418530.89523 ], [ 534090.45347, 6418484.17532 ], [ 534075.26121, 6418459.32521 ], [ 534045.43278, 6418476.55678 ], [ 534017.60231, 6418493.77176 ], [ 534032.79455, 6418518.62187 ], [ 534030.81318, 6418520.63642 ], [ 534023.85349, 6418524.69042 ], [ 534013.03895, 6418545.7603 ], [ 533990.43578, 6418590.90529 ] ] ] ] } },
{ "type": "Feature", "properties": { "COMMUNE": "Le Buisson-de-Cadouin", "COMMUNAUTE": "CC des Bastides Dordogne Périgord", "INSEE_COMM": 24068, "ID_CDECOMM": 21, "SURFACE_UR": 0.49885, "COVISIBILI": "non", "SITUATION_": "boise", "SITUATION1": "pente" }, "geometry": { "type": "MultiPolygon", "coordinates": [ [ [ [ 537198.42551, 6416789.955 ], [ 537211.29613, 6416775.86143 ], [ 537214.26819, 6416772.8396 ], [ 537224.14185, 6416758.77092 ], [ 537234.98959, 6416741.697 ], [ 537241.88289, 6416729.65116 ], [ 537236.89626, 6416730.69162 ], [ 537102.24064, 6416756.7861 ], [ 537103.28942, 6416762.77169 ], [ 537104.32161, 6416766.75931 ], [ 537108.37566, 6416773.71899 ], [ 537116.43395, 6416781.64446 ], [ 537141.475, 6416789.4289 ], [ 537198.42551, 6416789.955 ] ] ] ] } },
{ "type": "Feature", "properties": { "COMMUNE": "Le Buisson-de-Cadouin", "COMMUNAUTE": "CC des Bastides Dordogne Périgord", "INSEE_COMM": 24068, "ID_CDECOMM": 21, "SURFACE_UR": 0.9492, "COVISIBILI": "non", "SITUATION_": "boise", "SITUATION1": "plateau plaine" }, "geometry": { "type": "MultiPolygon", "coordinates": [ [ [ [ 532460.49308, 6411447.42478 ], [ 532443.57675, 6411455.55764 ], [ 532355.94009, 6411489.25397 ], [ 532355.94009, 6411489.25397 ], [ 532442.60745, 6411579.44758 ], [ 532493.2237, 6411539.06533 ], [ 532469.67472, 6411470.32662 ], [ 532466.63629, 6411465.35661 ], [ 532461.50865, 6411449.41444 ], [ 532460.49308, 6411447.42478 ] ] ] ] } },
{ "type": "Feature", "properties": { "COMMUNE": "Le Buisson-de-Cadouin", "COMMUNAUTE": "CC des Bastides Dordogne Périgord", "INSEE_COMM": 24068, "ID_CDECOMM": 21, "SURFACE_UR": 0.8777, "COVISIBILI": "non", "SITUATION_": "non boise", "SITUATION1": "vallee" }, "geometry": { "type": "MultiPolygon", "coordinates": [ [ [ [ 537227.62852, 6416817.68586 ], [ 537222.60039, 6416813.73142 ], [ 537208.53988, 6416804.85674 ], [ 537198.50852, 6416799.9448 ], [ 537196.49394, 6416797.96344 ], [ 537195.47006, 6416794.97479 ], [ 537196.44414, 6416791.96955 ], [ 537197.43483, 6416790.96228 ], [ 537198.42551, 6416789.955 ], [ 537141.475, 6416789.4289 ], [ 537116.43395, 6416781.64446 ], [ 537114.45258, 6416783.65902 ], [ 537090.60971, 6416799.84181 ], [ 537154.31775, 6416892.22431 ], [ 537174.14807, 6416874.07674 ], [ 537189.24907, 6416887.93803 ], [ 537227.62852, 6416817.68586 ] ] ] ] } },
{ "type": "Feature", "properties": { "COMMUNE": "Pezuls", "COMMUNAUTE": "CC des Bastides Dordogne Périgord", "INSEE_COMM": 24327, "ID_CDECOMM": 21, "SURFACE_UR": 3.36715, "COVISIBILI": "non", "SITUATION_": "non boise", "SITUATION1": "plateau plaine" }, "geometry": { "type": "MultiPolygon", "coordinates": [ [ [ [ 528066.76325, 6426614.53204 ], [ 528066.75495, 6426613.53305 ], [ 528069.56099, 6426590.53144 ], [ 528076.11394, 6426537.52701 ], [ 528073.35226, 6426445.63665 ], [ 528074.30974, 6426440.63342 ], [ 528074.27654, 6426436.63746 ], [ 528078.21438, 6426429.61138 ], [ 528086.06516, 6426412.56225 ], [ 528091.92627, 6426396.52869 ], [ 527983.84463, 6426374.44737 ], [ 527920.63988, 6426462.88896 ], [ 527889.67668, 6426584.03187 ], [ 528066.76325, 6426614.53204 ] ] ] ] } },
{ "type": "Feature", "properties": { "COMMUNE": "Badefols-sur-Dordogne", "COMMUNAUTE": "CC des Bastides Dordogne Périgord", "INSEE_COMM": 24022, "ID_CDECOMM": 21, "SURFACE_UR": 4.1866, "COVISIBILI": "non", "SITUATION_": "non boise", "SITUATION1": "vallee" }, "geometry": { "type": "MultiPolygon", "coordinates": [ [ [ [ 524857.67593, 6418180.18443 ], [ 524844.08835, 6418228.25162 ], [ 524884.15561, 6418240.90668 ], [ 524870.59292, 6418291.97081 ], [ 524929.67409, 6418308.46425 ], [ 525035.8403, 6418340.55163 ], [ 525058.90822, 6418351.3497 ], [ 525059.91551, 6418352.34039 ], [ 525065.90942, 6418352.29063 ], [ 525080.90249, 6418353.16523 ], [ 525102.92165, 6418357.9777 ], [ 525106.92589, 6418358.94351 ], [ 525139.00957, 6418372.66388 ], [ 525166.10662, 6418387.42471 ], [ 525174.15657, 6418394.35123 ], [ 525179.17639, 6418397.30672 ], [ 525230.33205, 6418421.85833 ], [ 525250.40302, 6418432.68127 ], [ 525280.50532, 6418448.41619 ], [ 525322.62034, 6418467.04854 ], [ 525348.92094, 6418385.90715 ], [ 525327.85928, 6418376.09149 ], [ 525266.75525, 6418356.61771 ], [ 525225.65581, 6418339.97503 ], [ 525108.36801, 6418291.99518 ], [ 525090.31991, 6418284.15259 ], [ 525079.28129, 6418278.24992 ], [ 525038.11549, 6418253.61539 ], [ 524954.82638, 6418209.3495 ], [ 524929.7439, 6418196.57006 ], [ 524911.70409, 6418189.72645 ], [ 524899.69138, 6418186.82902 ], [ 524892.69019, 6418185.88808 ], [ 524857.67593, 6418180.18443 ] ] ] ] } },
{ "type": "Feature", "properties": { "COMMUNE": "Le Buisson-de-Cadouin", "COMMUNAUTE": "CC des Bastides Dordogne Périgord", "INSEE_COMM": 24068, "ID_CDECOMM": 21, "SURFACE_UR": 1.16515, "COVISIBILI": "non", "SITUATION_": "boise", "SITUATION1": "pente" }, "geometry": { "type": "MultiPolygon", "coordinates": [ [ [ [ 531629.33977, 6414702.23069 ], [ 531629.37297, 6414706.22661 ], [ 531630.37195, 6414706.21831 ], [ 531647.38785, 6414710.07322 ], [ 531666.40172, 6414713.91154 ], [ 531670.41425, 6414715.87632 ], [ 531679.44659, 6414720.79656 ], [ 531696.53718, 6414733.64228 ], [ 531704.51245, 6414731.57796 ], [ 531709.49077, 6414729.53853 ], [ 531713.52819, 6414734.50025 ], [ 531717.49923, 6414731.47013 ], [ 531725.4496, 6414726.40888 ], [ 531733.40827, 6414722.34661 ], [ 531759.32374, 6414715.13809 ], [ 531780.25259, 6414708.97003 ], [ 531787.22057, 6414705.91503 ], [ 531788.21956, 6414705.90674 ], [ 531792.19889, 6414703.8756 ], [ 531786.1635, 6414698.93048 ], [ 531784.16554, 6414698.94706 ], [ 531778.15504, 6414696.99888 ], [ 531773.15183, 6414696.04137 ], [ 531781.1105, 6414691.9791 ], [ 531799.00921, 6414681.84 ], [ 531807.11725, 6414695.75935 ], [ 531815.05932, 6414689.69912 ], [ 531827.95482, 6414678.60252 ], [ 531832.91654, 6414674.56513 ], [ 531822.74414, 6414652.67054 ], [ 531820.71298, 6414648.69122 ], [ 531835.62303, 6414639.57599 ], [ 531844.69687, 6414649.49112 ], [ 531845.68755, 6414648.48385 ], [ 531831.51922, 6414626.62244 ], [ 531821.38832, 6414609.72275 ], [ 531818.35817, 6414605.75172 ], [ 531811.42338, 6414612.80264 ], [ 531804.472, 6414617.85559 ], [ 531777.68202, 6414640.05708 ], [ 531771.57195, 6414626.12115 ], [ 531753.67324, 6414636.26024 ], [ 531736.77351, 6414646.39104 ], [ 531714.91207, 6414660.55922 ], [ 531692.03504, 6414672.73775 ], [ 531656.21273, 6414690.01899 ], [ 531629.33977, 6414702.23069 ] ] ] ] } },
{ "type": "Feature", "properties": { "COMMUNE": "Badefols-sur-Dordogne", "COMMUNAUTE": "CC des Bastides Dordogne Périgord", "INSEE_COMM": 24022, "ID_CDECOMM": 21, "SURFACE_UR": 0.99335, "COVISIBILI": "non", "SITUATION_": "non boise", "SITUATION1": "vallee" }, "geometry": { "type": "MultiPolygon", "coordinates": [ [ [ [ 526742.7866, 6419611.16208 ], [ 526766.90328, 6419627.94581 ], [ 526766.91158, 6419628.94479 ], [ 526769.92513, 6419630.91788 ], [ 526772.93038, 6419631.89199 ], [ 526772.93038, 6419631.89199 ], [ 526777.94189, 6419633.8485 ], [ 526779.94816, 6419634.8309 ], [ 526788.97221, 6419638.75221 ], [ 526800.03571, 6419647.65186 ], [ 526800.03571, 6419647.65186 ], [ 526801.04299, 6419648.64255 ], [ 526801.04299, 6419648.64255 ], [ 526801.04299, 6419648.64255 ], [ 526804.04824, 6419649.61666 ], [ 526804.04824, 6419649.61666 ], [ 526804.04824, 6419649.61666 ], [ 526805.04723, 6419649.60837 ], [ 526805.04723, 6419649.60837 ], [ 526805.04723, 6419649.60837 ], [ 526808.03589, 6419648.58451 ], [ 526812.00693, 6419645.5544 ], [ 526819.97392, 6419642.49113 ], [ 526825.94294, 6419639.44444 ], [ 526832.90264, 6419635.39047 ], [ 526833.90162, 6419635.38218 ], [ 526833.90162, 6419635.38218 ], [ 526835.8913, 6419634.36662 ], [ 526840.86963, 6419632.3272 ], [ 526840.86963, 6419632.3272 ], [ 526841.86861, 6419632.31891 ], [ 526843.86658, 6419632.30233 ], [ 526849.86878, 6419633.25157 ], [ 526853.86472, 6419633.2184 ], [ 526854.86371, 6419633.21011 ], [ 526857.85236, 6419632.18626 ], [ 526857.85236, 6419632.18626 ], [ 526858.85135, 6419632.17797 ], [ 526858.84305, 6419631.17898 ], [ 526858.84305, 6419631.17898 ], [ 526860.81613, 6419628.16546 ], [ 526860.81613, 6419628.16546 ], [ 526862.78921, 6419625.15193 ], [ 526867.75094, 6419621.11455 ], [ 526870.7313, 6419619.09171 ], [ 526870.723, 6419618.09273 ], [ 526873.71166, 6419617.06887 ], [ 526870.68152, 6419613.09782 ], [ 526803.59191, 6419594.67264 ], [ 526791.5875, 6419592.77416 ], [ 526781.58106, 6419590.8591 ], [ 526772.54042, 6419584.93983 ], [ 526749.38954, 6419564.15189 ], [ 526733.28133, 6419549.29981 ], [ 526717.30588, 6419550.43144 ], [ 526718.45421, 6419568.40483 ], [ 526644.57083, 6419574.01325 ], [ 526645.72746, 6419592.98562 ], [ 526646.95046, 6419619.94985 ], [ 526708.85432, 6419615.4399 ], [ 526709.845, 6419614.43262 ], [ 526709.845, 6419614.43262 ], [ 526710.8191, 6419611.42739 ], [ 526711.80149, 6419609.42113 ], [ 526711.80149, 6419609.42113 ], [ 526711.79319, 6419608.42215 ], [ 526715.78083, 6419607.39 ], [ 526717.7871, 6419608.37241 ], [ 526718.78608, 6419608.36412 ], [ 526723.81419, 6419612.31859 ], [ 526724.81318, 6419612.3103 ], [ 526724.81318, 6419612.3103 ], [ 526742.7866, 6419611.16208 ] ] ] ] } },
{ "type": "Feature", "properties": { "COMMUNE": "Le Buisson-de-Cadouin", "COMMUNAUTE": "CC des Bastides Dordogne Périgord", "INSEE_COMM": 24068, "ID_CDECOMM": 21, "SURFACE_UR": 8.22265, "COVISIBILI": "non", "SITUATION_": "non boise", "SITUATION1": "vallee" }, "geometry": { "type": "MultiPolygon", "coordinates": [ [ [ [ 533939.65265, 6418971.96542 ], [ 533959.81492, 6418993.7771 ], [ 533963.84406, 6418997.73984 ], [ 533976.96364, 6419013.61571 ], [ 534006.20806, 6419046.34153 ], [ 534028.4098, 6419073.13154 ], [ 534039.44842, 6419079.03417 ], [ 534048.58037, 6419095.94221 ], [ 534054.41659, 6419076.91177 ], [ 534065.09834, 6419039.85817 ], [ 534070.00197, 6419028.82789 ], [ 534080.79162, 6419004.76106 ], [ 534082.77299, 6419002.7465 ], [ 534084.76266, 6419001.73092 ], [ 534086.71083, 6418995.72044 ], [ 534098.52436, 6418974.64226 ], [ 534115.27476, 6418946.52977 ], [ 534130.08527, 6418925.42673 ], [ 534115.70109, 6418877.59171 ], [ 534098.39465, 6418838.77241 ], [ 534094.30741, 6418827.81679 ], [ 534076.00202, 6418789.00582 ], [ 534075.97712, 6418786.00887 ], [ 534070.8909, 6418775.06155 ], [ 534090.7959, 6418765.90479 ], [ 534072.45731, 6418723.0979 ], [ 534066.34721, 6418709.16193 ], [ 534050.04809, 6418671.33335 ], [ 534049.03251, 6418669.34368 ], [ 534045.98576, 6418663.37468 ], [ 534010.18001, 6418682.654 ], [ 533998.02622, 6418662.77391 ], [ 533994.04688, 6418664.80506 ], [ 533926.40642, 6418700.33356 ], [ 533916.2174, 6418676.44096 ], [ 533868.41554, 6418694.82084 ], [ 533865.319, 6418682.85795 ], [ 533839.4533, 6418696.06041 ], [ 533848.63504, 6418718.96233 ], [ 533846.63707, 6418718.97892 ], [ 533846.64537, 6418719.9779 ], [ 533902.98378, 6418887.3506 ], [ 533778.40121, 6418923.35197 ], [ 533785.57668, 6418945.2715 ], [ 533800.96811, 6418994.09719 ], [ 533801.98369, 6418996.08685 ], [ 533808.96828, 6418995.0298 ], [ 533818.94983, 6418993.94786 ], [ 533828.93137, 6418992.86592 ], [ 533848.90276, 6418991.70101 ], [ 533878.84739, 6418988.45519 ], [ 533925.65027, 6418970.0836 ], [ 533939.65265, 6418971.96542 ] ] ] ] } },
{ "type": "Feature", "properties": { "COMMUNE": "Beaumontois-en-Périgord (Beaumont-du-Périgord)", "COMMUNAUTE": "CC des Bastides Dordogne Périgord", "INSEE_COMM": 24028, "ID_CDECOMM": 21, "SURFACE_UR": 5.0808, "COVISIBILI": "non", "SITUATION_": "non boise", "SITUATION1": "pente" }, "geometry": { "type": "MultiPolygon", "coordinates": [ [ [ [ 523105.72259, 6409683.85115 ], [ 523116.43396, 6409770.67892 ], [ 523117.45782, 6409773.66755 ], [ 523110.48153, 6409775.72355 ], [ 523111.51369, 6409779.71115 ], [ 523118.14619, 6409856.58236 ], [ 523159.08788, 6409854.24441 ], [ 523232.98771, 6409850.63381 ], [ 523246.97346, 6409850.51771 ], [ 523226.20592, 6409755.78106 ], [ 523291.06514, 6409746.25125 ], [ 523294.20307, 6409763.20893 ], [ 523360.0281, 6409749.67493 ], [ 523358.57297, 6409694.73967 ], [ 523348.07723, 6409633.88521 ], [ 523334.14124, 6409639.99515 ], [ 523258.75311, 6409584.67461 ], [ 523157.53244, 6409546.55225 ], [ 523141.93852, 6409593.63669 ], [ 523140.03178, 6409604.64198 ], [ 523129.41619, 6409649.68702 ], [ 523105.72259, 6409683.85115 ] ] ] ] } },
{ "type": "Feature", "properties": { "COMMUNE": "Le Buisson-de-Cadouin", "COMMUNAUTE": "CC des Bastides Dordogne Périgord", "INSEE_COMM": 24068, "ID_CDECOMM": 21, "SURFACE_UR": 5.89025, "COVISIBILI": "non", "SITUATION_": "non boise", "SITUATION1": "vallee" }, "geometry": { "type": "MultiPolygon", "coordinates": [ [ [ [ 534902.12085, 6419498.46635 ], [ 534936.11131, 6419501.18127 ], [ 534983.0886, 6419503.78837 ], [ 535024.10516, 6419510.44116 ], [ 535068.13528, 6419519.06703 ], [ 535075.13649, 6419520.00795 ], [ 535098.12149, 6419520.81615 ], [ 535114.10528, 6419520.68343 ], [ 535174.94389, 6419508.18966 ], [ 535193.90805, 6419506.03409 ], [ 535180.65563, 6419474.17449 ], [ 535215.56208, 6419466.89129 ], [ 535197.94853, 6419391.10964 ], [ 535180.34328, 6419316.32699 ], [ 535148.20971, 6419296.61278 ], [ 535053.83186, 6419240.4505 ], [ 535002.08373, 6419264.8574 ], [ 534977.20866, 6419277.05256 ], [ 534952.29208, 6419284.2528 ], [ 534946.33136, 6419288.2985 ], [ 534945.34897, 6419290.30476 ], [ 534940.47023, 6419304.33198 ], [ 534938.53035, 6419311.34145 ], [ 534936.57387, 6419316.35295 ], [ 534933.61841, 6419321.37275 ], [ 534925.75101, 6419336.42384 ], [ 534914.92814, 6419356.49473 ], [ 534916.92612, 6419356.47814 ], [ 534912.97996, 6419362.50521 ], [ 534894.215, 6419388.63635 ], [ 534893.4318, 6419414.61818 ], [ 534896.64455, 6419440.56684 ], [ 534898.88321, 6419469.52074 ], [ 534900.99737, 6419483.4899 ], [ 534902.12085, 6419498.46635 ] ], [ [ 535015.66509, 6419456.56247 ], [ 535009.1151, 6419389.68042 ], [ 535071.01909, 6419385.17021 ], [ 535131.91579, 6419379.66932 ], [ 535137.4668, 6419446.55966 ], [ 535015.66509, 6419456.56247 ] ] ] ] } },
{ "type": "Feature", "properties": { "COMMUNE": "Beaumontois-en-Périgord (Labouquerie)", "COMMUNAUTE": "CC des Bastides Dordogne Périgord", "INSEE_COMM": 24219, "ID_CDECOMM": 21, "SURFACE_UR": 4.4972, "COVISIBILI": "oui", "SITUATION_": "non boise", "SITUATION1": "plateau plaine" }, "geometry": { "type": "MultiPolygon", "coordinates": [ [ [ [ 523712.15517, 6408601.84919 ], [ 523718.17395, 6408604.79634 ], [ 523774.28283, 6408624.31134 ], [ 523791.64248, 6408549.23907 ], [ 523792.57511, 6408541.23899 ], [ 523801.25079, 6408503.20337 ], [ 523804.13992, 6408490.19184 ], [ 523829.14309, 6408373.09636 ], [ 523768.08077, 6408358.6177 ], [ 523738.10301, 6408357.86755 ], [ 523719.70291, 6408427.95324 ], [ 523711.0604, 6408469.98475 ], [ 523670.07725, 6408467.32788 ], [ 523475.13472, 6408451.96264 ], [ 523495.31342, 6408475.77211 ], [ 523503.38821, 6408485.69549 ], [ 523513.47756, 6408497.60023 ], [ 523521.56894, 6408509.52155 ], [ 523524.61565, 6408515.49051 ], [ 523526.67996, 6408523.46571 ], [ 523528.78574, 6408536.43577 ], [ 523529.96719, 6408558.40488 ], [ 523531.98174, 6408560.38623 ], [ 523534.99527, 6408562.3593 ], [ 523538.00051, 6408563.33339 ], [ 523553.01013, 6408566.2059 ], [ 523596.04101, 6408574.84003 ], [ 523655.08048, 6408586.33837 ], [ 523659.07641, 6408586.30519 ], [ 523683.09346, 6408591.101 ], [ 523707.15197, 6408600.89168 ], [ 523712.15517, 6408601.84919 ] ] ] ] } },
{ "type": "Feature", "properties": { "COMMUNE": "Beaumontois-en-Périgord (Labouquerie)", "COMMUNAUTE": "CC des Bastides Dordogne Périgord", "INSEE_COMM": 24219, "ID_CDECOMM": 21, "SURFACE_UR": 1.2737, "COVISIBILI": "oui", "SITUATION_": "non boise", "SITUATION1": "plateau plaine" }, "geometry": { "type": "MultiPolygon", "coordinates": [ [ [ [ 524014.49099, 6408797.1494 ], [ 524014.49928, 6408798.14837 ], [ 524064.82162, 6408842.68747 ], [ 524115.2103, 6408895.21836 ], [ 524117.22485, 6408897.19972 ], [ 524117.22485, 6408897.19972 ], [ 524118.23213, 6408898.1904 ], [ 524120.24668, 6408900.17176 ], [ 524132.33399, 6408912.05992 ], [ 524133.34956, 6408914.04957 ], [ 524140.4005, 6408920.98432 ], [ 524140.4005, 6408920.98432 ], [ 524159.13235, 6408890.85753 ], [ 524182.80105, 6408853.69646 ], [ 524070.99341, 6408743.73105 ], [ 524070.00272, 6408744.73832 ], [ 524043.23755, 6408769.93659 ], [ 524036.30273, 6408776.98747 ], [ 524015.48997, 6408797.14111 ], [ 524014.49099, 6408797.1494 ], [ 524014.49099, 6408797.1494 ] ] ] ] } },
{ "type": "Feature", "properties": { "COMMUNE": "Le Buisson-de-Cadouin", "COMMUNAUTE": "CC des Bastides Dordogne Périgord", "INSEE_COMM": 24068, "ID_CDECOMM": 21, "SURFACE_UR": 8.72275, "COVISIBILI": "non", "SITUATION_": "non boise", "SITUATION1": "vallee" }, "geometry": { "type": "MultiPolygon", "coordinates": [ [ [ [ 534237.47266, 6418743.70694 ], [ 534246.63783, 6418764.61091 ], [ 534247.68661, 6418770.59651 ], [ 534249.72608, 6418775.57483 ], [ 534251.78215, 6418782.55111 ], [ 534260.92242, 6418800.45814 ], [ 534268.00662, 6418811.38888 ], [ 534270.02119, 6418813.37026 ], [ 534309.75658, 6418786.06598 ], [ 534461.08801, 6418722.86838 ], [ 534561.67029, 6418684.06934 ], [ 534642.45543, 6418667.41379 ], [ 534729.31747, 6418660.69828 ], [ 534748.29822, 6418660.54068 ], [ 534805.09937, 6418643.0852 ], [ 534806.09006, 6418642.07793 ], [ 534817.04572, 6418637.99076 ], [ 534821.99915, 6418632.95438 ], [ 534833.8957, 6418621.86605 ], [ 534841.8212, 6418613.80783 ], [ 534855.69912, 6418600.70495 ], [ 534900.38794, 6418568.36428 ], [ 534922.29925, 6418560.18994 ], [ 534962.14252, 6418545.87241 ], [ 535008.9538, 6418528.49987 ], [ 535009.94449, 6418527.4926 ], [ 535011.92587, 6418525.47804 ], [ 535012.90825, 6418523.47179 ], [ 535012.88336, 6418520.47484 ], [ 535011.86777, 6418518.48517 ], [ 535006.82304, 6418512.53276 ], [ 534995.76779, 6418504.63214 ], [ 534983.77165, 6418503.7327 ], [ 534968.77855, 6418502.85814 ], [ 534959.78767, 6418502.93279 ], [ 534959.86237, 6418511.92362 ], [ 534934.94579, 6418519.12386 ], [ 534930.95815, 6418520.15602 ], [ 534913.00129, 6418523.30227 ], [ 534911.86121, 6418506.32788 ], [ 534903.86931, 6418506.39423 ], [ 534882.89889, 6418507.5674 ], [ 534868.92138, 6418508.68251 ], [ 534867.8394, 6418498.70098 ], [ 534866.84871, 6418499.70826 ], [ 534865.84142, 6418498.71757 ], [ 534863.82685, 6418496.7362 ], [ 534863.81855, 6418495.73722 ], [ 534864.80924, 6418494.72994 ], [ 534873.71712, 6418484.66547 ], [ 534882.63331, 6418475.59999 ], [ 534888.58573, 6418470.55531 ], [ 534891.56609, 6418468.53246 ], [ 534874.34263, 6418439.70301 ], [ 534866.40054, 6418445.76325 ], [ 534853.44691, 6418449.86701 ], [ 534852.43962, 6418448.87632 ], [ 534841.49227, 6418453.96247 ], [ 534665.31068, 6418532.35218 ], [ 534568.59986, 6418556.13332 ], [ 534478.94834, 6418587.84824 ], [ 534392.45976, 6418639.51791 ], [ 534237.47266, 6418743.70694 ] ] ] ] } },
{ "type": "Feature", "properties": { "COMMUNE": "Trémolat", "COMMUNAUTE": "CC des Bastides Dordogne Périgord", "INSEE_COMM": 24558, "ID_CDECOMM": 21, "SURFACE_UR": 0.44095, "COVISIBILI": "non", "SITUATION_": "non boise", "SITUATION1": "vallee" }, "geometry": { "type": "MultiPolygon", "coordinates": [ [ [ [ 528778.43094, 6421845.13062 ], [ 528781.67682, 6421875.07526 ], [ 528803.61301, 6421869.89792 ], [ 528843.56413, 6421868.56725 ], [ 528849.55804, 6421868.51749 ], [ 528844.98956, 6421799.62077 ], [ 528841.00192, 6421800.65292 ], [ 528797.12124, 6421810.00863 ], [ 528775.17676, 6421814.18699 ], [ 528777.34068, 6421834.15009 ], [ 528778.41434, 6421843.13265 ], [ 528778.43094, 6421845.13062 ] ] ] ] } },
{ "type": "Feature", "properties": { "COMMUNE": "Trémolat", "COMMUNAUTE": "CC des Bastides Dordogne Périgord", "INSEE_COMM": 24558, "ID_CDECOMM": 21, "SURFACE_UR": 1.37575, "COVISIBILI": "non", "SITUATION_": "non boise", "SITUATION1": "vallee" }, "geometry": { "type": "MultiPolygon", "coordinates": [ [ [ [ 528561.02843, 6420569.1472 ], [ 528566.05655, 6420573.10167 ], [ 528579.17611, 6420588.97761 ], [ 528589.22404, 6420595.88757 ], [ 528595.22625, 6420596.8368 ], [ 528600.22118, 6420596.79534 ], [ 528604.20882, 6420595.76319 ], [ 528606.20679, 6420595.7466 ], [ 528609.19544, 6420594.72274 ], [ 528612.16751, 6420591.70092 ], [ 528626.05372, 6420579.59703 ], [ 528634.97821, 6420571.53054 ], [ 528652.82717, 6420555.39756 ], [ 528679.59233, 6420530.1991 ], [ 528755.94992, 6420461.62976 ], [ 528736.82815, 6420444.8046 ], [ 528730.79276, 6420439.85944 ], [ 528717.68149, 6420424.9825 ], [ 528709.60664, 6420415.059 ], [ 528697.71009, 6420426.14732 ], [ 528695.72042, 6420427.16289 ], [ 528646.15287, 6420473.53071 ], [ 528632.26665, 6420485.63459 ], [ 528611.43732, 6420503.79042 ], [ 528593.58836, 6420519.9234 ], [ 528586.65354, 6420526.97433 ], [ 528587.66083, 6420527.96502 ], [ 528559.90499, 6420554.17075 ], [ 528553.96086, 6420560.2144 ], [ 528555.98372, 6420563.19476 ], [ 528561.02843, 6420569.1472 ] ] ] ] } },
{ "type": "Feature", "properties": { "COMMUNE": "Le Buisson-de-Cadouin", "COMMUNAUTE": "CC des Bastides Dordogne Périgord", "INSEE_COMM": 24068, "ID_CDECOMM": 21, "SURFACE_UR": 3.4906, "COVISIBILI": "non", "SITUATION_": "boise", "SITUATION1": "pente" }, "geometry": { "type": "MultiPolygon", "coordinates": [ [ [ [ 531293.55313, 6414208.49208 ], [ 531329.68248, 6414228.17305 ], [ 531356.738, 6414237.93888 ], [ 531360.75882, 6414240.90264 ], [ 531363.78067, 6414243.87469 ], [ 531359.00981, 6414270.88858 ], [ 531359.20897, 6414294.86407 ], [ 531366.42591, 6414321.77843 ], [ 531507.26589, 6414318.61095 ], [ 531508.21508, 6414312.60878 ], [ 531555.9256, 6414283.24027 ], [ 531599.66509, 6414256.90187 ], [ 531491.72002, 6414130.91912 ], [ 531486.71681, 6414129.96161 ], [ 531489.73865, 6414132.93367 ], [ 531454.85724, 6414143.21376 ], [ 531425.95313, 6414151.44613 ], [ 531405.07407, 6414163.60805 ], [ 531396.08322, 6414163.6827 ], [ 531383.08815, 6414162.79155 ], [ 531373.09832, 6414162.87449 ], [ 531296.53348, 6414206.46924 ], [ 531293.55313, 6414208.49208 ] ] ] ] } },
{ "type": "Feature", "properties": { "COMMUNE": "Le Buisson-de-Cadouin", "COMMUNAUTE": "CC des Bastides Dordogne Périgord", "INSEE_COMM": 24068, "ID_CDECOMM": 21, "SURFACE_UR": 2.21335, "COVISIBILI": "non", "SITUATION_": "boise", "SITUATION1": "plateau plaine" }, "geometry": { "type": "MultiPolygon", "coordinates": [ [ [ [ 530734.11559, 6416978.50267 ], [ 530811.195, 6416996.84468 ], [ 530844.31084, 6417014.55263 ], [ 530881.45899, 6416916.33738 ], [ 530899.00918, 6416864.2411 ], [ 530829.11352, 6416868.8176 ], [ 530834.78379, 6416829.8076 ], [ 530816.76889, 6416825.96097 ], [ 530796.75602, 6416822.13092 ], [ 530807.471, 6416789.07334 ], [ 530793.618, 6416805.17314 ], [ 530789.63867, 6416807.20428 ], [ 530770.75755, 6416819.34962 ], [ 530749.91997, 6416836.50646 ], [ 530737.99855, 6416844.59783 ], [ 530722.11439, 6416856.71829 ], [ 530697.22278, 6416866.91544 ], [ 530707.2873, 6416875.82333 ], [ 530715.33726, 6416882.74984 ], [ 530729.43091, 6416895.62047 ], [ 530759.62447, 6416922.34413 ], [ 530750.82447, 6416945.39532 ], [ 530734.11559, 6416978.50267 ] ] ] ] } },
{ "type": "Feature", "properties": { "COMMUNE": "Beaumontois-en-Périgord (Beaumont-du-Périgord)", "COMMUNAUTE": "CC des Bastides Dordogne Périgord", "INSEE_COMM": 24028, "ID_CDECOMM": 21, "SURFACE_UR": 1.2375, "COVISIBILI": "non", "SITUATION_": "boise", "SITUATION1": "pente" }, "geometry": { "type": "MultiPolygon", "coordinates": [ [ [ [ 523105.72259, 6409683.85115 ], [ 523092.70264, 6409679.96306 ], [ 523081.68066, 6409676.05839 ], [ 523072.65665, 6409672.13713 ], [ 523038.64977, 6409667.42422 ], [ 523017.63797, 6409663.60248 ], [ 523000.63868, 6409661.74551 ], [ 522992.65511, 6409662.81083 ], [ 522992.97856, 6409701.77079 ], [ 523001.2524, 6409735.66955 ], [ 523005.33127, 6409745.62612 ], [ 523020.68922, 6409790.45553 ], [ 523100.5, 6409776.80545 ], [ 523110.48153, 6409775.72355 ], [ 523117.45782, 6409773.66755 ], [ 523116.43396, 6409770.67892 ], [ 523105.72259, 6409683.85115 ] ] ] ] } },
{ "type": "Feature", "properties": { "COMMUNE": "Beaumontois-en-Périgord (Beaumont-du-Périgord)", "COMMUNAUTE": "CC des Bastides Dordogne Périgord", "INSEE_COMM": 24028, "ID_CDECOMM": 21, "SURFACE_UR": 1.97025, "COVISIBILI": "non", "SITUATION_": "non boise", "SITUATION1": "pente" }, "geometry": { "type": "MultiPolygon", "coordinates": [ [ [ [ 521668.3927, 6409239.22024 ], [ 521741.24378, 6409229.62416 ], [ 521741.2189, 6409226.62724 ], [ 521741.16084, 6409219.63443 ], [ 521741.11108, 6409213.6406 ], [ 521742.00225, 6409200.64566 ], [ 521740.88716, 6409186.66834 ], [ 521740.8457, 6409181.67348 ], [ 521745.36789, 6409124.69058 ], [ 521747.98334, 6409078.71297 ], [ 521748.7584, 6409051.73242 ], [ 521747.63502, 6409036.75612 ], [ 521659.68311, 6409032.49098 ], [ 521651.97322, 6409066.52238 ], [ 521648.40854, 6409118.50212 ], [ 521642.41465, 6409118.55187 ], [ 521635.55447, 6409134.59347 ], [ 521634.60524, 6409140.5956 ], [ 521634.69647, 6409151.5843 ], [ 521638.89144, 6409175.52647 ], [ 521650.27833, 6409223.38594 ], [ 521668.3927, 6409239.22024 ] ] ] ] } },
{ "type": "Feature", "properties": { "COMMUNE": "Beaumontois-en-Périgord (Labouquerie)", "COMMUNAUTE": "CC des Bastides Dordogne Périgord", "INSEE_COMM": 24219, "ID_CDECOMM": 21, "SURFACE_UR": 3.096, "COVISIBILI": "oui", "SITUATION_": "non boise", "SITUATION1": "plateau plaine" }, "geometry": { "type": "MultiPolygon", "coordinates": [ [ [ [ 523784.34729, 6408633.21916 ], [ 523794.362, 6408636.13314 ], [ 523809.39649, 6408642.00257 ], [ 523811.40275, 6408642.98496 ], [ 523879.75652, 6408693.3686 ], [ 523895.83976, 6408705.22358 ], [ 523895.83976, 6408705.22358 ], [ 523939.0614, 6408736.83408 ], [ 523940.06868, 6408737.82476 ], [ 523980.26849, 6408766.46322 ], [ 523980.27678, 6408767.4622 ], [ 524009.4629, 6408793.19498 ], [ 524010.45359, 6408792.18771 ], [ 524037.21877, 6408766.98944 ], [ 524065.96532, 6408739.77663 ], [ 524063.95077, 6408737.79527 ], [ 523981.55319, 6408680.53494 ], [ 523971.50531, 6408673.62506 ], [ 523920.26693, 6408639.084 ], [ 523931.85662, 6408591.03376 ], [ 523938.63386, 6408565.0024 ], [ 523891.42459, 6408534.42405 ], [ 523831.15391, 6408494.96277 ], [ 523817.09351, 6408486.08813 ], [ 523784.34729, 6408633.21916 ] ] ] ] } },
{ "type": "Feature", "properties": { "COMMUNE": "Le Buisson-de-Cadouin", "COMMUNAUTE": "CC des Bastides Dordogne Périgord", "INSEE_COMM": 24068, "ID_CDECOMM": 21, "SURFACE_UR": 2.1567, "COVISIBILI": "non", "SITUATION_": "non boise", "SITUATION1": "vallee" }, "geometry": { "type": "MultiPolygon", "coordinates": [ [ [ [ 534343.43689, 6418871.70472 ], [ 534357.57209, 6418889.57028 ], [ 534379.89007, 6418930.34607 ], [ 534414.02991, 6418951.04269 ], [ 534468.08309, 6418963.58156 ], [ 534470.08106, 6418963.56497 ], [ 534486.07315, 6418964.43124 ], [ 534493.07436, 6418965.37217 ], [ 534512.04681, 6418964.21559 ], [ 534574.94148, 6418958.69814 ], [ 534573.9176, 6418955.70948 ], [ 534574.83359, 6418945.71137 ], [ 534571.78683, 6418939.74236 ], [ 534556.47005, 6418899.9075 ], [ 534537.09093, 6418852.11395 ], [ 534533.00369, 6418841.15833 ], [ 534526.88528, 6418826.22337 ], [ 534471.12461, 6418848.66545 ], [ 534437.28355, 6418863.93219 ], [ 534428.32586, 6418868.00276 ], [ 534420.28417, 6418862.07523 ], [ 534386.15264, 6418842.37759 ], [ 534382.13179, 6418839.41382 ], [ 534381.12451, 6418838.42313 ], [ 534371.08484, 6418832.51219 ], [ 534364.05044, 6418827.57534 ], [ 534344.22839, 6418846.72188 ], [ 534352.27838, 6418853.6484 ], [ 534356.30752, 6418857.61115 ], [ 534351.35409, 6418862.64753 ], [ 534350.3634, 6418863.65481 ], [ 534343.43689, 6418871.70472 ] ] ] ] } },
{ "type": "Feature", "properties": { "COMMUNE": "Le Buisson-de-Cadouin", "COMMUNAUTE": "CC des Bastides Dordogne Périgord", "INSEE_COMM": 24068, "ID_CDECOMM": 21, "SURFACE_UR": 9.87235, "COVISIBILI": "non", "SITUATION_": "boise", "SITUATION1": "pente" }, "geometry": { "type": "MultiPolygon", "coordinates": [ [ [ [ 531110.61684, 6415999.30592 ], [ 531025.76964, 6416008.00276 ], [ 530987.83317, 6416011.31487 ], [ 530976.86924, 6416014.40305 ], [ 530975.80387, 6416006.4195 ], [ 530983.68786, 6415993.36641 ], [ 531002.3864, 6415959.24351 ], [ 531018.13779, 6415931.13938 ], [ 531027.97825, 6415913.0748 ], [ 531033.93066, 6415908.03014 ], [ 531026.87139, 6415900.09636 ], [ 530985.58114, 6415860.47723 ], [ 530972.47818, 6415846.59934 ], [ 530949.27751, 6415819.81765 ], [ 530927.07582, 6415793.02767 ], [ 530919.00927, 6415784.10321 ], [ 530911.9334, 6415774.17147 ], [ 530904.82435, 6415760.24381 ], [ 530889.59065, 6415730.39883 ], [ 530873.50734, 6415718.54378 ], [ 530860.44587, 6415709.66079 ], [ 530848.39998, 6415702.76746 ], [ 530817.25724, 6415682.046 ], [ 530812.25402, 6415681.08849 ], [ 530806.56716, 6415718.1005 ], [ 530800.93008, 6415761.10638 ], [ 530796.2588, 6415800.10806 ], [ 530796.39987, 6415817.09071 ], [ 530794.92469, 6415880.04301 ], [ 530795.28151, 6415922.99914 ], [ 530794.78872, 6415983.9452 ], [ 530802.97975, 6416007.85436 ], [ 530809.14791, 6416028.78317 ], [ 530816.30676, 6416048.70471 ], [ 530824.3982, 6416060.62612 ], [ 530827.44494, 6416066.59511 ], [ 530829.4761, 6416070.57444 ], [ 530830.56637, 6416081.55493 ], [ 530834.89423, 6416121.48095 ], [ 530839.08932, 6416145.42329 ], [ 530840.1298, 6416150.40989 ], [ 530842.12776, 6416150.3933 ], [ 530848.09677, 6416147.3466 ], [ 530855.3635, 6416180.25488 ], [ 530863.57942, 6416207.16098 ], [ 530864.74437, 6416227.13229 ], [ 530873.99246, 6416258.02602 ], [ 530881.2011, 6416283.94144 ], [ 530890.15046, 6416278.8719 ], [ 530923.98313, 6416262.60622 ], [ 530950.8478, 6416249.39554 ], [ 530958.79818, 6416244.33429 ], [ 530968.68014, 6416231.26461 ], [ 530981.48436, 6416209.17923 ], [ 530992.33211, 6416192.10534 ], [ 531013.02862, 6416157.96585 ], [ 531022.88568, 6416141.89923 ], [ 531050.48379, 6416096.7129 ], [ 531068.24974, 6416070.59013 ], [ 531092.91728, 6416033.42053 ], [ 531113.64698, 6416003.27696 ], [ 531110.61684, 6415999.30592 ] ] ] ] } },
{ "type": "Feature", "properties": { "COMMUNE": "Beaumontois-en-Périgord (Beaumont-du-Périgord)", "COMMUNAUTE": "CC des Bastides Dordogne Périgord", "INSEE_COMM": 24028, "ID_CDECOMM": 21, "SURFACE_UR": 6.6482, "COVISIBILI": "non", "SITUATION_": "non boise", "SITUATION1": "vallee" }, "geometry": { "type": "MultiPolygon", "coordinates": [ [ [ [ 522529.57528, 6412368.06742 ], [ 522534.5536, 6412366.02801 ], [ 522542.49571, 6412359.96783 ], [ 522545.48436, 6412358.94398 ], [ 522557.49704, 6412361.84141 ], [ 522559.495, 6412361.82483 ], [ 522569.43507, 6412355.74806 ], [ 522582.38038, 6412350.6454 ], [ 522591.37952, 6412351.56975 ], [ 522602.4098, 6412356.47342 ], [ 522608.42029, 6412358.42163 ], [ 522609.39439, 6412355.41641 ], [ 522636.34205, 6412352.19562 ], [ 522646.27382, 6412345.11988 ], [ 522657.18799, 6412336.03789 ], [ 522636.93465, 6412303.23754 ], [ 522634.86204, 6412294.26335 ], [ 522631.69922, 6412274.30872 ], [ 522629.57685, 6412259.34067 ], [ 522642.49728, 6412251.24108 ], [ 522641.43195, 6412243.25757 ], [ 522627.46278, 6412245.3716 ], [ 522606.39291, 6412234.55699 ], [ 522620.2045, 6412213.46244 ], [ 522617.07486, 6412197.50371 ], [ 522613.89545, 6412175.55113 ], [ 522613.78763, 6412162.56445 ], [ 522612.57302, 6412136.59939 ], [ 522611.4911, 6412126.61793 ], [ 522613.36466, 6412111.61672 ], [ 522617.19473, 6412091.60406 ], [ 522617.07862, 6412077.61841 ], [ 522622.69101, 6412031.61581 ], [ 522577.72849, 6412030.98995 ], [ 522575.73052, 6412031.00653 ], [ 522573.73256, 6412031.02311 ], [ 522571.69312, 6412026.04482 ], [ 522566.61527, 6412016.09653 ], [ 522555.50206, 6412001.20311 ], [ 522537.32132, 6411977.37696 ], [ 522528.24754, 6411967.46183 ], [ 522507.1445, 6411952.65133 ], [ 522504.0812, 6411944.6844 ], [ 522501.05108, 6411940.71338 ], [ 522494.01673, 6411935.77655 ], [ 522488.00625, 6411933.82834 ], [ 522459.00257, 6411930.0729 ], [ 522453.99107, 6411928.1164 ], [ 522437.88294, 6411913.26444 ], [ 522405.71645, 6411889.55437 ], [ 522383.58125, 6411870.75626 ], [ 522374.51576, 6411861.84011 ], [ 522327.01243, 6411916.18274 ], [ 522409.37687, 6411969.44749 ], [ 522422.45488, 6411980.32842 ], [ 522431.55354, 6411993.24047 ], [ 522439.72786, 6412015.15159 ], [ 522443.79014, 6412023.11022 ], [ 522453.8712, 6412034.01604 ], [ 522459.88998, 6412036.96321 ], [ 522483.94021, 6412045.75499 ], [ 522487.96102, 6412048.71875 ], [ 522492.9974, 6412053.67217 ], [ 522498.10013, 6412066.61739 ], [ 522500.23079, 6412082.5844 ], [ 522499.33133, 6412094.5804 ], [ 522490.49806, 6412113.63554 ], [ 522464.85625, 6412153.81012 ], [ 522457.97948, 6412167.85381 ], [ 522449.17938, 6412190.90486 ], [ 522443.4177, 6412218.92591 ], [ 522441.65195, 6412246.91379 ], [ 522443.75773, 6412259.88388 ], [ 522445.85522, 6412271.855 ], [ 522449.84286, 6412270.82286 ], [ 522463.78715, 6412265.71191 ], [ 522466.81728, 6412269.68294 ], [ 522470.89614, 6412279.63952 ], [ 522472.96046, 6412287.61474 ], [ 522474.97501, 6412289.59611 ], [ 522476.98127, 6412290.5785 ], [ 522491.28218, 6412328.42348 ], [ 522502.37881, 6412341.31895 ], [ 522510.4619, 6412352.24135 ], [ 522522.54922, 6412364.12956 ], [ 522525.56276, 6412366.10263 ], [ 522529.57528, 6412368.06742 ] ] ] ] } },
{ "type": "Feature", "properties": { "COMMUNE": "Beaumontois-en-Périgord (Beaumont-du-Périgord)", "COMMUNAUTE": "CC des Bastides Dordogne Périgord", "INSEE_COMM": 24028, "ID_CDECOMM": 21, "SURFACE_UR": 10.24275, "COVISIBILI": "oui", "SITUATION_": "non boise", "SITUATION1": "plateau plaine" }, "geometry": { "type": "MultiPolygon", "coordinates": [ [ [ [ 524184.82017, 6408976.5619 ], [ 524170.7183, 6408962.69239 ], [ 524163.6342, 6408951.76174 ], [ 524147.45972, 6408928.91805 ], [ 524142.41505, 6408922.96568 ], [ 524140.4005, 6408920.98432 ], [ 524133.34956, 6408914.04957 ], [ 524132.33399, 6408912.05992 ], [ 524120.24668, 6408900.17176 ], [ 524118.23213, 6408898.1904 ], [ 524117.22485, 6408897.19972 ], [ 524115.2103, 6408895.21836 ], [ 524064.82162, 6408842.68747 ], [ 524014.49928, 6408798.14837 ], [ 524014.49099, 6408797.1494 ], [ 524013.48371, 6408796.15872 ], [ 524010.47018, 6408794.18566 ], [ 524009.4629, 6408793.19498 ], [ 523980.27678, 6408767.4622 ], [ 523980.26849, 6408766.46322 ], [ 523940.06868, 6408737.82476 ], [ 523939.0614, 6408736.83408 ], [ 523895.83976, 6408705.22358 ], [ 523879.75652, 6408693.3686 ], [ 523811.40275, 6408642.98496 ], [ 523809.39649, 6408642.00257 ], [ 523794.362, 6408636.13314 ], [ 523784.34729, 6408633.21916 ], [ 523779.3275, 6408630.26371 ], [ 523762.28674, 6408623.4119 ], [ 523720.19679, 6408607.77667 ], [ 523684.10902, 6408593.09066 ], [ 523608.06197, 6408578.73639 ], [ 523550.02977, 6408568.22873 ], [ 523526.01273, 6408563.43292 ], [ 523504.11805, 6408573.60511 ], [ 523463.31736, 6408592.92564 ], [ 523457.36493, 6408597.97026 ], [ 523448.54826, 6408619.02334 ], [ 523440.74716, 6408642.06607 ], [ 523437.87461, 6408657.07554 ], [ 523435.99276, 6408671.07775 ], [ 523435.13477, 6408688.06858 ], [ 523440.30385, 6408709.00555 ], [ 523444.44906, 6408726.95389 ], [ 523447.53724, 6408737.91771 ], [ 523454.72916, 6408761.83501 ], [ 523459.83189, 6408774.78019 ], [ 523458.8412, 6408775.78746 ], [ 523525.66146, 6408882.1302 ], [ 523590.06451, 6408817.65683 ], [ 523636.34489, 6408736.3502 ], [ 523751.47666, 6408765.36561 ], [ 523761.19279, 6408732.31656 ], [ 524174.8967, 6408984.63663 ], [ 524184.82017, 6408976.5619 ] ] ] ] } },
{ "type": "Feature", "properties": { "COMMUNE": "Calès", "COMMUNAUTE": "CC des Bastides Dordogne Périgord", "INSEE_COMM": 24073, "ID_CDECOMM": 21, "SURFACE_UR": 1.87685, "COVISIBILI": "non", "SITUATION_": "non boise", "SITUATION1": "vallee" }, "geometry": { "type": "MultiPolygon", "coordinates": [ [ [ [ 527203.45265, 6421668.38281 ], [ 527291.26379, 6421655.66541 ], [ 527281.67553, 6421583.8132 ], [ 527237.78656, 6421592.16987 ], [ 527223.45229, 6421550.32863 ], [ 527199.51813, 6421555.52253 ], [ 527190.28664, 6421526.62662 ], [ 527095.64856, 6421559.38173 ], [ 527115.10221, 6421616.16628 ], [ 527133.39923, 6421653.97842 ], [ 527150.59771, 6421679.81105 ], [ 527203.45265, 6421668.38281 ] ] ] ] } },
{ "type": "Feature", "properties": { "COMMUNE": "Lalinde", "COMMUNAUTE": "CC des Bastides Dordogne Périgord", "INSEE_COMM": 24223, "ID_CDECOMM": 21, "SURFACE_UR": 2.8067, "COVISIBILI": "non", "SITUATION_": "boise", "SITUATION1": "vallee" }, "geometry": { "type": "MultiPolygon", "coordinates": [ [ [ [ 518403.98029, 6417481.45511 ], [ 518279.61305, 6417543.42887 ], [ 518215.86038, 6417565.93702 ], [ 518168.02509, 6417580.32082 ], [ 518172.16202, 6417597.27032 ], [ 518173.21076, 6417603.25591 ], [ 518190.78235, 6417674.04257 ], [ 518313.40887, 6417643.05345 ], [ 518427.06924, 6417615.13619 ], [ 518436.03523, 6417612.06466 ], [ 518403.98029, 6417481.45511 ] ] ] ] } },
{ "type": "Feature", "properties": { "COMMUNE": "Lolme", "COMMUNAUTE": "CC des Bastides Dordogne Périgord", "INSEE_COMM": 24244, "ID_CDECOMM": 21, "SURFACE_UR": 2.32855, "COVISIBILI": null, "SITUATION_": null, "SITUATION1": null }, "geometry": { "type": "MultiPolygon", "coordinates": [ [ [ [ 528687.04583, 6402660.20491 ], [ 528688.07799, 6402664.1925 ], [ 528730.48306, 6402717.78847 ], [ 528780.16663, 6402685.40657 ], [ 528824.88019, 6402656.06306 ], [ 528854.69199, 6402636.83371 ], [ 528873.57307, 6402624.68843 ], [ 528887.49243, 6402616.58051 ], [ 528890.48108, 6402615.55664 ], [ 528849.72558, 6402519.98732 ], [ 528777.95662, 6402539.56513 ], [ 528764.99477, 6402542.6699 ], [ 528748.92814, 6402532.81294 ], [ 528744.98199, 6402538.83995 ], [ 528736.11559, 6402553.89918 ], [ 528741.14367, 6402557.85358 ], [ 528715.45221, 6402592.0343 ], [ 528710.50708, 6402598.06961 ], [ 528708.55059, 6402603.08106 ], [ 528683.96594, 6402650.2401 ], [ 528687.04583, 6402660.20491 ] ] ] ] } },
{ "type": "Feature", "properties": { "COMMUNE": "Beaumontois-en-Périgord (Sainte-Sabine-Born)", "COMMUNAUTE": "CC des Bastides Dordogne Périgord", "INSEE_COMM": 24497, "ID_CDECOMM": 21, "SURFACE_UR": 2.21325, "COVISIBILI": "non", "SITUATION_": "non boise", "SITUATION1": "plateau plaine" }, "geometry": { "type": "MultiPolygon", "coordinates": [ [ [ [ 521240.14202, 6402781.99033 ], [ 521281.72604, 6402736.6884 ], [ 521333.49891, 6402715.27874 ], [ 521329.40346, 6402703.32431 ], [ 521343.25651, 6402687.2247 ], [ 521317.95854, 6402648.47233 ], [ 521308.52833, 6402595.60154 ], [ 521357.19653, 6402561.23008 ], [ 521321.77623, 6402506.57702 ], [ 521222.45015, 6402576.33548 ], [ 521272.97123, 6402644.84971 ], [ 521208.46039, 6402696.33625 ], [ 521194.33367, 6402679.46992 ], [ 521191.35331, 6402681.49274 ], [ 521164.58815, 6402706.69089 ], [ 521240.14202, 6402781.99033 ] ] ] ] } },
{ "type": "Feature", "properties": { "COMMUNE": "Rampieux", "COMMUNAUTE": "CC des Bastides Dordogne Périgord", "INSEE_COMM": 24347, "ID_CDECOMM": 21, "SURFACE_UR": 0.8219, "COVISIBILI": "non", "SITUATION_": "non boise", "SITUATION1": "plateau plaine" }, "geometry": { "type": "MultiPolygon", "coordinates": [ [ [ [ 526499.20961, 6403873.22429 ], [ 526484.58985, 6403917.30343 ], [ 526471.91828, 6403955.37215 ], [ 526483.96411, 6403962.26541 ], [ 526515.0735, 6403978.99079 ], [ 526550.1954, 6403997.68092 ], [ 526553.15087, 6403992.66119 ], [ 526568.86085, 6403959.56243 ], [ 526581.64024, 6403934.48033 ], [ 526588.50869, 6403919.43771 ], [ 526514.26067, 6403881.09164 ], [ 526508.2419, 6403878.1445 ], [ 526499.20961, 6403873.22429 ] ] ] ] } },
{ "type": "Feature", "properties": { "COMMUNE": "Lavalade", "COMMUNAUTE": "CC des Bastides Dordogne Périgord", "INSEE_COMM": 24231, "ID_CDECOMM": 21, "SURFACE_UR": 2.2508, "COVISIBILI": "non", "SITUATION_": "non boise", "SITUATION1": "plateau plaine" }, "geometry": { "type": "MultiPolygon", "coordinates": [ [ [ [ 531343.0094, 6401756.98822 ], [ 531350.31752, 6401794.89119 ], [ 531347.39525, 6401803.90686 ], [ 531347.42014, 6401806.90379 ], [ 531350.54982, 6401822.8625 ], [ 531353.62972, 6401832.82735 ], [ 531357.77498, 6401850.77571 ], [ 531358.98137, 6401875.7418 ], [ 531361.31948, 6401916.68319 ], [ 531368.30404, 6401915.62612 ], [ 531397.21638, 6401908.39263 ], [ 531417.16278, 6401904.23075 ], [ 531425.65581, 6401844.21753 ], [ 531428.47023, 6401822.21518 ], [ 531442.74142, 6401736.17882 ], [ 531409.74532, 6401612.57146 ], [ 531330.10075, 6401646.20157 ], [ 531360.94955, 6401751.84397 ], [ 531351.98362, 6401754.91558 ], [ 531345.99804, 6401755.96435 ], [ 531343.0094, 6401756.98822 ] ] ] ] } },
{ "type": "Feature", "properties": { "COMMUNE": "Sainte-Sabine-Born", "COMMUNAUTE": "CC des Bastides Dordogne Périgord", "INSEE_COMM": 24497, "ID_CDECOMM": 21, "SURFACE_UR": 0.87085, "COVISIBILI": "non", "SITUATION_": "non boise", "SITUATION1": "plateau plaine" }, "geometry": { "type": "MultiPolygon", "coordinates": [ [ [ [ 521710.49396, 6403359.52434 ], [ 521729.37508, 6403347.37912 ], [ 521761.21809, 6403332.12916 ], [ 521788.08277, 6403318.91861 ], [ 521789.84852, 6403290.9309 ], [ 521791.62257, 6403263.94217 ], [ 521794.20484, 6403213.96887 ], [ 521789.19335, 6403212.0124 ], [ 521775.15785, 6403206.13472 ], [ 521767.14112, 6403203.20418 ], [ 521757.11814, 6403199.29126 ], [ 521753.17197, 6403205.31825 ], [ 521743.34802, 6403225.38056 ], [ 521731.55929, 6403249.45534 ], [ 521715.84097, 6403281.55504 ], [ 521713.87618, 6403285.56751 ], [ 521710.49396, 6403359.52434 ] ] ] ] } },
{ "type": "Feature", "properties": { "COMMUNE": "Pressignac-Vicq", "COMMUNAUTE": "CC des Bastides Dordogne Périgord", "INSEE_COMM": 24338, "ID_CDECOMM": 21, "SURFACE_UR": 2.1774, "COVISIBILI": "oui", "SITUATION_": "non boise", "SITUATION1": "plateau plaine" }, "geometry": { "type": "MultiPolygon", "coordinates": [ [ [ [ 522302.69419, 6425230.72449 ], [ 522364.40749, 6425203.23785 ], [ 522364.1503, 6425172.26927 ], [ 522363.68914, 6424996.43937 ], [ 522315.7294, 6424995.83833 ], [ 522315.10718, 6424920.91436 ], [ 522284.12195, 6424919.17339 ], [ 522281.37387, 6424949.16784 ], [ 522267.37144, 6424947.28594 ], [ 522271.20632, 6425048.15868 ], [ 522273.55274, 6425090.09953 ], [ 522291.24902, 6425175.87143 ], [ 522302.69419, 6425230.72449 ] ] ] ] } },
{ "type": "Feature", "properties": { "COMMUNE": "Lanquais", "COMMUNAUTE": "CC des Bastides Dordogne Périgord", "INSEE_COMM": 24228, "ID_CDECOMM": 21, "SURFACE_UR": 1.1584, "COVISIBILI": "non", "SITUATION_": "boise", "SITUATION1": "pente" }, "geometry": { "type": "MultiPolygon", "coordinates": [ [ [ [ 516209.53428, 6415613.46553 ], [ 516216.28672, 6415584.43709 ], [ 516221.09924, 6415562.41809 ], [ 516229.84136, 6415532.37408 ], [ 516226.8444, 6415532.39895 ], [ 516212.70934, 6415514.53341 ], [ 516200.59713, 6415499.64821 ], [ 516197.50897, 6415488.68432 ], [ 516194.41251, 6415476.72144 ], [ 516199.26648, 6415459.69733 ], [ 516179.25359, 6415455.86725 ], [ 516135.15724, 6415439.24942 ], [ 516132.15199, 6415438.27532 ], [ 516131.153, 6415438.28361 ], [ 516116.64913, 6415496.34878 ], [ 516124.03174, 6415543.24277 ], [ 516209.53428, 6415613.46553 ] ] ] ] } },
{ "type": "Feature", "properties": { "COMMUNE": "Lolme", "COMMUNAUTE": "CC des Bastides Dordogne Périgord", "INSEE_COMM": 24244, "ID_CDECOMM": 21, "SURFACE_UR": 2.0679, "COVISIBILI": "non", "SITUATION_": "clairiere", "SITUATION1": "pente" }, "geometry": { "type": "MultiPolygon", "coordinates": [ [ [ [ 528880.96331, 6404356.96299 ], [ 528911.65797, 6404323.73973 ], [ 528917.59379, 6404316.69715 ], [ 528944.32572, 6404287.50296 ], [ 528942.31117, 6404285.52161 ], [ 528963.07409, 6404259.37412 ], [ 528964.06478, 6404258.36685 ], [ 528978.88359, 6404238.26297 ], [ 528965.8056, 6404227.38213 ], [ 528906.49249, 6404182.91786 ], [ 528908.46557, 6404179.90436 ], [ 528872.25343, 6404150.23386 ], [ 528826.6653, 6404194.57025 ], [ 528841.76613, 6404208.43141 ], [ 528790.49103, 6404289.77954 ], [ 528815.64802, 6404311.54952 ], [ 528824.7052, 6404319.46663 ], [ 528835.76864, 6404328.36613 ], [ 528849.8622, 6404341.23662 ], [ 528857.90381, 6404347.16408 ], [ 528864.92985, 6404351.1019 ], [ 528880.96331, 6404356.96299 ] ] ] ] } },
{ "type": "Feature", "properties": { "COMMUNE": "Marsalès", "COMMUNAUTE": "CC des Bastides Dordogne Périgord", "INSEE_COMM": 24257, "ID_CDECOMM": 21, "SURFACE_UR": 0.65835, "COVISIBILI": "non", "SITUATION_": "non boise", "SITUATION1": "plateau plaine" }, "geometry": { "type": "MultiPolygon", "coordinates": [ [ [ [ 532393.92759, 6401145.83349 ], [ 532333.33834, 6401188.29676 ], [ 532351.91736, 6401260.0736 ], [ 532427.71532, 6401244.45816 ], [ 532393.92759, 6401145.83349 ] ] ] ] } },
{ "type": "Feature", "properties": { "COMMUNE": "Marsalès", "COMMUNAUTE": "CC des Bastides Dordogne Périgord", "INSEE_COMM": 24257, "ID_CDECOMM": 21, "SURFACE_UR": 2.182, "COVISIBILI": "oui", "SITUATION_": "non boise", "SITUATION1": "plateau plaine" }, "geometry": { "type": "MultiPolygon", "coordinates": [ [ [ [ 531675.38597, 6401479.48981 ], [ 531686.32496, 6401473.40467 ], [ 531741.01992, 6401442.97894 ], [ 531732.87045, 6401424.06481 ], [ 531718.61095, 6401391.21482 ], [ 531702.3286, 6401355.3845 ], [ 531689.08468, 6401324.52417 ], [ 531678.87917, 6401298.63381 ], [ 531671.9195, 6401302.6878 ], [ 531628.18013, 6401329.02633 ], [ 531612.27113, 6401338.1499 ], [ 531547.65275, 6401376.65041 ], [ 531556.7929, 6401394.55727 ], [ 531574.00785, 6401422.38749 ], [ 531578.06185, 6401429.34711 ], [ 531599.3059, 6401461.14003 ], [ 531610.42742, 6401477.03234 ], [ 531626.61021, 6401500.87496 ], [ 531630.63931, 6401504.83766 ], [ 531675.38597, 6401479.48981 ] ] ] ] } },
{ "type": "Feature", "properties": { "COMMUNE": "Saint-Avit-Sénieur", "COMMUNAUTE": "CC des Bastides Dordogne Périgord", "INSEE_COMM": 24379, "ID_CDECOMM": 21, "SURFACE_UR": 4.3639, "COVISIBILI": "non", "SITUATION_": "clairiere", "SITUATION1": "plateau plaine" }, "geometry": { "type": "MultiPolygon", "coordinates": [ [ [ [ 527983.6247, 6410831.21968 ], [ 527968.2382, 6410903.27867 ], [ 527975.24766, 6410905.21857 ], [ 527986.25305, 6410907.1253 ], [ 528006.2161, 6410904.96149 ], [ 528039.15762, 6410901.69089 ], [ 528068.10322, 6410898.45346 ], [ 528073.08983, 6410897.41302 ], [ 528083.07136, 6410896.33112 ], [ 528075.76329, 6410858.42806 ], [ 528073.51648, 6410828.47535 ], [ 528072.31843, 6410804.50821 ], [ 528072.26866, 6410798.51435 ], [ 528072.2189, 6410792.5205 ], [ 528087.4478, 6410701.48095 ], [ 528106.33254, 6410569.45022 ], [ 528101.09709, 6410540.52137 ], [ 528084.9226, 6410517.67761 ], [ 528063.81956, 6410502.86712 ], [ 528039.77764, 6410495.07435 ], [ 527981.85328, 6410497.5533 ], [ 527942.57417, 6410579.80108 ], [ 527972.78417, 6410608.52259 ], [ 527975.82259, 6410613.4926 ], [ 527977.9035, 6410623.46577 ], [ 527987.20123, 6410660.35326 ], [ 527993.68451, 6410719.2431 ], [ 527994.84108, 6410738.21536 ], [ 527992.27546, 6410790.18701 ], [ 527992.28375, 6410791.18599 ], [ 527991.35113, 6410799.18609 ], [ 527983.6247, 6410831.21968 ] ] ] ] } },
{ "type": "Feature", "properties": { "COMMUNE": "Saint-Romain-de-Monpazier", "COMMUNAUTE": "CC des Bastides Dordogne Périgord", "INSEE_COMM": 24495, "ID_CDECOMM": 21, "SURFACE_UR": 0.65535, "COVISIBILI": null, "SITUATION_": null, "SITUATION1": null }, "geometry": { "type": "MultiPolygon", "coordinates": [ [ [ [ 530343.36395, 6404572.59908 ], [ 530351.3475, 6404571.53373 ], [ 530357.3165, 6404568.48703 ], [ 530369.2462, 6404561.39465 ], [ 530389.10968, 6404547.24309 ], [ 530396.06106, 6404542.19015 ], [ 530404.99382, 6404535.12266 ], [ 530427.81276, 6404515.95135 ], [ 530443.63055, 6404495.83914 ], [ 530451.53944, 6404485.78303 ], [ 530436.4469, 6404472.92084 ], [ 530443.32363, 6404458.87714 ], [ 530436.32247, 6404457.93625 ], [ 530423.3855, 6404464.03795 ], [ 530400.43383, 6404467.22571 ], [ 530394.47313, 6404471.27138 ], [ 530373.69362, 6404495.42096 ], [ 530342.03317, 6404532.64846 ], [ 530313.25352, 6404555.86545 ], [ 530325.30765, 6404563.75767 ], [ 530332.33369, 6404567.69548 ], [ 530339.35973, 6404571.63329 ], [ 530343.36395, 6404572.59908 ] ] ] ] } },
{ "type": "Feature", "properties": { "COMMUNE": "Mauzac-et-Grand-Castang", "COMMUNAUTE": "CC des Bastides Dordogne Périgord", "INSEE_COMM": 24260, "ID_CDECOMM": 21, "SURFACE_UR": 2.37045, "COVISIBILI": "non", "SITUATION_": "boise", "SITUATION1": "pente" }, "geometry": { "type": "MultiPolygon", "coordinates": [ [ [ [ 525789.88967, 6421319.45728 ], [ 525785.10215, 6421344.47333 ], [ 525784.14465, 6421349.47654 ], [ 525867.11862, 6421355.7811 ], [ 525960.08246, 6421362.00273 ], [ 525981.47111, 6421290.89245 ], [ 525985.28453, 6421268.88164 ], [ 525984.22747, 6421261.89705 ], [ 525985.03563, 6421238.91214 ], [ 525868.02145, 6421223.8987 ], [ 525806.0096, 6421215.42202 ], [ 525802.18789, 6421236.43384 ], [ 525802.19618, 6421237.43282 ], [ 525799.35686, 6421256.43839 ], [ 525797.50822, 6421274.43668 ], [ 525789.88967, 6421319.45728 ] ] ] ] } },
{ "type": "Feature", "properties": { "COMMUNE": "Lanquais", "COMMUNAUTE": "CC des Bastides Dordogne Périgord", "INSEE_COMM": 24228, "ID_CDECOMM": 21, "SURFACE_UR": 0.66925, "COVISIBILI": "non", "SITUATION_": "non boise", "SITUATION1": "pente" }, "geometry": { "type": "MultiPolygon", "coordinates": [ [ [ [ 516202.79842, 6415644.49194 ], [ 516209.53428, 6415613.46553 ], [ 516137.10148, 6415553.12478 ], [ 516143.37732, 6415587.04033 ], [ 516138.75551, 6415632.03586 ], [ 516137.03117, 6415665.01877 ], [ 516150.49062, 6415721.85281 ], [ 516184.43957, 6415719.57294 ], [ 516178.14715, 6415683.65943 ], [ 516170.95524, 6415659.74196 ], [ 516168.8246, 6415643.77487 ], [ 516202.79842, 6415644.49194 ] ] ] ] } },
{ "type": "Feature", "properties": { "COMMUNE": "Vergt-de-Biron", "COMMUNAUTE": "CC des Bastides Dordogne Périgord", "INSEE_COMM": 24572, "ID_CDECOMM": 21, "SURFACE_UR": 0.93815, "COVISIBILI": "non", "SITUATION_": "boise", "SITUATION1": "pente" }, "geometry": { "type": "MultiPolygon", "coordinates": [ [ [ [ 527528.30517, 6393774.38343 ], [ 527536.33014, 6393778.31289 ], [ 527606.53201, 6393810.69771 ], [ 527673.81531, 6393732.21378 ], [ 527603.48903, 6393684.84445 ], [ 527551.02446, 6393743.22452 ], [ 527545.10526, 6393752.26503 ], [ 527542.14981, 6393757.28477 ], [ 527528.30517, 6393774.38343 ] ] ] ] } },
{ "type": "Feature", "properties": { "COMMUNE": "Lalinde", "COMMUNAUTE": "CC des Bastides Dordogne Périgord", "INSEE_COMM": 24223, "ID_CDECOMM": 21, "SURFACE_UR": 2.38205, "COVISIBILI": "non", "SITUATION_": "non boise", "SITUATION1": "vallee" }, "geometry": { "type": "MultiPolygon", "coordinates": [ [ [ [ 524330.64149, 6419439.36651 ], [ 524324.93793, 6419474.38064 ], [ 524308.52759, 6419543.45137 ], [ 524305.64677, 6419557.462 ], [ 524303.69028, 6419562.47349 ], [ 524302.73277, 6419567.47669 ], [ 524307.75259, 6419570.43218 ], [ 524352.85628, 6419588.04072 ], [ 524353.85527, 6419588.03243 ], [ 524356.82734, 6419585.01061 ], [ 524362.77977, 6419579.96594 ], [ 524378.6557, 6419566.8465 ], [ 524395.52232, 6419552.71979 ], [ 524413.37963, 6419537.5858 ], [ 524414.37032, 6419536.57853 ], [ 524435.05866, 6419501.44002 ], [ 524421.45795, 6419427.62314 ], [ 524420.40089, 6419420.63856 ], [ 524415.26493, 6419403.69732 ], [ 524414.23276, 6419399.70969 ], [ 524414.09173, 6419382.72699 ], [ 524414.9248, 6419362.73906 ], [ 524415.6749, 6419332.76131 ], [ 524412.59499, 6419322.79636 ], [ 524407.60006, 6419322.83782 ], [ 524356.58542, 6419315.26886 ], [ 524342.58302, 6419313.38698 ], [ 524338.58708, 6419313.42015 ], [ 524338.67834, 6419324.40895 ], [ 524335.13037, 6419378.38715 ], [ 524333.29832, 6419398.38337 ], [ 524330.64149, 6419439.36651 ] ] ] ] } },
{ "type": "Feature", "properties": { "COMMUNE": "Vergt-de-Biron", "COMMUNAUTE": "CC des Bastides Dordogne Périgord", "INSEE_COMM": 24572, "ID_CDECOMM": 21, "SURFACE_UR": 1.96705, "COVISIBILI": "non", "SITUATION_": "clairiere", "SITUATION1": "plateau plaine" }, "geometry": { "type": "MultiPolygon", "coordinates": [ [ [ [ 529212.27621, 6396250.99069 ], [ 529212.27621, 6396250.99069 ], [ 529275.05407, 6396231.4873 ], [ 529274.94624, 6396218.50069 ], [ 529277.75238, 6396195.49948 ], [ 529293.28806, 6396141.42228 ], [ 529321.052, 6396116.2156 ], [ 529243.50046, 6396040.93308 ], [ 529242.49318, 6396039.94241 ], [ 529230.4723, 6396036.04614 ], [ 529204.60677, 6396049.24858 ], [ 529202.61711, 6396050.26415 ], [ 529199.70314, 6396060.27875 ], [ 529182.19439, 6396117.36945 ], [ 529179.27212, 6396126.38508 ], [ 529179.43802, 6396146.36448 ], [ 529181.57698, 6396163.33036 ], [ 529184.79788, 6396190.27765 ], [ 529188.01877, 6396217.22493 ], [ 529190.09137, 6396226.19906 ], [ 529193.32056, 6396254.14532 ], [ 529212.27621, 6396250.99069 ] ] ] ] } },
{ "type": "Feature", "properties": { "COMMUNE": "Saint-Capraise-de-Lalinde", "COMMUNAUTE": "CC des Bastides Dordogne Périgord", "INSEE_COMM": 24382, "ID_CDECOMM": 21, "SURFACE_UR": 6.5055, "COVISIBILI": "non", "SITUATION_": "non boise", "SITUATION1": "vallee" }, "geometry": { "type": "MultiPolygon", "coordinates": [ [ [ [ 513706.31457, 6418793.23453 ], [ 513698.09884, 6418766.32833 ], [ 513603.47682, 6418801.08125 ], [ 513521.80019, 6418830.73149 ], [ 513522.83234, 6418834.71912 ], [ 513415.25662, 6418873.57572 ], [ 513415.74573, 6418932.51566 ], [ 513435.19903, 6418989.30014 ], [ 513453.63677, 6419044.09494 ], [ 513459.61412, 6419042.04724 ], [ 513516.36579, 6419018.59814 ], [ 513536.27923, 6419010.44049 ], [ 513581.08449, 6418992.08577 ], [ 513598.01755, 6418985.95095 ], [ 513649.79086, 6418964.54126 ], [ 513706.55081, 6418942.09114 ], [ 513731.44262, 6418931.89407 ], [ 513740.40864, 6418928.82251 ], [ 513740.40035, 6418927.82353 ], [ 513782.22522, 6418911.49164 ], [ 513820.06242, 6418896.1919 ], [ 513823.0511, 6418895.16804 ], [ 513790.03062, 6418768.56261 ], [ 513706.31457, 6418793.23453 ] ] ] ] } },
{ "type": "Feature", "properties": { "COMMUNE": "Beaumontois-en-Périgord (Nojals-et-Clotte)", "COMMUNAUTE": "CC des Bastides Dordogne Périgord", "INSEE_COMM": 24310, "ID_CDECOMM": 21, "SURFACE_UR": 2.7182, "COVISIBILI": "non", "SITUATION_": "non boise", "SITUATION1": "pente" }, "geometry": { "type": "MultiPolygon", "coordinates": [ [ [ [ 523251.69446, 6403439.63693 ], [ 523255.69868, 6403440.60271 ], [ 523302.87019, 6403346.30141 ], [ 523307.66605, 6403322.28467 ], [ 523318.23187, 6403271.24599 ], [ 523330.06207, 6403252.16603 ], [ 523400.55018, 6403198.63164 ], [ 523371.33921, 6403169.90213 ], [ 523351.20201, 6403151.08764 ], [ 523347.16461, 6403146.12598 ], [ 523284.72641, 6403206.58678 ], [ 523295.75667, 6403211.49036 ], [ 523300.90086, 6403229.43033 ], [ 523290.1277, 6403255.49478 ], [ 523269.05786, 6403244.68034 ], [ 523190.7023, 6403313.26561 ], [ 523175.85857, 6403330.37252 ], [ 523165.10199, 6403358.43491 ], [ 523166.46589, 6403402.38125 ], [ 523175.59771, 6403419.28907 ], [ 523195.74321, 6403439.10253 ], [ 523223.94691, 6403466.84138 ], [ 523242.67045, 6403435.71571 ], [ 523251.69446, 6403439.63693 ] ] ] ] } },
{ "type": "Feature", "properties": { "COMMUNE": "Lanquais", "COMMUNAUTE": "CC des Bastides Dordogne Périgord", "INSEE_COMM": 24228, "ID_CDECOMM": 21, "SURFACE_UR": 1.15675, "COVISIBILI": "non", "SITUATION_": "non boise", "SITUATION1": "vallee" }, "geometry": { "type": "MultiPolygon", "coordinates": [ [ [ [ 516137.10148, 6415553.12478 ], [ 516124.03174, 6415543.24277 ], [ 516116.64913, 6415496.34878 ], [ 516131.153, 6415438.28361 ], [ 516131.0535, 6415426.29586 ], [ 516107.07784, 6415426.49485 ], [ 516097.09627, 6415427.57675 ], [ 516063.19708, 6415435.85049 ], [ 516065.26967, 6415444.82472 ], [ 516070.39727, 6415460.76693 ], [ 516073.49373, 6415472.72981 ], [ 516074.56734, 6415481.71233 ], [ 516075.59949, 6415485.69996 ], [ 516076.73944, 6415502.67432 ], [ 516075.89799, 6415521.66322 ], [ 516073.98294, 6415531.66959 ], [ 516069.07921, 6415542.69982 ], [ 516064.17549, 6415553.73005 ], [ 516055.27583, 6415564.79345 ], [ 516043.41237, 6415579.87764 ], [ 516127.71691, 6415626.13319 ], [ 516137.03117, 6415665.01877 ], [ 516138.75551, 6415632.03586 ], [ 516143.37732, 6415587.04033 ], [ 516137.10148, 6415553.12478 ] ] ] ] } },
{ "type": "Feature", "properties": { "COMMUNE": "Vergt-de-Biron", "COMMUNAUTE": "CC des Bastides Dordogne Périgord", "INSEE_COMM": 24572, "ID_CDECOMM": 21, "SURFACE_UR": 2.11755, "COVISIBILI": "non", "SITUATION_": "clairiere", "SITUATION1": "plateau plaine" }, "geometry": { "type": "MultiPolygon", "coordinates": [ [ [ [ 528968.80587, 6392195.92324 ], [ 529032.4581, 6392161.42694 ], [ 529001.18303, 6392124.72257 ], [ 528996.16328, 6392121.76719 ], [ 528988.13003, 6392116.83878 ], [ 528973.08737, 6392109.97056 ], [ 528959.0271, 6392101.09611 ], [ 528955.997, 6392097.12515 ], [ 528944.88388, 6392082.23199 ], [ 528930.74895, 6392064.36683 ], [ 528892.90411, 6392078.6679 ], [ 528823.26634, 6392114.21296 ], [ 528831.50696, 6392144.11554 ], [ 528840.8378, 6392184.99845 ], [ 528847.0556, 6392211.92074 ], [ 528852.26613, 6392237.85236 ], [ 528853.33976, 6392246.83476 ], [ 528865.29425, 6392242.73926 ], [ 528874.26842, 6392240.66659 ], [ 528883.22599, 6392236.596 ], [ 528893.17425, 6392231.51813 ], [ 528910.04066, 6392217.39144 ], [ 528968.80587, 6392195.92324 ] ] ] ] } },
{ "type": "Feature", "properties": { "COMMUNE": "Lolme", "COMMUNAUTE": "CC des Bastides Dordogne Périgord", "INSEE_COMM": 24244, "ID_CDECOMM": 21, "SURFACE_UR": 0.83865, "COVISIBILI": "non", "SITUATION_": "clairiere", "SITUATION1": "pente" }, "geometry": { "type": "MultiPolygon", "coordinates": [ [ [ [ 528956.77907, 6404584.11473 ], [ 528957.71999, 6404577.11363 ], [ 528957.66192, 6404570.12083 ], [ 528953.52499, 6404553.17148 ], [ 528954.39125, 6404537.17963 ], [ 528955.07503, 6404499.21039 ], [ 528955.94959, 6404484.21751 ], [ 528956.91539, 6404480.21333 ], [ 528947.91627, 6404479.28902 ], [ 528930.90872, 6404476.43314 ], [ 528935.05395, 6404494.38145 ], [ 528895.11132, 6404496.71124 ], [ 528830.19418, 6404499.24843 ], [ 528828.19622, 6404499.26502 ], [ 528827.34654, 6404517.25481 ], [ 528834.38088, 6404522.1916 ], [ 528842.4142, 6404527.12009 ], [ 528879.56726, 6404549.7895 ], [ 528872.77347, 6404573.82291 ], [ 528928.73296, 6404575.35627 ], [ 528935.72583, 6404575.2982 ], [ 528956.77907, 6404584.11473 ] ] ] ] } },
{ "type": "Feature", "properties": { "COMMUNE": "Marsalès", "COMMUNAUTE": "CC des Bastides Dordogne Périgord", "INSEE_COMM": 24257, "ID_CDECOMM": 21, "SURFACE_UR": 4.50115, "COVISIBILI": "non", "SITUATION_": "non boise", "SITUATION1": "plateau plaine" }, "geometry": { "type": "MultiPolygon", "coordinates": [ [ [ [ 532679.16107, 6401447.17316 ], [ 532761.99338, 6401436.49449 ], [ 532750.98802, 6401434.58784 ], [ 532739.99095, 6401433.68017 ], [ 532726.95443, 6401427.79421 ], [ 532710.90438, 6401419.93521 ], [ 532703.86174, 6401413.99946 ], [ 532692.7817, 6401403.10202 ], [ 532685.63119, 6401384.17958 ], [ 532679.47967, 6401365.24884 ], [ 532671.93919, 6401299.37454 ], [ 532656.93291, 6401176.61674 ], [ 532650.4163, 6401113.73107 ], [ 532789.46023, 6401014.66941 ], [ 532776.30755, 6400994.7978 ], [ 532770.22241, 6400983.85887 ], [ 532768.17467, 6400977.88162 ], [ 532752.09143, 6400966.02672 ], [ 532699.81263, 6400926.49932 ], [ 532575.65382, 6401013.44876 ], [ 532572.68178, 6401016.47059 ], [ 532590.89573, 6401044.2925 ], [ 532609.10138, 6401071.11543 ], [ 532626.29145, 6401095.94872 ], [ 532639.43583, 6401114.82135 ], [ 532643.49813, 6401122.77995 ], [ 532642.52404, 6401125.78518 ], [ 532641.58314, 6401132.78631 ], [ 532645.94414, 6401176.70804 ], [ 532648.05826, 6401190.6771 ], [ 532648.10804, 6401196.67095 ], [ 532652.42756, 6401235.5978 ], [ 532593.51268, 6401239.08444 ], [ 532571.54343, 6401240.26602 ], [ 532562.56092, 6401241.3397 ], [ 532542.047, 6401297.45664 ], [ 532536.21077, 6401316.48697 ], [ 532535.27817, 6401324.48708 ], [ 532535.32795, 6401330.48093 ], [ 532625.16971, 6401321.74212 ], [ 532625.31906, 6401339.72368 ], [ 532626.4342, 6401353.70104 ], [ 532621.4393, 6401353.74254 ], [ 532559.55237, 6401360.251 ], [ 532535.59346, 6401362.44816 ], [ 532536.68371, 6401373.42859 ], [ 532541.0613, 6401419.34827 ], [ 532555.03042, 6401417.23412 ], [ 532630.89477, 6401409.61049 ], [ 532672.81871, 6401405.26598 ], [ 532679.16107, 6401447.17316 ] ] ] ] } },
{ "type": "Feature", "properties": { "COMMUNE": "Sainte-Sabine-Born", "COMMUNAUTE": "CC des Bastides Dordogne Périgord", "INSEE_COMM": 24497, "ID_CDECOMM": 21, "SURFACE_UR": 4.8236, "COVISIBILI": "non", "SITUATION_": "non boise", "SITUATION1": "plateau plaine" }, "geometry": { "type": "MultiPolygon", "coordinates": [ [ [ [ 521339.61695, 6402489.44521 ], [ 521375.37301, 6402464.17233 ], [ 521388.27686, 6402454.07479 ], [ 521483.72308, 6402398.33508 ], [ 521431.20403, 6402329.83746 ], [ 521374.68077, 6402260.37405 ], [ 521374.34087, 6402219.41626 ], [ 521362.92098, 6402167.56104 ], [ 521351.80784, 6402152.66773 ], [ 521309.53561, 6402115.05525 ], [ 521300.42872, 6402101.14432 ], [ 521270.97743, 6402043.4446 ], [ 521241.4018, 6401970.76033 ], [ 521169.69073, 6401997.3308 ], [ 521194.12223, 6402052.07508 ], [ 521223.59009, 6402111.77274 ], [ 521253.06624, 6402172.46938 ], [ 521272.35362, 6402209.27368 ], [ 521300.61524, 6402244.00538 ], [ 521313.74293, 6402260.88004 ], [ 521330.88312, 6402279.71947 ], [ 521340.01489, 6402296.62731 ], [ 521335.10289, 6402306.65849 ], [ 521324.44571, 6402346.70855 ], [ 521320.61559, 6402366.72114 ], [ 521317.69326, 6402375.73676 ], [ 521304.90547, 6402399.81989 ], [ 521300.97587, 6402407.84483 ], [ 521293.05863, 6402416.90193 ], [ 521285.12482, 6402423.96108 ], [ 521339.61695, 6402489.44521 ] ] ] ] } },
{ "type": "Feature", "properties": { "COMMUNE": "Saint-Cassien", "COMMUNAUTE": "CC des Bastides Dordogne Périgord", "INSEE_COMM": 24384, "ID_CDECOMM": 21, "SURFACE_UR": 4.32285, "COVISIBILI": "non", "SITUATION_": "non boise", "SITUATION1": "plateau plaine" }, "geometry": { "type": "MultiPolygon", "coordinates": [ [ [ [ 529423.94505, 6400085.54691 ], [ 529416.12742, 6400106.59172 ], [ 529406.35331, 6400132.648 ], [ 529397.54499, 6400154.70009 ], [ 529391.67555, 6400169.73448 ], [ 529385.8144, 6400185.76784 ], [ 529382.87553, 6400192.78554 ], [ 529375.0579, 6400213.83036 ], [ 529377.10563, 6400219.8076 ], [ 529379.12017, 6400221.78895 ], [ 529382.11711, 6400221.76405 ], [ 529422.03477, 6400216.43725 ], [ 529451.97924, 6400213.19137 ], [ 529461.96902, 6400213.10839 ], [ 529479.57735, 6400168.00523 ], [ 529483.44055, 6400151.98847 ], [ 529493.04046, 6400104.95375 ], [ 529495.92126, 6400090.94324 ], [ 529515.9506, 6400096.7711 ], [ 529524.61789, 6400057.73647 ], [ 529532.36916, 6400028.69987 ], [ 529537.23962, 6400013.67378 ], [ 529574.26818, 6400021.35851 ], [ 529589.03718, 6399995.26073 ], [ 529628.42394, 6399925.99965 ], [ 529655.02307, 6399880.8218 ], [ 529595.86768, 6399855.33814 ], [ 529586.84369, 6399851.41694 ], [ 529523.6841, 6399824.96751 ], [ 529515.75863, 6399833.02568 ], [ 529505.93475, 6399853.08813 ], [ 529498.05077, 6399866.14116 ], [ 529489.15121, 6399877.20455 ], [ 529482.22472, 6399885.25443 ], [ 529476.28892, 6399892.29703 ], [ 529472.35937, 6399900.322 ], [ 529464.57492, 6399925.36271 ], [ 529461.66923, 6399936.37631 ], [ 529454.93353, 6399967.40256 ], [ 529449.18852, 6399997.42153 ], [ 529446.31601, 6400012.43102 ], [ 529443.41032, 6400023.44462 ], [ 529438.60622, 6400046.46249 ], [ 529434.70155, 6400057.48438 ], [ 529431.77097, 6400065.50106 ], [ 529423.94505, 6400085.54691 ] ] ] ] } },
{ "type": "Feature", "properties": { "COMMUNE": "Saint-Capraise-de-Lalinde", "COMMUNAUTE": "CC des Bastides Dordogne Périgord", "INSEE_COMM": 24382, "ID_CDECOMM": 21, "SURFACE_UR": 1.8678, "COVISIBILI": "non", "SITUATION_": "non boise", "SITUATION1": "vallee" }, "geometry": { "type": "MultiPolygon", "coordinates": [ [ [ [ 513627.63484, 6419063.63116 ], [ 513665.48034, 6419049.33039 ], [ 513701.31957, 6419034.04723 ], [ 513734.17841, 6419020.78689 ], [ 513773.01461, 6419005.47886 ], [ 513800.89509, 6418994.25794 ], [ 513814.83948, 6418989.14697 ], [ 513847.69832, 6418975.88663 ], [ 513893.50256, 6418957.52362 ], [ 513930.34906, 6418943.23114 ], [ 513942.29547, 6418938.13675 ], [ 513978.1347, 6418922.85357 ], [ 514002.03581, 6418913.66377 ], [ 514029.91629, 6418902.44285 ], [ 514046.84105, 6418895.30904 ], [ 514091.6463, 6418876.95431 ], [ 514082.47302, 6418855.05132 ], [ 514078.38587, 6418844.09568 ], [ 514051.50438, 6418855.30831 ], [ 514033.58892, 6418863.44939 ], [ 514006.69914, 6418873.66304 ], [ 513964.87427, 6418889.99494 ], [ 513932.01543, 6418903.25528 ], [ 513911.103, 6418911.42122 ], [ 513879.23486, 6418923.67429 ], [ 513840.39866, 6418938.98232 ], [ 513798.56551, 6418954.31523 ], [ 513785.62011, 6418959.41791 ], [ 513776.65408, 6418962.48947 ], [ 513776.65408, 6418962.48947 ], [ 513758.72204, 6418968.63258 ], [ 513734.82922, 6418978.82136 ], [ 513712.92608, 6418987.99457 ], [ 513678.06926, 6419001.27148 ], [ 513650.18878, 6419012.4924 ], [ 513629.27634, 6419020.65834 ], [ 513613.34227, 6419026.78487 ], [ 513619.46884, 6419042.71885 ], [ 513627.63484, 6419063.63116 ] ] ] ] } },
{ "type": "Feature", "properties": { "COMMUNE": "Lalinde", "COMMUNAUTE": "CC des Bastides Dordogne Périgord", "INSEE_COMM": 24223, "ID_CDECOMM": 21, "SURFACE_UR": 8.89255, "COVISIBILI": "non", "SITUATION_": "boise", "SITUATION1": "pente" }, "geometry": { "type": "MultiPolygon", "coordinates": [ [ [ [ 521507.55299, 6422356.05079 ], [ 521532.27883, 6422325.87401 ], [ 521557.98707, 6422293.69098 ], [ 521583.58747, 6422248.52116 ], [ 521654.2999, 6422221.95899 ], [ 521737.94109, 6422188.29615 ], [ 521787.04438, 6422085.98527 ], [ 521770.03672, 6422083.12925 ], [ 521770.03672, 6422083.12925 ], [ 521768.03874, 6422083.14583 ], [ 521763.03551, 6422082.1883 ], [ 521754.01975, 6422079.26596 ], [ 521746.01126, 6422077.33431 ], [ 521744.00499, 6422076.35191 ], [ 521738.98517, 6422073.3964 ], [ 521738.98517, 6422073.3964 ], [ 521732.95807, 6422069.45021 ], [ 521727.93825, 6422066.49471 ], [ 521727.93825, 6422066.49471 ], [ 521721.89456, 6422060.55054 ], [ 521682.66864, 6422028.90636 ], [ 521675.62596, 6422022.97049 ], [ 521675.62596, 6422022.97049 ], [ 521665.57803, 6422016.0605 ], [ 521665.57803, 6422016.0605 ], [ 521664.57904, 6422016.06879 ], [ 521656.54567, 6422011.14019 ], [ 521650.51857, 6422007.19399 ], [ 521645.49875, 6422004.23849 ], [ 521644.49977, 6422004.24678 ], [ 521621.41523, 6421991.45066 ], [ 521609.36933, 6421984.55725 ], [ 521609.36933, 6421984.55725 ], [ 521590.30563, 6421974.72492 ], [ 521590.30563, 6421974.72492 ], [ 521588.29936, 6421973.74251 ], [ 521586.29309, 6421972.76011 ], [ 521577.25244, 6421966.84081 ], [ 521571.22534, 6421962.89462 ], [ 521570.21806, 6421961.90392 ], [ 521569.21078, 6421960.91323 ], [ 521569.21078, 6421960.91323 ], [ 521567.18792, 6421957.93286 ], [ 521566.16405, 6421954.9442 ], [ 521566.15575, 6421953.94521 ], [ 521565.14018, 6421951.95553 ], [ 521564.09972, 6421946.9689 ], [ 521564.08313, 6421944.97094 ], [ 521566.02304, 6421937.96147 ], [ 521566.98055, 6421932.95826 ], [ 521556.9658, 6421930.04421 ], [ 521553.98543, 6421932.06704 ], [ 521530.17563, 6421952.24568 ], [ 521509.56187, 6421996.37506 ], [ 521492.85281, 6422029.48246 ], [ 521456.10595, 6422055.76277 ], [ 521434.58444, 6422110.88926 ], [ 521374.01584, 6422276.23561 ], [ 521375.11436, 6422288.21513 ], [ 521383.52928, 6422339.09701 ], [ 521393.48597, 6422335.01817 ], [ 521395.47565, 6422334.00261 ], [ 521404.44165, 6422330.93105 ], [ 521415.40563, 6422327.84291 ], [ 521418.41088, 6422328.81702 ], [ 521427.44324, 6422333.73733 ], [ 521445.11811, 6422296.6257 ], [ 521453.17636, 6422304.55126 ], [ 521479.35739, 6422329.31033 ], [ 521483.37822, 6422332.27412 ], [ 521484.3938, 6422334.2638 ], [ 521507.55299, 6422356.05079 ] ] ] ] } },
{ "type": "Feature", "properties": { "COMMUNE": "Lalinde", "COMMUNAUTE": "CC des Bastides Dordogne Périgord", "INSEE_COMM": 24223, "ID_CDECOMM": 21, "SURFACE_UR": 3.0163, "COVISIBILI": "non", "SITUATION_": "non boise", "SITUATION1": "vallee" }, "geometry": { "type": "MultiPolygon", "coordinates": [ [ [ [ 519267.64688, 6417660.11309 ], [ 519249.75638, 6417671.25106 ], [ 519209.00533, 6417696.5654 ], [ 519170.34348, 6417732.85194 ], [ 519179.37582, 6417737.77225 ], [ 519182.38936, 6417739.74535 ], [ 519188.40815, 6417742.69256 ], [ 519216.47096, 6417753.44928 ], [ 519224.48772, 6417756.37992 ], [ 519225.495, 6417757.37061 ], [ 519233.52005, 6417761.30023 ], [ 519251.55155, 6417767.14493 ], [ 519272.57999, 6417772.96476 ], [ 519275.58524, 6417773.93888 ], [ 519289.59591, 6417776.81979 ], [ 519314.6203, 6417782.60647 ], [ 519321.62149, 6417783.54743 ], [ 519326.61642, 6417783.50599 ], [ 519337.61354, 6417784.4138 ], [ 519358.61711, 6417787.23669 ], [ 519371.62051, 6417789.1269 ], [ 519421.61952, 6417794.70637 ], [ 519424.62477, 6417795.68049 ], [ 519444.62106, 6417797.51269 ], [ 519471.63512, 6417802.2838 ], [ 519479.6353, 6417803.21648 ], [ 519489.63344, 6417804.13258 ], [ 519490.52461, 6417791.13754 ], [ 519438.69724, 6417685.66828 ], [ 519438.68895, 6417684.6693 ], [ 519440.55422, 6417668.66903 ], [ 519340.60596, 6417663.50397 ], [ 519278.63571, 6417660.02192 ], [ 519267.64688, 6417660.11309 ] ] ] ] } },
{ "type": "Feature", "properties": { "COMMUNE": "Rampieux", "COMMUNAUTE": "CC des Bastides Dordogne Périgord", "INSEE_COMM": 24347, "ID_CDECOMM": 21, "SURFACE_UR": 1.62495, "COVISIBILI": "non", "SITUATION_": "non boise", "SITUATION1": "pente" }, "geometry": { "type": "MultiPolygon", "coordinates": [ [ [ [ 525347.82354, 6403694.96592 ], [ 525428.08581, 6403615.37518 ], [ 525431.05787, 6403612.35338 ], [ 525445.95965, 6403602.23922 ], [ 525446.95034, 6403601.23195 ], [ 525441.89738, 6403594.28064 ], [ 525428.75304, 6403575.40808 ], [ 525426.73019, 6403572.42776 ], [ 525424.71564, 6403570.44641 ], [ 525417.61495, 6403557.51788 ], [ 525424.56635, 6403552.46495 ], [ 525423.55078, 6403550.47531 ], [ 525416.49156, 6403542.54163 ], [ 525409.46551, 6403538.60383 ], [ 525380.37065, 6403523.8599 ], [ 525372.32903, 6403517.93246 ], [ 525353.27374, 6403509.09938 ], [ 525348.4696, 6403532.11718 ], [ 525352.51528, 6403538.07781 ], [ 525275.06749, 6403595.66631 ], [ 525296.28663, 6403624.4622 ], [ 525291.3249, 6403628.49957 ], [ 525303.42879, 6403642.38558 ], [ 525347.82354, 6403694.96592 ] ] ] ] } },
{ "type": "Feature", "properties": { "COMMUNE": "Lalinde", "COMMUNAUTE": "CC des Bastides Dordogne Périgord", "INSEE_COMM": 24223, "ID_CDECOMM": 21, "SURFACE_UR": 4.98175, "COVISIBILI": "non", "SITUATION_": "non boise", "SITUATION1": "vallee" }, "geometry": { "type": "MultiPolygon", "coordinates": [ [ [ [ 519969.60244, 6417855.09803 ], [ 519983.61311, 6417857.97893 ], [ 520007.61364, 6417860.77694 ], [ 520008.61262, 6417860.76865 ], [ 520029.6079, 6417862.59255 ], [ 520036.60909, 6417863.53351 ], [ 520046.60723, 6417864.44961 ], [ 520050.60317, 6417864.41645 ], [ 520065.60454, 6417866.29008 ], [ 520080.6059, 6417868.16371 ], [ 520105.60541, 6417870.95343 ], [ 520110.60863, 6417871.91097 ], [ 520121.60576, 6417872.81877 ], [ 520122.60475, 6417872.81048 ], [ 520124.7806, 6417773.88651 ], [ 520057.85689, 6417775.44084 ], [ 520059.19135, 6417695.5058 ], [ 520023.23618, 6417696.80318 ], [ 519933.29435, 6417693.55324 ], [ 519879.31599, 6417690.0049 ], [ 519817.35403, 6417687.52185 ], [ 519790.36485, 6417685.74769 ], [ 519774.61788, 6417834.73673 ], [ 519782.61806, 6417835.66941 ], [ 519786.614, 6417835.63625 ], [ 519787.61298, 6417835.62796 ], [ 519801.60707, 6417836.5109 ], [ 519814.60217, 6417837.40213 ], [ 519823.60133, 6417838.32652 ], [ 519842.59863, 6417840.16699 ], [ 519854.60304, 6417842.06549 ], [ 519897.60916, 6417847.70297 ], [ 519943.59565, 6417851.31761 ], [ 519951.59583, 6417852.25028 ], [ 519969.60244, 6417855.09803 ] ] ] ] } },
{ "type": "Feature", "properties": { "COMMUNE": "Liorac-sur-Louyre", "COMMUNAUTE": "CC des Bastides Dordogne Périgord", "INSEE_COMM": 24242, "ID_CDECOMM": 21, "SURFACE_UR": 8.8164, "COVISIBILI": "non", "SITUATION_": "clairiere", "SITUATION1": "plateau plaine" }, "geometry": { "type": "MultiPolygon", "coordinates": [ [ [ [ 513838.10129, 6423236.925 ], [ 513855.14217, 6423243.77697 ], [ 513861.18586, 6423249.72114 ], [ 513853.09856, 6423358.68515 ], [ 513850.83941, 6423447.61971 ], [ 513781.8344, 6423439.20087 ], [ 513780.57013, 6423407.24162 ], [ 513671.61377, 6423400.15336 ], [ 513674.43246, 6423499.03634 ], [ 513666.32857, 6423606.0024 ], [ 513667.39388, 6423613.98599 ], [ 513778.35653, 6423622.05666 ], [ 513782.43958, 6423512.1268 ], [ 513853.35967, 6423510.53922 ], [ 513858.6158, 6423421.57977 ], [ 513968.82815, 6423459.62828 ], [ 514035.97611, 6423485.04645 ], [ 514041.77938, 6423462.02004 ], [ 514090.85431, 6423476.59859 ], [ 514096.86484, 6423478.54682 ], [ 514110.87974, 6423361.54118 ], [ 514111.80412, 6423352.54202 ], [ 514103.8039, 6423351.60936 ], [ 514089.81802, 6423351.72542 ], [ 514079.81153, 6423349.81036 ], [ 514071.80302, 6423347.87871 ], [ 514050.7413, 6423338.06295 ], [ 514040.70994, 6423333.15093 ], [ 514009.59199, 6423315.42619 ], [ 513993.54181, 6423307.56696 ], [ 513985.51672, 6423303.63734 ], [ 513982.51146, 6423302.66322 ], [ 513972.82416, 6423218.82307 ], [ 513971.60133, 6423191.85876 ], [ 513970.44483, 6423172.88633 ], [ 513966.20015, 6423142.94994 ], [ 513956.08589, 6423128.04806 ], [ 513828.00778, 6423104.13458 ], [ 513838.03497, 6423228.93312 ], [ 513838.10129, 6423236.925 ] ] ] ] } },
{ "type": "Feature", "properties": { "COMMUNE": "Saint-Félix-de-Villadeix", "COMMUNAUTE": "CC des Bastides Dordogne Périgord", "INSEE_COMM": 24405, "ID_CDECOMM": 21, "SURFACE_UR": 5.72805, "COVISIBILI": "oui", "SITUATION_": "non boise", "SITUATION1": "pente" }, "geometry": { "type": "MultiPolygon", "coordinates": [ [ [ [ 517898.06284, 6430070.73738 ], [ 517907.23625, 6430092.64052 ], [ 517954.10616, 6430082.26088 ], [ 517964.33662, 6430111.14865 ], [ 517969.43111, 6430123.09507 ], [ 517981.62639, 6430147.97029 ], [ 517997.60205, 6430146.83863 ], [ 518011.57142, 6430144.72455 ], [ 518023.52621, 6430140.62909 ], [ 518052.45565, 6430135.39366 ], [ 518055.43605, 6430133.3708 ], [ 518096.07149, 6430094.07022 ], [ 518122.83708, 6430068.87159 ], [ 518147.5798, 6430040.69257 ], [ 518182.22955, 6430002.44073 ], [ 518208.96196, 6429973.24614 ], [ 518205.91521, 6429967.27708 ], [ 518206.90592, 6429966.2698 ], [ 518191.58925, 6429926.43461 ], [ 518137.59368, 6429920.88848 ], [ 518118.58787, 6429918.04907 ], [ 518117.5557, 6429914.0614 ], [ 518108.05058, 6429852.1987 ], [ 518106.94377, 6429839.22013 ], [ 518045.86401, 6429822.74315 ], [ 518006.97779, 6429832.05746 ], [ 518022.06225, 6429843.92095 ], [ 518005.19541, 6429858.04777 ], [ 517984.36575, 6429876.20372 ], [ 517982.4341, 6429884.21222 ], [ 517993.59721, 6429905.09977 ], [ 517970.86907, 6429935.26018 ], [ 517934.30425, 6429983.51849 ], [ 517915.53063, 6430008.65078 ], [ 517891.82837, 6430041.81644 ], [ 517889.9133, 6430051.82292 ], [ 517898.06284, 6430070.73738 ] ] ] ] } },
{ "type": "Feature", "properties": { "COMMUNE": "Saint-Félix-de-Villadeix", "COMMUNAUTE": "CC des Bastides Dordogne Périgord", "INSEE_COMM": 24405, "ID_CDECOMM": 21, "SURFACE_UR": 2.7469, "COVISIBILI": null, "SITUATION_": "non boise", "SITUATION1": "vallee" }, "geometry": { "type": "MultiPolygon", "coordinates": [ [ [ [ 514268.53893, 6429237.67455 ], [ 514266.54094, 6429237.69113 ], [ 514261.71175, 6429257.71234 ], [ 514264.72532, 6429259.68545 ], [ 514265.74089, 6429261.67514 ], [ 514277.77029, 6429266.5706 ], [ 514283.78913, 6429269.51783 ], [ 514294.81125, 6429273.42259 ], [ 514302.83637, 6429277.35222 ], [ 514307.86451, 6429281.30673 ], [ 514313.9248, 6429289.24889 ], [ 514323.00695, 6429300.16316 ], [ 514333.10468, 6429313.0671 ], [ 514342.20341, 6429325.97934 ], [ 514361.38328, 6429349.79755 ], [ 514374.51115, 6429366.67258 ], [ 514381.57873, 6429375.60545 ], [ 514407.50289, 6429369.39598 ], [ 514419.68979, 6429393.27222 ], [ 514434.89856, 6429420.12055 ], [ 514447.07717, 6429442.9978 ], [ 514455.19349, 6429457.91631 ], [ 514471.43441, 6429488.75231 ], [ 514590.12006, 6429584.67597 ], [ 514597.49029, 6429509.68552 ], [ 514602.26973, 6429483.67037 ], [ 514604.1185, 6429465.672 ], [ 514599.04892, 6429456.72255 ], [ 514564.60224, 6429399.06309 ], [ 514552.55626, 6429392.16965 ], [ 514538.52058, 6429386.29178 ], [ 514510.59843, 6429392.51783 ], [ 514491.6175, 6429392.67534 ], [ 514481.59438, 6429388.76229 ], [ 514436.35771, 6429355.16974 ], [ 514400.17004, 6429328.49549 ], [ 514365.98865, 6429302.80366 ], [ 514316.73942, 6429267.24628 ], [ 514284.5726, 6429243.53584 ], [ 514268.53893, 6429237.67455 ] ] ] ] } },
{ "type": "Feature", "properties": { "COMMUNE": "Marsalès", "COMMUNAUTE": "CC des Bastides Dordogne Périgord", "INSEE_COMM": 24257, "ID_CDECOMM": 21, "SURFACE_UR": 3.88895, "COVISIBILI": "non", "SITUATION_": null, "SITUATION1": "plateau plaine" }, "geometry": { "type": "MultiPolygon", "coordinates": [ [ [ [ 532055.20203, 6402222.62068 ], [ 532031.45052, 6402249.79222 ], [ 532017.36524, 6402237.92069 ], [ 532006.30179, 6402229.0212 ], [ 531999.25915, 6402223.08544 ], [ 532000.24984, 6402222.07816 ], [ 531994.21447, 6402217.13308 ], [ 531991.21753, 6402217.15797 ], [ 531989.25276, 6402221.17047 ], [ 531974.62483, 6402264.25093 ], [ 531958.03212, 6402311.34388 ], [ 531955.10985, 6402320.35957 ], [ 531954.14406, 6402324.36377 ], [ 531983.16426, 6402330.11695 ], [ 531978.40166, 6402358.12976 ], [ 532049.44538, 6402371.52613 ], [ 532093.47515, 6402380.15171 ], [ 532095.47311, 6402380.13511 ], [ 532115.48589, 6402383.96501 ], [ 532113.81975, 6402423.94049 ], [ 532118.92249, 6402436.88563 ], [ 532120.08738, 6402456.85677 ], [ 532122.20148, 6402470.82578 ], [ 532126.34672, 6402488.77407 ], [ 532126.42967, 6402498.76379 ], [ 532126.51263, 6402508.75351 ], [ 532129.53446, 6402511.72553 ], [ 532139.74823, 6402538.61478 ], [ 532142.80324, 6402545.58269 ], [ 532212.52445, 6402520.02745 ], [ 532203.25988, 6402487.13606 ], [ 532201.21215, 6402481.15883 ], [ 532190.89882, 6402442.28192 ], [ 532189.89155, 6402441.29124 ], [ 532181.61766, 6402407.39259 ], [ 532180.59379, 6402404.40398 ], [ 532173.16127, 6402351.51656 ], [ 532181.10333, 6402345.45632 ], [ 532192.10041, 6402346.36401 ], [ 532132.09524, 6402338.87015 ], [ 532159.41951, 6402260.71763 ], [ 532165.97263, 6402207.71381 ], [ 532157.98909, 6402208.77918 ], [ 532141.02303, 6402210.91821 ], [ 532105.10953, 6402217.21084 ], [ 532085.14653, 6402219.37478 ], [ 532062.19488, 6402222.56259 ], [ 532055.20203, 6402222.62068 ] ] ] ] } },
{ "type": "Feature", "properties": { "COMMUNE": "Saint-Romain-de-Monpazier", "COMMUNAUTE": "CC des Bastides Dordogne Périgord", "INSEE_COMM": 24495, "ID_CDECOMM": 21, "SURFACE_UR": 2.81705, "COVISIBILI": null, "SITUATION_": null, "SITUATION1": null }, "geometry": { "type": "MultiPolygon", "coordinates": [ [ [ [ 530395.09999, 6404667.07835 ], [ 530465.58796, 6404613.54369 ], [ 530505.32321, 6404586.23953 ], [ 530543.62813, 6404506.99709 ], [ 530595.02764, 6404440.63342 ], [ 530607.92314, 6404429.53686 ], [ 530528.70506, 6404394.22933 ], [ 530514.67786, 6404389.35062 ], [ 530469.36348, 6404466.6532 ], [ 530452.63796, 6404497.76241 ], [ 530443.73839, 6404508.82578 ], [ 530433.84812, 6404520.89643 ], [ 530415.9992, 6404537.02934 ], [ 530401.10574, 6404548.1425 ], [ 530380.24328, 6404562.30236 ], [ 530357.38286, 6404576.47881 ], [ 530353.42841, 6404581.50686 ], [ 530349.46567, 6404585.53594 ], [ 530347.50089, 6404589.54843 ], [ 530345.5527, 6404595.55886 ], [ 530345.59418, 6404600.55372 ], [ 530347.64191, 6404606.53096 ], [ 530348.69895, 6404613.51548 ], [ 530344.84405, 6404630.5312 ], [ 530345.90109, 6404637.51572 ], [ 530345.92598, 6404640.51264 ], [ 530346.94985, 6404643.50126 ], [ 530349.97167, 6404646.47328 ], [ 530351.98622, 6404648.45464 ], [ 530364.00717, 6404652.35096 ], [ 530371.02492, 6404655.2898 ], [ 530395.09999, 6404667.07835 ] ] ] ] } },
{ "type": "Feature", "properties": { "COMMUNE": "Lalinde", "COMMUNAUTE": "CC des Bastides Dordogne Périgord", "INSEE_COMM": 24223, "ID_CDECOMM": 21, "SURFACE_UR": 6.575, "COVISIBILI": "non", "SITUATION_": "non boise", "SITUATION1": "vallee" }, "geometry": { "type": "MultiPolygon", "coordinates": [ [ [ [ 520763.52283, 6418056.31289 ], [ 521009.77914, 6418115.21155 ], [ 521066.84571, 6418129.72376 ], [ 521098.8713, 6418136.45136 ], [ 521098.8796, 6418137.45035 ], [ 521131.89588, 6418143.17068 ], [ 521124.69562, 6418118.25418 ], [ 521125.47895, 6418092.27238 ], [ 521118.9459, 6418027.38835 ], [ 521120.79457, 6418009.39011 ], [ 520770.78481, 6417968.33625 ], [ 520305.80055, 6417917.24674 ], [ 520303.91869, 6417931.24905 ], [ 520302.03684, 6417945.25136 ], [ 520431.14645, 6417973.15253 ], [ 520475.19303, 6417983.7766 ], [ 520570.28739, 6418005.9657 ], [ 520724.44629, 6418042.65044 ], [ 520724.48776, 6418047.64534 ], [ 520750.51114, 6418053.42371 ], [ 520750.51114, 6418053.42371 ], [ 520751.51012, 6418053.41542 ], [ 520754.51537, 6418054.38953 ], [ 520763.52283, 6418056.31289 ] ] ] ] } },
{ "type": "Feature", "properties": { "COMMUNE": "Lalinde", "COMMUNAUTE": "CC des Bastides Dordogne Périgord", "INSEE_COMM": 24223, "ID_CDECOMM": 21, "SURFACE_UR": 4.61375, "COVISIBILI": "non", "SITUATION_": "boise", "SITUATION1": "vallee" }, "geometry": { "type": "MultiPolygon", "coordinates": [ [ [ [ 518380.73962, 6417931.22023 ], [ 518373.54769, 6417907.3027 ], [ 518358.61267, 6417913.42089 ], [ 518313.08163, 6417723.97918 ], [ 518305.83994, 6417694.06777 ], [ 518301.85229, 6417695.0999 ], [ 518136.34391, 6417735.43653 ], [ 518136.34391, 6417735.43653 ], [ 518148.81275, 6417793.2779 ], [ 518148.82105, 6417794.27689 ], [ 518158.16854, 6417837.15843 ], [ 518159.17582, 6417838.14912 ], [ 518164.38637, 6417864.08116 ], [ 518170.6208, 6417893.00185 ], [ 518171.62808, 6417893.99254 ], [ 518188.27532, 6417973.77833 ], [ 518186.28564, 6417974.7939 ], [ 518182.43896, 6417992.80873 ], [ 518181.44827, 6417993.81601 ], [ 518203.40941, 6417991.6356 ], [ 518203.40941, 6417991.6356 ], [ 518212.39201, 6417990.56198 ], [ 518268.16944, 6417970.11799 ], [ 518291.06316, 6417959.93757 ], [ 518291.06316, 6417959.93757 ], [ 518305.99818, 6417953.81937 ], [ 518323.92186, 6417946.67733 ], [ 518335.88481, 6417943.58094 ], [ 518335.88481, 6417943.58094 ], [ 518366.787, 6417935.33218 ], [ 518380.73962, 6417931.22023 ] ] ] ] } },
{ "type": "Feature", "properties": { "COMMUNE": "Marsalès", "COMMUNAUTE": "CC des Bastides Dordogne Périgord", "INSEE_COMM": 24257, "ID_CDECOMM": 21, "SURFACE_UR": 2.67535, "COVISIBILI": "non", "SITUATION_": "non boise", "SITUATION1": "plateau plaine" }, "geometry": { "type": "MultiPolygon", "coordinates": [ [ [ [ 532014.61916, 6401305.83489 ], [ 532040.53454, 6401298.62627 ], [ 532059.48195, 6401294.47267 ], [ 532085.39734, 6401287.26405 ], [ 532133.24048, 6401273.87898 ], [ 532171.11042, 6401262.57486 ], [ 532200.02274, 6401255.34133 ], [ 532218.94526, 6401248.19081 ], [ 532187.53717, 6401195.50241 ], [ 532148.02108, 6401128.89476 ], [ 532120.15753, 6401142.11384 ], [ 532103.23296, 6401149.24776 ], [ 532060.35983, 6401159.59441 ], [ 532002.40245, 6401158.07785 ], [ 531971.4258, 6401157.33617 ], [ 531978.65096, 6401185.24937 ], [ 531982.80452, 6401204.1967 ], [ 531988.98922, 6401227.12334 ], [ 531998.22064, 6401256.01892 ], [ 532000.27668, 6401262.99515 ], [ 532014.60256, 6401303.83694 ], [ 532014.61916, 6401305.83489 ] ] ] ] } },
{ "type": "Feature", "properties": { "COMMUNE": "Marsalès", "COMMUNAUTE": "CC des Bastides Dordogne Périgord", "INSEE_COMM": 24257, "ID_CDECOMM": 21, "SURFACE_UR": 0.2793, "COVISIBILI": "oui", "SITUATION_": "non boise", "SITUATION1": "pente" }, "geometry": { "type": "MultiPolygon", "coordinates": [ [ [ [ 532888.23295, 6400758.09331 ], [ 532890.21432, 6400756.07875 ], [ 532891.11372, 6400744.08275 ], [ 532890.99756, 6400730.09709 ], [ 532891.89697, 6400718.10108 ], [ 532891.71442, 6400696.12362 ], [ 532891.61485, 6400684.13592 ], [ 532895.5029, 6400671.11603 ], [ 532873.54196, 6400673.2966 ], [ 532849.57477, 6400674.49479 ], [ 532844.57987, 6400674.5363 ], [ 532843.76344, 6400696.52206 ], [ 532839.77582, 6400697.55424 ], [ 532851.87973, 6400711.44028 ], [ 532857.92339, 6400717.38433 ], [ 532870.05219, 6400734.26731 ], [ 532872.08334, 6400738.24661 ], [ 532881.17372, 6400750.15961 ], [ 532888.23295, 6400758.09331 ] ] ] ] } },
{ "type": "Feature", "properties": { "COMMUNE": "Gaugeac", "COMMUNAUTE": "CC des Bastides Dordogne Périgord", "INSEE_COMM": 24195, "ID_CDECOMM": 21, "SURFACE_UR": 7.27225, "COVISIBILI": "non", "SITUATION_": "boise", "SITUATION1": "vallee" }, "geometry": { "type": "MultiPolygon", "coordinates": [ [ [ [ 531997.00851, 6397862.27983 ], [ 531952.06285, 6397863.65238 ], [ 531945.03682, 6397859.7146 ], [ 531944.03784, 6397859.72291 ], [ 531943.97977, 6397852.7301 ], [ 531938.98488, 6397852.77161 ], [ 531934.02319, 6397856.80901 ], [ 531925.09047, 6397863.87653 ], [ 531924.09979, 6397864.88381 ], [ 531918.11423, 6397865.93259 ], [ 531914.11002, 6397864.96683 ], [ 531887.08787, 6397859.19714 ], [ 531882.08469, 6397858.23967 ], [ 531865.0606, 6397853.38594 ], [ 531846.07174, 6397852.5447 ], [ 531830.1213, 6397856.67342 ], [ 531823.13676, 6397857.73051 ], [ 531802.21632, 6397864.89765 ], [ 531804.26406, 6397870.87489 ], [ 531801.27542, 6397871.89876 ], [ 531808.57524, 6397908.80265 ], [ 531808.60013, 6397911.79956 ], [ 531790.61855, 6397911.94899 ], [ 531764.68663, 6397917.1597 ], [ 531749.76006, 6397924.27704 ], [ 531725.85928, 6397933.46703 ], [ 531721.88827, 6397936.49716 ], [ 531709.02602, 6397951.58967 ], [ 531719.13194, 6397965.49227 ], [ 531744.98089, 6397950.29184 ], [ 531754.92088, 6397944.21498 ], [ 531761.88883, 6397941.15995 ], [ 531771.8537, 6397938.08002 ], [ 531770.83813, 6397936.09038 ], [ 531774.82574, 6397935.0582 ], [ 531793.78971, 6397932.90252 ], [ 531822.75174, 6397931.6628 ], [ 531825.74867, 6397931.63789 ], [ 531847.80084, 6397940.44601 ], [ 531863.82595, 6397945.30804 ], [ 531893.89482, 6397957.04667 ], [ 531902.9188, 6397960.96784 ], [ 531909.93653, 6397963.90665 ], [ 531908.19578, 6397994.89141 ], [ 531920.1752, 6397993.79282 ], [ 532004.98868, 6397981.09949 ], [ 532021.95469, 6397978.96041 ], [ 532018.89968, 6397971.99251 ], [ 532015.81978, 6397962.02768 ], [ 532010.70874, 6397948.08357 ], [ 532013.631, 6397939.06791 ], [ 532031.5628, 6397932.92464 ], [ 532033.55246, 6397931.90906 ], [ 532045.50699, 6397927.81355 ], [ 532070.43163, 6397921.61216 ], [ 532090.36969, 6397916.45126 ], [ 532111.29842, 6397910.28308 ], [ 532116.28501, 6397909.2426 ], [ 532122.27057, 6397908.19381 ], [ 532137.27182, 6397910.06723 ], [ 532143.26568, 6397910.01742 ], [ 532162.30432, 6397916.85249 ], [ 532165.30954, 6397917.82656 ], [ 532214.34238, 6397927.40949 ], [ 532214.35898, 6397929.40744 ], [ 532226.37159, 6397932.30473 ], [ 532244.38636, 6397936.15119 ], [ 532245.35215, 6397932.14699 ], [ 532249.35636, 6397933.11276 ], [ 532259.35442, 6397934.02871 ], [ 532297.4483, 6397949.6968 ], [ 532308.45364, 6397951.60343 ], [ 532340.47068, 6397957.3316 ], [ 532366.48557, 6397962.11061 ], [ 532385.39975, 6397953.96109 ], [ 532393.35838, 6397949.89878 ], [ 532408.26835, 6397940.78349 ], [ 532426.16697, 6397930.64432 ], [ 532434.11729, 6397925.58303 ], [ 532463.92895, 6397906.35348 ], [ 532465.91861, 6397905.3379 ], [ 532550.29232, 6397839.69895 ], [ 532575.96701, 6397803.52005 ], [ 532575.96701, 6397803.52005 ], [ 532575.95872, 6397802.52108 ], [ 532576.9245, 6397798.51688 ], [ 532576.9245, 6397798.51688 ], [ 532576.91621, 6397797.51791 ], [ 532576.89131, 6397794.52099 ], [ 532576.89131, 6397794.52099 ], [ 532575.87574, 6397792.53135 ], [ 532575.86745, 6397791.53237 ], [ 532575.86745, 6397791.53237 ], [ 532573.828, 6397786.55411 ], [ 532573.80311, 6397783.55719 ], [ 532566.84346, 6397787.6112 ], [ 532557.71162, 6397770.70338 ], [ 532550.70219, 6397768.76355 ], [ 532541.7114, 6397768.83827 ], [ 532497.73153, 6397766.20665 ], [ 532475.81212, 6397773.38212 ], [ 532458.77143, 6397766.53044 ], [ 532419.9275, 6397780.83985 ], [ 532416.97206, 6397785.85963 ], [ 532422.02502, 6397792.81093 ], [ 532420.03536, 6397793.82651 ], [ 532408.20529, 6397812.90662 ], [ 532385.41966, 6397836.07395 ], [ 532374.53048, 6397848.15295 ], [ 532368.603, 6397856.19455 ], [ 532360.66926, 6397863.25378 ], [ 532349.70541, 6397866.34202 ], [ 532334.75394, 6397870.46245 ], [ 532326.76213, 6397870.52887 ], [ 532322.77452, 6397871.56105 ], [ 532316.80555, 6397874.60778 ], [ 532305.78362, 6397870.70321 ], [ 532282.74907, 6397863.90135 ], [ 532281.75839, 6397864.90862 ], [ 532268.7551, 6397863.0186 ], [ 532251.7393, 6397859.16385 ], [ 532234.7318, 6397856.30806 ], [ 532188.75398, 6397853.69304 ], [ 532182.76841, 6397854.74182 ], [ 532182.78501, 6397856.73977 ], [ 532179.79638, 6397857.76365 ], [ 532164.81172, 6397857.88818 ], [ 532160.81582, 6397857.92139 ], [ 532137.79786, 6397853.11747 ], [ 532111.82447, 6397853.33332 ], [ 532101.85959, 6397856.41326 ], [ 532088.87289, 6397856.52118 ], [ 532075.87789, 6397855.63014 ], [ 532068.88506, 6397855.68825 ], [ 532032.97997, 6397862.97993 ], [ 532021.99122, 6397863.07125 ], [ 532015.00668, 6397864.12834 ], [ 532011.99316, 6397862.1553 ], [ 531997.00851, 6397862.27983 ] ] ] ] } },
{ "type": "Feature", "properties": { "COMMUNE": "Saint-Avit-Rivière", "COMMUNAUTE": "CC des Bastides Dordogne Périgord", "INSEE_COMM": 24378, "ID_CDECOMM": 21, "SURFACE_UR": 8.691, "COVISIBILI": "non", "SITUATION_": "boise", "SITUATION1": "plateau plaine" }, "geometry": { "type": "MultiPolygon", "coordinates": [ [ [ [ 534035.8031, 6408897.76198 ], [ 534035.7865, 6408895.76403 ], [ 534036.59468, 6408872.77926 ], [ 534037.41944, 6408851.79244 ], [ 534038.36036, 6408844.79131 ], [ 534029.58037, 6408749.95484 ], [ 534028.53991, 6408744.96824 ], [ 534047.4791, 6408739.81578 ], [ 534066.41, 6408733.66433 ], [ 534105.29912, 6408604.46454 ], [ 534103.06056, 6408575.5108 ], [ 534103.00249, 6408568.51796 ], [ 534103.9517, 6408562.51581 ], [ 534109.7133, 6408534.49469 ], [ 534103.71111, 6408533.54547 ], [ 534098.69961, 6408531.58899 ], [ 534092.70571, 6408531.63875 ], [ 534060.77145, 6408535.90006 ], [ 534050.79822, 6408537.98096 ], [ 534038.81872, 6408539.07946 ], [ 534020.84533, 6408540.22772 ], [ 534017.84838, 6408540.25261 ], [ 534014.85143, 6408540.27749 ], [ 534007.85855, 6408540.33554 ], [ 534000.86567, 6408540.3936 ], [ 533993.8728, 6408540.45166 ], [ 533974.89212, 6408540.60924 ], [ 533951.88234, 6408536.80409 ], [ 533935.89032, 6408535.93781 ], [ 533907.86903, 6408530.17617 ], [ 533905.87107, 6408530.19276 ], [ 533838.7899, 6408512.76686 ], [ 533832.78771, 6408511.81764 ], [ 533826.79381, 6408511.8674 ], [ 533808.83703, 6408515.01366 ], [ 533807.85464, 6408517.01992 ], [ 533791.13742, 6408549.12825 ], [ 533786.20888, 6408557.16155 ], [ 533783.27001, 6408564.17929 ], [ 533773.43782, 6408583.24283 ], [ 533771.46475, 6408586.25636 ], [ 533761.63256, 6408605.3199 ], [ 533751.79207, 6408623.38447 ], [ 533745.88114, 6408633.42402 ], [ 533733.16815, 6408666.49814 ], [ 533759.2661, 6408681.26705 ], [ 533779.35358, 6408694.08779 ], [ 533807.45779, 6408709.83908 ], [ 533818.53784, 6408720.73655 ], [ 533816.56477, 6408723.75008 ], [ 533812.6518, 6408733.77304 ], [ 533801.84552, 6408755.84181 ], [ 534035.8031, 6408897.76198 ] ] ] ] } },
{ "type": "Feature", "properties": { "COMMUNE": "Lalinde", "COMMUNAUTE": "CC des Bastides Dordogne Périgord", "INSEE_COMM": 24223, "ID_CDECOMM": 21, "SURFACE_UR": 10.7612, "COVISIBILI": "non", "SITUATION_": "non boise", "SITUATION1": "vallee" }, "geometry": { "type": "MultiPolygon", "coordinates": [ [ [ [ 519267.64688, 6417660.11309 ], [ 519278.63571, 6417660.02192 ], [ 519340.60596, 6417663.50397 ], [ 519440.55422, 6417668.66903 ], [ 519447.54712, 6417668.61101 ], [ 519452.54204, 6417668.56957 ], [ 519453.54103, 6417668.56128 ], [ 519453.53273, 6417667.5623 ], [ 519472.52174, 6417668.4038 ], [ 519473.52073, 6417668.39551 ], [ 519473.53731, 6417670.39347 ], [ 519584.47441, 6417675.46735 ], [ 519586.36456, 6417662.46402 ], [ 519607.11476, 6417514.43253 ], [ 519608.99662, 6417500.43023 ], [ 519601.00474, 6417500.49653 ], [ 519602.63779, 6417456.52481 ], [ 519578.65385, 6417455.72475 ], [ 519542.67381, 6417454.02517 ], [ 519449.55258, 6417428.82249 ], [ 519435.58338, 6417430.93649 ], [ 519435.5585, 6417427.93955 ], [ 519432.56154, 6417427.96442 ], [ 519420.59031, 6417430.06184 ], [ 519398.62094, 6417431.24316 ], [ 519392.63532, 6417432.29187 ], [ 519388.64767, 6417433.324 ], [ 519382.66206, 6417434.37271 ], [ 519383.66934, 6417435.36341 ], [ 519356.72992, 6417439.58311 ], [ 519318.92607, 6417458.8787 ], [ 519281.09734, 6417475.17734 ], [ 519261.10106, 6417473.34514 ], [ 519246.13287, 6417475.46742 ], [ 519238.1327, 6417474.53475 ], [ 519204.22526, 6417481.80941 ], [ 519173.27332, 6417484.0643 ], [ 519135.32018, 6417485.37823 ], [ 519098.38262, 6417488.68183 ], [ 519071.38515, 6417485.90867 ], [ 519068.18538, 6417581.84396 ], [ 519068.27661, 6417592.83275 ], [ 519067.60107, 6417631.80129 ], [ 519067.74206, 6417648.78396 ], [ 519097.7282, 6417650.53328 ], [ 519098.73548, 6417651.52397 ], [ 519120.72973, 6417653.3396 ], [ 519138.71146, 6417653.19041 ], [ 519157.70877, 6417655.0309 ], [ 519178.69575, 6417655.85583 ], [ 519202.67968, 6417656.65589 ], [ 519219.67072, 6417657.51398 ], [ 519261.65297, 6417660.16282 ], [ 519267.64688, 6417660.11309 ] ] ] ] } },
{ "type": "Feature", "properties": { "COMMUNE": "Baneuil", "COMMUNAUTE": "CC des Bastides Dordogne Périgord", "INSEE_COMM": 24023, "ID_CDECOMM": 21, "SURFACE_UR": 19.3948, "COVISIBILI": "non", "SITUATION_": "non boise", "SITUATION1": "vallee" }, "geometry": { "type": "MultiPolygon", "coordinates": [ [ [ [ 518182.43896, 6417992.80873 ], [ 518182.43896, 6417992.80873 ], [ 518186.28564, 6417974.7939 ], [ 518188.27532, 6417973.77833 ], [ 518185.15396, 6417958.8185 ], [ 518182.0326, 6417943.85866 ], [ 518176.83863, 6417919.92458 ], [ 518170.59592, 6417890.00491 ], [ 518164.36979, 6417862.0832 ], [ 518157.12808, 6417832.17182 ], [ 518150.88537, 6417802.25215 ], [ 518142.57833, 6417764.35722 ], [ 518136.3522, 6417736.43551 ], [ 518132.19039, 6417716.48906 ], [ 518131.19141, 6417716.49735 ], [ 518111.25312, 6417721.65812 ], [ 518101.27983, 6417723.73901 ], [ 518089.31686, 6417726.83547 ], [ 518082.34053, 6417728.89149 ], [ 518068.37958, 6417732.00453 ], [ 518052.42066, 6417735.13416 ], [ 518035.47933, 6417740.27005 ], [ 518025.50604, 6417742.35094 ], [ 518011.55339, 6417746.46297 ], [ 517993.60478, 6417750.60816 ], [ 517974.66548, 6417755.76063 ], [ 517960.70454, 6417758.87368 ], [ 517944.75391, 6417763.00229 ], [ 517927.80429, 6417767.13919 ], [ 517916.83201, 6417769.22838 ], [ 517905.86803, 6417772.31654 ], [ 517891.91537, 6417776.42857 ], [ 517883.94005, 6417778.49287 ], [ 517870.97809, 6417781.59762 ], [ 517855.01917, 6417784.72725 ], [ 517838.06955, 6417788.86416 ], [ 517827.10557, 6417791.95232 ], [ 517808.16627, 6417797.10479 ], [ 517794.20532, 6417800.21783 ], [ 517781.24336, 6417803.32258 ], [ 517771.27836, 6417806.40245 ], [ 517758.3164, 6417809.5072 ], [ 517748.34311, 6417811.58809 ], [ 517736.38013, 6417814.68455 ], [ 517724.41716, 6417817.78101 ], [ 517711.4552, 6417820.88575 ], [ 517696.50355, 6417825.00607 ], [ 517682.5426, 6417828.11911 ], [ 517669.58064, 6417831.22386 ], [ 517654.629, 6417835.34418 ], [ 517642.66603, 6417838.44063 ], [ 517629.70406, 6417841.54538 ], [ 517616.7421, 6417844.65013 ], [ 517604.77913, 6417847.74658 ], [ 517593.80685, 6417849.83577 ], [ 517575.86653, 6417854.97994 ], [ 517551.94059, 6417861.17285 ], [ 517535.98166, 6417864.30247 ], [ 517521.03002, 6417868.42279 ], [ 517504.0804, 6417872.55969 ], [ 517509.2246, 6417890.49988 ], [ 517507.30126, 6417899.5073 ], [ 517503.44628, 6417916.52315 ], [ 517504.57795, 6417932.49855 ], [ 517506.75836, 6417954.45955 ], [ 517508.97194, 6417980.41648 ], [ 517511.24358, 6418013.36627 ], [ 517513.44887, 6418038.32421 ], [ 517514.60541, 6418057.29656 ], [ 517515.77025, 6418077.26789 ], [ 517517.96725, 6418101.22686 ], [ 517519.13209, 6418121.19819 ], [ 517521.35396, 6418148.1541 ], [ 517522.46075, 6418161.13256 ], [ 517524.52507, 6418169.10783 ], [ 517526.52305, 6418169.09124 ], [ 517537.48704, 6418166.00308 ], [ 517552.43868, 6418161.88276 ], [ 517575.36565, 6418155.69815 ], [ 517610.25559, 6418146.41707 ], [ 517628.2042, 6418142.27188 ], [ 517643.15585, 6418138.15156 ], [ 517658.10749, 6418134.03124 ], [ 517684.03142, 6418127.82174 ], [ 517694.99541, 6418124.73358 ], [ 517699.98206, 6418123.69313 ], [ 517715.93269, 6418119.56453 ], [ 517731.87503, 6418114.43693 ], [ 517751.82162, 6418110.27515 ], [ 517764.77529, 6418106.17142 ], [ 517780.72592, 6418102.04281 ], [ 517797.67555, 6418097.90591 ], [ 517813.62618, 6418093.7773 ], [ 517827.57884, 6418089.66527 ], [ 517838.55112, 6418087.57609 ], [ 517843.52947, 6418085.53666 ], [ 517869.43681, 6418077.3292 ], [ 517885.38745, 6418073.20059 ], [ 517886.4279, 6418078.1872 ], [ 517900.38056, 6418074.07517 ], [ 517922.30853, 6418067.89884 ], [ 517940.24885, 6418062.75466 ], [ 517954.2098, 6418059.64162 ], [ 517967.17176, 6418056.53686 ], [ 517979.13474, 6418053.44041 ], [ 518000.06372, 6418047.27237 ], [ 518015.01537, 6418043.15205 ], [ 518025.97936, 6418040.06388 ], [ 518042.92068, 6418034.92799 ], [ 518054.88366, 6418031.83153 ], [ 518075.82094, 6418026.66247 ], [ 518083.79625, 6418024.59817 ], [ 518094.76024, 6418021.51 ], [ 518113.69954, 6418016.35752 ], [ 518131.63986, 6418011.21334 ], [ 518137.62549, 6418010.1646 ], [ 518136.57675, 6418004.17901 ], [ 518136.5187, 6417997.18614 ], [ 518159.47883, 6417994.99744 ], [ 518169.46041, 6417993.91553 ], [ 518182.43896, 6417992.80873 ] ] ] ] } },
{ "type": "Feature", "properties": { "COMMUNE": "Pezuls", "COMMUNAUTE": "CC des Bastides Dordogne Périgord", "INSEE_COMM": 24327, "ID_CDECOMM": 21, "SURFACE_UR": 4.1954, "COVISIBILI": "non", "SITUATION_": "boise", "SITUATION1": "plateau plaine" }, "geometry": { "type": "MultiPolygon", "coordinates": [ [ [ [ 528048.31374, 6426678.62484 ], [ 528062.08375, 6426652.53506 ], [ 528062.91672, 6426632.547 ], [ 528066.76325, 6426614.53204 ], [ 527889.67668, 6426584.03187 ], [ 527920.63988, 6426462.88896 ], [ 527983.84463, 6426374.44737 ], [ 528091.92627, 6426396.52869 ], [ 528093.88274, 6426391.51716 ], [ 528095.82261, 6426384.50766 ], [ 528002.08661, 6426285.37988 ], [ 527978.93556, 6426264.59181 ], [ 527968.87927, 6426256.68281 ], [ 527948.7916, 6426243.86178 ], [ 527940.90761, 6426256.91496 ], [ 527919.82925, 6426245.10121 ], [ 527901.13071, 6426279.22433 ], [ 527920.2111, 6426291.05467 ], [ 527950.33846, 6426309.78672 ], [ 527939.50731, 6426328.8587 ], [ 527964.69784, 6426354.62513 ], [ 527932.95435, 6426381.86312 ], [ 527950.03676, 6426393.71004 ], [ 527940.14649, 6426405.78081 ], [ 527924.3287, 6426425.89323 ], [ 527914.43013, 6426436.96501 ], [ 527910.48398, 6426442.9921 ], [ 527901.5761, 6426453.0566 ], [ 527893.70041, 6426467.10877 ], [ 527879.947, 6426495.19651 ], [ 527838.75606, 6426467.56476 ], [ 527836.78298, 6426470.5783 ], [ 527827.00062, 6426495.63592 ], [ 527789.93015, 6426482.95583 ], [ 527773.66122, 6426569.00978 ], [ 527802.66509, 6426572.7653 ], [ 527817.69142, 6426577.63588 ], [ 527819.68939, 6426577.6193 ], [ 527833.70013, 6426580.5002 ], [ 527817.11577, 6426628.59259 ], [ 527824.13359, 6426631.53152 ], [ 527906.13365, 6426640.84157 ], [ 527920.14439, 6426643.72246 ], [ 527929.15189, 6426645.64583 ], [ 527929.16849, 6426647.6438 ], [ 527928.34382, 6426668.63085 ], [ 527965.3479, 6426673.31904 ], [ 527968.34486, 6426673.29417 ], [ 527983.32139, 6426672.17082 ], [ 528009.29509, 6426671.95526 ], [ 528017.28699, 6426671.88893 ], [ 528018.28598, 6426671.88064 ], [ 528026.28619, 6426672.8133 ], [ 528048.31374, 6426678.62484 ] ] ] ] } },
{ "type": "Feature", "properties": { "COMMUNE": null, "COMMUNAUTE": null, "INSEE_COMM": null, "ID_CDECOMM": null, "SURFACE_UR": 29.5201, "COVISIBILI": null, "SITUATION_": null, "SITUATION1": null }, "geometry": { "type": "MultiPolygon", "coordinates": [ [ [ [ 520729.19107, 6397913.92645 ], [ 525727.16474, 6397882.4014 ], [ 525726.68377, 6397824.46121 ], [ 520727.69469, 6397853.99672 ], [ 520729.19107, 6397913.92645 ] ] ] ] } }
]
}
