{
"type": "FeatureCollection",
"crs": { "type": "name", "properties": { "name": "urn:ogc:def:crs:OGC:1.3:CRS84" } },
"name": "Zone urbaine",
"color": "#E30613",
"active": "true",
"interactive": "false",
"description": "Terrains constructibles situés dans les bourgs et villages et leurs continuités immédiates",

"features": [
{ "type": "Feature", "properties": { "NOM": null, "TYPOLOGIE": null, "COMMUNE": "Bayac", "COMMUNAUTE": "CC des Bastides Dordogne Périgord", "INSEE_COMM": 24027, "ID_CDECOMM": 21, "SURFACE_UR": 1.1571, "COVISIBILI": "non", "SUP_URBA_H": null, "SITUATION_": "clairiere", "SITUATION1": "ligne de crete" }, "geometry": { "type": "MultiPolygon", "coordinates": [ [ [ [ 0.71494981189434, 44.79643322706945 ], [ 0.713195109568162, 44.796380431421923 ], [ 0.712827813608162, 44.796411010622599 ], [ 0.71287347339859, 44.797014426576105 ], [ 0.713709630569577, 44.796936768314602 ], [ 0.714978433617155, 44.79718932639156 ], [ 0.71494981189434, 44.79643322706945 ] ] ] ] } },
{ "type": "Feature", "properties": { "NOM": null, "TYPOLOGIE": null, "COMMUNE": "Trémolat", "COMMUNAUTE": "CC des Bastides Dordogne Périgord", "INSEE_COMM": 24558, "ID_CDECOMM": 21, "SURFACE_UR": 0.13705, "COVISIBILI": "non", "SUP_URBA_H": null, "SITUATION_": "non boise", "SITUATION1": "vallee" }, "geometry": { "type": "MultiPolygon", "coordinates": [ [ [ [ 0.826951822579395, 44.878025106310893 ], [ 0.827305727453315, 44.878038938898243 ], [ 0.827356307336947, 44.877571825315158 ], [ 0.827179477855057, 44.877560412784156 ], [ 0.827053240565277, 44.877549691396688 ], [ 0.826951822579395, 44.878025106310893 ] ] ] ] } },
{ "type": "Feature", "properties": { "NOM": null, "TYPOLOGIE": null, "COMMUNE": "Calès", "COMMUNAUTE": "CC des Bastides Dordogne Périgord", "INSEE_COMM": 24073, "ID_CDECOMM": 21, "SURFACE_UR": 1.4718, "COVISIBILI": "non", "SUP_URBA_H": null, "SITUATION_": "clairiere", "SITUATION1": "ligne de crete" }, "geometry": { "type": "MultiPolygon", "coordinates": [ [ [ [ 0.812885168934899, 44.857959263650677 ], [ 0.812964218080866, 44.857843403798057 ], [ 0.813190821109246, 44.857882515193353 ], [ 0.813320443609172, 44.857767352828979 ], [ 0.813593167997966, 44.857042422591377 ], [ 0.812652028616788, 44.856768547484926 ], [ 0.812535540926639, 44.85686589790123 ], [ 0.811831932241304, 44.856694252277805 ], [ 0.811594781663674, 44.857041829090711 ], [ 0.811831079185219, 44.857189031653895 ], [ 0.811842624223874, 44.857692978538509 ], [ 0.812885168934899, 44.857959263650677 ] ] ] ] } },
{ "type": "Feature", "properties": { "NOM": null, "TYPOLOGIE": null, "COMMUNE": "Trémolat", "COMMUNAUTE": "CC des Bastides Dordogne Périgord", "INSEE_COMM": 24558, "ID_CDECOMM": 21, "SURFACE_UR": 0.46975, "COVISIBILI": "non", "SUP_URBA_H": null, "SITUATION_": "non boise", "SITUATION1": "vallee" }, "geometry": { "type": "MultiPolygon", "coordinates": [ [ [ [ 0.826306273537268, 44.877098664490383 ], [ 0.826647524469989, 44.877112326239235 ], [ 0.826786408629805, 44.877123220972877 ], [ 0.827355079725861, 44.877148985139513 ], [ 0.827847863656951, 44.877173709830657 ], [ 0.827865369687538, 44.876994024140373 ], [ 0.828079898384155, 44.877014946709217 ], [ 0.828086941552921, 44.876754151959858 ], [ 0.828091798872481, 44.876574293527526 ], [ 0.828079151059317, 44.876574120792036 ], [ 0.827548671833883, 44.876539885834234 ], [ 0.827524362136397, 44.876971373230326 ], [ 0.826703221089745, 44.876924166512104 ], [ 0.826311866059647, 44.876891827356864 ], [ 0.826306273537268, 44.877098664490383 ] ] ] ] } },
{ "type": "Feature", "properties": { "NOM": null, "TYPOLOGIE": null, "COMMUNE": "Pontours", "COMMUNAUTE": "CC des Bastides Dordogne Périgord", "INSEE_COMM": 24334, "ID_CDECOMM": 21, "SURFACE_UR": 0.20685, "COVISIBILI": "non", "SUP_URBA_H": null, "SITUATION_": "non boise", "SITUATION1": "vallee" }, "geometry": { "type": "MultiPolygon", "coordinates": [ [ [ [ 0.763354766611998, 44.8363664001117 ], [ 0.76383224871775, 44.836472162255006 ], [ 0.764034475931574, 44.836025231373348 ], [ 0.763556997253131, 44.835919470123237 ], [ 0.763449310021144, 44.836151837733063 ], [ 0.763368164396305, 44.83633960233152 ], [ 0.763354766611998, 44.8363664001117 ] ] ] ] } },
{ "type": "Feature", "properties": { "NOM": null, "TYPOLOGIE": null, "COMMUNE": "Calès", "COMMUNAUTE": "CC des Bastides Dordogne Périgord", "INSEE_COMM": 24073, "ID_CDECOMM": 21, "SURFACE_UR": 0.9118, "COVISIBILI": "non", "SUP_URBA_H": null, "SITUATION_": "clairiere", "SITUATION1": "plateau plaine" }, "geometry": { "type": "MultiPolygon", "coordinates": [ [ [ [ 0.810990727694224, 44.855540115125557 ], [ 0.810330227381381, 44.855180135162854 ], [ 0.810317584450664, 44.855179960397273 ], [ 0.809904278577716, 44.855956915976954 ], [ 0.809804853711169, 44.855892567779605 ], [ 0.809571625929859, 44.856096255226696 ], [ 0.809820803029329, 44.856234644075364 ], [ 0.809805702754296, 44.856324397324279 ], [ 0.810572025555389, 44.85651491514605 ], [ 0.811024728541613, 44.855684524108483 ], [ 0.810990727694224, 44.855540115125557 ] ] ] ] } },
{ "type": "Feature", "properties": { "NOM": null, "TYPOLOGIE": null, "COMMUNE": "Trémolat", "COMMUNAUTE": "CC des Bastides Dordogne Périgord", "INSEE_COMM": 24558, "ID_CDECOMM": 21, "SURFACE_UR": 0.37065, "COVISIBILI": "non", "SUP_URBA_H": null, "SITUATION_": "non boise", "SITUATION1": "vallee" }, "geometry": { "type": "MultiPolygon", "coordinates": [ [ [ [ 0.825713522809698, 44.877495389096993 ], [ 0.825707928018275, 44.877702226249617 ], [ 0.825782113696817, 44.877766214711713 ], [ 0.82573906126425, 44.877954547042066 ], [ 0.825852651094395, 44.877965096941679 ], [ 0.825915891696565, 44.877965961879156 ], [ 0.825995428537323, 44.877832105935568 ], [ 0.826114611492354, 44.877635818386544 ], [ 0.826154501078765, 44.877564393897963 ], [ 0.82618101302122, 44.877519775205521 ], [ 0.826207281749885, 44.877484149427872 ], [ 0.826274898708333, 44.877323141598076 ], [ 0.826243033907956, 44.87709779977672 ], [ 0.826306273537268, 44.877098664490383 ], [ 0.826311866059647, 44.876891827356864 ], [ 0.826223330905858, 44.876890616752192 ], [ 0.825982291606632, 44.876914309221156 ], [ 0.825865298746643, 44.87702966030816 ], [ 0.825797194493073, 44.877208653705416 ], [ 0.825742710776926, 44.877351848402135 ], [ 0.825727387066908, 44.877450597506922 ], [ 0.825713522809698, 44.877495389096993 ] ] ] ] } },
{ "type": "Feature", "properties": { "NOM": null, "TYPOLOGIE": null, "COMMUNE": "Le Buisson-de-Cadouin", "COMMUNAUTE": "CC des Bastides Dordogne Périgord", "INSEE_COMM": 24068, "ID_CDECOMM": 21, "SURFACE_UR": 0.5531, "COVISIBILI": "non", "SUP_URBA_H": null, "SITUATION_": "non boise", "SITUATION1": "plateau plaine" }, "geometry": { "type": "MultiPolygon", "coordinates": [ [ [ [ 0.927358874117323, 44.824053774399381 ], [ 0.927222203640244, 44.823458303636365 ], [ 0.926621112054978, 44.823234723790506 ], [ 0.926299379871398, 44.822960736810948 ], [ 0.926191257459951, 44.823238225573974 ], [ 0.926411901333703, 44.823510920915517 ], [ 0.926705869676957, 44.823883507002272 ], [ 0.926914562652522, 44.824129061123493 ], [ 0.927358874117323, 44.824053774399381 ] ] ] ] } },
{ "type": "Feature", "properties": { "NOM": null, "TYPOLOGIE": null, "COMMUNE": "Beaumontois-en-Périgord (Beaumont-du-Périgord)", "COMMUNAUTE": "CC des Bastides Dordogne Périgord", "INSEE_COMM": 24028, "ID_CDECOMM": 21, "SURFACE_UR": 3.72665, "COVISIBILI": "non", "SUP_URBA_H": null, "SITUATION_": "non boise", "SITUATION1": "plateau plaine" }, "geometry": { "type": "MultiPolygon", "coordinates": [ [ [ [ 0.774561083451225, 44.756136775882375 ], [ 0.772878414079187, 44.755357267774286 ], [ 0.772743919874449, 44.755652224805836 ], [ 0.772706309855988, 44.755642695425664 ], [ 0.771814138808165, 44.758652661507995 ], [ 0.772453542527353, 44.758814664678873 ], [ 0.773637788372892, 44.758003834804434 ], [ 0.77384517954328, 44.75735906934063 ], [ 0.772979368172166, 44.757166875811308 ], [ 0.773136783692551, 44.75650341128587 ], [ 0.774154786319446, 44.756670772799517 ], [ 0.774561083451225, 44.756136775882375 ] ] ] ] } },
{ "type": "Feature", "properties": { "NOM": null, "TYPOLOGIE": null, "COMMUNE": "Le Buisson-de-Cadouin", "COMMUNAUTE": "CC des Bastides Dordogne Périgord", "INSEE_COMM": 24068, "ID_CDECOMM": 21, "SURFACE_UR": 1.11895, "COVISIBILI": "non", "SUP_URBA_H": null, "SITUATION_": "non boise", "SITUATION1": "plateau plaine" }, "geometry": { "type": "MultiPolygon", "coordinates": [ [ [ [ 0.861529063152878, 44.780399926882779 ], [ 0.86155953238323, 44.780202426340409 ], [ 0.8616481528985, 44.780194615882131 ], [ 0.862079577074591, 44.780119423086227 ], [ 0.861978979518172, 44.779623307776561 ], [ 0.861548033265389, 44.779680514871444 ], [ 0.861548981758254, 44.77964454427655 ], [ 0.861550641617843, 44.779581595736815 ], [ 0.860768300480465, 44.779553136457537 ], [ 0.860690171566772, 44.779642049015806 ], [ 0.860602026339653, 44.779631873411404 ], [ 0.86052318519027, 44.779747763793864 ], [ 0.860736642551982, 44.779795599958952 ], [ 0.860574688971321, 44.780189248547202 ], [ 0.860121807491132, 44.780120214994604 ], [ 0.859958899139381, 44.78054983331976 ], [ 0.860701002275603, 44.780667717916941 ], [ 0.860910377245814, 44.780391649376888 ], [ 0.860964914946657, 44.780239450174797 ], [ 0.861529063152878, 44.780399926882779 ] ] ] ] } },
{ "type": "Feature", "properties": { "NOM": null, "TYPOLOGIE": null, "COMMUNE": "Naussannes", "COMMUNAUTE": "CC des Bastides Dordogne Périgord", "INSEE_COMM": 24307, "ID_CDECOMM": 21, "SURFACE_UR": 2.68325, "COVISIBILI": "non", "SUP_URBA_H": null, "SITUATION_": "non boise", "SITUATION1": "plateau plaine" }, "geometry": { "type": "MultiPolygon", "coordinates": [ [ [ [ 0.724169512860193, 44.758424982117631 ], [ 0.72423235827822, 44.758434897174389 ], [ 0.724822174200661, 44.75856046896056 ], [ 0.72494378820202, 44.758283370498631 ], [ 0.72506151790262, 44.758141155242896 ], [ 0.725283578243676, 44.757883516596117 ], [ 0.725413668166561, 44.757750477648401 ], [ 0.725767366079884, 44.757305845668775 ], [ 0.724843018514041, 44.756959485026634 ], [ 0.72434848596612, 44.757033218624606 ], [ 0.724094332944581, 44.756651669804086 ], [ 0.723522524433044, 44.756778245469683 ], [ 0.723678559349618, 44.757059404308542 ], [ 0.723462454807615, 44.757110218725103 ], [ 0.723651688567873, 44.757553791446334 ], [ 0.722888485420578, 44.757749531963313 ], [ 0.722989630205711, 44.75818282066593 ], [ 0.724145048156342, 44.758397636314264 ], [ 0.724169512860193, 44.758424982117631 ] ] ] ] } },
{ "type": "Feature", "properties": { "NOM": null, "TYPOLOGIE": null, "COMMUNE": "Le Buisson-de-Cadouin", "COMMUNAUTE": "CC des Bastides Dordogne Périgord", "INSEE_COMM": 24068, "ID_CDECOMM": 21, "SURFACE_UR": 2.82045, "COVISIBILI": "non", "SUP_URBA_H": null, "SITUATION_": "non boise", "SITUATION1": "plateau plaine" }, "geometry": { "type": "MultiPolygon", "coordinates": [ [ [ [ 0.9317946706475, 44.824092349224152 ], [ 0.932146228032312, 44.824186783010013 ], [ 0.932534792117447, 44.824317669897916 ], [ 0.933362251893896, 44.82408530934903 ], [ 0.933362251893896, 44.82408530934903 ], [ 0.933387750290717, 44.824076637811679 ], [ 0.933277410016523, 44.823940297138407 ], [ 0.933203624347964, 44.823858396249371 ], [ 0.933104340594626, 44.823785166790323 ], [ 0.93290577386565, 44.823638707610819 ], [ 0.932918861741646, 44.823620882473136 ], [ 0.933187383265782, 44.823498356810944 ], [ 0.932965125766476, 44.823288625657739 ], [ 0.933298858058093, 44.82308596696943 ], [ 0.933747666553703, 44.822830795645267 ], [ 0.933251933233408, 44.822437671241552 ], [ 0.933174988625857, 44.822481671613332 ], [ 0.933113163588544, 44.822426910276107 ], [ 0.932754174224734, 44.822125481158196 ], [ 0.932600510838381, 44.822204488201017 ], [ 0.932510478358324, 44.822266313195414 ], [ 0.932165015920747, 44.822432836814684 ], [ 0.93215260592229, 44.822423683025512 ], [ 0.931833091407465, 44.822563548478854 ], [ 0.93158534478745, 44.822362485797633 ], [ 0.931052600791385, 44.822436662688311 ], [ 0.93112547700279, 44.822554536733833 ], [ 0.931074480885663, 44.822571878746757 ], [ 0.931269195537794, 44.822871221181117 ], [ 0.931512874340931, 44.823234157611125 ], [ 0.931602005322744, 44.823208305182483 ], [ 0.931742358719262, 44.823156117435175 ], [ 0.931779363002644, 44.823192571890004 ], [ 0.931828099450394, 44.823265158998815 ], [ 0.931799663096442, 44.823390738465285 ], [ 0.931785444871716, 44.82345352819825 ], [ 0.931757686370245, 44.823552128824588 ], [ 0.931717065531767, 44.823659561498609 ], [ 0.931728571654489, 44.823704687128227 ], [ 0.931738043630756, 44.823830749281669 ], [ 0.9317946706475, 44.824092349224152 ] ] ] ] } },
{ "type": "Feature", "properties": { "NOM": null, "TYPOLOGIE": null, "COMMUNE": "Naussannes", "COMMUNAUTE": "CC des Bastides Dordogne Périgord", "INSEE_COMM": 24307, "ID_CDECOMM": 21, "SURFACE_UR": 0.9119, "COVISIBILI": "non", "SUP_URBA_H": null, "SITUATION_": "non boise", "SITUATION1": "plateau plaine" }, "geometry": { "type": "MultiPolygon", "coordinates": [ [ [ [ 0.726103796176412, 44.760972135012544 ], [ 0.726445869045916, 44.760932150786459 ], [ 0.727930032812811, 44.761133734329846 ], [ 0.728095186216621, 44.760659355233074 ], [ 0.727668643360674, 44.76056317184149 ], [ 0.727065403021566, 44.760464407578574 ], [ 0.726587343529647, 44.760403451984772 ], [ 0.726272844886872, 44.760362875217218 ], [ 0.726209996952914, 44.760352961309771 ], [ 0.726056156331033, 44.760872483019561 ], [ 0.726103796176412, 44.760972135012544 ] ] ] ] } },
{ "type": "Feature", "properties": { "NOM": null, "TYPOLOGIE": null, "COMMUNE": "Capdrot", "COMMUNAUTE": "CC des Bastides Dordogne Périgord", "INSEE_COMM": 24080, "ID_CDECOMM": 21, "SURFACE_UR": 1.20525, "COVISIBILI": "non", "SUP_URBA_H": null, "SITUATION_": "boise", "SITUATION1": "plateau plaine" }, "geometry": { "type": "MultiPolygon", "coordinates": [ [ [ [ 0.919053645212061, 44.680539480673836 ], [ 0.919523403328567, 44.680410599626313 ], [ 0.919752093288809, 44.680341581012684 ], [ 0.920044256903631, 44.680255388191988 ], [ 0.920450990922524, 44.680125692082676 ], [ 0.920525932538959, 44.680153642392952 ], [ 0.920790841503758, 44.680148055130111 ], [ 0.920804581347718, 44.680103255114226 ], [ 0.920818093981972, 44.680067447527456 ], [ 0.920830697856605, 44.680067609659304 ], [ 0.921083002509835, 44.680061859562365 ], [ 0.921120814132483, 44.680062345862517 ], [ 0.92120994975378, 44.680027510789856 ], [ 0.920798230442869, 44.679356559276542 ], [ 0.919326648228316, 44.679715423778376 ], [ 0.919323009405446, 44.679859302590287 ], [ 0.919332884123748, 44.67996737400852 ], [ 0.919331064714472, 44.680039313421695 ], [ 0.919305402125567, 44.680056973667 ], [ 0.919024477438517, 44.680197281418991 ], [ 0.918947034137988, 44.680268246780869 ], [ 0.918856986711073, 44.680339049734407 ], [ 0.918942484342244, 44.680448095326945 ], [ 0.919053645212061, 44.680539480673836 ] ] ] ] } },
{ "type": "Feature", "properties": { "NOM": null, "TYPOLOGIE": null, "COMMUNE": "Le Buisson-de-Cadouin", "COMMUNAUTE": "CC des Bastides Dordogne Périgord", "INSEE_COMM": 24068, "ID_CDECOMM": 21, "SURFACE_UR": 1.7601, "COVISIBILI": "non", "SUP_URBA_H": null, "SITUATION_": "clairiere", "SITUATION1": "pente" }, "geometry": { "type": "MultiPolygon", "coordinates": [ [ [ [ 0.854043360957847, 44.782143688690248 ], [ 0.854609414115456, 44.782709039527077 ], [ 0.854673262543247, 44.782682910007409 ], [ 0.854796194880575, 44.782810503741509 ], [ 0.854725199487615, 44.783106412682798 ], [ 0.854733776427244, 44.783259457333585 ], [ 0.855042061231072, 44.783065690822369 ], [ 0.855375835596909, 44.782863270016087 ], [ 0.855667680031219, 44.782813214515258 ], [ 0.855792281324836, 44.782877858621667 ], [ 0.855920215441987, 44.782816605524758 ], [ 0.856017659281803, 44.782952851483103 ], [ 0.856054587621382, 44.782989330644099 ], [ 0.856426238182228, 44.782787415216603 ], [ 0.856426714095369, 44.782769429919945 ], [ 0.856202751113879, 44.782163702255815 ], [ 0.856081721065703, 44.781964168964677 ], [ 0.855610490229342, 44.782110770779759 ], [ 0.855441099130506, 44.781829624713552 ], [ 0.855174508285539, 44.7814032392548 ], [ 0.855073734845155, 44.781392889602849 ], [ 0.855005600860436, 44.781580886862812 ], [ 0.854991783463644, 44.781625680423822 ], [ 0.854965577719888, 44.781661311699338 ], [ 0.85493937194288, 44.781696942969127 ], [ 0.854901016000935, 44.781714419300393 ], [ 0.854862898237625, 44.78172290297789 ], [ 0.854836692366729, 44.781758534224075 ], [ 0.854821921954024, 44.781839298330247 ], [ 0.854834548502308, 44.781839467990828 ], [ 0.854808104347143, 44.781884091872918 ], [ 0.854678979977071, 44.781990306862831 ], [ 0.854589402669624, 44.782034082288469 ], [ 0.854335441128738, 44.782084644083703 ], [ 0.854043360957847, 44.782143688690248 ] ] ] ] } },
{ "type": "Feature", "properties": { "NOM": null, "TYPOLOGIE": null, "COMMUNE": "Naussannes", "COMMUNAUTE": "CC des Bastides Dordogne Périgord", "INSEE_COMM": 24307, "ID_CDECOMM": 21, "SURFACE_UR": 2.0726, "COVISIBILI": "non", "SUP_URBA_H": null, "SITUATION_": "non boise", "SITUATION1": "plateau plaine" }, "geometry": { "type": "MultiPolygon", "coordinates": [ [ [ [ 0.710259426358112, 44.739598962439104 ], [ 0.710385592491258, 44.739600823893674 ], [ 0.710411086850799, 44.739592204057928 ], [ 0.710525158588383, 44.739575894998168 ], [ 0.710563269522012, 44.739567461248754 ], [ 0.710689435594527, 44.739569322355621 ], [ 0.710714845277849, 44.739128895108962 ], [ 0.710383078129314, 44.738818138242671 ], [ 0.710161727956388, 44.738616961207953 ], [ 0.710550663961495, 44.738262861252203 ], [ 0.71073695208861, 44.7379327589125 ], [ 0.710224125913825, 44.73777226198127 ], [ 0.710210987400186, 44.737790060028139 ], [ 0.710166870878957, 44.738005311998187 ], [ 0.71011666703135, 44.737995575234571 ], [ 0.709740530575622, 44.737909060630003 ], [ 0.709502389799808, 44.737851569756387 ], [ 0.709388059976658, 44.737876869851839 ], [ 0.70931967899337, 44.737623973540821 ], [ 0.70860507003852, 44.737892295779815 ], [ 0.709295190389976, 44.738901038164371 ], [ 0.709644347480374, 44.739481933940745 ], [ 0.709682197234541, 44.739482492603216 ], [ 0.709681935986561, 44.739491484710172 ], [ 0.709948190356414, 44.739450434446177 ], [ 0.709959762121412, 44.739486589064263 ], [ 0.709985256494437, 44.739477969327389 ], [ 0.710061217192259, 44.739470094297332 ], [ 0.710124561287038, 44.739462033047623 ], [ 0.710226016265222, 44.739445538129139 ], [ 0.710237849366939, 44.739472700609888 ], [ 0.710259426358112, 44.739598962439104 ] ] ] ] } },
{ "type": "Feature", "properties": { "NOM": null, "TYPOLOGIE": null, "COMMUNE": "Trémolat", "COMMUNAUTE": "CC des Bastides Dordogne Périgord", "INSEE_COMM": 24558, "ID_CDECOMM": 21, "SURFACE_UR": 0.4492, "COVISIBILI": "non", "SUP_URBA_H": null, "SITUATION_": "non boise", "SITUATION1": "vallee" }, "geometry": { "type": "MultiPolygon", "coordinates": [ [ [ [ 0.851184533302471, 44.858894949378147 ], [ 0.851909558177674, 44.858265975667059 ], [ 0.851948445274965, 44.85823051405302 ], [ 0.851812470801847, 44.858111736135015 ], [ 0.851639282847836, 44.857965469227196 ], [ 0.851602068827147, 44.857937980386687 ], [ 0.851403355623007, 44.857800365936043 ], [ 0.851178878003568, 44.857680396764017 ], [ 0.851154068929099, 44.85766207077053 ], [ 0.851127825347762, 44.857697702194805 ], [ 0.851089177194719, 44.857724170608435 ], [ 0.851088938100955, 44.857733163512442 ], [ 0.851024046212109, 44.857795263313882 ], [ 0.851111356282762, 44.857841418564036 ], [ 0.851123999939355, 44.857841588662403 ], [ 0.85119866649721, 44.857887573746083 ], [ 0.85100351200977, 44.858091859055811 ], [ 0.850951502455213, 44.858145136028945 ], [ 0.851449841331672, 44.858430719681152 ], [ 0.851034958541499, 44.858811972012184 ], [ 0.851184533302471, 44.858894949378147 ] ] ] ] } },
{ "type": "Feature", "properties": { "NOM": null, "TYPOLOGIE": null, "COMMUNE": "Trémolat", "COMMUNAUTE": "CC des Bastides Dordogne Périgord", "INSEE_COMM": 24558, "ID_CDECOMM": 21, "SURFACE_UR": 1.1452, "COVISIBILI": "non", "SUP_URBA_H": null, "SITUATION_": "non boise", "SITUATION1": "pente" }, "geometry": { "type": "MultiPolygon", "coordinates": [ [ [ [ 0.832699195607681, 44.874154164151285 ], [ 0.832953109543953, 44.874121636316076 ], [ 0.833105602994109, 44.874096723581019 ], [ 0.83320774928554, 44.874062129126948 ], [ 0.833412041490027, 44.873992939936961 ], [ 0.833514671370171, 44.873940359353249 ], [ 0.833566228213096, 44.873905076102218 ], [ 0.833591764639345, 44.873896427391713 ], [ 0.833773422700236, 44.873727971167426 ], [ 0.833903281469159, 44.873603791006936 ], [ 0.833967968728785, 44.873550693795195 ], [ 0.833993988741171, 44.873524059146149 ], [ 0.83421455317682, 44.873320146701147 ], [ 0.834486187864613, 44.873098936009377 ], [ 0.834335874376944, 44.873042914336125 ], [ 0.834298175125095, 44.873033405347222 ], [ 0.833984660267341, 44.872930182151045 ], [ 0.833683793549255, 44.872827130165327 ], [ 0.83367114656465, 44.872826958069986 ], [ 0.833470488721687, 44.872761253910596 ], [ 0.832727095868548, 44.873587782280509 ], [ 0.832699195607681, 44.874154164151285 ] ] ] ] } },
{ "type": "Feature", "properties": { "NOM": null, "TYPOLOGIE": null, "COMMUNE": "Trémolat", "COMMUNAUTE": "CC des Bastides Dordogne Périgord", "INSEE_COMM": 24558, "ID_CDECOMM": 21, "SURFACE_UR": 1.3434, "COVISIBILI": "non", "SUP_URBA_H": null, "SITUATION_": "non boise", "SITUATION1": "vallee" }, "geometry": { "type": "MultiPolygon", "coordinates": [ [ [ [ 0.8298963185252, 44.873468236024003 ], [ 0.830643266054142, 44.873919238016093 ], [ 0.831190049628462, 44.874286540862521 ], [ 0.831699625032137, 44.874626345332743 ], [ 0.831700109587443, 44.874608359488199 ], [ 0.831689642720182, 44.874527250867004 ], [ 0.83166919363953, 44.874347047786991 ], [ 0.831948403677742, 44.874314866904946 ], [ 0.832507064938575, 44.874241510103474 ], [ 0.832671964088494, 44.874225763116847 ], [ 0.832699195607681, 44.874154164151285 ], [ 0.832727095868548, 44.873587782280509 ], [ 0.832473426369362, 44.873611316669574 ], [ 0.8322195144671, 44.873643843396536 ], [ 0.831952955099071, 44.873676197248706 ], [ 0.831953924030301, 44.873640225571108 ], [ 0.831954166262915, 44.873631232651746 ], [ 0.830855318019957, 44.873562280221662 ], [ 0.830842670878127, 44.873562107802648 ], [ 0.830552271552048, 44.873540155934201 ], [ 0.83018598967436, 44.873517168359889 ], [ 0.830175282685321, 44.873445052545677 ], [ 0.830086510362524, 44.873452837952158 ], [ 0.8298963185252, 44.873468236024003 ] ] ] ] } },
{ "type": "Feature", "properties": { "NOM": null, "TYPOLOGIE": null, "COMMUNE": "Trémolat", "COMMUNAUTE": "CC des Bastides Dordogne Périgord", "INSEE_COMM": 24558, "ID_CDECOMM": 21, "SURFACE_UR": 1.94485, "COVISIBILI": "non", "SUP_URBA_H": null, "SITUATION_": "non boise", "SITUATION1": "vallee" }, "geometry": { "type": "MultiPolygon", "coordinates": [ [ [ [ 0.829524942332547, 44.873634097462585 ], [ 0.829515934536986, 44.873499031186277 ], [ 0.8298963185252, 44.873468236024003 ], [ 0.828416806017424, 44.872503439491588 ], [ 0.827073055768538, 44.871666425594441 ], [ 0.825923908522095, 44.871587739885008 ], [ 0.825919774255593, 44.871740619165834 ], [ 0.825914910383758, 44.871920477154987 ], [ 0.825898858870439, 44.872046204770456 ], [ 0.825894724501754, 44.872199084078304 ], [ 0.82619776187757, 44.872221221121819 ], [ 0.826399867967104, 44.872232981055376 ], [ 0.826589327310116, 44.872244567713956 ], [ 0.826816970286444, 44.872247679792096 ], [ 0.826943195586774, 44.872258401425071 ], [ 0.827195889322702, 44.872270851354877 ], [ 0.827486280755626, 44.872292812028952 ], [ 0.827587212590279, 44.872303187316575 ], [ 0.827802209011174, 44.872306124572894 ], [ 0.827966375187295, 44.872317363333728 ], [ 0.827951785381666, 44.872389133831149 ], [ 0.827936709794159, 44.872478890141153 ], [ 0.827822904379206, 44.872945139234986 ], [ 0.828425832614241, 44.873106309755556 ], [ 0.828450883884804, 44.873115648054792 ], [ 0.828614567029975, 44.873144871676388 ], [ 0.828878455834371, 44.87321144790058 ], [ 0.828891102891005, 44.873211620544282 ], [ 0.828850734433172, 44.873301031719706 ], [ 0.828742518171375, 44.873560444925381 ], [ 0.828881151209573, 44.873580329922689 ], [ 0.828821824188831, 44.873903384194406 ], [ 0.829263506014888, 44.873945397750241 ], [ 0.829373419137157, 44.873623033598676 ], [ 0.829524942332547, 44.873634097462585 ] ] ] ] } },
{ "type": "Feature", "properties": { "NOM": null, "TYPOLOGIE": null, "COMMUNE": "Trémolat", "COMMUNAUTE": "CC des Bastides Dordogne Périgord", "INSEE_COMM": 24558, "ID_CDECOMM": 21, "SURFACE_UR": 1.0568, "COVISIBILI": "non", "SUP_URBA_H": null, "SITUATION_": "non boise", "SITUATION1": "vallee" }, "geometry": { "type": "MultiPolygon", "coordinates": [ [ [ [ 0.85061111101264, 44.857627776674008 ], [ 0.85075377789958, 44.857494754766293 ], [ 0.850805787038578, 44.857441477900132 ], [ 0.8505443382405, 44.857285025441314 ], [ 0.850469673022135, 44.857239039926888 ], [ 0.850258560813427, 44.857092260383666 ], [ 0.84988547768611, 44.856853338470408 ], [ 0.849611390806374, 44.856696713602204 ], [ 0.849437016199343, 44.856595407810772 ], [ 0.849386921442372, 44.856576740844666 ], [ 0.849187500322606, 44.856466101173389 ], [ 0.848750491114547, 44.856253302559253 ], [ 0.848710884958327, 44.85631574170035 ], [ 0.848552938442436, 44.856547512350076 ], [ 0.848740912546488, 44.856613018325923 ], [ 0.848740673080711, 44.856622011220743 ], [ 0.848816054420371, 44.856641019206243 ], [ 0.84904171991043, 44.856716028646787 ], [ 0.84905412389095, 44.856725191877722 ], [ 0.849116862072678, 44.856744029323757 ], [ 0.84914190947678, 44.856753362871473 ], [ 0.849229695150849, 44.856781533795782 ], [ 0.849164323506311, 44.856861618274657 ], [ 0.848863467866173, 44.857235402150629 ], [ 0.848745844770458, 44.857377755243256 ], [ 0.848719839263897, 44.857404393193661 ], [ 0.848970076537354, 44.857506722240608 ], [ 0.849180992102644, 44.857185703217212 ], [ 0.850017340106298, 44.857601791926051 ], [ 0.850042866565886, 44.857593139470453 ], [ 0.850081754377351, 44.857557678523023 ], [ 0.850131610995704, 44.85758533808302 ], [ 0.850156658944736, 44.857594671403959 ], [ 0.850194111265506, 44.857613167825654 ], [ 0.850206515632957, 44.857622330930596 ], [ 0.850306229157015, 44.857677649917356 ], [ 0.850448896894455, 44.857544628400738 ], [ 0.85061111101264, 44.857627776674008 ] ] ] ] } },
{ "type": "Feature", "properties": { "NOM": null, "TYPOLOGIE": null, "COMMUNE": "Trémolat", "COMMUNAUTE": "CC des Bastides Dordogne Périgord", "INSEE_COMM": 24558, "ID_CDECOMM": 21, "SURFACE_UR": 1.3393, "COVISIBILI": "non", "SUP_URBA_H": null, "SITUATION_": "non boise", "SITUATION1": "vallee" }, "geometry": { "type": "MultiPolygon", "coordinates": [ [ [ [ 0.825915891696565, 44.877965961879156 ], [ 0.825966484179705, 44.877966653803078 ], [ 0.826547568468285, 44.878001588032674 ], [ 0.826951822579395, 44.878025106310893 ], [ 0.827053240565277, 44.877549691396688 ], [ 0.827179477855057, 44.877560412784156 ], [ 0.827356307336947, 44.877571825315158 ], [ 0.82812783768455, 44.877582364583503 ], [ 0.828216616822056, 44.877574580738127 ], [ 0.828242398591706, 44.877556940326052 ], [ 0.828282285409605, 44.877485515071598 ], [ 0.828345525507974, 44.877486378618869 ], [ 0.828447195293657, 44.87746977436862 ], [ 0.828536217006122, 44.877452997341621 ], [ 0.82861234787052, 44.877445040494095 ], [ 0.828662939916584, 44.877445731183734 ], [ 0.828673622042764, 44.877050042484193 ], [ 0.828079898384155, 44.877014946709217 ], [ 0.827865369687538, 44.876994024140373 ], [ 0.827847863656951, 44.877173709830657 ], [ 0.827355079725861, 44.877148985139513 ], [ 0.826786408629805, 44.877123220972877 ], [ 0.826647524469989, 44.877112326239235 ], [ 0.826306273537268, 44.877098664490383 ], [ 0.826243033907956, 44.87709779977672 ], [ 0.826274898708333, 44.877323141598076 ], [ 0.826207281749885, 44.877484149427872 ], [ 0.82618101302122, 44.877519775205521 ], [ 0.826154501078765, 44.877564393897963 ], [ 0.826114611492354, 44.877635818386544 ], [ 0.825995428537323, 44.877832105935568 ], [ 0.825915891696565, 44.877965961879156 ] ] ] ] } },
{ "type": "Feature", "properties": { "NOM": null, "TYPOLOGIE": null, "COMMUNE": "Bayac", "COMMUNAUTE": "CC des Bastides Dordogne Périgord", "INSEE_COMM": 24027, "ID_CDECOMM": 21, "SURFACE_UR": 3.23905, "COVISIBILI": "oui", "SUP_URBA_H": null, "SITUATION_": "clairiere", "SITUATION1": "pente" }, "geometry": { "type": "MultiPolygon", "coordinates": [ [ [ [ 0.726575358611899, 44.802963797870817 ], [ 0.726576135095394, 44.802936820607982 ], [ 0.726881346898658, 44.802869304442368 ], [ 0.727378866699591, 44.802705634345905 ], [ 0.727468058691343, 44.8026799466246 ], [ 0.72760854993415, 44.802628018374747 ], [ 0.727723520633936, 44.802584713999799 ], [ 0.727497762326946, 44.802086631058067 ], [ 0.727611697372113, 44.802079296488422 ], [ 0.728295048469197, 44.802044279023427 ], [ 0.728332940576847, 44.80204483137959 ], [ 0.728392474640134, 44.802171645852297 ], [ 0.728966026455827, 44.80200008086279 ], [ 0.728822470479498, 44.801719107146049 ], [ 0.728544079607199, 44.801733042306552 ], [ 0.728342248026768, 44.801721104223077 ], [ 0.728279094878983, 44.801720183627637 ], [ 0.728115413854761, 44.801699805070868 ], [ 0.728014627454888, 44.801689339473704 ], [ 0.727750936221876, 44.801631517430316 ], [ 0.727574883707462, 44.801601961470375 ], [ 0.727486986857553, 44.801582687176307 ], [ 0.72736197438096, 44.801535882883314 ], [ 0.727261964549988, 44.801498439347725 ], [ 0.727199587833946, 44.801470540883827 ], [ 0.726971720080511, 44.801485209050924 ], [ 0.726920680261281, 44.801502456782785 ], [ 0.726831231111904, 44.801537136465271 ], [ 0.726672727261585, 44.801336907455102 ], [ 0.726526078553401, 44.801163839800026 ], [ 0.726221447808307, 44.800772557525754 ], [ 0.725261993024352, 44.801181369896668 ], [ 0.725069944951346, 44.80126852682546 ], [ 0.725220215974125, 44.80131570265695 ], [ 0.725258107558965, 44.801316256068382 ], [ 0.72533389073089, 44.801317362852188 ], [ 0.725422304435253, 44.801318654034233 ], [ 0.725497828620451, 44.801328753117609 ], [ 0.725649136041559, 44.801339958716817 ], [ 0.725850706739288, 44.801360894135335 ], [ 0.725976753230985, 44.801371730481726 ], [ 0.725351899323758, 44.80156951931594 ], [ 0.72558042581048, 44.802409502776314 ], [ 0.726196486175686, 44.802517454785189 ], [ 0.726187425091306, 44.802832189450442 ], [ 0.726562986537921, 44.802954621131413 ], [ 0.726575358611899, 44.802963797870817 ] ] ] ] } },
{ "type": "Feature", "properties": { "NOM": null, "TYPOLOGIE": null, "COMMUNE": "Trémolat", "COMMUNAUTE": "CC des Bastides Dordogne Périgord", "INSEE_COMM": 24558, "ID_CDECOMM": 21, "SURFACE_UR": 0.3225, "COVISIBILI": "non", "SUP_URBA_H": null, "SITUATION_": "clairiere", "SITUATION1": "plateau plaine" }, "geometry": { "type": "MultiPolygon", "coordinates": [ [ [ [ 0.847023194760369, 44.859369662867444 ], [ 0.847037756755595, 44.859297890226109 ], [ 0.847051599469667, 44.859253096286871 ], [ 0.847051599469667, 44.859253096286871 ], [ 0.847066161398233, 44.859181323645181 ], [ 0.847067599869401, 44.859127366242937 ], [ 0.847080723289506, 44.859109551003634 ], [ 0.847055675175722, 44.859100216979741 ], [ 0.84713537448987, 44.858957353932396 ], [ 0.847047586460671, 44.858929181319233 ], [ 0.847034463072267, 44.858946996553421 ], [ 0.846882736355112, 44.858944949660938 ], [ 0.846655625920706, 44.858923893134374 ], [ 0.846642982033552, 44.858923722524651 ], [ 0.846579762598936, 44.858922869454133 ], [ 0.84646620746205, 44.858912340937984 ], [ 0.846421799923605, 44.85915463729944 ], [ 0.846392674392788, 44.859298182411429 ], [ 0.846329454539617, 44.859297329197574 ], [ 0.846253590718355, 44.859296305293185 ], [ 0.84625191158242, 44.859359255587684 ], [ 0.846250472320047, 44.859413212984222 ], [ 0.846186772564274, 44.85943034548778 ], [ 0.84624735390873, 44.859530120680645 ], [ 0.846259997931473, 44.859530291335723 ], [ 0.846272641954296, 44.859530461989365 ], [ 0.846297210389279, 44.859557781992585 ], [ 0.846333943154312, 44.859603258437915 ], [ 0.846384999025858, 44.859585955209049 ], [ 0.846409327687269, 44.859622268088508 ], [ 0.846422211581929, 44.859613445824422 ], [ 0.846600667109825, 44.859561877178436 ], [ 0.846576818001485, 44.859507578540736 ], [ 0.846629312611931, 44.859436317797091 ], [ 0.846377392001201, 44.859396933666694 ], [ 0.846390995413008, 44.859361132708095 ], [ 0.846605943169515, 44.859364033368067 ], [ 0.846807767385315, 44.859384748820283 ], [ 0.847021995993781, 44.85941462737312 ], [ 0.847023194760369, 44.859369662867444 ] ] ] ] } },
{ "type": "Feature", "properties": { "NOM": null, "TYPOLOGIE": null, "COMMUNE": "Trémolat", "COMMUNAUTE": "CC des Bastides Dordogne Périgord", "INSEE_COMM": 24558, "ID_CDECOMM": 21, "SURFACE_UR": 2.84515, "COVISIBILI": "non", "SUP_URBA_H": null, "SITUATION_": "non boise", "SITUATION1": "vallee" }, "geometry": { "type": "MultiPolygon", "coordinates": [ [ [ [ 0.829421943698393, 44.875575877295013 ], [ 0.829535529399842, 44.87558642339976 ], [ 0.829763671301735, 44.875571543573351 ], [ 0.829890389797971, 44.875564276013193 ], [ 0.830017350813085, 44.87554801538586 ], [ 0.830068183707204, 44.875539712509749 ], [ 0.830514486335472, 44.875410855581329 ], [ 0.830565076568322, 44.875411545399658 ], [ 0.830679147041703, 44.875404104483273 ], [ 0.830944745756711, 44.875407725375389 ], [ 0.830981476451238, 44.875453207211642 ], [ 0.831386441032413, 44.875449730475474 ], [ 0.831625775694624, 44.875488976711416 ], [ 0.831726956329998, 44.875490355307697 ], [ 0.831764899069547, 44.875490872257444 ], [ 0.831878969545088, 44.875483430102733 ], [ 0.83179649314365, 44.875257400828069 ], [ 0.831760488727414, 44.875184940492623 ], [ 0.831730299002112, 44.87489664997792 ], [ 0.831699625032137, 44.874626345332743 ], [ 0.831190049628462, 44.874286540862521 ], [ 0.830643266054142, 44.873919238016093 ], [ 0.8298963185252, 44.873468236024003 ], [ 0.829515934536986, 44.873499031186277 ], [ 0.829524942332547, 44.873634097462585 ], [ 0.829545626877206, 44.87380530797239 ], [ 0.829545384257297, 44.87381430088702 ], [ 0.829554877412532, 44.873931381347738 ], [ 0.829656297787043, 44.873923768923071 ], [ 0.829690600489913, 44.874059180317005 ], [ 0.829703005144672, 44.874068345783776 ], [ 0.829709587529855, 44.874293341241135 ], [ 0.829642711918137, 44.874427372227956 ], [ 0.829629821975739, 44.874436192587147 ], [ 0.829640771059783, 44.874499315565345 ], [ 0.829691360458888, 44.874500005783119 ], [ 0.829740736901399, 44.874545660565836 ], [ 0.829772371729015, 44.874779994069861 ], [ 0.829791601940515, 44.875005162127906 ], [ 0.82979111676918, 44.875023147966822 ], [ 0.829822994658684, 44.875248488580773 ], [ 0.829772404582194, 44.875247798422876 ], [ 0.829392736397609, 44.875251614420435 ], [ 0.82932949880529, 44.875250751473338 ], [ 0.829291556250834, 44.875250233687744 ], [ 0.829203023626497, 44.87524902547068 ], [ 0.829152918935456, 44.875230349191341 ], [ 0.829157315044219, 44.875536281063695 ], [ 0.829182610208751, 44.875536626286319 ], [ 0.829308358039704, 44.875565331073638 ], [ 0.829421943698393, 44.875575877295013 ] ] ] ] } },
{ "type": "Feature", "properties": { "NOM": null, "TYPOLOGIE": null, "COMMUNE": "Trémolat", "COMMUNAUTE": "CC des Bastides Dordogne Périgord", "INSEE_COMM": 24558, "ID_CDECOMM": 21, "SURFACE_UR": 0.95595, "COVISIBILI": "non", "SUP_URBA_H": null, "SITUATION_": "clairiere", "SITUATION1": "plateau plaine" }, "geometry": { "type": "MultiPolygon", "coordinates": [ [ [ [ 0.847881732481019, 44.859903016976503 ], [ 0.848084996619959, 44.859869772671807 ], [ 0.848415659628885, 44.85980226052159 ], [ 0.848403494605241, 44.859784104301937 ], [ 0.848454550002606, 44.85976680011553 ], [ 0.848466954562286, 44.859775963423779 ], [ 0.848530893526739, 44.859749836697723 ], [ 0.848555463158629, 44.859777156201446 ], [ 0.8486191625845, 44.859760022330114 ], [ 0.848621078571839, 44.859688079083448 ], [ 0.848532570114763, 44.859686886358375 ], [ 0.84848199385527, 44.859686204769389 ], [ 0.848444540714307, 44.859667707751875 ], [ 0.848343627775837, 44.859657351565168 ], [ 0.848292811994647, 44.859665662794605 ], [ 0.848078821334114, 44.859626793797744 ], [ 0.848079300503663, 44.859608807989218 ], [ 0.848091944549738, 44.859608978434693 ], [ 0.848093142462128, 44.85956401391379 ], [ 0.847992948570239, 44.859526678695289 ], [ 0.847892035969134, 44.859516322096837 ], [ 0.847703334187235, 44.859477793307704 ], [ 0.847577373367059, 44.859458102537999 ], [ 0.847023194760369, 44.859369662867444 ], [ 0.847021995993781, 44.85941462737312 ], [ 0.846807767385315, 44.859384748820283 ], [ 0.846605943169515, 44.859364033368067 ], [ 0.846390995413008, 44.859361132708095 ], [ 0.846377392001201, 44.859396933666694 ], [ 0.846629312611931, 44.859436317797091 ], [ 0.846576818001485, 44.859507578540736 ], [ 0.846600667109825, 44.859561877178436 ], [ 0.846422211581929, 44.859613445824422 ], [ 0.846409327687269, 44.859622268088508 ], [ 0.846384999025858, 44.859585955209049 ], [ 0.846333943154312, 44.859603258437915 ], [ 0.846297210389279, 44.859557781992585 ], [ 0.846272641954296, 44.859530461989365 ], [ 0.846259997931473, 44.859530291335723 ], [ 0.84624735390873, 44.859530120680645 ], [ 0.846186772564274, 44.85943034548778 ], [ 0.846250472320047, 44.859413212984222 ], [ 0.84625191158242, 44.859359255587684 ], [ 0.846253590718355, 44.859296305293185 ], [ 0.846329454539617, 44.859297329197574 ], [ 0.846392674392788, 44.859298182411429 ], [ 0.846421799923605, 44.85915463729944 ], [ 0.84627055241266, 44.85913460376841 ], [ 0.845902918644627, 44.859165625811045 ], [ 0.845908364650366, 44.859435583456523 ], [ 0.845857308768656, 44.85945288646414 ], [ 0.845842265335013, 44.859542644752317 ], [ 0.846061940817211, 44.859842482861097 ], [ 0.846986398349424, 44.859800981015283 ], [ 0.846998562917675, 44.85981913739105 ], [ 0.847022172811717, 44.859882428847492 ], [ 0.847082276639427, 44.860000189407742 ], [ 0.84747568284596, 44.859951518657176 ], [ 0.847441106121608, 44.859825106450906 ], [ 0.847629808892561, 44.859863635693337 ], [ 0.847768654385271, 44.859874503984599 ], [ 0.847857402743798, 44.859866704416952 ], [ 0.847881732481019, 44.859903016976503 ] ] ] ] } },
{ "type": "Feature", "properties": { "NOM": null, "TYPOLOGIE": null, "COMMUNE": "Calès", "COMMUNAUTE": "CC des Bastides Dordogne Périgord", "INSEE_COMM": 24073, "ID_CDECOMM": 21, "SURFACE_UR": 4.20105, "COVISIBILI": "non", "SUP_URBA_H": null, "SITUATION_": "non boise", "SITUATION1": "vallee" }, "geometry": { "type": "MultiPolygon", "coordinates": [ [ [ [ 0.809822824094333, 44.869585075665562 ], [ 0.809517840925783, 44.869634836593946 ], [ 0.809263442014794, 44.869685296246615 ], [ 0.808920273261662, 44.869743523711037 ], [ 0.8086365431784, 44.869478707260569 ], [ 0.808476324914996, 44.869323554177996 ], [ 0.808799363868759, 44.869076128335905 ], [ 0.808665422154501, 44.868885354029473 ], [ 0.808063431994686, 44.869155907800078 ], [ 0.807591835368461, 44.869284323599423 ], [ 0.806857376490582, 44.869310137942193 ], [ 0.806882422469016, 44.869319481114353 ], [ 0.806848757996873, 44.869624887634146 ], [ 0.807000758367574, 44.869617996656082 ], [ 0.806973249995876, 44.869698582002435 ], [ 0.806783557067813, 44.869695954584046 ], [ 0.806750876876367, 44.869965389719731 ], [ 0.806057796678268, 44.869865824378309 ], [ 0.806729611357384, 44.870279964308196 ], [ 0.806134495027039, 44.870298707878511 ], [ 0.806093188432191, 44.870882892677614 ], [ 0.809191819455301, 44.870916792933841 ], [ 0.809119768427773, 44.870313047166405 ], [ 0.810060512525144, 44.870146128997035 ], [ 0.809822824094333, 44.869585075665562 ] ] ] ] } },
{ "type": "Feature", "properties": { "NOM": null, "TYPOLOGIE": null, "COMMUNE": "Calès", "COMMUNAUTE": "CC des Bastides Dordogne Périgord", "INSEE_COMM": 24073, "ID_CDECOMM": 21, "SURFACE_UR": 4.7279, "COVISIBILI": "non", "SUP_URBA_H": null, "SITUATION_": "non boise", "SITUATION1": "vallee" }, "geometry": { "type": "MultiPolygon", "coordinates": [ [ [ [ 0.811451659993467, 44.879431504847453 ], [ 0.812127179893035, 44.879251907871719 ], [ 0.812497417919177, 44.879131069008388 ], [ 0.81285500603249, 44.879010054433081 ], [ 0.813089543672819, 44.878761393717539 ], [ 0.812865064139955, 44.878641345722023 ], [ 0.813345942276847, 44.87863898191334 ], [ 0.813663864469912, 44.878580391739582 ], [ 0.814033114225364, 44.878495519348064 ], [ 0.814795681680913, 44.878371083878221 ], [ 0.815319155489887, 44.87819836918824 ], [ 0.815767961703035, 44.877979642691585 ], [ 0.815681139101445, 44.8779154733515 ], [ 0.815681873689858, 44.877888494656283 ], [ 0.815762414265345, 44.877718674492613 ], [ 0.816136795722849, 44.877444944258819 ], [ 0.816307093624656, 44.877231377924851 ], [ 0.815914763163813, 44.877234973546933 ], [ 0.815185013764503, 44.87754879013189 ], [ 0.813522099956688, 44.877282973513822 ], [ 0.813633622724895, 44.877833283909276 ], [ 0.812756000643724, 44.878001105451467 ], [ 0.812840612152561, 44.878146213125646 ], [ 0.811756438902689, 44.878464114074347 ], [ 0.811801385435256, 44.878671648997162 ], [ 0.810770000243613, 44.878909302677705 ], [ 0.810638485071241, 44.87862860110824 ], [ 0.809722159319543, 44.878822853083157 ], [ 0.809648703600348, 44.879658492466262 ], [ 0.809711945862299, 44.879659366674431 ], [ 0.810204989823725, 44.879675177149323 ], [ 0.81070049076442, 44.879601056490571 ], [ 0.810941548079422, 44.879577397321327 ], [ 0.811132502658467, 44.879535053147805 ], [ 0.811451659993467, 44.879431504847453 ] ] ] ] } },
{ "type": "Feature", "properties": { "NOM": null, "TYPOLOGIE": null, "COMMUNE": "Alles-sur-Dordogne", "COMMUNAUTE": "CC des Bastides Dordogne Périgord", "INSEE_COMM": 24005, "ID_CDECOMM": 21, "SURFACE_UR": 1.6524, "COVISIBILI": "non", "SUP_URBA_H": null, "SITUATION_": "non boise", "SITUATION1": "pente" }, "geometry": { "type": "MultiPolygon", "coordinates": [ [ [ [ 0.868143974560172, 44.855604323983506 ], [ 0.868312826316238, 44.855435644077978 ], [ 0.868376042146251, 44.855436484713728 ], [ 0.868365053166019, 44.855373366057833 ], [ 0.86831471687902, 44.855363700614298 ], [ 0.868256700377681, 44.855165015432036 ], [ 0.868264026525175, 44.85488623455597 ], [ 0.868141141299597, 44.854749659163758 ], [ 0.86829876543244, 44.85452685360972 ], [ 0.86798552786816, 44.854414734704299 ], [ 0.867987182448284, 44.854351784204404 ], [ 0.867964381494195, 44.853775732345042 ], [ 0.868146816393555, 44.853571249284457 ], [ 0.867948787167727, 44.853406686052352 ], [ 0.867858397140028, 44.853477452210285 ], [ 0.867300935037801, 44.853515015396525 ], [ 0.867148512790357, 44.853539975107068 ], [ 0.867105144939168, 44.853746307560378 ], [ 0.867138579746585, 44.853917677929942 ], [ 0.866543184304229, 44.853954732497925 ], [ 0.866813283635182, 44.854264194927218 ], [ 0.866595515301148, 44.854369248684172 ], [ 0.866694292906317, 44.85446052451389 ], [ 0.866889956717049, 44.854715019336751 ], [ 0.867154986706019, 44.854736539037098 ], [ 0.867168102713421, 44.854718721443447 ], [ 0.867431950531477, 44.8547852051204 ], [ 0.867544319035417, 44.854840676720208 ], [ 0.867655269218535, 44.854950105785839 ], [ 0.867826125672356, 44.855186276725888 ], [ 0.867836168423693, 44.85528536715632 ], [ 0.867937549850241, 44.855277719660585 ], [ 0.868033258493784, 44.855485902446631 ], [ 0.868044719850743, 44.855531035272513 ], [ 0.868143974560172, 44.855604323983506 ] ] ] ] } },
{ "type": "Feature", "properties": { "NOM": null, "TYPOLOGIE": null, "COMMUNE": "Beaumontois-en-Périgord (Nojals-et-Clotte)", "COMMUNAUTE": "CC des Bastides Dordogne Périgord", "INSEE_COMM": 24310, "ID_CDECOMM": 21, "SURFACE_UR": 1.1543, "COVISIBILI": "non", "SUP_URBA_H": null, "SITUATION_": "non boise", "SITUATION1": "plateau plaine" }, "geometry": { "type": "MultiPolygon", "coordinates": [ [ [ [ 0.758955940442373, 44.726570052127975 ], [ 0.759053609226123, 44.726238605248511 ], [ 0.759096769527202, 44.726050311053456 ], [ 0.758974431757209, 44.725913622637606 ], [ 0.758949255990924, 44.725463471786064 ], [ 0.759181922469891, 44.72481910432672 ], [ 0.758980360472917, 44.724807223189764 ], [ 0.758816385588182, 44.724804875639968 ], [ 0.758805545409212, 44.724741749799293 ], [ 0.75880579873362, 44.724732757620835 ], [ 0.758636304479353, 44.724478448233121 ], [ 0.758575771188628, 44.724387623396311 ], [ 0.758563157830887, 44.724387442778131 ], [ 0.758525064390444, 44.724395893091298 ], [ 0.758495783712907, 44.724539406666473 ], [ 0.758466756264275, 44.724673928065442 ], [ 0.758466249507477, 44.724691912420049 ], [ 0.758422327978765, 44.724907182787156 ], [ 0.758405660278764, 44.725050877004499 ], [ 0.758377899324674, 44.72514043751432 ], [ 0.758376378955435, 44.725194390588342 ], [ 0.758346844082162, 44.725346896352868 ], [ 0.758331189673643, 44.725454621865751 ], [ 0.758330176058933, 44.725490590586148 ], [ 0.758287520443621, 44.725660900068831 ], [ 0.75827110559042, 44.725795602131406 ], [ 0.758212287906528, 44.72609162150269 ], [ 0.758167097144296, 44.726351852813281 ], [ 0.758955940442373, 44.726570052127975 ] ] ] ] } },
{ "type": "Feature", "properties": { "NOM": null, "TYPOLOGIE": null, "COMMUNE": "Le Buisson-de-Cadouin", "COMMUNAUTE": "CC des Bastides Dordogne Périgord", "INSEE_COMM": 24068, "ID_CDECOMM": 21, "SURFACE_UR": 2.28435, "COVISIBILI": "non", "SUP_URBA_H": null, "SITUATION_": "non boise", "SITUATION1": "vallee" }, "geometry": { "type": "MultiPolygon", "coordinates": [ [ [ [ 0.918922502326571, 44.850177747937643 ], [ 0.91909150720228, 44.85049477652997 ], [ 0.919077039714152, 44.850566558354878 ], [ 0.919076811556787, 44.850575551375719 ], [ 0.919089225651469, 44.850584706737706 ], [ 0.91921870877282, 44.850964199313985 ], [ 0.919497752594716, 44.85093179803345 ], [ 0.920246613913088, 44.850824461522727 ], [ 0.920284768806785, 44.850815955115827 ], [ 0.920261079970347, 44.850752679537891 ], [ 0.920413699271487, 44.850718653812635 ], [ 0.920426113616163, 44.850727809024825 ], [ 0.920616887503825, 44.850685276551033 ], [ 0.920616659592972, 44.850694269575392 ], [ 0.920743766080997, 44.850668912085297 ], [ 0.920767455426803, 44.850732187557341 ], [ 0.920882147516064, 44.850697674733986 ], [ 0.920857774439481, 44.850661378361487 ], [ 0.921214036305527, 44.850575987405968 ], [ 0.921506402594674, 44.850516764081036 ], [ 0.921457883597026, 44.850435178587148 ], [ 0.921612323307513, 44.850329207012912 ], [ 0.921649566682194, 44.850356672236849 ], [ 0.922089647098698, 44.849957494873941 ], [ 0.921939990931648, 44.849874613587403 ], [ 0.921840675821432, 44.849801373238073 ], [ 0.920956303536558, 44.849268270570747 ], [ 0.920853800650794, 44.849320931628348 ], [ 0.920997757621357, 44.849628639889552 ], [ 0.921022130339622, 44.849664936216143 ], [ 0.920958464384999, 44.849682111644427 ], [ 0.920410981153149, 44.849828020214836 ], [ 0.920309388559305, 44.84984470869643 ], [ 0.920309388559305, 44.84984470869643 ], [ 0.918922502326571, 44.850177747937643 ] ] ] ] } },
{ "type": "Feature", "properties": { "NOM": null, "TYPOLOGIE": null, "COMMUNE": "Trémolat", "COMMUNAUTE": "CC des Bastides Dordogne Périgord", "INSEE_COMM": 24558, "ID_CDECOMM": 21, "SURFACE_UR": 0.87325, "COVISIBILI": "non", "SUP_URBA_H": null, "SITUATION_": "non boise", "SITUATION1": "pente" }, "geometry": { "type": "MultiPolygon", "coordinates": [ [ [ [ 0.833710425874958, 44.878890947159505 ], [ 0.833723800142323, 44.878864140424895 ], [ 0.833858026009045, 44.878578087122854 ], [ 0.833885258127969, 44.87850648774107 ], [ 0.833897906395203, 44.87850665981248 ], [ 0.833938270549484, 44.878417246607931 ], [ 0.834072736162673, 44.878122200155943 ], [ 0.834088045348343, 44.878023449866518 ], [ 0.834337622372874, 44.878152791721945 ], [ 0.834700235087259, 44.877842854787552 ], [ 0.834931527851933, 44.877711056060249 ], [ 0.834757839790736, 44.877582747427539 ], [ 0.834658106196469, 44.877527413967762 ], [ 0.834583185216393, 44.87749041028416 ], [ 0.834304928355778, 44.877486626106695 ], [ 0.833757191424888, 44.877623114734952 ], [ 0.833207880556231, 44.878758161146621 ], [ 0.833710425874958, 44.878890947159505 ] ] ] ] } },
{ "type": "Feature", "properties": { "NOM": null, "TYPOLOGIE": null, "COMMUNE": "Le Buisson-de-Cadouin", "COMMUNAUTE": "CC des Bastides Dordogne Périgord", "INSEE_COMM": 24068, "ID_CDECOMM": 21, "SURFACE_UR": 6.3504, "COVISIBILI": "non", "SUP_URBA_H": null, "SITUATION_": "non boise", "SITUATION1": "vallee" }, "geometry": { "type": "MultiPolygon", "coordinates": [ [ [ [ 0.905464224889542, 44.848798626388486 ], [ 0.905629950264686, 44.848746799033819 ], [ 0.90558191653024, 44.84864722064237 ], [ 0.905507447831795, 44.848592279380618 ], [ 0.905520550242568, 44.848574457301275 ], [ 0.905826255235026, 44.848488460446355 ], [ 0.905928079938195, 44.848462792303167 ], [ 0.906106675845077, 44.848402135100109 ], [ 0.90627767472541, 44.848638246205532 ], [ 0.906724279284845, 44.848482104741706 ], [ 0.906676243833596, 44.848382526837611 ], [ 0.906701527272721, 44.848382854356224 ], [ 0.907449458981089, 44.848311576646417 ], [ 0.907550822626346, 44.848303892988824 ], [ 0.907791704896329, 44.848280023310735 ], [ 0.907926854677098, 44.84843470402717 ], [ 0.907950528614075, 44.848497982196612 ], [ 0.908031663403527, 44.848786903203845 ], [ 0.908312540462244, 44.849177364477093 ], [ 0.908384943884654, 44.849313240812855 ], [ 0.908518029174177, 44.849548857829973 ], [ 0.908602386091483, 44.849711876582447 ], [ 0.909304129770255, 44.849469065172457 ], [ 0.909457211616546, 44.84941706860311 ], [ 0.909276541471687, 44.849063889940489 ], [ 0.910256623919651, 44.848815675395635 ], [ 0.910196858400664, 44.848679963674478 ], [ 0.910477043710271, 44.848602620228341 ], [ 0.910344870630144, 44.848331033683095 ], [ 0.910751929981641, 44.848237336899146 ], [ 0.91078893716907, 44.848273798759529 ], [ 0.910929602133873, 44.848212643891166 ], [ 0.91078226190125, 44.848039817585111 ], [ 0.910940386416199, 44.84778997311389 ], [ 0.910747759095119, 44.847409654839574 ], [ 0.91068409255468, 44.84742682433204 ], [ 0.910556529845522, 44.847470156199869 ], [ 0.910479992125385, 44.847496155250262 ], [ 0.910340017107012, 44.847530330550562 ], [ 0.910174529254479, 44.847573171948142 ], [ 0.909958474924078, 44.847615359569318 ], [ 0.909845849051785, 44.847568924085635 ], [ 0.909808154047998, 44.847559440893299 ], [ 0.909770688694674, 44.84754096469689 ], [ 0.909532107202737, 44.847474908773378 ], [ 0.909419711659195, 44.847419479867263 ], [ 0.909369145618336, 44.847418826068129 ], [ 0.909268932410746, 44.847381546441447 ], [ 0.909055864911415, 44.847306823429115 ], [ 0.909043682934194, 44.847288673962062 ], [ 0.909056783916299, 44.847270851473517 ], [ 0.908332312172907, 44.847414411073153 ], [ 0.908092123571339, 44.847411302957092 ], [ 0.90699093244897, 44.847451022299239 ], [ 0.905963286383332, 44.847581643582309 ], [ 0.904945051319924, 44.847838321030025 ], [ 0.905451583079815, 44.848798462488332 ], [ 0.905464224889542, 44.848798626388486 ] ] ] ] } },
{ "type": "Feature", "properties": { "NOM": null, "TYPOLOGIE": null, "COMMUNE": "Le Buisson-de-Cadouin", "COMMUNAUTE": "CC des Bastides Dordogne Périgord", "INSEE_COMM": 24068, "ID_CDECOMM": 21, "SURFACE_UR": 0.53075, "COVISIBILI": "non", "SUP_URBA_H": null, "SITUATION_": "clairiere", "SITUATION1": "pente" }, "geometry": { "type": "MultiPolygon", "coordinates": [ [ [ [ 0.920496130740197, 44.823516115127802 ], [ 0.920496358559895, 44.823507122203871 ], [ 0.920539734525541, 44.823291778573761 ], [ 0.920529376555446, 44.82320168716759 ], [ 0.920544062937159, 44.823120913039581 ], [ 0.920598479833303, 44.822968682048561 ], [ 0.920674979395753, 44.822942676269776 ], [ 0.920729623543039, 44.822781452304149 ], [ 0.9206668991695, 44.82276265567328 ], [ 0.920721087604726, 44.822619417565697 ], [ 0.920619316585161, 44.82264509904244 ], [ 0.920568089333367, 44.82267142912707 ], [ 0.920451859590522, 44.822768891645943 ], [ 0.92038754048589, 44.822813045304095 ], [ 0.920323449124743, 44.822848206004586 ], [ 0.920271765842385, 44.822892521796646 ], [ 0.920196861218401, 44.822855576848795 ], [ 0.92015940894341, 44.82283710435599 ], [ 0.92007141270465, 44.822817982945146 ], [ 0.920008688510834, 44.822799185940056 ], [ 0.919895648320129, 44.822770746993413 ], [ 0.919782152381934, 44.822760293770671 ], [ 0.919741281243036, 44.822876714934743 ], [ 0.919664097485774, 44.822929698826314 ], [ 0.919624593723719, 44.822992162433046 ], [ 0.919598637769577, 44.823018816630061 ], [ 0.919765969087515, 44.823398791151568 ], [ 0.920496130740197, 44.823516115127802 ] ] ] ] } },
{ "type": "Feature", "properties": { "NOM": null, "TYPOLOGIE": null, "COMMUNE": "Capdrot", "COMMUNAUTE": "CC des Bastides Dordogne Périgord", "INSEE_COMM": 24080, "ID_CDECOMM": 21, "SURFACE_UR": 4.5295, "COVISIBILI": "non", "SUP_URBA_H": null, "SITUATION_": "clairiere", "SITUATION1": "plateau plaine" }, "geometry": { "type": "MultiPolygon", "coordinates": [ [ [ [ 0.923979494567075, 44.682194990737557 ], [ 0.924316500037566, 44.68183050604641 ], [ 0.923448487167299, 44.681252657441426 ], [ 0.923942179787849, 44.680674297401666 ], [ 0.923403477216412, 44.680037707350948 ], [ 0.92337804268927, 44.680046376109665 ], [ 0.92298278572899, 44.680221207080763 ], [ 0.922931689520862, 44.680247536834628 ], [ 0.922804062225213, 44.680308864899438 ], [ 0.922600130254196, 44.680396198577206 ], [ 0.922434236495734, 44.680475025295635 ], [ 0.922122435035585, 44.680839827973585 ], [ 0.921757144591502, 44.680826137414982 ], [ 0.921316457174389, 44.680802480783576 ], [ 0.921140227739613, 44.680791219150741 ], [ 0.920976148080642, 44.68079810421775 ], [ 0.920812295573004, 44.680795996607394 ], [ 0.920774483457607, 44.680795510201186 ], [ 0.920355141256074, 44.680925045359885 ], [ 0.919691445915475, 44.680745591315429 ], [ 0.919634890545958, 44.680987737889829 ], [ 0.919592530545064, 44.681167099711196 ], [ 0.920096013421881, 44.681200566769611 ], [ 0.920260094368416, 44.681193683012147 ], [ 0.920336173668148, 44.681176671297763 ], [ 0.920382272177477, 44.68134817628254 ], [ 0.920404526129019, 44.681465402294428 ], [ 0.920429052737591, 44.681492703956259 ], [ 0.920528295613676, 44.681556948374542 ], [ 0.920577349055635, 44.681611551640245 ], [ 0.920600512438032, 44.681692807881724 ], [ 0.920599603520265, 44.681728777626745 ], [ 0.920571895450148, 44.681827370109666 ], [ 0.920505010932836, 44.681979430713845 ], [ 0.920754370559899, 44.682090583049607 ], [ 0.92217400019781, 44.681793998263409 ], [ 0.922764585777984, 44.681873549143141 ], [ 0.922616408564561, 44.682249450602889 ], [ 0.923030311274477, 44.682335725398559 ], [ 0.923229356784079, 44.681942485921127 ], [ 0.923979494567075, 44.682194990737557 ] ] ] ] } },
{ "type": "Feature", "properties": { "NOM": null, "TYPOLOGIE": null, "COMMUNE": "Le Buisson-de-Cadouin", "COMMUNAUTE": "CC des Bastides Dordogne Périgord", "INSEE_COMM": 24068, "ID_CDECOMM": 21, "SURFACE_UR": 1.48865, "COVISIBILI": "non", "SUP_URBA_H": null, "SITUATION_": "non boise", "SITUATION1": "vallee" }, "geometry": { "type": "MultiPolygon", "coordinates": [ [ [ [ 0.871151193901319, 44.811833806857365 ], [ 0.871207147766731, 44.811627644160886 ], [ 0.8712776197543, 44.811349707027752 ], [ 0.871228265138394, 44.811304071985468 ], [ 0.871164627644248, 44.811321218555882 ], [ 0.871063090405426, 44.811337861661166 ], [ 0.870851389880545, 44.811218102572873 ], [ 0.870738869742541, 44.81117162811676 ], [ 0.870688808462585, 44.811152971160809 ], [ 0.870449720986636, 44.811113810568294 ], [ 0.870235900191289, 44.811074985274217 ], [ 0.870223267017859, 44.811074817367199 ], [ 0.870268611668633, 44.811273330010131 ], [ 0.870280065791149, 44.811318461783387 ], [ 0.869836723390434, 44.811357548220364 ], [ 0.869837195171436, 44.811339562673318 ], [ 0.869583586825149, 44.811372174437011 ], [ 0.869532817932628, 44.811380495274506 ], [ 0.869522072221421, 44.811308385104475 ], [ 0.869167397991513, 44.811339651961447 ], [ 0.869189596526222, 44.811456894055688 ], [ 0.86922560838386, 44.811529340309271 ], [ 0.869249223031149, 44.811592625761584 ], [ 0.868882621692928, 44.811596745367687 ], [ 0.868553211869367, 44.811628346374846 ], [ 0.868299601471098, 44.811660955193069 ], [ 0.867855073935337, 44.811744997536273 ], [ 0.867728268306463, 44.811761301217089 ], [ 0.867627201744763, 44.811759955624503 ], [ 0.867488235230344, 44.811758105283637 ], [ 0.867387877534675, 44.811729781162235 ], [ 0.86738811381936, 44.811720788392634 ], [ 0.867250565250003, 44.811664981135621 ], [ 0.867188344029735, 44.811628168802237 ], [ 0.867061538471192, 44.811644471716612 ], [ 0.866655618347375, 44.811702035725467 ], [ 0.866677338977694, 44.811837263878644 ], [ 0.866712165865904, 44.811954674807353 ], [ 0.866723617266154, 44.81199980696195 ], [ 0.866746520121935, 44.812090071270084 ], [ 0.867216318801213, 44.812006369884941 ], [ 0.867444664655779, 44.81197342710184 ], [ 0.867889194616597, 44.811889386403202 ], [ 0.868257450962048, 44.811822320691199 ], [ 0.868510826009409, 44.811798704740013 ], [ 0.868687692654836, 44.811801058050989 ], [ 0.868915328689504, 44.811795090547122 ], [ 0.868991128680976, 44.811796098865962 ], [ 0.869470959405831, 44.811811476451474 ], [ 0.869887859569362, 44.811817019463447 ], [ 0.87036792652641, 44.811823400375822 ], [ 0.870468993268126, 44.811824743459873 ], [ 0.87054455754852, 44.811834743489015 ], [ 0.870885657904468, 44.811839275481212 ], [ 0.871151193901319, 44.811833806857365 ] ] ] ] } },
{ "type": "Feature", "properties": { "NOM": null, "TYPOLOGIE": null, "COMMUNE": "Urval", "COMMUNAUTE": "CC des Bastides Dordogne Périgord", "INSEE_COMM": 24560, "ID_CDECOMM": 21, "SURFACE_UR": 1.39235, "COVISIBILI": "non", "SUP_URBA_H": null, "SITUATION_": "non boise", "SITUATION1": "vallee" }, "geometry": { "type": "MultiPolygon", "coordinates": [ [ [ [ 0.949749575892976, 44.812148222103502 ], [ 0.949724754712361, 44.812129918555087 ], [ 0.949699933547943, 44.812111615001228 ], [ 0.949384984380311, 44.812071671804937 ], [ 0.949283915098182, 44.812070400752575 ], [ 0.948942583091326, 44.812075103204833 ], [ 0.948942583091326, 44.812075103204833 ], [ 0.948944815223058, 44.811985173836895 ], [ 0.94900842982833, 44.811967982576029 ], [ 0.949109945292275, 44.811951268006894 ], [ 0.949110614850588, 44.811924289196561 ], [ 0.949125703496575, 44.811825525800849 ], [ 0.949126373045807, 44.811798546991838 ], [ 0.949140122547995, 44.811753741215384 ], [ 0.949089588195504, 44.811753105588636 ], [ 0.949026420256503, 44.811752311022694 ], [ 0.948887450796997, 44.811750562850399 ], [ 0.948887450796997, 44.811750562850399 ], [ 0.948887897239008, 44.811732576979203 ], [ 0.948966823653006, 44.811607629452318 ], [ 0.948790177127894, 44.811596411444974 ], [ 0.948715268810339, 44.811559486017323 ], [ 0.948702858516961, 44.811550334129656 ], [ 0.94860112039096, 44.81157604125584 ], [ 0.94857540675686, 44.811593709190795 ], [ 0.948548800007346, 44.811647348858024 ], [ 0.94853549661351, 44.81167416868972 ], [ 0.948535050058992, 44.811692154559097 ], [ 0.94854545087507, 44.81178224288066 ], [ 0.94854277155765, 44.811890158104106 ], [ 0.948553842249225, 44.811953267624951 ], [ 0.94855205604407, 44.812025211112008 ], [ 0.948463173931374, 44.812042084150846 ], [ 0.948259248936735, 44.812111483751181 ], [ 0.948200547258298, 44.811930830004052 ], [ 0.947869169015057, 44.812043603370995 ], [ 0.947792696923584, 44.812069627853759 ], [ 0.94772908183055, 44.812086818415146 ], [ 0.94777849946733, 44.812132419338667 ], [ 0.947790686340243, 44.812150564267483 ], [ 0.947827693791792, 44.812187013176072 ], [ 0.947875771286018, 44.812286571670747 ], [ 0.947924295706862, 44.812368144276334 ], [ 0.947935365797036, 44.812431253872042 ], [ 0.94798299695331, 44.812548798203473 ], [ 0.947982550214703, 44.812566784077276 ], [ 0.948006924289107, 44.812603073895019 ], [ 0.948018664610529, 44.812639204676564 ], [ 0.948030628309172, 44.812666342520011 ], [ 0.948005137361915, 44.812675017393055 ], [ 0.948150265932169, 44.812937720899427 ], [ 0.948163123126191, 44.812928886977048 ], [ 0.948533747177044, 44.812762631977229 ], [ 0.948582719514878, 44.812826218430871 ], [ 0.948656736386571, 44.81289911572491 ], [ 0.948704369451445, 44.813016659767122 ], [ 0.948678208670119, 44.813052313617234 ], [ 0.948637851103379, 44.813150759083399 ], [ 0.948595260656214, 44.813339133947565 ], [ 0.948581287053659, 44.813392932627394 ], [ 0.948682358702424, 44.813394204322414 ], [ 0.948720483826278, 44.813385688242711 ], [ 0.9488211089887, 44.813404945693655 ], [ 0.94889668951897, 44.813414892250819 ], [ 0.948924189660548, 44.81332528069327 ], [ 0.948949457543784, 44.813325598547195 ], [ 0.948963207561527, 44.813280792764004 ], [ 0.948988252213935, 44.813290103550614 ], [ 0.949014859322391, 44.813236463740608 ], [ 0.949109546135814, 44.812985773778877 ], [ 0.949109769326171, 44.812976780838191 ], [ 0.949201554007267, 44.812842999044328 ], [ 0.949014948174148, 44.812723707214246 ], [ 0.949143518080171, 44.812635366926465 ], [ 0.949297578274503, 44.812538351327483 ], [ 0.949349005937578, 44.812503015101186 ], [ 0.949412844145963, 44.812476830664117 ], [ 0.949376058618906, 44.812431389343843 ], [ 0.949314228844391, 44.812376637308454 ], [ 0.949429494365343, 44.812315116632043 ], [ 0.94948069861261, 44.812288773286525 ], [ 0.949685515120822, 44.812183399670182 ], [ 0.949723862358296, 44.812165890310091 ], [ 0.949749575892976, 44.812148222103502 ] ] ] ] } },
{ "type": "Feature", "properties": { "NOM": null, "TYPOLOGIE": null, "COMMUNE": "Naussannes", "COMMUNAUTE": "CC des Bastides Dordogne Périgord", "INSEE_COMM": 24307, "ID_CDECOMM": 21, "SURFACE_UR": 1.7482, "COVISIBILI": "non", "SUP_URBA_H": null, "SITUATION_": "boise", "SITUATION1": "plateau plaine" }, "geometry": { "type": "MultiPolygon", "coordinates": [ [ [ [ 0.693884450139586, 44.764698012913712 ], [ 0.694037763692495, 44.764637323750414 ], [ 0.694254979310855, 44.764550597726846 ], [ 0.694332295282919, 44.76449777250113 ], [ 0.694370953214347, 44.764471359868402 ], [ 0.69446273771863, 44.764355777345294 ], [ 0.69471020726352, 44.764098575180519 ], [ 0.694775691370533, 44.764018585244784 ], [ 0.694840647814434, 44.763956579603182 ], [ 0.695231965505158, 44.763530591999718 ], [ 0.695271677014708, 44.763468210406131 ], [ 0.695286144599094, 44.763405453106365 ], [ 0.695068935008882, 44.763492181114557 ], [ 0.694851988481741, 44.76356991653504 ], [ 0.694540660213176, 44.763421344034647 ], [ 0.694328198138328, 44.763346211662693 ], [ 0.694327934320749, 44.763355203824275 ], [ 0.694053682657438, 44.763234170312849 ], [ 0.6940665683921, 44.763225366140873 ], [ 0.694144674253545, 44.76314556459689 ], [ 0.694094714538086, 44.763126828349634 ], [ 0.694173084063292, 44.763038034629162 ], [ 0.693811537253427, 44.762879716030049 ], [ 0.693681096601634, 44.763021710324757 ], [ 0.693615876028116, 44.763092707417606 ], [ 0.693367613988657, 44.76337688349453 ], [ 0.693579547017078, 44.76347000203841 ], [ 0.693396504826597, 44.763683181135242 ], [ 0.693483802832207, 44.763720466194656 ], [ 0.693052756129398, 44.764208828467495 ], [ 0.693026455825333, 44.764244420904951 ], [ 0.692912592884333, 44.764251720047618 ], [ 0.692861840425011, 44.764259959718714 ], [ 0.693048795729278, 44.764343710900505 ], [ 0.693211563315554, 44.764391116947458 ], [ 0.693561287841397, 44.764522273074292 ], [ 0.693811355981704, 44.764606963182132 ], [ 0.693886033508227, 44.764644059919682 ], [ 0.693884450139586, 44.764698012913712 ] ] ] ] } },
{ "type": "Feature", "properties": { "NOM": null, "TYPOLOGIE": null, "COMMUNE": "Bayac", "COMMUNAUTE": "CC des Bastides Dordogne Périgord", "INSEE_COMM": 24027, "ID_CDECOMM": 21, "SURFACE_UR": 2.8145, "COVISIBILI": "oui", "SUP_URBA_H": null, "SITUATION_": "clairiere", "SITUATION1": "ligne de crete" }, "geometry": { "type": "MultiPolygon", "coordinates": [ [ [ [ 0.739921141649762, 44.816175229839409 ], [ 0.739971934090825, 44.81616696849229 ], [ 0.739947949960169, 44.816121640410181 ], [ 0.739924479361522, 44.816058327321279 ], [ 0.739841947545733, 44.815850220234204 ], [ 0.73980610010745, 44.815777731826032 ], [ 0.739733121632692, 44.81567771747747 ], [ 0.739609094670468, 44.815594956785176 ], [ 0.739547209729091, 44.815549080138652 ], [ 0.739979582483353, 44.815456378177252 ], [ 0.739894483873131, 44.81533819616596 ], [ 0.739692035829385, 44.814903448588339 ], [ 0.739644582712485, 44.814794807354012 ], [ 0.73910304181591, 44.813842367114923 ], [ 0.73883409900409, 44.813523606153787 ], [ 0.738285469195193, 44.813704581692747 ], [ 0.738274120834932, 44.813659436271138 ], [ 0.738250653158223, 44.813596122891141 ], [ 0.73819185569216, 44.813442335670246 ], [ 0.738268169515502, 44.813425448604562 ], [ 0.738131773441444, 44.813333510861597 ], [ 0.737571024132765, 44.813496314864722 ], [ 0.737583143225602, 44.813514482896728 ], [ 0.737644253009924, 44.813587338065233 ], [ 0.737717996304226, 44.813660376246368 ], [ 0.738105299771802, 44.814259737181011 ], [ 0.737773487040282, 44.814371881079509 ], [ 0.737941873334096, 44.814671195656345 ], [ 0.738222125228117, 44.814594289273238 ], [ 0.738784044362966, 44.815717957418521 ], [ 0.739050895879412, 44.815667843466791 ], [ 0.739374544082282, 44.816284270973959 ], [ 0.739921141649762, 44.816175229839409 ] ] ] ] } },
{ "type": "Feature", "properties": { "NOM": null, "TYPOLOGIE": null, "COMMUNE": "Bayac", "COMMUNAUTE": "CC des Bastides Dordogne Périgord", "INSEE_COMM": 24027, "ID_CDECOMM": 21, "SURFACE_UR": 2.2646, "COVISIBILI": "non", "SUP_URBA_H": null, "SITUATION_": "clairiere", "SITUATION1": "pente" }, "geometry": { "type": "MultiPolygon", "coordinates": [ [ [ [ 0.722195557929532, 44.806732185965423 ], [ 0.722534019967548, 44.806827099811386 ], [ 0.722507718451837, 44.806862699952454 ], [ 0.722658780738945, 44.806882902101179 ], [ 0.722488599142767, 44.807087325833074 ], [ 0.724013607764547, 44.807667389674947 ], [ 0.724228869471535, 44.80765254298759 ], [ 0.724553221061547, 44.807360406894425 ], [ 0.724206786619352, 44.807103450864439 ], [ 0.724219936898308, 44.80708565059048 ], [ 0.724233087168913, 44.807067850315129 ], [ 0.724271760281917, 44.807041426773239 ], [ 0.72448715570109, 44.806144952354643 ], [ 0.724023415571241, 44.806012228789484 ], [ 0.723978002321306, 44.806272455334387 ], [ 0.723879541953304, 44.806181054097742 ], [ 0.723413209468571, 44.806138252232557 ], [ 0.723098197474056, 44.806106657515159 ], [ 0.722720027872927, 44.806074138122597 ], [ 0.722720287333705, 44.806065145698867 ], [ 0.722505550313803, 44.806062004588213 ], [ 0.722195557929532, 44.806732185965423 ] ] ] ] } },
{ "type": "Feature", "properties": { "NOM": null, "TYPOLOGIE": null, "COMMUNE": "Bayac", "COMMUNAUTE": "CC des Bastides Dordogne Périgord", "INSEE_COMM": 24027, "ID_CDECOMM": 21, "SURFACE_UR": 1.7265, "COVISIBILI": "non", "SUP_URBA_H": null, "SITUATION_": "clairiere", "SITUATION1": "pente" }, "geometry": { "type": "MultiPolygon", "coordinates": [ [ [ [ 0.724541592656205, 44.802502283507351 ], [ 0.723982914122759, 44.803033891358972 ], [ 0.724214866035198, 44.803316163675134 ], [ 0.723944689786306, 44.803483142926673 ], [ 0.723427855691952, 44.803439602683362 ], [ 0.722521194586966, 44.803768198644804 ], [ 0.722773556599316, 44.8037808864025 ], [ 0.723025659324677, 44.803802565999291 ], [ 0.723265131158098, 44.803824060324814 ], [ 0.723403813778349, 44.803835084315374 ], [ 0.72358038973188, 44.80384666211949 ], [ 0.723643285895694, 44.803856577820881 ], [ 0.723743816089524, 44.803876039835899 ], [ 0.723957507796272, 44.803915148209676 ], [ 0.724008032235774, 44.803915886667113 ], [ 0.72417145901936, 44.803945263751324 ], [ 0.724246727311951, 44.803964356120566 ], [ 0.724372520161681, 44.803984186729366 ], [ 0.724737268103652, 44.804043493169395 ], [ 0.724888323596839, 44.804063692244291 ], [ 0.725215438171273, 44.804113451146243 ], [ 0.725301845664312, 44.80374586867238 ], [ 0.725302104700135, 44.803736876251392 ], [ 0.72497810129661, 44.803579208576409 ], [ 0.725319003396069, 44.802711556019972 ], [ 0.724541592656205, 44.802502283507351 ] ] ] ] } },
{ "type": "Feature", "properties": { "NOM": null, "TYPOLOGIE": null, "COMMUNE": "Trémolat", "COMMUNAUTE": "CC des Bastides Dordogne Périgord", "INSEE_COMM": 24558, "ID_CDECOMM": 21, "SURFACE_UR": 3.0944, "COVISIBILI": "non", "SUP_URBA_H": null, "SITUATION_": "non boise", "SITUATION1": "vallee" }, "geometry": { "type": "MultiPolygon", "coordinates": [ [ [ [ 0.827073055768538, 44.871666425594441 ], [ 0.828416806017424, 44.872503439491588 ], [ 0.8298963185252, 44.873468236024003 ], [ 0.830086510362524, 44.873452837952158 ], [ 0.830175282685321, 44.873445052545677 ], [ 0.830152413668103, 44.873354778405741 ], [ 0.830141464231322, 44.87329165550701 ], [ 0.830773090996069, 44.873327257441773 ], [ 0.830886672393765, 44.873337802148093 ], [ 0.831114077683619, 44.8733498982943 ], [ 0.83132859364173, 44.873370814526353 ], [ 0.831341967730974, 44.873344008138851 ], [ 0.831371139117757, 44.873200466193481 ], [ 0.831384513145989, 44.873173659802639 ], [ 0.831427058302321, 44.873003311461581 ], [ 0.831427300616733, 44.872994318545722 ], [ 0.831442370751774, 44.872904561740469 ], [ 0.831442370751774, 44.872904561740469 ], [ 0.831470330120283, 44.872805984369727 ], [ 0.831502408508762, 44.872554527445665 ], [ 0.831401475496565, 44.872544155731937 ], [ 0.83004946883708, 44.87248074083378 ], [ 0.830036821941834, 44.872480568322679 ], [ 0.830030238455598, 44.872255573047433 ], [ 0.830008825388037, 44.87211134146262 ], [ 0.830025837838261, 44.871949641609703 ], [ 0.82842382545717, 44.871774841398825 ], [ 0.827918684897441, 44.871740953677936 ], [ 0.827615892359516, 44.871709828454158 ], [ 0.827300210481165, 44.871687522479256 ], [ 0.827073055768538, 44.871666425594441 ] ] ] ] } },
{ "type": "Feature", "properties": { "NOM": null, "TYPOLOGIE": null, "COMMUNE": "Saint-Avit-Sénieur", "COMMUNAUTE": "CC des Bastides Dordogne Périgord", "INSEE_COMM": 24379, "ID_CDECOMM": 21, "SURFACE_UR": 0.9125, "COVISIBILI": "non", "SUP_URBA_H": null, "SITUATION_": "non boise", "SITUATION1": "plateau plaine" }, "geometry": { "type": "MultiPolygon", "coordinates": [ [ [ [ 0.815834792617699, 44.777935076826608 ], [ 0.815886761385217, 44.777881818109861 ], [ 0.815925371265454, 44.777855362853053 ], [ 0.816184724563442, 44.777607053890442 ], [ 0.816353254107304, 44.777447451256187 ], [ 0.816354231507696, 44.777411481135388 ], [ 0.816304707199702, 44.777374814762581 ], [ 0.816053909467793, 44.777308385449359 ], [ 0.815966020416593, 44.777289181693668 ], [ 0.815840988515136, 44.777242477932539 ], [ 0.81570357589029, 44.777186607369295 ], [ 0.815578544435427, 44.777139903313575 ], [ 0.815391364396959, 44.777056358177092 ], [ 0.815117030317955, 44.776926630722684 ], [ 0.814992244495304, 44.776870933484517 ], [ 0.814717912243898, 44.776741205051088 ], [ 0.814507834578459, 44.777035170187439 ], [ 0.814407076483421, 44.777024783445704 ], [ 0.8144046298793, 44.777114708685865 ], [ 0.814379379154935, 44.777114360116386 ], [ 0.814362594444824, 44.777267058743895 ], [ 0.81467774014323, 44.777289400547801 ], [ 0.814555793854914, 44.777593578098013 ], [ 0.814589511500448, 44.777746973845368 ], [ 0.814588777598222, 44.777773951426731 ], [ 0.815394454168546, 44.777407240903209 ], [ 0.815834792617699, 44.777935076826608 ] ] ] ] } },
{ "type": "Feature", "properties": { "NOM": null, "TYPOLOGIE": null, "COMMUNE": "Pontours", "COMMUNAUTE": "CC des Bastides Dordogne Périgord", "INSEE_COMM": 24334, "ID_CDECOMM": 21, "SURFACE_UR": 0.63325, "COVISIBILI": "non", "SUP_URBA_H": null, "SITUATION_": "non boise", "SITUATION1": "vallee" }, "geometry": { "type": "MultiPolygon", "coordinates": [ [ [ [ 0.761118030520342, 44.835875693508676 ], [ 0.761319231903133, 44.835914549698579 ], [ 0.761558095566367, 44.835962939105144 ], [ 0.761646058069792, 44.835982186539411 ], [ 0.761758284234292, 44.83603776499659 ], [ 0.761845486965164, 44.836083990149504 ], [ 0.761857365497664, 44.836111148310891 ], [ 0.761870003989793, 44.836111328593013 ], [ 0.761932436533957, 44.836139207860718 ], [ 0.761945328336608, 44.836130395508015 ], [ 0.761982990529243, 44.836139928946267 ], [ 0.76195619371819, 44.83619352416499 ], [ 0.762182420598385, 44.836241731954601 ], [ 0.762220336166527, 44.836242272685148 ], [ 0.762308299336049, 44.836261519594203 ], [ 0.762447069919061, 44.836272494678738 ], [ 0.762569172441808, 44.835977359845721 ], [ 0.762631858377755, 44.835996246089415 ], [ 0.76287072352304, 44.836044632659011 ], [ 0.762991557646094, 44.835794460522202 ], [ 0.762501444504462, 44.835688514565348 ], [ 0.762380355188146, 44.835947678781892 ], [ 0.762153622786153, 44.835917456655224 ], [ 0.762113174678448, 44.836006842162227 ], [ 0.761924610873561, 44.835968167692897 ], [ 0.762031797499835, 44.835753786836584 ], [ 0.762072752117369, 44.835646416119026 ], [ 0.762035090241219, 44.835636882713267 ], [ 0.762075538206399, 44.835547497248434 ], [ 0.761295760775618, 44.83540142914589 ], [ 0.761118030520342, 44.835875693508676 ] ] ] ] } },
{ "type": "Feature", "properties": { "NOM": null, "TYPOLOGIE": null, "COMMUNE": "Saint-Avit-Sénieur", "COMMUNAUTE": "CC des Bastides Dordogne Périgord", "INSEE_COMM": 24379, "ID_CDECOMM": 21, "SURFACE_UR": 1.5559, "COVISIBILI": "non", "SUP_URBA_H": null, "SITUATION_": "non boise", "SITUATION1": "pente" }, "geometry": { "type": "MultiPolygon", "coordinates": [ [ [ [ 0.817443766987487, 44.773567260081506 ], [ 0.817408090745318, 44.773485805612481 ], [ 0.817271906680669, 44.773384974517406 ], [ 0.817259282147925, 44.773384800562987 ], [ 0.817259526335402, 44.773375808046154 ], [ 0.817247145994174, 44.773366641573546 ], [ 0.817222141130539, 44.773357301140905 ], [ 0.81716048371873, 44.773302476227478 ], [ 0.817135478898073, 44.773293135775553 ], [ 0.817135723104972, 44.773284143259346 ], [ 0.817110718296592, 44.773274802801943 ], [ 0.817086201925944, 44.773247477306917 ], [ 0.817086690355045, 44.773229492275156 ], [ 0.817074065857821, 44.773229318299592 ], [ 0.817074310074275, 44.77322032578379 ], [ 0.817061929797546, 44.773211159291101 ], [ 0.817012164504874, 44.7731834858224 ], [ 0.81698740399198, 44.773165152822095 ], [ 0.816975023741594, 44.7731559863199 ], [ 0.81696264349525, 44.773146819816375 ], [ 0.816950263252947, 44.77313765331148 ], [ 0.816937638776788, 44.773137479320425 ], [ 0.816924770060711, 44.77314629784302 ], [ 0.816887873610633, 44.773109805796693 ], [ 0.816875493388691, 44.773100639283626 ], [ 0.816875737636376, 44.773091646768762 ], [ 0.816875981883983, 44.773082654253969 ], [ 0.816888850593138, 44.773073835737293 ], [ 0.816727175311558, 44.772981648507539 ], [ 0.816627889798417, 44.772917308739146 ], [ 0.816564034780661, 44.772943416125678 ], [ 0.81652689439553, 44.772915916475768 ], [ 0.816501645545591, 44.772915568395462 ], [ 0.816489021120738, 44.772915394353141 ], [ 0.816489265429492, 44.772906401839982 ], [ 0.81640113879468, 44.772896190990672 ], [ 0.816300387774293, 44.772885806007167 ], [ 0.8162880076976, 44.772876639429263 ], [ 0.81627538328216, 44.772876465362565 ], [ 0.816048876954855, 44.772846354378665 ], [ 0.816023872522111, 44.772837013677261 ], [ 0.816011248116396, 44.772836839580364 ], [ 0.815935990477725, 44.772817809945408 ], [ 0.815936234874595, 44.772808817433983 ], [ 0.815885981683516, 44.772799128486227 ], [ 0.815873357286744, 44.772798954373492 ], [ 0.815860244072145, 44.772816765281846 ], [ 0.81585853320701, 44.772879712861517 ], [ 0.81584395349691, 44.772951478838493 ], [ 0.815830595822937, 44.772978282256211 ], [ 0.815666478149773, 44.772976018595109 ], [ 0.815590731535853, 44.772974973746123 ], [ 0.815502360489841, 44.772973754689929 ], [ 0.815464487185582, 44.77297323221562 ], [ 0.815338242843143, 44.772971490540662 ], [ 0.815236513846157, 44.772997074627874 ], [ 0.815159055557342, 44.77305897705611 ], [ 0.815104889780903, 44.773193167922422 ], [ 0.81510440071754, 44.773211152944228 ], [ 0.815140562497072, 44.773274623120336 ], [ 0.815164588887969, 44.773319934069356 ], [ 0.815176479837558, 44.7733470857981 ], [ 0.815225999857722, 44.773383752607273 ], [ 0.815200261771225, 44.773401389252648 ], [ 0.815187392721914, 44.773410207573114 ], [ 0.815057968385229, 44.773525368232569 ], [ 0.815232022557782, 44.773626724628329 ], [ 0.815346377272625, 44.773601314714945 ], [ 0.815448351792238, 44.773566738008348 ], [ 0.815460487407663, 44.773584897196407 ], [ 0.815484269716604, 44.773639200595873 ], [ 0.815532323403609, 44.773729822355442 ], [ 0.815543725690138, 44.773774959078018 ], [ 0.815655147214632, 44.773857459014913 ], [ 0.815667527404224, 44.773866625667871 ], [ 0.815998211883811, 44.773781227597894 ], [ 0.816351945550227, 44.773777109303126 ], [ 0.817015921625189, 44.773975175288584 ], [ 0.817040682504476, 44.773993508289436 ], [ 0.817065687621163, 44.774002848766067 ], [ 0.817443766987487, 44.773567260081506 ] ] ] ] } },
{ "type": "Feature", "properties": { "NOM": null, "TYPOLOGIE": null, "COMMUNE": "Saint-Avit-Sénieur", "COMMUNAUTE": "CC des Bastides Dordogne Périgord", "INSEE_COMM": 24379, "ID_CDECOMM": 21, "SURFACE_UR": 1.90895, "COVISIBILI": "oui", "SUP_URBA_H": null, "SITUATION_": "non boise", "SITUATION1": "plateau plaine" }, "geometry": { "type": "MultiPolygon", "coordinates": [ [ [ [ 0.810636482945886, 44.779590479691066 ], [ 0.810977137246089, 44.779604189007145 ], [ 0.810989763157381, 44.779604363682928 ], [ 0.811116512670927, 44.779588125310006 ], [ 0.811217519938042, 44.779589522548051 ], [ 0.811255397664506, 44.779590046488543 ], [ 0.811423947166934, 44.77943045127887 ], [ 0.811437063332677, 44.779412640852037 ], [ 0.811463295639204, 44.779377019994122 ], [ 0.811869774019292, 44.779292681854876 ], [ 0.81208539354526, 44.779259679301155 ], [ 0.812109420031625, 44.779304991031495 ], [ 0.812525583099751, 44.779328735346112 ], [ 0.812502291192026, 44.779256446122147 ], [ 0.812629039483043, 44.779240206012496 ], [ 0.812729066408607, 44.779277571978113 ], [ 0.812881556189984, 44.779243695470527 ], [ 0.813085038866443, 44.779192531447009 ], [ 0.813682124524103, 44.779065840351905 ], [ 0.813333499008911, 44.778881106942585 ], [ 0.8131832142626, 44.778834051320175 ], [ 0.813120085538694, 44.778833179183273 ], [ 0.812866835919173, 44.778856667855585 ], [ 0.812574973943102, 44.778906610052701 ], [ 0.812538076535171, 44.778870116460574 ], [ 0.812513070004492, 44.778860774936234 ], [ 0.812299412306425, 44.778821838117487 ], [ 0.812160529176845, 44.778819918256438 ], [ 0.811780531611663, 44.778859644004996 ], [ 0.811797078732829, 44.778715938202083 ], [ 0.810683318295615, 44.778799487100585 ], [ 0.810553020246172, 44.778482826988181 ], [ 0.810516860297808, 44.778419355170207 ], [ 0.810369768207406, 44.778255392982459 ], [ 0.810258836380614, 44.778154902516093 ], [ 0.810136128230052, 44.778486052811026 ], [ 0.810095552334579, 44.77858444619666 ], [ 0.810094570905303, 44.778620416273625 ], [ 0.810067847360254, 44.778674021832678 ], [ 0.810039651563759, 44.778781582504571 ], [ 0.810012927889601, 44.778835188053812 ], [ 0.809999075285746, 44.778879975866559 ], [ 0.809958498865554, 44.778978369217505 ], [ 0.809930793478306, 44.779067944833535 ], [ 0.809850621582284, 44.779228761404823 ], [ 0.809974916785255, 44.779302449556631 ], [ 0.810077150326419, 44.779258885229595 ], [ 0.810166757887671, 44.77921514604013 ], [ 0.810203653981384, 44.779251640428441 ], [ 0.810327213728276, 44.779352305752006 ], [ 0.81041387753155, 44.779416476632989 ], [ 0.810512922120654, 44.779489814701833 ], [ 0.810636482945886, 44.779590479691066 ] ] ] ] } },
{ "type": "Feature", "properties": { "NOM": null, "TYPOLOGIE": null, "COMMUNE": "Beaumontois-en-Périgord (Beaumont-du-Périgord)", "COMMUNAUTE": "CC des Bastides Dordogne Périgord", "INSEE_COMM": 24028, "ID_CDECOMM": 21, "SURFACE_UR": 5.7385, "COVISIBILI": "non", "SUP_URBA_H": null, "SITUATION_": "non boise", "SITUATION1": "pente" }, "geometry": { "type": "MultiPolygon", "coordinates": [ [ [ [ 0.765983777761758, 44.765298723183868 ], [ 0.765993372040217, 44.765406811249299 ], [ 0.766013317774137, 44.76559601032104 ], [ 0.766055985496852, 44.765875492555651 ], [ 0.766754269607239, 44.765741500670103 ], [ 0.766778253772242, 44.76578682187256 ], [ 0.766993343684274, 44.76577189184647 ], [ 0.767085246433473, 44.766097054214228 ], [ 0.767177654591623, 44.766404231826144 ], [ 0.767164779600454, 44.766413044533948 ], [ 0.769002422461122, 44.766628098706775 ], [ 0.769823161104176, 44.76663076728736 ], [ 0.770663274246538, 44.765941017121612 ], [ 0.770593283731888, 44.765283319345983 ], [ 0.769367918720628, 44.765751691140586 ], [ 0.769373710540859, 44.765544866718699 ], [ 0.768024328740665, 44.765030902888391 ], [ 0.768352238482048, 44.764594765714534 ], [ 0.767929629605599, 44.764354859910867 ], [ 0.766611859669741, 44.764516024140953 ], [ 0.766578280919155, 44.764362614956376 ], [ 0.765755556429503, 44.764431861119888 ], [ 0.765984030120416, 44.765289730827867 ], [ 0.765983777761758, 44.765298723183868 ] ] ] ] } },
{ "type": "Feature", "properties": { "NOM": null, "TYPOLOGIE": null, "COMMUNE": "Saint-Marcory", "COMMUNAUTE": "CC des Bastides Dordogne Périgord", "INSEE_COMM": 24446, "ID_CDECOMM": 21, "SURFACE_UR": 2.86965, "COVISIBILI": "non", "SUP_URBA_H": null, "SITUATION_": "non boise", "SITUATION1": "plateau plaine" }, "geometry": { "type": "MultiPolygon", "coordinates": [ [ [ [ 0.916454222584537, 44.73136619290495 ], [ 0.916480594013095, 44.731321555245074 ], [ 0.9165457239968, 44.731241435120928 ], [ 0.916708811456141, 44.731279519476601 ], [ 0.917148525616619, 44.73135715053516 ], [ 0.917370966823965, 44.731045173239913 ], [ 0.917725256262172, 44.730510005883005 ], [ 0.91773832731423, 44.730492183202593 ], [ 0.918118523503703, 44.729930361937058 ], [ 0.918468242773582, 44.729575044091519 ], [ 0.918533595681872, 44.729485930271082 ], [ 0.917871382870116, 44.729225528885166 ], [ 0.917862186395658, 44.729090477709292 ], [ 0.917980050074055, 44.728921080908734 ], [ 0.917591724941617, 44.728808132975793 ], [ 0.917579338055652, 44.728798977891245 ], [ 0.917291248999498, 44.728714306650637 ], [ 0.917153626198404, 44.728667555739044 ], [ 0.917126800528211, 44.728730178661714 ], [ 0.917100886864787, 44.728756831271639 ], [ 0.916890155903867, 44.729104940606575 ], [ 0.91702390304039, 44.729304565692736 ], [ 0.916787483376849, 44.729670334931129 ], [ 0.916338268146328, 44.730465145436838 ], [ 0.916124787862503, 44.730921164572592 ], [ 0.916208303406475, 44.73111114751751 ], [ 0.916366142946172, 44.731356061830908 ], [ 0.916454222584537, 44.73136619290495 ] ] ] ] } },
{ "type": "Feature", "properties": { "NOM": null, "TYPOLOGIE": null, "COMMUNE": "Le Buisson-de-Cadouin", "COMMUNAUTE": "CC des Bastides Dordogne Périgord", "INSEE_COMM": 24068, "ID_CDECOMM": 21, "SURFACE_UR": 2.93525, "COVISIBILI": "non", "SUP_URBA_H": null, "SITUATION_": "non boise", "SITUATION1": "pente" }, "geometry": { "type": "MultiPolygon", "coordinates": [ [ [ [ 0.90908680462558, 44.839165893079546 ], [ 0.910152667141878, 44.839017747449851 ], [ 0.909933877930734, 44.838673074207641 ], [ 0.909909058008851, 44.838654761509936 ], [ 0.90990974674576, 44.838627782633381 ], [ 0.909842633973209, 44.83828506985482 ], [ 0.909803555888086, 44.837834768423072 ], [ 0.909794590042518, 44.837690717732805 ], [ 0.909810902814868, 44.837546993858339 ], [ 0.909844216859996, 44.837232567266945 ], [ 0.909818479254116, 44.83725022637347 ], [ 0.909354969912999, 44.837577082242916 ], [ 0.909045884112502, 44.837797982752562 ], [ 0.908286373015526, 44.838327911527337 ], [ 0.908196517700157, 44.838380724179189 ], [ 0.907851113715106, 44.838538179968936 ], [ 0.907468249117568, 44.838677157776161 ], [ 0.907072743058266, 44.838815970550151 ], [ 0.907021724717203, 44.838833301582767 ], [ 0.906970476293474, 44.83885962554573 ], [ 0.906968175778073, 44.838949555085179 ], [ 0.906966335360437, 44.839021498719063 ], [ 0.906977824717228, 44.839066627218713 ], [ 0.90711272001851, 44.839230301317158 ], [ 0.907209697023113, 44.839393484167523 ], [ 0.907337013951133, 44.839359149270884 ], [ 0.907374473036285, 44.839377626234047 ], [ 0.907361603354246, 44.839386455508503 ], [ 0.90779962418308, 44.839563049715743 ], [ 0.908180425272777, 44.839505007332917 ], [ 0.908472517789111, 44.839454811744318 ], [ 0.908401505824255, 44.839264978256352 ], [ 0.90876966460977, 44.839206770286275 ], [ 0.90908680462558, 44.839165893079546 ] ] ] ] } },
{ "type": "Feature", "properties": { "NOM": null, "TYPOLOGIE": null, "COMMUNE": "Le Buisson-de-Cadouin", "COMMUNAUTE": "CC des Bastides Dordogne Périgord", "INSEE_COMM": 24068, "ID_CDECOMM": 21, "SURFACE_UR": 1.63835, "COVISIBILI": "non", "SUP_URBA_H": null, "SITUATION_": "non boise", "SITUATION1": "plateau plaine" }, "geometry": { "type": "MultiPolygon", "coordinates": [ [ [ [ 0.846364542326796, 44.840909768288078 ], [ 0.847197750865663, 44.841433789556433 ], [ 0.84719391648151, 44.841577674936289 ], [ 0.847167917566328, 44.84160431235145 ], [ 0.847793927969251, 44.841837658937351 ], [ 0.848327443766997, 44.841745896462037 ], [ 0.84835296326829, 44.841737244451537 ], [ 0.848340562718237, 44.84172808119812 ], [ 0.84843383184862, 44.841549417275715 ], [ 0.848244471722577, 44.841537868216619 ], [ 0.848349662384031, 44.841386353318185 ], [ 0.848186780142116, 44.841330180793797 ], [ 0.848148620874425, 44.841338662328745 ], [ 0.848099737694217, 44.841275030708921 ], [ 0.84779404066901, 44.840884077259332 ], [ 0.847696276017066, 44.840756813709781 ], [ 0.847442101867313, 44.84033056997805 ], [ 0.847811767188314, 44.84021860753861 ], [ 0.847441442400233, 44.839880757879108 ], [ 0.847185055855454, 44.840012239702659 ], [ 0.846520602982911, 44.840273154218103 ], [ 0.84695652044121, 44.840521931578948 ], [ 0.846904523339701, 44.840575206268795 ], [ 0.846750209462609, 44.840672080372265 ], [ 0.846609014325101, 44.840751139212763 ], [ 0.846493338160861, 44.84082154629769 ], [ 0.846364542326796, 44.840909768288078 ] ] ] ] } },
{ "type": "Feature", "properties": { "NOM": null, "TYPOLOGIE": null, "COMMUNE": "Le Buisson-de-Cadouin", "COMMUNAUTE": "CC des Bastides Dordogne Périgord", "INSEE_COMM": 24068, "ID_CDECOMM": 21, "SURFACE_UR": 3.22635, "COVISIBILI": "non", "SUP_URBA_H": null, "SITUATION_": "non boise", "SITUATION1": "vallee" }, "geometry": { "type": "MultiPolygon", "coordinates": [ [ [ [ 0.875798626188487, 44.811958409518759 ], [ 0.875807500602974, 44.812102461410873 ], [ 0.875816609998692, 44.812237520521258 ], [ 0.875839239775202, 44.812822553726186 ], [ 0.876520983759383, 44.812849569536667 ], [ 0.877467799343757, 44.812889082912527 ], [ 0.87746756467008, 44.812898075708226 ], [ 0.878072335790668, 44.812969043419855 ], [ 0.878714305942216, 44.813067487034047 ], [ 0.8791033705174, 44.81317158217098 ], [ 0.879677021253044, 44.813467027338639 ], [ 0.879922216550618, 44.813272355117277 ], [ 0.879885721184821, 44.813217897902533 ], [ 0.879811559171727, 44.81315394744886 ], [ 0.879649664714161, 44.813061850772527 ], [ 0.879752842681215, 44.812982250151784 ], [ 0.87995966628459, 44.812805063027312 ], [ 0.87999289859717, 44.812499641404294 ], [ 0.879654371027677, 44.812396216758124 ], [ 0.879591906526068, 44.812368404200768 ], [ 0.879303211231719, 44.812292624210464 ], [ 0.879152312743231, 44.812263643287196 ], [ 0.878850281784878, 44.812214673619295 ], [ 0.878056719978656, 44.812114226796766 ], [ 0.877855758135264, 44.812066590458343 ], [ 0.877679594177692, 44.812037273453299 ], [ 0.877629529816906, 44.812018619637094 ], [ 0.877528931875147, 44.811999297521979 ], [ 0.877251935836207, 44.811959650421301 ], [ 0.876758998757275, 44.81196212506967 ], [ 0.876581896454379, 44.811968777477425 ], [ 0.87634186198728, 44.811965600790224 ], [ 0.875798626188487, 44.811958409518759 ] ] ] ] } },
{ "type": "Feature", "properties": { "NOM": null, "TYPOLOGIE": null, "COMMUNE": "Le Buisson-de-Cadouin", "COMMUNAUTE": "CC des Bastides Dordogne Périgord", "INSEE_COMM": 24068, "ID_CDECOMM": 21, "SURFACE_UR": 1.16725, "COVISIBILI": "oui", "SUP_URBA_H": null, "SITUATION_": "non boise", "SITUATION1": "pente" }, "geometry": { "type": "MultiPolygon", "coordinates": [ [ [ [ 0.851370661474025, 44.840473459302643 ], [ 0.851575047815438, 44.840395244624105 ], [ 0.851664720520786, 44.840351470689697 ], [ 0.851793506732308, 44.840263242539102 ], [ 0.851681899801198, 44.84018077673462 ], [ 0.851938276571001, 44.840049284464463 ], [ 0.851926353576335, 44.840022135937446 ], [ 0.851840026173405, 44.839940010306194 ], [ 0.852212068509394, 44.839738104758055 ], [ 0.852511120190751, 44.839904054804968 ], [ 0.852974978874713, 44.8395774364378 ], [ 0.852900812694597, 44.839513467216761 ], [ 0.853106625554689, 44.8393812926885 ], [ 0.852933014641362, 44.839253014610627 ], [ 0.852908213147164, 44.839234689149208 ], [ 0.852637770279763, 44.839419970747883 ], [ 0.852130059894675, 44.839017317805656 ], [ 0.852024406164628, 44.839186821835277 ], [ 0.851974564972475, 44.839159163338181 ], [ 0.851887522169233, 44.839104016286669 ], [ 0.851732743128019, 44.839218882969277 ], [ 0.851857226589146, 44.839292525864039 ], [ 0.85171484755169, 44.839416555380353 ], [ 0.851597985881096, 44.839531931966903 ], [ 0.851530726166307, 44.839683959999562 ], [ 0.851343044534638, 44.839609466389113 ], [ 0.851303692005153, 44.83966291320035 ], [ 0.851133163510417, 44.839894515900518 ], [ 0.850883478994101, 44.839774206818504 ], [ 0.850857482668102, 44.839800845082642 ], [ 0.850805729004946, 44.839845128755371 ], [ 0.850699830630639, 44.840023624413455 ], [ 0.850696483493916, 44.840149524155116 ], [ 0.850961916489668, 44.840153096877572 ], [ 0.851100474800365, 44.840172953728811 ], [ 0.851176073829836, 44.840182967134467 ], [ 0.851187757492215, 44.840219108584449 ], [ 0.851210885862331, 44.840300384322838 ], [ 0.851271933458712, 44.84038217030264 ], [ 0.851370661474025, 44.840473459302643 ] ] ] ] } },
{ "type": "Feature", "properties": { "NOM": null, "TYPOLOGIE": null, "COMMUNE": "Soulaures", "COMMUNAUTE": "CC des Bastides Dordogne Périgord", "INSEE_COMM": 24542, "ID_CDECOMM": 21, "SURFACE_UR": 2.88345, "COVISIBILI": "non", "SUP_URBA_H": null, "SITUATION_": "clairiere", "SITUATION1": "plateau plaine" }, "geometry": { "type": "MultiPolygon", "coordinates": [ [ [ [ 0.92269378312984, 44.65020022126307 ], [ 0.922681185969248, 44.650200059346183 ], [ 0.922593005847147, 44.650198925887402 ], [ 0.922567811527204, 44.650198602029093 ], [ 0.9224168724236, 44.65018766644841 ], [ 0.922303724841575, 44.650177216549878 ], [ 0.92212736468814, 44.650174948957108 ], [ 0.921611108402975, 44.650159314217021 ], [ 0.921527016068707, 44.65099478877363 ], [ 0.921947384432595, 44.651315028575347 ], [ 0.922210675009222, 44.650868652673537 ], [ 0.922903753878324, 44.650868566613092 ], [ 0.92320563600361, 44.650890436239344 ], [ 0.923204729258446, 44.650926405496158 ], [ 0.923190545112099, 44.65098918983837 ], [ 0.923142325045544, 44.651402350757031 ], [ 0.923783887802637, 44.651446573265311 ], [ 0.923783887802637, 44.651446573265311 ], [ 0.923847101609165, 44.651438389887311 ], [ 0.923872296494069, 44.651438713453068 ], [ 0.924289371223592, 44.651390097544351 ], [ 0.925114769580322, 44.651139829922215 ], [ 0.924898884708744, 44.650705288931519 ], [ 0.924899111122317, 44.650696296614754 ], [ 0.924887193090148, 44.650669157999957 ], [ 0.924755642627866, 44.650388617805355 ], [ 0.924671538245667, 44.650225624343413 ], [ 0.924611722794908, 44.650098923480279 ], [ 0.924509586808268, 44.650151583741724 ], [ 0.924293396607907, 44.650229765310748 ], [ 0.924179115954964, 44.650264278907457 ], [ 0.924103306340806, 44.650272300717347 ], [ 0.924002302340094, 44.650279998944903 ], [ 0.923901978027429, 44.650260720140906 ], [ 0.923738441321235, 44.650249624592938 ], [ 0.92370087640135, 44.650240146883981 ], [ 0.923650487711866, 44.650239499668523 ], [ 0.923537339795046, 44.650229051037378 ], [ 0.923235461104164, 44.650207182327101 ], [ 0.923210266776791, 44.650206858615789 ], [ 0.92269378312984, 44.65020022126307 ] ] ] ] } },
{ "type": "Feature", "properties": { "NOM": null, "TYPOLOGIE": null, "COMMUNE": "Molières", "COMMUNAUTE": "CC des Bastides Dordogne Périgord", "INSEE_COMM": 24273, "ID_CDECOMM": 21, "SURFACE_UR": 1.2513, "COVISIBILI": "non", "SUP_URBA_H": null, "SITUATION_": "non boise", "SITUATION1": "plateau plaine" }, "geometry": { "type": "MultiPolygon", "coordinates": [ [ [ [ 0.822746201931274, 44.809578963884533 ], [ 0.822682551587656, 44.809596082495396 ], [ 0.822670405780322, 44.809577923820768 ], [ 0.822572509227244, 44.80945963236892 ], [ 0.822511780595016, 44.809368838928513 ], [ 0.822291211126209, 44.80911392358118 ], [ 0.822230483323497, 44.809023129999289 ], [ 0.82202254899944, 44.80876838755028 ], [ 0.82193680059022, 44.808668254313986 ], [ 0.821790325987617, 44.808477327212252 ], [ 0.821704822031458, 44.808368201151133 ], [ 0.821643608778951, 44.80829539258788 ], [ 0.82157025053148, 44.808204425207862 ], [ 0.821519233771201, 44.808221716611726 ], [ 0.8213666705965, 44.808255605371315 ], [ 0.821252004428678, 44.8082900144584 ], [ 0.821048423892762, 44.808341194036835 ], [ 0.821022671671047, 44.808358832276816 ], [ 0.821046961698979, 44.808395149968618 ], [ 0.821046717999741, 44.80840414262402 ], [ 0.821021453155401, 44.808403795553254 ], [ 0.821058375632396, 44.808440286779394 ], [ 0.821070764367279, 44.808449452966904 ], [ 0.821107443216503, 44.808494936833171 ], [ 0.821266060696612, 44.808704023665527 ], [ 0.821352051615322, 44.808795164766451 ], [ 0.821522572538057, 44.809031402730497 ], [ 0.821571641091411, 44.809086052591617 ], [ 0.821755283633639, 44.809304478378394 ], [ 0.821816498132175, 44.809377286910568 ], [ 0.821987996994823, 44.80957755356723 ], [ 0.822085892521126, 44.809695845543033 ], [ 0.822123060073444, 44.809723343770337 ], [ 0.822160471188788, 44.80974184932245 ], [ 0.82221051506007, 44.809760528263702 ], [ 0.822246465151502, 44.809832989766747 ], [ 0.822270756610022, 44.809869307211898 ], [ 0.822319583123334, 44.80993294942386 ], [ 0.822392701355743, 44.810032909036728 ], [ 0.822429138827184, 44.810087385159029 ], [ 0.822441284666724, 44.810105543864054 ], [ 0.82252654923367, 44.810223662100185 ], [ 0.822551084508872, 44.810250986823974 ], [ 0.822624690477888, 44.810332960964494 ], [ 0.822673274349111, 44.810405595698917 ], [ 0.822697566331903, 44.810441913058916 ], [ 0.823195116229886, 44.810268819074551 ], [ 0.822746201931274, 44.809578963884533 ] ] ] ] } },
{ "type": "Feature", "properties": { "NOM": null, "TYPOLOGIE": null, "COMMUNE": "Saint-Avit-Sénieur", "COMMUNAUTE": "CC des Bastides Dordogne Périgord", "INSEE_COMM": 24379, "ID_CDECOMM": 21, "SURFACE_UR": 1.89265, "COVISIBILI": "oui", "SUP_URBA_H": null, "SITUATION_": "non boise", "SITUATION1": "pente" }, "geometry": { "type": "MultiPolygon", "coordinates": [ [ [ [ 0.817941729690185, 44.756616945773487 ], [ 0.81794490175351, 44.756500043878056 ], [ 0.817991791860237, 44.756167844728914 ], [ 0.817992523846133, 44.756140867372785 ], [ 0.818084528177149, 44.75600719760503 ], [ 0.818161959734392, 44.755945293536243 ], [ 0.818264632327648, 44.755883737082627 ], [ 0.818379681354022, 44.755831346806566 ], [ 0.818443272158319, 44.755814230981869 ], [ 0.818607827603892, 44.755798505513276 ], [ 0.818670930531441, 44.755799374461738 ], [ 0.818948827276509, 44.755794204953268 ], [ 0.81903717137625, 44.755795421197931 ], [ 0.819050279611009, 44.755777610034968 ], [ 0.819720632868464, 44.755732861640531 ], [ 0.819635998213079, 44.755128977898842 ], [ 0.819509550087966, 44.75513623352451 ], [ 0.819434558733359, 44.755108214004679 ], [ 0.81934670325346, 44.755089013177773 ], [ 0.81922098656302, 44.755069291119113 ], [ 0.819132887409046, 44.755059082573219 ], [ 0.818680503351868, 44.754980887658121 ], [ 0.818529790247314, 44.754951824792265 ], [ 0.818337557115388, 44.755057126982749 ], [ 0.818196536902387, 44.755136146868196 ], [ 0.81805576027376, 44.755206174127004 ], [ 0.818004058525816, 44.755250440932905 ], [ 0.817771033610447, 44.755463129941866 ], [ 0.817654764537931, 44.755560481819124 ], [ 0.817500877483395, 44.755648319375162 ], [ 0.817449418971565, 44.755683593479311 ], [ 0.81732126061133, 44.755753793738798 ], [ 0.817358145945407, 44.755790285349697 ], [ 0.817075610405259, 44.755966307376447 ], [ 0.817112495719302, 44.756002799072817 ], [ 0.817048171858795, 44.756046891478483 ], [ 0.817022686436396, 44.756055535981176 ], [ 0.816653757454419, 44.756158399488456 ], [ 0.816513464806138, 44.756210439905011 ], [ 0.816647652191745, 44.756383210718184 ], [ 0.816953967542984, 44.75626149242791 ], [ 0.817182360498066, 44.756219661630958 ], [ 0.817194248803741, 44.756246812937967 ], [ 0.81724082567564, 44.75639138796069 ], [ 0.817264358314606, 44.756454683016784 ], [ 0.817492507747542, 44.756421844026413 ], [ 0.817517993263814, 44.756413199413927 ], [ 0.817661876381538, 44.756694052365667 ], [ 0.817827166694628, 44.756651350700224 ], [ 0.817941729690185, 44.756616945773487 ] ] ] ] } },
{ "type": "Feature", "properties": { "NOM": null, "TYPOLOGIE": null, "COMMUNE": "Trémolat", "COMMUNAUTE": "CC des Bastides Dordogne Périgord", "INSEE_COMM": 24558, "ID_CDECOMM": 21, "SURFACE_UR": 1.31215, "COVISIBILI": "non", "SUP_URBA_H": null, "SITUATION_": "clairiere", "SITUATION1": "plateau plaine" }, "geometry": { "type": "MultiPolygon", "coordinates": [ [ [ [ 0.849128232736548, 44.860117730279079 ], [ 0.849424511563888, 44.860391604978375 ], [ 0.849647081590626, 44.860583521134778 ], [ 0.849807628131085, 44.860729621071755 ], [ 0.849956009748984, 44.860857564727439 ], [ 0.850066937499687, 44.860967011713079 ], [ 0.850463457601314, 44.860801422437234 ], [ 0.850562459460022, 44.860883720006527 ], [ 0.850599435740794, 44.860920202144406 ], [ 0.850636651249832, 44.860947691355832 ], [ 0.850648817249446, 44.860965847338313 ], [ 0.850880002858713, 44.860834016120663 ], [ 0.851103296942819, 44.860998950632997 ], [ 0.851227110693674, 44.86109957364399 ], [ 0.851458295494321, 44.860967741209357 ], [ 0.851356901529182, 44.860975373601526 ], [ 0.851306563145364, 44.860965700388398 ], [ 0.851231892398313, 44.860919715320009 ], [ 0.851095195601988, 44.860827915136397 ], [ 0.851008359131823, 44.860763773987536 ], [ 0.850958499253455, 44.860736114787187 ], [ 0.850834447640726, 44.860644484404169 ], [ 0.850873097927814, 44.860618016048768 ], [ 0.851142931625301, 44.86045971593196 ], [ 0.850683226324816, 44.860147662375816 ], [ 0.850646011324142, 44.86012017318906 ], [ 0.850546771500815, 44.860046868631258 ], [ 0.850521961585543, 44.860028542478233 ], [ 0.849974711870374, 44.859679323188509 ], [ 0.849870687760366, 44.859785876210637 ], [ 0.849831558964904, 44.859830330024302 ], [ 0.849806510070901, 44.859820996621131 ], [ 0.849780503934802, 44.859847634847313 ], [ 0.849743050257434, 44.859829138268609 ], [ 0.849703921330537, 44.859873592037857 ], [ 0.849665271004676, 44.859900059976404 ], [ 0.849315065973417, 44.859751405472153 ], [ 0.849173108158886, 44.859857446919484 ], [ 0.849359179043053, 44.859994895195918 ], [ 0.849128232736548, 44.860117730279079 ] ] ] ] } },
{ "type": "Feature", "properties": { "NOM": null, "TYPOLOGIE": null, "COMMUNE": "Trémolat", "COMMUNAUTE": "CC des Bastides Dordogne Périgord", "INSEE_COMM": 24558, "ID_CDECOMM": 21, "SURFACE_UR": 1.87605, "COVISIBILI": "non", "SUP_URBA_H": null, "SITUATION_": "clairiere", "SITUATION1": "plateau plaine" }, "geometry": { "type": "MultiPolygon", "coordinates": [ [ [ [ 0.845160624576115, 44.865650822744733 ], [ 0.845632434961524, 44.86645785217106 ], [ 0.84646015504727, 44.866253116157424 ], [ 0.846450627875169, 44.86613603750633 ], [ 0.846451347496713, 44.866109058733656 ], [ 0.846489523887598, 44.866100577702269 ], [ 0.846616698491421, 44.86607530514403 ], [ 0.846667520333061, 44.86606699466472 ], [ 0.846769643615939, 44.866032387786824 ], [ 0.846808299538605, 44.866005920796475 ], [ 0.84683478956849, 44.865961297355305 ], [ 0.84685031275296, 44.865853552851966 ], [ 0.846888249106924, 44.865854064607788 ], [ 0.846964361607254, 44.86584609515603 ], [ 0.846952915118028, 44.865800959959657 ], [ 0.846953874285128, 44.865764988263258 ], [ 0.846932899731939, 44.865602774482767 ], [ 0.84692337168277, 44.865485695902883 ], [ 0.847151707602978, 44.865461787321109 ], [ 0.847316576802182, 44.865446018539394 ], [ 0.847430624765087, 44.865438560363401 ], [ 0.847429426195516, 44.865483524983311 ], [ 0.847440873003677, 44.865528660124561 ], [ 0.847466163763221, 44.865529001161356 ], [ 0.847643918128331, 44.865504409482874 ], [ 0.8477071450035, 44.865505261947838 ], [ 0.847742684490175, 44.865595702659348 ], [ 0.847790869507851, 44.865686313843334 ], [ 0.847802795959036, 44.865713463099404 ], [ 0.847802556303821, 44.865722456025111 ], [ 0.847826888547616, 44.865758768682625 ], [ 0.847940457812568, 44.865769295831498 ], [ 0.848003684991092, 44.865770148126956 ], [ 0.848130378956771, 44.865762859682718 ], [ 0.84816855485773, 44.865754378072452 ], [ 0.848320779201839, 44.865738437353599 ], [ 0.848358715491306, 44.865738948604665 ], [ 0.848422182197856, 44.865730807733684 ], [ 0.848398568258966, 44.865667516426896 ], [ 0.848386401967726, 44.865649360162315 ], [ 0.848351100974736, 44.865549926729344 ], [ 0.84832844547177, 44.86545066370811 ], [ 0.847859608447292, 44.865480328941004 ], [ 0.8477598834556, 44.865425007571318 ], [ 0.847647752994924, 44.865360522693244 ], [ 0.847610296337219, 44.865342025350337 ], [ 0.847610296337219, 44.865342025350337 ], [ 0.847610536021658, 44.865333032426385 ], [ 0.847560913447434, 44.86529637871822 ], [ 0.847446865791206, 44.8653038370283 ], [ 0.847421335418755, 44.865312488910533 ], [ 0.847409648954124, 44.865276346694401 ], [ 0.847409888670479, 44.865267353771173 ], [ 0.847371952708905, 44.865266842194579 ], [ 0.847372911597895, 44.865230870502224 ], [ 0.847334735933135, 44.865239351835918 ], [ 0.847322090619081, 44.865239181303203 ], [ 0.84727150936363, 44.865238499158046 ], [ 0.847182512664209, 44.865255291193563 ], [ 0.847144576712874, 44.865254779538937 ], [ 0.847168189061681, 44.865318071102955 ], [ 0.847192520718871, 44.865354383894143 ], [ 0.846963945465319, 44.86538728548193 ], [ 0.846868298182822, 44.865179083632206 ], [ 0.846736154794844, 44.864916412398344 ], [ 0.84673639461773, 44.864907419477852 ], [ 0.846455560867238, 44.865002588039467 ], [ 0.846264442612137, 44.86505398590802 ], [ 0.846124384971006, 44.865088080300922 ], [ 0.846010577487648, 44.865086544208488 ], [ 0.8459473511107, 44.865085690773164 ], [ 0.845693725649452, 44.865109255426788 ], [ 0.845553907536614, 44.865134356178444 ], [ 0.845515491642568, 44.865151829802095 ], [ 0.845413369189858, 44.865186435509031 ], [ 0.845583203072666, 44.865458613475639 ], [ 0.845429778535379, 44.865519515020743 ], [ 0.845301644434357, 44.865580757886413 ], [ 0.845173510053287, 44.865642000605021 ], [ 0.845160624576115, 44.865650822744733 ] ] ] ] } },
{ "type": "Feature", "properties": { "NOM": null, "TYPOLOGIE": null, "COMMUNE": "Trémolat", "COMMUNAUTE": "CC des Bastides Dordogne Périgord", "INSEE_COMM": 24558, "ID_CDECOMM": 21, "SURFACE_UR": 1.95335, "COVISIBILI": "non", "SUP_URBA_H": null, "SITUATION_": "clairiere", "SITUATION1": "plateau plaine" }, "geometry": { "type": "MultiPolygon", "coordinates": [ [ [ [ 0.847881732481019, 44.859903016976503 ], [ 0.848218039926645, 44.860573264643669 ], [ 0.848345919847125, 44.860521011426286 ], [ 0.848409859717949, 44.860494884762531 ], [ 0.848460197178926, 44.860504559293176 ], [ 0.848549904490824, 44.860460787534578 ], [ 0.848703551277889, 44.860390888871336 ], [ 0.848754846614931, 44.860364591633704 ], [ 0.848793497691063, 44.860338124008699 ], [ 0.848833106597713, 44.860275684736997 ], [ 0.849128232736548, 44.860117730279079 ], [ 0.849359179043053, 44.859994895195918 ], [ 0.849173108158886, 44.859857446919484 ], [ 0.849315065973417, 44.859751405472153 ], [ 0.849665271004676, 44.859900059976404 ], [ 0.849703921330537, 44.859873592037857 ], [ 0.849743050257434, 44.859829138268609 ], [ 0.849780503934802, 44.859847634847313 ], [ 0.849806510070901, 44.859820996621131 ], [ 0.849831558964904, 44.859830330024302 ], [ 0.849870687760366, 44.859785876210637 ], [ 0.849974711870374, 44.859679323188509 ], [ 0.850000717836075, 44.859652684918373 ], [ 0.849913884439206, 44.859588542940315 ], [ 0.849966135601111, 44.859526273516693 ], [ 0.849753819520876, 44.859424457410817 ], [ 0.849691078124744, 44.859405620305601 ], [ 0.849719237983573, 44.859298045943625 ], [ 0.849823261476095, 44.859191493084928 ], [ 0.849888395604257, 44.859120401047598 ], [ 0.849978817418376, 44.859049649434432 ], [ 0.850079251041914, 44.859077989938569 ], [ 0.850144623964232, 44.85899790484703 ], [ 0.849894377888904, 44.85889557839706 ], [ 0.849731443216201, 44.858839407743829 ], [ 0.849468076032954, 44.858754895886818 ], [ 0.849178703755694, 44.858697021477376 ], [ 0.848990722150859, 44.858631516190087 ], [ 0.848951593463372, 44.858675969671502 ], [ 0.848925826897248, 44.858693614781458 ], [ 0.84882276047053, 44.858764195162394 ], [ 0.848758343822016, 44.858808307852684 ], [ 0.848719693784238, 44.858834775449225 ], [ 0.848655037484288, 44.858887880983552 ], [ 0.848615668855843, 44.858941327253554 ], [ 0.848512362070385, 44.859020900255267 ], [ 0.848459870243132, 44.859092161881783 ], [ 0.848380174113291, 44.859235025892531 ], [ 0.848339846812811, 44.85932444368693 ], [ 0.848260150046751, 44.859467307624392 ], [ 0.848220780634759, 44.859520753766162 ], [ 0.84813107457039, 44.859564525241161 ], [ 0.848093142462128, 44.85956401391379 ], [ 0.848091944549738, 44.859608978434693 ], [ 0.848079300503663, 44.859608807989218 ], [ 0.848078821334114, 44.859626793797744 ], [ 0.848292811994647, 44.859665662794605 ], [ 0.848343627775837, 44.859657351565168 ], [ 0.848444540714307, 44.859667707751875 ], [ 0.84848199385527, 44.859686204769389 ], [ 0.848532570114763, 44.859686886358375 ], [ 0.848621078571839, 44.859688079083448 ], [ 0.8486191625845, 44.859760022330114 ], [ 0.848555463158629, 44.859777156201446 ], [ 0.848530893526739, 44.859749836697723 ], [ 0.848466954562286, 44.859775963423779 ], [ 0.848454550002606, 44.85976680011553 ], [ 0.848403494605241, 44.859784104301937 ], [ 0.848415659628885, 44.85980226052159 ], [ 0.848084996619959, 44.859869772671807 ], [ 0.847881732481019, 44.859903016976503 ] ] ] ] } },
{ "type": "Feature", "properties": { "NOM": null, "TYPOLOGIE": null, "COMMUNE": "Trémolat", "COMMUNAUTE": "CC des Bastides Dordogne Périgord", "INSEE_COMM": 24558, "ID_CDECOMM": 21, "SURFACE_UR": 3.811, "COVISIBILI": "non", "SUP_URBA_H": null, "SITUATION_": "non boise", "SITUATION1": "vallee" }, "geometry": { "type": "MultiPolygon", "coordinates": [ [ [ [ 0.829421943698393, 44.875575877295013 ], [ 0.829433620708308, 44.875612021559874 ], [ 0.829433378062596, 44.875621014480728 ], [ 0.829494189714449, 44.875711806580192 ], [ 0.829568377081546, 44.875775792450767 ], [ 0.829642564618077, 44.875839778273232 ], [ 0.829703376846301, 44.875930570265609 ], [ 0.829727216592593, 44.875984872899679 ], [ 0.829786330977943, 44.87613861531446 ], [ 0.829784875428469, 44.87619257285602 ], [ 0.829695128273515, 44.876236329651242 ], [ 0.829690518737738, 44.876407195206184 ], [ 0.829993822930852, 44.876420328958581 ], [ 0.830178689112185, 44.876602775067134 ], [ 0.83013759265364, 44.876719165612521 ], [ 0.83013759265364, 44.876719165612521 ], [ 0.83002840552339, 44.877014552139826 ], [ 0.829936508325356, 44.877607050285114 ], [ 0.82993529545637, 44.877652014930938 ], [ 0.830237878868814, 44.877692126809158 ], [ 0.830313524789617, 44.877702154649427 ], [ 0.83029893658826, 44.87777392561086 ], [ 0.830575982246115, 44.877822684528653 ], [ 0.830638737836707, 44.877841532626825 ], [ 0.830726547244883, 44.877869718490999 ], [ 0.830826762429833, 44.877907069640528 ], [ 0.8309527588349, 44.87792677965296 ], [ 0.830952274010986, 44.877944765517952 ], [ 0.831065622408801, 44.877964302993682 ], [ 0.8310661071965, 44.877946317128007 ], [ 0.831091161071051, 44.877955654847199 ], [ 0.831160703587762, 44.877722700539621 ], [ 0.831173836420715, 44.877704887058229 ], [ 0.831073136583138, 44.877685522090083 ], [ 0.831087723769792, 44.877613751028818 ], [ 0.83116967150646, 44.877389962069444 ], [ 0.831238485906561, 44.877183986555984 ], [ 0.831565636734203, 44.877251418330978 ], [ 0.831579011636324, 44.877224611873423 ], [ 0.831592386525648, 44.877197805414546 ], [ 0.831659745369648, 44.877045787238266 ], [ 0.831672877885287, 44.87702797370234 ], [ 0.831710821665561, 44.877028490671101 ], [ 0.831786224679759, 44.877047510431865 ], [ 0.831787193776353, 44.877011538707372 ], [ 0.831867684277948, 44.87684170686579 ], [ 0.832042522780444, 44.876457250676125 ], [ 0.832096747305611, 44.876323045852835 ], [ 0.832150002722206, 44.876224812725987 ], [ 0.832139292688057, 44.876152697023777 ], [ 0.832013057620923, 44.876141981306567 ], [ 0.832027400970419, 44.876079203093418 ], [ 0.832002105543432, 44.876078858521659 ], [ 0.83200380118979, 44.87601590802511 ], [ 0.83199260691092, 44.875961778170179 ], [ 0.83198189712962, 44.875889662460295 ], [ 0.831947830011727, 44.875745258750882 ], [ 0.831936393596661, 44.875700121822796 ], [ 0.831890648120645, 44.875519574106846 ], [ 0.831878969545088, 44.875483430102733 ], [ 0.831764899069547, 44.875490872257444 ], [ 0.831726956329998, 44.875490355307697 ], [ 0.831625775694624, 44.875488976711416 ], [ 0.831386441032413, 44.875449730475474 ], [ 0.830981476451238, 44.875453207211642 ], [ 0.830944745756711, 44.875407725375389 ], [ 0.830679147041703, 44.875404104483273 ], [ 0.830565076568322, 44.875411545399658 ], [ 0.830514486335472, 44.875410855581329 ], [ 0.830068183707204, 44.875539712509749 ], [ 0.830017350813085, 44.87554801538586 ], [ 0.829890389797971, 44.875564276013193 ], [ 0.829763671301735, 44.875571543573351 ], [ 0.829535529399842, 44.87558642339976 ], [ 0.829421943698393, 44.875575877295013 ] ] ] ] } },
{ "type": "Feature", "properties": { "NOM": null, "TYPOLOGIE": null, "COMMUNE": "Trémolat", "COMMUNAUTE": "CC des Bastides Dordogne Périgord", "INSEE_COMM": 24558, "ID_CDECOMM": 21, "SURFACE_UR": 3.4195, "COVISIBILI": "non", "SUP_URBA_H": null, "SITUATION_": "clairiere", "SITUATION1": "plateau plaine" }, "geometry": { "type": "MultiPolygon", "coordinates": [ [ [ [ 0.844213747990509, 44.86510725715025 ], [ 0.844323712092896, 44.865252681751556 ], [ 0.844519071805548, 44.865516210192531 ], [ 0.844543642009722, 44.865543530651642 ], [ 0.844569172931657, 44.86553487943344 ], [ 0.844850973063408, 44.865403743972934 ], [ 0.845081230257434, 44.865307896326321 ], [ 0.845160864654964, 44.865641829825073 ], [ 0.845160624576115, 44.865650822744733 ], [ 0.845173510053287, 44.865642000605021 ], [ 0.845301644434357, 44.865580757886413 ], [ 0.845429778535379, 44.865519515020743 ], [ 0.845583203072666, 44.865458613475639 ], [ 0.845413369189858, 44.865186435509031 ], [ 0.845515491642568, 44.865151829802095 ], [ 0.845553907536614, 44.865134356178444 ], [ 0.845693725649452, 44.865109255426788 ], [ 0.8459473511107, 44.865085690773164 ], [ 0.846010577487648, 44.865086544208488 ], [ 0.846124384971006, 44.865088080300922 ], [ 0.846264442612137, 44.86505398590802 ], [ 0.846455560867238, 44.865002588039467 ], [ 0.84673639461773, 44.864907419477852 ], [ 0.846736154794844, 44.864916412398344 ], [ 0.846868298182822, 44.865179083632206 ], [ 0.846963945465319, 44.86538728548193 ], [ 0.847192520718871, 44.865354383894143 ], [ 0.847168189061681, 44.865318071102955 ], [ 0.847144576712874, 44.865254779538937 ], [ 0.847182512664209, 44.865255291193563 ], [ 0.84727150936363, 44.865238499158046 ], [ 0.847322090619081, 44.865239181303203 ], [ 0.847334735933135, 44.865239351835918 ], [ 0.847372911597895, 44.865230870502224 ], [ 0.847371952708905, 44.865266842194579 ], [ 0.847409888670479, 44.865267353771173 ], [ 0.847409648954124, 44.865276346694401 ], [ 0.847421335418755, 44.865312488910533 ], [ 0.847446865791206, 44.8653038370283 ], [ 0.847560913447434, 44.86529637871822 ], [ 0.847610536021658, 44.865333032426385 ], [ 0.847610296337219, 44.865342025350337 ], [ 0.847610296337219, 44.865342025350337 ], [ 0.847647752994924, 44.865360522693244 ], [ 0.8477598834556, 44.865425007571318 ], [ 0.847859608447292, 44.865480328941004 ], [ 0.84832844547177, 44.86545066370811 ], [ 0.848351100974736, 44.865549926729344 ], [ 0.848386401967726, 44.865649360162315 ], [ 0.848398568258966, 44.865667516426896 ], [ 0.848422182197856, 44.865730807733684 ], [ 0.848480139315852, 44.865929504161166 ], [ 0.848543606220564, 44.865921363219861 ], [ 0.84858154263589, 44.865921874394473 ], [ 0.848861179953596, 44.865871665038313 ], [ 0.848581402460554, 44.864977276337363 ], [ 0.848406815558776, 44.864408166165717 ], [ 0.848049876635038, 44.864511309201241 ], [ 0.848038189932124, 44.864475167063205 ], [ 0.847958779671451, 44.86413224287196 ], [ 0.847680348565747, 44.864137485311701 ], [ 0.847338452351636, 44.864150867330153 ], [ 0.847021846115398, 44.86416458942923 ], [ 0.846819285188644, 44.864170853079578 ], [ 0.84660383930343, 44.864185938661535 ], [ 0.846325407804307, 44.8641911776878 ], [ 0.846224007308625, 44.864198805379587 ], [ 0.846198477250791, 44.864207456975556 ], [ 0.846020246495289, 44.864250032149926 ], [ 0.845994476443544, 44.864267676615484 ], [ 0.845957500951934, 44.864231192887829 ], [ 0.845907640481642, 44.864203531370087 ], [ 0.84575253988704, 44.864327383748112 ], [ 0.845545177999366, 44.864513503394512 ], [ 0.845040733026675, 44.864929510620769 ], [ 0.844962460529004, 44.865018414996484 ], [ 0.844936209566382, 44.865054045054777 ], [ 0.84484769271345, 44.865052849374791 ], [ 0.844776143612501, 44.864889951954751 ], [ 0.844558532862295, 44.864985969800074 ], [ 0.844213747990509, 44.86510725715025 ] ] ] ] } },
{ "type": "Feature", "properties": { "NOM": null, "TYPOLOGIE": null, "COMMUNE": "Beaumontois-en-Périgord (Beaumont-du-Périgord)", "COMMUNAUTE": "CC des Bastides Dordogne Périgord", "INSEE_COMM": 24028, "ID_CDECOMM": 21, "SURFACE_UR": 3.6104, "COVISIBILI": "non", "SUP_URBA_H": null, "SITUATION_": "non boise", "SITUATION1": "pente" }, "geometry": { "type": "MultiPolygon", "coordinates": [ [ [ [ 0.769695879321049, 44.759450203032316 ], [ 0.769682251095776, 44.759485993040599 ], [ 0.769614361461517, 44.759655950720841 ], [ 0.770029354574055, 44.759715823300056 ], [ 0.770092209515851, 44.759725712253001 ], [ 0.7700917061631, 44.75974369694331 ], [ 0.770037697252938, 44.759868872493392 ], [ 0.770464810526169, 44.75994690745943 ], [ 0.770235902839925, 44.760456423365767 ], [ 0.770574167085121, 44.760551187485355 ], [ 0.770466149621333, 44.760801539126412 ], [ 0.770344503003216, 44.761087680801829 ], [ 0.770269024863711, 44.761077612686094 ], [ 0.769819967812115, 44.761332114509699 ], [ 0.770082254694125, 44.761434796407137 ], [ 0.769496149733274, 44.762074174848401 ], [ 0.769471157816907, 44.762064823718191 ], [ 0.769270719149624, 44.762007999178017 ], [ 0.769208113627714, 44.761989117391032 ], [ 0.769090487601506, 44.762131380174935 ], [ 0.769066503131829, 44.762086059545993 ], [ 0.769052873866512, 44.76212184951526 ], [ 0.768997126064809, 44.762759768244273 ], [ 0.769451331225983, 44.763674814164332 ], [ 0.770374686465562, 44.762716372649429 ], [ 0.77077246659979, 44.762038331473761 ], [ 0.771405582236472, 44.759717376470391 ], [ 0.7697087523202, 44.759441390051805 ], [ 0.769695879321049, 44.759450203032316 ] ] ] ] } },
{ "type": "Feature", "properties": { "NOM": null, "TYPOLOGIE": null, "COMMUNE": "Le Buisson-de-Cadouin", "COMMUNAUTE": "CC des Bastides Dordogne Périgord", "INSEE_COMM": 24068, "ID_CDECOMM": 21, "SURFACE_UR": 5.2861, "COVISIBILI": "non", "SUP_URBA_H": null, "SITUATION_": "non boise", "SITUATION1": "vallee" }, "geometry": { "type": "MultiPolygon", "coordinates": [ [ [ [ 0.912615797474603, 44.848540271635358 ], [ 0.912995548852977, 44.849021955575019 ], [ 0.913238264589234, 44.848926129992236 ], [ 0.913250677365285, 44.848935286004739 ], [ 0.913340086693623, 44.848900455015048 ], [ 0.913536401373612, 44.84913688091077 ], [ 0.91366007222851, 44.849246426657032 ], [ 0.913858221389237, 44.849410907965215 ], [ 0.913932928335707, 44.849456850605307 ], [ 0.914181647123317, 44.849621983056707 ], [ 0.91405247940579, 44.84972827005619 ], [ 0.914152013156317, 44.849792524400371 ], [ 0.914111797473115, 44.849881965761014 ], [ 0.913765881231576, 44.850057426827959 ], [ 0.913890928490679, 44.850113014303204 ], [ 0.914002875914968, 44.850186424735156 ], [ 0.914113907823754, 44.850295807095385 ], [ 0.914236666631092, 44.850441324287679 ], [ 0.914298275197356, 44.850505089824665 ], [ 0.914358968247275, 44.850604827375072 ], [ 0.914822784957611, 44.850268955722569 ], [ 0.915003207468433, 44.8501363400092 ], [ 0.915028949356758, 44.850118679599731 ], [ 0.915240891646514, 44.850238356228701 ], [ 0.915478576689567, 44.850340371940682 ], [ 0.915716262597588, 44.850442387145144 ], [ 0.915703162991358, 44.850460210445604 ], [ 0.915630346111733, 44.850837103389196 ], [ 0.916396954722244, 44.8510268879389 ], [ 0.916324827577136, 44.851376802369266 ], [ 0.917506055114459, 44.851176090692597 ], [ 0.91921870877282, 44.850964199313985 ], [ 0.919089225651469, 44.850584706737706 ], [ 0.919076811556787, 44.850575551375719 ], [ 0.919077039714152, 44.850566558354878 ], [ 0.91909150720228, 44.85049477652997 ], [ 0.918922502326571, 44.850177747937643 ], [ 0.918464645569942, 44.850279818280171 ], [ 0.918452459901068, 44.850261669830573 ], [ 0.918210432181748, 44.850330527862887 ], [ 0.91818606099442, 44.850294230905519 ], [ 0.917969545539391, 44.850354420277455 ], [ 0.916723224678158, 44.850131489463898 ], [ 0.915995010798973, 44.849924209306494 ], [ 0.916140246736166, 44.849683187527845 ], [ 0.915728548024701, 44.849461986118676 ], [ 0.915479139203046, 44.849323836189406 ], [ 0.915258964350919, 44.849527908380054 ], [ 0.914736238875878, 44.84919732211916 ], [ 0.914512346349784, 44.849050502687973 ], [ 0.914171015267258, 44.84904610482927 ], [ 0.913958850796462, 44.848935419207372 ], [ 0.913815392223777, 44.848609715836346 ], [ 0.913471042127645, 44.848227446763602 ], [ 0.912935049686376, 44.848418446198067 ], [ 0.912615797474603, 44.848540271635358 ] ] ] ] } },
{ "type": "Feature", "properties": { "NOM": null, "TYPOLOGIE": null, "COMMUNE": "Trémolat", "COMMUNAUTE": "CC des Bastides Dordogne Périgord", "INSEE_COMM": 24558, "ID_CDECOMM": 21, "SURFACE_UR": 1.077, "COVISIBILI": "non", "SUP_URBA_H": null, "SITUATION_": "non boise", "SITUATION1": "vallee" }, "geometry": { "type": "MultiPolygon", "coordinates": [ [ [ [ 0.828867963285357, 44.881568811076662 ], [ 0.829101469668871, 44.881356087894432 ], [ 0.828902000416964, 44.881245410513714 ], [ 0.828801537772652, 44.881217050508546 ], [ 0.828186600958194, 44.881028729968712 ], [ 0.828033114877715, 44.881089607732441 ], [ 0.827317720768774, 44.880872921578813 ], [ 0.826962348993881, 44.881380852108641 ], [ 0.828427214613848, 44.881958629646292 ], [ 0.828855071577971, 44.881577631370327 ], [ 0.828867963285357, 44.881568811076662 ] ] ] ] } },
{ "type": "Feature", "properties": { "NOM": null, "TYPOLOGIE": null, "COMMUNE": "Le Buisson-de-Cadouin", "COMMUNAUTE": "CC des Bastides Dordogne Périgord", "INSEE_COMM": 24068, "ID_CDECOMM": 21, "SURFACE_UR": 4.7459, "COVISIBILI": "non", "SUP_URBA_H": null, "SITUATION_": "non boise", "SITUATION1": "pente" }, "geometry": { "type": "MultiPolygon", "coordinates": [ [ [ [ 0.89476760672505, 44.84333381247427 ], [ 0.894779783191998, 44.843351963467477 ], [ 0.89510495714188, 44.843491149811889 ], [ 0.895180336533035, 44.843510126064722 ], [ 0.895101245568708, 44.843635036965338 ], [ 0.895151343974652, 44.843653683107071 ], [ 0.895099621749453, 44.843697987597622 ], [ 0.895425494268564, 44.843810194174495 ], [ 0.895503657119258, 44.843721254826569 ], [ 0.896028766952747, 44.843953008081535 ], [ 0.895937268408985, 44.844068761693272 ], [ 0.89619878220607, 44.844225105899184 ], [ 0.896419700353233, 44.843994092905071 ], [ 0.896523374928778, 44.843896489702288 ], [ 0.896784889556768, 44.844052832509952 ], [ 0.896996769455039, 44.844172543515285 ], [ 0.897269306034817, 44.844392000719672 ], [ 0.897266526478094, 44.844499916178677 ], [ 0.89728902853078, 44.84460816127396 ], [ 0.897295878693126, 44.844833149987295 ], [ 0.897281384798953, 44.844904928824974 ], [ 0.897306203302176, 44.844923244366029 ], [ 0.897380658909146, 44.844978190956546 ], [ 0.897517161234315, 44.845078926245407 ], [ 0.897655285044382, 44.845116710661678 ], [ 0.897758264884535, 44.84504608512907 ], [ 0.897783315155652, 44.845055407605805 ], [ 0.897950425296781, 44.844949633834638 ], [ 0.898027659692197, 44.84489666449123 ], [ 0.898528522565214, 44.844597327260558 ], [ 0.898669654143958, 44.844518201946244 ], [ 0.898708039324053, 44.844500709992431 ], [ 0.898674513636298, 44.844329349832257 ], [ 0.898828979203893, 44.844223410106508 ], [ 0.898842314060632, 44.844196595871715 ], [ 0.89900233134653, 44.843874824951797 ], [ 0.899055207353186, 44.843785553848782 ], [ 0.898607925701366, 44.84396864360523 ], [ 0.897994691323825, 44.844212540840736 ], [ 0.897917920889167, 44.844247524235314 ], [ 0.897815637340999, 44.84429117102728 ], [ 0.897777483573367, 44.84429966971404 ], [ 0.897944591472838, 44.844193895983992 ], [ 0.897956769155149, 44.844212046633523 ], [ 0.898149852314754, 44.844079623204223 ], [ 0.898316495936649, 44.843991834831115 ], [ 0.898131515618462, 44.843809505122692 ], [ 0.89802052800507, 44.843700107155584 ], [ 0.89788009215596, 44.843752252753291 ], [ 0.897781282652322, 44.843661005201 ], [ 0.897509442382392, 44.843414570470131 ], [ 0.897435220324133, 44.843350631050384 ], [ 0.895872543697017, 44.842655549068041 ], [ 0.895398935594172, 44.842388483554622 ], [ 0.895324485368547, 44.842333535687381 ], [ 0.895517800177027, 44.842192124017011 ], [ 0.895840066640259, 44.841953439518299 ], [ 0.895299089081282, 44.841847421691369 ], [ 0.895183935728342, 44.841899893903324 ], [ 0.895083742062322, 44.841862601654014 ], [ 0.89499618870554, 44.841825474391527 ], [ 0.894770985743705, 44.84173257338346 ], [ 0.894810066270932, 44.841688103985142 ], [ 0.894609448282075, 44.841622511663616 ], [ 0.894459391218075, 44.841557579542389 ], [ 0.894510879914772, 44.841522268328418 ], [ 0.894187111526132, 44.841329122726805 ], [ 0.893930828025607, 44.841460713108397 ], [ 0.893966194680995, 44.841560131005366 ], [ 0.893975120458814, 44.841704183200704 ], [ 0.894011415910902, 44.84176762934036 ], [ 0.894048175715861, 44.841813089592861 ], [ 0.894146975887, 44.841904340413798 ], [ 0.894221424388648, 44.841959289064704 ], [ 0.894283464918165, 44.842005079569724 ], [ 0.894495331736567, 44.8421247952705 ], [ 0.894495099671674, 44.842133788211022 ], [ 0.894340863762492, 44.842230728845998 ], [ 0.894526986848813, 44.842368100073458 ], [ 0.8946170932536, 44.842306305358143 ], [ 0.894941100761486, 44.842490456834817 ], [ 0.894799969025264, 44.842569577320603 ], [ 0.894645268358249, 44.84268450428408 ], [ 0.894757639528278, 44.842739947934824 ], [ 0.894882419309343, 44.842804549506589 ], [ 0.895008359306207, 44.842824186217854 ], [ 0.895111570238309, 44.842744570274263 ], [ 0.895260703454893, 44.842845473320558 ], [ 0.895260239564597, 44.8428634592102 ], [ 0.895117947497917, 44.842987544840305 ], [ 0.895014272156533, 44.843085146687926 ], [ 0.894819560894319, 44.843280515200256 ], [ 0.89476760672505, 44.84333381247427 ] ] ] ] } },
{ "type": "Feature", "properties": { "NOM": null, "TYPOLOGIE": null, "COMMUNE": "Le Buisson-de-Cadouin", "COMMUNAUTE": "CC des Bastides Dordogne Périgord", "INSEE_COMM": 24068, "ID_CDECOMM": 21, "SURFACE_UR": 1.0225, "COVISIBILI": "non", "SUP_URBA_H": null, "SITUATION_": "clairiere", "SITUATION1": "plateau plaine" }, "geometry": { "type": "MultiPolygon", "coordinates": [ [ [ [ 0.874425961068667, 44.805490173358876 ], [ 0.874416150722369, 44.805382092798077 ], [ 0.874405399883247, 44.805309983283692 ], [ 0.874393473399683, 44.805282837572555 ], [ 0.874773370176641, 44.805251888778464 ], [ 0.875002859283952, 44.805173966648567 ], [ 0.875096452770478, 44.804977297387914 ], [ 0.875379052223794, 44.804801123505889 ], [ 0.875279407960957, 44.804745828358747 ], [ 0.875539796547165, 44.804452413548908 ], [ 0.875302614122408, 44.804341321501184 ], [ 0.875202265749216, 44.804313004571505 ], [ 0.875241335719687, 44.804268542784229 ], [ 0.875269888889542, 44.804142978830441 ], [ 0.875245095621177, 44.804124658652185 ], [ 0.87522077236313, 44.804088352952846 ], [ 0.875195979134944, 44.804070032764002 ], [ 0.875183347524052, 44.80406986542517 ], [ 0.875159494342879, 44.804015574198253 ], [ 0.874430793786565, 44.804338765328446 ], [ 0.874401703064635, 44.804968090974832 ], [ 0.873769171687639, 44.804995688746736 ], [ 0.873712763365145, 44.805219837689357 ], [ 0.874425961068667, 44.805490173358876 ] ] ] ] } },
{ "type": "Feature", "properties": { "NOM": null, "TYPOLOGIE": null, "COMMUNE": "Le Buisson-de-Cadouin", "COMMUNAUTE": "CC des Bastides Dordogne Périgord", "INSEE_COMM": 24068, "ID_CDECOMM": 21, "SURFACE_UR": 5.5397, "COVISIBILI": "non", "SUP_URBA_H": null, "SITUATION_": "non boise", "SITUATION1": "pente" }, "geometry": { "type": "MultiPolygon", "coordinates": [ [ [ [ 0.915266469168715, 44.8412787280906 ], [ 0.915471455839595, 44.841173416603162 ], [ 0.915573948886305, 44.841120760718709 ], [ 0.915612555235004, 44.841094270003353 ], [ 0.915843278014263, 44.840971297351238 ], [ 0.915945541722134, 44.840927634105789 ], [ 0.91599473031161, 44.840982242773336 ], [ 0.916966342403325, 44.840562940330898 ], [ 0.916980124654433, 44.840518138014261 ], [ 0.917233152612056, 44.840512396387901 ], [ 0.917360694333832, 44.840469056945139 ], [ 0.917488007487579, 44.840434710336545 ], [ 0.917552120727108, 44.840399551016276 ], [ 0.917604278998505, 44.840337250207789 ], [ 0.917658263897732, 44.840203005534946 ], [ 0.917684913743229, 44.840149372661266 ], [ 0.917654072694017, 44.839870102791402 ], [ 0.917634044968891, 44.83966293927557 ], [ 0.91761424573842, 44.839446782796379 ], [ 0.917582035323438, 44.839221470843796 ], [ 0.917635334176317, 44.839114205171427 ], [ 0.917804901027151, 44.838909479196793 ], [ 0.918070561257668, 44.838903898147002 ], [ 0.918153474951093, 44.838626090618277 ], [ 0.918221009393485, 44.838456036314412 ], [ 0.918332395753912, 44.838052651951443 ], [ 0.918386148494098, 44.837927400023368 ], [ 0.91845208395161, 44.837820296435851 ], [ 0.918583954111054, 44.837606089157177 ], [ 0.918687350382673, 44.837517458577629 ], [ 0.919203870674216, 44.837092290222159 ], [ 0.919229833329938, 44.837065635960087 ], [ 0.919180416939956, 44.837020021791758 ], [ 0.918955877032421, 44.83690019098853 ], [ 0.918542891939874, 44.836732958996713 ], [ 0.918066341997341, 44.83707767485572 ], [ 0.918001548052915, 44.837139813332726 ], [ 0.918002461152906, 44.837103841455246 ], [ 0.917918780738716, 44.836913851817862 ], [ 0.917665002987602, 44.83645179820487 ], [ 0.917616730080671, 44.836361218517688 ], [ 0.917555589965705, 44.836279469262251 ], [ 0.91720976840372, 44.836454940089524 ], [ 0.917258040733997, 44.836545519958342 ], [ 0.917343545392201, 44.836663566336917 ], [ 0.917429278775831, 44.836772619687842 ], [ 0.917501003208323, 44.836935468260656 ], [ 0.917525368146842, 44.836971765174489 ], [ 0.917519431000736, 44.837205582350286 ], [ 0.917518060883064, 44.837259540163259 ], [ 0.91746042467458, 44.837537672117755 ], [ 0.917445501709138, 44.837627439289371 ], [ 0.917168578601002, 44.837578898452918 ], [ 0.916588912975732, 44.838498020286167 ], [ 0.916688201208246, 44.83857126503186 ], [ 0.916507591370584, 44.838712875823099 ], [ 0.916694671500186, 44.83881423790627 ], [ 0.916668935325694, 44.838831898619546 ], [ 0.916527614595034, 44.838920039464838 ], [ 0.91642466939513, 44.838990682130465 ], [ 0.916498678990681, 44.839063601766426 ], [ 0.916536140896898, 44.839082075619181 ], [ 0.916446292143003, 44.839134894994167 ], [ 0.916520758999076, 44.839189828671678 ], [ 0.916478269416459, 44.839369200246857 ], [ 0.916186870239681, 44.839392438074896 ], [ 0.916194481329653, 44.839590446186584 ], [ 0.916202092473366, 44.839788454313741 ], [ 0.916229040533957, 44.840220605192023 ], [ 0.915986138977883, 44.840325429960451 ], [ 0.9157303679078, 44.840439084452434 ], [ 0.91547459580093, 44.840552738357985 ], [ 0.915437819362315, 44.840507285204112 ], [ 0.91491660648327, 44.840617519571317 ], [ 0.914928788912068, 44.8406356683412 ], [ 0.915031796902971, 44.841059803563027 ], [ 0.915266469168715, 44.8412787280906 ] ] ] ] } },
{ "type": "Feature", "properties": { "NOM": null, "TYPOLOGIE": null, "COMMUNE": "Le Buisson-de-Cadouin", "COMMUNAUTE": "CC des Bastides Dordogne Périgord", "INSEE_COMM": 24068, "ID_CDECOMM": 21, "SURFACE_UR": 9.643, "COVISIBILI": "non", "SUP_URBA_H": null, "SITUATION_": "non boise", "SITUATION1": "pente" }, "geometry": { "type": "MultiPolygon", "coordinates": [ [ [ [ 0.915695719983466, 44.828375138437536 ], [ 0.91573849645053, 44.828681549070211 ], [ 0.915776408367115, 44.828682037238018 ], [ 0.915918455902127, 44.829061693038199 ], [ 0.915804262191643, 44.829078214512599 ], [ 0.915815528029721, 44.829132334841447 ], [ 0.915919893068632, 44.829502509618443 ], [ 0.915666228790938, 44.82953522699615 ], [ 0.915748976141581, 44.829761189523637 ], [ 0.915846419083065, 44.829906378276014 ], [ 0.915992813009882, 44.830115168319779 ], [ 0.916151388615243, 44.83034210674623 ], [ 0.915501150782236, 44.830558631808955 ], [ 0.915694666940982, 44.830902967418389 ], [ 0.915792568934658, 44.831030170401029 ], [ 0.915978707845152, 44.831167505162142 ], [ 0.916239989453528, 44.831332794479358 ], [ 0.916520079766694, 44.831255436305277 ], [ 0.916726242551335, 44.831599932836234 ], [ 0.916738195151765, 44.831627074286679 ], [ 0.916215696118887, 44.831791272021512 ], [ 0.916263277232291, 44.83190883099391 ], [ 0.916358897093903, 44.83212596299861 ], [ 0.916653072276539, 44.832489584226529 ], [ 0.916750522298966, 44.832634772340775 ], [ 0.916686874368985, 44.832651945179158 ], [ 0.916771686525244, 44.832796970667481 ], [ 0.916911849283936, 44.832753794494216 ], [ 0.917034576954375, 44.832899307550854 ], [ 0.917193621424011, 44.833108258829519 ], [ 0.916836093723852, 44.833247593876379 ], [ 0.916721206366489, 44.83329109519007 ], [ 0.916916795357863, 44.833554492452542 ], [ 0.917124567848799, 44.833836037873844 ], [ 0.917270291652341, 44.834071805423285 ], [ 0.917345894432777, 44.83408177364965 ], [ 0.917469082832819, 44.834209300386128 ], [ 0.917580318201823, 44.834309685603948 ], [ 0.917642369491608, 44.834355462946583 ], [ 0.917627904312394, 44.834427244107623 ], [ 0.917551387671137, 44.834453247907412 ], [ 0.917588390183422, 44.834489707287226 ], [ 0.91739675564597, 44.83456820605933 ], [ 0.917469618917958, 44.834686089710388 ], [ 0.9174818008845, 44.834704238154877 ], [ 0.917516291742079, 44.834839620119617 ], [ 0.91756342149506, 44.834975164597452 ], [ 0.91758755728946, 44.83502045442949 ], [ 0.917638797220878, 44.834994125587009 ], [ 0.91761420473976, 44.834966821687914 ], [ 0.917843984756676, 44.834879817021751 ], [ 0.918238295255364, 44.834785930742456 ], [ 0.918286567810293, 44.834876510099669 ], [ 0.919267274682779, 44.834592245367119 ], [ 0.919208414799436, 44.834420567465209 ], [ 0.918959199877838, 44.833778658102091 ], [ 0.919276529825794, 44.833728758794074 ], [ 0.919242491525612, 44.833575391524988 ], [ 0.919613109728109, 44.833418225036581 ], [ 0.919491970374681, 44.833209764111821 ], [ 0.919455195495256, 44.833164312431364 ], [ 0.919235459710397, 44.8328556302842 ], [ 0.919003316254298, 44.832537792433037 ], [ 0.918646024840518, 44.832668140346478 ], [ 0.91859843808836, 44.832550582366672 ], [ 0.91848186795227, 44.832162261353957 ], [ 0.918434281973425, 44.832044703327469 ], [ 0.918317714025348, 44.831656382221205 ], [ 0.918223684894921, 44.831376301316652 ], [ 0.91814275101588, 44.831078396919544 ], [ 0.917913671831663, 44.831138423221866 ], [ 0.917721739296115, 44.830731140856898 ], [ 0.917721967589992, 44.830722147911708 ], [ 0.917849714943501, 44.830669815144788 ], [ 0.917875903538521, 44.830634168327272 ], [ 0.917851312853712, 44.830606864528981 ], [ 0.917656642963779, 44.830307497463366 ], [ 0.917243176168265, 44.829663472606029 ], [ 0.917146186795573, 44.829500299222929 ], [ 0.917120911807755, 44.829499974092698 ], [ 0.917060921867422, 44.829373260094606 ], [ 0.917012656028322, 44.829282680403374 ], [ 0.916314397497483, 44.829399637495072 ], [ 0.916064256816576, 44.828298920592928 ], [ 0.915695719983466, 44.828375138437536 ] ] ] ] } },
{ "type": "Feature", "properties": { "NOM": null, "TYPOLOGIE": null, "COMMUNE": "Le Buisson-de-Cadouin", "COMMUNAUTE": "CC des Bastides Dordogne Périgord", "INSEE_COMM": 24068, "ID_CDECOMM": 21, "SURFACE_UR": 1.45515, "COVISIBILI": "oui", "SUP_URBA_H": null, "SITUATION_": "non boise", "SITUATION1": "plateau plaine" }, "geometry": { "type": "MultiPolygon", "coordinates": [ [ [ [ 0.937452024512498, 44.822293106030592 ], [ 0.937415242238095, 44.822247660539126 ], [ 0.937378910238781, 44.822184229131715 ], [ 0.937342803434844, 44.822111804762045 ], [ 0.937269689609435, 44.822002927798842 ], [ 0.937358365761233, 44.821995056642514 ], [ 0.937334669836796, 44.821931785477766 ], [ 0.937398074176222, 44.821923593778806 ], [ 0.937448617558089, 44.821924234754547 ], [ 0.937424921561766, 44.821860963611023 ], [ 0.937365569250891, 44.821707282212287 ], [ 0.937143078083736, 44.821506552576913 ], [ 0.937131117767152, 44.821479413452678 ], [ 0.936994151080668, 44.821396713775755 ], [ 0.936957369764992, 44.821351268148199 ], [ 0.936893515643765, 44.821377445488352 ], [ 0.936708709288327, 44.821186188858697 ], [ 0.936644630017488, 44.821221359000425 ], [ 0.936570617775983, 44.821148453400731 ], [ 0.93650879089318, 44.82109369399565 ], [ 0.936472010169414, 44.821048248211817 ], [ 0.936318580243928, 44.821118267442102 ], [ 0.936216593800706, 44.821152956216928 ], [ 0.936179137387729, 44.821134489172302 ], [ 0.936141680999415, 44.821116022115078 ], [ 0.935981022667606, 44.820970049791356 ], [ 0.9359692883563, 44.820933917602147 ], [ 0.93595777939045, 44.820888792467613 ], [ 0.935625196699255, 44.821046494271826 ], [ 0.936152758421759, 44.821682898548566 ], [ 0.935931640589121, 44.821931974264544 ], [ 0.936000695819951, 44.822202725199055 ], [ 0.936611521672871, 44.82254332259518 ], [ 0.937452024512498, 44.822293106030592 ] ] ] ] } },
{ "type": "Feature", "properties": { "NOM": null, "TYPOLOGIE": null, "COMMUNE": "Le Buisson-de-Cadouin", "COMMUNAUTE": "CC des Bastides Dordogne Périgord", "INSEE_COMM": 24068, "ID_CDECOMM": 21, "SURFACE_UR": 46.6797, "COVISIBILI": "non", "SUP_URBA_H": null, "SITUATION_": "non boise", "SITUATION1": "vallee" }, "geometry": { "type": "MultiPolygon", "coordinates": [ [ [ [ 0.90094621946272, 44.847453533362618 ], [ 0.901067089599533, 44.847671008827909 ], [ 0.901454588987703, 44.847846971145465 ], [ 0.901569056105011, 44.847821471383376 ], [ 0.901593184509038, 44.847866764950624 ], [ 0.901817038475088, 44.848013610507657 ], [ 0.901841628985262, 44.848040918069692 ], [ 0.903837474825752, 44.847140256548158 ], [ 0.904949030492516, 44.846695884577244 ], [ 0.906093887810149, 44.846431852590207 ], [ 0.907325382705894, 44.846240898465624 ], [ 0.909580567129099, 44.845577388493666 ], [ 0.909580796789185, 44.845568395509964 ], [ 0.909508624975485, 44.845423527180927 ], [ 0.909388416011157, 44.845179082218998 ], [ 0.909292111771956, 44.844988921961026 ], [ 0.909280159927658, 44.844961779556087 ], [ 0.90917811339459, 44.844996443728697 ], [ 0.908744644013853, 44.845134772436552 ], [ 0.90857893219356, 44.845186604380089 ], [ 0.908542617955341, 44.84512316288356 ], [ 0.908518485118326, 44.845077870886911 ], [ 0.908482400852867, 44.845005436393912 ], [ 0.908422643689271, 44.844869723919345 ], [ 0.908386789529958, 44.844788296422607 ], [ 0.908399660290424, 44.844779467008664 ], [ 0.9083638062222, 44.844698039507421 ], [ 0.908440341104072, 44.844672041954027 ], [ 0.908478723434933, 44.844654546668515 ], [ 0.908466312385763, 44.844645390135057 ], [ 0.908430228466013, 44.844572955637545 ], [ 0.908394144639488, 44.844500521130399 ], [ 0.908370012190376, 44.844455229112612 ], [ 0.908309566308704, 44.844346495536989 ], [ 0.908213497031774, 44.844147341424858 ], [ 0.908115819218703, 44.844011138069291 ], [ 0.908372081709454, 44.843879515075699 ], [ 0.90846286500011, 44.843790730258178 ], [ 0.908552269099126, 44.843755903218543 ], [ 0.908692235784838, 44.843721730239835 ], [ 0.908933787152866, 44.843670879201603 ], [ 0.909671308896997, 44.843509493368508 ], [ 0.909683030985762, 44.843545628691601 ], [ 0.909679586447004, 44.843680523341746 ], [ 0.909663041913779, 44.843833240535623 ], [ 0.909649253001459, 44.843878042003183 ], [ 0.909660515872085, 44.843932163289509 ], [ 0.909684878775315, 44.843968462037324 ], [ 0.909769001065884, 44.844140472510013 ], [ 0.909877257458227, 44.844357774621066 ], [ 0.909911735892641, 44.844493159500459 ], [ 0.909958166589231, 44.844655686705558 ], [ 0.909994022945714, 44.844737113686833 ], [ 0.910041142833253, 44.844872661927099 ], [ 0.910088951677367, 44.844981231206972 ], [ 0.91013974509636, 44.844972891694525 ], [ 0.910165027018245, 44.844973218420904 ], [ 0.910381300541567, 44.844922037463476 ], [ 0.910393482437595, 44.844940186765591 ], [ 0.910489790328295, 44.845130346057935 ], [ 0.910820521420186, 44.84505365514832 ], [ 0.911036794655447, 44.845002472906181 ], [ 0.9111445988097, 44.845237759819014 ], [ 0.911590016051749, 44.845126563849171 ], [ 0.911627021731069, 44.845163025383428 ], [ 0.911687933567941, 44.845253771202927 ], [ 0.911761486651347, 44.845344680171941 ], [ 0.911887209281475, 44.845373290852592 ], [ 0.9119249031672, 44.845382773327692 ], [ 0.911970423329044, 44.845581271695934 ], [ 0.912015485272327, 44.845797756039907 ], [ 0.912038704176099, 44.845879019242879 ], [ 0.9120757106438, 44.845915480637622 ], [ 0.912249707122715, 44.846034673375009 ], [ 0.912682487321207, 44.845923309838732 ], [ 0.912766163437884, 44.846113304143664 ], [ 0.912873976984809, 44.846348589470729 ], [ 0.912946158684269, 44.846493455650872 ], [ 0.913046601857547, 44.846521738934172 ], [ 0.91317232778269, 44.846550348164506 ], [ 0.91323530533237, 44.84656015622879 ], [ 0.913336206894794, 44.846570453260199 ], [ 0.913664881508695, 44.846574690740489 ], [ 0.91382944781702, 44.846567816118167 ], [ 0.913943677729473, 44.846551296549038 ], [ 0.914224076152361, 44.8464649506802 ], [ 0.915370486209636, 44.846137871652815 ], [ 0.915418763904699, 44.846228452681039 ], [ 0.915515319762778, 44.846409614683893 ], [ 0.915120236634877, 44.846530470726606 ], [ 0.915143917885962, 44.846593747301789 ], [ 0.915276567619708, 44.84684734190467 ], [ 0.915834161195088, 44.846800544678807 ], [ 0.916113186251022, 44.846768152010064 ], [ 0.916405309501601, 44.846717935282619 ], [ 0.916799248648002, 44.846642039645531 ], [ 0.917091827546209, 44.846573835102696 ], [ 0.918008397112244, 44.846333732225247 ], [ 0.918212027443421, 44.846282373446549 ], [ 0.918428755157482, 44.846213190703438 ], [ 0.918899676350432, 44.846093297049748 ], [ 0.918669305617629, 44.845703512778961 ], [ 0.918596425506625, 44.845585629396574 ], [ 0.918864170830191, 44.845499109393998 ], [ 0.918324766380234, 44.844331704620046 ], [ 0.918248464811224, 44.844348716018033 ], [ 0.917255854926124, 44.844596838395368 ], [ 0.916403200960684, 44.844810769122155 ], [ 0.915487106838034, 44.845032872538091 ], [ 0.914608928570524, 44.845255456947825 ], [ 0.914112265249419, 44.845392992439614 ], [ 0.913883123267736, 44.845453010765851 ], [ 0.912839222572868, 44.845727420814249 ], [ 0.912737406001269, 44.845753095293986 ], [ 0.912701774171017, 44.845662676181476 ], [ 0.912438338399304, 44.845083536988213 ], [ 0.912354664930138, 44.844893542513333 ], [ 0.912270992028007, 44.844703547989525 ], [ 0.912246397902398, 44.84467624278782 ], [ 0.91211262076286, 44.844467609684784 ], [ 0.911991026887899, 44.844277125557916 ], [ 0.911760711642799, 44.843887327143911 ], [ 0.912029605703592, 44.843755858856326 ], [ 0.912964519245334, 44.843291136744718 ], [ 0.913297526647544, 44.843124508668922 ], [ 0.913387155720828, 44.843080684746283 ], [ 0.913719931631959, 44.842923048394326 ], [ 0.91450130153359, 44.842528301726318 ], [ 0.915064572005821, 44.842256683945706 ], [ 0.91503997759307, 44.842229379393267 ], [ 0.914547636672745, 44.841701273215413 ], [ 0.914882002689016, 44.841480682607084 ], [ 0.91465997121656, 44.841261920092791 ], [ 0.914121989171262, 44.841533861517355 ], [ 0.913737516820489, 44.841735812074859 ], [ 0.913239050070819, 44.841945287257538 ], [ 0.913179742791132, 44.841791591575507 ], [ 0.913128952705964, 44.841799932473045 ], [ 0.913021375926407, 44.841555654851575 ], [ 0.912926898439635, 44.841293554246612 ], [ 0.912608832561687, 44.841370414414577 ], [ 0.912405214936601, 44.841421762756788 ], [ 0.912379705408692, 44.84143042951677 ], [ 0.912309136124404, 44.841222612448831 ], [ 0.91220293934803, 44.840924376252758 ], [ 0.912147762104878, 44.84060880660121 ], [ 0.912090751595446, 44.840365180717903 ], [ 0.912078570143943, 44.840347031636576 ], [ 0.91138085160084, 44.840436979234589 ], [ 0.911342931775257, 44.840436489559558 ], [ 0.910303932046273, 44.840522022699844 ], [ 0.909432464108775, 44.8404837694858 ], [ 0.909420053826965, 44.840474613074662 ], [ 0.909419594496904, 44.840492599003966 ], [ 0.908988917343961, 44.840523012817712 ], [ 0.908621439524754, 44.840554242663899 ], [ 0.908586277231954, 44.840445836485166 ], [ 0.908154910382706, 44.840503225936196 ], [ 0.908178581228641, 44.840566503853687 ], [ 0.907937732258046, 44.840590374283551 ], [ 0.90787867085363, 44.84042768287167 ], [ 0.907091774822745, 44.84054343687216 ], [ 0.907033866158373, 44.840335780212754 ], [ 0.906804277098834, 44.840413769645849 ], [ 0.906714417045256, 44.840466581139623 ], [ 0.906548026766527, 44.840545388810547 ], [ 0.906204216090562, 44.84063988888191 ], [ 0.905924985580469, 44.840681249390755 ], [ 0.90563334494215, 44.840713452357043 ], [ 0.905227253011143, 44.840771158143014 ], [ 0.905263330347103, 44.840843593577482 ], [ 0.905335715620721, 44.840979471458951 ], [ 0.905576772114409, 44.841441390401769 ], [ 0.905385327323327, 44.841510875617757 ], [ 0.905040817652568, 44.841632350992015 ], [ 0.904782944714996, 44.841826916857883 ], [ 0.904706412020854, 44.841852911846352 ], [ 0.904630109694658, 44.841869913821967 ], [ 0.904540936620115, 44.841895744700366 ], [ 0.904700651333807, 44.842077735862944 ], [ 0.904922877573655, 44.842287525520241 ], [ 0.905341823841559, 44.842715768685423 ], [ 0.905098891126674, 44.842820569636906 ], [ 0.90470265868188, 44.842986353073627 ], [ 0.905082304468547, 44.843468063172232 ], [ 0.905167794048651, 44.84358611931566 ], [ 0.905277643939823, 44.843740475116149 ], [ 0.905399904816042, 44.843903987693764 ], [ 0.905448394796918, 44.843985580035024 ], [ 0.905545605483425, 44.844139771691303 ], [ 0.905643277277238, 44.844275977329353 ], [ 0.905838622288403, 44.844548388368359 ], [ 0.905923884865132, 44.844675436949984 ], [ 0.906033969197638, 44.844820799091309 ], [ 0.906241728787945, 44.84510236628465 ], [ 0.906139449910499, 44.845146020629066 ], [ 0.906359391935582, 44.845445737411744 ], [ 0.906664602387346, 44.845872501862203 ], [ 0.906575193740966, 44.845907327406557 ], [ 0.906434299644276, 44.84597746965207 ], [ 0.906319147949385, 44.846029953368834 ], [ 0.906229738837372, 44.846064778636098 ], [ 0.906115047208026, 44.846099276184368 ], [ 0.906051380737047, 44.846116442998017 ], [ 0.905987944465701, 44.846124616796665 ], [ 0.905950251085446, 44.846115132292894 ], [ 0.905646631865757, 44.846120192599805 ], [ 0.905504610669258, 44.845740520925887 ], [ 0.905084458771969, 44.845852020286692 ], [ 0.904867286959835, 44.845444385226301 ], [ 0.904269008402459, 44.845598550649761 ], [ 0.904280957956681, 44.845625693604994 ], [ 0.903797368325098, 44.845745360847424 ], [ 0.903466392907111, 44.845831023733417 ], [ 0.903148288324215, 44.845907856824617 ], [ 0.903026952492584, 44.845708369736364 ], [ 0.903256107135886, 44.845648373914017 ], [ 0.903171541188042, 44.845494344309259 ], [ 0.902965872038662, 44.845131834570203 ], [ 0.902864052028579, 44.845157499946254 ], [ 0.902768000703837, 44.844958341024579 ], [ 0.902487822972564, 44.845035664802609 ], [ 0.902121753113512, 44.844518137898042 ], [ 0.901925502735854, 44.844281692135723 ], [ 0.901530405316967, 44.844402499482797 ], [ 0.902411231360578, 44.845556435745046 ], [ 0.901377142016172, 44.845938817425832 ], [ 0.901376911038805, 44.845947810394428 ], [ 0.901210959001484, 44.846008624277047 ], [ 0.901344468268095, 44.846226263697552 ], [ 0.901465568269235, 44.846434745648558 ], [ 0.901562541298676, 44.846597933937687 ], [ 0.901684104776739, 44.84678842973576 ], [ 0.901913496165596, 44.846719443696813 ], [ 0.90219368310268, 44.84664212131765 ], [ 0.902550409427672, 44.846538804735232 ], [ 0.902574538072492, 44.84658409806444 ], [ 0.902768722425833, 44.846901479662776 ], [ 0.90261587202857, 44.846944473936894 ], [ 0.90094621946272, 44.847453533362618 ] ] ] ] } },
{ "type": "Feature", "properties": { "NOM": null, "TYPOLOGIE": null, "COMMUNE": "Capdrot", "COMMUNAUTE": "CC des Bastides Dordogne Périgord", "INSEE_COMM": 24080, "ID_CDECOMM": 21, "SURFACE_UR": 5.19645, "COVISIBILI": "non", "SUP_URBA_H": null, "SITUATION_": "non boise", "SITUATION1": "plateau plaine" }, "geometry": { "type": "MultiPolygon", "coordinates": [ [ [ [ 0.897020784232596, 44.686190490614301 ], [ 0.8970945672335, 44.686263418574583 ], [ 0.897868334232232, 44.686084626990485 ], [ 0.898501593429688, 44.6859759585085 ], [ 0.89840675329969, 44.68574083889817 ], [ 0.899497480543168, 44.685494211940274 ], [ 0.898862177664749, 44.684208569619891 ], [ 0.898836737417256, 44.684217232863858 ], [ 0.898824594132713, 44.684199083478219 ], [ 0.898811527900878, 44.68421690369977 ], [ 0.897226924992572, 44.68454702305111 ], [ 0.89653305310189, 44.68308968871289 ], [ 0.897546359909903, 44.68241928497303 ], [ 0.897327103606327, 44.6821195707698 ], [ 0.897173080306492, 44.682225502319625 ], [ 0.896993847766723, 44.682331104080205 ], [ 0.896879253603797, 44.682374582858934 ], [ 0.896662438026186, 44.682470697278205 ], [ 0.89658611860549, 44.68249668545171 ], [ 0.896458919413856, 44.68253999895704 ], [ 0.896357391044707, 44.682565657266586 ], [ 0.896319346773791, 44.68257415505991 ], [ 0.896079170025014, 44.68259799948359 ], [ 0.896078938854695, 44.682606991872227 ], [ 0.896078707684301, 44.682615984260927 ], [ 0.896089462725044, 44.68268808826609 ], [ 0.896089231556003, 44.682697080655146 ], [ 0.89608900038689, 44.682706073044166 ], [ 0.896088306879101, 44.682733050211596 ], [ 0.89608807570969, 44.6827420426008 ], [ 0.896100448960973, 44.682751199883356 ], [ 0.896100217793433, 44.682760192272688 ], [ 0.89609998662582, 44.682769184662014 ], [ 0.896099755458132, 44.682778177051425 ], [ 0.896124039656673, 44.68281447639216 ], [ 0.896148323886642, 44.68285077572817 ], [ 0.896148092726367, 44.682859768118043 ], [ 0.896160466013414, 44.682868925394423 ], [ 0.896172608148041, 44.682887075059568 ], [ 0.896160003696532, 44.682886910174389 ], [ 0.896147399245098, 44.68288674528776 ], [ 0.895932198801972, 44.682919911552425 ], [ 0.895894385427656, 44.682919416809987 ], [ 0.895881780969698, 44.68291925189294 ], [ 0.895868945306509, 44.682928079363876 ], [ 0.895843736386927, 44.682927749522513 ], [ 0.895818527467638, 44.682927419675408 ], [ 0.895793318548649, 44.682927089822542 ], [ 0.895767878408416, 44.682935752353053 ], [ 0.895616624878243, 44.682933773079682 ], [ 0.895604020417877, 44.682933608130845 ], [ 0.89554076685919, 44.682941775753754 ], [ 0.895528162397249, 44.682941610796234 ], [ 0.895502953473591, 44.682941280876889 ], [ 0.895499715769378, 44.683067174320136 ], [ 0.895452651393666, 44.683426375016076 ], [ 0.895817027893762, 44.683476120415854 ], [ 0.89589196178049, 44.683504087118536 ], [ 0.895916708559237, 44.683522401733512 ], [ 0.895966202165211, 44.683559030947386 ], [ 0.896026913349525, 44.683649779397996 ], [ 0.89603905560996, 44.683667929084599 ], [ 0.896051197878251, 44.683686078770045 ], [ 0.89609999820172, 44.683749685106818 ], [ 0.896123820484948, 44.683803969251883 ], [ 0.896220496999883, 44.683967151427382 ], [ 0.89624455064171, 44.684012443157521 ], [ 0.896256230755458, 44.684048577613424 ], [ 0.896268604322382, 44.68405773488346 ], [ 0.896411540477273, 44.684383439530393 ], [ 0.896531348526466, 44.68462788277386 ], [ 0.896579919115095, 44.684700481327368 ], [ 0.896592061781896, 44.684718630962841 ], [ 0.896591830685055, 44.684727623361425 ], [ 0.896604204456555, 44.684736780597134 ], [ 0.896603511171427, 44.684763757793291 ], [ 0.89661565385956, 44.684781907426732 ], [ 0.896615191672848, 44.684799892224582 ], [ 0.896638090540718, 44.684890145883983 ], [ 0.896648846736508, 44.684962249912303 ], [ 0.896648384558951, 44.684980234711809 ], [ 0.896682501994987, 44.685124607602312 ], [ 0.896682270910973, 44.68513360000275 ], [ 0.896705170022997, 44.685223853662599 ], [ 0.89671731284362, 44.685242003288998 ], [ 0.896717081764701, 44.685250995690026 ], [ 0.896751199542226, 44.685395368577957 ], [ 0.8967621870529, 44.685458480210457 ], [ 0.896761955980284, 44.68546747261248 ], [ 0.89679653614038, 44.685593860696031 ], [ 0.896796305072714, 44.6856028530987 ], [ 0.896808448004867, 44.68562100271847 ], [ 0.896807985873052, 44.685638987524129 ], [ 0.896820128816808, 44.685657137142911 ], [ 0.896819897752662, 44.685666129545929 ], [ 0.896819435624145, 44.685684114352014 ], [ 0.896831809643798, 44.685693271566848 ], [ 0.896865696928064, 44.685846636853626 ], [ 0.896876915711997, 44.685900756084088 ], [ 0.896888827680549, 44.685927898101916 ], [ 0.89688721029925, 44.685990844932512 ], [ 0.896886979244483, 44.685999837337008 ], [ 0.897022401469758, 44.686127543775619 ], [ 0.897020784232596, 44.686190490614301 ] ] ] ] } },
{ "type": "Feature", "properties": { "NOM": null, "TYPOLOGIE": null, "COMMUNE": "Pressignac-Vicq", "COMMUNAUTE": "CC des Bastides Dordogne Périgord", "INSEE_COMM": 24338, "ID_CDECOMM": 21, "SURFACE_UR": 2.3395, "COVISIBILI": "oui", "SUP_URBA_H": null, "SITUATION_": "non boise", "SITUATION1": "pente" }, "geometry": { "type": "MultiPolygon", "coordinates": [ [ [ [ 0.719277303771069, 44.897607035977899 ], [ 0.717948818929497, 44.897587586419093 ], [ 0.717742976305669, 44.896828860075551 ], [ 0.717329369591107, 44.896687852156958 ], [ 0.717249410490999, 44.896389794006176 ], [ 0.716221470993965, 44.89648268553718 ], [ 0.71624416574019, 44.896572983934576 ], [ 0.716300642013023, 44.896807722661364 ], [ 0.716311989506754, 44.896852871857874 ], [ 0.716324119748244, 44.896871042834064 ], [ 0.71650177042614, 44.896855654151942 ], [ 0.716628812770886, 44.896839523352618 ], [ 0.716627769327877, 44.896875494314997 ], [ 0.716865943789161, 44.897391789548251 ], [ 0.716889422409005, 44.897455109615358 ], [ 0.716914205171434, 44.897473465961475 ], [ 0.716971467592135, 44.897681226195523 ], [ 0.717019207773694, 44.897780888061412 ], [ 0.717056643000042, 44.897799429793473 ], [ 0.717043729924571, 44.897808237125716 ], [ 0.717068773688481, 44.897817600694708 ], [ 0.717532352918082, 44.898418166566913 ], [ 0.718968328564, 44.898223276701266 ], [ 0.719277303771069, 44.897607035977899 ] ] ] ] } },
{ "type": "Feature", "properties": { "NOM": null, "TYPOLOGIE": null, "COMMUNE": "Marsalès", "COMMUNAUTE": "CC des Bastides Dordogne Périgord", "INSEE_COMM": 24257, "ID_CDECOMM": 21, "SURFACE_UR": 1.79625, "COVISIBILI": "non", "SUP_URBA_H": null, "SITUATION_": "clairiere", "SITUATION1": "plateau plaine" }, "geometry": { "type": "MultiPolygon", "coordinates": [ [ [ [ 0.915370207609302, 44.711930948814057 ], [ 0.916220848779846, 44.711717037656946 ], [ 0.916482418313867, 44.711351597795613 ], [ 0.916130453660323, 44.71130208105226 ], [ 0.916042861795276, 44.711273964807411 ], [ 0.915830302023179, 44.711199258993098 ], [ 0.915743623118906, 44.711135172496071 ], [ 0.915656259884325, 44.711098063442641 ], [ 0.915752065075578, 44.710802449884135 ], [ 0.91572707169119, 44.710793131951171 ], [ 0.915576655184176, 44.710755209238648 ], [ 0.915618366548151, 44.710602824907113 ], [ 0.915615339409998, 44.710224977155981 ], [ 0.915627950053986, 44.710225139884741 ], [ 0.915567863263148, 44.710107423734144 ], [ 0.914735334354223, 44.710105672586543 ], [ 0.915217619478518, 44.710984457161231 ], [ 0.914279394767364, 44.711170242863169 ], [ 0.914275055209833, 44.711341100383585 ], [ 0.914266604416699, 44.711673822960286 ], [ 0.914708216586257, 44.71167053051164 ], [ 0.914689897286731, 44.711895180279171 ], [ 0.915206492522287, 44.711919840335938 ], [ 0.915370207609302, 44.711930948814057 ] ] ] ] } },
{ "type": "Feature", "properties": { "NOM": null, "TYPOLOGIE": null, "COMMUNE": "Verdon", "COMMUNAUTE": "CC des Bastides Dordogne Périgord", "INSEE_COMM": 24570, "ID_CDECOMM": 21, "SURFACE_UR": 0.8356, "COVISIBILI": "oui", "SUP_URBA_H": null, "SITUATION_": "non boise", "SITUATION1": "ligne de crete" }, "geometry": { "type": "MultiPolygon", "coordinates": [ [ [ [ 0.629842748947795, 44.809624871365386 ], [ 0.629687047442148, 44.80975741049361 ], [ 0.629023588010551, 44.809963063353472 ], [ 0.629143321649576, 44.810180830792447 ], [ 0.629143047142375, 44.81018982301029 ], [ 0.629325119691161, 44.810435543989236 ], [ 0.629709036900391, 44.810693382712849 ], [ 0.630090476516724, 44.810618312592531 ], [ 0.629998197785411, 44.810328999016711 ], [ 0.630441424279583, 44.810299865369309 ], [ 0.630529012097606, 44.809914371447327 ], [ 0.630421631461641, 44.809705793025998 ], [ 0.630102536157292, 44.809808817462745 ], [ 0.629842748947795, 44.809624871365386 ] ] ] ] } },
{ "type": "Feature", "properties": { "NOM": null, "TYPOLOGIE": null, "COMMUNE": "Le Buisson-de-Cadouin", "COMMUNAUTE": "CC des Bastides Dordogne Périgord", "INSEE_COMM": 24068, "ID_CDECOMM": 21, "SURFACE_UR": 2.1538, "COVISIBILI": "oui", "SUP_URBA_H": null, "SITUATION_": "non boise", "SITUATION1": "plateau plaine" }, "geometry": { "type": "MultiPolygon", "coordinates": [ [ [ [ 0.927844266241211, 44.823853068758915 ], [ 0.927797800939824, 44.823690550480471 ], [ 0.928138752198483, 44.823703899213449 ], [ 0.929028269721534, 44.823517342398873 ], [ 0.928868075978314, 44.823353373696499 ], [ 0.928868302455132, 44.82334438075668 ], [ 0.928855892793016, 44.823335226593471 ], [ 0.928728220230131, 44.82288380610742 ], [ 0.928016296667063, 44.823045640266578 ], [ 0.927807658983168, 44.822296322646565 ], [ 0.926803979686965, 44.822499402321604 ], [ 0.926374130738264, 44.822502904812964 ], [ 0.926144414654057, 44.822589926746936 ], [ 0.926002695866337, 44.822696064959452 ], [ 0.926621112054978, 44.823234723790506 ], [ 0.927222203640244, 44.823458303636365 ], [ 0.927336322227831, 44.823945536334826 ], [ 0.927844266241211, 44.823853068758915 ] ] ] ] } },
{ "type": "Feature", "properties": { "NOM": null, "TYPOLOGIE": null, "COMMUNE": "Bayac", "COMMUNAUTE": "CC des Bastides Dordogne Périgord", "INSEE_COMM": 24027, "ID_CDECOMM": 21, "SURFACE_UR": 0.58315, "COVISIBILI": "oui", "SUP_URBA_H": null, "SITUATION_": "clairiere", "SITUATION1": "pente" }, "geometry": { "type": "MultiPolygon", "coordinates": [ [ [ [ 0.720573178023321, 44.806024723379188 ], [ 0.720010474976472, 44.805818563540342 ], [ 0.719997063761505, 44.805845355719981 ], [ 0.719903964634954, 44.806005923689767 ], [ 0.719890553324248, 44.806032715858606 ], [ 0.719890033494983, 44.806050700692602 ], [ 0.719889513665385, 44.806068685526725 ], [ 0.71990006594147, 44.806140809946783 ], [ 0.719910098420213, 44.806230919203472 ], [ 0.719893827992864, 44.806356627973599 ], [ 0.719893308161645, 44.806374612810018 ], [ 0.719865185738529, 44.806473159244476 ], [ 0.71999555745064, 44.806771944940138 ], [ 0.720019781342617, 44.806808284759136 ], [ 0.720722061404777, 44.806557681090545 ], [ 0.720959821737937, 44.806201313802539 ], [ 0.720560286642373, 44.806033530792433 ], [ 0.720573178023321, 44.806024723379188 ] ] ] ] } },
{ "type": "Feature", "properties": { "NOM": null, "TYPOLOGIE": null, "COMMUNE": "Lalinde", "COMMUNAUTE": "CC des Bastides Dordogne Périgord", "INSEE_COMM": 24223, "ID_CDECOMM": 21, "SURFACE_UR": 1.4035, "COVISIBILI": "non", "SUP_URBA_H": null, "SITUATION_": "non boise", "SITUATION1": "pente" }, "geometry": { "type": "MultiPolygon", "coordinates": [ [ [ [ 0.706913742706902, 44.842420863811185 ], [ 0.706911645371228, 44.842492803986637 ], [ 0.706893500044968, 44.842681460386096 ], [ 0.706909659443013, 44.843428399599311 ], [ 0.706909397270975, 44.843437392124862 ], [ 0.706924714755588, 44.843779481257613 ], [ 0.707253880120635, 44.843766346488565 ], [ 0.707556716975796, 44.843788807863206 ], [ 0.707974624564665, 44.843767983854448 ], [ 0.708054656661875, 44.843625222050456 ], [ 0.708361093338991, 44.843089958045759 ], [ 0.708374780971381, 44.843054174338398 ], [ 0.708400584600291, 44.84303656208494 ], [ 0.708415319907559, 44.84296480826378 ], [ 0.70825466904457, 44.84283648959773 ], [ 0.70815564612927, 44.842763058014079 ], [ 0.707956291076619, 44.842661157212412 ], [ 0.707693475859535, 44.842567316196345 ], [ 0.707630801108263, 44.842548398729093 ], [ 0.707555486636978, 44.842529294731101 ], [ 0.7071025523429, 44.842450639757118 ], [ 0.706913742706902, 44.842420863811185 ] ] ] ] } },
{ "type": "Feature", "properties": { "NOM": null, "TYPOLOGIE": null, "COMMUNE": "Lalinde", "COMMUNAUTE": "CC des Bastides Dordogne Périgord", "INSEE_COMM": 24223, "ID_CDECOMM": 21, "SURFACE_UR": 1.93765, "COVISIBILI": "non", "SUP_URBA_H": null, "SITUATION_": "non boise", "SITUATION1": "vallee" }, "geometry": { "type": "MultiPolygon", "coordinates": [ [ [ [ 0.772562841439665, 44.841211261845935 ], [ 0.772234964888346, 44.841179627836723 ], [ 0.771719507866433, 44.841073364357896 ], [ 0.771309954371559, 44.840797671506245 ], [ 0.771214174038949, 44.841057204344608 ], [ 0.771105753122623, 44.841316557903241 ], [ 0.771023870067065, 44.84153130652065 ], [ 0.770942238268737, 44.841737062428912 ], [ 0.770860353971659, 44.84195181096208 ], [ 0.770778469046757, 44.842166559453503 ], [ 0.770560358128407, 44.842730229222667 ], [ 0.770800770309867, 44.842724642753126 ], [ 0.771016658051104, 44.842691719279344 ], [ 0.771422649163291, 44.842643498036473 ], [ 0.771447929156638, 44.84264385641125 ], [ 0.77168909618637, 44.842611289993542 ], [ 0.771981074592765, 44.842570446888438 ], [ 0.772035158507234, 44.842445265959363 ], [ 0.772129678927627, 44.842230695621126 ], [ 0.772211055401217, 44.842033931465615 ], [ 0.772292431303132, 44.841837167266057 ], [ 0.772373806633377, 44.84164040302241 ], [ 0.77245442646917, 44.841470616743912 ], [ 0.772495113655008, 44.8413722345827 ], [ 0.772562841439665, 44.841211261845935 ] ] ] ] } },
{ "type": "Feature", "properties": { "NOM": null, "TYPOLOGIE": null, "COMMUNE": "Lalinde", "COMMUNAUTE": "CC des Bastides Dordogne Périgord", "INSEE_COMM": 24223, "ID_CDECOMM": 21, "SURFACE_UR": 1.11195, "COVISIBILI": "non", "SUP_URBA_H": null, "SITUATION_": "non boise", "SITUATION1": "vallee" }, "geometry": { "type": "MultiPolygon", "coordinates": [ [ [ [ 0.775008486521539, 44.841929594096243 ], [ 0.774967552104874, 44.842036969882614 ], [ 0.774859649187063, 44.842278341870539 ], [ 0.774751494062353, 44.842528706455816 ], [ 0.774656983181767, 44.842743279062333 ], [ 0.774536437481668, 44.842984471984906 ], [ 0.775064557541626, 44.843090901173909 ], [ 0.775164924778069, 44.84311930935079 ], [ 0.775655126878841, 44.843225199433718 ], [ 0.775667767020258, 44.84322537813761 ], [ 0.775775166050736, 44.843001990633056 ], [ 0.775909350861249, 44.842725004304867 ], [ 0.775948777463961, 44.842671584231546 ], [ 0.776056174312052, 44.842448196504478 ], [ 0.775687773762083, 44.842056150855193 ], [ 0.775348757705063, 44.841970391301459 ], [ 0.775159159855246, 44.841967710045004 ], [ 0.775058794685022, 44.841939301876124 ], [ 0.775008486521539, 44.841929594096243 ] ] ] ] } },
{ "type": "Feature", "properties": { "NOM": null, "TYPOLOGIE": null, "COMMUNE": "Rampieux", "COMMUNAUTE": "CC des Bastides Dordogne Périgord", "INSEE_COMM": 24347, "ID_CDECOMM": 21, "SURFACE_UR": 2.12025, "COVISIBILI": "non", "SUP_URBA_H": null, "SITUATION_": "clairiere", "SITUATION1": "ligne de crete" }, "geometry": { "type": "MultiPolygon", "coordinates": [ [ [ [ 0.781853497759741, 44.704505108783692 ], [ 0.782550982451181, 44.704371018997143 ], [ 0.783056088428552, 44.704351155940117 ], [ 0.78309502056453, 44.703856942820295 ], [ 0.782280301243901, 44.703215753951035 ], [ 0.782204649127408, 44.703214686556407 ], [ 0.78186371555524, 44.7032278669421 ], [ 0.781598683546581, 44.703233121984219 ], [ 0.7812327819838, 44.703236952318022 ], [ 0.78103740982813, 44.703459085696757 ], [ 0.780685985792615, 44.703849932802406 ], [ 0.780743286265975, 44.704057642670179 ], [ 0.781283847250882, 44.704578029233986 ], [ 0.781853497759741, 44.704505108783692 ] ] ] ] } },
{ "type": "Feature", "properties": { "NOM": null, "TYPOLOGIE": null, "COMMUNE": "Rampieux", "COMMUNAUTE": "CC des Bastides Dordogne Périgord", "INSEE_COMM": 24347, "ID_CDECOMM": 21, "SURFACE_UR": 1.44835, "COVISIBILI": "oui", "SUP_URBA_H": null, "SITUATION_": "non boise", "SITUATION1": "ligne de crete" }, "geometry": { "type": "MultiPolygon", "coordinates": [ [ [ [ 0.794862038423637, 44.71445722579918 ], [ 0.794872422062823, 44.714538332335344 ], [ 0.794922867120506, 44.714539038163792 ], [ 0.79504922725423, 44.714531810402733 ], [ 0.795175834819145, 44.71451559026525 ], [ 0.795264855990084, 44.714489848511896 ], [ 0.795402837514041, 44.714518765686577 ], [ 0.795428307460555, 44.714510126250183 ], [ 0.795573704982442, 44.714728056493101 ], [ 0.795647641113953, 44.71479206038201 ], [ 0.795685969851639, 44.714774605022122 ], [ 0.795890966534218, 44.714660527666787 ], [ 0.79616915695663, 44.714637430171869 ], [ 0.796258672447649, 44.714593703145226 ], [ 0.796472322466426, 44.714623676766735 ], [ 0.796548979176637, 44.714588765461428 ], [ 0.796727514843041, 44.714519295190442 ], [ 0.796740126108894, 44.714519471437519 ], [ 0.796918661319248, 44.714450000858186 ], [ 0.79725050797533, 44.714310706463159 ], [ 0.797275730416855, 44.714311058835939 ], [ 0.797519049948794, 44.714179522543745 ], [ 0.79753190822641, 44.714170706463918 ], [ 0.797519544123678, 44.714161538071572 ], [ 0.797395656211293, 44.714078846309739 ], [ 0.796985172637737, 44.713866210498061 ], [ 0.796721822412754, 44.713808556206722 ], [ 0.796470094807035, 44.713787046493373 ], [ 0.796356347631163, 44.713794452174987 ], [ 0.796015600576417, 44.713798684053721 ], [ 0.795471591371219, 44.713854046186086 ], [ 0.795481480953636, 44.71395313710439 ], [ 0.795481480953636, 44.71395313710439 ], [ 0.795480738716428, 44.71398011379457 ], [ 0.795403587322698, 44.714033008808045 ], [ 0.795365506434003, 44.714041471834634 ], [ 0.794947358397441, 44.714107587571974 ], [ 0.794853882444749, 44.714295189195667 ], [ 0.794862038423637, 44.71445722579918 ] ] ] ] } },
{ "type": "Feature", "properties": { "NOM": null, "TYPOLOGIE": null, "COMMUNE": "Sainte-Croix", "COMMUNAUTE": "CC des Bastides Dordogne Périgord", "INSEE_COMM": 24393, "ID_CDECOMM": 21, "SURFACE_UR": 3.6989, "COVISIBILI": "non", "SUP_URBA_H": null, "SITUATION_": "clairiere", "SITUATION1": "pente" }, "geometry": { "type": "MultiPolygon", "coordinates": [ [ [ [ 0.851644181885799, 44.735486392178672 ], [ 0.851528966981462, 44.73554780924546 ], [ 0.851414467501359, 44.73558224883412 ], [ 0.851288067464165, 44.735589540900854 ], [ 0.851174522139961, 44.735588010429822 ], [ 0.851022651141443, 44.735603954524031 ], [ 0.850870302765188, 44.735637883312677 ], [ 0.850654157343106, 44.735697938672025 ], [ 0.850501808489658, 44.735731866952214 ], [ 0.850349698181981, 44.735756802571061 ], [ 0.850198065247396, 44.735763753078643 ], [ 0.850172832880987, 44.735763412734464 ], [ 0.850135223095948, 44.735753909756951 ], [ 0.850022155035207, 44.735734393197824 ], [ 0.849946696773675, 44.735724379577469 ], [ 0.849895993277445, 44.73573269121831 ], [ 0.849692701472929, 44.735783922447816 ], [ 0.849502503226101, 44.73581733865548 ], [ 0.849421789622327, 44.736005158566265 ], [ 0.850012603695128, 44.736094091232907 ], [ 0.850264212613474, 44.73612447214056 ], [ 0.850314438935027, 44.736134145234274 ], [ 0.850616990671158, 44.736147221050977 ], [ 0.850658181030939, 44.7360218370697 ], [ 0.851149737345111, 44.736046455485777 ], [ 0.851463473740554, 44.736113653766544 ], [ 0.851613676289149, 44.736160656252721 ], [ 0.851652240688416, 44.736134188905474 ], [ 0.851964308861874, 44.736264332958754 ], [ 0.852134043493398, 44.736050723463968 ], [ 0.852134043493398, 44.736050723463968 ], [ 0.852518967498689, 44.735813024953316 ], [ 0.852791995503193, 44.735987619209766 ], [ 0.853000527958006, 44.73573854818774 ], [ 0.853013620750891, 44.735720733122193 ], [ 0.853027190137568, 44.735684933140718 ], [ 0.853027190137568, 44.735684933140718 ], [ 0.853027190137568, 44.735684933140718 ], [ 0.853627526075717, 44.735890918230595 ], [ 0.85364014229796, 44.735891088008209 ], [ 0.853694418309195, 44.73574788775413 ], [ 0.853645859166606, 44.735675268989453 ], [ 0.853280240048054, 44.735184582387816 ], [ 0.853319756000503, 44.735122144643647 ], [ 0.853295715181336, 44.735076842736461 ], [ 0.853221686822785, 44.735012876628616 ], [ 0.852972226043124, 44.734901570401696 ], [ 0.852936522858393, 44.734820128752709 ], [ 0.853143144119528, 44.734642997203537 ], [ 0.8534342636998, 44.734610933169279 ], [ 0.853434978393314, 44.734583955807487 ], [ 0.853419990575471, 44.734196940723216 ], [ 0.853118640085361, 44.734138910366589 ], [ 0.852942733432945, 44.73410955517145 ], [ 0.852778489441659, 44.734116339373152 ], [ 0.852702794515185, 44.734115320099008 ], [ 0.85171756820207, 44.734147027046312 ], [ 0.85183371006889, 44.734526409795265 ], [ 0.851149587856508, 44.734625137990832 ], [ 0.85115170553936, 44.735020975821648 ], [ 0.851363553673167, 44.735122783612439 ], [ 0.851537792912817, 44.735215088505271 ], [ 0.851575402574448, 44.735224591002023 ], [ 0.851625151270751, 44.735252248397998 ], [ 0.851635382125398, 44.735342342927986 ], [ 0.85166037579343, 44.735351675389701 ], [ 0.851672276339669, 44.73537882275027 ], [ 0.851683938382702, 44.735414962562785 ], [ 0.851644181885799, 44.735486392178672 ] ] ] ] } },
{ "type": "Feature", "properties": { "NOM": null, "TYPOLOGIE": null, "COMMUNE": "Liorac-sur-Louyre", "COMMUNAUTE": "CC des Bastides Dordogne Périgord", "INSEE_COMM": 24242, "ID_CDECOMM": 21, "SURFACE_UR": 2.3116, "COVISIBILI": "non", "SUP_URBA_H": null, "SITUATION_": "non boise", "SITUATION1": "ligne de crete" }, "geometry": { "type": "MultiPolygon", "coordinates": [ [ [ [ 0.636144076718614, 44.896674318655208 ], [ 0.635536242659392, 44.896682960546563 ], [ 0.634346151669839, 44.896691631405737 ], [ 0.634366478039962, 44.896440034959056 ], [ 0.634228405358867, 44.896401921687563 ], [ 0.634165694952013, 44.896382962408381 ], [ 0.634014970831755, 44.896344654028702 ], [ 0.633417049315519, 44.896443404566256 ], [ 0.633340864637847, 44.896451227518263 ], [ 0.633163466019489, 44.896457490812978 ], [ 0.633171454947959, 44.896610558986865 ], [ 0.633146151399655, 44.896610169073021 ], [ 0.632972143782222, 44.897750077541197 ], [ 0.63383028865867, 44.89783527310481 ], [ 0.633959824992954, 44.897738303799187 ], [ 0.634037107938204, 44.897694510222273 ], [ 0.634063782711213, 44.897649937190124 ], [ 0.634117132129607, 44.897560791108944 ], [ 0.634144629169916, 44.897489240415801 ], [ 0.634159200050642, 44.897426487423914 ], [ 0.634176238030927, 44.897282801504424 ], [ 0.634264253319877, 44.897302150447821 ], [ 0.634403972783432, 44.897286308399416 ], [ 0.634568996024747, 44.89727085576866 ], [ 0.63487401240133, 44.8972305677013 ], [ 0.635583341784659, 44.897214494378588 ], [ 0.636127100586644, 44.897231856812205 ], [ 0.636144076718614, 44.896674318655208 ] ] ] ] } },
{ "type": "Feature", "properties": { "NOM": null, "TYPOLOGIE": null, "COMMUNE": "Lanquais", "COMMUNAUTE": "CC des Bastides Dordogne Périgord", "INSEE_COMM": 24228, "ID_CDECOMM": 21, "SURFACE_UR": 1.68285, "COVISIBILI": "non", "SUP_URBA_H": null, "SITUATION_": "non boise", "SITUATION1": "pente" }, "geometry": { "type": "MultiPolygon", "coordinates": [ [ [ [ 0.669457841264467, 44.824633564038372 ], [ 0.669470476893357, 44.824633754841024 ], [ 0.669773463962521, 44.824647326040882 ], [ 0.669812443037442, 44.824611928857429 ], [ 0.669850617950904, 44.824603508769663 ], [ 0.670053820560414, 44.824147759148929 ], [ 0.669958287425071, 44.823111729602758 ], [ 0.670032719907824, 44.822735004033404 ], [ 0.670314404370891, 44.822190475072993 ], [ 0.670258958877025, 44.821505911426549 ], [ 0.670348165568672, 44.821057437746553 ], [ 0.67034950527054, 44.821012475958625 ], [ 0.669954342017802, 44.821123464160429 ], [ 0.669904376954712, 44.821527548007175 ], [ 0.669685599043849, 44.822082022036831 ], [ 0.669557443292357, 44.822988724265414 ], [ 0.669260430795299, 44.823622984298389 ], [ 0.669457841264467, 44.824633564038372 ] ] ] ] } },
{ "type": "Feature", "properties": { "NOM": null, "TYPOLOGIE": null, "COMMUNE": "Lanquais", "COMMUNAUTE": "CC des Bastides Dordogne Périgord", "INSEE_COMM": 24228, "ID_CDECOMM": 21, "SURFACE_UR": 1.9321, "COVISIBILI": "non", "SUP_URBA_H": null, "SITUATION_": "non boise", "SITUATION1": "plateau plaine" }, "geometry": { "type": "MultiPolygon", "coordinates": [ [ [ [ 0.645484027342291, 44.828587257027984 ], [ 0.645510932026002, 44.828533690161024 ], [ 0.645656731326495, 44.828311010900286 ], [ 0.64523253476312, 44.828124583680264 ], [ 0.644970164345418, 44.828021602732754 ], [ 0.645022885930438, 44.827950438559085 ], [ 0.644584425287, 44.827817769208743 ], [ 0.644773304590172, 44.827424818039262 ], [ 0.64367003383748, 44.827120019075586 ], [ 0.643643672592759, 44.827155600830338 ], [ 0.642926186322852, 44.828305144722322 ], [ 0.642934464607221, 44.828449215667881 ], [ 0.643739927316401, 44.828569526197249 ], [ 0.643897281233801, 44.828383012283204 ], [ 0.64458684038102, 44.828573511598314 ], [ 0.644783461078915, 44.828342615746422 ], [ 0.645484027342291, 44.828587257027984 ] ] ] ] } },
{ "type": "Feature", "properties": { "NOM": null, "TYPOLOGIE": null, "COMMUNE": "Lolme", "COMMUNAUTE": "CC des Bastides Dordogne Périgord", "INSEE_COMM": 24244, "ID_CDECOMM": 21, "SURFACE_UR": 4.9725, "COVISIBILI": "non", "SUP_URBA_H": null, "SITUATION_": "non boise", "SITUATION1": "plateau plaine" }, "geometry": { "type": "MultiPolygon", "coordinates": [ [ [ [ 0.842378339882046, 44.710982969812683 ], [ 0.842855624131684, 44.711061407523253 ], [ 0.843144229713859, 44.711119294156042 ], [ 0.84318206161117, 44.711119807050771 ], [ 0.843257245889296, 44.711138817473064 ], [ 0.843320059326159, 44.71114866456189 ], [ 0.843357172014564, 44.711176154405216 ], [ 0.843369303177125, 44.711194310020048 ], [ 0.843381194607671, 44.711221457970261 ], [ 0.843399703285648, 44.711473585287649 ], [ 0.843111095621962, 44.711415699311345 ], [ 0.843084915072319, 44.711451326713416 ], [ 0.843135118119141, 44.711461002934783 ], [ 0.843108457994262, 44.711514615017379 ], [ 0.842709232240028, 44.711347281152094 ], [ 0.842432309719842, 44.712270071201651 ], [ 0.843445496239992, 44.712121888373474 ], [ 0.845205749180502, 44.712343636452189 ], [ 0.846035676415598, 44.712444825082628 ], [ 0.846213497565961, 44.711925487095662 ], [ 0.846226347676338, 44.711916665364924 ], [ 0.846431540079876, 44.711316737272284 ], [ 0.845891674014846, 44.711219477094176 ], [ 0.845866452688715, 44.711219135785754 ], [ 0.845376791676741, 44.711131548046261 ], [ 0.845434973542456, 44.71036771130391 ], [ 0.845307432269875, 44.710419958212725 ], [ 0.845141580370134, 44.710489677442403 ], [ 0.844784893794931, 44.710619781264526 ], [ 0.84468305147864, 44.710654384334759 ], [ 0.844633327959982, 44.71062672414805 ], [ 0.844212237448952, 44.710333161493729 ], [ 0.843267315714766, 44.710761139394045 ], [ 0.843194529615207, 44.710652205642234 ], [ 0.843194769382483, 44.710643213308416 ], [ 0.84315104095865, 44.710390744122947 ], [ 0.842988303864642, 44.710343559782338 ], [ 0.842813196423784, 44.710287211867524 ], [ 0.842378339882046, 44.710982969812683 ] ] ] ] } },
{ "type": "Feature", "properties": { "NOM": null, "TYPOLOGIE": null, "COMMUNE": "Lavalade", "COMMUNAUTE": "CC des Bastides Dordogne Périgord", "INSEE_COMM": 24231, "ID_CDECOMM": 21, "SURFACE_UR": 2.98755, "COVISIBILI": "non", "SUP_URBA_H": null, "SITUATION_": "non boise", "SITUATION1": "plateau plaine" }, "geometry": { "type": "MultiPolygon", "coordinates": [ [ [ [ 0.863817526855195, 44.69444106404692 ], [ 0.863779705999658, 44.694440558258513 ], [ 0.863742357952623, 44.694422067749493 ], [ 0.863491164794907, 44.694382725997599 ], [ 0.863465950919331, 44.694382388732166 ], [ 0.863214758133236, 44.694343046351896 ], [ 0.863164566917529, 44.694333379336975 ], [ 0.86310988212738, 44.694494566988872 ], [ 0.863109645621793, 44.694503559341314 ], [ 0.863096092626763, 44.694539360075595 ], [ 0.863054250962298, 44.694691724036552 ], [ 0.863025252631249, 44.694835264323501 ], [ 0.863010516886837, 44.694916026821339 ], [ 0.86299601762591, 44.694987796965847 ], [ 0.86298199138475, 44.69504158240202 ], [ 0.86294275092387, 44.695095030451469 ], [ 0.862803836311668, 44.695102167078645 ], [ 0.862614256682303, 44.695117620967572 ], [ 0.862500556175719, 44.695125094673585 ], [ 0.862285762176121, 44.695140210503872 ], [ 0.862291033454089, 44.695419142231167 ], [ 0.86258099832039, 44.695423023543505 ], [ 0.862632204863163, 44.695873484999922 ], [ 0.862947859721315, 44.695859718098603 ], [ 0.863018063233323, 44.696067554476684 ], [ 0.863271155497388, 44.696034958483104 ], [ 0.863456320489025, 44.696667122080378 ], [ 0.863683727469759, 44.69665217258472 ], [ 0.863846678721907, 44.696690333856189 ], [ 0.863859286179615, 44.696690502447666 ], [ 0.863984178887704, 44.696737150101612 ], [ 0.864192752295503, 44.696479068591657 ], [ 0.864373273353063, 44.696328558006797 ], [ 0.864411804400793, 44.696302086505959 ], [ 0.864425120679788, 44.696275277943279 ], [ 0.864487448634708, 44.696303097643757 ], [ 0.864550012933848, 44.696321924945913 ], [ 0.864624948386009, 44.696349913080297 ], [ 0.864849904463754, 44.69594812105921 ], [ 0.864312989911158, 44.695743043276487 ], [ 0.864662836057481, 44.695387898851322 ], [ 0.864325750967794, 44.69525745585667 ], [ 0.864661569395187, 44.694956097112559 ], [ 0.863817526855195, 44.69444106404692 ] ] ] ] } },
{ "type": "Feature", "properties": { "NOM": null, "TYPOLOGIE": null, "COMMUNE": "Vergt-de-Biron", "COMMUNAUTE": "CC des Bastides Dordogne Périgord", "INSEE_COMM": 24572, "ID_CDECOMM": 21, "SURFACE_UR": 1.64785, "COVISIBILI": "non", "SUP_URBA_H": null, "SITUATION_": "non boise", "SITUATION1": "vallee" }, "geometry": { "type": "MultiPolygon", "coordinates": [ [ [ [ 0.842011875501582, 44.651913587890036 ], [ 0.842099577453746, 44.651932769513067 ], [ 0.842287099560406, 44.651989287826041 ], [ 0.842361964718475, 44.652017290336943 ], [ 0.842437548867066, 44.652018316424616 ], [ 0.842462743583878, 44.652018658442309 ], [ 0.84266262411232, 44.652084339251211 ], [ 0.842700176637468, 44.652093844323709 ], [ 0.842812594710385, 44.652131351590526 ], [ 0.842812115552458, 44.652149335842019 ], [ 0.842874862928817, 44.652159182787599 ], [ 0.843012955143711, 44.652179047517095 ], [ 0.843063105190003, 44.652188723410433 ], [ 0.843062626111859, 44.652206707663723 ], [ 0.843337853025285, 44.652282404991453 ], [ 0.843388003219945, 44.652292080737716 ], [ 0.843425316525492, 44.652310577692489 ], [ 0.84356293038867, 44.652348425991718 ], [ 0.843814160862968, 44.652378819726884 ], [ 0.843889506117575, 44.652388836948788 ], [ 0.843939656502439, 44.652398512444812 ], [ 0.844065152229979, 44.652418205020147 ], [ 0.844127421387779, 44.65244603551519 ], [ 0.844202527430946, 44.652465044654221 ], [ 0.844202288073287, 44.652474036784973 ], [ 0.844302828462087, 44.652484395339648 ], [ 0.844340381532683, 44.652493899856061 ], [ 0.844403129562391, 44.652503745934084 ], [ 0.84465483975785, 44.652516153493295 ], [ 0.844717587867605, 44.652525999392488 ], [ 0.844767738517787, 44.652535674512642 ], [ 0.844843323408462, 44.652536698951167 ], [ 0.844843562663688, 44.652527706818475 ], [ 0.845069838878064, 44.65254876408877 ], [ 0.84524644287201, 44.652542161747085 ], [ 0.845561380007518, 44.652546428529675 ], [ 0.845624367440366, 44.652547281778141 ], [ 0.845712788965586, 44.652539484130443 ], [ 0.845713984544489, 44.652494523455907 ], [ 0.845714941006234, 44.65245855491699 ], [ 0.845703300007738, 44.652422415742421 ], [ 0.845659127398213, 44.6521879377025 ], [ 0.845526372642707, 44.651493495765791 ], [ 0.845134422706415, 44.651542157495314 ], [ 0.844932148851153, 44.651566402474444 ], [ 0.844871711437675, 44.651943389005204 ], [ 0.844695348560214, 44.651940998619267 ], [ 0.844342383517419, 44.651945209128911 ], [ 0.844322214882898, 44.651756032843316 ], [ 0.844323890228972, 44.65169308794755 ], [ 0.843933134844896, 44.651696784759821 ], [ 0.843861050848345, 44.652037631386705 ], [ 0.842040425992159, 44.651788040289794 ], [ 0.842011875501582, 44.651913587890036 ] ] ] ] } },
{ "type": "Feature", "properties": { "NOM": null, "TYPOLOGIE": null, "COMMUNE": "Lalinde", "COMMUNAUTE": "CC des Bastides Dordogne Périgord", "INSEE_COMM": 24223, "ID_CDECOMM": 21, "SURFACE_UR": 3.1315, "COVISIBILI": "non", "SUP_URBA_H": null, "SITUATION_": "non boise", "SITUATION1": "pente" }, "geometry": { "type": "MultiPolygon", "coordinates": [ [ [ [ 0.745555037570918, 44.847383662987603 ], [ 0.745945116612155, 44.84745225731929 ], [ 0.746246965372417, 44.847510583192083 ], [ 0.746988693216995, 44.847665204922407 ], [ 0.747642704499525, 44.847791570439348 ], [ 0.747680627744847, 44.847792116162346 ], [ 0.747982735742311, 44.847841444664105 ], [ 0.748196612095464, 44.847880506812622 ], [ 0.748246920953889, 44.847890226825051 ], [ 0.748400027371589, 44.847397631920437 ], [ 0.748608549017414, 44.846734904048247 ], [ 0.748545600289965, 44.846725002399218 ], [ 0.748167141701919, 44.846692569653229 ], [ 0.74812947476603, 44.84668303146394 ], [ 0.747852143301229, 44.846652052425839 ], [ 0.747700709043528, 44.84664087705962 ], [ 0.747599838123465, 44.846630429156164 ], [ 0.747410737210369, 44.84660971501016 ], [ 0.747360429647141, 44.84659999462199 ], [ 0.746780487105397, 44.846537667977167 ], [ 0.746717283127069, 44.846536757916986 ], [ 0.746414671592625, 44.846505411238148 ], [ 0.746418765089133, 44.846361529181095 ], [ 0.746423626088916, 44.846190669249083 ], [ 0.74641405548674, 44.846082575669499 ], [ 0.746339234753797, 44.846045512833406 ], [ 0.746275007879944, 44.846080573028459 ], [ 0.746121784257412, 44.846132343889686 ], [ 0.745778181824554, 44.846208360736 ], [ 0.745308427140645, 44.846273562194426 ], [ 0.745319275739255, 44.846336692749574 ], [ 0.745319019719938, 44.846345685375269 ], [ 0.745342253090653, 44.84641799073087 ], [ 0.745363694431421, 44.846553244468979 ], [ 0.745406833431033, 44.846814759327373 ], [ 0.745418962274095, 44.846832926747638 ], [ 0.745462869746184, 44.847067463727996 ], [ 0.745506521592333, 44.847310993342845 ], [ 0.745531291545607, 44.847329342907976 ], [ 0.745555037570918, 44.847383662987603 ] ] ] ] } },
{ "type": "Feature", "properties": { "NOM": null, "TYPOLOGIE": null, "COMMUNE": "Baneuil", "COMMUNAUTE": "CC des Bastides Dordogne Périgord", "INSEE_COMM": 24023, "ID_CDECOMM": 21, "SURFACE_UR": 2.7109, "COVISIBILI": "non", "SUP_URBA_H": null, "SITUATION_": "non boise", "SITUATION1": "vallee" }, "geometry": { "type": "MultiPolygon", "coordinates": [ [ [ [ 0.698384377712317, 44.839190882733945 ], [ 0.698311442497008, 44.839090840348376 ], [ 0.698287482198702, 44.839045502889881 ], [ 0.698263521939226, 44.839000165426981 ], [ 0.698227976941216, 44.83891867049018 ], [ 0.698203753235045, 44.838882325505985 ], [ 0.698206652271793, 44.83878340812538 ], [ 0.698194540450979, 44.838765235632572 ], [ 0.698263796436822, 44.83855934595384 ], [ 0.698317250745978, 44.838461178602877 ], [ 0.698358329562585, 44.838353831246046 ], [ 0.698451280957788, 44.83820227139865 ], [ 0.69851790035612, 44.838086306476598 ], [ 0.698571090281553, 44.837997131508885 ], [ 0.698637445712497, 44.837890159011174 ], [ 0.698703537425964, 44.837792178964818 ], [ 0.69878253103593, 44.837685393845845 ], [ 0.698822554615694, 44.837614016294673 ], [ 0.698824398720487, 44.837551068892772 ], [ 0.698570044930351, 44.837601274643703 ], [ 0.698265136020072, 44.837650729791314 ], [ 0.697960226570823, 44.837700184098566 ], [ 0.69784806009617, 44.837644541253511 ], [ 0.697784339560761, 44.837661588426485 ], [ 0.697781967059114, 44.837742520782463 ], [ 0.697731939559729, 44.837723785551425 ], [ 0.69759238679557, 44.837739707176738 ], [ 0.697377001833149, 44.837754502996638 ], [ 0.697186894134676, 44.837769673661526 ], [ 0.697009425024961, 44.837785031651357 ], [ 0.696692138819385, 44.83782530232704 ], [ 0.696602876517409, 44.837850965923906 ], [ 0.696425143159268, 44.837875315457588 ], [ 0.696183424463472, 44.837925703438437 ], [ 0.696094425651877, 44.83794237414439 ], [ 0.695903789138355, 44.837975527564701 ], [ 0.695560695638748, 44.838033404397486 ], [ 0.695382961247622, 44.838057752256489 ], [ 0.69519205988994, 44.838099896930188 ], [ 0.695014325127207, 44.838124244196877 ], [ 0.694798145723826, 44.838166012429234 ], [ 0.69464568813069, 44.838190734909247 ], [ 0.694594868903041, 44.838198975689217 ], [ 0.694618561724443, 44.838253306412561 ], [ 0.694641990472889, 44.838316629610858 ], [ 0.694676737524174, 44.83842510312116 ], [ 0.694723595349629, 44.838551749498613 ], [ 0.694758606807007, 44.838651230513179 ], [ 0.694793618388876, 44.838750711520625 ], [ 0.694840740841262, 44.838868365383796 ], [ 0.694879185796547, 44.838850944112544 ], [ 0.695121173708086, 44.838791566483103 ], [ 0.695363161106037, 44.838732188325139 ], [ 0.695617522914227, 44.838681989932489 ], [ 0.695846606507537, 44.838631415389543 ], [ 0.695973787022773, 44.838606315710912 ], [ 0.696049092479307, 44.838625427270017 ], [ 0.69611175910427, 44.838644351024691 ], [ 0.69622709224936, 44.838592085849449 ], [ 0.696950936806314, 44.838485882417487 ], [ 0.697416201248083, 44.838573757147905 ], [ 0.698384377712317, 44.839190882733945 ] ] ] ] } },
{ "type": "Feature", "properties": { "NOM": null, "TYPOLOGIE": null, "COMMUNE": "Mauzac-et-Grand-Castang", "COMMUNAUTE": "CC des Bastides Dordogne Périgord", "INSEE_COMM": 24260, "ID_CDECOMM": 21, "SURFACE_UR": 2.00335, "COVISIBILI": "non", "SUP_URBA_H": null, "SITUATION_": "non boise", "SITUATION1": "vallee" }, "geometry": { "type": "MultiPolygon", "coordinates": [ [ [ [ 0.79586548298157, 44.86282397453148 ], [ 0.795873170243991, 44.862545197739095 ], [ 0.79587564998973, 44.862455269748089 ], [ 0.795877137833351, 44.862401312955058 ], [ 0.795882345263438, 44.862212464188424 ], [ 0.795890280327448, 44.861924694666406 ], [ 0.795908380018468, 44.861727029528062 ], [ 0.795935652472897, 44.861655439931326 ], [ 0.795965156461068, 44.861502915167414 ], [ 0.795994412338305, 44.86135938320021 ], [ 0.796000115172964, 44.86115254891827 ], [ 0.796001354914054, 44.861107584946154 ], [ 0.795978793897656, 44.861008311452856 ], [ 0.795967885348553, 44.860945185515376 ], [ 0.795968629206216, 44.860918207134496 ], [ 0.795875410570018, 44.860629026666487 ], [ 0.795863758308185, 44.8605928791048 ], [ 0.794232402933003, 44.861037913949168 ], [ 0.794304544957395, 44.861173865261598 ], [ 0.794328592376697, 44.861219182356898 ], [ 0.794437178546103, 44.861409620043318 ], [ 0.794472629514626, 44.861500077628556 ], [ 0.794434200133835, 44.861517533548941 ], [ 0.794458496003438, 44.86155385782979 ], [ 0.794519732192, 44.8616266829249 ], [ 0.794580472182195, 44.861717493574865 ], [ 0.794618405309157, 44.861718023189098 ], [ 0.794655097602245, 44.861763516758387 ], [ 0.794716582433312, 44.861827348956567 ], [ 0.794936489871031, 44.86210930281419 ], [ 0.795010371770408, 44.862182304152412 ], [ 0.79503491641031, 44.86220963552001 ], [ 0.79525681154182, 44.862419646406792 ], [ 0.79528160447557, 44.862437984924725 ], [ 0.795504493575613, 44.862612024140368 ], [ 0.795554079791922, 44.862648701062454 ], [ 0.79557862490162, 44.862676032314425 ], [ 0.79574077267349, 44.862759260927547 ], [ 0.79586548298157, 44.86282397453148 ] ] ] ] } },
{ "type": "Feature", "properties": { "NOM": null, "TYPOLOGIE": null, "COMMUNE": "Liorac-sur-Louyre", "COMMUNAUTE": "CC des Bastides Dordogne Périgord", "INSEE_COMM": 24242, "ID_CDECOMM": 21, "SURFACE_UR": 3.82315, "COVISIBILI": "non", "SUP_URBA_H": null, "SITUATION_": "non boise", "SITUATION1": "plateau plaine" }, "geometry": { "type": "MultiPolygon", "coordinates": [ [ [ [ 0.645279071634401, 44.898056009692951 ], [ 0.645331041882213, 44.898011821077368 ], [ 0.645482050562268, 44.898041121476325 ], [ 0.645494975011317, 44.898032322445246 ], [ 0.645784340659231, 44.898090729078277 ], [ 0.64588664686853, 44.898056306817395 ], [ 0.645989497408865, 44.898003899305387 ], [ 0.646105272088593, 44.897942692596793 ], [ 0.64622104651477, 44.897881485768501 ], [ 0.646285395773097, 44.897846482747909 ], [ 0.646653939421842, 44.897798136859983 ], [ 0.646762230824906, 44.897565877058277 ], [ 0.646775971261734, 44.897530100143115 ], [ 0.646857597257063, 44.897342416361298 ], [ 0.647120840623659, 44.89742741043505 ], [ 0.647172264760765, 44.897401206123746 ], [ 0.647147776874723, 44.897373841676426 ], [ 0.647176889346774, 44.897248332282118 ], [ 0.64703989415835, 44.897174264685184 ], [ 0.647108322753144, 44.897004372530262 ], [ 0.646920176529005, 44.89694751649116 ], [ 0.646845081397838, 44.896919378440209 ], [ 0.646732030687614, 44.896890660133096 ], [ 0.646650677047945, 44.897069351212103 ], [ 0.645921765774915, 44.896896264462889 ], [ 0.644751951565475, 44.896653448734355 ], [ 0.644808007101635, 44.896474371834394 ], [ 0.644757672386003, 44.896464604756289 ], [ 0.644228750178333, 44.896375537907815 ], [ 0.644027412182206, 44.896336468404805 ], [ 0.643933671465026, 44.896505971165858 ], [ 0.643491949430591, 44.896463219666025 ], [ 0.643328294286911, 44.896433722773253 ], [ 0.643290338978681, 44.896433141386495 ], [ 0.643252765692947, 44.896837419304887 ], [ 0.642975184807618, 44.897642874140487 ], [ 0.643402082570709, 44.8977573745073 ], [ 0.644812183565702, 44.897590031657003 ], [ 0.644811487221314, 44.898030861452511 ], [ 0.645279071634401, 44.898056009692951 ] ] ] ] } },
{ "type": "Feature", "properties": { "NOM": null, "TYPOLOGIE": null, "COMMUNE": "Beaumontois-en-Périgord (Beaumont-du-Périgord)", "COMMUNAUTE": "CC des Bastides Dordogne Périgord", "INSEE_COMM": 24028, "ID_CDECOMM": 21, "SURFACE_UR": 0.8321, "COVISIBILI": "non", "SUP_URBA_H": null, "SITUATION_": "non boise", "SITUATION1": "plateau plaine" }, "geometry": { "type": "MultiPolygon", "coordinates": [ [ [ [ 0.751632834136467, 44.740984284355001 ], [ 0.751607345469431, 44.740992913735482 ], [ 0.751285412325396, 44.740772382904808 ], [ 0.750648958477767, 44.740961136965971 ], [ 0.750285745438418, 44.741306750099398 ], [ 0.750627053785799, 44.74173446811804 ], [ 0.751056548736908, 44.741722655045862 ], [ 0.751633996681161, 44.741389115885411 ], [ 0.751943425228547, 44.741159671685317 ], [ 0.751619707983324, 44.74100208738178 ], [ 0.751632834136467, 44.740984284355001 ] ] ] ] } },
{ "type": "Feature", "properties": { "NOM": null, "TYPOLOGIE": null, "COMMUNE": "Lanquais", "COMMUNAUTE": "CC des Bastides Dordogne Périgord", "INSEE_COMM": 24228, "ID_CDECOMM": 21, "SURFACE_UR": 0.8341, "COVISIBILI": "non", "SUP_URBA_H": null, "SITUATION_": "clairiere", "SITUATION1": "pente" }, "geometry": { "type": "MultiPolygon", "coordinates": [ [ [ [ 0.675294089234779, 44.817110594420647 ], [ 0.675546153209412, 44.8167095507836 ], [ 0.675445883627852, 44.816681052822965 ], [ 0.675408783385971, 44.816653505401945 ], [ 0.675321414936169, 44.816616205097539 ], [ 0.675463058146908, 44.816528372936681 ], [ 0.675565731191364, 44.816475939702343 ], [ 0.675706572491555, 44.816415084292423 ], [ 0.675873482140363, 44.816327631786734 ], [ 0.675946347591686, 44.81642768806465 ], [ 0.676252495451767, 44.816333333215205 ], [ 0.676193598223787, 44.816188505409805 ], [ 0.676170199606953, 44.816125178869399 ], [ 0.67618363427665, 44.816098391844953 ], [ 0.676222336371807, 44.816071984880843 ], [ 0.676260237529929, 44.81607255496246 ], [ 0.676424742831265, 44.816066032812472 ], [ 0.676488178355607, 44.816057990471961 ], [ 0.676640316777359, 44.816042285647747 ], [ 0.676455615915211, 44.815877573406034 ], [ 0.67538308928596, 44.815816456205134 ], [ 0.675428549033754, 44.815988071354035 ], [ 0.675263509592054, 44.81601257672056 ], [ 0.675085836298346, 44.816036891682067 ], [ 0.675095798467237, 44.816127005344207 ], [ 0.675103890594256, 44.816280065465712 ], [ 0.675028088021342, 44.81627892449562 ], [ 0.675023546188746, 44.81643179446597 ], [ 0.675021943183081, 44.816485748575452 ], [ 0.675008507864493, 44.816512535463097 ], [ 0.674994003842595, 44.816575291756919 ], [ 0.674993202323857, 44.816602268812893 ], [ 0.674991866457574, 44.81664723057353 ], [ 0.674991064936775, 44.816674207630314 ], [ 0.674950758762397, 44.816754568284338 ], [ 0.674949155677326, 44.816808522399995 ], [ 0.674906177462155, 44.816978806574042 ], [ 0.675019615570034, 44.816989510488817 ], [ 0.675056983007868, 44.817008065690651 ], [ 0.675206987288913, 44.817064301664288 ], [ 0.675294089234779, 44.817110594420647 ] ] ] ] } },
{ "type": "Feature", "properties": { "NOM": null, "TYPOLOGIE": null, "COMMUNE": "Pressignac-Vicq", "COMMUNAUTE": "CC des Bastides Dordogne Périgord", "INSEE_COMM": 24338, "ID_CDECOMM": 21, "SURFACE_UR": 6.0255, "COVISIBILI": "non", "SUP_URBA_H": null, "SITUATION_": "non boise", "SITUATION1": "pente" }, "geometry": { "type": "MultiPolygon", "coordinates": [ [ [ [ 0.720291753781312, 44.894482080214182 ], [ 0.720442531294788, 44.894520271574741 ], [ 0.720543223232042, 44.894539737206863 ], [ 0.720593309014042, 44.894558462730316 ], [ 0.720620433586568, 44.89449588354973 ], [ 0.721042356910239, 44.894349111275666 ], [ 0.721156220506477, 44.894350775818992 ], [ 0.72136557427302, 44.894551759987074 ], [ 0.721402488613429, 44.894588285711812 ], [ 0.72149078950562, 44.894598572822431 ], [ 0.721526663705348, 44.89467106948311 ], [ 0.721601533009189, 44.894708149837719 ], [ 0.721676922491614, 44.894727244652287 ], [ 0.721840873244737, 44.894747633502099 ], [ 0.721916522863295, 44.89475773540822 ], [ 0.721966869293111, 44.894767467565444 ], [ 0.722055430550761, 44.894768761480137 ], [ 0.722419468107612, 44.894873041444932 ], [ 0.722557336584879, 44.894920037875799 ], [ 0.72261955525167, 44.89495693276146 ], [ 0.722682293759094, 44.894975842116331 ], [ 0.722883421053796, 44.89502376196527 ], [ 0.723285416893489, 44.895128593318439 ], [ 0.723361067287723, 44.895138694237687 ], [ 0.723487324505928, 44.89514953382114 ], [ 0.723588538103264, 44.895151011183444 ], [ 0.724232097928731, 44.894341717672354 ], [ 0.724710260213273, 44.894438658586587 ], [ 0.724861040624715, 44.894476843921332 ], [ 0.725074819554942, 44.894524944293131 ], [ 0.725139893748546, 44.894462917481981 ], [ 0.725358861804966, 44.894331162266312 ], [ 0.725435808664696, 44.894296298002864 ], [ 0.725578088240737, 44.894190413871797 ], [ 0.725848438140191, 44.894032417181499 ], [ 0.725648349461565, 44.893948531738197 ], [ 0.725498088779924, 44.893892361983063 ], [ 0.725485696781926, 44.893883184785587 ], [ 0.725410566572747, 44.893855099823547 ], [ 0.725146443785121, 44.893797269430337 ], [ 0.724806932297933, 44.893720345785674 ], [ 0.724467421744027, 44.893643421100855 ], [ 0.724039612374851, 44.893556210375138 ], [ 0.723976615335643, 44.893546294546915 ], [ 0.723360336538075, 44.893411348007049 ], [ 0.722857142647185, 44.893305039057701 ], [ 0.722769882973997, 44.893258782073957 ], [ 0.722927154684732, 44.893072151478314 ], [ 0.723045692354961, 44.892911944725029 ], [ 0.723150019427977, 44.892805509589856 ], [ 0.723346540785569, 44.89257446886387 ], [ 0.722730274208053, 44.892439518862915 ], [ 0.722667278657742, 44.892429602292935 ], [ 0.722291994064255, 44.893152840072091 ], [ 0.721726328507788, 44.893018623684739 ], [ 0.721668702770704, 44.893260688123682 ], [ 0.72031934098083, 44.893528849865483 ], [ 0.720476261598543, 44.89379204465471 ], [ 0.720450958833669, 44.893791674610775 ], [ 0.720475741142022, 44.893810030132315 ], [ 0.720291753781312, 44.894482080214182 ] ] ] ] } },
{ "type": "Feature", "properties": { "NOM": null, "TYPOLOGIE": null, "COMMUNE": "Saint-Capraise-de-Lalinde", "COMMUNAUTE": "CC des Bastides Dordogne Périgord", "INSEE_COMM": 24382, "ID_CDECOMM": 21, "SURFACE_UR": 1.6723, "COVISIBILI": "non", "SUP_URBA_H": null, "SITUATION_": "non boise", "SITUATION1": "vallee" }, "geometry": { "type": "MultiPolygon", "coordinates": [ [ [ [ 0.655164076473959, 44.841330185045045 ], [ 0.655196044121417, 44.841528595087347 ], [ 0.655228552934836, 44.841709020340311 ], [ 0.655252749945058, 44.841745374792978 ], [ 0.655276946986726, 44.8417817292409 ], [ 0.655314053977413, 44.84180928370791 ], [ 0.655339062443858, 44.841818660947169 ], [ 0.655453088034603, 44.841811400259438 ], [ 0.655642950351169, 44.841805293784731 ], [ 0.655858632281421, 44.84178158690596 ], [ 0.656086683147359, 44.841767064340644 ], [ 0.656315004190048, 44.84174354890397 ], [ 0.656543325040818, 44.841720032995667 ], [ 0.656860662187763, 44.841679877561447 ], [ 0.656873301623158, 44.841680069805506 ], [ 0.656924129562492, 44.841671846365344 ], [ 0.656924129562492, 44.841671846365344 ], [ 0.656949678622918, 44.841663238435451 ], [ 0.65726620473121, 44.841650059042991 ], [ 0.657747583391955, 44.841621391922182 ], [ 0.657848698796222, 44.841622929022357 ], [ 0.658278979284128, 44.841611475855515 ], [ 0.658759817291211, 44.841600789134468 ], [ 0.659038154497142, 44.841596020982671 ], [ 0.659316221843629, 44.841600244536977 ], [ 0.659594828766678, 44.841586482575259 ], [ 0.659872896107783, 44.841590704728382 ], [ 0.660151233168673, 44.841585933772258 ], [ 0.660644710023234, 44.841575430715125 ], [ 0.66063341859967, 44.841530276850669 ], [ 0.660626710409146, 44.841332252018859 ], [ 0.660348374650761, 44.84133702417202 ], [ 0.66014587506645, 44.841342946863513 ], [ 0.660146144743871, 44.84133395445506 ], [ 0.659868078658137, 44.841329732989728 ], [ 0.65958974284761, 44.841334503231607 ], [ 0.659311676801147, 44.841330280365817 ], [ 0.659033340940478, 44.841335049205846 ], [ 0.658742365667377, 44.841339625315882 ], [ 0.658540405774726, 44.841327560254413 ], [ 0.658249700482434, 44.841323142662254 ], [ 0.65780786305802, 44.841298433966188 ], [ 0.657378125125335, 44.841291900492607 ], [ 0.657100059457676, 44.841287672060055 ], [ 0.656556567592271, 44.841279405375566 ], [ 0.656329329707765, 44.841266951710018 ], [ 0.656089182258794, 44.841263297643252 ], [ 0.655836125134582, 44.841268443091067 ], [ 0.655836125134582, 44.841268443091067 ], [ 0.655620985981758, 44.841274165125554 ], [ 0.655418486124971, 44.841280079151574 ], [ 0.655152519043172, 44.841294023019934 ], [ 0.655164076473959, 44.841330185045045 ] ] ] ] } },
{ "type": "Feature", "properties": { "NOM": null, "TYPOLOGIE": null, "COMMUNE": "Lalinde", "COMMUNAUTE": "CC des Bastides Dordogne Périgord", "INSEE_COMM": 24223, "ID_CDECOMM": 21, "SURFACE_UR": 2.7482, "COVISIBILI": "non", "SUP_URBA_H": null, "SITUATION_": "non boise", "SITUATION1": "pente" }, "geometry": { "type": "MultiPolygon", "coordinates": [ [ [ [ 0.736361201555275, 44.874329933216515 ], [ 0.736368929104279, 44.874060152037437 ], [ 0.736368929104279, 44.874060152037437 ], [ 0.736508045845219, 44.874062167162229 ], [ 0.736609479208206, 44.874054639891561 ], [ 0.736785764323545, 44.874084182299661 ], [ 0.737024769618871, 44.874132625489665 ], [ 0.737229181108819, 44.874063613660915 ], [ 0.737317967399292, 44.874055902636691 ], [ 0.737432047618851, 44.874048557703006 ], [ 0.737571421759776, 44.8740415787816 ], [ 0.737634656639475, 44.874042494081223 ], [ 0.737738663451353, 44.873945038692675 ], [ 0.737803957046379, 44.873874012230381 ], [ 0.737830537664353, 44.873829414760671 ], [ 0.737831309707677, 44.87380243663668 ], [ 0.737848331493873, 44.873649743638573 ], [ 0.737850132901347, 44.873586794687228 ], [ 0.737851676961671, 44.873532838444412 ], [ 0.737839287445111, 44.873523662705281 ], [ 0.737815537819443, 44.873469340395744 ], [ 0.737742487701501, 44.873369322386132 ], [ 0.737730612962601, 44.873342161223121 ], [ 0.737695246182043, 44.87325168502251 ], [ 0.737626829357997, 44.872989798254736 ], [ 0.737791751663834, 44.872974192465506 ], [ 0.737808773306079, 44.872821499523994 ], [ 0.737839213545498, 44.872642011511232 ], [ 0.737826824228107, 44.872632835773928 ], [ 0.737827081571058, 44.87262384307018 ], [ 0.737841014930786, 44.872579062585352 ], [ 0.737881785543038, 44.8724806919382 ], [ 0.737805905799527, 44.872479593744465 ], [ 0.737704475450878, 44.872487122108026 ], [ 0.737553488115008, 44.87245794731745 ], [ 0.737604846721026, 44.872431701460201 ], [ 0.737658264231058, 44.872333513960143 ], [ 0.736674663240458, 44.872220311686959 ], [ 0.736632087962848, 44.872381630778591 ], [ 0.736631057827257, 44.872417601579151 ], [ 0.736601901534607, 44.872552125739915 ], [ 0.736601643995201, 44.872561118440544 ], [ 0.736336837358282, 44.872530293358778 ], [ 0.736248826140034, 44.872511025490972 ], [ 0.736260699983811, 44.872538186804228 ], [ 0.736271543469162, 44.872601318916388 ], [ 0.736258639228334, 44.872610128403501 ], [ 0.736265361221663, 44.872817143726266 ], [ 0.73588570275704, 44.872820639387839 ], [ 0.735856308139511, 44.873404981690982 ], [ 0.735879540517783, 44.87347728982472 ], [ 0.735941228834001, 44.873532162307164 ], [ 0.735990270403258, 44.873586851512663 ], [ 0.735938652329939, 44.873622089334823 ], [ 0.735912327958654, 44.87365769364299 ], [ 0.735807545484098, 44.873782125411601 ], [ 0.735714894106796, 44.873924725770635 ], [ 0.735765481880503, 44.873925458862828 ], [ 0.735738899571985, 44.873970055837781 ], [ 0.736105661260606, 44.87397537015223 ], [ 0.736134070149654, 44.874308649933944 ], [ 0.736298223968078, 44.874320024482053 ], [ 0.736361201555275, 44.874329933216515 ] ] ] ] } },
{ "type": "Feature", "properties": { "NOM": null, "TYPOLOGIE": null, "COMMUNE": "Mauzac-et-Grand-Castang", "COMMUNAUTE": "CC des Bastides Dordogne Périgord", "INSEE_COMM": 24260, "ID_CDECOMM": 21, "SURFACE_UR": 1.94235, "COVISIBILI": "oui", "SUP_URBA_H": null, "SITUATION_": "non boise", "SITUATION1": "plateau plaine" }, "geometry": { "type": "MultiPolygon", "coordinates": [ [ [ [ 0.754656097359952, 44.902041587810892 ], [ 0.754972686106532, 44.90203712227504 ], [ 0.754960542158424, 44.902018955500239 ], [ 0.754999011628347, 44.902001513021467 ], [ 0.755037226380567, 44.901993063379322 ], [ 0.755075441121225, 44.901984613723968 ], [ 0.755127073235219, 44.901949366563002 ], [ 0.755204266617645, 44.90190548862715 ], [ 0.75525564391921, 44.901879234257031 ], [ 0.755295131807139, 44.901825820276486 ], [ 0.755322475611273, 44.901754239549646 ], [ 0.755336147487059, 44.901718449184472 ], [ 0.755350073987256, 44.901673665968495 ], [ 0.755400687106181, 44.90167439008161 ], [ 0.756668559802745, 44.901602556855948 ], [ 0.756634162087531, 44.901476114278495 ], [ 0.756550932817346, 44.901285998174437 ], [ 0.756009899886924, 44.901170304212719 ], [ 0.75585806188068, 44.901168132641629 ], [ 0.755884895535138, 44.901114537490962 ], [ 0.755885913747435, 44.901078566095812 ], [ 0.755905694286303, 44.900826947311735 ], [ 0.755921656474026, 44.900710221258095 ], [ 0.755938891305881, 44.90054853097206 ], [ 0.75595281703114, 44.900503747700157 ], [ 0.755953326110013, 44.900485762006475 ], [ 0.754619749872236, 44.900196786622196 ], [ 0.754526338688101, 44.900366382796264 ], [ 0.754486086770947, 44.900446775001242 ], [ 0.754754518209599, 44.900801480437863 ], [ 0.754864320475431, 44.900946995800155 ], [ 0.754913149967128, 44.901010670057154 ], [ 0.754899223281935, 44.90105545320634 ], [ 0.754833919815299, 44.901126490545003 ], [ 0.754782033545949, 44.901170730404566 ], [ 0.754742545630487, 44.901224144188191 ], [ 0.754679789248184, 44.901205252974584 ], [ 0.75445254174685, 44.901184007109009 ], [ 0.754302487422112, 44.901118883483612 ], [ 0.754252384452957, 44.901100173178591 ], [ 0.754167801370929, 44.901404842949539 ], [ 0.754407957675275, 44.901417277695884 ], [ 0.75444591733094, 44.901417821106101 ], [ 0.754724033420189, 44.901430798563368 ], [ 0.754707049544428, 44.901583495865601 ], [ 0.754656097359952, 44.902041587810892 ] ] ] ] } },
{ "type": "Feature", "properties": { "NOM": null, "TYPOLOGIE": null, "COMMUNE": "Lalinde", "COMMUNAUTE": "CC des Bastides Dordogne Périgord", "INSEE_COMM": 24223, "ID_CDECOMM": 21, "SURFACE_UR": 10.88535, "COVISIBILI": "non", "SUP_URBA_H": null, "SITUATION_": "non boise", "SITUATION1": "vallee" }, "geometry": { "type": "MultiPolygon", "coordinates": [ [ [ [ 0.736215183895862, 44.837910503309963 ], [ 0.736454806584713, 44.837931969315925 ], [ 0.736933795186243, 44.837983892344688 ], [ 0.736933280531858, 44.838001877496055 ], [ 0.737034133925545, 44.838012335102555 ], [ 0.737172903886692, 44.838023341945096 ], [ 0.737261118517712, 44.838033616236537 ], [ 0.737298777787328, 44.83804315809801 ], [ 0.737374353621796, 44.838053249205593 ], [ 0.737412270174564, 44.838053798451519 ], [ 0.737613977365358, 44.838074712698308 ], [ 0.738295190187472, 44.838129558549461 ], [ 0.738396301158303, 44.838131022333457 ], [ 0.738635925626053, 44.838152483609989 ], [ 0.738762057368845, 44.838163305516261 ], [ 0.738925848801564, 44.838183668585899 ], [ 0.738928161872612, 44.83810273535822 ], [ 0.738928675887492, 44.838084750196899 ], [ 0.738929189902042, 44.838066765035713 ], [ 0.738949281876088, 44.83780616311747 ], [ 0.738964233679681, 44.837725412804751 ], [ 0.738966032677665, 44.837662464749805 ], [ 0.739409931171706, 44.837614909953786 ], [ 0.740538632212845, 44.837496289248904 ], [ 0.740538118720215, 44.837514274413358 ], [ 0.740549987226316, 44.837541434881764 ], [ 0.740575264717886, 44.837541800320437 ], [ 0.740676631411762, 44.837534269434578 ], [ 0.740828553051568, 44.837527469222955 ], [ 0.740852229724695, 44.837140970872014 ], [ 0.740801931802311, 44.83713124753428 ], [ 0.740802188504566, 44.837122254952831 ], [ 0.740802188504566, 44.837122254952831 ], [ 0.740815853956643, 44.837086467318471 ], [ 0.740816367356188, 44.837068482155935 ], [ 0.740816880755403, 44.837050496993463 ], [ 0.740817907552843, 44.837014526668959 ], [ 0.740818677650058, 44.836987548925926 ], [ 0.740821758031499, 44.836879637956706 ], [ 0.740824325006966, 44.836789712152637 ], [ 0.740824838401071, 44.836771726992197 ], [ 0.740887261206013, 44.836799618161706 ], [ 0.740926460348679, 44.836755203299468 ], [ 0.740928000430688, 44.836701247817906 ], [ 0.740957641026271, 44.836548739310956 ], [ 0.740972076255598, 44.83648597392726 ], [ 0.741031613478686, 44.836171964339819 ], [ 0.741098655425455, 44.836037988974475 ], [ 0.741137597224423, 44.836002566629176 ], [ 0.741319153892939, 44.835843257228518 ], [ 0.741245376705402, 44.835770220785676 ], [ 0.740136283999628, 44.835646231872623 ], [ 0.740123902487178, 44.835637056529499 ], [ 0.739884801893361, 44.835597613354452 ], [ 0.739645701636219, 44.835558169662491 ], [ 0.739469536236332, 44.835528632265436 ], [ 0.739242817899404, 44.835498363118369 ], [ 0.739179369542516, 44.835506441320852 ], [ 0.738901584355041, 44.835493425095322 ], [ 0.738813373422883, 44.835483152124226 ], [ 0.738750439069432, 44.835473244938775 ], [ 0.738536102552668, 44.835452149838268 ], [ 0.738183259546174, 44.835411056364769 ], [ 0.738032629019176, 44.835372890088792 ], [ 0.73795731383264, 44.835353806874011 ], [ 0.73794493274168, 44.835344631287697 ], [ 0.737932037345352, 44.835353440836514 ], [ 0.737932037345352, 44.835353440836514 ], [ 0.737919141944969, 44.835362250383866 ], [ 0.737931523035599, 44.835371425973101 ], [ 0.737918627630996, 44.835380235520439 ], [ 0.737855693551386, 44.835370327825594 ], [ 0.737767997367146, 44.835342068884053 ], [ 0.737579967036977, 44.835285367733348 ], [ 0.73754230957322, 44.83527582597835 ], [ 0.737466480226032, 44.835274727563743 ], [ 0.737378269901383, 44.835264453447515 ], [ 0.737265040432506, 44.835244820504407 ], [ 0.737240021264283, 44.835235461742279 ], [ 0.737127049185819, 44.835206836091821 ], [ 0.737114668263317, 44.83519766041303 ], [ 0.73707701093776, 44.835188118499751 ], [ 0.736927153709264, 44.835122973023196 ], [ 0.736839201051559, 44.835103705912083 ], [ 0.736776524812552, 44.835084805038754 ], [ 0.736713848615836, 44.835065904129962 ], [ 0.736688829619586, 44.835056545243653 ], [ 0.736663553274706, 44.835056178915984 ], [ 0.736625896121079, 44.835046636849455 ], [ 0.736436323579144, 44.835043889142689 ], [ 0.736373390139512, 44.835033980604585 ], [ 0.736260161488589, 44.835014346633251 ], [ 0.736196970681613, 44.835013430557929 ], [ 0.736168605124059, 44.835120974875203 ], [ 0.736121680017717, 44.835435164936008 ], [ 0.736101060840826, 44.835713751218272 ], [ 0.73610028848943, 44.835740728914459 ], [ 0.735970558115926, 44.835855799894091 ], [ 0.735831793759935, 44.835844791550443 ], [ 0.735828703824012, 44.835952702335319 ], [ 0.735815550457652, 44.835970504204987 ], [ 0.735814777965232, 44.835997481902048 ], [ 0.735810915491968, 44.836132370391759 ], [ 0.735809112998079, 44.836195318356125 ], [ 0.735819176446635, 44.836285427284956 ], [ 0.735792354537892, 44.836339016159208 ], [ 0.735804735496052, 44.836348191990524 ], [ 0.735803190489632, 44.836402147393159 ], [ 0.735802417985305, 44.836429125094881 ], [ 0.735801645480233, 44.83645610279693 ], [ 0.73581325396581, 44.836492256330189 ], [ 0.735821257480384, 44.836654305813937 ], [ 0.735818424980027, 44.836753224065824 ], [ 0.735839839629269, 44.836888479119665 ], [ 0.735862284360672, 44.836987763898584 ], [ 0.735872605530366, 44.837068880281997 ], [ 0.735906916573859, 44.837195326025103 ], [ 0.735905629131246, 44.837240288877361 ], [ 0.735904084197384, 44.837294244301098 ], [ 0.735912088089235, 44.837456293831551 ], [ 0.735908998219055, 44.837564204689969 ], [ 0.735782868376338, 44.837553379528607 ], [ 0.735794477077156, 44.837589533080006 ], [ 0.735818467037715, 44.83763486246535 ], [ 0.735855095798762, 44.837680375105002 ], [ 0.735937644963492, 44.837888487045369 ], [ 0.736215183895862, 44.837910503309963 ] ] ] ] } },
{ "type": "Feature", "properties": { "NOM": null, "TYPOLOGIE": null, "COMMUNE": "Sainte-Croix", "COMMUNAUTE": "CC des Bastides Dordogne Périgord", "INSEE_COMM": 24393, "ID_CDECOMM": 21, "SURFACE_UR": 6.14715, "COVISIBILI": "non", "SUP_URBA_H": null, "SITUATION_": "non boise", "SITUATION1": "plateau plaine" }, "geometry": { "type": "MultiPolygon", "coordinates": [ [ [ [ 0.820157947856188, 44.71443050383477 ], [ 0.820045420061757, 44.714392972222925 ], [ 0.820343269900139, 44.714109211537881 ], [ 0.819872322510628, 44.713796876712195 ], [ 0.819514149466581, 44.713513079889275 ], [ 0.819477046894756, 44.713485582006392 ], [ 0.818969738398191, 44.71311876867977 ], [ 0.818931418062171, 44.713136232041457 ], [ 0.818919294372307, 44.713118073733867 ], [ 0.818561311877758, 44.713293054143577 ], [ 0.818354236672261, 44.713020331173652 ], [ 0.817920830738464, 44.713185274360633 ], [ 0.817844433132952, 44.713211208059185 ], [ 0.817552255387875, 44.712820366880443 ], [ 0.817528252924195, 44.712775057687765 ], [ 0.817467637208324, 44.712684265385242 ], [ 0.817420608162592, 44.712557677850576 ], [ 0.816926832247342, 44.712622832459822 ], [ 0.816995910510786, 44.712866667747434 ], [ 0.817222907515023, 44.712869798781135 ], [ 0.816850602403664, 44.713107545635253 ], [ 0.816823916437215, 44.713161151356182 ], [ 0.816644189997126, 44.713275615137 ], [ 0.816549567720601, 44.713508196375159 ], [ 0.816534516201418, 44.713597945166555 ], [ 0.816555833770604, 44.713742169681318 ], [ 0.816586590144924, 44.714003467874008 ], [ 0.816633374492026, 44.714139048127926 ], [ 0.816633374492026, 44.714139048127926 ], [ 0.816633374492026, 44.714139048127926 ], [ 0.816694722491434, 44.714202864098539 ], [ 0.816941579775458, 44.714404173951181 ], [ 0.817089743786149, 44.714523161150289 ], [ 0.817012124122362, 44.714594055712418 ], [ 0.817110819174199, 44.714676377906088 ], [ 0.816967458723425, 44.714845317839959 ], [ 0.817166557508395, 44.714947016229182 ], [ 0.817146627548596, 44.715216610925069 ], [ 0.817357119869585, 44.715363444376983 ], [ 0.817227589655663, 44.715487597167041 ], [ 0.817098790756171, 44.715584772941249 ], [ 0.817445328818407, 44.715832434800689 ], [ 0.817664115918544, 44.715673529794422 ], [ 0.817702682243297, 44.715647074565346 ], [ 0.817725466762194, 44.715737345239468 ], [ 0.817783647650279, 44.715918060456012 ], [ 0.817795283872776, 44.715954203497461 ], [ 0.81863161343227, 44.715354025964274 ], [ 0.818545038993662, 44.715289863470147 ], [ 0.818482712751467, 44.715262017660621 ], [ 0.818521522141756, 44.71522656985708 ], [ 0.818599140775527, 44.715155674210457 ], [ 0.818741522328012, 44.715022701290849 ], [ 0.818831751820276, 44.714951979245747 ], [ 0.819091533042213, 44.714676692920357 ], [ 0.819143440255165, 44.714623434043617 ], [ 0.819181030664626, 44.714632947471316 ], [ 0.819494122188059, 44.714718220400925 ], [ 0.819594282449021, 44.714746586626703 ], [ 0.81971942203249, 44.714784292354913 ], [ 0.819819826048326, 44.714803666083746 ], [ 0.82000753590392, 44.714860224241136 ], [ 0.820107940154634, 44.714879597708595 ], [ 0.820245935248406, 44.714908484151174 ], [ 0.82045911215519, 44.714956396422181 ], [ 0.820576752821241, 44.714805089415535 ], [ 0.82062841535194, 44.714760822129456 ], [ 0.820333045488356, 44.714486887828059 ], [ 0.820333045488356, 44.714486887828059 ], [ 0.820333045488356, 44.714486887828059 ], [ 0.820195538308319, 44.714440016915773 ], [ 0.820157947856188, 44.71443050383477 ], [ 0.820157947856188, 44.71443050383477 ] ] ] ] } },
{ "type": "Feature", "properties": { "NOM": null, "TYPOLOGIE": null, "COMMUNE": "Lalinde", "COMMUNAUTE": "CC des Bastides Dordogne Périgord", "INSEE_COMM": 24223, "ID_CDECOMM": 21, "SURFACE_UR": 1.10955, "COVISIBILI": "non", "SUP_URBA_H": null, "SITUATION_": "non boise", "SITUATION1": "vallee" }, "geometry": { "type": "MultiPolygon", "coordinates": [ [ [ [ 0.77734518970835, 44.850634996497497 ], [ 0.777512642117246, 44.850979218705028 ], [ 0.777493728352687, 44.851203858122361 ], [ 0.777438644640102, 44.851365013038127 ], [ 0.777651551571989, 44.851439989088924 ], [ 0.777726651065311, 44.851468038077371 ], [ 0.778039942615035, 44.851571419237381 ], [ 0.778077617929491, 44.851580947246909 ], [ 0.778152968596861, 44.851600003227595 ], [ 0.778218937166231, 44.851501975388778 ], [ 0.778232080700713, 44.851484168360692 ], [ 0.778311443222483, 44.851359340723349 ], [ 0.778963061848463, 44.851575448211328 ], [ 0.779376991618778, 44.851698237595059 ], [ 0.77944396041895, 44.851564238131381 ], [ 0.779470246729833, 44.851528623781427 ], [ 0.779524322556172, 44.851403438731005 ], [ 0.779136179807055, 44.851263021088648 ], [ 0.778509847979242, 44.851047271408405 ], [ 0.778550030075533, 44.850966872070671 ], [ 0.778615746510195, 44.85087783673827 ], [ 0.778706495772886, 44.850798150802689 ], [ 0.778271302438159, 44.850531118679804 ], [ 0.778244263576041, 44.850593710878847 ], [ 0.778230367990066, 44.850638496051097 ], [ 0.777903687088255, 44.850561915168868 ], [ 0.777849357635929, 44.850696092099426 ], [ 0.77734518970835, 44.850634996497497 ] ] ] ] } },
{ "type": "Feature", "properties": { "NOM": null, "TYPOLOGIE": null, "COMMUNE": "Sainte-Sabine-Born", "COMMUNAUTE": "CC des Bastides Dordogne Périgord", "INSEE_COMM": 24497, "ID_CDECOMM": 21, "SURFACE_UR": 0.7664, "COVISIBILI": "non", "SUP_URBA_H": null, "SITUATION_": "non boise", "SITUATION1": "plateau plaine" }, "geometry": { "type": "MultiPolygon", "coordinates": [ [ [ [ 0.730921366800829, 44.716278717065009 ], [ 0.730897174894923, 44.716242381222749 ], [ 0.730986228188407, 44.716216691431001 ], [ 0.731429947462077, 44.716142193828453 ], [ 0.731413499405133, 44.715395300794903 ], [ 0.730545127737647, 44.715319676198135 ], [ 0.730567514441855, 44.715418956570559 ], [ 0.730566225455531, 44.715463916906629 ], [ 0.730577032151127, 44.715527045195337 ], [ 0.730587581076343, 44.715599165552653 ], [ 0.730597872235251, 44.71568027797958 ], [ 0.73060893679986, 44.715734414202863 ], [ 0.730620774756481, 44.715761574220352 ], [ 0.730643935130702, 44.715833878390384 ], [ 0.730643419557051, 44.715851862528446 ], [ 0.73057958940175, 44.715877919674476 ], [ 0.73046531373089, 44.715903241479488 ], [ 0.730097005466539, 44.715987830513072 ], [ 0.730252186532494, 44.716295951068531 ], [ 0.730883790202765, 44.716269173656251 ], [ 0.730921366800829, 44.716278717065009 ] ] ] ] } },
{ "type": "Feature", "properties": { "NOM": null, "TYPOLOGIE": null, "COMMUNE": "Saint-Cassien", "COMMUNAUTE": "CC des Bastides Dordogne Périgord", "INSEE_COMM": 24384, "ID_CDECOMM": 21, "SURFACE_UR": 0.5621, "COVISIBILI": "non", "SUP_URBA_H": null, "SITUATION_": "non boise", "SITUATION1": "plateau plaine" }, "geometry": { "type": "MultiPolygon", "coordinates": [ [ [ [ 0.858138348141983, 44.681213551443392 ], [ 0.858254867765982, 44.681098174782456 ], [ 0.857618237659644, 44.680855743270094 ], [ 0.857543326400649, 44.680827750634364 ], [ 0.857556167612544, 44.680818927653483 ], [ 0.857380662880261, 44.680780588173462 ], [ 0.857243207336601, 44.680733764150141 ], [ 0.856902447879779, 44.681223936388164 ], [ 0.856989963315362, 44.681252098831919 ], [ 0.857077478838817, 44.681280261206737 ], [ 0.857189965012532, 44.681317754485036 ], [ 0.857301976574352, 44.68137323221746 ], [ 0.857389255076092, 44.681410386631299 ], [ 0.857426117643018, 44.681446863724027 ], [ 0.857512684297846, 44.681510994896513 ], [ 0.857611143194934, 44.681602272156155 ], [ 0.857660135438677, 44.681656903040825 ], [ 0.857709365095178, 44.681702541618897 ], [ 0.858112902967229, 44.681222205257022 ], [ 0.858138348141983, 44.681213551443392 ] ] ] ] } },
{ "type": "Feature", "properties": { "NOM": null, "TYPOLOGIE": null, "COMMUNE": "Sainte-Sabine-Born", "COMMUNAUTE": "CC des Bastides Dordogne Périgord", "INSEE_COMM": 24497, "ID_CDECOMM": 21, "SURFACE_UR": 1.81915, "COVISIBILI": "non", "SUP_URBA_H": null, "SITUATION_": "non boise", "SITUATION1": "plateau plaine" }, "geometry": { "type": "MultiPolygon", "coordinates": [ [ [ [ 0.727752318266091, 44.679898552724445 ], [ 0.728151752230591, 44.680039323090682 ], [ 0.728428806683851, 44.679611575037882 ], [ 0.728641293431214, 44.679236857937539 ], [ 0.728254467045106, 44.679096273470705 ], [ 0.727992640922196, 44.678993496439546 ], [ 0.727741050662558, 44.679412619583793 ], [ 0.726614256772413, 44.679135276389438 ], [ 0.726586725778387, 44.679215835318587 ], [ 0.726453719626979, 44.679456775008411 ], [ 0.726438791436846, 44.679537518182364 ], [ 0.726154028185767, 44.67979423004099 ], [ 0.72594772474553, 44.679953135862256 ], [ 0.725857175888614, 44.680032772972027 ], [ 0.725831452416704, 44.680050388167892 ], [ 0.72562488865404, 44.680218285339876 ], [ 0.726095547107561, 44.68051303233765 ], [ 0.726778508499084, 44.680001266224018 ], [ 0.72759204360729, 44.680211061176259 ], [ 0.727725562924908, 44.679952136136968 ], [ 0.727752318266091, 44.679898552724445 ] ] ] ] } },
{ "type": "Feature", "properties": { "NOM": null, "TYPOLOGIE": null, "COMMUNE": "Saint-Agne", "COMMUNAUTE": "CC des Bastides Dordogne Périgord", "INSEE_COMM": 24361, "ID_CDECOMM": 21, "SURFACE_UR": 3.90225, "COVISIBILI": "oui", "SUP_URBA_H": null, "SITUATION_": "non boise", "SITUATION1": "vallee" }, "geometry": { "type": "MultiPolygon", "coordinates": [ [ [ [ 0.61489449180049, 44.838280634436373 ], [ 0.615133516138601, 44.838320347204359 ], [ 0.615234347511317, 44.838330915596778 ], [ 0.615259624579582, 44.838331309608343 ], [ 0.615826421211265, 44.838403119370817 ], [ 0.615822363038854, 44.83812416144977 ], [ 0.615869965717349, 44.83781002215764 ], [ 0.615904652744796, 44.837504678242915 ], [ 0.615954929383934, 44.837514458240761 ], [ 0.61598020608845, 44.837514852087445 ], [ 0.615962401891769, 44.837271666496065 ], [ 0.615939432150055, 44.836785492304436 ], [ 0.616058249047663, 44.836211561509359 ], [ 0.616172821733502, 44.836186356818544 ], [ 0.616287394316125, 44.836161152009126 ], [ 0.61629818557293, 44.835810452992661 ], [ 0.616278810585743, 44.835207379525762 ], [ 0.614876565600065, 44.835167531530466 ], [ 0.614875734832376, 44.835194508358541 ], [ 0.614853958443588, 44.835491056436645 ], [ 0.61485368151588, 44.835500048713797 ], [ 0.614849250660438, 44.835643925152283 ], [ 0.61468495763254, 44.835641363363592 ], [ 0.614642612461113, 44.835784648585552 ], [ 0.614627758780566, 44.835856389732115 ], [ 0.614626650916562, 44.835892358844006 ], [ 0.614601374954486, 44.835891964687633 ], [ 0.614600544043368, 44.835918941521719 ], [ 0.614663457019272, 44.835928919180496 ], [ 0.614662903098203, 44.835946903737089 ], [ 0.614599713131449, 44.83594591835606 ], [ 0.61434639926377, 44.835959961025537 ], [ 0.61427057129293, 44.835958778346694 ], [ 0.61426558485136, 44.836120639345268 ], [ 0.61421309349007, 44.836182796807329 ], [ 0.614211431284008, 44.836236750476473 ], [ 0.614196853967941, 44.836299499300068 ], [ 0.614182276619177, 44.836362248123415 ], [ 0.614168530365032, 44.836398020109918 ], [ 0.614198687597689, 44.836650395312027 ], [ 0.614205507958694, 44.836839430320254 ], [ 0.614201075330533, 44.836983306812314 ], [ 0.614200521250409, 44.83700129137442 ], [ 0.61419996716993, 44.837019275936598 ], [ 0.615021729485788, 44.837023093760905 ], [ 0.614884546828578, 44.837371822429262 ], [ 0.61489449180049, 44.838280634436373 ] ] ] ] } },
{ "type": "Feature", "properties": { "NOM": null, "TYPOLOGIE": null, "COMMUNE": "Saint-Agne", "COMMUNAUTE": "CC des Bastides Dordogne Périgord", "INSEE_COMM": 24361, "ID_CDECOMM": 21, "SURFACE_UR": 4.2327, "COVISIBILI": "non", "SUP_URBA_H": null, "SITUATION_": "non boise", "SITUATION1": "pente" }, "geometry": { "type": "MultiPolygon", "coordinates": [ [ [ [ 0.636647191061405, 44.83689929451733 ], [ 0.636647737925999, 44.836881309846376 ], [ 0.636660923067791, 44.83686351973212 ], [ 0.636661743357407, 44.836836542726019 ], [ 0.636674928484198, 44.836818752610434 ], [ 0.63667547533909, 44.836800767939941 ], [ 0.63668838702789, 44.836791970158139 ], [ 0.636715304076621, 44.836738405249555 ], [ 0.636728489163259, 44.836720615128272 ], [ 0.636771051897675, 44.836568329073394 ], [ 0.636783690109023, 44.836568523615888 ], [ 0.636784510335125, 44.836541546612189 ], [ 0.636785330560436, 44.836514569608759 ], [ 0.636785603968698, 44.836505577274366 ], [ 0.636787791231625, 44.836433638600319 ], [ 0.636802890058408, 44.836352902134784 ], [ 0.636819629251271, 44.836218211668886 ], [ 0.636832540782982, 44.836209413872361 ], [ 0.636833907778017, 44.836164452205729 ], [ 0.636887194162216, 44.836075307006134 ], [ 0.63688746755196, 44.836066314673097 ], [ 0.636901199200309, 44.836030539870301 ], [ 0.636916024370145, 44.835958795735401 ], [ 0.636916571139142, 44.835940811070067 ], [ 0.636930029356011, 44.835914028598104 ], [ 0.636931669647129, 44.835860074603374 ], [ 0.636932216410133, 44.835842089938694 ], [ 0.636932763172784, 44.835824105274206 ], [ 0.636933036553977, 44.835815112941972 ], [ 0.636933583316101, 44.835797128277619 ], [ 0.636947588247455, 44.835752361141125 ], [ 0.636949228516901, 44.835698407149714 ], [ 0.63694977527268, 44.835680422486163 ], [ 0.636963506786495, 44.83564464768137 ], [ 0.636964053537159, 44.835626663018161 ], [ 0.636978331774202, 44.83557290354949 ], [ 0.635180728201958, 44.835644182803996 ], [ 0.635147143587305, 44.835085879668647 ], [ 0.633753965555509, 44.835163366273655 ], [ 0.633628720431513, 44.835539289763695 ], [ 0.633654270274297, 44.835530687243008 ], [ 0.633957662493249, 44.836363048094931 ], [ 0.634511640423488, 44.837271243365699 ], [ 0.63483115794502, 44.837159212637161 ], [ 0.634882532449519, 44.837133014689812 ], [ 0.635022922582683, 44.83709019529266 ], [ 0.635186947122301, 44.83710171916492 ], [ 0.635288053735234, 44.837103276914235 ], [ 0.63533888068745, 44.837095063421131 ], [ 0.635530097253974, 44.837044029863883 ], [ 0.635555373883008, 44.837044419231361 ], [ 0.63663373247218, 44.836926076965796 ], [ 0.636634005906815, 44.836917084630237 ], [ 0.636646917628974, 44.836908286852839 ], [ 0.636647191061405, 44.83689929451733 ] ] ] ] } },
{ "type": "Feature", "properties": { "NOM": null, "TYPOLOGIE": null, "COMMUNE": "Lanquais", "COMMUNAUTE": "CC des Bastides Dordogne Périgord", "INSEE_COMM": 24228, "ID_CDECOMM": 21, "SURFACE_UR": 4.007, "COVISIBILI": "non", "SUP_URBA_H": null, "SITUATION_": "non boise", "SITUATION1": "vallee" }, "geometry": { "type": "MultiPolygon", "coordinates": [ [ [ [ 0.669850617950904, 44.824603508769663 ], [ 0.669901696503823, 44.82458628705232 ], [ 0.66997831427426, 44.824560454432287 ], [ 0.670118378011945, 44.824526583046627 ], [ 0.670169456412267, 44.824509361206047 ], [ 0.670220534781153, 44.824492139341977 ], [ 0.67027188108782, 44.824465925084262 ], [ 0.670310591758394, 44.824439520097826 ], [ 0.670336934768835, 44.824403932025938 ], [ 0.67051329703711, 44.824424586464673 ], [ 0.670525396765938, 44.82444276188788 ], [ 0.670562231844913, 44.824479303408481 ], [ 0.670649341488555, 44.824525599968318 ], [ 0.670824632732536, 44.824582223396483 ], [ 0.67099965647814, 44.824647838920157 ], [ 0.671099402394049, 44.824694325754344 ], [ 0.671104979621697, 44.824082653852685 ], [ 0.671121900424044, 44.823938966538968 ], [ 0.671235887538646, 44.82393168962686 ], [ 0.671245260896336, 44.82361695668024 ], [ 0.671246064322088, 44.823589979572418 ], [ 0.671236374832909, 44.823490872913744 ], [ 0.671267805090205, 44.823284429634612 ], [ 0.670775027268679, 44.823276995279777 ], [ 0.670870171244248, 44.823053520644336 ], [ 0.67093736546242, 44.822919588341449 ], [ 0.670991120605414, 44.822812442475154 ], [ 0.67108545944005, 44.822615944792595 ], [ 0.67113948182831, 44.822499806502869 ], [ 0.671206406928302, 44.822374866431929 ], [ 0.671282217679199, 44.822376010025749 ], [ 0.671345125520578, 44.822385955345808 ], [ 0.671356689508812, 44.822422115392882 ], [ 0.671354279439506, 44.822503046680488 ], [ 0.671348923704975, 44.822682893995839 ], [ 0.671348120341826, 44.822709871094276 ], [ 0.671347316977903, 44.822736848192996 ], [ 0.671549748057925, 44.822730905036316 ], [ 0.671638194505084, 44.822732238949094 ], [ 0.671655381268148, 44.822579559268085 ], [ 0.671716898806343, 44.822211634462867 ], [ 0.671299405303921, 44.822223330422396 ], [ 0.671303689986397, 44.822079452598317 ], [ 0.671346415294264, 44.821918161824684 ], [ 0.671420836846528, 44.821541435509467 ], [ 0.671435613929625, 44.821469687192227 ], [ 0.671449855444393, 44.821415923598295 ], [ 0.671478070631587, 44.82131738876987 ], [ 0.671520527102495, 44.821165090340834 ], [ 0.67154900978653, 44.82105756314413 ], [ 0.671578295588454, 44.820923058864523 ], [ 0.671592536827076, 44.820869295264444 ], [ 0.67112558542106, 44.82084425886999 ], [ 0.670898427262461, 44.820831835251866 ], [ 0.670785250024864, 44.820812134730822 ], [ 0.670812394620235, 44.820749569526797 ], [ 0.670827975859254, 44.82065084424233 ], [ 0.670844628476937, 44.820516149532189 ], [ 0.670845967767039, 44.820471187748467 ], [ 0.670861281014467, 44.820381454827064 ], [ 0.670850789193588, 44.820309325333966 ], [ 0.670853199896404, 44.820228394130673 ], [ 0.670563139022962, 44.82020602423308 ], [ 0.670285713008492, 44.820183844283136 ], [ 0.670348165568672, 44.821057437746553 ], [ 0.670258958877025, 44.821505911426549 ], [ 0.670314404370891, 44.822190475072993 ], [ 0.670032719907824, 44.822735004033404 ], [ 0.669958287425071, 44.823111729602758 ], [ 0.670053820560414, 44.824147759148929 ], [ 0.669850617950904, 44.824603508769663 ] ] ] ] } },
{ "type": "Feature", "properties": { "NOM": null, "TYPOLOGIE": null, "COMMUNE": "Sainte-Sabine-Born", "COMMUNAUTE": "CC des Bastides Dordogne Périgord", "INSEE_COMM": 24497, "ID_CDECOMM": 21, "SURFACE_UR": 5.6838, "COVISIBILI": "non", "SUP_URBA_H": null, "SITUATION_": "non boise", "SITUATION1": "plateau plaine" }, "geometry": { "type": "MultiPolygon", "coordinates": [ [ [ [ 0.752691207855353, 44.695093963845231 ], [ 0.752778438482589, 44.695131201025482 ], [ 0.752840201473736, 44.695177067691787 ], [ 0.752913808860004, 44.695250091788751 ], [ 0.753060515916087, 44.695414123987156 ], [ 0.753448884543303, 44.695059877482841 ], [ 0.753487721136514, 44.695024452759789 ], [ 0.753223487517171, 44.695002663407642 ], [ 0.753034386275014, 44.694999945011574 ], [ 0.752769898756888, 44.694987146642482 ], [ 0.752835982637668, 44.694880148129087 ], [ 0.752903591272837, 44.694719197167998 ], [ 0.752135092195005, 44.694690153975898 ], [ 0.752118016222405, 44.694402045181839 ], [ 0.752107698252046, 44.694320935252442 ], [ 0.752097634605845, 44.694230833260427 ], [ 0.752078270300114, 44.694023653093318 ], [ 0.752007971604252, 44.69383373166324 ], [ 0.752287094101382, 44.693774776661215 ], [ 0.752280335678747, 44.693567777892795 ], [ 0.752260716663306, 44.693369589880753 ], [ 0.752264276355457, 44.693243701022105 ], [ 0.75227764549064, 44.693216906162711 ], [ 0.752254212651053, 44.693153599088113 ], [ 0.752243640447659, 44.693081481277616 ], [ 0.752207601401633, 44.693017992869599 ], [ 0.752312774138537, 44.692866578451302 ], [ 0.752432077945596, 44.692661392892539 ], [ 0.752485553534959, 44.69255421339264 ], [ 0.752538520488924, 44.692465017988802 ], [ 0.752578626907457, 44.692384633333788 ], [ 0.752579897951073, 44.692339673042277 ], [ 0.752595046162231, 44.692249933748791 ], [ 0.752613753156968, 44.692034305654396 ], [ 0.752616549370911, 44.691935393028835 ], [ 0.752692694106844, 44.691918496591263 ], [ 0.752908776148126, 44.691858633656551 ], [ 0.753150578019269, 44.691781148632145 ], [ 0.753188904316481, 44.69176370817825 ], [ 0.753178331174358, 44.691691590501293 ], [ 0.753086123357602, 44.691384410788267 ], [ 0.752745254723052, 44.691397501169845 ], [ 0.752771737469296, 44.691352903430435 ], [ 0.752785614254168, 44.6913081244221 ], [ 0.751728752043382, 44.691220956740139 ], [ 0.751326406797572, 44.692069759503312 ], [ 0.751333301670922, 44.692717550342586 ], [ 0.751257918708469, 44.692707469675284 ], [ 0.751219082311076, 44.692742893575669 ], [ 0.751193360973913, 44.692760514797641 ], [ 0.751180245864686, 44.692778317462867 ], [ 0.751328467869087, 44.692888399423673 ], [ 0.751238443005257, 44.692950073768145 ], [ 0.751300456755938, 44.692986949189006 ], [ 0.75137507688793, 44.693024006002609 ], [ 0.751349355470953, 44.693041627263121 ], [ 0.751399017484321, 44.693069329142418 ], [ 0.751498341658052, 44.693124732835173 ], [ 0.751472365844111, 44.693151346183917 ], [ 0.751445881217734, 44.693195943644305 ], [ 0.751418887752259, 44.693258525217054 ], [ 0.751392148629779, 44.693312114725721 ], [ 0.751391131016647, 44.693348082962522 ], [ 0.751127923881163, 44.693290320379489 ], [ 0.751040442748924, 44.693262073987938 ], [ 0.750902790803894, 44.693224109560099 ], [ 0.750564710381294, 44.693138280558237 ], [ 0.750301505079335, 44.693080516009545 ], [ 0.750201672979775, 44.693043095351008 ], [ 0.750114192698611, 44.693014848228586 ], [ 0.749889316563203, 44.6929396432961 ], [ 0.749626367571004, 44.692872885089088 ], [ 0.749463505033511, 44.692834555617786 ], [ 0.749422884401086, 44.692932923252656 ], [ 0.749342152170412, 44.693111674383736 ], [ 0.749274535262914, 44.693272623029628 ], [ 0.749838510574109, 44.693397693284538 ], [ 0.74977267738983, 44.693495697866588 ], [ 0.749872764655575, 44.693524126866194 ], [ 0.750211355530657, 44.69359197389349 ], [ 0.750133680142993, 44.693662820967575 ], [ 0.749913513932749, 44.693866551409961 ], [ 0.749874421236788, 44.693910966910074 ], [ 0.749421222084126, 44.694327236783323 ], [ 0.749725817572049, 44.694259659503928 ], [ 0.749903582816647, 44.694217241682885 ], [ 0.749964578546153, 44.694290086114371 ], [ 0.750064412704667, 44.694327507012076 ], [ 0.750076764674648, 44.694336680647936 ], [ 0.750151640399262, 44.69436474625418 ], [ 0.750313489521346, 44.69443904298609 ], [ 0.750351054789207, 44.694448579685421 ], [ 0.750425930800123, 44.694476645107123 ], [ 0.75048845480967, 44.694495536889242 ], [ 0.750588035145156, 44.694541949378952 ], [ 0.750612993888127, 44.694551304471979 ], [ 0.75065030475438, 44.694569833132171 ], [ 0.750648268530841, 44.694641769631872 ], [ 0.750657566343475, 44.694758847958568 ], [ 0.750667373247422, 44.694857942163537 ], [ 0.750679216383919, 44.694885099861644 ], [ 0.751146428261064, 44.694864838424344 ], [ 0.751139928361787, 44.69464884742662 ], [ 0.751140946159409, 44.694612879171295 ], [ 0.751266758292874, 44.694623685699966 ], [ 0.751304069422944, 44.694642214139776 ], [ 0.751641651291251, 44.694746025078679 ], [ 0.752141595926965, 44.694906144924992 ], [ 0.752541706224515, 44.69502884393907 ], [ 0.752691207855353, 44.695093963845231 ] ] ] ] } },
{ "type": "Feature", "properties": { "NOM": null, "TYPOLOGIE": null, "COMMUNE": "Sainte-Sabine-Born", "COMMUNAUTE": "CC des Bastides Dordogne Périgord", "INSEE_COMM": 24497, "ID_CDECOMM": 21, "SURFACE_UR": 5.06985, "COVISIBILI": "non", "SUP_URBA_H": null, "SITUATION_": "non boise", "SITUATION1": "plateau plaine" }, "geometry": { "type": "MultiPolygon", "coordinates": [ [ [ [ 0.724722427872518, 44.716422102108695 ], [ 0.725165122401868, 44.716383597958426 ], [ 0.725734447948352, 44.716328951690457 ], [ 0.725617125664729, 44.716021377976041 ], [ 0.725844130420097, 44.716024696647899 ], [ 0.725970502719462, 44.716017548095181 ], [ 0.726059299386613, 44.716000854347257 ], [ 0.726478059223572, 44.715917015967769 ], [ 0.726604948066091, 44.715891882570915 ], [ 0.726709922480968, 44.716190278908059 ], [ 0.727231640618155, 44.716035975203532 ], [ 0.727894146562986, 44.715811757984611 ], [ 0.728314451209004, 44.715673960260197 ], [ 0.728704627430637, 44.715706642078537 ], [ 0.729106383299939, 44.715775474760534 ], [ 0.729094288037591, 44.715757306646232 ], [ 0.729032779668813, 44.715702434313812 ], [ 0.728920568152412, 44.7156558180018 ], [ 0.728797035934417, 44.715564057242275 ], [ 0.728785198900052, 44.715536897033147 ], [ 0.728773361877121, 44.715509736823101 ], [ 0.728774394213731, 44.715473768572387 ], [ 0.728778265464262, 44.715338887637358 ], [ 0.728767976991968, 44.715257775058113 ], [ 0.728770299744824, 44.715176846504079 ], [ 0.728759753229063, 44.715104725991061 ], [ 0.728810714099955, 44.715087477951762 ], [ 0.729141184929719, 44.715002341308825 ], [ 0.729382602831305, 44.714942892232393 ], [ 0.72913995878868, 44.714165711768139 ], [ 0.72908951490929, 44.714164975837896 ], [ 0.728925314256547, 44.714171575962908 ], [ 0.728281380391643, 44.714189166038999 ], [ 0.728330753356839, 44.714666665445414 ], [ 0.728289822225142, 44.714774017921052 ], [ 0.727752193240625, 44.714604244244562 ], [ 0.727714618299033, 44.714594699765776 ], [ 0.727701232482974, 44.714621491791 ], [ 0.727553729388068, 44.714925196037619 ], [ 0.727526699151413, 44.714987772112224 ], [ 0.727046958831284, 44.714998756925809 ], [ 0.72702147816951, 44.715007380539909 ], [ 0.726920330579546, 44.715014898769859 ], [ 0.726844405271713, 44.715022785395284 ], [ 0.726806571808082, 44.715022232660651 ], [ 0.726654721119422, 44.715038005702482 ], [ 0.726350761016991, 44.715078543212982 ], [ 0.726161076543081, 44.715093762670456 ], [ 0.726104686161978, 44.715299842626827 ], [ 0.726090782386486, 44.71534461857302 ], [ 0.725838557915828, 44.715340931702279 ], [ 0.725825429583472, 44.715358731452135 ], [ 0.725774984677517, 44.715357994002716 ], [ 0.725750020792016, 44.715348633215257 ], [ 0.725712445692902, 44.715339088050513 ], [ 0.72558659207126, 44.715328252200919 ], [ 0.725460738498112, 44.715317416207753 ], [ 0.72539690654844, 44.715343470343079 ], [ 0.725371684104951, 44.715343101523217 ], [ 0.725320980583465, 44.715351355919104 ], [ 0.725210583414933, 44.715241791476899 ], [ 0.725226557065167, 44.715125079229587 ], [ 0.725114867189953, 44.715060474960808 ], [ 0.72480114058337, 44.715001911193077 ], [ 0.724750954735948, 44.714992181225625 ], [ 0.724791892780927, 44.714884830067007 ], [ 0.724818667297343, 44.714831246721182 ], [ 0.7248199608636, 44.714786286473931 ], [ 0.724825135107946, 44.714606445493693 ], [ 0.724831085448028, 44.714399628383902 ], [ 0.724837035744341, 44.714192811292733 ], [ 0.724723278364013, 44.714200143033551 ], [ 0.724140844771615, 44.71427258360702 ], [ 0.724204605421672, 44.714687325030894 ], [ 0.724312341777246, 44.715327605878201 ], [ 0.724311306589817, 44.715363574079198 ], [ 0.724322882631941, 44.71539972681289 ], [ 0.724332388337062, 44.715507815952442 ], [ 0.724331094364445, 44.715552776207637 ], [ 0.724365822690435, 44.715661234410021 ], [ 0.724377398828863, 44.715697387142967 ], [ 0.724388716195821, 44.715742531927319 ], [ 0.724423703531387, 44.715841998068626 ], [ 0.724507583792867, 44.715996154576018 ], [ 0.724554924122691, 44.716104797251347 ], [ 0.724674310721985, 44.716340435654203 ], [ 0.724722427872518, 44.716422102108695 ] ] ] ] } },
{ "type": "Feature", "properties": { "NOM": null, "TYPOLOGIE": null, "COMMUNE": "Lalinde", "COMMUNAUTE": "CC des Bastides Dordogne Périgord", "INSEE_COMM": 24223, "ID_CDECOMM": 21, "SURFACE_UR": 22.6167, "COVISIBILI": "non", "SUP_URBA_H": null, "SITUATION_": "non boise", "SITUATION1": "vallee" }, "geometry": { "type": "MultiPolygon", "coordinates": [ [ [ [ 0.702344630011094, 44.834346541790936 ], [ 0.702425209827078, 44.834617625857291 ], [ 0.702691658242467, 44.834585584339699 ], [ 0.702729834906129, 44.834577153006279 ], [ 0.702741684459682, 44.83460431750261 ], [ 0.702775656421659, 44.834739765887782 ], [ 0.702787243238695, 44.834775922864907 ], [ 0.702833065083414, 44.834938535735802 ], [ 0.702832276723307, 44.834965513189807 ], [ 0.702889423038668, 44.835173275512425 ], [ 0.702923395702809, 44.835308723883685 ], [ 0.702922607380986, 44.835335701342451 ], [ 0.702991341523884, 44.835579620617423 ], [ 0.703002140365963, 44.835642755047054 ], [ 0.70274806249645, 44.835683976861453 ], [ 0.702816533512806, 44.835936888768195 ], [ 0.702861042454383, 44.836144464149605 ], [ 0.702911858459249, 44.836136219779824 ], [ 0.703089845733924, 44.836102868057111 ], [ 0.703115122329153, 44.83610324206736 ], [ 0.703115122329153, 44.83610324206736 ], [ 0.703292846659971, 44.836078882507465 ], [ 0.70339447840869, 44.836062393347788 ], [ 0.703394741110385, 44.836053400857701 ], [ 0.703470833525682, 44.836045530171646 ], [ 0.703559826879067, 44.836028853896387 ], [ 0.703572465161513, 44.836029040848466 ], [ 0.703623280956994, 44.83602079615185 ], [ 0.703623280956994, 44.83602079615185 ], [ 0.703902898874656, 44.83597095365765 ], [ 0.704055345912287, 44.835946219042384 ], [ 0.704169615458, 44.835929916065901 ], [ 0.704204116819626, 44.836047379101181 ], [ 0.704307884329245, 44.83639077568273 ], [ 0.70433158574533, 44.836445104376097 ], [ 0.705716514809444, 44.83621367411601 ], [ 0.707431600155963, 44.835933121269306 ], [ 0.708066133460093, 44.835852519948155 ], [ 0.708573235050414, 44.835806021271665 ], [ 0.7092056711333, 44.835797353418798 ], [ 0.70967354809619, 44.835795253278498 ], [ 0.710140901788795, 44.835811136166527 ], [ 0.710821798641996, 44.835875143891052 ], [ 0.71152771223273, 44.835948512014099 ], [ 0.711943730559197, 44.835990620625708 ], [ 0.712176610833166, 44.835373299160359 ], [ 0.711825617093559, 44.835269173940475 ], [ 0.711750572334111, 44.835241080351558 ], [ 0.711713180663907, 44.835222537284821 ], [ 0.711600744421445, 44.835175900515644 ], [ 0.712103037832255, 44.834859424450784 ], [ 0.712627728184446, 44.834642235547143 ], [ 0.712858085131496, 44.834546664210684 ], [ 0.712782257259029, 44.834545548851246 ], [ 0.712252246054875, 44.834510762361901 ], [ 0.712037661903083, 44.834498608358665 ], [ 0.711734612112607, 44.834485151851986 ], [ 0.71146947634014, 44.834472252663758 ], [ 0.711229878034142, 44.834450732489884 ], [ 0.711002394912643, 44.834447382902397 ], [ 0.710724883058441, 44.834425303323187 ], [ 0.710712506633411, 44.834416124688246 ], [ 0.71033389155881, 44.834392555005778 ], [ 0.71033833840808, 44.83423968250527 ], [ 0.710361177734096, 44.833889161215083 ], [ 0.710364055035884, 44.833790243733418 ], [ 0.710439716024417, 44.832927708734708 ], [ 0.710111661520337, 44.832904882954494 ], [ 0.709431063293654, 44.832831878435151 ], [ 0.709015855662885, 44.832762782939326 ], [ 0.707792894148092, 44.832645784914583 ], [ 0.707320267552136, 44.832377915974234 ], [ 0.70726866941669, 44.832413139816033 ], [ 0.707119378453623, 44.832329969005386 ], [ 0.706843189270884, 44.83226291726757 ], [ 0.706530399367545, 44.832150342593174 ], [ 0.706454574864489, 44.832149222890791 ], [ 0.706366375154474, 44.832138924022978 ], [ 0.706366375154474, 44.832138924022978 ], [ 0.70634083811559, 44.832147543239678 ], [ 0.706340313694457, 44.832165528204925 ], [ 0.706315038854184, 44.83216515493308 ], [ 0.706302663650866, 44.832155975812469 ], [ 0.706278175476886, 44.832128625084735 ], [ 0.706265800287675, 44.832119445960046 ], [ 0.706240525468688, 44.832119072671205 ], [ 0.706215250650036, 44.832118699376544 ], [ 0.706113889132036, 44.832126198622014 ], [ 0.706075976900632, 44.832125638634402 ], [ 0.706012789849974, 44.832124705292756 ], [ 0.705898790882777, 44.832132017668222 ], [ 0.705810066710915, 44.8321397033192 ], [ 0.705820868066273, 44.832202837383818 ], [ 0.705830620274264, 44.832301941376649 ], [ 0.705842208558651, 44.832338097996967 ], [ 0.705841421684057, 44.832365075443484 ], [ 0.70585117395664, 44.832464179441089 ], [ 0.705860663974224, 44.832572275924882 ], [ 0.705869367162478, 44.832707349863185 ], [ 0.705878594968546, 44.832824438840234 ], [ 0.705890183391958, 44.832860595463245 ], [ 0.705888871960145, 44.832905557884537 ], [ 0.705887298239192, 44.832959512791113 ], [ 0.705906278618149, 44.833175705800485 ], [ 0.705904967191873, 44.833220668227746 ], [ 0.705914457441364, 44.833328764740507 ], [ 0.705534015316404, 44.833368126017689 ], [ 0.705113822674846, 44.833469873059087 ], [ 0.704921632584718, 44.833556996116293 ], [ 0.70478130523002, 44.833599903684373 ], [ 0.703271898033101, 44.83376650480993 ], [ 0.70235777301534, 44.833896917767547 ], [ 0.702243244212468, 44.833922211335292 ], [ 0.702344630011094, 44.834346541790936 ] ] ] ] } },
{ "type": "Feature", "properties": { "NOM": null, "TYPOLOGIE": null, "COMMUNE": "Lalinde", "COMMUNAUTE": "CC des Bastides Dordogne Périgord", "INSEE_COMM": 24223, "ID_CDECOMM": 21, "SURFACE_UR": 43.84965, "COVISIBILI": "non", "SUP_URBA_H": null, "SITUATION_": "non boise", "SITUATION1": "vallee" }, "geometry": { "type": "MultiPolygon", "coordinates": [ [ [ [ 0.749895065918604, 44.842399190728713 ], [ 0.749682230511512, 44.842324161469229 ], [ 0.749557108573791, 44.842277381531829 ], [ 0.749381938212065, 44.842211889382803 ], [ 0.749144079968999, 44.842127503048616 ], [ 0.74891886223116, 44.842043297969362 ], [ 0.748893838079862, 44.842033941821306 ], [ 0.748806125896292, 44.842005691567579 ], [ 0.748655981327663, 44.841949554442202 ], [ 0.748405485545314, 44.841864984732304 ], [ 0.7481175824376, 44.841761883667346 ], [ 0.747942415370852, 44.841696389249314 ], [ 0.747842320088038, 44.841658963743683 ], [ 0.747604722142686, 44.841565581499864 ], [ 0.747266774807371, 44.841443765337175 ], [ 0.747254135159411, 44.841443583383949 ], [ 0.747150205245909, 44.841541046439509 ], [ 0.747124414491789, 44.841558667729494 ], [ 0.747124158784096, 44.841567660341845 ], [ 0.746861283116049, 44.841473912561824 ], [ 0.746197522141078, 44.841248441962485 ], [ 0.746326628607085, 44.840710524077082 ], [ 0.746565755558594, 44.840749953388638 ], [ 0.746760356021545, 44.840132011796754 ], [ 0.746886749529531, 44.840133831828211 ], [ 0.747076595515743, 44.840127568997282 ], [ 0.747405729966201, 44.840114314622198 ], [ 0.747475829115247, 44.839872423887904 ], [ 0.747516814641633, 44.839765058385048 ], [ 0.748276448565522, 44.839731008168961 ], [ 0.748277981650314, 44.839677052520031 ], [ 0.74826559791356, 44.839667878074593 ], [ 0.748269175127167, 44.839541981565866 ], [ 0.748257302454806, 44.839514821905091 ], [ 0.74825883555212, 44.839460866261213 ], [ 0.747562656954766, 44.839486833357377 ], [ 0.7475551303284, 44.839306799330991 ], [ 0.747547092493004, 44.839144750526181 ], [ 0.747539821591729, 44.838955723920215 ], [ 0.74767910716626, 44.838948732361168 ], [ 0.747681152017191, 44.838876791530225 ], [ 0.747650391914264, 44.838624452919468 ], [ 0.747621676994676, 44.838300173513311 ], [ 0.747594240486876, 44.837930931142061 ], [ 0.747574075152164, 44.837750715316041 ], [ 0.747552376222703, 44.837624455092069 ], [ 0.747650049526815, 44.837301994949776 ], [ 0.747664221851063, 44.837248221270663 ], [ 0.747732271583306, 44.837078271433356 ], [ 0.747305880589091, 44.836955182283127 ], [ 0.74646395225821, 44.836772129259387 ], [ 0.745935434381058, 44.836683548805489 ], [ 0.745570195568357, 44.836633304211432 ], [ 0.745282068583546, 44.836539188565155 ], [ 0.744981816110439, 44.836426904780772 ], [ 0.744757651800371, 44.83630672105987 ], [ 0.744493524250066, 44.836257930781521 ], [ 0.744417949555418, 44.836247844551828 ], [ 0.743976115656505, 44.836223478759479 ], [ 0.743900541101488, 44.836213392175928 ], [ 0.743598243153553, 44.836173045325047 ], [ 0.743421561181924, 44.836161499392176 ], [ 0.743396540575956, 44.836152142021113 ], [ 0.743333348369169, 44.836151230027909 ], [ 0.743131902292673, 44.836121333657331 ], [ 0.743031307504926, 44.836101889043022 ], [ 0.742856164081309, 44.836036386710113 ], [ 0.742818248840609, 44.836035839333078 ], [ 0.742037745351705, 44.835916613000542 ], [ 0.741861321037066, 44.835896071993403 ], [ 0.741356299166418, 44.835870782854187 ], [ 0.741319153892939, 44.835843257228518 ], [ 0.741137597224423, 44.836002566629176 ], [ 0.741098655425455, 44.836037988974475 ], [ 0.741031613478686, 44.836171964339819 ], [ 0.740972076255598, 44.83648597392726 ], [ 0.740957641026271, 44.836548739310956 ], [ 0.740928000430688, 44.836701247817906 ], [ 0.740926460348679, 44.836755203299468 ], [ 0.740887261206013, 44.836799618161706 ], [ 0.740824838401071, 44.836771726992197 ], [ 0.740824325006966, 44.836789712152637 ], [ 0.740821758031499, 44.836879637956706 ], [ 0.740818677650058, 44.836987548925926 ], [ 0.740817907552843, 44.837014526668959 ], [ 0.740816880755403, 44.837050496993463 ], [ 0.740816367356188, 44.837068482155935 ], [ 0.740815853956643, 44.837086467318471 ], [ 0.740802188504566, 44.837122254952831 ], [ 0.740802188504566, 44.837122254952831 ], [ 0.740801931802311, 44.83713124753428 ], [ 0.740852229724695, 44.837140970872014 ], [ 0.740828553051568, 44.837527469222955 ], [ 0.740676631411762, 44.837534269434578 ], [ 0.740575264717886, 44.837541800320437 ], [ 0.740549987226316, 44.837541434881764 ], [ 0.740538118720215, 44.837514274413358 ], [ 0.740538632212845, 44.837496289248904 ], [ 0.739409931171706, 44.837614909953786 ], [ 0.738966032677665, 44.837662464749805 ], [ 0.738964233679681, 44.837725412804751 ], [ 0.738949281876088, 44.83780616311747 ], [ 0.738929189902042, 44.838066765035713 ], [ 0.738928675887492, 44.838084750196899 ], [ 0.738928161872612, 44.83810273535822 ], [ 0.738925848801564, 44.838183668585899 ], [ 0.738762057368845, 44.838163305516261 ], [ 0.738635925626053, 44.838152483609989 ], [ 0.738396301158303, 44.838131022333457 ], [ 0.738295190187472, 44.838129558549461 ], [ 0.737613977365358, 44.838074712698308 ], [ 0.737412270174564, 44.838053798451519 ], [ 0.737374353621796, 44.838053249205593 ], [ 0.737298777787328, 44.83804315809801 ], [ 0.737261118517712, 44.838033616236537 ], [ 0.737172903886692, 44.838023341945096 ], [ 0.737034133925545, 44.838012335102555 ], [ 0.736933280531858, 44.838001877496055 ], [ 0.736933795186243, 44.837983892344688 ], [ 0.736454806584713, 44.837931969315925 ], [ 0.736215183895862, 44.837910503309963 ], [ 0.736169801419097, 44.83817073830199 ], [ 0.736139889475279, 44.838332238201602 ], [ 0.736198988901695, 44.838917854989404 ], [ 0.736179656095878, 44.83915147879226 ], [ 0.736261693751351, 44.83937757577349 ], [ 0.735846147028783, 44.839317573537251 ], [ 0.735846404536571, 44.839308580959248 ], [ 0.735443755456877, 44.83923976789147 ], [ 0.734727191503002, 44.839094428529251 ], [ 0.731633730207015, 44.838500725014988 ], [ 0.731470701935653, 44.838894192906466 ], [ 0.731266928161702, 44.838945207962844 ], [ 0.731251190205296, 44.839052934973701 ], [ 0.731578772930093, 44.839093683157685 ], [ 0.731592961133843, 44.839039911500763 ], [ 0.732487753752735, 44.839142879492101 ], [ 0.73253805203787, 44.839152606623408 ], [ 0.732651545768254, 44.839163251872705 ], [ 0.732689463025918, 44.839163802739847 ], [ 0.732903811541209, 44.839184909215838 ], [ 0.732889624558953, 44.839238681044193 ], [ 0.733557692040079, 44.839311357679051 ], [ 0.733607990662259, 44.839321084323849 ], [ 0.733797061865627, 44.839341822034761 ], [ 0.733859999688927, 44.839351732057693 ], [ 0.733885277953587, 44.839352099027437 ], [ 0.733857421416722, 44.839441657794957 ], [ 0.733945637672967, 44.839451934739849 ], [ 0.734448368883217, 44.839558190973719 ], [ 0.734763060013884, 44.839607738879216 ], [ 0.734763575379766, 44.839589753726059 ], [ 0.735014298033464, 44.83966536171355 ], [ 0.734996763557024, 44.839836037334301 ], [ 0.735397870878414, 44.839958807523317 ], [ 0.735422891848357, 44.839968166720624 ], [ 0.735650141295449, 44.839980458601651 ], [ 0.735662780575452, 44.839980641882427 ], [ 0.735865781589959, 44.839956596437013 ], [ 0.735916338691753, 44.839957329452822 ], [ 0.735889257613745, 44.840019911012092 ], [ 0.73579511716487, 44.840216464976685 ], [ 0.735741984543994, 44.840305657718062 ], [ 0.735740439367943, 44.840359613207248 ], [ 0.736130457478478, 44.840428241998545 ], [ 0.736418074245505, 44.84054036683154 ], [ 0.736629598166928, 44.840660384514813 ], [ 0.736664685268298, 44.8407598524525 ], [ 0.736700802005166, 44.840823350040537 ], [ 0.736846556548041, 44.841032377357337 ], [ 0.736871063537061, 44.841059721404157 ], [ 0.736908467429196, 44.841078255997196 ], [ 0.736920849617595, 44.841087431721085 ], [ 0.737040266560168, 44.840891242975395 ], [ 0.737092883040324, 44.840820034761201 ], [ 0.737290193649561, 44.840553003753499 ], [ 0.737342037675166, 44.840508773187729 ], [ 0.737407035538917, 44.840446740508078 ], [ 0.737469975242143, 44.840456648478636 ], [ 0.737722248701859, 44.840478294829296 ], [ 0.737824649874858, 44.840434796204683 ], [ 0.738052158900694, 44.840438090559971 ], [ 0.738089819921449, 44.840447632161002 ], [ 0.738745526201076, 44.840511101865623 ], [ 0.73873134449029, 44.840564874472747 ], [ 0.738920421787801, 44.840585603424984 ], [ 0.739046559063873, 44.840596425016699 ], [ 0.739172696388678, 44.840607246464437 ], [ 0.739311216240426, 44.840627243222421 ], [ 0.739311730155501, 44.840609258040729 ], [ 0.739425485063055, 44.840610903745791 ], [ 0.740220485544893, 44.840667383366331 ], [ 0.740156261007919, 44.840702439927185 ], [ 0.740773797465902, 44.840774341887929 ], [ 0.740790031034462, 44.840648628258144 ], [ 0.740792854953104, 44.840549709722019 ], [ 0.741094404484383, 44.840617042105265 ], [ 0.741408337576905, 44.840693548886563 ], [ 0.741684866247929, 44.840751521817303 ], [ 0.741835513725636, 44.840789683195496 ], [ 0.742023566838219, 44.840846377228083 ], [ 0.742161575296534, 44.840884355609944 ], [ 0.742249538860471, 44.84090361852784 ], [ 0.742449206476115, 44.840996464760181 ], [ 0.742536400989977, 44.841042705249272 ], [ 0.742723173600894, 44.841144361097399 ], [ 0.742772962651328, 44.841172068777666 ], [ 0.742785345821018, 44.84118124384451 ], [ 0.743050520537177, 44.841194067896964 ], [ 0.743088439271379, 44.841194615195107 ], [ 0.743441834898664, 44.841217707888696 ], [ 0.743959033077453, 44.841261155083522 ], [ 0.743996951865943, 44.841261702069808 ], [ 0.744653698778165, 44.841289166309501 ], [ 0.745424458833692, 44.841309273566019 ], [ 0.745423690895109, 44.841336251388633 ], [ 0.745396363787485, 44.841407827920264 ], [ 0.746011099999895, 44.841578619314589 ], [ 0.746801261414659, 44.841805911194349 ], [ 0.746643701605541, 44.842010557108232 ], [ 0.746656085594547, 44.842019731744237 ], [ 0.746668725370561, 44.842019913765931 ], [ 0.747031698765379, 44.842151088362471 ], [ 0.747681555823786, 44.842421335210936 ], [ 0.747719219817813, 44.842430873536614 ], [ 0.747956310467098, 44.842542240802494 ], [ 0.74846815894639, 44.842774511894355 ], [ 0.748534169064138, 44.842676502133671 ], [ 0.748546553509987, 44.842685676560201 ], [ 0.748646651097881, 44.842723101443276 ], [ 0.748784413222982, 44.842770064199968 ], [ 0.748871871159659, 44.842807307100585 ], [ 0.749097091898542, 44.842891512301605 ], [ 0.749184294849484, 44.842937747578574 ], [ 0.749221193314424, 44.842974263260743 ], [ 0.749318738248441, 44.843101613765526 ], [ 0.749355126195433, 44.843156114651784 ], [ 0.749366744816706, 44.843192266858338 ], [ 0.749378108099492, 44.843237411687852 ], [ 0.7493887053445, 44.843309534388752 ], [ 0.749386151818865, 44.843399460629868 ], [ 0.749550728402497, 44.843392830114752 ], [ 0.750096039245128, 44.843337693123104 ], [ 0.750084420123021, 44.843301540991121 ], [ 0.75007331150001, 44.843247403607805 ], [ 0.750065265814623, 44.843085354726043 ], [ 0.750067307752168, 44.843013413729615 ], [ 0.750068328718972, 44.842977443232172 ], [ 0.750068839201882, 44.842959457983646 ], [ 0.750072412573076, 44.842833561247645 ], [ 0.75004994031399, 44.842734279122659 ], [ 0.75003832134679, 44.842698126994733 ], [ 0.750014828208854, 44.842634815359688 ], [ 0.750002698784249, 44.842616648475115 ], [ 0.749990824619764, 44.842589488966645 ], [ 0.749895065918604, 44.842399190728713 ] ] ] ] } },
{ "type": "Feature", "properties": { "NOM": null, "TYPOLOGIE": null, "COMMUNE": "Mauzac-et-Grand-Castang", "COMMUNAUTE": "CC des Bastides Dordogne Périgord", "INSEE_COMM": 24260, "ID_CDECOMM": 21, "SURFACE_UR": 2.9815, "COVISIBILI": "non", "SUP_URBA_H": null, "SITUATION_": "non boise", "SITUATION1": "vallee" }, "geometry": { "type": "MultiPolygon", "coordinates": [ [ [ [ 0.799210176930962, 44.864013106831599 ], [ 0.799237693718433, 44.863932523542779 ], [ 0.799265210426707, 44.86385194024971 ], [ 0.79927859760061, 44.863825137818758 ], [ 0.799320491032089, 44.863681780839798 ], [ 0.799347265232795, 44.863628175966873 ], [ 0.799361394572319, 44.863574395095995 ], [ 0.799389158341122, 44.863484818973262 ], [ 0.799403287604235, 44.863431038100167 ], [ 0.799417169430694, 44.863386250036577 ], [ 0.799444190802527, 44.863323652336575 ], [ 0.799444685612248, 44.863305666716592 ], [ 0.799433277895884, 44.863260526682815 ], [ 0.799410462518329, 44.863170246614182 ], [ 0.799411204747005, 44.863143268186107 ], [ 0.799400291912698, 44.863080142533647 ], [ 0.799389131690567, 44.863026009690529 ], [ 0.799377229247596, 44.862998855273467 ], [ 0.799366563895423, 44.862926736812874 ], [ 0.799354661484495, 44.862899582394434 ], [ 0.799344243599088, 44.862818471126573 ], [ 0.799332093801408, 44.862800309514768 ], [ 0.799333578323748, 44.86274635266804 ], [ 0.799322418232628, 44.862692219825419 ], [ 0.799255210707938, 44.862376415577067 ], [ 0.799191988013738, 44.862375535531932 ], [ 0.799167441272189, 44.862348205085972 ], [ 0.799128765321527, 44.862374655450665 ], [ 0.799102238966909, 44.862419267437623 ], [ 0.799021917241419, 44.862580081784088 ], [ 0.798958941800521, 44.862570208799205 ], [ 0.79890762101037, 44.862596483048868 ], [ 0.798857042660456, 44.862595778856537 ], [ 0.798843408080367, 44.862631574029344 ], [ 0.79601498795463, 44.862448217174247 ], [ 0.79606308669501, 44.862538850662233 ], [ 0.79606259080596, 44.862556836261611 ], [ 0.796086888182761, 44.86259316019953 ], [ 0.796270606988917, 44.862811632772988 ], [ 0.796294904611205, 44.86284795666883 ], [ 0.796293912976221, 44.862883927874257 ], [ 0.796278789218613, 44.862973679544801 ], [ 0.796251516560822, 44.863045269264184 ], [ 0.796613503024102, 44.863221246037945 ], [ 0.796625899888549, 44.863230415148379 ], [ 0.796638544612191, 44.863230591453913 ], [ 0.796638296757057, 44.863239584257379 ], [ 0.79677590174619, 44.863295480346665 ], [ 0.796925903952417, 44.863360545343099 ], [ 0.796988384324591, 44.863388405099094 ], [ 0.79718871836187, 44.863463167594034 ], [ 0.797213512390311, 44.863481505686167 ], [ 0.797226157172502, 44.863481681924497 ], [ 0.797388805198115, 44.86354692253429 ], [ 0.797514262313368, 44.863584655878519 ], [ 0.797589388041238, 44.863612691501103 ], [ 0.797815508680638, 44.863669819641281 ], [ 0.797928321523318, 44.863707376346348 ], [ 0.798066671833991, 44.863736292414238 ], [ 0.798079316676401, 44.863736468555004 ], [ 0.798117003584202, 44.863745989777087 ], [ 0.798142045657872, 44.863755334854297 ], [ 0.798292793459428, 44.86379341958061 ], [ 0.798468831196311, 44.863831856295668 ], [ 0.7984941209269, 44.863832208483686 ], [ 0.79870759849679, 44.863889158710158 ], [ 0.798933721393383, 44.863946284568577 ], [ 0.799021740691868, 44.863965502451777 ], [ 0.799197779470086, 44.864003938008295 ], [ 0.799210176930962, 44.864013106831599 ] ] ] ] } },
{ "type": "Feature", "properties": { "NOM": null, "TYPOLOGIE": null, "COMMUNE": "Lalinde", "COMMUNAUTE": "CC des Bastides Dordogne Périgord", "INSEE_COMM": 24223, "ID_CDECOMM": 21, "SURFACE_UR": 40.08955, "COVISIBILI": "non", "SUP_URBA_H": null, "SITUATION_": "non boise", "SITUATION1": "vallee" }, "geometry": { "type": "MultiPolygon", "coordinates": [ [ [ [ 0.71713270970093, 44.833197031093796 ], [ 0.717233811213423, 44.833198514245566 ], [ 0.717385463492197, 44.833200738799732 ], [ 0.717549493058062, 44.833212141011366 ], [ 0.717675088808517, 44.833240971999494 ], [ 0.717963673139664, 44.833317174497246 ], [ 0.718866563542763, 44.833573310642755 ], [ 0.718891578898896, 44.833582673560088 ], [ 0.718605771711482, 44.834721019196444 ], [ 0.718576331498675, 44.834864529069151 ], [ 0.718677436058493, 44.834866010900392 ], [ 0.718816194616152, 44.834877040789138 ], [ 0.718904661131008, 44.834878337204401 ], [ 0.718980229381024, 44.834888440883503 ], [ 0.719459956108255, 44.834913462048803 ], [ 0.719800664269885, 44.834936445177654 ], [ 0.72058344619238, 44.834974895843644 ], [ 0.721264864464069, 44.835020854121097 ], [ 0.722401256458355, 44.83507346182752 ], [ 0.722856488744385, 44.835071121053168 ], [ 0.722810446031468, 44.835790154233578 ], [ 0.72365747125955, 44.835793536721631 ], [ 0.72359387000485, 44.836683244039762 ], [ 0.72427427411092, 44.836765153943148 ], [ 0.725119499643173, 44.836831473013476 ], [ 0.725535534736257, 44.836873530450013 ], [ 0.725951311368935, 44.836924578866544 ], [ 0.725894797969127, 44.83713066986008 ], [ 0.731757559786414, 44.837710849258251 ], [ 0.736169801419097, 44.83817073830199 ], [ 0.736215183895862, 44.837910503309963 ], [ 0.735937644963492, 44.837888487045369 ], [ 0.735855095798762, 44.837680375105002 ], [ 0.735818467037715, 44.83763486246535 ], [ 0.735794477077156, 44.837589533080006 ], [ 0.735782868376338, 44.837553379528607 ], [ 0.735908998219055, 44.837564204689969 ], [ 0.735912088089235, 44.837456293831551 ], [ 0.735904084197384, 44.837294244301098 ], [ 0.735905629131246, 44.837240288877361 ], [ 0.735906916573859, 44.837195326025103 ], [ 0.735872605530366, 44.837068880281997 ], [ 0.735862284360672, 44.836987763898584 ], [ 0.735839839629269, 44.836888479119665 ], [ 0.735818424980027, 44.836753224065824 ], [ 0.735821257480384, 44.836654305813937 ], [ 0.73581325396581, 44.836492256330189 ], [ 0.735801645480233, 44.83645610279693 ], [ 0.735802417985305, 44.836429125094881 ], [ 0.735803190489632, 44.836402147393159 ], [ 0.735804735496052, 44.836348191990524 ], [ 0.735792354537892, 44.836339016159208 ], [ 0.735819176446635, 44.836285427284956 ], [ 0.735809112998079, 44.836195318356125 ], [ 0.735810915491968, 44.836132370391759 ], [ 0.735814777965232, 44.835997481902048 ], [ 0.735815550457652, 44.835970504204987 ], [ 0.735828703824012, 44.835952702335319 ], [ 0.735831793759935, 44.835844791550443 ], [ 0.735970558115926, 44.835855799894091 ], [ 0.73610028848943, 44.835740728914459 ], [ 0.736101060840826, 44.835713751218272 ], [ 0.736121680017717, 44.835435164936008 ], [ 0.736168605124059, 44.835120974875203 ], [ 0.736196970681613, 44.835013430557929 ], [ 0.736109018446996, 44.834994162866259 ], [ 0.73594523736284, 44.834973795645858 ], [ 0.735882046606752, 44.834972879390378 ], [ 0.735793837047944, 44.834962604010109 ], [ 0.735680351230063, 44.834951962006777 ], [ 0.73551657042512, 44.834931594151143 ], [ 0.735491294144282, 44.834931227555209 ], [ 0.735403084722723, 44.834920951863076 ], [ 0.735339894035109, 44.834920035297486 ], [ 0.735049732129558, 44.834897833510283 ], [ 0.734872798298652, 44.834895266469502 ], [ 0.734658207775368, 44.834883156408686 ], [ 0.734582379016265, 44.834882056014294 ], [ 0.734493654429895, 44.834889764713658 ], [ 0.734443101919688, 44.834889031047858 ], [ 0.734405187537902, 44.834888480783341 ], [ 0.734241149637171, 44.834877103595439 ], [ 0.734077369574328, 44.834856733606472 ], [ 0.734026817099379, 44.834855999750182 ], [ 0.734010570033694, 44.834981712088599 ], [ 0.733631425664652, 44.834976207373046 ], [ 0.733403681199108, 44.834981896475476 ], [ 0.733201986715414, 44.834960974566386 ], [ 0.732949481893715, 44.834948310495193 ], [ 0.732633528522979, 44.834943720287662 ], [ 0.732330987491529, 44.834912335177094 ], [ 0.732129551742905, 44.834882418756834 ], [ 0.731953650543463, 44.834843876828295 ], [ 0.731815663885727, 44.834805885786572 ], [ 0.731613970628773, 44.834784960979334 ], [ 0.731387259546719, 44.834754675717974 ], [ 0.730957822905979, 44.834739434187959 ], [ 0.73076902658715, 44.834709699106028 ], [ 0.730504402064862, 44.834678860508028 ], [ 0.729885395321627, 44.834660856597104 ], [ 0.729721617474935, 44.834640480151556 ], [ 0.729607616488137, 44.834647817003678 ], [ 0.729442546210129, 44.834672402876201 ], [ 0.72908971478699, 44.834631280368271 ], [ 0.729064438683789, 44.834630912301776 ], [ 0.728775056626997, 44.834581716399832 ], [ 0.728623658804661, 44.834570514938179 ], [ 0.728434088267339, 44.83456775349854 ], [ 0.728269535114695, 44.83457435253063 ], [ 0.728092861347262, 44.834562782087303 ], [ 0.727929343195859, 44.834533410442702 ], [ 0.727891429118856, 44.834532857942484 ], [ 0.727841135788042, 44.834523128713506 ], [ 0.727526738160999, 44.834464568649572 ], [ 0.727375082059713, 44.834462358017923 ], [ 0.726503836664522, 44.834422665230313 ], [ 0.726062024962645, 44.834398227802311 ], [ 0.725266868543839, 44.834350638965084 ], [ 0.724852407883074, 44.834254625355129 ], [ 0.724637562697868, 44.834251488364124 ], [ 0.724173070851791, 44.834136748967104 ], [ 0.723796267933364, 44.834050277710467 ], [ 0.72350819082084, 44.833956105370035 ], [ 0.723257509246994, 44.833880471442704 ], [ 0.723006309263285, 44.833822822004585 ], [ 0.722767747632035, 44.833765356752224 ], [ 0.722012074676538, 44.833664343593497 ], [ 0.721886216023015, 44.833644510056608 ], [ 0.720731335511785, 44.83335772155138 ], [ 0.720429849534433, 44.833290333781747 ], [ 0.720065175760982, 44.833222019887849 ], [ 0.720014884966185, 44.833212287100586 ], [ 0.719159944128001, 44.833046826219899 ], [ 0.719122031143721, 44.833046270709957 ], [ 0.718556199264327, 44.832939018840761 ], [ 0.717990109207349, 44.832840756590166 ], [ 0.717169446082854, 44.83280173139751 ], [ 0.71713270970093, 44.833197031093796 ] ], [ [ 0.725951311368935, 44.836924578866544 ], [ 0.726028494089643, 44.836439903346395 ], [ 0.726058175105905, 44.836287398852868 ], [ 0.726073922270826, 44.836179672703317 ], [ 0.726112096500209, 44.836171233283814 ], [ 0.727007609963745, 44.836247267914651 ], [ 0.727373606163274, 44.836270596234321 ], [ 0.727342375579776, 44.836477056366249 ], [ 0.727708373419882, 44.83650038357883 ], [ 0.727783945445102, 44.836510481241547 ], [ 0.727816727116741, 44.836250065692951 ], [ 0.727848990931277, 44.836007635256962 ], [ 0.727886647235702, 44.836017180319359 ], [ 0.727987236613047, 44.8360366387247 ], [ 0.728137862079927, 44.83607481870947 ], [ 0.728313505816696, 44.836122359282406 ], [ 0.728351420973552, 44.836122911637986 ], [ 0.728401457140972, 44.836141633189925 ], [ 0.728324295360417, 44.836626310306805 ], [ 0.728308811102937, 44.836725044245483 ], [ 0.727993365605673, 44.836702455661325 ], [ 0.727976328187062, 44.836855144860287 ], [ 0.727961102015708, 44.836944886208514 ], [ 0.727945358264517, 44.837052612660585 ], [ 0.727944064435427, 44.837097575417715 ], [ 0.727931167063093, 44.837106383805462 ], [ 0.72762861698766, 44.837074985788696 ], [ 0.727477212656725, 44.83706378274487 ], [ 0.727262874302059, 44.83704266575694 ], [ 0.726897390972101, 44.83700135196591 ], [ 0.726001865604388, 44.836925316419077 ], [ 0.725951311368935, 44.836924578866544 ] ] ] ] } },
{ "type": "Feature", "properties": { "NOM": null, "TYPOLOGIE": null, "COMMUNE": "Lalinde", "COMMUNAUTE": "CC des Bastides Dordogne Périgord", "INSEE_COMM": 24223, "ID_CDECOMM": 21, "SURFACE_UR": 5.3955, "COVISIBILI": null, "SUP_URBA_H": null, "SITUATION_": null, "SITUATION1": null }, "geometry": { "type": "MultiPolygon", "coordinates": [ [ [ [ 0.777310756054399, 44.846883073812329 ], [ 0.777075596068123, 44.846699827764368 ], [ 0.77702603607119, 44.846663142786802 ], [ 0.776579497018709, 44.846350962406561 ], [ 0.776554717328916, 44.846332619811776 ], [ 0.776418178299046, 44.846240728139861 ], [ 0.776318809001851, 44.846176350282569 ], [ 0.776293778428931, 44.846167000326282 ], [ 0.776268998914082, 44.846148657668806 ], [ 0.776194660466906, 44.846093629663812 ], [ 0.776107430312979, 44.846047415652549 ], [ 0.776032841072003, 44.84600138023557 ], [ 0.775995672043884, 44.84597386616138 ], [ 0.775879645180129, 44.846053192358667 ], [ 0.77572619786823, 44.84611399696459 ], [ 0.775570740928063, 44.846246742912875 ], [ 0.775363212665342, 44.846432729876149 ], [ 0.77544994043999, 44.846496929872153 ], [ 0.775511386626031, 44.846560772362182 ], [ 0.775610002204366, 44.846652129043456 ], [ 0.775794091111706, 44.846852648858025 ], [ 0.775832767361864, 44.84682620682679 ], [ 0.775992831127877, 44.84698140546412 ], [ 0.776041135278946, 44.847063054401609 ], [ 0.776136739700592, 44.847262323018562 ], [ 0.775751229674283, 44.847481780348666 ], [ 0.775520424561342, 44.847595468712186 ], [ 0.775418039582744, 44.847639002399106 ], [ 0.774980703088036, 44.847902705634759 ], [ 0.774877814566196, 44.847964224225194 ], [ 0.774853286004996, 44.847936888537809 ], [ 0.774840393515897, 44.847945702439411 ], [ 0.774698827178288, 44.848033662560901 ], [ 0.774634615780046, 44.8480687392669 ], [ 0.77464700569254, 44.848077910786742 ], [ 0.774545121823831, 44.848103458275254 ], [ 0.774124441352785, 44.848223453809894 ], [ 0.774049599428815, 44.848186409711509 ], [ 0.774012429924969, 44.848158894945662 ], [ 0.773925198355287, 44.848112679172793 ], [ 0.773875387729051, 44.848084985458179 ], [ 0.773726207612093, 44.847992911484774 ], [ 0.77359677766136, 44.848099034514824 ], [ 0.77357199817502, 44.848080691238039 ], [ 0.773481497516979, 44.848151380172077 ], [ 0.773481497516979, 44.848151380172077 ], [ 0.773416530671157, 44.848213434262313 ], [ 0.773403637892326, 44.848222247997292 ], [ 0.773390745109438, 44.848231061730736 ], [ 0.773027984477995, 44.848540794548967 ], [ 0.773052763989722, 44.848559137951206 ], [ 0.773251252213462, 44.848696892275733 ], [ 0.773424710131613, 44.848825295635038 ], [ 0.773629990334982, 44.848720246420633 ], [ 0.773963191877238, 44.848563029692272 ], [ 0.774052938344581, 44.848519318449419 ], [ 0.774091113747843, 44.848510862408176 ], [ 0.774180608636411, 44.848476143761737 ], [ 0.774358843981292, 44.848433684351633 ], [ 0.774524186412524, 44.848400038521049 ], [ 0.774549720359611, 44.848391403486801 ], [ 0.774816946805138, 44.848332209723296 ], [ 0.774816695512508, 44.848341202423633 ], [ 0.774931472251751, 44.848306840770114 ], [ 0.77494411353762, 44.84830701955709 ], [ 0.775007571230062, 44.84829892076948 ], [ 0.775058638875132, 44.848281650472359 ], [ 0.775071280155724, 44.848281829244755 ], [ 0.775212092850084, 44.848220846739359 ], [ 0.775224734117443, 44.84822102549419 ], [ 0.77523712416025, 44.848230196948407 ], [ 0.775363034450438, 44.84824996980538 ], [ 0.77539995347943, 44.848286476819254 ], [ 0.775496562444816, 44.848449775280876 ], [ 0.775686684559275, 44.848434470558082 ], [ 0.775965797988281, 44.848402430823064 ], [ 0.776130637198274, 44.848386767995137 ], [ 0.776051611700564, 44.848952415097557 ], [ 0.775986983939636, 44.849455291991468 ], [ 0.775969571252377, 44.84962597476283 ], [ 0.775938512357332, 44.849832449704557 ], [ 0.775857473801027, 44.850470038684662 ], [ 0.775843074062009, 44.850532808975899 ], [ 0.776267873616412, 44.850718737617569 ], [ 0.776406682752238, 44.850729695226491 ], [ 0.776422086091659, 44.850630954007329 ], [ 0.776471057180083, 44.850235810538045 ], [ 0.776471057180083, 44.850235810538045 ], [ 0.776486460270186, 44.850137069329733 ], [ 0.77651776834092, 44.849921601498657 ], [ 0.776535179449561, 44.849750918620522 ], [ 0.77656623609988, 44.84954444351812 ], [ 0.776630607758505, 44.849050558974639 ], [ 0.776647265248929, 44.848906854258672 ], [ 0.776678572013383, 44.848691386489776 ], [ 0.776679324998973, 44.8486644083725 ], [ 0.776680328978632, 44.848628437549891 ], [ 0.776694476297564, 44.84857465990369 ], [ 0.776694727289765, 44.848565667198251 ], [ 0.776696233241275, 44.848511710966534 ], [ 0.776711133482584, 44.848430955205856 ], [ 0.776740933836298, 44.848269443686462 ], [ 0.776758594731091, 44.848089768184067 ], [ 0.776809410674034, 44.848081489783041 ], [ 0.776834944123604, 44.84807285422179 ], [ 0.776847585362739, 44.848073032790964 ], [ 0.776885760039918, 44.848064575785685 ], [ 0.776898401277349, 44.848064754349039 ], [ 0.77697475059355, 44.848047840290327 ], [ 0.77700028400229, 44.848039204690991 ], [ 0.777089274481394, 44.848022469103583 ], [ 0.777318071056418, 44.847980719079416 ], [ 0.777560261052735, 44.847912168954821 ], [ 0.777905084750054, 44.847791089696017 ], [ 0.777917976721312, 44.847782275437396 ], [ 0.778148025473208, 44.84769556017352 ], [ 0.778173558540473, 44.847686924304334 ], [ 0.778211732754302, 44.847678466842339 ], [ 0.778275941465009, 44.847643388063254 ], [ 0.778327508956277, 44.847608130849061 ], [ 0.778277947335761, 44.847571446419614 ], [ 0.778029889434433, 44.847397016651286 ], [ 0.777570697918267, 44.847084661751126 ], [ 0.777310756054399, 44.846883073812329 ] ] ] ] } },
{ "type": "Feature", "properties": { "NOM": null, "TYPOLOGIE": null, "COMMUNE": "Lalinde", "COMMUNAUTE": "CC des Bastides Dordogne Périgord", "INSEE_COMM": 24223, "ID_CDECOMM": 21, "SURFACE_UR": 10.4909, "COVISIBILI": "non", "SUP_URBA_H": null, "SITUATION_": "non boise", "SITUATION1": "vallee" }, "geometry": { "type": "MultiPolygon", "coordinates": [ [ [ [ 0.777310756054399, 44.846883073812329 ], [ 0.777570697918267, 44.847084661751126 ], [ 0.778029889434433, 44.847397016651286 ], [ 0.778277947335761, 44.847571446419614 ], [ 0.778327508956277, 44.847608130849061 ], [ 0.778479453331098, 44.847601278827881 ], [ 0.77851762744037, 44.847592821260506 ], [ 0.778747925143605, 44.847497112048757 ], [ 0.77885005663362, 44.847462567985076 ], [ 0.779195626530534, 44.847314506604057 ], [ 0.779986135735285, 44.847082755296441 ], [ 0.780088265706164, 44.847048210094137 ], [ 0.781019069567416, 44.84677344797322 ], [ 0.782128587680226, 44.84643822071461 ], [ 0.782383656061038, 44.846360845315075 ], [ 0.783556861584867, 44.846008508009355 ], [ 0.783850348033333, 44.845913677210646 ], [ 0.784168865215644, 44.845828193812324 ], [ 0.784474990418692, 44.845733539091363 ], [ 0.784793755302268, 44.845639061185736 ], [ 0.784819036732751, 44.845639416501129 ], [ 0.784822032824003, 44.845531503947754 ], [ 0.783452694364175, 44.845206378761731 ], [ 0.780736842797267, 44.844646360848508 ], [ 0.779781176262715, 44.844452965351998 ], [ 0.779754142021736, 44.844515557765405 ], [ 0.779663905423088, 44.844577258961763 ], [ 0.779676295386752, 44.844586429904624 ], [ 0.779560527123834, 44.844656767223988 ], [ 0.779498577363066, 44.844610912430134 ], [ 0.779434623428778, 44.844636999178825 ], [ 0.779319355864907, 44.844689350852192 ], [ 0.779216728580516, 44.844741880704284 ], [ 0.779127242779668, 44.844776603376367 ], [ 0.779037506268657, 44.844820318673371 ], [ 0.778960660751102, 44.844855219528661 ], [ 0.778872177114931, 44.844853971207762 ], [ 0.778808974520079, 44.844853079506663 ], [ 0.778771052964135, 44.844852544468601 ], [ 0.778397458300851, 44.845099167253764 ], [ 0.778270300403958, 44.845124361360995 ], [ 0.778016235031831, 44.845165756441247 ], [ 0.778002591377252, 44.845201548789781 ], [ 0.777922735330797, 44.845344361284809 ], [ 0.77786941414375, 44.845442567152944 ], [ 0.777869163354136, 44.845451559849558 ], [ 0.777828984237076, 44.845531958759153 ], [ 0.777722340990124, 44.845728370398177 ], [ 0.777772402229218, 44.845747069654436 ], [ 0.777784792141941, 44.845756240813721 ], [ 0.777897304686514, 44.845802810394339 ], [ 0.777997427447999, 44.84584020872682 ], [ 0.778134971088866, 44.845896127636195 ], [ 0.778222453415111, 44.845933347344392 ], [ 0.778235094175831, 44.845933525754681 ], [ 0.778435090049551, 44.84601731442109 ], [ 0.778497541878152, 44.846045184436953 ], [ 0.777517276112102, 44.84673305395917 ], [ 0.777478600721464, 44.846759496578969 ], [ 0.77742678261045, 44.846803746085349 ], [ 0.777388107128283, 44.846830188674268 ], [ 0.77734918073017, 44.846865623950535 ], [ 0.777310756054399, 44.846883073812329 ] ] ] ] } },
{ "type": "Feature", "properties": { "NOM": null, "TYPOLOGIE": null, "COMMUNE": "Lalinde", "COMMUNAUTE": "CC des Bastides Dordogne Périgord", "INSEE_COMM": 24223, "ID_CDECOMM": 21, "SURFACE_UR": 13.7353, "COVISIBILI": "non", "SUP_URBA_H": null, "SITUATION_": "non boise", "SITUATION1": "pente" }, "geometry": { "type": "MultiPolygon", "coordinates": [ [ [ [ 0.769903933216444, 44.85306662035201 ], [ 0.769965884474067, 44.853112480683016 ], [ 0.770176771568653, 44.853259412847045 ], [ 0.770336586011687, 44.853423612791822 ], [ 0.770532816758629, 44.853642306655182 ], [ 0.770691121460329, 44.853860462376431 ], [ 0.770799109057294, 44.854068908146303 ], [ 0.770882316119163, 44.854259009902293 ], [ 0.770939986484412, 44.854457745837713 ], [ 0.771078803844459, 44.854468710155778 ], [ 0.771090186916173, 44.854513852955456 ], [ 0.771145591084874, 44.854793523241462 ], [ 0.771751938967934, 44.854820109624967 ], [ 0.771941328380644, 44.854831789456583 ], [ 0.772084678553369, 44.854680883602278 ], [ 0.772149402628059, 44.854627822848869 ], [ 0.77221387484153, 44.854583754775874 ], [ 0.772226769272049, 44.854574941156855 ], [ 0.772303884046045, 44.854531052129033 ], [ 0.772661150848313, 44.854419160711778 ], [ 0.77291576540492, 44.854359792350714 ], [ 0.772941553937861, 44.854342164949024 ], [ 0.772980488321157, 44.854306731117482 ], [ 0.773033826520116, 44.854208527254144 ], [ 0.77304036822999, 44.85397471660491 ], [ 0.773043135860029, 44.85387579672139 ], [ 0.773047161486266, 44.85373191326142 ], [ 0.773049929092305, 44.853632993387443 ], [ 0.77303854462002, 44.853587850805873 ], [ 0.773142451832222, 44.853490362925186 ], [ 0.773349258969336, 44.853331357742988 ], [ 0.773426874227505, 44.853269482523707 ], [ 0.773749975891535, 44.853022160041057 ], [ 0.773968918988018, 44.85288131808084 ], [ 0.774199497621476, 44.852776625427424 ], [ 0.774442466290215, 44.852681103857194 ], [ 0.774748142739627, 44.852604461250046 ], [ 0.775206278972033, 44.852502984832867 ], [ 0.775308170542345, 44.852477436688417 ], [ 0.775525098016148, 44.852408533405523 ], [ 0.775563527039039, 44.852391084125237 ], [ 0.775615351791506, 44.852346835391756 ], [ 0.775680572167407, 44.852275787187686 ], [ 0.775787486194977, 44.852070384279173 ], [ 0.775840817342433, 44.851972179150465 ], [ 0.775880501657998, 44.851909766184335 ], [ 0.775095858788327, 44.851475849001254 ], [ 0.774609858304917, 44.851217080006606 ], [ 0.773762528723985, 44.850764273917193 ], [ 0.77400717927858, 44.850155990247522 ], [ 0.774101453742238, 44.849950410252653 ], [ 0.774181828901355, 44.849789614842457 ], [ 0.774056166988305, 44.849760847923442 ], [ 0.773917863600074, 44.849731901958918 ], [ 0.773842516886837, 44.849712843104278 ], [ 0.773767421692081, 44.849684791495527 ], [ 0.773616980037162, 44.849637680828195 ], [ 0.773491570266206, 44.849599920566597 ], [ 0.773291568995963, 44.849516122829975 ], [ 0.772778801121855, 44.849310944233203 ], [ 0.772528990998244, 44.84919945088194 ], [ 0.772441507354399, 44.849162226616279 ], [ 0.772274651194432, 44.849249825527664 ], [ 0.772223833521388, 44.849258101847113 ], [ 0.772134084442888, 44.849301811617536 ], [ 0.772031190224535, 44.849363327592577 ], [ 0.771966220366202, 44.849425380860822 ], [ 0.771705584098845, 44.849700571662062 ], [ 0.771535451446448, 44.849905074560695 ], [ 0.771404753686419, 44.850056158601483 ], [ 0.771249275562969, 44.850188898683591 ], [ 0.771171914054563, 44.850241779596729 ], [ 0.770965867904754, 44.850373802406899 ], [ 0.770889009738667, 44.850408697727595 ], [ 0.771848576698896, 44.850917094329262 ], [ 0.771616238596678, 44.851084730918544 ], [ 0.771514599711348, 44.851101282941109 ], [ 0.771650638917157, 44.851211166261244 ], [ 0.771662525412108, 44.851238323534858 ], [ 0.771687305670056, 44.851256667263378 ], [ 0.771712085944236, 44.851275010986434 ], [ 0.771749256385942, 44.851302526560858 ], [ 0.771274703610296, 44.851538699945884 ], [ 0.771157650952822, 44.851653992182428 ], [ 0.771363750292878, 44.851971783389004 ], [ 0.771310159423405, 44.852078979063329 ], [ 0.771304114461126, 44.852294804017454 ], [ 0.771235362110914, 44.852491747539261 ], [ 0.771073532399334, 44.852399490608683 ], [ 0.770430292536844, 44.852336391803703 ], [ 0.770326130712777, 44.852442869793663 ], [ 0.769982056093652, 44.852986762146521 ], [ 0.769903933216444, 44.85306662035201 ] ], [ [ 0.77183362782503, 44.852806100107038 ], [ 0.771874324336338, 44.852707717719966 ], [ 0.771916279592292, 44.852564371775507 ], [ 0.771961759404732, 44.852295127904128 ], [ 0.771976667479027, 44.852214372657414 ], [ 0.772051458957861, 44.851801603726607 ], [ 0.772065359773085, 44.851756819310005 ], [ 0.772078757071273, 44.851730020305375 ], [ 0.772105299886208, 44.851685414998535 ], [ 0.772156874983218, 44.851650160605935 ], [ 0.772437574149142, 44.852013987953427 ], [ 0.772473487010158, 44.85208646683509 ], [ 0.772554935095677, 44.852339516145165 ], [ 0.772589841643337, 44.852447965839012 ], [ 0.772647767863006, 44.852637708025988 ], [ 0.772693303829885, 44.852818278441902 ], [ 0.77183362782503, 44.852806100107038 ] ] ] ] } },
{ "type": "Feature", "properties": { "NOM": null, "TYPOLOGIE": null, "COMMUNE": "Cause-de-Clérans", "COMMUNAUTE": "CC des Bastides Dordogne Périgord", "INSEE_COMM": 24088, "ID_CDECOMM": 21, "SURFACE_UR": 1.37955, "COVISIBILI": "oui", "SUP_URBA_H": null, "SITUATION_": "non boise", "SITUATION1": "plateau plaine" }, "geometry": { "type": "MultiPolygon", "coordinates": [ [ [ [ 0.675176429373307, 44.867021224294952 ], [ 0.67520492838343, 44.866913694139804 ], [ 0.675322210883393, 44.866798502409431 ], [ 0.675400755411019, 44.866709717806906 ], [ 0.675325686556654, 44.86668159942775 ], [ 0.675355789228137, 44.866520114030372 ], [ 0.675330766360663, 44.866510741233455 ], [ 0.675332370502848, 44.866456786016585 ], [ 0.67533424199815, 44.866393838265019 ], [ 0.675346887082059, 44.866394028395646 ], [ 0.675336915555559, 44.866303912908357 ], [ 0.675374850746571, 44.866304483294932 ], [ 0.675379930366115, 44.866133625124299 ], [ 0.67529141519192, 44.866132294206075 ], [ 0.675177609974144, 44.866130582921294 ], [ 0.675115454416513, 44.866093662019736 ], [ 0.675092036141926, 44.866030333965718 ], [ 0.675092303535258, 44.866021341431811 ], [ 0.675121069585743, 44.865904818808069 ], [ 0.675136121029559, 44.865824076162056 ], [ 0.675191246247231, 44.865671963702923 ], [ 0.675299891642265, 44.865421693923153 ], [ 0.674972729666376, 44.865362794729137 ], [ 0.674875925549146, 44.865640231962125 ], [ 0.674811706636522, 44.866098090383588 ], [ 0.674706534682349, 44.866231456811008 ], [ 0.674379636103055, 44.866163563309939 ], [ 0.67427366041671, 44.866323906929097 ], [ 0.674156644298091, 44.866430104992013 ], [ 0.674142126373905, 44.866492862457967 ], [ 0.674187623504126, 44.866664481659249 ], [ 0.674390213282921, 44.866658533140026 ], [ 0.674435711309203, 44.866830152250309 ], [ 0.674446751482948, 44.866884297696096 ], [ 0.674472041866599, 44.866884678158975 ], [ 0.674483617077383, 44.866920838530852 ], [ 0.674507302527859, 44.86697517420054 ], [ 0.674213787272371, 44.867060723974987 ], [ 0.674201944665848, 44.867033556108197 ], [ 0.67368322290268, 44.867034746729637 ], [ 0.673681884778069, 44.867079709401196 ], [ 0.673593100507531, 44.867087369657135 ], [ 0.673591762309204, 44.867132332328566 ], [ 0.673590424108727, 44.867177295000758 ], [ 0.673589353546795, 44.867213265139114 ], [ 0.673386761673353, 44.867219212192339 ], [ 0.673396194876335, 44.867327312958686 ], [ 0.673497089529704, 44.867337828271921 ], [ 0.673686501279541, 44.86734967576772 ], [ 0.673876448300036, 44.867343537867157 ], [ 0.673914651770305, 44.867335116219188 ], [ 0.673927297062211, 44.867335306512231 ], [ 0.673937534086902, 44.867416429628399 ], [ 0.673947771141291, 44.867497552746237 ], [ 0.674214125687739, 44.867474570905415 ], [ 0.674580572649322, 44.86748908036067 ], [ 0.674783625090982, 44.867042306578718 ], [ 0.675176429373307, 44.867021224294952 ] ] ] ] } },
{ "type": "Feature", "properties": { "NOM": null, "TYPOLOGIE": null, "COMMUNE": "Cause-de-Clérans", "COMMUNAUTE": "CC des Bastides Dordogne Périgord", "INSEE_COMM": 24088, "ID_CDECOMM": 21, "SURFACE_UR": 2.6505, "COVISIBILI": "non", "SUP_URBA_H": null, "SITUATION_": "non boise", "SITUATION1": "vallee" }, "geometry": { "type": "MultiPolygon", "coordinates": [ [ [ [ 0.667257879699783, 44.861485933334649 ], [ 0.667161312673376, 44.861754370886736 ], [ 0.667060966611632, 44.861725864811184 ], [ 0.667031379911082, 44.86186936264447 ], [ 0.667028961882569, 44.861950295143565 ], [ 0.666840375930145, 44.861911458759558 ], [ 0.666840107229744, 44.861920451258989 ], [ 0.6667265795599, 44.861909738772852 ], [ 0.666688647438042, 44.861909165417899 ], [ 0.666612514459681, 44.861917011167868 ], [ 0.666536381459961, 44.861924856865443 ], [ 0.666089529403687, 44.861639207551171 ], [ 0.665824005897039, 44.861635192262604 ], [ 0.665833961264299, 44.861725308443511 ], [ 0.665857098396063, 44.861797630849701 ], [ 0.665866784988778, 44.861896739530529 ], [ 0.665814864524175, 44.861940937146052 ], [ 0.66572743173121, 44.861903628580109 ], [ 0.665626010550805, 44.861911091186698 ], [ 0.665524589343336, 44.861918553700221 ], [ 0.665523782607128, 44.861945531189399 ], [ 0.665397073231605, 44.861952611075623 ], [ 0.665383622381453, 44.861979397295201 ], [ 0.665392501364818, 44.862105483514995 ], [ 0.665531586254877, 44.862107587384045 ], [ 0.665569249593765, 44.862117153633264 ], [ 0.66552970387069, 44.862170534864134 ], [ 0.665641887368912, 44.862226211069107 ], [ 0.665523249949874, 44.862386354807718 ], [ 0.665432320580157, 44.862465948477173 ], [ 0.665444695814846, 44.862475132238821 ], [ 0.665732822802331, 44.862569455891162 ], [ 0.665753809123986, 44.86271371834011 ], [ 0.665817030220948, 44.862714674459241 ], [ 0.665918183980586, 44.862716204174646 ], [ 0.66596849201807, 44.862725961497944 ], [ 0.666019068909476, 44.862726726297886 ], [ 0.666145242327992, 44.862737630697254 ], [ 0.666183175006144, 44.862738204238759 ], [ 0.666321723923896, 44.862758292115259 ], [ 0.666308273322812, 44.862785078455943 ], [ 0.666343249405461, 44.862884569459226 ], [ 0.666428265199393, 44.863002810072572 ], [ 0.666465122996541, 44.863039353527206 ], [ 0.666514893903795, 44.863067095608315 ], [ 0.666514356387137, 44.863085080614113 ], [ 0.666510056241425, 44.863228960664912 ], [ 0.666522431821901, 44.863238144308632 ], [ 0.666582428546257, 44.863347010034154 ], [ 0.666593997923997, 44.863383171182562 ], [ 0.667194731180945, 44.86317633263068 ], [ 0.667365304861789, 44.863394827501594 ], [ 0.667454889949321, 44.863360194742789 ], [ 0.667644802897557, 44.862931228781079 ], [ 0.667720131420352, 44.862950359832183 ], [ 0.667858144332022, 44.862988430794658 ], [ 0.66809487066947, 44.862686123124007 ], [ 0.668633980497345, 44.862424366969528 ], [ 0.668558920796807, 44.862396244039992 ], [ 0.668533900913403, 44.862386869718847 ], [ 0.668307916941305, 44.862329478088611 ], [ 0.668219944917252, 44.862310156498225 ], [ 0.667830393618875, 44.862223303971518 ], [ 0.667453487624824, 44.862136641108101 ], [ 0.667443260970911, 44.862055517560414 ], [ 0.667457248056464, 44.862010746087066 ], [ 0.667521811344342, 44.861966738724945 ], [ 0.667562429359144, 44.86187738678187 ], [ 0.667525034430883, 44.861858828711981 ], [ 0.667633438149737, 44.861617559344943 ], [ 0.667257879699783, 44.861485933334649 ] ] ] ] } },
{ "type": "Feature", "properties": { "NOM": null, "TYPOLOGIE": null, "COMMUNE": "Beaumontois-en-Périgord (Beaumont-du-Périgord)", "COMMUNAUTE": "CC des Bastides Dordogne Périgord", "INSEE_COMM": 24028, "ID_CDECOMM": 21, "SURFACE_UR": 16.6936, "COVISIBILI": "non", "SUP_URBA_H": null, "SITUATION_": "non boise", "SITUATION1": "pente" }, "geometry": { "type": "MultiPolygon", "coordinates": [ [ [ [ 0.768475863133769, 44.767844061529374 ], [ 0.768564527676098, 44.768735922091722 ], [ 0.768495136379254, 44.769409632376508 ], [ 0.768060413832448, 44.770051159159003 ], [ 0.766538756847282, 44.769822597714899 ], [ 0.766537747685797, 44.769858567214925 ], [ 0.766284778269255, 44.77032275560471 ], [ 0.766178489368024, 44.770510157388863 ], [ 0.766139104017726, 44.770563572328598 ], [ 0.766060333092486, 44.770670402169088 ], [ 0.766060080721862, 44.770679394546057 ], [ 0.766047204575824, 44.770688207137425 ], [ 0.765955304726236, 44.770812841875646 ], [ 0.765955052338165, 44.770821834252878 ], [ 0.765929299943825, 44.770839459410574 ], [ 0.765850528232933, 44.770946289112409 ], [ 0.76571873652791, 44.771142323255852 ], [ 0.765679097863488, 44.771204730422284 ], [ 0.765639459111017, 44.771267137575968 ], [ 0.765481913088437, 44.771480796548666 ], [ 0.76538975820652, 44.771614423232357 ], [ 0.765324365867708, 44.771694455313714 ], [ 0.765141821879025, 44.771898761713508 ], [ 0.765416521124796, 44.772010627518917 ], [ 0.765364509916159, 44.772063862353207 ], [ 0.765426872893357, 44.772091738803098 ], [ 0.765489235932436, 44.772119615218216 ], [ 0.765513979193727, 44.772137959679455 ], [ 0.765638453077848, 44.77220270475965 ], [ 0.765663448865513, 44.772212056806353 ], [ 0.76574020328052, 44.772177166238542 ], [ 0.765712935599422, 44.772248745647204 ], [ 0.765710916130656, 44.77232068470537 ], [ 0.765671529066746, 44.772374099516384 ], [ 0.765592249807006, 44.772498913864958 ], [ 0.765540238312867, 44.772552148792641 ], [ 0.765865690831377, 44.772655740505208 ], [ 0.766574170236046, 44.773061652238795 ], [ 0.766587046843346, 44.773052839577865 ], [ 0.766912251946545, 44.773165420623123 ], [ 0.766701937392688, 44.773459294250308 ], [ 0.767040791502904, 44.773985884338245 ], [ 0.767040287045616, 44.774003869122843 ], [ 0.767162244727211, 44.77415853647507 ], [ 0.768055038438931, 44.773847382956376 ], [ 0.769042326327092, 44.774671058865337 ], [ 0.770045140511103, 44.773587799033059 ], [ 0.768913699806764, 44.772950998775556 ], [ 0.770145984231892, 44.771790037291439 ], [ 0.771364024096919, 44.772491025648179 ], [ 0.771342548703309, 44.772355781326397 ], [ 0.771309706963887, 44.772175395841707 ], [ 0.771188198990575, 44.771552949476018 ], [ 0.771065481163948, 44.771425263914345 ], [ 0.77102861560898, 44.771388756699295 ], [ 0.770979126161674, 44.771352070250906 ], [ 0.770853893189629, 44.77131430838643 ], [ 0.770753656608741, 44.771285897271476 ], [ 0.770591055485056, 44.77122961257686 ], [ 0.770303977564143, 44.771108587990419 ], [ 0.770318866666798, 44.771027835783471 ], [ 0.770376912569866, 44.770758781293161 ], [ 0.770479624039925, 44.770247470192913 ], [ 0.769998665169298, 44.770285618474951 ], [ 0.770000930813296, 44.770204687005105 ], [ 0.769982228716958, 44.769970526327874 ], [ 0.769962519808852, 44.769772335205523 ], [ 0.769887533580189, 44.76974428200176 ], [ 0.769875413516484, 44.769726117887984 ], [ 0.769112680268305, 44.769454395939832 ], [ 0.769194466042693, 44.769239655404327 ], [ 0.769248989544999, 44.769096495023923 ], [ 0.769843549537921, 44.769059964229911 ], [ 0.76998265891644, 44.769052944624811 ], [ 0.770045776019957, 44.769053841283174 ], [ 0.770159890225905, 44.769037470414602 ], [ 0.770312126291313, 44.76901264494564 ], [ 0.770363123291075, 44.76899537736098 ], [ 0.770426743664601, 44.76897828903796 ], [ 0.770566859335133, 44.768935299169179 ], [ 0.770630982841214, 44.768900225964842 ], [ 0.770694603025552, 44.768883137487727 ], [ 0.770746103015463, 44.768847884962547 ], [ 0.770384051847138, 44.768698808074589 ], [ 0.769082840513468, 44.768716303137758 ], [ 0.768993915887354, 44.767833435357289 ], [ 0.768475863133769, 44.767844061529374 ] ] ] ] } },
{ "type": "Feature", "properties": { "NOM": null, "TYPOLOGIE": null, "COMMUNE": "Badefols-sur-Dordogne", "COMMUNAUTE": "CC des Bastides Dordogne Périgord", "INSEE_COMM": 24022, "ID_CDECOMM": 21, "SURFACE_UR": 3.7971, "COVISIBILI": "non", "SUP_URBA_H": null, "SITUATION_": "non boise", "SITUATION1": "vallee" }, "geometry": { "type": "MultiPolygon", "coordinates": [ [ [ [ 0.789610994439154, 44.842468026100939 ], [ 0.78968583901242, 44.842505059571103 ], [ 0.790059068081552, 44.842726197025492 ], [ 0.789894498272421, 44.842732887881702 ], [ 0.789677377063445, 44.842810811811241 ], [ 0.789648114688256, 44.842954341027038 ], [ 0.789532611226512, 44.843015696032857 ], [ 0.789506833129293, 44.843033327224134 ], [ 0.789400733443049, 44.843211764500253 ], [ 0.789926893122824, 44.843390064366474 ], [ 0.789982878006758, 44.843651738494067 ], [ 0.790045581769761, 44.84367060923752 ], [ 0.790132819720266, 44.843716812197933 ], [ 0.790220555413166, 44.843745029654002 ], [ 0.790295650882912, 44.843773070011913 ], [ 0.790395778292856, 44.843810457076827 ], [ 0.790496403347128, 44.843829858613383 ], [ 0.790534075573142, 44.843839382345777 ], [ 0.790559356227747, 44.843839736347405 ], [ 0.790774241804799, 44.843842745127859 ], [ 0.790988672213512, 44.843404933288518 ], [ 0.791482425170689, 44.842926049536288 ], [ 0.792797992038837, 44.842908467778379 ], [ 0.792798240420476, 44.84289947505755 ], [ 0.793112505184334, 44.842966842236329 ], [ 0.793425799777633, 44.842611373921223 ], [ 0.793569060796261, 44.842460440958369 ], [ 0.792965816594852, 44.842326061784405 ], [ 0.79287783337537, 44.842306839243527 ], [ 0.792603728203693, 44.842159067258294 ], [ 0.790345157960231, 44.841983519690352 ], [ 0.790274791732272, 44.841784617870275 ], [ 0.789464347208831, 44.841827241127326 ], [ 0.789610994439154, 44.842468026100939 ] ] ] ] } }
]
}
