{
"type": "FeatureCollection",
"crs": { "type": "name", "properties": { "name": "urn:ogc:def:crs:OGC:1.3:CRS84" } },
"name": "ZNIEFF de type 1 et 2",
"color": "#7AB51D",
"active": "false",
"interactive":"true",
"description": "Zone Naturelle d'Intérêt Ecologique, Faunistique et Floristique",

"features": [
{ "type": "Feature", "properties": { "nom": "COTEAUX A CHENES VERTS DU SARLADAIS : I-RIVE DROITE DE LA DORDOGNE", "typologie": "ZNIEFF2" }, "geometry": { "type": "MultiPolygon", "coordinates": [ [ [ [ 1.29149, 44.87835 ], [ 1.29158, 44.87828 ], [ 1.29161, 44.87825 ], [ 1.29189, 44.87801 ], [ 1.2919, 44.878 ], [ 1.2919, 44.878 ], [ 1.29191, 44.87799 ], [ 1.29197, 44.87793 ], [ 1.29212, 44.87778 ], [ 1.29222, 44.87767 ], [ 1.29227, 44.87761 ], [ 1.29232, 44.87755 ], [ 1.2924, 44.87744 ], [ 1.29243, 44.87741 ], [ 1.29244, 44.8774 ], [ 1.29277, 44.87703 ], [ 1.29278, 44.87702 ], [ 1.29286, 44.87693 ], [ 1.29287, 44.8769 ], [ 1.29299, 44.87673 ], [ 1.29301, 44.87668 ], [ 1.29303, 44.87659 ], [ 1.29305, 44.87646 ], [ 1.29307, 44.87644 ], [ 1.29307, 44.87636 ], [ 1.29309, 44.87622 ], [ 1.29309, 44.87621 ], [ 1.29309, 44.87619 ], [ 1.29306, 44.87608 ], [ 1.2931, 44.87607 ], [ 1.29311, 44.87603 ], [ 1.29311, 44.87588 ], [ 1.29311, 44.87583 ], [ 1.29311, 44.87579 ], [ 1.2931, 44.87573 ], [ 1.29308, 44.87566 ], [ 1.29306, 44.8756 ], [ 1.29302, 44.87548 ], [ 1.293, 44.87533 ], [ 1.29299, 44.87521 ], [ 1.29297, 44.87509 ], [ 1.29296, 44.87499 ], [ 1.29295, 44.87492 ], [ 1.29294, 44.87474 ], [ 1.29291, 44.87449 ], [ 1.29291, 44.87439 ], [ 1.2929, 44.87435 ], [ 1.2929, 44.87428 ], [ 1.2929, 44.87418 ], [ 1.2929, 44.87414 ], [ 1.2929, 44.87404 ], [ 1.2929, 44.87395 ], [ 1.2929, 44.87392 ], [ 1.29294, 44.87368 ], [ 1.29298, 44.87341 ], [ 1.29301, 44.87328 ], [ 1.29301, 44.87323 ], [ 1.29304, 44.87309 ], [ 1.29304, 44.87308 ], [ 1.29308, 44.87292 ], [ 1.29311, 44.87278 ], [ 1.29316, 44.87261 ], [ 1.29319, 44.8725 ], [ 1.29323, 44.87232 ], [ 1.29324, 44.87227 ], [ 1.29326, 44.87216 ], [ 1.29331, 44.87188 ], [ 1.29333, 44.87176 ], [ 1.29249, 44.87191 ], [ 1.29207, 44.8719 ], [ 1.2919, 44.87172 ], [ 1.29064, 44.87169 ], [ 1.28987, 44.87218 ], [ 1.28944, 44.8723 ], [ 1.28878, 44.87259 ], [ 1.28781, 44.87338 ], [ 1.28736, 44.87356 ], [ 1.28696, 44.87358 ], [ 1.28696, 44.87392 ], [ 1.28752, 44.87404 ], [ 1.28804, 44.87467 ], [ 1.28817, 44.87519 ], [ 1.28772, 44.87537 ], [ 1.28583, 44.87657 ], [ 1.28596, 44.87724 ], [ 1.28624, 44.87764 ], [ 1.2866, 44.87794 ], [ 1.28758, 44.87825 ], [ 1.28948, 44.87609 ], [ 1.29015, 44.87635 ], [ 1.28853, 44.87872 ], [ 1.28934, 44.87921 ], [ 1.29011, 44.87894 ], [ 1.29093, 44.87831 ], [ 1.29149, 44.87835 ] ] ], [ [ [ 1.17193, 44.8691 ], [ 1.17205, 44.86894 ], [ 1.17205, 44.86882 ], [ 1.17135, 44.86876 ], [ 1.17102, 44.86803 ], [ 1.17005, 44.8674 ], [ 1.17031, 44.86708 ], [ 1.17017, 44.86686 ], [ 1.16973, 44.86667 ], [ 1.16976, 44.86637 ], [ 1.16962, 44.86611 ], [ 1.16924, 44.86567 ], [ 1.16896, 44.8654 ], [ 1.16837, 44.86532 ], [ 1.16775, 44.86537 ], [ 1.16703, 44.8659 ], [ 1.16677, 44.86664 ], [ 1.167, 44.86771 ], [ 1.16682, 44.86803 ], [ 1.16662, 44.86843 ], [ 1.16669, 44.86883 ], [ 1.16683, 44.86909 ], [ 1.16688, 44.86935 ], [ 1.16652, 44.87045 ], [ 1.16618, 44.87153 ], [ 1.16623, 44.87193 ], [ 1.16651, 44.87233 ], [ 1.16678, 44.8728 ], [ 1.16669, 44.87294 ], [ 1.16617, 44.87345 ], [ 1.1656, 44.87401 ], [ 1.16538, 44.87481 ], [ 1.16601, 44.87588 ], [ 1.16566, 44.8764 ], [ 1.16534, 44.87701 ], [ 1.16872, 44.87699 ], [ 1.16884, 44.87527 ], [ 1.16841, 44.87446 ], [ 1.16851, 44.87348 ], [ 1.16863, 44.87172 ], [ 1.16857, 44.87059 ], [ 1.16927, 44.8696 ], [ 1.16956, 44.86936 ], [ 1.16989, 44.8694 ], [ 1.17032, 44.87051 ], [ 1.17165, 44.87323 ], [ 1.1723, 44.87438 ], [ 1.17202, 44.87554 ], [ 1.17215, 44.87614 ], [ 1.17267, 44.87683 ], [ 1.17255, 44.87705 ], [ 1.17347, 44.87764 ], [ 1.17351, 44.87574 ], [ 1.17326, 44.87447 ], [ 1.17376, 44.87319 ], [ 1.17198, 44.87067 ], [ 1.17158, 44.86994 ], [ 1.17161, 44.86954 ], [ 1.17181, 44.86946 ], [ 1.17176, 44.86924 ], [ 1.17193, 44.8691 ] ] ], [ [ [ 1.18096, 44.86678 ], [ 1.18126, 44.86699 ], [ 1.18134, 44.86737 ], [ 1.18206, 44.86685 ], [ 1.18195, 44.86671 ], [ 1.18154, 44.86585 ], [ 1.1811, 44.86516 ], [ 1.18089, 44.86476 ], [ 1.18079, 44.86411 ], [ 1.18045, 44.86411 ], [ 1.17962, 44.86328 ], [ 1.17513, 44.86445 ], [ 1.17399, 44.86476 ], [ 1.17308, 44.86494 ], [ 1.17243, 44.86497 ], [ 1.17177, 44.86516 ], [ 1.17109, 44.86556 ], [ 1.17069, 44.86597 ], [ 1.17084, 44.86612 ], [ 1.17108, 44.86657 ], [ 1.17153, 44.86685 ], [ 1.17207, 44.86693 ], [ 1.17236, 44.86669 ], [ 1.17311, 44.8662 ], [ 1.17342, 44.86602 ], [ 1.17351, 44.86576 ], [ 1.1743, 44.86573 ], [ 1.17478, 44.86584 ], [ 1.17508, 44.86602 ], [ 1.17528, 44.86624 ], [ 1.1755, 44.86632 ], [ 1.17578, 44.86617 ], [ 1.17598, 44.86599 ], [ 1.17627, 44.86579 ], [ 1.17627, 44.86571 ], [ 1.17625, 44.86551 ], [ 1.17637, 44.86525 ], [ 1.17657, 44.86515 ], [ 1.17696, 44.8652 ], [ 1.17715, 44.86546 ], [ 1.17751, 44.86572 ], [ 1.17777, 44.86575 ], [ 1.17822, 44.86563 ], [ 1.17839, 44.86539 ], [ 1.17877, 44.86494 ], [ 1.17903, 44.86488 ], [ 1.17919, 44.86502 ], [ 1.17944, 44.86526 ], [ 1.17954, 44.86591 ], [ 1.17931, 44.86632 ], [ 1.17899, 44.86662 ], [ 1.17901, 44.86688 ], [ 1.1792, 44.86709 ], [ 1.17928, 44.86731 ], [ 1.17905, 44.86754 ], [ 1.17893, 44.86788 ], [ 1.17976, 44.86759 ], [ 1.1799, 44.86743 ], [ 1.17991, 44.86709 ], [ 1.17997, 44.86683 ], [ 1.18023, 44.86676 ], [ 1.18062, 44.86674 ], [ 1.18096, 44.86678 ] ] ], [ [ [ 1.11453, 44.84999 ], [ 1.11493, 44.84997 ], [ 1.11538, 44.84982 ], [ 1.1164, 44.84953 ], [ 1.11683, 44.84945 ], [ 1.1172, 44.84918 ], [ 1.11816, 44.84893 ], [ 1.11859, 44.84873 ], [ 1.11899, 44.84753 ], [ 1.11911, 44.84723 ], [ 1.11912, 44.84683 ], [ 1.11893, 44.84641 ], [ 1.11839, 44.84634 ], [ 1.11794, 44.84636 ], [ 1.11763, 44.84649 ], [ 1.11731, 44.84671 ], [ 1.11717, 44.84661 ], [ 1.11747, 44.84625 ], [ 1.11769, 44.84591 ], [ 1.1184, 44.84584 ], [ 1.11922, 44.84563 ], [ 1.11953, 44.84551 ], [ 1.11965, 44.84525 ], [ 1.1199, 44.84431 ], [ 1.11991, 44.84385 ], [ 1.11938, 44.84341 ], [ 1.11759, 44.84311 ], [ 1.11562, 44.84298 ], [ 1.11407, 44.8424 ], [ 1.11323, 44.84223 ], [ 1.11251, 44.8424 ], [ 1.11175, 44.84276 ], [ 1.11094, 44.84267 ], [ 1.11057, 44.8419 ], [ 1.11029, 44.84155 ], [ 1.10837, 44.84044 ], [ 1.10712, 44.84002 ], [ 1.10705, 44.84052 ], [ 1.10598, 44.84063 ], [ 1.10515, 44.84097 ], [ 1.10486, 44.84128 ], [ 1.10475, 44.84182 ], [ 1.10473, 44.84273 ], [ 1.10393, 44.84302 ], [ 1.10242, 44.84269 ], [ 1.10255, 44.84256 ], [ 1.10278, 44.84171 ], [ 1.10277, 44.84096 ], [ 1.10227, 44.84012 ], [ 1.1019, 44.83944 ], [ 1.10027, 44.83913 ], [ 1.09929, 44.83913 ], [ 1.09813, 44.83934 ], [ 1.09682, 44.8405 ], [ 1.09779, 44.83964 ], [ 1.09819, 44.83947 ], [ 1.09863, 44.83944 ], [ 1.09999, 44.84007 ], [ 1.10092, 44.84042 ], [ 1.10175, 44.84076 ], [ 1.10176, 44.84089 ], [ 1.10157, 44.84095 ], [ 1.10031, 44.8411 ], [ 1.09983, 44.84133 ], [ 1.09961, 44.84152 ], [ 1.09942, 44.84179 ], [ 1.09926, 44.8423 ], [ 1.09838, 44.8422 ], [ 1.09812, 44.84265 ], [ 1.0976, 44.84322 ], [ 1.09738, 44.84338 ], [ 1.09692, 44.84363 ], [ 1.09656, 44.84387 ], [ 1.09656, 44.84424 ], [ 1.09652, 44.84457 ], [ 1.09646, 44.84506 ], [ 1.09682, 44.84592 ], [ 1.09715, 44.84625 ], [ 1.09717, 44.84626 ], [ 1.0972, 44.84628 ], [ 1.09766, 44.8464 ], [ 1.09849, 44.84718 ], [ 1.09924, 44.84688 ], [ 1.09961, 44.84635 ], [ 1.10116, 44.84573 ], [ 1.1024, 44.84518 ], [ 1.10321, 44.84459 ], [ 1.10424, 44.8444 ], [ 1.10508, 44.84358 ], [ 1.1056, 44.84276 ], [ 1.10564, 44.84232 ], [ 1.10606, 44.84122 ], [ 1.10812, 44.84217 ], [ 1.10933, 44.8424 ], [ 1.10971, 44.84293 ], [ 1.11198, 44.8436 ], [ 1.11264, 44.84314 ], [ 1.11334, 44.84315 ], [ 1.11494, 44.84375 ], [ 1.11459, 44.84464 ], [ 1.11452, 44.84666 ], [ 1.11357, 44.84783 ], [ 1.11183, 44.84988 ], [ 1.11221, 44.85062 ], [ 1.11255, 44.85035 ], [ 1.11329, 44.8503 ], [ 1.1136, 44.85008 ], [ 1.11411, 44.84996 ], [ 1.11453, 44.84999 ] ] ], [ [ [ 1.15358, 44.84049 ], [ 1.15343, 44.84046 ], [ 1.15322, 44.84045 ], [ 1.15322, 44.84054 ], [ 1.15333, 44.84058 ], [ 1.15353, 44.84058 ], [ 1.15375, 44.84059 ], [ 1.15373, 44.84058 ], [ 1.15358, 44.84049 ] ] ], [ [ [ 1.15275, 44.84043 ], [ 1.15246, 44.84041 ], [ 1.15229, 44.84038 ], [ 1.15223, 44.84047 ], [ 1.15261, 44.84052 ], [ 1.15271, 44.84051 ], [ 1.15275, 44.84043 ], [ 1.15294, 44.84045 ], [ 1.15275, 44.84043 ] ] ], [ [ [ 1.15123, 44.84017 ], [ 1.15098, 44.84012 ], [ 1.15073, 44.84009 ], [ 1.15053, 44.84006 ], [ 1.15038, 44.84001 ], [ 1.15042, 44.84007 ], [ 1.15046, 44.84017 ], [ 1.15057, 44.8402 ], [ 1.15099, 44.84025 ], [ 1.15107, 44.84027 ], [ 1.15128, 44.84028 ], [ 1.15137, 44.84026 ], [ 1.15139, 44.84021 ], [ 1.15123, 44.84017 ] ] ], [ [ [ 1.14624, 44.83952 ], [ 1.14624, 44.83952 ], [ 1.14624, 44.83952 ], [ 1.14624, 44.83952 ] ] ], [ [ [ 1.14357, 44.84046 ], [ 1.14367, 44.84054 ], [ 1.14357, 44.84046 ], [ 1.14343, 44.84039 ], [ 1.14357, 44.84046 ] ] ], [ [ [ 1.14663, 44.8406 ], [ 1.14684, 44.84068 ], [ 1.14704, 44.84061 ], [ 1.14702, 44.84059 ], [ 1.14685, 44.84068 ], [ 1.14658, 44.84057 ], [ 1.14634, 44.84056 ], [ 1.14663, 44.8406 ] ] ], [ [ [ 1.14806, 44.84064 ], [ 1.14787, 44.84093 ], [ 1.14791, 44.84158 ], [ 1.1482, 44.84196 ], [ 1.14866, 44.8423 ], [ 1.14971, 44.84262 ], [ 1.15141, 44.84275 ], [ 1.15281, 44.84231 ], [ 1.15345, 44.84159 ], [ 1.15401, 44.84101 ], [ 1.15391, 44.84096 ], [ 1.15371, 44.841 ], [ 1.15354, 44.8411 ], [ 1.15342, 44.84129 ], [ 1.15332, 44.84151 ], [ 1.15304, 44.84162 ], [ 1.1527, 44.84161 ], [ 1.1524, 44.84155 ], [ 1.1523, 44.84143 ], [ 1.15216, 44.84135 ], [ 1.15189, 44.8414 ], [ 1.1517, 44.84148 ], [ 1.15157, 44.8416 ], [ 1.15135, 44.84161 ], [ 1.15114, 44.84157 ], [ 1.15097, 44.84155 ], [ 1.15079, 44.8415 ], [ 1.15069, 44.84143 ], [ 1.15069, 44.84116 ], [ 1.15058, 44.84102 ], [ 1.15042, 44.84087 ], [ 1.15023, 44.84077 ], [ 1.14999, 44.84071 ], [ 1.14975, 44.84071 ], [ 1.14946, 44.8407 ], [ 1.14934, 44.84068 ], [ 1.14919, 44.84058 ], [ 1.14918, 44.84058 ], [ 1.14829, 44.84052 ], [ 1.148, 44.84045 ], [ 1.14771, 44.84045 ], [ 1.14762, 44.84049 ], [ 1.14806, 44.84064 ] ] ], [ [ [ 1.2142, 44.84622 ], [ 1.2148, 44.84565 ], [ 1.21473, 44.84521 ], [ 1.21493, 44.84479 ], [ 1.21531, 44.84431 ], [ 1.21564, 44.84393 ], [ 1.21562, 44.84368 ], [ 1.21523, 44.84297 ], [ 1.21521, 44.84255 ], [ 1.21561, 44.8414 ], [ 1.21523, 44.84013 ], [ 1.21511, 44.83979 ], [ 1.21558, 44.83815 ], [ 1.216, 44.83728 ], [ 1.21609, 44.83684 ], [ 1.21602, 44.83634 ], [ 1.21617, 44.83594 ], [ 1.2168, 44.83524 ], [ 1.21713, 44.8348 ], [ 1.21776, 44.83423 ], [ 1.21828, 44.83387 ], [ 1.21861, 44.83339 ], [ 1.21859, 44.83279 ], [ 1.21886, 44.83147 ], [ 1.219, 44.83115 ], [ 1.21941, 44.83067 ], [ 1.22026, 44.83018 ], [ 1.22118, 44.82977 ], [ 1.22178, 44.82945 ], [ 1.22271, 44.8287 ], [ 1.22282, 44.82845 ], [ 1.22303, 44.82784 ], [ 1.22257, 44.82741 ], [ 1.22193, 44.82723 ], [ 1.2211, 44.82716 ], [ 1.22023, 44.82721 ], [ 1.21856, 44.82737 ], [ 1.21787, 44.82805 ], [ 1.21775, 44.82866 ], [ 1.21758, 44.82897 ], [ 1.21726, 44.82914 ], [ 1.2173, 44.82967 ], [ 1.21808, 44.82985 ], [ 1.21804, 44.83064 ], [ 1.21784, 44.83117 ], [ 1.21756, 44.83142 ], [ 1.21718, 44.83161 ], [ 1.21656, 44.83175 ], [ 1.21594, 44.83202 ], [ 1.21548, 44.83218 ], [ 1.21526, 44.83241 ], [ 1.21539, 44.83272 ], [ 1.21587, 44.83301 ], [ 1.21602, 44.83319 ], [ 1.21559, 44.83355 ], [ 1.21534, 44.83368 ], [ 1.21478, 44.83369 ], [ 1.21376, 44.83334 ], [ 1.21338, 44.83362 ], [ 1.21273, 44.83348 ], [ 1.2123, 44.83361 ], [ 1.21164, 44.83425 ], [ 1.21119, 44.83517 ], [ 1.21129, 44.83555 ], [ 1.2121, 44.83564 ], [ 1.21252, 44.83599 ], [ 1.21278, 44.83655 ], [ 1.21303, 44.83735 ], [ 1.21349, 44.83755 ], [ 1.21351, 44.83772 ], [ 1.21292, 44.83787 ], [ 1.2121, 44.83832 ], [ 1.21172, 44.83862 ], [ 1.20975, 44.83881 ], [ 1.20936, 44.8391 ], [ 1.20866, 44.83903 ], [ 1.20672, 44.83794 ], [ 1.20646, 44.8375 ], [ 1.20647, 44.83709 ], [ 1.20716, 44.8362 ], [ 1.20635, 44.83566 ], [ 1.20544, 44.83519 ], [ 1.2055, 44.83456 ], [ 1.2055, 44.83335 ], [ 1.20528, 44.83302 ], [ 1.20467, 44.83265 ], [ 1.20434, 44.83257 ], [ 1.20438, 44.83159 ], [ 1.20452, 44.83088 ], [ 1.20323, 44.83004 ], [ 1.20316, 44.82964 ], [ 1.20365, 44.82873 ], [ 1.20652, 44.82427 ], [ 1.20768, 44.82386 ], [ 1.20837, 44.8229 ], [ 1.2087, 44.82261 ], [ 1.20871, 44.82228 ], [ 1.20833, 44.82096 ], [ 1.20778, 44.82023 ], [ 1.20766, 44.81977 ], [ 1.20724, 44.81997 ], [ 1.20684, 44.82011 ], [ 1.20645, 44.82003 ], [ 1.20618, 44.8198 ], [ 1.20605, 44.8192 ], [ 1.20605, 44.81919 ], [ 1.20551, 44.81902 ], [ 1.20433, 44.81809 ], [ 1.20354, 44.81739 ], [ 1.20259, 44.81729 ], [ 1.20158, 44.81721 ], [ 1.20156, 44.81726 ], [ 1.20136, 44.81738 ], [ 1.20116, 44.81743 ], [ 1.20179, 44.81779 ], [ 1.20264, 44.81862 ], [ 1.20208, 44.81843 ], [ 1.20248, 44.81903 ], [ 1.20264, 44.81937 ], [ 1.20268, 44.81959 ], [ 1.20278, 44.82002 ], [ 1.20262, 44.82002 ], [ 1.20253, 44.82002 ], [ 1.20249, 44.81992 ], [ 1.20243, 44.8198 ], [ 1.20235, 44.81967 ], [ 1.20224, 44.81957 ], [ 1.20183, 44.81972 ], [ 1.20182, 44.81998 ], [ 1.20168, 44.82007 ], [ 1.2015, 44.81989 ], [ 1.2013, 44.81972 ], [ 1.20107, 44.81967 ], [ 1.20092, 44.81973 ], [ 1.20054, 44.81996 ], [ 1.19989, 44.82028 ], [ 1.19918, 44.82063 ], [ 1.19888, 44.82063 ], [ 1.19827, 44.82075 ], [ 1.19827, 44.82075 ], [ 1.19786, 44.82103 ], [ 1.1976, 44.82147 ], [ 1.1975, 44.82164 ], [ 1.19718, 44.82263 ], [ 1.19692, 44.82295 ], [ 1.19624, 44.8233 ], [ 1.19587, 44.82346 ], [ 1.19563, 44.82374 ], [ 1.19551, 44.82434 ], [ 1.19542, 44.82463 ], [ 1.19497, 44.82528 ], [ 1.19451, 44.82565 ], [ 1.19439, 44.82575 ], [ 1.19421, 44.82588 ], [ 1.19421, 44.82588 ], [ 1.19384, 44.82608 ], [ 1.19342, 44.82623 ], [ 1.19342, 44.82623 ], [ 1.19312, 44.82627 ], [ 1.19284, 44.82631 ], [ 1.19284, 44.82631 ], [ 1.19261, 44.82653 ], [ 1.19245, 44.82697 ], [ 1.19194, 44.82757 ], [ 1.19126, 44.8285 ], [ 1.19121, 44.82861 ], [ 1.19108, 44.82876 ], [ 1.19091, 44.82899 ], [ 1.19015, 44.82928 ], [ 1.19015, 44.82928 ], [ 1.19015, 44.82928 ], [ 1.19008, 44.82906 ], [ 1.19011, 44.82871 ], [ 1.19013, 44.82833 ], [ 1.1901, 44.82785 ], [ 1.19007, 44.82764 ], [ 1.19018, 44.82711 ], [ 1.19019, 44.82701 ], [ 1.19004, 44.82636 ], [ 1.19004, 44.82635 ], [ 1.18994, 44.82617 ], [ 1.18954, 44.82625 ], [ 1.18923, 44.8262 ], [ 1.18927, 44.82559 ], [ 1.18928, 44.82545 ], [ 1.18917, 44.82548 ], [ 1.18908, 44.82567 ], [ 1.18891, 44.82592 ], [ 1.18824, 44.82628 ], [ 1.18734, 44.82672 ], [ 1.18626, 44.82698 ], [ 1.18501, 44.82703 ], [ 1.18391, 44.82725 ], [ 1.18261, 44.8277 ], [ 1.18239, 44.82789 ], [ 1.18243, 44.82807 ], [ 1.18254, 44.82819 ], [ 1.18262, 44.82831 ], [ 1.18254, 44.8284 ], [ 1.18235, 44.82842 ], [ 1.18206, 44.8284 ], [ 1.18172, 44.82841 ], [ 1.18141, 44.8284 ], [ 1.18112, 44.82844 ], [ 1.18093, 44.82852 ], [ 1.1808, 44.82867 ], [ 1.18077, 44.82875 ], [ 1.18077, 44.82883 ], [ 1.18084, 44.82896 ], [ 1.18093, 44.82919 ], [ 1.18089, 44.82948 ], [ 1.1809, 44.82954 ], [ 1.18095, 44.83 ], [ 1.18095, 44.83 ], [ 1.18095, 44.83 ], [ 1.18098, 44.83034 ], [ 1.18092, 44.83138 ], [ 1.18093, 44.83139 ], [ 1.18131, 44.83153 ], [ 1.18153, 44.83157 ], [ 1.18177, 44.83171 ], [ 1.18208, 44.83198 ], [ 1.1819, 44.83206 ], [ 1.18164, 44.83212 ], [ 1.18117, 44.83211 ], [ 1.1808, 44.83208 ], [ 1.18044, 44.83202 ], [ 1.18021, 44.83182 ], [ 1.18031, 44.83202 ], [ 1.17987, 44.83272 ], [ 1.17977, 44.8331 ], [ 1.17991, 44.83359 ], [ 1.18026, 44.83415 ], [ 1.1807, 44.83446 ], [ 1.18129, 44.83464 ], [ 1.1816, 44.83477 ], [ 1.18176, 44.83525 ], [ 1.18185, 44.83609 ], [ 1.18199, 44.83651 ], [ 1.18257, 44.83706 ], [ 1.18277, 44.83744 ], [ 1.18327, 44.83804 ], [ 1.18397, 44.83862 ], [ 1.18507, 44.83898 ], [ 1.18581, 44.83906 ], [ 1.18645, 44.83904 ], [ 1.18748, 44.83902 ], [ 1.18912, 44.83869 ], [ 1.18919, 44.83829 ], [ 1.18932, 44.83816 ], [ 1.19004, 44.83793 ], [ 1.19043, 44.83763 ], [ 1.19013, 44.83698 ], [ 1.1901, 44.83574 ], [ 1.19276, 44.83485 ], [ 1.1949, 44.83431 ], [ 1.19544, 44.83407 ], [ 1.19727, 44.83462 ], [ 1.19829, 44.83489 ], [ 1.19936, 44.83557 ], [ 1.19972, 44.8366 ], [ 1.19998, 44.83779 ], [ 1.20039, 44.83778 ], [ 1.2011, 44.83828 ], [ 1.20093, 44.83897 ], [ 1.20148, 44.8397 ], [ 1.20126, 44.84036 ], [ 1.20136, 44.84058 ], [ 1.20179, 44.84102 ], [ 1.20272, 44.84457 ], [ 1.20349, 44.84467 ], [ 1.20393, 44.84451 ], [ 1.20471, 44.84494 ], [ 1.20691, 44.84531 ], [ 1.20801, 44.84537 ], [ 1.20831, 44.8458 ], [ 1.20879, 44.84609 ], [ 1.21095, 44.84708 ], [ 1.21189, 44.8469 ], [ 1.21295, 44.84659 ], [ 1.2138, 44.84604 ], [ 1.2142, 44.84622 ] ] ], [ [ [ 1.2076, 44.8189 ], [ 1.2076, 44.81893 ], [ 1.2076, 44.81893 ], [ 1.2076, 44.8189 ] ] ], [ [ [ 1.20677, 44.81733 ], [ 1.20633, 44.81697 ], [ 1.20676, 44.81733 ], [ 1.20679, 44.81732 ], [ 1.20727, 44.81718 ], [ 1.20677, 44.81733 ] ] ], [ [ [ 1.20029, 44.81517 ], [ 1.20026, 44.81517 ], [ 1.2002, 44.81518 ], [ 1.20033, 44.81551 ], [ 1.20068, 44.8155 ], [ 1.20113, 44.81542 ], [ 1.20116, 44.81515 ], [ 1.20029, 44.81517 ] ] ], [ [ [ 1.19947, 44.81606 ], [ 1.19947, 44.81606 ], [ 1.19938, 44.81591 ], [ 1.19947, 44.81606 ] ] ], [ [ [ 1.19725, 44.81857 ], [ 1.19725, 44.81857 ], [ 1.19773, 44.81805 ], [ 1.19725, 44.81857 ] ] ], [ [ [ 1.19582, 44.81944 ], [ 1.19582, 44.81944 ], [ 1.19582, 44.81944 ], [ 1.19582, 44.81944 ] ] ], [ [ [ 1.19157, 44.82388 ], [ 1.19124, 44.82389 ], [ 1.19157, 44.82388 ], [ 1.19166, 44.82382 ], [ 1.19157, 44.82388 ] ] ], [ [ [ 1.18931, 44.82508 ], [ 1.18928, 44.82506 ], [ 1.18927, 44.82512 ], [ 1.18927, 44.82513 ], [ 1.1893, 44.82521 ], [ 1.18931, 44.82508 ] ] ], [ [ [ 1.18271, 44.82602 ], [ 1.18275, 44.82605 ], [ 1.18275, 44.82605 ], [ 1.18271, 44.82602 ] ] ], [ [ [ 1.18227, 44.82616 ], [ 1.18227, 44.82616 ], [ 1.18234, 44.82612 ], [ 1.18227, 44.82616 ] ] ], [ [ [ 1.1811, 44.82646 ], [ 1.18113, 44.82645 ], [ 1.18113, 44.82645 ], [ 1.1811, 44.82646 ] ] ], [ [ [ 1.18063, 44.82682 ], [ 1.18063, 44.82682 ], [ 1.18065, 44.82676 ], [ 1.18063, 44.82682 ] ] ], [ [ [ 1.18021, 44.82733 ], [ 1.1802, 44.82736 ], [ 1.1802, 44.82736 ], [ 1.18021, 44.82733 ], [ 1.18034, 44.8271 ], [ 1.18021, 44.82733 ] ] ], [ [ [ 1.17992, 44.8277 ], [ 1.17973, 44.8278 ], [ 1.17961, 44.82795 ], [ 1.17971, 44.828 ], [ 1.17972, 44.82797 ], [ 1.17992, 44.8277 ], [ 1.17992, 44.8277 ] ] ], [ [ [ 1.17998, 44.82943 ], [ 1.17998, 44.82943 ], [ 1.17984, 44.82917 ], [ 1.17998, 44.82943 ] ] ], [ [ [ 1.18008, 44.82999 ], [ 1.18008, 44.82999 ], [ 1.18009, 44.82986 ], [ 1.18008, 44.82999 ] ] ], [ [ [ 1.18002, 44.8307 ], [ 1.18006, 44.83027 ], [ 1.18006, 44.83027 ], [ 1.18002, 44.8307 ] ] ], [ [ [ 1.18233, 44.83776 ], [ 1.18142, 44.83665 ], [ 1.18103, 44.83656 ], [ 1.18044, 44.83648 ], [ 1.18027, 44.83616 ], [ 1.18023, 44.83577 ], [ 1.17996, 44.83525 ], [ 1.17969, 44.8344 ], [ 1.17942, 44.83408 ], [ 1.17934, 44.8337 ], [ 1.17923, 44.83346 ], [ 1.1787, 44.83347 ], [ 1.1787, 44.83313 ], [ 1.17879, 44.83311 ], [ 1.17834, 44.83304 ], [ 1.17796, 44.83293 ], [ 1.1778, 44.83278 ], [ 1.17805, 44.8326 ], [ 1.17836, 44.83245 ], [ 1.17838, 44.83243 ], [ 1.176, 44.83177 ], [ 1.17603, 44.83145 ], [ 1.17792, 44.83081 ], [ 1.17791, 44.83072 ], [ 1.17793, 44.83035 ], [ 1.17807, 44.8301 ], [ 1.17819, 44.82983 ], [ 1.17827, 44.82968 ], [ 1.17812, 44.8296 ], [ 1.17795, 44.8296 ], [ 1.17769, 44.82968 ], [ 1.17734, 44.82979 ], [ 1.17704, 44.82975 ], [ 1.17667, 44.82964 ], [ 1.17644, 44.82945 ], [ 1.17629, 44.82931 ], [ 1.17642, 44.82917 ], [ 1.1766, 44.82893 ], [ 1.17677, 44.82873 ], [ 1.17701, 44.82861 ], [ 1.17701, 44.82841 ], [ 1.17695, 44.82825 ], [ 1.17673, 44.82812 ], [ 1.17631, 44.82811 ], [ 1.17591, 44.82812 ], [ 1.1757, 44.82804 ], [ 1.17543, 44.82789 ], [ 1.17533, 44.82776 ], [ 1.17504, 44.82766 ], [ 1.17467, 44.82767 ], [ 1.17444, 44.82783 ], [ 1.17423, 44.82798 ], [ 1.17378, 44.8282 ], [ 1.17386, 44.82856 ], [ 1.17394, 44.82878 ], [ 1.1741, 44.82895 ], [ 1.1742, 44.82911 ], [ 1.17428, 44.82924 ], [ 1.17432, 44.82938 ], [ 1.17433, 44.82955 ], [ 1.17436, 44.82966 ], [ 1.17442, 44.82981 ], [ 1.17457, 44.82996 ], [ 1.17457, 44.83017 ], [ 1.17481, 44.83069 ], [ 1.17551, 44.83108 ], [ 1.17555, 44.83146 ], [ 1.17472, 44.83282 ], [ 1.17429, 44.83384 ], [ 1.17398, 44.83432 ], [ 1.17385, 44.83459 ], [ 1.17403, 44.83476 ], [ 1.17396, 44.83514 ], [ 1.17367, 44.8354 ], [ 1.17342, 44.83548 ], [ 1.17326, 44.83587 ], [ 1.17334, 44.83592 ], [ 1.17383, 44.83592 ], [ 1.17408, 44.83593 ], [ 1.17437, 44.83603 ], [ 1.17462, 44.83628 ], [ 1.17295, 44.83708 ], [ 1.17346, 44.83734 ], [ 1.1735, 44.83767 ], [ 1.17319, 44.83767 ], [ 1.17319, 44.83773 ], [ 1.17307, 44.83789 ], [ 1.17301, 44.83796 ], [ 1.17276, 44.83797 ], [ 1.17269, 44.83803 ], [ 1.17217, 44.83854 ], [ 1.17212, 44.8387 ], [ 1.17212, 44.83872 ], [ 1.1722, 44.83928 ], [ 1.17246, 44.83966 ], [ 1.17251, 44.83969 ], [ 1.17282, 44.83984 ], [ 1.17278, 44.84 ], [ 1.17285, 44.83998 ], [ 1.17313, 44.84006 ], [ 1.17324, 44.84021 ], [ 1.1732, 44.84122 ], [ 1.17493, 44.8417 ], [ 1.1758, 44.84176 ], [ 1.17745, 44.84169 ], [ 1.1783, 44.84151 ], [ 1.1787, 44.84161 ], [ 1.17934, 44.842 ], [ 1.18026, 44.84205 ], [ 1.18192, 44.84007 ], [ 1.18233, 44.83776 ] ] ], [ [ [ 1.17837, 44.82809 ], [ 1.17837, 44.82809 ], [ 1.17859, 44.8287 ], [ 1.17837, 44.82809 ] ] ], [ [ [ 1.1783, 44.82757 ], [ 1.1782, 44.82713 ], [ 1.17786, 44.82709 ], [ 1.1782, 44.82718 ], [ 1.17832, 44.82772 ], [ 1.1783, 44.82757 ] ] ], [ [ [ 1.17665, 44.82673 ], [ 1.17607, 44.82653 ], [ 1.17709, 44.8269 ], [ 1.17712, 44.82691 ], [ 1.17665, 44.82673 ] ] ], [ [ [ 1.17557, 44.82614 ], [ 1.17605, 44.82651 ], [ 1.17605, 44.82651 ], [ 1.17557, 44.82614 ] ] ], [ [ [ 1.17555, 44.82613 ], [ 1.17555, 44.82613 ], [ 1.17557, 44.82614 ], [ 1.17555, 44.82613 ] ] ], [ [ [ 1.17543, 44.82604 ], [ 1.17554, 44.82613 ], [ 1.17554, 44.82613 ], [ 1.17543, 44.82604 ] ] ], [ [ [ 1.16923, 44.82456 ], [ 1.16923, 44.82456 ], [ 1.16935, 44.82445 ], [ 1.16923, 44.82456 ] ] ], [ [ [ 1.1691, 44.82438 ], [ 1.169, 44.8245 ], [ 1.169, 44.8245 ], [ 1.1691, 44.82438 ] ] ], [ [ [ 1.16079, 44.82205 ], [ 1.16079, 44.82205 ], [ 1.16102, 44.82203 ], [ 1.16079, 44.82205 ] ] ], [ [ [ 1.16057, 44.82289 ], [ 1.16026, 44.82232 ], [ 1.16024, 44.82233 ], [ 1.16057, 44.82289 ] ] ], [ [ [ 1.16137, 44.82423 ], [ 1.16315, 44.82495 ], [ 1.16577, 44.82561 ], [ 1.16903, 44.82674 ], [ 1.17115, 44.82803 ], [ 1.17112, 44.82799 ], [ 1.17108, 44.82738 ], [ 1.17054, 44.82652 ], [ 1.16939, 44.82587 ], [ 1.16829, 44.82547 ], [ 1.16465, 44.8245 ], [ 1.16377, 44.82425 ], [ 1.16341, 44.82412 ], [ 1.16262, 44.82422 ], [ 1.16177, 44.82434 ], [ 1.1613, 44.82412 ], [ 1.16137, 44.82423 ] ] ], [ [ [ 1.17241, 44.83099 ], [ 1.17242, 44.83099 ], [ 1.17241, 44.83095 ], [ 1.17241, 44.83099 ] ] ], [ [ [ 1.1725, 44.83387 ], [ 1.1725, 44.83387 ], [ 1.1725, 44.83387 ], [ 1.1725, 44.83387 ] ] ], [ [ [ 1.17318, 44.83767 ], [ 1.17318, 44.83767 ], [ 1.17319, 44.83767 ], [ 1.17318, 44.83767 ] ] ], [ [ [ 1.25256, 44.83177 ], [ 1.25159, 44.83284 ], [ 1.2509, 44.83362 ], [ 1.25256, 44.83177 ] ] ], [ [ [ 1.25345, 44.83021 ], [ 1.25344, 44.82982 ], [ 1.25322, 44.82924 ], [ 1.25243, 44.82744 ], [ 1.25274, 44.8288 ], [ 1.25285, 44.82908 ], [ 1.25292, 44.82926 ], [ 1.25306, 44.82974 ], [ 1.25307, 44.83024 ], [ 1.25312, 44.83081 ], [ 1.25312, 44.83086 ], [ 1.25309, 44.83112 ], [ 1.25345, 44.83021 ] ] ], [ [ [ 1.25127, 44.82681 ], [ 1.25146, 44.82693 ], [ 1.25158, 44.827 ], [ 1.2519, 44.82716 ], [ 1.2522, 44.82732 ], [ 1.25243, 44.82744 ], [ 1.25127, 44.82681 ] ] ], [ [ [ 1.24748, 44.82546 ], [ 1.24692, 44.82645 ], [ 1.24674, 44.82745 ], [ 1.24374, 44.8282 ], [ 1.24326, 44.82797 ], [ 1.24112, 44.82841 ], [ 1.24049, 44.82899 ], [ 1.24026, 44.82957 ], [ 1.23884, 44.83062 ], [ 1.23737, 44.83178 ], [ 1.23696, 44.83338 ], [ 1.23494, 44.83492 ], [ 1.23419, 44.83472 ], [ 1.23346, 44.83352 ], [ 1.2334, 44.83208 ], [ 1.23377, 44.83121 ], [ 1.23295, 44.83057 ], [ 1.23236, 44.83031 ], [ 1.23134, 44.83015 ], [ 1.22989, 44.82992 ], [ 1.22818, 44.82943 ], [ 1.22746, 44.829 ], [ 1.2264, 44.82816 ], [ 1.22611, 44.8279 ], [ 1.22537, 44.82736 ], [ 1.22492, 44.82711 ], [ 1.22422, 44.82706 ], [ 1.22397, 44.82715 ], [ 1.2239, 44.82785 ], [ 1.22406, 44.82795 ], [ 1.22436, 44.82887 ], [ 1.22543, 44.82825 ], [ 1.22588, 44.82837 ], [ 1.22599, 44.82858 ], [ 1.22755, 44.82974 ], [ 1.22798, 44.83015 ], [ 1.22844, 44.83133 ], [ 1.2282, 44.83247 ], [ 1.23121, 44.83266 ], [ 1.23085, 44.83465 ], [ 1.23066, 44.83867 ], [ 1.22996, 44.84012 ], [ 1.22978, 44.84086 ], [ 1.23001, 44.84142 ], [ 1.23088, 44.84275 ], [ 1.23182, 44.84399 ], [ 1.23147, 44.84551 ], [ 1.23077, 44.84691 ], [ 1.2307, 44.84781 ], [ 1.23134, 44.84804 ], [ 1.23289, 44.84722 ], [ 1.23347, 44.845 ], [ 1.23692, 44.8448 ], [ 1.2376, 44.84318 ], [ 1.23737, 44.84103 ], [ 1.23732, 44.83942 ], [ 1.23875, 44.83951 ], [ 1.23979, 44.83998 ], [ 1.23861, 44.84135 ], [ 1.24017, 44.84284 ], [ 1.24196, 44.84357 ], [ 1.24339, 44.84341 ], [ 1.24239, 44.84591 ], [ 1.24173, 44.84805 ], [ 1.24128, 44.84941 ], [ 1.24133, 44.85073 ], [ 1.24179, 44.85202 ], [ 1.24185, 44.85324 ], [ 1.24091, 44.85417 ], [ 1.2408, 44.85467 ], [ 1.24124, 44.85688 ], [ 1.24281, 44.85708 ], [ 1.2428, 44.85734 ], [ 1.24378, 44.85769 ], [ 1.24505, 44.85773 ], [ 1.24507, 44.85772 ], [ 1.24518, 44.85767 ], [ 1.24525, 44.85764 ], [ 1.24531, 44.85761 ], [ 1.24551, 44.85752 ], [ 1.24563, 44.85747 ], [ 1.24603, 44.85732 ], [ 1.24644, 44.85716 ], [ 1.24667, 44.85706 ], [ 1.24717, 44.85681 ], [ 1.24755, 44.85661 ], [ 1.24769, 44.85651 ], [ 1.24783, 44.85639 ], [ 1.24792, 44.85627 ], [ 1.24794, 44.85619 ], [ 1.24793, 44.85542 ], [ 1.24793, 44.855 ], [ 1.24794, 44.85482 ], [ 1.24793, 44.85465 ], [ 1.24788, 44.85437 ], [ 1.24787, 44.85424 ], [ 1.2479, 44.85413 ], [ 1.2479, 44.85412 ], [ 1.24793, 44.85406 ], [ 1.24793, 44.85406 ], [ 1.248, 44.85398 ], [ 1.24831, 44.85373 ], [ 1.24846, 44.85361 ], [ 1.24878, 44.85335 ], [ 1.24901, 44.85317 ], [ 1.24913, 44.85306 ], [ 1.24914, 44.853 ], [ 1.24909, 44.85295 ], [ 1.24907, 44.85294 ], [ 1.24905, 44.85294 ], [ 1.24899, 44.85293 ], [ 1.24886, 44.85293 ], [ 1.24881, 44.85294 ], [ 1.24864, 44.85296 ], [ 1.24854, 44.85298 ], [ 1.24817, 44.85309 ], [ 1.2481, 44.85311 ], [ 1.24789, 44.85319 ], [ 1.24775, 44.85323 ], [ 1.24747, 44.85328 ], [ 1.2474, 44.8533 ], [ 1.24735, 44.85331 ], [ 1.24732, 44.85331 ], [ 1.24727, 44.85332 ], [ 1.24711, 44.85334 ], [ 1.24706, 44.85334 ], [ 1.24694, 44.85335 ], [ 1.24689, 44.85335 ], [ 1.24685, 44.85336 ], [ 1.24685, 44.85336 ], [ 1.24671, 44.85336 ], [ 1.2467, 44.85336 ], [ 1.24651, 44.85337 ], [ 1.24642, 44.85335 ], [ 1.24621, 44.85331 ], [ 1.246, 44.85327 ], [ 1.24582, 44.85327 ], [ 1.24557, 44.85328 ], [ 1.24538, 44.8533 ], [ 1.24521, 44.85334 ], [ 1.2451, 44.85334 ], [ 1.245, 44.85333 ], [ 1.24484, 44.85328 ], [ 1.24485, 44.85324 ], [ 1.2449, 44.85313 ], [ 1.24493, 44.85306 ], [ 1.24507, 44.8528 ], [ 1.24511, 44.85273 ], [ 1.24516, 44.85263 ], [ 1.24537, 44.8523 ], [ 1.24555, 44.85204 ], [ 1.2456, 44.85196 ], [ 1.24573, 44.85177 ], [ 1.24577, 44.8517 ], [ 1.24591, 44.85151 ], [ 1.24592, 44.85149 ], [ 1.24612, 44.85119 ], [ 1.24613, 44.85117 ], [ 1.24629, 44.85094 ], [ 1.24637, 44.85082 ], [ 1.24646, 44.85068 ], [ 1.24655, 44.85057 ], [ 1.24666, 44.85042 ], [ 1.24666, 44.85042 ], [ 1.24667, 44.8504 ], [ 1.24665, 44.8504 ], [ 1.24665, 44.8504 ], [ 1.24664, 44.85039 ], [ 1.24662, 44.85036 ], [ 1.24661, 44.85036 ], [ 1.24653, 44.85035 ], [ 1.24653, 44.8503 ], [ 1.24653, 44.85027 ], [ 1.24653, 44.85018 ], [ 1.24655, 44.85017 ], [ 1.24655, 44.85017 ], [ 1.24676, 44.85015 ], [ 1.24674, 44.85013 ], [ 1.24661, 44.84996 ], [ 1.24641, 44.84972 ], [ 1.24639, 44.84953 ], [ 1.24639, 44.84948 ], [ 1.24639, 44.84945 ], [ 1.24639, 44.84921 ], [ 1.24643, 44.84921 ], [ 1.24646, 44.84884 ], [ 1.24647, 44.84874 ], [ 1.24648, 44.84858 ], [ 1.24653, 44.84802 ], [ 1.24658, 44.84755 ], [ 1.24658, 44.84754 ], [ 1.24658, 44.8475 ], [ 1.24658, 44.8475 ], [ 1.24695, 44.8471 ], [ 1.24738, 44.84664 ], [ 1.24738, 44.84664 ], [ 1.2476, 44.84641 ], [ 1.24761, 44.84639 ], [ 1.24792, 44.84605 ], [ 1.24796, 44.84601 ], [ 1.24815, 44.84581 ], [ 1.24822, 44.84553 ], [ 1.24834, 44.84561 ], [ 1.2484, 44.84554 ], [ 1.24841, 44.84553 ], [ 1.24841, 44.84553 ], [ 1.24883, 44.84507 ], [ 1.24919, 44.84469 ], [ 1.24927, 44.84459 ], [ 1.2495, 44.84435 ], [ 1.2498, 44.84402 ], [ 1.24987, 44.84395 ], [ 1.24987, 44.84394 ], [ 1.25003, 44.84378 ], [ 1.25031, 44.84347 ], [ 1.25033, 44.84345 ], [ 1.25033, 44.84345 ], [ 1.25014, 44.8433 ], [ 1.25, 44.84275 ], [ 1.24957, 44.84189 ], [ 1.24957, 44.84189 ], [ 1.24957, 44.84189 ], [ 1.25003, 44.84147 ], [ 1.24982, 44.84116 ], [ 1.24963, 44.84051 ], [ 1.24939, 44.83972 ], [ 1.24914, 44.83905 ], [ 1.24891, 44.83843 ], [ 1.24887, 44.83761 ], [ 1.24951, 44.83659 ], [ 1.24957, 44.83646 ], [ 1.24965, 44.83628 ], [ 1.24962, 44.83565 ], [ 1.24962, 44.83554 ], [ 1.24977, 44.83514 ], [ 1.25001, 44.83457 ], [ 1.25013, 44.83435 ], [ 1.25041, 44.83382 ], [ 1.25073, 44.83333 ], [ 1.25103, 44.8329 ], [ 1.2512, 44.83262 ], [ 1.25152, 44.83228 ], [ 1.25165, 44.83215 ], [ 1.25203, 44.83174 ], [ 1.25257, 44.83119 ], [ 1.25265, 44.83108 ], [ 1.25274, 44.83095 ], [ 1.25264, 44.83077 ], [ 1.25254, 44.83057 ], [ 1.25239, 44.82961 ], [ 1.2523, 44.82893 ], [ 1.25228, 44.82875 ], [ 1.25208, 44.82839 ], [ 1.2521, 44.82824 ], [ 1.25213, 44.82811 ], [ 1.25195, 44.82774 ], [ 1.25195, 44.82773 ], [ 1.25188, 44.8277 ], [ 1.25165, 44.8276 ], [ 1.2511, 44.82762 ], [ 1.2511, 44.82762 ], [ 1.2511, 44.82762 ], [ 1.25101, 44.82753 ], [ 1.25092, 44.82744 ], [ 1.25078, 44.82758 ], [ 1.25072, 44.82765 ], [ 1.25072, 44.82765 ], [ 1.25072, 44.82765 ], [ 1.25048, 44.82764 ], [ 1.25019, 44.82763 ], [ 1.25005, 44.82786 ], [ 1.25004, 44.82789 ], [ 1.25004, 44.82789 ], [ 1.25004, 44.82789 ], [ 1.24971, 44.82778 ], [ 1.24971, 44.82778 ], [ 1.24971, 44.82778 ], [ 1.24981, 44.82757 ], [ 1.24992, 44.82734 ], [ 1.24986, 44.82727 ], [ 1.2498, 44.82719 ], [ 1.24966, 44.82695 ], [ 1.24963, 44.82691 ], [ 1.24912, 44.82683 ], [ 1.24908, 44.82683 ], [ 1.24888, 44.82672 ], [ 1.24886, 44.82647 ], [ 1.24902, 44.82621 ], [ 1.24915, 44.82599 ], [ 1.25059, 44.82645 ], [ 1.24748, 44.82546 ] ] ], [ [ [ 1.24781, 44.85889 ], [ 1.24802, 44.85897 ], [ 1.24807, 44.85962 ], [ 1.24902, 44.86018 ], [ 1.2504, 44.86131 ], [ 1.25144, 44.86042 ], [ 1.25157, 44.86037 ], [ 1.25155, 44.86035 ], [ 1.25148, 44.8603 ], [ 1.25149, 44.86029 ], [ 1.25149, 44.86026 ], [ 1.25148, 44.86023 ], [ 1.25148, 44.86023 ], [ 1.25148, 44.86016 ], [ 1.25148, 44.86011 ], [ 1.25147, 44.86 ], [ 1.25147, 44.85994 ], [ 1.25147, 44.85994 ], [ 1.25148, 44.85982 ], [ 1.25148, 44.85982 ], [ 1.25149, 44.85976 ], [ 1.25152, 44.85958 ], [ 1.25153, 44.85954 ], [ 1.25155, 44.85944 ], [ 1.25155, 44.85944 ], [ 1.25155, 44.85944 ], [ 1.25155, 44.85944 ], [ 1.25156, 44.85943 ], [ 1.25157, 44.8594 ], [ 1.25157, 44.8594 ], [ 1.25163, 44.85923 ], [ 1.25167, 44.85914 ], [ 1.25169, 44.85911 ], [ 1.2517, 44.85908 ], [ 1.25175, 44.85897 ], [ 1.25176, 44.85894 ], [ 1.25185, 44.85884 ], [ 1.25188, 44.85882 ], [ 1.2517, 44.85879 ], [ 1.25118, 44.85872 ], [ 1.25104, 44.85869 ], [ 1.25097, 44.85868 ], [ 1.25092, 44.85866 ], [ 1.25084, 44.85863 ], [ 1.25077, 44.8586 ], [ 1.25066, 44.85851 ], [ 1.25059, 44.85843 ], [ 1.25023, 44.85803 ], [ 1.24996, 44.85774 ], [ 1.24975, 44.85758 ], [ 1.24956, 44.85746 ], [ 1.24951, 44.85743 ], [ 1.24943, 44.85741 ], [ 1.24941, 44.8574 ], [ 1.2493, 44.85741 ], [ 1.24907, 44.85749 ], [ 1.24882, 44.85759 ], [ 1.24866, 44.85764 ], [ 1.24859, 44.85766 ], [ 1.24845, 44.85766 ], [ 1.24791, 44.85768 ], [ 1.24773, 44.8577 ], [ 1.24757, 44.85773 ], [ 1.2472, 44.85785 ], [ 1.24709, 44.85789 ], [ 1.24703, 44.85791 ], [ 1.2469, 44.85863 ], [ 1.24781, 44.85889 ] ] ], [ [ [ 1.22053, 44.83408 ], [ 1.21998, 44.83453 ], [ 1.219, 44.83504 ], [ 1.21859, 44.83534 ], [ 1.21828, 44.83589 ], [ 1.21811, 44.8365 ], [ 1.21774, 44.83705 ], [ 1.2174, 44.83779 ], [ 1.2172, 44.83819 ], [ 1.21679, 44.83872 ], [ 1.21713, 44.8394 ], [ 1.2173, 44.84003 ], [ 1.21721, 44.8407 ], [ 1.21693, 44.84127 ], [ 1.21661, 44.84217 ], [ 1.21655, 44.84267 ], [ 1.21655, 44.84327 ], [ 1.21689, 44.84389 ], [ 1.21643, 44.8452 ], [ 1.21597, 44.84556 ], [ 1.21602, 44.84624 ], [ 1.21576, 44.84733 ], [ 1.21582, 44.8481 ], [ 1.21648, 44.84885 ], [ 1.21682, 44.84913 ], [ 1.21694, 44.84987 ], [ 1.21729, 44.85035 ], [ 1.21849, 44.84961 ], [ 1.21921, 44.84895 ], [ 1.21857, 44.8484 ], [ 1.2187, 44.84718 ], [ 1.22022, 44.84555 ], [ 1.22, 44.84436 ], [ 1.22027, 44.84413 ], [ 1.22132, 44.84408 ], [ 1.22275, 44.84285 ], [ 1.2223, 44.8411 ], [ 1.22314, 44.84046 ], [ 1.22253, 44.8389 ], [ 1.22163, 44.83658 ], [ 1.2209, 44.83398 ], [ 1.22053, 44.83408 ] ] ], [ [ [ 1.17253, 44.84893 ], [ 1.17264, 44.84939 ], [ 1.17317, 44.84952 ], [ 1.17397, 44.84907 ], [ 1.17359, 44.8485 ], [ 1.1734, 44.84806 ], [ 1.17342, 44.84722 ], [ 1.17235, 44.8469 ], [ 1.1714, 44.84655 ], [ 1.17028, 44.8462 ], [ 1.17001, 44.84584 ], [ 1.16967, 44.84579 ], [ 1.16916, 44.84599 ], [ 1.16881, 44.84643 ], [ 1.16852, 44.84692 ], [ 1.16811, 44.8474 ], [ 1.16791, 44.84772 ], [ 1.16782, 44.84808 ], [ 1.16806, 44.8486 ], [ 1.16842, 44.84895 ], [ 1.16932, 44.84922 ], [ 1.17043, 44.84959 ], [ 1.17108, 44.84964 ], [ 1.17112, 44.84918 ], [ 1.17149, 44.84886 ], [ 1.17253, 44.84893 ] ] ], [ [ [ 1.16046, 44.85472 ], [ 1.16091, 44.85447 ], [ 1.16124, 44.85343 ], [ 1.16205, 44.85273 ], [ 1.16145, 44.85166 ], [ 1.16043, 44.85071 ], [ 1.16046, 44.85029 ], [ 1.16266, 44.84952 ], [ 1.16295, 44.84798 ], [ 1.16342, 44.84645 ], [ 1.16808, 44.84659 ], [ 1.16829, 44.84595 ], [ 1.16805, 44.84531 ], [ 1.16807, 44.84449 ], [ 1.16843, 44.8439 ], [ 1.16821, 44.84234 ], [ 1.16803, 44.84233 ], [ 1.16766, 44.84226 ], [ 1.16711, 44.84222 ], [ 1.16678, 44.84211 ], [ 1.16561, 44.84135 ], [ 1.16498, 44.84127 ], [ 1.16444, 44.84126 ], [ 1.16406, 44.84131 ], [ 1.16381, 44.84143 ], [ 1.16373, 44.84172 ], [ 1.16358, 44.84188 ], [ 1.16329, 44.84201 ], [ 1.16305, 44.84213 ], [ 1.16282, 44.84217 ], [ 1.16257, 44.84214 ], [ 1.16238, 44.84201 ], [ 1.16217, 44.84204 ], [ 1.16194, 44.84212 ], [ 1.16167, 44.84214 ], [ 1.16148, 44.84221 ], [ 1.16134, 44.84253 ], [ 1.16134, 44.8428 ], [ 1.1613, 44.84314 ], [ 1.16157, 44.8434 ], [ 1.16196, 44.84384 ], [ 1.16183, 44.84396 ], [ 1.1614, 44.84398 ], [ 1.16101, 44.84403 ], [ 1.16076, 44.84431 ], [ 1.16063, 44.84465 ], [ 1.16003, 44.84497 ], [ 1.15945, 44.84535 ], [ 1.1592, 44.84544 ], [ 1.1585, 44.84716 ], [ 1.15813, 44.84874 ], [ 1.15815, 44.85029 ], [ 1.15821, 44.85143 ], [ 1.158, 44.85205 ], [ 1.15804, 44.85299 ], [ 1.15895, 44.85382 ], [ 1.15872, 44.85398 ], [ 1.1574, 44.85377 ], [ 1.157, 44.85412 ], [ 1.157, 44.85529 ], [ 1.15725, 44.85587 ], [ 1.15676, 44.85601 ], [ 1.15606, 44.85598 ], [ 1.15506, 44.85647 ], [ 1.15452, 44.85701 ], [ 1.15439, 44.85783 ], [ 1.15419, 44.85963 ], [ 1.15425, 44.8608 ], [ 1.15673, 44.86084 ], [ 1.15671, 44.8603 ], [ 1.15748, 44.85993 ], [ 1.15919, 44.85978 ], [ 1.15967, 44.85872 ], [ 1.15998, 44.85718 ], [ 1.1604, 44.85528 ], [ 1.16046, 44.85472 ] ] ], [ [ [ 1.16369, 44.83937 ], [ 1.16344, 44.83938 ], [ 1.16369, 44.83937 ], [ 1.16392, 44.83936 ], [ 1.16369, 44.83937 ] ] ], [ [ [ 1.16007, 44.84036 ], [ 1.15998, 44.84061 ], [ 1.16007, 44.84036 ], [ 1.16017, 44.84024 ], [ 1.16007, 44.84036 ] ] ], [ [ [ 1.15901, 44.84476 ], [ 1.15887, 44.84543 ], [ 1.15901, 44.84476 ], [ 1.15897, 44.84448 ], [ 1.15901, 44.84476 ] ] ], [ [ [ 1.15265, 44.85761 ], [ 1.1528, 44.85711 ], [ 1.1535, 44.85594 ], [ 1.15423, 44.85535 ], [ 1.15441, 44.85485 ], [ 1.155, 44.85467 ], [ 1.15538, 44.85396 ], [ 1.15599, 44.85316 ], [ 1.15623, 44.8525 ], [ 1.15596, 44.85216 ], [ 1.15625, 44.8518 ], [ 1.15661, 44.8506 ], [ 1.15694, 44.84992 ], [ 1.1568, 44.84954 ], [ 1.15658, 44.84936 ], [ 1.15633, 44.84903 ], [ 1.15679, 44.84864 ], [ 1.15734, 44.84664 ], [ 1.15776, 44.84578 ], [ 1.15777, 44.84496 ], [ 1.15736, 44.84453 ], [ 1.1574, 44.84393 ], [ 1.15821, 44.84272 ], [ 1.15852, 44.84172 ], [ 1.15887, 44.84086 ], [ 1.15902, 44.84036 ], [ 1.15887, 44.84086 ], [ 1.15842, 44.84102 ], [ 1.15745, 44.84137 ], [ 1.15746, 44.84084 ], [ 1.15737, 44.84065 ], [ 1.15713, 44.84087 ], [ 1.15682, 44.84079 ], [ 1.15639, 44.84079 ], [ 1.15603, 44.84093 ], [ 1.15598, 44.84091 ], [ 1.15592, 44.841 ], [ 1.15591, 44.84122 ], [ 1.15602, 44.84127 ], [ 1.15611, 44.84127 ], [ 1.15603, 44.8415 ], [ 1.15598, 44.84161 ], [ 1.15594, 44.84176 ], [ 1.15568, 44.84186 ], [ 1.15527, 44.84185 ], [ 1.15543, 44.84187 ], [ 1.15578, 44.84191 ], [ 1.1565, 44.84191 ], [ 1.15649, 44.84247 ], [ 1.15631, 44.8435 ], [ 1.15633, 44.84393 ], [ 1.15656, 44.84486 ], [ 1.15634, 44.84531 ], [ 1.15595, 44.84566 ], [ 1.15542, 44.84623 ], [ 1.15532, 44.84645 ], [ 1.15532, 44.84688 ], [ 1.15518, 44.84716 ], [ 1.15494, 44.84719 ], [ 1.1544, 44.84706 ], [ 1.1542, 44.84744 ], [ 1.15401, 44.84753 ], [ 1.15328, 44.84799 ], [ 1.15302, 44.84825 ], [ 1.15286, 44.84883 ], [ 1.15456, 44.84971 ], [ 1.15575, 44.8505 ], [ 1.15585, 44.85102 ], [ 1.15514, 44.85168 ], [ 1.15469, 44.85155 ], [ 1.15443, 44.85189 ], [ 1.15383, 44.85201 ], [ 1.15366, 44.85169 ], [ 1.15322, 44.85152 ], [ 1.15255, 44.85121 ], [ 1.15215, 44.85177 ], [ 1.15176, 44.85152 ], [ 1.1516, 44.8523 ], [ 1.15155, 44.85316 ], [ 1.15182, 44.85378 ], [ 1.15183, 44.85424 ], [ 1.15085, 44.85409 ], [ 1.15046, 44.85405 ], [ 1.14998, 44.85392 ], [ 1.14974, 44.85352 ], [ 1.14907, 44.85317 ], [ 1.14845, 44.8531 ], [ 1.14797, 44.85308 ], [ 1.14815, 44.85268 ], [ 1.14821, 44.85236 ], [ 1.14819, 44.85196 ], [ 1.14789, 44.8514 ], [ 1.14717, 44.85075 ], [ 1.14668, 44.8502 ], [ 1.14549, 44.85043 ], [ 1.1448, 44.85104 ], [ 1.14499, 44.85142 ], [ 1.14536, 44.85139 ], [ 1.14608, 44.85168 ], [ 1.14654, 44.8525 ], [ 1.14693, 44.85281 ], [ 1.14712, 44.85319 ], [ 1.14688, 44.85377 ], [ 1.14685, 44.85415 ], [ 1.14428, 44.85479 ], [ 1.14395, 44.85504 ], [ 1.14369, 44.85564 ], [ 1.14326, 44.85596 ], [ 1.1425, 44.85589 ], [ 1.13834, 44.855 ], [ 1.13743, 44.85441 ], [ 1.13733, 44.85377 ], [ 1.13814, 44.85384 ], [ 1.1387, 44.85412 ], [ 1.13988, 44.85456 ], [ 1.14027, 44.85462 ], [ 1.14064, 44.85446 ], [ 1.14093, 44.85401 ], [ 1.14142, 44.85343 ], [ 1.14211, 44.853 ], [ 1.1414, 44.85191 ], [ 1.1408, 44.8504 ], [ 1.1405, 44.84993 ], [ 1.14048, 44.84926 ], [ 1.14068, 44.84855 ], [ 1.14176, 44.84732 ], [ 1.14306, 44.84706 ], [ 1.14328, 44.84645 ], [ 1.14318, 44.84623 ], [ 1.14324, 44.84589 ], [ 1.1432, 44.84555 ], [ 1.14295, 44.84504 ], [ 1.14371, 44.84481 ], [ 1.14503, 44.84449 ], [ 1.1447, 44.84415 ], [ 1.14431, 44.84335 ], [ 1.14424, 44.84307 ], [ 1.14424, 44.84275 ], [ 1.14404, 44.84226 ], [ 1.1438, 44.84194 ], [ 1.1429, 44.84129 ], [ 1.14242, 44.84085 ], [ 1.14173, 44.84051 ], [ 1.14196, 44.84065 ], [ 1.14212, 44.84076 ], [ 1.14203, 44.84092 ], [ 1.14174, 44.84108 ], [ 1.14155, 44.84111 ], [ 1.1414, 44.84099 ], [ 1.141, 44.84093 ], [ 1.14061, 44.84092 ], [ 1.13985, 44.84104 ], [ 1.13957, 44.8411 ], [ 1.13951, 44.84109 ], [ 1.13905, 44.84115 ], [ 1.13869, 44.84124 ], [ 1.13839, 44.84137 ], [ 1.13832, 44.84149 ], [ 1.13811, 44.84173 ], [ 1.13715, 44.84164 ], [ 1.13724, 44.8409 ], [ 1.13709, 44.84084 ], [ 1.13708, 44.84094 ], [ 1.13719, 44.84093 ], [ 1.13719, 44.84108 ], [ 1.13705, 44.84113 ], [ 1.13705, 44.84113 ], [ 1.13703, 44.84113 ], [ 1.13671, 44.84123 ], [ 1.13616, 44.84129 ], [ 1.13607, 44.84128 ], [ 1.13583, 44.84129 ], [ 1.13508, 44.84116 ], [ 1.13438, 44.84094 ], [ 1.13435, 44.84091 ], [ 1.13428, 44.84088 ], [ 1.1332, 44.84045 ], [ 1.13298, 44.84039 ], [ 1.13254, 44.84024 ], [ 1.13242, 44.8401 ], [ 1.13219, 44.83999 ], [ 1.13206, 44.83997 ], [ 1.13181, 44.83981 ], [ 1.13164, 44.83962 ], [ 1.13151, 44.83953 ], [ 1.13092, 44.83928 ], [ 1.1309, 44.83929 ], [ 1.13022, 44.83942 ], [ 1.13013, 44.8398 ], [ 1.12908, 44.84009 ], [ 1.12823, 44.84039 ], [ 1.12794, 44.84066 ], [ 1.12684, 44.84201 ], [ 1.12346, 44.84332 ], [ 1.12283, 44.84381 ], [ 1.12178, 44.84426 ], [ 1.12151, 44.84478 ], [ 1.12117, 44.84512 ], [ 1.12102, 44.8455 ], [ 1.12056, 44.84587 ], [ 1.12046, 44.84645 ], [ 1.12036, 44.84724 ], [ 1.12013, 44.84761 ], [ 1.11989, 44.84803 ], [ 1.11975, 44.84827 ], [ 1.11971, 44.84855 ], [ 1.11965, 44.85019 ], [ 1.1243, 44.85131 ], [ 1.12731, 44.85162 ], [ 1.12963, 44.85147 ], [ 1.13369, 44.85054 ], [ 1.13423, 44.85063 ], [ 1.13421, 44.85113 ], [ 1.13426, 44.85273 ], [ 1.13417, 44.85315 ], [ 1.13416, 44.85363 ], [ 1.13465, 44.85456 ], [ 1.13544, 44.85575 ], [ 1.13594, 44.85598 ], [ 1.13635, 44.85656 ], [ 1.13642, 44.85711 ], [ 1.13669, 44.85767 ], [ 1.13728, 44.85796 ], [ 1.13744, 44.85838 ], [ 1.13712, 44.85894 ], [ 1.13693, 44.85958 ], [ 1.13712, 44.86012 ], [ 1.1374, 44.86038 ], [ 1.13787, 44.86061 ], [ 1.13875, 44.86058 ], [ 1.13988, 44.86077 ], [ 1.14082, 44.86158 ], [ 1.14135, 44.86203 ], [ 1.14202, 44.86246 ], [ 1.14425, 44.86371 ], [ 1.14678, 44.86385 ], [ 1.1501, 44.86417 ], [ 1.15135, 44.8639 ], [ 1.15227, 44.86305 ], [ 1.15256, 44.86247 ], [ 1.15218, 44.86183 ], [ 1.15171, 44.86138 ], [ 1.15124, 44.86101 ], [ 1.1512, 44.85891 ], [ 1.15265, 44.85761 ] ] ], [ [ [ 1.15488, 44.84182 ], [ 1.15527, 44.84185 ], [ 1.15514, 44.8417 ], [ 1.15504, 44.84171 ], [ 1.15498, 44.8418 ], [ 1.15483, 44.84178 ], [ 1.15488, 44.84182 ] ] ], [ [ [ 1.14164, 44.84023 ], [ 1.14169, 44.84017 ], [ 1.14164, 44.84023 ], [ 1.14153, 44.84029 ], [ 1.14164, 44.84023 ] ] ], [ [ [ 1.13118, 44.83909 ], [ 1.13118, 44.83909 ], [ 1.13094, 44.83891 ], [ 1.13118, 44.83909 ] ] ], [ [ [ 1.17623, 44.86179 ], [ 1.17679, 44.86166 ], [ 1.17738, 44.86206 ], [ 1.17797, 44.86217 ], [ 1.17859, 44.8621 ], [ 1.17874, 44.86162 ], [ 1.17864, 44.86118 ], [ 1.17895, 44.86098 ], [ 1.1796, 44.86102 ], [ 1.18002, 44.86103 ], [ 1.18048, 44.86069 ], [ 1.18074, 44.8598 ], [ 1.18071, 44.85826 ], [ 1.18162, 44.85793 ], [ 1.18265, 44.85732 ], [ 1.18396, 44.85633 ], [ 1.18482, 44.85584 ], [ 1.18458, 44.85517 ], [ 1.18206, 44.8545 ], [ 1.18124, 44.85432 ], [ 1.18045, 44.85437 ], [ 1.18041, 44.85513 ], [ 1.1802, 44.85587 ], [ 1.17963, 44.85596 ], [ 1.17936, 44.85542 ], [ 1.17886, 44.85493 ], [ 1.17814, 44.85464 ], [ 1.17835, 44.8541 ], [ 1.17624, 44.85374 ], [ 1.17609, 44.8541 ], [ 1.17422, 44.85454 ], [ 1.17298, 44.85451 ], [ 1.17121, 44.85425 ], [ 1.17115, 44.85451 ], [ 1.17085, 44.85521 ], [ 1.17082, 44.85559 ], [ 1.1707, 44.85601 ], [ 1.17077, 44.85663 ], [ 1.17361, 44.85702 ], [ 1.17417, 44.85574 ], [ 1.17549, 44.85594 ], [ 1.17528, 44.8593 ], [ 1.1755, 44.85965 ], [ 1.17557, 44.85993 ], [ 1.17548, 44.86031 ], [ 1.17515, 44.86074 ], [ 1.17492, 44.86084 ], [ 1.17447, 44.86077 ], [ 1.174, 44.86069 ], [ 1.17394, 44.86083 ], [ 1.17407, 44.86107 ], [ 1.17449, 44.86135 ], [ 1.17479, 44.86178 ], [ 1.17481, 44.862 ], [ 1.17459, 44.86207 ], [ 1.17428, 44.86197 ], [ 1.17392, 44.86171 ], [ 1.17358, 44.86152 ], [ 1.17369, 44.8617 ], [ 1.1738, 44.86197 ], [ 1.17377, 44.86221 ], [ 1.17368, 44.86241 ], [ 1.17342, 44.86276 ], [ 1.1731, 44.86314 ], [ 1.17309, 44.8633 ], [ 1.17326, 44.86346 ], [ 1.17343, 44.86355 ], [ 1.17402, 44.86349 ], [ 1.17512, 44.86342 ], [ 1.17552, 44.86329 ], [ 1.17572, 44.86317 ], [ 1.17598, 44.86285 ], [ 1.17596, 44.86243 ], [ 1.17594, 44.86193 ], [ 1.17623, 44.86179 ] ] ] ] } },
{ "type": "Feature", "properties": { "nom": "COTEAUX A CHENES VERTS DU SARLADAIS : II-SECTEUR DE L'ENEA ET DE SES AFFLUENTS", "typologie": "ZNIEFF2" }, "geometry": { "type": "MultiPolygon", "coordinates": [ [ [ [ 1.23352, 44.95274 ], [ 1.23385, 44.95289 ], [ 1.23421, 44.95292 ], [ 1.23519, 44.95298 ], [ 1.23613, 44.95206 ], [ 1.23595, 44.95179 ], [ 1.23696, 44.95122 ], [ 1.23803, 44.95203 ], [ 1.23837, 44.95185 ], [ 1.23841, 44.95182 ], [ 1.23844, 44.9518 ], [ 1.23852, 44.95176 ], [ 1.23859, 44.95169 ], [ 1.23877, 44.95149 ], [ 1.23884, 44.95141 ], [ 1.23893, 44.95131 ], [ 1.23904, 44.95122 ], [ 1.23937, 44.95096 ], [ 1.23953, 44.95083 ], [ 1.23968, 44.95071 ], [ 1.23975, 44.95066 ], [ 1.23995, 44.95051 ], [ 1.23997, 44.9505 ], [ 1.24003, 44.95044 ], [ 1.24007, 44.95041 ], [ 1.24017, 44.9503 ], [ 1.24016, 44.95026 ], [ 1.24025, 44.95017 ], [ 1.24035, 44.9501 ], [ 1.24046, 44.95002 ], [ 1.24047, 44.95002 ], [ 1.24058, 44.94993 ], [ 1.24069, 44.94984 ], [ 1.24069, 44.94984 ], [ 1.24072, 44.9498 ], [ 1.24073, 44.9498 ], [ 1.24083, 44.94963 ], [ 1.24088, 44.94954 ], [ 1.24105, 44.94927 ], [ 1.24118, 44.94909 ], [ 1.24118, 44.94909 ], [ 1.24125, 44.94904 ], [ 1.24166, 44.94876 ], [ 1.24205, 44.94846 ], [ 1.24208, 44.94846 ], [ 1.24225, 44.94847 ], [ 1.24267, 44.94845 ], [ 1.24317, 44.94839 ], [ 1.2433, 44.94838 ], [ 1.24352, 44.94835 ], [ 1.24357, 44.94834 ], [ 1.24378, 44.94831 ], [ 1.24423, 44.94838 ], [ 1.24433, 44.94844 ], [ 1.24456, 44.94857 ], [ 1.24459, 44.94854 ], [ 1.24535, 44.94796 ], [ 1.24575, 44.94802 ], [ 1.24717, 44.94825 ], [ 1.24754, 44.94832 ], [ 1.24759, 44.94832 ], [ 1.24805, 44.9484 ], [ 1.24814, 44.94839 ], [ 1.24827, 44.94837 ], [ 1.24846, 44.94835 ], [ 1.2487, 44.94844 ], [ 1.24872, 44.94845 ], [ 1.24873, 44.94845 ], [ 1.24887, 44.94852 ], [ 1.24893, 44.94856 ], [ 1.24922, 44.94865 ], [ 1.2495, 44.9487 ], [ 1.24962, 44.94872 ], [ 1.24964, 44.94873 ], [ 1.24976, 44.94868 ], [ 1.24983, 44.94866 ], [ 1.24988, 44.94865 ], [ 1.24998, 44.94863 ], [ 1.25002, 44.94833 ], [ 1.24998, 44.94803 ], [ 1.25012, 44.94744 ], [ 1.25026, 44.94683 ], [ 1.24983, 44.94599 ], [ 1.24972, 44.9452 ], [ 1.24785, 44.94472 ], [ 1.2474, 44.94462 ], [ 1.24673, 44.94441 ], [ 1.24651, 44.9439 ], [ 1.24695, 44.94362 ], [ 1.24751, 44.94322 ], [ 1.24782, 44.94311 ], [ 1.24833, 44.94304 ], [ 1.24828, 44.94244 ], [ 1.24769, 44.94226 ], [ 1.24677, 44.94203 ], [ 1.24658, 44.94112 ], [ 1.2475, 44.94145 ], [ 1.24783, 44.94154 ], [ 1.24821, 44.94152 ], [ 1.24838, 44.94128 ], [ 1.2484, 44.94087 ], [ 1.24875, 44.94031 ], [ 1.24968, 44.93999 ], [ 1.24985, 44.93976 ], [ 1.24995, 44.93884 ], [ 1.24635, 44.93856 ], [ 1.24615, 44.93794 ], [ 1.24579, 44.93722 ], [ 1.24501, 44.93638 ], [ 1.24515, 44.93575 ], [ 1.24503, 44.93531 ], [ 1.24484, 44.93465 ], [ 1.24446, 44.93429 ], [ 1.24338, 44.93425 ], [ 1.24295, 44.93457 ], [ 1.24281, 44.93513 ], [ 1.24346, 44.93621 ], [ 1.24336, 44.93705 ], [ 1.24122, 44.9372 ], [ 1.24078, 44.9363 ], [ 1.24098, 44.93461 ], [ 1.24039, 44.9346 ], [ 1.24004, 44.93353 ], [ 1.2408, 44.93303 ], [ 1.24077, 44.93255 ], [ 1.2417, 44.93203 ], [ 1.24096, 44.93146 ], [ 1.24246, 44.93174 ], [ 1.24322, 44.93172 ], [ 1.24418, 44.93173 ], [ 1.24388, 44.93006 ], [ 1.24471, 44.93009 ], [ 1.24568, 44.92986 ], [ 1.24708, 44.92934 ], [ 1.24696, 44.92901 ], [ 1.24654, 44.92877 ], [ 1.24616, 44.92904 ], [ 1.2454, 44.92927 ], [ 1.24465, 44.92923 ], [ 1.24381, 44.92925 ], [ 1.24259, 44.92963 ], [ 1.24203, 44.9301 ], [ 1.24131, 44.93059 ], [ 1.24033, 44.9313 ], [ 1.23928, 44.93174 ], [ 1.23835, 44.93194 ], [ 1.23792, 44.93235 ], [ 1.23787, 44.93282 ], [ 1.23765, 44.9333 ], [ 1.2381, 44.93387 ], [ 1.23918, 44.93432 ], [ 1.23909, 44.93483 ], [ 1.23825, 44.93473 ], [ 1.23673, 44.93573 ], [ 1.23479, 44.93601 ], [ 1.23461, 44.93778 ], [ 1.23408, 44.93899 ], [ 1.23397, 44.94039 ], [ 1.23659, 44.94134 ], [ 1.23709, 44.94179 ], [ 1.23628, 44.94223 ], [ 1.23533, 44.94171 ], [ 1.23482, 44.94183 ], [ 1.23465, 44.94236 ], [ 1.23484, 44.94331 ], [ 1.23516, 44.94367 ], [ 1.23558, 44.9438 ], [ 1.23625, 44.94383 ], [ 1.23561, 44.94457 ], [ 1.23584, 44.94532 ], [ 1.23599, 44.94648 ], [ 1.2366, 44.94741 ], [ 1.23497, 44.94739 ], [ 1.23458, 44.9459 ], [ 1.23367, 44.94315 ], [ 1.23282, 44.94133 ], [ 1.23141, 44.94066 ], [ 1.22941, 44.94034 ], [ 1.22846, 44.93929 ], [ 1.22634, 44.93868 ], [ 1.22448, 44.93735 ], [ 1.22344, 44.93692 ], [ 1.22437, 44.93627 ], [ 1.2252, 44.93679 ], [ 1.22632, 44.93745 ], [ 1.22728, 44.93743 ], [ 1.22771, 44.93687 ], [ 1.22752, 44.93592 ], [ 1.22829, 44.93509 ], [ 1.22832, 44.93358 ], [ 1.22929, 44.93332 ], [ 1.23019, 44.93246 ], [ 1.23156, 44.93123 ], [ 1.23148, 44.93075 ], [ 1.23069, 44.93044 ], [ 1.22881, 44.93019 ], [ 1.22659, 44.93019 ], [ 1.22528, 44.93081 ], [ 1.2251, 44.93143 ], [ 1.22414, 44.93218 ], [ 1.22318, 44.93226 ], [ 1.22266, 44.93481 ], [ 1.22239, 44.93603 ], [ 1.22196, 44.93632 ], [ 1.22135, 44.93751 ], [ 1.2221, 44.93778 ], [ 1.22276, 44.93836 ], [ 1.22325, 44.93893 ], [ 1.22312, 44.93955 ], [ 1.22241, 44.93919 ], [ 1.21994, 44.93919 ], [ 1.21917, 44.93996 ], [ 1.21666, 44.93943 ], [ 1.21612, 44.93921 ], [ 1.21495, 44.93923 ], [ 1.21362, 44.93645 ], [ 1.21202, 44.93667 ], [ 1.21151, 44.93723 ], [ 1.21121, 44.93767 ], [ 1.21102, 44.93862 ], [ 1.2108, 44.93934 ], [ 1.21044, 44.94058 ], [ 1.21046, 44.94151 ], [ 1.20999, 44.94213 ], [ 1.20989, 44.9426 ], [ 1.21018, 44.94293 ], [ 1.21117, 44.94357 ], [ 1.21158, 44.94399 ], [ 1.21228, 44.94471 ], [ 1.21297, 44.94406 ], [ 1.21529, 44.94337 ], [ 1.21776, 44.94351 ], [ 1.2206, 44.94375 ], [ 1.2212, 44.9451 ], [ 1.22226, 44.94662 ], [ 1.22352, 44.9486 ], [ 1.22373, 44.94933 ], [ 1.22414, 44.94996 ], [ 1.22477, 44.94982 ], [ 1.22453, 44.94898 ], [ 1.22552, 44.9485 ], [ 1.22656, 44.94844 ], [ 1.22714, 44.94871 ], [ 1.22913, 44.94948 ], [ 1.22981, 44.94945 ], [ 1.2294, 44.95091 ], [ 1.22934, 44.95195 ], [ 1.2274, 44.95232 ], [ 1.22436, 44.95287 ], [ 1.22597, 44.95422 ], [ 1.22642, 44.95432 ], [ 1.22734, 44.95454 ], [ 1.22784, 44.9549 ], [ 1.22865, 44.95627 ], [ 1.22935, 44.95697 ], [ 1.2301, 44.95712 ], [ 1.23186, 44.9572 ], [ 1.23219, 44.95696 ], [ 1.23266, 44.95667 ], [ 1.23242, 44.95529 ], [ 1.23235, 44.95478 ], [ 1.2324, 44.95417 ], [ 1.23249, 44.95381 ], [ 1.23296, 44.95343 ], [ 1.23352, 44.95274 ] ] ], [ [ [ 1.28626, 44.93314 ], [ 1.28538, 44.9329 ], [ 1.28548, 44.93215 ], [ 1.28541, 44.9312 ], [ 1.28593, 44.93073 ], [ 1.28415, 44.92937 ], [ 1.2834, 44.92922 ], [ 1.28252, 44.92918 ], [ 1.28158, 44.92819 ], [ 1.28134, 44.92711 ], [ 1.28106, 44.92675 ], [ 1.28023, 44.92612 ], [ 1.27903, 44.92528 ], [ 1.27679, 44.9243 ], [ 1.27625, 44.92415 ], [ 1.27609, 44.92373 ], [ 1.27518, 44.92324 ], [ 1.27407, 44.92189 ], [ 1.27324, 44.92153 ], [ 1.27206, 44.92167 ], [ 1.27203, 44.92321 ], [ 1.27176, 44.92437 ], [ 1.2715, 44.92502 ], [ 1.27088, 44.92639 ], [ 1.27095, 44.92737 ], [ 1.27039, 44.92811 ], [ 1.27037, 44.92945 ], [ 1.26961, 44.92953 ], [ 1.26854, 44.93062 ], [ 1.26824, 44.93109 ], [ 1.26819, 44.93169 ], [ 1.26834, 44.93223 ], [ 1.26892, 44.93253 ], [ 1.26904, 44.93322 ], [ 1.27021, 44.93323 ], [ 1.27092, 44.93335 ], [ 1.271, 44.93359 ], [ 1.27074, 44.93383 ], [ 1.27016, 44.93382 ], [ 1.26873, 44.93399 ], [ 1.26826, 44.93455 ], [ 1.26827, 44.93583 ], [ 1.26842, 44.93678 ], [ 1.26907, 44.93792 ], [ 1.26945, 44.93804 ], [ 1.26991, 44.93816 ], [ 1.27136, 44.93886 ], [ 1.27194, 44.93929 ], [ 1.27188, 44.93985 ], [ 1.27126, 44.93984 ], [ 1.27099, 44.93929 ], [ 1.2705, 44.93887 ], [ 1.26962, 44.93853 ], [ 1.26866, 44.93841 ], [ 1.26805, 44.93775 ], [ 1.26766, 44.93628 ], [ 1.26722, 44.935 ], [ 1.26745, 44.93408 ], [ 1.26793, 44.93295 ], [ 1.26757, 44.9322 ], [ 1.26706, 44.93223 ], [ 1.26456, 44.9336 ], [ 1.26417, 44.93428 ], [ 1.26338, 44.93443 ], [ 1.26113, 44.93571 ], [ 1.26049, 44.93642 ], [ 1.26013, 44.93737 ], [ 1.25997, 44.93834 ], [ 1.25862, 44.94073 ], [ 1.25848, 44.94145 ], [ 1.25901, 44.94305 ], [ 1.25931, 44.94294 ], [ 1.25937, 44.94292 ], [ 1.2604, 44.94253 ], [ 1.26042, 44.94252 ], [ 1.26082, 44.94237 ], [ 1.26116, 44.94227 ], [ 1.26117, 44.94227 ], [ 1.26159, 44.94215 ], [ 1.26174, 44.94211 ], [ 1.26175, 44.94211 ], [ 1.26183, 44.94209 ], [ 1.26188, 44.94208 ], [ 1.26162, 44.9416 ], [ 1.26168, 44.94091 ], [ 1.26227, 44.94062 ], [ 1.26168, 44.93995 ], [ 1.26223, 44.93965 ], [ 1.2628, 44.94016 ], [ 1.26344, 44.93993 ], [ 1.26368, 44.94017 ], [ 1.26435, 44.94051 ], [ 1.26485, 44.94066 ], [ 1.26503, 44.94013 ], [ 1.2647, 44.93971 ], [ 1.26415, 44.93976 ], [ 1.26358, 44.93925 ], [ 1.26262, 44.93876 ], [ 1.26184, 44.93789 ], [ 1.26178, 44.937 ], [ 1.26275, 44.93627 ], [ 1.26452, 44.93587 ], [ 1.26514, 44.93656 ], [ 1.26559, 44.93713 ], [ 1.26545, 44.9376 ], [ 1.26444, 44.93795 ], [ 1.26434, 44.93875 ], [ 1.2655, 44.93951 ], [ 1.26694, 44.9403 ], [ 1.26721, 44.94022 ], [ 1.26818, 44.93996 ], [ 1.2682, 44.93996 ], [ 1.26821, 44.93996 ], [ 1.26822, 44.93995 ], [ 1.26842, 44.93989 ], [ 1.26848, 44.93987 ], [ 1.26863, 44.93984 ], [ 1.26927, 44.93972 ], [ 1.26942, 44.94021 ], [ 1.26946, 44.94032 ], [ 1.26946, 44.94032 ], [ 1.26949, 44.94042 ], [ 1.2695, 44.94046 ], [ 1.26951, 44.94057 ], [ 1.27022, 44.94056 ], [ 1.27032, 44.94111 ], [ 1.27045, 44.94118 ], [ 1.27053, 44.94121 ], [ 1.27066, 44.94127 ], [ 1.27086, 44.94112 ], [ 1.27084, 44.94101 ], [ 1.27131, 44.9409 ], [ 1.2713, 44.94083 ], [ 1.2713, 44.94083 ], [ 1.27134, 44.94069 ], [ 1.27145, 44.94058 ], [ 1.27144, 44.94052 ], [ 1.27132, 44.94032 ], [ 1.27167, 44.94026 ], [ 1.27201, 44.94019 ], [ 1.27205, 44.94019 ], [ 1.27206, 44.94019 ], [ 1.27243, 44.94019 ], [ 1.27259, 44.94018 ], [ 1.27262, 44.94018 ], [ 1.27272, 44.94018 ], [ 1.27346, 44.94014 ], [ 1.27348, 44.94014 ], [ 1.27396, 44.94015 ], [ 1.27435, 44.94023 ], [ 1.27438, 44.94024 ], [ 1.27455, 44.94026 ], [ 1.27456, 44.94026 ], [ 1.27497, 44.94031 ], [ 1.27544, 44.94037 ], [ 1.27444, 44.9397 ], [ 1.27382, 44.93945 ], [ 1.27303, 44.93936 ], [ 1.27209, 44.93783 ], [ 1.27137, 44.9383 ], [ 1.27062, 44.93787 ], [ 1.27004, 44.93766 ], [ 1.26943, 44.93688 ], [ 1.26934, 44.93506 ], [ 1.27013, 44.93504 ], [ 1.27156, 44.93464 ], [ 1.27236, 44.93462 ], [ 1.27275, 44.93408 ], [ 1.27363, 44.93388 ], [ 1.27443, 44.93401 ], [ 1.27493, 44.93387 ], [ 1.27473, 44.9333 ], [ 1.27453, 44.93318 ], [ 1.27247, 44.93304 ], [ 1.27155, 44.93306 ], [ 1.27051, 44.93284 ], [ 1.27001, 44.93278 ], [ 1.26956, 44.93206 ], [ 1.26965, 44.93161 ], [ 1.27034, 44.93091 ], [ 1.27093, 44.93076 ], [ 1.27143, 44.93083 ], [ 1.27288, 44.93135 ], [ 1.27447, 44.93145 ], [ 1.27555, 44.93209 ], [ 1.27627, 44.93201 ], [ 1.27665, 44.9315 ], [ 1.27592, 44.93028 ], [ 1.27501, 44.92985 ], [ 1.27379, 44.92805 ], [ 1.27421, 44.92761 ], [ 1.2736, 44.92698 ], [ 1.27331, 44.9265 ], [ 1.27503, 44.92628 ], [ 1.27515, 44.92658 ], [ 1.27641, 44.92665 ], [ 1.27764, 44.92779 ], [ 1.2784, 44.92798 ], [ 1.27845, 44.9275 ], [ 1.27887, 44.92715 ], [ 1.27946, 44.92718 ], [ 1.27991, 44.92766 ], [ 1.27985, 44.92859 ], [ 1.27971, 44.92927 ], [ 1.28038, 44.9294 ], [ 1.28109, 44.9294 ], [ 1.2812, 44.93027 ], [ 1.2822, 44.93084 ], [ 1.28263, 44.93031 ], [ 1.28325, 44.93049 ], [ 1.28374, 44.93124 ], [ 1.28352, 44.93178 ], [ 1.28371, 44.93294 ], [ 1.28486, 44.9342 ], [ 1.28538, 44.93459 ], [ 1.28538, 44.93458 ], [ 1.28537, 44.93439 ], [ 1.28623, 44.93413 ], [ 1.28644, 44.93407 ], [ 1.28713, 44.93386 ], [ 1.28626, 44.93314 ] ] ], [ [ [ 1.28497, 44.93521 ], [ 1.28516, 44.93528 ], [ 1.28524, 44.93516 ], [ 1.28526, 44.93513 ], [ 1.28526, 44.93512 ], [ 1.28529, 44.93504 ], [ 1.28532, 44.93489 ], [ 1.28535, 44.93477 ], [ 1.28538, 44.93464 ], [ 1.28538, 44.93461 ], [ 1.28497, 44.93521 ] ] ], [ [ [ 1.27937, 44.93832 ], [ 1.27898, 44.93926 ], [ 1.2789, 44.93955 ], [ 1.27895, 44.93943 ], [ 1.27899, 44.93933 ], [ 1.27904, 44.9392 ], [ 1.27906, 44.9392 ], [ 1.27906, 44.9392 ], [ 1.27907, 44.9392 ], [ 1.27909, 44.93915 ], [ 1.2791, 44.93915 ], [ 1.27913, 44.93909 ], [ 1.27914, 44.93907 ], [ 1.27914, 44.93906 ], [ 1.27915, 44.93906 ], [ 1.27915, 44.93904 ], [ 1.27916, 44.93903 ], [ 1.2792, 44.93888 ], [ 1.2792, 44.93888 ], [ 1.27922, 44.93884 ], [ 1.27922, 44.93882 ], [ 1.27927, 44.9387 ], [ 1.27928, 44.93866 ], [ 1.27936, 44.93848 ], [ 1.27938, 44.93844 ], [ 1.27939, 44.93842 ], [ 1.27942, 44.93836 ], [ 1.27944, 44.93832 ], [ 1.27937, 44.93832 ] ] ], [ [ [ 1.25726, 44.94034 ], [ 1.25766, 44.93925 ], [ 1.25731, 44.939 ], [ 1.25642, 44.93868 ], [ 1.2557, 44.93866 ], [ 1.25501, 44.9388 ], [ 1.25417, 44.93916 ], [ 1.25354, 44.93934 ], [ 1.25235, 44.93998 ], [ 1.25168, 44.9404 ], [ 1.25116, 44.94099 ], [ 1.25074, 44.94128 ], [ 1.251, 44.94169 ], [ 1.25189, 44.94176 ], [ 1.25217, 44.9426 ], [ 1.25343, 44.94249 ], [ 1.25398, 44.94241 ], [ 1.25482, 44.94236 ], [ 1.25524, 44.94203 ], [ 1.25534, 44.94147 ], [ 1.25603, 44.94058 ], [ 1.25657, 44.9408 ], [ 1.25601, 44.94156 ], [ 1.25612, 44.94234 ], [ 1.25631, 44.943 ], [ 1.25551, 44.94364 ], [ 1.25503, 44.94414 ], [ 1.25436, 44.94443 ], [ 1.25331, 44.94442 ], [ 1.25268, 44.94454 ], [ 1.25376, 44.94482 ], [ 1.2549, 44.94474 ], [ 1.25561, 44.94451 ], [ 1.25625, 44.94395 ], [ 1.25664, 44.94324 ], [ 1.25681, 44.9419 ], [ 1.25726, 44.94034 ] ] ], [ [ [ 1.24995, 44.92964 ], [ 1.25112, 44.92986 ], [ 1.25117, 44.92953 ], [ 1.25027, 44.92863 ], [ 1.25099, 44.92807 ], [ 1.2501, 44.9266 ], [ 1.25124, 44.92599 ], [ 1.25268, 44.92541 ], [ 1.25321, 44.92589 ], [ 1.25463, 44.92602 ], [ 1.25481, 44.9257 ], [ 1.25444, 44.92522 ], [ 1.25412, 44.92447 ], [ 1.25484, 44.92388 ], [ 1.25548, 44.92356 ], [ 1.2559, 44.92353 ], [ 1.25712, 44.92337 ], [ 1.25878, 44.92425 ], [ 1.25979, 44.92598 ], [ 1.26019, 44.92712 ], [ 1.26061, 44.92682 ], [ 1.26081, 44.92745 ], [ 1.26188, 44.9282 ], [ 1.26235, 44.92764 ], [ 1.26306, 44.92774 ], [ 1.2634, 44.92765 ], [ 1.26362, 44.92715 ], [ 1.26325, 44.92658 ], [ 1.26343, 44.92611 ], [ 1.26398, 44.92596 ], [ 1.26461, 44.92561 ], [ 1.26529, 44.92526 ], [ 1.26559, 44.92479 ], [ 1.26552, 44.92428 ], [ 1.26565, 44.92384 ], [ 1.26441, 44.92341 ], [ 1.26555, 44.92253 ], [ 1.26597, 44.92286 ], [ 1.26668, 44.92289 ], [ 1.26707, 44.92215 ], [ 1.26865, 44.92285 ], [ 1.2682, 44.9244 ], [ 1.26953, 44.92474 ], [ 1.26996, 44.92432 ], [ 1.26995, 44.9229 ], [ 1.27023, 44.92087 ], [ 1.26923, 44.92081 ], [ 1.26777, 44.92064 ], [ 1.26619, 44.92191 ], [ 1.2659, 44.92208 ], [ 1.26522, 44.92225 ], [ 1.26476, 44.92243 ], [ 1.26348, 44.92331 ], [ 1.26186, 44.923 ], [ 1.26103, 44.92257 ], [ 1.25974, 44.92202 ], [ 1.2589, 44.92201 ], [ 1.2581, 44.92227 ], [ 1.25785, 44.9223 ], [ 1.25688, 44.92268 ], [ 1.256, 44.92285 ], [ 1.2552, 44.92281 ], [ 1.25453, 44.92295 ], [ 1.25402, 44.92331 ], [ 1.25328, 44.92443 ], [ 1.25258, 44.92477 ], [ 1.25214, 44.9249 ], [ 1.25142, 44.92522 ], [ 1.25041, 44.92577 ], [ 1.24951, 44.92651 ], [ 1.24909, 44.92671 ], [ 1.2485, 44.92676 ], [ 1.24791, 44.92724 ], [ 1.24926, 44.92853 ], [ 1.24913, 44.92918 ], [ 1.24897, 44.93091 ], [ 1.24793, 44.93274 ], [ 1.24813, 44.93274 ], [ 1.24864, 44.93248 ], [ 1.2491, 44.93246 ], [ 1.24938, 44.93145 ], [ 1.25032, 44.93018 ], [ 1.24995, 44.92964 ] ] ], [ [ [ 1.24558, 44.91609 ], [ 1.24505, 44.91609 ], [ 1.24462, 44.91602 ], [ 1.24418, 44.91598 ], [ 1.24372, 44.91478 ], [ 1.24173, 44.91523 ], [ 1.24073, 44.91554 ], [ 1.23973, 44.91594 ], [ 1.23927, 44.91657 ], [ 1.23895, 44.91702 ], [ 1.23909, 44.9178 ], [ 1.23934, 44.91872 ], [ 1.23982, 44.91896 ], [ 1.24072, 44.91921 ], [ 1.24185, 44.91933 ], [ 1.24249, 44.91996 ], [ 1.24383, 44.91991 ], [ 1.24454, 44.91983 ], [ 1.24485, 44.9196 ], [ 1.24488, 44.91922 ], [ 1.24451, 44.91883 ], [ 1.24395, 44.91858 ], [ 1.24378, 44.91846 ], [ 1.24393, 44.91834 ], [ 1.24496, 44.91794 ], [ 1.24517, 44.91772 ], [ 1.24558, 44.91609 ] ] ], [ [ [ 1.28147, 44.91509 ], [ 1.28289, 44.91534 ], [ 1.28329, 44.91588 ], [ 1.28328, 44.91683 ], [ 1.28436, 44.91729 ], [ 1.28412, 44.91845 ], [ 1.28484, 44.91848 ], [ 1.28518, 44.91789 ], [ 1.28606, 44.91781 ], [ 1.28631, 44.91835 ], [ 1.28719, 44.91785 ], [ 1.28734, 44.9169 ], [ 1.28706, 44.9163 ], [ 1.2875, 44.91524 ], [ 1.28817, 44.91489 ], [ 1.28797, 44.91453 ], [ 1.28886, 44.91409 ], [ 1.2882, 44.91346 ], [ 1.288, 44.91289 ], [ 1.28755, 44.91241 ], [ 1.28685, 44.91181 ], [ 1.28604, 44.91022 ], [ 1.28601, 44.90966 ], [ 1.28497, 44.90926 ], [ 1.28434, 44.90946 ], [ 1.28432, 44.91015 ], [ 1.28448, 44.91074 ], [ 1.28563, 44.91212 ], [ 1.28613, 44.91424 ], [ 1.28577, 44.91555 ], [ 1.28509, 44.91596 ], [ 1.285, 44.91453 ], [ 1.28465, 44.91301 ], [ 1.28466, 44.91238 ], [ 1.28471, 44.91185 ], [ 1.2843, 44.91163 ], [ 1.28335, 44.9127 ], [ 1.28187, 44.91375 ], [ 1.27983, 44.91501 ], [ 1.27889, 44.9159 ], [ 1.27889, 44.9164 ], [ 1.27916, 44.91712 ], [ 1.27979, 44.91745 ], [ 1.27977, 44.91844 ], [ 1.28022, 44.91865 ], [ 1.28015, 44.91793 ], [ 1.28021, 44.9174 ], [ 1.27976, 44.91689 ], [ 1.27951, 44.91638 ], [ 1.27974, 44.9157 ], [ 1.28024, 44.91558 ], [ 1.28067, 44.91517 ], [ 1.28147, 44.91509 ] ] ], [ [ [ 1.29235, 44.9112 ], [ 1.29291, 44.90993 ], [ 1.29268, 44.909 ], [ 1.29193, 44.90867 ], [ 1.2911, 44.90854 ], [ 1.29023, 44.90788 ], [ 1.28966, 44.90689 ], [ 1.28972, 44.90606 ], [ 1.2896, 44.90546 ], [ 1.28886, 44.90504 ], [ 1.28777, 44.90488 ], [ 1.2871, 44.9052 ], [ 1.28684, 44.90555 ], [ 1.28607, 44.90632 ], [ 1.28512, 44.90768 ], [ 1.28519, 44.90846 ], [ 1.28548, 44.90876 ], [ 1.28623, 44.909 ], [ 1.28545, 44.90822 ], [ 1.28575, 44.90801 ], [ 1.28633, 44.90805 ], [ 1.28776, 44.90803 ], [ 1.28898, 44.90778 ], [ 1.28971, 44.90874 ], [ 1.29151, 44.90905 ], [ 1.29162, 44.90989 ], [ 1.29208, 44.9099 ], [ 1.29198, 44.91054 ], [ 1.29059, 44.9108 ], [ 1.28984, 44.91079 ], [ 1.28945, 44.91129 ], [ 1.28957, 44.91192 ], [ 1.29007, 44.9119 ], [ 1.29143, 44.91313 ], [ 1.29075, 44.91351 ], [ 1.29154, 44.9142 ], [ 1.29229, 44.91436 ], [ 1.29266, 44.91472 ], [ 1.29261, 44.91513 ], [ 1.29305, 44.91597 ], [ 1.29321, 44.91624 ], [ 1.29266, 44.91689 ], [ 1.29209, 44.91817 ], [ 1.29293, 44.91823 ], [ 1.29519, 44.91793 ], [ 1.29442, 44.91661 ], [ 1.29468, 44.91637 ], [ 1.29321, 44.91404 ], [ 1.29264, 44.91317 ], [ 1.29232, 44.91236 ], [ 1.2917, 44.91197 ], [ 1.29235, 44.9112 ] ] ], [ [ [ 1.25173, 44.91249 ], [ 1.25058, 44.91177 ], [ 1.24857, 44.91127 ], [ 1.24791, 44.91097 ], [ 1.2473, 44.91019 ], [ 1.24773, 44.90954 ], [ 1.24695, 44.90843 ], [ 1.2465, 44.90795 ], [ 1.24605, 44.90773 ], [ 1.24542, 44.90746 ], [ 1.24496, 44.90734 ], [ 1.24451, 44.90709 ], [ 1.2441, 44.90661 ], [ 1.24347, 44.90643 ], [ 1.24281, 44.90633 ], [ 1.2426, 44.90612 ], [ 1.24158, 44.90683 ], [ 1.24261, 44.90803 ], [ 1.24455, 44.9093 ], [ 1.24491, 44.9099 ], [ 1.24457, 44.91034 ], [ 1.24465, 44.91061 ], [ 1.24506, 44.91091 ], [ 1.24556, 44.91121 ], [ 1.24616, 44.91244 ], [ 1.24757, 44.91332 ], [ 1.2485, 44.91309 ], [ 1.24879, 44.91333 ], [ 1.25014, 44.91251 ], [ 1.25154, 44.91398 ], [ 1.25277, 44.91494 ], [ 1.25222, 44.91542 ], [ 1.25284, 44.91593 ], [ 1.25225, 44.91619 ], [ 1.25186, 44.91654 ], [ 1.25236, 44.91682 ], [ 1.25362, 44.91689 ], [ 1.25437, 44.91713 ], [ 1.255, 44.91708 ], [ 1.25559, 44.91679 ], [ 1.25576, 44.91649 ], [ 1.25506, 44.91571 ], [ 1.25536, 44.91533 ], [ 1.25525, 44.91479 ], [ 1.25306, 44.91343 ], [ 1.25173, 44.91249 ] ] ], [ [ [ 1.2731, 44.90343 ], [ 1.27372, 44.9037 ], [ 1.27444, 44.90332 ], [ 1.27346, 44.90215 ], [ 1.27267, 44.90161 ], [ 1.27119, 44.90073 ], [ 1.27027, 44.90057 ], [ 1.26973, 44.90006 ], [ 1.26862, 44.89922 ], [ 1.26778, 44.89912 ], [ 1.26656, 44.89947 ], [ 1.26611, 44.89899 ], [ 1.26565, 44.89863 ], [ 1.2647, 44.89838 ], [ 1.26347, 44.89884 ], [ 1.26182, 44.89966 ], [ 1.26026, 44.90039 ], [ 1.25697, 44.90161 ], [ 1.25524, 44.90212 ], [ 1.25578, 44.90234 ], [ 1.25806, 44.90183 ], [ 1.25855, 44.90237 ], [ 1.25972, 44.90217 ], [ 1.26065, 44.90221 ], [ 1.26136, 44.90207 ], [ 1.26299, 44.90238 ], [ 1.26437, 44.90236 ], [ 1.26492, 44.90204 ], [ 1.26556, 44.90157 ], [ 1.26655, 44.90203 ], [ 1.26835, 44.90219 ], [ 1.26882, 44.90196 ], [ 1.27039, 44.90308 ], [ 1.27149, 44.90443 ], [ 1.27161, 44.9049 ], [ 1.27201, 44.90585 ], [ 1.27163, 44.9062 ], [ 1.27237, 44.90658 ], [ 1.27371, 44.90662 ], [ 1.27405, 44.90647 ], [ 1.27411, 44.90552 ], [ 1.27355, 44.90415 ], [ 1.27255, 44.90378 ], [ 1.27247, 44.90351 ], [ 1.2731, 44.90343 ] ] ], [ [ [ 1.2796, 44.90187 ], [ 1.28098, 44.90221 ], [ 1.28187, 44.9015 ], [ 1.28201, 44.90091 ], [ 1.28156, 44.9004 ], [ 1.27997, 44.90032 ], [ 1.27768, 44.89953 ], [ 1.27696, 44.89985 ], [ 1.27695, 44.90021 ], [ 1.27584, 44.90148 ], [ 1.27533, 44.90171 ], [ 1.27479, 44.90158 ], [ 1.27447, 44.90111 ], [ 1.27421, 44.90119 ], [ 1.27441, 44.90203 ], [ 1.27531, 44.90299 ], [ 1.27585, 44.90326 ], [ 1.27647, 44.90333 ], [ 1.27681, 44.90348 ], [ 1.27748, 44.90352 ], [ 1.27917, 44.90267 ], [ 1.2796, 44.90187 ] ] ], [ [ [ 1.28338, 44.89705 ], [ 1.28417, 44.8973 ], [ 1.28465, 44.8982 ], [ 1.28511, 44.89826 ], [ 1.28591, 44.89803 ], [ 1.28631, 44.89717 ], [ 1.28637, 44.89628 ], [ 1.28609, 44.89538 ], [ 1.28572, 44.89487 ], [ 1.28496, 44.8951 ], [ 1.2842, 44.89355 ], [ 1.2847, 44.89332 ], [ 1.28527, 44.89234 ], [ 1.28525, 44.89091 ], [ 1.28481, 44.89007 ], [ 1.28478, 44.8893 ], [ 1.28458, 44.8887 ], [ 1.28451, 44.88828 ], [ 1.2843, 44.88784 ], [ 1.28419, 44.88748 ], [ 1.28373, 44.8872 ], [ 1.28365, 44.88697 ], [ 1.2829, 44.88657 ], [ 1.28223, 44.88677 ], [ 1.28184, 44.88731 ], [ 1.28183, 44.88805 ], [ 1.28157, 44.88855 ], [ 1.2804, 44.88857 ], [ 1.27965, 44.88845 ], [ 1.27912, 44.88761 ], [ 1.27872, 44.8865 ], [ 1.27915, 44.88606 ], [ 1.27887, 44.88516 ], [ 1.28017, 44.885 ], [ 1.28098, 44.88429 ], [ 1.28008, 44.88339 ], [ 1.27961, 44.88359 ], [ 1.2789, 44.88362 ], [ 1.27896, 44.88275 ], [ 1.27829, 44.88266 ], [ 1.27652, 44.88342 ], [ 1.2757, 44.88448 ], [ 1.27606, 44.88561 ], [ 1.27624, 44.88689 ], [ 1.27568, 44.88775 ], [ 1.27492, 44.88819 ], [ 1.27524, 44.88897 ], [ 1.27692, 44.89077 ], [ 1.27902, 44.8907 ], [ 1.27941, 44.89187 ], [ 1.27784, 44.89301 ], [ 1.27779, 44.89373 ], [ 1.27786, 44.8942 ], [ 1.27874, 44.89406 ], [ 1.27959, 44.89377 ], [ 1.2812, 44.89272 ], [ 1.28301, 44.89205 ], [ 1.2833, 44.89238 ], [ 1.28348, 44.8939 ], [ 1.28055, 44.89578 ], [ 1.28103, 44.89706 ], [ 1.27973, 44.89723 ], [ 1.28005, 44.89833 ], [ 1.28041, 44.89911 ], [ 1.28087, 44.89926 ], [ 1.28155, 44.89873 ], [ 1.28215, 44.89758 ], [ 1.28274, 44.89737 ], [ 1.28338, 44.89705 ] ] ] ] } },
{ "type": "Feature", "properties": { "nom": "VALLÉES ET COTEAUX DES PETITES BEUNES ET DE LA GRANDE BEUNE", "typologie": "ZNIEFF2" }, "geometry": { "type": "MultiPolygon", "coordinates": [ [ [ [ 1.2012, 44.97275 ], [ 1.20103, 44.97282 ], [ 1.19981, 44.97313 ], [ 1.19948, 44.97315 ], [ 1.1985, 44.97315 ], [ 1.1982, 44.97317 ], [ 1.19776, 44.97332 ], [ 1.19757, 44.97345 ], [ 1.19757, 44.97345 ], [ 1.19757, 44.97345 ], [ 1.1976, 44.97348 ], [ 1.1976, 44.97348 ], [ 1.1977, 44.97343 ], [ 1.19791, 44.97333 ], [ 1.19796, 44.97332 ], [ 1.19802, 44.97329 ], [ 1.19815, 44.97327 ], [ 1.19825, 44.97325 ], [ 1.1984, 44.97323 ], [ 1.19849, 44.97322 ], [ 1.19888, 44.97322 ], [ 1.19902, 44.97323 ], [ 1.19919, 44.97322 ], [ 1.19931, 44.97322 ], [ 1.19967, 44.97318 ], [ 1.19996, 44.97314 ], [ 1.20012, 44.97311 ], [ 1.20037, 44.97306 ], [ 1.2007, 44.97298 ], [ 1.20092, 44.97291 ], [ 1.20092, 44.97291 ], [ 1.20112, 44.97278 ], [ 1.2012, 44.97275 ] ] ], [ [ [ 1.20212, 44.97238 ], [ 1.20221, 44.97235 ], [ 1.20308, 44.97197 ], [ 1.20339, 44.97184 ], [ 1.20371, 44.97172 ], [ 1.20292, 44.97202 ], [ 1.20175, 44.97255 ], [ 1.20212, 44.97238 ] ] ], [ [ [ 1.20636, 44.97096 ], [ 1.20669, 44.97085 ], [ 1.20744, 44.97047 ], [ 1.20786, 44.9702 ], [ 1.20852, 44.9697 ], [ 1.20909, 44.96938 ], [ 1.20923, 44.96947 ], [ 1.20926, 44.96946 ], [ 1.20933, 44.96944 ], [ 1.20967, 44.96937 ], [ 1.20999, 44.96931 ], [ 1.21002, 44.9693 ], [ 1.21001, 44.96928 ], [ 1.20999, 44.96923 ], [ 1.21013, 44.96918 ], [ 1.21013, 44.96918 ], [ 1.21023, 44.96914 ], [ 1.21052, 44.96899 ], [ 1.21055, 44.96898 ], [ 1.2106, 44.96894 ], [ 1.21078, 44.96883 ], [ 1.21092, 44.96874 ], [ 1.21106, 44.96866 ], [ 1.21151, 44.96839 ], [ 1.21162, 44.96832 ], [ 1.21166, 44.96835 ], [ 1.21186, 44.9685 ], [ 1.2122, 44.96821 ], [ 1.21225, 44.96805 ], [ 1.21229, 44.96784 ], [ 1.21233, 44.96759 ], [ 1.21242, 44.96736 ], [ 1.21268, 44.9668 ], [ 1.2127, 44.96659 ], [ 1.21263, 44.96617 ], [ 1.21256, 44.96558 ], [ 1.21249, 44.96505 ], [ 1.21239, 44.96484 ], [ 1.21197, 44.96436 ], [ 1.21185, 44.96415 ], [ 1.21166, 44.9641 ], [ 1.21093, 44.96438 ], [ 1.21074, 44.96464 ], [ 1.2109, 44.96512 ], [ 1.21093, 44.96586 ], [ 1.21115, 44.96642 ], [ 1.21115, 44.96671 ], [ 1.21109, 44.96722 ], [ 1.21101, 44.96739 ], [ 1.21072, 44.96761 ], [ 1.21005, 44.96785 ], [ 1.20956, 44.96791 ], [ 1.20926, 44.96803 ], [ 1.20919, 44.96825 ], [ 1.20879, 44.96843 ], [ 1.20794, 44.96873 ], [ 1.20757, 44.96896 ], [ 1.20647, 44.96964 ], [ 1.20538, 44.97016 ], [ 1.20461, 44.97033 ], [ 1.2041, 44.97036 ], [ 1.20369, 44.97048 ], [ 1.20333, 44.97065 ], [ 1.20314, 44.97075 ], [ 1.20272, 44.97081 ], [ 1.20164, 44.9712 ], [ 1.20155, 44.97107 ], [ 1.20152, 44.97106 ], [ 1.2016, 44.97121 ], [ 1.20177, 44.97128 ], [ 1.20217, 44.97117 ], [ 1.20334, 44.97081 ], [ 1.20428, 44.97058 ], [ 1.20483, 44.97072 ], [ 1.20529, 44.97065 ], [ 1.20536, 44.97088 ], [ 1.20637, 44.97068 ], [ 1.20636, 44.97097 ], [ 1.20636, 44.97096 ] ] ], [ [ [ 1.20144, 44.97104 ], [ 1.20108, 44.97104 ], [ 1.20108, 44.97123 ], [ 1.2011, 44.97105 ], [ 1.20145, 44.97104 ], [ 1.20144, 44.97104 ] ] ], [ [ [ 1.20104, 44.9716 ], [ 1.20092, 44.97184 ], [ 1.20104, 44.97161 ], [ 1.20108, 44.97132 ], [ 1.20104, 44.9716 ] ] ], [ [ [ 1.20077, 44.97193 ], [ 1.20079, 44.97193 ], [ 1.20081, 44.97192 ], [ 1.20077, 44.97193 ] ] ], [ [ [ 1.20056, 44.97192 ], [ 1.20055, 44.97191 ], [ 1.20042, 44.97176 ], [ 1.2004, 44.97154 ], [ 1.1996, 44.97159 ], [ 1.19932, 44.97165 ], [ 1.19891, 44.97192 ], [ 1.19862, 44.97205 ], [ 1.19719, 44.97204 ], [ 1.19653, 44.97224 ], [ 1.19603, 44.97263 ], [ 1.19538, 44.97346 ], [ 1.19493, 44.97399 ], [ 1.19423, 44.9743 ], [ 1.19359, 44.97451 ], [ 1.19336, 44.9745 ], [ 1.19308, 44.97437 ], [ 1.19295, 44.97397 ], [ 1.19285, 44.97297 ], [ 1.19289, 44.97259 ], [ 1.19277, 44.97248 ], [ 1.19262, 44.97248 ], [ 1.19268, 44.97295 ], [ 1.19261, 44.97332 ], [ 1.1925, 44.97373 ], [ 1.19249, 44.97396 ], [ 1.19249, 44.97396 ], [ 1.19291, 44.97394 ], [ 1.19315, 44.9749 ], [ 1.1938, 44.97472 ], [ 1.19416, 44.97457 ], [ 1.19478, 44.97439 ], [ 1.19532, 44.97415 ], [ 1.19571, 44.97396 ], [ 1.19591, 44.97374 ], [ 1.19604, 44.97357 ], [ 1.19619, 44.97341 ], [ 1.19644, 44.97317 ], [ 1.19675, 44.97288 ], [ 1.19679, 44.97269 ], [ 1.19715, 44.97248 ], [ 1.19741, 44.97239 ], [ 1.19782, 44.97224 ], [ 1.19852, 44.97214 ], [ 1.19864, 44.97224 ], [ 1.199, 44.972 ], [ 1.19922, 44.97195 ], [ 1.19924, 44.9718 ], [ 1.19948, 44.97175 ], [ 1.20031, 44.97173 ], [ 1.20042, 44.97176 ], [ 1.20053, 44.9719 ], [ 1.20066, 44.97195 ], [ 1.20069, 44.97194 ], [ 1.20056, 44.97192 ] ] ], [ [ [ 1.19248, 44.97425 ], [ 1.1925, 44.97449 ], [ 1.19123, 44.97442 ], [ 1.19117, 44.97441 ], [ 1.19099, 44.9744 ], [ 1.19254, 44.97449 ], [ 1.19248, 44.97421 ], [ 1.19249, 44.97396 ], [ 1.19248, 44.97425 ] ] ], [ [ [ 1.19084, 44.9744 ], [ 1.1907, 44.9744 ], [ 1.1906, 44.97441 ], [ 1.19099, 44.9744 ], [ 1.19084, 44.9744 ] ] ], [ [ [ 1.18835, 44.97452 ], [ 1.18803, 44.9744 ], [ 1.18713, 44.97393 ], [ 1.18696, 44.97361 ], [ 1.1869, 44.97331 ], [ 1.18656, 44.97321 ], [ 1.18639, 44.97328 ], [ 1.18615, 44.97326 ], [ 1.18574, 44.97304 ], [ 1.18519, 44.97252 ], [ 1.18483, 44.9723 ], [ 1.18399, 44.97189 ], [ 1.18339, 44.97167 ], [ 1.18278, 44.97147 ], [ 1.18257, 44.97128 ], [ 1.18254, 44.97098 ], [ 1.18281, 44.97072 ], [ 1.18313, 44.9704 ], [ 1.18276, 44.97035 ], [ 1.18221, 44.97039 ], [ 1.1817, 44.97096 ], [ 1.18144, 44.97108 ], [ 1.18111, 44.97107 ], [ 1.18076, 44.97091 ], [ 1.1805, 44.97064 ], [ 1.17969, 44.97 ], [ 1.17925, 44.96945 ], [ 1.17888, 44.96829 ], [ 1.17846, 44.9679 ], [ 1.17803, 44.96732 ], [ 1.17779, 44.96696 ], [ 1.17767, 44.96662 ], [ 1.17777, 44.96646 ], [ 1.17811, 44.96624 ], [ 1.1804, 44.96583 ], [ 1.18077, 44.96546 ], [ 1.18108, 44.96468 ], [ 1.18161, 44.96362 ], [ 1.1818, 44.96299 ], [ 1.18173, 44.96229 ], [ 1.1812, 44.96245 ], [ 1.18024, 44.96292 ], [ 1.17957, 44.9636 ], [ 1.17925, 44.9641 ], [ 1.17908, 44.96426 ], [ 1.17883, 44.96436 ], [ 1.1782, 44.96435 ], [ 1.17777, 44.96442 ], [ 1.17738, 44.96455 ], [ 1.177, 44.96488 ], [ 1.17644, 44.96579 ], [ 1.17587, 44.96634 ], [ 1.17509, 44.96627 ], [ 1.17388, 44.96612 ], [ 1.17339, 44.96592 ], [ 1.17325, 44.96568 ], [ 1.17334, 44.96512 ], [ 1.1735, 44.96479 ], [ 1.17365, 44.96445 ], [ 1.17373, 44.96405 ], [ 1.17394, 44.96351 ], [ 1.17369, 44.96374 ], [ 1.17347, 44.96395 ], [ 1.17316, 44.96445 ], [ 1.17263, 44.96538 ], [ 1.17237, 44.96586 ], [ 1.17201, 44.96586 ], [ 1.17163, 44.96564 ], [ 1.17095, 44.9653 ], [ 1.17045, 44.96493 ], [ 1.17001, 44.96453 ], [ 1.16983, 44.96422 ], [ 1.16973, 44.96386 ], [ 1.16961, 44.96414 ], [ 1.16941, 44.96434 ], [ 1.16901, 44.96448 ], [ 1.16853, 44.96431 ], [ 1.16762, 44.9642 ], [ 1.16742, 44.96429 ], [ 1.16704, 44.96454 ], [ 1.16674, 44.96461 ], [ 1.1663, 44.96462 ], [ 1.16596, 44.96478 ], [ 1.16559, 44.96489 ], [ 1.16518, 44.96493 ], [ 1.16495, 44.96489 ], [ 1.16474, 44.96462 ], [ 1.16469, 44.96427 ], [ 1.16474, 44.96381 ], [ 1.16489, 44.96304 ], [ 1.16504, 44.96242 ], [ 1.16524, 44.96185 ], [ 1.16543, 44.96132 ], [ 1.16573, 44.96077 ], [ 1.16655, 44.96074 ], [ 1.16684, 44.96055 ], [ 1.16791, 44.96067 ], [ 1.16845, 44.96064 ], [ 1.16947, 44.9604 ], [ 1.16998, 44.96025 ], [ 1.17183, 44.95968 ], [ 1.17224, 44.95958 ], [ 1.1725, 44.95945 ], [ 1.17273, 44.95926 ], [ 1.17301, 44.95903 ], [ 1.17331, 44.95878 ], [ 1.17362, 44.95867 ], [ 1.17424, 44.95857 ], [ 1.17491, 44.95854 ], [ 1.17521, 44.9585 ], [ 1.1756, 44.9584 ], [ 1.17601, 44.95823 ], [ 1.17635, 44.958 ], [ 1.17672, 44.95761 ], [ 1.17698, 44.95745 ], [ 1.17722, 44.95749 ], [ 1.17735, 44.95764 ], [ 1.17761, 44.95753 ], [ 1.17806, 44.95744 ], [ 1.17831, 44.95729 ], [ 1.17848, 44.95718 ], [ 1.17929, 44.95704 ], [ 1.17971, 44.95686 ], [ 1.18026, 44.95645 ], [ 1.18084, 44.95608 ], [ 1.18241, 44.95553 ], [ 1.18241, 44.9553 ], [ 1.18298, 44.95506 ], [ 1.18416, 44.95461 ], [ 1.18451, 44.95458 ], [ 1.18508, 44.9546 ], [ 1.18517, 44.95449 ], [ 1.18497, 44.95432 ], [ 1.18481, 44.95428 ], [ 1.18447, 44.95421 ], [ 1.18391, 44.95419 ], [ 1.18343, 44.95425 ], [ 1.18289, 44.95432 ], [ 1.18235, 44.95445 ], [ 1.18203, 44.95453 ], [ 1.18168, 44.95464 ], [ 1.18126, 44.95481 ], [ 1.18085, 44.955 ], [ 1.18043, 44.95519 ], [ 1.17938, 44.95546 ], [ 1.17842, 44.95569 ], [ 1.17807, 44.95568 ], [ 1.17781, 44.95556 ], [ 1.17763, 44.95518 ], [ 1.17766, 44.95487 ], [ 1.17778, 44.95453 ], [ 1.17783, 44.95435 ], [ 1.17792, 44.95422 ], [ 1.17799, 44.95403 ], [ 1.17803, 44.95373 ], [ 1.17813, 44.95349 ], [ 1.17799, 44.95314 ], [ 1.17758, 44.95305 ], [ 1.17723, 44.95316 ], [ 1.17684, 44.95372 ], [ 1.17674, 44.95393 ], [ 1.17661, 44.95423 ], [ 1.17645, 44.95444 ], [ 1.17624, 44.95457 ], [ 1.176, 44.95525 ], [ 1.17569, 44.95549 ], [ 1.17535, 44.95565 ], [ 1.17497, 44.95545 ], [ 1.175, 44.95619 ], [ 1.17487, 44.95669 ], [ 1.17449, 44.95698 ], [ 1.17371, 44.95725 ], [ 1.17311, 44.95743 ], [ 1.17275, 44.95756 ], [ 1.17253, 44.95755 ], [ 1.17217, 44.95765 ], [ 1.1717, 44.9579 ], [ 1.17153, 44.95806 ], [ 1.17065, 44.9583 ], [ 1.17006, 44.95844 ], [ 1.16917, 44.95871 ], [ 1.16859, 44.95889 ], [ 1.16813, 44.95886 ], [ 1.16787, 44.95879 ], [ 1.16712, 44.95913 ], [ 1.16609, 44.95897 ], [ 1.16597, 44.9592 ], [ 1.16559, 44.95943 ], [ 1.16536, 44.95955 ], [ 1.16522, 44.95987 ], [ 1.16442, 44.9606 ], [ 1.16412, 44.96101 ], [ 1.16395, 44.9615 ], [ 1.16393, 44.96197 ], [ 1.16391, 44.96254 ], [ 1.16368, 44.96301 ], [ 1.16348, 44.96347 ], [ 1.16338, 44.96375 ], [ 1.16339, 44.96395 ], [ 1.16348, 44.96421 ], [ 1.16336, 44.96429 ], [ 1.16305, 44.96431 ], [ 1.16268, 44.96416 ], [ 1.16229, 44.9639 ], [ 1.16187, 44.96375 ], [ 1.16033, 44.96337 ], [ 1.15966, 44.96321 ], [ 1.15883, 44.96309 ], [ 1.15796, 44.96283 ], [ 1.15778, 44.96255 ], [ 1.15775, 44.96212 ], [ 1.15727, 44.96201 ], [ 1.15696, 44.96269 ], [ 1.15685, 44.9629 ], [ 1.15667, 44.963 ], [ 1.15608, 44.96305 ], [ 1.15529, 44.96296 ], [ 1.15402, 44.96263 ], [ 1.15396, 44.96247 ], [ 1.15363, 44.9623 ], [ 1.15319, 44.96216 ], [ 1.15223, 44.96193 ], [ 1.15193, 44.96178 ], [ 1.15032, 44.9618 ], [ 1.14993, 44.96153 ], [ 1.14905, 44.96112 ], [ 1.14867, 44.96091 ], [ 1.14844, 44.96069 ], [ 1.14807, 44.96014 ], [ 1.14765, 44.95987 ], [ 1.14709, 44.95968 ], [ 1.14596, 44.95926 ], [ 1.14533, 44.95903 ], [ 1.14503, 44.95875 ], [ 1.14491, 44.95849 ], [ 1.14509, 44.95794 ], [ 1.14511, 44.95737 ], [ 1.14527, 44.95678 ], [ 1.14507, 44.9564 ], [ 1.14485, 44.9564 ], [ 1.14401, 44.95709 ], [ 1.14382, 44.95744 ], [ 1.14395, 44.95808 ], [ 1.14393, 44.95838 ], [ 1.14353, 44.95858 ], [ 1.14307, 44.95858 ], [ 1.14261, 44.95843 ], [ 1.14233, 44.9582 ], [ 1.14199, 44.95789 ], [ 1.14123, 44.95815 ], [ 1.1408, 44.95823 ], [ 1.14027, 44.95819 ], [ 1.13951, 44.95795 ], [ 1.13918, 44.95798 ], [ 1.13861, 44.95797 ], [ 1.1379, 44.95781 ], [ 1.13754, 44.95769 ], [ 1.13711, 44.95709 ], [ 1.1366, 44.95731 ], [ 1.13614, 44.95757 ], [ 1.13491, 44.95789 ], [ 1.13461, 44.95739 ], [ 1.13454, 44.95699 ], [ 1.1345, 44.95672 ], [ 1.135, 44.95558 ], [ 1.1356, 44.95518 ], [ 1.13604, 44.95494 ], [ 1.13639, 44.9547 ], [ 1.13683, 44.9543 ], [ 1.13689, 44.95381 ], [ 1.13715, 44.95314 ], [ 1.13838, 44.95201 ], [ 1.14014, 44.95135 ], [ 1.1411, 44.95142 ], [ 1.14137, 44.95151 ], [ 1.14188, 44.95133 ], [ 1.1436, 44.95028 ], [ 1.144, 44.95017 ], [ 1.1453, 44.94957 ], [ 1.14592, 44.94928 ], [ 1.1466, 44.94923 ], [ 1.14711, 44.94906 ], [ 1.14754, 44.9488 ], [ 1.14816, 44.94867 ], [ 1.14875, 44.94862 ], [ 1.14916, 44.94853 ], [ 1.14989, 44.94833 ], [ 1.15082, 44.94836 ], [ 1.15113, 44.94802 ], [ 1.15177, 44.94783 ], [ 1.15226, 44.94786 ], [ 1.15261, 44.94775 ], [ 1.15379, 44.94747 ], [ 1.15431, 44.94719 ], [ 1.15499, 44.94674 ], [ 1.15594, 44.94622 ], [ 1.15707, 44.94587 ], [ 1.15759, 44.94538 ], [ 1.15811, 44.94523 ], [ 1.15832, 44.94508 ], [ 1.15847, 44.94469 ], [ 1.15885, 44.9444 ], [ 1.15869, 44.94406 ], [ 1.15781, 44.94416 ], [ 1.15764, 44.94424 ], [ 1.15737, 44.94437 ], [ 1.15683, 44.94473 ], [ 1.15621, 44.94508 ], [ 1.15552, 44.94561 ], [ 1.15468, 44.94613 ], [ 1.15376, 44.9466 ], [ 1.15278, 44.9471 ], [ 1.15205, 44.94738 ], [ 1.15181, 44.94728 ], [ 1.15036, 44.94765 ], [ 1.14931, 44.94783 ], [ 1.14755, 44.94834 ], [ 1.14623, 44.94863 ], [ 1.14499, 44.94885 ], [ 1.14408, 44.94905 ], [ 1.14316, 44.94915 ], [ 1.1423, 44.94916 ], [ 1.14155, 44.94925 ], [ 1.14109, 44.94938 ], [ 1.14063, 44.94975 ], [ 1.1397, 44.95054 ], [ 1.13957, 44.95037 ], [ 1.13866, 44.95019 ], [ 1.13832, 44.95007 ], [ 1.13796, 44.95018 ], [ 1.1375, 44.95075 ], [ 1.13692, 44.95131 ], [ 1.13651, 44.95188 ], [ 1.13634, 44.95232 ], [ 1.13525, 44.95347 ], [ 1.1345, 44.95365 ], [ 1.13399, 44.95382 ], [ 1.13376, 44.95408 ], [ 1.13347, 44.9543 ], [ 1.13332, 44.95452 ], [ 1.13323, 44.95493 ], [ 1.13308, 44.9554 ], [ 1.13288, 44.95596 ], [ 1.13273, 44.95632 ], [ 1.1327, 44.95657 ], [ 1.13273, 44.95696 ], [ 1.13282, 44.95716 ], [ 1.13261, 44.95757 ], [ 1.13246, 44.95777 ], [ 1.13218, 44.95779 ], [ 1.13205, 44.95771 ], [ 1.13159, 44.95747 ], [ 1.13113, 44.95717 ], [ 1.13086, 44.95708 ], [ 1.13042, 44.95687 ], [ 1.12989, 44.9565 ], [ 1.1294, 44.95624 ], [ 1.12876, 44.95601 ], [ 1.12808, 44.95575 ], [ 1.1278, 44.95551 ], [ 1.12773, 44.95527 ], [ 1.12799, 44.95495 ], [ 1.12869, 44.95449 ], [ 1.12974, 44.95406 ], [ 1.13006, 44.95381 ], [ 1.13032, 44.95332 ], [ 1.13046, 44.95308 ], [ 1.13024, 44.95289 ], [ 1.12963, 44.95271 ], [ 1.12904, 44.95265 ], [ 1.12811, 44.95282 ], [ 1.12765, 44.95304 ], [ 1.12752, 44.95328 ], [ 1.12723, 44.9536 ], [ 1.12684, 44.95389 ], [ 1.12667, 44.9542 ], [ 1.12641, 44.95493 ], [ 1.12613, 44.95509 ], [ 1.12594, 44.9551 ], [ 1.1257, 44.955 ], [ 1.12527, 44.95464 ], [ 1.12491, 44.9542 ], [ 1.12471, 44.95371 ], [ 1.12489, 44.9533 ], [ 1.12517, 44.95295 ], [ 1.1257, 44.95261 ], [ 1.12569, 44.95222 ], [ 1.12598, 44.95178 ], [ 1.12649, 44.95137 ], [ 1.12713, 44.95099 ], [ 1.12738, 44.95047 ], [ 1.12708, 44.95028 ], [ 1.1264, 44.95016 ], [ 1.12566, 44.95049 ], [ 1.12499, 44.95075 ], [ 1.12473, 44.9511 ], [ 1.12393, 44.95201 ], [ 1.12333, 44.95227 ], [ 1.1228, 44.95215 ], [ 1.12237, 44.95157 ], [ 1.1224, 44.9511 ], [ 1.12215, 44.95118 ], [ 1.12191, 44.9512 ], [ 1.12166, 44.95106 ], [ 1.1214, 44.95087 ], [ 1.12134, 44.95056 ], [ 1.12133, 44.9501 ], [ 1.12116, 44.9501 ], [ 1.12093, 44.95019 ], [ 1.12069, 44.95027 ], [ 1.12028, 44.95026 ], [ 1.11986, 44.95016 ], [ 1.11948, 44.95009 ], [ 1.11908, 44.95 ], [ 1.11827, 44.94996 ], [ 1.11803, 44.94986 ], [ 1.11776, 44.94967 ], [ 1.11773, 44.94946 ], [ 1.11776, 44.94901 ], [ 1.11771, 44.94857 ], [ 1.11773, 44.94807 ], [ 1.11785, 44.94761 ], [ 1.11806, 44.94634 ], [ 1.11636, 44.94712 ], [ 1.11611, 44.94737 ], [ 1.11596, 44.94789 ], [ 1.11584, 44.94904 ], [ 1.11537, 44.95 ], [ 1.11502, 44.95013 ], [ 1.11465, 44.95009 ], [ 1.11419, 44.94988 ], [ 1.11398, 44.94979 ], [ 1.11368, 44.94939 ], [ 1.11352, 44.9491 ], [ 1.11352, 44.94862 ], [ 1.1134, 44.94804 ], [ 1.11317, 44.94726 ], [ 1.11293, 44.94695 ], [ 1.11284, 44.94676 ], [ 1.1131, 44.94635 ], [ 1.1132, 44.94605 ], [ 1.1132, 44.94596 ], [ 1.11288, 44.94594 ], [ 1.11198, 44.94609 ], [ 1.11159, 44.946 ], [ 1.11091, 44.94602 ], [ 1.11047, 44.94599 ], [ 1.10819, 44.94584 ], [ 1.10739, 44.94551 ], [ 1.10697, 44.94519 ], [ 1.10664, 44.94478 ], [ 1.10664, 44.94431 ], [ 1.1065, 44.94418 ], [ 1.10584, 44.94397 ], [ 1.10543, 44.9438 ], [ 1.10471, 44.94353 ], [ 1.1042, 44.94328 ], [ 1.10381, 44.94313 ], [ 1.1035, 44.94304 ], [ 1.10325, 44.94286 ], [ 1.10362, 44.94203 ], [ 1.10379, 44.94177 ], [ 1.10393, 44.94153 ], [ 1.10394, 44.94135 ], [ 1.10391, 44.94109 ], [ 1.10398, 44.94091 ], [ 1.10416, 44.94063 ], [ 1.1048, 44.94009 ], [ 1.10493, 44.93978 ], [ 1.10482, 44.93971 ], [ 1.10469, 44.93972 ], [ 1.10457, 44.93971 ], [ 1.10456, 44.93971 ], [ 1.1045, 44.93983 ], [ 1.10442, 44.93992 ], [ 1.10441, 44.93993 ], [ 1.10427, 44.94006 ], [ 1.10407, 44.94018 ], [ 1.10389, 44.94029 ], [ 1.10374, 44.94041 ], [ 1.10338, 44.94075 ], [ 1.10335, 44.94078 ], [ 1.10331, 44.94082 ], [ 1.10334, 44.94086 ], [ 1.10334, 44.94086 ], [ 1.10332, 44.9409 ], [ 1.10329, 44.94095 ], [ 1.10328, 44.94097 ], [ 1.10324, 44.94104 ], [ 1.10321, 44.94113 ], [ 1.10322, 44.94111 ], [ 1.10337, 44.94113 ], [ 1.10323, 44.94164 ], [ 1.10297, 44.94221 ], [ 1.1028, 44.94269 ], [ 1.10296, 44.9429 ], [ 1.10344, 44.9431 ], [ 1.10398, 44.9433 ], [ 1.10493, 44.94372 ], [ 1.10572, 44.94403 ], [ 1.106, 44.9442 ], [ 1.10626, 44.94451 ], [ 1.10651, 44.94478 ], [ 1.10697, 44.94532 ], [ 1.1076, 44.94575 ], [ 1.10779, 44.94593 ], [ 1.1081, 44.94614 ], [ 1.1084, 44.94622 ], [ 1.10877, 44.94637 ], [ 1.10914, 44.94649 ], [ 1.1096, 44.94644 ], [ 1.11033, 44.94642 ], [ 1.11075, 44.94648 ], [ 1.1114, 44.94668 ], [ 1.11219, 44.9469 ], [ 1.11237, 44.94718 ], [ 1.11255, 44.94745 ], [ 1.11277, 44.94786 ], [ 1.11276, 44.94823 ], [ 1.11291, 44.94879 ], [ 1.11275, 44.94884 ], [ 1.11259, 44.94934 ], [ 1.11266, 44.94981 ], [ 1.11294, 44.95029 ], [ 1.11346, 44.95064 ], [ 1.11426, 44.95076 ], [ 1.11517, 44.95069 ], [ 1.11584, 44.95039 ], [ 1.11683, 44.95041 ], [ 1.11799, 44.95048 ], [ 1.11904, 44.95066 ], [ 1.12028, 44.95075 ], [ 1.12107, 44.95097 ], [ 1.12165, 44.95136 ], [ 1.12187, 44.95159 ], [ 1.12194, 44.9518 ], [ 1.12203, 44.95225 ], [ 1.12228, 44.95269 ], [ 1.12278, 44.95349 ], [ 1.12299, 44.95378 ], [ 1.12329, 44.95412 ], [ 1.12374, 44.95464 ], [ 1.12408, 44.95503 ], [ 1.12415, 44.95521 ], [ 1.12412, 44.95532 ], [ 1.12649, 44.95568 ], [ 1.12659, 44.95581 ], [ 1.12724, 44.95622 ], [ 1.1299, 44.95754 ], [ 1.13067, 44.95797 ], [ 1.1313, 44.95815 ], [ 1.13225, 44.95835 ], [ 1.13305, 44.95849 ], [ 1.13357, 44.95844 ], [ 1.13307, 44.9576 ], [ 1.13324, 44.95749 ], [ 1.13374, 44.95738 ], [ 1.13426, 44.95805 ], [ 1.13478, 44.95805 ], [ 1.13671, 44.95797 ], [ 1.13747, 44.95797 ], [ 1.1379, 44.95816 ], [ 1.13844, 44.95818 ], [ 1.13912, 44.95826 ], [ 1.13968, 44.95838 ], [ 1.14018, 44.95857 ], [ 1.14058, 44.95869 ], [ 1.14086, 44.95869 ], [ 1.14134, 44.95863 ], [ 1.14171, 44.95868 ], [ 1.1426, 44.95895 ], [ 1.1426, 44.95908 ], [ 1.14377, 44.95967 ], [ 1.14454, 44.95902 ], [ 1.14476, 44.95919 ], [ 1.14534, 44.95934 ], [ 1.14511, 44.95954 ], [ 1.14546, 44.9598 ], [ 1.14569, 44.96006 ], [ 1.14602, 44.96022 ], [ 1.14636, 44.96023 ], [ 1.1471, 44.96064 ], [ 1.14708, 44.96081 ], [ 1.14821, 44.9618 ], [ 1.14755, 44.96233 ], [ 1.14903, 44.9633 ], [ 1.14942, 44.96341 ], [ 1.14986, 44.96341 ], [ 1.15196, 44.96336 ], [ 1.15396, 44.96334 ], [ 1.1539, 44.96362 ], [ 1.15491, 44.96365 ], [ 1.15572, 44.9636 ], [ 1.15582, 44.96329 ], [ 1.15602, 44.96307 ], [ 1.15663, 44.96303 ], [ 1.15722, 44.96297 ], [ 1.15759, 44.96294 ], [ 1.15785, 44.96306 ], [ 1.15854, 44.96326 ], [ 1.15936, 44.96348 ], [ 1.16039, 44.96373 ], [ 1.16113, 44.96399 ], [ 1.16218, 44.96449 ], [ 1.16274, 44.96479 ], [ 1.16312, 44.96492 ], [ 1.16362, 44.96525 ], [ 1.16405, 44.9653 ], [ 1.16488, 44.96522 ], [ 1.16646, 44.96492 ], [ 1.16762, 44.96497 ], [ 1.16979, 44.96512 ], [ 1.17249, 44.96604 ], [ 1.17308, 44.96607 ], [ 1.17338, 44.96614 ], [ 1.17459, 44.96637 ], [ 1.17567, 44.96659 ], [ 1.17632, 44.96661 ], [ 1.17642, 44.96639 ], [ 1.17682, 44.96609 ], [ 1.17724, 44.96578 ], [ 1.17796, 44.96551 ], [ 1.17806, 44.96563 ], [ 1.17786, 44.96582 ], [ 1.17752, 44.96597 ], [ 1.17724, 44.96602 ], [ 1.17704, 44.96615 ], [ 1.17688, 44.96631 ], [ 1.17671, 44.96652 ], [ 1.17662, 44.9667 ], [ 1.17667, 44.9669 ], [ 1.17697, 44.96721 ], [ 1.17756, 44.96777 ], [ 1.17786, 44.96806 ], [ 1.17813, 44.96837 ], [ 1.17841, 44.96881 ], [ 1.17855, 44.96909 ], [ 1.17885, 44.96949 ], [ 1.17915, 44.96978 ], [ 1.17963, 44.97029 ], [ 1.17993, 44.97048 ], [ 1.18032, 44.97078 ], [ 1.18075, 44.97108 ], [ 1.18103, 44.97126 ], [ 1.18136, 44.97134 ], [ 1.18168, 44.97139 ], [ 1.18236, 44.97154 ], [ 1.18295, 44.9717 ], [ 1.18319, 44.97183 ], [ 1.18395, 44.97212 ], [ 1.18436, 44.97231 ], [ 1.18482, 44.97276 ], [ 1.18486, 44.97318 ], [ 1.18539, 44.97384 ], [ 1.18582, 44.97417 ], [ 1.18619, 44.97446 ], [ 1.18645, 44.97469 ], [ 1.18695, 44.97534 ], [ 1.18741, 44.97493 ], [ 1.18757, 44.97505 ], [ 1.18855, 44.97456 ], [ 1.18863, 44.97456 ], [ 1.18835, 44.97452 ] ], [ [ 1.17087, 44.9598 ], [ 1.17034, 44.95983 ], [ 1.17007, 44.9599 ], [ 1.16946, 44.96013 ], [ 1.1686, 44.96039 ], [ 1.16807, 44.96047 ], [ 1.16714, 44.96048 ], [ 1.16682, 44.96006 ], [ 1.16707, 44.96005 ], [ 1.16735, 44.96009 ], [ 1.1676, 44.96011 ], [ 1.16807, 44.96015 ], [ 1.16853, 44.96008 ], [ 1.16886, 44.96 ], [ 1.16911, 44.95987 ], [ 1.16952, 44.95975 ], [ 1.17015, 44.95953 ], [ 1.17119, 44.95913 ], [ 1.17151, 44.95929 ], [ 1.17148, 44.9594 ], [ 1.1714, 44.9596 ], [ 1.17087, 44.9598 ] ] ], [ [ [ 1.08007, 44.94719 ], [ 1.08008, 44.9472 ], [ 1.08013, 44.94724 ], [ 1.08027, 44.94737 ], [ 1.08029, 44.9474 ], [ 1.0803, 44.94742 ], [ 1.08035, 44.94755 ], [ 1.0804, 44.94755 ], [ 1.08042, 44.94757 ], [ 1.08055, 44.94778 ], [ 1.0806, 44.94785 ], [ 1.08069, 44.94793 ], [ 1.08099, 44.94822 ], [ 1.08118, 44.94841 ], [ 1.0813, 44.94852 ], [ 1.08182, 44.94885 ], [ 1.08219, 44.94912 ], [ 1.08238, 44.94942 ], [ 1.08262, 44.9497 ], [ 1.08286, 44.94983 ], [ 1.083, 44.95007 ], [ 1.08306, 44.95023 ], [ 1.08302, 44.951 ], [ 1.08311, 44.95249 ], [ 1.08324, 44.95282 ], [ 1.08333, 44.9532 ], [ 1.08341, 44.95332 ], [ 1.08346, 44.95379 ], [ 1.08347, 44.95418 ], [ 1.08384, 44.95463 ], [ 1.08436, 44.95501 ], [ 1.08471, 44.95524 ], [ 1.08517, 44.95567 ], [ 1.08559, 44.95614 ], [ 1.08591, 44.95653 ], [ 1.08619, 44.95672 ], [ 1.08638, 44.95711 ], [ 1.08652, 44.95747 ], [ 1.08654, 44.95796 ], [ 1.08645, 44.9585 ], [ 1.08663, 44.95902 ], [ 1.08744, 44.95992 ], [ 1.08832, 44.96067 ], [ 1.08844, 44.96088 ], [ 1.08879, 44.96089 ], [ 1.08883, 44.96101 ], [ 1.0888, 44.96116 ], [ 1.08886, 44.96135 ], [ 1.08919, 44.96159 ], [ 1.08955, 44.9617 ], [ 1.09057, 44.96173 ], [ 1.09094, 44.96177 ], [ 1.0916, 44.962 ], [ 1.09299, 44.96293 ], [ 1.09333, 44.96374 ], [ 1.09367, 44.96416 ], [ 1.09412, 44.96458 ], [ 1.09403, 44.96486 ], [ 1.09399, 44.96513 ], [ 1.09416, 44.96538 ], [ 1.09457, 44.96569 ], [ 1.09528, 44.96635 ], [ 1.09573, 44.96665 ], [ 1.09602, 44.96687 ], [ 1.09603, 44.96715 ], [ 1.09583, 44.96753 ], [ 1.09587, 44.96796 ], [ 1.09585, 44.96835 ], [ 1.09602, 44.96849 ], [ 1.09656, 44.96837 ], [ 1.09674, 44.96868 ], [ 1.09671, 44.96893 ], [ 1.09669, 44.9692 ], [ 1.09673, 44.96947 ], [ 1.097, 44.96977 ], [ 1.09739, 44.97004 ], [ 1.09786, 44.97018 ], [ 1.09833, 44.97032 ], [ 1.09923, 44.97036 ], [ 1.09966, 44.97047 ], [ 1.1001, 44.97067 ], [ 1.10116, 44.9719 ], [ 1.10149, 44.9726 ], [ 1.10154, 44.97301 ], [ 1.10189, 44.97416 ], [ 1.10204, 44.97459 ], [ 1.10228, 44.9748 ], [ 1.1026, 44.97484 ], [ 1.10342, 44.9747 ], [ 1.10386, 44.97451 ], [ 1.10417, 44.97446 ], [ 1.10453, 44.97447 ], [ 1.10443, 44.97458 ], [ 1.10395, 44.97475 ], [ 1.10377, 44.97501 ], [ 1.10339, 44.97526 ], [ 1.10335, 44.97538 ], [ 1.10354, 44.97557 ], [ 1.10382, 44.97579 ], [ 1.10393, 44.97617 ], [ 1.10436, 44.97638 ], [ 1.10454, 44.97658 ], [ 1.10561, 44.97735 ], [ 1.10586, 44.97759 ], [ 1.10617, 44.97762 ], [ 1.1065, 44.97743 ], [ 1.10665, 44.97723 ], [ 1.10683, 44.97724 ], [ 1.10694, 44.97737 ], [ 1.10678, 44.97764 ], [ 1.10647, 44.97787 ], [ 1.10599, 44.97824 ], [ 1.10601, 44.97846 ], [ 1.10601, 44.97846 ], [ 1.10612, 44.97876 ], [ 1.10622, 44.97888 ], [ 1.10642, 44.97913 ], [ 1.10644, 44.97915 ], [ 1.10661, 44.97923 ], [ 1.10667, 44.97926 ], [ 1.10684, 44.97933 ], [ 1.1069, 44.97936 ], [ 1.10695, 44.9794 ], [ 1.10746, 44.97972 ], [ 1.108, 44.98007 ], [ 1.10857, 44.98044 ], [ 1.10862, 44.98046 ], [ 1.10869, 44.98051 ], [ 1.10869, 44.98051 ], [ 1.10884, 44.98044 ], [ 1.10886, 44.98044 ], [ 1.1089, 44.98048 ], [ 1.1091, 44.98066 ], [ 1.10915, 44.98072 ], [ 1.10947, 44.98068 ], [ 1.10966, 44.98057 ], [ 1.10978, 44.98041 ], [ 1.10983, 44.98018 ], [ 1.10975, 44.98 ], [ 1.1097, 44.97988 ], [ 1.10974, 44.97964 ], [ 1.10967, 44.97953 ], [ 1.10947, 44.97946 ], [ 1.1092, 44.97945 ], [ 1.10889, 44.97951 ], [ 1.10867, 44.97954 ], [ 1.10842, 44.97947 ], [ 1.10809, 44.97931 ], [ 1.10784, 44.97926 ], [ 1.10749, 44.97924 ], [ 1.10725, 44.97912 ], [ 1.10706, 44.97896 ], [ 1.10696, 44.97883 ], [ 1.10688, 44.97866 ], [ 1.10694, 44.97848 ], [ 1.10689, 44.97833 ], [ 1.10689, 44.97824 ], [ 1.10698, 44.97814 ], [ 1.10717, 44.97801 ], [ 1.10742, 44.97781 ], [ 1.10753, 44.97764 ], [ 1.10766, 44.9774 ], [ 1.10793, 44.97711 ], [ 1.10842, 44.97685 ], [ 1.10879, 44.97668 ], [ 1.10896, 44.97658 ], [ 1.10904, 44.9765 ], [ 1.10903, 44.97641 ], [ 1.10897, 44.97636 ], [ 1.10879, 44.97633 ], [ 1.10864, 44.97637 ], [ 1.10829, 44.97644 ], [ 1.10797, 44.97649 ], [ 1.10768, 44.97655 ], [ 1.10743, 44.97661 ], [ 1.10696, 44.97676 ], [ 1.10656, 44.97688 ], [ 1.10613, 44.97691 ], [ 1.10577, 44.97687 ], [ 1.10544, 44.97675 ], [ 1.10512, 44.97657 ], [ 1.10469, 44.97624 ], [ 1.10445, 44.97598 ], [ 1.10426, 44.97563 ], [ 1.10418, 44.97525 ], [ 1.10422, 44.97499 ], [ 1.1045, 44.97475 ], [ 1.1049, 44.97456 ], [ 1.10508, 44.97452 ], [ 1.10526, 44.97442 ], [ 1.10534, 44.97428 ], [ 1.10538, 44.97416 ], [ 1.10547, 44.97402 ], [ 1.10561, 44.97386 ], [ 1.10613, 44.97337 ], [ 1.10647, 44.97308 ], [ 1.10632, 44.97289 ], [ 1.10612, 44.97281 ], [ 1.1059, 44.97244 ], [ 1.10549, 44.97214 ], [ 1.10518, 44.97199 ], [ 1.10486, 44.97195 ], [ 1.10453, 44.97176 ], [ 1.10441, 44.97175 ], [ 1.10422, 44.97177 ], [ 1.10411, 44.9715 ], [ 1.10451, 44.97129 ], [ 1.10448, 44.97114 ], [ 1.10432, 44.97084 ], [ 1.10407, 44.97051 ], [ 1.10362, 44.97028 ], [ 1.10227, 44.96979 ], [ 1.10163, 44.96953 ], [ 1.1013, 44.96922 ], [ 1.10105, 44.96893 ], [ 1.10011, 44.96845 ], [ 1.09896, 44.96801 ], [ 1.09784, 44.96763 ], [ 1.09764, 44.96753 ], [ 1.09731, 44.9674 ], [ 1.09702, 44.96713 ], [ 1.09707, 44.96693 ], [ 1.09722, 44.96652 ], [ 1.09736, 44.96613 ], [ 1.09693, 44.96595 ], [ 1.09694, 44.96582 ], [ 1.09686, 44.96574 ], [ 1.09675, 44.96574 ], [ 1.09658, 44.96582 ], [ 1.0963, 44.96595 ], [ 1.09597, 44.96605 ], [ 1.09572, 44.96597 ], [ 1.09543, 44.96574 ], [ 1.09517, 44.96543 ], [ 1.09509, 44.96522 ], [ 1.09511, 44.96506 ], [ 1.09526, 44.96487 ], [ 1.0957, 44.96449 ], [ 1.09623, 44.96401 ], [ 1.09667, 44.96362 ], [ 1.09704, 44.9633 ], [ 1.09732, 44.96292 ], [ 1.09716, 44.96282 ], [ 1.09674, 44.96287 ], [ 1.09623, 44.96303 ], [ 1.09578, 44.96306 ], [ 1.09549, 44.96324 ], [ 1.09523, 44.9632 ], [ 1.09491, 44.96326 ], [ 1.09472, 44.9634 ], [ 1.09449, 44.96338 ], [ 1.09428, 44.96331 ], [ 1.09407, 44.96313 ], [ 1.09378, 44.96309 ], [ 1.09338, 44.963 ], [ 1.09315, 44.96286 ], [ 1.093, 44.96264 ], [ 1.09306, 44.96233 ], [ 1.09357, 44.96125 ], [ 1.09346, 44.96117 ], [ 1.0933, 44.9611 ], [ 1.09309, 44.96105 ], [ 1.09286, 44.96106 ], [ 1.09269, 44.96111 ], [ 1.09263, 44.96119 ], [ 1.09256, 44.96132 ], [ 1.09228, 44.96145 ], [ 1.09197, 44.96152 ], [ 1.0916, 44.96167 ], [ 1.09129, 44.96169 ], [ 1.09103, 44.96159 ], [ 1.09006, 44.9616 ], [ 1.08963, 44.96157 ], [ 1.08937, 44.96151 ], [ 1.0892, 44.96131 ], [ 1.08893, 44.96093 ], [ 1.08855, 44.96057 ], [ 1.08794, 44.96016 ], [ 1.08762, 44.95982 ], [ 1.087, 44.95888 ], [ 1.08685, 44.95848 ], [ 1.08684, 44.95801 ], [ 1.08684, 44.95752 ], [ 1.08661, 44.95665 ], [ 1.08646, 44.95612 ], [ 1.08624, 44.95592 ], [ 1.08566, 44.95561 ], [ 1.08539, 44.95532 ], [ 1.0852, 44.95503 ], [ 1.08498, 44.95463 ], [ 1.08483, 44.95404 ], [ 1.08482, 44.9537 ], [ 1.08506, 44.95322 ], [ 1.08515, 44.95304 ], [ 1.08512, 44.95287 ], [ 1.08502, 44.95271 ], [ 1.08461, 44.9525 ], [ 1.08419, 44.95222 ], [ 1.08375, 44.95198 ], [ 1.08355, 44.95179 ], [ 1.08349, 44.95159 ], [ 1.08344, 44.95128 ], [ 1.08356, 44.95072 ], [ 1.08354, 44.9504 ], [ 1.08342, 44.95015 ], [ 1.08314, 44.94983 ], [ 1.08287, 44.94955 ], [ 1.08215, 44.94877 ], [ 1.08189, 44.94838 ], [ 1.08188, 44.94826 ], [ 1.08204, 44.94819 ], [ 1.08263, 44.94821 ], [ 1.0831, 44.94821 ], [ 1.08386, 44.94818 ], [ 1.08543, 44.94797 ], [ 1.08598, 44.9478 ], [ 1.08639, 44.94771 ], [ 1.08697, 44.94767 ], [ 1.08756, 44.94756 ], [ 1.0879, 44.94741 ], [ 1.08811, 44.94725 ], [ 1.08839, 44.94698 ], [ 1.08885, 44.94655 ], [ 1.08908, 44.94632 ], [ 1.08939, 44.94607 ], [ 1.08967, 44.94591 ], [ 1.08982, 44.94587 ], [ 1.09021, 44.94599 ], [ 1.09031, 44.94607 ], [ 1.09034, 44.94612 ], [ 1.09037, 44.94625 ], [ 1.09037, 44.94642 ], [ 1.09038, 44.94665 ], [ 1.09051, 44.94698 ], [ 1.09068, 44.94743 ], [ 1.09071, 44.94775 ], [ 1.09084, 44.94835 ], [ 1.09095, 44.94876 ], [ 1.09104, 44.94914 ], [ 1.09106, 44.94935 ], [ 1.09114, 44.94974 ], [ 1.09133, 44.95005 ], [ 1.09153, 44.95031 ], [ 1.09199, 44.95066 ], [ 1.09262, 44.95112 ], [ 1.0929, 44.95134 ], [ 1.09303, 44.95136 ], [ 1.09317, 44.95135 ], [ 1.09324, 44.95128 ], [ 1.09323, 44.9512 ], [ 1.09268, 44.95049 ], [ 1.09256, 44.94983 ], [ 1.09265, 44.94929 ], [ 1.09275, 44.94891 ], [ 1.09285, 44.94855 ], [ 1.09299, 44.94827 ], [ 1.0931, 44.94755 ], [ 1.09329, 44.94706 ], [ 1.09342, 44.94654 ], [ 1.09363, 44.94639 ], [ 1.09377, 44.94636 ], [ 1.09392, 44.94637 ], [ 1.09415, 44.94638 ], [ 1.09445, 44.94642 ], [ 1.09459, 44.94647 ], [ 1.09463, 44.94659 ], [ 1.09466, 44.94678 ], [ 1.09468, 44.94716 ], [ 1.09471, 44.94744 ], [ 1.09479, 44.94771 ], [ 1.09499, 44.94792 ], [ 1.09527, 44.94808 ], [ 1.0955, 44.94809 ], [ 1.09571, 44.94804 ], [ 1.09583, 44.94795 ], [ 1.09596, 44.94737 ], [ 1.09619, 44.94708 ], [ 1.09655, 44.9469 ], [ 1.09713, 44.94678 ], [ 1.09773, 44.94677 ], [ 1.09835, 44.9468 ], [ 1.099, 44.94685 ], [ 1.09946, 44.94694 ], [ 1.09968, 44.94706 ], [ 1.09998, 44.94731 ], [ 1.10015, 44.9474 ], [ 1.10031, 44.94739 ], [ 1.10038, 44.9472 ], [ 1.10071, 44.94657 ], [ 1.10094, 44.94657 ], [ 1.10114, 44.94646 ], [ 1.10163, 44.94651 ], [ 1.10291, 44.94661 ], [ 1.10361, 44.94672 ], [ 1.10404, 44.94686 ], [ 1.10453, 44.94712 ], [ 1.10494, 44.94736 ], [ 1.10505, 44.94771 ], [ 1.10509, 44.94817 ], [ 1.1053, 44.94856 ], [ 1.10546, 44.94884 ], [ 1.10566, 44.94912 ], [ 1.1058, 44.94928 ], [ 1.10596, 44.94926 ], [ 1.10605, 44.94911 ], [ 1.10618, 44.9489 ], [ 1.10647, 44.94869 ], [ 1.10674, 44.94859 ], [ 1.10702, 44.94858 ], [ 1.10739, 44.94864 ], [ 1.10761, 44.94875 ], [ 1.1083, 44.94918 ], [ 1.10863, 44.94938 ], [ 1.10955, 44.94984 ], [ 1.10978, 44.95039 ], [ 1.10968, 44.95057 ], [ 1.10959, 44.95083 ], [ 1.10957, 44.95122 ], [ 1.10962, 44.95139 ], [ 1.10969, 44.95151 ], [ 1.11006, 44.95179 ], [ 1.11052, 44.95194 ], [ 1.11127, 44.95252 ], [ 1.11168, 44.95285 ], [ 1.11209, 44.95323 ], [ 1.11249, 44.95353 ], [ 1.11293, 44.95367 ], [ 1.11354, 44.95387 ], [ 1.11399, 44.95412 ], [ 1.11429, 44.9543 ], [ 1.11437, 44.95451 ], [ 1.11435, 44.9547 ], [ 1.11421, 44.95523 ], [ 1.11415, 44.95552 ], [ 1.11413, 44.95575 ], [ 1.11414, 44.95628 ], [ 1.11393, 44.95684 ], [ 1.11381, 44.95715 ], [ 1.11366, 44.95742 ], [ 1.11373, 44.95758 ], [ 1.11385, 44.95763 ], [ 1.1141, 44.95762 ], [ 1.11453, 44.95767 ], [ 1.11483, 44.9577 ], [ 1.11504, 44.95774 ], [ 1.11524, 44.95786 ], [ 1.1155, 44.95823 ], [ 1.116, 44.95888 ], [ 1.11648, 44.95918 ], [ 1.11697, 44.9595 ], [ 1.11731, 44.95992 ], [ 1.11746, 44.9603 ], [ 1.11758, 44.96069 ], [ 1.11799, 44.96088 ], [ 1.11891, 44.96141 ], [ 1.11941, 44.96175 ], [ 1.1198, 44.96216 ], [ 1.12007, 44.9627 ], [ 1.12006, 44.963 ], [ 1.11981, 44.96374 ], [ 1.1198, 44.96392 ], [ 1.12015, 44.96421 ], [ 1.12062, 44.96438 ], [ 1.12104, 44.96449 ], [ 1.12121, 44.96463 ], [ 1.12134, 44.96485 ], [ 1.12137, 44.96502 ], [ 1.12128, 44.96517 ], [ 1.12104, 44.96537 ], [ 1.12062, 44.96546 ], [ 1.11975, 44.96561 ], [ 1.11934, 44.96565 ], [ 1.11801, 44.96582 ], [ 1.11728, 44.96593 ], [ 1.11652, 44.96592 ], [ 1.11603, 44.96599 ], [ 1.11553, 44.96612 ], [ 1.11496, 44.96618 ], [ 1.11474, 44.96653 ], [ 1.11512, 44.96663 ], [ 1.11563, 44.96672 ], [ 1.11612, 44.96693 ], [ 1.11644, 44.96735 ], [ 1.11695, 44.9677 ], [ 1.11755, 44.96787 ], [ 1.11853, 44.96789 ], [ 1.11901, 44.96781 ], [ 1.11962, 44.96762 ], [ 1.12004, 44.96742 ], [ 1.12053, 44.967 ], [ 1.12095, 44.96653 ], [ 1.12125, 44.96625 ], [ 1.12154, 44.9662 ], [ 1.1219, 44.96631 ], [ 1.12201, 44.96649 ], [ 1.12202, 44.96677 ], [ 1.12197, 44.9671 ], [ 1.12184, 44.96732 ], [ 1.12129, 44.96745 ], [ 1.12081, 44.96759 ], [ 1.12036, 44.96769 ], [ 1.1202, 44.96789 ], [ 1.12001, 44.96806 ], [ 1.11986, 44.96837 ], [ 1.11978, 44.96867 ], [ 1.11968, 44.96906 ], [ 1.11964, 44.9694 ], [ 1.11977, 44.96953 ], [ 1.12015, 44.96942 ], [ 1.12037, 44.96913 ], [ 1.12065, 44.96855 ], [ 1.12093, 44.96827 ], [ 1.12136, 44.96809 ], [ 1.12174, 44.968 ], [ 1.12201, 44.96791 ], [ 1.12249, 44.96794 ], [ 1.12291, 44.96807 ], [ 1.1233, 44.96827 ], [ 1.12372, 44.96841 ], [ 1.12425, 44.9685 ], [ 1.1246, 44.96856 ], [ 1.1253, 44.96883 ], [ 1.12555, 44.96897 ], [ 1.12579, 44.96917 ], [ 1.1256, 44.96955 ], [ 1.12553, 44.97004 ], [ 1.12548, 44.97039 ], [ 1.1255, 44.97068 ], [ 1.12558, 44.97091 ], [ 1.12586, 44.97106 ], [ 1.12607, 44.97108 ], [ 1.12628, 44.97106 ], [ 1.12651, 44.97101 ], [ 1.12679, 44.97098 ], [ 1.12727, 44.97117 ], [ 1.12768, 44.97168 ], [ 1.12796, 44.97225 ], [ 1.12816, 44.97257 ], [ 1.1283, 44.97296 ], [ 1.12834, 44.97342 ], [ 1.12828, 44.97399 ], [ 1.12808, 44.97433 ], [ 1.12762, 44.97482 ], [ 1.12723, 44.97534 ], [ 1.12715, 44.97552 ], [ 1.12716, 44.97565 ], [ 1.12733, 44.97575 ], [ 1.12745, 44.97579 ], [ 1.1281, 44.97564 ], [ 1.12839, 44.97553 ], [ 1.12873, 44.97537 ], [ 1.12918, 44.9752 ], [ 1.1296, 44.97499 ], [ 1.12978, 44.97484 ], [ 1.13008, 44.9746 ], [ 1.13031, 44.97453 ], [ 1.13067, 44.97458 ], [ 1.13101, 44.97471 ], [ 1.1311, 44.97493 ], [ 1.13101, 44.97516 ], [ 1.13071, 44.97574 ], [ 1.13069, 44.97592 ], [ 1.13076, 44.97607 ], [ 1.1309, 44.97621 ], [ 1.1315, 44.97589 ], [ 1.13197, 44.97559 ], [ 1.13228, 44.97558 ], [ 1.13257, 44.97561 ], [ 1.13275, 44.97573 ], [ 1.13287, 44.97601 ], [ 1.13275, 44.97638 ], [ 1.13271, 44.97662 ], [ 1.13271, 44.97676 ], [ 1.1326, 44.97705 ], [ 1.13265, 44.97736 ], [ 1.1329, 44.97744 ], [ 1.13312, 44.97743 ], [ 1.13332, 44.9772 ], [ 1.1334, 44.97696 ], [ 1.13367, 44.97664 ], [ 1.1338, 44.9764 ], [ 1.13402, 44.97608 ], [ 1.13432, 44.97576 ], [ 1.13468, 44.97565 ], [ 1.13507, 44.9756 ], [ 1.13566, 44.97558 ], [ 1.1361, 44.97565 ], [ 1.1364, 44.97576 ], [ 1.13665, 44.97596 ], [ 1.13698, 44.97619 ], [ 1.13721, 44.97625 ], [ 1.13742, 44.9762 ], [ 1.1376, 44.97601 ], [ 1.13764, 44.97582 ], [ 1.13761, 44.97528 ], [ 1.13751, 44.97509 ], [ 1.13731, 44.97485 ], [ 1.13687, 44.97466 ], [ 1.13606, 44.97449 ], [ 1.13518, 44.9744 ], [ 1.13436, 44.97453 ], [ 1.13402, 44.97446 ], [ 1.13371, 44.97427 ], [ 1.1334, 44.97389 ], [ 1.13335, 44.97359 ], [ 1.13285, 44.97342 ], [ 1.13243, 44.97347 ], [ 1.13197, 44.97363 ], [ 1.13168, 44.97357 ], [ 1.13139, 44.97338 ], [ 1.13105, 44.97303 ], [ 1.13097, 44.9728 ], [ 1.13048, 44.97241 ], [ 1.12993, 44.9719 ], [ 1.12957, 44.97146 ], [ 1.12938, 44.97116 ], [ 1.12936, 44.97082 ], [ 1.12938, 44.97041 ], [ 1.12922, 44.96999 ], [ 1.12903, 44.96972 ], [ 1.129, 44.96946 ], [ 1.12915, 44.96926 ], [ 1.12947, 44.96909 ], [ 1.12962, 44.96883 ], [ 1.12962, 44.96861 ], [ 1.12936, 44.96844 ], [ 1.12914, 44.96841 ], [ 1.12786, 44.96899 ], [ 1.12828, 44.96892 ], [ 1.12865, 44.96881 ], [ 1.12896, 44.96863 ], [ 1.12906, 44.96862 ], [ 1.12925, 44.96875 ], [ 1.12907, 44.96902 ], [ 1.12883, 44.96898 ], [ 1.12865, 44.96903 ], [ 1.12875, 44.96964 ], [ 1.12894, 44.96989 ], [ 1.12907, 44.97036 ], [ 1.12911, 44.97083 ], [ 1.12925, 44.97123 ], [ 1.12977, 44.97193 ], [ 1.13034, 44.97252 ], [ 1.13078, 44.97286 ], [ 1.13081, 44.97317 ], [ 1.13017, 44.97356 ], [ 1.12993, 44.97346 ], [ 1.12977, 44.97317 ], [ 1.12973, 44.9729 ], [ 1.12954, 44.97274 ], [ 1.12923, 44.97256 ], [ 1.12908, 44.97241 ], [ 1.12887, 44.97223 ], [ 1.1287, 44.97204 ], [ 1.12854, 44.97179 ], [ 1.12828, 44.97161 ], [ 1.1282, 44.97114 ], [ 1.12804, 44.97067 ], [ 1.12784, 44.97029 ], [ 1.12754, 44.96996 ], [ 1.12722, 44.96974 ], [ 1.12685, 44.96966 ], [ 1.12651, 44.96965 ], [ 1.12627, 44.96968 ], [ 1.1259, 44.96969 ], [ 1.12669, 44.9691 ], [ 1.12622, 44.96876 ], [ 1.12584, 44.96847 ], [ 1.12557, 44.9684 ], [ 1.12531, 44.96833 ], [ 1.12505, 44.9682 ], [ 1.12382, 44.96774 ], [ 1.12375, 44.96756 ], [ 1.1236, 44.96746 ], [ 1.12371, 44.96726 ], [ 1.12354, 44.9671 ], [ 1.12334, 44.9671 ], [ 1.12313, 44.96727 ], [ 1.12298, 44.96727 ], [ 1.12307, 44.9671 ], [ 1.12304, 44.96692 ], [ 1.12295, 44.96661 ], [ 1.12293, 44.966 ], [ 1.12295, 44.96568 ], [ 1.12275, 44.96538 ], [ 1.1224, 44.96526 ], [ 1.12215, 44.96521 ], [ 1.12202, 44.96491 ], [ 1.12196, 44.96459 ], [ 1.12165, 44.96434 ], [ 1.12122, 44.96409 ], [ 1.12109, 44.96373 ], [ 1.12106, 44.96287 ], [ 1.12111, 44.9624 ], [ 1.1209, 44.96188 ], [ 1.12039, 44.96159 ], [ 1.12026, 44.96145 ], [ 1.11979, 44.9608 ], [ 1.11913, 44.96036 ], [ 1.11837, 44.95969 ], [ 1.11784, 44.95891 ], [ 1.1176, 44.95861 ], [ 1.11711, 44.95834 ], [ 1.11664, 44.95817 ], [ 1.1161, 44.95784 ], [ 1.11584, 44.9576 ], [ 1.11532, 44.95719 ], [ 1.11513, 44.95696 ], [ 1.11533, 44.95657 ], [ 1.11519, 44.9562 ], [ 1.11504, 44.95582 ], [ 1.11497, 44.95543 ], [ 1.11498, 44.95498 ], [ 1.1152, 44.95449 ], [ 1.11555, 44.95385 ], [ 1.11568, 44.95339 ], [ 1.11562, 44.95285 ], [ 1.11534, 44.9524 ], [ 1.11512, 44.95219 ], [ 1.11436, 44.95217 ], [ 1.11376, 44.9522 ], [ 1.11324, 44.95217 ], [ 1.1129, 44.95208 ], [ 1.11234, 44.9519 ], [ 1.11183, 44.95166 ], [ 1.11162, 44.95147 ], [ 1.11129, 44.95113 ], [ 1.11097, 44.9508 ], [ 1.11075, 44.95045 ], [ 1.11051, 44.95025 ], [ 1.11062, 44.94979 ], [ 1.11063, 44.94937 ], [ 1.11072, 44.94891 ], [ 1.11088, 44.94847 ], [ 1.11078, 44.9483 ], [ 1.11064, 44.94802 ], [ 1.11034, 44.94786 ], [ 1.10877, 44.94792 ], [ 1.10767, 44.94783 ], [ 1.10703, 44.94759 ], [ 1.10607, 44.94711 ], [ 1.10565, 44.94668 ], [ 1.10508, 44.94635 ], [ 1.10482, 44.94613 ], [ 1.10455, 44.94586 ], [ 1.10411, 44.94567 ], [ 1.10395, 44.94545 ], [ 1.10364, 44.94534 ], [ 1.10335, 44.94525 ], [ 1.10297, 44.94495 ], [ 1.10212, 44.94468 ], [ 1.10148, 44.9444 ], [ 1.10072, 44.94415 ], [ 1.10003, 44.94418 ], [ 1.09915, 44.94432 ], [ 1.09912, 44.94405 ], [ 1.09822, 44.94404 ], [ 1.09698, 44.94487 ], [ 1.09635, 44.94509 ], [ 1.09582, 44.94525 ], [ 1.09558, 44.94537 ], [ 1.09487, 44.94534 ], [ 1.09414, 44.94524 ], [ 1.09345, 44.94512 ], [ 1.09292, 44.94487 ], [ 1.09241, 44.94496 ], [ 1.0921, 44.94522 ], [ 1.09195, 44.94574 ], [ 1.0917, 44.94569 ], [ 1.0916, 44.94534 ], [ 1.09135, 44.94511 ], [ 1.0907, 44.94508 ], [ 1.08963, 44.9453 ], [ 1.08868, 44.94556 ], [ 1.08769, 44.94598 ], [ 1.08698, 44.94626 ], [ 1.0867, 44.94648 ], [ 1.08702, 44.94645 ], [ 1.08762, 44.94623 ], [ 1.08826, 44.94594 ], [ 1.08887, 44.94572 ], [ 1.08957, 44.94552 ], [ 1.0905, 44.94529 ], [ 1.09091, 44.94526 ], [ 1.09128, 44.9453 ], [ 1.09146, 44.94556 ], [ 1.09145, 44.94609 ], [ 1.09152, 44.94624 ], [ 1.09086, 44.94627 ], [ 1.09038, 44.94624 ], [ 1.09036, 44.94614 ], [ 1.09022, 44.94596 ], [ 1.08977, 44.94582 ], [ 1.08952, 44.94596 ], [ 1.08918, 44.9462 ], [ 1.08878, 44.94655 ], [ 1.08827, 44.94704 ], [ 1.08793, 44.94737 ], [ 1.08745, 44.94724 ], [ 1.08647, 44.94719 ], [ 1.08569, 44.94731 ], [ 1.08458, 44.94783 ], [ 1.08414, 44.94803 ], [ 1.08374, 44.94814 ], [ 1.08268, 44.94813 ], [ 1.08056, 44.94762 ], [ 1.0804, 44.94747 ], [ 1.08033, 44.9473 ], [ 1.08032, 44.94709 ], [ 1.08126, 44.94709 ], [ 1.08088, 44.94693 ], [ 1.08054, 44.94692 ], [ 1.08006, 44.947 ], [ 1.08007, 44.94719 ], [ 1.08007, 44.94719 ] ], [ [ 1.09369, 44.94588 ], [ 1.09367, 44.9458 ], [ 1.0937, 44.94567 ], [ 1.0939, 44.94566 ], [ 1.09475, 44.94574 ], [ 1.09495, 44.94579 ], [ 1.0951, 44.94588 ], [ 1.09517, 44.94601 ], [ 1.0949, 44.94613 ], [ 1.09457, 44.94611 ], [ 1.09387, 44.94599 ], [ 1.09369, 44.94588 ] ], [ [ 1.10202, 44.9458 ], [ 1.10217, 44.94571 ], [ 1.10255, 44.94564 ], [ 1.10305, 44.94574 ], [ 1.10342, 44.94592 ], [ 1.10362, 44.94605 ], [ 1.10402, 44.94632 ], [ 1.10429, 44.94654 ], [ 1.10456, 44.94677 ], [ 1.10416, 44.94673 ], [ 1.10384, 44.94641 ], [ 1.10347, 44.94612 ], [ 1.10312, 44.94597 ], [ 1.10257, 44.9459 ], [ 1.10229, 44.94603 ], [ 1.10201, 44.94614 ], [ 1.10196, 44.94603 ], [ 1.10196, 44.94589 ], [ 1.10202, 44.9458 ] ], [ [ 1.09848, 44.94635 ], [ 1.09886, 44.94637 ], [ 1.09934, 44.94647 ], [ 1.09994, 44.94658 ], [ 1.10036, 44.94666 ], [ 1.10061, 44.94675 ], [ 1.10028, 44.94721 ], [ 1.10003, 44.94701 ], [ 1.09986, 44.9469 ], [ 1.09958, 44.94677 ], [ 1.09911, 44.94668 ], [ 1.09881, 44.94662 ], [ 1.09855, 44.94667 ], [ 1.0981, 44.94668 ], [ 1.09782, 44.94663 ], [ 1.0976, 44.94659 ], [ 1.0972, 44.94657 ], [ 1.09634, 44.94666 ], [ 1.09619, 44.94684 ], [ 1.09603, 44.94707 ], [ 1.09565, 44.94703 ], [ 1.09571, 44.94671 ], [ 1.09567, 44.94643 ], [ 1.09587, 44.94641 ], [ 1.09602, 44.94636 ], [ 1.09633, 44.94624 ], [ 1.09655, 44.9462 ], [ 1.09685, 44.94617 ], [ 1.09723, 44.94623 ], [ 1.09761, 44.9463 ], [ 1.09811, 44.94635 ], [ 1.09848, 44.94635 ] ] ], [ [ [ 1.12755, 44.96895 ], [ 1.12775, 44.96901 ], [ 1.12782, 44.969 ], [ 1.12755, 44.96895 ] ] ], [ [ [ 1.12742, 44.96891 ], [ 1.12722, 44.96877 ], [ 1.12682, 44.9685 ], [ 1.1268, 44.96849 ], [ 1.12694, 44.9686 ], [ 1.1274, 44.9689 ], [ 1.12748, 44.96893 ], [ 1.12742, 44.96891 ] ] ], [ [ [ 1.12652, 44.96824 ], [ 1.12627, 44.96811 ], [ 1.12657, 44.96831 ], [ 1.12672, 44.96842 ], [ 1.12652, 44.96824 ] ] ], [ [ [ 1.12584, 44.96788 ], [ 1.12538, 44.96768 ], [ 1.12492, 44.96746 ], [ 1.12491, 44.96745 ], [ 1.12526, 44.96764 ], [ 1.12582, 44.96787 ], [ 1.1259, 44.96791 ], [ 1.12584, 44.96788 ] ] ], [ [ [ 1.12442, 44.96712 ], [ 1.12415, 44.96682 ], [ 1.12438, 44.96709 ], [ 1.12467, 44.96732 ], [ 1.12483, 44.96741 ], [ 1.12442, 44.96712 ] ] ], [ [ [ 1.12388, 44.96623 ], [ 1.12365, 44.96572 ], [ 1.12349, 44.96536 ], [ 1.12322, 44.96492 ], [ 1.12292, 44.96462 ], [ 1.12258, 44.96415 ], [ 1.12215, 44.96349 ], [ 1.12211, 44.96295 ], [ 1.12206, 44.9624 ], [ 1.12186, 44.96199 ], [ 1.12181, 44.96186 ], [ 1.12199, 44.96232 ], [ 1.12214, 44.9635 ], [ 1.12233, 44.9638 ], [ 1.12275, 44.96444 ], [ 1.12321, 44.96499 ], [ 1.12346, 44.96532 ], [ 1.12356, 44.96554 ], [ 1.124, 44.96665 ], [ 1.12408, 44.96673 ], [ 1.12388, 44.96623 ] ] ], [ [ [ 1.12172, 44.96177 ], [ 1.12158, 44.96155 ], [ 1.12118, 44.9612 ], [ 1.12038, 44.96044 ], [ 1.11953, 44.95977 ], [ 1.12041, 44.96051 ], [ 1.12141, 44.96141 ], [ 1.12181, 44.96186 ], [ 1.12172, 44.96177 ] ] ], [ [ [ 1.1194, 44.95966 ], [ 1.11962, 44.95912 ], [ 1.11935, 44.95847 ], [ 1.11901, 44.95794 ], [ 1.1183, 44.95734 ], [ 1.11782, 44.95685 ], [ 1.11736, 44.95614 ], [ 1.11708, 44.95539 ], [ 1.11712, 44.955 ], [ 1.11723, 44.95443 ], [ 1.11781, 44.95375 ], [ 1.11823, 44.95341 ], [ 1.1191, 44.95355 ], [ 1.11932, 44.95366 ], [ 1.12016, 44.95476 ], [ 1.12024, 44.95506 ], [ 1.12095, 44.95607 ], [ 1.12155, 44.95654 ], [ 1.12212, 44.95715 ], [ 1.12267, 44.95752 ], [ 1.12295, 44.95764 ], [ 1.12327, 44.95781 ], [ 1.12385, 44.95813 ], [ 1.12441, 44.95849 ], [ 1.12471, 44.95866 ], [ 1.1253, 44.95892 ], [ 1.12599, 44.95921 ], [ 1.12649, 44.95904 ], [ 1.12762, 44.95889 ], [ 1.12799, 44.95905 ], [ 1.12874, 44.95982 ], [ 1.12929, 44.96014 ], [ 1.12991, 44.96028 ], [ 1.13109, 44.96051 ], [ 1.13226, 44.96076 ], [ 1.13268, 44.96077 ], [ 1.13317, 44.96104 ], [ 1.13355, 44.96113 ], [ 1.13449, 44.96111 ], [ 1.13569, 44.96099 ], [ 1.13578, 44.96094 ], [ 1.1359, 44.96058 ], [ 1.13602, 44.96036 ], [ 1.13728, 44.96059 ], [ 1.13786, 44.9606 ], [ 1.13853, 44.96069 ], [ 1.14008, 44.96115 ], [ 1.14009, 44.96117 ], [ 1.14, 44.96076 ], [ 1.13965, 44.96056 ], [ 1.13923, 44.96038 ], [ 1.13865, 44.96024 ], [ 1.13812, 44.96044 ], [ 1.13744, 44.96045 ], [ 1.13686, 44.96037 ], [ 1.13619, 44.9602 ], [ 1.13576, 44.96002 ], [ 1.13551, 44.96002 ], [ 1.13526, 44.96003 ], [ 1.13489, 44.95992 ], [ 1.13554, 44.9598 ], [ 1.1363, 44.95981 ], [ 1.13708, 44.95978 ], [ 1.13766, 44.95977 ], [ 1.13823, 44.95988 ], [ 1.13878, 44.96 ], [ 1.13933, 44.96018 ], [ 1.14001, 44.96038 ], [ 1.14043, 44.96048 ], [ 1.14091, 44.96057 ], [ 1.14146, 44.96065 ], [ 1.14211, 44.96076 ], [ 1.14266, 44.96095 ], [ 1.14311, 44.96117 ], [ 1.14333, 44.96138 ], [ 1.1437, 44.96167 ], [ 1.14419, 44.96213 ], [ 1.14411, 44.96232 ], [ 1.14389, 44.96209 ], [ 1.1432, 44.96149 ], [ 1.14263, 44.96122 ], [ 1.1419, 44.96105 ], [ 1.14128, 44.96095 ], [ 1.14092, 44.96104 ], [ 1.14121, 44.96097 ], [ 1.14128, 44.96096 ], [ 1.14201, 44.96127 ], [ 1.14275, 44.96169 ], [ 1.14349, 44.9622 ], [ 1.14399, 44.96283 ], [ 1.1443, 44.96339 ], [ 1.14399, 44.96422 ], [ 1.1437, 44.96488 ], [ 1.14359, 44.96514 ], [ 1.1435, 44.96528 ], [ 1.1437, 44.96495 ], [ 1.14404, 44.96412 ], [ 1.14456, 44.96337 ], [ 1.14462, 44.96281 ], [ 1.14498, 44.96255 ], [ 1.14392, 44.9616 ], [ 1.14314, 44.96103 ], [ 1.14277, 44.9608 ], [ 1.14222, 44.9606 ], [ 1.14155, 44.96046 ], [ 1.14085, 44.96039 ], [ 1.14038, 44.96028 ], [ 1.13939, 44.96 ], [ 1.13866, 44.9598 ], [ 1.13797, 44.95966 ], [ 1.13737, 44.95961 ], [ 1.13669, 44.95959 ], [ 1.13578, 44.95966 ], [ 1.13443, 44.95983 ], [ 1.13361, 44.95992 ], [ 1.13255, 44.95997 ], [ 1.13194, 44.95987 ], [ 1.13057, 44.95947 ], [ 1.12943, 44.95909 ], [ 1.12818, 44.95867 ], [ 1.12599, 44.95793 ], [ 1.12525, 44.95763 ], [ 1.12429, 44.95723 ], [ 1.12337, 44.95679 ], [ 1.12218, 44.956 ], [ 1.12189, 44.95572 ], [ 1.12131, 44.95495 ], [ 1.12074, 44.95409 ], [ 1.12027, 44.95351 ], [ 1.11986, 44.95311 ], [ 1.11927, 44.95259 ], [ 1.11905, 44.95232 ], [ 1.11878, 44.95207 ], [ 1.11844, 44.95192 ], [ 1.11786, 44.95177 ], [ 1.11743, 44.95173 ], [ 1.11686, 44.95172 ], [ 1.11657, 44.95177 ], [ 1.11628, 44.95189 ], [ 1.11625, 44.95205 ], [ 1.11628, 44.95323 ], [ 1.1162, 44.95361 ], [ 1.11607, 44.954 ], [ 1.11595, 44.95503 ], [ 1.11599, 44.95536 ], [ 1.11625, 44.95596 ], [ 1.11677, 44.95657 ], [ 1.11711, 44.9572 ], [ 1.11764, 44.95764 ], [ 1.11809, 44.95795 ], [ 1.11848, 44.95842 ], [ 1.11886, 44.95881 ], [ 1.11903, 44.95906 ], [ 1.11925, 44.95953 ], [ 1.11949, 44.95973 ], [ 1.1194, 44.95966 ] ] ], [ [ [ 1.14026, 44.9612 ], [ 1.14041, 44.96124 ], [ 1.14061, 44.96116 ], [ 1.14073, 44.9611 ], [ 1.14067, 44.96112 ], [ 1.14041, 44.96123 ], [ 1.14009, 44.96117 ], [ 1.14026, 44.9612 ] ] ], [ [ [ 1.14299, 44.96579 ], [ 1.14248, 44.96617 ], [ 1.14243, 44.96621 ], [ 1.1429, 44.96587 ], [ 1.1435, 44.96528 ], [ 1.14299, 44.96579 ] ] ], [ [ [ 1.14195, 44.96649 ], [ 1.14149, 44.96686 ], [ 1.14073, 44.96721 ], [ 1.14046, 44.96736 ], [ 1.14065, 44.96739 ], [ 1.1415, 44.96718 ], [ 1.14173, 44.96699 ], [ 1.14197, 44.96649 ], [ 1.14226, 44.96633 ], [ 1.14242, 44.96621 ], [ 1.14195, 44.96649 ] ] ], [ [ [ 1.14155, 44.96783 ], [ 1.14178, 44.96822 ], [ 1.14197, 44.96818 ], [ 1.14242, 44.96731 ], [ 1.14307, 44.96678 ], [ 1.14353, 44.9666 ], [ 1.14436, 44.96691 ], [ 1.14462, 44.96693 ], [ 1.14561, 44.9674 ], [ 1.14503, 44.96658 ], [ 1.14485, 44.96638 ], [ 1.14461, 44.96623 ], [ 1.144, 44.96601 ], [ 1.14379, 44.96588 ], [ 1.14414, 44.96558 ], [ 1.14436, 44.96531 ], [ 1.14489, 44.96566 ], [ 1.14548, 44.96603 ], [ 1.14665, 44.96606 ], [ 1.14637, 44.9656 ], [ 1.14625, 44.96501 ], [ 1.14626, 44.96465 ], [ 1.14653, 44.96438 ], [ 1.14683, 44.96427 ], [ 1.14731, 44.96435 ], [ 1.14808, 44.96468 ], [ 1.1484, 44.96478 ], [ 1.14907, 44.96485 ], [ 1.15091, 44.96525 ], [ 1.15137, 44.96521 ], [ 1.15167, 44.96516 ], [ 1.15238, 44.96561 ], [ 1.15283, 44.96584 ], [ 1.15315, 44.96605 ], [ 1.15341, 44.96638 ], [ 1.15349, 44.96651 ], [ 1.15528, 44.9668 ], [ 1.15623, 44.96639 ], [ 1.15669, 44.966 ], [ 1.15717, 44.9658 ], [ 1.15784, 44.96581 ], [ 1.16087, 44.96696 ], [ 1.16212, 44.96737 ], [ 1.16233, 44.96713 ], [ 1.16255, 44.96693 ], [ 1.16282, 44.96675 ], [ 1.16354, 44.96676 ], [ 1.16292, 44.96673 ], [ 1.16244, 44.96668 ], [ 1.16191, 44.96649 ], [ 1.16123, 44.96624 ], [ 1.16059, 44.96591 ], [ 1.15968, 44.96541 ], [ 1.15905, 44.96515 ], [ 1.15852, 44.96501 ], [ 1.15789, 44.96491 ], [ 1.15726, 44.96487 ], [ 1.1565, 44.96493 ], [ 1.15591, 44.96509 ], [ 1.1556, 44.96506 ], [ 1.15517, 44.96495 ], [ 1.15481, 44.96488 ], [ 1.15431, 44.9648 ], [ 1.1537, 44.96475 ], [ 1.15278, 44.96477 ], [ 1.15206, 44.96479 ], [ 1.15142, 44.96476 ], [ 1.15067, 44.96465 ], [ 1.15014, 44.96455 ], [ 1.14937, 44.96429 ], [ 1.1481, 44.96371 ], [ 1.14699, 44.96324 ], [ 1.14642, 44.963 ], [ 1.14585, 44.96284 ], [ 1.1453, 44.96354 ], [ 1.14499, 44.96401 ], [ 1.14468, 44.96462 ], [ 1.14441, 44.96522 ], [ 1.14424, 44.96544 ], [ 1.1438, 44.96585 ], [ 1.14348, 44.96605 ], [ 1.14293, 44.96629 ], [ 1.14258, 44.96648 ], [ 1.14235, 44.96673 ], [ 1.14222, 44.96703 ], [ 1.14201, 44.96753 ], [ 1.14183, 44.96765 ], [ 1.14167, 44.96761 ], [ 1.1412, 44.96747 ], [ 1.14155, 44.96783 ] ], [ [ 1.15331, 44.9649 ], [ 1.15367, 44.96489 ], [ 1.15422, 44.96497 ], [ 1.15402, 44.96496 ], [ 1.15354, 44.96498 ], [ 1.15293, 44.96501 ], [ 1.15271, 44.96506 ], [ 1.15238, 44.96511 ], [ 1.15185, 44.96515 ], [ 1.15115, 44.96506 ], [ 1.15057, 44.96491 ], [ 1.14987, 44.96474 ], [ 1.14905, 44.96448 ], [ 1.14817, 44.96415 ], [ 1.14689, 44.96401 ], [ 1.14644, 44.96406 ], [ 1.14581, 44.96305 ], [ 1.14628, 44.96315 ], [ 1.14673, 44.96331 ], [ 1.14713, 44.9635 ], [ 1.1476, 44.96368 ], [ 1.14808, 44.96392 ], [ 1.1493, 44.96445 ], [ 1.1498, 44.96461 ], [ 1.15012, 44.96471 ], [ 1.1506, 44.9648 ], [ 1.15135, 44.9649 ], [ 1.15193, 44.96494 ], [ 1.15238, 44.96495 ], [ 1.15286, 44.96492 ], [ 1.15331, 44.9649 ] ], [ [ 1.15796, 44.96506 ], [ 1.15856, 44.96517 ], [ 1.15891, 44.96527 ], [ 1.15941, 44.96548 ], [ 1.16051, 44.96605 ], [ 1.16108, 44.96636 ], [ 1.16158, 44.96654 ], [ 1.16213, 44.96676 ], [ 1.16258, 44.96686 ], [ 1.16237, 44.96705 ], [ 1.16219, 44.96721 ], [ 1.16211, 44.96733 ], [ 1.16201, 44.9673 ], [ 1.16184, 44.96714 ], [ 1.16162, 44.96703 ], [ 1.16099, 44.96689 ], [ 1.16055, 44.96655 ], [ 1.1598, 44.96615 ], [ 1.15935, 44.96591 ], [ 1.15918, 44.96564 ], [ 1.15876, 44.96553 ], [ 1.15785, 44.96547 ], [ 1.157, 44.9655 ], [ 1.15642, 44.96556 ], [ 1.15614, 44.96556 ], [ 1.15622, 44.96533 ], [ 1.15627, 44.96515 ], [ 1.15696, 44.96505 ], [ 1.15753, 44.96504 ], [ 1.15796, 44.96506 ] ] ], [ [ [ 1.16355, 44.96676 ], [ 1.16376, 44.96676 ], [ 1.16427, 44.96664 ], [ 1.16458, 44.96651 ], [ 1.16507, 44.96628 ], [ 1.16538, 44.96619 ], [ 1.16522, 44.96659 ], [ 1.1649, 44.96695 ], [ 1.16485, 44.96729 ], [ 1.16483, 44.9676 ], [ 1.16448, 44.96825 ], [ 1.16437, 44.96851 ], [ 1.16429, 44.96909 ], [ 1.16426, 44.96952 ], [ 1.16436, 44.97016 ], [ 1.16441, 44.97038 ], [ 1.16507, 44.96929 ], [ 1.16544, 44.96891 ], [ 1.16544, 44.96833 ], [ 1.16613, 44.96731 ], [ 1.16778, 44.96742 ], [ 1.17039, 44.96734 ], [ 1.17066, 44.96719 ], [ 1.17059, 44.96739 ], [ 1.17025, 44.9681 ], [ 1.17079, 44.96698 ], [ 1.17029, 44.96691 ], [ 1.16926, 44.96667 ], [ 1.16893, 44.96659 ], [ 1.1686, 44.96646 ], [ 1.1681, 44.96627 ], [ 1.16757, 44.96608 ], [ 1.16712, 44.966 ], [ 1.16645, 44.96597 ], [ 1.16584, 44.96604 ], [ 1.16509, 44.96626 ], [ 1.16429, 44.96661 ], [ 1.16398, 44.96669 ], [ 1.16354, 44.96676 ], [ 1.16355, 44.96676 ] ] ], [ [ [ 1.17018, 44.96829 ], [ 1.17018, 44.96853 ], [ 1.17022, 44.96877 ], [ 1.17034, 44.96913 ], [ 1.17048, 44.96955 ], [ 1.17052, 44.96989 ], [ 1.17111, 44.96998 ], [ 1.17236, 44.96949 ], [ 1.17217, 44.96918 ], [ 1.17209, 44.96893 ], [ 1.1721, 44.96872 ], [ 1.17219, 44.96856 ], [ 1.17247, 44.96842 ], [ 1.17302, 44.96839 ], [ 1.17335, 44.96834 ], [ 1.17427, 44.96823 ], [ 1.17472, 44.96818 ], [ 1.17537, 44.96894 ], [ 1.17585, 44.96962 ], [ 1.17629, 44.96999 ], [ 1.17679, 44.97056 ], [ 1.17751, 44.9712 ], [ 1.17801, 44.97186 ], [ 1.1785, 44.97232 ], [ 1.17905, 44.97271 ], [ 1.18002, 44.97303 ], [ 1.18072, 44.97321 ], [ 1.18167, 44.97339 ], [ 1.18204, 44.97345 ], [ 1.1823, 44.97347 ], [ 1.18247, 44.97427 ], [ 1.18278, 44.97471 ], [ 1.18312, 44.97493 ], [ 1.18364, 44.9751 ], [ 1.18429, 44.97552 ], [ 1.18474, 44.97593 ], [ 1.18498, 44.97621 ], [ 1.18517, 44.97647 ], [ 1.18542, 44.97665 ], [ 1.18586, 44.97683 ], [ 1.18643, 44.97725 ], [ 1.18668, 44.97749 ], [ 1.18721, 44.97793 ], [ 1.18766, 44.978 ], [ 1.18812, 44.978 ], [ 1.18859, 44.97799 ], [ 1.18913, 44.97839 ], [ 1.18907, 44.97879 ], [ 1.18911, 44.97926 ], [ 1.18916, 44.97989 ], [ 1.18912, 44.98018 ], [ 1.18898, 44.98036 ], [ 1.18878, 44.98051 ], [ 1.18897, 44.98065 ], [ 1.18914, 44.98082 ], [ 1.18915, 44.98098 ], [ 1.18902, 44.98134 ], [ 1.18894, 44.9818 ], [ 1.18903, 44.98226 ], [ 1.18909, 44.98255 ], [ 1.18911, 44.98282 ], [ 1.18885, 44.98292 ], [ 1.18887, 44.9832 ], [ 1.18914, 44.98331 ], [ 1.18931, 44.98342 ], [ 1.18948, 44.98366 ], [ 1.18953, 44.98384 ], [ 1.18936, 44.98427 ], [ 1.18915, 44.98473 ], [ 1.18904, 44.98498 ], [ 1.18896, 44.98538 ], [ 1.18902, 44.98585 ], [ 1.18894, 44.98616 ], [ 1.18889, 44.98686 ], [ 1.18886, 44.9872 ], [ 1.18867, 44.98773 ], [ 1.18856, 44.98812 ], [ 1.18838, 44.98824 ], [ 1.18808, 44.98829 ], [ 1.18757, 44.98826 ], [ 1.18677, 44.98818 ], [ 1.1861, 44.98821 ], [ 1.18571, 44.98815 ], [ 1.18503, 44.98809 ], [ 1.18461, 44.98806 ], [ 1.18393, 44.98813 ], [ 1.18318, 44.98785 ], [ 1.18315, 44.98797 ], [ 1.18327, 44.98821 ], [ 1.18336, 44.98842 ], [ 1.18335, 44.98856 ], [ 1.18304, 44.98899 ], [ 1.18352, 44.98873 ], [ 1.18386, 44.98867 ], [ 1.18388, 44.98866 ], [ 1.18388, 44.98865 ], [ 1.18401, 44.98856 ], [ 1.18402, 44.98856 ], [ 1.18411, 44.98851 ], [ 1.18422, 44.98847 ], [ 1.18425, 44.98846 ], [ 1.18439, 44.98843 ], [ 1.1844, 44.98843 ], [ 1.18449, 44.98843 ], [ 1.18454, 44.98843 ], [ 1.18464, 44.98843 ], [ 1.18473, 44.98844 ], [ 1.18485, 44.98844 ], [ 1.18494, 44.98844 ], [ 1.18503, 44.98845 ], [ 1.18526, 44.98846 ], [ 1.18597, 44.98844 ], [ 1.18663, 44.98848 ], [ 1.18703, 44.98847 ], [ 1.18801, 44.98851 ], [ 1.18836, 44.98862 ], [ 1.18838, 44.98863 ], [ 1.18838, 44.98863 ], [ 1.18838, 44.98863 ], [ 1.18839, 44.98862 ], [ 1.1884, 44.98862 ], [ 1.1884, 44.98862 ], [ 1.18841, 44.98862 ], [ 1.18853, 44.98862 ], [ 1.18859, 44.98862 ], [ 1.18859, 44.98862 ], [ 1.1886, 44.98862 ], [ 1.18864, 44.98861 ], [ 1.18867, 44.98861 ], [ 1.18868, 44.9886 ], [ 1.18868, 44.9886 ], [ 1.18868, 44.9886 ], [ 1.18868, 44.9886 ], [ 1.18868, 44.98859 ], [ 1.18868, 44.98859 ], [ 1.18879, 44.98859 ], [ 1.18879, 44.98859 ], [ 1.18879, 44.98858 ], [ 1.1888, 44.98858 ], [ 1.18883, 44.98858 ], [ 1.18883, 44.98858 ], [ 1.18883, 44.98858 ], [ 1.18884, 44.98858 ], [ 1.18884, 44.98858 ], [ 1.18884, 44.98859 ], [ 1.18885, 44.98859 ], [ 1.18885, 44.98859 ], [ 1.1889, 44.98859 ], [ 1.1889, 44.98859 ], [ 1.18892, 44.98859 ], [ 1.18893, 44.9886 ], [ 1.18895, 44.9886 ], [ 1.18903, 44.98818 ], [ 1.18904, 44.98791 ], [ 1.18899, 44.98651 ], [ 1.18903, 44.98587 ], [ 1.18909, 44.98534 ], [ 1.18922, 44.98479 ], [ 1.18932, 44.98442 ], [ 1.18951, 44.98408 ], [ 1.18963, 44.98365 ], [ 1.18931, 44.98222 ], [ 1.18927, 44.98213 ], [ 1.18927, 44.98213 ], [ 1.18927, 44.98212 ], [ 1.18923, 44.98193 ], [ 1.18923, 44.98193 ], [ 1.18922, 44.98173 ], [ 1.18922, 44.98173 ], [ 1.18922, 44.98169 ], [ 1.18923, 44.98165 ], [ 1.18924, 44.98136 ], [ 1.18946, 44.98076 ], [ 1.18952, 44.98058 ], [ 1.18954, 44.98054 ], [ 1.18956, 44.98046 ], [ 1.18961, 44.98029 ], [ 1.18966, 44.97999 ], [ 1.18964, 44.9795 ], [ 1.18963, 44.97948 ], [ 1.18951, 44.97929 ], [ 1.18951, 44.97928 ], [ 1.18951, 44.97928 ], [ 1.18949, 44.97895 ], [ 1.18948, 44.97885 ], [ 1.18947, 44.97863 ], [ 1.18947, 44.97861 ], [ 1.18947, 44.9786 ], [ 1.18949, 44.97838 ], [ 1.18951, 44.97811 ], [ 1.18951, 44.97809 ], [ 1.1895, 44.97809 ], [ 1.18946, 44.97793 ], [ 1.18946, 44.97793 ], [ 1.1895, 44.9778 ], [ 1.18956, 44.97773 ], [ 1.18959, 44.97773 ], [ 1.18965, 44.97775 ], [ 1.18972, 44.97763 ], [ 1.18925, 44.97746 ], [ 1.18884, 44.97738 ], [ 1.18838, 44.97736 ], [ 1.18797, 44.97725 ], [ 1.18771, 44.97715 ], [ 1.18738, 44.97696 ], [ 1.18674, 44.97647 ], [ 1.18567, 44.97561 ], [ 1.18542, 44.97531 ], [ 1.18484, 44.97441 ], [ 1.18451, 44.97401 ], [ 1.18382, 44.97351 ], [ 1.18342, 44.97324 ], [ 1.18268, 44.97295 ], [ 1.18152, 44.97259 ], [ 1.18096, 44.97248 ], [ 1.18044, 44.97235 ], [ 1.17993, 44.97219 ], [ 1.17945, 44.97199 ], [ 1.17913, 44.9718 ], [ 1.17871, 44.97146 ], [ 1.17802, 44.97059 ], [ 1.17734, 44.96967 ], [ 1.17695, 44.96923 ], [ 1.17637, 44.96863 ], [ 1.17604, 44.96835 ], [ 1.17562, 44.96814 ], [ 1.17517, 44.96793 ], [ 1.17434, 44.96761 ], [ 1.17373, 44.96747 ], [ 1.17206, 44.96721 ], [ 1.17122, 44.96707 ], [ 1.17094, 44.9676 ], [ 1.17067, 44.96802 ], [ 1.17059, 44.96815 ], [ 1.17027, 44.9681 ], [ 1.17018, 44.96829 ] ] ], [ [ [ 1.19074, 44.97788 ], [ 1.19083, 44.97789 ], [ 1.19089, 44.97782 ], [ 1.19069, 44.97779 ], [ 1.19065, 44.97787 ], [ 1.19074, 44.97788 ] ] ], [ [ [ 1.19113, 44.97716 ], [ 1.19123, 44.97682 ], [ 1.19131, 44.97656 ], [ 1.19136, 44.97644 ], [ 1.1915, 44.97634 ], [ 1.19162, 44.97626 ], [ 1.19163, 44.97625 ], [ 1.19175, 44.9762 ], [ 1.19175, 44.9762 ], [ 1.19194, 44.97617 ], [ 1.19213, 44.97613 ], [ 1.19217, 44.97612 ], [ 1.19242, 44.97603 ], [ 1.19244, 44.97603 ], [ 1.19275, 44.9759 ], [ 1.19296, 44.97581 ], [ 1.19323, 44.9757 ], [ 1.19323, 44.97567 ], [ 1.19323, 44.97566 ], [ 1.19323, 44.97566 ], [ 1.19323, 44.97566 ], [ 1.19323, 44.97563 ], [ 1.19295, 44.97573 ], [ 1.19251, 44.97593 ], [ 1.19196, 44.97609 ], [ 1.19153, 44.97624 ], [ 1.19129, 44.97641 ], [ 1.19112, 44.97672 ], [ 1.19096, 44.97716 ], [ 1.19112, 44.97719 ], [ 1.19113, 44.97716 ] ] ], [ [ [ 1.22429, 44.96867 ], [ 1.22441, 44.96871 ], [ 1.22437, 44.96868 ], [ 1.22429, 44.96867 ] ] ], [ [ [ 1.22282, 44.96827 ], [ 1.22232, 44.96811 ], [ 1.22238, 44.96814 ], [ 1.22251, 44.96818 ], [ 1.22295, 44.96831 ], [ 1.22324, 44.9684 ], [ 1.22336, 44.96844 ], [ 1.22348, 44.96847 ], [ 1.22346, 44.96846 ], [ 1.22282, 44.96827 ] ] ], [ [ [ 1.22031, 44.96797 ], [ 1.22001, 44.96809 ], [ 1.21968, 44.96828 ], [ 1.21945, 44.96846 ], [ 1.21901, 44.96879 ], [ 1.2187, 44.96896 ], [ 1.21871, 44.96896 ], [ 1.21875, 44.96895 ], [ 1.21877, 44.96894 ], [ 1.21877, 44.96894 ], [ 1.21881, 44.96892 ], [ 1.21886, 44.9689 ], [ 1.21893, 44.96886 ], [ 1.21912, 44.96875 ], [ 1.21915, 44.96873 ], [ 1.21915, 44.96873 ], [ 1.21918, 44.96871 ], [ 1.21927, 44.96864 ], [ 1.2194, 44.96855 ], [ 1.21946, 44.96851 ], [ 1.21968, 44.96834 ], [ 1.21978, 44.96827 ], [ 1.21982, 44.96825 ], [ 1.21983, 44.96824 ], [ 1.21996, 44.96818 ], [ 1.22002, 44.96814 ], [ 1.22015, 44.96809 ], [ 1.22021, 44.96806 ], [ 1.22034, 44.96801 ], [ 1.22039, 44.968 ], [ 1.22048, 44.96797 ], [ 1.22051, 44.96796 ], [ 1.22051, 44.96796 ], [ 1.22066, 44.96794 ], [ 1.22079, 44.96791 ], [ 1.22083, 44.96791 ], [ 1.22084, 44.96791 ], [ 1.2206, 44.96791 ], [ 1.22031, 44.96797 ] ] ], [ [ [ 1.11029, 44.91928 ], [ 1.11109, 44.91912 ], [ 1.11201, 44.91925 ], [ 1.11274, 44.91947 ], [ 1.11343, 44.91974 ], [ 1.11493, 44.91972 ], [ 1.11557, 44.91958 ], [ 1.11632, 44.91949 ], [ 1.11657, 44.91966 ], [ 1.11687, 44.92008 ], [ 1.11739, 44.92059 ], [ 1.11794, 44.92093 ], [ 1.11849, 44.92104 ], [ 1.11882, 44.92131 ], [ 1.11954, 44.92179 ], [ 1.12004, 44.92162 ], [ 1.1205, 44.92179 ], [ 1.12118, 44.92242 ], [ 1.12132, 44.92266 ], [ 1.1212, 44.92337 ], [ 1.12123, 44.92383 ], [ 1.12158, 44.92446 ], [ 1.12202, 44.92526 ], [ 1.12243, 44.92581 ], [ 1.12321, 44.92652 ], [ 1.12347, 44.92684 ], [ 1.12372, 44.92693 ], [ 1.12427, 44.9269 ], [ 1.1246, 44.92711 ], [ 1.1248, 44.92756 ], [ 1.12471, 44.92785 ], [ 1.12466, 44.92816 ], [ 1.12497, 44.92818 ], [ 1.12542, 44.92776 ], [ 1.12549, 44.92756 ], [ 1.12572, 44.92747 ], [ 1.12639, 44.92761 ], [ 1.12689, 44.92784 ], [ 1.12699, 44.92805 ], [ 1.12709, 44.92827 ], [ 1.12736, 44.92819 ], [ 1.12757, 44.92804 ], [ 1.12795, 44.92803 ], [ 1.12826, 44.92818 ], [ 1.12852, 44.92854 ], [ 1.12883, 44.92893 ], [ 1.12926, 44.9295 ], [ 1.1298, 44.92963 ], [ 1.13011, 44.92971 ], [ 1.13046, 44.92993 ], [ 1.13061, 44.9301 ], [ 1.13077, 44.93013 ], [ 1.13099, 44.92994 ], [ 1.13136, 44.92997 ], [ 1.13176, 44.93011 ], [ 1.13225, 44.93052 ], [ 1.1325, 44.9308 ], [ 1.13255, 44.93122 ], [ 1.13257, 44.93153 ], [ 1.13307, 44.93155 ], [ 1.1338, 44.9315 ], [ 1.13441, 44.93151 ], [ 1.13508, 44.93161 ], [ 1.13541, 44.93171 ], [ 1.13576, 44.9319 ], [ 1.13632, 44.93217 ], [ 1.13665, 44.93251 ], [ 1.13703, 44.93247 ], [ 1.13757, 44.93267 ], [ 1.13876, 44.93264 ], [ 1.13921, 44.93247 ], [ 1.1403, 44.93154 ], [ 1.14041, 44.93137 ], [ 1.1405, 44.93079 ], [ 1.14062, 44.92995 ], [ 1.14069, 44.92963 ], [ 1.14089, 44.92938 ], [ 1.14121, 44.92914 ], [ 1.14154, 44.929 ], [ 1.14182, 44.92887 ], [ 1.14204, 44.92858 ], [ 1.14234, 44.92817 ], [ 1.14262, 44.92791 ], [ 1.14296, 44.92767 ], [ 1.14355, 44.92734 ], [ 1.14395, 44.92704 ], [ 1.1441, 44.92693 ], [ 1.14411, 44.92672 ], [ 1.14512, 44.92658 ], [ 1.14592, 44.92608 ], [ 1.14649, 44.92597 ], [ 1.14701, 44.92611 ], [ 1.14774, 44.92655 ], [ 1.14801, 44.92634 ], [ 1.14804, 44.92606 ], [ 1.14832, 44.92569 ], [ 1.14826, 44.92551 ], [ 1.14822, 44.92532 ], [ 1.14842, 44.9249 ], [ 1.1487, 44.92465 ], [ 1.14896, 44.92437 ], [ 1.14927, 44.92414 ], [ 1.14987, 44.92379 ], [ 1.15035, 44.92364 ], [ 1.15098, 44.92358 ], [ 1.15135, 44.92382 ], [ 1.1523, 44.92463 ], [ 1.1528, 44.92465 ], [ 1.15322, 44.92473 ], [ 1.15353, 44.92494 ], [ 1.15387, 44.92487 ], [ 1.15418, 44.92489 ], [ 1.15474, 44.925 ], [ 1.15526, 44.92526 ], [ 1.15557, 44.92552 ], [ 1.15554, 44.92574 ], [ 1.15546, 44.92598 ], [ 1.156, 44.92612 ], [ 1.15647, 44.92634 ], [ 1.15737, 44.92658 ], [ 1.1582, 44.92678 ], [ 1.15883, 44.92687 ], [ 1.16021, 44.92699 ], [ 1.16099, 44.92694 ], [ 1.16067, 44.92684 ], [ 1.16041, 44.92664 ], [ 1.16025, 44.92621 ], [ 1.16036, 44.92566 ], [ 1.1602, 44.92543 ], [ 1.15948, 44.92568 ], [ 1.15865, 44.92547 ], [ 1.1583, 44.9252 ], [ 1.15829, 44.92486 ], [ 1.15809, 44.92437 ], [ 1.1575, 44.92451 ], [ 1.15721, 44.92442 ], [ 1.15681, 44.9241 ], [ 1.1563, 44.92384 ], [ 1.15586, 44.92355 ], [ 1.15572, 44.9232 ], [ 1.15569, 44.92296 ], [ 1.15561, 44.92285 ], [ 1.15548, 44.92285 ], [ 1.15508, 44.92304 ], [ 1.15463, 44.92327 ], [ 1.15407, 44.9233 ], [ 1.15367, 44.92323 ], [ 1.15321, 44.92312 ], [ 1.15281, 44.92289 ], [ 1.15242, 44.92256 ], [ 1.15203, 44.92217 ], [ 1.1516, 44.922 ], [ 1.15118, 44.92201 ], [ 1.15076, 44.92207 ], [ 1.15015, 44.92221 ], [ 1.14979, 44.92237 ], [ 1.14871, 44.92277 ], [ 1.14803, 44.9231 ], [ 1.14709, 44.9224 ], [ 1.14627, 44.92244 ], [ 1.14638, 44.923 ], [ 1.14654, 44.92353 ], [ 1.14613, 44.92394 ], [ 1.14548, 44.92417 ], [ 1.14528, 44.92452 ], [ 1.14473, 44.92506 ], [ 1.14397, 44.92554 ], [ 1.14318, 44.92634 ], [ 1.14279, 44.92657 ], [ 1.1422, 44.9268 ], [ 1.14169, 44.92741 ], [ 1.14105, 44.92789 ], [ 1.14066, 44.92845 ], [ 1.13983, 44.92888 ], [ 1.13923, 44.92947 ], [ 1.13926, 44.93003 ], [ 1.13847, 44.9301 ], [ 1.1379, 44.93003 ], [ 1.13729, 44.93022 ], [ 1.13658, 44.9302 ], [ 1.13607, 44.92989 ], [ 1.13538, 44.92976 ], [ 1.1348, 44.92979 ], [ 1.13437, 44.92986 ], [ 1.13366, 44.93 ], [ 1.13333, 44.92986 ], [ 1.13304, 44.92951 ], [ 1.1328, 44.92929 ], [ 1.13168, 44.92852 ], [ 1.13163, 44.92819 ], [ 1.13178, 44.92791 ], [ 1.13184, 44.92771 ], [ 1.13147, 44.92767 ], [ 1.13081, 44.92805 ], [ 1.13058, 44.92812 ], [ 1.1304, 44.92791 ], [ 1.13017, 44.92771 ], [ 1.12978, 44.92732 ], [ 1.129, 44.92672 ], [ 1.12848, 44.92641 ], [ 1.12842, 44.92604 ], [ 1.12811, 44.92593 ], [ 1.12753, 44.92593 ], [ 1.12696, 44.92582 ], [ 1.12668, 44.92555 ], [ 1.12636, 44.92548 ], [ 1.12597, 44.92531 ], [ 1.12572, 44.92501 ], [ 1.12565, 44.9247 ], [ 1.12578, 44.92439 ], [ 1.12606, 44.92414 ], [ 1.12661, 44.92394 ], [ 1.12686, 44.92378 ], [ 1.12703, 44.92361 ], [ 1.12704, 44.92339 ], [ 1.12729, 44.92314 ], [ 1.12806, 44.92269 ], [ 1.12855, 44.92235 ], [ 1.12817, 44.92221 ], [ 1.12773, 44.92225 ], [ 1.12669, 44.92275 ], [ 1.12612, 44.92323 ], [ 1.12563, 44.92335 ], [ 1.12489, 44.92368 ], [ 1.12468, 44.92384 ], [ 1.1244, 44.92397 ], [ 1.1242, 44.92391 ], [ 1.12416, 44.9237 ], [ 1.12434, 44.92323 ], [ 1.12379, 44.92257 ], [ 1.12352, 44.92237 ], [ 1.1233, 44.92189 ], [ 1.12244, 44.92115 ], [ 1.12217, 44.92085 ], [ 1.12207, 44.92054 ], [ 1.12168, 44.92037 ], [ 1.12114, 44.92019 ], [ 1.12102, 44.91978 ], [ 1.12116, 44.91928 ], [ 1.12098, 44.91891 ], [ 1.121, 44.91862 ], [ 1.12107, 44.91827 ], [ 1.12133, 44.91803 ], [ 1.12186, 44.91768 ], [ 1.12195, 44.91749 ], [ 1.12172, 44.91731 ], [ 1.12136, 44.91739 ], [ 1.12096, 44.91774 ], [ 1.12015, 44.91826 ], [ 1.11975, 44.91846 ], [ 1.11908, 44.91836 ], [ 1.11888, 44.91805 ], [ 1.11789, 44.91737 ], [ 1.11733, 44.91705 ], [ 1.11683, 44.91698 ], [ 1.11645, 44.91697 ], [ 1.11612, 44.91684 ], [ 1.11604, 44.9165 ], [ 1.11611, 44.91613 ], [ 1.1158, 44.91611 ], [ 1.11528, 44.91676 ], [ 1.11483, 44.91685 ], [ 1.11443, 44.91658 ], [ 1.11384, 44.91634 ], [ 1.11265, 44.91661 ], [ 1.11149, 44.91663 ], [ 1.11023, 44.91689 ], [ 1.10948, 44.91658 ], [ 1.1093, 44.91586 ], [ 1.10914, 44.91516 ], [ 1.10925, 44.91459 ], [ 1.11026, 44.91428 ], [ 1.11251, 44.91404 ], [ 1.11385, 44.91321 ], [ 1.11416, 44.91282 ], [ 1.11449, 44.91174 ], [ 1.11523, 44.91107 ], [ 1.11471, 44.91065 ], [ 1.11462, 44.91024 ], [ 1.11619, 44.91004 ], [ 1.11713, 44.90947 ], [ 1.11718, 44.90836 ], [ 1.11726, 44.90783 ], [ 1.11792, 44.90755 ], [ 1.11842, 44.90764 ], [ 1.11916, 44.90789 ], [ 1.11813, 44.90753 ], [ 1.11718, 44.90757 ], [ 1.11668, 44.90785 ], [ 1.11632, 44.90803 ], [ 1.11605, 44.90809 ], [ 1.1154, 44.90813 ], [ 1.11512, 44.9084 ], [ 1.11462, 44.90886 ], [ 1.11409, 44.90935 ], [ 1.11369, 44.90979 ], [ 1.11313, 44.91062 ], [ 1.11293, 44.91107 ], [ 1.1128, 44.91168 ], [ 1.11263, 44.91209 ], [ 1.11241, 44.91242 ], [ 1.11204, 44.91278 ], [ 1.11133, 44.91308 ], [ 1.1095, 44.91371 ], [ 1.10916, 44.91375 ], [ 1.10873, 44.91414 ], [ 1.10816, 44.91489 ], [ 1.108, 44.91531 ], [ 1.10783, 44.91605 ], [ 1.10765, 44.917 ], [ 1.10829, 44.9172 ], [ 1.10991, 44.91753 ], [ 1.11101, 44.91747 ], [ 1.11187, 44.91753 ], [ 1.11303, 44.91771 ], [ 1.11371, 44.9177 ], [ 1.11468, 44.91778 ], [ 1.11524, 44.91769 ], [ 1.11629, 44.91745 ], [ 1.11705, 44.91741 ], [ 1.11803, 44.91773 ], [ 1.11862, 44.91878 ], [ 1.119, 44.91946 ], [ 1.11939, 44.91974 ], [ 1.11976, 44.91997 ], [ 1.12015, 44.92004 ], [ 1.12049, 44.92019 ], [ 1.12094, 44.92048 ], [ 1.12131, 44.92048 ], [ 1.12165, 44.92038 ], [ 1.12173, 44.92069 ], [ 1.12188, 44.9209 ], [ 1.12242, 44.92137 ], [ 1.12275, 44.9217 ], [ 1.12317, 44.92209 ], [ 1.12353, 44.9226 ], [ 1.12392, 44.92308 ], [ 1.12404, 44.92335 ], [ 1.12397, 44.92363 ], [ 1.12378, 44.9238 ], [ 1.12399, 44.92415 ], [ 1.12413, 44.92454 ], [ 1.12457, 44.92407 ], [ 1.12531, 44.92369 ], [ 1.12634, 44.9233 ], [ 1.12652, 44.92331 ], [ 1.12642, 44.92359 ], [ 1.12562, 44.92393 ], [ 1.12531, 44.92412 ], [ 1.12508, 44.92447 ], [ 1.12502, 44.92479 ], [ 1.12501, 44.92501 ], [ 1.12528, 44.9253 ], [ 1.12555, 44.9255 ], [ 1.12601, 44.92576 ], [ 1.12616, 44.92592 ], [ 1.1264, 44.92618 ], [ 1.12667, 44.92631 ], [ 1.12731, 44.92636 ], [ 1.12764, 44.92659 ], [ 1.12801, 44.9267 ], [ 1.12846, 44.92692 ], [ 1.12922, 44.92754 ], [ 1.12958, 44.92789 ], [ 1.12988, 44.92811 ], [ 1.13009, 44.92842 ], [ 1.13048, 44.92875 ], [ 1.13073, 44.92867 ], [ 1.13104, 44.92832 ], [ 1.13135, 44.92822 ], [ 1.1315, 44.92839 ], [ 1.13177, 44.92861 ], [ 1.13283, 44.92939 ], [ 1.13318, 44.92996 ], [ 1.1336, 44.9302 ], [ 1.13468, 44.93023 ], [ 1.13547, 44.93022 ], [ 1.13608, 44.93045 ], [ 1.13721, 44.93057 ], [ 1.13768, 44.9304 ], [ 1.13802, 44.93025 ], [ 1.13838, 44.93038 ], [ 1.13872, 44.93039 ], [ 1.13934, 44.93028 ], [ 1.13953, 44.93005 ], [ 1.13956, 44.92974 ], [ 1.13985, 44.92935 ], [ 1.14029, 44.92886 ], [ 1.14106, 44.92863 ], [ 1.14218, 44.92766 ], [ 1.14364, 44.92665 ], [ 1.14433, 44.92614 ], [ 1.14461, 44.92581 ], [ 1.1452, 44.92538 ], [ 1.14598, 44.92491 ], [ 1.14626, 44.92476 ], [ 1.14674, 44.92512 ], [ 1.14637, 44.9254 ], [ 1.14584, 44.92565 ], [ 1.14556, 44.92589 ], [ 1.14534, 44.92613 ], [ 1.14509, 44.92625 ], [ 1.14447, 44.92664 ], [ 1.14404, 44.92663 ], [ 1.14404, 44.92694 ], [ 1.14382, 44.92713 ], [ 1.14344, 44.92739 ], [ 1.14267, 44.92782 ], [ 1.14236, 44.92812 ], [ 1.14204, 44.92857 ], [ 1.14179, 44.92887 ], [ 1.1412, 44.92911 ], [ 1.14089, 44.92932 ], [ 1.14067, 44.92967 ], [ 1.14046, 44.93086 ], [ 1.14029, 44.93141 ], [ 1.13995, 44.9316 ], [ 1.13934, 44.93159 ], [ 1.13857, 44.9315 ], [ 1.13787, 44.93138 ], [ 1.1371, 44.93155 ], [ 1.13688, 44.9317 ], [ 1.13681, 44.93235 ], [ 1.13662, 44.93235 ], [ 1.13627, 44.93193 ], [ 1.1359, 44.93182 ], [ 1.13578, 44.93155 ], [ 1.13551, 44.93135 ], [ 1.13347, 44.93096 ], [ 1.13291, 44.93122 ], [ 1.13291, 44.93091 ], [ 1.13256, 44.93028 ], [ 1.13217, 44.93003 ], [ 1.1319, 44.92972 ], [ 1.13159, 44.92961 ], [ 1.13111, 44.92956 ], [ 1.13064, 44.92965 ], [ 1.13006, 44.92955 ], [ 1.12979, 44.92933 ], [ 1.12928, 44.92869 ], [ 1.12896, 44.92828 ], [ 1.12865, 44.92808 ], [ 1.12826, 44.92779 ], [ 1.12747, 44.92767 ], [ 1.12744, 44.92754 ], [ 1.12723, 44.92741 ], [ 1.1268, 44.92732 ], [ 1.1264, 44.92725 ], [ 1.12564, 44.92704 ], [ 1.12524, 44.92708 ], [ 1.12509, 44.92721 ], [ 1.12478, 44.92693 ], [ 1.12442, 44.92683 ], [ 1.12381, 44.92685 ], [ 1.12372, 44.92676 ], [ 1.1244, 44.92653 ], [ 1.124, 44.92622 ], [ 1.12367, 44.92615 ], [ 1.12325, 44.92573 ], [ 1.12292, 44.92547 ], [ 1.12256, 44.92483 ], [ 1.12248, 44.92459 ], [ 1.12251, 44.92424 ], [ 1.1224, 44.92394 ], [ 1.12213, 44.92345 ], [ 1.12181, 44.92267 ], [ 1.12145, 44.92229 ], [ 1.12115, 44.92201 ], [ 1.12079, 44.92168 ], [ 1.12021, 44.92141 ], [ 1.11991, 44.92136 ], [ 1.11964, 44.92112 ], [ 1.11924, 44.92092 ], [ 1.1187, 44.9207 ], [ 1.11818, 44.92052 ], [ 1.11782, 44.92021 ], [ 1.11743, 44.91961 ], [ 1.11696, 44.91874 ], [ 1.11657, 44.91867 ], [ 1.11377, 44.91918 ], [ 1.11318, 44.91913 ], [ 1.11172, 44.91888 ], [ 1.11135, 44.91876 ], [ 1.1108, 44.91876 ], [ 1.10997, 44.91888 ], [ 1.10876, 44.91836 ], [ 1.10853, 44.91844 ], [ 1.10853, 44.91845 ], [ 1.10853, 44.91846 ], [ 1.10852, 44.91857 ], [ 1.10853, 44.91887 ], [ 1.10851, 44.91893 ], [ 1.1085, 44.91894 ], [ 1.10945, 44.91931 ], [ 1.11029, 44.91928 ] ], [ [ 1.13855, 44.93163 ], [ 1.13907, 44.93173 ], [ 1.13953, 44.93175 ], [ 1.13995, 44.93174 ], [ 1.13929, 44.93221 ], [ 1.13888, 44.93244 ], [ 1.1385, 44.93258 ], [ 1.13755, 44.9326 ], [ 1.1374, 44.93225 ], [ 1.13743, 44.93198 ], [ 1.13754, 44.93182 ], [ 1.13784, 44.9317 ], [ 1.13822, 44.93165 ], [ 1.13855, 44.93163 ] ] ], [ [ [ 1.11925, 44.90785 ], [ 1.11935, 44.90785 ], [ 1.12196, 44.90726 ], [ 1.1227, 44.90664 ], [ 1.12364, 44.90633 ], [ 1.12474, 44.90651 ], [ 1.12611, 44.90716 ], [ 1.1265, 44.90785 ], [ 1.12699, 44.9081 ], [ 1.12769, 44.90748 ], [ 1.12824, 44.90729 ], [ 1.12902, 44.90719 ], [ 1.12965, 44.90733 ], [ 1.13032, 44.90774 ], [ 1.13074, 44.90805 ], [ 1.13078, 44.90836 ], [ 1.1307, 44.90873 ], [ 1.13125, 44.90877 ], [ 1.13152, 44.90903 ], [ 1.13252, 44.90834 ], [ 1.13343, 44.90778 ], [ 1.13402, 44.90743 ], [ 1.13451, 44.9079 ], [ 1.13649, 44.90947 ], [ 1.13708, 44.90975 ], [ 1.1374, 44.91041 ], [ 1.13802, 44.9117 ], [ 1.14026, 44.91287 ], [ 1.14034, 44.91251 ], [ 1.14028, 44.91201 ], [ 1.14011, 44.91164 ], [ 1.14012, 44.91094 ], [ 1.14061, 44.91048 ], [ 1.14101, 44.91033 ], [ 1.1419, 44.91028 ], [ 1.14299, 44.91085 ], [ 1.14365, 44.91148 ], [ 1.14415, 44.91277 ], [ 1.14463, 44.9129 ], [ 1.14554, 44.91271 ], [ 1.14589, 44.91279 ], [ 1.14611, 44.91308 ], [ 1.14579, 44.91388 ], [ 1.1456, 44.91436 ], [ 1.14582, 44.91472 ], [ 1.14604, 44.91481 ], [ 1.14647, 44.91472 ], [ 1.14703, 44.91471 ], [ 1.14728, 44.91441 ], [ 1.14764, 44.91418 ], [ 1.1481, 44.91395 ], [ 1.14858, 44.91394 ], [ 1.14916, 44.91388 ], [ 1.14976, 44.91401 ], [ 1.15005, 44.91431 ], [ 1.15019, 44.9151 ], [ 1.15028, 44.91544 ], [ 1.15096, 44.91545 ], [ 1.15159, 44.91542 ], [ 1.15203, 44.91564 ], [ 1.15284, 44.9165 ], [ 1.15306, 44.91686 ], [ 1.15296, 44.91715 ], [ 1.15282, 44.91756 ], [ 1.15319, 44.91779 ], [ 1.15441, 44.91863 ], [ 1.1556, 44.91914 ], [ 1.1568, 44.91971 ], [ 1.15777, 44.91868 ], [ 1.15648, 44.91776 ], [ 1.15625, 44.91718 ], [ 1.15576, 44.91654 ], [ 1.15532, 44.91573 ], [ 1.15307, 44.91403 ], [ 1.15268, 44.9137 ], [ 1.15226, 44.91327 ], [ 1.15184, 44.91296 ], [ 1.15141, 44.91281 ], [ 1.15096, 44.91281 ], [ 1.15016, 44.91271 ], [ 1.14924, 44.91248 ], [ 1.1487, 44.91245 ], [ 1.14791, 44.91182 ], [ 1.14756, 44.91135 ], [ 1.14709, 44.91108 ], [ 1.14625, 44.91041 ], [ 1.146, 44.90937 ], [ 1.14582, 44.90847 ], [ 1.14633, 44.90777 ], [ 1.14564, 44.90733 ], [ 1.14529, 44.9072 ], [ 1.1441, 44.90769 ], [ 1.14262, 44.90755 ], [ 1.14172, 44.90752 ], [ 1.14051, 44.90778 ], [ 1.13998, 44.90777 ], [ 1.13973, 44.90741 ], [ 1.13907, 44.90653 ], [ 1.13821, 44.90595 ], [ 1.13779, 44.90528 ], [ 1.1364, 44.90568 ], [ 1.13494, 44.90553 ], [ 1.13383, 44.90544 ], [ 1.13273, 44.90561 ], [ 1.132, 44.90546 ], [ 1.13154, 44.90488 ], [ 1.13099, 44.9045 ], [ 1.12947, 44.90415 ], [ 1.12897, 44.90375 ], [ 1.12834, 44.90376 ], [ 1.12763, 44.90445 ], [ 1.12697, 44.90444 ], [ 1.12575, 44.90416 ], [ 1.12518, 44.90387 ], [ 1.12502, 44.90303 ], [ 1.1256, 44.90182 ], [ 1.12693, 44.90044 ], [ 1.12752, 44.90007 ], [ 1.12744, 44.89898 ], [ 1.12771, 44.8984 ], [ 1.12856, 44.89744 ], [ 1.12902, 44.89589 ], [ 1.12959, 44.89476 ], [ 1.12938, 44.89402 ], [ 1.12837, 44.8931 ], [ 1.12787, 44.89329 ], [ 1.1274, 44.8942 ], [ 1.12671, 44.89555 ], [ 1.12512, 44.89707 ], [ 1.12468, 44.89779 ], [ 1.12407, 44.89798 ], [ 1.12227, 44.89889 ], [ 1.12152, 44.90003 ], [ 1.12135, 44.90097 ], [ 1.12104, 44.90248 ], [ 1.12087, 44.90312 ], [ 1.12028, 44.90364 ], [ 1.11963, 44.9037 ], [ 1.1189, 44.90357 ], [ 1.11788, 44.90285 ], [ 1.11759, 44.90208 ], [ 1.11737, 44.9019 ], [ 1.11677, 44.90189 ], [ 1.11568, 44.90199 ], [ 1.11493, 44.90201 ], [ 1.11463, 44.90192 ], [ 1.11446, 44.90172 ], [ 1.11396, 44.90149 ], [ 1.1138, 44.90188 ], [ 1.11381, 44.90245 ], [ 1.11469, 44.90265 ], [ 1.11534, 44.90275 ], [ 1.11579, 44.9027 ], [ 1.11614, 44.9029 ], [ 1.11624, 44.90314 ], [ 1.11638, 44.90358 ], [ 1.11634, 44.90399 ], [ 1.11665, 44.90468 ], [ 1.11652, 44.90503 ], [ 1.11597, 44.90519 ], [ 1.11499, 44.90505 ], [ 1.11468, 44.90542 ], [ 1.11407, 44.90563 ], [ 1.11373, 44.90629 ], [ 1.11332, 44.90685 ], [ 1.11248, 44.90733 ], [ 1.1119, 44.90703 ], [ 1.11156, 44.90694 ], [ 1.11103, 44.90806 ], [ 1.11119, 44.90861 ], [ 1.111, 44.90912 ], [ 1.11016, 44.90987 ], [ 1.10945, 44.91023 ], [ 1.10742, 44.91225 ], [ 1.10665, 44.91292 ], [ 1.10605, 44.91395 ], [ 1.10557, 44.91425 ], [ 1.10502, 44.91405 ], [ 1.1044, 44.91359 ], [ 1.10379, 44.91371 ], [ 1.10386, 44.91387 ], [ 1.10395, 44.91395 ], [ 1.10407, 44.91406 ], [ 1.10425, 44.91425 ], [ 1.10433, 44.91432 ], [ 1.10446, 44.91444 ], [ 1.10457, 44.91457 ], [ 1.10462, 44.9146 ], [ 1.10474, 44.91471 ], [ 1.10481, 44.91476 ], [ 1.10485, 44.91479 ], [ 1.10497, 44.91488 ], [ 1.10507, 44.91495 ], [ 1.10523, 44.91507 ], [ 1.10542, 44.91522 ], [ 1.10551, 44.91528 ], [ 1.10563, 44.91537 ], [ 1.10571, 44.91546 ], [ 1.10585, 44.91563 ], [ 1.10589, 44.91569 ], [ 1.10614, 44.91485 ], [ 1.10649, 44.91431 ], [ 1.10677, 44.91399 ], [ 1.10712, 44.91358 ], [ 1.10761, 44.91319 ], [ 1.10867, 44.91248 ], [ 1.10926, 44.91234 ], [ 1.11009, 44.91191 ], [ 1.11092, 44.91186 ], [ 1.11139, 44.91149 ], [ 1.11149, 44.91116 ], [ 1.11153, 44.91064 ], [ 1.11157, 44.91023 ], [ 1.11176, 44.90995 ], [ 1.11195, 44.90984 ], [ 1.11275, 44.91006 ], [ 1.11322, 44.90969 ], [ 1.11372, 44.90915 ], [ 1.11457, 44.90842 ], [ 1.11522, 44.90782 ], [ 1.11644, 44.90696 ], [ 1.11531, 44.90684 ], [ 1.11551, 44.90648 ], [ 1.11576, 44.90629 ], [ 1.11613, 44.90616 ], [ 1.11761, 44.90587 ], [ 1.11798, 44.90566 ], [ 1.11827, 44.90532 ], [ 1.11771, 44.90429 ], [ 1.11737, 44.90308 ], [ 1.11729, 44.90232 ], [ 1.11715, 44.90193 ], [ 1.11739, 44.90193 ], [ 1.1176, 44.90213 ], [ 1.1178, 44.90268 ], [ 1.11824, 44.90397 ], [ 1.11884, 44.90445 ], [ 1.11899, 44.90476 ], [ 1.11951, 44.90444 ], [ 1.11985, 44.90437 ], [ 1.12044, 44.90419 ], [ 1.12177, 44.90348 ], [ 1.12197, 44.9029 ], [ 1.12201, 44.90233 ], [ 1.12205, 44.90196 ], [ 1.12234, 44.90146 ], [ 1.12268, 44.90127 ], [ 1.12305, 44.90108 ], [ 1.1233, 44.9008 ], [ 1.12349, 44.90047 ], [ 1.12408, 44.90015 ], [ 1.12443, 44.8997 ], [ 1.12462, 44.89907 ], [ 1.12454, 44.89874 ], [ 1.12479, 44.89857 ], [ 1.1257, 44.89773 ], [ 1.1262, 44.89691 ], [ 1.1268, 44.89629 ], [ 1.12702, 44.89583 ], [ 1.12729, 44.89479 ], [ 1.12749, 44.89422 ], [ 1.12777, 44.89368 ], [ 1.12818, 44.89325 ], [ 1.12846, 44.89321 ], [ 1.12865, 44.89439 ], [ 1.12858, 44.89474 ], [ 1.12866, 44.89504 ], [ 1.12881, 44.89528 ], [ 1.12883, 44.89565 ], [ 1.12849, 44.89593 ], [ 1.1279, 44.89658 ], [ 1.12783, 44.89686 ], [ 1.12754, 44.89719 ], [ 1.1272, 44.89733 ], [ 1.12695, 44.89755 ], [ 1.12673, 44.89787 ], [ 1.12629, 44.89874 ], [ 1.12625, 44.89907 ], [ 1.1263, 44.89955 ], [ 1.12623, 44.89983 ], [ 1.12582, 44.90028 ], [ 1.12535, 44.90078 ], [ 1.12488, 44.90142 ], [ 1.12437, 44.9022 ], [ 1.12418, 44.90266 ], [ 1.12402, 44.90303 ], [ 1.12367, 44.90337 ], [ 1.1232, 44.90393 ], [ 1.12301, 44.90434 ], [ 1.12258, 44.90562 ], [ 1.12212, 44.90575 ], [ 1.12166, 44.9059 ], [ 1.1207, 44.90637 ], [ 1.11949, 44.90696 ], [ 1.11945, 44.90722 ], [ 1.11935, 44.90781 ], [ 1.11916, 44.90789 ], [ 1.11925, 44.90785 ] ], [ [ 1.12519, 44.90667 ], [ 1.12497, 44.90631 ], [ 1.12508, 44.9059 ], [ 1.12541, 44.90566 ], [ 1.12586, 44.90579 ], [ 1.12651, 44.90606 ], [ 1.12681, 44.90617 ], [ 1.12688, 44.90655 ], [ 1.12676, 44.90715 ], [ 1.12644, 44.90713 ], [ 1.12604, 44.90693 ], [ 1.12519, 44.90667 ] ], [ [ 1.12955, 44.90618 ], [ 1.13, 44.90615 ], [ 1.13048, 44.90618 ], [ 1.1307, 44.90657 ], [ 1.13088, 44.90748 ], [ 1.13057, 44.90766 ], [ 1.13027, 44.90753 ], [ 1.12992, 44.9074 ], [ 1.1295, 44.90711 ], [ 1.12877, 44.90717 ], [ 1.12792, 44.90713 ], [ 1.12755, 44.90691 ], [ 1.12743, 44.90659 ], [ 1.12748, 44.90639 ], [ 1.12769, 44.90634 ], [ 1.12824, 44.90638 ], [ 1.12892, 44.90628 ], [ 1.12955, 44.90618 ] ] ] ] } },
{ "type": "Feature", "properties": { "nom": "LA DORDOGNE", "typologie": "ZNIEFF2" }, "geometry": { "type": "MultiPolygon", "coordinates": [ [ [ [ 1.09064, 44.83111 ], [ 1.09175, 44.82999 ], [ 1.09247, 44.82895 ], [ 1.09294, 44.82801 ], [ 1.09378, 44.82729 ], [ 1.09488, 44.82662 ], [ 1.09597, 44.82618 ], [ 1.09655, 44.82596 ], [ 1.09694, 44.82574 ], [ 1.09758, 44.82552 ], [ 1.09822, 44.82539 ], [ 1.09873, 44.82522 ], [ 1.09982, 44.82491 ], [ 1.10122, 44.82484 ], [ 1.1009, 44.82487 ], [ 1.10109, 44.82486 ], [ 1.1023, 44.82485 ], [ 1.10212, 44.82457 ], [ 1.10014, 44.8246 ], [ 1.09913, 44.82463 ], [ 1.09829, 44.82494 ], [ 1.09727, 44.8252 ], [ 1.09763, 44.82491 ], [ 1.09724, 44.82504 ], [ 1.09559, 44.82576 ], [ 1.09421, 44.82654 ], [ 1.09345, 44.827 ], [ 1.09303, 44.82728 ], [ 1.09291, 44.82737 ], [ 1.09275, 44.82748 ], [ 1.09265, 44.82756 ], [ 1.09264, 44.82757 ], [ 1.09259, 44.82758 ], [ 1.09233, 44.8278 ], [ 1.09195, 44.82809 ], [ 1.09191, 44.82812 ], [ 1.09148, 44.8285 ], [ 1.09147, 44.82851 ], [ 1.09102, 44.82903 ], [ 1.09097, 44.8291 ], [ 1.09042, 44.82979 ], [ 1.09026, 44.82998 ], [ 1.08997, 44.83034 ], [ 1.08995, 44.83038 ], [ 1.08974, 44.83065 ], [ 1.0896, 44.83086 ], [ 1.08955, 44.83095 ], [ 1.08941, 44.8312 ], [ 1.08939, 44.83123 ], [ 1.08916, 44.8318 ], [ 1.08916, 44.83183 ], [ 1.08914, 44.8319 ], [ 1.08912, 44.83197 ], [ 1.08914, 44.83204 ], [ 1.08914, 44.83209 ], [ 1.08913, 44.83214 ], [ 1.08912, 44.83216 ], [ 1.08905, 44.83224 ], [ 1.08883, 44.83248 ], [ 1.08883, 44.83249 ], [ 1.08874, 44.83263 ], [ 1.08861, 44.8328 ], [ 1.08894, 44.83315 ], [ 1.08908, 44.83328 ], [ 1.08986, 44.83191 ], [ 1.09064, 44.83111 ] ] ], [ [ [ 1.10392, 44.82373 ], [ 1.10538, 44.82411 ], [ 1.10696, 44.82467 ], [ 1.10802, 44.82537 ], [ 1.10903, 44.82601 ], [ 1.11066, 44.82689 ], [ 1.11198, 44.82763 ], [ 1.11425, 44.82879 ], [ 1.11445, 44.82861 ], [ 1.11306, 44.82791 ], [ 1.11142, 44.82708 ], [ 1.10941, 44.82597 ], [ 1.10872, 44.8256 ], [ 1.10891, 44.82533 ], [ 1.11043, 44.82594 ], [ 1.11169, 44.82654 ], [ 1.11314, 44.82719 ], [ 1.11635, 44.82881 ], [ 1.11855, 44.83006 ], [ 1.12006, 44.83121 ], [ 1.12087, 44.83167 ], [ 1.12111, 44.83186 ], [ 1.11999, 44.83066 ], [ 1.11876, 44.8297 ], [ 1.11732, 44.82886 ], [ 1.11718, 44.82879 ], [ 1.11627, 44.82835 ], [ 1.11589, 44.82821 ], [ 1.11318, 44.82693 ], [ 1.10857, 44.82504 ], [ 1.10638, 44.82428 ], [ 1.10453, 44.82385 ], [ 1.10404, 44.82368 ], [ 1.10313, 44.82358 ], [ 1.10202, 44.82365 ], [ 1.10174, 44.82369 ], [ 1.10252, 44.82367 ], [ 1.10392, 44.82373 ] ] ], [ [ [ 1.13617, 44.83981 ], [ 1.13706, 44.84009 ], [ 1.13801, 44.84019 ], [ 1.13922, 44.84007 ], [ 1.14056, 44.8399 ], [ 1.14165, 44.83964 ], [ 1.143, 44.83939 ], [ 1.14399, 44.83909 ], [ 1.14485, 44.839 ], [ 1.14594, 44.83897 ], [ 1.1467, 44.83888 ], [ 1.14753, 44.83885 ], [ 1.14805, 44.83845 ], [ 1.14858, 44.83754 ], [ 1.14904, 44.83673 ], [ 1.14902, 44.83553 ], [ 1.14921, 44.83461 ], [ 1.14906, 44.83297 ], [ 1.14906, 44.82967 ], [ 1.1491, 44.82794 ], [ 1.14926, 44.82631 ], [ 1.14938, 44.8246 ], [ 1.14968, 44.82355 ], [ 1.15024, 44.82234 ], [ 1.15048, 44.82079 ], [ 1.15132, 44.81788 ], [ 1.15188, 44.81696 ], [ 1.15246, 44.81629 ], [ 1.15337, 44.81557 ], [ 1.15446, 44.81541 ], [ 1.15561, 44.81528 ], [ 1.1579, 44.81526 ], [ 1.15872, 44.81531 ], [ 1.15987, 44.81533 ], [ 1.16127, 44.81548 ], [ 1.16228, 44.81567 ], [ 1.16323, 44.81586 ], [ 1.16411, 44.81637 ], [ 1.16499, 44.81692 ], [ 1.16656, 44.8182 ], [ 1.1673, 44.81912 ], [ 1.1683, 44.82013 ], [ 1.16923, 44.82109 ], [ 1.17011, 44.82205 ], [ 1.17117, 44.82288 ], [ 1.17237, 44.82362 ], [ 1.17343, 44.82426 ], [ 1.17476, 44.82482 ], [ 1.17526, 44.82505 ], [ 1.17585, 44.82548 ], [ 1.17584, 44.82547 ], [ 1.17569, 44.82531 ], [ 1.17531, 44.825 ], [ 1.17488, 44.82476 ], [ 1.17412, 44.82433 ], [ 1.17394, 44.82423 ], [ 1.17361, 44.82403 ], [ 1.17305, 44.82369 ], [ 1.17131, 44.82261 ], [ 1.17044, 44.822 ], [ 1.16931, 44.82106 ], [ 1.16841, 44.82005 ], [ 1.16812, 44.81965 ], [ 1.16757, 44.81879 ], [ 1.16689, 44.8177 ], [ 1.16651, 44.81723 ], [ 1.16627, 44.81696 ], [ 1.16582, 44.81659 ], [ 1.16565, 44.81645 ], [ 1.16544, 44.81628 ], [ 1.16485, 44.81598 ], [ 1.16421, 44.8157 ], [ 1.16352, 44.81545 ], [ 1.16288, 44.81526 ], [ 1.16196, 44.81506 ], [ 1.16144, 44.81498 ], [ 1.16134, 44.81499 ], [ 1.15943, 44.81485 ], [ 1.157, 44.81476 ], [ 1.15628, 44.81471 ], [ 1.15475, 44.81458 ], [ 1.15373, 44.81468 ], [ 1.1525, 44.8149 ], [ 1.15233, 44.81502 ], [ 1.15172, 44.81547 ], [ 1.15112, 44.81592 ], [ 1.15039, 44.8168 ], [ 1.14983, 44.81769 ], [ 1.1495, 44.81821 ], [ 1.14935, 44.81867 ], [ 1.14941, 44.81925 ], [ 1.14939, 44.8202 ], [ 1.14912, 44.82101 ], [ 1.14858, 44.82227 ], [ 1.1483, 44.82345 ], [ 1.148, 44.82442 ], [ 1.14778, 44.82554 ], [ 1.14773, 44.82643 ], [ 1.14759, 44.82711 ], [ 1.14751, 44.82734 ], [ 1.14747, 44.82804 ], [ 1.14756, 44.82865 ], [ 1.14747, 44.82974 ], [ 1.14751, 44.83056 ], [ 1.14751, 44.83072 ], [ 1.14764, 44.83206 ], [ 1.14779, 44.83376 ], [ 1.14776, 44.8341 ], [ 1.14781, 44.83446 ], [ 1.14785, 44.83563 ], [ 1.14778, 44.83604 ], [ 1.14771, 44.83658 ], [ 1.14737, 44.83721 ], [ 1.14717, 44.83747 ], [ 1.14716, 44.83749 ], [ 1.14708, 44.83766 ], [ 1.14681, 44.83811 ], [ 1.14663, 44.83828 ], [ 1.14643, 44.83844 ], [ 1.14638, 44.83846 ], [ 1.14607, 44.83864 ], [ 1.14586, 44.83874 ], [ 1.14562, 44.83882 ], [ 1.14527, 44.8389 ], [ 1.14514, 44.83892 ], [ 1.14365, 44.83905 ], [ 1.14307, 44.8391 ], [ 1.14294, 44.83911 ], [ 1.14207, 44.83919 ], [ 1.14101, 44.8393 ], [ 1.14055, 44.83933 ], [ 1.13995, 44.83934 ], [ 1.13722, 44.83869 ], [ 1.13586, 44.83833 ], [ 1.1355, 44.83843 ], [ 1.13383, 44.83886 ], [ 1.13516, 44.83939 ], [ 1.13617, 44.83981 ] ] ], [ [ [ 1.17707, 44.82645 ], [ 1.17809, 44.8268 ], [ 1.17937, 44.82677 ], [ 1.18071, 44.82629 ], [ 1.18238, 44.82558 ], [ 1.18341, 44.82518 ], [ 1.18418, 44.82483 ], [ 1.18478, 44.82375 ], [ 1.18492, 44.82311 ], [ 1.18506, 44.82234 ], [ 1.18512, 44.82118 ], [ 1.18498, 44.82008 ], [ 1.18468, 44.81921 ], [ 1.184, 44.8183 ], [ 1.18307, 44.81725 ], [ 1.1822, 44.81583 ], [ 1.18165, 44.81479 ], [ 1.18155, 44.81356 ], [ 1.18201, 44.81275 ], [ 1.18285, 44.81226 ], [ 1.18421, 44.81154 ], [ 1.18783, 44.8099 ], [ 1.18991, 44.80948 ], [ 1.19151, 44.80895 ], [ 1.19375, 44.80839 ], [ 1.19611, 44.80823 ], [ 1.19809, 44.80793 ], [ 1.20001, 44.80741 ], [ 1.20308, 44.80672 ], [ 1.20569, 44.80629 ], [ 1.2076, 44.80618 ], [ 1.2106, 44.80621 ], [ 1.21276, 44.80623 ], [ 1.21569, 44.80608 ], [ 1.21722, 44.806 ], [ 1.21892, 44.80612 ], [ 1.21994, 44.80626 ], [ 1.22082, 44.80709 ], [ 1.22087, 44.80799 ], [ 1.22067, 44.80898 ], [ 1.21975, 44.81015 ], [ 1.21897, 44.81078 ], [ 1.21787, 44.81158 ], [ 1.21722, 44.81257 ], [ 1.21681, 44.81358 ], [ 1.2164, 44.81519 ], [ 1.21618, 44.81686 ], [ 1.21616, 44.81768 ], [ 1.21622, 44.81749 ], [ 1.21627, 44.81737 ], [ 1.2164, 44.81717 ], [ 1.21647, 44.81703 ], [ 1.21661, 44.81668 ], [ 1.21675, 44.8162 ], [ 1.21705, 44.81514 ], [ 1.21717, 44.8147 ], [ 1.21729, 44.81438 ], [ 1.21744, 44.81409 ], [ 1.21763, 44.81385 ], [ 1.21784, 44.81347 ], [ 1.21804, 44.81308 ], [ 1.21817, 44.81283 ], [ 1.21826, 44.81267 ], [ 1.21854, 44.81227 ], [ 1.21872, 44.81199 ], [ 1.21895, 44.81164 ], [ 1.2192, 44.81126 ], [ 1.21926, 44.81117 ], [ 1.21948, 44.8109 ], [ 1.21967, 44.81069 ], [ 1.21977, 44.8106 ], [ 1.21997, 44.81037 ], [ 1.22019, 44.81008 ], [ 1.22033, 44.80987 ], [ 1.22054, 44.80957 ], [ 1.22069, 44.80935 ], [ 1.22079, 44.8091 ], [ 1.22093, 44.8087 ], [ 1.22097, 44.80841 ], [ 1.22101, 44.80822 ], [ 1.22102, 44.80799 ], [ 1.22101, 44.80776 ], [ 1.22097, 44.80751 ], [ 1.22091, 44.80719 ], [ 1.22088, 44.80697 ], [ 1.22081, 44.80675 ], [ 1.22065, 44.80656 ], [ 1.2203, 44.80631 ], [ 1.21981, 44.80604 ], [ 1.21964, 44.80596 ], [ 1.21923, 44.80581 ], [ 1.2189, 44.80572 ], [ 1.21884, 44.8057 ], [ 1.21854, 44.80564 ], [ 1.21814, 44.80559 ], [ 1.21737, 44.80555 ], [ 1.21656, 44.80555 ], [ 1.21603, 44.80554 ], [ 1.21548, 44.80559 ], [ 1.21496, 44.80568 ], [ 1.21416, 44.80576 ], [ 1.21287, 44.80579 ], [ 1.21167, 44.80577 ], [ 1.2105, 44.80574 ], [ 1.20943, 44.80575 ], [ 1.20841, 44.80579 ], [ 1.20725, 44.80591 ], [ 1.2061, 44.806 ], [ 1.20476, 44.80607 ], [ 1.20473, 44.80601 ], [ 1.20452, 44.80599 ], [ 1.20427, 44.80601 ], [ 1.20346, 44.80603 ], [ 1.2021, 44.80657 ], [ 1.20124, 44.80686 ], [ 1.19984, 44.80722 ], [ 1.19898, 44.80747 ], [ 1.1986, 44.80758 ], [ 1.19857, 44.80759 ], [ 1.19834, 44.80715 ], [ 1.19831, 44.80711 ], [ 1.198, 44.80654 ], [ 1.19797, 44.80649 ], [ 1.19697, 44.8067 ], [ 1.19614, 44.80656 ], [ 1.19378, 44.80689 ], [ 1.19225, 44.80724 ], [ 1.19109, 44.80754 ], [ 1.18899, 44.80807 ], [ 1.18571, 44.80921 ], [ 1.18455, 44.80983 ], [ 1.18359, 44.81037 ], [ 1.18288, 44.8109 ], [ 1.18211, 44.81135 ], [ 1.18107, 44.81229 ], [ 1.18042, 44.81292 ], [ 1.17983, 44.81377 ], [ 1.17968, 44.81412 ], [ 1.17976, 44.81415 ], [ 1.17962, 44.81514 ], [ 1.18041, 44.81612 ], [ 1.18151, 44.81735 ], [ 1.18198, 44.81801 ], [ 1.18237, 44.81835 ], [ 1.183, 44.81893 ], [ 1.18318, 44.81924 ], [ 1.18339, 44.81969 ], [ 1.18358, 44.82025 ], [ 1.18363, 44.82057 ], [ 1.18365, 44.82067 ], [ 1.18367, 44.82082 ], [ 1.18367, 44.82091 ], [ 1.18367, 44.8211 ], [ 1.18366, 44.8215 ], [ 1.18365, 44.82154 ], [ 1.18365, 44.82165 ], [ 1.18363, 44.82189 ], [ 1.18363, 44.82192 ], [ 1.1836, 44.82211 ], [ 1.18354, 44.82249 ], [ 1.18352, 44.82263 ], [ 1.18346, 44.82298 ], [ 1.18345, 44.8231 ], [ 1.18341, 44.82322 ], [ 1.1834, 44.82325 ], [ 1.1834, 44.82326 ], [ 1.18338, 44.82333 ], [ 1.18334, 44.82346 ], [ 1.18328, 44.82361 ], [ 1.18325, 44.82367 ], [ 1.18318, 44.82389 ], [ 1.18317, 44.82392 ], [ 1.1831, 44.82403 ], [ 1.18305, 44.82412 ], [ 1.18292, 44.82445 ], [ 1.18277, 44.82453 ], [ 1.18271, 44.82462 ], [ 1.1827, 44.82464 ], [ 1.18253, 44.82488 ], [ 1.18241, 44.82506 ], [ 1.1824, 44.82507 ], [ 1.1822, 44.82525 ], [ 1.18212, 44.82532 ], [ 1.18209, 44.82534 ], [ 1.18179, 44.82556 ], [ 1.18166, 44.82563 ], [ 1.18151, 44.8257 ], [ 1.18119, 44.82582 ], [ 1.18102, 44.82589 ], [ 1.18096, 44.82592 ], [ 1.18057, 44.82607 ], [ 1.18048, 44.8261 ], [ 1.18031, 44.82615 ], [ 1.17969, 44.82629 ], [ 1.17949, 44.82634 ], [ 1.17943, 44.82635 ], [ 1.17881, 44.82649 ], [ 1.17871, 44.82651 ], [ 1.17847, 44.82657 ], [ 1.1781, 44.82655 ], [ 1.1777, 44.82653 ], [ 1.17702, 44.82636 ], [ 1.17686, 44.8263 ], [ 1.1769, 44.82633 ], [ 1.17707, 44.82645 ] ] ], [ [ [ 1.21705, 44.82417 ], [ 1.21774, 44.82472 ], [ 1.21913, 44.82505 ], [ 1.21994, 44.82523 ], [ 1.21848, 44.82456 ], [ 1.218, 44.82427 ], [ 1.21762, 44.82401 ], [ 1.21743, 44.82385 ], [ 1.21737, 44.82394 ], [ 1.21732, 44.82379 ], [ 1.21732, 44.82377 ], [ 1.21689, 44.82326 ], [ 1.21676, 44.82308 ], [ 1.21675, 44.8234 ], [ 1.21705, 44.82417 ] ] ], [ [ [ 1.22443, 44.82659 ], [ 1.2234, 44.82627 ], [ 1.22381, 44.82646 ], [ 1.22443, 44.82659 ] ] ], [ [ [ 1.22964, 44.82787 ], [ 1.2306, 44.82784 ], [ 1.23162, 44.82767 ], [ 1.23252, 44.82763 ], [ 1.23386, 44.82742 ], [ 1.23501, 44.82702 ], [ 1.23616, 44.82676 ], [ 1.23924, 44.82571 ], [ 1.2409, 44.82522 ], [ 1.24244, 44.82479 ], [ 1.24411, 44.82412 ], [ 1.24583, 44.82378 ], [ 1.24826, 44.82366 ], [ 1.24887, 44.82373 ], [ 1.25131, 44.82314 ], [ 1.25313, 44.82303 ], [ 1.25452, 44.82312 ], [ 1.25595, 44.82332 ], [ 1.25728, 44.82386 ], [ 1.25786, 44.82424 ], [ 1.25804, 44.82443 ], [ 1.25837, 44.82578 ], [ 1.25851, 44.82602 ], [ 1.25871, 44.82614 ], [ 1.25886, 44.82652 ], [ 1.2588, 44.82701 ], [ 1.25861, 44.82745 ], [ 1.2583, 44.82775 ], [ 1.25805, 44.82808 ], [ 1.25674, 44.82882 ], [ 1.2561, 44.82922 ], [ 1.2559, 44.82943 ], [ 1.25578, 44.82974 ], [ 1.25462, 44.8308 ], [ 1.25413, 44.83139 ], [ 1.2529, 44.83243 ], [ 1.25204, 44.83302 ], [ 1.2501, 44.83485 ], [ 1.25006, 44.83494 ], [ 1.24998, 44.83541 ], [ 1.24991, 44.83609 ], [ 1.24998, 44.83639 ], [ 1.2499, 44.83718 ], [ 1.24977, 44.83753 ], [ 1.24968, 44.83789 ], [ 1.24964, 44.8386 ], [ 1.24981, 44.83883 ], [ 1.24996, 44.83962 ], [ 1.25013, 44.84038 ], [ 1.25026, 44.84083 ], [ 1.25081, 44.84091 ], [ 1.25108, 44.84101 ], [ 1.25084, 44.84054 ], [ 1.2507, 44.8401 ], [ 1.2504, 44.83929 ], [ 1.2503, 44.83885 ], [ 1.25033, 44.83837 ], [ 1.2504, 44.83793 ], [ 1.25055, 44.83707 ], [ 1.25076, 44.83617 ], [ 1.25087, 44.83565 ], [ 1.25146, 44.83486 ], [ 1.25214, 44.8345 ], [ 1.25357, 44.83379 ], [ 1.25487, 44.83315 ], [ 1.25557, 44.8327 ], [ 1.25631, 44.83195 ], [ 1.25703, 44.83106 ], [ 1.2577, 44.83027 ], [ 1.25872, 44.82904 ], [ 1.25932, 44.82779 ], [ 1.2595, 44.82704 ], [ 1.25955, 44.82636 ], [ 1.25953, 44.82569 ], [ 1.25928, 44.82502 ], [ 1.25894, 44.82458 ], [ 1.25845, 44.82417 ], [ 1.25795, 44.82385 ], [ 1.25727, 44.82343 ], [ 1.2568, 44.82322 ], [ 1.25618, 44.82298 ], [ 1.25555, 44.82286 ], [ 1.25474, 44.82276 ], [ 1.25367, 44.8226 ], [ 1.2528, 44.82249 ], [ 1.25215, 44.82244 ], [ 1.25166, 44.82241 ], [ 1.25125, 44.82246 ], [ 1.25053, 44.82264 ], [ 1.24979, 44.82293 ], [ 1.24914, 44.82309 ], [ 1.24743, 44.82337 ], [ 1.24582, 44.82357 ], [ 1.24316, 44.82404 ], [ 1.24207, 44.82428 ], [ 1.24061, 44.82467 ], [ 1.23918, 44.82515 ], [ 1.23748, 44.82575 ], [ 1.23469, 44.82671 ], [ 1.23288, 44.82727 ], [ 1.23275, 44.8273 ], [ 1.23156, 44.8275 ], [ 1.22955, 44.82777 ], [ 1.22826, 44.82783 ], [ 1.22856, 44.82796 ], [ 1.22964, 44.82787 ] ] ] ] } },
{ "type": "Feature", "properties": { "nom": "CINGLE DE MONTFORT", "typologie": null }, "geometry": { "type": "MultiPolygon", "coordinates": [ [ [ [ 1.24938, 44.83828 ], [ 1.24961, 44.83737 ], [ 1.24986, 44.83657 ], [ 1.24998, 44.83541 ], [ 1.25007, 44.83488 ], [ 1.2509, 44.83362 ], [ 1.25159, 44.83284 ], [ 1.25256, 44.83177 ], [ 1.25309, 44.83112 ], [ 1.25312, 44.83081 ], [ 1.25307, 44.83024 ], [ 1.25306, 44.82974 ], [ 1.25292, 44.82926 ], [ 1.25274, 44.8288 ], [ 1.25243, 44.82744 ], [ 1.2522, 44.82732 ], [ 1.25158, 44.827 ], [ 1.25124, 44.8268 ], [ 1.25059, 44.82645 ], [ 1.24915, 44.82599 ], [ 1.24886, 44.82647 ], [ 1.24888, 44.82672 ], [ 1.24908, 44.82683 ], [ 1.24963, 44.82691 ], [ 1.2498, 44.82719 ], [ 1.24992, 44.82734 ], [ 1.24971, 44.82778 ], [ 1.25004, 44.82789 ], [ 1.25019, 44.82763 ], [ 1.25072, 44.82765 ], [ 1.25092, 44.82744 ], [ 1.2511, 44.82762 ], [ 1.25165, 44.8276 ], [ 1.25195, 44.82773 ], [ 1.25213, 44.82811 ], [ 1.25208, 44.82839 ], [ 1.25228, 44.82875 ], [ 1.25239, 44.82961 ], [ 1.25254, 44.83057 ], [ 1.25274, 44.83095 ], [ 1.25257, 44.83119 ], [ 1.25203, 44.83174 ], [ 1.25152, 44.83228 ], [ 1.2512, 44.83262 ], [ 1.25103, 44.8329 ], [ 1.25073, 44.83333 ], [ 1.25041, 44.83382 ], [ 1.25001, 44.83457 ], [ 1.24977, 44.83514 ], [ 1.24962, 44.83554 ], [ 1.24965, 44.83628 ], [ 1.24951, 44.83659 ], [ 1.24887, 44.83761 ], [ 1.24891, 44.83843 ], [ 1.24939, 44.83972 ], [ 1.24982, 44.84116 ], [ 1.25003, 44.84147 ], [ 1.24957, 44.84189 ], [ 1.25, 44.84275 ], [ 1.25014, 44.8433 ], [ 1.25033, 44.84345 ], [ 1.25039, 44.84339 ], [ 1.25045, 44.84332 ], [ 1.25046, 44.8433 ], [ 1.25063, 44.84313 ], [ 1.25066, 44.8431 ], [ 1.25079, 44.84296 ], [ 1.25089, 44.84286 ], [ 1.2509, 44.84284 ], [ 1.25087, 44.84268 ], [ 1.25031, 44.84167 ], [ 1.24999, 44.84079 ], [ 1.24953, 44.839 ], [ 1.24938, 44.83828 ] ] ] ] } },
{ "type": "Feature", "properties": { "nom": "Coteaux et falaises de Beynac, de la Roque-Gageac et de Vézac", "typologie": null }, "geometry": { "type": "MultiPolygon", "coordinates": [ [ [ [ 1.2062, 44.81678 ], [ 1.20627, 44.81668 ], [ 1.20587, 44.81643 ], [ 1.20569, 44.81657 ], [ 1.20514, 44.81627 ], [ 1.20451, 44.81565 ], [ 1.20404, 44.8154 ], [ 1.20345, 44.81527 ], [ 1.20301, 44.81517 ], [ 1.20273, 44.81514 ], [ 1.20247, 44.81515 ], [ 1.20217, 44.81517 ], [ 1.20184, 44.81517 ], [ 1.20142, 44.81514 ], [ 1.20116, 44.81515 ], [ 1.20113, 44.81542 ], [ 1.20068, 44.8155 ], [ 1.20033, 44.81551 ], [ 1.2002, 44.81518 ], [ 1.19998, 44.81519 ], [ 1.1997, 44.81521 ], [ 1.19953, 44.81533 ], [ 1.19937, 44.81549 ], [ 1.19931, 44.81558 ], [ 1.1993, 44.8157 ], [ 1.19938, 44.81591 ], [ 1.19947, 44.81606 ], [ 1.19943, 44.8161 ], [ 1.19985, 44.81682 ], [ 1.1999, 44.81693 ], [ 1.20005, 44.81705 ], [ 1.20005, 44.81705 ], [ 1.20009, 44.81709 ], [ 1.20014, 44.81709 ], [ 1.20024, 44.81714 ], [ 1.20051, 44.81723 ], [ 1.20116, 44.81743 ], [ 1.20136, 44.81738 ], [ 1.20156, 44.81726 ], [ 1.20158, 44.81721 ], [ 1.20259, 44.81729 ], [ 1.20354, 44.81739 ], [ 1.20433, 44.81809 ], [ 1.20551, 44.81902 ], [ 1.20605, 44.81919 ], [ 1.20605, 44.8192 ], [ 1.20618, 44.8198 ], [ 1.20645, 44.82003 ], [ 1.20684, 44.82011 ], [ 1.20724, 44.81997 ], [ 1.20766, 44.81977 ], [ 1.20765, 44.81968 ], [ 1.20764, 44.819 ], [ 1.2076, 44.81893 ], [ 1.2076, 44.8189 ], [ 1.20749, 44.8185 ], [ 1.2074, 44.81829 ], [ 1.20771, 44.81821 ], [ 1.20767, 44.81801 ], [ 1.20746, 44.81761 ], [ 1.20737, 44.81725 ], [ 1.20727, 44.81718 ], [ 1.20679, 44.81732 ], [ 1.20676, 44.81733 ], [ 1.20633, 44.81697 ], [ 1.2062, 44.81678 ] ] ], [ [ [ 1.20107, 44.81967 ], [ 1.2013, 44.81972 ], [ 1.2015, 44.81989 ], [ 1.20168, 44.82007 ], [ 1.20182, 44.81998 ], [ 1.20183, 44.81972 ], [ 1.20224, 44.81957 ], [ 1.20235, 44.81967 ], [ 1.20243, 44.8198 ], [ 1.20249, 44.81992 ], [ 1.20253, 44.82002 ], [ 1.20262, 44.82002 ], [ 1.20278, 44.82002 ], [ 1.20268, 44.81959 ], [ 1.20264, 44.81937 ], [ 1.20248, 44.81903 ], [ 1.20208, 44.81843 ], [ 1.20194, 44.81828 ], [ 1.20177, 44.81813 ], [ 1.20155, 44.81804 ], [ 1.20128, 44.81793 ], [ 1.20098, 44.81784 ], [ 1.20075, 44.81783 ], [ 1.20042, 44.81786 ], [ 1.20011, 44.81788 ], [ 1.19986, 44.81785 ], [ 1.19956, 44.81777 ], [ 1.19925, 44.81767 ], [ 1.19896, 44.81762 ], [ 1.1987, 44.81757 ], [ 1.19839, 44.81753 ], [ 1.19824, 44.8177 ], [ 1.19798, 44.81788 ], [ 1.19785, 44.81789 ], [ 1.19773, 44.81805 ], [ 1.19725, 44.81857 ], [ 1.19687, 44.81846 ], [ 1.19661, 44.81876 ], [ 1.19617, 44.81911 ], [ 1.19615, 44.81911 ], [ 1.19582, 44.81944 ], [ 1.19582, 44.81944 ], [ 1.19582, 44.81944 ], [ 1.1948, 44.81995 ], [ 1.1948, 44.81996 ], [ 1.19418, 44.81998 ], [ 1.19352, 44.81988 ], [ 1.19325, 44.81993 ], [ 1.1931, 44.8205 ], [ 1.19309, 44.82071 ], [ 1.19306, 44.82095 ], [ 1.19282, 44.82114 ], [ 1.19257, 44.82125 ], [ 1.19191, 44.82171 ], [ 1.19178, 44.82199 ], [ 1.19175, 44.82239 ], [ 1.19181, 44.82298 ], [ 1.19173, 44.82322 ], [ 1.19153, 44.82343 ], [ 1.19166, 44.82382 ], [ 1.19157, 44.82388 ], [ 1.19124, 44.82389 ], [ 1.19084, 44.82396 ], [ 1.19031, 44.82413 ], [ 1.19016, 44.82428 ], [ 1.1899, 44.82442 ], [ 1.18994, 44.82454 ], [ 1.19004, 44.82479 ], [ 1.19015, 44.82518 ], [ 1.19019, 44.82547 ], [ 1.19019, 44.82582 ], [ 1.19012, 44.82601 ], [ 1.18994, 44.82617 ], [ 1.19004, 44.82635 ], [ 1.19004, 44.82636 ], [ 1.19019, 44.82701 ], [ 1.19018, 44.82711 ], [ 1.19007, 44.82764 ], [ 1.1901, 44.82785 ], [ 1.19013, 44.82833 ], [ 1.19011, 44.82871 ], [ 1.19008, 44.82906 ], [ 1.19015, 44.82928 ], [ 1.19015, 44.82928 ], [ 1.19015, 44.82928 ], [ 1.19091, 44.82899 ], [ 1.19108, 44.82876 ], [ 1.19121, 44.82861 ], [ 1.19126, 44.8285 ], [ 1.19194, 44.82757 ], [ 1.19245, 44.82697 ], [ 1.19261, 44.82653 ], [ 1.19284, 44.82631 ], [ 1.19284, 44.82631 ], [ 1.19312, 44.82627 ], [ 1.19342, 44.82623 ], [ 1.19342, 44.82623 ], [ 1.19384, 44.82608 ], [ 1.19421, 44.82588 ], [ 1.19421, 44.82588 ], [ 1.19439, 44.82575 ], [ 1.19451, 44.82565 ], [ 1.19497, 44.82528 ], [ 1.19542, 44.82463 ], [ 1.19551, 44.82434 ], [ 1.19563, 44.82374 ], [ 1.19587, 44.82346 ], [ 1.19624, 44.8233 ], [ 1.19692, 44.82295 ], [ 1.19718, 44.82263 ], [ 1.1975, 44.82164 ], [ 1.1976, 44.82147 ], [ 1.19786, 44.82103 ], [ 1.19827, 44.82075 ], [ 1.19827, 44.82075 ], [ 1.19888, 44.82063 ], [ 1.19918, 44.82063 ], [ 1.19989, 44.82028 ], [ 1.20054, 44.81996 ], [ 1.20092, 44.81973 ], [ 1.20107, 44.81967 ] ] ], [ [ [ 1.18254, 44.8284 ], [ 1.18262, 44.82831 ], [ 1.18254, 44.82819 ], [ 1.18243, 44.82807 ], [ 1.18239, 44.82789 ], [ 1.18261, 44.8277 ], [ 1.18391, 44.82725 ], [ 1.18501, 44.82703 ], [ 1.18626, 44.82698 ], [ 1.18734, 44.82672 ], [ 1.18824, 44.82628 ], [ 1.18891, 44.82592 ], [ 1.18908, 44.82567 ], [ 1.18917, 44.82548 ], [ 1.18937, 44.82543 ], [ 1.18927, 44.82513 ], [ 1.18927, 44.82512 ], [ 1.18929, 44.82498 ], [ 1.18917, 44.82486 ], [ 1.18894, 44.82474 ], [ 1.18886, 44.82476 ], [ 1.18853, 44.82455 ], [ 1.18731, 44.82505 ], [ 1.18624, 44.82546 ], [ 1.18561, 44.82557 ], [ 1.18449, 44.82573 ], [ 1.18456, 44.8257 ], [ 1.18401, 44.82583 ], [ 1.18363, 44.82585 ], [ 1.18332, 44.82592 ], [ 1.18304, 44.82598 ], [ 1.18283, 44.82604 ], [ 1.18275, 44.82605 ], [ 1.18271, 44.82602 ], [ 1.18234, 44.82612 ], [ 1.18227, 44.82616 ], [ 1.18116, 44.82643 ], [ 1.18113, 44.82645 ], [ 1.1811, 44.82646 ], [ 1.18106, 44.82651 ], [ 1.181, 44.82655 ], [ 1.18065, 44.82669 ], [ 1.18065, 44.82676 ], [ 1.18063, 44.82682 ], [ 1.18037, 44.82697 ], [ 1.18034, 44.8271 ], [ 1.18034, 44.8271 ], [ 1.18021, 44.82733 ], [ 1.1802, 44.82736 ], [ 1.18007, 44.82751 ], [ 1.17972, 44.82797 ], [ 1.17971, 44.828 ], [ 1.17961, 44.82795 ], [ 1.17958, 44.82803 ], [ 1.17954, 44.82842 ], [ 1.17964, 44.8287 ], [ 1.17965, 44.82875 ], [ 1.17967, 44.82878 ], [ 1.17975, 44.82902 ], [ 1.17984, 44.82917 ], [ 1.17998, 44.82943 ], [ 1.17998, 44.82943 ], [ 1.17999, 44.82948 ], [ 1.18009, 44.82986 ], [ 1.18008, 44.82999 ], [ 1.18006, 44.83026 ], [ 1.18006, 44.83027 ], [ 1.18002, 44.8307 ], [ 1.17998, 44.83111 ], [ 1.18001, 44.83136 ], [ 1.18007, 44.83158 ], [ 1.18021, 44.83182 ], [ 1.18044, 44.83202 ], [ 1.1808, 44.83208 ], [ 1.18117, 44.83211 ], [ 1.18164, 44.83212 ], [ 1.1819, 44.83206 ], [ 1.18208, 44.83198 ], [ 1.18177, 44.83171 ], [ 1.18153, 44.83157 ], [ 1.18131, 44.83153 ], [ 1.18093, 44.83139 ], [ 1.18092, 44.83138 ], [ 1.18098, 44.83034 ], [ 1.18095, 44.83 ], [ 1.18095, 44.83 ], [ 1.18095, 44.83 ], [ 1.1809, 44.82954 ], [ 1.18089, 44.82948 ], [ 1.18093, 44.82919 ], [ 1.18084, 44.82896 ], [ 1.18077, 44.82883 ], [ 1.18077, 44.82875 ], [ 1.1808, 44.82867 ], [ 1.18093, 44.82852 ], [ 1.18112, 44.82844 ], [ 1.18141, 44.8284 ], [ 1.18172, 44.82841 ], [ 1.18206, 44.8284 ], [ 1.18235, 44.82842 ], [ 1.18254, 44.8284 ] ] ], [ [ [ 1.17334, 44.83592 ], [ 1.17326, 44.83587 ], [ 1.17342, 44.83548 ], [ 1.17367, 44.8354 ], [ 1.17396, 44.83514 ], [ 1.17403, 44.83476 ], [ 1.17385, 44.83459 ], [ 1.17398, 44.83432 ], [ 1.17429, 44.83384 ], [ 1.17472, 44.83282 ], [ 1.17555, 44.83146 ], [ 1.17551, 44.83108 ], [ 1.17481, 44.83069 ], [ 1.17457, 44.83017 ], [ 1.17457, 44.82996 ], [ 1.17442, 44.82981 ], [ 1.17436, 44.82966 ], [ 1.17433, 44.82955 ], [ 1.17432, 44.82938 ], [ 1.17428, 44.82924 ], [ 1.1742, 44.82911 ], [ 1.1741, 44.82895 ], [ 1.17394, 44.82878 ], [ 1.17386, 44.82856 ], [ 1.17378, 44.8282 ], [ 1.17423, 44.82798 ], [ 1.17444, 44.82783 ], [ 1.17467, 44.82767 ], [ 1.17504, 44.82766 ], [ 1.17533, 44.82776 ], [ 1.17543, 44.82789 ], [ 1.1757, 44.82804 ], [ 1.17591, 44.82812 ], [ 1.17631, 44.82811 ], [ 1.17673, 44.82812 ], [ 1.17695, 44.82825 ], [ 1.17701, 44.82841 ], [ 1.17701, 44.82861 ], [ 1.17677, 44.82873 ], [ 1.1766, 44.82893 ], [ 1.17642, 44.82917 ], [ 1.17629, 44.82931 ], [ 1.17644, 44.82945 ], [ 1.17667, 44.82964 ], [ 1.17704, 44.82975 ], [ 1.17734, 44.82979 ], [ 1.17769, 44.82968 ], [ 1.17795, 44.8296 ], [ 1.17812, 44.8296 ], [ 1.17827, 44.82968 ], [ 1.17819, 44.82983 ], [ 1.17807, 44.8301 ], [ 1.17793, 44.83035 ], [ 1.17791, 44.83072 ], [ 1.17792, 44.83081 ], [ 1.17603, 44.83145 ], [ 1.176, 44.83177 ], [ 1.17838, 44.83243 ], [ 1.17836, 44.83245 ], [ 1.17805, 44.8326 ], [ 1.1778, 44.83278 ], [ 1.17796, 44.83293 ], [ 1.17834, 44.83304 ], [ 1.17879, 44.83311 ], [ 1.17911, 44.83308 ], [ 1.17929, 44.83304 ], [ 1.17954, 44.83238 ], [ 1.17956, 44.83221 ], [ 1.17957, 44.83194 ], [ 1.17945, 44.83145 ], [ 1.1793, 44.8311 ], [ 1.17916, 44.83058 ], [ 1.17919, 44.83001 ], [ 1.17918, 44.82942 ], [ 1.17893, 44.82913 ], [ 1.17859, 44.8287 ], [ 1.17837, 44.82809 ], [ 1.17833, 44.8278 ], [ 1.1782, 44.82718 ], [ 1.17709, 44.8269 ], [ 1.17607, 44.82653 ], [ 1.17605, 44.82651 ], [ 1.17557, 44.82614 ], [ 1.17555, 44.82613 ], [ 1.17554, 44.82613 ], [ 1.17554, 44.82613 ], [ 1.17543, 44.82604 ], [ 1.17516, 44.82598 ], [ 1.17428, 44.82574 ], [ 1.17403, 44.82568 ], [ 1.17372, 44.82562 ], [ 1.17138, 44.82503 ], [ 1.17102, 44.82497 ], [ 1.17091, 44.82501 ], [ 1.1704, 44.82487 ], [ 1.17043, 44.82475 ], [ 1.16935, 44.82445 ], [ 1.16923, 44.82456 ], [ 1.169, 44.8245 ], [ 1.1691, 44.82438 ], [ 1.16838, 44.82416 ], [ 1.1683, 44.82421 ], [ 1.16814, 44.82417 ], [ 1.16815, 44.82407 ], [ 1.16711, 44.82369 ], [ 1.1658, 44.82309 ], [ 1.16547, 44.82297 ], [ 1.16521, 44.82284 ], [ 1.1645, 44.82251 ], [ 1.16383, 44.82229 ], [ 1.16313, 44.82214 ], [ 1.16281, 44.82208 ], [ 1.16254, 44.82202 ], [ 1.16224, 44.82196 ], [ 1.16217, 44.82205 ], [ 1.16199, 44.82202 ], [ 1.16182, 44.82197 ], [ 1.1615, 44.82207 ], [ 1.16102, 44.82203 ], [ 1.16079, 44.82205 ], [ 1.16031, 44.82199 ], [ 1.16026, 44.82214 ], [ 1.16014, 44.82218 ], [ 1.16014, 44.82228 ], [ 1.16024, 44.82233 ], [ 1.16026, 44.82232 ], [ 1.16088, 44.82347 ], [ 1.1611, 44.82403 ], [ 1.16177, 44.82434 ], [ 1.16262, 44.82422 ], [ 1.16341, 44.82412 ], [ 1.16377, 44.82425 ], [ 1.16465, 44.8245 ], [ 1.16829, 44.82547 ], [ 1.16939, 44.82587 ], [ 1.17054, 44.82652 ], [ 1.17108, 44.82738 ], [ 1.17112, 44.82799 ], [ 1.17234, 44.83013 ], [ 1.17242, 44.83099 ], [ 1.17241, 44.83099 ], [ 1.17238, 44.83158 ], [ 1.17235, 44.83196 ], [ 1.17238, 44.83211 ], [ 1.1725, 44.83215 ], [ 1.17251, 44.83264 ], [ 1.17255, 44.83266 ], [ 1.17261, 44.83353 ], [ 1.1725, 44.83387 ], [ 1.1725, 44.83387 ], [ 1.17195, 44.83435 ], [ 1.172, 44.83457 ], [ 1.17201, 44.83478 ], [ 1.1721, 44.83612 ], [ 1.17223, 44.83651 ], [ 1.17256, 44.83692 ], [ 1.17268, 44.83698 ], [ 1.17295, 44.83708 ], [ 1.17462, 44.83628 ], [ 1.17437, 44.83603 ], [ 1.17408, 44.83593 ], [ 1.17383, 44.83592 ], [ 1.17334, 44.83592 ] ] ], [ [ [ 1.17301, 44.83796 ], [ 1.17307, 44.83789 ], [ 1.17319, 44.83773 ], [ 1.17319, 44.83767 ], [ 1.17318, 44.83767 ], [ 1.17318, 44.83767 ], [ 1.17227, 44.83762 ], [ 1.17223, 44.83767 ], [ 1.17194, 44.83784 ], [ 1.17171, 44.83811 ], [ 1.17154, 44.83835 ], [ 1.17133, 44.83874 ], [ 1.17145, 44.83886 ], [ 1.17145, 44.83886 ], [ 1.17139, 44.83901 ], [ 1.17144, 44.83952 ], [ 1.17167, 44.83981 ], [ 1.17168, 44.8399 ], [ 1.17184, 44.84007 ], [ 1.17196, 44.84011 ], [ 1.17212, 44.84012 ], [ 1.17234, 44.8401 ], [ 1.17272, 44.84001 ], [ 1.17278, 44.84 ], [ 1.17278, 44.84 ], [ 1.17278, 44.84 ], [ 1.17282, 44.83984 ], [ 1.17251, 44.83969 ], [ 1.17246, 44.83966 ], [ 1.1722, 44.83928 ], [ 1.17212, 44.83872 ], [ 1.17212, 44.8387 ], [ 1.17217, 44.83854 ], [ 1.17269, 44.83803 ], [ 1.17276, 44.83797 ], [ 1.17301, 44.83796 ] ] ], [ [ [ 1.13705, 44.84113 ], [ 1.13719, 44.84108 ], [ 1.13719, 44.84093 ], [ 1.13708, 44.84094 ], [ 1.13709, 44.84084 ], [ 1.13668, 44.84071 ], [ 1.13567, 44.84048 ], [ 1.13341, 44.8398 ], [ 1.13272, 44.83956 ], [ 1.1323, 44.83941 ], [ 1.13198, 44.83924 ], [ 1.13171, 44.83908 ], [ 1.13144, 44.83891 ], [ 1.13062, 44.83845 ], [ 1.13043, 44.83834 ], [ 1.13023, 44.83823 ], [ 1.13009, 44.83818 ], [ 1.13006, 44.83837 ], [ 1.13031, 44.83853 ], [ 1.13058, 44.83864 ], [ 1.13074, 44.83875 ], [ 1.13094, 44.83891 ], [ 1.13118, 44.83909 ], [ 1.13091, 44.83928 ], [ 1.13151, 44.83953 ], [ 1.13164, 44.83962 ], [ 1.13181, 44.83981 ], [ 1.13206, 44.83997 ], [ 1.13219, 44.83999 ], [ 1.13242, 44.8401 ], [ 1.13254, 44.84024 ], [ 1.13298, 44.84039 ], [ 1.1332, 44.84045 ], [ 1.13428, 44.84088 ], [ 1.13435, 44.84091 ], [ 1.13438, 44.84094 ], [ 1.13508, 44.84116 ], [ 1.13583, 44.84129 ], [ 1.13607, 44.84128 ], [ 1.13616, 44.84129 ], [ 1.13671, 44.84123 ], [ 1.13703, 44.84113 ], [ 1.13705, 44.84113 ], [ 1.13705, 44.84113 ] ] ], [ [ [ 1.1524, 44.84155 ], [ 1.1527, 44.84161 ], [ 1.15304, 44.84162 ], [ 1.15332, 44.84151 ], [ 1.15342, 44.84129 ], [ 1.15354, 44.8411 ], [ 1.15371, 44.841 ], [ 1.15391, 44.84096 ], [ 1.15396, 44.84082 ], [ 1.15389, 44.84072 ], [ 1.15375, 44.84059 ], [ 1.15353, 44.84058 ], [ 1.15333, 44.84058 ], [ 1.15322, 44.84054 ], [ 1.15322, 44.84045 ], [ 1.15294, 44.84045 ], [ 1.15275, 44.84043 ], [ 1.15271, 44.84051 ], [ 1.15261, 44.84052 ], [ 1.15223, 44.84047 ], [ 1.15229, 44.84038 ], [ 1.15216, 44.84036 ], [ 1.1519, 44.84032 ], [ 1.15139, 44.84021 ], [ 1.15137, 44.84026 ], [ 1.15128, 44.84028 ], [ 1.15107, 44.84027 ], [ 1.15099, 44.84025 ], [ 1.15057, 44.8402 ], [ 1.15046, 44.84017 ], [ 1.15042, 44.84007 ], [ 1.15038, 44.84001 ], [ 1.15013, 44.83996 ], [ 1.15001, 44.83996 ], [ 1.14979, 44.8399 ], [ 1.14953, 44.83983 ], [ 1.14924, 44.83972 ], [ 1.14875, 44.83955 ], [ 1.14834, 44.83947 ], [ 1.148, 44.83943 ], [ 1.14767, 44.8394 ], [ 1.14767, 44.83945 ], [ 1.14722, 44.83938 ], [ 1.14707, 44.83942 ], [ 1.14659, 44.8394 ], [ 1.14658, 44.83953 ], [ 1.14658, 44.83953 ], [ 1.14627, 44.83951 ], [ 1.14624, 44.83952 ], [ 1.14624, 44.83952 ], [ 1.14596, 44.83953 ], [ 1.14571, 44.83954 ], [ 1.14479, 44.83958 ], [ 1.14442, 44.83963 ], [ 1.14371, 44.83968 ], [ 1.14339, 44.83979 ], [ 1.14314, 44.83988 ], [ 1.1431, 44.83997 ], [ 1.14323, 44.84014 ], [ 1.14331, 44.84027 ], [ 1.14343, 44.84039 ], [ 1.14357, 44.84046 ], [ 1.14367, 44.84054 ], [ 1.14375, 44.84055 ], [ 1.14384, 44.84055 ], [ 1.14392, 44.8406 ], [ 1.14406, 44.84069 ], [ 1.14427, 44.84081 ], [ 1.14439, 44.84083 ], [ 1.14449, 44.84084 ], [ 1.1446, 44.84088 ], [ 1.1447, 44.8409 ], [ 1.1448, 44.8409 ], [ 1.14497, 44.84085 ], [ 1.14513, 44.84081 ], [ 1.14531, 44.8407 ], [ 1.14533, 44.84064 ], [ 1.14589, 44.84053 ], [ 1.14658, 44.84057 ], [ 1.14685, 44.84068 ], [ 1.14702, 44.84059 ], [ 1.14704, 44.84061 ], [ 1.14742, 44.84054 ], [ 1.14762, 44.84049 ], [ 1.14771, 44.84045 ], [ 1.148, 44.84045 ], [ 1.14829, 44.84052 ], [ 1.14918, 44.84058 ], [ 1.14919, 44.84058 ], [ 1.14934, 44.84068 ], [ 1.14946, 44.8407 ], [ 1.14975, 44.84071 ], [ 1.14999, 44.84071 ], [ 1.15023, 44.84077 ], [ 1.15042, 44.84087 ], [ 1.15058, 44.84102 ], [ 1.15069, 44.84116 ], [ 1.15069, 44.84143 ], [ 1.15079, 44.8415 ], [ 1.15097, 44.84155 ], [ 1.15114, 44.84157 ], [ 1.15135, 44.84161 ], [ 1.15157, 44.8416 ], [ 1.1517, 44.84148 ], [ 1.15189, 44.8414 ], [ 1.15216, 44.84135 ], [ 1.1523, 44.84143 ], [ 1.1524, 44.84155 ] ] ], [ [ [ 1.14155, 44.84111 ], [ 1.14174, 44.84108 ], [ 1.14203, 44.84092 ], [ 1.14212, 44.84076 ], [ 1.14196, 44.84065 ], [ 1.14173, 44.84051 ], [ 1.14146, 44.84038 ], [ 1.14153, 44.84029 ], [ 1.14164, 44.84023 ], [ 1.14169, 44.84017 ], [ 1.14168, 44.84012 ], [ 1.1415, 44.84012 ], [ 1.14142, 44.84007 ], [ 1.14106, 44.84013 ], [ 1.14067, 44.84021 ], [ 1.14021, 44.84028 ], [ 1.13947, 44.84037 ], [ 1.13918, 44.84041 ], [ 1.13892, 44.84045 ], [ 1.13866, 44.84049 ], [ 1.13818, 44.84063 ], [ 1.13809, 44.84069 ], [ 1.13809, 44.84076 ], [ 1.13819, 44.84076 ], [ 1.13826, 44.84078 ], [ 1.13825, 44.84084 ], [ 1.1382, 44.84092 ], [ 1.13812, 44.84098 ], [ 1.13806, 44.84104 ], [ 1.13806, 44.8415 ], [ 1.13832, 44.84149 ], [ 1.13839, 44.84137 ], [ 1.13869, 44.84124 ], [ 1.13905, 44.84115 ], [ 1.13951, 44.84109 ], [ 1.13957, 44.8411 ], [ 1.13985, 44.84104 ], [ 1.14061, 44.84092 ], [ 1.141, 44.84093 ], [ 1.1414, 44.84099 ], [ 1.14155, 44.84111 ] ] ], [ [ [ 1.15611, 44.84127 ], [ 1.15602, 44.84127 ], [ 1.15591, 44.84122 ], [ 1.15592, 44.841 ], [ 1.15598, 44.84091 ], [ 1.15603, 44.84093 ], [ 1.15639, 44.84079 ], [ 1.15682, 44.84079 ], [ 1.15713, 44.84087 ], [ 1.15737, 44.84065 ], [ 1.15746, 44.84084 ], [ 1.15745, 44.84137 ], [ 1.15842, 44.84102 ], [ 1.15887, 44.84086 ], [ 1.15902, 44.84036 ], [ 1.15919, 44.84004 ], [ 1.15927, 44.83985 ], [ 1.15921, 44.83964 ], [ 1.15903, 44.83953 ], [ 1.15904, 44.83943 ], [ 1.15882, 44.83937 ], [ 1.15877, 44.83942 ], [ 1.15855, 44.83938 ], [ 1.15836, 44.83935 ], [ 1.15826, 44.83928 ], [ 1.15816, 44.83917 ], [ 1.15747, 44.83926 ], [ 1.15681, 44.83946 ], [ 1.1564, 44.83961 ], [ 1.15596, 44.8398 ], [ 1.15539, 44.84012 ], [ 1.15494, 44.84047 ], [ 1.15478, 44.84068 ], [ 1.15465, 44.84092 ], [ 1.15462, 44.84106 ], [ 1.15476, 44.84117 ], [ 1.15486, 44.84128 ], [ 1.15486, 44.84149 ], [ 1.15483, 44.84168 ], [ 1.15483, 44.84178 ], [ 1.15498, 44.8418 ], [ 1.15504, 44.84171 ], [ 1.15514, 44.8417 ], [ 1.15527, 44.84185 ], [ 1.15568, 44.84186 ], [ 1.15594, 44.84176 ], [ 1.15598, 44.84161 ], [ 1.15603, 44.8415 ], [ 1.15611, 44.84127 ] ] ], [ [ [ 1.16282, 44.84217 ], [ 1.16305, 44.84213 ], [ 1.16329, 44.84201 ], [ 1.16358, 44.84188 ], [ 1.16373, 44.84172 ], [ 1.16381, 44.84143 ], [ 1.16406, 44.84131 ], [ 1.16444, 44.84126 ], [ 1.16498, 44.84127 ], [ 1.16561, 44.84135 ], [ 1.16678, 44.84211 ], [ 1.16711, 44.84222 ], [ 1.16766, 44.84226 ], [ 1.16803, 44.84233 ], [ 1.16821, 44.84234 ], [ 1.16837, 44.84225 ], [ 1.16841, 44.84199 ], [ 1.16823, 44.84176 ], [ 1.16806, 44.84153 ], [ 1.1678, 44.84104 ], [ 1.16737, 44.84064 ], [ 1.16679, 44.84026 ], [ 1.16638, 44.84001 ], [ 1.1659, 44.8398 ], [ 1.16547, 44.83958 ], [ 1.1652, 44.8398 ], [ 1.16477, 44.83965 ], [ 1.16435, 44.83952 ], [ 1.16441, 44.83942 ], [ 1.16417, 44.83933 ], [ 1.1641, 44.83939 ], [ 1.16392, 44.83936 ], [ 1.16369, 44.83937 ], [ 1.16344, 44.83938 ], [ 1.16293, 44.83939 ], [ 1.16277, 44.83939 ], [ 1.16256, 44.83941 ], [ 1.1619, 44.83951 ], [ 1.16142, 44.83954 ], [ 1.16128, 44.83961 ], [ 1.16106, 44.83964 ], [ 1.16079, 44.83965 ], [ 1.16077, 44.83974 ], [ 1.16076, 44.83999 ], [ 1.16064, 44.84008 ], [ 1.16054, 44.84022 ], [ 1.16048, 44.84033 ], [ 1.16034, 44.84028 ], [ 1.16032, 44.84022 ], [ 1.16017, 44.84024 ], [ 1.16007, 44.84036 ], [ 1.15998, 44.84061 ], [ 1.15995, 44.84093 ], [ 1.15993, 44.84115 ], [ 1.15994, 44.84153 ], [ 1.15985, 44.84182 ], [ 1.1597, 44.84221 ], [ 1.1596, 44.84259 ], [ 1.15957, 44.84283 ], [ 1.15959, 44.84299 ], [ 1.15968, 44.84306 ], [ 1.15977, 44.84312 ], [ 1.15946, 44.84346 ], [ 1.15936, 44.84363 ], [ 1.1592, 44.84392 ], [ 1.15905, 44.84425 ], [ 1.15897, 44.84448 ], [ 1.15901, 44.84476 ], [ 1.15887, 44.84543 ], [ 1.1592, 44.84544 ], [ 1.15945, 44.84535 ], [ 1.16003, 44.84497 ], [ 1.16063, 44.84465 ], [ 1.16076, 44.84431 ], [ 1.16101, 44.84403 ], [ 1.1614, 44.84398 ], [ 1.16183, 44.84396 ], [ 1.16196, 44.84384 ], [ 1.16157, 44.8434 ], [ 1.1613, 44.84314 ], [ 1.16134, 44.8428 ], [ 1.16134, 44.84253 ], [ 1.16148, 44.84221 ], [ 1.16167, 44.84214 ], [ 1.16194, 44.84212 ], [ 1.16217, 44.84204 ], [ 1.16238, 44.84201 ], [ 1.16257, 44.84214 ], [ 1.16282, 44.84217 ] ] ], [ [ [ 1.17228, 44.83761 ], [ 1.17225, 44.83762 ], [ 1.17227, 44.83762 ], [ 1.17228, 44.83761 ] ] ] ] } },
{ "type": "Feature", "properties": { "nom": "COTEAUX DE CASTELS ET DE BEZENAC", "typologie": null }, "geometry": { "type": "MultiPolygon", "coordinates": [ [ [ [ 1.09942, 44.84179 ], [ 1.09961, 44.84152 ], [ 1.09983, 44.84133 ], [ 1.10031, 44.8411 ], [ 1.10157, 44.84095 ], [ 1.10176, 44.84089 ], [ 1.10175, 44.84076 ], [ 1.10092, 44.84042 ], [ 1.09999, 44.84007 ], [ 1.09863, 44.83944 ], [ 1.09819, 44.83947 ], [ 1.09779, 44.83964 ], [ 1.09682, 44.8405 ], [ 1.09668, 44.84069 ], [ 1.09661, 44.84079 ], [ 1.09663, 44.84105 ], [ 1.09675, 44.84138 ], [ 1.09707, 44.8418 ], [ 1.09744, 44.84207 ], [ 1.09787, 44.84217 ], [ 1.09816, 44.84216 ], [ 1.09838, 44.8422 ], [ 1.09926, 44.8423 ], [ 1.09942, 44.84179 ] ] ] ] } },
{ "type": "Feature", "properties": { "nom": "COUASNE DE CARSAC", "typologie": null }, "geometry": { "type": "MultiPolygon", "coordinates": [ [ [ [ 1.25098, 44.84275 ], [ 1.25126, 44.84329 ], [ 1.25167, 44.84358 ], [ 1.25235, 44.84393 ], [ 1.25312, 44.84399 ], [ 1.25417, 44.84396 ], [ 1.25441, 44.8443 ], [ 1.25498, 44.84433 ], [ 1.25532, 44.84429 ], [ 1.25565, 44.84437 ], [ 1.25701, 44.84417 ], [ 1.25773, 44.84379 ], [ 1.25844, 44.84338 ], [ 1.25895, 44.84328 ], [ 1.25919, 44.84331 ], [ 1.25882, 44.84316 ], [ 1.25836, 44.84319 ], [ 1.25782, 44.84329 ], [ 1.25724, 44.84337 ], [ 1.25654, 44.84334 ], [ 1.25576, 44.84333 ], [ 1.25497, 44.84326 ], [ 1.25432, 44.84318 ], [ 1.25353, 44.84285 ], [ 1.25256, 44.84228 ], [ 1.25225, 44.84205 ], [ 1.25174, 44.84181 ], [ 1.25158, 44.84174 ], [ 1.2513, 44.84142 ], [ 1.25108, 44.84101 ], [ 1.25081, 44.84091 ], [ 1.24999, 44.84079 ], [ 1.25031, 44.84167 ], [ 1.25087, 44.84268 ], [ 1.25093, 44.8428 ], [ 1.25098, 44.84275 ] ] ] ] } },
{ "type": "Feature", "properties": { "nom": "VALLEES MARECAGEUSES DES BEUNES", "typologie": null }, "geometry": { "type": "MultiPolygon", "coordinates": [ [ [ [ 1.10876, 44.91836 ], [ 1.10997, 44.91888 ], [ 1.1108, 44.91876 ], [ 1.11135, 44.91876 ], [ 1.11172, 44.91888 ], [ 1.11318, 44.91913 ], [ 1.11377, 44.91918 ], [ 1.11657, 44.91867 ], [ 1.11696, 44.91874 ], [ 1.11743, 44.91961 ], [ 1.11782, 44.92021 ], [ 1.11818, 44.92052 ], [ 1.1187, 44.9207 ], [ 1.11924, 44.92092 ], [ 1.11964, 44.92112 ], [ 1.11991, 44.92136 ], [ 1.12021, 44.92141 ], [ 1.12079, 44.92168 ], [ 1.12115, 44.92201 ], [ 1.12145, 44.92229 ], [ 1.12181, 44.92267 ], [ 1.12213, 44.92345 ], [ 1.1224, 44.92394 ], [ 1.12251, 44.92424 ], [ 1.12248, 44.92459 ], [ 1.12256, 44.92483 ], [ 1.12292, 44.92547 ], [ 1.12325, 44.92573 ], [ 1.12367, 44.92615 ], [ 1.124, 44.92622 ], [ 1.1244, 44.92653 ], [ 1.12372, 44.92676 ], [ 1.12381, 44.92685 ], [ 1.12442, 44.92683 ], [ 1.12478, 44.92693 ], [ 1.12509, 44.92721 ], [ 1.12524, 44.92708 ], [ 1.12564, 44.92704 ], [ 1.1264, 44.92725 ], [ 1.1268, 44.92732 ], [ 1.12723, 44.92741 ], [ 1.12744, 44.92754 ], [ 1.12747, 44.92767 ], [ 1.12826, 44.92779 ], [ 1.12865, 44.92808 ], [ 1.12896, 44.92828 ], [ 1.12928, 44.92869 ], [ 1.12979, 44.92933 ], [ 1.13006, 44.92955 ], [ 1.13064, 44.92965 ], [ 1.13111, 44.92956 ], [ 1.13159, 44.92961 ], [ 1.1319, 44.92972 ], [ 1.13217, 44.93003 ], [ 1.13256, 44.93028 ], [ 1.13291, 44.93091 ], [ 1.13291, 44.93122 ], [ 1.13347, 44.93096 ], [ 1.13551, 44.93135 ], [ 1.13578, 44.93155 ], [ 1.1359, 44.93182 ], [ 1.13627, 44.93193 ], [ 1.13662, 44.93235 ], [ 1.13681, 44.93235 ], [ 1.13688, 44.9317 ], [ 1.1371, 44.93155 ], [ 1.13787, 44.93138 ], [ 1.13857, 44.9315 ], [ 1.13934, 44.93159 ], [ 1.13995, 44.9316 ], [ 1.14029, 44.93141 ], [ 1.14046, 44.93086 ], [ 1.14067, 44.92967 ], [ 1.14089, 44.92932 ], [ 1.1412, 44.92911 ], [ 1.14179, 44.92887 ], [ 1.14204, 44.92857 ], [ 1.14236, 44.92812 ], [ 1.14267, 44.92782 ], [ 1.14344, 44.92739 ], [ 1.14382, 44.92713 ], [ 1.14404, 44.92694 ], [ 1.14404, 44.92663 ], [ 1.14447, 44.92664 ], [ 1.14509, 44.92625 ], [ 1.14534, 44.92613 ], [ 1.14556, 44.92589 ], [ 1.14584, 44.92565 ], [ 1.14637, 44.9254 ], [ 1.14674, 44.92512 ], [ 1.14626, 44.92476 ], [ 1.14598, 44.92491 ], [ 1.1452, 44.92538 ], [ 1.14461, 44.92581 ], [ 1.14433, 44.92614 ], [ 1.14364, 44.92665 ], [ 1.14218, 44.92766 ], [ 1.14106, 44.92863 ], [ 1.14029, 44.92886 ], [ 1.13985, 44.92935 ], [ 1.13956, 44.92974 ], [ 1.13953, 44.93005 ], [ 1.13934, 44.93028 ], [ 1.13872, 44.93039 ], [ 1.13838, 44.93038 ], [ 1.13802, 44.93025 ], [ 1.13768, 44.9304 ], [ 1.13721, 44.93057 ], [ 1.13608, 44.93045 ], [ 1.13547, 44.93022 ], [ 1.13468, 44.93023 ], [ 1.1336, 44.9302 ], [ 1.13318, 44.92996 ], [ 1.13283, 44.92939 ], [ 1.13177, 44.92861 ], [ 1.1315, 44.92839 ], [ 1.13135, 44.92822 ], [ 1.13104, 44.92832 ], [ 1.13073, 44.92867 ], [ 1.13048, 44.92875 ], [ 1.13009, 44.92842 ], [ 1.12988, 44.92811 ], [ 1.12958, 44.92789 ], [ 1.12922, 44.92754 ], [ 1.12846, 44.92692 ], [ 1.12801, 44.9267 ], [ 1.12764, 44.92659 ], [ 1.12731, 44.92636 ], [ 1.12667, 44.92631 ], [ 1.1264, 44.92618 ], [ 1.12616, 44.92592 ], [ 1.12601, 44.92576 ], [ 1.12555, 44.9255 ], [ 1.12528, 44.9253 ], [ 1.12501, 44.92501 ], [ 1.12502, 44.92479 ], [ 1.12508, 44.92447 ], [ 1.12531, 44.92412 ], [ 1.12562, 44.92393 ], [ 1.12642, 44.92359 ], [ 1.12652, 44.92331 ], [ 1.12634, 44.9233 ], [ 1.12531, 44.92369 ], [ 1.12457, 44.92407 ], [ 1.12413, 44.92454 ], [ 1.12399, 44.92415 ], [ 1.12378, 44.9238 ], [ 1.12397, 44.92363 ], [ 1.12404, 44.92335 ], [ 1.12392, 44.92308 ], [ 1.12353, 44.9226 ], [ 1.12317, 44.92209 ], [ 1.12275, 44.9217 ], [ 1.12242, 44.92137 ], [ 1.12188, 44.9209 ], [ 1.12173, 44.92069 ], [ 1.12165, 44.92038 ], [ 1.12131, 44.92048 ], [ 1.12094, 44.92048 ], [ 1.12049, 44.92019 ], [ 1.12015, 44.92004 ], [ 1.11976, 44.91997 ], [ 1.11939, 44.91974 ], [ 1.119, 44.91946 ], [ 1.11862, 44.91878 ], [ 1.11803, 44.91773 ], [ 1.11705, 44.91741 ], [ 1.11629, 44.91745 ], [ 1.11524, 44.91769 ], [ 1.11468, 44.91778 ], [ 1.11371, 44.9177 ], [ 1.11303, 44.91771 ], [ 1.11187, 44.91753 ], [ 1.11101, 44.91747 ], [ 1.10991, 44.91753 ], [ 1.10829, 44.9172 ], [ 1.10765, 44.917 ], [ 1.10783, 44.91605 ], [ 1.108, 44.91531 ], [ 1.10816, 44.91489 ], [ 1.10873, 44.91414 ], [ 1.10916, 44.91375 ], [ 1.1095, 44.91371 ], [ 1.11133, 44.91308 ], [ 1.11204, 44.91278 ], [ 1.11241, 44.91242 ], [ 1.11263, 44.91209 ], [ 1.1128, 44.91168 ], [ 1.11293, 44.91107 ], [ 1.11313, 44.91062 ], [ 1.11369, 44.90979 ], [ 1.11409, 44.90935 ], [ 1.11462, 44.90886 ], [ 1.11512, 44.9084 ], [ 1.1154, 44.90813 ], [ 1.11605, 44.90809 ], [ 1.11632, 44.90803 ], [ 1.11668, 44.90785 ], [ 1.11718, 44.90757 ], [ 1.11813, 44.90753 ], [ 1.11916, 44.90789 ], [ 1.11935, 44.90781 ], [ 1.11945, 44.90722 ], [ 1.11949, 44.90696 ], [ 1.1207, 44.90637 ], [ 1.12166, 44.9059 ], [ 1.12212, 44.90575 ], [ 1.12258, 44.90562 ], [ 1.12301, 44.90434 ], [ 1.1232, 44.90393 ], [ 1.12367, 44.90337 ], [ 1.12402, 44.90303 ], [ 1.12418, 44.90266 ], [ 1.12437, 44.9022 ], [ 1.12488, 44.90142 ], [ 1.12535, 44.90078 ], [ 1.12582, 44.90028 ], [ 1.12623, 44.89983 ], [ 1.1263, 44.89955 ], [ 1.12625, 44.89907 ], [ 1.12629, 44.89874 ], [ 1.12673, 44.89787 ], [ 1.12695, 44.89755 ], [ 1.1272, 44.89733 ], [ 1.12754, 44.89719 ], [ 1.12783, 44.89686 ], [ 1.1279, 44.89658 ], [ 1.12849, 44.89593 ], [ 1.12883, 44.89565 ], [ 1.12881, 44.89528 ], [ 1.12866, 44.89504 ], [ 1.12858, 44.89474 ], [ 1.12865, 44.89439 ], [ 1.12846, 44.89321 ], [ 1.12818, 44.89325 ], [ 1.12777, 44.89368 ], [ 1.12749, 44.89422 ], [ 1.12729, 44.89479 ], [ 1.12702, 44.89583 ], [ 1.1268, 44.89629 ], [ 1.1262, 44.89691 ], [ 1.1257, 44.89773 ], [ 1.12479, 44.89857 ], [ 1.12454, 44.89874 ], [ 1.12462, 44.89907 ], [ 1.12443, 44.8997 ], [ 1.12408, 44.90015 ], [ 1.12349, 44.90047 ], [ 1.1233, 44.9008 ], [ 1.12305, 44.90108 ], [ 1.12268, 44.90127 ], [ 1.12234, 44.90146 ], [ 1.12205, 44.90196 ], [ 1.12201, 44.90233 ], [ 1.12197, 44.9029 ], [ 1.12177, 44.90348 ], [ 1.12044, 44.90419 ], [ 1.11985, 44.90437 ], [ 1.11951, 44.90444 ], [ 1.11899, 44.90476 ], [ 1.11884, 44.90445 ], [ 1.11824, 44.90397 ], [ 1.1178, 44.90268 ], [ 1.1176, 44.90213 ], [ 1.11739, 44.90193 ], [ 1.11715, 44.90193 ], [ 1.11729, 44.90232 ], [ 1.11737, 44.90308 ], [ 1.11771, 44.90429 ], [ 1.11827, 44.90532 ], [ 1.11798, 44.90566 ], [ 1.11761, 44.90587 ], [ 1.11613, 44.90616 ], [ 1.11576, 44.90629 ], [ 1.11551, 44.90648 ], [ 1.11531, 44.90684 ], [ 1.11644, 44.90696 ], [ 1.11522, 44.90782 ], [ 1.11457, 44.90842 ], [ 1.11372, 44.90915 ], [ 1.11322, 44.90969 ], [ 1.11275, 44.91006 ], [ 1.11195, 44.90984 ], [ 1.11176, 44.90995 ], [ 1.11157, 44.91023 ], [ 1.11153, 44.91064 ], [ 1.11149, 44.91116 ], [ 1.11139, 44.91149 ], [ 1.11092, 44.91186 ], [ 1.11009, 44.91191 ], [ 1.10926, 44.91234 ], [ 1.10867, 44.91248 ], [ 1.10761, 44.91319 ], [ 1.10712, 44.91358 ], [ 1.10677, 44.91399 ], [ 1.10649, 44.91431 ], [ 1.10614, 44.91485 ], [ 1.10589, 44.91569 ], [ 1.10592, 44.91573 ], [ 1.10597, 44.91581 ], [ 1.10598, 44.91592 ], [ 1.10599, 44.9161 ], [ 1.10599, 44.9162 ], [ 1.10599, 44.91621 ], [ 1.10599, 44.91626 ], [ 1.10597, 44.91636 ], [ 1.10599, 44.91643 ], [ 1.10601, 44.9165 ], [ 1.10607, 44.91655 ], [ 1.10614, 44.9166 ], [ 1.10624, 44.91664 ], [ 1.10627, 44.91666 ], [ 1.10641, 44.91672 ], [ 1.10643, 44.91672 ], [ 1.10669, 44.91681 ], [ 1.10691, 44.91689 ], [ 1.10717, 44.91697 ], [ 1.10751, 44.91708 ], [ 1.10764, 44.91712 ], [ 1.10766, 44.91712 ], [ 1.1077, 44.91712 ], [ 1.10777, 44.91711 ], [ 1.10784, 44.91714 ], [ 1.10789, 44.91717 ], [ 1.10796, 44.91723 ], [ 1.10797, 44.91725 ], [ 1.10799, 44.91732 ], [ 1.108, 44.91746 ], [ 1.108, 44.91748 ], [ 1.108, 44.91752 ], [ 1.10803, 44.9176 ], [ 1.10804, 44.91764 ], [ 1.10809, 44.91773 ], [ 1.10812, 44.91777 ], [ 1.10815, 44.91782 ], [ 1.1083, 44.91804 ], [ 1.10841, 44.9182 ], [ 1.10845, 44.91826 ], [ 1.10849, 44.91834 ], [ 1.10852, 44.9184 ], [ 1.10853, 44.91844 ], [ 1.10876, 44.91836 ] ] ], [ [ [ 1.08216, 44.94684 ], [ 1.08293, 44.94663 ], [ 1.08351, 44.9466 ], [ 1.08451, 44.9466 ], [ 1.08576, 44.94655 ], [ 1.0867, 44.94648 ], [ 1.08698, 44.94626 ], [ 1.08769, 44.94598 ], [ 1.08868, 44.94556 ], [ 1.08963, 44.9453 ], [ 1.0907, 44.94508 ], [ 1.09135, 44.94511 ], [ 1.0916, 44.94534 ], [ 1.0917, 44.94569 ], [ 1.09195, 44.94574 ], [ 1.0921, 44.94522 ], [ 1.09241, 44.94496 ], [ 1.09292, 44.94487 ], [ 1.09345, 44.94512 ], [ 1.09414, 44.94524 ], [ 1.09487, 44.94534 ], [ 1.09558, 44.94537 ], [ 1.09582, 44.94525 ], [ 1.09635, 44.94509 ], [ 1.09698, 44.94487 ], [ 1.09822, 44.94404 ], [ 1.09912, 44.94405 ], [ 1.09915, 44.94432 ], [ 1.10003, 44.94418 ], [ 1.10072, 44.94415 ], [ 1.10148, 44.9444 ], [ 1.10212, 44.94468 ], [ 1.10297, 44.94495 ], [ 1.10335, 44.94525 ], [ 1.10364, 44.94534 ], [ 1.10395, 44.94545 ], [ 1.10411, 44.94567 ], [ 1.10455, 44.94586 ], [ 1.10482, 44.94613 ], [ 1.10508, 44.94635 ], [ 1.10565, 44.94668 ], [ 1.10607, 44.94711 ], [ 1.10703, 44.94759 ], [ 1.10767, 44.94783 ], [ 1.10877, 44.94792 ], [ 1.11034, 44.94786 ], [ 1.11064, 44.94802 ], [ 1.11078, 44.9483 ], [ 1.11088, 44.94847 ], [ 1.11072, 44.94891 ], [ 1.11063, 44.94937 ], [ 1.11062, 44.94979 ], [ 1.11051, 44.95025 ], [ 1.11075, 44.95045 ], [ 1.11097, 44.9508 ], [ 1.11129, 44.95113 ], [ 1.11162, 44.95147 ], [ 1.11183, 44.95166 ], [ 1.11234, 44.9519 ], [ 1.1129, 44.95208 ], [ 1.11324, 44.95217 ], [ 1.11376, 44.9522 ], [ 1.11436, 44.95217 ], [ 1.11512, 44.95219 ], [ 1.11534, 44.9524 ], [ 1.11562, 44.95285 ], [ 1.11568, 44.95339 ], [ 1.11555, 44.95385 ], [ 1.1152, 44.95449 ], [ 1.11498, 44.95498 ], [ 1.11497, 44.95543 ], [ 1.11504, 44.95582 ], [ 1.11519, 44.9562 ], [ 1.11533, 44.95657 ], [ 1.11513, 44.95696 ], [ 1.11532, 44.95719 ], [ 1.11584, 44.9576 ], [ 1.1161, 44.95784 ], [ 1.11664, 44.95817 ], [ 1.11711, 44.95834 ], [ 1.1176, 44.95861 ], [ 1.11784, 44.95891 ], [ 1.11837, 44.95969 ], [ 1.11913, 44.96036 ], [ 1.11979, 44.9608 ], [ 1.12026, 44.96145 ], [ 1.12039, 44.96159 ], [ 1.1209, 44.96188 ], [ 1.12111, 44.9624 ], [ 1.12106, 44.96287 ], [ 1.12109, 44.96373 ], [ 1.12122, 44.96409 ], [ 1.12165, 44.96434 ], [ 1.12196, 44.96459 ], [ 1.12202, 44.96491 ], [ 1.12215, 44.96521 ], [ 1.1224, 44.96526 ], [ 1.12275, 44.96538 ], [ 1.12295, 44.96568 ], [ 1.12293, 44.966 ], [ 1.12295, 44.96661 ], [ 1.12304, 44.96692 ], [ 1.12307, 44.9671 ], [ 1.12298, 44.96727 ], [ 1.12313, 44.96727 ], [ 1.12334, 44.9671 ], [ 1.12354, 44.9671 ], [ 1.12371, 44.96726 ], [ 1.1236, 44.96746 ], [ 1.12375, 44.96756 ], [ 1.12382, 44.96774 ], [ 1.12505, 44.9682 ], [ 1.12531, 44.96833 ], [ 1.12557, 44.9684 ], [ 1.12584, 44.96847 ], [ 1.12622, 44.96876 ], [ 1.12669, 44.9691 ], [ 1.1259, 44.96969 ], [ 1.12627, 44.96968 ], [ 1.12651, 44.96965 ], [ 1.12685, 44.96966 ], [ 1.12722, 44.96974 ], [ 1.12754, 44.96996 ], [ 1.12784, 44.97029 ], [ 1.12804, 44.97067 ], [ 1.1282, 44.97114 ], [ 1.12828, 44.97161 ], [ 1.12854, 44.97179 ], [ 1.1287, 44.97204 ], [ 1.12887, 44.97223 ], [ 1.12908, 44.97241 ], [ 1.12923, 44.97256 ], [ 1.12954, 44.97274 ], [ 1.12973, 44.9729 ], [ 1.12977, 44.97317 ], [ 1.12993, 44.97346 ], [ 1.13017, 44.97356 ], [ 1.13081, 44.97317 ], [ 1.13078, 44.97286 ], [ 1.13034, 44.97252 ], [ 1.12977, 44.97193 ], [ 1.12925, 44.97123 ], [ 1.12911, 44.97083 ], [ 1.12907, 44.97036 ], [ 1.12894, 44.96989 ], [ 1.12875, 44.96964 ], [ 1.12865, 44.96903 ], [ 1.12883, 44.96898 ], [ 1.12907, 44.96902 ], [ 1.12925, 44.96875 ], [ 1.12906, 44.96862 ], [ 1.12896, 44.96863 ], [ 1.12865, 44.96881 ], [ 1.12828, 44.96892 ], [ 1.12775, 44.96901 ], [ 1.1274, 44.9689 ], [ 1.12694, 44.9686 ], [ 1.12657, 44.96831 ], [ 1.12611, 44.968 ], [ 1.12582, 44.96787 ], [ 1.12526, 44.96764 ], [ 1.12467, 44.96732 ], [ 1.12438, 44.96709 ], [ 1.124, 44.96665 ], [ 1.12356, 44.96554 ], [ 1.12346, 44.96532 ], [ 1.12321, 44.96499 ], [ 1.12275, 44.96444 ], [ 1.12233, 44.9638 ], [ 1.12214, 44.9635 ], [ 1.12199, 44.96232 ], [ 1.12181, 44.96186 ], [ 1.12141, 44.96141 ], [ 1.12041, 44.96051 ], [ 1.11925, 44.95953 ], [ 1.11903, 44.95906 ], [ 1.11886, 44.95881 ], [ 1.11848, 44.95842 ], [ 1.11809, 44.95795 ], [ 1.11764, 44.95764 ], [ 1.11711, 44.9572 ], [ 1.11677, 44.95657 ], [ 1.11625, 44.95596 ], [ 1.11599, 44.95536 ], [ 1.11595, 44.95503 ], [ 1.11607, 44.954 ], [ 1.1162, 44.95361 ], [ 1.11628, 44.95323 ], [ 1.11625, 44.95205 ], [ 1.11628, 44.95189 ], [ 1.11657, 44.95177 ], [ 1.11686, 44.95172 ], [ 1.11743, 44.95173 ], [ 1.11786, 44.95177 ], [ 1.11844, 44.95192 ], [ 1.11878, 44.95207 ], [ 1.11905, 44.95232 ], [ 1.11927, 44.95259 ], [ 1.11986, 44.95311 ], [ 1.12027, 44.95351 ], [ 1.12074, 44.95409 ], [ 1.12131, 44.95495 ], [ 1.12189, 44.95572 ], [ 1.12218, 44.956 ], [ 1.12337, 44.95679 ], [ 1.12429, 44.95723 ], [ 1.12525, 44.95763 ], [ 1.12599, 44.95793 ], [ 1.12818, 44.95867 ], [ 1.12943, 44.95909 ], [ 1.13057, 44.95947 ], [ 1.13194, 44.95987 ], [ 1.13255, 44.95997 ], [ 1.13361, 44.95992 ], [ 1.13443, 44.95983 ], [ 1.13578, 44.95966 ], [ 1.13669, 44.95959 ], [ 1.13737, 44.95961 ], [ 1.13797, 44.95966 ], [ 1.13866, 44.9598 ], [ 1.13939, 44.96 ], [ 1.14038, 44.96028 ], [ 1.14085, 44.96039 ], [ 1.14155, 44.96046 ], [ 1.14222, 44.9606 ], [ 1.14277, 44.9608 ], [ 1.14314, 44.96103 ], [ 1.14392, 44.9616 ], [ 1.14498, 44.96255 ], [ 1.14462, 44.96281 ], [ 1.14456, 44.96337 ], [ 1.14404, 44.96412 ], [ 1.1437, 44.96495 ], [ 1.1435, 44.96528 ], [ 1.1429, 44.96587 ], [ 1.14226, 44.96633 ], [ 1.14197, 44.96649 ], [ 1.14173, 44.96699 ], [ 1.1415, 44.96718 ], [ 1.14064, 44.96739 ], [ 1.14119, 44.96747 ], [ 1.14167, 44.96761 ], [ 1.14183, 44.96765 ], [ 1.14201, 44.96753 ], [ 1.14222, 44.96703 ], [ 1.14235, 44.96673 ], [ 1.14258, 44.96648 ], [ 1.14293, 44.96629 ], [ 1.14348, 44.96605 ], [ 1.1438, 44.96585 ], [ 1.14424, 44.96544 ], [ 1.14441, 44.96522 ], [ 1.14468, 44.96462 ], [ 1.14499, 44.96401 ], [ 1.1453, 44.96354 ], [ 1.14585, 44.96284 ], [ 1.14642, 44.963 ], [ 1.14699, 44.96324 ], [ 1.1481, 44.96371 ], [ 1.14937, 44.96429 ], [ 1.15014, 44.96455 ], [ 1.15067, 44.96465 ], [ 1.15142, 44.96476 ], [ 1.15206, 44.96479 ], [ 1.15278, 44.96477 ], [ 1.1537, 44.96475 ], [ 1.15431, 44.9648 ], [ 1.15481, 44.96488 ], [ 1.15517, 44.96495 ], [ 1.1556, 44.96506 ], [ 1.15591, 44.96509 ], [ 1.1565, 44.96493 ], [ 1.15726, 44.96487 ], [ 1.15789, 44.96491 ], [ 1.15852, 44.96501 ], [ 1.15905, 44.96515 ], [ 1.15968, 44.96541 ], [ 1.16059, 44.96591 ], [ 1.16123, 44.96624 ], [ 1.16191, 44.96649 ], [ 1.16244, 44.96668 ], [ 1.16292, 44.96673 ], [ 1.16354, 44.96676 ], [ 1.16398, 44.96669 ], [ 1.16429, 44.96661 ], [ 1.16509, 44.96626 ], [ 1.16584, 44.96604 ], [ 1.16645, 44.96597 ], [ 1.16712, 44.966 ], [ 1.16757, 44.96608 ], [ 1.1681, 44.96627 ], [ 1.1686, 44.96646 ], [ 1.16893, 44.96659 ], [ 1.16926, 44.96667 ], [ 1.17029, 44.96691 ], [ 1.17079, 44.96698 ], [ 1.17025, 44.9681 ], [ 1.17059, 44.96815 ], [ 1.17067, 44.96802 ], [ 1.17094, 44.9676 ], [ 1.17122, 44.96707 ], [ 1.17206, 44.96721 ], [ 1.17373, 44.96747 ], [ 1.17434, 44.96761 ], [ 1.17517, 44.96793 ], [ 1.17562, 44.96814 ], [ 1.17604, 44.96835 ], [ 1.17637, 44.96863 ], [ 1.17695, 44.96923 ], [ 1.17734, 44.96967 ], [ 1.17802, 44.97059 ], [ 1.17871, 44.97146 ], [ 1.17913, 44.9718 ], [ 1.17945, 44.97199 ], [ 1.17993, 44.97219 ], [ 1.18044, 44.97235 ], [ 1.18096, 44.97248 ], [ 1.18152, 44.97259 ], [ 1.18268, 44.97295 ], [ 1.18342, 44.97324 ], [ 1.18382, 44.97351 ], [ 1.18451, 44.97401 ], [ 1.18484, 44.97441 ], [ 1.18542, 44.97531 ], [ 1.18567, 44.97561 ], [ 1.18674, 44.97647 ], [ 1.18738, 44.97696 ], [ 1.18771, 44.97715 ], [ 1.18797, 44.97725 ], [ 1.18838, 44.97736 ], [ 1.18884, 44.97738 ], [ 1.18925, 44.97746 ], [ 1.18972, 44.97763 ], [ 1.18965, 44.97775 ], [ 1.18973, 44.97777 ], [ 1.18976, 44.97778 ], [ 1.18978, 44.97778 ], [ 1.19006, 44.97782 ], [ 1.19014, 44.97783 ], [ 1.19045, 44.97785 ], [ 1.19065, 44.97787 ], [ 1.19069, 44.97779 ], [ 1.19089, 44.97782 ], [ 1.19089, 44.97782 ], [ 1.19097, 44.97771 ], [ 1.19097, 44.97771 ], [ 1.19102, 44.97756 ], [ 1.19104, 44.9775 ], [ 1.19108, 44.97732 ], [ 1.1911, 44.97727 ], [ 1.19112, 44.97719 ], [ 1.19096, 44.97716 ], [ 1.19112, 44.97672 ], [ 1.19129, 44.97641 ], [ 1.19153, 44.97624 ], [ 1.19196, 44.97609 ], [ 1.19251, 44.97593 ], [ 1.19295, 44.97573 ], [ 1.19323, 44.97563 ], [ 1.19322, 44.97556 ], [ 1.19334, 44.97553 ], [ 1.19381, 44.97536 ], [ 1.19422, 44.97518 ], [ 1.19423, 44.97518 ], [ 1.19502, 44.97488 ], [ 1.19502, 44.97487 ], [ 1.1951, 44.97484 ], [ 1.19572, 44.97454 ], [ 1.19579, 44.9745 ], [ 1.1958, 44.9745 ], [ 1.19609, 44.97429 ], [ 1.19615, 44.97425 ], [ 1.19615, 44.97425 ], [ 1.19637, 44.97411 ], [ 1.19639, 44.97409 ], [ 1.1967, 44.97389 ], [ 1.19702, 44.97366 ], [ 1.19708, 44.97362 ], [ 1.19737, 44.97339 ], [ 1.19747, 44.97331 ], [ 1.19747, 44.97331 ], [ 1.19747, 44.97331 ], [ 1.19757, 44.97345 ], [ 1.19757, 44.97345 ], [ 1.19776, 44.97332 ], [ 1.1982, 44.97317 ], [ 1.1985, 44.97315 ], [ 1.19948, 44.97315 ], [ 1.19981, 44.97313 ], [ 1.20103, 44.97282 ], [ 1.20175, 44.97255 ], [ 1.20292, 44.97202 ], [ 1.20371, 44.97172 ], [ 1.20374, 44.97171 ], [ 1.20374, 44.9717 ], [ 1.20363, 44.97152 ], [ 1.2036, 44.97147 ], [ 1.20357, 44.97141 ], [ 1.2035, 44.97128 ], [ 1.20377, 44.97118 ], [ 1.20396, 44.97112 ], [ 1.20481, 44.97084 ], [ 1.20486, 44.97082 ], [ 1.20489, 44.97077 ], [ 1.20489, 44.97077 ], [ 1.2049, 44.97076 ], [ 1.20516, 44.97068 ], [ 1.20521, 44.97083 ], [ 1.20527, 44.97101 ], [ 1.20535, 44.97108 ], [ 1.20542, 44.97115 ], [ 1.20543, 44.97115 ], [ 1.20544, 44.97117 ], [ 1.20545, 44.97117 ], [ 1.20547, 44.97119 ], [ 1.20551, 44.97118 ], [ 1.20555, 44.97117 ], [ 1.20636, 44.97097 ], [ 1.20637, 44.97068 ], [ 1.20536, 44.97088 ], [ 1.20529, 44.97065 ], [ 1.20483, 44.97072 ], [ 1.20428, 44.97058 ], [ 1.20334, 44.97081 ], [ 1.20217, 44.97117 ], [ 1.20177, 44.97128 ], [ 1.2016, 44.97121 ], [ 1.2015, 44.97104 ], [ 1.2011, 44.97105 ], [ 1.20108, 44.97132 ], [ 1.20104, 44.97161 ], [ 1.20092, 44.97184 ], [ 1.20079, 44.97193 ], [ 1.20066, 44.97195 ], [ 1.20053, 44.9719 ], [ 1.20042, 44.97176 ], [ 1.20031, 44.97173 ], [ 1.19948, 44.97175 ], [ 1.19924, 44.9718 ], [ 1.19922, 44.97195 ], [ 1.199, 44.972 ], [ 1.19864, 44.97224 ], [ 1.19852, 44.97214 ], [ 1.19782, 44.97224 ], [ 1.19741, 44.97239 ], [ 1.19715, 44.97248 ], [ 1.19679, 44.97269 ], [ 1.19675, 44.97288 ], [ 1.19644, 44.97317 ], [ 1.19619, 44.97341 ], [ 1.19604, 44.97357 ], [ 1.19591, 44.97374 ], [ 1.19571, 44.97396 ], [ 1.19532, 44.97415 ], [ 1.19478, 44.97439 ], [ 1.19416, 44.97457 ], [ 1.1938, 44.97472 ], [ 1.19315, 44.9749 ], [ 1.19291, 44.97394 ], [ 1.19249, 44.97396 ], [ 1.19248, 44.97421 ], [ 1.19254, 44.97449 ], [ 1.19099, 44.9744 ], [ 1.19034, 44.97441 ], [ 1.18977, 44.97444 ], [ 1.18923, 44.97451 ], [ 1.18855, 44.97456 ], [ 1.18757, 44.97505 ], [ 1.18741, 44.97493 ], [ 1.18695, 44.97534 ], [ 1.18645, 44.97469 ], [ 1.18619, 44.97446 ], [ 1.18582, 44.97417 ], [ 1.18539, 44.97384 ], [ 1.18486, 44.97318 ], [ 1.18482, 44.97276 ], [ 1.18436, 44.97231 ], [ 1.18395, 44.97212 ], [ 1.18319, 44.97183 ], [ 1.18295, 44.9717 ], [ 1.18236, 44.97154 ], [ 1.18168, 44.97139 ], [ 1.18136, 44.97134 ], [ 1.18103, 44.97126 ], [ 1.18075, 44.97108 ], [ 1.18032, 44.97078 ], [ 1.17993, 44.97048 ], [ 1.17963, 44.97029 ], [ 1.17915, 44.96978 ], [ 1.17885, 44.96949 ], [ 1.17855, 44.96909 ], [ 1.17841, 44.96881 ], [ 1.17813, 44.96837 ], [ 1.17786, 44.96806 ], [ 1.17756, 44.96777 ], [ 1.17697, 44.96721 ], [ 1.17667, 44.9669 ], [ 1.17662, 44.9667 ], [ 1.17671, 44.96652 ], [ 1.17688, 44.96631 ], [ 1.17704, 44.96615 ], [ 1.17724, 44.96602 ], [ 1.17752, 44.96597 ], [ 1.17786, 44.96582 ], [ 1.17806, 44.96563 ], [ 1.17796, 44.96551 ], [ 1.17724, 44.96578 ], [ 1.17682, 44.96609 ], [ 1.17642, 44.96639 ], [ 1.17632, 44.96661 ], [ 1.17567, 44.96659 ], [ 1.17459, 44.96637 ], [ 1.17338, 44.96614 ], [ 1.17308, 44.96607 ], [ 1.17249, 44.96604 ], [ 1.16979, 44.96512 ], [ 1.16762, 44.96497 ], [ 1.16646, 44.96492 ], [ 1.16488, 44.96522 ], [ 1.16405, 44.9653 ], [ 1.16362, 44.96525 ], [ 1.16312, 44.96492 ], [ 1.16274, 44.96479 ], [ 1.16218, 44.96449 ], [ 1.16113, 44.96399 ], [ 1.16039, 44.96373 ], [ 1.15936, 44.96348 ], [ 1.15854, 44.96326 ], [ 1.15785, 44.96306 ], [ 1.15759, 44.96294 ], [ 1.15722, 44.96297 ], [ 1.15663, 44.96303 ], [ 1.15602, 44.96307 ], [ 1.15582, 44.96329 ], [ 1.15572, 44.9636 ], [ 1.15491, 44.96365 ], [ 1.1539, 44.96362 ], [ 1.15396, 44.96334 ], [ 1.15196, 44.96336 ], [ 1.14986, 44.96341 ], [ 1.14942, 44.96341 ], [ 1.14903, 44.9633 ], [ 1.14755, 44.96233 ], [ 1.14821, 44.9618 ], [ 1.14708, 44.96081 ], [ 1.1471, 44.96064 ], [ 1.14636, 44.96023 ], [ 1.14602, 44.96022 ], [ 1.14569, 44.96006 ], [ 1.14546, 44.9598 ], [ 1.14511, 44.95954 ], [ 1.14534, 44.95934 ], [ 1.14476, 44.95919 ], [ 1.14454, 44.95902 ], [ 1.14377, 44.95967 ], [ 1.1426, 44.95908 ], [ 1.1426, 44.95895 ], [ 1.14171, 44.95868 ], [ 1.14134, 44.95863 ], [ 1.14086, 44.95869 ], [ 1.14058, 44.95869 ], [ 1.14018, 44.95857 ], [ 1.13968, 44.95838 ], [ 1.13912, 44.95826 ], [ 1.13844, 44.95818 ], [ 1.1379, 44.95816 ], [ 1.13747, 44.95797 ], [ 1.13671, 44.95797 ], [ 1.13478, 44.95805 ], [ 1.13426, 44.95805 ], [ 1.13374, 44.95738 ], [ 1.13324, 44.95749 ], [ 1.13307, 44.9576 ], [ 1.13357, 44.95844 ], [ 1.13305, 44.95849 ], [ 1.13225, 44.95835 ], [ 1.1313, 44.95815 ], [ 1.13067, 44.95797 ], [ 1.1299, 44.95754 ], [ 1.12724, 44.95622 ], [ 1.12659, 44.95581 ], [ 1.12649, 44.95568 ], [ 1.12412, 44.95532 ], [ 1.12415, 44.95521 ], [ 1.12408, 44.95503 ], [ 1.12374, 44.95464 ], [ 1.12329, 44.95412 ], [ 1.12299, 44.95378 ], [ 1.12278, 44.95349 ], [ 1.12228, 44.95269 ], [ 1.12203, 44.95225 ], [ 1.12194, 44.9518 ], [ 1.12187, 44.95159 ], [ 1.12165, 44.95136 ], [ 1.12107, 44.95097 ], [ 1.12028, 44.95075 ], [ 1.11904, 44.95066 ], [ 1.11799, 44.95048 ], [ 1.11683, 44.95041 ], [ 1.11584, 44.95039 ], [ 1.11517, 44.95069 ], [ 1.11426, 44.95076 ], [ 1.11346, 44.95064 ], [ 1.11294, 44.95029 ], [ 1.11266, 44.94981 ], [ 1.11259, 44.94934 ], [ 1.11275, 44.94884 ], [ 1.11291, 44.94879 ], [ 1.11276, 44.94823 ], [ 1.11277, 44.94786 ], [ 1.11255, 44.94745 ], [ 1.11237, 44.94718 ], [ 1.11219, 44.9469 ], [ 1.1114, 44.94668 ], [ 1.11075, 44.94648 ], [ 1.11033, 44.94642 ], [ 1.1096, 44.94644 ], [ 1.10914, 44.94649 ], [ 1.10877, 44.94637 ], [ 1.1084, 44.94622 ], [ 1.1081, 44.94614 ], [ 1.10779, 44.94593 ], [ 1.1076, 44.94575 ], [ 1.10697, 44.94532 ], [ 1.10651, 44.94478 ], [ 1.10626, 44.94451 ], [ 1.106, 44.9442 ], [ 1.10572, 44.94403 ], [ 1.10493, 44.94372 ], [ 1.10398, 44.9433 ], [ 1.10344, 44.9431 ], [ 1.10296, 44.9429 ], [ 1.1028, 44.94269 ], [ 1.10297, 44.94221 ], [ 1.10323, 44.94164 ], [ 1.10337, 44.94113 ], [ 1.10322, 44.94111 ], [ 1.10321, 44.94113 ], [ 1.1032, 44.94115 ], [ 1.10317, 44.94121 ], [ 1.10317, 44.94123 ], [ 1.10311, 44.94138 ], [ 1.10305, 44.9415 ], [ 1.10303, 44.94154 ], [ 1.10301, 44.94158 ], [ 1.103, 44.94159 ], [ 1.10299, 44.94162 ], [ 1.10298, 44.94162 ], [ 1.10298, 44.94162 ], [ 1.10298, 44.94165 ], [ 1.10302, 44.94167 ], [ 1.10303, 44.94171 ], [ 1.10294, 44.94184 ], [ 1.10272, 44.94219 ], [ 1.10267, 44.94228 ], [ 1.10264, 44.94233 ], [ 1.10263, 44.94237 ], [ 1.10256, 44.94263 ], [ 1.10254, 44.94312 ], [ 1.10252, 44.94325 ], [ 1.10252, 44.94328 ], [ 1.10252, 44.94331 ], [ 1.10253, 44.94331 ], [ 1.10251, 44.94356 ], [ 1.1025, 44.94367 ], [ 1.1025, 44.94369 ], [ 1.1024, 44.94362 ], [ 1.10192, 44.94343 ], [ 1.10178, 44.94338 ], [ 1.10139, 44.94328 ], [ 1.1009, 44.94317 ], [ 1.10041, 44.94308 ], [ 1.09958, 44.94292 ], [ 1.09912, 44.94283 ], [ 1.09895, 44.94286 ], [ 1.09865, 44.94291 ], [ 1.09848, 44.94295 ], [ 1.09829, 44.94303 ], [ 1.09756, 44.94333 ], [ 1.09743, 44.94339 ], [ 1.09741, 44.94337 ], [ 1.09725, 44.94344 ], [ 1.09688, 44.94359 ], [ 1.09652, 44.94374 ], [ 1.09601, 44.94394 ], [ 1.09595, 44.94397 ], [ 1.09589, 44.94399 ], [ 1.09526, 44.94413 ], [ 1.09481, 44.94424 ], [ 1.09474, 44.94425 ], [ 1.09474, 44.94427 ], [ 1.09444, 44.94431 ], [ 1.09396, 44.94439 ], [ 1.09344, 44.94449 ], [ 1.09268, 44.94462 ], [ 1.09256, 44.94463 ], [ 1.09247, 44.94462 ], [ 1.09238, 44.9446 ], [ 1.09206, 44.9445 ], [ 1.09194, 44.94447 ], [ 1.0917, 44.94441 ], [ 1.09152, 44.94439 ], [ 1.09144, 44.94438 ], [ 1.0914, 44.94437 ], [ 1.09127, 44.94438 ], [ 1.09099, 44.94442 ], [ 1.09097, 44.94443 ], [ 1.09059, 44.94447 ], [ 1.09058, 44.94447 ], [ 1.09048, 44.94448 ], [ 1.09011, 44.9445 ], [ 1.08978, 44.94452 ], [ 1.08966, 44.94453 ], [ 1.08954, 44.94454 ], [ 1.08932, 44.94456 ], [ 1.08907, 44.9446 ], [ 1.08902, 44.94461 ], [ 1.08882, 44.94466 ], [ 1.08854, 44.94478 ], [ 1.08819, 44.94495 ], [ 1.0879, 44.94508 ], [ 1.08761, 44.94519 ], [ 1.08719, 44.94535 ], [ 1.087, 44.94544 ], [ 1.08685, 44.94548 ], [ 1.08665, 44.94555 ], [ 1.08658, 44.94557 ], [ 1.0865, 44.9456 ], [ 1.08648, 44.9456 ], [ 1.08645, 44.94561 ], [ 1.0864, 44.94562 ], [ 1.08639, 44.94562 ], [ 1.08638, 44.94563 ], [ 1.08625, 44.94564 ], [ 1.08615, 44.94566 ], [ 1.08612, 44.94568 ], [ 1.08603, 44.94571 ], [ 1.08586, 44.94574 ], [ 1.08579, 44.94575 ], [ 1.08569, 44.94578 ], [ 1.0853, 44.94588 ], [ 1.08503, 44.94595 ], [ 1.08476, 44.94599 ], [ 1.08454, 44.94603 ], [ 1.08398, 44.94612 ], [ 1.08386, 44.94614 ], [ 1.08375, 44.94616 ], [ 1.08337, 44.94625 ], [ 1.083, 44.94634 ], [ 1.08296, 44.94634 ], [ 1.08247, 44.94643 ], [ 1.08238, 44.94644 ], [ 1.08217, 44.94648 ], [ 1.08157, 44.94658 ], [ 1.08155, 44.94659 ], [ 1.08079, 44.94671 ], [ 1.08063, 44.94674 ], [ 1.08051, 44.94678 ], [ 1.08046, 44.9468 ], [ 1.08046, 44.9468 ], [ 1.08023, 44.94685 ], [ 1.07993, 44.94692 ], [ 1.0799, 44.94692 ], [ 1.07992, 44.94697 ], [ 1.08005, 44.94718 ], [ 1.08007, 44.94719 ], [ 1.08006, 44.947 ], [ 1.08054, 44.94692 ], [ 1.08088, 44.94693 ], [ 1.08126, 44.94709 ], [ 1.08216, 44.94684 ] ] ], [ [ [ 1.18966, 44.97999 ], [ 1.18961, 44.98029 ], [ 1.18964, 44.98015 ], [ 1.18966, 44.98008 ], [ 1.18968, 44.98 ], [ 1.18969, 44.9799 ], [ 1.18972, 44.97972 ], [ 1.18972, 44.97966 ], [ 1.18972, 44.97965 ], [ 1.18967, 44.97955 ], [ 1.18964, 44.9795 ], [ 1.18966, 44.97999 ] ] ], [ [ [ 1.18946, 44.98076 ], [ 1.18924, 44.98136 ], [ 1.18923, 44.98165 ], [ 1.18929, 44.98145 ], [ 1.18938, 44.98111 ], [ 1.18939, 44.98105 ], [ 1.18949, 44.98072 ], [ 1.1895, 44.98067 ], [ 1.18952, 44.98058 ], [ 1.18946, 44.98076 ] ] ], [ [ [ 1.18963, 44.98365 ], [ 1.18951, 44.98408 ], [ 1.18932, 44.98442 ], [ 1.18922, 44.98479 ], [ 1.18909, 44.98534 ], [ 1.18903, 44.98587 ], [ 1.18899, 44.98651 ], [ 1.18904, 44.98791 ], [ 1.18903, 44.98818 ], [ 1.18895, 44.9886 ], [ 1.18897, 44.9886 ], [ 1.18901, 44.9886 ], [ 1.18903, 44.9886 ], [ 1.18912, 44.98861 ], [ 1.18912, 44.98861 ], [ 1.18912, 44.98861 ], [ 1.18914, 44.98848 ], [ 1.1892, 44.98815 ], [ 1.18921, 44.9881 ], [ 1.18924, 44.98793 ], [ 1.18926, 44.98782 ], [ 1.18926, 44.98782 ], [ 1.18926, 44.98775 ], [ 1.18926, 44.98766 ], [ 1.18926, 44.98766 ], [ 1.18926, 44.9876 ], [ 1.18926, 44.98758 ], [ 1.18925, 44.98746 ], [ 1.18925, 44.98739 ], [ 1.18925, 44.98739 ], [ 1.18924, 44.98722 ], [ 1.18924, 44.98719 ], [ 1.18924, 44.98719 ], [ 1.18924, 44.98717 ], [ 1.18927, 44.98699 ], [ 1.18928, 44.98673 ], [ 1.18927, 44.98658 ], [ 1.18925, 44.98609 ], [ 1.18925, 44.98609 ], [ 1.18924, 44.98609 ], [ 1.18912, 44.98607 ], [ 1.18911, 44.98607 ], [ 1.18911, 44.98607 ], [ 1.18909, 44.98605 ], [ 1.18909, 44.98604 ], [ 1.18924, 44.98572 ], [ 1.18924, 44.98572 ], [ 1.18924, 44.98568 ], [ 1.18924, 44.98565 ], [ 1.18927, 44.98555 ], [ 1.18932, 44.98529 ], [ 1.18932, 44.98528 ], [ 1.1894, 44.98517 ], [ 1.18941, 44.98517 ], [ 1.18947, 44.98502 ], [ 1.18949, 44.98496 ], [ 1.18949, 44.98496 ], [ 1.18951, 44.9849 ], [ 1.18955, 44.98473 ], [ 1.18956, 44.98469 ], [ 1.18956, 44.98469 ], [ 1.18959, 44.98461 ], [ 1.1896, 44.98459 ], [ 1.18962, 44.98453 ], [ 1.18962, 44.98452 ], [ 1.18977, 44.98424 ], [ 1.1898, 44.98418 ], [ 1.1898, 44.98418 ], [ 1.18982, 44.98412 ], [ 1.18982, 44.98412 ], [ 1.18983, 44.98409 ], [ 1.18986, 44.98395 ], [ 1.18986, 44.9839 ], [ 1.18986, 44.98389 ], [ 1.18986, 44.98359 ], [ 1.18986, 44.98358 ], [ 1.18986, 44.98357 ], [ 1.18986, 44.98335 ], [ 1.18987, 44.9832 ], [ 1.18987, 44.98297 ], [ 1.18992, 44.98296 ], [ 1.1899, 44.98282 ], [ 1.18988, 44.98273 ], [ 1.18988, 44.98272 ], [ 1.18974, 44.98261 ], [ 1.18966, 44.98255 ], [ 1.1895, 44.9826 ], [ 1.1895, 44.9826 ], [ 1.18947, 44.98261 ], [ 1.18945, 44.98262 ], [ 1.18945, 44.98261 ], [ 1.18937, 44.98237 ], [ 1.18935, 44.98234 ], [ 1.18931, 44.98222 ], [ 1.18963, 44.98365 ] ] ], [ [ [ 1.10601, 44.97846 ], [ 1.10599, 44.97824 ], [ 1.10647, 44.97787 ], [ 1.10678, 44.97764 ], [ 1.10694, 44.97737 ], [ 1.10683, 44.97724 ], [ 1.10665, 44.97723 ], [ 1.1065, 44.97743 ], [ 1.10617, 44.97762 ], [ 1.10586, 44.97759 ], [ 1.10561, 44.97735 ], [ 1.10454, 44.97658 ], [ 1.10436, 44.97638 ], [ 1.10393, 44.97617 ], [ 1.10382, 44.97579 ], [ 1.10354, 44.97557 ], [ 1.10335, 44.97538 ], [ 1.10339, 44.97526 ], [ 1.10377, 44.97501 ], [ 1.10395, 44.97475 ], [ 1.10443, 44.97458 ], [ 1.10453, 44.97447 ], [ 1.10417, 44.97446 ], [ 1.10386, 44.97451 ], [ 1.10342, 44.9747 ], [ 1.1026, 44.97484 ], [ 1.10228, 44.9748 ], [ 1.10204, 44.97459 ], [ 1.10189, 44.97416 ], [ 1.10154, 44.97301 ], [ 1.10149, 44.9726 ], [ 1.10116, 44.9719 ], [ 1.1001, 44.97067 ], [ 1.09966, 44.97047 ], [ 1.09923, 44.97036 ], [ 1.09833, 44.97032 ], [ 1.09786, 44.97018 ], [ 1.09739, 44.97004 ], [ 1.097, 44.96977 ], [ 1.09673, 44.96947 ], [ 1.09669, 44.9692 ], [ 1.09671, 44.96893 ], [ 1.09674, 44.96868 ], [ 1.09656, 44.96837 ], [ 1.09602, 44.96849 ], [ 1.09585, 44.96835 ], [ 1.09587, 44.96796 ], [ 1.09583, 44.96753 ], [ 1.09603, 44.96715 ], [ 1.09602, 44.96687 ], [ 1.09573, 44.96665 ], [ 1.09528, 44.96635 ], [ 1.09457, 44.96569 ], [ 1.09416, 44.96538 ], [ 1.09399, 44.96513 ], [ 1.09403, 44.96486 ], [ 1.09412, 44.96458 ], [ 1.09367, 44.96416 ], [ 1.09333, 44.96374 ], [ 1.09299, 44.96293 ], [ 1.0916, 44.962 ], [ 1.09094, 44.96177 ], [ 1.09057, 44.96173 ], [ 1.08955, 44.9617 ], [ 1.08919, 44.96159 ], [ 1.08886, 44.96135 ], [ 1.0888, 44.96116 ], [ 1.08883, 44.96101 ], [ 1.08879, 44.96089 ], [ 1.08844, 44.96088 ], [ 1.08832, 44.96067 ], [ 1.08744, 44.95992 ], [ 1.08663, 44.95902 ], [ 1.08645, 44.9585 ], [ 1.08654, 44.95796 ], [ 1.08652, 44.95747 ], [ 1.08638, 44.95711 ], [ 1.08619, 44.95672 ], [ 1.08591, 44.95653 ], [ 1.08559, 44.95614 ], [ 1.08517, 44.95567 ], [ 1.08471, 44.95524 ], [ 1.08436, 44.95501 ], [ 1.08384, 44.95463 ], [ 1.08347, 44.95418 ], [ 1.08346, 44.95379 ], [ 1.08341, 44.95332 ], [ 1.08333, 44.9532 ], [ 1.08324, 44.95282 ], [ 1.08311, 44.95249 ], [ 1.08302, 44.951 ], [ 1.08306, 44.95023 ], [ 1.083, 44.95007 ], [ 1.08286, 44.94983 ], [ 1.08262, 44.9497 ], [ 1.08238, 44.94942 ], [ 1.08219, 44.94912 ], [ 1.08182, 44.94885 ], [ 1.0813, 44.94852 ], [ 1.08141, 44.94863 ], [ 1.08154, 44.94876 ], [ 1.0817, 44.94891 ], [ 1.0817, 44.94892 ], [ 1.08185, 44.94909 ], [ 1.08191, 44.94914 ], [ 1.08201, 44.9492 ], [ 1.08218, 44.94936 ], [ 1.08239, 44.94958 ], [ 1.08263, 44.94981 ], [ 1.08265, 44.94988 ], [ 1.08268, 44.94998 ], [ 1.08264, 44.95002 ], [ 1.08258, 44.95006 ], [ 1.08262, 44.95013 ], [ 1.08263, 44.95015 ], [ 1.08266, 44.95021 ], [ 1.08274, 44.95029 ], [ 1.08278, 44.95036 ], [ 1.0828, 44.95043 ], [ 1.08281, 44.9505 ], [ 1.08279, 44.95062 ], [ 1.08274, 44.95075 ], [ 1.08277, 44.9508 ], [ 1.08278, 44.95087 ], [ 1.08278, 44.95089 ], [ 1.0828, 44.95113 ], [ 1.0828, 44.95132 ], [ 1.0828, 44.95135 ], [ 1.08276, 44.95173 ], [ 1.08281, 44.95191 ], [ 1.0828, 44.95208 ], [ 1.08285, 44.95229 ], [ 1.08285, 44.9525 ], [ 1.08285, 44.95275 ], [ 1.08285, 44.95275 ], [ 1.08289, 44.95293 ], [ 1.0827, 44.95296 ], [ 1.0826, 44.95307 ], [ 1.08249, 44.9532 ], [ 1.0825, 44.95326 ], [ 1.0825, 44.95331 ], [ 1.0825, 44.95333 ], [ 1.08246, 44.95343 ], [ 1.08246, 44.95344 ], [ 1.08246, 44.95352 ], [ 1.08246, 44.95354 ], [ 1.08246, 44.95355 ], [ 1.08246, 44.95355 ], [ 1.08271, 44.95347 ], [ 1.08276, 44.95346 ], [ 1.08277, 44.95346 ], [ 1.08287, 44.95352 ], [ 1.08299, 44.95358 ], [ 1.08301, 44.95359 ], [ 1.08306, 44.95361 ], [ 1.08314, 44.95364 ], [ 1.08324, 44.95375 ], [ 1.08334, 44.95409 ], [ 1.08338, 44.95425 ], [ 1.08343, 44.95438 ], [ 1.08342, 44.95444 ], [ 1.08355, 44.95465 ], [ 1.08357, 44.95468 ], [ 1.08361, 44.95476 ], [ 1.08364, 44.95481 ], [ 1.08369, 44.95496 ], [ 1.0838, 44.95502 ], [ 1.08389, 44.95507 ], [ 1.08391, 44.9551 ], [ 1.08398, 44.95515 ], [ 1.08404, 44.95519 ], [ 1.08407, 44.95521 ], [ 1.0841, 44.95525 ], [ 1.08416, 44.95526 ], [ 1.08421, 44.95529 ], [ 1.08423, 44.95529 ], [ 1.0843, 44.95529 ], [ 1.0843, 44.95533 ], [ 1.08431, 44.95536 ], [ 1.08434, 44.95539 ], [ 1.08436, 44.9554 ], [ 1.08437, 44.95541 ], [ 1.08438, 44.95546 ], [ 1.08438, 44.95546 ], [ 1.08443, 44.95551 ], [ 1.08444, 44.95552 ], [ 1.08447, 44.95554 ], [ 1.08448, 44.95555 ], [ 1.08453, 44.95566 ], [ 1.08471, 44.95579 ], [ 1.08486, 44.95594 ], [ 1.08509, 44.95613 ], [ 1.08516, 44.9562 ], [ 1.08525, 44.95627 ], [ 1.08524, 44.95634 ], [ 1.08533, 44.95649 ], [ 1.08535, 44.95652 ], [ 1.08537, 44.95656 ], [ 1.08542, 44.95666 ], [ 1.08541, 44.95675 ], [ 1.08545, 44.9568 ], [ 1.08553, 44.95688 ], [ 1.08562, 44.95698 ], [ 1.08564, 44.957 ], [ 1.08579, 44.95709 ], [ 1.0858, 44.95709 ], [ 1.08588, 44.95718 ], [ 1.08594, 44.95732 ], [ 1.08596, 44.95735 ], [ 1.086, 44.95745 ], [ 1.08597, 44.95761 ], [ 1.08594, 44.95776 ], [ 1.0858, 44.95787 ], [ 1.0858, 44.95788 ], [ 1.08577, 44.95798 ], [ 1.08575, 44.95807 ], [ 1.08569, 44.95822 ], [ 1.08569, 44.95824 ], [ 1.08567, 44.95835 ], [ 1.08566, 44.95839 ], [ 1.08564, 44.95847 ], [ 1.08565, 44.95856 ], [ 1.08566, 44.95861 ], [ 1.08575, 44.95865 ], [ 1.08586, 44.9587 ], [ 1.08589, 44.95872 ], [ 1.08592, 44.95874 ], [ 1.08596, 44.95877 ], [ 1.08602, 44.9588 ], [ 1.08613, 44.95878 ], [ 1.0862, 44.9588 ], [ 1.08625, 44.95881 ], [ 1.0863, 44.95884 ], [ 1.08633, 44.95886 ], [ 1.08628, 44.95895 ], [ 1.08639, 44.959 ], [ 1.08639, 44.95901 ], [ 1.08641, 44.95906 ], [ 1.08654, 44.95912 ], [ 1.08666, 44.95929 ], [ 1.08672, 44.95939 ], [ 1.08688, 44.95951 ], [ 1.08692, 44.95956 ], [ 1.08693, 44.95957 ], [ 1.087, 44.95964 ], [ 1.0871, 44.95973 ], [ 1.08714, 44.95979 ], [ 1.08719, 44.95985 ], [ 1.08717, 44.95989 ], [ 1.08726, 44.96005 ], [ 1.08727, 44.96006 ], [ 1.08729, 44.96009 ], [ 1.08739, 44.96019 ], [ 1.08742, 44.96022 ], [ 1.08758, 44.96039 ], [ 1.08766, 44.96049 ], [ 1.08769, 44.96055 ], [ 1.08771, 44.96058 ], [ 1.08772, 44.96062 ], [ 1.08772, 44.96065 ], [ 1.0877, 44.96068 ], [ 1.08765, 44.96075 ], [ 1.08761, 44.96081 ], [ 1.08759, 44.96084 ], [ 1.08757, 44.96089 ], [ 1.08755, 44.96095 ], [ 1.08754, 44.961 ], [ 1.08754, 44.96101 ], [ 1.08754, 44.96104 ], [ 1.08755, 44.96109 ], [ 1.08759, 44.96111 ], [ 1.08764, 44.96112 ], [ 1.08764, 44.96112 ], [ 1.08767, 44.96113 ], [ 1.08791, 44.96115 ], [ 1.088, 44.96122 ], [ 1.08802, 44.96122 ], [ 1.08808, 44.96123 ], [ 1.08811, 44.96123 ], [ 1.08817, 44.96124 ], [ 1.08818, 44.96124 ], [ 1.08828, 44.96128 ], [ 1.08833, 44.96127 ], [ 1.08833, 44.96128 ], [ 1.08833, 44.96128 ], [ 1.08833, 44.9613 ], [ 1.08833, 44.9613 ], [ 1.08834, 44.96132 ], [ 1.08834, 44.96133 ], [ 1.08837, 44.96135 ], [ 1.08859, 44.96139 ], [ 1.08864, 44.96147 ], [ 1.08864, 44.96149 ], [ 1.08864, 44.96149 ], [ 1.08863, 44.96151 ], [ 1.08863, 44.96152 ], [ 1.08863, 44.96152 ], [ 1.08873, 44.96164 ], [ 1.08878, 44.9617 ], [ 1.08878, 44.96171 ], [ 1.08879, 44.96172 ], [ 1.08888, 44.96179 ], [ 1.08892, 44.96182 ], [ 1.08897, 44.96183 ], [ 1.08907, 44.96185 ], [ 1.08908, 44.96186 ], [ 1.08913, 44.96189 ], [ 1.0892, 44.96189 ], [ 1.08931, 44.96189 ], [ 1.08932, 44.96191 ], [ 1.08942, 44.962 ], [ 1.08943, 44.962 ], [ 1.08943, 44.962 ], [ 1.08947, 44.96202 ], [ 1.08948, 44.96202 ], [ 1.08949, 44.96202 ], [ 1.08963, 44.96202 ], [ 1.08968, 44.96198 ], [ 1.08972, 44.96198 ], [ 1.08974, 44.96197 ], [ 1.08985, 44.96193 ], [ 1.08992, 44.96195 ], [ 1.08995, 44.96193 ], [ 1.08997, 44.96192 ], [ 1.09002, 44.96188 ], [ 1.09004, 44.96188 ], [ 1.09004, 44.96188 ], [ 1.09012, 44.9619 ], [ 1.09012, 44.9619 ], [ 1.09017, 44.96191 ], [ 1.09022, 44.96193 ], [ 1.09025, 44.96194 ], [ 1.09058, 44.9621 ], [ 1.0909, 44.96222 ], [ 1.09092, 44.96222 ], [ 1.09107, 44.96227 ], [ 1.09115, 44.96229 ], [ 1.09118, 44.9623 ], [ 1.09118, 44.9623 ], [ 1.09119, 44.96231 ], [ 1.09121, 44.96232 ], [ 1.09127, 44.96238 ], [ 1.09137, 44.96243 ], [ 1.0914, 44.96245 ], [ 1.09148, 44.9625 ], [ 1.09159, 44.96256 ], [ 1.0916, 44.96256 ], [ 1.09185, 44.96271 ], [ 1.09193, 44.96277 ], [ 1.09212, 44.96292 ], [ 1.09213, 44.96292 ], [ 1.09231, 44.96301 ], [ 1.09235, 44.96308 ], [ 1.09236, 44.96309 ], [ 1.09242, 44.96317 ], [ 1.09243, 44.96317 ], [ 1.09247, 44.96333 ], [ 1.09247, 44.96334 ], [ 1.09256, 44.96345 ], [ 1.09257, 44.96346 ], [ 1.0926, 44.96351 ], [ 1.09273, 44.96372 ], [ 1.09276, 44.96377 ], [ 1.09281, 44.96386 ], [ 1.09293, 44.9641 ], [ 1.09294, 44.96412 ], [ 1.09299, 44.96432 ], [ 1.093, 44.96439 ], [ 1.09304, 44.96456 ], [ 1.09304, 44.96456 ], [ 1.09303, 44.96461 ], [ 1.09301, 44.96466 ], [ 1.09315, 44.96495 ], [ 1.09335, 44.96534 ], [ 1.09375, 44.96566 ], [ 1.09401, 44.96586 ], [ 1.09401, 44.96586 ], [ 1.09437, 44.96619 ], [ 1.09442, 44.96645 ], [ 1.09458, 44.96664 ], [ 1.09465, 44.96672 ], [ 1.09465, 44.96678 ], [ 1.09465, 44.96682 ], [ 1.09466, 44.9669 ], [ 1.09469, 44.96705 ], [ 1.0947, 44.96708 ], [ 1.09475, 44.96725 ], [ 1.09478, 44.96734 ], [ 1.0949, 44.96768 ], [ 1.09491, 44.9677 ], [ 1.09499, 44.9679 ], [ 1.09502, 44.96801 ], [ 1.09505, 44.96816 ], [ 1.09509, 44.96827 ], [ 1.09509, 44.96828 ], [ 1.09515, 44.96835 ], [ 1.09523, 44.96844 ], [ 1.09525, 44.96846 ], [ 1.0954, 44.96865 ], [ 1.09543, 44.9687 ], [ 1.09557, 44.9689 ], [ 1.09572, 44.96909 ], [ 1.09594, 44.96939 ], [ 1.09603, 44.96949 ], [ 1.09605, 44.96952 ], [ 1.09607, 44.96953 ], [ 1.09617, 44.96967 ], [ 1.09647, 44.96989 ], [ 1.09672, 44.97008 ], [ 1.09671, 44.97015 ], [ 1.09669, 44.97029 ], [ 1.0967, 44.97029 ], [ 1.09702, 44.97037 ], [ 1.09722, 44.97043 ], [ 1.09752, 44.9705 ], [ 1.09752, 44.9705 ], [ 1.09782, 44.97055 ], [ 1.09797, 44.97059 ], [ 1.09805, 44.97065 ], [ 1.09807, 44.97065 ], [ 1.09817, 44.97066 ], [ 1.09879, 44.97073 ], [ 1.09955, 44.9708 ], [ 1.09995, 44.97117 ], [ 1.1002, 44.97139 ], [ 1.10043, 44.9716 ], [ 1.10042, 44.97161 ], [ 1.10052, 44.97169 ], [ 1.10053, 44.97168 ], [ 1.10065, 44.97176 ], [ 1.1008, 44.97181 ], [ 1.10082, 44.9718 ], [ 1.10088, 44.97188 ], [ 1.10093, 44.97193 ], [ 1.10099, 44.97201 ], [ 1.10099, 44.97201 ], [ 1.10099, 44.97202 ], [ 1.10102, 44.97206 ], [ 1.10112, 44.97218 ], [ 1.10116, 44.97223 ], [ 1.10118, 44.97226 ], [ 1.10121, 44.97233 ], [ 1.10123, 44.97242 ], [ 1.10127, 44.97258 ], [ 1.10129, 44.97264 ], [ 1.10131, 44.97274 ], [ 1.10137, 44.97313 ], [ 1.10146, 44.97344 ], [ 1.10155, 44.97375 ], [ 1.10168, 44.97402 ], [ 1.10185, 44.97437 ], [ 1.10189, 44.97453 ], [ 1.1019, 44.97455 ], [ 1.10192, 44.97466 ], [ 1.10196, 44.97492 ], [ 1.10201, 44.97502 ], [ 1.10203, 44.97505 ], [ 1.10205, 44.97508 ], [ 1.10205, 44.97508 ], [ 1.10206, 44.97508 ], [ 1.10206, 44.97509 ], [ 1.10205, 44.97511 ], [ 1.10205, 44.97512 ], [ 1.10206, 44.97516 ], [ 1.10207, 44.97522 ], [ 1.10209, 44.97528 ], [ 1.10215, 44.97542 ], [ 1.10217, 44.97547 ], [ 1.1022, 44.97554 ], [ 1.10222, 44.97556 ], [ 1.10223, 44.97559 ], [ 1.10228, 44.97563 ], [ 1.10228, 44.97563 ], [ 1.10249, 44.97572 ], [ 1.1025, 44.97573 ], [ 1.10264, 44.97583 ], [ 1.10264, 44.97584 ], [ 1.10325, 44.9763 ], [ 1.10327, 44.97629 ], [ 1.10339, 44.97624 ], [ 1.10358, 44.97631 ], [ 1.1036, 44.97632 ], [ 1.10375, 44.9764 ], [ 1.10422, 44.97666 ], [ 1.10472, 44.97699 ], [ 1.10504, 44.9772 ], [ 1.10509, 44.97723 ], [ 1.10509, 44.97723 ], [ 1.10527, 44.97733 ], [ 1.10529, 44.97734 ], [ 1.10546, 44.97749 ], [ 1.10547, 44.9775 ], [ 1.10549, 44.97751 ], [ 1.1055, 44.97751 ], [ 1.10551, 44.97752 ], [ 1.10566, 44.97778 ], [ 1.10578, 44.978 ], [ 1.10579, 44.97801 ], [ 1.1059, 44.97822 ], [ 1.1059, 44.97822 ], [ 1.106, 44.97843 ], [ 1.106, 44.97843 ], [ 1.10601, 44.97846 ], [ 1.10601, 44.97846 ] ] ] ] } },
{ "type": "Feature", "properties": { "nom": "PELOUSES ET FRICHES CALCAIRES DES BEUNES", "typologie": null }, "geometry": { "type": "MultiPolygon", "coordinates": [ [ [ [ 1.12541, 44.90566 ], [ 1.12508, 44.9059 ], [ 1.12497, 44.90631 ], [ 1.12519, 44.90667 ], [ 1.12604, 44.90693 ], [ 1.12644, 44.90713 ], [ 1.12676, 44.90715 ], [ 1.12688, 44.90655 ], [ 1.12681, 44.90617 ], [ 1.12651, 44.90606 ], [ 1.12586, 44.90579 ], [ 1.12541, 44.90566 ] ] ], [ [ [ 1.1307, 44.90657 ], [ 1.13048, 44.90618 ], [ 1.13, 44.90615 ], [ 1.12955, 44.90618 ], [ 1.12892, 44.90628 ], [ 1.12824, 44.90638 ], [ 1.12769, 44.90634 ], [ 1.12748, 44.90639 ], [ 1.12743, 44.90659 ], [ 1.12755, 44.90691 ], [ 1.12792, 44.90713 ], [ 1.12877, 44.90717 ], [ 1.1295, 44.90711 ], [ 1.12992, 44.9074 ], [ 1.13027, 44.90753 ], [ 1.13057, 44.90766 ], [ 1.13088, 44.90748 ], [ 1.1307, 44.90657 ] ] ], [ [ [ 1.13995, 44.93174 ], [ 1.13953, 44.93175 ], [ 1.13907, 44.93173 ], [ 1.13855, 44.93163 ], [ 1.13822, 44.93165 ], [ 1.13784, 44.9317 ], [ 1.13754, 44.93182 ], [ 1.13743, 44.93198 ], [ 1.1374, 44.93225 ], [ 1.13755, 44.9326 ], [ 1.1385, 44.93258 ], [ 1.13888, 44.93244 ], [ 1.13929, 44.93221 ], [ 1.13995, 44.93174 ] ] ], [ [ [ 1.09994, 44.94658 ], [ 1.09934, 44.94647 ], [ 1.09886, 44.94637 ], [ 1.09848, 44.94635 ], [ 1.09811, 44.94635 ], [ 1.09761, 44.9463 ], [ 1.09723, 44.94623 ], [ 1.09685, 44.94617 ], [ 1.09655, 44.9462 ], [ 1.09633, 44.94624 ], [ 1.09602, 44.94636 ], [ 1.09587, 44.94641 ], [ 1.09567, 44.94643 ], [ 1.09571, 44.94671 ], [ 1.09565, 44.94703 ], [ 1.09603, 44.94707 ], [ 1.09619, 44.94684 ], [ 1.09634, 44.94666 ], [ 1.0972, 44.94657 ], [ 1.0976, 44.94659 ], [ 1.09782, 44.94663 ], [ 1.0981, 44.94668 ], [ 1.09855, 44.94667 ], [ 1.09881, 44.94662 ], [ 1.09911, 44.94668 ], [ 1.09958, 44.94677 ], [ 1.09986, 44.9469 ], [ 1.10003, 44.94701 ], [ 1.10028, 44.94721 ], [ 1.10061, 44.94675 ], [ 1.10036, 44.94666 ], [ 1.09994, 44.94658 ] ] ], [ [ [ 1.16946, 44.96013 ], [ 1.17007, 44.9599 ], [ 1.17034, 44.95983 ], [ 1.17087, 44.9598 ], [ 1.1714, 44.9596 ], [ 1.17148, 44.9594 ], [ 1.17151, 44.95929 ], [ 1.17119, 44.95913 ], [ 1.17015, 44.95953 ], [ 1.16952, 44.95975 ], [ 1.16911, 44.95987 ], [ 1.16886, 44.96 ], [ 1.16853, 44.96008 ], [ 1.16807, 44.96015 ], [ 1.1676, 44.96011 ], [ 1.16735, 44.96009 ], [ 1.16707, 44.96005 ], [ 1.16682, 44.96006 ], [ 1.16714, 44.96048 ], [ 1.16807, 44.96047 ], [ 1.1686, 44.96039 ], [ 1.16946, 44.96013 ] ] ], [ [ [ 1.14266, 44.96095 ], [ 1.14211, 44.96076 ], [ 1.14146, 44.96065 ], [ 1.14091, 44.96057 ], [ 1.14043, 44.96048 ], [ 1.14001, 44.96038 ], [ 1.13933, 44.96018 ], [ 1.13878, 44.96 ], [ 1.13823, 44.95988 ], [ 1.13766, 44.95977 ], [ 1.13708, 44.95978 ], [ 1.1363, 44.95981 ], [ 1.13554, 44.9598 ], [ 1.13489, 44.95992 ], [ 1.13526, 44.96003 ], [ 1.13551, 44.96002 ], [ 1.13576, 44.96002 ], [ 1.13619, 44.9602 ], [ 1.13686, 44.96037 ], [ 1.13744, 44.96045 ], [ 1.13812, 44.96044 ], [ 1.13865, 44.96024 ], [ 1.13923, 44.96038 ], [ 1.13965, 44.96056 ], [ 1.14, 44.96076 ], [ 1.14009, 44.96117 ], [ 1.14041, 44.96123 ], [ 1.14067, 44.96112 ], [ 1.14092, 44.96104 ], [ 1.14128, 44.96095 ], [ 1.1419, 44.96105 ], [ 1.14263, 44.96122 ], [ 1.1432, 44.96149 ], [ 1.14389, 44.96209 ], [ 1.14411, 44.96232 ], [ 1.14419, 44.96213 ], [ 1.1437, 44.96167 ], [ 1.14333, 44.96138 ], [ 1.14311, 44.96117 ], [ 1.14266, 44.96095 ] ] ], [ [ [ 1.15402, 44.96496 ], [ 1.15422, 44.96497 ], [ 1.15367, 44.96489 ], [ 1.15331, 44.9649 ], [ 1.15286, 44.96492 ], [ 1.15238, 44.96495 ], [ 1.15193, 44.96494 ], [ 1.15135, 44.9649 ], [ 1.1506, 44.9648 ], [ 1.15012, 44.96471 ], [ 1.1498, 44.96461 ], [ 1.1493, 44.96445 ], [ 1.14808, 44.96392 ], [ 1.1476, 44.96368 ], [ 1.14713, 44.9635 ], [ 1.14673, 44.96331 ], [ 1.14628, 44.96315 ], [ 1.14581, 44.96305 ], [ 1.14644, 44.96406 ], [ 1.14689, 44.96401 ], [ 1.14817, 44.96415 ], [ 1.14905, 44.96448 ], [ 1.14987, 44.96474 ], [ 1.15057, 44.96491 ], [ 1.15115, 44.96506 ], [ 1.15185, 44.96515 ], [ 1.15238, 44.96511 ], [ 1.15271, 44.96506 ], [ 1.15293, 44.96501 ], [ 1.15354, 44.96498 ], [ 1.15402, 44.96496 ] ] ], [ [ [ 1.15941, 44.96548 ], [ 1.15891, 44.96527 ], [ 1.15856, 44.96517 ], [ 1.15796, 44.96506 ], [ 1.15753, 44.96504 ], [ 1.15696, 44.96505 ], [ 1.15627, 44.96515 ], [ 1.15622, 44.96533 ], [ 1.15614, 44.96556 ], [ 1.15642, 44.96556 ], [ 1.157, 44.9655 ], [ 1.15785, 44.96547 ], [ 1.15876, 44.96553 ], [ 1.15918, 44.96564 ], [ 1.15935, 44.96591 ], [ 1.1598, 44.96615 ], [ 1.16055, 44.96655 ], [ 1.16099, 44.96689 ], [ 1.16162, 44.96703 ], [ 1.16184, 44.96714 ], [ 1.16201, 44.9673 ], [ 1.16211, 44.96733 ], [ 1.16219, 44.96721 ], [ 1.16237, 44.96705 ], [ 1.16258, 44.96686 ], [ 1.16213, 44.96676 ], [ 1.16158, 44.96654 ], [ 1.16108, 44.96636 ], [ 1.16051, 44.96605 ], [ 1.15941, 44.96548 ] ] ], [ [ [ 1.18703, 44.98847 ], [ 1.18663, 44.98848 ], [ 1.18597, 44.98844 ], [ 1.18526, 44.98846 ], [ 1.18532, 44.98846 ], [ 1.18542, 44.98846 ], [ 1.18581, 44.98847 ], [ 1.18582, 44.98847 ], [ 1.18617, 44.98851 ], [ 1.18626, 44.98851 ], [ 1.1864, 44.98851 ], [ 1.18641, 44.98851 ], [ 1.18646, 44.98851 ], [ 1.18664, 44.9885 ], [ 1.18679, 44.98849 ], [ 1.187, 44.98849 ], [ 1.18703, 44.98849 ], [ 1.18704, 44.98849 ], [ 1.18712, 44.98849 ], [ 1.18725, 44.98851 ], [ 1.18726, 44.98851 ], [ 1.18748, 44.98853 ], [ 1.18761, 44.98856 ], [ 1.18777, 44.98858 ], [ 1.18778, 44.98858 ], [ 1.18782, 44.98859 ], [ 1.1879, 44.9886 ], [ 1.18806, 44.98862 ], [ 1.18807, 44.98862 ], [ 1.1881, 44.98863 ], [ 1.18812, 44.98863 ], [ 1.18819, 44.98863 ], [ 1.18831, 44.98864 ], [ 1.18833, 44.98864 ], [ 1.18837, 44.98864 ], [ 1.18837, 44.98864 ], [ 1.18838, 44.98863 ], [ 1.18836, 44.98862 ], [ 1.18801, 44.98851 ], [ 1.18703, 44.98847 ] ] ], [ [ [ 1.0939, 44.94566 ], [ 1.0937, 44.94567 ], [ 1.09367, 44.9458 ], [ 1.09369, 44.94588 ], [ 1.09387, 44.94599 ], [ 1.09457, 44.94611 ], [ 1.0949, 44.94613 ], [ 1.09517, 44.94601 ], [ 1.0951, 44.94588 ], [ 1.09495, 44.94579 ], [ 1.09475, 44.94574 ], [ 1.0939, 44.94566 ] ] ], [ [ [ 1.10305, 44.94574 ], [ 1.10255, 44.94564 ], [ 1.10217, 44.94571 ], [ 1.10202, 44.9458 ], [ 1.10196, 44.94589 ], [ 1.10196, 44.94603 ], [ 1.10201, 44.94614 ], [ 1.10229, 44.94603 ], [ 1.10257, 44.9459 ], [ 1.10312, 44.94597 ], [ 1.10347, 44.94612 ], [ 1.10384, 44.94641 ], [ 1.10416, 44.94673 ], [ 1.10456, 44.94677 ], [ 1.10429, 44.94654 ], [ 1.10402, 44.94632 ], [ 1.10362, 44.94605 ], [ 1.10342, 44.94592 ], [ 1.10305, 44.94574 ] ] ], [ [ [ 1.08576, 44.94655 ], [ 1.08451, 44.9466 ], [ 1.08351, 44.9466 ], [ 1.08293, 44.94663 ], [ 1.08216, 44.94684 ], [ 1.08126, 44.94709 ], [ 1.08032, 44.94709 ], [ 1.08033, 44.9473 ], [ 1.0804, 44.94747 ], [ 1.08056, 44.94762 ], [ 1.08268, 44.94813 ], [ 1.08374, 44.94814 ], [ 1.08414, 44.94803 ], [ 1.08458, 44.94783 ], [ 1.08569, 44.94731 ], [ 1.08647, 44.94719 ], [ 1.08745, 44.94724 ], [ 1.08793, 44.94737 ], [ 1.08827, 44.94704 ], [ 1.08878, 44.94655 ], [ 1.08918, 44.9462 ], [ 1.08952, 44.94596 ], [ 1.08977, 44.94582 ], [ 1.09022, 44.94596 ], [ 1.09036, 44.94614 ], [ 1.09038, 44.94624 ], [ 1.09086, 44.94627 ], [ 1.09152, 44.94624 ], [ 1.09145, 44.94609 ], [ 1.09146, 44.94556 ], [ 1.09128, 44.9453 ], [ 1.09091, 44.94526 ], [ 1.0905, 44.94529 ], [ 1.08957, 44.94552 ], [ 1.08887, 44.94572 ], [ 1.08826, 44.94594 ], [ 1.08762, 44.94623 ], [ 1.08702, 44.94645 ], [ 1.0867, 44.94648 ], [ 1.08576, 44.94655 ] ] ] ] } },
{ "type": "Feature", "properties": { "nom": "Cingle de Montfort", "typologie": null }, "geometry": { "type": "MultiPolygon", "coordinates": [ [ [ [ 1.25382, 44.84625 ], [ 1.2562, 44.84773 ], [ 1.25891, 44.8448 ], [ 1.25975, 44.8442 ], [ 1.2607, 44.84434 ], [ 1.2617, 44.84602 ], [ 1.26277, 44.84596 ], [ 1.2633, 44.84491 ], [ 1.26346, 44.84409 ], [ 1.26437, 44.84398 ], [ 1.26577, 44.84524 ], [ 1.26667, 44.84537 ], [ 1.26758, 44.84512 ], [ 1.2695, 44.84672 ], [ 1.27256, 44.84554 ], [ 1.2725, 44.84493 ], [ 1.2723, 44.84454 ], [ 1.27174, 44.84396 ], [ 1.27135, 44.84328 ], [ 1.27111, 44.84281 ], [ 1.27077, 44.84229 ], [ 1.27086, 44.84033 ], [ 1.27046, 44.84034 ], [ 1.27023, 44.84045 ], [ 1.2699, 44.84073 ], [ 1.26938, 44.84139 ], [ 1.26867, 44.84211 ], [ 1.26765, 44.84262 ], [ 1.26689, 44.84293 ], [ 1.26634, 44.84323 ], [ 1.26528, 44.84356 ], [ 1.26473, 44.84357 ], [ 1.2641, 44.84373 ], [ 1.26347, 44.84379 ], [ 1.26294, 44.84377 ], [ 1.26246, 44.84385 ], [ 1.26156, 44.84386 ], [ 1.26084, 44.84377 ], [ 1.26021, 44.84376 ], [ 1.25991, 44.84361 ], [ 1.25946, 44.84349 ], [ 1.25914, 44.84352 ], [ 1.25889, 44.8433 ], [ 1.25841, 44.8434 ], [ 1.25775, 44.84379 ], [ 1.25697, 44.84419 ], [ 1.25501, 44.84444 ], [ 1.25495, 44.84478 ], [ 1.25454, 44.84506 ], [ 1.25409, 44.84505 ], [ 1.25344, 44.84514 ], [ 1.25331, 44.84542 ], [ 1.25292, 44.84574 ], [ 1.25274, 44.84631 ], [ 1.25382, 44.84625 ] ] ], [ [ [ 1.24887, 44.83761 ], [ 1.24891, 44.83843 ], [ 1.24939, 44.83972 ], [ 1.24982, 44.84116 ], [ 1.25003, 44.84147 ], [ 1.24957, 44.84189 ], [ 1.25, 44.84275 ], [ 1.25014, 44.8433 ], [ 1.25053, 44.84359 ], [ 1.25105, 44.84395 ], [ 1.25143, 44.84412 ], [ 1.25228, 44.84425 ], [ 1.2529, 44.84424 ], [ 1.25232, 44.84393 ], [ 1.25166, 44.84357 ], [ 1.25127, 44.84329 ], [ 1.25096, 44.84274 ], [ 1.25064, 44.8421 ], [ 1.25041, 44.84135 ], [ 1.25013, 44.84038 ], [ 1.24996, 44.83962 ], [ 1.24981, 44.83883 ], [ 1.24964, 44.8386 ], [ 1.24968, 44.83789 ], [ 1.24977, 44.83753 ], [ 1.2499, 44.83718 ], [ 1.24998, 44.83639 ], [ 1.24979, 44.83555 ], [ 1.2502, 44.83462 ], [ 1.25059, 44.83407 ], [ 1.25076, 44.8337 ], [ 1.25123, 44.83314 ], [ 1.25179, 44.8326 ], [ 1.25256, 44.83177 ], [ 1.25309, 44.83112 ], [ 1.25312, 44.83081 ], [ 1.25307, 44.83024 ], [ 1.25306, 44.82974 ], [ 1.25292, 44.82926 ], [ 1.25274, 44.8288 ], [ 1.25243, 44.82744 ], [ 1.2522, 44.82732 ], [ 1.25158, 44.827 ], [ 1.25124, 44.8268 ], [ 1.25059, 44.82645 ], [ 1.24915, 44.82599 ], [ 1.24886, 44.82647 ], [ 1.24888, 44.82672 ], [ 1.24908, 44.82683 ], [ 1.24963, 44.82691 ], [ 1.2498, 44.82719 ], [ 1.24992, 44.82734 ], [ 1.24971, 44.82778 ], [ 1.25004, 44.82789 ], [ 1.25019, 44.82763 ], [ 1.25072, 44.82765 ], [ 1.25092, 44.82744 ], [ 1.2511, 44.82762 ], [ 1.25165, 44.8276 ], [ 1.25195, 44.82773 ], [ 1.25213, 44.82811 ], [ 1.25208, 44.82839 ], [ 1.25228, 44.82875 ], [ 1.25239, 44.82961 ], [ 1.25254, 44.83057 ], [ 1.25274, 44.83095 ], [ 1.25257, 44.83119 ], [ 1.25203, 44.83174 ], [ 1.25152, 44.83228 ], [ 1.2512, 44.83262 ], [ 1.25103, 44.8329 ], [ 1.25073, 44.83333 ], [ 1.25041, 44.83382 ], [ 1.25001, 44.83457 ], [ 1.24977, 44.83514 ], [ 1.24962, 44.83554 ], [ 1.24965, 44.83628 ], [ 1.24951, 44.83659 ], [ 1.24887, 44.83761 ] ] ] ] } }
]
}
